Unnamed: 0,Age,Attrition,BusinessTravel,DailyRate,Department,DistanceFromHome,Education,EducationField,EmployeeCount,EnvironmentSatisfaction,Gender,HourlyRate,JobInvolvement,JobLevel,JobRole,JobSatisfaction,MaritalStatus,MonthlyIncome,MonthlyRate,NumCompaniesWorked,Over18,OverTime,PercentSalaryHike,PerformanceRating,RelationshipSatisfaction,StandardHours,StockOptionLevel,TotalWorkingYears,TrainingTimesLastYear,WorkLifeBalance,YearsAtCompany,YearsInCurrentRole,YearsSinceLastPromotion,YearsWithCurrManager
0,26,No,Travel_Frequently,1399,Research & Development,6,3,Medical,1,3,Male,75,2,1,Research Scientist,3,Divorced,2933,21974,1,Y,Yes,18,3,4,80,1,0,2,2,1,1,0,1
1,40,No,Travel_Rarely,959,Research & Development,4,3,Life Sciences,1,3,Male,83,1,5,Research Director,4,Married,16988,18500,3,Y,No,13,3,2,80,1,25,2,3,8,10,0,9
2,41,No,Travel_Rarely,847,Research & Development,9,4,Life Sciences,1,3,Male,87,3,1,Sales Representative,1,Married,2217,5193,7,Y,No,20,4,4,80,1,8,2,3,5,0,1,2
3,48,No,Travel_Rarely,1042,Research & Development,23,3,Life Sciences,1,2,Male,84,3,2,Manufacturing Director,2,Married,3938,11347,1,Y,No,13,3,4,80,1,10,3,2,9,8,3,9
4,38,No,Travel_Frequently,260,Research & Development,26,1,Life Sciences,1,4,Male,36,2,2,Research Scientist,3,Single,3745,18138,1,Y,No,11,3,4,80,0,23,2,3,19,9,9,11
5,39,No,Travel_Rarely,558,Human Resources,2,3,Other,1,3,Male,37,4,1,Human Resources,3,Married,1772,4831,1,Y,No,13,3,4,80,1,2,2,4,8,9,13,1
6,32,No,Travel_Rarely,1051,Research & Development,11,3,Medical,1,3,Female,87,3,1,Human Resources,1,Married,4194,18451,5,Y,No,22,4,2,80,1,16,3,3,8,4,0,2
7,53,No,Non-Travel,800,Sales,7,3,Life Sciences,1,3,Female,89,4,4,Sales Executive,1,Married,19419,19711,6,Y,No,12,3,4,80,2,37,6,2,8,9,4,8
8,42,Yes,Travel_Rarely,1261,Research & Development,24,1,Medical,1,2,Male,70,3,2,Healthcare Representative,1,Married,7269,9101,2,Y,Yes,19,3,2,80,0,17,2,3,4,0,0,1
9,37,No,Travel_Frequently,983,Sales,23,5,Life Sciences,1,2,Male,74,3,3,Sales Executive,1,Married,12239,9448,1,Y,No,22,4,4,80,1,10,3,2,9,6,1,5
10,49,No,Travel_Frequently,1128,Human Resources,6,3,Medical,1,1,Male,85,3,5,Manager,2,Married,15739,3031,1,Y,No,11,3,3,80,1,25,2,3,24,4,14,6
11,38,No,Non-Travel,1269,Research & Development,9,5,Technical Degree,1,2,Male,92,3,1,Human Resources,3,Married,1948,8957,4,Y,No,17,3,4,80,1,8,1,3,4,1,2,0
12,56,No,Travel_Rarely,1352,Research & Development,11,4,Life Sciences,1,4,Female,83,3,2,Laboratory Technician,3,Married,1403,22001,8,Y,No,20,4,2,80,1,10,3,3,5,2,2,2
13,33,No,Travel_Rarely,913,Research & Development,1,3,Life Sciences,1,3,Male,40,2,3,Manufacturing Director,2,Divorced,10159,16024,5,Y,No,19,3,2,80,1,15,2,1,5,7,4,2
14,48,No,Travel_Rarely,605,Research & Development,6,2,Medical,1,4,Female,37,3,2,Manufacturing Director,3,Single,4179,21147,5,Y,No,13,3,2,80,0,3,5,3,2,1,1,0
15,39,No,Non-Travel,104,Research & Development,1,4,Life Sciences,1,1,Female,74,4,2,Manufacturing Director,1,Single,5497,25839,2,Y,Yes,11,3,4,80,0,16,2,3,14,9,4,12
16,34,No,Travel_Rarely,519,Sales,16,3,Human Resources,1,4,Female,82,2,2,Sales Executive,3,Married,7011,9708,1,Y,No,24,4,4,80,3,4,2,3,6,10,1,5
17,19,No,Travel_Rarely,883,Research & Development,2,3,Life Sciences,1,1,Female,82,3,1,Research Scientist,4,Divorced,3670,6127,1,Y,No,19,3,1,80,2,2,4,3,1,1,1,3
18,41,Yes,Travel_Rarely,1498,Sales,3,3,Technical Degree,1,1,Female,97,1,2,Sales Executive,3,Single,5433,13186,6,Y,No,14,3,2,80,0,8,2,2,0,4,1,4
19,45,No,Travel_Rarely,225,Research & Development,29,5,Life Sciences,1,3,Female,62,2,3,Healthcare Representative,3,Married,10817,26934,0,Y,No,19,3,1,80,1,38,5,2,18,8,1,8
20,41,No,Travel_Frequently,1458,Sales,1,4,Life Sciences,1,1,Male,91,3,2,Sales Executive,4,Married,6602,19383,1,Y,No,25,4,3,80,1,8,1,3,5,8,3,7
21,39,No,Travel_Rarely,670,Research & Development,2,4,Other,1,4,Female,77,2,2,Healthcare Representative,3,Single,4092,24105,1,Y,No,11,3,1,80,0,32,6,3,18,8,3,10
22,24,No,Travel_Rarely,572,Research & Development,6,1,Medical,1,3,Male,92,3,1,Research Scientist,4,Single,2857,23766,1,Y,No,18,3,3,80,0,7,2,3,4,1,2,2
23,37,No,Travel_Rarely,653,Research & Development,10,4,Life Sciences,1,3,Female,80,3,2,Manufacturing Director,3,Married,3604,10480,7,Y,Yes,11,3,2,80,2,1,2,3,0,1,1,0
24,41,No,Travel_Rarely,819,Sales,1,1,Life Sciences,1,2,Female,44,3,2,Sales Executive,1,Divorced,7042,14192,3,Y,No,16,3,4,80,1,10,3,3,8,9,1,9
25,37,No,Travel_Rarely,882,Research & Development,8,4,Medical,1,4,Male,72,3,2,Research Scientist,1,Married,4183,9098,8,Y,Yes,21,4,3,80,1,17,2,3,8,5,0,2
26,32,No,Travel_Rarely,480,Research & Development,10,4,Medical,1,1,Female,52,3,2,Healthcare Representative,3,Single,6259,3062,3,Y,Yes,18,3,3,80,0,10,6,3,6,2,0,4
27,21,No,Travel_Rarely,376,Research & Development,21,3,Other,1,4,Male,47,3,2,Manufacturing Director,4,Divorced,3831,25078,4,Y,No,11,3,2,80,2,3,2,1,3,1,1,2
28,24,Yes,Travel_Rarely,225,Sales,11,3,Life Sciences,1,3,Female,96,1,1,Laboratory Technician,2,Single,2247,22198,1,Y,No,15,3,4,80,0,7,5,3,2,0,0,0
29,59,No,Travel_Rarely,1063,Research & Development,29,4,Life Sciences,1,1,Male,86,3,1,Research Scientist,3,Divorced,3141,23422,1,Y,No,12,3,4,80,3,1,3,3,2,1,1,3
30,29,Yes,Travel_Rarely,411,Sales,8,5,Life Sciences,1,1,Female,65,3,2,Sales Executive,3,Single,4938,23237,6,Y,No,13,3,1,80,0,3,3,3,0,2,2,1
31,23,Yes,Travel_Rarely,137,Sales,5,3,Other,1,3,Male,51,2,2,Sales Executive,3,Single,5756,21122,1,Y,Yes,11,3,4,80,0,2,1,3,7,4,0,4
32,32,No,Travel_Rarely,925,Research & Development,2,3,Medical,1,4,Male,56,2,1,Sales Representative,1,Single,2826,24461,1,Y,No,17,3,2,80,0,3,3,3,0,0,1,4
33,41,No,Non-Travel,1081,Research & Development,29,3,Life Sciences,1,3,Female,95,3,3,Manufacturing Director,1,Married,11808,8683,9,Y,No,11,3,3,80,1,12,6,3,5,8,0,1
34,34,No,Travel_Rarely,1365,Research & Development,4,3,Medical,1,4,Female,52,2,3,Healthcare Representative,2,Single,9929,15746,1,Y,No,13,3,2,80,0,10,3,1,8,8,4,5
35,37,No,Travel_Rarely,668,Research & Development,8,2,Medical,1,3,Female,83,4,2,Research Scientist,3,Married,4517,26287,6,Y,No,11,3,3,80,1,10,3,2,5,3,2,4
36,46,No,Travel_Frequently,614,Research & Development,24,3,Medical,1,2,Male,65,3,2,Laboratory Technician,2,Married,2259,24667,4,Y,No,12,3,3,80,1,14,3,1,2,1,2,2
37,21,No,Travel_Rarely,1376,Research & Development,12,5,Human Resources,1,4,Male,39,2,2,Laboratory Technician,2,Married,4704,24954,4,Y,Yes,14,3,1,80,1,11,2,3,4,4,0,2
38,37,No,Travel_Rarely,207,Research & Development,4,3,Life Sciences,1,2,Female,63,4,1,Sales Representative,4,Married,1187,21564,3,Y,No,11,3,2,80,0,2,3,3,4,0,0,0
39,34,No,Travel_Rarely,1296,Research & Development,26,3,Human Resources,1,3,Female,93,1,1,Research Scientist,3,Married,1859,22048,0,Y,No,16,3,4,80,0,6,5,2,1,0,0,1
40,21,No,Non-Travel,508,Research & Development,2,3,Life Sciences,1,4,Male,72,4,2,Healthcare Representative,3,Single,6797,21755,6,Y,Yes,11,3,4,80,0,10,6,1,0,2,0,2
41,24,Yes,Travel_Rarely,912,Research & Development,7,3,Technical Degree,1,4,Female,99,3,1,Research Scientist,1,Single,2372,12094,6,Y,Yes,12,3,3,80,0,6,5,3,6,2,0,2
42,48,No,Travel_Rarely,1011,Research & Development,16,3,Life Sciences,1,1,Female,79,2,3,Manufacturing Director,3,Married,10263,26040,1,Y,No,14,3,4,80,2,15,2,3,20,16,4,13
43,38,No,Non-Travel,196,Research & Development,14,3,Medical,1,1,Male,53,1,1,Sales Representative,3,Single,4393,6572,9,Y,No,14,3,3,80,0,9,6,3,7,1,1,3
44,32,No,Travel_Frequently,769,Sales,7,5,Life Sciences,1,2,Female,86,2,1,Laboratory Technician,4,Single,1824,19784,0,Y,No,15,3,4,80,0,5,2,2,1,1,2,2
45,51,No,Travel_Frequently,1493,Research & Development,2,4,Medical,1,1,Female,44,2,3,Healthcare Representative,1,Single,10935,20836,3,Y,No,25,4,3,80,0,35,4,2,11,15,3,10
46,21,Yes,Travel_Rarely,351,Research & Development,7,5,Life Sciences,1,4,Male,70,3,1,Research Scientist,2,Single,2028,20053,1,Y,Yes,20,4,1,80,0,1,2,3,2,0,0,0
47,22,No,Travel_Frequently,269,Research & Development,28,1,Technical Degree,1,4,Female,34,3,2,Manufacturing Director,4,Single,6607,7429,2,Y,No,21,4,4,80,0,10,3,2,6,4,2,3
48,34,No,Non-Travel,987,Research & Development,3,4,Human Resources,1,2,Male,68,3,1,Research Scientist,2,Single,1804,16333,2,Y,No,13,3,2,80,0,12,3,3,7,8,0,7
49,52,No,Travel_Frequently,1220,Human Resources,5,3,Medical,1,1,Male,89,3,5,Manager,2,Married,18935,7667,1,Y,No,11,3,3,80,1,40,2,3,32,4,3,9
50,27,No,Travel_Rarely,1067,Research & Development,3,3,Life Sciences,1,1,Male,87,2,1,Sales Representative,3,Single,2088,9779,1,Y,No,11,3,1,80,0,5,2,2,1,1,2,3
51,33,No,Travel_Rarely,835,Human Resources,4,1,Other,1,3,Male,86,3,1,Sales Representative,4,Married,3805,7731,0,Y,No,16,3,3,80,1,4,4,4,1,2,0,2
52,60,No,Travel_Rarely,1498,Research & Development,12,3,Life Sciences,1,3,Female,51,3,5,Manager,2,Single,18921,19146,3,Y,No,19,3,2,80,0,27,5,3,6,5,13,4
53,20,No,Travel_Rarely,1055,Research & Development,2,3,Medical,1,3,Female,52,2,2,Manufacturing Director,4,Single,5944,24260,8,Y,Yes,20,4,2,80,0,13,5,2,1,0,0,0
54,38,No,Travel_Rarely,1285,Research & Development,18,1,Life Sciences,1,3,Male,61,2,4,Research Director,3,Married,14724,7899,1,Y,No,22,4,1,80,1,17,3,3,11,8,10,6
55,40,Yes,Travel_Rarely,904,Sales,4,3,Other,1,4,Male,56,3,2,Human Resources,4,Married,1667,7807,3,Y,No,13,3,3,80,1,23,4,4,1,0,0,1
56,38,No,Travel_Rarely,172,Research & Development,4,5,Life Sciences,1,2,Female,82,3,2,Manufacturing Director,1,Married,6982,4899,8,Y,Yes,16,3,2,80,1,12,3,3,0,0,0,1
57,45,No,Travel_Rarely,1216,Research & Development,12,4,Life Sciences,1,4,Female,51,4,1,Laboratory Technician,3,Married,2871,22616,3,Y,Yes,13,3,3,80,1,10,3,3,7,8,2,6
58,35,No,Travel_Rarely,1359,Research & Development,1,4,Life Sciences,1,4,Male,65,2,1,Research Scientist,3,Divorced,1090,8563,3,Y,No,11,3,3,80,1,15,3,3,6,4,6,5
59,18,No,Travel_Rarely,1120,Research & Development,15,4,Life Sciences,1,3,Female,92,3,1,Research Scientist,4,Divorced,1217,21118,4,Y,No,20,4,1,80,1,11,4,3,5,3,2,6
60,45,No,Travel_Rarely,242,Research & Development,1,5,Other,1,3,Female,50,3,4,Manager,4,Married,13373,9406,1,Y,Yes,12,3,3,80,1,19,3,2,31,14,15,1
61,58,No,Travel_Rarely,911,Research & Development,23,2,Life Sciences,1,4,Female,33,2,3,Research Director,1,Divorced,12826,20678,8,Y,No,17,3,3,80,2,24,3,3,12,16,1,11
62,28,Yes,Non-Travel,248,Research & Development,5,1,Medical,1,3,Male,77,3,1,Sales Representative,3,Single,1557,9083,1,Y,No,12,3,4,80,0,2,6,3,3,0,0,1
63,55,No,Travel_Rarely,1286,Sales,14,4,Other,1,1,Female,55,3,4,Manager,3,Married,17477,4379,5,Y,No,14,3,3,80,1,24,2,2,19,10,8,17
64,36,No,Travel_Rarely,1167,Research & Development,1,4,Life Sciences,1,1,Male,42,2,2,Manufacturing Director,3,Divorced,5790,6458,1,Y,No,19,3,3,80,1,1,2,1,5,5,0,8
65,33,No,Non-Travel,1482,Research & Development,7,3,Life Sciences,1,3,Male,38,3,2,Healthcare Representative,4,Divorced,10817,4355,3,Y,No,24,4,3,80,1,17,2,1,15,17,14,6
66,42,No,Non-Travel,1306,Sales,1,4,Life Sciences,1,1,Male,92,3,2,Sales Executive,4,Married,5434,16118,1,Y,No,23,4,3,80,1,7,6,3,6,7,14,9
67,41,No,Travel_Rarely,1433,Research & Development,2,3,Marketing,1,4,Female,69,3,3,Research Director,1,Married,17116,18380,1,Y,No,13,3,2,80,1,13,3,3,11,14,14,5
68,34,Yes,Travel_Frequently,753,Sales,13,4,Marketing,1,4,Male,52,3,2,Sales Executive,4,Single,4327,9959,3,Y,Yes,21,4,1,80,0,13,2,4,10,8,9,9
69,59,No,Travel_Rarely,787,Sales,2,4,Medical,1,4,Female,58,3,5,Manager,4,Divorced,19535,25377,3,Y,No,12,3,3,80,1,33,3,2,8,0,0,5
70,30,No,Travel_Rarely,317,Research & Development,29,1,Technical Degree,1,3,Male,59,2,1,Sales Representative,1,Divorced,1933,8567,0,Y,No,13,3,2,80,3,5,3,3,4,2,0,1
71,37,No,Travel_Rarely,1076,Sales,12,4,Marketing,1,2,Female,65,2,2,Sales Executive,3,Married,6649,6122,1,Y,Yes,14,3,1,80,1,11,6,3,11,7,1,9
72,35,No,Travel_Rarely,543,Research & Development,5,4,Medical,1,3,Female,90,3,2,Manufacturing Director,1,Married,7181,10967,1,Y,No,12,3,3,80,1,8,2,4,5,7,9,3
73,20,Yes,Non-Travel,368,Research & Development,2,3,Life Sciences,1,1,Male,62,3,1,Research Scientist,1,Married,3174,18354,2,Y,Yes,13,3,2,80,1,5,2,3,0,1,2,3
74,47,No,Travel_Rarely,826,Research & Development,3,3,Life Sciences,1,3,Female,96,2,3,Manufacturing Director,2,Divorced,12215,15569,7,Y,Yes,12,3,3,80,1,28,4,3,29,15,3,7
75,52,No,Travel_Frequently,1023,Sales,1,4,Life Sciences,1,1,Male,80,2,5,Manager,3,Single,18222,26403,1,Y,Yes,17,3,4,80,0,39,2,4,36,6,10,16
76,28,Yes,Travel_Frequently,444,Sales,12,4,Life Sciences,1,2,Male,71,2,1,Human Resources,1,Married,3219,16157,1,Y,No,18,3,3,80,1,4,2,4,3,0,0,1
77,22,No,Non-Travel,1346,Sales,3,5,Medical,1,4,Female,74,1,2,Sales Executive,4,Divorced,3509,15777,1,Y,Yes,25,4,2,80,2,8,3,3,6,5,0,4
78,18,No,Travel_Frequently,1120,Research & Development,2,3,Life Sciences,1,4,Male,51,4,2,Research Scientist,1,Married,3685,5970,1,Y,No,22,4,2,80,0,10,5,3,12,7,14,9
79,48,No,Travel_Rarely,422,Research & Development,19,3,Life Sciences,1,3,Female,93,3,3,Manufacturing Director,4,Single,8251,21433,5,Y,Yes,16,3,4,80,0,18,2,2,4,1,10,2
80,30,Yes,Travel_Rarely,283,Human Resources,19,2,Technical Degree,1,4,Male,55,1,1,Human Resources,3,Married,1744,9548,1,Y,No,11,3,3,80,1,6,2,3,0,0,0,1
81,42,Yes,Travel_Frequently,1222,Sales,3,3,Life Sciences,1,3,Male,86,4,4,Sales Executive,3,Married,13318,20541,2,Y,No,12,3,3,80,0,30,3,4,25,5,3,7
82,51,Yes,Travel_Rarely,429,Research & Development,5,4,Medical,1,3,Female,35,2,3,Manufacturing Director,1,Married,8072,12258,7,Y,Yes,13,3,4,80,0,24,1,2,9,9,4,6
83,37,No,Travel_Rarely,872,Human Resources,12,3,Other,1,3,Male,49,3,1,Laboratory Technician,2,Married,1818,24497,4,Y,No,14,3,2,80,1,4,2,3,5,1,0,4
84,30,No,Travel_Frequently,409,Sales,25,5,Other,1,4,Female,97,3,2,Sales Executive,3,Married,4260,3751,6,Y,Yes,12,3,2,80,1,5,2,1,3,2,1,4
85,32,No,Travel_Rarely,636,Research & Development,8,4,Medical,1,1,Male,38,3,1,Research Scientist,4,Single,3030,20936,1,Y,No,13,3,3,80,0,5,6,4,0,0,0,1
86,29,No,Travel_Rarely,399,Research & Development,2,3,Life Sciences,1,3,Female,41,1,2,Manufacturing Director,4,Single,6941,22615,5,Y,No,20,4,3,80,0,9,2,3,6,4,0,3
87,54,Yes,Non-Travel,812,Sales,2,4,Life Sciences,1,2,Male,89,3,2,Sales Executive,3,Divorced,5370,18310,7,Y,No,11,3,4,80,3,12,3,3,7,5,0,0
88,38,No,Non-Travel,343,Research & Development,7,1,Medical,1,4,Male,56,2,3,Research Director,2,Divorced,13340,25036,9,Y,No,12,3,3,80,1,12,4,3,13,9,13,9
89,36,No,Travel_Rarely,135,Research & Development,2,3,Life Sciences,1,4,Female,95,3,1,Research Scientist,3,Married,1602,8790,4,Y,No,14,3,2,80,1,4,3,3,0,2,1,3
90,27,Yes,Travel_Rarely,656,Sales,27,3,Life Sciences,1,2,Female,70,4,2,Sales Executive,3,Married,4497,22485,3,Y,Yes,11,3,3,80,1,7,2,3,4,2,2,2
91,23,No,Non-Travel,1407,Research & Development,3,2,Life Sciences,1,1,Male,49,2,1,Human Resources,4,Married,1385,8397,0,Y,No,17,3,4,80,0,4,2,2,8,2,5,2
92,33,No,Travel_Rarely,311,Research & Development,1,3,Human Resources,1,3,Female,73,4,3,Manufacturing Director,1,Divorced,9232,3638,6,Y,Yes,24,4,3,80,1,16,2,3,8,9,14,10
93,23,No,Non-Travel,1431,Sales,8,5,Medical,1,4,Female,74,4,2,Sales Executive,4,Divorced,3736,16468,1,Y,Yes,20,4,2,80,3,5,3,3,5,4,0,4
94,57,No,Travel_Rarely,134,Research & Development,4,4,Technical Degree,1,3,Female,58,3,1,Laboratory Technician,1,Married,2217,18016,7,Y,No,13,3,3,80,0,14,2,4,5,3,0,2
95,48,No,Travel_Frequently,367,Research & Development,7,5,Medical,1,4,Male,60,2,3,Research Director,2,Divorced,16984,24549,9,Y,No,12,3,3,80,1,15,0,3,9,10,10,6
96,39,No,Non-Travel,192,Sales,10,3,Other,1,3,Female,100,3,2,Sales Executive,4,Single,5414,22366,1,Y,Yes,13,3,2,80,0,3,5,3,5,4,2,3
97,45,No,Non-Travel,1466,Research & Development,8,3,Medical,1,4,Female,56,2,2,Research Scientist,2,Divorced,2541,15358,1,Y,Yes,15,3,3,80,1,26,3,3,16,11,0,10
98,25,No,Travel_Rarely,1096,Human Resources,4,3,Marketing,1,3,Male,52,3,2,Laboratory Technician,4,Married,7090,15621,0,Y,Yes,18,3,4,80,0,16,2,4,9,10,3,11
99,27,No,Travel_Rarely,1170,Sales,12,5,Medical,1,3,Female,100,3,2,Sales Executive,4,Divorced,6014,25362,8,Y,Yes,12,3,4,80,1,6,2,3,8,2,2,4
100,25,No,Travel_Rarely,532,Research & Development,6,4,Human Resources,1,3,Male,81,3,1,Research Scientist,4,Married,3492,11220,0,Y,Yes,12,3,3,80,1,8,0,3,8,2,0,3
101,33,No,Non-Travel,440,Research & Development,1,4,Medical,1,1,Female,72,3,3,Research Director,4,Divorced,15523,10830,8,Y,Yes,17,3,1,80,3,17,2,3,6,2,0,4
102,45,No,Travel_Rarely,428,Research & Development,12,3,Life Sciences,1,1,Male,53,3,3,Healthcare Representative,3,Married,11827,17170,1,Y,No,19,3,2,80,1,11,1,3,14,7,0,10
103,33,No,Travel_Rarely,850,Research & Development,13,3,Medical,1,3,Female,96,3,1,Sales Representative,1,Married,5145,15465,9,Y,No,21,4,2,80,1,17,3,3,5,4,0,3
104,36,No,Travel_Rarely,145,Sales,2,4,Technical Degree,1,2,Male,80,4,2,Sales Executive,4,Divorced,11007,8458,0,Y,No,11,3,4,80,1,16,2,2,15,1,0,9
105,44,No,Non-Travel,317,Research & Development,26,2,Life Sciences,1,4,Male,38,3,2,Sales Representative,1,Married,4181,14730,1,Y,Yes,15,3,3,80,1,9,2,3,15,6,0,10
106,36,No,Travel_Rarely,247,Sales,1,3,Technical Degree,1,4,Male,62,3,2,Sales Executive,4,Single,5553,15505,1,Y,No,23,4,3,80,0,8,6,3,8,5,2,3
107,33,No,Travel_Rarely,329,Research & Development,15,3,Medical,1,2,Male,69,4,1,Sales Representative,2,Married,2809,19329,1,Y,No,16,3,4,80,3,15,0,3,13,14,1,12
108,35,No,Travel_Frequently,620,Research & Development,1,3,Medical,1,2,Male,73,3,1,Research Scientist,1,Married,3373,2799,4,Y,No,14,3,4,80,1,1,2,2,4,2,1,2
109,53,No,Travel_Frequently,116,Sales,1,3,Other,1,3,Female,42,2,3,Sales Executive,2,Married,10377,24848,6,Y,No,12,3,1,80,1,32,2,3,13,7,4,16
110,32,No,Travel_Rarely,758,Human Resources,11,3,Other,1,3,Male,34,3,1,Laboratory Technician,2,Married,2615,23122,4,Y,No,14,3,2,80,1,3,2,3,6,2,0,2
111,24,No,Non-Travel,749,Sales,8,3,Life Sciences,1,4,Male,32,3,3,Sales Executive,3,Single,9338,3713,1,Y,No,19,3,4,80,0,11,5,3,12,6,1,5
112,53,No,Travel_Frequently,516,Sales,2,3,Marketing,1,2,Male,36,3,3,Sales Executive,2,Married,8708,15172,8,Y,No,11,3,2,80,0,17,4,3,1,2,14,3
113,40,No,Travel_Frequently,1013,Research & Development,3,1,Medical,1,4,Male,73,3,2,Sales Representative,3,Divorced,7270,14541,3,Y,Yes,13,3,2,80,1,11,3,3,6,8,14,11
114,30,No,Travel_Rarely,1457,Sales,27,4,Technical Degree,1,3,Male,39,3,3,Sales Executive,2,Married,12173,16015,3,Y,No,11,3,2,80,1,11,3,3,1,1,2,3
115,30,No,Travel_Rarely,713,Research & Development,5,3,Life Sciences,1,4,Male,65,3,1,Sales Representative,1,Single,3209,18248,3,Y,No,14,3,2,80,0,11,2,3,4,1,2,2
116,26,No,Travel_Rarely,1050,Research & Development,7,3,Medical,1,4,Female,95,3,1,Research Scientist,2,Single,3152,9320,1,Y,No,19,3,4,80,0,8,2,2,5,7,0,3
117,34,No,Travel_Rarely,1098,Research & Development,12,2,Life Sciences,1,4,Male,78,1,1,Research Scientist,4,Single,4246,16362,3,Y,No,19,3,1,80,0,1,2,3,1,0,0,0
118,28,No,Travel_Rarely,1012,Research & Development,1,2,Life Sciences,1,2,Male,45,2,2,Healthcare Representative,3,Single,4468,19559,1,Y,No,12,3,2,80,0,8,2,2,4,3,2,4
119,29,No,Travel_Rarely,1430,Research & Development,10,1,Medical,1,3,Male,78,3,2,Healthcare Representative,1,Married,6825,16533,1,Y,Yes,11,3,4,80,0,1,2,2,5,4,0,1
120,32,No,Travel_Rarely,885,Research & Development,6,1,Medical,1,2,Male,46,2,2,Manufacturing Director,2,Divorced,10475,16809,6,Y,Yes,12,3,3,80,1,18,2,3,4,2,0,2
121,40,No,Travel_Rarely,343,Human Resources,1,3,Life Sciences,1,2,Male,81,3,1,Laboratory Technician,4,Single,3935,4495,0,Y,No,13,3,2,80,0,10,5,3,12,8,1,6
122,48,No,Travel_Rarely,1059,Research & Development,8,4,Life Sciences,1,4,Female,75,2,2,Research Scientist,1,Divorced,4331,25991,8,Y,Yes,25,4,1,80,3,39,2,3,20,16,2,7
123,35,No,Travel_Rarely,286,Research & Development,15,2,Medical,1,3,Female,48,2,2,Healthcare Representative,4,Divorced,6407,15964,8,Y,No,14,3,3,80,2,11,2,3,7,1,2,2
124,56,No,Non-Travel,283,Human Resources,23,3,Other,1,4,Female,50,1,4,Manager,4,Single,14494,18141,9,Y,Yes,11,3,3,80,0,36,3,3,8,3,5,2
125,54,No,Travel_Rarely,225,Research & Development,26,4,Other,1,1,Female,78,3,4,Research Director,2,Married,15081,2943,3,Y,No,19,3,2,80,2,23,2,3,1,1,1,2
126,34,No,Non-Travel,734,Sales,12,4,Medical,1,2,Male,38,3,3,Sales Executive,4,Single,8991,16823,1,Y,No,14,3,4,80,0,10,3,2,14,3,13,10
127,30,No,Travel_Rarely,181,Research & Development,12,2,Medical,1,3,Female,91,3,1,Research Scientist,4,Married,3494,3910,8,Y,Yes,20,4,3,80,1,6,5,3,3,1,0,2
128,43,Yes,Travel_Rarely,1397,Research & Development,7,3,Life Sciences,1,1,Male,70,3,1,Laboratory Technician,1,Single,3283,5222,3,Y,Yes,13,3,2,80,0,9,3,4,4,2,0,3
129,55,No,Travel_Rarely,1041,Sales,6,3,Marketing,1,1,Male,79,3,4,Sales Executive,4,Married,8999,23118,9,Y,No,13,3,3,80,1,31,3,3,4,0,1,3
130,48,No,Travel_Rarely,257,Sales,1,1,Marketing,1,4,Male,43,3,3,Sales Executive,2,Single,11241,26568,8,Y,No,16,3,3,80,0,9,2,3,2,0,0,0
131,36,No,Non-Travel,496,Sales,4,1,Medical,1,4,Male,39,1,2,Sales Executive,4,Divorced,3901,20935,0,Y,No,17,3,4,80,3,11,2,4,5,8,0,5
132,34,No,Travel_Rarely,802,Research & Development,2,4,Medical,1,4,Male,57,2,1,Laboratory Technician,3,Married,1839,17196,8,Y,No,12,3,2,80,1,11,2,3,6,0,2,6
133,20,Yes,Travel_Frequently,417,Sales,2,1,Human Resources,1,3,Female,89,1,1,Sales Representative,1,Single,1925,19950,0,Y,No,23,4,1,80,0,3,5,1,4,0,0,0
134,54,No,Non-Travel,1018,Research & Development,11,4,Medical,1,2,Female,83,3,4,Manager,4,Divorced,14238,21032,3,Y,No,24,4,1,80,1,23,2,3,13,7,2,17
135,37,No,Travel_Rarely,216,Research & Development,2,4,Medical,1,3,Female,85,2,1,Research Scientist,1,Single,5208,3340,1,Y,No,12,3,3,80,0,5,3,3,8,4,2,2
136,40,No,Travel_Rarely,646,Sales,1,4,Human Resources,1,2,Female,80,4,2,Sales Representative,4,Married,5795,4831,7,Y,Yes,23,4,1,80,2,32,1,2,1,1,0,4
137,39,No,Travel_Rarely,1370,Research & Development,3,3,Medical,1,1,Female,94,3,1,Research Scientist,3,Married,3556,20798,4,Y,Yes,17,3,3,80,1,8,2,2,3,1,0,2
138,37,No,Travel_Rarely,401,Research & Development,6,2,Technical Degree,1,3,Male,74,3,1,Laboratory Technician,4,Divorced,1027,9091,1,Y,No,11,3,3,80,1,4,3,3,0,0,0,0
139,44,No,Travel_Rarely,232,Sales,2,2,Human Resources,1,4,Male,50,3,3,Sales Executive,2,Single,7714,25100,2,Y,No,17,3,3,80,0,11,2,3,2,0,0,0
140,28,No,Travel_Rarely,1458,Research & Development,9,2,Life Sciences,1,3,Male,42,3,3,Manufacturing Director,2,Divorced,11061,16367,1,Y,No,21,4,4,80,1,14,0,1,14,10,0,7
141,34,No,Travel_Rarely,962,Research & Development,2,1,Medical,1,1,Female,99,4,4,Research Director,3,Divorced,16644,24513,4,Y,No,19,3,3,80,1,11,2,3,6,2,0,7
142,48,No,Travel_Rarely,473,Sales,16,5,Marketing,1,2,Female,59,2,4,Sales Executive,4,Married,8606,10722,0,Y,No,12,3,1,80,1,28,2,2,19,6,4,11
143,45,No,Non-Travel,381,Sales,4,3,Medical,1,4,Female,37,3,4,Sales Executive,3,Divorced,13159,13571,5,Y,Yes,11,3,4,80,2,21,2,2,25,2,5,12
144,30,Yes,Travel_Rarely,391,Sales,9,5,Life Sciences,1,1,Male,57,2,1,Human Resources,1,Married,5172,18312,3,Y,No,12,3,1,80,0,3,2,3,4,2,2,4
145,45,No,Travel_Rarely,1260,Research & Development,5,3,Life Sciences,1,3,Female,98,4,2,Laboratory Technician,4,Married,5721,21367,8,Y,Yes,14,3,2,80,1,14,1,2,7,5,1,2
146,41,Yes,Travel_Rarely,401,Sales,17,5,Other,1,3,Male,57,2,2,Sales Executive,3,Married,5870,5576,8,Y,Yes,12,3,1,80,2,7,4,3,8,3,2,1
147,19,No,Travel_Rarely,910,Research & Development,1,3,Life Sciences,1,4,Male,34,1,1,Sales Representative,3,Married,4872,25300,3,Y,No,23,4,3,80,3,2,2,3,4,2,0,3
148,51,No,Non-Travel,1327,Sales,29,3,Technical Degree,1,3,Female,69,2,3,Sales Executive,1,Married,9772,6314,4,Y,No,17,3,4,80,0,32,6,1,21,17,8,10
149,36,No,Non-Travel,1208,Sales,8,4,Other,1,1,Male,85,3,2,Sales Executive,4,Divorced,3513,26408,4,Y,No,13,3,4,80,3,15,3,3,7,10,0,7
150,36,No,Travel_Rarely,1319,Research & Development,1,5,Life Sciences,1,2,Male,41,3,1,Research Scientist,4,Married,3234,4977,1,Y,No,11,3,4,80,1,11,1,2,11,9,6,9
151,51,No,Travel_Rarely,1448,Research & Development,9,3,Marketing,1,3,Female,42,2,3,Healthcare Representative,2,Divorced,11456,10774,2,Y,Yes,13,3,4,80,1,24,3,3,7,0,0,2
152,56,No,Travel_Rarely,925,Research & Development,7,3,Medical,1,3,Male,87,3,4,Healthcare Representative,4,Married,12181,23375,5,Y,No,12,3,3,80,0,26,4,2,9,7,2,1
153,34,No,Travel_Rarely,1063,Research & Development,2,2,Medical,1,3,Female,95,2,1,Research Scientist,1,Married,3565,17376,2,Y,No,14,3,1,80,1,12,2,2,4,1,0,3
154,28,No,Travel_Frequently,423,Research & Development,1,5,Medical,1,3,Female,66,3,2,Laboratory Technician,4,Single,3441,13259,1,Y,No,21,4,4,80,0,17,2,3,15,8,15,11
155,42,No,Travel_Rarely,576,Research & Development,1,3,Life Sciences,1,3,Male,85,3,2,Research Scientist,4,Single,4181,20747,1,Y,No,14,3,3,80,0,9,5,3,12,10,5,6
156,39,No,Travel_Frequently,562,Research & Development,19,3,Medical,1,2,Male,58,3,2,Human Resources,2,Married,1449,22534,4,Y,No,12,3,3,80,1,16,3,4,1,2,2,3
157,35,Yes,Travel_Rarely,1076,Sales,8,4,Life Sciences,1,3,Male,85,2,1,Sales Representative,1,Single,2941,6687,7,Y,No,20,4,2,80,0,10,6,3,7,4,0,4
158,22,No,Travel_Frequently,230,Sales,5,3,Medical,1,2,Male,44,3,2,Sales Executive,3,Married,4120,12296,1,Y,No,19,3,2,80,0,3,3,1,5,5,0,3
159,22,No,Travel_Frequently,1478,Research & Development,19,3,Life Sciences,1,1,Male,82,1,1,Research Scientist,3,Divorced,2876,22139,1,Y,No,20,4,3,80,2,10,2,2,14,6,0,5
160,52,No,Travel_Rarely,460,Research & Development,21,5,Medical,1,2,Female,82,3,4,Manager,3,Married,19174,18141,3,Y,No,21,4,3,80,1,21,6,3,13,10,5,7
161,32,No,Travel_Rarely,652,Research & Development,14,3,Marketing,1,4,Male,79,2,3,Manufacturing Director,2,Married,10329,11703,3,Y,No,18,3,1,80,0,13,2,3,9,7,5,7
162,52,No,Travel_Rarely,372,Research & Development,9,3,Medical,1,4,Female,93,3,4,Healthcare Representative,2,Single,19469,8014,3,Y,No,18,3,3,80,0,28,6,3,6,6,1,1
163,38,No,Travel_Frequently,931,Research & Development,8,5,Medical,1,4,Male,71,3,2,Sales Representative,3,Divorced,6497,19361,3,Y,Yes,13,3,2,80,1,10,3,3,7,8,7,7
164,35,No,Travel_Rarely,1313,Research & Development,2,3,Life Sciences,1,4,Female,48,3,1,Research Scientist,4,Single,1772,16059,1,Y,No,12,3,2,80,0,14,3,3,20,11,3,5
165,33,No,Travel_Rarely,979,Sales,2,2,Life Sciences,1,2,Male,63,3,2,Sales Executive,4,Married,6311,5669,1,Y,Yes,14,3,4,80,1,12,4,2,16,17,12,5
166,39,No,Travel_Rarely,511,Sales,2,2,Technical Degree,1,2,Female,89,3,2,Sales Executive,2,Married,7096,3788,3,Y,No,14,3,3,80,1,14,4,3,12,9,12,10
167,19,Yes,Travel_Frequently,217,Sales,16,2,Medical,1,2,Male,76,4,2,Sales Executive,1,Single,4684,24362,6,Y,No,16,3,4,80,0,4,0,3,3,1,1,2
168,56,No,Travel_Rarely,838,Research & Development,29,1,Life Sciences,1,4,Female,35,2,3,Research Director,1,Divorced,18806,26266,6,Y,No,15,3,3,80,3,21,3,3,14,18,1,6
169,45,No,Travel_Rarely,510,Research & Development,2,3,Life Sciences,1,4,Male,76,3,1,Research Scientist,4,Married,1258,23523,3,Y,No,24,4,1,80,1,13,3,3,8,5,2,1
170,55,No,Travel_Rarely,1258,Research & Development,8,3,Medical,1,2,Female,79,2,1,Research Scientist,2,Married,1972,12304,4,Y,Yes,25,4,2,80,1,11,3,2,0,0,0,0
171,58,Yes,Travel_Rarely,1004,Sales,6,3,Life Sciences,1,2,Male,61,3,3,Sales Executive,2,Single,10032,22943,8,Y,Yes,19,3,3,80,0,11,2,2,6,7,4,8
172,31,No,Travel_Rarely,510,Research & Development,29,3,Medical,1,2,Female,67,3,2,Healthcare Representative,3,Married,4354,24002,4,Y,No,12,3,1,80,1,9,3,2,8,7,1,0
173,40,No,Travel_Rarely,139,Sales,2,4,Life Sciences,1,4,Male,90,3,4,Manager,2,Single,19284,15259,1,Y,No,19,3,2,80,0,23,2,3,28,6,0,4
174,18,No,Travel_Rarely,1098,Sales,9,4,Marketing,1,2,Female,54,3,2,Sales Executive,2,Married,5435,4624,1,Y,No,18,3,1,80,1,6,3,3,8,6,0,6
175,35,Yes,Non-Travel,1136,Research & Development,19,2,Life Sciences,1,2,Female,77,1,1,Research Scientist,1,Single,4719,4193,1,Y,Yes,23,4,2,80,0,9,5,3,9,2,10,5
176,47,No,Travel_Frequently,1202,Research & Development,2,1,Medical,1,1,Male,63,2,4,Manager,4,Married,17285,20823,2,Y,No,21,4,4,80,1,31,1,3,20,6,15,9
177,34,No,Travel_Rarely,1214,Sales,13,4,Medical,1,4,Male,42,3,3,Sales Executive,3,Divorced,8243,23113,1,Y,No,18,3,3,80,1,10,2,2,6,7,2,0
178,39,No,Travel_Rarely,997,Sales,8,2,Life Sciences,1,3,Male,99,3,3,Sales Executive,3,Divorced,7532,24330,3,Y,Yes,14,3,3,80,1,18,2,3,12,10,0,11
179,18,Yes,Travel_Frequently,294,Research & Development,8,5,Medical,1,3,Male,78,3,1,Sales Representative,3,Single,2423,13057,1,Y,No,12,3,4,80,0,7,1,3,3,0,0,0
180,40,No,Non-Travel,1149,Research & Development,1,3,Life Sciences,1,4,Male,88,3,2,Research Scientist,4,Married,4084,11118,9,Y,No,16,3,4,80,3,32,0,4,12,18,2,7
181,36,No,Travel_Rarely,455,Sales,2,4,Life Sciences,1,3,Female,32,3,2,Human Resources,4,Single,4890,5045,3,Y,No,16,3,3,80,0,13,2,2,12,10,10,10
182,39,No,Travel_Rarely,896,Research & Development,7,2,Medical,1,3,Female,37,1,2,Laboratory Technician,1,Single,6773,24406,1,Y,Yes,13,3,1,80,0,9,3,3,15,8,1,4
183,35,No,Travel_Rarely,931,Research & Development,6,3,Life Sciences,1,4,Male,90,3,3,Healthcare Representative,4,Divorced,12310,2649,0,Y,No,12,3,4,80,1,9,4,2,15,7,2,7
184,42,No,Travel_Frequently,1053,Research & Development,16,1,Medical,1,3,Female,42,3,2,Manufacturing Director,3,Divorced,5497,16514,7,Y,No,18,3,2,80,1,10,1,3,5,3,0,2
185,32,No,Travel_Frequently,449,Research & Development,26,1,Medical,1,2,Female,69,3,1,Laboratory Technician,4,Single,1041,6581,1,Y,No,13,3,1,80,0,7,2,3,7,2,2,6
186,38,No,Travel_Rarely,688,Research & Development,2,3,Other,1,1,Male,69,3,1,Research Scientist,4,Married,3104,8652,6,Y,No,12,3,3,80,1,17,2,2,6,3,1,2
187,46,No,Travel_Rarely,1014,Research & Development,12,3,Life Sciences,1,1,Male,55,2,4,Research Director,2,Divorced,17409,8219,1,Y,No,11,3,3,80,1,40,3,3,31,8,6,5
188,46,No,Travel_Rarely,458,Research & Development,2,4,Life Sciences,1,3,Female,81,3,2,Healthcare Representative,4,Married,4712,3005,1,Y,No,13,3,2,80,3,11,0,3,15,1,1,3
189,46,Yes,Travel_Rarely,258,Sales,5,3,Human Resources,1,1,Male,46,3,3,Sales Executive,4,Divorced,8532,18467,4,Y,No,12,3,1,80,1,20,1,1,8,6,9,3
190,19,No,Travel_Rarely,1342,Human Resources,25,2,Life Sciences,1,3,Female,64,3,1,Laboratory Technician,3,Married,1922,11834,1,Y,No,21,4,4,80,1,2,3,3,6,6,11,5
191,44,No,Non-Travel,325,Research & Development,23,3,Medical,1,4,Male,64,3,1,Human Resources,4,Married,1041,17278,8,Y,No,22,4,1,80,1,1,1,3,1,2,1,4
192,52,No,Travel_Rarely,1312,Research & Development,26,3,Life Sciences,1,4,Female,50,3,4,Research Director,1,Married,13962,21653,4,Y,Yes,11,3,2,80,0,28,2,3,3,1,2,2
193,32,No,Travel_Rarely,1235,Sales,10,4,Marketing,1,2,Female,58,2,2,Sales Executive,3,Married,5311,7963,1,Y,Yes,14,3,1,80,1,9,1,3,15,8,1,5
194,34,Yes,Non-Travel,225,Research & Development,9,1,Life Sciences,1,1,Female,44,4,1,Research Scientist,3,Single,3032,13739,3,Y,Yes,14,3,1,80,0,4,2,3,1,2,0,2
195,42,No,Travel_Rarely,564,Human Resources,1,3,Other,1,3,Male,45,1,1,Human Resources,3,Married,2932,2354,1,Y,No,14,3,4,80,1,5,2,4,7,10,4,1
196,58,No,Travel_Rarely,419,Research & Development,6,4,Medical,1,4,Female,67,3,2,Research Scientist,4,Married,5625,16141,4,Y,No,19,3,2,80,1,17,2,2,7,1,2,9
197,44,No,Travel_Rarely,327,Research & Development,11,4,Life Sciences,1,2,Male,32,3,1,Sales Representative,4,Married,4638,10993,3,Y,Yes,11,3,1,80,1,3,4,3,4,0,0,0
198,35,No,Travel_Rarely,109,Research & Development,6,3,Technical Degree,1,4,Female,39,3,2,Healthcare Representative,2,Single,3469,14989,3,Y,No,15,3,1,80,0,4,3,2,1,3,0,1
199,36,No,Travel_Rarely,716,Sales,4,1,Medical,1,4,Female,74,2,2,Sales Executive,4,Married,9803,19125,3,Y,Yes,12,3,3,80,0,11,3,2,1,2,0,0
200,21,No,Travel_Rarely,232,Sales,5,3,Marketing,1,2,Male,90,1,2,Sales Executive,4,Married,6461,11959,4,Y,No,12,3,2,80,1,11,3,2,8,9,8,7
201,29,Yes,Travel_Rarely,350,Research & Development,5,4,Other,1,2,Male,80,4,1,Sales Representative,1,Married,1959,6017,1,Y,Yes,11,3,4,80,0,8,4,2,6,8,0,10
202,31,No,Travel_Rarely,182,Research & Development,2,1,Life Sciences,1,4,Male,40,3,1,Research Scientist,3,Married,1939,17175,1,Y,No,23,4,4,80,1,4,2,3,1,0,0,0
203,18,Yes,Travel_Rarely,176,Sales,8,3,Other,1,3,Male,42,2,2,Sales Executive,3,Single,5273,21056,1,Y,Yes,12,3,4,80,0,5,1,3,8,4,0,3
204,35,No,Travel_Rarely,587,Sales,7,3,Medical,1,3,Male,68,4,2,Sales Executive,4,Married,6175,12144,1,Y,No,15,3,3,80,3,9,1,4,14,6,0,11
205,48,No,Travel_Rarely,1235,Research & Development,1,4,Life Sciences,1,1,Male,87,3,4,Manager,1,Divorced,17305,14832,5,Y,No,12,3,1,80,1,39,3,3,21,10,10,17
206,25,No,Travel_Rarely,688,Research & Development,9,1,Life Sciences,1,3,Male,60,3,1,Research Scientist,1,Single,1295,5809,1,Y,No,24,4,3,80,0,2,0,3,2,1,0,0
207,45,No,Non-Travel,822,Research & Development,7,3,Life Sciences,1,3,Male,87,2,1,Laboratory Technician,3,Single,1012,2139,3,Y,No,13,3,4,80,0,8,5,3,8,1,0,4
208,35,No,Travel_Rarely,541,Research & Development,16,1,Medical,1,4,Female,97,3,1,Research Scientist,2,Single,1763,7020,9,Y,No,19,3,4,80,0,11,3,3,0,2,1,4
209,35,No,Travel_Frequently,642,Research & Development,9,4,Technical Degree,1,4,Male,30,2,1,Sales Representative,4,Married,2018,25046,1,Y,No,13,3,2,80,1,4,2,1,3,1,1,2
210,52,No,Travel_Rarely,1427,Sales,13,2,Human Resources,1,4,Female,93,2,2,Sales Executive,1,Married,7182,25106,4,Y,No,17,3,3,80,1,5,3,3,0,0,0,0
211,22,Yes,Travel_Rarely,310,Sales,4,3,Human Resources,1,3,Male,49,2,2,Sales Executive,3,Single,7132,23114,1,Y,Yes,11,3,4,80,0,4,5,3,8,3,0,3
212,48,No,Travel_Frequently,598,Sales,3,4,Life Sciences,1,4,Male,40,2,3,Sales Executive,1,Married,12145,22506,6,Y,Yes,23,4,3,80,1,21,2,3,19,13,1,16
213,33,No,Non-Travel,368,Research & Development,13,3,Marketing,1,3,Female,75,2,1,Human Resources,2,Married,3122,2663,1,Y,No,21,4,3,80,1,3,2,3,4,2,1,2
214,44,No,Travel_Rarely,611,Research & Development,2,4,Medical,1,4,Male,39,3,5,Research Director,4,Divorced,14398,20434,6,Y,No,16,3,4,80,3,26,5,3,3,2,2,2
215,39,No,Travel_Frequently,1463,Research & Development,2,5,Medical,1,2,Male,47,3,1,Research Scientist,4,Single,3107,10204,8,Y,Yes,14,3,4,80,0,1,2,3,4,1,2,2
216,18,No,Non-Travel,958,Human Resources,13,3,Medical,1,1,Male,60,3,1,Sales Representative,4,Married,1515,7333,0,Y,No,14,3,4,80,1,4,2,3,2,2,1,1
217,30,No,Travel_Rarely,584,Research & Development,3,5,Medical,1,2,Male,80,2,2,Manufacturing Director,4,Married,4676,16322,1,Y,Yes,16,3,3,80,1,10,2,2,11,7,1,3
218,45,No,Travel_Rarely,675,Research & Development,9,1,Life Sciences,1,2,Male,68,3,1,Research Scientist,1,Married,2378,4964,1,Y,Yes,13,3,4,80,0,0,6,3,8,9,5,1
219,20,No,Non-Travel,681,Research & Development,13,3,Medical,1,3,Female,37,3,3,Research Director,3,Married,10438,24993,4,Y,No,20,4,3,80,1,13,2,4,14,6,14,11
220,42,No,Travel_Rarely,442,Research & Development,7,5,Technical Degree,1,3,Male,64,3,5,Manager,4,Married,14498,3560,1,Y,No,11,3,4,80,0,32,3,3,34,15,8,12
221,37,No,Travel_Rarely,643,Research & Development,6,4,Life Sciences,1,1,Female,86,3,2,Research Scientist,4,Married,6318,15435,1,Y,Yes,11,3,4,80,1,7,2,2,6,3,0,10
222,31,No,Travel_Rarely,1487,Research & Development,7,2,Life Sciences,1,3,Male,47,3,3,Manufacturing Director,2,Divorced,11634,17324,1,Y,No,21,4,4,80,1,12,4,1,11,6,0,8
223,19,No,Travel_Rarely,1434,Sales,1,3,Life Sciences,1,4,Male,74,3,2,Sales Executive,3,Single,4058,6416,1,Y,Yes,11,3,1,80,0,7,3,3,7,3,0,4
224,42,No,Travel_Rarely,1249,Research & Development,1,3,Life Sciences,1,3,Female,40,3,2,Healthcare Representative,4,Divorced,7132,11006,4,Y,No,17,3,4,80,1,17,3,3,8,4,0,4
225,58,No,Travel_Rarely,947,Research & Development,26,2,Life Sciences,1,4,Female,37,2,3,Research Director,1,Divorced,16948,24375,5,Y,No,17,3,3,80,2,21,3,3,11,18,2,10
226,29,Yes,Non-Travel,480,Research & Development,27,2,Life Sciences,1,4,Male,80,2,1,Research Scientist,4,Single,1252,15977,1,Y,Yes,23,4,2,80,0,0,3,2,4,0,2,0
227,47,No,Travel_Frequently,678,Research & Development,3,4,Life Sciences,1,1,Male,74,2,2,Manufacturing Director,3,Married,5774,18830,2,Y,No,11,3,4,80,1,9,6,3,5,4,5,7
228,36,Yes,Travel_Rarely,982,Sales,4,4,Medical,1,4,Male,33,4,3,Sales Executive,4,Married,11426,26627,1,Y,No,11,3,3,80,0,16,2,2,15,8,13,9
229,19,No,Non-Travel,499,Sales,1,5,Life Sciences,1,2,Male,44,3,2,Sales Executive,4,Single,3999,25251,1,Y,No,19,3,1,80,0,9,3,2,15,9,0,10
230,22,No,Travel_Rarely,271,Sales,12,3,Technical Degree,1,4,Female,100,2,2,Sales Executive,4,Married,6532,4250,1,Y,Yes,11,3,4,80,0,7,3,3,6,2,13,2
231,27,No,Travel_Rarely,389,Sales,12,3,Other,1,4,Female,97,2,2,Sales Executive,4,Married,5728,8279,1,Y,Yes,12,3,4,80,0,5,3,3,5,1,4,4
232,45,No,Non-Travel,1255,Sales,9,4,Human Resources,1,1,Male,99,3,2,Sales Executive,4,Single,5284,23293,4,Y,Yes,25,4,3,80,0,16,4,3,9,7,0,8
233,19,No,Travel_Rarely,666,Sales,9,3,Life Sciences,1,3,Male,34,2,3,Manager,4,Divorced,7493,21553,7,Y,No,23,4,3,80,1,11,3,2,5,4,0,0
234,39,No,Travel_Rarely,395,Sales,5,2,Medical,1,1,Female,35,1,2,Sales Executive,1,Divorced,7114,19436,1,Y,Yes,20,4,3,80,1,8,3,3,8,0,11,6
235,21,Yes,Travel_Rarely,168,Research & Development,29,3,Life Sciences,1,1,Female,46,3,1,Research Scientist,3,Married,1469,10552,4,Y,Yes,12,3,2,80,0,8,2,3,6,1,0,0
236,23,No,Travel_Rarely,624,Research & Development,16,4,Medical,1,4,Female,75,2,1,Research Scientist,1,Single,3725,10543,1,Y,No,13,3,2,80,0,3,3,1,5,4,0,2
237,31,No,Travel_Rarely,124,Research & Development,3,5,Medical,1,3,Female,39,3,1,Laboratory Technician,2,Single,1737,12351,1,Y,No,13,3,3,80,0,6,3,4,1,2,1,4
238,32,No,Travel_Rarely,635,Research & Development,1,3,Life Sciences,1,4,Female,91,2,1,Sales Representative,2,Married,1487,7275,9,Y,No,18,3,1,80,1,0,2,2,5,3,0,4
239,26,No,Non-Travel,841,Research & Development,9,3,Medical,1,4,Male,73,3,1,Human Resources,4,Single,1954,10263,1,Y,No,23,4,3,80,0,2,6,3,5,7,13,8
240,27,Yes,Travel_Rarely,1389,Research & Development,24,3,Medical,1,1,Male,41,3,1,Sales Representative,3,Divorced,2288,15073,1,Y,No,25,4,3,80,1,0,6,2,3,1,0,0
241,42,No,Travel_Rarely,1220,Research & Development,12,3,Medical,1,2,Male,93,1,2,Healthcare Representative,1,Married,7066,6022,5,Y,No,18,3,3,80,2,11,2,2,2,0,0,1
242,32,No,Travel_Frequently,979,Sales,2,3,Human Resources,1,3,Female,99,3,3,Sales Executive,3,Single,8898,11599,1,Y,No,14,3,1,80,0,9,3,4,13,7,0,7
243,31,No,Travel_Frequently,480,Research & Development,14,2,Marketing,1,2,Female,93,2,1,Research Scientist,3,Married,1048,9428,1,Y,Yes,14,3,2,80,0,0,2,2,3,2,1,2
244,41,No,Travel_Frequently,531,Research & Development,13,3,Life Sciences,1,1,Male,53,2,2,Healthcare Representative,1,Divorced,6277,7344,7,Y,No,18,3,3,80,1,17,3,2,0,3,1,4
245,34,No,Non-Travel,1039,Research & Development,10,4,Medical,1,4,Male,33,3,1,Research Scientist,3,Divorced,4470,5326,1,Y,Yes,19,3,4,80,1,8,5,1,5,5,2,0
246,35,No,Non-Travel,956,Research & Development,1,4,Medical,1,4,Female,48,2,2,Manufacturing Director,3,Married,5195,19521,0,Y,No,15,3,3,80,0,6,0,3,3,2,2,2
247,55,No,Travel_Rarely,1409,Research & Development,1,3,Medical,1,4,Male,99,4,2,Manufacturing Director,2,Divorced,7138,13775,8,Y,No,18,3,4,80,1,14,3,3,1,1,2,4
248,19,Yes,Travel_Rarely,342,Human Resources,21,5,Marketing,1,4,Male,87,4,1,Human Resources,1,Married,1598,24663,0,Y,No,18,3,3,80,0,5,0,3,1,0,0,0
249,39,No,Travel_Frequently,133,Research & Development,8,3,Life Sciences,1,4,Male,97,3,5,Manager,4,Single,16691,14728,6,Y,No,14,3,3,80,0,30,3,2,8,0,1,2
250,19,No,Travel_Rarely,599,Research & Development,2,2,Human Resources,1,3,Male,97,3,1,Sales Representative,4,Married,2950,16544,0,Y,No,13,3,3,80,1,1,2,3,4,1,2,0
251,24,No,Travel_Rarely,274,Sales,10,3,Other,1,4,Female,88,2,2,Sales Executive,4,Married,5738,8084,1,Y,Yes,12,3,4,80,0,3,3,3,5,2,11,4
252,25,No,Travel_Rarely,1207,Research & Development,9,4,Medical,1,3,Female,39,3,3,Manufacturing Director,4,Single,6968,26586,1,Y,Yes,14,3,3,80,0,11,2,2,10,8,6,7
253,25,No,Travel_Rarely,1399,Sales,1,3,Life Sciences,1,4,Male,75,3,2,Sales Executive,3,Single,4709,3388,1,Y,Yes,11,3,1,80,0,0,3,3,5,4,0,3
254,32,No,Travel_Rarely,1108,Sales,11,4,Medical,1,4,Male,49,3,3,Sales Executive,3,Divorced,10494,23335,1,Y,No,16,3,3,80,1,9,2,2,6,7,1,1
255,41,No,Travel_Rarely,1260,Research & Development,1,4,Life Sciences,1,1,Male,95,3,4,Manager,1,Divorced,14026,13831,6,Y,No,12,3,1,80,1,32,3,3,17,6,6,15
256,27,Yes,Travel_Rarely,636,Sales,21,2,Life Sciences,1,4,Female,40,2,3,Sales Executive,1,Married,9412,12108,1,Y,No,13,3,1,80,1,10,3,4,10,6,13,11
257,28,No,Travel_Rarely,169,Sales,7,2,Human Resources,1,3,Male,56,3,3,Sales Executive,3,Divorced,6733,9533,5,Y,No,11,3,1,80,1,9,2,4,7,3,14,9
258,36,No,Travel_Rarely,153,Research & Development,29,3,Medical,1,2,Male,89,3,2,Laboratory Technician,3,Married,6024,16029,4,Y,No,14,3,1,80,2,10,5,3,8,6,8,7
259,34,No,Non-Travel,186,Research & Development,28,3,Medical,1,3,Female,35,3,2,Laboratory Technician,2,Divorced,3727,24385,4,Y,No,14,3,3,80,3,13,2,4,11,7,9,5
260,26,No,Travel_Rarely,652,Research & Development,4,5,Life Sciences,1,3,Male,61,3,1,Research Scientist,1,Single,3070,7827,1,Y,No,22,4,3,80,0,2,6,3,3,2,0,1
261,40,No,Travel_Rarely,750,Research & Development,1,4,Life Sciences,1,2,Female,31,1,2,Healthcare Representative,4,Single,10991,19568,0,Y,No,14,3,3,80,0,9,4,2,11,7,2,9
262,43,No,Travel_Rarely,1432,Research & Development,1,4,Life Sciences,1,3,Male,38,2,1,Research Scientist,3,Single,1058,7264,6,Y,No,14,3,4,80,0,4,2,3,0,1,1,2
263,39,No,Travel_Rarely,1383,Research & Development,4,3,Medical,1,1,Female,83,3,1,Research Scientist,3,Married,4161,22172,4,Y,Yes,16,3,3,80,1,8,2,2,2,1,0,4
264,58,No,Travel_Rarely,1228,Research & Development,7,3,Marketing,1,2,Male,45,2,3,Healthcare Representative,3,Single,7935,9166,2,Y,No,20,4,3,80,0,27,2,3,6,2,0,0
265,55,No,Travel_Rarely,701,Research & Development,3,5,Life Sciences,1,3,Female,46,2,4,Healthcare Representative,3,Married,18565,10183,5,Y,Yes,18,3,2,80,1,40,3,3,9,11,2,12
266,41,No,Travel_Rarely,1142,Research & Development,12,3,Medical,1,2,Male,90,4,2,Healthcare Representative,1,Married,7269,7023,9,Y,No,16,3,3,80,2,11,2,2,3,0,0,0
267,33,No,Non-Travel,910,Sales,1,2,Medical,1,4,Female,30,3,2,Sales Executive,4,Single,6987,18026,4,Y,No,19,3,2,80,0,5,5,3,1,0,0,0
268,24,Yes,Non-Travel,366,Research & Development,4,3,Medical,1,2,Male,84,3,1,Human Resources,1,Single,2958,19056,2,Y,Yes,11,3,3,80,0,6,2,2,0,0,0,1
269,33,No,Travel_Rarely,1429,Sales,28,4,Life Sciences,1,2,Female,89,2,1,Laboratory Technician,3,Married,2168,20528,0,Y,No,24,4,1,80,2,1,0,3,7,3,8,4
270,51,No,Travel_Rarely,1366,Research & Development,13,5,Other,1,4,Female,86,2,4,Manufacturing Director,2,Single,12800,24572,3,Y,No,16,3,2,80,0,29,0,2,7,2,0,3
271,20,No,Travel_Rarely,426,Research & Development,3,5,Medical,1,2,Female,39,3,2,Manufacturing Director,1,Married,4223,5069,1,Y,No,12,3,2,80,1,12,6,1,15,6,4,12
272,22,No,Travel_Frequently,636,Research & Development,25,5,Other,1,2,Female,83,2,1,Research Scientist,3,Married,3257,12490,1,Y,Yes,13,3,2,80,0,3,2,2,4,2,1,4
273,20,No,Travel_Rarely,344,Sales,5,2,Technical Degree,1,3,Male,56,3,3,Sales Executive,3,Divorced,7006,11182,7,Y,No,12,3,1,80,1,9,2,4,8,5,15,7
274,25,Yes,Travel_Rarely,310,Sales,1,3,Medical,1,2,Female,50,2,1,Sales Representative,3,Divorced,2999,26194,6,Y,Yes,17,3,3,80,3,4,3,3,3,2,0,2
275,60,No,Travel_Frequently,642,Research & Development,2,4,Life Sciences,1,3,Male,63,3,2,Healthcare Representative,3,Divorced,6969,25847,1,Y,No,24,4,1,80,1,14,2,2,12,18,1,9
276,46,No,Travel_Rarely,1097,Research & Development,8,5,Human Resources,1,4,Female,49,2,1,Sales Representative,3,Married,3977,16804,1,Y,No,12,3,2,80,1,6,3,3,8,3,0,2
277,27,No,Travel_Rarely,238,Research & Development,1,1,Medical,1,1,Male,65,2,1,Laboratory Technician,1,Married,3947,8415,1,Y,No,16,3,1,80,3,7,2,3,6,5,1,3
278,40,Yes,Travel_Rarely,1499,Sales,14,5,Marketing,1,2,Female,77,3,1,Laboratory Technician,2,Single,2910,25431,1,Y,Yes,21,4,4,80,0,5,5,2,4,5,0,4
279,35,No,Travel_Rarely,215,Research & Development,2,4,Medical,1,3,Female,86,2,1,Research Scientist,1,Single,4035,2770,1,Y,No,12,3,3,80,0,4,3,3,7,3,1,4
280,59,Yes,Non-Travel,1015,Sales,2,4,Life Sciences,1,2,Male,92,3,2,Sales Executive,3,Divorced,7049,17599,6,Y,No,11,3,4,80,2,16,3,3,7,5,0,1
281,21,No,Travel_Rarely,1187,Sales,13,2,Medical,1,4,Male,70,3,1,Laboratory Technician,2,Married,2804,22622,1,Y,No,23,4,2,80,0,1,1,3,3,0,0,0
282,40,No,Travel_Frequently,162,Sales,19,3,Other,1,1,Male,37,2,2,Sales Executive,1,Married,3901,22906,1,Y,No,17,3,1,80,1,9,2,3,10,6,5,7
283,38,No,Travel_Rarely,485,Research & Development,8,2,Marketing,1,2,Female,50,1,1,Research Scientist,3,Married,1866,16414,1,Y,No,13,3,3,80,0,9,3,3,13,7,0,6
284,59,No,Travel_Rarely,1128,Research & Development,20,5,Medical,1,4,Male,70,4,1,Laboratory Technician,3,Married,1966,7337,1,Y,Yes,11,3,3,80,3,20,3,3,17,9,6,7
285,32,Yes,Travel_Rarely,937,Research & Development,25,3,Medical,1,1,Male,65,2,1,Research Scientist,2,Single,2708,7679,4,Y,Yes,25,4,2,80,0,2,4,3,0,1,2,3
286,30,No,Non-Travel,593,Sales,29,1,Other,1,4,Female,93,3,2,Sales Executive,3,Married,5208,3635,5,Y,Yes,11,3,2,80,1,0,2,1,0,1,2,4
287,48,No,Non-Travel,1007,Sales,1,3,Technical Degree,1,3,Female,66,3,2,Sales Executive,1,Divorced,3859,6246,0,Y,No,15,3,4,80,1,9,2,3,15,5,1,11
288,45,No,Travel_Rarely,1062,Research & Development,12,3,Life Sciences,1,1,Male,56,2,4,Research Director,2,Divorced,13020,6528,1,Y,No,11,3,3,80,1,38,3,3,22,9,8,9
289,44,No,Travel_Rarely,541,Research & Development,14,1,Life Sciences,1,2,Male,89,3,4,Research Director,1,Married,15373,7625,8,Y,No,23,4,3,80,1,37,3,3,0,1,2,1
290,38,No,Travel_Rarely,934,Research & Development,6,3,Life Sciences,1,3,Female,85,2,3,Manufacturing Director,2,Divorced,11108,17350,7,Y,Yes,11,3,3,80,1,20,4,3,32,18,12,8
291,33,No,Travel_Frequently,1346,Research & Development,6,2,Medical,1,4,Male,47,3,1,Laboratory Technician,2,Single,1014,15147,4,Y,No,11,3,3,80,0,14,3,2,8,6,4,2
292,41,No,Non-Travel,1118,Research & Development,1,5,Medical,1,1,Male,63,2,4,Manager,4,Married,19583,23443,6,Y,No,20,4,4,80,1,40,0,3,20,6,10,7
293,25,No,Travel_Rarely,191,Research & Development,1,2,Life Sciences,1,4,Male,44,3,1,Research Scientist,3,Married,1600,17973,1,Y,No,25,4,4,80,1,6,2,3,1,0,0,0
294,36,No,Travel_Rarely,1130,Research & Development,22,3,Life Sciences,1,4,Female,98,3,1,Sales Representative,1,Divorced,3391,25152,1,Y,No,12,3,3,80,1,18,2,2,16,9,7,14
295,59,No,Travel_Rarely,572,Research & Development,6,3,Life Sciences,1,3,Female,56,3,1,Research Scientist,1,Divorced,4289,17339,4,Y,Yes,18,3,3,80,1,30,3,3,4,2,1,2
296,25,No,Travel_Rarely,236,Research & Development,2,2,Medical,1,1,Male,62,1,1,Research Scientist,1,Single,3384,20328,6,Y,No,14,3,3,80,0,6,3,2,3,3,0,1
297,59,No,Travel_Rarely,456,Sales,4,4,Marketing,1,2,Male,50,1,2,Sales Executive,4,Divorced,6606,9277,0,Y,Yes,17,3,2,80,1,17,3,3,11,6,1,10
298,31,No,Travel_Rarely,909,Research & Development,2,3,Life Sciences,1,4,Male,32,1,1,Laboratory Technician,3,Married,5021,25581,3,Y,No,22,4,3,80,2,0,2,3,1,2,0,4
299,36,No,Travel_Rarely,1227,Research & Development,1,3,Life Sciences,1,2,Female,41,2,2,Healthcare Representative,4,Single,7079,11948,0,Y,No,14,3,1,80,0,0,3,3,6,0,2,2
300,53,No,Travel_Rarely,1281,Sales,4,2,Technical Degree,1,2,Male,46,3,2,Laboratory Technician,3,Married,2977,17845,2,Y,Yes,20,4,4,80,1,17,3,4,5,8,14,10
301,58,No,Travel_Rarely,1143,Research & Development,2,2,Technical Degree,1,3,Female,94,2,4,Healthcare Representative,3,Single,13395,14582,5,Y,Yes,11,3,4,80,0,29,2,3,6,2,0,11
302,48,No,Travel_Rarely,299,Research & Development,1,5,Life Sciences,1,3,Female,46,3,1,Research Scientist,1,Single,1380,18695,3,Y,No,15,3,4,80,0,3,3,2,2,0,0,1
303,33,No,Non-Travel,1413,Research & Development,2,1,Life Sciences,1,4,Female,35,3,2,Research Scientist,3,Single,4879,4951,4,Y,Yes,13,3,4,80,0,9,2,3,8,7,0,10
304,36,No,Travel_Rarely,1118,Sales,8,4,Medical,1,2,Male,81,3,2,Sales Executive,3,Single,4480,25665,1,Y,No,15,3,1,80,0,16,4,3,9,8,13,9
305,32,No,Non-Travel,1149,Sales,18,1,Medical,1,3,Female,55,3,1,Sales Representative,4,Married,1144,22792,6,Y,No,19,3,2,80,1,9,3,3,8,4,0,0
306,55,No,Travel_Rarely,503,Sales,7,4,Marketing,1,2,Male,31,1,2,Sales Executive,4,Divorced,6917,12482,0,Y,Yes,19,3,2,80,1,16,3,3,15,9,2,8
307,36,No,Travel_Frequently,1156,Research & Development,10,3,Life Sciences,1,2,Male,83,2,2,Manufacturing Director,2,Single,5951,22545,1,Y,No,14,3,3,80,0,1,3,3,8,3,0,4
308,41,No,Travel_Rarely,1297,Sales,1,1,Other,1,2,Female,70,3,2,Sales Executive,1,Divorced,5491,3324,6,Y,Yes,24,4,3,80,1,10,2,2,4,5,2,2
309,19,Yes,Travel_Rarely,460,Sales,5,3,Marketing,1,2,Female,38,1,1,Laboratory Technician,2,Single,2764,13745,1,Y,No,13,3,3,80,0,6,3,3,0,2,1,2
310,33,Yes,Travel_Rarely,236,Sales,21,3,Life Sciences,1,3,Male,87,3,2,Sales Executive,4,Single,5953,11778,1,Y,Yes,17,3,4,80,0,10,2,3,12,8,3,11
311,23,No,Travel_Rarely,1165,Research & Development,16,4,Marketing,1,3,Female,40,3,1,Laboratory Technician,2,Married,1546,12626,9,Y,No,13,3,2,80,1,2,2,3,0,2,2,4
312,54,No,Travel_Rarely,132,Research & Development,2,2,Medical,1,4,Female,63,4,5,Manager,3,Married,12931,5953,4,Y,No,13,3,4,80,1,35,1,3,19,10,4,7
313,39,No,Travel_Rarely,145,Human Resources,1,3,Marketing,1,4,Male,62,2,5,Manager,3,Married,18205,18117,1,Y,No,11,3,2,80,1,36,3,3,29,6,1,6
314,52,No,Travel_Rarely,1236,Sales,1,2,Other,1,2,Male,58,3,3,Manager,4,Married,9992,8432,3,Y,Yes,14,3,3,80,1,12,6,4,6,3,0,4
315,32,No,Travel_Rarely,1314,Research & Development,16,3,Medical,1,3,Male,92,3,2,Healthcare Representative,3,Married,5294,19322,9,Y,No,14,3,2,80,2,16,3,2,7,10,10,8
316,25,No,Travel_Rarely,772,Sales,5,3,Medical,1,4,Male,81,3,2,Sales Executive,1,Single,8899,24630,0,Y,No,19,3,4,80,0,5,5,3,7,5,2,2
317,34,No,Non-Travel,1473,Research & Development,8,2,Life Sciences,1,4,Male,33,3,2,Healthcare Representative,3,Divorced,6720,14944,1,Y,No,23,4,3,80,2,10,2,3,9,10,2,7
318,36,No,Travel_Rarely,597,Research & Development,3,4,Life Sciences,1,1,Female,53,3,3,Research Director,2,Single,9771,20700,0,Y,No,11,3,3,80,0,17,1,3,11,10,2,11
319,30,Yes,Travel_Rarely,118,Research & Development,26,3,Life Sciences,1,3,Male,35,2,1,Sales Representative,3,Single,3049,8884,2,Y,Yes,13,3,2,80,0,7,5,3,0,1,0,3
320,48,No,Non-Travel,957,Sales,27,3,Life Sciences,1,4,Male,31,2,2,Sales Executive,4,Married,5648,26869,3,Y,No,15,3,3,80,1,6,6,3,4,2,2,4
321,44,No,Travel_Frequently,1236,Sales,16,3,Human Resources,1,3,Male,66,4,3,Sales Executive,1,Divorced,11187,9611,3,Y,No,19,3,3,80,1,37,2,3,4,0,0,0
322,27,No,Travel_Rarely,1214,Research & Development,9,3,Other,1,1,Female,36,2,2,Laboratory Technician,4,Married,3549,20540,0,Y,No,12,3,1,80,1,10,1,3,11,1,5,5
323,25,No,Travel_Rarely,1073,Research & Development,7,2,Life Sciences,1,1,Male,77,3,1,Research Scientist,3,Divorced,2882,5326,1,Y,No,12,3,2,80,2,8,2,3,8,5,0,2
324,24,Yes,Travel_Rarely,692,Human Resources,1,5,Marketing,1,1,Male,35,2,1,Sales Representative,4,Single,3324,14177,1,Y,No,11,3,3,80,0,2,3,1,4,0,0,0
325,40,No,Non-Travel,867,Research & Development,1,2,Medical,1,3,Female,50,4,2,Healthcare Representative,2,Married,3899,9829,1,Y,No,25,4,4,80,1,2,2,3,5,8,15,6
326,27,No,Travel_Rarely,657,Sales,1,2,Technical Degree,1,3,Male,67,3,1,Laboratory Technician,1,Divorced,2227,8660,3,Y,No,13,3,3,80,1,2,3,3,0,0,0,1
327,31,No,Non-Travel,420,Research & Development,2,5,Technical Degree,1,1,Female,34,3,1,Research Scientist,4,Single,4569,17760,1,Y,Yes,13,3,3,80,0,1,2,3,8,3,1,4
328,27,No,Travel_Frequently,1353,Sales,1,5,Medical,1,2,Female,38,3,3,Sales Executive,4,Married,10163,5123,1,Y,No,13,3,4,80,1,11,6,3,10,9,10,1
329,26,No,Non-Travel,306,Human Resources,1,5,Life Sciences,1,3,Male,36,3,1,Human Resources,4,Divorced,1792,9008,1,Y,No,16,3,2,80,1,8,2,3,1,2,1,2
330,35,No,Travel_Rarely,475,Research & Development,27,3,Life Sciences,1,4,Male,45,2,2,Manufacturing Director,2,Single,3603,26753,1,Y,No,13,3,4,80,0,2,2,3,8,4,0,4
331,36,No,Travel_Rarely,869,Research & Development,2,3,Medical,1,4,Male,41,3,2,Research Scientist,2,Divorced,6824,24893,0,Y,No,14,3,3,80,2,10,4,2,13,4,1,7
332,42,No,Non-Travel,1211,Research & Development,22,3,Life Sciences,1,4,Female,76,3,2,Research Scientist,4,Divorced,5887,19462,3,Y,Yes,13,3,1,80,3,13,6,2,6,2,13,4
333,46,Yes,Travel_Rarely,648,Research & Development,7,4,Life Sciences,1,4,Male,83,3,1,Human Resources,1,Single,2295,26175,3,Y,No,14,3,2,80,0,12,3,4,6,4,1,1
334,37,No,Non-Travel,1367,Research & Development,6,5,Life Sciences,1,4,Male,51,3,2,Healthcare Representative,3,Divorced,6142,16926,1,Y,No,25,4,3,80,3,9,2,3,14,10,2,10
335,58,No,Travel_Rarely,1234,Research & Development,3,4,Life Sciences,1,4,Male,41,3,2,Healthcare Representative,3,Married,4803,17061,0,Y,Yes,19,3,2,80,0,6,2,3,3,2,1,2
336,57,Yes,Travel_Rarely,568,Research & Development,1,2,Other,1,3,Female,73,2,3,Manufacturing Director,4,Married,10345,15848,0,Y,No,18,3,2,80,1,34,5,3,29,6,2,7
337,47,Yes,Travel_Rarely,1418,Sales,15,5,Human Resources,1,2,Female,72,3,1,Laboratory Technician,2,Single,3036,21035,1,Y,Yes,20,4,4,80,0,0,6,2,2,5,0,4
338,21,Yes,Travel_Rarely,1388,Research & Development,28,3,Medical,1,1,Male,33,3,1,Sales Representative,3,Divorced,2031,13702,1,Y,No,23,4,3,80,1,2,6,2,4,2,0,1
339,33,Yes,Travel_Rarely,1474,Research & Development,27,1,Medical,1,2,Male,65,3,3,Manager,3,Married,18105,24128,2,Y,Yes,12,3,4,80,0,18,2,4,7,6,12,6
340,40,Yes,Travel_Rarely,420,Sales,9,5,Medical,1,3,Male,68,2,3,Sales Executive,4,Single,10933,17504,1,Y,No,18,3,4,80,0,11,3,3,10,7,5,6
341,40,No,Travel_Rarely,131,Human Resources,1,3,Marketing,1,4,Male,55,2,5,Manager,3,Married,13497,19467,1,Y,No,12,3,2,80,1,31,3,3,38,7,1,11
342,39,No,Travel_Rarely,1228,Research & Development,2,4,Life Sciences,1,4,Female,33,2,4,Manager,1,Married,14263,18525,2,Y,No,11,3,1,80,1,26,3,1,1,2,0,2
343,18,No,Travel_Rarely,1441,Research & Development,7,5,Medical,1,2,Female,63,3,1,Human Resources,4,Married,1629,20618,1,Y,No,13,3,1,80,1,9,6,3,12,9,0,10
344,39,No,Travel_Rarely,283,Research & Development,2,5,Medical,1,4,Female,55,2,3,Manufacturing Director,3,Married,9921,16005,3,Y,Yes,15,3,4,80,1,11,5,4,8,3,0,4
345,23,No,Travel_Frequently,542,Research & Development,1,1,Life Sciences,1,1,Female,76,4,1,Human Resources,4,Divorced,3685,4823,3,Y,No,13,3,1,80,1,4,2,3,2,1,2,1
346,58,No,Non-Travel,834,Research & Development,28,4,Medical,1,3,Female,94,2,4,Manufacturing Director,4,Married,17092,16808,3,Y,No,21,4,3,80,0,25,3,3,15,10,0,1
347,37,No,Travel_Rarely,753,Research & Development,7,2,Life Sciences,1,4,Female,67,2,2,Research Scientist,2,Married,7204,18978,3,Y,No,12,3,1,80,1,15,2,3,5,2,2,8
348,23,Yes,Travel_Rarely,595,Research & Development,1,4,Life Sciences,1,1,Male,72,3,1,Human Resources,3,Single,3623,17899,7,Y,No,11,3,3,80,0,5,1,4,3,0,0,1
349,23,No,Travel_Frequently,302,Research & Development,12,2,Life Sciences,1,4,Male,32,3,3,Manufacturing Director,1,Divorced,9514,5430,1,Y,No,23,4,3,80,3,10,0,2,15,9,2,9
350,18,Yes,Non-Travel,112,Research & Development,5,5,Medical,1,3,Male,36,2,1,Research Scientist,1,Single,2588,8848,0,Y,Yes,20,4,1,80,0,0,6,3,4,1,1,2
351,55,Yes,Travel_Rarely,406,Research & Development,2,5,Other,1,3,Female,76,2,3,Manufacturing Director,4,Married,10540,18726,0,Y,No,19,3,2,80,1,34,1,3,34,7,1,6
352,54,No,Non-Travel,1240,Human Resources,4,3,Medical,1,1,Male,100,3,5,Manager,2,Married,15153,2619,1,Y,No,12,3,3,80,1,28,2,3,39,4,12,9
353,34,No,Non-Travel,578,Research & Development,5,4,Life Sciences,1,4,Female,71,3,3,Manager,2,Married,8831,24697,9,Y,No,12,3,2,80,2,15,2,3,11,6,9,7
354,19,No,Travel_Rarely,1122,Sales,5,3,Medical,1,2,Female,71,3,1,Human Resources,2,Married,1789,4508,1,Y,No,18,3,4,80,1,7,3,3,2,0,0,1
355,32,Yes,Non-Travel,687,Research & Development,13,3,Medical,1,1,Male,68,3,3,Manufacturing Director,3,Divorced,10361,24118,2,Y,No,11,3,2,80,3,13,5,3,3,0,0,0
356,41,No,Travel_Rarely,942,Sales,1,5,Life Sciences,1,2,Female,32,3,2,Sales Executive,1,Divorced,6723,15454,3,Y,No,16,3,4,80,1,10,3,3,6,9,2,7
357,26,Yes,Travel_Rarely,823,Research & Development,8,3,Marketing,1,2,Female,35,3,1,Human Resources,3,Divorced,2651,18515,3,Y,Yes,14,3,1,80,3,10,2,3,6,10,12,11
358,28,No,Travel_Rarely,179,Research & Development,1,5,Life Sciences,1,4,Male,88,2,1,Sales Representative,1,Married,1208,17590,1,Y,No,11,3,3,80,1,7,3,3,2,1,15,4
359,50,No,Travel_Rarely,1335,Sales,10,4,Marketing,1,4,Female,78,3,2,Sales Executive,4,Single,3750,5548,3,Y,No,11,3,3,80,0,0,5,1,7,1,0,2
360,27,No,Travel_Rarely,1132,Research & Development,27,3,Life Sciences,1,1,Male,41,3,1,Research Scientist,1,Married,2456,15069,1,Y,Yes,14,3,4,80,2,10,3,2,13,9,5,6
361,40,No,Travel_Rarely,114,Research & Development,2,2,Medical,1,4,Male,99,3,1,Research Scientist,3,Married,2675,25295,2,Y,Yes,14,3,2,80,1,5,1,1,4,0,0,0
362,24,No,Travel_Rarely,814,Research & Development,1,4,Life Sciences,1,1,Female,43,3,2,Manufacturing Director,4,Married,4982,5435,0,Y,No,15,3,2,80,1,2,2,3,3,2,2,4
363,47,No,Non-Travel,554,Research & Development,7,3,Medical,1,1,Female,92,3,2,Manufacturing Director,3,Single,3436,6506,0,Y,No,14,3,4,80,0,9,2,1,9,2,12,10
364,46,No,Non-Travel,1058,Sales,26,2,Life Sciences,1,2,Male,81,2,2,Sales Executive,2,Single,12397,20620,9,Y,No,16,3,3,80,0,1,3,3,0,1,1,3
365,53,Yes,Travel_Rarely,1387,Research & Development,6,4,Life Sciences,1,1,Male,45,3,1,Research Scientist,3,Married,2838,12735,6,Y,Yes,11,3,3,80,2,13,2,1,12,0,2,5
366,55,No,Travel_Rarely,1376,Research & Development,2,4,Medical,1,2,Male,68,3,5,Research Director,3,Married,15129,8881,2,Y,Yes,12,3,4,80,1,25,2,2,8,2,5,11
367,44,No,Travel_Rarely,749,Research & Development,26,4,Other,1,4,Male,42,3,2,Research Scientist,4,Divorced,4269,3030,2,Y,No,14,3,2,80,2,4,2,3,3,1,2,3
368,56,No,Travel_Frequently,152,Research & Development,24,2,Medical,1,3,Male,83,4,4,Research Director,4,Single,17202,22632,1,Y,Yes,14,3,4,80,0,35,2,3,32,9,4,7
369,48,No,Travel_Rarely,294,Sales,7,5,Marketing,1,4,Female,37,2,5,Manager,2,Married,17037,12900,9,Y,No,14,3,3,80,1,35,2,3,12,3,0,8
370,47,No,Travel_Rarely,307,Research & Development,9,2,Human Resources,1,4,Female,48,3,2,Research Scientist,3,Single,3837,6146,3,Y,Yes,25,4,2,80,0,37,2,3,4,2,1,3
371,37,No,Travel_Frequently,208,Sales,9,5,Life Sciences,1,2,Male,37,3,2,Sales Executive,2,Married,5818,13152,1,Y,No,14,3,4,80,1,11,3,3,14,9,9,2
372,38,No,Travel_Rarely,1470,Sales,1,4,Life Sciences,1,3,Female,71,3,5,Manager,3,Married,13255,13334,0,Y,No,13,3,4,80,0,36,2,3,17,15,1,15
373,60,No,Travel_Rarely,675,Research & Development,5,4,Life Sciences,1,4,Male,94,3,1,Sales Representative,4,Married,1556,17024,3,Y,No,23,4,2,80,2,10,6,3,0,2,0,3
374,30,No,Non-Travel,1287,Research & Development,6,4,Medical,1,2,Male,72,3,3,Research Director,3,Divorced,12949,10808,8,Y,No,12,3,1,80,1,9,3,3,2,2,1,3
375,36,No,Travel_Rarely,1271,Human Resources,9,3,Life Sciences,1,1,Male,79,2,1,Laboratory Technician,1,Married,2124,13370,0,Y,No,23,4,3,80,0,7,3,3,7,5,0,3
376,54,Yes,Travel_Frequently,1057,Sales,2,4,Marketing,1,4,Male,97,3,2,Sales Executive,3,Single,4335,16646,3,Y,Yes,14,3,4,80,0,7,0,3,0,0,0,1
377,35,No,Non-Travel,529,Research & Development,2,3,Medical,1,4,Male,97,2,2,Healthcare Representative,1,Single,7013,25434,0,Y,No,23,4,3,80,0,16,3,3,14,7,4,6
378,25,No,Travel_Rarely,1221,Research & Development,29,5,Life Sciences,1,3,Male,94,1,1,Research Scientist,3,Married,2039,25350,1,Y,No,20,4,3,80,1,10,3,3,14,8,0,8
379,35,No,Non-Travel,1239,Research & Development,15,4,Life Sciences,1,2,Female,50,3,2,Human Resources,2,Married,6610,5683,8,Y,No,18,3,3,80,1,9,3,3,13,10,0,7
380,60,No,Travel_Rarely,1478,Research & Development,2,3,Marketing,1,3,Female,42,3,1,Research Scientist,1,Married,5102,12921,5,Y,No,16,3,2,80,1,3,2,3,1,1,0,2
381,44,No,Travel_Rarely,1372,Research & Development,2,5,Medical,1,4,Female,75,1,1,Research Scientist,3,Divorced,2211,25960,1,Y,No,12,3,4,80,3,7,3,2,6,5,1,4
382,32,Yes,Travel_Rarely,170,Sales,24,3,Human Resources,1,1,Female,71,3,2,Sales Executive,1,Single,5945,21647,5,Y,No,15,3,3,80,0,7,3,3,4,2,0,2
383,29,No,Travel_Frequently,634,Research & Development,2,1,Medical,1,3,Female,64,3,2,Sales Representative,4,Single,4293,10060,1,Y,No,25,4,4,80,0,13,2,3,9,9,4,10
384,47,No,Travel_Rarely,1007,Sales,3,3,Life Sciences,1,3,Male,58,2,2,Sales Executive,2,Divorced,12227,10612,8,Y,No,12,3,3,80,1,12,5,3,7,5,0,4
385,53,No,Travel_Rarely,298,Research & Development,24,1,Human Resources,1,2,Male,51,3,2,Human Resources,4,Married,7036,15161,3,Y,Yes,19,3,4,80,1,17,6,3,15,7,0,5
386,43,No,Travel_Rarely,309,Sales,8,2,Human Resources,1,4,Male,87,3,5,Manager,3,Married,18313,4500,9,Y,No,14,3,2,80,0,35,3,1,4,0,0,0
387,53,No,Travel_Rarely,1322,Research & Development,5,3,Technical Degree,1,3,Female,44,2,3,Healthcare Representative,2,Divorced,10843,8555,7,Y,Yes,13,3,4,80,1,27,3,3,6,0,0,2
388,38,No,Travel_Rarely,572,Research & Development,4,4,Technical Degree,1,4,Male,80,3,2,Research Scientist,4,Married,4124,10683,5,Y,No,13,3,1,80,2,16,3,3,11,7,15,6
389,35,No,Travel_Rarely,901,Sales,10,3,Other,1,4,Male,63,3,2,Sales Executive,4,Single,6620,23946,1,Y,No,11,3,4,80,0,11,2,2,12,7,0,9
390,39,No,Non-Travel,865,Research & Development,5,2,Medical,1,4,Male,76,3,2,Laboratory Technician,3,Divorced,6230,14835,3,Y,Yes,14,3,2,80,1,9,3,3,5,7,14,5
391,39,No,Travel_Rarely,1366,Research & Development,4,4,Life Sciences,1,3,Male,69,2,3,Healthcare Representative,3,Single,10025,21724,5,Y,No,14,3,2,80,0,29,3,3,12,17,7,5
392,45,No,Travel_Rarely,1107,Human Resources,11,3,Marketing,1,3,Female,35,3,4,Manager,1,Married,16969,17400,0,Y,No,14,3,3,80,1,38,1,3,16,8,0,8
393,36,No,Non-Travel,557,Research & Development,1,4,Medical,1,1,Female,69,3,3,Research Director,4,Divorced,18884,10811,6,Y,Yes,17,3,1,80,3,17,2,3,8,1,0,3
394,34,No,Travel_Rarely,1402,Research & Development,9,3,Medical,1,4,Female,41,2,3,Healthcare Representative,2,Single,12130,16055,1,Y,No,13,3,2,80,0,9,3,4,5,7,8,8
395,39,No,Travel_Frequently,695,Research & Development,13,3,Life Sciences,1,1,Male,47,2,2,Healthcare Representative,1,Divorced,6436,6907,6,Y,No,17,3,3,80,1,14,3,2,0,5,2,4
396,35,No,Travel_Frequently,1395,Sales,10,4,Other,1,4,Male,73,3,2,Sales Executive,4,Single,4745,21809,7,Y,No,14,3,3,80,0,5,2,4,0,0,0,1
397,35,Yes,Travel_Rarely,732,Research & Development,2,1,Life Sciences,1,1,Female,38,3,1,Human Resources,1,Married,3144,23913,5,Y,No,21,4,1,80,0,15,3,4,13,7,1,7
398,42,No,Travel_Rarely,151,Sales,1,1,Technical Degree,1,2,Female,52,3,2,Sales Executive,4,Married,4828,18168,8,Y,No,13,3,1,80,1,17,2,3,13,6,13,5
399,44,No,Travel_Frequently,729,Sales,26,3,Human Resources,1,3,Female,71,3,4,Sales Executive,2,Married,19732,18831,9,Y,No,13,3,4,80,1,28,2,4,19,3,11,9
400,36,No,Travel_Rarely,1335,Research & Development,26,3,Other,1,3,Female,91,4,1,Research Scientist,3,Married,1117,23682,0,Y,No,18,3,4,80,0,5,0,2,2,0,0,1
401,34,No,Travel_Rarely,675,Research & Development,9,4,Other,1,2,Female,41,1,1,Research Scientist,4,Married,1212,17451,3,Y,No,15,3,4,80,2,2,3,3,1,1,0,2
402,43,No,Travel_Rarely,263,Research & Development,1,4,Life Sciences,1,2,Female,86,3,1,Laboratory Technician,1,Divorced,2636,24391,3,Y,No,19,3,2,80,1,5,5,3,6,1,1,4
403,32,Yes,Travel_Rarely,1197,Sales,5,4,Life Sciences,1,3,Male,91,2,1,Sales Representative,1,Single,3408,8080,2,Y,No,21,4,2,80,0,11,5,3,7,5,0,2
404,25,No,Travel_Rarely,957,Sales,7,3,Human Resources,1,1,Male,49,3,2,Sales Executive,3,Married,7603,22175,1,Y,No,18,3,3,80,1,1,3,3,7,1,0,3
405,37,Yes,Travel_Frequently,1022,Sales,13,4,Human Resources,1,4,Male,52,3,2,Sales Executive,4,Single,4857,9305,3,Y,Yes,21,4,1,80,0,16,2,1,14,8,3,7
406,27,No,Travel_Rarely,468,Research & Development,26,5,Medical,1,2,Male,88,3,1,Sales Representative,1,Divorced,4624,8219,1,Y,No,14,3,2,80,2,5,2,1,8,2,1,2
407,18,No,Travel_Rarely,1494,Sales,11,3,Life Sciences,1,3,Male,81,3,1,Laboratory Technician,3,Single,1077,5083,1,Y,No,12,3,3,80,0,3,6,3,4,0,0,0
408,23,No,Travel_Rarely,1191,Research & Development,3,3,Medical,1,4,Male,100,3,1,Research Scientist,4,Married,2801,6444,1,Y,No,21,4,4,80,1,1,3,2,5,1,0,3
409,20,Yes,Non-Travel,827,Research & Development,7,5,Medical,1,3,Female,87,2,1,Research Scientist,3,Married,1174,19860,1,Y,Yes,14,3,1,80,1,6,2,3,5,7,2,11
410,46,No,Travel_Frequently,708,Research & Development,8,3,Life Sciences,1,3,Male,73,3,2,Sales Representative,2,Single,6139,11529,7,Y,No,15,3,3,80,0,10,2,2,6,5,0,4
411,32,No,Travel_Rarely,1105,Research & Development,5,2,Medical,1,4,Male,68,3,2,Manufacturing Director,4,Divorced,5331,20847,7,Y,No,16,3,3,80,2,4,2,2,6,1,0,2
412,42,No,Travel_Frequently,289,Research & Development,1,4,Life Sciences,1,1,Female,70,1,2,Manufacturing Director,1,Single,5416,24226,9,Y,Yes,12,3,4,80,0,12,2,3,14,9,6,16
413,21,No,Travel_Rarely,141,Research & Development,14,3,Life Sciences,1,2,Female,65,4,1,Research Scientist,4,Single,2070,25223,1,Y,Yes,11,3,4,80,0,5,2,3,3,0,0,0
414,24,Yes,Travel_Rarely,484,Research & Development,5,3,Medical,1,1,Male,87,3,1,Laboratory Technician,1,Married,4159,13188,7,Y,No,14,3,3,80,1,6,5,3,2,1,0,2
415,37,No,Travel_Rarely,1346,Research & Development,8,4,Life Sciences,1,4,Male,60,2,2,Manufacturing Director,4,Single,11063,11704,7,Y,No,20,4,2,80,0,0,0,3,0,0,0,1
416,47,No,Travel_Rarely,507,Research & Development,27,4,Life Sciences,1,4,Male,38,3,2,Research Scientist,1,Divorced,5738,9023,5,Y,Yes,19,3,3,80,1,9,3,2,4,5,2,2
417,31,No,Non-Travel,1115,Sales,20,2,Human Resources,1,4,Female,39,3,2,Sales Executive,3,Married,5823,22991,1,Y,No,14,3,4,80,1,11,2,2,14,7,0,1
418,60,No,Travel_Rarely,1434,Research & Development,1,4,Medical,1,2,Male,65,3,5,Research Director,3,Married,14705,11085,7,Y,Yes,11,3,4,80,1,38,2,2,6,1,4,8
419,32,No,Travel_Rarely,1256,Research & Development,2,3,Medical,1,2,Male,34,2,1,Research Scientist,3,Single,2667,23569,1,Y,No,18,3,1,80,0,6,3,3,5,5,0,4
420,29,Yes,Non-Travel,484,Research & Development,11,3,Medical,1,1,Female,87,2,1,Research Scientist,2,Single,3037,6270,1,Y,Yes,25,4,2,80,0,5,2,1,3,1,0,1
421,43,No,Non-Travel,327,Research & Development,16,3,Life Sciences,1,4,Male,38,2,3,Manufacturing Director,3,Single,10144,9176,0,Y,No,25,4,2,80,0,10,2,3,14,10,2,6
422,35,No,Travel_Rarely,1420,Research & Development,10,3,Life Sciences,1,4,Male,95,3,3,Healthcare Representative,1,Married,10730,21207,5,Y,Yes,13,3,4,80,1,17,1,3,14,7,6,11
423,29,Yes,Travel_Rarely,301,Research & Development,29,4,Life Sciences,1,4,Female,48,3,1,Research Scientist,3,Single,3188,25907,1,Y,Yes,13,3,4,80,0,7,2,3,8,2,5,8
424,24,No,Travel_Frequently,763,Sales,8,2,Human Resources,1,3,Male,83,3,2,Sales Executive,4,Married,4218,24116,0,Y,No,16,3,2,80,1,7,3,3,1,1,2,1
425,39,No,Travel_Rarely,1291,Research & Development,5,1,Medical,1,2,Male,97,1,1,Research Scientist,3,Married,1600,5723,7,Y,Yes,12,3,1,80,0,5,4,2,3,1,0,3
426,37,No,Travel_Rarely,111,Sales,1,4,Technical Degree,1,2,Male,70,1,2,Sales Executive,4,Divorced,11608,9816,0,Y,No,12,3,4,80,1,15,2,2,10,1,0,10
427,26,No,Travel_Rarely,1295,Research & Development,1,5,Medical,1,4,Female,66,4,1,Laboratory Technician,4,Divorced,1588,15354,1,Y,Yes,12,3,3,80,3,8,4,3,0,0,0,0
428,60,No,Travel_Rarely,1149,Research & Development,2,1,Human Resources,1,3,Female,82,2,4,Healthcare Representative,3,Single,19022,18715,9,Y,Yes,12,3,4,80,0,21,2,3,5,2,0,10
429,29,Yes,Non-Travel,1313,Sales,2,3,Technical Degree,1,1,Male,85,3,1,Sales Representative,3,Married,1410,14693,3,Y,No,18,3,4,80,1,5,3,1,3,2,1,2
430,22,No,Travel_Rarely,798,Sales,6,3,Life Sciences,1,4,Male,61,4,2,Sales Executive,2,Married,5163,14344,0,Y,No,24,4,3,80,1,2,1,3,1,1,2,3
431,28,No,Travel_Rarely,1422,Research & Development,26,1,Life Sciences,1,3,Male,92,3,1,Research Scientist,4,Divorced,1638,16585,1,Y,No,12,3,3,80,3,5,2,2,1,1,0,2
432,22,Yes,Travel_Rarely,113,Research & Development,28,3,Medical,1,3,Male,34,3,1,Sales Representative,2,Married,1630,2353,1,Y,Yes,19,3,3,80,3,4,3,3,1,2,0,0
433,25,No,Travel_Frequently,678,Sales,6,3,Marketing,1,4,Female,100,3,1,Sales Representative,2,Divorced,1380,3310,1,Y,No,11,3,3,80,1,2,5,2,4,2,2,3
434,32,No,Travel_Frequently,1093,Sales,25,3,Medical,1,2,Female,93,3,2,Sales Executive,3,Married,4931,2798,1,Y,No,11,3,1,80,1,11,3,2,10,7,0,1
435,35,No,Travel_Rarely,1305,Research & Development,10,3,Life Sciences,1,4,Male,88,3,3,Healthcare Representative,1,Married,8430,25314,9,Y,Yes,13,3,4,80,1,15,6,3,9,10,11,10
436,23,No,Travel_Rarely,936,Sales,9,4,Medical,1,1,Male,87,3,2,Sales Executive,4,Single,4861,26661,1,Y,No,13,3,2,80,0,3,3,3,3,2,0,4
437,51,No,Travel_Frequently,314,Sales,2,3,Medical,1,2,Male,30,3,4,Manager,2,Divorced,15743,22740,4,Y,No,21,4,4,80,1,29,0,2,19,10,11,17
438,29,No,Travel_Rarely,964,Research & Development,9,4,Medical,1,2,Male,98,2,3,Research Director,3,Married,9175,21237,1,Y,No,18,3,3,80,0,11,2,3,9,2,0,7
439,31,No,Travel_Rarely,1218,Research & Development,1,3,Life Sciences,1,3,Male,90,3,1,Research Scientist,4,Married,1521,3039,1,Y,No,11,3,3,80,1,6,4,4,5,3,0,4
440,46,No,Travel_Rarely,1054,Human Resources,4,5,Medical,1,2,Male,73,3,2,Laboratory Technician,2,Divorced,4770,10158,7,Y,Yes,23,4,4,80,1,16,2,3,4,2,0,4
441,36,No,Non-Travel,1469,Research & Development,5,4,Life Sciences,1,1,Male,58,4,1,Sales Representative,2,Married,2030,13529,1,Y,No,21,4,2,80,0,3,3,3,6,3,0,3
442,24,No,Travel_Rarely,788,Sales,22,2,Medical,1,3,Female,31,3,2,Sales Executive,4,Single,6209,25409,1,Y,No,25,4,2,80,0,8,6,2,6,5,1,2
443,41,No,Non-Travel,265,Research & Development,20,3,Life Sciences,1,4,Male,50,2,3,Manufacturing Director,3,Single,9254,8926,0,Y,No,24,4,2,80,0,9,2,3,15,9,1,9
444,56,No,Travel_Rarely,572,Sales,13,4,Medical,1,4,Male,34,3,4,Sales Executive,3,Single,17131,22478,0,Y,No,13,3,3,80,0,39,6,2,23,8,2,10
445,32,No,Travel_Rarely,1259,Sales,12,4,Marketing,1,2,Female,55,2,2,Sales Executive,3,Married,6938,3221,1,Y,Yes,13,3,1,80,1,10,5,3,9,8,1,11
446,42,No,Travel_Rarely,583,Sales,22,3,Life Sciences,1,2,Female,96,3,2,Sales Executive,2,Single,4702,14294,2,Y,No,11,3,2,80,0,5,4,4,1,2,2,3
447,25,No,Travel_Rarely,1495,Research & Development,1,5,Medical,1,2,Male,31,2,1,Human Resources,4,Single,2120,10647,0,Y,No,14,3,4,80,0,1,3,3,5,4,2,3
448,35,Yes,Travel_Rarely,592,Research & Development,20,3,Other,1,1,Male,90,3,2,Sales Representative,3,Divorced,4256,7518,7,Y,No,14,3,2,80,1,9,3,2,2,0,0,1
449,51,No,Travel_Rarely,825,Research & Development,1,3,Medical,1,4,Female,79,3,5,Research Director,1,Married,13346,21163,3,Y,Yes,21,4,3,80,1,20,3,3,10,6,1,6
450,37,No,Travel_Rarely,240,Research & Development,21,1,Medical,1,3,Female,31,2,2,Healthcare Representative,4,Divorced,5995,19676,5,Y,No,14,3,3,80,3,10,2,3,5,2,1,3
451,47,No,Travel_Rarely,536,Research & Development,9,2,Medical,1,4,Male,49,2,3,Healthcare Representative,1,Married,12416,23880,4,Y,No,15,3,1,80,1,10,4,3,7,6,1,8
452,34,No,Travel_Rarely,841,Research & Development,6,1,Medical,1,2,Male,35,2,2,Manufacturing Director,2,Divorced,11022,16352,2,Y,Yes,11,3,3,80,1,12,2,3,2,2,0,3
453,30,No,Travel_Rarely,598,Research & Development,4,3,Life Sciences,1,1,Female,94,3,1,Research Scientist,4,Married,1457,9858,1,Y,No,25,4,1,80,0,7,4,3,2,0,0,0
454,27,Yes,Travel_Frequently,324,Research & Development,1,3,Life Sciences,1,1,Male,55,3,1,Research Scientist,1,Married,3070,13694,7,Y,Yes,14,3,2,80,1,2,2,3,0,1,1,3
455,21,No,Travel_Rarely,1202,Research & Development,2,3,Life Sciences,1,3,Male,81,3,1,Research Scientist,4,Married,3195,3497,1,Y,No,11,3,3,80,1,5,4,4,8,3,0,2
456,44,No,Non-Travel,197,Research & Development,2,3,Medical,1,4,Female,30,2,1,Sales Representative,2,Single,2430,21642,1,Y,No,20,4,2,80,0,4,3,3,3,3,6,4
457,34,No,Travel_Rarely,1112,Research & Development,12,2,Life Sciences,1,4,Male,80,1,1,Research Scientist,4,Single,4801,14444,3,Y,No,18,3,1,80,0,6,2,3,3,0,0,1
458,35,No,Travel_Rarely,564,Research & Development,12,5,Life Sciences,1,2,Female,52,3,1,Research Scientist,4,Single,3738,14498,3,Y,No,16,3,1,80,0,1,1,3,4,1,0,3
459,48,No,Travel_Rarely,1001,Research & Development,17,5,Marketing,1,4,Female,34,2,4,Research Director,2,Single,16084,18561,1,Y,No,12,3,3,80,0,25,2,3,18,8,8,11
460,41,No,Travel_Rarely,1276,Research & Development,10,3,Medical,1,3,Female,74,3,2,Healthcare Representative,3,Married,11925,23268,3,Y,No,16,3,3,80,1,16,6,3,4,0,0,0
461,40,No,Travel_Rarely,362,Research & Development,10,4,Life Sciences,1,2,Male,51,3,1,Human Resources,4,Married,5065,11588,3,Y,Yes,12,3,1,80,1,0,1,3,3,0,0,1
462,44,No,Travel_Rarely,1094,Research & Development,10,3,Life Sciences,1,4,Male,94,2,5,Research Director,2,Married,16892,10677,4,Y,No,11,3,4,80,0,36,3,3,25,8,15,9
463,54,Yes,Travel_Rarely,470,Research & Development,17,4,Life Sciences,1,2,Female,79,3,1,Research Scientist,2,Married,3736,5568,6,Y,Yes,18,3,1,80,2,6,2,3,5,4,9,3
464,40,No,Travel_Frequently,693,Research & Development,2,4,Life Sciences,1,3,Male,78,2,4,Healthcare Representative,2,Married,18811,15731,1,Y,No,22,4,4,80,1,32,3,2,39,5,14,10
465,20,No,Travel_Rarely,502,Research & Development,28,3,Medical,1,2,Male,86,1,1,Research Scientist,4,Married,1847,22931,1,Y,Yes,12,3,2,80,2,5,3,3,5,3,1,2
466,34,No,Travel_Rarely,963,Research & Development,7,4,Life Sciences,1,2,Male,93,4,2,Research Scientist,4,Single,6084,14831,1,Y,No,13,3,2,80,0,13,3,3,20,17,6,5
467,20,Yes,Non-Travel,543,Human Resources,9,3,Marketing,1,3,Female,66,2,1,Sales Representative,4,Divorced,1738,8534,8,Y,No,12,3,3,80,1,8,5,2,4,1,1,3
468,43,No,Travel_Rarely,531,Research & Development,2,2,Life Sciences,1,3,Female,92,3,1,Sales Representative,1,Married,1639,26522,4,Y,No,19,3,4,80,1,1,1,2,2,5,0,4
469,58,No,Non-Travel,1128,Human Resources,7,3,Medical,1,1,Male,93,3,5,Manager,2,Married,16359,6030,1,Y,No,12,3,3,80,1,23,2,3,35,5,10,9
470,45,No,Non-Travel,477,Research & Development,4,4,Life Sciences,1,1,Male,70,2,2,Manufacturing Director,3,Married,5490,18497,8,Y,No,12,3,4,80,1,10,0,3,7,3,13,5
471,28,No,Travel_Rarely,1342,Research & Development,2,3,Life Sciences,1,1,Male,74,2,1,Research Scientist,3,Divorced,3169,9109,1,Y,No,13,3,4,80,1,7,2,4,1,0,0,1
472,19,Yes,Travel_Rarely,489,Sales,17,5,Life Sciences,1,4,Female,45,2,3,Sales Executive,1,Married,8782,10308,1,Y,No,14,3,1,80,1,11,3,4,9,8,8,10
473,24,No,Travel_Rarely,816,Research & Development,2,1,Life Sciences,1,2,Male,48,2,2,Healthcare Representative,3,Single,3696,13926,1,Y,No,11,3,2,80,0,0,2,2,1,3,2,2
474,40,No,Travel_Frequently,987,Research & Development,15,1,Medical,1,1,Female,97,3,3,Healthcare Representative,3,Married,7394,12454,8,Y,No,11,3,4,80,0,26,3,2,0,2,2,2
475,32,No,Travel_Rarely,361,Research & Development,15,3,Medical,1,2,Male,73,1,1,Sales Representative,2,Married,1384,15720,1,Y,No,17,3,4,80,2,13,1,3,13,11,1,13
476,36,No,Travel_Frequently,541,Research & Development,27,4,Life Sciences,1,3,Male,89,1,1,Sales Representative,4,Married,5128,6837,4,Y,No,15,3,4,80,3,2,2,3,1,0,0,1
477,33,No,Travel_Rarely,924,Sales,2,2,Life Sciences,1,2,Male,62,3,2,Sales Executive,4,Married,7068,7820,1,Y,Yes,14,3,4,80,1,12,4,2,21,11,10,9
478,23,Yes,Travel_Frequently,224,Research & Development,24,2,Other,1,3,Female,97,3,3,Healthcare Representative,4,Single,9067,22875,0,Y,Yes,12,3,1,80,0,9,1,3,8,10,8,11
479,50,No,Non-Travel,1383,Human Resources,1,4,Human Resources,1,3,Female,44,2,5,Manager,4,Married,18210,21368,2,Y,No,23,4,4,80,1,21,3,3,4,2,1,3
480,32,No,Travel_Rarely,761,Research & Development,5,4,Life Sciences,1,3,Male,95,2,2,Healthcare Representative,2,Single,5520,18440,2,Y,No,19,3,3,80,0,10,5,3,0,2,0,0
481,41,No,Travel_Rarely,1402,Sales,6,3,Medical,1,4,Male,44,1,3,Sales Executive,3,Married,10475,3493,7,Y,No,11,3,1,80,1,10,3,3,8,9,4,5
482,52,No,Travel_Rarely,797,Human Resources,6,1,Medical,1,2,Male,48,3,1,Sales Representative,3,Married,2037,21258,5,Y,No,18,3,4,80,0,2,2,2,2,2,2,3
483,31,No,Non-Travel,450,Research & Development,1,3,Life Sciences,1,4,Male,79,4,2,Healthcare Representative,3,Single,5544,24604,2,Y,Yes,12,3,4,80,0,10,6,4,0,1,0,4
484,31,No,Travel_Rarely,326,Sales,24,4,Marketing,1,1,Female,89,2,2,Sales Executive,4,Married,5892,9739,1,Y,No,14,3,1,80,3,13,3,3,11,7,12,7
485,46,No,Travel_Rarely,944,Research & Development,5,4,Life Sciences,1,4,Female,71,2,2,Research Scientist,1,Divorced,3952,21363,7,Y,Yes,21,4,1,80,3,31,2,3,17,11,1,5
486,51,No,Travel_Rarely,1123,Research & Development,1,4,Medical,1,2,Male,92,1,4,Research Director,4,Divorced,17881,12268,7,Y,No,13,3,4,80,3,19,1,1,6,8,0,0
487,25,No,Travel_Rarely,1417,Sales,20,3,Technical Degree,1,3,Female,30,2,2,Sales Executive,4,Married,4368,25951,5,Y,Yes,18,3,3,80,1,8,2,2,1,2,0,0
488,39,No,Travel_Rarely,1252,Research & Development,1,1,Medical,1,2,Female,86,4,2,Healthcare Representative,3,Divorced,6497,13754,5,Y,No,21,4,2,80,3,13,4,3,15,12,4,8
489,35,Yes,Travel_Rarely,239,Research & Development,16,4,Life Sciences,1,1,Male,82,3,1,Human Resources,4,Single,1932,16477,1,Y,Yes,24,4,3,80,0,2,2,4,4,0,0,0
490,51,No,Travel_Frequently,302,Research & Development,28,4,Medical,1,3,Male,56,3,2,Healthcare Representative,2,Married,6404,12109,3,Y,Yes,14,3,4,80,2,18,3,3,6,7,15,6
491,20,No,Travel_Rarely,801,Research & Development,9,3,Medical,1,4,Female,89,3,3,Manufacturing Director,2,Divorced,9767,5391,0,Y,No,19,3,2,80,2,11,3,2,15,7,1,5
492,28,No,Travel_Rarely,646,Sales,20,5,Medical,1,2,Female,51,2,2,Sales Representative,3,Married,4966,4244,1,Y,No,25,4,4,80,1,9,4,3,13,7,3,6
493,60,No,Travel_Frequently,201,Sales,1,3,Technical Degree,1,3,Female,47,2,3,Sales Executive,2,Married,8926,23026,7,Y,No,11,3,1,80,1,35,2,3,15,7,7,17
494,32,No,Travel_Rarely,335,Research & Development,21,3,Life Sciences,1,2,Male,66,1,1,Research Scientist,1,Married,3859,25216,1,Y,Yes,12,3,1,80,1,1,3,2,6,10,2,11
495,36,No,Travel_Rarely,801,Research & Development,22,3,Life Sciences,1,4,Female,88,2,3,Healthcare Representative,2,Single,10778,22085,1,Y,No,19,3,4,80,0,9,3,1,11,6,11,3
496,50,No,Travel_Rarely,586,Research & Development,8,3,Life Sciences,1,3,Female,65,3,1,Research Scientist,1,Divorced,4084,18002,4,Y,Yes,18,3,3,80,1,20,3,3,4,1,1,4
497,56,No,Travel_Rarely,1038,Research & Development,25,4,Life Sciences,1,1,Male,98,3,1,Research Scientist,3,Divorced,1620,20307,1,Y,No,12,3,4,80,3,1,3,3,4,1,1,4
498,44,No,Travel_Rarely,1061,Research & Development,3,2,Other,1,4,Male,91,2,5,Manager,4,Single,14984,24501,8,Y,No,22,4,4,80,0,29,2,3,0,0,0,0
499,37,No,Travel_Rarely,913,Research & Development,6,4,Life Sciences,1,3,Male,61,1,1,Laboratory Technician,3,Divorced,2932,4127,1,Y,No,14,3,3,80,1,6,6,3,7,8,1,9
500,39,No,Travel_Frequently,867,Research & Development,23,3,Medical,1,4,Female,86,3,3,Manufacturing Director,1,Single,10563,2437,1,Y,Yes,13,3,3,80,0,40,2,3,21,6,1,10
501,44,No,Non-Travel,1204,Research & Development,1,5,Medical,1,2,Male,88,3,3,Manufacturing Director,3,Single,9674,15006,8,Y,Yes,16,3,2,80,0,12,2,2,1,1,1,2
502,44,No,Travel_Rarely,649,Sales,2,4,Technical Degree,1,2,Female,70,1,2,Human Resources,4,Married,6127,8255,9,Y,Yes,23,4,1,80,2,32,5,2,0,1,0,2
503,40,No,Travel_Rarely,1093,Sales,2,1,Medical,1,2,Male,65,4,2,Sales Executive,4,Married,8910,10688,7,Y,Yes,21,4,3,80,2,8,2,2,3,5,0,2
504,38,No,Non-Travel,990,Research & Development,4,5,Medical,1,4,Male,73,3,2,Human Resources,3,Divorced,7127,18535,3,Y,Yes,14,3,2,80,1,9,3,3,6,8,13,8
505,36,No,Travel_Rarely,980,Research & Development,1,3,Other,1,2,Female,65,3,3,Manufacturing Director,4,Single,9196,22968,4,Y,No,16,3,4,80,0,17,3,4,8,3,2,4
506,38,No,Travel_Rarely,1469,Sales,1,2,Life Sciences,1,2,Female,93,3,4,Manager,1,Married,13947,3676,7,Y,No,19,3,2,80,1,33,2,3,19,17,4,5
507,54,No,Travel_Rarely,260,Research & Development,20,4,Human Resources,1,1,Female,79,3,4,Research Director,2,Married,19639,2553,3,Y,No,16,3,2,80,3,21,2,3,2,1,2,4
508,46,No,Travel_Rarely,410,Research & Development,9,1,Marketing,1,3,Male,60,3,5,Manager,4,Married,17088,4044,1,Y,No,12,3,4,80,0,21,3,3,26,15,15,13
509,27,No,Travel_Frequently,1475,Research & Development,1,3,Life Sciences,1,3,Female,67,1,2,Laboratory Technician,4,Married,5500,18764,0,Y,No,12,3,1,80,2,9,4,3,13,7,12,10
510,34,No,Travel_Rarely,1091,Research & Development,4,2,Life Sciences,1,4,Male,37,1,1,Sales Representative,4,Married,1654,2692,1,Y,No,17,3,4,80,0,7,2,3,1,0,0,1
511,36,Yes,Travel_Rarely,643,Research & Development,2,3,Life Sciences,1,4,Male,60,2,1,Human Resources,3,Single,4520,9300,0,Y,Yes,13,3,4,80,0,6,2,1,1,1,1,3
512,37,No,Travel_Rarely,518,Research & Development,1,3,Human Resources,1,4,Male,69,3,1,Research Scientist,1,Single,1249,11131,1,Y,No,14,3,4,80,0,6,4,3,1,1,1,3
513,20,No,Travel_Rarely,1175,Research & Development,21,1,Life Sciences,1,3,Male,93,1,1,Research Scientist,3,Married,2589,24091,1,Y,No,20,4,3,80,1,10,3,3,11,6,0,8
514,27,No,Travel_Rarely,1205,Sales,10,3,Marketing,1,4,Male,89,3,1,Laboratory Technician,2,Divorced,3414,18961,1,Y,No,14,3,4,80,2,4,2,3,4,2,2,4
515,36,No,Travel_Rarely,516,Sales,9,2,Medical,1,4,Female,76,2,2,Sales Executive,4,Married,11524,15299,3,Y,Yes,12,3,3,80,0,11,3,2,1,1,0,0
516,42,No,Travel_Rarely,1193,Research & Development,26,4,Technical Degree,1,3,Female,60,3,1,Research Scientist,1,Married,2671,19138,9,Y,No,11,3,4,80,1,9,3,2,7,1,15,9
517,35,No,Travel_Rarely,1359,Research & Development,12,3,Medical,1,2,Female,78,3,1,Research Scientist,2,Married,3932,12520,1,Y,No,11,3,1,80,1,5,2,1,5,5,3,8
518,50,No,Travel_Rarely,1152,Research & Development,2,5,Life Sciences,1,1,Female,91,3,1,Research Scientist,1,Married,2974,11184,7,Y,No,25,4,4,80,1,1,3,1,3,2,1,1
519,31,No,Travel_Rarely,1479,Sales,12,3,Medical,1,3,Female,98,1,1,Laboratory Technician,4,Married,2405,4305,8,Y,No,13,3,2,80,1,8,1,3,2,0,0,1
520,47,No,Travel_Rarely,1287,Research & Development,2,4,Life Sciences,1,3,Male,33,2,1,Research Scientist,3,Single,2713,3988,9,Y,No,14,3,4,80,0,5,2,3,2,2,1,3
521,36,No,Travel_Rarely,741,Sales,3,2,Life Sciences,1,4,Female,47,4,2,Sales Executive,4,Single,7023,19802,5,Y,No,12,3,1,80,0,3,3,3,1,1,2,2
522,48,No,Travel_Rarely,156,Research & Development,7,3,Life Sciences,1,2,Male,64,3,2,Human Resources,2,Divorced,1965,10987,9,Y,No,17,3,3,80,1,30,2,4,16,6,0,12
523,18,No,Travel_Frequently,1275,Research & Development,3,4,Medical,1,2,Male,71,3,3,Research Director,3,Divorced,14008,10977,2,Y,No,12,3,1,80,1,10,3,3,0,2,2,4
524,51,No,Non-Travel,390,Sales,1,3,Medical,1,2,Male,32,3,4,Manager,2,Divorced,13858,20163,4,Y,No,20,4,4,80,1,30,0,2,20,9,5,15
525,32,No,Travel_Frequently,118,Sales,7,2,Life Sciences,1,2,Male,46,3,2,Sales Executive,2,Married,5728,11751,1,Y,No,14,3,4,80,1,10,3,3,12,6,14,4
526,28,No,Travel_Frequently,512,Research & Development,20,5,Medical,1,4,Male,50,3,1,Sales Representative,4,Married,4371,7624,1,Y,No,14,3,2,80,0,10,3,4,15,7,13,7
527,34,No,Travel_Frequently,1223,Research & Development,11,3,Life Sciences,1,2,Male,97,2,2,Manufacturing Director,2,Single,6955,21391,1,Y,No,13,3,3,80,0,3,3,3,7,5,0,4
528,35,Yes,Travel_Rarely,563,Sales,7,2,Life Sciences,1,3,Male,48,2,3,Sales Executive,4,Married,10825,5172,1,Y,Yes,12,3,1,80,1,15,5,3,16,10,15,11
529,29,Yes,Travel_Frequently,1360,Sales,6,3,Marketing,1,2,Male,75,3,1,Sales Representative,2,Single,3313,6043,1,Y,Yes,13,3,4,80,0,2,3,3,1,0,0,0
530,24,No,Travel_Frequently,631,Research & Development,2,2,Other,1,1,Female,38,3,1,Research Scientist,4,Single,5053,14903,1,Y,Yes,13,3,3,80,0,8,2,3,7,4,2,3
531,35,No,Travel_Rarely,1216,Research & Development,11,1,Life Sciences,1,4,Male,70,4,1,Research Scientist,4,Single,3890,15316,3,Y,No,16,3,1,80,0,5,2,3,3,0,0,1
532,35,Yes,Non-Travel,175,Sales,5,5,Marketing,1,4,Female,47,1,1,Laboratory Technician,3,Divorced,2618,13224,0,Y,No,17,3,4,80,1,8,3,2,0,2,1,1
533,32,No,Travel_Rarely,423,Sales,21,2,Medical,1,3,Female,58,3,2,Sales Executive,1,Single,5913,20053,1,Y,No,12,3,4,80,0,9,5,1,12,8,9,7
534,33,Yes,Non-Travel,1359,Sales,13,4,Marketing,1,4,Male,64,4,2,Sales Executive,3,Married,4407,20300,6,Y,No,11,3,4,80,0,2,2,3,1,1,2,3
535,20,No,Travel_Rarely,1232,Sales,8,3,Medical,1,2,Female,76,3,1,Human Resources,2,Married,1680,5796,1,Y,No,16,3,4,80,1,7,3,3,0,0,0,0
536,20,Yes,Non-Travel,128,Research & Development,22,2,Medical,1,3,Male,75,2,1,Sales Representative,2,Single,3634,13379,0,Y,No,11,3,2,80,0,2,2,4,6,4,1,2
537,47,No,Travel_Rarely,476,Sales,4,4,Other,1,3,Male,31,3,2,Sales Executive,2,Married,6031,22056,0,Y,No,11,3,4,80,1,10,2,3,13,8,9,4
538,32,No,Travel_Rarely,1461,Research & Development,8,3,Medical,1,3,Female,36,2,3,Manager,1,Single,12680,5867,8,Y,No,11,3,4,80,0,16,5,3,13,8,12,11
539,26,No,Travel_Rarely,146,Research & Development,3,1,Life Sciences,1,1,Female,84,3,4,Research Director,2,Single,18429,11737,3,Y,No,12,3,3,80,0,10,3,4,4,1,2,1
540,36,Yes,Travel_Rarely,841,Human Resources,7,4,Marketing,1,3,Male,55,3,1,Human Resources,1,Divorced,2264,23452,4,Y,Yes,20,4,4,80,0,4,3,3,4,2,0,2
541,45,No,Non-Travel,713,Research & Development,7,4,Medical,1,2,Female,99,3,3,Research Director,3,Single,13062,15139,5,Y,No,19,3,3,80,0,22,3,2,19,6,1,13
542,57,No,Travel_Rarely,1053,Sales,3,3,Technical Degree,1,1,Male,71,3,4,Sales Executive,4,Married,10387,20750,9,Y,No,14,3,3,80,1,28,3,3,0,0,2,3
543,39,No,Travel_Rarely,830,Sales,1,2,Human Resources,1,2,Male,58,4,2,Sales Executive,2,Married,9861,17193,3,Y,No,11,3,4,80,0,17,3,3,3,2,1,3
544,48,No,Travel_Rarely,863,Sales,11,4,Other,1,3,Male,80,2,3,Sales Executive,3,Divorced,8907,2258,0,Y,Yes,14,3,2,80,3,10,2,3,5,6,1,8
545,44,No,Travel_Rarely,115,Research & Development,13,4,Life Sciences,1,2,Male,50,3,1,Human Resources,4,Married,5068,12927,3,Y,Yes,11,3,1,80,1,3,6,3,4,0,0,1
546,34,No,Travel_Frequently,1285,Research & Development,7,4,Life Sciences,1,1,Male,56,1,1,Human Resources,2,Married,1360,11875,1,Y,No,21,4,2,80,0,7,3,3,5,4,0,3
547,36,No,Travel_Rarely,186,Sales,1,2,Medical,1,2,Male,67,2,3,Sales Executive,3,Married,12518,6274,1,Y,No,13,3,2,80,3,9,2,3,15,10,9,1
548,30,No,Travel_Rarely,351,Sales,9,5,Life Sciences,1,1,Male,30,3,3,Sales Executive,4,Divorced,8483,12873,1,Y,No,19,3,1,80,1,14,6,3,9,7,3,8
549,30,No,Travel_Rarely,993,Research & Development,2,3,Life Sciences,1,1,Female,93,3,1,Research Scientist,4,Divorced,4889,3000,1,Y,No,19,3,1,80,3,1,1,3,0,2,1,2
550,33,No,Travel_Rarely,744,Human Resources,8,4,Technical Degree,1,3,Male,96,3,1,Human Resources,3,Single,4575,6117,1,Y,No,19,3,2,80,0,7,2,1,5,4,1,3
551,34,No,Travel_Rarely,846,Research & Development,4,4,Life Sciences,1,3,Female,55,2,1,Research Scientist,4,Married,3158,15131,1,Y,No,14,3,3,80,1,3,2,2,3,2,0,3
552,25,No,Travel_Rarely,1297,Human Resources,3,5,Medical,1,4,Female,82,1,1,Sales Representative,2,Single,2950,20186,6,Y,No,19,3,4,80,0,8,3,3,3,2,0,2
553,52,No,Travel_Rarely,933,Sales,1,4,Medical,1,4,Female,64,3,5,Manager,4,Divorced,14749,24781,3,Y,No,12,3,3,80,1,35,3,2,8,0,0,6
554,20,No,Non-Travel,600,Research & Development,9,3,Medical,1,4,Male,57,3,1,Research Scientist,2,Divorced,1387,6981,7,Y,No,18,3,4,80,1,0,1,4,2,1,1,4
555,32,No,Travel_Rarely,1221,Sales,1,4,Life Sciences,1,3,Male,72,3,1,Sales Representative,4,Single,3428,14218,3,Y,Yes,22,4,4,80,0,1,3,2,4,1,2,3
556,30,No,Travel_Rarely,1256,Sales,2,3,Medical,1,1,Male,70,2,2,Sales Executive,2,Married,7214,5472,6,Y,No,15,3,2,80,3,9,2,3,3,0,0,0
557,36,No,Travel_Rarely,1300,Sales,3,2,Life Sciences,1,3,Female,60,3,1,Laboratory Technician,2,Married,3456,25193,2,Y,No,12,3,1,80,1,4,5,3,3,3,1,4
558,22,No,Travel_Rarely,1203,Research & Development,15,2,Medical,1,4,Female,35,2,2,Manufacturing Director,3,Divorced,3653,20544,1,Y,No,19,3,2,80,3,3,0,3,2,1,8,3
559,41,Yes,Non-Travel,165,Research & Development,1,3,Life Sciences,1,1,Male,89,3,4,Healthcare Representative,4,Divorced,10303,9974,7,Y,No,11,3,4,80,2,32,0,3,20,9,11,5
560,59,No,Travel_Rarely,1474,Research & Development,13,4,Life Sciences,1,4,Female,82,3,2,Laboratory Technician,3,Married,1546,22757,8,Y,No,24,4,2,80,1,11,3,3,6,1,2,2
561,35,No,Travel_Rarely,1081,Sales,28,3,Medical,1,3,Female,85,3,2,Sales Executive,3,Married,3509,5061,1,Y,No,15,3,2,80,0,3,3,3,8,1,2,0
562,36,No,Travel_Rarely,260,Research & Development,19,3,Life Sciences,1,4,Male,34,4,1,Human Resources,3,Single,4121,15064,0,Y,No,18,3,3,80,0,1,2,3,6,4,3,4
563,33,No,Travel_Rarely,225,Sales,18,3,Life Sciences,1,4,Male,72,4,3,Sales Executive,3,Married,9719,2427,3,Y,No,13,3,3,80,1,9,2,1,0,4,0,3
564,48,No,Non-Travel,130,Research & Development,7,3,Life Sciences,1,4,Male,95,3,5,Manager,4,Single,17422,15204,9,Y,No,14,3,3,80,0,26,3,2,5,0,1,4
565,53,No,Travel_Rarely,1381,Research & Development,13,1,Other,1,4,Female,81,2,4,Manufacturing Director,2,Single,14367,22564,3,Y,No,15,3,2,80,0,38,6,2,6,2,0,2
566,18,No,Travel_Rarely,825,Research & Development,5,3,Medical,1,3,Female,75,3,1,Research Scientist,3,Divorced,2496,10150,9,Y,No,18,3,2,80,1,3,2,3,4,2,1,2
567,55,No,Travel_Rarely,941,Research & Development,8,3,Human Resources,1,1,Female,46,3,3,Manager,3,Married,17671,21502,8,Y,No,11,3,4,80,0,16,2,3,0,2,1,2
568,35,Yes,Travel_Frequently,653,Research & Development,9,3,Life Sciences,1,1,Male,54,4,2,Human Resources,3,Single,6756,24948,1,Y,Yes,22,4,4,80,0,11,3,3,15,7,0,5
569,60,No,Travel_Rarely,728,Research & Development,1,4,Medical,1,4,Male,93,3,2,Healthcare Representative,3,Married,5331,6913,5,Y,No,12,3,3,80,0,15,2,3,1,1,1,4
570,60,No,Travel_Rarely,993,Human Resources,9,3,Life Sciences,1,3,Male,100,3,4,Manager,2,Divorced,15860,19746,1,Y,Yes,12,3,2,80,1,20,2,3,23,7,0,8
571,32,Yes,Travel_Rarely,107,Sales,16,3,Life Sciences,1,1,Female,70,3,3,Sales Executive,1,Single,11146,12038,6,Y,Yes,23,4,3,80,0,9,2,2,0,0,0,0
572,44,No,Travel_Rarely,1158,Research & Development,2,3,Medical,1,3,Male,35,1,3,Healthcare Representative,4,Divorced,10797,11662,0,Y,No,18,3,1,80,3,31,0,2,19,7,5,9
573,34,No,Non-Travel,1194,Research & Development,11,3,Life Sciences,1,2,Male,81,2,2,Manufacturing Director,2,Single,6766,25543,1,Y,No,14,3,3,80,0,6,3,3,8,3,0,3
574,36,No,Travel_Rarely,698,Sales,2,4,Life Sciences,1,3,Female,41,3,2,Human Resources,4,Single,3571,2984,3,Y,No,18,3,3,80,0,15,2,2,10,7,11,6
575,38,No,Non-Travel,929,Research & Development,4,1,Life Sciences,1,3,Male,61,3,2,Laboratory Technician,2,Married,3708,26753,1,Y,No,11,3,2,80,0,11,1,2,9,9,0,7
576,38,No,Travel_Frequently,1110,Research & Development,2,2,Medical,1,1,Male,65,2,4,Manager,4,Married,14056,22206,9,Y,No,23,4,4,80,1,34,5,3,18,10,11,9
577,21,No,Non-Travel,1044,Research & Development,1,4,Medical,1,4,Male,33,3,1,Sales Representative,3,Single,1175,5344,0,Y,Yes,11,3,3,80,0,7,2,2,4,1,0,3
578,29,No,Travel_Frequently,829,Sales,12,5,Life Sciences,1,4,Female,78,3,1,Laboratory Technician,2,Married,2757,6184,1,Y,No,13,3,3,80,1,2,2,3,4,0,0,0
579,19,Yes,Travel_Rarely,1409,Research & Development,24,3,Technical Degree,1,3,Male,51,2,1,Sales Representative,4,Divorced,2070,17431,6,Y,No,11,3,1,80,1,8,2,2,0,2,0,3
580,19,No,Travel_Rarely,1250,Research & Development,13,3,Medical,1,1,Female,58,3,3,Manufacturing Director,3,Single,8291,5138,8,Y,No,14,3,2,80,0,10,3,3,7,7,0,4
581,35,No,Travel_Rarely,467,Research & Development,4,4,Life Sciences,1,1,Female,81,3,2,Research Scientist,4,Married,6457,17822,1,Y,Yes,11,3,4,80,1,4,2,2,5,5,0,9
582,27,No,Travel_Rarely,489,Sales,9,1,Other,1,4,Male,64,3,1,Human Resources,2,Single,2973,14709,0,Y,No,13,3,1,80,0,7,3,3,2,2,2,3
583,48,Yes,Travel_Rarely,127,Sales,5,3,Human Resources,1,1,Male,41,3,3,Sales Executive,4,Divorced,11288,15102,4,Y,No,11,3,1,80,1,26,5,4,5,7,9,3
584,33,No,Non-Travel,1224,Research & Development,11,1,Medical,1,3,Male,71,2,3,Healthcare Representative,1,Married,11919,8928,6,Y,Yes,14,3,3,80,1,11,3,3,3,0,2,4
585,34,No,Non-Travel,572,Research & Development,22,4,Life Sciences,1,3,Female,85,2,1,Research Scientist,4,Single,1508,13203,1,Y,No,19,3,3,80,0,5,3,3,6,2,1,2
586,46,No,Travel_Rarely,919,Human Resources,20,4,Medical,1,2,Male,51,3,1,Human Resources,2,Single,2703,11294,1,Y,No,18,3,1,80,0,6,3,3,5,3,0,2
587,58,No,Travel_Rarely,673,Research & Development,9,2,Marketing,1,1,Female,43,3,3,Human Resources,2,Married,8617,22430,4,Y,No,12,3,3,80,1,22,3,2,26,7,2,7
588,22,No,Travel_Rarely,870,Research & Development,6,5,Medical,1,4,Male,97,2,1,Research Scientist,3,Single,2806,11649,1,Y,No,18,3,1,80,0,7,4,4,4,1,1,0
589,36,No,Non-Travel,1257,Sales,22,1,Medical,1,1,Male,41,3,3,Sales Executive,2,Single,10849,6919,1,Y,Yes,14,3,4,80,0,10,2,3,13,0,0,7
590,33,Yes,Travel_Rarely,1083,Research & Development,1,4,Life Sciences,1,4,Male,84,3,1,Human Resources,2,Single,1959,26132,1,Y,No,11,3,1,80,0,0,2,3,2,0,0,1
591,35,No,Travel_Rarely,445,Research & Development,9,2,Life Sciences,1,4,Male,76,3,2,Healthcare Representative,3,Single,5515,22073,6,Y,Yes,18,3,1,80,0,14,1,3,4,0,0,0
592,45,No,Travel_Frequently,981,Research & Development,5,2,Medical,1,4,Male,78,3,2,Sales Representative,3,Divorced,5678,13962,3,Y,Yes,14,3,2,80,1,11,3,3,5,7,9,8
593,40,No,Travel_Rarely,710,Sales,2,3,Marketing,1,4,Male,55,3,2,Sales Executive,2,Married,4898,13896,0,Y,No,15,3,2,80,1,9,3,1,5,7,7,7
594,48,No,Travel_Rarely,322,Human Resources,7,3,Marketing,1,3,Female,43,1,2,Human Resources,2,Married,5747,15427,7,Y,No,15,3,3,80,1,18,3,4,7,4,14,10
595,24,No,Non-Travel,1166,Research & Development,9,3,Life Sciences,1,3,Male,67,2,1,Laboratory Technician,2,Divorced,1229,20106,1,Y,No,11,3,3,80,3,1,0,3,4,0,0,1
596,46,No,Travel_Rarely,507,Sales,1,4,Other,1,2,Female,86,3,5,Manager,1,Single,13172,24295,3,Y,No,11,3,4,80,0,23,2,2,2,1,1,0
597,57,No,Travel_Frequently,243,Research & Development,20,2,Medical,1,4,Female,58,4,4,Manufacturing Director,3,Married,18558,11349,9,Y,Yes,11,3,2,80,1,40,3,2,8,5,0,3
598,32,No,Travel_Rarely,908,Research & Development,9,4,Life Sciences,1,2,Female,85,2,1,Research Scientist,1,Married,1190,10716,8,Y,Yes,14,3,4,80,1,6,3,1,3,2,0,0
599,32,No,Travel_Rarely,779,Research & Development,3,4,Life Sciences,1,3,Male,67,1,1,Human Resources,3,Divorced,1932,5487,1,Y,No,13,3,3,80,1,5,0,3,8,7,2,6
600,23,No,Travel_Rarely,880,Sales,23,2,Marketing,1,3,Male,86,2,3,Sales Executive,1,Divorced,7206,4659,7,Y,No,12,3,1,80,1,16,2,3,5,6,2,9
601,45,No,Travel_Rarely,389,Research & Development,1,5,Life Sciences,1,3,Female,32,3,1,Research Scientist,1,Single,1654,19191,3,Y,No,19,3,4,80,0,0,3,2,4,0,0,1
602,25,No,Travel_Rarely,197,Sales,2,2,Technical Degree,1,3,Male,75,3,1,Human Resources,2,Married,3033,18099,1,Y,No,19,3,1,80,1,3,3,3,1,0,0,0
603,49,No,Travel_Rarely,873,Research & Development,6,5,Life Sciences,1,1,Male,96,3,5,Research Director,2,Divorced,15382,19316,3,Y,No,14,3,1,80,3,25,1,2,13,4,2,7
604,31,No,Travel_Frequently,555,Research & Development,1,2,Life Sciences,1,1,Female,70,1,1,Human Resources,4,Divorced,5145,6131,3,Y,No,14,3,1,80,1,7,2,3,0,2,1,0
605,43,No,Travel_Rarely,109,Research & Development,1,3,Medical,1,4,Female,63,2,1,Human Resources,1,Divorced,3276,4757,0,Y,Yes,12,3,3,80,1,11,1,3,15,10,15,9
606,39,No,Travel_Rarely,1014,Research & Development,6,3,Life Sciences,1,3,Male,98,1,5,Research Director,4,Married,19256,13882,3,Y,No,14,3,2,80,1,26,2,3,6,10,0,6
607,47,No,Travel_Rarely,600,Research & Development,3,1,Life Sciences,1,2,Male,64,3,1,Research Scientist,1,Married,2160,2675,1,Y,Yes,13,3,4,80,0,8,1,3,6,6,14,0
608,28,Yes,Travel_Rarely,200,Sales,1,3,Medical,1,2,Female,53,2,1,Human Resources,3,Divorced,1600,19803,9,Y,Yes,19,3,3,80,2,0,3,3,1,2,0,3
609,31,Yes,Travel_Frequently,945,Research & Development,17,3,Medical,1,3,Male,79,3,1,Sales Representative,3,Married,2212,3189,1,Y,No,12,3,3,80,1,0,5,2,1,1,2,3
610,32,No,Travel_Rarely,444,Sales,7,2,Life Sciences,1,4,Female,46,1,2,Sales Executive,4,Single,7282,23969,2,Y,No,12,3,1,80,0,4,3,3,4,1,1,3
611,40,Yes,Non-Travel,880,Research & Development,20,3,Life Sciences,1,4,Male,41,3,1,Laboratory Technician,3,Divorced,2573,22038,3,Y,Yes,20,4,4,80,1,36,0,4,3,0,0,0
612,60,No,Travel_Rarely,442,Research & Development,2,3,Life Sciences,1,3,Female,76,2,4,Manufacturing Director,4,Single,12824,25039,3,Y,Yes,14,3,1,80,0,35,6,3,5,5,9,2
613,19,No,Travel_Rarely,276,Sales,7,2,Marketing,1,3,Male,63,3,3,Sales Executive,3,Divorced,6077,9194,5,Y,No,12,3,1,80,1,11,2,1,8,5,11,8
614,58,No,Travel_Rarely,210,Sales,1,5,Medical,1,4,Female,42,3,2,Sales Executive,1,Single,11546,5876,9,Y,No,24,4,4,80,0,14,2,4,12,9,5,11
615,23,No,Travel_Rarely,157,Sales,10,5,Human Resources,1,4,Female,37,2,2,Sales Executive,2,Divorced,8859,13484,1,Y,Yes,14,3,1,80,2,8,2,3,5,8,2,9
616,43,No,Travel_Rarely,431,Research & Development,26,3,Life Sciences,1,3,Female,89,3,3,Manufacturing Director,4,Single,8489,23843,2,Y,Yes,16,3,4,80,0,12,2,2,3,1,12,2
617,47,No,Travel_Rarely,1208,Research & Development,11,4,Life Sciences,1,4,Female,38,1,1,Laboratory Technician,3,Married,3421,26354,3,Y,Yes,13,3,3,80,1,10,3,3,8,6,2,10
618,36,No,Travel_Rarely,965,Research & Development,8,4,Life Sciences,1,3,Male,99,2,2,Healthcare Representative,2,Single,5436,15452,7,Y,No,19,3,3,80,0,10,5,3,1,1,0,0
619,34,Yes,Travel_Rarely,114,Sales,21,3,Life Sciences,1,3,Male,88,3,2,Sales Executive,4,Single,6251,11647,1,Y,Yes,19,3,4,80,0,10,2,3,13,8,14,8
620,28,No,Travel_Rarely,518,Research & Development,22,3,Medical,1,2,Female,66,3,1,Human Resources,4,Single,2904,26427,1,Y,No,19,3,3,80,0,3,0,3,4,0,0,1
621,26,Yes,Travel_Rarely,269,Sales,13,3,Life Sciences,1,3,Female,92,1,1,Laboratory Technician,2,Single,3316,25399,1,Y,No,19,3,4,80,0,4,0,3,0,0,0,0
622,33,No,Travel_Rarely,1284,Sales,10,4,Life Sciences,1,3,Female,85,3,1,Human Resources,3,Married,3013,16967,1,Y,Yes,16,3,4,80,1,0,2,3,4,1,0,1
623,40,No,Travel_Rarely,1020,Research & Development,7,4,Life Sciences,1,3,Male,83,3,1,Laboratory Technician,1,Married,3079,5249,6,Y,No,20,4,4,80,1,3,2,3,5,0,1,2
624,35,No,Travel_Frequently,607,Research & Development,7,4,Life Sciences,1,4,Female,79,3,3,Manager,2,Married,11683,21757,7,Y,No,12,3,2,80,3,12,2,3,15,7,8,6
625,43,No,Travel_Rarely,1331,Research & Development,2,4,Human Resources,1,1,Male,96,2,2,Healthcare Representative,4,Single,5708,19167,3,Y,No,23,4,2,80,0,18,0,3,4,0,0,1
626,33,No,Travel_Rarely,1348,Research & Development,9,2,Life Sciences,1,4,Male,66,3,2,Laboratory Technician,2,Single,6615,10124,9,Y,No,16,3,4,80,0,13,3,4,10,18,13,7
627,36,No,Travel_Rarely,559,Research & Development,27,3,Life Sciences,1,2,Female,53,2,1,Research Scientist,4,Married,1945,25154,1,Y,No,12,3,2,80,0,11,3,3,11,7,3,9
628,43,No,Travel_Frequently,1273,Human Resources,1,4,Marketing,1,4,Male,95,3,1,Sales Representative,2,Married,1627,3366,0,Y,Yes,11,3,2,80,1,1,2,3,6,1,1,4
629,42,No,Travel_Frequently,717,Research & Development,26,2,Life Sciences,1,1,Female,88,3,2,Research Scientist,3,Divorced,4018,12706,5,Y,No,11,3,2,80,1,19,3,3,5,4,0,4
630,43,No,Travel_Frequently,1476,Research & Development,23,3,Medical,1,2,Female,67,3,2,Research Scientist,2,Divorced,7227,9455,1,Y,No,11,3,1,80,1,36,2,3,16,10,1,14
631,47,No,Travel_Rarely,1207,Sales,17,3,Life Sciences,1,3,Male,80,3,2,Sales Executive,2,Married,10406,9772,0,Y,No,12,3,4,80,1,11,3,3,13,8,10,5
632,54,No,Travel_Rarely,1151,Sales,4,3,Technical Degree,1,4,Female,30,3,2,Sales Executive,1,Married,7159,14726,6,Y,No,14,3,4,80,1,18,1,3,7,1,0,8
633,33,Yes,Non-Travel,332,Research & Development,5,1,Life Sciences,1,1,Female,47,4,1,Research Scientist,3,Single,2905,15456,3,Y,Yes,13,3,1,80,0,3,2,3,4,1,0,2
634,51,No,Travel_Frequently,743,Research & Development,1,1,Medical,1,3,Male,40,2,4,Manager,1,Single,15696,13823,7,Y,No,19,3,2,80,0,38,3,4,9,6,9,2
635,39,No,Travel_Rarely,1391,Sales,8,3,Medical,1,4,Male,44,1,3,Sales Executive,3,Married,8250,6866,7,Y,No,11,3,1,80,1,9,3,3,5,8,7,5
636,36,No,Travel_Rarely,385,Research & Development,21,3,Life Sciences,1,2,Male,59,1,1,Research Scientist,1,Married,3953,21447,1,Y,Yes,12,3,1,80,1,8,3,2,7,6,2,8
637,46,Yes,Travel_Frequently,325,Sales,4,3,Marketing,1,1,Male,64,3,2,Sales Executive,2,Single,11462,8441,1,Y,No,18,3,3,80,0,3,4,3,7,8,15,8
638,37,No,Travel_Rarely,608,Sales,8,2,Medical,1,4,Female,78,2,2,Sales Executive,4,Married,7445,14571,3,Y,Yes,11,3,3,80,0,9,3,2,2,2,0,0
639,37,No,Non-Travel,147,Research & Development,1,4,Medical,1,1,Male,69,2,1,Research Scientist,4,Single,3440,19157,0,Y,Yes,13,3,3,80,0,7,2,4,5,5,2,4
640,33,No,Travel_Rarely,1208,Research & Development,8,2,Life Sciences,1,4,Male,32,4,1,Sales Representative,4,Married,1084,3300,1,Y,No,16,3,4,80,0,4,2,3,2,0,0,0
641,25,Yes,Travel_Rarely,1147,Research & Development,10,3,Medical,1,4,Female,93,2,1,Research Scientist,1,Single,2771,15090,1,Y,Yes,18,3,1,80,0,6,2,3,1,0,0,0
642,42,No,Non-Travel,862,Sales,9,4,Life Sciences,1,2,Female,63,2,2,Sales Executive,3,Married,6164,15067,1,Y,No,14,3,4,80,1,17,2,3,14,8,5,15
643,48,No,Travel_Rarely,941,Research & Development,2,2,Life Sciences,1,4,Female,53,2,2,Manufacturing Director,4,Married,6537,4169,7,Y,Yes,14,3,4,80,1,2,5,3,0,5,0,2
644,30,No,Travel_Rarely,911,Research & Development,14,1,Life Sciences,1,2,Female,76,1,1,Research Scientist,4,Married,1309,25250,0,Y,Yes,17,3,1,80,1,7,2,2,6,3,1,2
645,25,No,Travel_Rarely,1221,Research & Development,9,4,Medical,1,3,Female,46,3,3,Manufacturing Director,4,Single,6415,26186,1,Y,Yes,13,3,3,80,0,10,2,2,13,10,13,8
646,33,No,Travel_Rarely,993,Research & Development,3,4,Life Sciences,1,4,Male,85,4,1,Research Scientist,1,Married,1014,2132,5,Y,No,19,3,2,80,1,12,6,3,14,9,6,11
647,29,Yes,Travel_Rarely,137,Research & Development,19,4,Life Sciences,1,4,Female,49,3,1,Research Scientist,3,Single,1895,23978,1,Y,Yes,13,3,4,80,0,7,2,3,7,1,10,6
648,34,No,Non-Travel,1209,Sales,22,5,Medical,1,3,Female,68,3,1,Sales Representative,4,Married,2862,24625,8,Y,No,19,3,2,80,1,10,3,3,8,4,0,0
649,32,No,Travel_Rarely,1121,Human Resources,25,4,Life Sciences,1,3,Female,38,3,3,Laboratory Technician,4,Single,8195,14493,1,Y,Yes,16,3,3,80,0,10,2,3,13,0,2,11
650,31,Yes,Travel_Rarely,1147,Research & Development,2,4,Medical,1,1,Male,82,1,1,Research Scientist,4,Married,4610,25850,8,Y,Yes,14,3,4,80,0,0,0,2,3,2,1,2
651,23,No,Travel_Rarely,280,Research & Development,9,3,Marketing,1,4,Female,89,3,1,Research Scientist,1,Divorced,3167,8608,9,Y,No,13,3,4,80,1,7,3,3,1,1,1,2
652,23,No,Travel_Rarely,277,Human Resources,1,3,Life Sciences,1,3,Male,51,3,1,Laboratory Technician,3,Divorced,1746,15800,0,Y,No,22,4,1,80,1,3,3,4,5,3,1,3
653,33,No,Non-Travel,513,Research & Development,8,3,Other,1,3,Male,30,3,1,Research Scientist,2,Married,5063,10400,1,Y,No,11,3,3,80,0,13,2,2,15,8,0,6
654,25,No,Non-Travel,529,Research & Development,1,5,Life Sciences,1,1,Female,71,1,1,Human Resources,4,Divorced,4284,3753,3,Y,No,13,3,1,80,1,7,2,3,1,1,2,0
655,27,No,Travel_Rarely,1015,Research & Development,6,3,Medical,1,4,Female,91,3,1,Research Scientist,2,Single,2429,11859,1,Y,No,15,3,4,80,0,7,2,2,8,10,0,3
656,32,Yes,Travel_Rarely,1239,Research & Development,3,5,Life Sciences,1,4,Male,69,3,2,Human Resources,3,Married,5129,24134,1,Y,No,19,3,1,80,1,10,3,3,14,5,2,1
657,54,No,Travel_Rarely,1249,Sales,3,3,Technical Degree,1,4,Female,36,3,2,Sales Executive,1,Married,5321,18050,8,Y,No,13,3,4,80,1,13,5,3,8,2,0,10
658,32,No,Non-Travel,987,Research & Development,29,1,Marketing,1,1,Female,83,2,1,Research Scientist,3,Divorced,1506,18992,1,Y,No,24,4,3,80,2,5,2,3,8,3,0,0
659,37,No,Travel_Frequently,1170,Research & Development,13,3,Life Sciences,1,2,Male,86,2,2,Manufacturing Director,2,Single,6279,23271,1,Y,No,13,3,3,80,0,5,3,3,8,5,0,4
660,23,No,Travel_Rarely,1191,Research & Development,2,4,Medical,1,3,Male,97,3,1,Research Scientist,2,Single,2863,14785,1,Y,No,15,3,2,80,0,5,6,3,4,1,2,0
661,19,Yes,Non-Travel,718,Sales,3,2,Medical,1,2,Female,78,3,1,Sales Representative,4,Single,1158,15204,1,Y,Yes,12,3,3,80,0,5,2,1,2,0,0,0
662,39,No,Travel_Rarely,1268,Sales,5,3,Marketing,1,2,Male,85,3,5,Manager,2,Married,16524,13414,6,Y,No,11,3,3,80,1,37,0,3,34,7,13,8
663,28,No,Travel_Rarely,1152,Research & Development,2,4,Medical,1,3,Male,98,3,1,Research Scientist,2,Single,1819,17442,1,Y,No,19,3,2,80,0,5,1,3,3,2,1,0
664,34,No,Travel_Rarely,1174,Sales,2,4,Life Sciences,1,3,Male,69,3,1,Human Resources,4,Single,1794,16870,3,Y,Yes,22,4,4,80,0,5,3,2,3,1,1,2
665,22,No,Travel_Rarely,640,Research & Development,17,2,Life Sciences,1,1,Male,99,3,2,Laboratory Technician,3,Single,3299,25392,0,Y,No,13,3,2,80,0,4,2,3,1,3,1,4
666,43,No,Travel_Rarely,487,Research & Development,9,3,Life Sciences,1,2,Male,91,1,2,Healthcare Representative,2,Single,5598,18365,3,Y,No,11,3,1,80,0,9,3,4,3,1,2,2
667,34,No,Non-Travel,437,Research & Development,9,3,Human Resources,1,3,Male,51,3,1,Research Scientist,2,Married,4202,12866,1,Y,No,12,3,3,80,0,18,2,2,14,9,0,9
668,18,No,Travel_Rarely,878,Research & Development,2,1,Medical,1,4,Male,73,3,1,Sales Representative,2,Married,5083,7018,1,Y,No,14,3,3,80,0,15,0,2,14,10,2,10
669,43,Yes,Travel_Rarely,983,Research & Development,7,3,Life Sciences,1,1,Male,84,3,1,Sales Representative,1,Married,1049,17416,4,Y,No,11,3,3,80,0,11,1,1,1,1,2,2
670,46,No,Non-Travel,506,Sales,2,4,Life Sciences,1,3,Female,65,3,2,Sales Executive,3,Married,4641,16147,4,Y,No,21,4,2,80,3,11,3,1,5,7,3,10
671,21,No,Travel_Rarely,558,Sales,9,4,Medical,1,1,Male,58,1,2,Sales Executive,4,Divorced,6800,6716,4,Y,No,20,4,4,80,3,14,1,1,8,7,9,8
672,21,No,Non-Travel,484,Research & Development,1,2,Marketing,1,1,Female,31,3,1,Research Scientist,4,Single,4037,13810,1,Y,Yes,14,3,3,80,0,7,2,3,8,5,1,3
673,32,No,Travel_Rarely,1180,Human Resources,24,4,Life Sciences,1,3,Female,32,3,3,Sales Representative,4,Single,8647,17892,1,Y,Yes,15,3,3,80,0,9,2,3,12,0,1,8
674,54,No,Travel_Rarely,1419,Research & Development,1,4,Medical,1,2,Male,64,3,5,Research Director,3,Married,14837,9982,6,Y,Yes,12,3,4,80,1,20,2,2,5,2,12,6
675,30,No,Travel_Rarely,801,Sales,2,4,Other,1,2,Female,95,3,2,Sales Executive,2,Married,4003,8060,1,Y,Yes,20,4,1,80,0,0,2,3,6,6,11,11
676,48,No,Travel_Rarely,602,Research & Development,3,1,Human Resources,1,3,Male,57,3,5,Manager,4,Married,19871,3484,1,Y,No,11,3,4,80,0,31,3,3,24,12,15,14
677,51,No,Travel_Rarely,1222,Sales,25,4,Human Resources,1,1,Male,89,3,2,Sales Executive,1,Single,6675,11839,9,Y,No,13,3,4,80,0,10,5,3,4,2,2,3
678,24,No,Travel_Rarely,347,Research & Development,9,5,Human Resources,1,3,Male,44,2,3,Research Director,4,Divorced,15084,11364,1,Y,Yes,17,3,2,80,1,10,3,3,12,6,0,10
679,30,Yes,Travel_Rarely,1451,Sales,2,1,Technical Degree,1,1,Female,61,3,1,Human Resources,2,Single,2574,22580,1,Y,Yes,19,3,2,80,0,3,5,3,6,5,2,4
680,44,No,Non-Travel,1294,Research & Development,8,3,Medical,1,4,Female,61,2,2,Research Scientist,2,Divorced,1213,16215,1,Y,Yes,19,3,3,80,1,31,3,3,17,12,0,9
681,19,No,Travel_Rarely,571,Research & Development,1,5,Technical Degree,1,3,Male,82,3,1,Sales Representative,4,Married,1619,15629,0,Y,No,13,3,3,80,1,7,2,3,4,2,1,1
682,45,No,Travel_Rarely,601,Research & Development,4,3,Medical,1,4,Male,89,2,2,Manufacturing Director,2,Single,7224,10302,2,Y,Yes,15,3,4,80,0,4,3,3,7,5,1,2
683,58,No,Travel_Rarely,1076,Research & Development,1,5,Medical,1,4,Male,62,3,4,Research Director,4,Divorced,18265,7533,9,Y,No,23,4,3,80,1,35,1,2,6,4,1,3
684,29,Yes,Travel_Rarely,490,Sales,2,3,Life Sciences,1,2,Male,65,2,2,Sales Executive,1,Married,10809,2667,1,Y,No,12,3,4,80,1,11,0,3,11,8,15,5
685,40,No,Travel_Frequently,1196,Research & Development,2,5,Medical,1,3,Female,82,3,3,Research Director,2,Married,7566,17872,0,Y,No,16,3,1,80,3,18,3,4,12,6,5,12
686,39,No,Travel_Rarely,501,Research & Development,2,3,Life Sciences,1,4,Male,73,3,1,Research Scientist,4,Married,1451,20179,3,Y,No,25,4,1,80,1,16,3,3,8,3,1,1
687,35,No,Travel_Rarely,813,Research & Development,2,3,Medical,1,4,Female,58,2,2,Sales Representative,4,Married,6709,11867,0,Y,No,11,3,2,80,1,9,5,3,11,10,0,1
688,27,No,Non-Travel,279,Research & Development,23,2,Technical Degree,1,4,Female,38,3,2,Manufacturing Director,4,Single,6412,3932,6,Y,No,23,4,4,80,0,11,3,2,7,4,2,3
689,46,No,Travel_Rarely,659,Research & Development,22,5,Life Sciences,1,2,Male,83,3,4,Research Director,1,Married,17145,7248,7,Y,No,25,4,3,80,1,22,3,3,4,2,1,1
690,37,No,Travel_Rarely,167,Sales,5,4,Life Sciences,1,1,Female,71,3,1,Sales Representative,4,Married,1895,22313,1,Y,No,19,3,2,80,1,0,5,2,0,2,0,4
691,18,No,Travel_Rarely,1203,Sales,9,4,Life Sciences,1,1,Female,61,3,2,Sales Executive,4,Married,6452,23672,1,Y,No,11,3,1,80,3,10,2,3,9,0,0,4
692,56,No,Travel_Rarely,1059,Research & Development,6,3,Medical,1,3,Male,86,3,4,Healthcare Representative,4,Married,11599,26608,7,Y,No,11,3,3,80,0,29,5,2,12,9,2,0
693,33,No,Travel_Rarely,428,Research & Development,4,3,Medical,1,2,Male,100,1,2,Human Resources,3,Married,3889,11290,5,Y,No,11,3,1,80,0,8,3,4,4,4,2,4
694,26,No,Travel_Frequently,1203,Research & Development,9,3,Other,1,3,Male,55,4,1,Sales Representative,4,Married,2698,3466,0,Y,No,19,3,1,80,1,7,3,3,7,6,12,11
695,24,No,Travel_Frequently,525,Research & Development,2,5,Life Sciences,1,4,Female,82,3,1,Human Resources,2,Married,2252,4047,0,Y,No,14,3,3,80,2,7,3,3,0,2,0,2
696,20,Yes,Travel_Rarely,1066,Research & Development,2,4,Medical,1,3,Male,46,3,1,Research Scientist,3,Single,4379,17576,2,Y,No,17,3,4,80,0,5,3,2,0,1,1,1
697,34,No,Travel_Rarely,1408,Research & Development,10,4,Medical,1,4,Male,31,3,1,Human Resources,3,Married,1835,23471,5,Y,Yes,12,3,3,80,1,0,3,3,2,1,2,3
698,52,No,Travel_Rarely,884,Research & Development,1,2,Life Sciences,1,4,Male,74,3,4,Manager,4,Married,17592,14430,2,Y,No,17,3,2,80,1,32,2,2,9,7,8,5
699,44,No,Travel_Frequently,220,Research & Development,3,3,Life Sciences,1,4,Male,97,3,5,Manager,4,Single,19766,15770,7,Y,No,14,3,3,80,0,35,3,2,8,0,2,3
700,19,No,Travel_Rarely,743,Research & Development,7,1,Medical,1,2,Male,31,3,1,Laboratory Technician,1,Married,2896,3270,1,Y,No,13,3,4,80,1,0,2,1,3,4,0,3
701,50,No,Travel_Rarely,1318,Research & Development,6,4,Technical Degree,1,1,Male,90,3,2,Healthcare Representative,3,Married,5631,25825,2,Y,No,13,3,2,80,1,22,1,2,4,1,2,3
702,33,No,Travel_Rarely,668,Sales,8,2,Life Sciences,1,4,Male,72,3,1,Laboratory Technician,3,Married,1401,19032,1,Y,No,14,3,1,80,1,7,3,3,0,0,0,1
703,46,Yes,Non-Travel,577,Research & Development,14,4,Life Sciences,1,1,Male,92,3,3,Manager,2,Married,8590,11428,1,Y,Yes,11,3,4,80,1,11,2,2,10,6,7,10
704,48,No,Travel_Rarely,584,Research & Development,24,1,Life Sciences,1,2,Male,99,3,4,Research Director,1,Married,19638,7641,6,Y,No,20,4,3,80,1,32,3,3,2,2,1,1
705,59,No,Travel_Rarely,202,Sales,6,4,Human Resources,1,4,Male,54,3,1,Human Resources,2,Married,4981,11549,6,Y,No,18,3,4,80,1,0,2,3,2,1,1,2
706,53,Yes,Travel_Rarely,235,Sales,2,1,Human Resources,1,1,Female,63,1,5,Manager,4,Married,13833,22703,1,Y,No,19,3,4,80,1,38,3,3,26,15,7,10
707,47,No,Travel_Rarely,819,Sales,3,2,Life Sciences,1,4,Female,92,3,2,Sales Executive,4,Single,4807,10669,1,Y,Yes,15,3,3,80,0,11,5,3,10,0,0,9
708,29,No,Travel_Rarely,702,Sales,3,3,Life Sciences,1,3,Male,37,2,3,Manager,4,Divorced,9411,23969,5,Y,No,25,4,3,80,1,10,3,2,8,5,0,1
709,28,No,Travel_Rarely,897,Sales,28,2,Human Resources,1,3,Male,88,2,3,Sales Executive,1,Divorced,6161,3369,2,Y,No,11,3,1,80,1,18,2,3,8,6,1,8
710,51,No,Travel_Rarely,359,Research & Development,8,3,Life Sciences,1,3,Male,80,2,1,Research Scientist,4,Married,2255,10653,3,Y,No,17,3,1,80,1,8,5,3,2,0,0,1
711,38,No,Travel_Frequently,432,Research & Development,1,3,Medical,1,3,Male,33,2,3,Healthcare Representative,1,Married,11346,6401,6,Y,Yes,14,3,3,80,1,25,6,2,10,9,5,10
712,40,No,Travel_Rarely,307,Research & Development,6,3,Life Sciences,1,1,Female,56,3,2,Manufacturing Director,2,Divorced,5200,23442,4,Y,No,24,4,3,80,1,7,2,4,1,0,0,0
713,60,No,Travel_Rarely,1032,Human Resources,8,5,Medical,1,2,Male,44,3,1,Laboratory Technician,3,Married,1061,21620,5,Y,No,19,3,4,80,0,7,2,2,4,2,1,4
714,34,No,Travel_Rarely,754,Research & Development,2,3,Medical,1,4,Male,62,2,1,Sales Representative,1,Single,1381,21048,1,Y,No,19,3,2,80,0,1,3,3,4,0,1,3
715,46,No,Non-Travel,674,Research & Development,21,2,Life Sciences,1,4,Female,45,3,2,Sales Representative,4,Single,2638,4855,1,Y,No,12,3,4,80,0,9,2,3,9,3,12,7
716,50,No,Travel_Rarely,1068,Sales,23,2,Life Sciences,1,1,Female,85,3,4,Manager,2,Single,16545,11114,3,Y,No,22,4,4,80,0,22,2,3,12,8,5,9
717,30,No,Non-Travel,462,Research & Development,10,3,Medical,1,3,Female,48,3,3,Research Director,3,Married,9906,25028,4,Y,No,20,4,3,80,1,14,2,1,11,6,13,8
718,19,No,Travel_Rarely,485,Sales,13,2,Medical,1,2,Male,39,3,1,Human Resources,3,Married,2598,25349,1,Y,No,11,3,3,80,0,8,4,3,6,5,0,10
719,35,Yes,Travel_Rarely,699,Sales,1,4,Technical Degree,1,3,Male,96,2,2,Sales Executive,2,Single,11006,24759,2,Y,Yes,11,3,3,80,0,8,3,2,4,1,1,4
720,32,No,Travel_Rarely,699,Research & Development,7,3,Other,1,3,Male,36,3,3,Manufacturing Director,3,Married,9367,12509,1,Y,No,18,3,3,80,1,9,2,3,10,8,5,11
721,34,Yes,Travel_Rarely,356,Research & Development,10,4,Medical,1,4,Male,66,3,2,Manufacturing Director,1,Single,3549,3452,1,Y,No,19,3,2,80,0,10,4,4,13,5,0,7
722,20,Yes,Travel_Rarely,846,Research & Development,2,4,Medical,1,3,Male,33,3,1,Research Scientist,3,Single,4878,15081,7,Y,No,15,3,4,80,0,0,3,2,4,2,2,0
723,43,No,Travel_Rarely,308,Sales,2,1,Technical Degree,1,3,Female,51,3,2,Sales Executive,4,Married,4831,19217,0,Y,Yes,22,4,1,80,1,6,2,3,7,9,11,5
724,18,No,Travel_Rarely,871,Sales,11,3,Medical,1,4,Female,69,2,1,Human Resources,3,Single,1649,8333,1,Y,No,11,3,1,80,0,7,2,3,3,0,0,0
725,42,No,Travel_Rarely,177,Research & Development,3,1,Life Sciences,1,2,Female,92,3,2,Manufacturing Director,1,Married,5426,7834,7,Y,Yes,15,3,2,80,1,13,3,3,3,0,0,1
726,35,Yes,Travel_Rarely,331,Research & Development,5,3,Medical,1,4,Male,76,2,1,Research Scientist,3,Married,3156,23063,0,Y,Yes,17,3,1,80,1,0,4,2,0,0,0,1
727,35,No,Travel_Rarely,359,Sales,17,3,Life Sciences,1,4,Male,72,4,3,Sales Executive,3,Married,11825,3720,3,Y,No,13,3,3,80,1,11,2,1,3,3,0,3
728,37,No,Travel_Rarely,531,Sales,6,5,Human Resources,1,2,Male,41,2,2,Sales Executive,2,Married,3989,10382,1,Y,No,14,3,1,80,2,7,2,3,5,2,0,4
729,55,No,Non-Travel,566,Research & Development,16,4,Medical,1,4,Male,37,3,1,Research Scientist,4,Married,4920,24261,0,Y,No,15,3,1,80,1,0,3,3,1,3,2,2
730,46,No,Travel_Rarely,528,Research & Development,2,4,Medical,1,4,Male,97,3,3,Healthcare Representative,1,Divorced,10568,13500,2,Y,No,19,3,3,80,1,14,3,3,0,2,0,2
731,36,No,Travel_Rarely,291,Research & Development,2,3,Human Resources,1,3,Female,76,1,3,Manufacturing Director,1,Divorced,10661,6529,9,Y,Yes,20,4,3,80,1,16,2,3,8,8,11,7
732,55,No,Travel_Rarely,517,Research & Development,21,4,Medical,1,3,Female,89,3,2,Manufacturing Director,1,Married,5535,3896,1,Y,No,13,3,3,80,0,17,2,2,15,18,7,7
733,52,No,Travel_Rarely,343,Research & Development,3,4,Other,1,3,Female,54,3,1,Sales Representative,1,Married,2502,17332,2,Y,No,13,3,3,80,0,12,2,1,8,3,0,2
734,47,No,Travel_Rarely,312,Sales,1,2,Other,1,2,Female,53,3,2,Sales Executive,4,Married,4299,19243,8,Y,No,13,3,1,80,1,13,2,3,13,9,4,7
735,31,No,Non-Travel,624,Research & Development,8,3,Medical,1,4,Male,58,3,1,Research Scientist,2,Divorced,2262,4974,9,Y,No,15,3,4,80,1,0,4,1,3,2,2,2
736,33,No,Travel_Rarely,294,Research & Development,29,1,Medical,1,3,Female,44,2,2,Healthcare Representative,4,Divorced,6929,16932,7,Y,No,13,3,3,80,2,11,2,3,6,2,1,2
737,59,Yes,Travel_Rarely,513,Sales,2,1,Medical,1,3,Male,45,3,2,Sales Executive,4,Single,4717,21143,4,Y,No,15,3,3,80,0,15,3,2,15,7,9,3
738,48,Yes,Non-Travel,733,Sales,3,2,Medical,1,4,Female,93,3,1,Sales Representative,3,Married,2389,9519,6,Y,Yes,11,3,3,80,3,22,3,3,15,10,7,8
739,37,No,Travel_Frequently,719,Research & Development,3,5,Life Sciences,1,1,Male,42,3,2,Healthcare Representative,4,Single,9495,21366,0,Y,No,18,3,3,80,0,2,6,2,6,1,0,2
740,18,No,Travel_Frequently,1345,Sales,1,1,Medical,1,2,Female,31,3,3,Sales Executive,4,Married,10464,5681,1,Y,No,14,3,4,80,1,11,5,3,13,10,9,0
741,37,No,Travel_Rarely,316,Research & Development,2,3,Life Sciences,1,3,Male,88,3,1,Research Scientist,4,Single,1546,12593,0,Y,No,14,3,1,80,0,0,2,4,2,1,0,3
742,44,No,Travel_Rarely,481,Sales,15,4,Life Sciences,1,3,Female,96,3,2,Sales Executive,3,Divorced,5602,16778,8,Y,No,14,3,3,80,1,18,2,3,5,10,4,9
743,31,No,Travel_Rarely,574,Research & Development,3,1,Medical,1,3,Male,82,3,1,Research Scientist,4,Single,1469,23332,1,Y,No,17,3,3,80,0,0,2,3,0,2,2,2
744,56,No,Travel_Rarely,805,Research & Development,22,2,Life Sciences,1,4,Female,41,2,3,Research Director,1,Divorced,15792,25296,5,Y,No,18,3,3,80,3,24,3,3,12,18,1,10
745,45,No,Travel_Rarely,1208,Sales,19,3,Life Sciences,1,3,Male,74,3,2,Sales Executive,2,Married,11378,13332,0,Y,No,12,3,4,80,1,10,3,3,10,6,14,11
746,25,No,Travel_Rarely,449,Sales,2,1,Medical,1,1,Female,95,4,2,Sales Executive,3,Single,7151,23021,0,Y,No,14,3,2,80,0,10,5,2,6,8,0,10
747,40,No,Non-Travel,395,Sales,25,3,Marketing,1,1,Male,35,2,2,Sales Executive,1,Married,4373,22639,1,Y,No,17,3,1,80,1,10,2,3,10,8,4,8
748,35,No,Non-Travel,1243,Sales,5,4,Technical Degree,1,1,Male,99,3,2,Sales Executive,4,Divorced,4267,25903,4,Y,No,14,3,4,80,2,14,3,3,7,10,0,10
749,40,No,Non-Travel,534,Research & Development,2,3,Life Sciences,1,4,Female,41,3,2,Healthcare Representative,4,Married,6989,26108,4,Y,No,14,3,2,80,1,14,2,2,6,1,1,4
750,57,No,Travel_Rarely,300,Sales,29,3,Other,1,1,Male,65,2,4,Manager,4,Divorced,17462,23726,3,Y,No,12,3,3,80,1,38,3,2,4,0,0,1
751,28,No,Travel_Rarely,249,Research & Development,4,3,Life Sciences,1,2,Male,91,4,2,Manufacturing Director,2,Married,5748,7348,1,Y,Yes,24,4,2,80,1,0,1,3,7,2,0,2
752,38,No,Travel_Rarely,1199,Research & Development,12,3,Life Sciences,1,4,Male,87,2,5,Research Director,2,Married,17904,13071,4,Y,No,12,3,4,80,0,32,3,3,26,7,4,5
753,50,No,Travel_Rarely,1233,Research & Development,3,4,Medical,1,3,Male,51,3,4,Research Director,3,Married,16200,21197,3,Y,Yes,18,3,4,80,2,21,0,2,5,3,2,2
754,27,No,Travel_Rarely,508,Sales,12,3,Medical,1,3,Male,53,3,2,Sales Executive,4,Single,3749,10463,1,Y,No,14,3,1,80,0,3,1,3,5,3,1,4
755,18,No,Travel_Rarely,1260,Research & Development,3,2,Life Sciences,1,1,Male,75,3,1,Research Scientist,3,Divorced,2192,4432,1,Y,No,12,3,2,80,2,4,2,3,8,4,0,3
756,45,No,Non-Travel,107,Sales,12,1,Medical,1,3,Male,40,4,2,Sales Executive,2,Single,7102,20139,1,Y,No,13,3,1,80,0,25,5,3,20,2,10,8
757,34,No,Travel_Rarely,173,Sales,26,2,Marketing,1,3,Male,33,2,2,Sales Executive,2,Married,6883,18475,5,Y,No,19,3,3,80,3,17,6,1,3,2,2,4
758,46,No,Travel_Rarely,1272,Sales,2,3,Life Sciences,1,3,Male,76,3,3,Sales Executive,4,Divorced,10808,6016,4,Y,Yes,12,3,2,80,1,12,5,2,11,8,0,2
759,44,No,Travel_Rarely,1061,Sales,7,4,Life Sciences,1,2,Male,33,3,2,Sales Executive,4,Single,5545,5934,5,Y,Yes,11,3,3,80,0,35,1,3,3,0,0,1
760,38,Yes,Travel_Rarely,1230,Sales,12,3,Life Sciences,1,3,Female,54,3,3,Sales Executive,2,Married,8181,17932,5,Y,No,23,4,3,80,2,12,2,3,8,8,0,7
761,44,No,Travel_Rarely,447,Sales,14,4,Life Sciences,1,3,Female,82,3,2,Sales Executive,3,Divorced,5797,14584,8,Y,No,13,3,3,80,1,15,2,3,5,10,8,7
762,28,No,Travel_Rarely,1143,Research & Development,14,1,Medical,1,4,Female,33,2,2,Manufacturing Director,3,Divorced,4072,23151,1,Y,No,18,3,2,80,3,6,5,3,3,1,14,3
763,37,No,Travel_Rarely,168,Research & Development,2,4,Medical,1,3,Female,93,2,1,Research Scientist,1,Single,3476,3760,1,Y,No,11,3,3,80,0,0,3,3,6,4,2,3
764,36,No,Travel_Rarely,1034,Sales,10,3,Technical Degree,1,4,Male,59,3,2,Sales Executive,4,Single,6642,26075,1,Y,No,11,3,4,80,0,10,2,2,9,7,0,9
765,41,Yes,Travel_Rarely,460,Research & Development,1,5,Life Sciences,1,1,Male,94,2,3,Human Resources,3,Single,6685,14970,5,Y,Yes,13,3,4,80,0,24,2,3,4,0,0,1
766,20,No,Travel_Rarely,653,Research & Development,17,2,Life Sciences,1,1,Male,99,3,2,Laboratory Technician,3,Single,1479,24260,0,Y,No,14,3,2,80,0,7,2,3,4,3,2,4
767,48,No,Travel_Rarely,839,Research & Development,6,3,Life Sciences,1,3,Female,87,2,3,Manufacturing Director,2,Divorced,10777,16962,6,Y,Yes,12,3,3,80,1,39,0,3,23,17,8,9
768,41,No,Non-Travel,112,Research & Development,9,5,Medical,1,4,Male,62,2,3,Research Director,2,Divorced,19032,26357,9,Y,No,12,3,3,80,1,16,5,3,15,6,4,10
769,45,No,Travel_Frequently,946,Research & Development,5,1,Medical,1,1,Female,77,3,1,Laboratory Technician,4,Single,3830,17156,1,Y,No,14,3,3,80,0,12,3,3,14,6,11,10
770,40,No,Travel_Rarely,324,Research & Development,1,3,Life Sciences,1,2,Female,93,2,1,Research Scientist,3,Single,2068,5976,1,Y,No,13,3,4,80,0,6,3,3,1,0,0,0
771,52,No,Travel_Rarely,1109,Research & Development,19,4,Life Sciences,1,2,Male,98,2,4,Manager,3,Married,19723,13488,0,Y,No,17,3,2,80,1,32,2,3,23,6,6,6
772,36,No,Travel_Rarely,746,Research & Development,11,3,Medical,1,1,Male,52,3,2,Research Scientist,4,Married,4957,5994,1,Y,No,17,3,1,80,0,9,2,3,10,6,3,8
773,30,No,Travel_Rarely,352,Human Resources,2,3,Life Sciences,1,3,Male,44,3,1,Sales Representative,3,Divorced,2997,13963,0,Y,No,24,4,1,80,1,8,3,1,7,4,2,4
774,48,No,Non-Travel,237,Research & Development,2,4,Life Sciences,1,1,Female,70,4,2,Manufacturing Director,1,Single,5961,25260,5,Y,Yes,11,3,4,80,0,16,2,3,10,7,12,16
775,57,Yes,Travel_Rarely,668,Research & Development,2,2,Human Resources,1,3,Female,75,2,3,Manufacturing Director,4,Married,8144,18533,0,Y,No,19,3,2,80,1,26,0,3,39,8,1,9
776,32,No,Travel_Frequently,1163,Research & Development,13,5,Medical,1,3,Male,80,2,3,Healthcare Representative,1,Married,10173,9012,9,Y,Yes,13,3,3,80,1,11,3,3,3,0,1,3
777,60,No,Travel_Rarely,1085,Research & Development,14,4,Life Sciences,1,4,Male,64,2,5,Research Director,3,Divorced,14828,2788,1,Y,Yes,17,3,3,80,1,39,1,3,40,6,0,11
778,39,No,Travel_Rarely,1429,Sales,1,4,Life Sciences,1,4,Male,84,3,2,Sales Executive,2,Married,5001,4672,0,Y,No,15,3,1,80,3,15,3,3,10,12,12,7
779,38,No,Travel_Frequently,139,Research & Development,7,1,Medical,1,4,Male,56,2,3,Research Director,2,Divorced,16640,22806,7,Y,No,12,3,3,80,1,16,5,3,14,10,5,11
780,30,No,Travel_Rarely,1391,Research & Development,26,5,Medical,1,2,Male,66,4,2,Healthcare Representative,1,Single,6751,6748,0,Y,No,19,3,3,80,0,10,2,3,6,3,0,6
781,22,No,Non-Travel,500,Research & Development,1,5,Medical,1,3,Female,55,3,2,Sales Representative,4,Single,4622,10768,1,Y,No,21,4,4,80,0,14,2,3,11,7,6,11
782,23,Yes,Travel_Frequently,696,Sales,1,3,Life Sciences,1,3,Female,96,2,1,Human Resources,4,Single,2121,8335,2,Y,No,14,3,3,80,0,7,3,1,2,0,0,1
783,36,No,Non-Travel,1346,Sales,2,4,Medical,1,3,Male,30,1,2,Sales Executive,4,Divorced,12028,4968,1,Y,No,13,3,3,80,3,7,2,2,8,5,1,4
784,33,No,Travel_Rarely,230,Research & Development,2,3,Life Sciences,1,3,Male,91,3,1,Research Scientist,4,Single,2984,10606,0,Y,No,14,3,1,80,0,1,2,1,1,1,0,4
785,52,No,Travel_Rarely,1146,Research & Development,1,1,Medical,1,4,Male,64,3,4,Research Director,4,Divorced,13004,2486,5,Y,No,23,4,3,80,1,20,6,2,8,3,1,2
786,48,No,Travel_Frequently,534,Research & Development,7,3,Medical,1,2,Female,70,4,2,Research Scientist,4,Divorced,6595,15460,7,Y,Yes,12,3,4,80,3,13,3,3,14,15,1,8
787,22,No,Travel_Rarely,824,Research & Development,1,4,Life Sciences,1,1,Female,33,3,2,Manufacturing Director,4,Married,5013,4327,0,Y,No,18,3,2,80,1,4,2,3,3,1,2,4
788,34,Yes,Non-Travel,1030,Research & Development,22,4,Other,1,4,Male,92,1,1,Research Scientist,1,Married,2786,16521,1,Y,Yes,20,4,2,80,1,3,2,3,6,2,11,0
789,22,Yes,Travel_Rarely,652,Sales,3,3,Other,1,2,Female,47,1,1,Laboratory Technician,2,Single,3114,19514,1,Y,No,13,3,3,80,0,8,3,3,4,1,2,4
790,36,No,Travel_Rarely,787,Research & Development,8,2,Life Sciences,1,1,Female,45,3,1,Laboratory Technician,4,Divorced,2618,3030,7,Y,No,23,4,1,80,1,6,2,3,3,0,0,1
791,41,Yes,Travel_Rarely,1309,Human Resources,2,2,Medical,1,2,Male,92,2,3,Human Resources,1,Married,7350,6732,8,Y,No,14,3,4,80,1,28,6,3,17,8,12,8
792,41,No,Travel_Rarely,222,Research & Development,1,4,Life Sciences,1,2,Male,85,3,1,Sales Representative,2,Married,2344,5190,3,Y,No,22,4,3,80,1,5,3,3,1,1,0,2
793,28,No,Travel_Frequently,535,Research & Development,11,5,Marketing,1,1,Female,93,4,2,Manufacturing Director,3,Divorced,4519,8050,0,Y,No,16,3,4,80,1,1,4,2,1,1,2,4
794,34,No,Non-Travel,1214,Research & Development,2,1,Life Sciences,1,4,Male,51,2,2,Manufacturing Director,3,Married,11142,16279,1,Y,No,15,3,3,80,0,9,2,2,11,7,2,5
795,45,No,Travel_Frequently,1024,Research & Development,9,2,Life Sciences,1,3,Male,61,3,2,Laboratory Technician,2,Married,4307,25443,1,Y,No,11,3,2,80,0,11,0,2,9,10,0,8
796,32,No,Travel_Frequently,1325,Sales,2,4,Medical,1,3,Male,47,1,2,Sales Executive,4,Divorced,8042,8217,1,Y,No,14,3,3,80,2,8,2,2,8,3,1,3
797,34,No,Travel_Rarely,1054,Sales,1,3,Human Resources,1,4,Male,56,2,3,Sales Executive,3,Married,6794,12863,1,Y,Yes,13,3,4,80,0,11,3,3,13,8,14,9
798,19,No,Travel_Rarely,1255,Sales,3,4,Technical Degree,1,2,Female,62,3,2,Sales Executive,2,Married,6976,7374,1,Y,No,17,3,1,80,1,7,3,3,6,7,0,11
799,27,No,Travel_Rarely,1225,Sales,12,3,Technical Degree,1,4,Male,93,3,1,Sales Representative,2,Divorced,2311,19180,1,Y,No,14,3,4,80,2,3,2,3,0,1,2,3
800,36,No,Travel_Rarely,342,Research & Development,6,3,Medical,1,3,Male,48,3,3,Research Director,3,Married,7314,26117,0,Y,No,12,3,4,80,0,17,3,4,14,10,11,5
801,39,No,Travel_Rarely,396,Research & Development,17,1,Life Sciences,1,3,Female,60,2,3,Healthcare Representative,3,Married,12491,26915,0,Y,No,16,3,1,80,1,20,5,2,17,10,1,5
802,36,No,Travel_Rarely,184,Research & Development,7,4,Life Sciences,1,1,Male,46,2,2,Laboratory Technician,4,Single,6058,23386,1,Y,No,19,3,3,80,0,10,2,2,11,4,2,11
803,46,No,Travel_Rarely,1450,Research & Development,2,3,Other,1,4,Female,72,3,3,Research Director,1,Married,16484,18715,1,Y,No,14,3,2,80,1,15,3,3,9,16,11,8
804,32,No,Travel_Rarely,177,Sales,7,4,Life Sciences,1,1,Female,70,3,1,Laboratory Technician,4,Married,2566,20254,1,Y,No,19,3,2,80,1,3,0,2,3,1,0,3
805,48,Yes,Travel_Rarely,442,Research & Development,2,1,Life Sciences,1,1,Male,86,2,3,Sales Representative,3,Single,6450,16060,2,Y,Yes,14,3,4,80,0,26,2,3,2,0,0,0
806,21,No,Travel_Rarely,1029,Research & Development,14,3,Medical,1,3,Female,99,2,2,Healthcare Representative,1,Single,6858,17224,1,Y,No,18,3,2,80,0,9,2,3,12,6,2,9
807,32,No,Travel_Rarely,384,Research & Development,1,4,Life Sciences,1,2,Female,79,4,1,Research Scientist,4,Single,2483,9812,5,Y,No,17,3,3,80,0,10,2,3,1,2,1,4
808,19,No,Travel_Rarely,663,Research & Development,18,2,Medical,1,2,Male,93,3,1,Laboratory Technician,1,Divorced,4264,5859,1,Y,No,13,3,2,80,2,6,2,1,5,1,1,2
809,42,No,Non-Travel,764,Research & Development,5,3,Life Sciences,1,3,Male,86,2,1,Laboratory Technician,3,Single,1995,7808,3,Y,No,13,3,4,80,0,6,6,3,8,1,0,2
810,28,Yes,Travel_Rarely,278,Sales,5,3,Marketing,1,3,Male,41,2,2,Sales Executive,3,Single,6016,21821,1,Y,Yes,11,3,4,80,0,6,5,3,8,5,0,4
811,42,No,Travel_Rarely,770,Research & Development,20,3,Medical,1,2,Male,61,1,2,Healthcare Representative,4,Married,5477,25508,3,Y,Yes,19,3,3,80,1,18,2,3,4,0,2,0
812,39,No,Travel_Rarely,137,Research & Development,2,2,Life Sciences,1,3,Female,37,3,1,Research Scientist,1,Single,1565,15124,3,Y,No,15,3,4,80,0,1,3,2,3,0,0,1
813,22,Yes,Travel_Rarely,1236,Sales,27,4,Technical Degree,1,1,Male,80,3,3,Sales Executive,3,Married,10006,18435,2,Y,No,13,3,1,80,2,11,2,3,2,0,0,0
814,40,No,Travel_Frequently,328,Research & Development,5,3,Life Sciences,1,1,Male,53,3,1,Research Scientist,3,Single,2398,25748,4,Y,No,13,3,3,80,0,8,2,2,4,1,1,2
815,33,No,Non-Travel,1247,Research & Development,17,4,Medical,1,3,Female,51,3,2,Healthcare Representative,4,Divorced,6241,19703,2,Y,No,15,3,2,80,1,11,1,3,7,1,2,3
816,36,No,Travel_Rarely,420,Research & Development,5,5,Life Sciences,1,4,Male,77,3,2,Healthcare Representative,3,Single,6992,26766,2,Y,Yes,16,3,1,80,0,14,0,3,3,0,0,0
817,57,No,Travel_Rarely,336,Sales,4,3,Other,1,3,Male,67,3,5,Manager,3,Married,12697,15730,4,Y,Yes,19,3,3,80,1,37,2,3,3,0,0,1
818,24,Yes,Travel_Frequently,679,Sales,21,3,Marketing,1,3,Male,39,4,1,Human Resources,1,Single,2362,11088,1,Y,No,18,3,4,80,0,7,3,3,0,0,0,1
819,32,No,Travel_Rarely,566,Research & Development,3,4,Medical,1,1,Male,48,3,1,Research Scientist,4,Single,2729,25250,1,Y,No,13,3,3,80,0,8,1,4,4,0,0,0
820,56,No,Non-Travel,674,Research & Development,2,4,Medical,1,1,Female,65,2,4,Manufacturing Director,3,Married,17180,23815,4,Y,Yes,25,4,4,80,2,20,2,2,1,1,0,3
821,32,No,Travel_Rarely,1296,Research & Development,6,3,Life Sciences,1,4,Male,36,3,1,Sales Representative,4,Married,1763,25884,0,Y,No,12,3,3,80,1,12,1,3,11,11,3,8
822,32,No,Travel_Frequently,862,Research & Development,17,2,Medical,1,2,Female,69,3,2,Research Scientist,3,Married,4277,25295,3,Y,Yes,19,3,1,80,2,12,2,3,13,17,3,7
823,19,No,Travel_Rarely,1226,Sales,1,3,Medical,1,3,Female,32,3,1,Laboratory Technician,3,Single,3301,9246,1,Y,No,15,3,1,80,0,8,3,3,0,2,2,3
824,35,No,Travel_Frequently,875,Research & Development,4,3,Marketing,1,4,Male,87,3,2,Research Scientist,2,Divorced,1329,4836,7,Y,No,19,3,4,80,2,11,2,2,11,6,1,8
825,33,No,Travel_Rarely,152,Sales,13,4,Life Sciences,1,2,Male,80,3,2,Sales Executive,4,Divorced,5082,10948,2,Y,No,11,3,3,80,1,5,3,2,8,1,0,2
826,34,No,Travel_Rarely,733,Research & Development,10,4,Medical,1,1,Female,49,3,2,Healthcare Representative,3,Single,5473,2279,3,Y,Yes,16,3,3,80,0,9,1,3,5,1,0,3
827,43,No,Travel_Rarely,375,Research & Development,28,5,Life Sciences,1,3,Male,93,2,3,Research Director,4,Divorced,7568,16065,0,Y,Yes,14,3,2,80,1,17,3,3,12,8,1,6
828,35,No,Travel_Rarely,102,Research & Development,5,3,Medical,1,3,Male,45,3,3,Research Director,3,Married,12055,22521,0,Y,No,11,3,4,80,0,15,3,4,13,10,6,10
829,37,No,Travel_Rarely,1151,Sales,4,4,Medical,1,2,Male,93,3,2,Sales Executive,3,Single,4271,25302,1,Y,No,18,3,1,80,0,12,6,3,10,6,6,10
830,23,Yes,Travel_Rarely,105,Research & Development,2,4,Marketing,1,1,Male,85,2,1,Research Scientist,1,Single,1913,7991,8,Y,No,13,3,3,80,0,9,2,1,10,6,0,8
831,32,No,Travel_Rarely,280,Research & Development,5,4,Other,1,2,Male,57,3,1,Research Scientist,4,Single,4633,23596,5,Y,No,15,3,3,80,0,8,4,3,7,1,0,0
832,44,No,Travel_Rarely,767,Research & Development,17,1,Other,1,4,Female,35,2,4,Research Director,2,Single,19681,16586,1,Y,No,12,3,3,80,0,36,2,3,16,6,11,8
833,32,Yes,Travel_Rarely,650,Sales,12,3,Medical,1,4,Male,64,2,3,Sales Executive,1,Married,9964,25493,7,Y,No,17,3,3,80,0,15,3,3,9,14,11,1
834,35,No,Travel_Rarely,1492,Research & Development,8,3,Medical,1,4,Female,40,2,3,Healthcare Representative,2,Single,7593,17827,1,Y,No,13,3,2,80,0,9,3,1,5,7,4,5
835,53,No,Travel_Rarely,180,Research & Development,2,1,Medical,1,4,Female,63,4,5,Manager,3,Married,19559,6372,4,Y,No,13,3,4,80,1,37,6,3,19,7,14,9
836,34,No,Travel_Rarely,184,Sales,13,4,Life Sciences,1,4,Female,83,2,2,Sales Executive,4,Divorced,5751,26693,5,Y,Yes,14,3,3,80,3,5,5,3,1,0,0,0
837,29,No,Travel_Rarely,1402,Sales,26,4,Life Sciences,1,3,Male,59,3,2,Sales Executive,1,Divorced,5143,9067,9,Y,No,16,3,3,80,3,7,3,3,2,4,0,2
838,18,Yes,Travel_Rarely,1186,Research & Development,1,4,Medical,1,1,Male,46,3,1,Research Scientist,4,Married,3956,21637,7,Y,Yes,14,3,2,80,2,6,3,4,0,2,1,2
839,40,No,Travel_Rarely,1304,Research & Development,9,3,Medical,1,3,Male,96,3,3,Research Director,1,Married,15746,18633,8,Y,No,14,3,2,80,1,17,3,4,12,6,13,7
840,44,No,Travel_Rarely,882,Research & Development,26,3,Medical,1,2,Male,97,4,3,Healthcare Representative,1,Divorced,11835,22810,5,Y,Yes,16,3,2,80,1,32,2,3,7,6,0,10
841,33,No,Travel_Frequently,159,Research & Development,8,4,Life Sciences,1,3,Female,34,3,2,Healthcare Representative,3,Married,3798,9457,1,Y,No,12,3,4,80,1,14,4,3,9,13,1,6
842,57,No,Travel_Rarely,956,Research & Development,8,2,Medical,1,1,Male,93,3,5,Research Director,1,Married,14703,9250,4,Y,No,11,3,3,80,1,33,4,2,3,2,2,4
843,21,No,Travel_Rarely,1153,Research & Development,18,3,Marketing,1,3,Male,40,3,1,Research Scientist,2,Married,1240,11828,0,Y,Yes,18,3,4,80,1,5,3,2,6,2,2,0
844,59,No,Travel_Rarely,358,Research & Development,4,4,Other,1,3,Female,68,3,1,Laboratory Technician,1,Married,1263,17149,6,Y,No,14,3,3,80,0,12,2,4,8,5,0,4
845,35,Yes,Travel_Rarely,786,Sales,27,4,Medical,1,1,Female,30,2,2,Sales Executive,2,Single,5172,5719,0,Y,Yes,20,4,3,80,0,14,2,1,9,8,3,5
846,42,No,Travel_Rarely,1314,Sales,2,4,Life Sciences,1,4,Female,61,2,1,Human Resources,4,Single,2549,8904,1,Y,Yes,16,3,1,80,0,5,3,2,3,1,2,2
847,39,No,Travel_Rarely,289,Research & Development,2,4,Life Sciences,1,2,Male,86,3,1,Human Resources,2,Married,2450,4649,3,Y,No,21,4,3,80,1,6,3,3,2,1,0,2
848,23,No,Non-Travel,1481,Sales,22,4,Marketing,1,3,Female,72,3,3,Sales Executive,1,Married,11758,6683,0,Y,No,12,3,3,80,0,11,3,3,9,7,9,6
849,26,No,Travel_Rarely,696,Research & Development,1,3,Life Sciences,1,1,Female,58,3,2,Manufacturing Director,3,Married,4805,2813,0,Y,No,11,3,4,80,3,6,3,3,3,2,1,4
850,29,No,Travel_Rarely,334,Research & Development,3,5,Medical,1,3,Female,47,3,1,Human Resources,2,Single,1578,8525,1,Y,No,14,3,3,80,0,7,3,1,2,1,1,4
851,43,No,Travel_Rarely,804,Research & Development,2,4,Life Sciences,1,2,Female,52,4,2,Healthcare Representative,4,Single,11253,14339,0,Y,No,14,3,3,80,0,9,5,2,11,8,2,7
852,53,No,Travel_Frequently,438,Research & Development,12,4,Life Sciences,1,3,Female,36,3,5,Research Director,1,Single,13825,24831,5,Y,Yes,11,3,4,80,0,27,6,3,4,1,2,3
853,30,No,Non-Travel,1455,Sales,19,4,Human Resources,1,3,Female,69,3,3,Sales Executive,1,Married,8410,3050,0,Y,No,11,3,3,80,0,9,3,3,15,9,5,9
854,32,No,Travel_Rarely,340,Research & Development,9,3,Medical,1,1,Male,54,3,1,Research Scientist,4,Married,2824,6469,0,Y,No,14,3,2,80,1,12,1,3,11,6,14,9
855,34,Yes,Travel_Rarely,667,Research & Development,28,3,Marketing,1,1,Male,97,3,2,Human Resources,3,Divorced,4211,5514,5,Y,No,14,3,2,80,1,9,3,2,4,0,0,0
856,46,No,Travel_Rarely,1010,Research & Development,8,4,Marketing,1,2,Male,38,2,4,Research Director,4,Divorced,15821,6689,4,Y,Yes,14,3,3,80,1,32,3,2,4,0,0,1
857,46,No,Travel_Rarely,905,Research & Development,27,3,Life Sciences,1,1,Female,74,2,3,Manufacturing Director,3,Married,12435,24052,1,Y,No,14,3,4,80,3,16,2,3,20,16,8,15
858,44,No,Travel_Rarely,829,Research & Development,2,3,Life Sciences,1,3,Female,96,4,3,Healthcare Representative,4,Married,12302,15987,1,Y,Yes,19,3,2,80,1,10,2,3,5,8,12,10
859,43,No,Travel_Frequently,1090,Research & Development,2,1,Life Sciences,1,2,Male,49,3,5,Manager,3,Divorced,15898,6215,1,Y,Yes,14,3,3,80,1,22,3,3,17,6,2,11
860,57,No,Travel_Rarely,1432,Research & Development,2,4,Medical,1,2,Male,58,3,5,Research Director,3,Married,14828,13236,9,Y,Yes,12,3,4,80,1,19,2,2,6,1,8,5
861,44,No,Travel_Rarely,817,Research & Development,21,3,Medical,1,2,Male,65,4,2,Healthcare Representative,4,Married,6336,24280,3,Y,Yes,18,3,3,80,1,14,2,3,1,0,2,1
862,20,No,Travel_Rarely,357,Research & Development,1,4,Life Sciences,1,3,Male,35,3,1,Research Scientist,4,Divorced,2869,2701,0,Y,Yes,17,3,2,80,1,7,2,4,1,2,1,2
863,45,Yes,Non-Travel,499,Research & Development,1,5,Medical,1,3,Male,85,3,1,Research Scientist,2,Divorced,2680,9538,1,Y,Yes,11,3,3,80,2,4,2,2,5,5,2,2
864,56,No,Travel_Rarely,1238,Research & Development,9,2,Medical,1,1,Male,83,2,5,Manager,3,Married,12877,9393,6,Y,No,14,3,3,80,1,20,2,4,1,0,0,0
865,36,No,Travel_Frequently,899,Research & Development,27,3,Medical,1,2,Male,74,3,4,Research Director,1,Divorced,12884,12235,8,Y,No,13,3,4,80,3,17,3,2,10,9,11,9
866,54,No,Travel_Rarely,228,Research & Development,22,4,Life Sciences,1,4,Female,75,3,4,Research Director,4,Single,14128,24775,6,Y,No,18,3,3,80,0,40,0,3,14,8,9,9
867,45,No,Travel_Rarely,1433,Research & Development,1,4,Medical,1,3,Female,95,3,1,Laboratory Technician,3,Divorced,2595,16747,9,Y,No,13,3,3,80,3,2,5,3,3,1,2,3
868,21,No,Travel_Rarely,1195,Research & Development,1,3,Medical,1,3,Female,57,3,1,Research Scientist,1,Married,5133,12018,1,Y,No,20,4,3,80,1,0,3,3,4,2,2,2
869,41,No,Travel_Rarely,1297,Sales,2,5,Human Resources,1,2,Female,69,3,2,Sales Executive,1,Divorced,7151,7805,8,Y,Yes,25,4,3,80,1,11,2,2,4,3,2,2
870,32,No,Travel_Rarely,143,Research & Development,26,3,Life Sciences,1,2,Male,56,4,1,Research Scientist,1,Married,4809,23786,1,Y,Yes,12,3,1,80,1,4,3,2,6,7,2,8
871,50,Yes,Non-Travel,963,Research & Development,2,2,Life Sciences,1,4,Male,57,2,1,Human Resources,4,Divorced,2287,10470,9,Y,Yes,14,3,4,80,1,3,3,2,1,0,0,0
872,44,No,Travel_Rarely,414,Research & Development,2,1,Life Sciences,1,4,Female,65,2,4,Manufacturing Director,4,Married,18536,6720,1,Y,No,18,3,3,80,1,32,3,3,19,8,4,11
873,26,Yes,Travel_Rarely,306,Research & Development,14,4,Life Sciences,1,4,Female,40,3,1,Research Scientist,3,Single,2077,23445,1,Y,Yes,13,3,4,80,0,7,2,3,8,1,13,8
874,29,Yes,Travel_Rarely,181,Research & Development,22,4,Medical,1,4,Male,92,3,2,Manufacturing Director,3,Married,5287,21153,1,Y,Yes,18,3,4,80,2,11,3,2,11,2,13,8
875,33,No,Travel_Rarely,1154,Sales,7,4,Life Sciences,1,1,Male,32,3,2,Sales Executive,1,Married,6312,11800,8,Y,No,13,3,4,80,1,5,6,4,1,2,2,2
876,44,No,Travel_Rarely,1153,Research & Development,1,1,Life Sciences,1,1,Female,73,1,1,Research Scientist,4,Married,3411,22880,1,Y,No,14,3,4,80,1,10,6,3,11,4,12,10
877,21,No,Travel_Rarely,1376,Research & Development,14,1,Medical,1,4,Female,61,3,2,Research Scientist,4,Married,7151,9993,1,Y,No,13,3,4,80,2,9,2,3,10,6,2,10
878,42,No,Travel_Rarely,769,Human Resources,5,1,Medical,1,2,Male,69,3,2,Human Resources,2,Divorced,4407,12934,6,Y,Yes,23,4,4,80,1,12,2,3,3,1,0,3
879,28,No,Travel_Rarely,593,Research & Development,7,1,Medical,1,1,Male,75,3,1,Research Scientist,3,Married,3382,13569,0,Y,No,24,4,4,80,0,4,3,3,0,1,2,4
880,35,Yes,Travel_Frequently,1311,Sales,13,4,Human Resources,1,4,Male,59,1,2,Sales Executive,3,Married,4994,20087,2,Y,No,12,3,4,80,0,4,2,3,4,1,2,2
881,56,No,Travel_Rarely,787,Research & Development,5,3,Life Sciences,1,1,Male,61,3,1,Laboratory Technician,4,Married,1600,23484,4,Y,No,17,3,2,80,0,0,6,3,2,0,0,0
882,52,No,Travel_Rarely,785,Research & Development,1,3,Life Sciences,1,3,Male,34,3,4,Manager,3,Single,18545,21602,4,Y,No,13,3,1,80,0,34,2,3,8,9,0,0
883,50,No,Travel_Rarely,234,Sales,1,1,Life Sciences,1,1,Male,77,3,3,Sales Executive,4,Married,10612,19530,3,Y,No,14,3,4,80,1,34,6,3,1,0,1,1
884,18,No,Travel_Rarely,1068,Sales,1,1,Life Sciences,1,1,Male,67,3,1,Laboratory Technician,3,Married,3002,6377,0,Y,No,17,3,3,80,1,5,4,3,2,1,1,3
885,21,No,Travel_Rarely,637,Research & Development,10,2,Technical Degree,1,4,Male,75,3,1,Human Resources,4,Single,1197,17277,1,Y,No,13,3,3,80,0,7,5,4,7,2,2,4
886,40,Yes,Travel_Rarely,1160,Research & Development,13,4,Life Sciences,1,3,Male,96,3,1,Research Scientist,3,Single,1875,8912,1,Y,Yes,11,3,3,80,0,6,1,3,7,4,0,4
887,18,Yes,Non-Travel,1332,Research & Development,1,5,Life Sciences,1,3,Female,100,1,3,Manufacturing Director,2,Single,12072,12018,1,Y,No,11,3,1,80,0,10,2,3,10,10,3,5
888,33,No,Travel_Rarely,1325,Research & Development,1,3,Life Sciences,1,4,Female,40,3,1,Research Scientist,4,Single,2759,14787,1,Y,No,12,3,2,80,0,17,3,3,18,13,15,10
889,58,No,Travel_Rarely,726,Research & Development,3,5,Life Sciences,1,3,Female,34,2,4,Healthcare Representative,3,Married,15052,11260,2,Y,Yes,16,3,2,80,1,34,3,3,12,14,2,17
890,24,No,Travel_Frequently,1342,Sales,20,4,Human Resources,1,3,Female,77,3,3,Sales Executive,1,Married,10080,4362,0,Y,No,12,3,3,80,0,9,3,3,12,6,15,10
891,47,No,Travel_Rarely,1266,Research & Development,2,3,Life Sciences,1,3,Female,32,3,2,Healthcare Representative,4,Divorced,5699,10211,4,Y,No,15,3,4,80,1,18,3,3,6,5,0,4
892,41,No,Travel_Rarely,1393,Research & Development,7,3,Medical,1,2,Female,36,3,5,Research Director,4,Divorced,17247,8014,0,Y,Yes,14,3,4,80,1,22,4,2,40,9,2,10
893,33,No,Travel_Rarely,535,Research & Development,27,4,Medical,1,3,Female,60,3,3,Healthcare Representative,3,Divorced,11540,7388,1,Y,Yes,12,3,3,80,1,18,3,2,16,10,9,1
894,21,No,Travel_Rarely,197,Human Resources,28,3,Marketing,1,2,Male,49,2,3,Laboratory Technician,1,Single,10517,10152,1,Y,No,14,3,1,80,0,9,3,2,11,6,0,6
895,46,No,Travel_Rarely,771,Research & Development,6,2,Technical Degree,1,4,Male,89,2,5,Manager,4,Single,13061,21980,6,Y,No,21,4,4,80,0,37,2,3,3,0,0,1
896,44,No,Travel_Rarely,847,Research & Development,24,3,Other,1,4,Male,95,4,1,Laboratory Technician,2,Divorced,4235,8141,5,Y,No,12,3,3,80,1,5,0,3,5,4,0,2
897,46,No,Travel_Frequently,742,Research & Development,1,2,Life Sciences,1,3,Male,52,3,4,Manager,3,Married,15715,21004,0,Y,Yes,13,3,4,80,0,38,3,2,20,8,2,10
898,35,Yes,Travel_Rarely,391,Research & Development,11,4,Medical,1,4,Male,67,3,2,Manufacturing Director,1,Single,3480,3402,1,Y,No,16,3,2,80,0,11,6,4,14,3,0,5
899,45,No,Travel_Frequently,1079,Research & Development,5,5,Life Sciences,1,4,Male,61,2,2,Healthcare Representative,4,Married,4152,18058,8,Y,No,14,3,4,80,1,2,0,1,2,1,0,4
900,25,Yes,Travel_Rarely,1411,Sales,11,1,Other,1,4,Female,88,3,2,Sales Executive,3,Single,10270,22515,3,Y,Yes,11,3,4,80,0,5,0,3,3,0,2,2
901,50,No,Travel_Rarely,627,Research & Development,1,4,Life Sciences,1,3,Male,56,2,5,Manager,3,Married,15625,6177,0,Y,No,14,3,1,80,1,32,0,3,27,13,11,6
902,46,No,Travel_Frequently,210,Research & Development,8,5,Medical,1,3,Male,93,2,4,Manager,4,Married,13454,5186,7,Y,No,20,4,2,80,1,40,3,3,4,2,1,3
903,40,No,Travel_Rarely,864,Sales,1,2,Life Sciences,1,1,Male,34,1,3,Sales Executive,3,Single,9625,2738,0,Y,No,15,3,4,80,0,10,3,3,6,8,0,11
904,58,No,Travel_Rarely,325,Sales,3,4,Human Resources,1,4,Male,58,2,4,Sales Executive,2,Married,14116,9662,5,Y,No,18,3,2,80,1,25,3,3,13,10,1,2
905,40,No,Travel_Frequently,1335,Research & Development,6,5,Human Resources,1,2,Male,82,3,1,Sales Representative,3,Married,2800,11823,4,Y,No,19,3,4,80,1,3,6,3,0,2,1,0
906,36,Yes,Travel_Rarely,882,Research & Development,8,3,Medical,1,1,Female,30,3,1,Sales Representative,1,Single,4805,10993,5,Y,No,23,4,1,80,0,10,2,4,5,3,0,4
907,39,No,Travel_Frequently,563,Research & Development,2,4,Marketing,1,3,Female,63,3,3,Healthcare Representative,3,Single,9675,6028,0,Y,No,25,4,4,80,0,37,1,3,16,7,4,11
908,19,No,Travel_Rarely,224,Sales,3,1,Life Sciences,1,1,Male,48,3,3,Sales Executive,4,Divorced,9789,11516,1,Y,No,15,3,1,80,1,16,1,3,10,10,6,10
909,30,No,Travel_Frequently,1407,Research & Development,2,5,Technical Degree,1,4,Male,42,3,2,Manufacturing Director,3,Married,4063,21894,1,Y,No,14,3,1,80,1,11,0,3,13,8,0,8
910,39,No,Travel_Rarely,1399,Research & Development,24,5,Life Sciences,1,4,Male,52,3,5,Research Director,2,Married,16462,9199,8,Y,No,11,3,1,80,1,37,2,3,4,1,0,2
911,36,No,Travel_Rarely,692,Research & Development,13,4,Life Sciences,1,3,Female,72,3,2,Manufacturing Director,3,Married,4702,12560,5,Y,Yes,12,3,2,80,3,7,2,3,2,2,1,1
912,34,No,Non-Travel,1154,Sales,6,5,Life Sciences,1,2,Male,61,3,2,Sales Executive,4,Married,9793,16001,9,Y,No,13,3,1,80,0,4,2,1,6,3,1,4
913,30,No,Non-Travel,1440,Research & Development,1,5,Technical Degree,1,4,Male,38,3,2,Manufacturing Director,3,Married,4662,24838,1,Y,No,14,3,1,80,1,10,1,3,9,8,0,8
914,18,No,Travel_Rarely,1373,Sales,22,4,Other,1,3,Male,36,3,3,Sales Executive,2,Married,10715,19572,3,Y,No,12,3,2,80,1,11,3,3,0,1,2,4
915,18,No,Travel_Rarely,1075,Human Resources,6,3,Human Resources,1,3,Male,44,3,2,Laboratory Technician,4,Married,6272,16401,0,Y,Yes,17,3,4,80,0,14,2,4,9,7,7,8
916,18,Yes,Travel_Rarely,860,Sales,7,4,Human Resources,1,4,Male,46,2,2,Sales Executive,4,Single,5819,12915,1,Y,Yes,12,3,2,80,0,5,5,3,6,10,9,2
917,20,No,Travel_Rarely,456,Sales,3,3,Other,1,4,Male,71,3,2,Sales Executive,4,Divorced,8311,6351,4,Y,No,11,3,4,80,3,16,3,3,7,6,2,7
918,46,No,Travel_Rarely,244,Research & Development,20,1,Life Sciences,1,3,Male,87,2,3,Research Director,4,Divorced,12532,18370,0,Y,Yes,13,3,2,80,1,13,3,3,10,9,2,7
919,40,No,Travel_Rarely,953,Research & Development,12,3,Life Sciences,1,2,Female,43,3,2,Healthcare Representative,1,Divorced,3857,8470,9,Y,No,11,3,2,80,1,17,3,3,8,3,7,5
920,30,No,Non-Travel,960,Research & Development,1,4,Medical,1,3,Male,87,4,2,Manufacturing Director,3,Married,4033,7961,0,Y,No,11,3,4,80,1,1,2,3,8,3,1,3
921,39,No,Travel_Rarely,1343,Sales,2,2,Marketing,1,2,Female,75,3,2,Sales Executive,1,Divorced,6575,6352,9,Y,Yes,23,4,3,80,1,10,2,2,4,5,1,3
922,30,No,Travel_Rarely,1049,Research & Development,2,5,Life Sciences,1,4,Male,64,2,2,Laboratory Technician,4,Married,4342,17888,1,Y,Yes,11,3,3,80,2,9,5,2,9,9,3,1
923,56,No,Travel_Rarely,1418,Research & Development,4,5,Life Sciences,1,4,Female,31,3,4,Manager,4,Married,15426,12292,7,Y,No,13,3,4,80,0,23,2,1,8,1,2,4
924,40,No,Travel_Frequently,1152,Sales,6,4,Other,1,1,Male,95,3,2,Sales Executive,4,Single,7249,26261,4,Y,Yes,21,4,3,80,0,14,5,3,12,9,0,9
925,37,No,Travel_Rarely,317,Research & Development,4,3,Other,1,4,Female,37,3,2,Healthcare Representative,2,Single,3929,15517,3,Y,No,18,3,1,80,0,7,3,2,3,5,0,0
926,26,No,Travel_Rarely,1361,Sales,3,5,Medical,1,3,Female,63,2,2,Sales Executive,2,Divorced,3452,14121,1,Y,Yes,12,3,2,80,2,9,5,2,15,7,1,8
927,38,No,Travel_Rarely,243,Research & Development,1,4,Life Sciences,1,2,Male,85,3,1,Human Resources,2,Married,3211,6064,3,Y,No,21,4,3,80,1,8,3,3,3,2,0,4
928,27,No,Travel_Rarely,1072,Research & Development,3,4,Medical,1,3,Female,51,3,3,Manufacturing Director,4,Single,5893,24933,1,Y,Yes,13,3,3,80,0,10,2,2,12,6,8,11
929,33,No,Travel_Rarely,340,Research & Development,9,3,Life Sciences,1,1,Male,69,3,1,Human Resources,2,Single,1766,9618,5,Y,No,11,3,3,80,0,13,4,3,4,5,2,3
930,35,No,Travel_Rarely,165,Research & Development,19,4,Life Sciences,1,3,Female,39,2,1,Sales Representative,2,Single,1574,16239,1,Y,No,13,3,3,80,0,2,3,3,7,1,7,1
931,44,No,Travel_Rarely,612,Sales,12,4,Human Resources,1,2,Male,79,3,2,Sales Executive,4,Divorced,3924,3134,3,Y,Yes,12,3,3,80,2,15,1,3,1,0,0,1
932,30,No,Travel_Rarely,676,Research & Development,5,3,Medical,1,1,Female,61,4,1,Sales Representative,3,Divorced,4153,15384,5,Y,No,11,3,2,80,1,3,0,2,1,1,2,4
933,38,No,Travel_Rarely,364,Human Resources,2,3,Other,1,4,Male,68,2,5,Manager,3,Married,13147,17378,1,Y,No,12,3,2,80,1,29,3,3,30,10,1,5
934,38,No,Travel_Rarely,813,Sales,3,2,Life Sciences,1,4,Female,95,3,2,Sales Executive,4,Single,3460,9166,1,Y,Yes,15,3,3,80,0,9,1,3,10,0,0,11
935,35,Yes,Travel_Rarely,947,Sales,7,4,Medical,1,4,Male,37,1,3,Sales Executive,4,Married,11943,21091,1,Y,No,12,3,3,80,0,17,2,2,12,10,7,5
936,19,No,Non-Travel,1126,Sales,18,1,Marketing,1,4,Female,38,3,2,Sales Executive,3,Married,7090,23959,1,Y,No,13,3,4,80,1,11,2,2,13,9,0,0
937,35,No,Travel_Rarely,1031,Research & Development,1,3,Medical,1,4,Male,56,2,1,Laboratory Technician,1,Single,3409,22744,1,Y,No,18,3,2,80,0,2,3,3,0,0,2,2
938,43,No,Travel_Rarely,223,Research & Development,2,3,Life Sciences,1,4,Male,50,3,1,Research Scientist,4,Single,5189,6811,8,Y,Yes,11,3,3,80,0,6,3,3,2,2,2,2
939,21,No,Travel_Frequently,1498,Research & Development,1,3,Life Sciences,1,3,Female,60,4,2,Human Resources,4,Married,5917,14422,0,Y,No,11,3,1,80,3,10,1,3,11,7,11,10
940,35,No,Travel_Rarely,1328,Research & Development,9,4,Technical Degree,1,3,Male,61,3,3,Manufacturing Director,2,Single,8963,19346,0,Y,No,13,3,4,80,0,13,4,3,20,10,0,17
941,33,No,Travel_Rarely,783,Research & Development,9,5,Life Sciences,1,4,Male,79,4,2,Healthcare Representative,1,Divorced,5877,21320,9,Y,No,21,4,1,80,1,17,3,3,8,5,0,3
942,31,Yes,Travel_Rarely,1427,Sales,12,4,Medical,1,2,Male,50,3,2,Sales Executive,1,Divorced,4226,11685,6,Y,No,18,3,3,80,0,9,2,4,2,1,2,4
943,47,No,Travel_Rarely,631,Sales,8,4,Technical Degree,1,2,Male,51,3,2,Sales Executive,1,Single,4321,5143,6,Y,No,14,3,4,80,0,9,3,1,6,5,1,8
944,43,No,Travel_Frequently,887,Sales,29,5,Life Sciences,1,2,Male,100,2,2,Sales Executive,2,Single,11088,25811,2,Y,No,16,3,3,80,0,4,3,3,2,2,2,2
945,47,No,Travel_Rarely,993,Research & Development,1,3,Medical,1,3,Male,59,3,1,Research Scientist,3,Divorced,2023,3174,8,Y,No,14,3,3,80,1,4,3,1,0,2,1,3
946,44,No,Travel_Frequently,863,Research & Development,1,3,Life Sciences,1,4,Male,74,3,2,Human Resources,4,Married,5576,12628,1,Y,Yes,16,3,4,80,1,9,2,3,9,7,14,11
947,41,No,Non-Travel,1216,Research & Development,1,2,Life Sciences,1,3,Male,79,2,3,Healthcare Representative,3,Married,11878,3026,3,Y,No,25,4,4,80,1,20,3,2,39,16,4,3
948,45,No,Travel_Rarely,1455,Research & Development,10,3,Medical,1,3,Female,77,3,2,Healthcare Representative,3,Married,8024,25716,3,Y,No,15,3,3,80,1,16,6,3,4,0,0,1
949,43,No,Travel_Rarely,463,Sales,24,3,Medical,1,3,Female,69,3,2,Sales Executive,3,Married,4532,20434,3,Y,Yes,19,3,3,80,1,9,4,2,6,3,1,2
950,38,No,Travel_Rarely,605,Research & Development,3,4,Medical,1,2,Female,72,4,2,Research Scientist,2,Married,1096,4793,9,Y,Yes,19,3,4,80,0,16,2,3,2,0,0,1
951,32,Yes,Travel_Rarely,1166,Research & Development,9,5,Life Sciences,1,4,Male,78,3,2,Laboratory Technician,3,Married,3818,24020,1,Y,No,19,3,1,80,1,9,3,3,15,4,1,1
952,18,No,Travel_Rarely,798,Research & Development,8,3,Medical,1,1,Male,56,1,1,Research Scientist,1,Married,1307,11743,9,Y,No,18,3,1,80,1,3,3,1,1,2,0,3
953,21,No,Travel_Rarely,283,Sales,5,4,Life Sciences,1,2,Male,37,2,1,Human Resources,3,Married,3132,10797,3,Y,No,16,3,2,80,0,14,2,1,8,6,13,3
954,39,No,Non-Travel,179,Research & Development,6,5,Medical,1,4,Male,68,2,3,Research Director,2,Divorced,13763,20414,7,Y,No,12,3,3,80,1,16,5,3,10,8,13,7
955,26,Yes,Travel_Rarely,455,Sales,8,1,Life Sciences,1,1,Female,56,3,2,Sales Executive,3,Single,5016,25307,7,Y,No,14,3,1,80,0,5,3,3,4,2,1,1
956,24,No,Travel_Rarely,1260,Research & Development,15,4,Other,1,3,Female,31,3,1,Human Resources,2,Married,2333,11519,7,Y,No,13,3,2,80,1,2,2,3,2,2,1,2
957,21,No,Travel_Rarely,296,Sales,5,5,Technical Degree,1,3,Male,59,3,3,Sales Executive,3,Divorced,5625,11226,2,Y,No,12,3,1,80,1,9,2,1,5,5,15,5
958,18,No,Travel_Rarely,1434,Sales,8,2,Marketing,1,1,Female,92,3,2,Sales Executive,3,Divorced,4680,16665,0,Y,Yes,23,4,2,80,1,4,3,2,5,5,0,2
959,30,No,Travel_Rarely,474,Research & Development,7,4,Life Sciences,1,3,Female,65,3,2,Manufacturing Director,4,Single,3945,26010,1,Y,No,23,4,4,80,0,9,2,3,14,10,1,10
960,44,No,Travel_Rarely,592,Research & Development,2,4,Medical,1,4,Male,35,3,5,Research Director,4,Divorced,19524,21810,9,Y,No,19,3,4,80,2,24,5,3,4,2,1,2
961,32,No,Non-Travel,777,Research & Development,9,3,Marketing,1,4,Male,87,3,2,Research Scientist,2,Divorced,1207,3361,9,Y,No,15,3,4,80,3,11,2,2,11,7,1,7
962,21,No,Travel_Frequently,1149,Research & Development,7,3,Life Sciences,1,3,Male,56,2,1,Sales Representative,2,Divorced,3188,20057,1,Y,No,11,3,3,80,2,6,4,3,2,0,0,0
963,51,No,Non-Travel,134,Research & Development,2,4,Life Sciences,1,4,Male,50,1,2,Healthcare Representative,3,Divorced,6078,16224,9,Y,Yes,14,3,4,80,1,18,2,3,8,5,1,2
964,48,No,Travel_Rarely,383,Sales,8,3,Life Sciences,1,1,Male,73,3,3,Sales Executive,3,Divorced,7996,8763,0,Y,No,11,3,3,80,2,14,5,2,21,6,8,13
965,25,No,Travel_Rarely,1077,Research & Development,28,2,Life Sciences,1,3,Male,94,1,2,Manufacturing Director,2,Married,6436,4556,1,Y,No,13,3,2,80,3,1,2,2,7,8,2,8
966,43,No,Travel_Rarely,1454,Research & Development,11,3,Medical,1,3,Female,70,3,2,Healthcare Representative,3,Married,10165,25199,3,Y,No,15,3,3,80,1,12,5,3,3,0,0,0
967,27,No,Travel_Rarely,1407,Human Resources,8,2,Medical,1,4,Female,90,1,1,Laboratory Technician,2,Single,1269,20555,8,Y,No,18,3,4,80,0,5,3,3,2,2,0,2
968,38,No,Non-Travel,323,Research & Development,3,1,Medical,1,3,Male,97,2,4,Manager,4,Married,18787,7768,5,Y,No,20,4,2,80,1,23,3,3,2,1,2,3
969,35,No,Travel_Rarely,903,Research & Development,2,3,Life Sciences,1,3,Male,48,2,3,Manufacturing Director,2,Divorced,11787,14899,6,Y,No,15,3,2,80,1,16,2,1,5,8,6,4
970,59,No,Travel_Frequently,703,Research & Development,1,2,Medical,1,3,Male,51,2,4,Manager,1,Single,19219,17400,2,Y,No,18,3,2,80,0,22,3,1,10,8,5,4
971,41,No,Non-Travel,1093,Research & Development,14,3,Life Sciences,1,3,Female,97,3,3,Manufacturing Director,1,Married,9393,10010,6,Y,No,12,3,3,80,1,16,5,3,7,6,0,1
972,22,Yes,Travel_Frequently,927,Research & Development,1,3,Medical,1,1,Male,42,2,1,Laboratory Technician,2,Divorced,1763,8217,1,Y,No,15,3,1,80,2,4,2,3,3,0,0,1
973,45,No,Non-Travel,666,Research & Development,2,4,Technical Degree,1,1,Female,62,2,2,Healthcare Representative,3,Single,6889,3751,7,Y,Yes,17,3,1,80,0,11,3,3,7,8,0,8
974,28,Yes,Travel_Rarely,978,Research & Development,3,3,Other,1,4,Female,100,3,1,Research Scientist,1,Single,3046,11152,7,Y,Yes,11,3,3,80,0,8,6,3,8,2,0,3
975,32,No,Non-Travel,902,Research & Development,21,1,Medical,1,3,Male,35,1,2,Human Resources,4,Married,1774,10446,4,Y,No,18,3,3,80,1,12,3,3,5,2,0,3
976,30,Yes,Travel_Rarely,327,Research & Development,1,4,Human Resources,1,1,Male,90,2,1,Research Scientist,1,Single,1134,3129,6,Y,No,13,3,3,80,0,10,2,1,12,6,0,7
977,58,Yes,Travel_Rarely,1205,Sales,26,4,Life Sciences,1,1,Male,66,3,3,Sales Executive,1,Single,11663,4853,9,Y,Yes,13,3,2,80,0,14,2,2,2,1,1,2
978,37,Yes,Travel_Rarely,123,Research & Development,1,3,Life Sciences,1,1,Female,73,3,1,Sales Representative,1,Divorced,1925,25700,1,Y,Yes,11,3,4,80,1,3,2,3,0,0,0,0
979,35,No,Travel_Frequently,436,Research & Development,12,3,Life Sciences,1,1,Male,65,3,1,Research Scientist,3,Married,3522,16320,6,Y,No,13,3,1,80,1,10,3,2,6,2,1,2
980,57,No,Travel_Rarely,928,Research & Development,4,1,Technical Degree,1,4,Male,75,3,2,Research Scientist,1,Divorced,7057,23283,3,Y,Yes,11,3,2,80,3,15,3,3,13,10,12,10
981,21,No,Non-Travel,134,Research & Development,7,3,Medical,1,2,Male,77,3,2,Manufacturing Director,1,Single,12451,2921,0,Y,No,16,3,2,80,0,9,2,3,14,5,2,9
982,20,No,Travel_Rarely,1411,Sales,5,3,Life Sciences,1,2,Female,45,3,3,Sales Executive,4,Married,9361,3384,8,Y,No,11,3,3,80,1,13,2,3,10,10,8,3
983,25,No,Travel_Rarely,855,Research & Development,5,3,Medical,1,1,Male,63,1,1,Research Scientist,1,Married,2858,9929,7,Y,No,19,3,1,80,1,6,3,1,2,1,0,2
984,38,No,Travel_Rarely,1016,Sales,5,3,Marketing,1,4,Male,72,3,3,Sales Executive,1,Divorced,7745,19397,4,Y,Yes,11,3,3,80,1,12,2,3,6,4,0,3
985,24,No,Travel_Rarely,567,Sales,10,1,Medical,1,2,Male,51,3,1,Human Resources,3,Married,1400,25479,1,Y,No,11,3,3,80,0,1,5,3,5,4,0,8
986,26,Yes,Travel_Rarely,1098,Research & Development,2,4,Medical,1,1,Male,85,4,1,Research Scientist,4,Married,5096,22559,9,Y,Yes,14,3,4,80,0,3,4,2,2,1,1,2
987,19,No,Travel_Rarely,1228,Sales,2,3,Medical,1,3,Female,44,3,1,Sales Representative,3,Single,2216,12018,1,Y,No,18,3,1,80,0,2,3,3,1,1,2,2
988,18,No,Travel_Rarely,1033,Research & Development,1,1,Technical Degree,1,4,Male,62,3,1,Human Resources,3,Divorced,4215,4096,9,Y,Yes,17,3,3,80,1,0,2,2,2,1,0,3
989,35,No,Travel_Rarely,1019,Research & Development,13,3,Technical Degree,1,2,Male,37,3,1,Laboratory Technician,4,Divorced,3902,11662,1,Y,No,20,4,1,80,1,2,6,2,4,1,1,2
990,38,No,Travel_Rarely,272,Sales,2,2,Marketing,1,3,Female,38,3,2,Sales Executive,4,Married,4988,16608,0,Y,Yes,22,4,1,80,1,7,2,3,8,9,14,10
991,40,No,Travel_Rarely,298,Research & Development,4,1,Medical,1,3,Male,80,2,2,Laboratory Technician,3,Divorced,1765,8837,0,Y,No,18,3,4,80,1,10,3,3,9,8,0,5
992,53,No,Travel_Rarely,1221,Research & Development,1,1,Marketing,1,3,Female,85,2,4,Healthcare Representative,3,Single,15534,15811,6,Y,Yes,11,3,4,80,0,34,2,3,6,1,0,7
993,27,No,Travel_Rarely,871,Sales,2,5,Life Sciences,1,2,Male,79,3,2,Sales Executive,4,Single,5478,9673,4,Y,Yes,13,3,3,80,0,10,2,1,5,3,0,10
994,27,No,Travel_Rarely,154,Research & Development,28,5,Life Sciences,1,3,Male,97,3,1,Research Scientist,4,Single,2481,15690,1,Y,No,13,3,4,80,0,4,1,3,3,0,0,0
995,57,No,Travel_Rarely,1473,Research & Development,4,3,Life Sciences,1,4,Male,33,1,3,Manufacturing Director,4,Single,6294,24005,4,Y,No,12,3,1,80,0,22,3,2,8,4,0,4
996,32,Yes,Travel_Rarely,900,Research & Development,23,3,Medical,1,3,Male,59,3,1,Sales Representative,4,Married,2409,21745,8,Y,Yes,14,3,3,80,1,0,2,4,7,4,0,2
997,38,No,Travel_Frequently,1433,Research & Development,6,4,Medical,1,4,Male,46,3,1,Research Scientist,2,Divorced,4259,26326,8,Y,Yes,14,3,4,80,1,7,2,3,2,1,0,1
998,20,No,Travel_Rarely,1105,Research & Development,17,2,Life Sciences,1,3,Male,94,1,1,Research Scientist,3,Married,1664,20768,1,Y,No,23,4,3,80,1,10,3,3,15,10,0,6
999,33,No,Travel_Rarely,895,Research & Development,7,3,Human Resources,1,3,Male,54,3,3,Manufacturing Director,3,Single,9652,13957,3,Y,No,21,4,2,80,0,14,3,1,8,5,1,8
1000,44,No,Travel_Rarely,1084,Sales,7,3,Human Resources,1,3,Male,99,3,2,Sales Executive,1,Divorced,6488,19888,4,Y,No,11,3,1,80,3,15,3,3,0,2,2,3
1001,38,No,Travel_Rarely,846,Research & Development,13,3,Medical,1,2,Male,59,3,1,Sales Representative,2,Divorced,2145,9520,8,Y,No,23,4,2,80,2,6,5,2,7,3,0,3
1002,37,No,Travel_Frequently,1362,Sales,2,4,Medical,1,3,Male,48,4,2,Sales Executive,4,Divorced,11252,3801,1,Y,No,14,3,3,80,2,7,2,2,5,5,2,4
1003,34,No,Travel_Rarely,983,Sales,8,5,Other,1,2,Male,82,1,2,Sales Executive,3,Married,6720,21447,1,Y,No,23,4,3,80,2,10,4,3,12,6,11,11
1004,51,No,Travel_Rarely,1179,Research & Development,5,2,Medical,1,4,Female,42,3,5,Manager,3,Divorced,18542,13752,3,Y,No,19,3,2,80,1,29,1,3,7,9,4,8
1005,40,No,Travel_Rarely,1234,Research & Development,2,2,Life Sciences,1,1,Female,80,1,1,Research Scientist,4,Married,1883,22758,1,Y,No,13,3,4,80,1,9,0,3,13,5,9,11
1006,31,No,Travel_Rarely,703,Research & Development,3,3,Life Sciences,1,3,Male,86,1,1,Research Scientist,3,Married,3108,20374,5,Y,No,18,3,1,80,3,4,2,2,0,0,0,0
1007,46,No,Travel_Rarely,1482,Research & Development,9,3,Medical,1,1,Female,85,3,1,Research Scientist,3,Married,4895,24711,4,Y,Yes,15,3,3,80,1,0,2,2,1,2,0,2
1008,24,No,Travel_Frequently,1126,Sales,21,2,Technical Degree,1,4,Female,32,3,2,Sales Executive,3,Married,6381,23338,1,Y,No,13,3,4,80,1,9,2,2,15,9,0,1
1009,33,No,Non-Travel,1084,Research & Development,12,5,Medical,1,3,Male,73,2,3,Healthcare Representative,1,Married,10834,10552,6,Y,Yes,13,3,3,80,1,10,3,3,2,0,1,3
1010,48,No,Travel_Rarely,138,Sales,20,2,Life Sciences,1,4,Female,97,3,2,Sales Executive,1,Married,4013,12011,1,Y,No,16,3,3,80,1,4,2,3,7,3,2,2
1011,18,No,Travel_Rarely,723,Research & Development,9,4,Life Sciences,1,3,Female,57,3,2,Manufacturing Director,4,Single,3823,20231,1,Y,No,25,4,4,80,0,10,2,3,13,8,2,5
1012,36,No,Non-Travel,1460,Sales,11,2,Human Resources,1,2,Female,92,3,3,Sales Executive,4,Married,12459,21040,0,Y,No,13,3,3,80,1,9,0,3,14,9,1,8
1013,36,Yes,Travel_Rarely,1169,Sales,9,4,Life Sciences,1,3,Male,96,2,1,Laboratory Technician,1,Single,1112,7202,7,Y,No,24,4,2,80,0,10,0,3,6,4,0,2
1014,29,No,Non-Travel,450,Sales,2,4,Life Sciences,1,4,Female,56,3,3,Sales Executive,3,Divorced,12611,11755,1,Y,Yes,17,3,1,80,1,11,5,2,14,8,6,5
1015,38,No,Travel_Rarely,1455,Research & Development,4,3,Medical,1,2,Female,40,3,5,Research Director,4,Divorced,15189,7790,0,Y,Yes,13,3,4,80,1,38,6,2,34,9,2,9
1016,32,No,Travel_Rarely,215,Sales,13,4,Life Sciences,1,2,Male,74,3,2,Sales Executive,4,Divorced,4152,11006,9,Y,No,11,3,3,80,1,5,3,2,7,2,0,4
1017,48,No,Travel_Rarely,725,Research & Development,8,1,Medical,1,4,Male,77,3,3,Manufacturing Director,3,Divorced,10228,25914,6,Y,No,14,3,2,80,1,18,3,3,5,10,0,7
1018,36,No,Travel_Rarely,1330,Research & Development,27,4,Life Sciences,1,4,Male,53,3,2,Manufacturing Director,3,Married,6919,5990,2,Y,No,19,3,2,80,1,15,3,3,6,7,0,8
1019,25,No,Non-Travel,1280,Sales,1,3,Medical,1,3,Male,44,2,2,Sales Executive,1,Single,4004,12397,1,Y,No,11,3,2,80,0,3,2,3,8,7,0,7
1020,38,No,Travel_Rarely,511,Research & Development,1,4,Life Sciences,1,3,Female,84,3,2,Healthcare Representative,4,Married,4203,2294,1,Y,No,14,3,2,80,2,11,0,3,9,2,2,2
1021,23,No,Travel_Rarely,1387,Research & Development,28,3,Medical,1,2,Male,55,2,2,Healthcare Representative,4,Married,6503,19553,0,Y,No,21,4,2,80,1,9,2,3,11,0,15,6
1022,28,No,Travel_Frequently,1124,Sales,22,2,Marketing,1,4,Female,45,3,2,Sales Executive,3,Married,5473,21598,1,Y,No,13,3,4,80,1,9,2,2,10,9,0,1
1023,53,No,Travel_Rarely,362,Human Resources,14,4,Medical,1,3,Male,93,3,3,Laboratory Technician,2,Married,8764,6159,8,Y,No,15,3,3,80,1,16,6,1,12,9,14,0
1024,57,No,Travel_Rarely,1131,Research & Development,8,4,Medical,1,3,Male,48,3,4,Research Director,3,Married,13446,20853,3,Y,Yes,15,3,4,80,3,19,5,2,8,4,1,4
1025,39,No,Travel_Rarely,1222,Human Resources,15,4,Life Sciences,1,4,Female,96,3,5,Manager,3,Married,14589,2632,3,Y,No,11,3,3,80,1,33,2,3,6,2,2,1
1026,38,No,Travel_Rarely,999,Sales,6,1,Life Sciences,1,4,Female,97,3,2,Sales Executive,4,Single,4394,9622,1,Y,Yes,18,3,3,80,0,11,4,3,14,0,0,11
1027,46,No,Travel_Rarely,456,Research & Development,1,5,Life Sciences,1,4,Female,62,2,4,Manufacturing Director,4,Married,16505,6417,1,Y,No,16,3,3,80,1,39,3,3,21,9,14,9
1028,22,No,Travel_Rarely,193,Research & Development,5,5,Life Sciences,1,2,Female,79,1,3,Research Director,1,Married,9232,14865,0,Y,Yes,11,3,3,80,3,10,5,2,5,9,2,5
1029,33,No,Travel_Rarely,933,Research & Development,1,3,Medical,1,4,Male,54,2,1,Sales Representative,1,Single,2429,21363,1,Y,No,16,3,2,80,0,7,3,3,1,0,1,3
1030,29,No,Travel_Rarely,1450,Research & Development,6,5,Medical,1,2,Female,57,3,1,Sales Representative,4,Married,3001,21561,1,Y,No,14,3,1,80,1,11,0,3,11,7,0,9
1031,39,No,Travel_Rarely,362,Research & Development,1,3,Life Sciences,1,3,Female,91,3,3,Manufacturing Director,3,Single,7986,17894,4,Y,Yes,13,3,4,80,0,11,0,4,2,0,0,0
1032,33,No,Travel_Rarely,1141,Research & Development,1,4,Marketing,1,3,Male,82,2,1,Research Scientist,1,Single,1708,6644,3,Y,Yes,12,3,2,80,0,1,0,3,1,2,0,3
1033,37,No,Non-Travel,524,Research & Development,2,4,Human Resources,1,4,Male,92,3,1,Research Scientist,1,Divorced,2657,20560,5,Y,No,14,3,3,80,2,11,2,3,0,4,2,3
1034,38,No,Travel_Rarely,321,Sales,6,4,Human Resources,1,4,Female,43,2,2,Sales Executive,4,Single,3797,4063,0,Y,No,21,4,1,80,0,4,2,3,5,8,0,8
1035,26,Yes,Non-Travel,479,Sales,24,3,Technical Degree,1,3,Male,51,1,1,Human Resources,1,Single,1748,9971,1,Y,No,19,3,4,80,0,4,3,3,0,0,0,0
1036,52,No,Travel_Rarely,366,Sales,2,1,Medical,1,4,Female,46,3,2,Sales Executive,1,Single,7546,3997,9,Y,No,20,4,4,80,0,14,2,4,15,7,7,11
1037,31,No,Travel_Rarely,447,Sales,21,5,Medical,1,2,Female,32,2,2,Laboratory Technician,3,Married,5155,7827,1,Y,No,23,4,4,80,1,11,0,3,11,9,12,7
1038,27,No,Travel_Rarely,246,Research & Development,27,1,Life Sciences,1,4,Female,52,2,2,Human Resources,3,Single,5200,12157,0,Y,Yes,11,3,4,80,0,10,3,3,10,5,0,11
1039,56,No,Travel_Rarely,594,Sales,18,3,Life Sciences,1,4,Female,74,3,4,Manager,4,Married,13638,11479,4,Y,Yes,13,3,3,80,1,35,2,2,1,0,0,0
1040,35,Yes,Travel_Frequently,1446,Sales,15,3,Human Resources,1,1,Male,56,4,2,Sales Executive,4,Single,7233,7434,6,Y,Yes,14,3,2,80,0,9,3,2,5,2,0,2
1041,34,No,Travel_Rarely,929,Human Resources,10,3,Other,1,3,Male,44,3,1,Sales Representative,2,Married,2919,25680,4,Y,No,14,3,2,80,1,8,2,3,7,2,0,2
1042,55,No,Non-Travel,128,Sales,1,3,Marketing,1,3,Female,46,2,3,Sales Executive,2,Married,8130,21110,5,Y,No,12,3,1,80,1,22,2,3,13,7,6,12
1043,50,No,Travel_Rarely,1311,Research & Development,19,4,Medical,1,2,Male,48,1,3,Healthcare Representative,4,Married,6497,5490,3,Y,No,16,3,3,80,0,11,2,3,0,3,2,3
1044,27,Yes,Non-Travel,219,Research & Development,1,5,Medical,1,3,Male,39,2,1,Human Resources,1,Single,1523,7510,2,Y,No,12,3,3,80,0,8,2,2,2,0,0,0
1045,21,No,Travel_Rarely,1400,Research & Development,17,3,Life Sciences,1,4,Male,67,3,1,Research Scientist,4,Single,2724,16889,9,Y,No,17,3,4,80,0,8,4,3,1,1,1,2
1046,42,No,Travel_Rarely,801,Research & Development,26,5,Life Sciences,1,1,Female,90,2,3,Research Director,2,Married,12532,21245,3,Y,No,17,3,3,80,1,35,2,3,11,7,0,0
1047,38,No,Travel_Rarely,509,Sales,14,3,Medical,1,3,Male,72,2,3,Sales Executive,4,Divorced,7686,3181,8,Y,No,14,3,3,80,1,13,4,3,2,0,0,0
1048,30,No,Non-Travel,712,Research & Development,8,3,Medical,1,4,Male,61,3,1,Research Scientist,2,Divorced,1678,5720,2,Y,No,17,3,4,80,1,2,4,4,4,2,2,2
1049,36,No,Non-Travel,1262,Research & Development,1,2,Medical,1,2,Male,87,3,2,Manufacturing Director,4,Divorced,5598,25493,6,Y,No,13,3,3,80,1,18,0,3,8,8,2,11
1050,19,No,Travel_Rarely,1092,Sales,9,4,Technical Degree,1,2,Female,68,3,2,Sales Executive,2,Married,6683,4783,1,Y,No,16,3,1,80,1,7,3,3,8,9,0,10
1051,41,No,Travel_Frequently,1419,Research & Development,4,3,Medical,1,4,Male,44,4,1,Research Scientist,4,Divorced,3256,6873,4,Y,No,13,3,4,80,3,0,3,4,5,4,1,3
1052,35,No,Travel_Rarely,286,Sales,2,3,Medical,1,1,Female,71,3,2,Sales Executive,3,Single,3831,3526,1,Y,No,19,3,4,80,0,2,3,3,7,5,0,2
1053,19,No,Travel_Rarely,722,Research & Development,27,3,Medical,1,2,Female,60,3,2,Healthcare Representative,3,Married,4056,20519,4,Y,No,12,3,1,80,1,10,3,2,8,7,2,1
1054,40,No,Non-Travel,1366,Research & Development,1,2,Life Sciences,1,4,Male,32,3,1,Laboratory Technician,4,Married,3110,10085,1,Y,Yes,23,4,3,80,1,0,3,3,1,0,0,1
1055,41,No,Travel_Rarely,123,Research & Development,1,4,Other,1,4,Male,67,3,2,Manufacturing Director,4,Divorced,7347,15112,5,Y,No,11,3,3,80,1,15,3,2,5,4,1,3
1056,60,No,Travel_Rarely,561,Sales,6,4,Human Resources,1,2,Male,47,4,2,Sales Executive,4,Divorced,5868,9490,0,Y,Yes,18,3,2,80,1,18,3,3,11,10,1,11
1057,20,Yes,Travel_Frequently,890,Sales,2,1,Human Resources,1,1,Female,86,2,1,Laboratory Technician,2,Single,2129,9141,1,Y,Yes,12,3,3,80,0,6,3,3,1,2,2,3
1058,50,Yes,Travel_Rarely,308,Research & Development,19,4,Medical,1,4,Female,84,3,3,Healthcare Representative,4,Married,10101,3142,1,Y,No,12,3,4,80,1,20,3,2,39,6,13,11
1059,47,No,Travel_Rarely,922,Sales,2,1,Life Sciences,1,1,Male,41,4,3,Sales Executive,3,Single,7804,3261,0,Y,No,16,3,4,80,0,10,3,3,5,10,0,9
1060,39,No,Travel_Frequently,750,Research & Development,6,3,Life Sciences,1,3,Male,90,2,1,Human Resources,3,Single,2808,5938,3,Y,No,13,3,4,80,0,6,1,3,7,2,0,4
1061,51,No,Non-Travel,119,Sales,9,3,Life Sciences,1,4,Male,98,3,5,Manager,2,Divorced,15321,17221,4,Y,Yes,22,4,1,80,1,19,0,2,36,6,3,5
1062,59,No,Travel_Rarely,688,Research & Development,2,4,Medical,1,4,Male,99,3,2,Healthcare Representative,3,Married,5788,5151,6,Y,No,11,3,3,80,0,17,2,3,4,1,2,2
1063,56,No,Travel_Rarely,1467,Research & Development,4,3,Life Sciences,1,4,Male,31,4,3,Manufacturing Director,4,Single,6295,21504,4,Y,No,12,3,1,80,0,36,3,2,7,5,0,4
1064,47,No,Non-Travel,1334,Human Resources,1,3,Marketing,1,1,Male,82,3,1,Sales Representative,2,Divorced,2330,2794,5,Y,No,14,3,4,80,3,13,3,3,13,9,13,6
1065,18,Yes,Non-Travel,404,Sales,11,4,Life Sciences,1,2,Male,69,2,1,Sales Representative,1,Married,1527,18718,1,Y,No,15,3,3,80,1,1,2,4,0,0,0,1
1066,55,No,Travel_Rarely,1166,Sales,17,5,Life Sciences,1,1,Female,92,3,4,Manager,2,Single,16141,9657,3,Y,No,23,4,4,80,0,27,2,3,11,7,9,8
1067,33,Yes,Travel_Rarely,220,Sales,20,3,Life Sciences,1,1,Female,70,3,3,Sales Executive,1,Single,12147,9894,8,Y,Yes,23,4,3,80,0,10,2,2,4,0,0,0
1068,34,No,Non-Travel,621,Research & Development,3,3,Life Sciences,1,3,Male,30,2,1,Sales Representative,3,Married,2926,17551,1,Y,No,16,3,3,80,2,5,3,3,4,0,0,1
1069,29,Yes,Non-Travel,599,Sales,9,2,Medical,1,2,Female,79,3,1,Sales Representative,4,Single,2848,16797,1,Y,Yes,12,3,3,80,0,8,2,1,1,0,0,1
1070,35,Yes,Travel_Frequently,232,Research & Development,6,4,Life Sciences,1,4,Male,97,3,2,Laboratory Technician,1,Married,6022,4048,4,Y,No,17,3,3,80,1,10,3,2,8,2,0,7
1071,57,No,Travel_Rarely,1456,Sales,2,1,Medical,1,3,Male,47,3,4,Manager,3,Divorced,18484,13654,9,Y,No,13,3,3,80,1,39,3,1,19,18,4,4
1072,48,No,Travel_Rarely,750,Research & Development,6,3,Medical,1,1,Female,100,2,5,Manager,3,Married,18682,25718,7,Y,No,14,3,4,80,0,30,2,3,19,18,6,15
1073,26,No,Travel_Rarely,1213,Sales,7,3,Medical,1,2,Female,74,3,1,Laboratory Technician,2,Married,1449,2167,1,Y,No,15,3,4,80,1,0,3,3,1,0,0,0
1074,48,Yes,Travel_Rarely,526,Research & Development,17,3,Medical,1,1,Female,74,3,3,Healthcare Representative,4,Married,10912,13636,1,Y,No,11,3,4,80,1,11,2,3,10,10,0,11
1075,23,Yes,Travel_Rarely,825,Research & Development,6,3,Other,1,4,Female,88,3,1,Research Scientist,1,Single,2693,11635,8,Y,Yes,12,3,3,80,0,7,0,3,8,1,0,3
1076,33,No,Travel_Rarely,603,Research & Development,2,4,Life Sciences,1,4,Male,100,2,2,Manufacturing Director,1,Married,5897,26503,5,Y,No,13,3,2,80,1,13,3,3,14,7,10,5
1077,28,No,Travel_Rarely,551,Sales,17,5,Human Resources,1,1,Male,66,3,2,Sales Executive,2,Married,6980,5266,1,Y,No,20,4,4,80,3,5,5,4,5,4,2,2
1078,51,No,Travel_Rarely,807,Research & Development,2,3,Medical,1,4,Female,54,3,4,Research Director,4,Single,12715,6429,7,Y,No,17,3,4,80,0,25,3,2,17,10,8,11
1079,46,No,Travel_Rarely,103,Research & Development,29,3,Medical,1,4,Male,66,3,3,Manufacturing Director,1,Married,8867,2348,1,Y,Yes,25,4,4,80,1,11,0,2,10,10,8,8
1080,45,No,Travel_Rarely,1021,Research & Development,25,3,Medical,1,2,Male,94,4,3,Healthcare Representative,1,Divorced,10559,20589,8,Y,Yes,18,3,2,80,1,34,2,3,6,9,0,7
1081,21,No,Travel_Rarely,416,Research & Development,8,3,Marketing,1,3,Male,97,1,1,Laboratory Technician,1,Single,4730,20990,0,Y,No,12,3,4,80,0,6,2,3,7,9,0,6
1082,40,No,Travel_Rarely,748,Research & Development,7,3,Medical,1,1,Female,94,2,5,Manager,3,Married,16071,23525,7,Y,No,14,3,4,80,0,22,2,3,17,15,7,17
1083,30,No,Travel_Rarely,1104,Research & Development,18,4,Life Sciences,1,3,Female,84,3,1,Research Scientist,4,Divorced,1253,20960,4,Y,No,22,4,1,80,1,9,0,3,8,4,1,8
1084,41,Yes,Travel_Rarely,1167,Research & Development,1,4,Life Sciences,1,2,Female,68,4,1,Human Resources,4,Divorced,3207,18085,4,Y,Yes,13,3,3,80,1,9,6,2,5,10,1,1
1085,36,No,Travel_Rarely,821,Sales,1,4,Other,1,3,Female,42,3,3,Sales Executive,4,Married,11577,25044,1,Y,No,16,3,3,80,2,17,3,3,14,7,7,9
1086,22,No,Travel_Frequently,1463,Research & Development,1,2,Human Resources,1,4,Male,35,3,2,Manufacturing Director,3,Married,4584,21735,1,Y,No,13,3,1,80,1,10,1,3,10,10,0,11
1087,32,No,Travel_Rarely,408,Research & Development,4,4,Life Sciences,1,2,Female,33,3,3,Healthcare Representative,1,Married,9408,23627,4,Y,No,11,3,3,80,3,11,0,3,2,2,0,3
1088,33,Yes,Travel_Frequently,812,Research & Development,29,4,Medical,1,1,Female,59,2,2,Research Scientist,3,Single,4568,5397,1,Y,No,21,4,2,80,0,13,4,3,14,9,3,6
1089,19,No,Travel_Frequently,1499,Research & Development,21,3,Life Sciences,1,1,Male,97,4,1,Research Scientist,3,Divorced,2991,23373,1,Y,No,23,4,3,80,2,9,2,2,10,9,0,5
1090,20,Yes,Travel_Rarely,868,Human Resources,20,2,Medical,1,4,Female,80,3,1,Laboratory Technician,2,Married,2953,6776,0,Y,Yes,11,3,3,80,0,5,3,3,6,1,2,4
1091,46,No,Travel_Rarely,1354,Research & Development,1,3,Other,1,4,Female,76,3,3,Research Director,1,Married,19272,14362,1,Y,No,14,3,2,80,1,16,3,3,9,11,14,8
1092,36,Yes,Travel_Rarely,194,Sales,27,3,Life Sciences,1,3,Male,87,3,2,Sales Executive,4,Single,6978,9762,1,Y,Yes,17,3,4,80,0,9,2,3,12,8,11,10
1093,19,No,Travel_Rarely,986,Sales,8,3,Medical,1,1,Male,30,2,2,Sales Executive,2,Divorced,3789,5037,1,Y,Yes,13,3,2,80,1,9,3,2,12,0,0,9
1094,42,No,Travel_Rarely,844,Sales,8,5,Life Sciences,1,4,Female,98,3,2,Sales Executive,4,Single,3513,12240,1,Y,Yes,18,3,3,80,0,9,4,3,10,0,0,6
1095,48,No,Travel_Rarely,1431,Sales,1,3,Life Sciences,1,1,Male,55,2,1,Human Resources,1,Single,3226,13460,4,Y,No,14,3,1,80,0,33,3,2,0,0,0,1
1096,32,Yes,Non-Travel,1078,Research & Development,4,3,Life Sciences,1,1,Male,78,3,1,Research Scientist,1,Single,2513,5153,1,Y,Yes,11,3,1,80,0,9,3,3,13,10,10,6
1097,32,Yes,Travel_Rarely,494,Research & Development,12,1,Medical,1,1,Male,37,4,1,Sales Representative,4,Divorced,2432,8046,6,Y,No,14,3,1,80,3,0,2,3,0,3,2,4
1098,32,No,Travel_Rarely,1214,Sales,8,4,Marketing,1,3,Male,44,3,2,Sales Executive,3,Divorced,5423,20471,0,Y,No,12,3,4,80,0,5,3,3,6,0,2,3
1099,34,No,Non-Travel,1068,Sales,4,4,Technical Degree,1,1,Male,83,3,2,Sales Executive,4,Divorced,4754,24854,4,Y,No,14,3,4,80,2,14,3,3,6,7,0,9
1100,32,No,Travel_Rarely,1207,Sales,3,2,Life Sciences,1,3,Female,83,3,2,Sales Executive,1,Married,5881,8814,2,Y,No,16,3,2,80,1,7,1,3,3,2,1,4
1101,25,Yes,Travel_Rarely,660,Sales,8,2,Life Sciences,1,1,Female,67,3,2,Sales Executive,3,Single,4805,23890,9,Y,No,14,3,1,80,0,4,3,3,0,1,1,0
1102,28,No,Travel_Rarely,986,Sales,15,3,Life Sciences,1,1,Male,36,2,2,Sales Executive,3,Married,9591,25934,2,Y,No,18,3,4,80,0,0,3,3,0,1,1,2
1103,51,No,Travel_Rarely,1313,Research & Development,13,1,Other,1,4,Female,88,2,4,Manufacturing Director,2,Single,15063,20996,3,Y,No,17,3,2,80,0,39,5,2,7,2,0,2
1104,26,Yes,Travel_Rarely,604,Research & Development,1,5,Life Sciences,1,1,Female,56,4,1,Research Scientist,2,Single,2071,2556,8,Y,Yes,13,3,4,80,0,9,0,3,6,8,6,5
1105,26,Yes,Travel_Rarely,1160,Sales,28,4,Other,1,1,Male,73,3,3,Sales Executive,3,Married,7701,15047,5,Y,No,13,3,1,80,3,10,2,3,4,0,0,1
1106,55,No,Travel_Rarely,882,Research & Development,4,5,Marketing,1,4,Male,71,3,2,Research Scientist,1,Divorced,5491,26928,3,Y,Yes,12,3,2,80,3,17,3,3,9,10,7,6
1107,35,No,Non-Travel,1382,Sales,8,4,Life Sciences,1,1,Male,70,2,3,Sales Executive,1,Single,8452,15688,1,Y,No,18,3,2,80,0,10,0,3,10,6,0,5
1108,52,No,Travel_Rarely,295,Research & Development,10,3,Medical,1,3,Female,72,3,2,Manufacturing Director,1,Single,4465,25212,7,Y,Yes,16,3,4,80,0,10,3,3,6,1,1,3
1109,22,No,Travel_Rarely,159,Research & Development,19,5,Life Sciences,1,4,Female,34,2,2,Laboratory Technician,3,Single,5085,9686,0,Y,Yes,12,3,4,80,0,11,3,3,9,4,0,6
1110,21,Yes,Non-Travel,192,Research & Development,1,1,Medical,1,3,Male,46,2,1,Sales Representative,1,Single,2718,5898,5,Y,No,11,3,3,80,0,1,2,2,1,0,0,0
1111,22,No,Travel_Rarely,584,Research & Development,7,3,Medical,1,2,Female,84,4,1,Research Scientist,3,Married,3892,23005,6,Y,No,15,3,1,80,0,8,6,3,4,1,0,3
1112,32,No,Travel_Rarely,543,Research & Development,1,3,Life Sciences,1,2,Male,61,3,2,Research Scientist,2,Married,6112,4337,1,Y,No,18,3,2,80,2,10,3,3,11,5,0,9
1113,34,No,Non-Travel,232,Sales,2,4,Marketing,1,3,Female,79,3,1,Human Resources,3,Married,3401,12496,5,Y,No,18,3,4,80,1,6,3,3,3,3,1,4
1114,22,No,Travel_Rarely,698,Research & Development,4,4,Life Sciences,1,4,Male,40,3,2,Human Resources,4,Divorced,5245,11217,3,Y,No,22,4,4,80,1,10,3,2,6,6,1,9
1115,44,No,Travel_Rarely,1497,Sales,29,4,Life Sciences,1,1,Male,49,2,2,Sales Executive,4,Married,5817,2586,3,Y,Yes,12,3,4,80,3,3,2,1,5,5,1,2
1116,43,Yes,Travel_Rarely,525,Research & Development,9,4,Life Sciences,1,4,Male,95,3,1,Sales Representative,1,Single,2560,22763,3,Y,No,13,3,2,80,0,12,3,1,7,3,2,0
1117,31,No,Travel_Rarely,784,Research & Development,28,3,Medical,1,3,Female,81,2,2,Healthcare Representative,1,Single,5484,17838,1,Y,No,19,3,2,80,0,10,2,3,10,8,1,5
1118,36,Yes,Travel_Frequently,1293,Sales,10,4,Human Resources,1,4,Male,62,1,2,Sales Executive,3,Married,4668,26994,2,Y,No,11,3,4,80,0,0,2,3,3,1,2,4
1119,49,No,Travel_Rarely,854,Research & Development,4,3,Life Sciences,1,1,Male,60,3,1,Human Resources,4,Married,2218,24709,4,Y,No,16,3,2,80,0,6,6,3,3,0,0,1
1120,38,No,Travel_Rarely,983,Research & Development,9,4,Life Sciences,1,4,Female,69,2,2,Research Scientist,1,Divorced,5016,24258,2,Y,Yes,21,4,1,80,3,22,2,3,20,12,2,11
1121,18,Yes,Travel_Frequently,307,Research & Development,10,2,Life Sciences,1,1,Female,43,2,1,Laboratory Technician,3,Single,3286,26558,1,Y,No,24,4,3,80,0,3,2,1,1,2,2,2
1122,26,No,Travel_Rarely,1489,Research & Development,18,5,Life Sciences,1,4,Male,62,3,1,Sales Representative,3,Divorced,1442,12991,1,Y,No,22,4,2,80,1,0,2,3,3,0,0,1
1123,31,Yes,Non-Travel,121,Research & Development,11,1,Life Sciences,1,1,Female,36,2,1,Human Resources,3,Single,3160,23412,1,Y,No,22,4,3,80,0,2,2,1,4,2,1,2
1124,35,Yes,Non-Travel,551,Research & Development,9,3,Life Sciences,1,1,Male,62,4,2,Sales Representative,3,Single,5676,25261,1,Y,Yes,20,4,4,80,0,11,3,3,9,6,0,5
1125,28,No,Travel_Frequently,193,Research & Development,2,3,Life Sciences,1,4,Male,30,2,1,Human Resources,4,Married,4923,17274,1,Y,Yes,11,3,2,80,1,7,2,3,3,2,1,2
1126,22,No,Travel_Rarely,532,Research & Development,22,1,Medical,1,2,Male,87,3,1,Sales Representative,1,Divorced,3623,7996,1,Y,No,14,3,2,80,3,4,2,1,6,2,2,2
1127,43,No,Travel_Rarely,283,Research & Development,1,3,Life Sciences,1,1,Male,57,3,5,Manager,3,Married,17650,15658,9,Y,No,12,3,1,80,0,20,2,2,23,10,10,13
1128,45,No,Travel_Rarely,574,Research & Development,7,4,Medical,1,2,Female,79,1,2,Research Scientist,2,Married,1983,8032,2,Y,Yes,18,3,4,80,0,16,2,3,4,0,0,0
1129,40,Yes,Travel_Rarely,1401,Sales,6,3,Marketing,1,1,Female,100,1,2,Sales Executive,3,Single,5600,12210,6,Y,No,13,3,2,80,0,8,2,2,3,3,1,2
1130,48,No,Travel_Rarely,271,Sales,7,3,Human Resources,1,2,Male,81,2,1,Sales Representative,2,Married,2171,13222,0,Y,No,15,3,4,80,1,4,3,3,2,2,1,3
1131,24,No,Travel_Rarely,797,Sales,1,4,Technical Degree,1,2,Female,81,3,2,Sales Executive,2,Married,4682,3349,1,Y,Yes,25,4,1,80,0,6,2,3,5,9,3,7
1132,56,No,Travel_Rarely,1345,Research & Development,5,3,Life Sciences,1,4,Male,36,4,3,Manufacturing Director,4,Single,6897,21883,4,Y,No,11,3,1,80,0,34,3,2,5,3,0,2
1133,51,Yes,Travel_Rarely,1117,Sales,10,3,Other,1,3,Female,39,3,3,Sales Executive,4,Married,7841,3109,1,Y,No,15,3,1,80,3,10,3,1,14,7,7,9
1134,23,No,Travel_Rarely,1131,Sales,9,4,Human Resources,1,2,Female,61,3,2,Sales Executive,2,Married,5332,2600,1,Y,No,15,3,1,80,1,5,3,3,8,8,0,7
1135,44,Yes,Travel_Rarely,811,Research & Development,1,3,Medical,1,3,Male,81,3,2,Manufacturing Director,2,Married,4737,4974,4,Y,No,12,3,1,80,3,4,2,3,6,1,1,2
1136,49,No,Travel_Rarely,653,Sales,9,4,Marketing,1,2,Male,35,4,2,Sales Executive,4,Divorced,5605,10076,0,Y,Yes,15,3,2,80,1,18,3,3,12,8,1,5
1137,35,Yes,Non-Travel,182,Research & Development,9,2,Life Sciences,1,1,Female,31,4,1,Research Scientist,3,Single,2464,18485,3,Y,Yes,13,3,1,80,0,6,2,3,1,2,0,4
1138,23,No,Travel_Rarely,163,Research & Development,10,3,Medical,1,1,Female,31,3,1,Research Scientist,2,Married,2982,24257,1,Y,No,13,3,4,80,1,3,1,3,3,2,1,4
1139,25,Yes,Non-Travel,718,Research & Development,5,3,Technical Degree,1,3,Male,46,3,1,Research Scientist,4,Single,1802,7519,8,Y,Yes,25,4,3,80,0,0,5,3,1,0,0,1
1140,42,No,Non-Travel,532,Sales,2,4,Life Sciences,1,3,Female,56,3,2,Sales Executive,3,Married,4764,15073,4,Y,No,24,4,2,80,2,9,3,4,8,9,4,8
1141,36,No,Travel_Rarely,638,Research & Development,1,4,Marketing,1,3,Female,95,3,2,Healthcare Representative,4,Single,6423,3051,1,Y,No,12,3,4,80,0,14,2,4,11,16,3,8
1142,30,No,Travel_Rarely,1371,Research & Development,26,2,Medical,1,3,Male,73,3,2,Human Resources,1,Divorced,4493,12831,1,Y,No,12,3,4,80,1,9,2,3,9,0,2,5
1143,56,No,Travel_Rarely,318,Human Resources,28,4,Medical,1,3,Male,96,3,3,Sales Representative,2,Married,10556,6979,6,Y,No,16,3,3,80,1,13,6,1,13,7,8,0
1144,21,No,Travel_Rarely,563,Research & Development,12,3,Medical,1,4,Female,49,3,2,Healthcare Representative,4,Married,5378,18322,0,Y,Yes,11,3,3,80,3,9,2,4,9,8,4,6
1145,22,No,Travel_Rarely,668,Research & Development,8,3,Medical,1,1,Female,58,4,1,Human Resources,3,Divorced,4076,15126,7,Y,No,12,3,2,80,1,2,6,2,1,1,2,4
1146,32,No,Travel_Rarely,414,Research & Development,2,3,Medical,1,1,Male,45,3,2,Manufacturing Director,4,Married,6763,11090,1,Y,Yes,25,4,2,80,1,10,3,3,10,9,13,11
1147,33,No,Travel_Frequently,117,Sales,3,4,Medical,1,1,Male,73,3,3,Sales Executive,2,Divorced,10549,21620,1,Y,No,14,3,4,80,1,9,1,3,14,4,13,8
1148,60,No,Travel_Frequently,646,Sales,2,3,Technical Degree,1,2,Male,52,3,3,Sales Executive,2,Married,8502,16281,7,Y,No,11,3,2,80,0,12,6,3,1,2,6,2
1149,46,No,Travel_Rarely,905,Research & Development,11,3,Life Sciences,1,1,Male,63,2,4,Research Director,2,Divorced,12987,3022,1,Y,No,12,3,3,80,1,35,3,3,23,10,10,11
1150,22,No,Travel_Rarely,430,Sales,2,5,Medical,1,1,Female,97,1,2,Sales Executive,3,Single,5523,21687,0,Y,No,14,3,2,80,0,9,1,2,8,8,0,5
1151,21,No,Travel_Frequently,888,Research & Development,9,2,Life Sciences,1,3,Female,53,2,3,Manufacturing Director,3,Married,9488,18299,1,Y,No,23,4,1,80,1,11,2,3,15,8,4,8
1152,33,No,Travel_Rarely,179,Research & Development,2,4,Life Sciences,1,3,Female,54,1,1,Research Scientist,4,Married,2135,10461,1,Y,No,12,3,4,80,1,1,1,3,0,3,1,1
1153,51,No,Travel_Rarely,385,Sales,22,3,Marketing,1,1,Male,57,2,4,Manager,4,Divorced,17359,20785,3,Y,No,12,3,3,80,1,24,3,2,1,0,0,1
1154,48,No,Travel_Frequently,1098,Research & Development,25,4,Technical Degree,1,3,Male,57,3,2,Research Scientist,2,Married,6732,7113,6,Y,No,18,3,3,80,1,17,1,1,7,6,1,5
1155,48,No,Travel_Frequently,909,Research & Development,8,3,Life Sciences,1,3,Male,97,2,1,Human Resources,3,Single,1384,2250,3,Y,No,14,3,4,80,0,0,5,3,5,2,0,3
1156,43,No,Travel_Rarely,1308,Sales,2,4,Life Sciences,1,3,Female,73,3,5,Manager,3,Married,13664,9460,0,Y,No,13,3,4,80,0,29,2,3,19,15,1,12
1157,40,Yes,Travel_Rarely,1225,Sales,13,3,Life Sciences,1,3,Female,55,3,3,Sales Executive,2,Married,9155,14372,9,Y,No,25,4,3,80,2,18,2,3,8,8,0,9
1158,32,No,Travel_Rarely,1279,Research & Development,2,4,Life Sciences,1,2,Male,44,3,2,Research Scientist,4,Married,7036,9964,7,Y,No,17,3,2,80,1,11,3,2,3,1,1,1
1159,45,No,Non-Travel,1074,Research & Development,2,4,Medical,1,1,Male,51,1,4,Manager,4,Single,17317,18963,5,Y,No,22,4,3,80,0,32,3,2,8,4,1,0
1160,36,No,Travel_Rarely,1468,Research & Development,4,4,Life Sciences,1,4,Male,59,2,2,Manufacturing Director,4,Single,7353,9498,8,Y,No,21,4,2,80,0,5,5,3,0,0,0,1
1161,34,Yes,Travel_Rarely,438,Research & Development,10,1,Medical,1,1,Male,44,1,1,Human Resources,4,Divorced,2326,6827,8,Y,No,14,3,1,80,2,4,2,3,4,5,2,3
1162,35,No,Non-Travel,1442,Sales,2,3,Human Resources,1,4,Female,68,3,2,Sales Executive,2,Single,5067,8672,9,Y,No,19,3,4,80,0,16,2,2,12,10,1,7
1163,53,No,Non-Travel,147,Research & Development,28,2,Medical,1,3,Male,95,1,4,Research Director,4,Single,19121,23286,1,Y,Yes,14,3,4,80,0,33,2,3,26,9,11,7
1164,58,No,Travel_Rarely,415,Research & Development,1,3,Medical,1,3,Male,54,2,5,Research Director,1,Married,19218,21030,6,Y,No,12,3,2,80,3,19,2,3,4,0,0,0
1165,43,No,Travel_Rarely,1394,Research & Development,1,3,Technical Degree,1,4,Female,72,3,3,Research Director,1,Married,18600,15381,1,Y,No,13,3,2,80,1,18,3,3,10,14,9,10
1166,30,No,Non-Travel,891,Research & Development,2,4,Life Sciences,1,2,Male,72,4,1,Research Scientist,4,Divorced,1555,16172,1,Y,No,18,3,4,80,1,11,5,3,11,7,1,10
1167,23,Yes,Travel_Frequently,1270,Research & Development,6,2,Marketing,1,3,Male,90,2,1,Sales Representative,3,Single,3991,10673,2,Y,No,15,3,3,80,0,5,3,3,3,2,2,4
1168,50,No,Travel_Rarely,569,Research & Development,7,3,Life Sciences,1,1,Male,37,3,5,Research Director,3,Single,16980,7671,2,Y,No,14,3,3,80,0,39,6,3,20,17,11,14
1169,23,No,Travel_Rarely,262,Research & Development,25,3,Life Sciences,1,2,Male,98,3,2,Laboratory Technician,3,Divorced,4642,18736,1,Y,No,12,3,1,80,1,10,2,3,11,10,0,4
1170,34,Yes,Travel_Rarely,672,Research & Development,18,3,Technical Degree,1,1,Male,89,3,2,Laboratory Technician,3,Divorced,3869,2998,5,Y,No,14,3,2,80,1,9,3,2,0,0,0,0
1171,43,No,Non-Travel,196,Research & Development,10,4,Life Sciences,1,3,Female,50,3,1,Human Resources,4,Single,1904,12427,0,Y,No,19,3,1,80,0,10,5,3,7,10,1,6
1172,41,No,Travel_Rarely,623,Research & Development,13,3,Life Sciences,1,1,Male,34,3,3,Healthcare Representative,3,Married,9438,14059,1,Y,No,18,3,2,80,1,11,1,3,12,10,0,11
1173,39,No,Travel_Rarely,1480,Research & Development,9,5,Life Sciences,1,3,Female,74,3,1,Laboratory Technician,4,Single,3010,6912,1,Y,No,11,3,3,80,0,7,3,3,0,1,2,1
1174,33,No,Travel_Rarely,401,Research & Development,7,1,Life Sciences,1,4,Male,69,3,2,Healthcare Representative,3,Single,5654,21539,5,Y,Yes,18,3,1,80,0,12,6,3,0,0,0,1
1175,41,No,Travel_Rarely,327,Research & Development,5,3,Life Sciences,1,1,Male,100,2,2,Healthcare Representative,3,Single,3551,13506,8,Y,No,14,3,4,80,0,23,4,3,4,1,2,2
1176,38,No,Travel_Frequently,340,Research & Development,7,3,Life Sciences,1,4,Male,90,3,5,Manager,4,Single,15951,18282,6,Y,No,13,3,3,80,0,34,3,2,6,0,2,4
1177,31,Yes,Travel_Rarely,1420,Research & Development,13,1,Medical,1,4,Male,36,3,1,Research Scientist,3,Single,1554,26643,1,Y,Yes,12,3,4,80,0,5,6,3,3,0,2,1
1178,21,No,Travel_Rarely,1163,Research & Development,5,3,Other,1,1,Female,31,2,2,Laboratory Technician,4,Married,4982,23291,0,Y,No,11,3,1,80,1,11,4,3,14,1,13,5
1179,59,No,Travel_Rarely,402,Research & Development,18,4,Life Sciences,1,3,Female,85,3,1,Human Resources,1,Married,1413,22943,1,Y,No,13,3,4,80,1,10,3,2,12,10,1,2
1180,48,No,Travel_Rarely,604,Research & Development,1,3,Medical,1,2,Female,79,2,2,Sales Representative,3,Married,5085,11243,9,Y,No,21,4,2,80,1,27,3,3,4,0,0,0
1181,25,No,Travel_Rarely,708,Sales,8,5,Medical,1,3,Male,67,3,1,Laboratory Technician,1,Single,2977,23137,1,Y,Yes,11,3,4,80,0,3,0,3,4,2,1,4
1182,34,No,Travel_Rarely,178,Research & Development,1,1,Human Resources,1,4,Male,92,2,2,Human Resources,1,Single,2328,16734,4,Y,No,13,3,4,80,0,9,5,3,6,1,0,3
1183,43,No,Non-Travel,830,Research & Development,18,3,Medical,1,4,Female,91,3,3,Manufacturing Director,1,Single,8603,4069,1,Y,Yes,14,3,3,80,0,38,2,3,20,10,2,5
1184,23,No,Travel_Frequently,1118,Sales,20,1,Marketing,1,4,Female,38,3,2,Sales Executive,3,Married,6595,24211,1,Y,No,13,3,4,80,1,11,2,2,9,8,0,1
1185,55,Yes,Travel_Frequently,901,Sales,2,4,Marketing,1,4,Male,90,3,2,Sales Executive,3,Single,4499,18809,3,Y,Yes,13,3,4,80,0,0,6,3,4,0,0,1
1186,36,No,Travel_Rarely,921,Research & Development,2,5,Medical,1,1,Female,96,1,4,Research Director,3,Divorced,19024,22823,4,Y,No,18,3,3,80,1,11,2,3,8,2,0,6
1187,36,No,Travel_Rarely,343,Research & Development,2,3,Technical Degree,1,3,Female,74,1,3,Manufacturing Director,1,Divorced,8439,5226,7,Y,Yes,24,4,3,80,1,15,2,3,7,9,4,5
1188,29,Yes,Travel_Rarely,896,Human Resources,24,1,Medical,1,4,Female,76,3,1,Laboratory Technician,2,Married,1959,2843,0,Y,Yes,12,3,3,80,0,4,3,3,8,1,2,3
1189,44,No,Travel_Rarely,411,Research & Development,1,4,Life Sciences,1,3,Female,82,3,2,Healthcare Representative,4,Married,3591,5213,1,Y,No,14,3,2,80,3,11,6,3,9,2,2,4
1190,30,Yes,Travel_Rarely,1117,Research & Development,13,3,Medical,1,4,Female,84,2,1,Research Scientist,1,Single,1381,14952,1,Y,Yes,15,3,1,80,0,0,2,3,0,0,0,1
1191,48,No,Travel_Rarely,1248,Research & Development,1,4,Life Sciences,1,1,Male,92,3,4,Manager,1,Divorced,18611,15384,7,Y,No,12,3,1,80,1,23,3,3,17,8,6,13
1192,51,No,Travel_Rarely,717,Research & Development,21,4,Medical,1,3,Female,90,3,2,Manufacturing Director,1,Married,6488,5854,1,Y,No,13,3,3,80,0,14,2,2,13,17,5,5
1193,48,No,Travel_Rarely,487,Sales,6,1,Technical Degree,1,1,Male,40,3,4,Manager,3,Married,18449,14452,3,Y,No,12,3,4,80,1,23,3,3,15,9,11,11
1194,41,No,Travel_Rarely,854,Sales,2,1,Life Sciences,1,2,Female,49,3,2,Sales Executive,1,Divorced,7239,15038,3,Y,No,15,3,4,80,1,9,3,3,7,7,2,6
1195,54,Yes,Travel_Rarely,147,Sales,12,4,Human Resources,1,1,Male,88,1,4,Sales Executive,3,Single,19879,10047,2,Y,Yes,18,3,3,80,0,31,2,2,18,6,6,9
1196,37,No,Non-Travel,328,Sales,19,4,Technical Degree,1,4,Male,93,4,2,Sales Executive,4,Divorced,6548,13390,1,Y,No,25,4,1,80,1,15,5,2,9,11,7,6
1197,24,No,Travel_Rarely,721,Research & Development,7,5,Technical Degree,1,2,Male,46,2,1,Human Resources,4,Single,4122,4887,0,Y,No,15,3,3,80,0,5,2,3,2,2,2,2
1198,39,No,Non-Travel,1008,Research & Development,12,3,Life Sciences,1,4,Male,81,2,4,Manager,1,Divorced,16561,9798,4,Y,No,14,3,2,80,1,20,2,2,5,8,14,11
1199,37,No,Non-Travel,407,Sales,28,3,Life Sciences,1,4,Male,48,3,4,Manager,3,Single,18086,20334,1,Y,No,11,3,4,80,0,11,2,3,9,6,4,1
1200,39,No,Travel_Rarely,452,Research & Development,12,4,Life Sciences,1,3,Male,34,3,2,Healthcare Representative,2,Single,6197,11924,6,Y,No,13,3,4,80,0,25,3,3,14,7,0,5
1201,50,No,Travel_Frequently,843,Research & Development,27,4,Life Sciences,1,4,Female,50,3,2,Research Scientist,3,Single,5166,14266,3,Y,No,12,3,4,80,0,26,0,2,3,3,0,4
1202,36,No,Travel_Rarely,721,Research & Development,4,4,Life Sciences,1,1,Female,95,3,2,Research Scientist,4,Married,5272,14138,1,Y,Yes,11,3,4,80,1,1,2,2,6,3,0,10
1203,45,No,Travel_Rarely,978,Sales,8,3,Life Sciences,1,4,Female,80,3,3,Manager,4,Single,13538,15138,3,Y,Yes,17,3,3,80,0,17,3,3,0,0,0,1
1204,29,Yes,Travel_Frequently,268,Sales,15,5,Medical,1,2,Male,75,4,2,Sales Executive,1,Single,4511,21319,9,Y,No,15,3,4,80,0,3,6,3,0,1,1,4
1205,51,No,Travel_Rarely,378,Research & Development,6,3,Medical,1,4,Male,36,2,3,Manufacturing Director,3,Married,11600,14935,7,Y,Yes,13,3,3,80,0,24,6,3,7,3,0,2
1206,44,No,Travel_Rarely,910,Research & Development,15,2,Life Sciences,1,4,Female,90,1,2,Research Scientist,1,Single,5935,23633,3,Y,Yes,14,3,3,80,0,11,6,3,1,1,0,3
1207,30,Yes,Travel_Frequently,1167,Research & Development,6,4,Life Sciences,1,3,Male,50,2,1,Research Scientist,4,Married,1402,2340,0,Y,Yes,12,3,2,80,1,8,6,3,0,0,0,0
1208,25,No,Travel_Rarely,187,Research & Development,2,5,Medical,1,1,Male,62,4,1,Research Scientist,1,Single,2307,25868,6,Y,No,14,3,3,80,0,6,3,2,2,5,0,0
1209,29,No,Non-Travel,615,Research & Development,2,5,Medical,1,3,Female,56,3,2,Sales Representative,4,Single,5159,9341,1,Y,No,20,4,4,80,0,14,2,3,9,8,10,8
1210,39,No,Travel_Frequently,711,Research & Development,1,4,Human Resources,1,1,Female,68,2,2,Healthcare Representative,3,Single,6415,6470,6,Y,Yes,16,3,1,80,0,10,3,3,8,7,0,5
1211,36,No,Travel_Rarely,1496,Research & Development,21,3,Marketing,1,3,Female,85,4,1,Research Scientist,3,Married,1508,26430,0,Y,No,17,3,4,80,0,2,5,2,3,0,0,0
1212,45,No,Non-Travel,1221,Research & Development,2,2,Life Sciences,1,2,Male,30,3,5,Manager,3,Divorced,17168,5744,1,Y,Yes,13,3,3,80,1,19,3,3,19,9,1,9
1213,48,No,Travel_Rarely,1068,Human Resources,11,3,Human Resources,1,3,Female,39,3,4,Manager,1,Married,15593,17648,0,Y,No,14,3,3,80,1,36,0,3,20,9,0,6
1214,31,No,Travel_Rarely,357,Human Resources,1,3,Other,1,1,Male,65,2,2,Human Resources,1,Married,5481,16533,3,Y,No,11,3,4,80,0,9,1,3,0,1,1,1
1215,40,No,Travel_Rarely,1316,Research & Development,1,1,Medical,1,4,Female,75,4,1,Research Scientist,3,Divorced,2686,23058,1,Y,No,12,3,4,80,3,3,3,2,8,4,1,2
1216,54,Yes,Travel_Rarely,179,Research & Development,1,3,Technical Degree,1,4,Male,31,3,1,Research Scientist,3,Single,2899,23621,4,Y,No,21,4,1,80,0,5,4,3,4,0,0,1
1217,60,No,Travel_Rarely,1391,Sales,13,1,Technical Degree,1,4,Female,98,2,2,Sales Executive,1,Married,5296,21362,4,Y,No,15,3,3,80,1,7,3,3,3,0,0,0
1218,46,No,Travel_Rarely,566,Human Resources,1,1,Other,1,3,Male,30,3,1,Laboratory Technician,3,Divorced,1985,26383,0,Y,Yes,11,3,3,80,1,5,0,3,3,2,1,0
1219,18,No,Travel_Rarely,825,Research & Development,8,3,Life Sciences,1,3,Female,71,3,1,Sales Representative,4,Married,1505,14946,1,Y,Yes,14,3,3,80,1,8,2,3,1,2,0,3
1220,48,No,Travel_Frequently,398,Research & Development,8,1,Medical,1,3,Male,82,2,4,Manager,4,Married,18274,3679,5,Y,No,25,4,2,80,1,25,3,3,4,1,2,2
1221,25,No,Travel_Rarely,469,Research & Development,4,3,Life Sciences,1,3,Male,84,1,1,Research Scientist,3,Married,1262,26835,6,Y,No,18,3,1,80,3,3,2,2,4,0,0,0
1222,32,No,Travel_Rarely,580,Sales,5,5,Medical,1,4,Female,79,2,2,Sales Executive,4,Married,8551,17898,3,Y,Yes,11,3,3,80,0,10,3,2,1,1,0,0
1223,34,No,Travel_Rarely,324,Research & Development,26,3,Medical,1,2,Male,97,3,2,Human Resources,3,Married,6918,17278,4,Y,No,13,3,1,80,2,9,4,3,5,6,8,6
1224,41,No,Travel_Rarely,321,Research & Development,8,3,Life Sciences,1,1,Female,54,3,2,Manufacturing Director,2,Divorced,3710,23105,4,Y,No,24,4,3,80,1,4,2,1,1,0,0,1
1225,35,No,Non-Travel,1476,Research & Development,6,1,Medical,1,4,Male,48,3,1,Human Resources,2,Single,1481,19694,4,Y,No,11,3,3,80,0,15,3,2,6,8,10,3
1226,25,No,Travel_Rarely,934,Research & Development,2,3,Life Sciences,1,4,Female,90,2,1,Research Scientist,2,Single,3284,10772,1,Y,No,13,3,4,80,0,4,0,4,1,0,0,1
1227,59,No,Travel_Rarely,1419,Research & Development,1,4,Medical,1,2,Male,54,3,5,Research Director,3,Married,12976,11066,2,Y,Yes,11,3,4,80,1,37,2,2,5,2,15,7
1228,31,Yes,Travel_Frequently,191,Research & Development,25,2,Medical,1,3,Male,69,2,1,Laboratory Technician,2,Single,4561,11257,0,Y,No,11,3,2,80,0,5,2,1,5,4,1,3
1229,44,No,Travel_Rarely,1485,Research & Development,22,5,Other,1,1,Male,61,3,2,Research Scientist,4,Divorced,2662,19961,1,Y,No,16,3,1,80,2,11,3,3,12,8,15,11
1230,52,No,Travel_Rarely,677,Research & Development,1,3,Medical,1,3,Male,55,2,5,Research Director,1,Married,17596,25050,6,Y,No,11,3,2,80,3,25,2,3,0,0,0,1
1231,32,Yes,Travel_Rarely,1176,Research & Development,4,5,Life Sciences,1,4,Male,75,3,2,Human Resources,3,Married,3470,21436,1,Y,No,18,3,1,80,1,11,3,3,13,5,2,0
1232,54,No,Travel_Rarely,1015,Research & Development,4,3,Medical,1,3,Male,88,3,4,Healthcare Representative,4,Married,8785,22867,9,Y,No,12,3,3,80,0,23,4,2,11,8,1,0
1233,37,No,Travel_Rarely,633,Research & Development,10,5,Life Sciences,1,2,Female,43,3,1,Research Scientist,4,Single,4729,17523,3,Y,No,15,3,1,80,0,4,0,3,3,2,0,3
1234,45,No,Non-Travel,1045,Sales,16,3,Life Sciences,1,4,Male,46,2,2,Sales Executive,4,Married,6573,23429,3,Y,No,19,3,3,80,1,7,0,3,2,2,2,4
1235,35,Yes,Travel_Rarely,1122,Human Resources,8,4,Technical Degree,1,1,Female,36,3,1,Laboratory Technician,3,Married,2382,8110,1,Y,No,15,3,4,80,0,0,6,3,2,2,2,3
1236,26,No,Travel_Rarely,250,Sales,9,2,Other,1,3,Male,64,3,3,Sales Executive,3,Divorced,6549,12306,6,Y,No,12,3,1,80,1,9,2,4,6,3,6,10
1237,37,Yes,Travel_Rarely,791,Sales,21,4,Medical,1,1,Female,34,2,2,Sales Executive,2,Single,3754,4000,0,Y,Yes,22,4,3,80,0,16,2,4,14,9,10,10
1238,33,No,Travel_Rarely,277,Research & Development,3,4,Life Sciences,1,1,Male,30,2,2,Laboratory Technician,4,Single,6928,22236,1,Y,No,15,3,3,80,0,9,2,2,12,4,2,10
1239,25,No,Travel_Frequently,1309,Research & Development,15,3,Medical,1,2,Female,52,3,1,Research Scientist,3,Single,1929,4460,1,Y,No,15,3,3,80,0,4,6,1,2,0,0,0
1240,21,No,Travel_Frequently,1123,Research & Development,4,3,Life Sciences,1,3,Male,61,2,1,Sales Representative,2,Divorced,3344,25708,1,Y,No,12,3,3,80,3,6,6,3,3,0,0,1
1241,25,Yes,Travel_Rarely,145,Research & Development,21,3,Medical,1,3,Male,45,3,1,Laboratory Technician,2,Married,1336,7410,1,Y,Yes,19,3,3,80,2,1,3,3,0,2,0,1
1242,36,No,Travel_Rarely,278,Research & Development,4,4,Medical,1,1,Male,44,3,3,Research Director,3,Single,19171,25381,4,Y,No,13,3,1,80,0,13,3,4,8,1,0,3
1243,25,No,Travel_Rarely,1141,Sales,20,1,Human Resources,1,4,Male,50,3,2,Sales Executive,4,Divorced,6110,9015,2,Y,No,14,3,4,80,1,9,2,3,2,2,0,2
1244,32,No,Travel_Frequently,825,Research & Development,5,3,Other,1,4,Male,96,3,2,Research Scientist,2,Divorced,3116,5463,8,Y,No,15,3,4,80,2,9,2,2,15,10,1,8
1245,35,No,Non-Travel,929,Sales,28,4,Other,1,3,Male,88,3,2,Sales Executive,4,Married,4507,10690,0,Y,No,18,3,1,80,0,2,2,3,1,1,2,4
1246,34,No,Travel_Rarely,1115,Sales,2,4,Life Sciences,1,3,Male,78,3,1,Human Resources,4,Single,1524,16872,3,Y,Yes,22,4,4,80,0,0,3,2,1,2,2,2
1247,30,No,Travel_Rarely,1093,Sales,4,4,Other,1,2,Female,55,3,2,Sales Executive,2,Married,6468,8024,1,Y,No,18,3,1,80,1,4,3,3,7,7,0,8
1248,20,No,Travel_Rarely,936,Research & Development,5,3,Life Sciences,1,1,Male,99,2,1,Human Resources,3,Single,3223,8864,1,Y,No,11,3,1,80,0,4,2,2,0,2,2,3
1249,47,No,Travel_Rarely,517,Research & Development,9,2,Medical,1,4,Male,45,2,3,Healthcare Representative,1,Married,11885,21047,4,Y,No,19,3,1,80,1,10,4,3,7,10,2,7
1250,51,No,Travel_Rarely,1174,Sales,17,4,Other,1,1,Male,89,3,2,Sales Executive,1,Single,7275,10690,5,Y,No,13,3,4,80,0,11,4,3,2,1,2,4
1251,38,Yes,Travel_Rarely,986,Research & Development,9,3,Life Sciences,1,1,Male,95,3,1,Laboratory Technician,1,Married,1320,15411,4,Y,No,12,3,3,80,0,11,5,1,0,2,1,2
1252,40,No,Travel_Rarely,1119,Human Resources,16,4,Life Sciences,1,4,Female,99,3,5,Manager,3,Married,13874,8215,3,Y,No,11,3,3,80,1,38,2,3,5,1,2,1
1253,32,No,Travel_Rarely,1262,Sales,6,5,Life Sciences,1,3,Female,91,3,2,Sales Executive,1,Married,5308,11656,2,Y,No,15,3,2,80,1,7,6,3,0,2,1,4
1254,59,No,Travel_Rarely,696,Research & Development,2,4,Life Sciences,1,3,Male,64,2,5,Manager,3,Married,16248,8165,0,Y,No,14,3,1,80,1,26,6,3,24,11,12,9
1255,28,Yes,Travel_Rarely,1421,Research & Development,10,3,Life Sciences,1,3,Female,33,2,1,Laboratory Technician,1,Single,1518,18420,1,Y,No,13,3,1,80,0,3,0,2,0,0,1,0
1256,32,No,Non-Travel,1095,Sales,6,2,Human Resources,1,3,Female,80,2,3,Sales Executive,4,Married,12552,17772,4,Y,Yes,12,3,2,80,1,12,5,2,13,1,14,12
1257,28,No,Travel_Rarely,1294,Research & Development,22,3,Life Sciences,1,1,Female,86,3,1,Research Scientist,4,Divorced,2745,4499,1,Y,No,24,4,2,80,2,2,3,1,3,2,0,4
1258,59,No,Travel_Rarely,545,Research & Development,7,4,Medical,1,4,Female,60,3,2,Research Scientist,4,Married,5380,14125,4,Y,No,18,3,2,80,1,12,2,2,6,1,2,10
1259,26,No,Travel_Rarely,363,Research & Development,29,3,Human Resources,1,4,Male,49,3,2,Manufacturing Director,4,Divorced,4724,22245,4,Y,No,11,3,2,80,2,4,2,1,1,1,2,4
1260,60,Yes,Travel_Rarely,595,Sales,24,3,Human Resources,1,4,Male,31,2,3,Sales Executive,1,Divorced,9966,16424,4,Y,Yes,13,3,2,80,1,40,3,3,3,2,1,0
1261,42,No,Travel_Rarely,208,Sales,7,2,Medical,1,1,Female,36,4,2,Sales Executive,1,Divorced,6129,15588,1,Y,Yes,23,4,3,80,1,6,3,3,5,0,7,10
1262,35,No,Non-Travel,1132,Sales,4,4,Human Resources,1,1,Male,88,3,2,Sales Executive,4,Divorced,3905,22470,4,Y,No,13,3,4,80,2,12,3,3,8,7,0,10
1263,32,No,Travel_Rarely,925,Research & Development,1,3,Life Sciences,1,3,Male,45,2,3,Manufacturing Director,2,Divorced,11920,14561,6,Y,No,15,3,2,80,1,15,2,4,5,10,6,4
1264,56,No,Travel_Rarely,844,Research & Development,3,5,Human Resources,1,4,Male,74,3,2,Research Scientist,1,Divorced,7041,26555,3,Y,Yes,11,3,2,80,3,12,3,3,10,7,3,8
1265,49,No,Travel_Rarely,1408,Research & Development,27,4,Medical,1,4,Male,66,3,3,Manufacturing Director,4,Single,8603,26661,6,Y,No,12,3,4,80,0,35,4,2,13,6,7,3
1266,32,No,Travel_Rarely,895,Research & Development,29,3,Life Sciences,1,4,Female,100,2,3,Healthcare Representative,2,Single,11333,21322,1,Y,No,19,3,4,80,0,11,3,1,15,9,3,4
1267,51,No,Travel_Rarely,237,Research & Development,25,4,Medical,1,4,Female,100,3,2,Manufacturing Director,1,Divorced,5238,24288,2,Y,Yes,11,3,2,80,2,10,1,3,7,5,1,3
1268,27,No,Travel_Rarely,547,Research & Development,1,2,Medical,1,1,Male,38,3,1,Sales Representative,2,Married,4224,14861,7,Y,No,12,3,4,80,1,2,3,3,0,1,2,4
1269,33,No,Travel_Rarely,1374,Research & Development,13,3,Medical,1,1,Female,83,3,1,Sales Representative,3,Single,4850,17597,4,Y,No,18,3,1,80,0,8,6,3,1,2,0,4
1270,32,No,Travel_Rarely,610,Research & Development,1,4,Life Sciences,1,4,Male,85,2,2,Manufacturing Director,1,Married,7056,25004,9,Y,No,14,3,2,80,1,15,3,3,14,10,12,5
1271,41,No,Travel_Rarely,1161,Research & Development,12,1,Medical,1,3,Male,68,3,3,Research Director,3,Single,19193,6957,9,Y,No,23,4,3,80,0,11,3,3,0,4,1,4
1272,24,No,Travel_Rarely,1473,Sales,6,3,Life Sciences,1,2,Female,47,3,3,Sales Executive,4,Married,7664,5230,9,Y,No,12,3,3,80,1,15,2,3,11,8,12,4
1273,34,No,Travel_Rarely,331,Research & Development,27,3,Life Sciences,1,4,Male,35,4,1,Human Resources,3,Single,3778,19736,0,Y,No,17,3,3,80,0,1,2,3,8,4,3,3
1274,29,No,Travel_Rarely,428,Sales,2,5,Medical,1,1,Female,82,1,2,Sales Executive,3,Single,6011,21195,0,Y,No,13,3,2,80,0,10,5,2,6,10,0,10
1275,51,No,Travel_Rarely,1108,Sales,24,2,Life Sciences,1,3,Female,97,3,2,Sales Executive,4,Married,3548,13645,4,Y,No,12,3,3,80,1,18,2,2,6,8,0,11
1276,23,No,Travel_Rarely,1289,Research & Development,26,3,Life Sciences,1,1,Female,92,3,1,Research Scientist,4,Divorced,1180,5012,1,Y,No,25,4,2,80,2,6,3,1,3,2,0,2
1277,21,No,Travel_Rarely,740,Sales,16,3,Human Resources,1,3,Male,31,4,1,Sales Representative,4,Single,1337,4596,1,Y,No,19,3,4,80,0,6,2,3,0,2,2,4
1278,21,Yes,Travel_Rarely,286,Research & Development,16,3,Life Sciences,1,3,Male,52,2,1,Laboratory Technician,3,Single,2414,11678,2,Y,Yes,14,3,2,80,0,7,1,3,0,2,0,2
1279,24,Yes,Travel_Rarely,1213,Research & Development,2,4,Medical,1,1,Male,93,4,1,Research Scientist,4,Married,3439,21152,5,Y,Yes,14,3,4,80,0,4,6,2,2,1,2,4
1280,18,Yes,Travel_Rarely,210,Sales,13,3,Life Sciences,1,3,Female,81,4,1,Sales Representative,2,Single,1226,24713,1,Y,No,16,3,4,80,0,4,5,3,0,0,0,1
1281,59,No,Travel_Frequently,670,Research & Development,28,4,Medical,1,4,Male,50,3,1,Research Scientist,4,Married,3706,22056,0,Y,No,19,3,1,80,1,1,3,3,1,5,2,4
1282,46,No,Travel_Rarely,289,Research & Development,2,3,Life Sciences,1,4,Male,51,3,1,Research Scientist,4,Single,5078,2722,2,Y,Yes,11,3,3,80,0,2,3,3,0,2,2,3
1283,59,Yes,Travel_Rarely,1234,Research & Development,25,5,Life Sciences,1,1,Male,100,3,1,Laboratory Technician,4,Single,3182,10759,1,Y,No,17,3,4,80,0,8,3,3,1,2,2,1
1284,43,No,Non-Travel,686,Sales,16,3,Human Resources,1,3,Female,79,3,4,Sales Executive,2,Married,13480,17592,9,Y,No,14,3,4,80,1,29,2,1,17,5,12,9
1285,35,No,Travel_Frequently,868,Research & Development,1,5,Life Sciences,1,3,Male,81,2,2,Healthcare Representative,4,Divorced,4795,17648,5,Y,No,13,3,4,80,1,13,2,4,4,0,0,1
1286,39,No,Travel_Rarely,357,Research & Development,3,3,Life Sciences,1,1,Female,68,3,2,Manufacturing Director,2,Divorced,3683,22775,4,Y,No,25,4,3,80,1,8,2,1,0,0,0,1
1287,46,No,Non-Travel,1361,Research & Development,9,3,Medical,1,4,Male,34,1,1,Research Scientist,4,Divorced,1639,5816,4,Y,No,13,3,4,80,2,1,3,1,5,3,1,3
1288,44,No,Travel_Rarely,166,Sales,1,4,Life Sciences,1,4,Male,82,3,4,Manager,2,Single,16661,14584,1,Y,No,15,3,2,80,0,33,2,3,40,7,0,2
1289,36,No,Travel_Rarely,308,Research & Development,5,5,Medical,1,2,Male,93,3,2,Manufacturing Director,2,Divorced,3689,5584,7,Y,No,23,4,4,80,2,2,0,3,4,1,0,0
1290,48,No,Travel_Rarely,326,Research & Development,21,4,Technical Degree,1,4,Male,44,3,2,Research Scientist,4,Single,3825,4493,1,Y,No,22,4,2,80,0,28,3,3,18,18,3,15
1291,21,No,Travel_Rarely,535,Research & Development,24,1,Medical,1,2,Male,86,3,1,Sales Representative,1,Divorced,4270,4113,1,Y,No,13,3,2,80,2,7,2,4,7,2,2,2
1292,49,No,Travel_Rarely,462,Sales,22,4,Technical Degree,1,3,Male,74,3,2,Sales Executive,4,Single,6125,10552,0,Y,Yes,21,4,4,80,0,9,2,4,13,10,2,1
1293,34,No,Travel_Rarely,1009,Research & Development,4,4,Life Sciences,1,2,Male,100,1,2,Research Scientist,4,Single,5410,19618,1,Y,No,14,3,2,80,0,12,3,3,18,17,3,8
1294,51,No,Travel_Frequently,754,Research & Development,1,4,Life Sciences,1,1,Male,90,3,4,Manager,1,Divorced,14673,4919,1,Y,No,12,3,4,80,1,37,3,3,32,8,10,5
1295,43,Yes,Travel_Frequently,1149,Sales,3,3,Life Sciences,1,3,Male,93,4,4,Sales Executive,3,Married,16317,24187,7,Y,No,12,3,3,80,0,39,3,1,38,3,3,11
1296,54,No,Travel_Rarely,861,Research & Development,4,5,Human Resources,1,4,Male,76,3,2,Research Scientist,1,Divorced,6548,25024,3,Y,Yes,11,3,2,80,3,12,3,3,13,10,13,5
1297,51,No,Travel_Rarely,1220,Sales,29,4,Human Resources,1,1,Male,93,3,2,Sales Executive,1,Single,5577,10487,5,Y,No,14,3,4,80,0,11,1,3,2,1,1,3
1298,23,Yes,Travel_Frequently,661,Sales,1,3,Life Sciences,1,3,Female,83,2,1,Sales Representative,4,Single,3240,12312,7,Y,No,14,3,3,80,0,5,3,1,4,0,0,1
1299,36,Yes,Travel_Rarely,1113,Research & Development,2,4,Life Sciences,1,4,Male,99,3,1,Laboratory Technician,2,Single,3120,24437,1,Y,No,11,3,1,80,0,3,2,3,0,0,0,1
1300,37,No,Non-Travel,1220,Sales,5,1,Life Sciences,1,2,Male,59,3,2,Sales Executive,4,Married,11775,16376,7,Y,No,13,3,1,80,0,5,2,1,5,5,1,4
1301,44,No,Travel_Rarely,1330,Sales,2,5,Life Sciences,1,2,Female,87,3,4,Manager,1,Married,13171,4102,8,Y,No,16,3,2,80,1,25,2,3,16,11,13,5
1302,48,No,Travel_Rarely,544,Research & Development,15,3,Life Sciences,1,3,Female,96,3,3,Manufacturing Director,4,Single,10151,23756,8,Y,Yes,15,3,4,80,0,12,2,2,3,1,5,4
1303,33,No,Travel_Frequently,452,Sales,28,3,Life Sciences,1,4,Male,40,3,4,Manager,3,Single,14497,24181,1,Y,No,11,3,4,80,0,9,2,3,12,6,3,1
1304,25,Yes,Travel_Rarely,414,Sales,2,3,Medical,1,3,Female,48,2,1,Human Resources,3,Single,2332,20285,1,Y,No,13,3,4,80,0,2,3,2,0,1,0,4
1305,26,No,Travel_Frequently,835,Research & Development,4,3,Marketing,1,3,Male,67,3,1,Research Scientist,3,Divorced,1114,6113,1,Y,No,13,3,2,80,3,2,2,2,3,0,0,1
1306,53,No,Travel_Rarely,1465,Sales,14,4,Human Resources,1,1,Female,57,3,4,Manager,3,Married,17462,7576,2,Y,No,13,3,3,80,1,21,2,2,17,10,10,12
1307,37,No,Travel_Rarely,752,Sales,10,3,Marketing,1,4,Male,66,3,2,Sales Executive,4,Single,5977,22527,1,Y,No,12,3,4,80,0,11,2,2,11,7,0,11
1308,46,No,Travel_Rarely,1347,Research & Development,27,2,Life Sciences,1,3,Male,64,2,4,Research Director,3,Married,19983,4317,1,Y,No,24,4,1,80,1,14,3,3,14,6,12,8
1309,32,No,Travel_Rarely,180,Research & Development,2,1,Life Sciences,1,2,Male,94,2,1,Research Scientist,4,Married,4689,21443,1,Y,Yes,14,3,4,80,1,2,3,3,8,5,1,3
1310,40,No,Travel_Rarely,1375,Research & Development,2,4,Other,1,1,Male,81,2,2,Healthcare Representative,4,Single,6473,14898,3,Y,No,23,4,2,80,0,18,4,3,3,0,0,1
1311,42,No,Travel_Rarely,115,Research & Development,2,3,Medical,1,4,Female,61,2,1,Sales Representative,1,Divorced,2559,5066,0,Y,Yes,11,3,3,80,1,9,5,3,12,6,4,8
1312,30,Yes,Travel_Frequently,1049,Research & Development,3,1,Medical,1,3,Female,89,2,1,Research Scientist,3,Married,2138,22360,1,Y,Yes,14,3,1,80,1,4,2,3,7,6,1,11
1313,51,No,Travel_Rarely,268,Sales,1,2,Medical,1,4,Female,46,3,2,Sales Executive,1,Single,10460,2900,8,Y,No,20,4,4,80,0,13,2,1,14,6,3,6
1314,27,No,Travel_Rarely,942,Research & Development,1,4,Life Sciences,1,1,Female,50,3,2,Manufacturing Director,4,Married,4036,7483,0,Y,No,15,3,2,80,1,1,2,3,0,1,1,4
1315,30,No,Travel_Rarely,460,Research & Development,2,3,Life Sciences,1,4,Female,95,2,4,Research Director,4,Divorced,16759,5626,3,Y,No,13,3,2,80,3,9,2,2,5,7,2,10
1316,44,No,Travel_Rarely,1349,Research & Development,11,3,Medical,1,3,Female,69,3,2,Healthcare Representative,3,Married,11558,24166,3,Y,No,16,3,3,80,1,15,5,3,0,0,0,1
1317,38,No,Non-Travel,414,Research & Development,22,5,Life Sciences,1,1,Female,87,3,2,Research Scientist,3,Divorced,4878,8804,9,Y,No,12,3,2,80,1,34,3,3,6,5,0,2
1318,37,No,Travel_Frequently,1080,Research & Development,12,3,Life Sciences,1,2,Male,81,2,2,Manufacturing Director,2,Single,6568,26703,1,Y,No,14,3,3,80,0,0,3,3,5,4,0,4
1319,32,Yes,Travel_Rarely,678,Research & Development,7,5,Medical,1,2,Male,94,3,1,Research Scientist,1,Single,2582,14723,7,Y,No,11,3,3,80,0,1,2,3,4,2,2,4
1320,25,Yes,Travel_Rarely,738,Sales,16,3,Life Sciences,1,2,Female,77,4,2,Sales Executive,3,Married,3834,21429,3,Y,Yes,11,3,3,80,1,6,2,3,0,1,2,2
1321,37,No,Non-Travel,245,Sales,4,4,Medical,1,1,Male,73,3,3,Sales Executive,2,Divorced,11137,23890,1,Y,No,14,3,4,80,1,9,5,3,13,5,14,8
1322,37,No,Travel_Rarely,670,Sales,26,3,Other,1,4,Female,90,2,2,Sales Executive,3,Married,6544,11198,1,Y,No,25,4,4,80,2,8,2,3,6,8,2,10
1323,18,No,Travel_Rarely,185,Research & Development,1,3,Medical,1,4,Female,32,3,1,Research Scientist,2,Single,1705,19127,1,Y,No,17,3,4,80,0,3,3,2,3,1,1,1
1324,33,No,Travel_Rarely,533,Research & Development,23,4,Life Sciences,1,2,Male,75,3,2,Sales Representative,3,Married,3777,21933,1,Y,Yes,12,3,2,80,1,16,3,3,10,12,7,9
1325,36,No,Travel_Rarely,196,Research & Development,1,4,Life Sciences,1,3,Female,66,1,1,Research Scientist,4,Married,2420,12772,1,Y,No,12,3,4,80,1,4,4,3,1,5,1,0
1326,33,No,Travel_Rarely,898,Research & Development,1,4,Medical,1,3,Male,78,3,1,Sales Representative,3,Single,1212,11382,4,Y,No,21,4,3,80,0,18,5,3,13,6,13,11
1327,28,No,Travel_Rarely,1127,Research & Development,13,4,Life Sciences,1,4,Male,49,3,1,Research Scientist,4,Married,2034,17623,3,Y,Yes,17,3,2,80,1,5,2,3,7,5,0,3
1328,33,No,Non-Travel,890,Sales,15,5,Life Sciences,1,2,Male,76,3,3,Sales Executive,1,Married,8452,11397,1,Y,No,22,4,4,80,1,11,3,2,11,6,2,11
1329,24,No,Travel_Rarely,351,Research & Development,7,5,Human Resources,1,3,Male,49,2,3,Research Director,4,Divorced,13655,11416,1,Y,Yes,17,3,2,80,1,10,3,3,9,9,0,5
1330,24,No,Travel_Rarely,333,Research & Development,2,3,Life Sciences,1,3,Female,47,4,2,Manufacturing Director,4,Single,5555,24635,6,Y,No,25,4,3,80,0,9,2,3,8,5,0,2
1331,38,No,Travel_Rarely,614,Research & Development,2,1,Life Sciences,1,4,Female,59,2,4,Manufacturing Director,4,Married,16085,5528,1,Y,No,17,3,3,80,1,23,3,3,18,9,15,5
1332,19,No,Travel_Frequently,277,Sales,1,1,Human Resources,1,3,Male,73,3,2,Sales Executive,2,Married,6319,24917,0,Y,Yes,14,3,4,80,1,2,6,3,8,3,2,4
1333,30,No,Travel_Rarely,333,Sales,3,5,Technical Degree,1,3,Male,81,3,2,Sales Executive,1,Married,4433,17457,1,Y,Yes,16,3,4,80,0,4,3,3,6,4,0,2
1334,34,Yes,Non-Travel,962,Human Resources,17,3,Marketing,1,2,Female,35,3,3,Sales Representative,1,Divorced,12069,11803,6,Y,Yes,16,3,3,80,3,11,2,3,0,1,0,3
1335,55,No,Non-Travel,617,Research & Development,28,4,Medical,1,4,Male,47,3,1,Research Scientist,4,Married,3546,20137,0,Y,No,17,3,1,80,1,5,3,3,2,5,2,4
1336,50,No,Travel_Rarely,309,Sales,2,5,Life Sciences,1,1,Male,73,3,3,Sales Executive,4,Married,12617,15300,3,Y,No,13,3,4,80,1,32,6,3,4,0,2,1
1337,36,No,Travel_Rarely,854,Research & Development,29,3,Life Sciences,1,4,Female,100,2,3,Healthcare Representative,2,Single,11829,23286,1,Y,No,19,3,4,80,0,9,3,1,14,6,6,2
1338,36,No,Travel_Rarely,464,Sales,1,3,Human Resources,1,2,Male,83,3,2,Sales Executive,3,Married,4744,19623,7,Y,No,11,3,3,80,0,14,2,3,11,6,12,7
1339,53,No,Travel_Rarely,745,Research & Development,28,4,Medical,1,3,Female,94,3,2,Manufacturing Director,1,Married,6981,2600,1,Y,No,13,3,3,80,0,13,2,2,14,16,5,9
1340,21,No,Non-Travel,852,Research & Development,1,4,Medical,1,3,Male,87,4,2,Manufacturing Director,3,Married,4351,4313,0,Y,No,12,3,4,80,1,8,2,3,6,4,2,4
1341,21,No,Non-Travel,696,Research & Development,2,1,Medical,1,3,Female,55,3,2,Human Resources,4,Single,5090,12764,1,Y,No,23,4,4,80,0,16,2,3,11,7,15,6
1342,22,No,Travel_Rarely,243,Research & Development,1,3,Life Sciences,1,3,Female,48,1,2,Manufacturing Director,4,Single,5575,24412,9,Y,No,23,4,3,80,0,9,2,3,7,4,0,4
1343,42,No,Non-Travel,651,Research & Development,6,3,Life Sciences,1,3,Male,73,3,2,Human Resources,2,Single,5329,12696,7,Y,No,16,3,3,80,0,9,2,2,6,3,0,2
1344,51,No,Non-Travel,224,Research & Development,5,5,Life Sciences,1,3,Male,57,2,2,Research Scientist,2,Married,4888,21050,1,Y,No,23,4,4,80,1,11,3,3,12,10,2,10
1345,60,No,Travel_Rarely,1120,Sales,2,4,Life Sciences,1,3,Female,43,2,3,Sales Executive,3,Married,7419,10722,7,Y,No,11,3,2,80,1,12,5,3,11,3,6,0
1346,24,No,Travel_Rarely,1120,Sales,28,3,Life Sciences,1,3,Male,71,2,2,Sales Executive,3,Divorced,10670,25349,1,Y,No,14,3,3,80,2,11,3,3,14,9,0,3
1347,22,No,Travel_Rarely,652,Research & Development,8,3,Medical,1,3,Male,62,4,1,Research Scientist,3,Married,3444,18748,1,Y,No,17,3,4,80,1,0,6,3,7,5,0,2
1348,25,No,Travel_Rarely,750,Research & Development,13,3,Other,1,3,Female,60,3,2,Research Scientist,3,Single,3979,7334,3,Y,No,14,3,4,80,0,11,0,4,5,10,1,8
1349,28,Yes,Travel_Rarely,803,Research & Development,9,3,Other,1,2,Female,45,3,1,Human Resources,3,Divorced,2302,14272,3,Y,Yes,13,3,1,80,3,9,2,3,8,7,9,7
1350,55,No,Travel_Rarely,1211,Research & Development,28,4,Life Sciences,1,2,Male,88,2,4,Manager,3,Married,16070,12884,0,Y,No,19,3,2,80,1,21,2,3,27,10,14,10
1351,58,No,Travel_Rarely,1334,Research & Development,11,4,Life Sciences,1,4,Female,85,3,2,Laboratory Technician,3,Married,1181,26379,5,Y,No,25,4,2,80,1,11,3,3,6,2,2,2
1352,34,No,Travel_Rarely,913,Research & Development,3,2,Medical,1,2,Female,99,3,2,Healthcare Representative,3,Single,7109,4186,3,Y,No,12,3,4,80,0,9,2,3,5,1,14,2
1353,60,No,Non-Travel,1035,Research & Development,26,4,Life Sciences,1,4,Male,90,3,2,Manufacturing Director,4,Divorced,6609,23788,1,Y,Yes,17,3,1,80,2,1,4,3,6,9,1,9
1354,36,No,Travel_Rarely,378,Sales,19,4,Technical Degree,1,3,Female,83,2,2,Sales Executive,1,Married,6519,9994,4,Y,No,14,3,1,80,3,9,3,2,1,1,0,2
1355,47,No,Travel_Frequently,1423,Research & Development,8,4,Medical,1,4,Male,43,3,1,Research Scientist,2,Divorced,4324,20534,2,Y,Yes,13,3,4,80,1,2,2,3,4,1,0,0
1356,31,No,Non-Travel,653,Research & Development,7,3,Medical,1,4,Male,64,3,1,Research Scientist,2,Divorced,1199,3843,6,Y,No,19,3,4,80,1,3,5,1,2,1,1,4
1357,27,No,Travel_Rarely,155,Research & Development,4,3,Medical,1,2,Male,33,2,1,Research Scientist,2,Married,3327,8281,1,Y,No,12,3,2,80,1,0,3,2,6,5,1,0
1358,36,No,Travel_Rarely,581,Human Resources,7,4,Other,1,3,Male,93,3,1,Laboratory Technician,3,Single,3529,7944,1,Y,No,19,3,2,80,0,7,2,1,8,5,1,2
1359,37,No,Non-Travel,1144,Human Resources,2,5,Other,1,2,Male,85,2,2,Sales Representative,4,Single,4228,7773,1,Y,No,22,4,4,80,0,11,2,2,11,1,0,5
1360,33,Yes,Travel_Rarely,1496,Research & Development,1,1,Technical Degree,1,4,Male,91,2,1,Sales Representative,3,Single,1181,5004,6,Y,Yes,18,3,2,80,0,4,3,3,0,0,0,0
1361,33,No,Travel_Rarely,1350,Research & Development,21,2,Medical,1,2,Male,97,3,1,Sales Representative,4,Divorced,2557,9007,0,Y,No,12,3,3,80,1,4,2,3,0,1,2,3
1362,18,No,Travel_Rarely,348,Research & Development,27,3,Life Sciences,1,2,Male,84,3,2,Laboratory Technician,3,Divorced,4744,18098,1,Y,No,12,3,1,80,1,9,2,3,15,9,0,2
1363,18,No,Travel_Rarely,434,Research & Development,8,3,Medical,1,1,Female,55,1,1,Laboratory Technician,3,Divorced,4534,14480,9,Y,No,12,3,2,80,1,0,1,2,0,2,2,3
1364,20,No,Travel_Rarely,617,Research & Development,5,4,Life Sciences,1,3,Male,45,2,1,Research Scientist,2,Single,2106,5323,0,Y,Yes,17,3,4,80,0,3,1,3,3,2,2,3
1365,41,No,Travel_Rarely,1080,Research & Development,13,3,Life Sciences,1,4,Male,89,2,5,Research Director,2,Married,13363,11398,4,Y,No,12,3,4,80,0,30,3,3,30,10,11,11
1366,23,No,Travel_Rarely,979,Research & Development,21,5,Life Sciences,1,2,Male,44,3,1,Research Scientist,4,Married,3384,5169,1,Y,No,12,3,2,80,1,9,2,2,9,0,0,7
1367,55,No,Travel_Rarely,1439,Research & Development,4,4,Life Sciences,1,3,Male,49,3,3,Healthcare Representative,2,Divorced,12541,19978,3,Y,No,14,3,2,80,3,19,3,3,8,6,0,7
1368,28,No,Travel_Rarely,1198,Research & Development,14,4,Human Resources,1,3,Female,34,3,1,Laboratory Technician,2,Married,2884,10269,6,Y,No,13,3,2,80,1,2,2,3,3,2,1,4
1369,45,No,Travel_Rarely,1177,Research & Development,22,3,Other,1,4,Male,68,3,2,Manufacturing Director,4,Married,5364,2109,3,Y,No,16,3,1,80,1,9,3,1,6,7,1,8
1370,44,No,Travel_Rarely,302,Human Resources,1,3,Life Sciences,1,2,Male,81,3,1,Sales Representative,4,Single,3892,3023,0,Y,No,13,3,2,80,0,9,1,3,9,7,1,6
1371,19,No,Travel_Rarely,719,Sales,3,5,Medical,1,3,Male,65,3,1,Human Resources,1,Single,2509,26845,1,Y,Yes,12,3,4,80,0,1,5,3,3,1,1,4
1372,23,Yes,Travel_Frequently,1436,Research & Development,26,5,Human Resources,1,2,Male,72,2,3,Healthcare Representative,1,Single,11970,12568,1,Y,No,12,3,1,80,0,10,2,2,13,9,2,10
1373,43,No,Travel_Rarely,1319,Sales,7,4,Life Sciences,1,4,Female,37,2,2,Sales Executive,3,Married,5929,16568,4,Y,No,13,3,3,80,1,15,5,4,12,17,3,5
1374,50,No,Travel_Rarely,550,Research & Development,2,4,Life Sciences,1,3,Male,59,2,5,Manager,3,Married,13967,7694,0,Y,No,14,3,1,80,1,29,5,3,24,14,15,6
1375,20,No,Travel_Rarely,1286,Research & Development,28,4,Life Sciences,1,2,Female,42,4,3,Manufacturing Director,1,Divorced,8565,9598,1,Y,No,12,3,3,80,1,10,1,3,13,7,15,11
1376,41,No,Non-Travel,226,Research & Development,11,4,Life Sciences,1,3,Female,40,3,1,Human Resources,4,Single,1154,11667,0,Y,No,15,3,1,80,0,11,1,3,7,10,2,8
1377,26,No,Travel_Rarely,694,Research & Development,6,3,Life Sciences,1,1,Female,82,3,1,Research Scientist,4,Married,1651,9226,1,Y,No,22,4,1,80,0,4,6,3,1,0,0,0
1378,47,No,Non-Travel,215,Research & Development,7,5,Medical,1,4,Male,63,2,3,Research Director,2,Divorced,18306,21054,8,Y,No,11,3,3,80,1,17,4,3,15,6,7,9
1379,43,No,Travel_Rarely,1435,Research & Development,14,3,Medical,1,3,Male,33,2,5,Research Director,3,Single,13665,14216,1,Y,No,14,3,1,80,0,40,2,4,16,10,13,11
1380,37,No,Travel_Rarely,707,Research & Development,3,4,Life Sciences,1,1,Female,52,3,3,Research Director,2,Single,11784,26099,0,Y,No,11,3,3,80,0,14,4,3,13,7,2,11
1381,22,Yes,Travel_Rarely,258,Research & Development,2,4,Other,1,1,Male,82,2,1,Research Scientist,1,Single,2360,4557,6,Y,No,13,3,3,80,0,11,2,4,12,10,0,10
1382,36,No,Non-Travel,1263,Research & Development,18,4,Medical,1,4,Female,70,3,1,Human Resources,3,Single,4848,13017,2,Y,No,12,3,2,80,0,10,2,3,5,10,4,7
1383,28,No,Travel_Rarely,523,Sales,12,3,Medical,1,3,Male,35,2,2,Sales Executive,3,Single,5513,25396,8,Y,No,11,3,3,80,0,3,2,3,7,2,2,4
1384,42,Yes,Non-Travel,692,Research & Development,2,3,Life Sciences,1,1,Female,62,2,1,Sales Representative,1,Single,3435,19229,6,Y,Yes,20,4,2,80,0,10,2,4,1,0,0,1
1385,34,No,Travel_Frequently,651,Research & Development,5,1,Life Sciences,1,1,Male,47,3,2,Healthcare Representative,4,Single,12443,23940,0,Y,No,16,3,3,80,0,7,1,2,6,1,0,2
1386,42,Yes,Travel_Rarely,632,Research & Development,20,3,Medical,1,1,Female,73,3,3,Healthcare Representative,4,Married,9601,16162,1,Y,No,11,3,4,80,1,9,2,3,15,10,0,6
1387,21,Yes,Travel_Rarely,198,Research & Development,2,3,Life Sciences,1,2,Male,45,2,1,Human Resources,4,Single,3271,12514,1,Y,No,24,4,3,80,0,3,3,2,2,0,1,1
1388,24,Yes,Travel_Frequently,383,Research & Development,3,1,Medical,1,3,Male,72,3,1,Sales Representative,3,Single,1770,13314,1,Y,No,12,3,4,80,0,5,1,3,1,0,0,1
1389,38,No,Non-Travel,265,Research & Development,21,3,Life Sciences,1,4,Male,69,4,1,Research Scientist,3,Single,1771,4605,7,Y,No,13,3,4,80,0,5,3,3,4,0,0,1
1390,43,No,Travel_Rarely,862,Research & Development,29,3,Life Sciences,1,2,Male,92,3,2,Manufacturing Director,2,Married,4129,11811,1,Y,No,14,3,4,80,1,11,3,2,11,6,10,6
1391,30,No,Travel_Frequently,833,Sales,3,5,Human Resources,1,3,Male,84,3,2,Sales Executive,4,Married,3547,19808,0,Y,No,17,3,2,80,1,0,3,3,2,1,1,1
1392,44,No,Travel_Rarely,318,Sales,3,3,Marketing,1,2,Male,92,2,1,Laboratory Technician,2,Married,2538,10695,0,Y,No,19,3,4,80,1,6,3,3,1,2,2,3
1393,47,No,Travel_Rarely,133,Sales,3,4,Marketing,1,4,Female,46,2,2,Sales Executive,4,Single,4950,2755,0,Y,No,22,4,1,80,0,2,2,3,5,7,0,11
1394,56,No,Travel_Rarely,558,Research & Development,1,3,Medical,1,4,Male,35,4,4,Research Director,2,Single,14482,18893,4,Y,No,11,3,2,80,0,20,2,2,14,8,15,6
1395,22,No,Travel_Rarely,651,Research & Development,16,3,Medical,1,2,Female,57,3,2,Healthcare Representative,3,Married,3446,24227,4,Y,No,11,3,1,80,1,11,3,2,5,6,1,0
1396,40,No,Travel_Rarely,518,Sales,23,2,Medical,1,3,Female,61,2,2,Sales Executive,3,Single,5738,2554,8,Y,No,17,3,1,80,0,9,6,3,6,5,0,2
1397,46,No,Travel_Rarely,188,Research & Development,2,4,Life Sciences,1,2,Male,71,1,2,Healthcare Representative,1,Married,4074,12574,6,Y,No,16,3,4,80,1,11,5,3,0,0,1,4
1398,40,No,Travel_Frequently,388,Research & Development,8,1,Medical,1,4,Male,55,2,3,Research Director,2,Divorced,19035,23622,9,Y,No,11,3,3,80,1,13,0,3,15,6,12,9
1399,32,No,Travel_Rarely,1336,Research & Development,7,4,Marketing,1,3,Male,65,3,3,Manufacturing Director,2,Single,7631,16420,0,Y,No,13,3,4,80,0,13,0,3,18,9,0,15
1400,34,No,Travel_Rarely,1400,Sales,4,1,Human Resources,1,2,Male,58,3,1,Sales Representative,3,Married,2246,4893,0,Y,Yes,25,4,2,80,1,16,1,3,12,9,6,5
1401,47,No,Travel_Rarely,398,Research & Development,2,4,Life Sciences,1,2,Male,91,3,1,Human Resources,2,Married,2212,4569,3,Y,No,25,4,3,80,1,4,3,3,0,2,0,2
1402,19,No,Travel_Rarely,220,Human Resources,2,3,Human Resources,1,3,Female,90,3,1,Human Resources,2,Married,1689,17048,4,Y,No,13,3,3,80,0,1,3,3,4,0,1,2
1403,33,No,Travel_Frequently,1229,Human Resources,1,2,Human Resources,1,2,Male,81,2,2,Human Resources,4,Single,4657,5596,1,Y,No,21,4,4,80,0,11,2,2,13,2,0,8
1404,33,Yes,Travel_Frequently,910,Human Resources,19,3,Technical Degree,1,2,Female,41,3,3,Human Resources,1,Divorced,10387,13210,8,Y,Yes,18,3,3,80,3,11,2,3,2,1,0,4
1405,34,No,Travel_Rarely,1083,Research & Development,3,4,Medical,1,1,Female,85,2,1,Sales Representative,2,Married,3752,5439,6,Y,No,11,3,4,80,0,3,1,3,8,3,0,3
1406,33,No,Travel_Frequently,908,Sales,21,4,Other,1,2,Male,77,3,2,Sales Executive,3,Single,3686,10674,0,Y,No,21,4,3,80,0,10,2,3,14,5,10,8
1407,45,No,Travel_Rarely,598,Research & Development,6,4,Medical,1,1,Female,40,2,3,Healthcare Representative,4,Married,11369,5162,3,Y,No,14,3,4,80,1,33,6,3,35,8,4,12
1408,30,No,Travel_Rarely,1228,Research & Development,18,3,Human Resources,1,3,Male,100,3,2,Manufacturing Director,1,Married,12238,9998,0,Y,No,16,3,3,80,1,8,6,2,6,2,0,4
1409,33,No,Travel_Rarely,420,Research & Development,15,4,Medical,1,3,Female,63,3,3,Healthcare Representative,3,Divorced,12557,5373,1,Y,Yes,11,3,3,80,1,16,3,2,17,10,11,1
1410,29,Yes,Travel_Frequently,645,Human Resources,7,3,Human Resources,1,3,Female,58,2,1,Human Resources,4,Divorced,2210,12967,6,Y,No,12,3,3,80,1,3,4,2,0,1,1,3
1411,34,No,Travel_Rarely,1376,Research & Development,15,1,Life Sciences,1,3,Male,58,3,2,Healthcare Representative,4,Married,6099,6115,0,Y,Yes,17,3,1,80,1,18,2,2,16,7,12,8
1412,27,No,Travel_Rarely,1156,Sales,26,3,Life Sciences,1,3,Male,77,2,2,Sales Executive,3,Divorced,9548,21835,1,Y,No,14,3,3,80,3,9,3,3,13,9,0,2
1413,27,No,Travel_Rarely,376,Research & Development,1,2,Life Sciences,1,4,Male,51,3,1,Research Scientist,3,Married,1097,15166,1,Y,No,22,4,4,80,1,2,2,3,4,0,0,1
1414,41,Yes,Travel_Rarely,1457,Sales,22,1,Technical Degree,1,2,Female,75,3,1,Human Resources,2,Single,3398,20849,1,Y,Yes,25,4,4,80,0,5,0,2,1,3,0,2
1415,31,No,Non-Travel,875,Research & Development,4,5,Life Sciences,1,3,Female,51,2,3,Manufacturing Director,3,Married,12097,17427,1,Y,No,24,4,1,80,1,11,2,3,9,9,13,8
1416,46,No,Travel_Rarely,256,Research & Development,9,3,Life Sciences,1,2,Female,70,3,4,Manufacturing Director,3,Single,17157,21244,7,Y,No,18,3,3,80,0,38,3,3,19,8,14,16
1417,41,Yes,Travel_Frequently,702,Research & Development,2,2,Medical,1,3,Male,95,3,1,Research Scientist,2,Divorced,2427,10414,1,Y,Yes,11,3,3,80,2,0,2,2,7,4,2,3
1418,33,No,Non-Travel,568,Research & Development,12,3,Technical Degree,1,2,Male,51,3,3,Research Director,4,Divorced,9878,9743,1,Y,Yes,14,3,3,80,3,9,6,3,11,6,0,8
1419,33,No,Non-Travel,477,Research & Development,10,4,Human Resources,1,4,Male,91,2,2,Healthcare Representative,3,Married,3564,18987,1,Y,No,13,3,2,80,1,2,3,2,8,1,9,11
1420,60,No,Travel_Rarely,1113,Sales,1,1,Human Resources,1,2,Male,64,3,3,Manager,4,Married,8727,12282,3,Y,Yes,13,3,3,80,1,18,4,1,6,4,0,3
1421,39,No,Non-Travel,241,Research & Development,5,5,Medical,1,3,Male,87,2,4,Manager,4,Married,17728,7255,2,Y,No,25,4,2,80,1,31,3,3,2,2,1,2
1422,37,No,Travel_Rarely,607,Research & Development,2,3,Marketing,1,4,Male,73,3,1,Research Scientist,1,Single,1410,9095,1,Y,No,13,3,4,80,0,0,0,3,2,2,2,2
1423,55,No,Travel_Rarely,1136,Research & Development,4,3,Technical Degree,1,2,Male,35,2,3,Healthcare Representative,3,Single,10785,12910,9,Y,No,24,4,3,80,0,37,2,3,8,2,0,1
1424,42,Yes,Travel_Frequently,532,Research & Development,2,3,Life Sciences,1,1,Female,62,2,1,Sales Representative,1,Single,4691,17845,6,Y,Yes,20,4,2,80,0,10,2,1,2,0,0,0
1425,31,No,Travel_Rarely,645,Sales,5,5,Medical,1,3,Male,68,3,1,Sales Representative,1,Single,3176,26773,1,Y,Yes,12,3,4,80,0,0,0,3,0,1,2,3
1426,44,No,Travel_Rarely,298,Sales,3,3,Life Sciences,1,3,Female,50,3,4,Manager,2,Married,14071,9053,9,Y,No,11,3,4,80,1,39,2,4,9,18,10,1
1427,25,No,Travel_Rarely,478,Research & Development,3,3,Life Sciences,1,2,Female,77,3,1,Research Scientist,3,Single,1082,15160,1,Y,No,18,3,3,80,0,4,2,3,0,1,0,1
1428,39,No,Travel_Rarely,1272,Sales,1,3,Other,1,3,Female,74,3,4,Manager,1,Married,16918,25744,7,Y,No,23,4,1,80,0,27,2,3,33,16,3,8
1429,28,No,Travel_Rarely,364,Research & Development,18,4,Medical,1,4,Male,64,4,1,Laboratory Technician,3,Married,3067,7902,1,Y,No,18,3,3,80,2,7,3,4,1,2,0,2
1430,20,No,Travel_Rarely,723,Research & Development,5,3,Life Sciences,1,3,Male,93,4,1,Research Scientist,3,Married,1774,26890,2,Y,No,16,3,1,80,2,8,2,2,0,0,0,0
1431,60,No,Travel_Rarely,152,Research & Development,22,1,Life Sciences,1,3,Male,94,4,3,Healthcare Representative,4,Divorced,8764,25344,3,Y,Yes,15,3,2,80,1,15,2,4,7,5,1,2
1432,36,No,Non-Travel,545,Research & Development,7,4,Technical Degree,1,4,Male,30,2,1,Human Resources,4,Married,2845,22025,1,Y,No,14,3,2,80,1,3,2,4,4,1,2,3
1433,30,Yes,Non-Travel,737,Research & Development,10,3,Medical,1,1,Female,100,2,1,Research Scientist,2,Single,1874,3414,1,Y,Yes,21,4,2,80,0,8,2,4,3,2,0,0
1434,34,Yes,Travel_Rarely,539,Research & Development,6,2,Medical,1,2,Male,86,3,1,Research Scientist,1,Single,1069,16943,9,Y,No,11,3,3,80,0,1,2,3,0,1,1,2
1435,55,No,Travel_Rarely,502,Research & Development,9,3,Life Sciences,1,1,Female,50,3,5,Manager,1,Married,13639,7974,5,Y,No,12,3,4,80,0,21,1,4,36,8,14,11
1436,34,No,Travel_Rarely,1200,Sales,5,4,Other,1,3,Male,50,3,2,Sales Executive,3,Divorced,6820,21789,0,Y,No,11,3,4,80,0,5,3,3,8,0,1,2
1437,37,No,Travel_Rarely,424,Research & Development,6,4,Human Resources,1,2,Female,51,1,1,Research Scientist,4,Married,2340,14276,3,Y,No,16,3,4,80,2,8,3,3,2,2,0,4
1438,35,No,Travel_Frequently,910,Research & Development,2,2,Life Sciences,1,3,Male,90,2,2,Healthcare Representative,4,Divorced,3772,16680,6,Y,No,14,3,4,80,1,16,2,1,1,0,0,0
1439,33,No,Travel_Rarely,581,Sales,23,4,Medical,1,2,Male,75,3,2,Sales Executive,1,Married,5920,19353,0,Y,No,17,3,4,80,1,7,2,1,5,5,0,4
1440,43,No,Travel_Rarely,1036,Sales,9,4,Life Sciences,1,2,Male,36,3,2,Sales Executive,4,Single,7211,7069,2,Y,Yes,11,3,3,80,0,24,5,3,1,0,0,0
1441,57,No,Travel_Rarely,637,Research & Development,1,3,Medical,1,4,Male,91,3,5,Manager,1,Single,15512,15444,0,Y,Yes,14,3,3,80,0,40,2,3,35,6,15,16
1442,26,No,Travel_Rarely,1244,Research & Development,8,5,Medical,1,1,Female,66,2,1,Sales Representative,4,Divorced,2722,3121,5,Y,No,13,3,3,80,3,5,4,3,0,3,0,3
1443,44,No,Travel_Rarely,1214,Sales,1,1,Medical,1,2,Male,60,4,2,Sales Executive,4,Married,9359,9201,8,Y,Yes,24,4,3,80,3,8,2,2,3,3,0,4
1444,32,No,Non-Travel,742,Sales,10,3,Other,1,2,Male,45,2,2,Sales Executive,4,Single,3618,5221,3,Y,No,14,3,3,80,0,9,1,2,6,9,0,0
1445,30,No,Travel_Rarely,301,Research & Development,27,5,Life Sciences,1,3,Male,100,3,1,Research Scientist,4,Single,1691,15576,1,Y,No,14,3,4,80,0,7,4,3,2,0,0,1
1446,47,No,Travel_Rarely,301,Sales,11,3,Marketing,1,2,Female,92,2,2,Sales Executive,2,Divorced,6242,12937,6,Y,No,11,3,2,80,1,6,2,4,7,1,2,4
1447,23,No,Travel_Rarely,886,Research & Development,18,3,Medical,1,3,Female,87,2,2,Healthcare Representative,1,Single,6443,17445,1,Y,No,17,3,2,80,0,11,2,3,14,8,1,8
1448,25,Yes,Travel_Rarely,267,Research & Development,26,3,Medical,1,3,Male,47,3,1,Human Resources,2,Married,2384,4042,1,Y,Yes,16,3,3,80,3,0,3,3,2,2,0,0
1449,44,No,Travel_Rarely,1371,Research & Development,2,4,Life Sciences,1,3,Male,45,2,1,Research Scientist,3,Single,2589,6647,8,Y,No,13,3,4,80,0,7,2,3,3,1,2,3
1450,58,No,Travel_Rarely,1069,Research & Development,9,4,Medical,1,2,Male,51,2,2,Manufacturing Director,3,Married,6862,14010,2,Y,No,16,3,3,80,0,9,2,3,0,0,0,0
1451,29,No,Travel_Frequently,808,Research & Development,3,3,Life Sciences,1,3,Male,39,2,1,Research Scientist,3,Divorced,2879,26038,1,Y,Yes,14,3,4,80,1,2,2,3,0,2,0,4
1452,18,Yes,Non-Travel,191,Research & Development,8,3,Medical,1,2,Male,84,3,1,Laboratory Technician,1,Single,1751,16530,5,Y,Yes,12,3,3,80,0,6,2,2,1,0,0,0
1453,44,No,Travel_Frequently,803,Sales,28,3,Life Sciences,1,3,Male,92,3,2,Sales Executive,4,Divorced,4145,18686,5,Y,No,18,3,4,80,1,7,0,3,4,2,1,2
1454,28,No,Travel_Rarely,721,Research & Development,7,3,Marketing,1,3,Male,87,4,1,Human Resources,1,Single,5105,20172,0,Y,No,12,3,4,80,0,6,2,3,8,8,0,8
1455,37,Yes,Travel_Rarely,451,Research & Development,1,2,Life Sciences,1,1,Female,48,3,1,Laboratory Technician,1,Married,3119,22755,9,Y,No,25,4,1,80,0,12,3,1,12,9,2,11
1456,28,No,Non-Travel,659,Research & Development,11,3,Medical,1,3,Female,36,3,3,Research Director,3,Married,9932,19834,4,Y,No,25,4,3,80,1,16,2,4,13,10,10,7
1457,44,No,Travel_Rarely,350,Research & Development,2,4,Life Sciences,1,2,Male,90,3,1,Laboratory Technician,2,Married,2259,4729,3,Y,No,23,4,3,80,1,4,3,3,4,1,0,4
1458,41,No,Non-Travel,1126,Research & Development,1,5,Medical,1,3,Female,84,3,3,Research Director,2,Married,8319,17349,0,Y,No,18,3,1,80,2,16,3,1,9,6,13,13
1459,48,No,Travel_Rarely,230,Research & Development,15,5,Life Sciences,1,1,Male,44,3,2,Research Scientist,4,Single,4616,5042,8,Y,No,14,3,1,80,0,18,2,3,6,7,1,10
1460,28,No,Travel_Rarely,1211,Sales,25,3,Life Sciences,1,3,Male,70,2,2,Sales Executive,3,Divorced,11113,22128,1,Y,No,14,3,3,80,3,11,3,3,14,6,0,3
1461,38,No,Travel_Frequently,1127,Research & Development,2,3,Life Sciences,1,4,Male,94,3,2,Research Scientist,4,Married,4863,11801,6,Y,No,18,3,4,80,2,19,6,1,15,18,1,9
1462,28,No,Travel_Rarely,1462,Research & Development,11,5,Other,1,4,Male,43,2,2,Sales Representative,2,Married,4613,24049,4,Y,Yes,14,3,1,80,1,9,2,3,3,5,0,3
1463,60,No,Travel_Rarely,380,Research & Development,7,3,Medical,1,4,Female,84,3,4,Healthcare Representative,2,Single,16304,2880,3,Y,No,17,3,3,80,0,37,5,3,8,6,2,1
1464,20,No,Travel_Rarely,1459,Research & Development,1,2,Medical,1,4,Male,83,3,1,Human Resources,2,Divorced,3635,15886,1,Y,No,11,3,2,80,1,0,2,3,6,1,0,2
1465,37,No,Travel_Rarely,291,Research & Development,8,4,Marketing,1,2,Male,56,3,1,Research Scientist,4,Single,3616,21743,9,Y,No,16,3,3,80,0,6,4,3,7,1,0,1
1466,33,Yes,Travel_Rarely,261,Sales,20,3,Other,1,1,Female,73,3,2,Sales Executive,1,Single,6542,22654,7,Y,No,18,3,3,80,0,3,3,3,4,1,0,2
1467,22,No,Travel_Rarely,1416,Research & Development,5,3,Life Sciences,1,3,Male,91,3,2,Healthcare Representative,4,Divorced,6302,7202,1,Y,Yes,12,3,2,80,2,4,2,3,6,0,2,0
1468,34,No,Travel_Rarely,1036,Research & Development,1,4,Medical,1,1,Female,69,1,2,Research Scientist,4,Single,4402,9627,5,Y,No,15,3,3,80,0,11,1,2,6,8,0,7
1469,32,No,Travel_Rarely,558,Research & Development,2,4,Other,1,3,Female,94,3,2,Healthcare Representative,4,Single,6151,7440,1,Y,No,11,3,4,80,0,14,2,1,14,12,4,8
