city,city_development_index,gender,relevent_experience,enrolled_university,education_level,major_discipline,experience,company_size,company_type,last_new_job,training_hours,target
city_75,0.8571456370702021,Male,Has relevent experience,no_enrollment,Graduate,STEM,18,50-99,Pvt Ltd,>4,25,0
city_73,0.8842765277918005,Male,Has relevent experience,no_enrollment,Masters,STEM,>20,1000-4999,Pvt Ltd,1,99,0
city_144,0.8966907977572637,Male,Has relevent experience,no_enrollment,Masters,Business Degree,<1,50-99,Pvt Ltd,1,1,0
city_103,0.920000000016907,Male,Has relevent experience,no_enrollment,Graduate,STEM,17,50-99,Pvt Ltd,>4,66,1
city_61,0.6978330995355994,Female,Has relevent experience,no_enrollment,Graduate,STEM,<1,50-99,Pvt Ltd,1,136,0
city_100,0.8237576281325264,Male,Has relevent experience,no_enrollment,Graduate,STEM,17,100-500,Pvt Ltd,1,21,0
city_105,0.6138307185234144,Female,No relevent experience,no_enrollment,Masters,STEM,7,10000+,Pvt Ltd,1,139,0
city_78,0.4702594196892488,Male,Has relevent experience,Full time course,Graduate,STEM,7,500-999,Pvt Ltd,1,75,1
city_114,0.6433685111087696,Male,Has relevent experience,no_enrollment,Graduate,STEM,12,500-999,Early Stage Startup,1,30,0
city_103,0.9199829015378571,Male,Has relevent experience,no_enrollment,Graduate,STEM,6,100-500,Early Stage Startup,1,17,0
city_114,0.9250760065858453,Male,Has relevent experience,no_enrollment,Graduate,STEM,6,50-99,Pvt Ltd,>4,80,0
city_107,0.6909785733736991,Male,Has relevent experience,no_enrollment,Graduate,STEM,10,50-99,Other,>4,68,0
city_73,0.9282115130428599,Male,Has relevent experience,no_enrollment,Graduate,STEM,15,100-500,Pvt Ltd,3,5,1
city_55,0.5700992980454989,Male,Has relevent experience,no_enrollment,Graduate,STEM,8,10/49,NGO,1,42,1
city_103,0.9200034769959125,Male,No relevent experience,no_enrollment,Graduate,STEM,<1,100-500,Other,1,18,1
city_103,0.920000000021432,Male,Has relevent experience,no_enrollment,Graduate,STEM,17,50-99,Pvt Ltd,3,52,0
city_152,0.8688584469547168,Other,No relevent experience,no_enrollment,Graduate,Business Degree,20,100-500,Pvt Ltd,>4,237,0
city_103,0.9199937268528123,Male,Has relevent experience,no_enrollment,Graduate,STEM,>20,10000+,Pvt Ltd,2,20,0
city_104,0.884851630315861,Male,Has relevent experience,no_enrollment,Graduate,STEM,11,50-99,Pvt Ltd,2,73,0
city_146,0.7962866138689013,Other,Has relevent experience,no_enrollment,Graduate,STEM,>20,10000+,Pvt Ltd,>4,264,1
city_103,0.9199975166756098,Male,No relevent experience,no_enrollment,Graduate,STEM,>20,10/49,Pvt Ltd,4,130,0
city_94,0.9317252453568998,Male,Has relevent experience,Part time course,Phd,STEM,15,100-500,Pvt Ltd,4,45,0
city_162,0.8820472661365164,Male,Has relevent experience,no_enrollment,Graduate,STEM,15,50-99,Public Sector,3,3,1
city_159,0.875633546991574,Male,Has relevent experience,no_enrollment,Graduate,STEM,16,100-500,Pvt Ltd,2,7,0
city_173,0.9186347589354014,Male,Has relevent experience,no_enrollment,Graduate,STEM,15,100-500,Pvt Ltd,3,272,0
city_123,0.8761618393136288,Male,Has relevent experience,Part time course,Masters,STEM,4,100-500,Pvt Ltd,1,42,0
city_83,0.8792522469720734,Male,Has relevent experience,Full time course,Graduate,STEM,6,<10,Pvt Ltd,>4,13,0
city_103,0.9196299967844369,Male,Has relevent experience,no_enrollment,Graduate,STEM,>20,50-99,Pvt Ltd,3,232,<NA>
city_10,0.9170196585371382,Male,No relevent experience,no_enrollment,Graduate,STEM,11,100-500,Public Sector,>4,123,0
city_94,0.890416309546307,Male,Has relevent experience,no_enrollment,Graduate,STEM,5,10000+,Pvt Ltd,1,83,0
city_116,0.8259754399331003,Male,Has relevent experience,Full time course,Masters,STEM,10,100-500,Pvt Ltd,4,25,0
city_14,0.880364863088284,Male,Has relevent experience,no_enrollment,Graduate,STEM,>20,10000+,Pvt Ltd,>4,92,1
city_33,0.8951487567843486,Male,Has relevent experience,no_enrollment,Graduate,STEM,9,<10,Pvt Ltd,4,54,1
city_21,0.6239999999846985,Male,Has relevent experience,no_enrollment,Masters,STEM,14,1000-4999,Pvt Ltd,4,26,1
city_100,0.69799999999904,Male,Has relevent experience,no_enrollment,Graduate,STEM,17,<10,Pvt Ltd,4,1,0
city_13,0.9470214269047122,Male,Has relevent experience,no_enrollment,Masters,STEM,15,50-99,Pvt Ltd,>4,17,0
city_40,0.8001602490894455,Male,Has relevent experience,no_enrollment,Graduate,STEM,9,10/49,Pvt Ltd,1,86,0
city_43,0.9239901892807103,Male,Has relevent experience,no_enrollment,Graduate,STEM,6,<10,Pvt Ltd,2,66,0
city_41,0.878480128474945,Male,Has relevent experience,no_enrollment,Graduate,STEM,>20,10000+,Funded Startup,>4,100,0
city_106,0.4918570078556264,Male,No relevent experience,no_enrollment,Graduate,STEM,3,10000+,Pvt Ltd,never,74,1
city_91,0.714724407173647,Male,Has relevent experience,no_enrollment,Graduate,STEM,10,10/49,NGO,1,170,0
city_21,0.6239999999727028,Male,Has relevent experience,Full time course,Graduate,STEM,4,10/49,Pvt Ltd,1,14,1
city_103,0.9200054648955478,Male,Has relevent experience,no_enrollment,Graduate,STEM,5,10000+,Pvt Ltd,2,95,1
city_103,0.9199555582913161,Male,No relevent experience,Full time course,Graduate,STEM,5,1000-4999,Funded Startup,4,1,0
city_103,0.9199741616966163,Male,Has relevent experience,no_enrollment,Graduate,STEM,>20,10/49,Early Stage Startup,3,104,<NA>
city_117,0.850963157486099,Male,Has relevent experience,no_enrollment,Masters,STEM,12,1000-4999,Pvt Ltd,>4,50,0
city_140,0.9085503622912858,Male,Has relevent experience,no_enrollment,Masters,STEM,7,<10,Pvt Ltd,2,108,0
city_42,0.9204825114786181,Male,No relevent experience,Full time course,Masters,No Major,8,10000+,Other,3,289,0
city_142,0.6944662338310355,Female,Has relevent experience,no_enrollment,Graduate,Business Degree,>20,10000+,Pvt Ltd,>4,204,0
city_16,0.9180564554858196,Male,Has relevent experience,no_enrollment,Graduate,STEM,>20,1000-4999,Pvt Ltd,>4,74,1
city_115,0.8701934900552364,Male,Has relevent experience,no_enrollment,Masters,STEM,12,100-500,Pvt Ltd,2,15,0
city_48,0.9370663401238711,Male,Has relevent experience,no_enrollment,Graduate,Arts,19,50-99,Pvt Ltd,>4,12,0
city_159,0.9146189169965766,Male,Has relevent experience,no_enrollment,Graduate,STEM,>20,100-500,Pvt Ltd,2,88,0
city_159,0.9208718615001263,Male,Has relevent experience,no_enrollment,Graduate,STEM,>20,1000-4999,Pvt Ltd,>4,87,0
city_160,0.6488181264015916,Male,No relevent experience,no_enrollment,Graduate,STEM,3,50-99,Public Sector,1,250,1
city_149,0.9073450672514456,Male,Has relevent experience,no_enrollment,Graduate,STEM,5,<10,NGO,1,47,0
city_21,0.6239999999145861,Male,Has relevent experience,no_enrollment,Graduate,STEM,7,10000+,Pvt Ltd,4,110,0
city_7,0.47253958857224826,Male,Has relevent experience,no_enrollment,Graduate,STEM,6,50-99,Pvt Ltd,>4,149,0
city_21,0.6239999999617598,Male,Has relevent experience,no_enrollment,Graduate,STEM,10,10/49,Other,1,25,0
city_103,0.920014384836269,Male,Has relevent experience,Part time course,Primary School,Other,>20,50-99,Other,3,104,<NA>
city_40,0.861365895871773,Male,Has relevent experience,no_enrollment,Graduate,STEM,15,500-999,Pvt Ltd,4,288,0
city_128,0.7516618952664259,Male,Has relevent experience,no_enrollment,Graduate,Humanities,4,<10,Other,1,74,1
city_103,0.9199999999872673,Male,Has relevent experience,no_enrollment,Graduate,STEM,20,100-500,Pvt Ltd,1,70,0
city_127,0.8424158344112477,Male,Has relevent experience,Full time course,Graduate,STEM,5,100-500,Pvt Ltd,1,50,1
city_19,0.7628494236640021,Male,Has relevent experience,no_enrollment,Graduate,STEM,9,50-99,Pvt Ltd,1,41,0
city_10,0.8725814433731801,Male,Has relevent experience,no_enrollment,Masters,STEM,11,<10,Pvt Ltd,1,35,0
city_127,0.8863713220924568,Male,Has relevent experience,no_enrollment,Masters,STEM,11,50-99,Pvt Ltd,1,73,0
city_160,0.8975999040379435,Male,Has relevent experience,no_enrollment,Graduate,STEM,16,1000-4999,NGO,1,41,0
city_141,0.7665031510604987,Female,Has relevent experience,no_enrollment,Graduate,STEM,1,<10,Pvt Ltd,1,96,0
city_16,0.8219143340147655,Male,Has relevent experience,no_enrollment,Masters,STEM,>20,5000-9999,Pvt Ltd,4,5,0
city_64,0.9215792971905178,Male,Has relevent experience,no_enrollment,Graduate,STEM,6,<10,Pvt Ltd,2,85,0
city_16,0.9260892223750855,Male,Has relevent experience,Part time course,Primary School,STEM,3,10/49,Pvt Ltd,4,45,0
city_64,0.9055485780530415,Female,Has relevent experience,no_enrollment,Graduate,STEM,6,100-500,Pvt Ltd,1,46,0
city_73,0.7294062964679178,Male,Has relevent experience,no_enrollment,Graduate,STEM,15,100-500,Other,>4,14,0
city_103,0.9200000000528006,Male,Has relevent experience,no_enrollment,Graduate,STEM,5,100-500,Pvt Ltd,1,76,0
city_19,0.9317552424439939,Male,Has relevent experience,no_enrollment,Phd,STEM,>20,1000-4999,Pvt Ltd,>4,224,0
city_74,0.7958736823969864,Male,Has relevent experience,no_enrollment,Graduate,STEM,10,50-99,Funded Startup,>4,74,0
city_120,0.9355389245246085,Male,Has relevent experience,no_enrollment,Graduate,Arts,8,500-999,Pvt Ltd,2,122,<NA>
city_103,0.9200000023156977,Male,Has relevent experience,no_enrollment,Graduate,STEM,10,1000-4999,Pvt Ltd,>4,145,0
city_103,0.9200000004124342,Male,Has relevent experience,no_enrollment,Graduate,STEM,5,100-500,Pvt Ltd,2,22,0
city_99,0.8368990465158792,Male,Has relevent experience,no_enrollment,Graduate,STEM,12,500-999,Pvt Ltd,>4,23,1
city_136,0.885428957529209,Male,Has relevent experience,no_enrollment,Graduate,Humanities,>20,100-500,Pvt Ltd,1,34,0
city_69,0.8922739144191273,Male,No relevent experience,Part time course,Primary School,STEM,14,10000+,NGO,2,50,0
city_103,0.919949666958996,Male,Has relevent experience,no_enrollment,Graduate,STEM,5,10000+,Pvt Ltd,2,95,1
city_103,0.9200000000115423,Male,Has relevent experience,no_enrollment,Graduate,STEM,6,50-99,Pvt Ltd,1,30,0
city_103,0.920009318909612,Male,No relevent experience,no_enrollment,Graduate,STEM,>20,500-999,Pvt Ltd,1,1,0
city_103,0.9200000000031128,Male,Has relevent experience,no_enrollment,Graduate,STEM,9,500-999,Early Stage Startup,1,65,0
city_116,0.8783708045418126,Male,Has relevent experience,no_enrollment,Masters,STEM,10,50-99,Pvt Ltd,3,33,0
city_176,0.6237597519351586,Male,Has relevent experience,no_enrollment,Graduate,STEM,17,5000-9999,Pvt Ltd,1,114,0
city_103,0.9199999999869575,Male,Has relevent experience,no_enrollment,Phd,STEM,9,100-500,Public Sector,3,66,0
city_118,0.9255443234737891,Male,No relevent experience,no_enrollment,Graduate,STEM,>20,<10,Pvt Ltd,4,58,0
city_7,0.9161169134773391,Male,Has relevent experience,no_enrollment,Graduate,STEM,10,10000+,Pvt Ltd,1,29,0
city_120,0.7298656952467176,Other,Has relevent experience,Full time course,Phd,STEM,>20,5000-9999,Public Sector,2,276,0
city_136,0.8997244226150487,Male,Has relevent experience,no_enrollment,Graduate,STEM,15,5000-9999,Public Sector,>4,96,0
city_103,0.9199957448413649,Male,Has relevent experience,no_enrollment,Graduate,STEM,3,50-99,Pvt Ltd,>4,8,0
city_173,0.6170657956458048,Female,Has relevent experience,no_enrollment,Masters,STEM,7,10000+,Pvt Ltd,2,262,0
city_23,0.9428984139122297,Male,Has relevent experience,no_enrollment,Graduate,STEM,13,500-999,Pvt Ltd,2,16,<NA>
city_102,0.939102241644589,Male,Has relevent experience,no_enrollment,Masters,STEM,>20,100-500,Pvt Ltd,2,27,0
city_114,0.9248924240787622,Male,Has relevent experience,no_enrollment,Graduate,STEM,6,10/49,Funded Startup,3,194,1
city_104,0.9248015205225593,Male,Has relevent experience,no_enrollment,Phd,Other,11,10000+,Pvt Ltd,3,55,<NA>
city_23,0.7034879558081336,Male,No relevent experience,Part time course,Primary School,STEM,6,100-500,Funded Startup,3,101,<NA>
city_103,0.9200236153344998,Male,Has relevent experience,no_enrollment,Graduate,STEM,>20,10000+,Pvt Ltd,4,86,0
city_103,0.9200000004387394,Male,No relevent experience,no_enrollment,Graduate,STEM,16,10000+,Pvt Ltd,3,27,0
city_103,0.9200471911682907,Male,Has relevent experience,no_enrollment,Graduate,STEM,5,100-500,Pvt Ltd,2,118,0
city_23,0.8948870434180598,Male,Has relevent experience,no_enrollment,Graduate,STEM,10,10000+,Pvt Ltd,2,30,0
city_134,0.8549115051008154,Male,Has relevent experience,Full time course,Masters,STEM,8,<10,Public Sector,4,22,0
city_75,0.9016954192110271,Male,Has relevent experience,no_enrollment,Graduate,STEM,>20,50-99,Pvt Ltd,never,119,1
city_116,0.8559804907057388,Male,Has relevent experience,Full time course,Graduate,STEM,5,100-500,Pvt Ltd,1,17,1
city_158,0.5749472578701568,Male,Has relevent experience,no_enrollment,Graduate,STEM,8,10/49,Pvt Ltd,never,42,1
city_33,0.920425943010697,Male,Has relevent experience,no_enrollment,Masters,STEM,9,500-999,Pvt Ltd,4,260,0
city_13,0.7931152038652455,Male,Has relevent experience,no_enrollment,Graduate,STEM,16,50-99,NGO,never,191,0
city_93,0.8918683075648757,Male,Has relevent experience,no_enrollment,Masters,STEM,10,1000-4999,Pvt Ltd,1,130,0
city_70,0.8971430606329502,Male,Has relevent experience,no_enrollment,Masters,STEM,17,10000+,Pvt Ltd,1,159,0
city_103,0.9199751687947948,Male,No relevent experience,no_enrollment,Masters,STEM,16,10000+,Early Stage Startup,1,166,0
city_99,0.7785263777408312,Male,Has relevent experience,no_enrollment,Graduate,STEM,15,100-500,Other,>4,17,0
city_114,0.49448940889246384,Male,Has relevent experience,Full time course,Graduate,STEM,6,100-500,Pvt Ltd,1,177,0
city_71,0.7500160841107668,Male,No relevent experience,Full time course,Graduate,STEM,5,<10,NGO,1,314,0
city_13,0.9180977583950939,Male,Has relevent experience,no_enrollment,Masters,Other,13,1000-4999,Other,>4,237,0
city_144,0.768136632168577,Other,Has relevent experience,no_enrollment,Graduate,No Major,17,1000-4999,Pvt Ltd,2,271,0
city_103,0.9200000000209845,Male,No relevent experience,Full time course,Graduate,STEM,8,50-99,NGO,2,52,<NA>
city_103,0.9192811774597875,Male,No relevent experience,no_enrollment,Graduate,STEM,15,100-500,Pvt Ltd,1,300,0
city_64,0.6244167566982302,Male,Has relevent experience,Full time course,Graduate,STEM,6,100-500,Pvt Ltd,1,210,0
city_171,0.8246165111604056,Female,Has relevent experience,no_enrollment,Graduate,STEM,12,10/49,Pvt Ltd,1,203,0
city_23,0.9345098703901822,Male,Has relevent experience,no_enrollment,Graduate,STEM,14,50-99,Other,2,23,0
city_19,0.8865469512047847,Male,Has relevent experience,no_enrollment,Graduate,STEM,10,100-500,Pvt Ltd,never,97,0
city_21,0.6239999999614765,Male,Has relevent experience,no_enrollment,Masters,STEM,17,10000+,Pvt Ltd,3,85,<NA>
city_103,0.9200000000337224,Male,Has relevent experience,no_enrollment,Graduate,STEM,>20,1000-4999,Pvt Ltd,1,84,0
city_103,0.9200000000427715,Male,Has relevent experience,no_enrollment,Graduate,STEM,>20,50-99,Pvt Ltd,>4,79,1
city_103,0.9200000000492687,Male,Has relevent experience,no_enrollment,Graduate,STEM,10,50-99,Funded Startup,2,53,0
city_103,0.92000000000172,Male,Has relevent experience,no_enrollment,Masters,STEM,>20,5000-9999,Pvt Ltd,3,55,0
city_14,0.883647064523477,Male,Has relevent experience,no_enrollment,Masters,STEM,>20,10/49,Pvt Ltd,4,19,0
city_176,0.9246532373209314,Male,Has relevent experience,no_enrollment,Masters,STEM,14,50-99,NGO,1,54,0
city_21,0.6239999999966321,Male,Has relevent experience,no_enrollment,Graduate,STEM,13,10000+,Pvt Ltd,>4,47,0
city_20,0.9118528677956306,Male,Has relevent experience,no_enrollment,Graduate,STEM,11,50-99,Pvt Ltd,1,9,<NA>
city_103,0.9200000004457285,Male,No relevent experience,no_enrollment,Graduate,STEM,5,10000+,Pvt Ltd,3,27,1
city_72,0.6776298530902355,Male,No relevent experience,no_enrollment,Graduate,STEM,12,<10,Early Stage Startup,1,118,0
city_103,0.9200000000477162,Male,No relevent experience,no_enrollment,Graduate,Other,4,100-500,Pvt Ltd,2,48,0
city_126,0.4592775537800587,Male,No relevent experience,no_enrollment,Graduate,STEM,4,10/49,NGO,1,46,1
city_152,0.9318332532738485,Male,Has relevent experience,no_enrollment,Graduate,STEM,>20,10/49,Pvt Ltd,>4,18,0
city_16,0.8857368672425193,Male,Has relevent experience,no_enrollment,Graduate,STEM,>20,1000-4999,Pvt Ltd,>4,68,1
city_78,0.5152055399580425,Other,No relevent experience,no_enrollment,Graduate,STEM,16,1000-4999,Other,>4,280,0
city_103,0.9197602533449398,Male,Has relevent experience,no_enrollment,Graduate,STEM,>20,1000-4999,Pvt Ltd,1,249,0
city_103,0.9200000005029554,Male,Has relevent experience,no_enrollment,Masters,STEM,>20,10000+,Pvt Ltd,>4,27,0
city_100,0.6456670132337414,Female,Has relevent experience,no_enrollment,Graduate,STEM,>20,500-999,Pvt Ltd,>4,21,<NA>
city_41,0.8739304405567213,Male,Has relevent experience,no_enrollment,Masters,STEM,12,100-500,Pvt Ltd,4,218,0
city_117,0.9141575596947864,Male,Has relevent experience,no_enrollment,Graduate,STEM,>20,<10,NGO,1,17,0
city_26,0.8815307713179004,Male,Has relevent experience,no_enrollment,Graduate,STEM,14,100-500,Public Sector,1,32,1
city_103,0.9199901836157938,Male,Has relevent experience,no_enrollment,Graduate,STEM,19,1000-4999,Pvt Ltd,1,93,0
city_103,0.920000000013014,Male,No relevent experience,no_enrollment,Phd,STEM,15,5000-9999,Pvt Ltd,4,48,<NA>
city_103,0.9199571427606374,Male,Has relevent experience,no_enrollment,Graduate,STEM,>20,100-500,Pvt Ltd,2,21,0
city_103,0.9200000000261446,Male,Has relevent experience,no_enrollment,Graduate,Other,5,1000-4999,Pvt Ltd,1,79,0
city_89,0.8766392161831034,Male,Has relevent experience,no_enrollment,Masters,STEM,13,100-500,Pvt Ltd,1,107,<NA>
city_24,0.8831173269027088,Male,Has relevent experience,no_enrollment,Masters,STEM,11,10/49,Other,1,44,0
city_171,0.9439288418839089,Male,Has relevent experience,no_enrollment,Masters,STEM,12,10000+,Pvt Ltd,1,97,0
city_16,0.8782094780858243,Male,Has relevent experience,no_enrollment,Graduate,STEM,15,1000-4999,Pvt Ltd,>4,81,1
city_115,0.49351344017906706,Other,Has relevent experience,no_enrollment,Graduate,Other,4,10000+,Pvt Ltd,1,75,0
city_24,0.941362816420063,Female,Has relevent experience,no_enrollment,Graduate,No Major,>20,50-99,Pvt Ltd,2,131,0
city_21,0.6239999998862976,Male,Has relevent experience,no_enrollment,Graduate,STEM,8,<10,NGO,never,95,<NA>
city_103,0.9199560698910898,Male,Has relevent experience,no_enrollment,Graduate,STEM,>20,100-500,Pvt Ltd,1,21,0
city_162,0.943513285493393,Male,Has relevent experience,no_enrollment,Graduate,STEM,>20,10/49,Pvt Ltd,2,28,0
city_103,0.9200000000250111,Male,Has relevent experience,Part time course,Primary School,Humanities,6,50-99,Pvt Ltd,4,57,1
city_103,0.9199568258683217,Male,No relevent experience,Full time course,Masters,STEM,4,50-99,Pvt Ltd,4,6,<NA>
city_103,0.9200388762628822,Male,Has relevent experience,Part time course,Phd,STEM,>20,10000+,Pvt Ltd,never,13,<NA>
city_116,0.9244429141161034,Male,No relevent experience,no_enrollment,Masters,STEM,<1,10000+,Pvt Ltd,2,20,0
city_128,0.9102280212380831,Male,No relevent experience,no_enrollment,Graduate,No Major,8,50-99,Pvt Ltd,1,242,0
city_179,0.9252294998972234,Male,Has relevent experience,no_enrollment,Graduate,STEM,10,10000+,Pvt Ltd,3,175,<NA>
city_39,0.8880149854276773,Male,Has relevent experience,Part time course,Phd,STEM,19,50-99,Pvt Ltd,1,215,1
city_103,0.9200000000266463,Male,Has relevent experience,no_enrollment,Graduate,STEM,>20,100-500,Pvt Ltd,2,81,0
city_103,0.9199814624571361,Male,Has relevent experience,no_enrollment,Masters,No Major,9,50-99,Pvt Ltd,2,8,0
city_103,0.9199655511070058,Male,Has relevent experience,no_enrollment,Masters,STEM,15,10000+,Pvt Ltd,never,2,0
city_76,0.8932175459465093,Male,Has relevent experience,Full time course,Phd,STEM,>20,100-500,Other,1,20,0
city_24,0.9186639908793747,Male,Has relevent experience,no_enrollment,Graduate,STEM,9,<10,Public Sector,1,10,0
city_105,0.906917726919377,Male,Has relevent experience,no_enrollment,Graduate,STEM,10,100-500,Pvt Ltd,1,122,0
city_160,0.8911172823994484,Male,Has relevent experience,no_enrollment,Graduate,STEM,14,100-500,Early Stage Startup,1,29,1
city_103,0.9200558566817595,Male,Has relevent experience,Part time course,Primary School,Arts,>20,50-99,NGO,1,127,<NA>
city_93,0.8014170631969739,Male,No relevent experience,no_enrollment,Masters,STEM,14,1000-4999,Funded Startup,3,82,0
city_103,0.9200000025653436,Male,Has relevent experience,no_enrollment,Graduate,STEM,18,100-500,Pvt Ltd,>4,146,0
city_133,0.6221489750061799,Female,Has relevent experience,no_enrollment,Graduate,STEM,2,10/49,Pvt Ltd,1,325,0
city_103,0.9200000000151398,Male,Has relevent experience,no_enrollment,Graduate,STEM,13,100-500,Pvt Ltd,1,37,0
city_14,0.9292979718084066,Male,Has relevent experience,no_enrollment,Masters,STEM,>20,50-99,Other,1,24,0
city_97,0.4511369253451544,Male,Has relevent experience,no_enrollment,Graduate,STEM,3,<10,Other,never,56,1
city_42,0.9136054452340332,Male,Has relevent experience,no_enrollment,Masters,STEM,10,50-99,Pvt Ltd,2,19,0
city_10,0.9294721517149271,Female,Has relevent experience,no_enrollment,Masters,STEM,19,10000+,Pvt Ltd,never,64,0
city_103,0.9199999981366841,Male,Has relevent experience,no_enrollment,Graduate,STEM,17,1000-4999,Pvt Ltd,3,146,<NA>
city_103,0.9200000000186214,Male,Has relevent experience,no_enrollment,Graduate,STEM,2,1000-4999,Pvt Ltd,1,52,0
city_103,0.9200000000170425,Male,No relevent experience,Full time course,Graduate,Other,2,100-500,Pvt Ltd,1,69,0
city_175,0.89140373164658,Male,Has relevent experience,no_enrollment,Graduate,STEM,16,10/49,Other,2,1,1
city_50,0.9125650728267763,Male,Has relevent experience,no_enrollment,Masters,STEM,15,5000-9999,Pvt Ltd,3,43,0
city_90,0.9201043222385795,Male,Has relevent experience,no_enrollment,Graduate,STEM,>20,1000-4999,Pvt Ltd,>4,65,0
city_72,0.9453932382483163,Male,Has relevent experience,no_enrollment,Graduate,STEM,>20,1000-4999,Pvt Ltd,4,31,1
city_97,0.5210842889876505,Male,Has relevent experience,no_enrollment,Graduate,STEM,6,10/49,Pvt Ltd,1,9,1
city_7,0.929898947647072,Male,Has relevent experience,no_enrollment,Graduate,STEM,11,100-500,Pvt Ltd,2,2,0
city_114,0.9202873486280368,Male,Has relevent experience,no_enrollment,Graduate,STEM,6,50-99,Pvt Ltd,1,300,1
city_41,0.9487576381410812,Male,Has relevent experience,no_enrollment,Masters,STEM,>20,5000-9999,Pvt Ltd,2,37,0
city_41,0.45502435361215166,Male,Has relevent experience,no_enrollment,Graduate,STEM,5,50-99,Pvt Ltd,2,3,0
city_114,0.890244248971655,Male,Has relevent experience,no_enrollment,Masters,STEM,>20,1000-4999,NGO,4,11,0
city_93,0.9065552801806804,Male,Has relevent experience,no_enrollment,Masters,STEM,10,50-99,Pvt Ltd,2,19,0
city_64,0.9054389998096595,Male,Has relevent experience,no_enrollment,Graduate,STEM,11,<10,Public Sector,3,25,<NA>
city_21,0.6239999999914756,Male,Has relevent experience,no_enrollment,Graduate,STEM,7,5000-9999,Pvt Ltd,4,14,0
city_26,0.6845504012254192,Female,Has relevent experience,no_enrollment,Graduate,STEM,6,50-99,Other,2,136,0
city_45,0.8894429335158283,Male,Has relevent experience,no_enrollment,Graduate,STEM,19,100-500,Pvt Ltd,1,22,0
city_103,0.9200000000154742,Male,Has relevent experience,no_enrollment,Graduate,STEM,7,50-99,Pvt Ltd,1,43,0
city_141,0.9354390357738551,Male,Has relevent experience,no_enrollment,Graduate,STEM,>20,100-500,Pvt Ltd,2,90,0
city_149,0.83688417561589,Other,Has relevent experience,no_enrollment,Graduate,STEM,<1,<10,Early Stage Startup,1,329,1
city_145,0.8741698213368998,Male,Has relevent experience,no_enrollment,Graduate,STEM,15,10/49,Pvt Ltd,2,35,0
city_75,0.5787763582921537,Male,Has relevent experience,no_enrollment,Masters,STEM,7,50-99,Pvt Ltd,1,61,0
city_36,0.9238583417986931,Male,Has relevent experience,no_enrollment,Graduate,STEM,16,50-99,Pvt Ltd,3,147,1
city_77,0.7948398668832527,Male,No relevent experience,no_enrollment,Graduate,No Major,2,1000-4999,Pvt Ltd,never,44,0
city_158,0.8447254507954723,Male,Has relevent experience,no_enrollment,Masters,STEM,13,50-99,Funded Startup,1,26,0
city_14,0.9355745022239914,Male,Has relevent experience,no_enrollment,Masters,STEM,>20,50-99,Pvt Ltd,1,14,0
city_160,0.7041091641509726,Other,Has relevent experience,no_enrollment,Masters,Business Degree,>20,<10,Pvt Ltd,3,236,0
city_18,0.885647740261252,Male,No relevent experience,Full time course,Graduate,STEM,4,50-99,Pvt Ltd,1,44,0
city_23,0.8879191248457686,Male,No relevent experience,no_enrollment,Graduate,STEM,>20,50-99,Pvt Ltd,>4,14,0
city_89,0.9461509604636604,Male,Has relevent experience,no_enrollment,Graduate,STEM,5,10/49,Pvt Ltd,never,48,0
city_11,0.9237612553792727,Male,Has relevent experience,no_enrollment,Graduate,STEM,10,1000-4999,Early Stage Startup,never,50,0
city_82,0.900843589113868,Male,Has relevent experience,no_enrollment,Graduate,Arts,3,<10,Early Stage Startup,1,20,0
city_103,0.9199999999962726,Male,Has relevent experience,no_enrollment,Graduate,STEM,2,1000-4999,Pvt Ltd,1,57,0
city_20,0.4487815154839503,Male,Has relevent experience,no_enrollment,Graduate,STEM,3,50-99,Pvt Ltd,1,58,1
city_82,0.8209574648852097,Male,Has relevent experience,no_enrollment,Graduate,STEM,6,<10,Public Sector,1,45,1
city_50,0.9255223766358779,Male,Has relevent experience,no_enrollment,Graduate,STEM,11,100-500,Pvt Ltd,2,51,0
city_103,0.9200476980605744,Male,Has relevent experience,no_enrollment,Graduate,Other,10,500-999,Pvt Ltd,>4,10,0
city_103,0.9192920684697674,Male,Has relevent experience,Full time course,Graduate,STEM,>20,50-99,NGO,3,204,0
city_83,0.9356434093064354,Male,Has relevent experience,no_enrollment,Graduate,STEM,15,5000-9999,Early Stage Startup,>4,98,0
city_173,0.4807988522562788,Male,Has relevent experience,no_enrollment,Graduate,STEM,2,100-500,Early Stage Startup,2,59,1
city_67,0.8952244232555493,Male,Has relevent experience,no_enrollment,Graduate,STEM,4,10000+,Pvt Ltd,never,17,0
city_115,0.8806458494934313,Male,Has relevent experience,Part time course,High School,STEM,3,10/49,Pvt Ltd,1,50,<NA>
city_23,0.9258598139113459,Male,Has relevent experience,no_enrollment,Masters,STEM,>20,10/49,Pvt Ltd,3,54,1
city_103,0.9200000000134975,Male,Has relevent experience,Part time course,Masters,STEM,6,50-99,Funded Startup,1,72,0
city_103,0.9199647956459305,Male,Has relevent experience,no_enrollment,Graduate,STEM,20,500-999,Pvt Ltd,>4,21,0
city_13,0.9038461534306775,Male,Has relevent experience,no_enrollment,Masters,STEM,>20,100-500,Pvt Ltd,3,18,1
city_118,0.8836529407706197,Male,Has relevent experience,no_enrollment,Graduate,STEM,9,<10,Early Stage Startup,1,11,0
city_23,0.8783061932992295,Male,Has relevent experience,Part time course,Graduate,STEM,4,100-500,Pvt Ltd,4,40,0
city_11,0.944349106621743,Male,Has relevent experience,no_enrollment,Graduate,STEM,>20,500-999,Pvt Ltd,2,30,0
city_20,0.9046531166109171,Male,Has relevent experience,Part time course,Graduate,STEM,4,500-999,Pvt Ltd,4,18,<NA>
city_103,0.9200499934657577,Male,Has relevent experience,no_enrollment,Masters,STEM,>20,10000+,Pvt Ltd,2,16,0
city_21,0.6239999999861553,Male,Has relevent experience,no_enrollment,Graduate,STEM,3,50-99,Other,>4,46,<NA>
city_179,0.9371504286917284,Male,Has relevent experience,no_enrollment,Masters,STEM,14,50-99,Other,1,128,<NA>
city_50,0.9183686600112975,Male,Has relevent experience,no_enrollment,Masters,STEM,11,10000+,Pvt Ltd,1,45,0
city_93,0.501487504471362,Female,Has relevent experience,no_enrollment,Graduate,Business Degree,>20,10000+,Pvt Ltd,>4,58,0
city_145,0.7289907890182523,Male,Has relevent experience,no_enrollment,Masters,STEM,16,50-99,Pvt Ltd,2,75,0
city_103,0.9200000000226353,Male,No relevent experience,Part time course,Masters,STEM,6,10000+,Pvt Ltd,4,40,1
city_165,0.8923575496294217,Male,Has relevent experience,no_enrollment,Graduate,STEM,10,10/49,Pvt Ltd,4,83,0
city_57,0.9231792794144454,Male,Has relevent experience,no_enrollment,Graduate,STEM,>20,50-99,Early Stage Startup,1,5,0
city_103,0.9203006441324318,Male,Has relevent experience,no_enrollment,Graduate,No Major,7,1000-4999,NGO,1,321,<NA>
city_82,0.9159364203868435,Male,Has relevent experience,no_enrollment,Graduate,STEM,13,10000+,Pvt Ltd,1,23,0
city_145,0.9318175556524448,Male,Has relevent experience,no_enrollment,Graduate,STEM,>20,10/49,NGO,1,22,0
city_41,0.879255702436306,Male,Has relevent experience,no_enrollment,Masters,STEM,18,50-99,Pvt Ltd,>4,120,0
city_103,0.9200000005761514,Male,Has relevent experience,no_enrollment,Graduate,STEM,7,1000-4999,Pvt Ltd,1,152,0
city_42,0.6714566796076458,Female,Has relevent experience,no_enrollment,Masters,No Major,>20,100-500,Public Sector,2,109,0
city_53,0.9488294333411966,Male,Has relevent experience,no_enrollment,Graduate,Business Degree,11,1000-4999,Pvt Ltd,3,44,<NA>
city_103,0.9200000000216692,Male,Has relevent experience,no_enrollment,Graduate,STEM,>20,1000-4999,Pvt Ltd,>4,46,0
city_7,0.5213971651297467,Male,Has relevent experience,Full time course,Masters,STEM,4,50-99,Pvt Ltd,>4,254,1
city_134,0.8288914796259188,Male,Has relevent experience,no_enrollment,Masters,STEM,12,50-99,Pvt Ltd,1,41,0
city_103,0.9200000000303645,Male,Has relevent experience,Full time course,Phd,STEM,9,100-500,NGO,>4,41,0
city_37,0.8208470688601327,Male,Has relevent experience,Full time course,Masters,STEM,7,500-999,Early Stage Startup,1,93,0
city_97,0.8267938058673586,Male,Has relevent experience,no_enrollment,Graduate,STEM,10,<10,NGO,1,89,0
city_27,0.9263796567188031,Other,Has relevent experience,no_enrollment,Graduate,Business Degree,2,50-99,Pvt Ltd,1,149,0
city_33,0.9055900095858608,Male,Has relevent experience,no_enrollment,Masters,STEM,17,50-99,Pvt Ltd,>4,14,0
city_127,0.8075853019439172,Male,Has relevent experience,no_enrollment,Graduate,STEM,9,50-99,Pvt Ltd,1,45,0
city_155,0.9067754075131413,Male,No relevent experience,Full time course,Graduate,Business Degree,2,1000-4999,Pvt Ltd,1,22,0
city_21,0.6239999998974372,Male,Has relevent experience,no_enrollment,Graduate,STEM,6,<10,Pvt Ltd,>4,9,0
city_2,0.8890692129183713,Male,Has relevent experience,Part time course,Graduate,STEM,4,100-500,Pvt Ltd,3,92,<NA>
city_21,0.8923670172485934,Male,Has relevent experience,no_enrollment,Graduate,STEM,8,1000-4999,Pvt Ltd,>4,45,0
city_59,0.8043650534404888,Male,Has relevent experience,no_enrollment,Graduate,STEM,16,5000-9999,Pvt Ltd,3,31,0
city_103,0.9200000000387714,Male,Has relevent experience,no_enrollment,Graduate,STEM,17,100-500,Pvt Ltd,4,33,0
city_53,0.879498351874454,Male,Has relevent experience,no_enrollment,Graduate,STEM,>20,10000+,Pvt Ltd,>4,16,0
city_103,0.9200140896252935,Male,Has relevent experience,no_enrollment,Graduate,Humanities,>20,50-99,Pvt Ltd,>4,16,0
city_103,0.920041338131311,Male,Has relevent experience,no_enrollment,Masters,STEM,17,10000+,Pvt Ltd,2,11,0
city_103,0.9200000000034145,Male,Has relevent experience,no_enrollment,Graduate,STEM,>20,<10,Pvt Ltd,>4,82,0
city_78,0.8328644711296617,Male,Has relevent experience,no_enrollment,Graduate,STEM,10,50-99,NGO,1,66,0
city_103,0.919985986624783,Male,Has relevent experience,no_enrollment,Graduate,Other,>20,10000+,Pvt Ltd,1,8,<NA>
city_105,0.8512298528220144,Male,Has relevent experience,no_enrollment,Masters,STEM,10,<10,Early Stage Startup,1,14,0
city_123,0.812942450148598,Male,Has relevent experience,no_enrollment,Masters,STEM,20,1000-4999,Pvt Ltd,1,3,0
city_21,0.6240000000409754,Male,Has relevent experience,no_enrollment,Graduate,STEM,<1,10/49,Pvt Ltd,1,46,1
city_103,0.9200000000489695,Male,Has relevent experience,no_enrollment,Graduate,STEM,9,500-999,Pvt Ltd,2,71,0
city_103,0.9200000000076519,Male,Has relevent experience,no_enrollment,Graduate,STEM,>20,100-500,Pvt Ltd,1,54,0
city_13,0.9229639239196179,Male,Has relevent experience,no_enrollment,Masters,STEM,10,50-99,Pvt Ltd,2,25,0
city_141,0.935697671022581,Male,Has relevent experience,no_enrollment,Graduate,STEM,3,50-99,Pvt Ltd,1,88,0
city_26,0.5158952620613169,Male,Has relevent experience,no_enrollment,Graduate,STEM,8,10/49,Pvt Ltd,never,14,1
city_103,0.920000000001955,Male,Has relevent experience,no_enrollment,Graduate,No Major,5,1000-4999,Pvt Ltd,1,39,0
city_39,0.9374526350712045,Male,Has relevent experience,no_enrollment,Graduate,STEM,12,100-500,Pvt Ltd,2,91,0
city_50,0.8967822657955651,Male,Has relevent experience,no_enrollment,Masters,STEM,>20,10/49,Pvt Ltd,3,18,0
city_19,0.7325514076148651,Male,Has relevent experience,no_enrollment,Graduate,STEM,11,1000-4999,Pvt Ltd,1,85,0
city_115,0.775572842470059,Male,Has relevent experience,Part time course,Masters,STEM,4,50-99,Pvt Ltd,2,34,<NA>
city_54,0.9299513131827406,Male,Has relevent experience,no_enrollment,Graduate,STEM,>20,50-99,Pvt Ltd,1,44,0
city_103,0.9200413892848586,Male,No relevent experience,no_enrollment,Graduate,STEM,3,1000-4999,Pvt Ltd,3,17,0
city_94,0.7530152175384579,Other,No relevent experience,no_enrollment,Graduate,No Major,3,100-500,Pvt Ltd,1,251,1
city_103,0.9200000000119075,Male,No relevent experience,no_enrollment,Graduate,Arts,4,100-500,Pvt Ltd,2,32,0
city_103,0.9199999998711406,Male,No relevent experience,Full time course,Phd,STEM,>20,100-500,Pvt Ltd,2,30,0
city_107,0.6163372771160488,Male,Has relevent experience,no_enrollment,Graduate,STEM,12,100-500,Pvt Ltd,3,15,1
city_21,0.5773690744254719,Male,Has relevent experience,no_enrollment,Masters,STEM,13,50-99,Pvt Ltd,4,222,0
city_37,0.8473513108230706,Male,Has relevent experience,no_enrollment,Masters,STEM,16,100-500,Pvt Ltd,>4,47,<NA>
city_150,0.7739616637912548,Male,Has relevent experience,no_enrollment,Graduate,Business Degree,4,<10,Early Stage Startup,1,70,1
city_105,0.8795461096327373,Male,Has relevent experience,no_enrollment,Graduate,STEM,18,10/49,NGO,2,12,0
city_167,0.5140564652063618,Female,Has relevent experience,no_enrollment,Masters,STEM,>20,1000-4999,Pvt Ltd,2,332,0
city_61,0.5454588804825107,Female,Has relevent experience,no_enrollment,Graduate,Humanities,4,50-99,Public Sector,1,41,0
city_114,0.9256937084482175,Male,Has relevent experience,no_enrollment,Masters,No Major,19,50-99,Pvt Ltd,>4,77,0
city_104,0.9454442185371774,Female,Has relevent experience,no_enrollment,Masters,STEM,5,10/49,Pvt Ltd,1,166,<NA>
city_103,0.9200000000172389,Male,No relevent experience,Full time course,Graduate,No Major,7,1000-4999,Pvt Ltd,1,49,0
city_7,0.7262524992842164,Male,Has relevent experience,no_enrollment,Graduate,STEM,10,50-99,Pvt Ltd,1,23,0
city_103,0.9200000000103917,Male,Has relevent experience,no_enrollment,Graduate,Other,16,50-99,Other,1,79,0
city_1,0.5218324231100349,Other,Has relevent experience,no_enrollment,Masters,STEM,16,50-99,Pvt Ltd,1,253,0
city_77,0.6980000000004422,Male,Has relevent experience,Full time course,Masters,STEM,18,50-99,Pvt Ltd,never,17,1
city_21,0.6239999998790423,Male,No relevent experience,no_enrollment,Graduate,STEM,5,10000+,Pvt Ltd,1,50,0
city_78,0.6773825250886611,Other,No relevent experience,no_enrollment,Masters,STEM,7,10000+,Pvt Ltd,1,262,0
city_78,0.8282937835545247,Male,Has relevent experience,no_enrollment,Graduate,STEM,>20,<10,Pvt Ltd,3,16,1
city_27,0.8709790331770539,Male,Has relevent experience,no_enrollment,Graduate,STEM,7,100-500,Pvt Ltd,4,49,1
city_21,0.6239999998599273,Male,Has relevent experience,no_enrollment,Graduate,STEM,9,500-999,Pvt Ltd,>4,10,0
city_103,0.9200037651755044,Male,Has relevent experience,no_enrollment,Graduate,STEM,6,100-500,Public Sector,1,16,0
city_45,0.47736422716017823,Other,Has relevent experience,no_enrollment,Graduate,STEM,9,500-999,Pvt Ltd,>4,7,1
city_159,0.9337713327922328,Male,Has relevent experience,no_enrollment,Masters,STEM,>20,10000+,Pvt Ltd,2,118,1
city_117,0.913145912190046,Male,Has relevent experience,no_enrollment,Graduate,STEM,15,10000+,Pvt Ltd,>4,34,0
city_103,0.920000000014046,Male,Has relevent experience,no_enrollment,Graduate,STEM,9,50-99,Pvt Ltd,1,70,0
city_2,0.6979999999996372,Male,Has relevent experience,Full time course,Phd,STEM,>20,50-99,Pvt Ltd,never,32,<NA>
city_103,0.9200251284687141,Male,Has relevent experience,no_enrollment,Graduate,STEM,>20,10000+,Pvt Ltd,>4,123,<NA>
city_157,0.9276034911420376,Male,No relevent experience,Full time course,Graduate,STEM,3,100-500,Early Stage Startup,>4,12,<NA>
city_103,0.9199999999977305,Male,Has relevent experience,no_enrollment,Graduate,STEM,13,100-500,Pvt Ltd,1,30,0
city_141,0.6745450037471148,Male,Has relevent experience,Full time course,Graduate,STEM,5,50-99,Pvt Ltd,>4,57,<NA>
city_173,0.8794851164122932,Male,No relevent experience,Full time course,Graduate,STEM,3,50-99,Early Stage Startup,1,246,0
city_28,0.44841687802113833,Other,Has relevent experience,no_enrollment,Graduate,STEM,15,10000+,Pvt Ltd,1,105,1
city_103,0.9200451635403718,Male,Has relevent experience,no_enrollment,Graduate,Arts,>20,10000+,Pvt Ltd,>4,85,0
city_103,0.9203050673588548,Male,Has relevent experience,no_enrollment,Graduate,STEM,10,10000+,Early Stage Startup,>4,301,0
city_21,0.6239999999993666,Male,Has relevent experience,no_enrollment,Graduate,Other,10,10000+,Pvt Ltd,4,38,0
city_103,0.9199999985577272,Male,Has relevent experience,no_enrollment,Graduate,STEM,13,10/49,Funded Startup,1,156,0
city_90,0.9360921941702763,Male,Has relevent experience,no_enrollment,Graduate,STEM,10,100-500,Pvt Ltd,never,105,0
city_162,0.9007291031013422,Male,Has relevent experience,Part time course,Phd,STEM,14,<10,NGO,never,111,<NA>
city_103,0.9200110616305804,Male,Has relevent experience,no_enrollment,Graduate,STEM,14,1000-4999,Pvt Ltd,>4,15,0
city_16,0.9106292640813668,Male,Has relevent experience,no_enrollment,Graduate,STEM,15,1000-4999,Pvt Ltd,>4,81,1
city_10,0.8282510219220368,Male,Has relevent experience,no_enrollment,Graduate,STEM,12,500-999,Pvt Ltd,>4,42,1
city_9,0.9375225036740794,Male,Has relevent experience,no_enrollment,Graduate,STEM,5,<10,NGO,1,17,0
city_103,0.9199953386228898,Male,Has relevent experience,no_enrollment,Graduate,STEM,11,5000-9999,Pvt Ltd,2,16,0
city_59,0.9224190707455363,Male,Has relevent experience,no_enrollment,Masters,STEM,19,10000+,Pvt Ltd,1,36,0
city_93,0.6979999999995508,Male,Has relevent experience,no_enrollment,Graduate,STEM,17,<10,Pvt Ltd,4,38,0
city_57,0.8971799520426061,Male,Has relevent experience,no_enrollment,Graduate,Business Degree,4,50-99,Pvt Ltd,1,58,0
city_107,0.9195464127950245,Male,Has relevent experience,no_enrollment,Graduate,STEM,>20,1000-4999,Pvt Ltd,>4,62,0
city_61,0.8854083962898187,Male,Has relevent experience,no_enrollment,Graduate,STEM,>20,50-99,Pvt Ltd,never,129,1
city_176,0.9300022902079443,Female,Has relevent experience,no_enrollment,Masters,Business Degree,>20,100-500,Public Sector,2,47,0
city_84,0.4790962771940598,Male,No relevent experience,no_enrollment,Graduate,STEM,3,50-99,Public Sector,1,146,1
city_146,0.856486904715233,Female,Has relevent experience,no_enrollment,Masters,STEM,>20,1000-4999,Pvt Ltd,2,131,0
city_103,0.9200000003710468,Male,Has relevent experience,no_enrollment,Masters,STEM,>20,50-99,Pvt Ltd,2,23,0
city_105,0.882792835434651,Male,Has relevent experience,no_enrollment,Graduate,Humanities,5,50-99,Pvt Ltd,1,33,0
city_21,0.8969425648636256,Male,Has relevent experience,no_enrollment,Masters,STEM,12,10000+,Pvt Ltd,1,101,0
city_103,0.9200000000283317,Male,Has relevent experience,no_enrollment,Graduate,STEM,>20,1000-4999,Funded Startup,>4,81,0
city_103,0.9199999998853096,Male,Has relevent experience,no_enrollment,Masters,STEM,>20,100-500,Pvt Ltd,1,29,0
city_133,0.9257124133557365,Male,Has relevent experience,no_enrollment,Masters,STEM,>20,5000-9999,Pvt Ltd,>4,55,<NA>
city_158,0.7207113488730112,Female,Has relevent experience,no_enrollment,Masters,STEM,2,<10,Early Stage Startup,1,63,0
city_53,0.5686547222658459,Male,Has relevent experience,no_enrollment,Masters,STEM,7,50-99,Pvt Ltd,1,79,0
city_55,0.8741696005860585,Male,Has relevent experience,no_enrollment,Masters,STEM,10,50-99,Pvt Ltd,2,18,0
city_141,0.5158977627425527,Female,Has relevent experience,no_enrollment,Graduate,STEM,5,10000+,Pvt Ltd,3,102,1
city_90,0.9387284025879961,Male,Has relevent experience,no_enrollment,Masters,STEM,>20,100-500,Pvt Ltd,1,5,0
city_37,0.7152429674743415,Other,Has relevent experience,no_enrollment,Graduate,STEM,12,100-500,Pvt Ltd,4,326,1
city_24,0.9047362808860954,Male,No relevent experience,no_enrollment,Graduate,STEM,>20,100-500,Pvt Ltd,>4,21,0
city_97,0.5697020311983383,Male,Has relevent experience,no_enrollment,Graduate,STEM,7,100-500,Pvt Ltd,2,20,1
city_103,0.9200329257608502,Male,Has relevent experience,no_enrollment,Phd,STEM,20,10000+,Early Stage Startup,3,103,0
city_103,0.9200000000055677,Male,Has relevent experience,no_enrollment,Graduate,STEM,9,500-999,Pvt Ltd,2,48,0
city_74,0.6979999999999594,Male,Has relevent experience,no_enrollment,Masters,STEM,15,<10,Pvt Ltd,1,49,0
city_12,0.9241555919794437,Male,Has relevent experience,no_enrollment,Masters,Humanities,1,100-500,Pvt Ltd,1,192,1
city_57,0.9298920090197409,Male,Has relevent experience,Full time course,Graduate,STEM,>20,1000-4999,Public Sector,4,29,0
city_72,0.9034838432209276,Male,Has relevent experience,no_enrollment,Masters,STEM,19,100-500,Pvt Ltd,2,13,0
city_150,0.9194215089142279,Male,Has relevent experience,no_enrollment,Graduate,STEM,>20,10/49,Pvt Ltd,1,18,0
city_120,0.6806907406422049,Other,Has relevent experience,no_enrollment,Graduate,STEM,<1,500-999,Public Sector,1,9,1
city_155,0.8647675016416017,Male,Has relevent experience,no_enrollment,Graduate,STEM,>20,1000-4999,Pvt Ltd,1,48,0
city_84,0.761373489670104,Male,Has relevent experience,no_enrollment,Graduate,STEM,10,100-500,Funded Startup,1,7,0
city_89,0.8756337443291661,Male,Has relevent experience,no_enrollment,Graduate,STEM,5,50-99,Pvt Ltd,2,44,0
city_53,0.807899543294899,Male,Has relevent experience,Part time course,High School,STEM,5,<10,Pvt Ltd,never,42,0
city_103,0.9199622321563873,Male,Has relevent experience,no_enrollment,Graduate,STEM,>20,10000+,Pvt Ltd,1,120,<NA>
city_114,0.9252783087243772,Male,Has relevent experience,no_enrollment,Masters,STEM,>20,1000-4999,Pvt Ltd,3,65,0
city_99,0.603690812138398,Other,Has relevent experience,no_enrollment,Graduate,STEM,12,100-500,Pvt Ltd,4,166,<NA>
city_103,0.9200000000048946,Male,Has relevent experience,no_enrollment,Graduate,STEM,10,50-99,Funded Startup,1,45,0
city_1,0.9215597301786073,Male,Has relevent experience,no_enrollment,Masters,STEM,19,10/49,Pvt Ltd,3,259,0
city_152,0.5924835892005841,Other,No relevent experience,Full time course,Graduate,Other,5,10/49,Pvt Ltd,1,251,0
city_84,0.9278353814347996,Male,Has relevent experience,no_enrollment,Masters,STEM,>20,10000+,Pvt Ltd,>4,114,0
city_54,0.9436219326944645,Male,Has relevent experience,no_enrollment,Graduate,STEM,4,50-99,Other,1,16,1
city_155,0.4802838035734784,Male,Has relevent experience,no_enrollment,Graduate,STEM,6,500-999,Funded Startup,1,92,0
city_20,0.9197979561051807,Male,Has relevent experience,no_enrollment,Graduate,STEM,>20,50-99,Pvt Ltd,3,179,1
city_44,0.5132925575745686,Male,Has relevent experience,no_enrollment,Masters,STEM,7,50-99,Pvt Ltd,1,67,0
city_89,0.8768934149778435,Male,Has relevent experience,no_enrollment,Masters,STEM,15,100-500,Pvt Ltd,>4,35,0
city_97,0.913249678035296,Male,No relevent experience,Part time course,Graduate,STEM,3,<10,Other,1,16,0
city_142,0.9257106385179572,Male,No relevent experience,no_enrollment,Graduate,STEM,>20,<10,Pvt Ltd,4,51,1
city_103,0.9200000000197824,Male,Has relevent experience,no_enrollment,Graduate,STEM,>20,10000+,Pvt Ltd,1,62,<NA>
city_33,0.5279627566335348,Other,Has relevent experience,Part time course,Primary School,STEM,5,1000-4999,Pvt Ltd,4,300,0
city_103,0.9200000000407227,Male,No relevent experience,no_enrollment,Graduate,Other,1,100-500,Public Sector,1,45,0
city_103,0.919960504701302,Male,Has relevent experience,no_enrollment,Graduate,STEM,13,100-500,Other,1,15,0
city_55,0.7678896433124694,Male,Has relevent experience,no_enrollment,Graduate,STEM,10,<10,Early Stage Startup,1,108,0
city_103,0.9200000000469597,Male,Has relevent experience,no_enrollment,Graduate,STEM,6,10000+,Pvt Ltd,1,68,0
city_16,0.9258015264504528,Male,Has relevent experience,no_enrollment,Graduate,Business Degree,11,1000-4999,Pvt Ltd,4,43,<NA>
city_109,0.9224159369195635,Male,Has relevent experience,no_enrollment,Graduate,STEM,16,50-99,Pvt Ltd,3,270,1
city_167,0.8882618858501788,Male,Has relevent experience,no_enrollment,Graduate,STEM,15,1000-4999,Pvt Ltd,3,106,0
city_21,0.6239999998949509,Male,Has relevent experience,no_enrollment,Graduate,STEM,7,5000-9999,Pvt Ltd,4,44,0
city_103,0.9199999999859363,Male,Has relevent experience,no_enrollment,Graduate,STEM,>20,10000+,Pvt Ltd,>4,60,0
city_126,0.8757922263280464,Male,Has relevent experience,no_enrollment,Graduate,STEM,>20,<10,Pvt Ltd,1,27,0
city_13,0.9252659535178527,Male,Has relevent experience,no_enrollment,Masters,STEM,8,100-500,Pvt Ltd,1,10,0
city_103,0.9196825098704584,Male,Has relevent experience,no_enrollment,Graduate,STEM,6,10000+,Pvt Ltd,1,166,0
city_67,0.7665151599590587,Male,Has relevent experience,no_enrollment,Graduate,STEM,8,10/49,Other,1,93,0
city_55,0.7354703076725396,Male,Has relevent experience,no_enrollment,Graduate,STEM,>20,50-99,Pvt Ltd,1,30,0
city_30,0.8275550750745323,Male,Has relevent experience,no_enrollment,Graduate,STEM,14,500-999,Pvt Ltd,>4,7,0
city_103,0.9200000000328,Male,Has relevent experience,no_enrollment,Graduate,STEM,6,10000+,Pvt Ltd,2,71,1
city_21,0.6239999999487167,Male,Has relevent experience,no_enrollment,Graduate,STEM,9,50-99,Pvt Ltd,3,36,1
city_98,0.8347362154792463,Male,Has relevent experience,no_enrollment,Graduate,STEM,11,100-500,Pvt Ltd,never,31,0
city_54,0.9063891849290077,Other,Has relevent experience,Full time course,Graduate,STEM,5,50-99,Pvt Ltd,1,158,0
city_134,0.885439941843816,Male,Has relevent experience,no_enrollment,Graduate,STEM,10,10000+,Pvt Ltd,2,30,0
city_103,0.91999027340283,Male,Has relevent experience,no_enrollment,Graduate,STEM,>20,50-99,Pvt Ltd,never,13,<NA>
city_103,0.9200122912128077,Male,Has relevent experience,no_enrollment,Graduate,STEM,11,5000-9999,Pvt Ltd,2,17,0
city_103,0.9200000002263027,Male,Has relevent experience,no_enrollment,Graduate,STEM,13,100-500,Pvt Ltd,1,30,0
city_138,0.8748932609998407,Male,Has relevent experience,no_enrollment,Graduate,STEM,15,500-999,Pvt Ltd,never,66,0
city_171,0.5851470639439238,Male,Has relevent experience,no_enrollment,Masters,STEM,9,500-999,Funded Startup,2,71,0
city_103,0.9200000000137013,Male,Has relevent experience,no_enrollment,Graduate,STEM,15,100-500,Pvt Ltd,2,45,0
city_103,0.9200264060678848,Male,No relevent experience,Full time course,Graduate,STEM,9,10000+,Pvt Ltd,1,15,0
city_149,0.7632116297535086,Male,Has relevent experience,no_enrollment,Graduate,Humanities,13,50-99,Other,2,54,0
city_118,0.9219542902918592,Male,Has relevent experience,no_enrollment,Masters,STEM,>20,1000-4999,Pvt Ltd,4,326,0
city_39,0.9118405903281117,Female,Has relevent experience,no_enrollment,Graduate,STEM,>20,100-500,Other,>4,108,0
city_103,0.919999999989496,Male,Has relevent experience,no_enrollment,Graduate,STEM,>20,10000+,Pvt Ltd,2,147,1
city_103,0.9200314426364059,Male,Has relevent experience,no_enrollment,Graduate,Other,5,1000-4999,Pvt Ltd,2,16,0
city_133,0.9362480730306584,Male,Has relevent experience,no_enrollment,Graduate,No Major,>20,100-500,Pvt Ltd,1,34,0
city_103,0.9192787315576244,Male,Has relevent experience,no_enrollment,Graduate,STEM,7,<10,Pvt Ltd,4,299,1
city_123,0.9461879224430614,Male,Has relevent experience,no_enrollment,Graduate,STEM,16,100-500,Pvt Ltd,1,45,0
city_157,0.8564266240083857,Male,Has relevent experience,no_enrollment,Masters,STEM,12,50-99,Pvt Ltd,1,45,0
city_133,0.8891900612378649,Male,Has relevent experience,Part time course,High School,STEM,9,<10,Pvt Ltd,3,120,1
city_134,0.7718959876472101,Female,No relevent experience,no_enrollment,Graduate,Other,20,100-500,Pvt Ltd,>4,114,0
city_13,0.8794975050252498,Male,Has relevent experience,Full time course,Phd,STEM,>20,10/49,NGO,3,51,1
city_179,0.8939051980886511,Male,Has relevent experience,no_enrollment,Masters,STEM,>20,50-99,Pvt Ltd,2,27,<NA>
city_103,0.9200363782676075,Male,Has relevent experience,no_enrollment,Graduate,STEM,13,1000-4999,Pvt Ltd,2,16,0
city_143,0.8164182845389824,Male,Has relevent experience,no_enrollment,Masters,STEM,>20,100-500,Pvt Ltd,2,100,0
city_103,0.9200000000046703,Male,Has relevent experience,no_enrollment,Masters,STEM,>20,100-500,Pvt Ltd,3,55,1
city_103,0.9199999997316458,Male,Has relevent experience,no_enrollment,Graduate,STEM,7,100-500,Pvt Ltd,4,26,0
city_11,0.9485668338908808,Male,Has relevent experience,no_enrollment,Graduate,STEM,>20,100-500,Pvt Ltd,2,95,0
city_61,0.7643927499365697,Male,Has relevent experience,no_enrollment,Masters,STEM,3,500-999,Pvt Ltd,1,46,<NA>
city_76,0.92229870433903,Male,Has relevent experience,no_enrollment,Graduate,STEM,7,<10,Other,>4,55,<NA>
city_13,0.8142940564383085,Male,No relevent experience,no_enrollment,Graduate,Business Degree,2,1000-4999,Pvt Ltd,never,32,0
city_33,0.6671278233785521,Male,Has relevent experience,no_enrollment,Masters,STEM,8,1000-4999,Pvt Ltd,never,70,<NA>
city_155,0.9434886462568896,Male,Has relevent experience,no_enrollment,Graduate,STEM,5,<10,Funded Startup,1,22,0
city_21,0.8797674135934436,Male,Has relevent experience,Full time course,Phd,STEM,>20,100-500,Public Sector,4,16,1
city_176,0.9234627246624214,Male,Has relevent experience,no_enrollment,Masters,STEM,9,500-999,Pvt Ltd,3,267,0
city_48,0.9368437944377217,Male,Has relevent experience,no_enrollment,Masters,STEM,15,50-99,Pvt Ltd,>4,19,0
city_76,0.9295441977452665,Male,Has relevent experience,no_enrollment,Graduate,STEM,>20,10/49,Pvt Ltd,>4,15,0
city_140,0.9152717699575039,Male,Has relevent experience,no_enrollment,Graduate,STEM,>20,50-99,Pvt Ltd,>4,53,0
city_11,0.8781568603574336,Male,Has relevent experience,Part time course,Primary School,STEM,3,10/49,Pvt Ltd,2,48,<NA>
city_21,0.6240000000037942,Male,Has relevent experience,no_enrollment,Graduate,STEM,9,500-999,Pvt Ltd,>4,26,0
city_150,0.7955696304975025,Male,Has relevent experience,Full time course,Graduate,STEM,2,10/49,Pvt Ltd,2,33,<NA>
city_2,0.9044982803605327,Male,Has relevent experience,no_enrollment,Graduate,Humanities,>20,100-500,Pvt Ltd,>4,27,0
city_103,0.9200081762305187,Male,Has relevent experience,no_enrollment,Graduate,STEM,5,10000+,Pvt Ltd,1,18,0
city_103,0.9200341557037356,Male,Has relevent experience,no_enrollment,Graduate,STEM,>20,500-999,Pvt Ltd,>4,20,0
city_21,0.624000000101107,Male,Has relevent experience,no_enrollment,Graduate,STEM,6,10000+,Pvt Ltd,1,95,0
city_21,0.623999999913267,Male,Has relevent experience,no_enrollment,Graduate,STEM,5,50-99,NGO,1,19,1
city_69,0.9354261819288063,Male,Has relevent experience,no_enrollment,Masters,STEM,>20,10000+,Pvt Ltd,1,44,0
city_103,0.9200000003136706,Male,Has relevent experience,no_enrollment,Graduate,STEM,>20,500-999,Public Sector,1,24,0
city_144,0.78529322283489,Other,Has relevent experience,Full time course,Masters,STEM,4,50-99,NGO,4,334,0
city_44,0.892526145342432,Male,Has relevent experience,Part time course,Primary School,STEM,4,100-500,Pvt Ltd,3,100,<NA>
city_123,0.9136612851035534,Male,No relevent experience,no_enrollment,Graduate,STEM,2,10/49,Pvt Ltd,1,155,0
city_36,0.9002225561215099,Male,Has relevent experience,Full time course,Masters,STEM,16,5000-9999,Funded Startup,3,6,0
city_103,0.9200000000080235,Male,Has relevent experience,no_enrollment,Graduate,STEM,10,10/49,Early Stage Startup,>4,77,1
city_48,0.9219929538713308,Male,Has relevent experience,no_enrollment,Graduate,STEM,14,<10,Funded Startup,1,67,0
city_72,0.8724717778760653,Male,Has relevent experience,no_enrollment,Masters,STEM,8,10000+,Pvt Ltd,1,135,1
city_103,0.9199454237481753,Male,Has relevent experience,Full time course,Masters,STEM,15,50-99,Pvt Ltd,2,314,0
city_64,0.9198963094268829,Male,Has relevent experience,no_enrollment,Graduate,STEM,6,<10,Pvt Ltd,2,85,0
city_103,0.9199999998349994,Male,Has relevent experience,no_enrollment,Graduate,STEM,7,100-500,Pvt Ltd,4,23,1
city_144,0.7495187434759701,Male,Has relevent experience,no_enrollment,Masters,Other,2,10/49,Pvt Ltd,1,28,0
city_28,0.8759858046933894,Male,Has relevent experience,no_enrollment,Graduate,STEM,10,100-500,Early Stage Startup,>4,5,0
city_141,0.9453347476593423,Male,Has relevent experience,no_enrollment,Graduate,STEM,9,100-500,NGO,1,27,0
city_26,0.9259270371362538,Male,Has relevent experience,no_enrollment,Graduate,STEM,13,500-999,Pvt Ltd,2,15,<NA>
city_91,0.6980000000001951,Male,Has relevent experience,no_enrollment,Graduate,STEM,2,100-500,Pvt Ltd,1,1,0
city_21,0.6239999998655196,Male,Has relevent experience,no_enrollment,Masters,STEM,4,100-500,Pvt Ltd,1,23,<NA>
city_1,0.8814244470871048,Male,Has relevent experience,Part time course,Masters,Arts,8,10/49,Funded Startup,1,16,0
city_103,0.920000000024049,Male,Has relevent experience,Part time course,Graduate,STEM,14,10000+,Pvt Ltd,never,68,0
city_21,0.6239999999035842,Male,Has relevent experience,no_enrollment,Graduate,STEM,10,1000-4999,Pvt Ltd,2,47,1
city_57,0.9022566415510523,Male,Has relevent experience,no_enrollment,Masters,STEM,11,50-99,Pvt Ltd,1,81,0
city_12,0.8383997957902842,Male,Has relevent experience,no_enrollment,Masters,STEM,8,50-99,Pvt Ltd,1,132,0
city_167,0.8109057572933833,Male,Has relevent experience,no_enrollment,Masters,STEM,>20,5000-9999,Pvt Ltd,4,5,0
city_103,0.9199947235660033,Male,Has relevent experience,no_enrollment,Graduate,STEM,9,100-500,Pvt Ltd,2,18,0
city_55,0.9034514567578082,Male,Has relevent experience,no_enrollment,Graduate,STEM,12,50-99,Pvt Ltd,>4,133,0
city_103,0.9200000004699698,Male,No relevent experience,no_enrollment,Graduate,STEM,5,10000+,Pvt Ltd,3,27,1
city_157,0.9214484368770166,Male,Has relevent experience,no_enrollment,Graduate,Humanities,14,10/49,Pvt Ltd,1,84,<NA>
city_98,0.8887346088487634,Male,Has relevent experience,no_enrollment,Masters,STEM,13,100-500,Pvt Ltd,1,107,1
city_149,0.47891688795429,Male,Has relevent experience,no_enrollment,Graduate,STEM,8,100-500,Pvt Ltd,2,58,1
city_9,0.6980000000004181,Male,Has relevent experience,no_enrollment,Masters,STEM,15,<10,Pvt Ltd,1,4,0
city_50,0.9143159698649159,Male,Has relevent experience,no_enrollment,Graduate,STEM,15,1000-4999,Early Stage Startup,1,26,<NA>
city_103,0.9200263974529563,Male,Has relevent experience,no_enrollment,Graduate,STEM,17,10000+,Pvt Ltd,>4,319,0
city_176,0.5008117498561448,Female,Has relevent experience,no_enrollment,Graduate,Arts,>20,10000+,Pvt Ltd,>4,8,0
city_126,0.7953565107935868,Male,Has relevent experience,no_enrollment,Masters,STEM,13,50-99,Funded Startup,1,169,0
city_94,0.8874975074236281,Male,Has relevent experience,no_enrollment,Graduate,STEM,18,10/49,Early Stage Startup,2,12,0
city_133,0.8826392951793766,Male,Has relevent experience,no_enrollment,Graduate,STEM,15,50-99,Pvt Ltd,>4,46,0
city_103,0.9199999999943873,Male,Has relevent experience,no_enrollment,Graduate,STEM,13,100-500,Pvt Ltd,2,41,0
city_10,0.8928408008994635,Female,Has relevent experience,no_enrollment,Graduate,STEM,>20,<10,Pvt Ltd,1,114,0
city_103,0.920000000012802,Male,Has relevent experience,no_enrollment,Graduate,STEM,>20,1000-4999,Pvt Ltd,>4,79,0
city_158,0.8950534684297276,Male,No relevent experience,no_enrollment,Graduate,STEM,19,1000-4999,Pvt Ltd,1,51,0
city_1,0.826677595814451,Male,Has relevent experience,no_enrollment,Masters,STEM,>20,<10,Funded Startup,never,53,0
city_43,0.9209552274582868,Male,No relevent experience,no_enrollment,Graduate,STEM,4,5000-9999,NGO,>4,47,<NA>
city_114,0.9252071808704807,Male,Has relevent experience,no_enrollment,Masters,STEM,11,50-99,Pvt Ltd,2,78,0
city_59,0.9296890520625721,Male,Has relevent experience,no_enrollment,Masters,STEM,>20,100-500,Pvt Ltd,1,6,0
city_1,0.4539208582056654,Female,Has relevent experience,no_enrollment,Graduate,STEM,12,10/49,Pvt Ltd,>4,179,0
city_175,0.9429191445091799,Male,Has relevent experience,no_enrollment,Graduate,STEM,5,50-99,Pvt Ltd,2,43,0
city_21,0.6240000000302344,Male,Has relevent experience,no_enrollment,Graduate,STEM,6,<10,Other,1,88,0
city_138,0.8875398181694446,Male,No relevent experience,Full time course,Phd,STEM,5,1000-4999,Early Stage Startup,2,130,0
city_143,0.8886585098197434,Male,No relevent experience,no_enrollment,Graduate,STEM,>20,50-99,Pvt Ltd,>4,14,0
city_33,0.8261375686987652,Male,Has relevent experience,no_enrollment,Graduate,STEM,>20,10000+,Pvt Ltd,1,37,0
city_23,0.9231765121200646,Male,Has relevent experience,no_enrollment,Graduate,STEM,16,50-99,Early Stage Startup,1,35,0
city_21,0.6239999998558029,Male,Has relevent experience,no_enrollment,Graduate,STEM,6,10/49,Pvt Ltd,1,4,1
city_12,0.6624861817683929,Male,Has relevent experience,Full time course,Graduate,STEM,9,50-99,Pvt Ltd,2,190,1
city_155,0.8924458910171778,Male,Has relevent experience,no_enrollment,Graduate,STEM,>20,<10,Public Sector,1,9,0
city_103,0.9199999999988474,Male,Has relevent experience,no_enrollment,Graduate,STEM,17,50-99,Pvt Ltd,>4,84,1
city_20,0.9213168791718424,Male,Has relevent experience,no_enrollment,Masters,STEM,9,500-999,Pvt Ltd,4,168,0
city_103,0.9200000000392986,Male,Has relevent experience,no_enrollment,Graduate,STEM,10,1000-4999,Pvt Ltd,4,79,1
city_103,0.920000000041646,Male,Has relevent experience,no_enrollment,Graduate,STEM,9,1000-4999,Pvt Ltd,2,39,1
city_27,0.5515021282200646,Male,Has relevent experience,no_enrollment,Masters,STEM,20,10000+,Pvt Ltd,4,54,<NA>
city_103,0.9200000000532802,Male,No relevent experience,no_enrollment,Graduate,STEM,18,50-99,Pvt Ltd,1,23,<NA>
city_103,0.9200000000366655,Male,Has relevent experience,no_enrollment,Graduate,STEM,>20,1000-4999,Pvt Ltd,1,78,0
city_120,0.6442446134491326,Female,Has relevent experience,no_enrollment,Graduate,STEM,7,10000+,Pvt Ltd,1,74,0
city_57,0.523351931595287,Male,Has relevent experience,no_enrollment,Graduate,STEM,5,1000-4999,Pvt Ltd,3,80,0
city_120,0.9473854884166684,Male,Has relevent experience,no_enrollment,Graduate,STEM,16,10/49,Public Sector,1,16,0
city_167,0.7707151079845224,Male,Has relevent experience,no_enrollment,Graduate,STEM,>20,<10,Pvt Ltd,1,47,0
city_123,0.9067908231843677,Male,Has relevent experience,no_enrollment,Graduate,STEM,19,5000-9999,Other,>4,2,0
city_21,0.6240000000396763,Male,No relevent experience,no_enrollment,Graduate,STEM,2,<10,Pvt Ltd,never,20,1
city_103,0.919962252186352,Male,Has relevent experience,Part time course,Phd,STEM,>20,10000+,Pvt Ltd,1,17,0
city_33,0.8904762222011676,Male,Has relevent experience,no_enrollment,Graduate,STEM,6,50-99,Other,1,106,0
city_76,0.6512027368098527,Male,No relevent experience,Full time course,Graduate,STEM,5,50-99,Pvt Ltd,>4,105,<NA>
city_53,0.7198973751737104,Male,Has relevent experience,no_enrollment,Graduate,STEM,10,10/49,Pvt Ltd,2,118,0
city_74,0.8894760706220263,Male,Has relevent experience,no_enrollment,Masters,STEM,>20,50-99,Pvt Ltd,3,25,<NA>
city_59,0.8693399290993287,Female,Has relevent experience,no_enrollment,Graduate,STEM,10,<10,Pvt Ltd,1,103,0
city_103,0.9203448149584175,Male,Has relevent experience,no_enrollment,Graduate,STEM,14,100-500,Pvt Ltd,1,250,0
city_103,0.9200000000442504,Male,Has relevent experience,no_enrollment,Graduate,STEM,>20,100-500,Pvt Ltd,>4,61,0
city_30,0.8421097328976782,Male,Has relevent experience,no_enrollment,Graduate,STEM,19,10000+,Pvt Ltd,never,13,0
city_115,0.8865814107457047,Male,No relevent experience,Part time course,Phd,STEM,>20,500-999,NGO,2,30,<NA>
city_84,0.920295724660665,Male,Has relevent experience,no_enrollment,Graduate,STEM,14,<10,Pvt Ltd,4,245,0
city_102,0.4497679827508853,Male,Has relevent experience,Full time course,Masters,STEM,10,50-99,Pvt Ltd,1,63,1
city_103,0.920000000035222,Male,Has relevent experience,no_enrollment,Phd,STEM,9,100-500,Other,2,68,1
city_1,0.8091119719779669,Male,Has relevent experience,no_enrollment,Masters,STEM,3,500-999,Pvt Ltd,1,24,1
city_107,0.9239356943007493,Male,No relevent experience,Full time course,Graduate,STEM,4,50-99,Early Stage Startup,1,22,0
city_91,0.8892976410756097,Male,Has relevent experience,no_enrollment,Masters,Arts,9,50-99,Pvt Ltd,1,11,1
city_107,0.8369146112485452,Male,Has relevent experience,no_enrollment,Masters,STEM,18,50-99,Public Sector,2,40,0
city_46,0.9232465075381464,Male,Has relevent experience,no_enrollment,Graduate,STEM,6,50-99,Pvt Ltd,1,209,1
city_90,0.7519814908934565,Male,Has relevent experience,no_enrollment,Graduate,STEM,5,100-500,Pvt Ltd,>4,7,1
city_50,0.9233424030866835,Male,Has relevent experience,no_enrollment,Graduate,No Major,14,10/49,Pvt Ltd,1,63,<NA>
city_16,0.9143978721647544,Male,Has relevent experience,no_enrollment,Graduate,STEM,>20,10000+,Pvt Ltd,2,66,0
city_103,0.9200000000059724,Male,No relevent experience,Full time course,Graduate,Other,2,100-500,Pvt Ltd,1,48,0
city_99,0.8919486782765736,Male,Has relevent experience,Part time course,Graduate,STEM,8,50-99,Pvt Ltd,1,86,1
city_133,0.6722369448303098,Male,No relevent experience,no_enrollment,Graduate,STEM,3,50-99,Early Stage Startup,1,155,1
city_103,0.9200000000527749,Male,Has relevent experience,no_enrollment,Graduate,Arts,>20,1000-4999,Other,>4,67,0
city_42,0.9214400403484709,Male,No relevent experience,Part time course,Graduate,STEM,4,10/49,Pvt Ltd,>4,51,0
city_103,0.9200000000480392,Male,No relevent experience,Full time course,Graduate,STEM,5,1000-4999,Pvt Ltd,2,37,1
city_103,0.9200054172311125,Male,Has relevent experience,no_enrollment,Graduate,STEM,12,5000-9999,Pvt Ltd,1,110,0
city_36,0.8159396142165836,Male,Has relevent experience,no_enrollment,Masters,STEM,8,10/49,Pvt Ltd,>4,250,0
city_83,0.8749197333301962,Male,Has relevent experience,no_enrollment,Masters,STEM,2,<10,Pvt Ltd,1,23,0
city_75,0.9041604425445907,Male,Has relevent experience,no_enrollment,Graduate,STEM,15,100-500,Public Sector,1,16,0
city_144,0.9064529853985345,Male,Has relevent experience,no_enrollment,Graduate,STEM,6,1000-4999,Pvt Ltd,1,48,0
city_103,0.9199999999648046,Male,Has relevent experience,no_enrollment,Graduate,Other,9,50-99,Early Stage Startup,2,27,0
city_103,0.9200000009459997,Male,No relevent experience,Part time course,Phd,STEM,>20,100-500,Pvt Ltd,4,29,<NA>
city_127,0.924956745808415,Male,Has relevent experience,no_enrollment,Phd,Business Degree,11,10000+,Pvt Ltd,never,56,<NA>
city_158,0.7877343137853784,Male,Has relevent experience,no_enrollment,Graduate,STEM,5,50-99,Pvt Ltd,1,29,0
city_93,0.9298807244063089,Male,Has relevent experience,no_enrollment,Graduate,STEM,10,10000+,Pvt Ltd,2,14,0
city_26,0.8874983070948214,Male,Has relevent experience,no_enrollment,Graduate,STEM,>20,50-99,Pvt Ltd,>4,26,<NA>
city_1,0.8239904217764538,Other,Has relevent experience,Part time course,Primary School,STEM,>20,10000+,Pvt Ltd,1,326,<NA>
city_24,0.9355199216687472,Male,Has relevent experience,Full time course,Graduate,STEM,>20,1000-4999,NGO,3,29,<NA>
city_103,0.919988627462324,Male,Has relevent experience,no_enrollment,Graduate,STEM,3,10000+,Pvt Ltd,1,4,<NA>
city_103,0.9199999968825164,Male,Has relevent experience,no_enrollment,Graduate,STEM,18,5000-9999,Pvt Ltd,4,159,1
city_103,0.9199999979810102,Male,Has relevent experience,no_enrollment,Graduate,Humanities,>20,100-500,Pvt Ltd,>4,149,0
city_9,0.8047132130072883,Female,Has relevent experience,no_enrollment,Graduate,STEM,3,10000+,Other,2,55,0
city_103,0.9200291336149682,Male,Has relevent experience,no_enrollment,Graduate,STEM,9,10000+,Pvt Ltd,>4,13,1
city_78,0.7343364677605954,Male,Has relevent experience,no_enrollment,Graduate,STEM,16,1000-4999,Pvt Ltd,>4,44,0
city_9,0.5698564904825881,Male,Has relevent experience,no_enrollment,Masters,STEM,9,500-999,Funded Startup,2,68,0
city_74,0.9266609677230765,Male,No relevent experience,no_enrollment,Masters,STEM,>20,10000+,Pvt Ltd,>4,255,0
city_173,0.9433693198715932,Male,Has relevent experience,no_enrollment,Graduate,STEM,>20,<10,Public Sector,1,6,0
city_103,0.9200013923978837,Male,Has relevent experience,no_enrollment,Graduate,STEM,15,50-99,Pvt Ltd,2,111,0
city_37,0.9041267417312917,Male,Has relevent experience,no_enrollment,Graduate,Other,6,100-500,NGO,1,34,0
city_158,0.5777521600480771,Other,Has relevent experience,no_enrollment,Masters,STEM,6,50-99,Public Sector,1,72,0
city_114,0.9255510262124776,Male,Has relevent experience,no_enrollment,Masters,STEM,>20,10/49,Pvt Ltd,4,67,0
city_74,0.9432441819530534,Male,Has relevent experience,no_enrollment,Graduate,STEM,4,100-500,Pvt Ltd,2,5,0
city_21,0.6240000000086743,Male,Has relevent experience,Full time course,Graduate,STEM,4,100-500,Pvt Ltd,1,29,0
city_45,0.8481245593709107,Male,Has relevent experience,Part time course,Graduate,STEM,8,50-99,Pvt Ltd,4,90,<NA>
city_91,0.8859767218853501,Male,Has relevent experience,no_enrollment,Graduate,STEM,15,5000-9999,Early Stage Startup,>4,104,0
city_27,0.8864695422777837,Male,No relevent experience,no_enrollment,Graduate,STEM,>20,100-500,Pvt Ltd,>4,19,0
city_109,0.7753450726396806,Male,Has relevent experience,no_enrollment,Graduate,STEM,5,100-500,Pvt Ltd,>4,22,1
city_103,0.9199999999704693,Male,Has relevent experience,no_enrollment,Graduate,No Major,9,50-99,Funded Startup,2,28,0
city_103,0.9200203418139239,Male,Has relevent experience,Part time course,Phd,STEM,>20,1000-4999,Funded Startup,3,4,<NA>
city_12,0.4959691751878968,Male,Has relevent experience,Part time course,High School,STEM,8,50-99,Pvt Ltd,1,48,0
city_103,0.9200000000395845,Male,Has relevent experience,no_enrollment,Graduate,STEM,9,100-500,Pvt Ltd,>4,73,0
city_103,0.9199999999436781,Male,Has relevent experience,no_enrollment,Masters,STEM,>20,100-500,Early Stage Startup,1,22,0
city_21,0.6239999999411499,Male,Has relevent experience,Full time course,Graduate,STEM,2,10/49,NGO,4,83,0
city_19,0.847108368090831,Male,Has relevent experience,no_enrollment,Masters,STEM,>20,1000-4999,Pvt Ltd,2,11,0
city_37,0.9250347886083634,Male,No relevent experience,Part time course,High School,STEM,13,50-99,Funded Startup,4,58,<NA>
city_78,0.8787731386519032,Male,Has relevent experience,no_enrollment,Graduate,STEM,16,100-500,Pvt Ltd,1,45,0
city_36,0.8824724030682797,Male,Has relevent experience,Part time course,Graduate,STEM,>20,10000+,Pvt Ltd,3,12,1
city_173,0.9085122209646213,Male,Has relevent experience,no_enrollment,Graduate,STEM,18,10/49,Early Stage Startup,2,12,0
city_16,0.8810218582677524,Male,Has relevent experience,no_enrollment,Graduate,STEM,11,50-99,Pvt Ltd,4,67,0
city_21,0.6239999999261433,Male,Has relevent experience,Full time course,Masters,STEM,4,50-99,Pvt Ltd,1,45,<NA>
city_103,0.9193813963460002,Male,Has relevent experience,Full time course,Phd,STEM,>20,10/49,Early Stage Startup,3,234,0
city_103,0.9200517238324337,Male,Has relevent experience,no_enrollment,Graduate,STEM,13,100-500,Pvt Ltd,>4,4,0
city_36,0.9239543480649467,Male,No relevent experience,Part time course,Graduate,STEM,3,1000-4999,Pvt Ltd,1,35,1
city_103,0.9199999999960514,Male,Has relevent experience,no_enrollment,Graduate,STEM,17,100-500,Pvt Ltd,4,33,0
city_120,0.7728211508734809,Male,No relevent experience,no_enrollment,Graduate,STEM,>20,10000+,Pvt Ltd,4,93,0
city_16,0.9024719358539961,Male,Has relevent experience,no_enrollment,Graduate,STEM,8,100-500,Pvt Ltd,>4,69,0
city_57,0.9030446949580175,Male,Has relevent experience,no_enrollment,Graduate,STEM,11,50-99,Pvt Ltd,>4,15,0
city_143,0.5371611201886186,Male,Has relevent experience,no_enrollment,Masters,STEM,11,500-999,Early Stage Startup,4,151,1
city_33,0.9428844926438853,Male,Has relevent experience,no_enrollment,Masters,STEM,>20,50-99,Pvt Ltd,2,24,<NA>
city_103,0.9199999999874471,Male,Has relevent experience,no_enrollment,Graduate,STEM,13,50-99,Pvt Ltd,4,75,0
city_142,0.9335634951808092,Male,No relevent experience,no_enrollment,Graduate,No Major,>20,<10,Pvt Ltd,>4,64,0
city_141,0.8029669528717115,Male,Has relevent experience,Full time course,Graduate,STEM,5,10000+,Pvt Ltd,never,33,0
city_176,0.4530474852957748,Other,Has relevent experience,no_enrollment,Masters,STEM,7,50-99,Pvt Ltd,2,40,0
city_103,0.9200000000338957,Male,Has relevent experience,no_enrollment,Graduate,STEM,3,10/49,Pvt Ltd,2,34,<NA>
city_179,0.9456227156873425,Male,Has relevent experience,no_enrollment,Masters,STEM,>20,100-500,Pvt Ltd,1,7,0
city_33,0.9273802351164335,Male,Has relevent experience,no_enrollment,Masters,STEM,9,<10,Pvt Ltd,1,1,0
city_103,0.919999999986505,Male,Has relevent experience,no_enrollment,Graduate,STEM,10,1000-4999,Pvt Ltd,4,33,0
city_102,0.683394018192166,Female,Has relevent experience,no_enrollment,Graduate,STEM,>20,100-500,Other,>4,95,0
city_133,0.933879441596869,Male,Has relevent experience,no_enrollment,Graduate,STEM,>20,5000-9999,Funded Startup,never,236,0
city_120,0.934239159300206,Male,Has relevent experience,Part time course,Primary School,STEM,5,50-99,Pvt Ltd,1,33,1
city_21,0.623999999875929,Male,Has relevent experience,Full time course,Graduate,STEM,1,<10,Pvt Ltd,1,28,0
city_7,0.9347839704943712,Male,Has relevent experience,no_enrollment,Graduate,STEM,13,100-500,Pvt Ltd,2,27,<NA>
city_90,0.74010003357949,Male,Has relevent experience,no_enrollment,Graduate,STEM,10,100-500,Pvt Ltd,>4,22,0
city_103,0.9200000000312343,Male,Has relevent experience,no_enrollment,Graduate,STEM,8,1000-4999,Other,2,62,0
city_103,0.9199999997404272,Male,Has relevent experience,no_enrollment,Masters,STEM,>20,10000+,Pvt Ltd,3,25,0
city_18,0.894372523527584,Male,Has relevent experience,no_enrollment,Masters,STEM,>20,50-99,Pvt Ltd,2,46,0
city_16,0.8759856471470023,Male,Has relevent experience,no_enrollment,Graduate,STEM,>20,10000+,Pvt Ltd,>4,83,0
city_103,0.9200000000006183,Male,Has relevent experience,no_enrollment,Graduate,STEM,9,500-999,Pvt Ltd,4,78,0
city_149,0.9351787033658323,Male,Has relevent experience,no_enrollment,Graduate,STEM,>20,50-99,Pvt Ltd,2,221,0
city_160,0.9225148594845172,Male,Has relevent experience,no_enrollment,Masters,STEM,>20,50-99,Pvt Ltd,3,222,0
city_146,0.9466323105284209,Male,Has relevent experience,no_enrollment,Masters,Arts,>20,100-500,Pvt Ltd,>4,37,0
city_103,0.9200435556315686,Male,Has relevent experience,no_enrollment,Graduate,STEM,18,10000+,Pvt Ltd,2,7,0
city_103,0.9192574996462828,Male,No relevent experience,Full time course,Graduate,STEM,9,50-99,Early Stage Startup,1,236,0
city_114,0.8978155058554232,Male,Has relevent experience,Part time course,Masters,STEM,5,50-99,Pvt Ltd,>4,28,<NA>
city_160,0.9372603859106788,Male,Has relevent experience,no_enrollment,Graduate,STEM,16,1000-4999,Pvt Ltd,never,2,0
city_40,0.7999993338982678,Male,Has relevent experience,no_enrollment,Masters,STEM,8,10/49,Pvt Ltd,3,336,0
city_103,0.9200000000040476,Male,Has relevent experience,no_enrollment,Graduate,STEM,4,50-99,Pvt Ltd,1,68,0
city_77,0.8956275215414125,Female,Has relevent experience,no_enrollment,Masters,STEM,5,10/49,Pvt Ltd,1,42,<NA>
city_33,0.7552753976051958,Female,Has relevent experience,Part time course,High School,STEM,5,1000-4999,Pvt Ltd,1,122,<NA>
city_126,0.8389249309712661,Other,Has relevent experience,no_enrollment,Graduate,STEM,19,10/49,Pvt Ltd,4,180,1
city_176,0.4718889803102794,Female,Has relevent experience,Full time course,Masters,STEM,2,500-999,Pvt Ltd,never,278,0
city_103,0.9200000000370181,Male,Has relevent experience,no_enrollment,Graduate,STEM,3,10/49,Pvt Ltd,2,78,<NA>
city_54,0.7927725442115873,Male,No relevent experience,no_enrollment,Graduate,STEM,>20,10000+,Pvt Ltd,4,85,0
city_103,0.9199999999903616,Male,Has relevent experience,no_enrollment,Graduate,STEM,>20,1000-4999,Pvt Ltd,>4,78,0
city_21,0.6239999998725407,Male,Has relevent experience,no_enrollment,Graduate,STEM,2,<10,Pvt Ltd,2,17,1
city_48,0.8966716553548864,Male,Has relevent experience,Part time course,Masters,STEM,4,100-500,Pvt Ltd,3,42,<NA>
city_103,0.919999999884254,Male,Has relevent experience,no_enrollment,Graduate,STEM,10,1000-4999,Pvt Ltd,2,24,0
city_103,0.9199999999915823,Male,Has relevent experience,no_enrollment,Graduate,Business Degree,>20,100-500,Pvt Ltd,>4,56,0
city_14,0.8760229491216363,Male,Has relevent experience,no_enrollment,Graduate,STEM,14,50-99,Pvt Ltd,>4,47,0
city_103,0.9200359684063162,Male,Has relevent experience,no_enrollment,Graduate,STEM,14,1000-4999,Pvt Ltd,>4,13,0
city_127,0.8841213649545016,Male,Has relevent experience,no_enrollment,Masters,STEM,>20,50-99,Pvt Ltd,1,105,0
city_14,0.9298077019861588,Male,Has relevent experience,no_enrollment,Graduate,STEM,>20,50-99,Pvt Ltd,1,41,0
city_179,0.9289321189153416,Male,Has relevent experience,Full time course,Masters,STEM,16,5000-9999,Public Sector,2,1,0
city_41,0.8745239443821932,Male,Has relevent experience,no_enrollment,Masters,STEM,10,100-500,Pvt Ltd,4,18,<NA>
city_21,0.623999999872354,Male,Has relevent experience,Full time course,Masters,STEM,9,100-500,Pvt Ltd,4,109,0
city_13,0.5184708018059246,Male,Has relevent experience,no_enrollment,Graduate,STEM,3,50-99,Pvt Ltd,1,51,1
city_160,0.8212001550998413,Other,No relevent experience,Full time course,Graduate,STEM,5,5000-9999,NGO,1,125,0
city_103,0.920000000051243,Male,Has relevent experience,no_enrollment,Graduate,STEM,15,100-500,Public Sector,2,42,<NA>
city_103,0.919610058252407,Male,Has relevent experience,no_enrollment,Graduate,STEM,13,10000+,Pvt Ltd,1,164,0
city_103,0.9200000000286301,Male,Has relevent experience,no_enrollment,Graduate,STEM,9,100-500,Pvt Ltd,>4,35,0
city_21,0.6239999999325355,Male,Has relevent experience,no_enrollment,Graduate,STEM,5,50-99,NGO,1,8,1
city_16,0.8945803492397475,Male,Has relevent experience,no_enrollment,Masters,STEM,>20,10000+,Pvt Ltd,>4,12,0
city_120,0.876254840364206,Male,Has relevent experience,no_enrollment,Graduate,STEM,9,1000-4999,Pvt Ltd,>4,23,1
city_39,0.5427682024632139,Male,Has relevent experience,no_enrollment,Graduate,STEM,13,<10,Public Sector,>4,19,1
city_134,0.5226390739120369,Male,Has relevent experience,no_enrollment,Graduate,STEM,4,10000+,Pvt Ltd,1,308,1
city_12,0.8909894280373488,Male,Has relevent experience,no_enrollment,Graduate,STEM,16,50-99,NGO,1,38,0
city_126,0.5721667998616661,Male,Has relevent experience,no_enrollment,Graduate,STEM,7,50-99,Pvt Ltd,2,257,1
city_26,0.8896277414270221,Male,No relevent experience,Part time course,Masters,STEM,10,10/49,Early Stage Startup,3,24,<NA>
city_123,0.8823535249200717,Male,Has relevent experience,no_enrollment,Masters,STEM,10,10000+,Pvt Ltd,1,51,0
city_103,0.9199999999940506,Male,Has relevent experience,no_enrollment,Graduate,STEM,10,10000+,Pvt Ltd,1,77,0
city_103,0.9082249060469454,Female,Has relevent experience,Full time course,Graduate,STEM,10,10/49,Other,1,23,0
city_98,0.7709785412743501,Male,Has relevent experience,no_enrollment,Masters,STEM,10,50-99,Pvt Ltd,3,128,0
city_21,0.6240000000411676,Male,Has relevent experience,Part time course,Graduate,STEM,7,50-99,Early Stage Startup,never,41,<NA>
city_21,0.9138372524058411,Male,No relevent experience,no_enrollment,Graduate,STEM,18,100-500,Pvt Ltd,>4,58,0
city_107,0.9206332542227105,Male,Has relevent experience,no_enrollment,Graduate,STEM,9,10000+,Pvt Ltd,1,85,0
city_55,0.6512273954422465,Other,Has relevent experience,no_enrollment,Graduate,STEM,1,<10,Pvt Ltd,1,203,0
city_103,0.920000000002665,Male,Has relevent experience,no_enrollment,Graduate,STEM,13,100-500,Pvt Ltd,4,64,1
city_21,0.9265009986207225,Male,Has relevent experience,Full time course,Graduate,STEM,9,<10,Pvt Ltd,1,16,0
city_103,0.9199999997817758,Male,Has relevent experience,no_enrollment,Graduate,STEM,6,500-999,Pvt Ltd,4,22,1
city_103,0.9200000003406722,Male,Has relevent experience,no_enrollment,Graduate,STEM,2,10/49,Pvt Ltd,1,24,0
city_103,0.9200000023593023,Male,Has relevent experience,no_enrollment,Graduate,Arts,10,10/49,Pvt Ltd,>4,150,0
city_171,0.9114133127841244,Male,Has relevent experience,no_enrollment,Graduate,STEM,>20,500-999,Pvt Ltd,>4,50,0
city_21,0.6239999999142958,Male,Has relevent experience,no_enrollment,Masters,STEM,14,1000-4999,Pvt Ltd,4,16,1
city_158,0.8028802690668924,Male,No relevent experience,no_enrollment,Graduate,STEM,11,50-99,Pvt Ltd,2,61,1
city_20,0.9321552658178823,Male,Has relevent experience,no_enrollment,Masters,STEM,>20,50-99,Pvt Ltd,2,285,0
city_53,0.9217795268054908,Male,Has relevent experience,no_enrollment,Graduate,STEM,>20,10/49,Pvt Ltd,>4,97,0
city_123,0.7336181082733441,Male,Has relevent experience,no_enrollment,Graduate,STEM,10,100-500,Pvt Ltd,>4,17,0
city_103,0.919714302124029,Male,Has relevent experience,no_enrollment,Masters,STEM,>20,10/49,Early Stage Startup,2,240,0
city_12,0.8778299169620718,Male,Has relevent experience,Part time course,Graduate,STEM,5,50-99,Pvt Ltd,2,29,1
city_71,0.7871961184119108,Male,Has relevent experience,no_enrollment,Graduate,STEM,10,50-99,Pvt Ltd,1,17,0
city_21,0.920630146588218,Male,Has relevent experience,no_enrollment,Graduate,STEM,4,100-500,Public Sector,2,187,0
city_43,0.8811446214354675,Male,Has relevent experience,no_enrollment,Graduate,STEM,5,10/49,Funded Startup,1,79,0
city_93,0.9086861853540449,Male,Has relevent experience,no_enrollment,Graduate,STEM,>20,1000-4999,Pvt Ltd,2,17,0
city_13,0.9378353995313693,Male,No relevent experience,Full time course,Graduate,STEM,2,100-500,Pvt Ltd,1,27,0
city_157,0.9430427861223014,Male,Has relevent experience,no_enrollment,Graduate,Other,11,1000-4999,Pvt Ltd,3,20,0
city_103,0.9199884049078594,Male,Has relevent experience,Part time course,Primary School,Arts,>20,50-99,NGO,4,118,<NA>
city_77,0.9470833590181884,Other,Has relevent experience,no_enrollment,Graduate,STEM,>20,10000+,Early Stage Startup,1,145,0
city_103,0.9200000000442478,Male,Has relevent experience,no_enrollment,Graduate,STEM,9,50-99,Pvt Ltd,1,75,0
city_157,0.7059317173522613,Male,Has relevent experience,Full time course,Graduate,STEM,6,10/49,Public Sector,>4,208,<NA>
city_54,0.6240003083815672,Female,Has relevent experience,Part time course,High School,STEM,5,5000-9999,Pvt Ltd,>4,152,0
city_21,0.6239999999718847,Male,Has relevent experience,no_enrollment,Graduate,STEM,6,<10,Pvt Ltd,>4,30,0
city_128,0.9281566394789822,Male,Has relevent experience,no_enrollment,Graduate,STEM,13,500-999,Pvt Ltd,>4,115,0
city_103,0.9199999996906298,Male,Has relevent experience,no_enrollment,Graduate,STEM,2,10/49,Pvt Ltd,1,25,0
city_150,0.9253029383819497,Male,Has relevent experience,Part time course,Primary School,STEM,9,<10,Pvt Ltd,>4,112,<NA>
city_103,0.9200264286870269,Male,Has relevent experience,no_enrollment,Graduate,STEM,9,10000+,Pvt Ltd,>4,16,1
city_103,0.9199700871222045,Male,No relevent experience,no_enrollment,Graduate,STEM,>20,500-999,Pvt Ltd,1,1,0
city_103,0.9200000000195852,Male,Has relevent experience,no_enrollment,Graduate,STEM,15,10/49,Pvt Ltd,>4,52,0
city_103,0.9200000021012704,Male,Has relevent experience,no_enrollment,Graduate,No Major,5,50-99,Pvt Ltd,>4,146,0
city_103,0.9200000000281766,Male,Has relevent experience,no_enrollment,Graduate,STEM,>20,1000-4999,Pvt Ltd,1,51,0
city_173,0.8499031352600571,Male,Has relevent experience,Full time course,Graduate,STEM,5,50-99,Pvt Ltd,1,173,<NA>
city_155,0.9259993272866517,Male,Has relevent experience,no_enrollment,Graduate,STEM,>20,10/49,Funded Startup,1,21,0
city_142,0.5401483860892917,Male,Has relevent experience,no_enrollment,Graduate,STEM,8,10/49,Pvt Ltd,1,103,0
city_44,0.8224187878429713,Male,No relevent experience,no_enrollment,Graduate,STEM,12,<10,Other,1,117,0
city_55,0.8774136039570781,Male,No relevent experience,Part time course,High School,STEM,3,<10,Early Stage Startup,1,19,0
city_90,0.9314183956622986,Male,Has relevent experience,no_enrollment,Graduate,STEM,>20,10000+,Pvt Ltd,>4,2,1
city_2,0.45424663627879347,Male,Has relevent experience,no_enrollment,Graduate,STEM,3,100-500,Pvt Ltd,2,74,1
city_16,0.6450220928813687,Male,Has relevent experience,no_enrollment,Graduate,STEM,3,100-500,Pvt Ltd,1,57,1
city_103,0.9200000000349537,Male,Has relevent experience,no_enrollment,Masters,STEM,>20,50-99,Pvt Ltd,2,29,0
city_158,0.9128195733670642,Male,Has relevent experience,Part time course,High School,STEM,10,10000+,Pvt Ltd,1,24,0
city_99,0.9033042545746136,Male,Has relevent experience,Part time course,High School,STEM,2,100-500,Pvt Ltd,1,239,1
city_53,0.7095586877225415,Other,Has relevent experience,no_enrollment,Masters,Other,>20,<10,Pvt Ltd,3,106,0
city_103,0.7378582570031622,Female,Has relevent experience,no_enrollment,Graduate,STEM,>20,100-500,Early Stage Startup,>4,121,0
city_74,0.926891438141288,Male,Has relevent experience,no_enrollment,Masters,STEM,10,50-99,Pvt Ltd,>4,33,0
city_103,0.919981145378541,Male,Has relevent experience,no_enrollment,Graduate,STEM,8,<10,NGO,1,85,0
city_23,0.8207270813679418,Male,Has relevent experience,no_enrollment,Graduate,STEM,10,50-99,Pvt Ltd,1,48,0
city_75,0.9235629332010086,Male,Has relevent experience,Full time course,Graduate,STEM,7,1000-4999,Pvt Ltd,1,154,1
city_14,0.9466817742998292,Male,No relevent experience,Full time course,Graduate,STEM,4,50-99,NGO,1,20,0
city_103,0.9199583376017108,Male,Has relevent experience,Part time course,Primary School,Business Degree,>20,50-99,Other,never,130,0
city_74,0.6491037882924858,Male,Has relevent experience,no_enrollment,Graduate,STEM,6,1000-4999,Pvt Ltd,1,68,0
city_40,0.9172669459356219,Male,Has relevent experience,no_enrollment,Graduate,STEM,9,100-500,Pvt Ltd,>4,22,0
city_103,0.9199594541115576,Male,Has relevent experience,no_enrollment,Graduate,Humanities,6,10/49,Pvt Ltd,never,3,0
city_142,0.5885937702217799,Male,Has relevent experience,no_enrollment,Graduate,STEM,8,100-500,Pvt Ltd,2,65,1
city_12,0.9250798685633067,Male,Has relevent experience,no_enrollment,Masters,STEM,>20,1000-4999,Pvt Ltd,>4,225,0
city_100,0.8828502103091099,Male,Has relevent experience,Full time course,Masters,STEM,>20,1000-4999,NGO,1,102,<NA>
city_103,0.9200238562112532,Male,Has relevent experience,no_enrollment,Graduate,STEM,5,100-500,Pvt Ltd,1,5,0
city_21,0.6239999999254171,Male,Has relevent experience,no_enrollment,Masters,STEM,4,100-500,Pvt Ltd,1,27,<NA>
city_103,0.919981020963684,Male,No relevent experience,Full time course,Graduate,STEM,5,1000-4999,Early Stage Startup,2,2,0
city_103,0.9200000000324744,Male,Has relevent experience,no_enrollment,Graduate,Arts,20,100-500,Pvt Ltd,3,84,0
city_103,0.91998761911841,Male,Has relevent experience,no_enrollment,Graduate,STEM,15,50-99,Pvt Ltd,2,110,0
city_120,0.7339239118323171,Male,Has relevent experience,no_enrollment,Graduate,STEM,6,100-500,Other,1,31,0
city_97,0.6979999999990085,Male,Has relevent experience,no_enrollment,Graduate,STEM,13,50-99,Pvt Ltd,4,48,0
city_21,0.6240000000065106,Male,Has relevent experience,no_enrollment,Graduate,STEM,8,<10,Early Stage Startup,4,89,<NA>
city_103,0.9199980197437415,Male,Has relevent experience,no_enrollment,Graduate,STEM,5,10000+,Pvt Ltd,2,97,1
city_103,0.9200000000201721,Male,Has relevent experience,no_enrollment,Graduate,STEM,7,50-99,Pvt Ltd,1,71,0
city_103,0.92001664867975,Male,Has relevent experience,no_enrollment,Masters,STEM,5,10/49,Early Stage Startup,1,115,0
city_103,0.9200119382897561,Male,Has relevent experience,no_enrollment,Graduate,STEM,17,<10,Pvt Ltd,4,21,0
city_1,0.9406005162594517,Male,Has relevent experience,Part time course,High School,STEM,6,10000+,Public Sector,4,26,0
city_133,0.909205592139245,Male,Has relevent experience,no_enrollment,Graduate,STEM,10,<10,Pvt Ltd,2,10,<NA>
city_103,0.9200288878032232,Male,Has relevent experience,Part time course,High School,STEM,2,50-99,Pvt Ltd,4,8,0
city_103,0.9199999999937364,Male,Has relevent experience,no_enrollment,Masters,STEM,>20,100-500,Pvt Ltd,4,77,1
city_72,0.9170170584291515,Male,Has relevent experience,Part time course,High School,STEM,10,10000+,Pvt Ltd,never,27,1
city_102,0.45653712386496026,Other,Has relevent experience,no_enrollment,Graduate,STEM,2,10/49,Pvt Ltd,1,106,0
city_117,0.9475413050420458,Male,Has relevent experience,no_enrollment,Graduate,STEM,14,50-99,Pvt Ltd,>4,50,0
city_106,0.4697189356790696,Male,Has relevent experience,no_enrollment,Graduate,STEM,7,100-500,Funded Startup,1,213,1
city_26,0.7669502039328034,Male,Has relevent experience,Part time course,Graduate,Business Degree,3,<10,Funded Startup,3,95,<NA>
city_123,0.8904186946827266,Male,No relevent experience,Full time course,Graduate,Arts,6,<10,Pvt Ltd,1,46,<NA>
city_103,0.9200000002636682,Male,No relevent experience,Part time course,Primary School,STEM,3,100-500,Pvt Ltd,3,29,<NA>
city_83,0.9189325243480445,Male,Has relevent experience,Full time course,Graduate,STEM,4,100-500,Funded Startup,4,25,0
city_82,0.8065641299160262,Male,Has relevent experience,no_enrollment,Graduate,STEM,17,5000-9999,Pvt Ltd,2,50,0
city_74,0.47661440593156745,Male,Has relevent experience,no_enrollment,Graduate,STEM,6,1000-4999,Pvt Ltd,1,73,0
city_21,0.6239999998777099,Male,Has relevent experience,no_enrollment,Graduate,No Major,11,10000+,Pvt Ltd,1,5,1
city_142,0.8933678353919995,Male,Has relevent experience,Part time course,Masters,STEM,6,100-500,Pvt Ltd,3,86,<NA>
city_103,0.9200140183370324,Male,No relevent experience,no_enrollment,Graduate,STEM,9,10000+,Pvt Ltd,never,3,1
city_103,0.9199991886101202,Male,Has relevent experience,no_enrollment,Graduate,STEM,>20,10000+,Pvt Ltd,4,89,1
city_103,0.9200000000074571,Male,Has relevent experience,no_enrollment,Graduate,STEM,>20,1000-4999,Pvt Ltd,>4,33,0
city_103,0.9200000005894884,Male,Has relevent experience,no_enrollment,Masters,STEM,>20,100-500,Funded Startup,1,29,0
city_126,0.9331707156515219,Male,Has relevent experience,no_enrollment,Graduate,STEM,13,10/49,Pvt Ltd,2,103,0
city_171,0.8956960901841093,Male,Has relevent experience,no_enrollment,Graduate,STEM,5,10000+,Pvt Ltd,1,63,0
city_59,0.7660090197847479,Male,Has relevent experience,no_enrollment,Masters,Humanities,2,10/49,Pvt Ltd,1,50,0
city_160,0.8919317588637707,Male,Has relevent experience,no_enrollment,Graduate,STEM,14,1000-4999,Pvt Ltd,2,22,0
city_107,0.6401023817172855,Female,Has relevent experience,no_enrollment,Graduate,STEM,12,100-500,Pvt Ltd,4,173,1
city_76,0.6980000000003265,Male,Has relevent experience,no_enrollment,Masters,STEM,9,100-500,Pvt Ltd,2,1,0
city_103,0.9200309424264583,Male,Has relevent experience,no_enrollment,Graduate,STEM,6,100-500,Early Stage Startup,1,13,0
city_45,0.6979999999988329,Male,Has relevent experience,no_enrollment,Masters,STEM,15,<10,Pvt Ltd,1,45,0
city_9,0.6979999999994515,Male,Has relevent experience,no_enrollment,Graduate,STEM,2,100-500,Pvt Ltd,1,37,0
city_117,0.7015260748626195,Male,Has relevent experience,no_enrollment,Graduate,Humanities,4,<10,Early Stage Startup,1,76,1
city_21,0.6239999999281501,Male,No relevent experience,no_enrollment,Graduate,STEM,7,10000+,Funded Startup,2,8,0
city_36,0.902560844786371,Male,Has relevent experience,no_enrollment,Masters,Arts,14,10000+,Pvt Ltd,1,147,0
city_158,0.9167514649094726,Male,Has relevent experience,no_enrollment,Graduate,STEM,>20,50-99,Pvt Ltd,>4,58,0
city_141,0.8603272534177488,Male,Has relevent experience,no_enrollment,Masters,STEM,11,100-500,Pvt Ltd,1,77,0
city_103,0.9200230655917921,Male,Has relevent experience,no_enrollment,Graduate,Humanities,7,1000-4999,Other,2,197,<NA>
city_61,0.908258575412784,Male,Has relevent experience,no_enrollment,Graduate,STEM,5,10/49,Public Sector,1,77,0
city_43,0.8734026319814111,Male,Has relevent experience,no_enrollment,Graduate,STEM,12,<10,Funded Startup,3,59,1
city_103,0.9199683039201124,Male,Has relevent experience,no_enrollment,Masters,STEM,>20,10000+,Early Stage Startup,3,87,1
city_65,0.878687717520822,Male,No relevent experience,no_enrollment,Graduate,STEM,18,100-500,Pvt Ltd,>4,58,0
city_128,0.5351015403685828,Male,Has relevent experience,no_enrollment,Graduate,STEM,7,50-99,Pvt Ltd,1,141,1
city_134,0.6979999941828792,Male,No relevent experience,no_enrollment,Graduate,STEM,5,10/49,Pvt Ltd,1,49,1
city_103,0.9200122486128532,Male,Has relevent experience,no_enrollment,Masters,STEM,10,10/49,Early Stage Startup,1,20,0
city_61,0.8758828212902909,Male,Has relevent experience,no_enrollment,Masters,STEM,15,50-99,Public Sector,1,46,0
city_103,0.9200000010409359,Male,Has relevent experience,Part time course,Graduate,STEM,9,50-99,Pvt Ltd,3,153,0
city_157,0.9212940464607795,Male,Has relevent experience,no_enrollment,Graduate,STEM,14,50-99,Pvt Ltd,>4,58,0
city_2,0.8957009306065141,Male,Has relevent experience,no_enrollment,Phd,STEM,14,<10,Other,never,108,1
city_44,0.8694118655697483,Other,Has relevent experience,no_enrollment,Graduate,STEM,6,10000+,Pvt Ltd,1,317,0
city_103,0.9200000000183329,Male,Has relevent experience,Full time course,Graduate,STEM,4,100-500,Pvt Ltd,1,67,0
city_103,0.9200000000306305,Male,Has relevent experience,Part time course,High School,STEM,6,50-99,NGO,4,64,1
city_149,0.46949566212226956,Male,Has relevent experience,no_enrollment,Graduate,Humanities,6,100-500,Early Stage Startup,2,81,1
city_138,0.8949487329030922,Other,Has relevent experience,no_enrollment,Graduate,STEM,6,50-99,Public Sector,2,45,0
city_45,0.6869668650404855,Male,Has relevent experience,no_enrollment,Graduate,STEM,>20,100-500,Pvt Ltd,>4,61,0
city_23,0.8561140144104055,Male,Has relevent experience,no_enrollment,Masters,STEM,12,1000-4999,Pvt Ltd,3,46,0
city_71,0.8915926791328468,Male,Has relevent experience,no_enrollment,Graduate,STEM,11,50-99,Pvt Ltd,1,6,<NA>
city_30,0.9265827073295941,Male,Has relevent experience,no_enrollment,Masters,Humanities,>20,5000-9999,Public Sector,1,123,0
city_16,0.7915577453756302,Male,Has relevent experience,no_enrollment,Graduate,STEM,8,10000+,Pvt Ltd,1,36,0
city_75,0.8800965429518794,Male,Has relevent experience,no_enrollment,Graduate,STEM,20,50-99,Pvt Ltd,1,104,0
city_21,0.6239999999358553,Male,Has relevent experience,Full time course,Graduate,STEM,2,<10,Pvt Ltd,1,45,<NA>
city_78,0.7099669135569403,Male,Has relevent experience,Part time course,Masters,STEM,8,<10,Pvt Ltd,2,95,0
city_21,0.6239999999577638,Male,Has relevent experience,Full time course,Masters,STEM,5,50-99,Pvt Ltd,2,11,0
city_145,0.5649762194919279,Male,Has relevent experience,Full time course,Masters,STEM,4,100-500,Public Sector,2,48,1
city_21,0.623999999891607,Male,Has relevent experience,no_enrollment,Graduate,STEM,16,<10,NGO,4,85,0
city_171,0.8728728798206029,Male,Has relevent experience,no_enrollment,Masters,STEM,10,50-99,Pvt Ltd,>4,33,0
city_140,0.8396385520236325,Male,Has relevent experience,no_enrollment,Masters,STEM,19,100-500,Pvt Ltd,4,75,0
city_103,0.9202447342794075,Male,Has relevent experience,no_enrollment,Graduate,Humanities,6,100-500,Pvt Ltd,3,193,0
city_21,0.6239999998966654,Male,Has relevent experience,no_enrollment,Graduate,STEM,5,500-999,Pvt Ltd,3,99,1
city_101,0.9241084986042318,Male,Has relevent experience,no_enrollment,Graduate,STEM,18,50-99,Pvt Ltd,3,37,0
city_21,0.6239999999123051,Male,Has relevent experience,Full time course,Masters,STEM,4,50-99,Pvt Ltd,1,20,<NA>
city_55,0.9011944431628731,Male,Has relevent experience,no_enrollment,Masters,STEM,10,10/49,Public Sector,1,52,0
city_103,0.9202885252640318,Male,No relevent experience,no_enrollment,Graduate,STEM,15,500-999,Other,3,286,0
city_76,0.9446911592622712,Male,Has relevent experience,no_enrollment,Masters,STEM,16,10000+,Pvt Ltd,1,23,0
city_165,0.7717926104246411,Male,Has relevent experience,Full time course,Graduate,STEM,2,10/49,Pvt Ltd,4,34,1
city_103,0.9199790412512237,Male,Has relevent experience,no_enrollment,Graduate,STEM,>20,10000+,Pvt Ltd,3,333,0
city_103,0.9200000000111961,Male,Has relevent experience,no_enrollment,Graduate,Humanities,16,50-99,Early Stage Startup,1,78,0
city_141,0.8277898655985612,Male,Has relevent experience,Full time course,Graduate,STEM,8,10/49,Pvt Ltd,1,23,0
city_173,0.9261670641583835,Male,Has relevent experience,no_enrollment,Masters,STEM,18,100-500,Pvt Ltd,1,301,0
city_103,0.9199999993487568,Male,Has relevent experience,no_enrollment,Graduate,STEM,13,10/49,Other,1,150,0
city_127,0.8864770662255097,Male,Has relevent experience,no_enrollment,Graduate,STEM,>20,50-99,Pvt Ltd,>4,52,0
city_103,0.9200000006589626,Male,No relevent experience,no_enrollment,Masters,Other,2,1000-4999,Pvt Ltd,1,25,<NA>
city_103,0.9200000006644095,Male,Has relevent experience,no_enrollment,Masters,STEM,2,100-500,Pvt Ltd,1,28,<NA>
city_21,0.6239999999767247,Male,No relevent experience,no_enrollment,Graduate,STEM,2,1000-4999,Pvt Ltd,2,22,<NA>
city_103,0.9200000005986612,Male,Has relevent experience,no_enrollment,Masters,STEM,13,10000+,Pvt Ltd,2,22,0
city_103,0.9199572126324229,Male,Has relevent experience,no_enrollment,Graduate,Arts,5,1000-4999,Pvt Ltd,2,16,0
city_144,0.8533571569181629,Other,Has relevent experience,no_enrollment,Graduate,STEM,>20,100-500,NGO,>4,253,0
city_103,0.9199999979026978,Male,Has relevent experience,no_enrollment,Graduate,Business Degree,10,10/49,Pvt Ltd,>4,157,0
city_89,0.9373455348939987,Male,Has relevent experience,no_enrollment,Graduate,STEM,6,100-500,Pvt Ltd,4,22,<NA>
city_57,0.8328329162788373,Male,Has relevent experience,no_enrollment,Masters,STEM,18,50-99,Funded Startup,2,47,0
city_59,0.8294470550161162,Male,Has relevent experience,no_enrollment,Graduate,STEM,9,<10,Pvt Ltd,1,56,0
city_43,0.8513690227215208,Male,Has relevent experience,no_enrollment,Graduate,STEM,12,500-999,Pvt Ltd,>4,39,1
city_84,0.8598999346226144,Male,Has relevent experience,no_enrollment,Graduate,STEM,>20,1000-4999,Pvt Ltd,1,19,0
city_152,0.6362159462927937,Other,Has relevent experience,Full time course,Graduate,STEM,5,100-500,Pvt Ltd,>4,62,0
city_103,0.9200000000481425,Male,Has relevent experience,no_enrollment,Graduate,No Major,20,100-500,Pvt Ltd,3,79,0
city_123,0.9148843611315582,Male,Has relevent experience,no_enrollment,Graduate,STEM,6,100-500,Public Sector,4,97,<NA>
city_54,0.9247954662860799,Male,Has relevent experience,no_enrollment,Phd,Arts,11,10000+,Pvt Ltd,3,59,0
city_76,0.9132122167662958,Male,Has relevent experience,no_enrollment,Graduate,STEM,15,<10,Public Sector,1,57,0
city_136,0.9121154776787059,Male,Has relevent experience,Part time course,Graduate,Other,2,10/49,Pvt Ltd,never,3,1
city_103,0.9199999999904339,Male,Has relevent experience,no_enrollment,Graduate,STEM,>20,10/49,Pvt Ltd,never,82,0
city_103,0.920000000181753,Male,Has relevent experience,no_enrollment,Graduate,STEM,>20,100-500,Pvt Ltd,>4,22,0
city_13,0.8589088336504358,Male,No relevent experience,no_enrollment,Masters,STEM,>20,1000-4999,Pvt Ltd,2,289,0
city_94,0.9133867165226831,Male,Has relevent experience,Part time course,Masters,STEM,10,50-99,Pvt Ltd,2,266,1
city_7,0.9446342003543963,Male,Has relevent experience,no_enrollment,Graduate,STEM,9,50-99,Pvt Ltd,1,10,0
city_103,0.9199727800693936,Male,Has relevent experience,no_enrollment,Graduate,Business Degree,>20,10000+,Pvt Ltd,2,6,<NA>
city_165,0.9324295522147228,Male,Has relevent experience,no_enrollment,Masters,STEM,15,5000-9999,Pvt Ltd,>4,40,0
city_117,0.7570315418781884,Male,Has relevent experience,Full time course,Masters,STEM,6,1000-4999,Pvt Ltd,>4,109,0
city_143,0.8238530724192863,Other,Has relevent experience,no_enrollment,Graduate,STEM,>20,10000+,Other,1,307,0
city_103,0.9200000000273287,Male,Has relevent experience,no_enrollment,Graduate,STEM,17,100-500,Pvt Ltd,1,37,0
city_175,0.9085294235424427,Male,Has relevent experience,no_enrollment,Graduate,STEM,>20,100-500,Pvt Ltd,>4,266,0
city_115,0.8474255723640893,Male,Has relevent experience,no_enrollment,Graduate,STEM,>20,<10,Pvt Ltd,3,13,0
city_141,0.9033391453757507,Male,Has relevent experience,Full time course,Graduate,STEM,3,1000-4999,Pvt Ltd,1,31,1
city_118,0.9112595109587762,Other,Has relevent experience,no_enrollment,Graduate,STEM,9,50-99,Pvt Ltd,>4,251,0
city_179,0.8835545580783299,Male,Has relevent experience,no_enrollment,Graduate,STEM,16,500-999,Pvt Ltd,>4,12,0
city_21,0.6239999999674817,Male,Has relevent experience,Full time course,Graduate,STEM,3,500-999,NGO,1,122,0
city_103,0.9200000000401115,Male,Has relevent experience,no_enrollment,Graduate,STEM,>20,1000-4999,Pvt Ltd,>4,53,0
city_165,0.6931745112832833,Male,No relevent experience,Part time course,Graduate,STEM,6,100-500,Early Stage Startup,1,99,1
city_109,0.598511476526082,Other,Has relevent experience,no_enrollment,Masters,STEM,7,10000+,Pvt Ltd,2,93,0
city_21,0.6239999999301351,Male,Has relevent experience,Part time course,Masters,STEM,7,50-99,NGO,1,39,1
city_82,0.4584182738089722,Male,Has relevent experience,no_enrollment,Graduate,STEM,6,50-99,Pvt Ltd,4,29,0
city_21,0.6239999999000947,Male,Has relevent experience,no_enrollment,Graduate,STEM,2,<10,Pvt Ltd,2,50,1
city_21,0.623999999867019,Male,Has relevent experience,Full time course,Graduate,STEM,1,50-99,Pvt Ltd,1,18,1
city_21,0.6239999999782343,Male,No relevent experience,no_enrollment,Graduate,STEM,8,10000+,Pvt Ltd,1,5,<NA>
city_103,0.9199999997723612,Male,No relevent experience,no_enrollment,Graduate,STEM,>20,50-99,Pvt Ltd,>4,22,1
city_40,0.81087296652614,Male,Has relevent experience,no_enrollment,Graduate,STEM,10,100-500,Pvt Ltd,>4,60,0
city_91,0.6011270245707893,Female,Has relevent experience,no_enrollment,Masters,STEM,13,50-99,Pvt Ltd,>4,247,<NA>
city_78,0.5005461002706079,Male,Has relevent experience,no_enrollment,Graduate,STEM,7,100-500,Pvt Ltd,2,38,1
city_179,0.9460090310435797,Male,Has relevent experience,no_enrollment,Graduate,Business Degree,5,50-99,Pvt Ltd,1,28,0
city_9,0.7700176501579976,Other,Has relevent experience,Full time course,Graduate,STEM,5,50-99,Pvt Ltd,1,113,0
city_103,0.919999999634811,Male,Has relevent experience,no_enrollment,Graduate,STEM,8,10000+,Pvt Ltd,1,23,0
city_36,0.9292086980492559,Male,Has relevent experience,no_enrollment,Masters,STEM,15,50-99,Pvt Ltd,4,48,<NA>
city_75,0.8079406420932473,Female,Has relevent experience,no_enrollment,Masters,STEM,13,50-99,Pvt Ltd,4,179,<NA>
city_141,0.7006763813916339,Male,Has relevent experience,Full time course,Graduate,STEM,6,10/49,Other,3,256,1
city_2,0.4817028924191806,Male,Has relevent experience,no_enrollment,Graduate,STEM,3,50-99,Pvt Ltd,1,59,1
city_42,0.9239550678102396,Male,Has relevent experience,no_enrollment,Masters,STEM,18,100-500,Pvt Ltd,1,260,0
city_103,0.9200157623383846,Male,Has relevent experience,no_enrollment,Graduate,STEM,>20,50-99,Pvt Ltd,2,12,0
city_20,0.8917609651623647,Male,Has relevent experience,no_enrollment,Masters,STEM,>20,10000+,Pvt Ltd,>4,102,0
city_103,0.9200000000153165,Male,Has relevent experience,no_enrollment,Graduate,Business Degree,5,1000-4999,Pvt Ltd,1,75,0
city_103,0.9200000000066686,Male,Has relevent experience,no_enrollment,Graduate,STEM,6,10000+,Pvt Ltd,2,66,1
city_103,0.920043672671716,Male,Has relevent experience,no_enrollment,Graduate,STEM,>20,10000+,Pvt Ltd,>4,5,<NA>
city_55,0.9148130406900591,Male,No relevent experience,no_enrollment,Graduate,STEM,18,100-500,Pvt Ltd,>4,55,0
city_103,0.9199859525791573,Male,Has relevent experience,no_enrollment,Graduate,Arts,>20,50-99,Funded Startup,3,112,<NA>
city_138,0.8129707630972935,Female,Has relevent experience,no_enrollment,Graduate,STEM,>20,10000+,Public Sector,1,109,0
city_103,0.9199999999866815,Male,No relevent experience,Part time course,Masters,STEM,5,10000+,Pvt Ltd,2,31,1
city_103,0.9200000000224758,Male,Has relevent experience,Full time course,Phd,STEM,>20,1000-4999,Other,>4,39,<NA>
city_103,0.9200248996096912,Male,Has relevent experience,no_enrollment,Graduate,STEM,13,100-500,Public Sector,1,18,0
city_10,0.905554978842394,Male,Has relevent experience,no_enrollment,Graduate,STEM,11,50-99,Pvt Ltd,1,20,0
city_103,0.9199936209090089,Male,Has relevent experience,no_enrollment,Graduate,STEM,3,50-99,Pvt Ltd,>4,4,0
city_146,0.870331135386608,Male,Has relevent experience,no_enrollment,Graduate,STEM,15,100-500,Public Sector,1,40,0
city_103,0.9200000000106013,Male,Has relevent experience,no_enrollment,Graduate,STEM,9,500-999,Pvt Ltd,2,48,0
city_76,0.9051400159007013,Male,Has relevent experience,no_enrollment,Masters,STEM,11,<10,Pvt Ltd,1,36,0
city_103,0.9200000007190641,Male,Has relevent experience,no_enrollment,Masters,STEM,16,50-99,Public Sector,>4,138,<NA>
city_167,0.8030042130059483,Male,Has relevent experience,no_enrollment,Graduate,STEM,>20,50-99,Pvt Ltd,1,31,0
city_20,0.9063981833274201,Male,Has relevent experience,no_enrollment,Graduate,STEM,7,100-500,Early Stage Startup,2,8,0
city_114,0.925823540469874,Male,Has relevent experience,no_enrollment,Graduate,STEM,6,50-99,Pvt Ltd,>4,87,0
city_19,0.8975343184961947,Male,Has relevent experience,no_enrollment,Graduate,STEM,11,10000+,Pvt Ltd,never,289,<NA>
city_103,0.9200846413902896,Male,Has relevent experience,no_enrollment,Graduate,STEM,>20,1000-4999,Pvt Ltd,1,169,0
city_103,0.9199679925386332,Male,Has relevent experience,no_enrollment,Graduate,Arts,3,50-99,NGO,2,20,0
city_104,0.83540717236539,Male,Has relevent experience,no_enrollment,Masters,STEM,8,5000-9999,Pvt Ltd,2,6,0
city_23,0.9009374288702766,Male,No relevent experience,Full time course,Graduate,STEM,2,50-99,Pvt Ltd,1,14,0
city_21,0.6240000000373923,Male,Has relevent experience,no_enrollment,Graduate,STEM,2,<10,Pvt Ltd,2,22,1
city_103,0.9200000000046876,Male,Has relevent experience,no_enrollment,Graduate,STEM,15,100-500,Other,2,83,<NA>
city_103,0.9200000000145034,Male,Has relevent experience,no_enrollment,Graduate,STEM,>20,100-500,Pvt Ltd,1,68,0
city_33,0.9006619385812475,Male,No relevent experience,no_enrollment,Graduate,Humanities,19,1000-4999,Pvt Ltd,never,155,0
city_7,0.5021274931686313,Female,No relevent experience,no_enrollment,Graduate,Arts,3,50-99,Pvt Ltd,2,268,0
city_118,0.8807618307076794,Male,Has relevent experience,no_enrollment,Masters,STEM,10,10/49,Funded Startup,1,52,0
city_114,0.9261856730760317,Male,Has relevent experience,no_enrollment,Masters,STEM,20,50-99,Pvt Ltd,1,65,0
city_118,0.9200857807661394,Male,Has relevent experience,no_enrollment,Graduate,STEM,>20,5000-9999,Pvt Ltd,>4,72,0
city_173,0.8945910587438144,Male,Has relevent experience,no_enrollment,Graduate,Business Degree,19,50-99,Pvt Ltd,>4,14,0
city_21,0.8924621470713847,Male,Has relevent experience,Part time course,High School,STEM,8,50-99,Pvt Ltd,>4,78,<NA>
city_103,0.919992726067634,Male,Has relevent experience,no_enrollment,Graduate,STEM,3,50-99,Pvt Ltd,>4,1,0
city_18,0.8971981589432197,Male,Has relevent experience,no_enrollment,Masters,STEM,>20,100-500,Pvt Ltd,1,85,0
city_143,0.8891165948624656,Male,Has relevent experience,no_enrollment,Masters,STEM,17,1000-4999,Early Stage Startup,4,17,0
city_157,0.9212367727841224,Male,Has relevent experience,no_enrollment,Masters,STEM,17,50-99,Pvt Ltd,4,14,0
city_103,0.9200051774473732,Male,No relevent experience,Full time course,Graduate,STEM,5,1000-4999,Public Sector,>4,9,<NA>
city_114,0.9261663109992062,Male,Has relevent experience,no_enrollment,Masters,STEM,11,10000+,Pvt Ltd,>4,84,0
city_103,0.9200000031893517,Male,Has relevent experience,no_enrollment,Graduate,STEM,4,50-99,Early Stage Startup,1,146,0
city_144,0.7433149606055595,Male,Has relevent experience,no_enrollment,Masters,STEM,12,1000-4999,Pvt Ltd,1,148,0
city_2,0.5757132566264314,Male,Has relevent experience,Part time course,High School,STEM,6,100-500,NGO,3,21,1
city_103,0.9199703916868736,Male,No relevent experience,no_enrollment,Masters,STEM,19,1000-4999,Pvt Ltd,1,85,0
city_21,0.6239999998538026,Male,Has relevent experience,no_enrollment,Graduate,STEM,12,1000-4999,Pvt Ltd,2,21,0
city_123,0.9107732002961327,Male,Has relevent experience,no_enrollment,Graduate,STEM,>20,100-500,Pvt Ltd,>4,255,0
city_1,0.9396846503835669,Male,Has relevent experience,Part time course,Graduate,STEM,13,1000-4999,Pvt Ltd,>4,3,1
city_41,0.6157032289561951,Male,No relevent experience,Full time course,Masters,Other,3,50-99,Pvt Ltd,4,78,1
city_142,0.8956170300780162,Male,Has relevent experience,no_enrollment,Masters,STEM,>20,50-99,Other,1,25,0
city_103,0.9200000000521387,Male,Has relevent experience,no_enrollment,Graduate,STEM,10,5000-9999,Pvt Ltd,3,51,1
city_59,0.9105122328892611,Male,Has relevent experience,no_enrollment,Graduate,STEM,8,1000-4999,Pvt Ltd,>4,52,0
city_105,0.7685214197778913,Male,Has relevent experience,Part time course,Graduate,STEM,4,50-99,Pvt Ltd,4,11,1
city_13,0.7900540318929796,Other,No relevent experience,no_enrollment,Graduate,STEM,9,50-99,Pvt Ltd,1,198,0
city_16,0.7130556576044648,Male,Has relevent experience,Full time course,Masters,STEM,7,500-999,Other,2,111,0
city_2,0.9424737092234234,Male,Has relevent experience,no_enrollment,Graduate,STEM,8,100-500,Early Stage Startup,1,28,0
city_90,0.6613858007616861,Male,Has relevent experience,no_enrollment,Graduate,STEM,3,10/49,NGO,1,90,1
city_77,0.8232487221890658,Male,No relevent experience,no_enrollment,Graduate,STEM,3,100-500,Pvt Ltd,1,69,0
city_128,0.8925791120948839,Male,No relevent experience,no_enrollment,Graduate,STEM,18,100-500,Pvt Ltd,>4,57,0
city_105,0.8180871979985805,Male,Has relevent experience,no_enrollment,Graduate,STEM,9,50-99,Pvt Ltd,never,88,0
city_126,0.8532944167871623,Female,Has relevent experience,no_enrollment,Graduate,STEM,6,10000+,Pvt Ltd,1,124,0
city_103,0.920000000680562,Male,Has relevent experience,no_enrollment,Graduate,STEM,>20,1000-4999,Pvt Ltd,1,27,0
city_39,0.5473579315372201,Male,Has relevent experience,no_enrollment,Graduate,STEM,5,50-99,Pvt Ltd,2,24,0
city_59,0.5157989943103869,Male,Has relevent experience,no_enrollment,Graduate,STEM,11,50-99,Pvt Ltd,1,27,1
city_21,0.6239999999137601,Male,No relevent experience,no_enrollment,Graduate,STEM,2,<10,Pvt Ltd,never,45,1
city_48,0.9258161630525793,Male,Has relevent experience,no_enrollment,Masters,STEM,>20,5000-9999,Pvt Ltd,>4,54,1
city_103,0.9199999964266609,Male,Has relevent experience,no_enrollment,Masters,STEM,16,50-99,Funded Startup,2,140,<NA>
city_133,0.8506370162800044,Male,Has relevent experience,no_enrollment,Masters,STEM,8,50-99,Pvt Ltd,1,185,0
city_145,0.918717327729328,Male,Has relevent experience,no_enrollment,Graduate,Other,9,100-500,Pvt Ltd,1,76,0
city_11,0.9423784926665596,Male,Has relevent experience,no_enrollment,Masters,STEM,3,5000-9999,Pvt Ltd,1,94,0
city_103,0.919974115265203,Male,Has relevent experience,no_enrollment,Graduate,STEM,9,10/49,Pvt Ltd,1,85,0
city_57,0.8006431052802679,Male,Has relevent experience,no_enrollment,Graduate,STEM,>20,50-99,Pvt Ltd,>4,252,0
city_103,0.9199973776923851,Male,Has relevent experience,no_enrollment,Graduate,Arts,6,100-500,Pvt Ltd,3,210,1
city_176,0.9056826819587521,Male,Has relevent experience,Part time course,Masters,STEM,6,50-99,Pvt Ltd,2,16,<NA>
city_21,0.6239999999499729,Male,Has relevent experience,Part time course,High School,STEM,7,100-500,Pvt Ltd,never,44,1
city_70,0.8913600548610222,Male,Has relevent experience,no_enrollment,Masters,STEM,15,100-500,Pvt Ltd,3,35,0
city_103,0.920000000040026,Male,Has relevent experience,no_enrollment,Graduate,STEM,>20,10000+,Pvt Ltd,>4,57,0
city_142,0.8839745197048479,Male,Has relevent experience,Full time course,Graduate,STEM,10,100-500,Public Sector,1,269,0
city_103,0.9200000000007041,Male,Has relevent experience,no_enrollment,Graduate,STEM,5,100-500,Other,1,60,0
city_75,0.9261203762403118,Male,Has relevent experience,no_enrollment,Graduate,STEM,6,50-99,Pvt Ltd,1,301,0
city_19,0.8679310239671293,Male,Has relevent experience,no_enrollment,Graduate,STEM,>20,50-99,Pvt Ltd,>4,314,0
city_21,0.6239999999886735,Male,No relevent experience,no_enrollment,Graduate,STEM,10,10/49,Pvt Ltd,1,22,1
city_106,0.8772221224668902,Male,Has relevent experience,no_enrollment,Masters,STEM,>20,50-99,Pvt Ltd,1,103,0
city_103,0.9200000000421144,Male,Has relevent experience,no_enrollment,Graduate,STEM,13,10000+,Pvt Ltd,1,74,0
city_39,0.8903738513693606,Male,Has relevent experience,no_enrollment,Masters,STEM,6,1000-4999,Pvt Ltd,1,99,0
city_103,0.9200000000188683,Male,Has relevent experience,no_enrollment,Graduate,STEM,13,100-500,Pvt Ltd,1,54,0
city_21,0.623999999973107,Male,Has relevent experience,Full time course,Graduate,STEM,<1,500-999,Pvt Ltd,1,42,0
city_149,0.9381171950128679,Male,Has relevent experience,no_enrollment,Graduate,STEM,>20,50-99,Pvt Ltd,>4,129,0
city_26,0.7037838904695676,Male,Has relevent experience,no_enrollment,Graduate,STEM,16,50-99,Early Stage Startup,never,237,0
city_23,0.8837695807055155,Male,Has relevent experience,Full time course,Graduate,STEM,5,50-99,Pvt Ltd,1,209,<NA>
city_103,0.9199999968417741,Male,Has relevent experience,no_enrollment,Graduate,STEM,17,1000-4999,Pvt Ltd,1,140,<NA>
city_59,0.8960978132658765,Male,No relevent experience,Part time course,Graduate,STEM,4,100-500,Pvt Ltd,never,124,<NA>
city_152,0.7372324105505299,Male,Has relevent experience,no_enrollment,Masters,STEM,7,1000-4999,Pvt Ltd,>4,18,0
city_76,0.8907765706786824,Male,Has relevent experience,Part time course,Graduate,STEM,5,50-99,Pvt Ltd,2,4,0
city_109,0.5336122783309434,Male,Has relevent experience,no_enrollment,Graduate,STEM,13,<10,Public Sector,>4,2,1
city_105,0.7457587619263937,Other,No relevent experience,no_enrollment,Graduate,Humanities,3,100-500,Pvt Ltd,1,213,1
city_103,0.9200000000506791,Male,Has relevent experience,no_enrollment,Graduate,STEM,>20,100-500,Pvt Ltd,>4,61,0
city_157,0.9241764627326998,Male,Has relevent experience,no_enrollment,Graduate,Humanities,16,50-99,Pvt Ltd,>4,84,0
city_157,0.93001843711947,Male,Has relevent experience,no_enrollment,Graduate,No Major,4,100-500,Pvt Ltd,3,30,0
city_101,0.8743366492584395,Male,Has relevent experience,no_enrollment,Masters,STEM,>20,10000+,Pvt Ltd,>4,42,1
city_103,0.9200089328895773,Male,Has relevent experience,no_enrollment,Graduate,STEM,4,100-500,Pvt Ltd,4,2,0
city_101,0.4732068790714745,Male,Has relevent experience,no_enrollment,Graduate,STEM,5,100-500,Pvt Ltd,3,134,1
city_103,0.9200000016418224,Male,Has relevent experience,no_enrollment,Graduate,STEM,5,100-500,Pvt Ltd,1,135,0
city_50,0.7969592585379905,Male,Has relevent experience,no_enrollment,Graduate,STEM,8,50-99,Early Stage Startup,2,299,0
city_155,0.9397223667587953,Male,Has relevent experience,no_enrollment,Graduate,STEM,>20,500-999,Pvt Ltd,>4,13,0
city_103,0.9199817938471324,Male,Has relevent experience,no_enrollment,Masters,STEM,10,10/49,Other,1,20,0
city_21,0.6239999999789884,Male,Has relevent experience,Full time course,Masters,STEM,4,50-99,Pvt Ltd,4,40,1
city_90,0.8046432740597959,Other,Has relevent experience,no_enrollment,Graduate,STEM,>20,1000-4999,Early Stage Startup,1,252,0
city_104,0.935114303345107,Male,Has relevent experience,no_enrollment,Graduate,STEM,11,50-99,Pvt Ltd,>4,11,<NA>
city_39,0.4575750698466183,Male,Has relevent experience,no_enrollment,Graduate,STEM,3,100-500,Pvt Ltd,3,72,1
city_77,0.922077739443988,Male,Has relevent experience,Part time course,Graduate,STEM,17,10000+,Pvt Ltd,1,143,<NA>
city_16,0.9234937740671599,Male,Has relevent experience,no_enrollment,Graduate,STEM,14,50-99,Pvt Ltd,>4,50,0
city_176,0.568176564558928,Other,Has relevent experience,no_enrollment,Masters,STEM,2,<10,Other,1,312,0
city_165,0.6560900824443017,Male,Has relevent experience,no_enrollment,Graduate,STEM,2,100-500,Other,2,58,1
city_103,0.9200000001323863,Male,Has relevent experience,no_enrollment,Graduate,STEM,2,10/49,Pvt Ltd,1,26,0
city_173,0.9230865579588869,Male,No relevent experience,no_enrollment,Masters,STEM,15,1000-4999,NGO,3,32,0
city_103,0.9200000000286784,Male,Has relevent experience,no_enrollment,Graduate,STEM,>20,100-500,Pvt Ltd,2,58,<NA>
city_75,0.6706419912364678,Male,Has relevent experience,no_enrollment,Graduate,STEM,5,100-500,Pvt Ltd,3,135,1
city_21,0.6239999998596233,Male,Has relevent experience,no_enrollment,Graduate,STEM,7,10000+,Pvt Ltd,1,105,1
city_123,0.9129632715071504,Male,Has relevent experience,Part time course,High School,STEM,>20,100-500,Pvt Ltd,4,59,0
city_102,0.8817147898917503,Male,No relevent experience,Part time course,Phd,STEM,>20,500-999,Early Stage Startup,never,25,<NA>
city_76,0.8916381404955463,Male,No relevent experience,Full time course,Graduate,STEM,6,50-99,Pvt Ltd,4,41,1
city_103,0.9200000000353479,Male,Has relevent experience,no_enrollment,Graduate,STEM,>20,5000-9999,Pvt Ltd,>4,32,<NA>
city_162,0.9261582978849383,Male,Has relevent experience,Full time course,Graduate,STEM,14,5000-9999,Pvt Ltd,3,210,1
city_90,0.9269069857057228,Male,Has relevent experience,no_enrollment,Graduate,STEM,6,10000+,Pvt Ltd,1,13,0
city_152,0.5609368563343697,Female,Has relevent experience,no_enrollment,Graduate,Other,4,50-99,Other,1,32,0
city_103,0.9200000000194816,Male,Has relevent experience,Full time course,Masters,STEM,6,10000+,Pvt Ltd,4,42,0
city_28,0.8268631809046068,Male,Has relevent experience,no_enrollment,Graduate,STEM,10,<10,Other,1,92,0
city_146,0.45031321054100903,Male,Has relevent experience,no_enrollment,Graduate,STEM,5,100-500,Pvt Ltd,3,153,1
city_103,0.9200000000020866,Male,Has relevent experience,no_enrollment,Graduate,STEM,>20,10000+,Pvt Ltd,3,63,0
city_21,0.6239999998573952,Male,No relevent experience,no_enrollment,Graduate,STEM,4,10000+,Pvt Ltd,1,3,0
city_142,0.5281733158638109,Male,Has relevent experience,Part time course,Graduate,STEM,10,50-99,Pvt Ltd,>4,307,0
city_50,0.7531407591327517,Male,No relevent experience,no_enrollment,Graduate,Business Degree,2,1000-4999,Pvt Ltd,never,48,0
city_103,0.9200000000270252,Male,No relevent experience,Part time course,Graduate,STEM,5,10000+,Pvt Ltd,3,81,<NA>
city_99,0.9369884022269153,Male,Has relevent experience,no_enrollment,Graduate,STEM,19,100-500,Pvt Ltd,4,15,1
city_1,0.7269481289963895,Male,Has relevent experience,Full time course,Graduate,STEM,17,50-99,Pvt Ltd,4,104,1
city_21,0.6239999999275312,Male,Has relevent experience,no_enrollment,Graduate,STEM,7,1000-4999,Pvt Ltd,1,37,1
city_44,0.7267663401303401,Female,Has relevent experience,no_enrollment,Graduate,STEM,5,<10,Pvt Ltd,1,273,0
city_128,0.9245914417830683,Male,Has relevent experience,Full time course,Phd,STEM,>20,10000+,Pvt Ltd,4,189,<NA>
city_103,0.9199999997327487,Male,Has relevent experience,no_enrollment,Graduate,STEM,6,50-99,Pvt Ltd,1,29,0
city_59,0.8336728129386486,Male,Has relevent experience,no_enrollment,Masters,STEM,12,100-500,Pvt Ltd,3,188,0
city_103,0.92000000038178,Male,Has relevent experience,no_enrollment,Graduate,STEM,2,10/49,Pvt Ltd,1,22,0
city_21,0.6239999998996825,Male,Has relevent experience,Full time course,Graduate,STEM,2,<10,Pvt Ltd,1,15,<NA>
city_16,0.8865674507619367,Male,Has relevent experience,no_enrollment,Graduate,STEM,>20,10000+,Pvt Ltd,2,80,0
city_107,0.566481468557838,Male,Has relevent experience,no_enrollment,Graduate,STEM,6,10/49,Pvt Ltd,1,2,1
city_103,0.9199802807363364,Male,Has relevent experience,no_enrollment,Graduate,STEM,4,100-500,Pvt Ltd,4,4,0
city_7,0.9215307429300637,Male,Has relevent experience,no_enrollment,Graduate,STEM,3,50-99,Early Stage Startup,1,54,0
city_138,0.917583195798017,Male,Has relevent experience,no_enrollment,Graduate,STEM,9,1000-4999,Pvt Ltd,>4,7,0
city_21,0.6239999998722541,Male,Has relevent experience,no_enrollment,Graduate,STEM,9,500-999,Pvt Ltd,>4,8,0
city_103,0.9200000000261539,Male,Has relevent experience,no_enrollment,Graduate,STEM,>20,1000-4999,Pvt Ltd,>4,78,0
city_21,0.6240000000200132,Male,Has relevent experience,no_enrollment,Graduate,STEM,7,100-500,Pvt Ltd,3,41,0
city_103,0.9200000005928098,Male,Has relevent experience,no_enrollment,Graduate,STEM,>20,100-500,Pvt Ltd,>4,23,0
city_71,0.8920349838421727,Male,No relevent experience,Full time course,Masters,STEM,6,1000-4999,Public Sector,never,72,0
city_114,0.9247754694631507,Male,No relevent experience,no_enrollment,Graduate,Business Degree,9,5000-9999,Public Sector,2,61,0
city_167,0.8986724749768502,Male,Has relevent experience,Part time course,Masters,STEM,6,100-500,Pvt Ltd,2,81,0
city_103,0.9200000000201917,Male,Has relevent experience,no_enrollment,Graduate,STEM,>20,10/49,Pvt Ltd,2,51,0
city_167,0.9102260035985208,Male,Has relevent experience,Part time course,Masters,STEM,5,50-99,Pvt Ltd,>4,31,1
city_102,0.7611891290367088,Male,Has relevent experience,no_enrollment,Masters,STEM,18,1000-4999,Pvt Ltd,3,32,0
city_26,0.787419156711846,Male,Has relevent experience,Full time course,Masters,STEM,7,500-999,Public Sector,4,93,0
city_126,0.789134723911759,Female,Has relevent experience,no_enrollment,Masters,STEM,14,100-500,Pvt Ltd,1,64,0
city_103,0.9199999996978362,Male,Has relevent experience,no_enrollment,Masters,STEM,>20,10000+,Pvt Ltd,4,28,0
city_144,0.6967705466776165,Male,Has relevent experience,no_enrollment,Masters,STEM,10,50-99,Pvt Ltd,1,73,0
city_28,0.8120562827346908,Male,Has relevent experience,no_enrollment,Graduate,STEM,9,50-99,Pvt Ltd,1,27,0
city_103,0.9200000008604721,Male,Has relevent experience,no_enrollment,Graduate,STEM,>20,500-999,Other,1,27,0
city_114,0.9252805198779781,Male,Has relevent experience,no_enrollment,Masters,STEM,>20,100-500,Pvt Ltd,>4,77,0
city_140,0.6868868774055766,Male,No relevent experience,Part time course,High School,STEM,6,100-500,Early Stage Startup,>4,95,1
city_145,0.710685884453115,Male,Has relevent experience,no_enrollment,Masters,STEM,18,1000-4999,Pvt Ltd,>4,75,<NA>
city_84,0.6979999999999029,Male,Has relevent experience,Part time course,Graduate,STEM,5,50-99,Pvt Ltd,1,36,<NA>
city_27,0.7782051153244058,Male,Has relevent experience,no_enrollment,Graduate,STEM,3,50-99,Pvt Ltd,1,9,0
city_103,0.9200000030921044,Male,Has relevent experience,no_enrollment,Graduate,STEM,4,50-99,NGO,1,146,0
city_72,0.9143003302210405,Male,Has relevent experience,Part time course,Graduate,Business Degree,8,10/49,Other,2,22,1
city_72,0.900378170176459,Male,Has relevent experience,no_enrollment,Masters,STEM,14,<10,Public Sector,1,44,0
city_146,0.608673911636107,Male,Has relevent experience,no_enrollment,Graduate,STEM,6,10/49,Pvt Ltd,never,84,1
city_145,0.6901033604652566,Male,Has relevent experience,no_enrollment,Graduate,STEM,10,50-99,Other,1,55,0
city_24,0.9088082028134783,Male,Has relevent experience,Part time course,Graduate,STEM,2,100-500,Pvt Ltd,4,288,<NA>
city_21,0.6239999999544622,Male,Has relevent experience,no_enrollment,Graduate,Business Degree,10,10000+,Pvt Ltd,4,34,1
city_82,0.5257481744428596,Other,Has relevent experience,no_enrollment,Masters,STEM,>20,10000+,Pvt Ltd,4,68,<NA>
city_103,0.9199999999984483,Male,Has relevent experience,no_enrollment,Graduate,STEM,13,10000+,Pvt Ltd,1,79,0
city_143,0.5724831560870594,Male,Has relevent experience,no_enrollment,Graduate,STEM,7,50-99,Pvt Ltd,2,39,1
city_46,0.6610847004958418,Male,Has relevent experience,no_enrollment,Graduate,STEM,12,500-999,Public Sector,1,47,0
city_103,0.8144899841028911,Male,Has relevent experience,Part time course,High School,STEM,10,1000-4999,Pvt Ltd,3,10,0
city_145,0.861694357771861,Female,Has relevent experience,no_enrollment,Masters,STEM,7,50-99,Pvt Ltd,2,146,0
city_103,0.919999999767032,Male,Has relevent experience,no_enrollment,Graduate,STEM,11,100-500,Early Stage Startup,1,24,0
city_61,0.7601371283935993,Male,Has relevent experience,Full time course,Graduate,STEM,2,10/49,Pvt Ltd,>4,41,0
city_33,0.7649235095633613,Male,Has relevent experience,no_enrollment,Graduate,STEM,10,10/49,Early Stage Startup,1,228,0
city_103,0.9199999999884217,Male,Has relevent experience,no_enrollment,Graduate,STEM,7,50-99,Pvt Ltd,1,56,0
city_103,0.9200000000526425,Male,Has relevent experience,no_enrollment,Graduate,STEM,2,5000-9999,Pvt Ltd,1,73,0
city_74,0.7684117988799756,Male,Has relevent experience,no_enrollment,Graduate,STEM,10,100-500,Pvt Ltd,>4,14,0
city_21,0.6239999999600003,Male,Has relevent experience,no_enrollment,Masters,STEM,7,<10,Pvt Ltd,4,43,0
city_103,0.9200000000261146,Male,No relevent experience,no_enrollment,Graduate,STEM,<1,100-500,Pvt Ltd,4,35,<NA>
city_90,0.7497469016069251,Male,Has relevent experience,no_enrollment,Masters,STEM,20,1000-4999,Pvt Ltd,1,11,0
city_103,0.9200000000094349,Male,No relevent experience,Part time course,Primary School,STEM,14,10000+,Public Sector,never,64,1
city_103,0.9200000000422823,Male,Has relevent experience,no_enrollment,Graduate,STEM,9,500-999,Pvt Ltd,2,63,0
city_103,0.92000000003898,Male,Has relevent experience,no_enrollment,Graduate,STEM,>20,10000+,Pvt Ltd,3,42,0
city_103,0.920000000001758,Male,Has relevent experience,no_enrollment,Graduate,Business Degree,>20,100-500,Pvt Ltd,>4,42,0
city_103,0.9200000000038313,Male,Has relevent experience,no_enrollment,Graduate,STEM,>20,1000-4999,Pvt Ltd,4,59,1
city_134,0.8733992358289847,Male,Has relevent experience,no_enrollment,Graduate,STEM,12,<10,Funded Startup,3,51,1
city_67,0.8771939704578566,Male,Has relevent experience,Part time course,Phd,STEM,>20,100-500,NGO,never,23,<NA>
city_127,0.8537481937158882,Male,Has relevent experience,no_enrollment,Graduate,STEM,>20,50-99,Pvt Ltd,>4,133,0
city_103,0.9200420442757076,Male,Has relevent experience,no_enrollment,Graduate,STEM,>20,100-500,Funded Startup,1,14,0
city_21,0.6239999998629485,Male,No relevent experience,no_enrollment,Masters,STEM,5,100-500,NGO,1,21,0
city_36,0.8249097760225917,Male,Has relevent experience,Full time course,Graduate,STEM,8,10/49,Pvt Ltd,1,38,0
city_146,0.5207278782958379,Other,Has relevent experience,no_enrollment,Graduate,STEM,15,<10,Pvt Ltd,1,260,0
city_11,0.8353734336900057,Male,Has relevent experience,no_enrollment,Graduate,STEM,18,50-99,Pvt Ltd,>4,21,0
city_103,0.9200393599889443,Male,Has relevent experience,no_enrollment,Graduate,No Major,18,10000+,Pvt Ltd,>4,20,0
city_39,0.8854314377946174,Male,Has relevent experience,no_enrollment,Masters,STEM,17,1000-4999,Pvt Ltd,4,59,0
city_103,0.9200000000111856,Male,Has relevent experience,no_enrollment,Graduate,STEM,2,1000-4999,Pvt Ltd,1,69,0
city_83,0.49286421642707945,Male,Has relevent experience,Full time course,Masters,STEM,10,50-99,Pvt Ltd,3,59,1
city_71,0.4628185205763699,Male,Has relevent experience,Full time course,Masters,STEM,4,100-500,Other,4,20,<NA>
city_2,0.9257515954445926,Male,Has relevent experience,Full time course,Graduate,STEM,7,1000-4999,Pvt Ltd,1,217,1
city_48,0.7738666825442538,Male,Has relevent experience,Full time course,Graduate,STEM,2,100-500,Pvt Ltd,1,86,0
city_103,0.9197869383921288,Male,Has relevent experience,no_enrollment,Graduate,STEM,>20,10000+,Pvt Ltd,3,277,1
city_165,0.9049937979151177,Male,Has relevent experience,no_enrollment,Graduate,STEM,1,10000+,NGO,1,206,0
city_103,0.9199999999928471,Male,Has relevent experience,no_enrollment,Graduate,STEM,11,50-99,Early Stage Startup,1,60,0
city_71,0.7246062083063667,Male,Has relevent experience,no_enrollment,Graduate,STEM,14,10/49,Pvt Ltd,>4,39,1
city_73,0.8787809441533206,Male,Has relevent experience,no_enrollment,Graduate,STEM,13,500-999,Pvt Ltd,>4,116,0
city_167,0.9268526392998595,Male,Has relevent experience,no_enrollment,Graduate,STEM,10,50-99,Pvt Ltd,4,252,<NA>
city_103,0.9200249184850722,Male,Has relevent experience,no_enrollment,Graduate,STEM,11,5000-9999,Pvt Ltd,2,14,0
city_67,0.9139289114338506,Male,Has relevent experience,no_enrollment,Graduate,STEM,8,5000-9999,Pvt Ltd,1,302,0
city_103,0.9194654115352429,Male,Has relevent experience,no_enrollment,Graduate,STEM,6,10000+,Pvt Ltd,1,252,0
city_26,0.9220678658671495,Male,Has relevent experience,no_enrollment,Masters,STEM,15,50-99,Pvt Ltd,3,22,0
city_91,0.9331448682314489,Male,Has relevent experience,no_enrollment,Graduate,STEM,5,50-99,Pvt Ltd,1,122,0
city_140,0.5535183940084616,Male,Has relevent experience,no_enrollment,Graduate,STEM,7,10000+,Pvt Ltd,1,189,1
city_21,0.6239999999912508,Male,Has relevent experience,Part time course,Graduate,STEM,7,100-500,Pvt Ltd,3,36,0
city_103,0.9200000002008341,Male,Has relevent experience,Part time course,High School,STEM,7,10000+,Pvt Ltd,never,23,<NA>
city_103,0.9199999986929567,Male,Has relevent experience,no_enrollment,Graduate,No Major,>20,100-500,Pvt Ltd,>4,154,0
city_103,0.9200000000512221,Male,Has relevent experience,no_enrollment,Graduate,Business Degree,2,10000+,Public Sector,1,35,0
city_142,0.833975015807974,Female,No relevent experience,no_enrollment,Phd,STEM,>20,10000+,Pvt Ltd,2,271,1
city_97,0.5310274647637411,Other,Has relevent experience,no_enrollment,Graduate,STEM,9,10000+,Pvt Ltd,1,57,0
city_141,0.8768526659753302,Male,Has relevent experience,no_enrollment,Graduate,STEM,>20,500-999,Early Stage Startup,1,22,0
city_103,0.9200000009114749,Male,No relevent experience,no_enrollment,Masters,STEM,19,<10,Funded Startup,2,27,0
city_83,0.9207647202460119,Male,Has relevent experience,no_enrollment,Masters,STEM,9,500-999,Pvt Ltd,4,178,0
city_89,0.905039386342426,Male,Has relevent experience,no_enrollment,Graduate,STEM,>20,10/49,Pvt Ltd,>4,94,0
city_103,0.9198018990429528,Male,Has relevent experience,no_enrollment,Masters,STEM,11,50-99,Funded Startup,never,178,0
city_101,0.7863240032415854,Male,No relevent experience,no_enrollment,Phd,STEM,14,100-500,Public Sector,never,243,0
city_41,0.9184806906832218,Male,No relevent experience,Part time course,High School,STEM,3,<10,Funded Startup,never,15,<NA>
city_103,0.9199999999871067,Male,Has relevent experience,no_enrollment,Graduate,STEM,10,1000-4999,Pvt Ltd,4,57,1
city_150,0.8917376417596908,Male,Has relevent experience,Part time course,Masters,STEM,4,500-999,Pvt Ltd,>4,22,<NA>
city_103,0.9200000000342009,Male,No relevent experience,Full time course,Graduate,STEM,8,50-99,Public Sector,>4,51,1
city_21,0.8986058414231989,Other,Has relevent experience,no_enrollment,Masters,STEM,13,50-99,Pvt Ltd,3,251,1
city_21,0.6239999999285316,Male,Has relevent experience,Full time course,Graduate,STEM,2,10/49,Pvt Ltd,1,20,0
city_104,0.8233744241902882,Male,Has relevent experience,Full time course,Masters,STEM,8,<10,Early Stage Startup,4,19,0
city_19,0.9344604677685394,Male,Has relevent experience,no_enrollment,Graduate,STEM,12,100-500,Pvt Ltd,3,16,0
city_21,0.6239999999132587,Male,Has relevent experience,no_enrollment,Graduate,STEM,5,10/49,Other,2,17,1
city_103,0.9200000000045206,Male,Has relevent experience,no_enrollment,Graduate,STEM,6,10000+,Pvt Ltd,1,57,0
city_84,0.9244749598313436,Male,Has relevent experience,no_enrollment,Graduate,STEM,>20,10000+,Pvt Ltd,>4,88,1
city_18,0.7812830645216828,Male,Has relevent experience,no_enrollment,Graduate,STEM,10,100-500,Funded Startup,1,7,0
city_103,0.9200362438993097,Male,Has relevent experience,no_enrollment,Masters,STEM,18,5000-9999,Pvt Ltd,1,16,0
city_128,0.872220929199313,Male,Has relevent experience,no_enrollment,Masters,Business Degree,>20,100-500,Pvt Ltd,>4,108,0
city_82,0.8675496753661206,Male,Has relevent experience,Part time course,Primary School,STEM,11,50-99,Pvt Ltd,4,38,1
city_26,0.6755736000185509,Male,No relevent experience,no_enrollment,Graduate,STEM,4,5000-9999,Pvt Ltd,4,51,0
city_26,0.9285149273065113,Male,Has relevent experience,no_enrollment,Masters,STEM,>20,10000+,Pvt Ltd,2,128,1
city_77,0.8877172357962265,Male,Has relevent experience,no_enrollment,Graduate,STEM,>20,100-500,Early Stage Startup,2,19,0
city_12,0.8026163923382973,Other,No relevent experience,no_enrollment,Graduate,Business Degree,4,50-99,Pvt Ltd,1,231,0
city_103,0.9200532958926676,Male,Has relevent experience,no_enrollment,Graduate,STEM,12,10000+,Pvt Ltd,>4,2,0
city_21,0.6239999999774436,Male,Has relevent experience,no_enrollment,Graduate,STEM,7,10000+,Pvt Ltd,4,114,1
city_103,0.9199619104762222,Male,Has relevent experience,no_enrollment,Masters,STEM,10,10/49,Public Sector,1,20,0
city_21,0.6239999999456234,Male,Has relevent experience,no_enrollment,Graduate,STEM,10,10000+,Pvt Ltd,2,42,<NA>
city_128,0.8889853323695077,Male,Has relevent experience,no_enrollment,Graduate,STEM,16,5000-9999,Pvt Ltd,>4,2,0
city_84,0.6616814629400736,Male,Has relevent experience,no_enrollment,Masters,STEM,13,50-99,Pvt Ltd,4,170,0
city_158,0.7822262591307558,Other,Has relevent experience,no_enrollment,Graduate,STEM,>20,1000-4999,Public Sector,1,184,0
city_179,0.9220112775104716,Male,Has relevent experience,no_enrollment,Masters,STEM,>20,1000-4999,Pvt Ltd,>4,177,0
city_103,0.9200000000500582,Male,Has relevent experience,no_enrollment,Graduate,STEM,>20,10000+,Pvt Ltd,never,34,0
city_42,0.9453745460498971,Male,Has relevent experience,no_enrollment,Graduate,STEM,10,100-500,Pvt Ltd,1,127,0
city_103,0.9200000000226191,Male,Has relevent experience,no_enrollment,Masters,STEM,18,10000+,Pvt Ltd,1,82,0
city_101,0.9252865610735292,Male,Has relevent experience,Full time course,Graduate,STEM,>20,100-500,Pvt Ltd,4,253,0
city_23,0.8877526117956467,Male,Has relevent experience,Part time course,Masters,STEM,6,50-99,Pvt Ltd,>4,16,<NA>
city_59,0.9375414673866777,Male,Has relevent experience,no_enrollment,Graduate,STEM,12,10000+,Pvt Ltd,4,21,1
city_103,0.9200000000215214,Male,Has relevent experience,Part time course,High School,STEM,6,50-99,Other,2,66,1
city_11,0.9191230882142629,Male,Has relevent experience,no_enrollment,Graduate,STEM,15,1000-4999,Other,3,27,<NA>
city_9,0.944636746293113,Male,Has relevent experience,Part time course,High School,STEM,16,10000+,Pvt Ltd,1,1,<NA>
city_71,0.8145647349206577,Male,Has relevent experience,no_enrollment,Graduate,STEM,9,50-99,Pvt Ltd,1,49,0
city_53,0.6079149275328167,Other,Has relevent experience,no_enrollment,Graduate,Arts,2,50-99,Pvt Ltd,1,240,0
city_103,0.9199999999937261,Male,Has relevent experience,no_enrollment,Graduate,STEM,5,5000-9999,Pvt Ltd,1,37,0
city_75,0.9234028883601997,Male,Has relevent experience,no_enrollment,Graduate,STEM,15,50-99,Pvt Ltd,>4,47,0
city_48,0.9142750776129729,Female,No relevent experience,no_enrollment,Masters,STEM,5,50-99,Pvt Ltd,never,316,0
city_77,0.586596608995971,Male,Has relevent experience,no_enrollment,Graduate,STEM,5,100-500,Pvt Ltd,2,180,<NA>
city_74,0.8871091743226976,Male,Has relevent experience,no_enrollment,Graduate,STEM,11,5000-9999,Pvt Ltd,1,41,0
city_103,0.9200000009513017,Male,Has relevent experience,no_enrollment,Graduate,STEM,2,10/49,Pvt Ltd,1,27,0
city_20,0.9229040599809645,Male,Has relevent experience,no_enrollment,Graduate,STEM,3,50-99,NGO,1,52,0
city_123,0.8432513459193848,Male,Has relevent experience,Full time course,Graduate,STEM,4,500-999,Pvt Ltd,1,66,0
city_94,0.5766119240143953,Female,Has relevent experience,no_enrollment,Graduate,STEM,10,50-99,Pvt Ltd,4,140,<NA>
city_42,0.8922544257883882,Male,Has relevent experience,no_enrollment,Graduate,Arts,9,50-99,Pvt Ltd,1,120,0
city_118,0.9283430531369319,Male,Has relevent experience,no_enrollment,Graduate,STEM,>20,50-99,Pvt Ltd,4,27,<NA>
city_103,0.9200000000249167,Male,No relevent experience,Full time course,Graduate,Arts,7,1000-4999,Pvt Ltd,1,33,0
city_84,0.7677223766030732,Female,No relevent experience,Part time course,Graduate,STEM,5,100-500,Pvt Ltd,>4,184,0
city_103,0.9200892073125716,Male,Has relevent experience,Full time course,Graduate,STEM,>20,50-99,Public Sector,>4,274,0
city_30,0.7699198031342445,Male,Has relevent experience,no_enrollment,Graduate,STEM,8,10000+,Pvt Ltd,1,43,0
city_33,0.8989550579796447,Male,No relevent experience,Part time course,Phd,STEM,>20,1000-4999,Pvt Ltd,>4,4,0
city_103,0.9199885308562977,Male,Has relevent experience,Full time course,Graduate,STEM,10,500-999,Funded Startup,3,21,1
city_152,0.4878835865442462,Male,Has relevent experience,Full time course,Graduate,STEM,6,100-500,Pvt Ltd,1,167,0
city_103,0.9200246333479117,Male,Has relevent experience,no_enrollment,Masters,STEM,>20,1000-4999,Pvt Ltd,2,92,0
city_71,0.8721619189764237,Male,No relevent experience,no_enrollment,Phd,STEM,>20,1000-4999,Funded Startup,1,64,<NA>
city_103,0.9199483392902621,Male,Has relevent experience,no_enrollment,Graduate,STEM,17,10000+,Pvt Ltd,>4,222,0
city_11,0.6979999999987749,Male,Has relevent experience,Full time course,Phd,STEM,18,100-500,Early Stage Startup,2,47,1
city_27,0.7955853117788654,Male,Has relevent experience,no_enrollment,Masters,STEM,14,<10,Early Stage Startup,1,51,<NA>
city_97,0.6574210374467494,Male,Has relevent experience,no_enrollment,Masters,STEM,6,10000+,Pvt Ltd,2,137,0
city_103,0.9201647109456615,Male,Has relevent experience,no_enrollment,Graduate,STEM,14,100-500,Pvt Ltd,1,291,0
city_10,0.7800339785685425,Male,Has relevent experience,no_enrollment,Graduate,Business Degree,3,100-500,Pvt Ltd,2,12,0
city_114,0.943998474756901,Male,Has relevent experience,no_enrollment,Masters,STEM,15,50-99,Pvt Ltd,1,50,0
city_78,0.7839503009676556,Male,Has relevent experience,no_enrollment,Masters,STEM,10,1000-4999,Pvt Ltd,1,39,0
city_103,0.9200000000073004,Male,Has relevent experience,no_enrollment,Graduate,STEM,6,10000+,Pvt Ltd,2,58,1
city_171,0.9054711521388851,Male,Has relevent experience,no_enrollment,Graduate,STEM,>20,50-99,Pvt Ltd,never,27,<NA>
city_103,0.9200000003958222,Male,Has relevent experience,no_enrollment,Masters,STEM,>20,100-500,Pvt Ltd,1,30,0
city_20,0.8660122824474173,Male,Has relevent experience,no_enrollment,Graduate,STEM,17,100-500,Pvt Ltd,1,39,0
city_67,0.8689965053622387,Male,Has relevent experience,no_enrollment,Graduate,STEM,19,10000+,Pvt Ltd,never,14,0
city_103,0.9199685516327195,Male,Has relevent experience,no_enrollment,Masters,Arts,9,50-99,Pvt Ltd,2,7,0
city_155,0.9304227105331074,Male,Has relevent experience,no_enrollment,Graduate,Humanities,12,10/49,Pvt Ltd,1,95,0
city_99,0.8726866164420665,Male,Has relevent experience,no_enrollment,Graduate,Business Degree,14,50-99,Public Sector,4,86,1
city_41,0.9100762194522025,Male,Has relevent experience,Part time course,Primary School,STEM,7,100-500,Pvt Ltd,3,23,<NA>
city_176,0.9076971649648077,Male,Has relevent experience,no_enrollment,Graduate,STEM,18,100-500,Pvt Ltd,4,45,<NA>
city_103,0.9199980982593233,Male,Has relevent experience,no_enrollment,Graduate,STEM,6,10/49,Funded Startup,2,19,0
city_26,0.743766965425812,Male,No relevent experience,no_enrollment,Graduate,STEM,11,50-99,Pvt Ltd,2,51,1
city_9,0.7253626016400023,Male,Has relevent experience,Full time course,Graduate,STEM,2,100-500,Pvt Ltd,1,111,0
city_103,0.9200000000155804,Male,Has relevent experience,no_enrollment,Graduate,STEM,4,10/49,Pvt Ltd,4,79,0
city_10,0.8945338811055457,Male,Has relevent experience,Part time course,Phd,STEM,>20,1000-4999,Other,1,28,0
city_21,0.6239999999100375,Male,Has relevent experience,no_enrollment,Graduate,STEM,6,10/49,Pvt Ltd,1,49,1
city_103,0.9200398971091804,Male,Has relevent experience,no_enrollment,Graduate,STEM,11,10000+,Pvt Ltd,>4,13,0
city_103,0.9200511999314397,Male,Has relevent experience,no_enrollment,Graduate,STEM,6,50-99,Pvt Ltd,4,7,0
city_21,0.6239999999117676,Male,Has relevent experience,Full time course,Graduate,STEM,4,100-500,Pvt Ltd,1,33,0
city_84,0.9062543176790739,Male,No relevent experience,no_enrollment,Masters,STEM,15,1000-4999,Funded Startup,4,33,0
city_93,0.8046706689778873,Male,Has relevent experience,no_enrollment,Masters,STEM,11,1000-4999,Pvt Ltd,1,12,1
city_67,0.7411486797010696,Female,Has relevent experience,no_enrollment,Masters,Other,2,100-500,Pvt Ltd,1,246,0
city_70,0.8851600967391433,Male,Has relevent experience,no_enrollment,Graduate,STEM,8,1000-4999,Pvt Ltd,>4,55,0
city_103,0.919966300038384,Male,Has relevent experience,no_enrollment,Graduate,STEM,17,<10,Pvt Ltd,4,21,0
city_103,0.9199999999871827,Male,Has relevent experience,no_enrollment,Graduate,No Major,6,100-500,Pvt Ltd,1,37,<NA>
city_114,0.8871545815426867,Male,No relevent experience,Part time course,Masters,STEM,14,10000+,Other,2,45,<NA>
city_57,0.5305552932544205,Male,Has relevent experience,no_enrollment,Graduate,STEM,7,10000+,Pvt Ltd,1,62,<NA>
city_103,0.9199822361315018,Male,No relevent experience,Full time course,Graduate,STEM,1,10/49,NGO,1,11,1
city_116,0.8314641956691724,Male,Has relevent experience,no_enrollment,Masters,STEM,19,50-99,Pvt Ltd,1,76,0
city_175,0.9294198116252973,Other,Has relevent experience,no_enrollment,Graduate,STEM,2,50-99,Early Stage Startup,1,289,0
city_84,0.6980000000003458,Male,No relevent experience,no_enrollment,Graduate,STEM,6,100-500,Pvt Ltd,>4,25,0
city_103,0.9200000000415862,Male,Has relevent experience,no_enrollment,Graduate,STEM,>20,5000-9999,Pvt Ltd,1,47,0
city_75,0.8722942712674882,Male,Has relevent experience,no_enrollment,Graduate,STEM,7,<10,Pvt Ltd,3,26,0
city_16,0.9123422858222177,Male,Has relevent experience,no_enrollment,Graduate,STEM,13,10/49,Pvt Ltd,>4,85,0
city_78,0.9323135838767918,Male,Has relevent experience,no_enrollment,Graduate,Business Degree,5,100-500,Pvt Ltd,2,104,0
city_21,0.6239999999313488,Male,No relevent experience,Full time course,Graduate,STEM,4,50-99,Funded Startup,1,48,1
city_103,0.9200000007944449,Male,Has relevent experience,no_enrollment,Graduate,STEM,14,100-500,Pvt Ltd,1,25,0
city_7,0.8764486212951064,Male,Has relevent experience,Part time course,Primary School,STEM,7,100-500,Pvt Ltd,>4,90,0
city_21,0.6239999998602411,Male,Has relevent experience,Full time course,Graduate,STEM,1,<10,Pvt Ltd,1,36,0
city_103,0.9200177300057141,Male,Has relevent experience,no_enrollment,Graduate,STEM,6,10/49,Pvt Ltd,>4,130,0
city_53,0.9047744102688017,Male,Has relevent experience,no_enrollment,Masters,Business Degree,17,100-500,Pvt Ltd,1,127,0
city_75,0.47842945820424493,Female,Has relevent experience,no_enrollment,Graduate,STEM,5,500-999,Pvt Ltd,1,69,1
city_103,0.9200000000524784,Male,Has relevent experience,Part time course,Primary School,STEM,7,10000+,Pvt Ltd,1,24,0
city_142,0.7367072827512813,Male,Has relevent experience,no_enrollment,Graduate,STEM,9,50-99,Pvt Ltd,1,25,0
city_18,0.9460955804477282,Male,Has relevent experience,no_enrollment,Graduate,STEM,>20,100-500,Pvt Ltd,2,102,0
city_165,0.7274889507910931,Male,No relevent experience,Part time course,Masters,STEM,3,50-99,Pvt Ltd,2,252,1
city_28,0.5132782331762451,Male,Has relevent experience,no_enrollment,Graduate,STEM,7,50-99,Pvt Ltd,2,16,1
city_90,0.7232873549342204,Male,Has relevent experience,Part time course,Primary School,STEM,5,<10,Pvt Ltd,1,33,<NA>
city_136,0.5323222671845084,Male,Has relevent experience,no_enrollment,Graduate,STEM,3,50-99,Pvt Ltd,1,51,1
city_126,0.46249558086757053,Male,Has relevent experience,no_enrollment,Graduate,STEM,10,1000-4999,Pvt Ltd,3,65,1
city_136,0.8850171269758765,Male,Has relevent experience,no_enrollment,Graduate,STEM,>20,100-500,Pvt Ltd,2,57,<NA>
city_53,0.6939117051258278,Male,Has relevent experience,no_enrollment,Graduate,STEM,12,100-500,Pvt Ltd,3,35,0
city_21,0.6239999999518588,Male,Has relevent experience,no_enrollment,Masters,Other,10,100-500,NGO,1,49,<NA>
city_103,0.9199901891500668,Male,Has relevent experience,no_enrollment,Masters,STEM,>20,10000+,Pvt Ltd,2,14,0
city_103,0.9200000000491468,Male,Has relevent experience,no_enrollment,Graduate,STEM,>20,1000-4999,Pvt Ltd,>4,79,0
city_23,0.6452424496555306,Male,No relevent experience,no_enrollment,Graduate,STEM,3,10000+,Pvt Ltd,never,73,1
city_103,0.9200000000126565,Male,Has relevent experience,no_enrollment,Graduate,STEM,>20,10/49,Pvt Ltd,never,40,0
city_103,0.919999999997887,Male,Has relevent experience,Full time course,Masters,STEM,6,10000+,Pvt Ltd,1,78,0
city_103,0.9199813597847989,Male,Has relevent experience,no_enrollment,Graduate,STEM,9,10000+,Pvt Ltd,1,304,0
city_103,0.9199504736233313,Male,Has relevent experience,no_enrollment,Graduate,Other,7,100-500,Early Stage Startup,1,15,0
city_103,0.919967451915144,Male,Has relevent experience,no_enrollment,Graduate,STEM,18,10000+,Pvt Ltd,2,8,0
city_103,0.9199754055861802,Male,Has relevent experience,no_enrollment,Graduate,STEM,13,100-500,Early Stage Startup,1,19,0
city_103,0.9199578349979773,Male,Has relevent experience,Part time course,Graduate,No Major,>20,50-99,Early Stage Startup,>4,108,0
city_103,0.920035517851401,Male,Has relevent experience,no_enrollment,Graduate,Humanities,>20,50-99,Pvt Ltd,>4,14,0
city_45,0.7679989040368468,Male,Has relevent experience,no_enrollment,Graduate,STEM,10,100-500,Other,1,1,0
city_103,0.9199816077543791,Male,Has relevent experience,no_enrollment,Graduate,STEM,14,<10,Pvt Ltd,2,114,0
city_26,0.8936937107383445,Male,Has relevent experience,no_enrollment,Masters,STEM,15,50-99,Pvt Ltd,never,324,0
city_69,0.9455733413266388,Male,Has relevent experience,no_enrollment,Graduate,STEM,6,50-99,Pvt Ltd,1,104,0
city_78,0.67398077041746,Female,Has relevent experience,no_enrollment,Graduate,STEM,12,10/49,Pvt Ltd,1,40,0
city_103,0.9200000000160471,Male,Has relevent experience,no_enrollment,Masters,STEM,7,10000+,Funded Startup,1,38,1
city_14,0.8991060723749769,Male,Has relevent experience,Part time course,Primary School,STEM,10,<10,Pvt Ltd,3,75,1
city_103,0.9199881931250978,Male,Has relevent experience,no_enrollment,Masters,Humanities,7,10000+,Pvt Ltd,1,20,0
city_21,0.6239999999202182,Male,Has relevent experience,no_enrollment,Graduate,STEM,13,10/49,Pvt Ltd,3,9,0
city_91,0.7981632584887728,Female,Has relevent experience,no_enrollment,Graduate,STEM,8,10/49,Public Sector,1,193,0
city_103,0.9200252019668627,Male,No relevent experience,no_enrollment,Graduate,STEM,>20,10/49,Pvt Ltd,4,105,0
city_103,0.9199999568116247,Male,Has relevent experience,no_enrollment,Graduate,STEM,13,100-500,Pvt Ltd,>4,3,0
city_67,0.9424805431123539,Male,Has relevent experience,no_enrollment,Masters,STEM,6,1000-4999,Pvt Ltd,1,93,0
city_103,0.9199758568595066,Male,Has relevent experience,no_enrollment,Graduate,Arts,>20,50-99,Pvt Ltd,>4,21,0
city_103,0.9200000000067078,Male,Has relevent experience,no_enrollment,Graduate,STEM,>20,10000+,Pvt Ltd,>4,72,0
city_158,0.7836274975454272,Male,Has relevent experience,no_enrollment,Graduate,STEM,11,1000-4999,Pvt Ltd,1,108,0
city_103,0.920000001006341,Male,Has relevent experience,no_enrollment,Masters,STEM,>20,100-500,Pvt Ltd,1,27,0
city_57,0.9093923787013994,Male,Has relevent experience,no_enrollment,Graduate,STEM,5,10/49,Pvt Ltd,1,217,0
city_21,0.6239999998893239,Male,Has relevent experience,no_enrollment,Graduate,STEM,6,10/49,Pvt Ltd,1,37,1
city_103,0.9200000000350069,Male,Has relevent experience,no_enrollment,Graduate,STEM,15,5000-9999,Pvt Ltd,>4,73,0
city_82,0.928466927648221,Male,Has relevent experience,no_enrollment,Graduate,STEM,10,10000+,Pvt Ltd,2,33,0
city_21,0.6239999999710876,Male,Has relevent experience,no_enrollment,Graduate,Humanities,11,10000+,Pvt Ltd,1,8,1
city_157,0.925186434535136,Male,Has relevent experience,no_enrollment,Masters,STEM,>20,5000-9999,Pvt Ltd,1,120,1
city_57,0.8881237168460769,Male,Has relevent experience,Full time course,Phd,STEM,14,100-500,Pvt Ltd,1,66,1
city_59,0.7273637111679668,Male,Has relevent experience,no_enrollment,Graduate,STEM,10,<10,Early Stage Startup,1,105,0
city_98,0.6462755988595258,Male,Has relevent experience,no_enrollment,Graduate,STEM,6,1000-4999,Pvt Ltd,1,80,0
city_70,0.8627381132844506,Male,Has relevent experience,no_enrollment,Graduate,STEM,12,500-999,Pvt Ltd,>4,49,1
city_13,0.9480409778608807,Male,Has relevent experience,no_enrollment,Masters,STEM,19,10000+,Pvt Ltd,1,38,0
city_158,0.9255504533213328,Male,No relevent experience,Full time course,Graduate,STEM,6,50-99,NGO,1,58,1
city_103,0.9200056990638997,Male,Has relevent experience,no_enrollment,Graduate,STEM,9,10000+,Pvt Ltd,>4,16,1
city_123,0.868486383027245,Male,Has relevent experience,no_enrollment,Graduate,STEM,16,50-99,Other,2,3,0
city_103,0.9200150692267307,Male,Has relevent experience,no_enrollment,Graduate,STEM,20,500-999,Pvt Ltd,>4,21,0
city_43,0.6979999999985997,Male,Has relevent experience,no_enrollment,Graduate,Other,2,1000-4999,Pvt Ltd,1,16,0
city_21,0.6239999999288689,Male,Has relevent experience,no_enrollment,Graduate,STEM,3,50-99,Pvt Ltd,4,49,<NA>
city_176,0.7634512181077198,Male,Has relevent experience,Full time course,Graduate,Other,1,<10,Pvt Ltd,1,55,1
city_21,0.624000000040711,Male,Has relevent experience,no_enrollment,Graduate,STEM,5,50-99,Pvt Ltd,1,30,0
city_21,0.6239999998973225,Male,Has relevent experience,no_enrollment,Graduate,STEM,9,50-99,Pvt Ltd,3,40,1
city_21,0.6239999999895267,Male,Has relevent experience,no_enrollment,Graduate,STEM,6,50-99,Pvt Ltd,4,98,0
city_103,0.9199975052539634,Male,No relevent experience,no_enrollment,Graduate,Other,2,1000-4999,Early Stage Startup,1,119,0
city_73,0.9104344676679913,Male,Has relevent experience,no_enrollment,Graduate,STEM,6,50-99,Pvt Ltd,1,103,0
city_103,0.9199975459295459,Male,Has relevent experience,no_enrollment,Graduate,STEM,9,100-500,Pvt Ltd,2,14,0
city_93,0.9293314704863059,Male,Has relevent experience,Full time course,Graduate,STEM,5,50-99,Pvt Ltd,1,1,0
city_70,0.9170277013151928,Male,Has relevent experience,no_enrollment,Graduate,STEM,16,1000-4999,Pvt Ltd,4,7,<NA>
city_114,0.8976752072564838,Male,Has relevent experience,no_enrollment,Masters,STEM,8,10000+,Pvt Ltd,1,171,<NA>
city_103,0.9200000000410412,Male,Has relevent experience,no_enrollment,Graduate,STEM,7,50-99,Pvt Ltd,4,76,1
city_103,0.9200000000455163,Male,Has relevent experience,no_enrollment,Graduate,STEM,9,500-999,Pvt Ltd,2,43,0
city_13,0.9236880441935732,Male,Has relevent experience,no_enrollment,Graduate,STEM,5,500-999,Pvt Ltd,never,313,0
city_13,0.9265356218744935,Male,Has relevent experience,Full time course,Graduate,STEM,7,1000-4999,Pvt Ltd,1,185,1
city_103,0.9200296760845705,Male,Has relevent experience,no_enrollment,Graduate,STEM,5,10000+,Pvt Ltd,2,93,1
city_16,0.9194008931951974,Male,No relevent experience,Part time course,High School,STEM,4,10/49,Pvt Ltd,4,53,<NA>
city_70,0.4970221062778383,Male,Has relevent experience,no_enrollment,Graduate,STEM,7,100-500,Pvt Ltd,1,126,0
city_103,0.9199999999947126,Male,Has relevent experience,no_enrollment,Graduate,STEM,>20,10000+,Pvt Ltd,>4,65,0
city_90,0.9046723781291603,Male,Has relevent experience,no_enrollment,Masters,STEM,8,50-99,Pvt Ltd,4,37,0
city_117,0.8945978035395644,Male,Has relevent experience,no_enrollment,Masters,STEM,12,5000-9999,Pvt Ltd,2,14,0
city_103,0.9199999999995572,Male,Has relevent experience,no_enrollment,Graduate,STEM,13,50-99,Pvt Ltd,4,50,1
city_21,0.6239999999495237,Male,Has relevent experience,no_enrollment,Graduate,STEM,7,1000-4999,Pvt Ltd,1,25,1
city_97,0.7216709448927915,Male,Has relevent experience,no_enrollment,Graduate,STEM,10,100-500,Pvt Ltd,never,44,0
city_75,0.8723319806380802,Male,Has relevent experience,Full time course,Graduate,STEM,19,10/49,Other,1,14,1
city_78,0.7719052532884645,Male,Has relevent experience,no_enrollment,Graduate,STEM,3,<10,Pvt Ltd,1,190,0
city_26,0.9274275679409852,Male,Has relevent experience,no_enrollment,Masters,STEM,5,100-500,Pvt Ltd,1,61,0
city_152,0.5013035225627562,Male,Has relevent experience,no_enrollment,Graduate,STEM,3,100-500,Pvt Ltd,3,79,0
city_115,0.9139642934158817,Male,Has relevent experience,no_enrollment,Masters,STEM,10,10/49,NGO,1,60,0
city_103,0.9200019438074611,Male,Has relevent experience,no_enrollment,Graduate,STEM,9,10/49,Pvt Ltd,1,89,0
city_98,0.8074294249819597,Male,No relevent experience,no_enrollment,Graduate,STEM,3,100-500,Pvt Ltd,2,10,0
city_103,0.9200117311478313,Male,Has relevent experience,no_enrollment,Graduate,STEM,>20,<10,NGO,4,97,0
city_101,0.873369904568742,Male,No relevent experience,Full time course,Graduate,STEM,4,10/49,NGO,1,49,0
city_10,0.8938784527538012,Male,No relevent experience,Full time course,Graduate,STEM,2,100-500,Pvt Ltd,1,25,0
city_21,0.6240000000600279,Male,Has relevent experience,no_enrollment,Graduate,STEM,7,10000+,Pvt Ltd,1,116,1
city_102,0.46097226617433057,Male,Has relevent experience,no_enrollment,Graduate,STEM,11,<10,Pvt Ltd,>4,6,0
city_103,0.9200000000214386,Male,Has relevent experience,no_enrollment,Graduate,STEM,10,5000-9999,Pvt Ltd,3,71,1
city_10,0.757682915527306,Male,Has relevent experience,Full time course,Graduate,STEM,6,100-500,Pvt Ltd,1,47,0
city_103,0.9198001371232903,Male,Has relevent experience,no_enrollment,Graduate,Arts,10,50-99,Pvt Ltd,>4,226,0
city_21,0.624000000031284,Male,Has relevent experience,no_enrollment,Graduate,STEM,2,10000+,Pvt Ltd,2,49,0
city_103,0.9200000028112105,Male,Has relevent experience,no_enrollment,Graduate,Other,10,10/49,Pvt Ltd,>4,154,0
city_27,0.6606186683306865,Male,Has relevent experience,no_enrollment,Graduate,STEM,3,100-500,Pvt Ltd,3,79,0
city_171,0.45952679181915734,Male,Has relevent experience,no_enrollment,Graduate,STEM,11,<10,Pvt Ltd,>4,8,0
city_46,0.6097932928382599,Female,Has relevent experience,Full time course,Masters,STEM,<1,<10,Pvt Ltd,4,74,1
city_103,0.9199705198455791,Male,Has relevent experience,no_enrollment,Graduate,STEM,16,10000+,Pvt Ltd,1,11,0
city_65,0.937456359203069,Male,Has relevent experience,no_enrollment,Graduate,STEM,6,5000-9999,NGO,2,18,0
city_133,0.6049589195287136,Male,Has relevent experience,Part time course,Masters,STEM,8,50-99,Pvt Ltd,3,22,<NA>
city_103,0.9199672585533297,Male,Has relevent experience,no_enrollment,Graduate,STEM,8,<10,Early Stage Startup,1,90,0
city_21,0.6239999999326543,Male,Has relevent experience,no_enrollment,Graduate,STEM,3,50-99,Pvt Ltd,4,50,<NA>
city_36,0.6979999999997456,Male,Has relevent experience,Part time course,High School,STEM,5,50-99,Pvt Ltd,1,13,1
city_162,0.902003835747952,Male,No relevent experience,no_enrollment,Graduate,Business Degree,8,50-99,Pvt Ltd,1,288,0
city_28,0.9167802969689891,Male,No relevent experience,Full time course,Graduate,STEM,4,50-99,Pvt Ltd,1,39,0
city_50,0.6939099388602439,Male,Has relevent experience,no_enrollment,Graduate,STEM,12,10/49,Funded Startup,1,83,0
city_167,0.9469085677691185,Male,Has relevent experience,no_enrollment,Graduate,STEM,10,50-99,Pvt Ltd,1,308,0
city_77,0.8821168796523473,Male,Has relevent experience,no_enrollment,Graduate,STEM,15,1000-4999,Pvt Ltd,>4,38,0
city_103,0.9200054885196968,Male,Has relevent experience,no_enrollment,Graduate,STEM,16,10000+,Pvt Ltd,1,15,0
city_115,0.7442590995750522,Male,Has relevent experience,no_enrollment,Graduate,STEM,9,100-500,Pvt Ltd,never,66,0
city_39,0.6873560105591943,Other,Has relevent experience,no_enrollment,Graduate,STEM,15,<10,Pvt Ltd,1,23,0
city_105,0.7516952732422013,Male,No relevent experience,no_enrollment,Masters,STEM,8,1000-4999,Pvt Ltd,2,195,<NA>
city_158,0.5902210150630737,Male,Has relevent experience,no_enrollment,Graduate,STEM,11,<10,Pvt Ltd,>4,44,0
city_165,0.5462552776763214,Female,Has relevent experience,no_enrollment,Graduate,STEM,6,100-500,Pvt Ltd,4,217,1
city_103,0.9200000000123485,Male,Has relevent experience,no_enrollment,Masters,STEM,17,<10,Other,1,61,0
city_99,0.9421484044503016,Male,Has relevent experience,no_enrollment,Graduate,STEM,9,100-500,Public Sector,1,24,0
city_103,0.9199592753085696,Male,Has relevent experience,no_enrollment,Graduate,Business Degree,>20,50-99,Pvt Ltd,>4,18,0
city_101,0.8754039570132166,Male,Has relevent experience,no_enrollment,Masters,STEM,17,1000-4999,Other,>4,22,0
city_21,0.6240000000330996,Male,Has relevent experience,no_enrollment,Graduate,STEM,7,5000-9999,Pvt Ltd,4,32,0
city_103,0.9202841811238629,Male,Has relevent experience,no_enrollment,Graduate,STEM,14,100-500,Pvt Ltd,1,307,0
city_109,0.9226881831918541,Male,Has relevent experience,no_enrollment,Graduate,STEM,19,100-500,Pvt Ltd,4,22,1
city_103,0.9192796540388376,Male,Has relevent experience,no_enrollment,Graduate,STEM,16,100-500,Funded Startup,1,319,0
city_13,0.9205476452125807,Male,Has relevent experience,no_enrollment,Graduate,STEM,16,5000-9999,Funded Startup,>4,83,0
city_24,0.9332336179987896,Male,Has relevent experience,no_enrollment,Graduate,STEM,>20,<10,Pvt Ltd,1,8,0
city_103,0.919999999643987,Male,Has relevent experience,no_enrollment,Masters,STEM,>20,50-99,Pvt Ltd,2,27,0
city_103,0.9200158780070087,Male,Has relevent experience,no_enrollment,Graduate,STEM,13,1000-4999,Pvt Ltd,2,15,0
city_55,0.9389538589889405,Male,Has relevent experience,no_enrollment,Graduate,STEM,6,100-500,Funded Startup,1,98,<NA>
city_41,0.9244615127356769,Male,Has relevent experience,no_enrollment,Graduate,STEM,>20,1000-4999,Pvt Ltd,>4,80,0
city_141,0.8612087621916934,Male,Has relevent experience,no_enrollment,Masters,STEM,13,50-99,NGO,1,50,0
city_103,0.9199999999978746,Male,Has relevent experience,no_enrollment,Graduate,STEM,19,100-500,Pvt Ltd,1,63,1
city_149,0.6099174265960504,Male,Has relevent experience,no_enrollment,Graduate,STEM,13,<10,Public Sector,>4,16,1
city_69,0.8956516411907317,Male,Has relevent experience,no_enrollment,Masters,STEM,16,50-99,Pvt Ltd,3,23,0
city_44,0.5955869820362711,Male,Has relevent experience,Part time course,Graduate,STEM,8,50-99,Pvt Ltd,3,46,0
city_175,0.9043610447059532,Male,Has relevent experience,no_enrollment,Masters,STEM,17,1000-4999,Pvt Ltd,4,54,0
city_21,0.6239999999124399,Male,Has relevent experience,no_enrollment,Graduate,STEM,6,50-99,Other,>4,44,0
city_98,0.538857305797907,Male,Has relevent experience,Full time course,Graduate,STEM,1,500-999,Pvt Ltd,never,9,0
city_150,0.8290268680350245,Male,Has relevent experience,no_enrollment,Graduate,STEM,18,50-99,Pvt Ltd,>4,45,0
city_26,0.946014417988111,Male,Has relevent experience,no_enrollment,Graduate,STEM,13,500-999,Pvt Ltd,1,23,<NA>
city_103,0.9192879118836299,Male,Has relevent experience,no_enrollment,Graduate,STEM,14,100-500,Pvt Ltd,1,283,0
city_159,0.7083746847056078,Male,Has relevent experience,Full time course,Graduate,STEM,17,50-99,Pvt Ltd,2,94,1
city_103,0.9200000000149793,Male,Has relevent experience,no_enrollment,Graduate,STEM,>20,100-500,Pvt Ltd,>4,81,0
city_103,0.9193177320764883,Male,Has relevent experience,no_enrollment,Graduate,STEM,>20,10000+,Pvt Ltd,1,298,0
city_114,0.925677233676972,Male,Has relevent experience,no_enrollment,Graduate,STEM,9,1000-4999,Pvt Ltd,>4,79,0
city_103,0.9196384064712505,Male,Has relevent experience,no_enrollment,Masters,Arts,5,10000+,Pvt Ltd,4,201,<NA>
city_133,0.8938611684363088,Male,No relevent experience,Part time course,Masters,STEM,4,100-500,Pvt Ltd,never,112,<NA>
city_103,0.9200036239334907,Male,Has relevent experience,no_enrollment,Masters,Other,5,50-99,NGO,1,114,0
city_103,0.9200000001788239,Male,Has relevent experience,no_enrollment,Graduate,STEM,>20,50-99,Pvt Ltd,1,24,0
city_21,0.623999999888629,Male,Has relevent experience,Full time course,Graduate,STEM,2,<10,Pvt Ltd,1,38,<NA>
city_43,0.9245530417072376,Male,Has relevent experience,no_enrollment,Graduate,STEM,6,10/49,Other,3,316,0
city_157,0.5828494125954726,Male,Has relevent experience,no_enrollment,Graduate,STEM,13,<10,Early Stage Startup,>4,34,1
city_98,0.9262460291228217,Male,Has relevent experience,Full time course,Masters,STEM,15,100-500,Pvt Ltd,4,169,0
city_141,0.9078989214707089,Other,Has relevent experience,no_enrollment,Phd,STEM,8,100-500,Pvt Ltd,4,129,1
city_36,0.4506637338133033,Male,Has relevent experience,no_enrollment,Masters,STEM,8,1000-4999,Pvt Ltd,never,68,<NA>
city_128,0.9159929300044068,Male,No relevent experience,Full time course,Graduate,STEM,4,50-99,Pvt Ltd,1,39,0
city_103,0.9200468246484566,Male,Has relevent experience,no_enrollment,Graduate,Business Degree,>20,100-500,Pvt Ltd,>4,92,0
city_98,0.6290479392202201,Male,No relevent experience,Full time course,Graduate,STEM,5,50-99,Pvt Ltd,3,96,0
city_84,0.9236551605438014,Male,No relevent experience,Full time course,Graduate,STEM,2,50-99,Pvt Ltd,1,14,0
city_118,0.46442970241589915,Other,Has relevent experience,no_enrollment,Graduate,STEM,>20,50-99,Pvt Ltd,>4,185,0
city_115,0.91042372761442,Male,Has relevent experience,no_enrollment,Graduate,STEM,>20,100-500,Pvt Ltd,1,58,<NA>
city_141,0.9309769104429572,Male,Has relevent experience,no_enrollment,Graduate,STEM,>20,10/49,Pvt Ltd,>4,23,0
city_103,0.9202595020559657,Male,Has relevent experience,no_enrollment,Graduate,STEM,>20,1000-4999,Funded Startup,4,205,0
city_179,0.9240411531041577,Male,No relevent experience,no_enrollment,Graduate,Other,8,100-500,Pvt Ltd,1,40,0
city_44,0.7401060341108824,Other,Has relevent experience,no_enrollment,Graduate,STEM,17,10000+,Pvt Ltd,>4,47,0
city_175,0.8795646531663901,Male,Has relevent experience,no_enrollment,Masters,Business Degree,>20,100-500,Pvt Ltd,>4,108,0
city_40,0.6443863598671375,Male,No relevent experience,Full time course,Masters,STEM,1,500-999,Pvt Ltd,>4,185,0
city_37,0.7317677640401425,Male,Has relevent experience,no_enrollment,Graduate,STEM,>20,100-500,Pvt Ltd,>4,61,0
city_16,0.9135372299637528,Male,Has relevent experience,no_enrollment,Graduate,STEM,>20,50-99,Pvt Ltd,1,9,0
city_103,0.9200127895992328,Male,Has relevent experience,no_enrollment,Graduate,STEM,3,50-99,Pvt Ltd,>4,1,0
city_150,0.8885954972413096,Male,Has relevent experience,no_enrollment,Graduate,STEM,15,500-999,Pvt Ltd,never,85,0
city_103,0.9200000000417592,Male,Has relevent experience,no_enrollment,Graduate,STEM,>20,100-500,Pvt Ltd,2,70,0
city_103,0.9200000000701739,Male,Has relevent experience,no_enrollment,Graduate,STEM,>20,5000-9999,Pvt Ltd,1,29,0
city_65,0.9392952056688332,Male,Has relevent experience,no_enrollment,Masters,STEM,>20,<10,Pvt Ltd,1,48,0
city_176,0.4815894972073211,Female,Has relevent experience,no_enrollment,Masters,STEM,>20,1000-4999,Pvt Ltd,2,275,0
city_179,0.697999999999075,Male,Has relevent experience,no_enrollment,Graduate,STEM,>20,10/49,Pvt Ltd,>4,45,0
city_103,0.9200000000525951,Male,Has relevent experience,no_enrollment,Graduate,STEM,>20,5000-9999,Pvt Ltd,>4,83,<NA>
city_19,0.9439022924364936,Male,Has relevent experience,no_enrollment,Graduate,No Major,7,10/49,NGO,>4,22,0
city_24,0.5183202131237841,Male,Has relevent experience,no_enrollment,Graduate,STEM,8,10/49,Pvt Ltd,2,2,1
city_12,0.693516164079217,Male,Has relevent experience,no_enrollment,Masters,STEM,6,<10,Pvt Ltd,2,56,0
city_171,0.8954661632400235,Male,Has relevent experience,no_enrollment,Graduate,STEM,9,100-500,Pvt Ltd,2,37,0
city_159,0.9012097611367657,Male,Has relevent experience,no_enrollment,Masters,STEM,10,10000+,Pvt Ltd,1,44,0
city_36,0.9323642748807933,Male,Has relevent experience,no_enrollment,Masters,STEM,>20,50-99,Pvt Ltd,1,102,0
city_91,0.5845753372064881,Male,Has relevent experience,no_enrollment,Graduate,STEM,3,50-99,Pvt Ltd,1,51,1
city_138,0.8844119158299533,Male,Has relevent experience,no_enrollment,Graduate,STEM,>20,10/49,Pvt Ltd,1,292,0
city_175,0.7363822671577515,Male,Has relevent experience,Full time course,Graduate,STEM,3,10000+,Pvt Ltd,1,35,0
city_26,0.736650199405025,Male,Has relevent experience,no_enrollment,Graduate,STEM,4,50-99,Pvt Ltd,2,6,0
city_55,0.9044358284675992,Male,Has relevent experience,no_enrollment,Graduate,STEM,>20,10/49,Pvt Ltd,>4,100,0
city_103,0.9199951043539633,Male,Has relevent experience,no_enrollment,Graduate,STEM,>20,10/49,Public Sector,2,126,<NA>
city_157,0.9059941717513007,Male,Has relevent experience,no_enrollment,Masters,STEM,16,50-99,Pvt Ltd,3,22,0
city_13,0.9247520107905469,Male,Has relevent experience,no_enrollment,Graduate,STEM,11,<10,Early Stage Startup,never,27,<NA>
city_167,0.9266308246444941,Male,Has relevent experience,no_enrollment,Graduate,STEM,14,<10,Pvt Ltd,4,333,1
city_103,0.9200558461736177,Male,Has relevent experience,Full time course,Graduate,STEM,3,50-99,NGO,1,119,0
city_134,0.8610279519608286,Male,Has relevent experience,no_enrollment,Graduate,STEM,14,100-500,NGO,1,13,0
city_133,0.9203622380718652,Male,Has relevent experience,no_enrollment,Graduate,STEM,4,50-99,Pvt Ltd,1,298,0
city_16,0.5164339763228124,Female,Has relevent experience,no_enrollment,Graduate,STEM,10,10/49,Pvt Ltd,4,50,0
city_71,0.8296963489804624,Male,Has relevent experience,no_enrollment,Graduate,STEM,7,100-500,Pvt Ltd,4,48,0
city_155,0.9220605462973013,Male,Has relevent experience,no_enrollment,Graduate,Humanities,>20,10/49,Public Sector,>4,75,0
city_103,0.9200000000496213,Male,Has relevent experience,no_enrollment,Graduate,STEM,6,500-999,Pvt Ltd,1,62,0
city_57,0.90588956161853,Male,No relevent experience,no_enrollment,Graduate,STEM,>20,50-99,Pvt Ltd,1,5,<NA>
city_162,0.6413213860496481,Male,Has relevent experience,no_enrollment,Graduate,STEM,6,10/49,Pvt Ltd,never,106,1
city_150,0.8878775093363636,Other,Has relevent experience,no_enrollment,Graduate,STEM,>20,50-99,Pvt Ltd,>4,91,0
city_21,0.6239999999397858,Male,Has relevent experience,Part time course,High School,STEM,7,100-500,Pvt Ltd,never,24,1
city_103,0.9200000000343455,Male,Has relevent experience,no_enrollment,Graduate,STEM,17,100-500,Pvt Ltd,1,57,0
city_18,0.9204738846210332,Male,Has relevent experience,no_enrollment,Graduate,STEM,>20,10/49,Pvt Ltd,>4,19,0
city_12,0.919133104601189,Male,Has relevent experience,no_enrollment,Graduate,STEM,15,500-999,Pvt Ltd,never,76,0
city_12,0.923476320140439,Male,Has relevent experience,no_enrollment,Graduate,STEM,>20,1000-4999,Pvt Ltd,>4,79,0
city_103,0.9200000000030027,Male,Has relevent experience,no_enrollment,Graduate,STEM,4,100-500,Pvt Ltd,2,51,0
city_101,0.8401520681724162,Other,Has relevent experience,no_enrollment,Graduate,STEM,11,5000-9999,Pvt Ltd,1,182,0
city_146,0.9244798236895192,Male,Has relevent experience,no_enrollment,Masters,STEM,>20,50-99,Pvt Ltd,3,209,<NA>
city_142,0.9453137988600581,Male,Has relevent experience,no_enrollment,Graduate,STEM,>20,1000-4999,Pvt Ltd,>4,128,0
city_114,0.9249713126385515,Male,Has relevent experience,no_enrollment,Graduate,Business Degree,5,1000-4999,Pvt Ltd,never,76,0
city_118,0.8399672232844129,Male,Has relevent experience,no_enrollment,Masters,STEM,10,50-99,Pvt Ltd,3,128,0
city_165,0.8932382952987165,Male,Has relevent experience,no_enrollment,Masters,STEM,17,1000-4999,Pvt Ltd,>4,60,0
city_138,0.5137319608482174,Female,Has relevent experience,no_enrollment,Graduate,STEM,4,10000+,Other,1,121,0
city_103,0.9193333676753788,Male,Has relevent experience,no_enrollment,Graduate,STEM,7,<10,Pvt Ltd,4,286,1
city_21,0.623999999875889,Male,Has relevent experience,no_enrollment,Graduate,STEM,9,10000+,Pvt Ltd,4,18,1
city_65,0.9041487693920623,Male,Has relevent experience,Part time course,Masters,STEM,>20,10000+,Pvt Ltd,2,13,0
city_55,0.5339327739515094,Other,Has relevent experience,no_enrollment,Graduate,STEM,12,5000-9999,Pvt Ltd,4,219,0
city_103,0.9200000000083896,Male,Has relevent experience,no_enrollment,Graduate,STEM,15,100-500,Early Stage Startup,never,71,<NA>
city_107,0.9325329119558334,Male,Has relevent experience,Part time course,High School,STEM,10,10000+,Pvt Ltd,3,27,1
city_103,0.9200000000461963,Male,Has relevent experience,no_enrollment,Graduate,STEM,6,500-999,Pvt Ltd,1,58,0
city_167,0.945174465314454,Male,No relevent experience,Part time course,Graduate,STEM,10,10/49,NGO,2,25,1
city_134,0.9217514954623994,Male,Has relevent experience,no_enrollment,Graduate,STEM,12,500-999,Pvt Ltd,2,270,0
city_89,0.8994995261996733,Male,Has relevent experience,no_enrollment,Graduate,STEM,>20,50-99,Pvt Ltd,1,42,0
city_21,0.6240000000086917,Male,Has relevent experience,no_enrollment,Graduate,STEM,16,<10,Public Sector,4,116,0
city_103,0.9200000000145788,Male,Has relevent experience,no_enrollment,Graduate,STEM,>20,100-500,Pvt Ltd,1,68,0
city_104,0.924407470510493,Male,Has relevent experience,Part time course,Primary School,STEM,13,1000-4999,Pvt Ltd,2,2,<NA>
city_142,0.9122657847416616,Male,Has relevent experience,no_enrollment,Masters,STEM,>20,10000+,Pvt Ltd,4,1,0
city_61,0.8877813305022553,Male,Has relevent experience,no_enrollment,Masters,STEM,18,50-99,Pvt Ltd,4,129,0
city_33,0.9245592573732606,Male,Has relevent experience,no_enrollment,Graduate,STEM,>20,100-500,Pvt Ltd,4,19,1
city_103,0.9200000000277134,Male,Has relevent experience,no_enrollment,Graduate,STEM,12,50-99,Funded Startup,1,84,0
city_21,0.6239999998893312,Male,Has relevent experience,no_enrollment,Graduate,STEM,3,50-99,Early Stage Startup,2,18,<NA>
city_162,0.924613638269195,Male,Has relevent experience,no_enrollment,Graduate,STEM,6,50-99,Pvt Ltd,1,325,1
city_140,0.7506674556004638,Male,Has relevent experience,no_enrollment,Graduate,STEM,10,50-99,Funded Startup,1,56,0
city_152,0.9034720206444443,Male,Has relevent experience,no_enrollment,Masters,STEM,9,<10,Pvt Ltd,1,50,0
city_40,0.909611456880572,Male,Has relevent experience,no_enrollment,Masters,STEM,7,<10,Pvt Ltd,1,38,0
city_103,0.9200453256693623,Male,Has relevent experience,no_enrollment,Graduate,STEM,10,10000+,Pvt Ltd,3,11,0
city_103,0.9200000000161724,Male,Has relevent experience,no_enrollment,Graduate,STEM,17,50-99,Pvt Ltd,1,54,0
city_99,0.9480994381148705,Male,Has relevent experience,no_enrollment,Masters,STEM,16,50-99,Pvt Ltd,>4,94,0
city_103,0.920000000120805,Male,Has relevent experience,no_enrollment,Graduate,STEM,2,10/49,Pvt Ltd,1,29,0
city_128,0.5013570775373752,Male,Has relevent experience,no_enrollment,Graduate,STEM,3,10/49,Other,1,130,1
city_134,0.7180647999385391,Other,No relevent experience,Full time course,Graduate,STEM,5,5000-9999,Public Sector,1,30,0
city_152,0.45501453698978533,Male,Has relevent experience,no_enrollment,Graduate,STEM,17,500-999,Pvt Ltd,1,2,0
city_103,0.9200000000237374,Male,Has relevent experience,no_enrollment,Graduate,STEM,15,100-500,Public Sector,4,35,<NA>
city_33,0.904530493429857,Male,Has relevent experience,Full time course,Graduate,STEM,19,10/49,Funded Startup,1,12,1
city_103,0.9200000000393035,Male,Has relevent experience,no_enrollment,Graduate,STEM,5,100-500,Early Stage Startup,1,37,0
city_16,0.9024557762820977,Male,Has relevent experience,no_enrollment,Graduate,STEM,14,500-999,Pvt Ltd,1,67,0
city_59,0.8678904331333377,Male,Has relevent experience,no_enrollment,Graduate,STEM,>20,50-99,Pvt Ltd,>4,303,0
city_103,0.9200000009014182,Male,Has relevent experience,no_enrollment,Graduate,STEM,6,50-99,Pvt Ltd,1,27,0
city_103,0.9200000000555825,Male,Has relevent experience,no_enrollment,Graduate,STEM,14,100-500,Pvt Ltd,1,23,0
city_74,0.9337482715367437,Male,Has relevent experience,no_enrollment,Graduate,STEM,>20,10/49,Pvt Ltd,2,32,0
city_123,0.9161352115310888,Male,Has relevent experience,no_enrollment,Graduate,STEM,>20,1000-4999,Pvt Ltd,3,37,0
city_98,0.8147889117324721,Male,Has relevent experience,no_enrollment,Graduate,STEM,11,1000-4999,Pvt Ltd,1,101,0
city_127,0.6326046911157239,Other,Has relevent experience,Part time course,Phd,STEM,>20,5000-9999,NGO,>4,265,<NA>
city_21,0.6239999999209372,Male,Has relevent experience,no_enrollment,Graduate,STEM,3,50-99,Other,3,22,<NA>
city_103,0.9199999999905383,Male,Has relevent experience,no_enrollment,Graduate,STEM,7,50-99,Pvt Ltd,4,73,1
city_103,0.9199988119904159,Male,Has relevent experience,no_enrollment,Graduate,Arts,3,50-99,Public Sector,2,20,0
city_103,0.9199957992780802,Male,Has relevent experience,Full time course,Graduate,STEM,15,1000-4999,Pvt Ltd,2,96,<NA>
city_103,0.9199999975486073,Male,Has relevent experience,no_enrollment,Graduate,STEM,>20,10000+,Pvt Ltd,2,139,1
city_103,0.9200000000127494,Male,Has relevent experience,no_enrollment,Graduate,Business Degree,2,10000+,Funded Startup,1,71,0
city_105,0.9309773199071849,Male,No relevent experience,no_enrollment,Masters,STEM,<1,10000+,Pvt Ltd,2,18,0
city_103,0.9200352575587349,Male,Has relevent experience,no_enrollment,Masters,STEM,5,10/49,NGO,1,103,0
city_57,0.6826979606451505,Male,Has relevent experience,no_enrollment,Masters,STEM,12,1000-4999,Pvt Ltd,4,278,<NA>
city_48,0.7189950589697813,Other,Has relevent experience,no_enrollment,Graduate,Other,17,1000-4999,Pvt Ltd,2,70,0
city_123,0.8869139392163959,Male,Has relevent experience,no_enrollment,Graduate,STEM,17,<10,Pvt Ltd,>4,15,0
city_103,0.9198745406841569,Male,Has relevent experience,no_enrollment,Graduate,STEM,>20,1000-4999,Funded Startup,4,186,1
city_7,0.8880563416484202,Male,No relevent experience,no_enrollment,Graduate,Other,8,100-500,Pvt Ltd,1,43,0
city_91,0.8146908723178755,Male,Has relevent experience,no_enrollment,Graduate,STEM,5,100-500,Funded Startup,1,19,0
city_71,0.9339960436414778,Male,Has relevent experience,no_enrollment,Graduate,STEM,9,100-500,NGO,3,235,1
city_100,0.7561230729815214,Male,Has relevent experience,no_enrollment,Graduate,STEM,12,50-99,Pvt Ltd,1,76,0
city_103,0.9200318656832633,Male,Has relevent experience,no_enrollment,Graduate,STEM,4,50-99,Pvt Ltd,1,14,0
city_48,0.6979999999993318,Male,Has relevent experience,Full time course,Masters,STEM,18,50-99,Pvt Ltd,4,8,<NA>
city_72,0.8984746231068388,Male,No relevent experience,no_enrollment,Graduate,STEM,>20,50-99,Pvt Ltd,never,86,0
city_157,0.677882721472239,Male,No relevent experience,no_enrollment,Graduate,STEM,3,100-500,Pvt Ltd,1,78,0
city_117,0.8896253306719472,Male,Has relevent experience,no_enrollment,Masters,Business Degree,>20,5000-9999,Funded Startup,1,116,0
city_21,0.6239999999643462,Male,Has relevent experience,Full time course,Graduate,STEM,1,50-99,Pvt Ltd,1,30,1
city_117,0.9049299649849079,Male,Has relevent experience,no_enrollment,Graduate,STEM,6,100-500,Public Sector,4,17,<NA>
city_141,0.918601386545664,Male,Has relevent experience,no_enrollment,Masters,STEM,>20,50-99,Pvt Ltd,>4,26,<NA>
city_45,0.9270605817704336,Male,Has relevent experience,no_enrollment,Masters,STEM,>20,50-99,Pvt Ltd,3,213,0
city_75,0.9205374382614794,Male,Has relevent experience,no_enrollment,Graduate,Humanities,16,50-99,Pvt Ltd,>4,85,0
city_21,0.6240000000195404,Male,Has relevent experience,Part time course,Masters,STEM,7,50-99,Funded Startup,3,21,0
city_21,0.6239999999665332,Male,Has relevent experience,no_enrollment,Masters,STEM,19,50-99,NGO,never,42,1
city_103,0.9200305496669509,Male,Has relevent experience,no_enrollment,Graduate,STEM,2,10000+,Pvt Ltd,1,11,0
city_24,0.8878166903478051,Male,No relevent experience,Part time course,Masters,STEM,14,10000+,Other,4,48,1
city_133,0.9239895047573614,Male,Has relevent experience,no_enrollment,Masters,STEM,9,500-999,Pvt Ltd,>4,236,0
city_91,0.8787706207680878,Male,Has relevent experience,no_enrollment,Masters,STEM,15,100-500,Pvt Ltd,3,34,0
city_116,0.8826798665055284,Male,Has relevent experience,Full time course,Graduate,STEM,8,50-99,Pvt Ltd,>4,107,0
city_179,0.9414283322832316,Male,Has relevent experience,no_enrollment,Graduate,Humanities,>20,500-999,Pvt Ltd,never,59,0
city_103,0.9200000000025399,Male,Has relevent experience,no_enrollment,Graduate,STEM,4,50-99,Pvt Ltd,1,55,0
city_103,0.9200000000477743,Male,No relevent experience,Full time course,Graduate,Other,7,1000-4999,Pvt Ltd,1,43,0
city_157,0.8267717840842691,Male,Has relevent experience,no_enrollment,Graduate,STEM,7,<10,Early Stage Startup,2,64,0
city_26,0.9245071800641906,Male,Has relevent experience,no_enrollment,Masters,STEM,>20,10000+,Pvt Ltd,4,41,1
city_114,0.9171342428936323,Male,Has relevent experience,no_enrollment,Masters,STEM,>20,100-500,Pvt Ltd,1,8,0
city_21,0.6240000000227066,Male,Has relevent experience,no_enrollment,Masters,STEM,7,5000-9999,Pvt Ltd,1,86,0
city_21,0.6239999999651744,Male,Has relevent experience,Part time course,Graduate,STEM,7,50-99,Public Sector,3,43,0
city_103,0.9199969200964008,Male,Has relevent experience,Full time course,Graduate,STEM,3,50-99,Early Stage Startup,1,114,0
city_19,0.8982107909966883,Male,Has relevent experience,no_enrollment,Graduate,STEM,8,1000-4999,Pvt Ltd,>4,51,0
city_23,0.8791425357415323,Male,No relevent experience,Full time course,Graduate,Business Degree,2,1000-4999,Pvt Ltd,1,17,0
city_21,0.638924227215651,Other,Has relevent experience,Part time course,Primary School,STEM,15,500-999,Pvt Ltd,4,195,1
city_133,0.9289410484781927,Male,Has relevent experience,Full time course,Graduate,STEM,13,100-500,NGO,1,100,0
city_90,0.9267073442639017,Male,Has relevent experience,Part time course,High School,STEM,17,10000+,Pvt Ltd,2,313,<NA>
city_97,0.930183984133627,Male,Has relevent experience,no_enrollment,Graduate,STEM,16,10/49,NGO,2,10,1
city_133,0.8018078130778408,Male,Has relevent experience,no_enrollment,Masters,STEM,3,500-999,Pvt Ltd,1,28,1
city_159,0.9220566310376533,Male,Has relevent experience,no_enrollment,Graduate,STEM,10,10000+,Pvt Ltd,2,213,<NA>
city_141,0.5731690943300844,Female,No relevent experience,Full time course,Graduate,Other,5,10/49,Pvt Ltd,1,265,0
city_155,0.9113171002881613,Male,Has relevent experience,Part time course,Graduate,STEM,10,10000+,Pvt Ltd,>4,27,<NA>
city_173,0.8587752875933174,Male,Has relevent experience,no_enrollment,Graduate,STEM,11,100-500,Pvt Ltd,never,27,0
city_57,0.936258769409371,Male,Has relevent experience,no_enrollment,Graduate,STEM,18,10/49,Other,2,14,0
city_114,0.9261883095070508,Male,Has relevent experience,no_enrollment,Masters,STEM,>20,10/49,Pvt Ltd,>4,74,0
city_77,0.5060219274466985,Other,Has relevent experience,Full time course,Masters,STEM,4,50-99,Public Sector,>4,54,0
city_179,0.9048725741749291,Male,Has relevent experience,no_enrollment,Masters,STEM,>20,10/49,Pvt Ltd,>4,22,0
city_69,0.9360413393066982,Male,Has relevent experience,no_enrollment,Masters,Other,<1,50-99,Pvt Ltd,1,8,0
city_44,0.8870071547897399,Male,Has relevent experience,no_enrollment,Masters,No Major,7,1000-4999,Pvt Ltd,>4,38,0
city_103,0.9194358908846881,Male,Has relevent experience,no_enrollment,Masters,STEM,11,50-99,Public Sector,never,329,0
city_103,0.9200018937889033,Male,Has relevent experience,no_enrollment,Graduate,Business Degree,10,500-999,Pvt Ltd,>4,1,0
city_152,0.7491473435965862,Male,Has relevent experience,no_enrollment,Graduate,STEM,6,100-500,Pvt Ltd,2,148,0
city_103,0.9199999997255935,Male,Has relevent experience,no_enrollment,Graduate,STEM,10,1000-4999,Pvt Ltd,2,30,0
city_21,0.6240000000386394,Male,No relevent experience,no_enrollment,Graduate,STEM,2,<10,Pvt Ltd,never,40,1
city_84,0.8958442421761831,Male,Has relevent experience,no_enrollment,Graduate,STEM,15,500-999,Pvt Ltd,never,66,0
city_21,0.6239999998810503,Male,Has relevent experience,no_enrollment,Masters,STEM,4,100-500,Pvt Ltd,1,27,<NA>
city_103,0.9199858645953533,Male,Has relevent experience,no_enrollment,Graduate,STEM,16,500-999,Pvt Ltd,4,111,<NA>
city_65,0.9042021789943766,Male,Has relevent experience,Full time course,Graduate,STEM,8,100-500,Other,1,108,0
city_165,0.8415135237821497,Male,Has relevent experience,no_enrollment,Graduate,STEM,3,50-99,Pvt Ltd,1,26,1
city_157,0.9461319818522946,Male,Has relevent experience,no_enrollment,Graduate,STEM,14,5000-9999,Pvt Ltd,2,185,0
city_134,0.8612427152488074,Other,Has relevent experience,no_enrollment,Graduate,Other,17,1000-4999,Pvt Ltd,2,129,0
city_179,0.9271210174564761,Male,Has relevent experience,no_enrollment,Graduate,STEM,>20,<10,Pvt Ltd,1,34,0
city_64,0.9341576849223242,Male,Has relevent experience,no_enrollment,Masters,STEM,4,500-999,Funded Startup,2,40,0
city_21,0.6239999998554848,Male,Has relevent experience,Full time course,Masters,STEM,3,50-99,Pvt Ltd,2,83,1
city_50,0.8751963083066098,Male,Has relevent experience,no_enrollment,Masters,STEM,6,50-99,Pvt Ltd,1,65,0
city_2,0.8933666520828943,Male,Has relevent experience,Full time course,Graduate,STEM,8,100-500,NGO,1,129,0
city_152,0.5862296227576496,Female,Has relevent experience,no_enrollment,Masters,STEM,14,100-500,Pvt Ltd,1,129,0
city_105,0.6979999999997133,Male,Has relevent experience,no_enrollment,Graduate,STEM,11,50-99,Pvt Ltd,1,33,0
city_21,0.8770341325216076,Male,Has relevent experience,no_enrollment,Graduate,STEM,10,100-500,Pvt Ltd,>4,32,1
city_103,0.9200000000392088,Male,No relevent experience,Part time course,Primary School,STEM,5,10000+,Pvt Ltd,never,41,<NA>
city_117,0.717747121421199,Male,Has relevent experience,no_enrollment,Graduate,STEM,10,50-99,Pvt Ltd,1,41,0
city_107,0.9134581266378243,Male,Has relevent experience,no_enrollment,Graduate,STEM,16,500-999,Pvt Ltd,>4,14,0
city_14,0.9277248327813377,Male,Has relevent experience,no_enrollment,Graduate,STEM,16,500-999,Pvt Ltd,>4,12,0
city_105,0.6642816647662215,Female,Has relevent experience,no_enrollment,Graduate,Arts,4,50-99,Other,1,269,0
city_39,0.9406275972244508,Male,Has relevent experience,no_enrollment,Masters,STEM,1,<10,Other,1,58,1
city_145,0.5526421606486491,Other,Has relevent experience,no_enrollment,Masters,STEM,2,<10,NGO,1,143,0
city_91,0.7771165099415389,Male,Has relevent experience,Part time course,Graduate,Business Degree,3,<10,Other,2,109,1
city_117,0.8123112673755211,Male,Has relevent experience,no_enrollment,Masters,STEM,15,1000-4999,Pvt Ltd,4,128,0
city_103,0.9200000010157534,Male,No relevent experience,Full time course,Masters,STEM,8,50-99,Other,2,30,0
city_103,0.9200557999358507,Male,Has relevent experience,no_enrollment,Masters,STEM,18,5000-9999,Pvt Ltd,1,12,0
city_136,0.9135655017597666,Male,Has relevent experience,no_enrollment,Graduate,STEM,4,10000+,Pvt Ltd,never,22,0
city_155,0.9055373414905404,Male,Has relevent experience,Full time course,Masters,Humanities,15,50-99,Pvt Ltd,4,34,0
city_45,0.8204076284494983,Female,No relevent experience,no_enrollment,Graduate,STEM,4,500-999,Pvt Ltd,3,227,<NA>
city_77,0.6980000000001024,Male,Has relevent experience,no_enrollment,Graduate,STEM,5,500-999,Pvt Ltd,1,44,0
city_41,0.7264313428123607,Male,Has relevent experience,no_enrollment,Graduate,STEM,10,100-500,Pvt Ltd,>4,15,0
city_142,0.6501600248698571,Female,No relevent experience,Part time course,Masters,STEM,2,50-99,Funded Startup,2,314,<NA>
city_127,0.5729934503435798,Male,Has relevent experience,no_enrollment,Graduate,STEM,3,<10,Funded Startup,never,60,1
city_41,0.4870711378217796,Other,Has relevent experience,no_enrollment,Masters,STEM,15,100-500,Pvt Ltd,>4,195,0
city_103,0.9200046918119972,Male,Has relevent experience,no_enrollment,Masters,STEM,10,10/49,Public Sector,1,20,0
city_133,0.901675457074683,Male,Has relevent experience,Full time course,Phd,Arts,>20,50-99,Pvt Ltd,>4,1,1
city_26,0.5092167350232705,Male,Has relevent experience,Part time course,Graduate,STEM,6,100-500,NGO,2,35,0
city_61,0.8847940702155488,Male,Has relevent experience,no_enrollment,Graduate,STEM,17,50-99,Funded Startup,>4,92,0
city_155,0.9224104168684059,Male,Has relevent experience,no_enrollment,Graduate,No Major,>20,10/49,NGO,>4,63,0
city_103,0.9200000000132272,Male,No relevent experience,no_enrollment,Graduate,Business Degree,>20,500-999,NGO,never,39,0
city_105,0.9031236219985841,Male,Has relevent experience,no_enrollment,Graduate,STEM,>20,50-99,Pvt Ltd,1,40,0
city_1,0.9343644903307567,Male,Has relevent experience,Part time course,Masters,STEM,>20,10000+,Pvt Ltd,1,13,1
city_7,0.7941860628660992,Male,Has relevent experience,no_enrollment,Graduate,Arts,2,<10,Pvt Ltd,1,76,1
city_114,0.9256197810332311,Male,Has relevent experience,no_enrollment,Masters,STEM,20,50-99,Pvt Ltd,1,68,0
city_69,0.9401676527768298,Male,Has relevent experience,no_enrollment,Graduate,STEM,12,100-500,Pvt Ltd,3,22,1
city_103,0.9200000002778813,Male,Has relevent experience,no_enrollment,Graduate,STEM,6,10/49,Pvt Ltd,4,29,1
city_97,0.9177564421362818,Male,Has relevent experience,no_enrollment,Graduate,STEM,16,500-999,Pvt Ltd,>4,13,0
city_157,0.8742497345348201,Male,Has relevent experience,no_enrollment,Graduate,STEM,8,1000-4999,Pvt Ltd,>4,45,0
city_114,0.9246499359859298,Male,Has relevent experience,no_enrollment,Masters,STEM,>20,10/49,Pvt Ltd,3,67,0
city_103,0.9199553298681771,Male,Has relevent experience,no_enrollment,Graduate,Humanities,5,500-999,Pvt Ltd,>4,123,0
city_78,0.9238093193142881,Male,Has relevent experience,no_enrollment,Graduate,STEM,9,10000+,Pvt Ltd,1,75,0
city_69,0.7911018911969003,Male,Has relevent experience,no_enrollment,Graduate,Business Degree,14,100-500,Pvt Ltd,2,3,<NA>
city_103,0.9200021927647921,Male,Has relevent experience,no_enrollment,Graduate,STEM,17,50-99,Funded Startup,4,14,0
city_104,0.8684285880924025,Male,Has relevent experience,no_enrollment,Graduate,STEM,>20,<10,Pvt Ltd,3,8,1
city_13,0.7419182297228315,Male,No relevent experience,Full time course,Graduate,STEM,3,100-500,Pvt Ltd,1,38,0
city_133,0.6979999999992138,Male,Has relevent experience,Part time course,High School,STEM,5,50-99,Pvt Ltd,>4,48,0
city_98,0.9242512747306718,Male,Has relevent experience,no_enrollment,Graduate,Other,>20,10/49,Funded Startup,>4,72,0
city_21,0.6239999999797508,Male,Has relevent experience,no_enrollment,Masters,STEM,19,50-99,Funded Startup,never,49,1
city_103,0.9200000000275411,Male,Has relevent experience,no_enrollment,Graduate,STEM,12,50-99,Pvt Ltd,never,73,<NA>
city_159,0.889696883065148,Male,Has relevent experience,no_enrollment,Masters,STEM,>20,50-99,Pvt Ltd,>4,40,0
city_103,0.9194254563115121,Male,Has relevent experience,no_enrollment,Graduate,STEM,7,10000+,Pvt Ltd,1,308,0
city_103,0.9200000000013119,Male,Has relevent experience,no_enrollment,Masters,STEM,>20,1000-4999,Pvt Ltd,4,79,0
city_103,0.9200000000736107,Male,Has relevent experience,no_enrollment,Graduate,STEM,4,10000+,Pvt Ltd,2,28,0
city_99,0.896199261259026,Male,Has relevent experience,no_enrollment,Graduate,STEM,>20,10/49,Pvt Ltd,2,50,0
city_57,0.8756344049617133,Male,Has relevent experience,no_enrollment,Masters,STEM,13,50-99,Public Sector,1,53,0
city_152,0.6142852875304247,Male,Has relevent experience,no_enrollment,Graduate,STEM,7,100-500,Pvt Ltd,1,101,0
city_21,0.6239999999876213,Male,Has relevent experience,Full time course,Graduate,STEM,<1,500-999,Pvt Ltd,1,35,0
city_145,0.9259224203698794,Male,Has relevent experience,no_enrollment,Graduate,STEM,>20,50-99,Pvt Ltd,never,59,0
city_27,0.7852110905464847,Male,Has relevent experience,no_enrollment,Graduate,STEM,5,50-99,Pvt Ltd,1,35,0
city_39,0.9021569435490977,Male,Has relevent experience,no_enrollment,Graduate,STEM,>20,100-500,Pvt Ltd,>4,53,<NA>
city_99,0.9480249441996351,Male,Has relevent experience,no_enrollment,Masters,STEM,1,<10,Other,1,53,<NA>
city_162,0.8936472065637759,Male,Has relevent experience,Full time course,Graduate,STEM,5,50-99,Pvt Ltd,1,7,0
city_103,0.9199665229855395,Male,Has relevent experience,no_enrollment,Graduate,STEM,5,10000+,Pvt Ltd,2,98,1
city_103,0.9199987327797166,Male,Has relevent experience,no_enrollment,Graduate,Arts,14,100-500,Pvt Ltd,4,12,0
city_21,0.6240000000254632,Male,Has relevent experience,Full time course,Masters,STEM,4,50-99,Pvt Ltd,2,15,1
city_100,0.9184494836462308,Male,Has relevent experience,no_enrollment,Graduate,STEM,10,100-500,Pvt Ltd,1,45,0
city_165,0.9321019980733439,Female,Has relevent experience,no_enrollment,Graduate,STEM,>20,1000-4999,Other,1,244,0
city_97,0.6099650981971699,Other,No relevent experience,no_enrollment,Masters,STEM,5,50-99,Pvt Ltd,never,228,0
city_11,0.9258918495426576,Male,Has relevent experience,Full time course,Graduate,STEM,4,100-500,Pvt Ltd,4,13,0
city_39,0.8825654739517343,Male,Has relevent experience,Full time course,Graduate,STEM,>20,50-99,Pvt Ltd,1,20,0
city_41,0.7869321503120901,Female,Has relevent experience,no_enrollment,Graduate,STEM,>20,500-999,Pvt Ltd,3,133,<NA>
city_106,0.9194709357106757,Male,Has relevent experience,no_enrollment,Graduate,STEM,4,100-500,Funded Startup,2,232,0
city_144,0.5699989376600845,Male,Has relevent experience,no_enrollment,Masters,STEM,12,1000-4999,Pvt Ltd,3,295,<NA>
city_107,0.9327601412879983,Male,Has relevent experience,no_enrollment,Graduate,STEM,14,100-500,Pvt Ltd,1,7,0
city_21,0.6239999999578076,Male,Has relevent experience,Full time course,Masters,STEM,5,50-99,Pvt Ltd,4,22,0
city_179,0.5190414847847544,Male,Has relevent experience,no_enrollment,Graduate,STEM,17,500-999,Pvt Ltd,1,12,0
city_54,0.5988192141632105,Other,Has relevent experience,no_enrollment,Graduate,STEM,10,50-99,Pvt Ltd,1,63,<NA>
city_126,0.9340253075869821,Male,Has relevent experience,no_enrollment,Graduate,STEM,12,10000+,Pvt Ltd,4,17,1
city_70,0.49600023585939224,Female,Has relevent experience,no_enrollment,Masters,STEM,2,<10,Other,1,257,0
city_103,0.9200000000423574,Male,Has relevent experience,no_enrollment,Graduate,STEM,2,1000-4999,Pvt Ltd,1,41,0
city_103,0.9200000000441554,Male,No relevent experience,no_enrollment,Graduate,STEM,<1,100-500,Pvt Ltd,2,68,<NA>
city_140,0.6979999999998873,Male,Has relevent experience,no_enrollment,Masters,STEM,15,<10,Pvt Ltd,1,14,0
city_21,0.6239999998587353,Male,Has relevent experience,no_enrollment,Masters,STEM,7,<10,Pvt Ltd,4,50,0
city_103,0.9200000000137358,Male,Has relevent experience,no_enrollment,Graduate,STEM,>20,50-99,Pvt Ltd,>4,55,1
city_128,0.922638065807499,Male,Has relevent experience,no_enrollment,Graduate,STEM,5,500-999,Pvt Ltd,never,232,0
city_103,0.9200164333130756,Male,Has relevent experience,no_enrollment,Masters,STEM,>20,1000-4999,Pvt Ltd,>4,88,1
city_50,0.9103664331649148,Male,Has relevent experience,no_enrollment,Masters,STEM,14,50-99,Pvt Ltd,4,30,0
city_149,0.8815163068756772,Male,Has relevent experience,Full time course,Masters,STEM,13,500-999,NGO,2,20,0
city_12,0.8963552759056833,Male,Has relevent experience,no_enrollment,Masters,STEM,>20,50-99,Pvt Ltd,4,26,<NA>
city_103,0.9200000000268443,Male,No relevent experience,no_enrollment,Masters,STEM,11,100-500,Pvt Ltd,>4,76,0
city_46,0.9214562416532862,Male,Has relevent experience,no_enrollment,Graduate,STEM,11,50-99,Public Sector,2,19,0
city_144,0.8370874478545671,Male,Has relevent experience,Full time course,Graduate,STEM,6,1000-4999,Pvt Ltd,1,20,0
city_103,0.9199999999868653,Male,Has relevent experience,no_enrollment,Graduate,STEM,>20,100-500,Pvt Ltd,2,31,0
city_11,0.6597407354584881,Male,Has relevent experience,no_enrollment,Graduate,Other,6,100-500,Funded Startup,2,71,1
city_78,0.8462170263404062,Male,Has relevent experience,Full time course,Graduate,STEM,8,10/49,Pvt Ltd,1,39,0
city_21,0.6239999998636138,Male,Has relevent experience,Full time course,Graduate,STEM,<1,500-999,Pvt Ltd,1,3,0
city_53,0.8372934775678366,Male,Has relevent experience,no_enrollment,Graduate,STEM,14,100-500,Other,1,11,0
city_173,0.9135074001530243,Male,Has relevent experience,no_enrollment,Masters,STEM,6,10000+,Pvt Ltd,1,122,0
city_126,0.8523359426944064,Male,No relevent experience,Full time course,Graduate,STEM,3,50-99,Funded Startup,1,268,0
city_11,0.4755055766688782,Male,Has relevent experience,no_enrollment,Graduate,STEM,8,5000-9999,Pvt Ltd,1,55,1
city_99,0.74084433169766,Male,No relevent experience,no_enrollment,Graduate,STEM,3,100-500,Pvt Ltd,1,79,0
city_71,0.8612123604293835,Male,Has relevent experience,no_enrollment,Masters,STEM,12,100-500,Pvt Ltd,2,13,0
city_103,0.920000000355062,Male,Has relevent experience,no_enrollment,Graduate,STEM,7,100-500,Pvt Ltd,4,24,1
city_94,0.9232482672833388,Male,Has relevent experience,no_enrollment,Graduate,STEM,7,<10,Funded Startup,4,60,<NA>
city_141,0.6347286566433885,Male,Has relevent experience,no_enrollment,Masters,STEM,7,50-99,Pvt Ltd,1,51,0
city_2,0.896349629884838,Male,Has relevent experience,no_enrollment,Graduate,STEM,12,10/49,Pvt Ltd,1,53,0
city_76,0.9248244172734555,Male,Has relevent experience,Full time course,Graduate,STEM,5,10/49,Funded Startup,1,51,0
city_83,0.9226999980602426,Male,Has relevent experience,no_enrollment,Masters,STEM,>20,100-500,Pvt Ltd,3,29,0
city_54,0.8929921951394794,Male,Has relevent experience,no_enrollment,Graduate,STEM,11,5000-9999,Pvt Ltd,1,40,0
city_78,0.797756071513515,Male,Has relevent experience,Full time course,Graduate,STEM,16,1000-4999,Pvt Ltd,never,33,1
city_103,0.9198369824562193,Male,Has relevent experience,no_enrollment,Graduate,STEM,6,10000+,Pvt Ltd,2,204,0
city_77,0.9279194485205883,Male,Has relevent experience,no_enrollment,Masters,STEM,>20,5000-9999,Pvt Ltd,2,37,0
city_103,0.9199960786719796,Male,Has relevent experience,no_enrollment,Graduate,STEM,>20,500-999,Pvt Ltd,1,12,0
city_103,0.9199553853889457,Male,Has relevent experience,no_enrollment,Graduate,STEM,>20,<10,Other,>4,126,0
city_103,0.9202031171675402,Male,No relevent experience,no_enrollment,Graduate,STEM,15,100-500,Pvt Ltd,1,242,0
city_158,0.7628699697933098,Other,Has relevent experience,Part time course,High School,STEM,5,1000-4999,Pvt Ltd,4,255,0
city_103,0.9200000002212286,Male,Has relevent experience,no_enrollment,Graduate,STEM,8,10000+,Pvt Ltd,1,24,0
city_39,0.917552079585007,Male,Has relevent experience,no_enrollment,Graduate,STEM,>20,10/49,Pvt Ltd,2,29,0
city_20,0.7140188685983829,Male,Has relevent experience,no_enrollment,Graduate,STEM,13,100-500,Public Sector,>4,10,0
city_21,0.6240000000400917,Male,Has relevent experience,no_enrollment,Graduate,STEM,6,<10,Early Stage Startup,1,130,0
city_90,0.9079820945372112,Other,Has relevent experience,no_enrollment,Graduate,STEM,10,10/49,Pvt Ltd,4,123,0
city_7,0.9187715779768055,Male,Has relevent experience,no_enrollment,Masters,STEM,11,10000+,Pvt Ltd,1,49,0
city_142,0.8121212937007631,Male,Has relevent experience,no_enrollment,Masters,STEM,11,1000-4999,Pvt Ltd,1,3,1
city_94,0.7960108210041711,Male,Has relevent experience,no_enrollment,Graduate,STEM,19,100-500,Funded Startup,1,10,0
city_103,0.9200000000182089,Male,Has relevent experience,no_enrollment,Graduate,STEM,>20,5000-9999,Pvt Ltd,>4,58,0
city_90,0.9183184306811251,Male,No relevent experience,Part time course,Masters,STEM,3,<10,Public Sector,>4,21,1
city_33,0.8983066187219114,Male,Has relevent experience,no_enrollment,Masters,STEM,>20,<10,Pvt Ltd,1,47,0
city_76,0.4685753631937175,Female,Has relevent experience,no_enrollment,Graduate,STEM,>20,10000+,Pvt Ltd,2,130,0
city_59,0.8501569167845443,Male,Has relevent experience,no_enrollment,Graduate,STEM,15,500-999,Pvt Ltd,4,159,0
city_16,0.921218394073124,Male,Has relevent experience,no_enrollment,Masters,STEM,9,100-500,Pvt Ltd,1,264,0
city_103,0.9200000000198023,Male,No relevent experience,no_enrollment,Graduate,Business Degree,1,100-500,Funded Startup,1,52,0
city_76,0.5835068943866288,Other,Has relevent experience,Full time course,Graduate,STEM,8,50-99,Pvt Ltd,1,243,0
city_21,0.6240000000364313,Male,No relevent experience,no_enrollment,Graduate,STEM,5,10000+,Pvt Ltd,1,31,0
city_105,0.7479404297192968,Male,Has relevent experience,Part time course,High School,STEM,5,<10,Pvt Ltd,3,32,<NA>
city_127,0.8038096663500948,Male,Has relevent experience,no_enrollment,Masters,STEM,15,1000-4999,Pvt Ltd,3,115,0
city_103,0.9195746182507768,Male,Has relevent experience,Full time course,Graduate,STEM,>20,50-99,Public Sector,4,198,1
city_21,0.623999999920218,Male,Has relevent experience,Full time course,Graduate,STEM,4,50-99,Pvt Ltd,1,21,1
city_16,0.8743322111814166,Male,Has relevent experience,no_enrollment,Graduate,STEM,>20,<10,Pvt Ltd,3,61,0
city_103,0.9200248225683001,Male,No relevent experience,no_enrollment,Graduate,STEM,<1,100-500,Early Stage Startup,1,19,1
city_91,0.8289087436519672,Male,Has relevent experience,Full time course,Graduate,STEM,5,50-99,Pvt Ltd,1,171,<NA>
city_94,0.5392490783724823,Male,Has relevent experience,no_enrollment,Graduate,STEM,8,5000-9999,Pvt Ltd,1,58,1
city_21,0.6240000000454464,Male,Has relevent experience,no_enrollment,Graduate,STEM,4,100-500,Pvt Ltd,2,86,1
city_103,0.9199806327295639,Male,Has relevent experience,no_enrollment,Graduate,STEM,>20,1000-4999,Pvt Ltd,4,87,<NA>
city_103,0.9200000000198763,Male,Has relevent experience,no_enrollment,Graduate,STEM,>20,5000-9999,Pvt Ltd,1,66,0
city_101,0.614272997123855,Male,Has relevent experience,no_enrollment,Graduate,STEM,3,10/49,Pvt Ltd,2,175,<NA>
city_39,0.8965848577484933,Male,Has relevent experience,no_enrollment,Graduate,STEM,6,50-99,Pvt Ltd,1,105,0
city_103,0.919985219502425,Male,Has relevent experience,no_enrollment,Graduate,STEM,5,100-500,Pvt Ltd,1,5,0
city_99,0.9050383783518611,Male,Has relevent experience,no_enrollment,Graduate,STEM,>20,100-500,Pvt Ltd,>4,174,0
city_103,0.9200000002258161,Male,Has relevent experience,no_enrollment,Graduate,STEM,>20,100-500,Pvt Ltd,2,25,0
city_103,0.920099350225724,Male,Has relevent experience,no_enrollment,Graduate,STEM,10,10000+,Early Stage Startup,>4,217,0
city_103,0.9199999999967028,Male,Has relevent experience,no_enrollment,Masters,STEM,14,100-500,Pvt Ltd,>4,69,0
city_10,0.6280910741111558,Male,Has relevent experience,no_enrollment,Graduate,STEM,3,100-500,Pvt Ltd,2,70,1
city_127,0.8579842986917307,Male,Has relevent experience,no_enrollment,Masters,STEM,8,10000+,Pvt Ltd,1,187,1
city_103,0.919991554793111,Male,Has relevent experience,no_enrollment,Graduate,STEM,10,10000+,Pvt Ltd,3,15,0
city_107,0.9303813169207142,Male,Has relevent experience,no_enrollment,Phd,STEM,>20,1000-4999,Pvt Ltd,4,198,1
city_115,0.8437261326863167,Female,Has relevent experience,no_enrollment,Graduate,STEM,10,100-500,Pvt Ltd,>4,5,0
city_105,0.8731691646482082,Male,Has relevent experience,no_enrollment,Masters,STEM,>20,100-500,Pvt Ltd,1,26,0
city_179,0.9226199998533955,Male,Has relevent experience,no_enrollment,Graduate,STEM,14,<10,NGO,1,81,0
city_24,0.9086172843769327,Male,Has relevent experience,no_enrollment,Graduate,STEM,>20,50-99,Pvt Ltd,>4,57,0
city_103,0.9200000000103409,Male,Has relevent experience,no_enrollment,Graduate,STEM,20,500-999,NGO,1,62,0
city_179,0.8269196390713595,Male,Has relevent experience,no_enrollment,Masters,STEM,16,100-500,Pvt Ltd,>4,48,<NA>
city_46,0.8329909525728931,Male,Has relevent experience,no_enrollment,Masters,STEM,>20,100-500,Pvt Ltd,4,45,0
city_103,0.920017238645871,Male,Has relevent experience,no_enrollment,Masters,STEM,>20,50-99,Pvt Ltd,3,21,<NA>
city_114,0.9251990636504881,Male,Has relevent experience,no_enrollment,Graduate,STEM,9,50-99,Pvt Ltd,2,64,0
city_103,0.9200000005645746,Male,Has relevent experience,no_enrollment,Graduate,Business Degree,>20,500-999,Early Stage Startup,>4,25,0
city_103,0.9200000000454189,Male,Has relevent experience,no_enrollment,Graduate,STEM,>20,5000-9999,Pvt Ltd,>4,59,0
city_21,0.6239999998656123,Male,No relevent experience,Part time course,Masters,STEM,2,10/49,NGO,4,46,0
city_42,0.7856899961101628,Female,Has relevent experience,no_enrollment,Graduate,STEM,>20,500-999,Pvt Ltd,1,299,<NA>
city_106,0.9018100849335309,Male,Has relevent experience,no_enrollment,Graduate,STEM,7,10/49,Pvt Ltd,3,33,1
city_76,0.9203880856720451,Male,Has relevent experience,no_enrollment,Graduate,STEM,14,10/49,Pvt Ltd,1,281,0
city_19,0.9239862270350423,Male,Has relevent experience,no_enrollment,Masters,STEM,>20,10000+,Pvt Ltd,3,129,0
city_2,0.9238387247092998,Male,Has relevent experience,no_enrollment,Graduate,STEM,>20,500-999,Funded Startup,4,242,1
city_176,0.5531476229099912,Male,Has relevent experience,no_enrollment,Graduate,STEM,10,<10,Funded Startup,never,42,1
city_116,0.8539151041165918,Male,Has relevent experience,no_enrollment,Graduate,STEM,3,100-500,Other,2,310,0
city_2,0.4836008505307647,Female,Has relevent experience,no_enrollment,Masters,STEM,7,50-99,Pvt Ltd,2,289,0
city_146,0.5378170488731212,Male,Has relevent experience,Full time course,Graduate,STEM,6,100-500,Pvt Ltd,1,212,0
city_146,0.6411693968971122,Female,Has relevent experience,Full time course,Graduate,STEM,11,10/49,Pvt Ltd,never,255,0
city_103,0.9200000000436129,Male,Has relevent experience,Full time course,Graduate,STEM,4,100-500,Pvt Ltd,1,53,0
city_103,0.9200000000141734,Male,Has relevent experience,no_enrollment,Graduate,STEM,9,500-999,Pvt Ltd,4,51,1
city_93,0.6334648106403444,Male,Has relevent experience,no_enrollment,Graduate,STEM,12,100-500,Pvt Ltd,3,18,1
city_123,0.7895878269758558,Female,Has relevent experience,no_enrollment,Graduate,Other,4,50-99,Pvt Ltd,1,190,0
city_114,0.925700498715,Male,No relevent experience,no_enrollment,Graduate,No Major,9,5000-9999,Funded Startup,2,70,0
city_46,0.45363857715303996,Male,No relevent experience,Full time course,Masters,STEM,<1,10000+,Pvt Ltd,>4,54,<NA>
city_103,0.920000000029887,Male,Has relevent experience,no_enrollment,Masters,Arts,16,<10,Pvt Ltd,1,74,0
city_103,0.920000000326608,Male,Has relevent experience,no_enrollment,Graduate,STEM,>20,100-500,Pvt Ltd,2,25,0
city_97,0.8991935430439659,Male,Has relevent experience,no_enrollment,Masters,STEM,>20,50-99,Other,1,25,0
city_20,0.8084397951828577,Other,Has relevent experience,no_enrollment,Graduate,STEM,6,100-500,Pvt Ltd,4,36,1
city_133,0.5341268375748957,Male,Has relevent experience,Full time course,Graduate,STEM,6,50-99,Pvt Ltd,4,65,1
city_42,0.6043695034221933,Male,Has relevent experience,no_enrollment,Masters,STEM,9,500-999,NGO,2,80,0
city_103,0.9200360921769614,Male,Has relevent experience,no_enrollment,Masters,Humanities,5,50-99,Public Sector,1,126,0
city_103,0.9199999999858474,Male,No relevent experience,no_enrollment,Graduate,No Major,4,100-500,Pvt Ltd,2,61,0
city_10,0.9116296990792869,Male,Has relevent experience,no_enrollment,Graduate,STEM,12,1000-4999,Other,>4,35,0
city_40,0.7912793050342399,Male,Has relevent experience,no_enrollment,Masters,STEM,10,50-99,Pvt Ltd,>4,112,0
city_7,0.5530035555469301,Female,Has relevent experience,no_enrollment,Masters,STEM,5,10/49,Pvt Ltd,1,83,<NA>
city_103,0.9200000000215953,Male,Has relevent experience,Part time course,Graduate,Arts,11,10000+,Funded Startup,2,78,<NA>
city_136,0.934855773763245,Male,Has relevent experience,no_enrollment,Graduate,STEM,16,1000-4999,Pvt Ltd,1,1,<NA>
city_21,0.6239999998325862,Male,Has relevent experience,no_enrollment,Graduate,STEM,6,10000+,Pvt Ltd,1,123,0
city_103,0.9197534804047569,Male,Has relevent experience,no_enrollment,Graduate,STEM,10,10000+,Early Stage Startup,>4,174,0
city_40,0.9431477868761291,Male,Has relevent experience,no_enrollment,Graduate,STEM,16,100-500,Pvt Ltd,1,45,0
city_76,0.9199674810947962,Male,Has relevent experience,no_enrollment,Graduate,STEM,14,<10,Pvt Ltd,4,280,0
city_173,0.8740236191852285,Male,No relevent experience,no_enrollment,Graduate,STEM,18,100-500,Pvt Ltd,>4,57,0
city_103,0.9199999998652351,Male,Has relevent experience,no_enrollment,Graduate,STEM,6,10/49,Pvt Ltd,4,29,1
city_145,0.6823425108011671,Male,Has relevent experience,no_enrollment,Graduate,STEM,>20,50-99,Pvt Ltd,never,46,1
city_149,0.6131307466613729,Other,Has relevent experience,Full time course,Graduate,STEM,8,50-99,Pvt Ltd,1,308,0
city_103,0.9197397203206822,Male,Has relevent experience,no_enrollment,Graduate,STEM,7,10000+,Pvt Ltd,1,290,0
city_12,0.908092809336934,Female,No relevent experience,Full time course,Graduate,STEM,11,5000-9999,Pvt Ltd,1,71,0
city_24,0.7125145326713678,Male,Has relevent experience,no_enrollment,Graduate,STEM,>20,10/49,Pvt Ltd,1,27,0
city_120,0.8834889462355328,Male,Has relevent experience,Full time course,Graduate,STEM,5,50-99,Pvt Ltd,1,288,<NA>
city_98,0.900207246011838,Male,No relevent experience,no_enrollment,Graduate,STEM,9,500-999,Pvt Ltd,2,26,1
city_106,0.8093948890581638,Male,Has relevent experience,no_enrollment,Masters,STEM,19,100-500,Pvt Ltd,>4,73,0
city_141,0.5373067865363187,Male,Has relevent experience,no_enrollment,Graduate,STEM,6,10/49,Pvt Ltd,never,113,1
city_53,0.8364743657559928,Male,Has relevent experience,Full time course,Graduate,STEM,5,50-99,Pvt Ltd,1,80,1
city_27,0.8864237798791857,Male,Has relevent experience,no_enrollment,Graduate,STEM,10,10000+,Pvt Ltd,2,28,0
city_43,0.9197332138240553,Male,Has relevent experience,no_enrollment,Graduate,STEM,11,<10,Pvt Ltd,2,21,0
city_101,0.9216504217874539,Male,Has relevent experience,no_enrollment,Masters,STEM,6,500-999,Pvt Ltd,never,107,0
city_21,0.6240000000199564,Male,Has relevent experience,no_enrollment,Graduate,STEM,10,10000+,Pvt Ltd,3,14,<NA>
city_123,0.9214462721166434,Male,Has relevent experience,Part time course,Primary School,STEM,4,50-99,Pvt Ltd,1,86,<NA>
city_146,0.7224034001350593,Male,Has relevent experience,no_enrollment,Graduate,STEM,5,100-500,Pvt Ltd,1,28,0
city_103,0.9200080879481813,Male,Has relevent experience,no_enrollment,Masters,STEM,>20,10/49,Funded Startup,2,207,0
city_55,0.9367646495329939,Male,Has relevent experience,no_enrollment,Masters,STEM,1,<10,Early Stage Startup,1,60,<NA>
city_14,0.8417762134394541,Other,Has relevent experience,no_enrollment,Graduate,STEM,15,100-500,Pvt Ltd,1,174,0
city_165,0.897854472107971,Male,Has relevent experience,no_enrollment,Graduate,STEM,8,1000-4999,Pvt Ltd,>4,51,0
city_150,0.9111211488918097,Male,Has relevent experience,no_enrollment,Graduate,STEM,15,1000-4999,Pvt Ltd,3,107,1
city_103,0.9199999997376855,Male,No relevent experience,Full time course,Phd,STEM,>20,100-500,Pvt Ltd,3,30,0
city_103,0.9199999997106661,Male,No relevent experience,no_enrollment,Graduate,STEM,16,10000+,Pvt Ltd,3,28,0
city_97,0.8634345328021208,Male,Has relevent experience,no_enrollment,Masters,STEM,15,10/49,Public Sector,1,21,0
city_26,0.9194638311212973,Male,Has relevent experience,no_enrollment,Graduate,STEM,18,100-500,Pvt Ltd,>4,60,0
city_83,0.9298027532178728,Male,Has relevent experience,no_enrollment,Graduate,STEM,>20,10/49,Pvt Ltd,2,49,0
city_103,0.9199523757440123,Male,Has relevent experience,no_enrollment,Graduate,STEM,>20,100-500,NGO,1,11,0
city_84,0.5137913749123587,Male,Has relevent experience,Full time course,Graduate,STEM,2,10/49,Pvt Ltd,1,90,0
city_103,0.9200000000406159,Male,Has relevent experience,no_enrollment,Graduate,STEM,10,1000-4999,Pvt Ltd,4,38,0
city_103,0.9200000000220824,Male,Has relevent experience,no_enrollment,Graduate,STEM,>20,1000-4999,Pvt Ltd,1,50,0
city_21,0.6239999998804782,Male,Has relevent experience,Full time course,Graduate,STEM,2,<10,Pvt Ltd,1,15,<NA>
city_69,0.792048507164215,Male,Has relevent experience,no_enrollment,Masters,STEM,18,1000-4999,Pvt Ltd,4,25,0
city_175,0.8915254852913745,Male,Has relevent experience,no_enrollment,Graduate,STEM,>20,<10,Funded Startup,1,15,0
city_21,0.6239999999813223,Male,Has relevent experience,no_enrollment,Graduate,STEM,5,1000-4999,Pvt Ltd,never,5,<NA>
city_173,0.5469486601191418,Male,Has relevent experience,no_enrollment,Graduate,STEM,10,10000+,Pvt Ltd,1,136,0
city_100,0.6237097916663454,Male,Has relevent experience,no_enrollment,Graduate,STEM,3,10/49,Early Stage Startup,1,112,1
city_19,0.9424976649271566,Male,No relevent experience,Part time course,High School,STEM,3,500-999,Early Stage Startup,2,1,0
city_44,0.8819560233730332,Male,Has relevent experience,no_enrollment,Masters,STEM,>20,100-500,Pvt Ltd,1,24,0
city_103,0.9200215584125025,Male,Has relevent experience,no_enrollment,Graduate,STEM,20,500-999,Pvt Ltd,>4,21,0
city_101,0.5849315082426685,Male,Has relevent experience,no_enrollment,Graduate,STEM,4,50-99,Pvt Ltd,1,31,0
city_21,0.6239999999742704,Male,Has relevent experience,no_enrollment,Graduate,STEM,7,100-500,Funded Startup,2,15,0
city_50,0.9263628394497652,Male,Has relevent experience,no_enrollment,Graduate,STEM,6,5000-9999,Funded Startup,2,21,0
city_102,0.893899987869533,Male,Has relevent experience,no_enrollment,Graduate,STEM,9,500-999,Pvt Ltd,1,60,0
city_90,0.4836566745513163,Other,Has relevent experience,no_enrollment,Masters,STEM,6,5000-9999,Pvt Ltd,1,217,0
city_98,0.8053155051682731,Male,Has relevent experience,no_enrollment,Graduate,STEM,5,50-99,Pvt Ltd,1,50,0
city_21,0.6239999998759697,Male,Has relevent experience,Part time course,Primary School,STEM,7,100-500,Pvt Ltd,3,49,1
city_103,0.9200000010224759,Male,Has relevent experience,no_enrollment,Graduate,STEM,4,10/49,Pvt Ltd,3,22,0
city_70,0.9214160658547531,Male,Has relevent experience,no_enrollment,Graduate,STEM,12,500-999,Pvt Ltd,2,270,0
city_55,0.8587459964825012,Male,Has relevent experience,no_enrollment,Masters,STEM,10,<10,Public Sector,1,4,0
city_103,0.9199669119276808,Male,Has relevent experience,no_enrollment,Graduate,STEM,15,50-99,Early Stage Startup,2,11,0
city_90,0.8329296180141152,Other,Has relevent experience,no_enrollment,Masters,STEM,15,100-500,Pvt Ltd,>4,273,0
city_76,0.9248309275240686,Male,Has relevent experience,Full time course,Graduate,STEM,5,10/49,NGO,1,57,0
city_157,0.9274409395492335,Male,Has relevent experience,no_enrollment,Masters,STEM,>20,100-500,Pvt Ltd,1,26,0
city_46,0.7249695867936947,Male,Has relevent experience,no_enrollment,Graduate,STEM,5,10000+,Pvt Ltd,1,315,0
city_7,0.9196261761946327,Male,Has relevent experience,no_enrollment,Graduate,STEM,14,10/49,Pvt Ltd,1,219,0
city_21,0.6239999999600775,Male,No relevent experience,no_enrollment,Graduate,STEM,2,1000-4999,Pvt Ltd,4,35,<NA>
city_21,0.6240000000072449,Male,Has relevent experience,no_enrollment,Graduate,STEM,12,1000-4999,Pvt Ltd,2,49,0
city_123,0.6771313472389485,Male,Has relevent experience,Full time course,Graduate,STEM,5,100-500,Other,3,41,1
city_69,0.5940099325713103,Female,No relevent experience,no_enrollment,Masters,STEM,5,50-99,Pvt Ltd,never,95,0
city_159,0.9362527843624512,Male,Has relevent experience,no_enrollment,Masters,STEM,14,50-99,Other,1,118,1
city_21,0.6239999998964116,Male,Has relevent experience,no_enrollment,Graduate,No Major,11,10000+,Pvt Ltd,1,11,1
city_150,0.8819763288814311,Male,No relevent experience,Full time course,Phd,STEM,14,500-999,Public Sector,1,47,1
city_103,0.9199676016941681,Male,Has relevent experience,no_enrollment,Graduate,STEM,>20,1000-4999,Pvt Ltd,never,15,<NA>
city_13,0.9344800994901408,Male,Has relevent experience,no_enrollment,Graduate,STEM,10,100-500,Pvt Ltd,>4,32,1
city_103,0.9200000000393573,Male,Has relevent experience,no_enrollment,Graduate,No Major,2,1000-4999,Pvt Ltd,2,32,0
city_21,0.6239999999648785,Male,Has relevent experience,no_enrollment,Masters,STEM,7,<10,Pvt Ltd,4,1,0
city_103,0.9199778339026315,Male,Has relevent experience,no_enrollment,Graduate,STEM,>20,10000+,Pvt Ltd,>4,130,<NA>
city_103,0.920000000011555,Male,Has relevent experience,no_enrollment,Graduate,STEM,6,10000+,Pvt Ltd,1,70,0
city_150,0.5345044312544727,Male,Has relevent experience,no_enrollment,Graduate,STEM,6,10/49,Pvt Ltd,1,37,1
city_117,0.9433698092987418,Male,Has relevent experience,no_enrollment,Phd,STEM,>20,<10,Funded Startup,4,24,<NA>
city_44,0.9270610263862296,Male,Has relevent experience,no_enrollment,Graduate,STEM,10,50-99,Pvt Ltd,4,157,<NA>
city_39,0.6979999999995001,Male,Has relevent experience,Part time course,Phd,STEM,18,100-500,Public Sector,2,47,1
city_99,0.600783647780208,Male,Has relevent experience,no_enrollment,Graduate,STEM,3,100-500,Public Sector,3,235,1
city_27,0.7599506085061163,Male,No relevent experience,no_enrollment,Masters,STEM,14,1000-4999,Early Stage Startup,>4,96,0
city_61,0.6979999999999861,Male,Has relevent experience,no_enrollment,Graduate,STEM,>20,10/49,Pvt Ltd,>4,4,0
city_42,0.8938559718934463,Male,No relevent experience,no_enrollment,Masters,STEM,>20,1000-4999,Pvt Ltd,2,328,0
city_145,0.8887951153568862,Male,Has relevent experience,no_enrollment,Graduate,STEM,11,100-500,Pvt Ltd,2,10,0
city_74,0.9259232692092055,Male,Has relevent experience,no_enrollment,Masters,STEM,>20,10/49,Pvt Ltd,4,53,<NA>
city_138,0.8875238073053895,Male,Has relevent experience,no_enrollment,Masters,STEM,10,100-500,Pvt Ltd,1,38,0
city_123,0.7744167929726196,Male,No relevent experience,Full time course,Phd,STEM,14,100-500,NGO,3,148,<NA>
city_65,0.8823894092686251,Male,Has relevent experience,Part time course,Masters,STEM,6,100-500,Pvt Ltd,1,77,0
city_103,0.9200269214163752,Male,Has relevent experience,no_enrollment,Masters,STEM,>20,100-500,Public Sector,2,100,0
city_127,0.5076632559113068,Male,Has relevent experience,no_enrollment,Graduate,STEM,7,10000+,Pvt Ltd,2,314,<NA>
city_21,0.623999999915318,Male,No relevent experience,no_enrollment,Graduate,STEM,7,10000+,Public Sector,2,49,0
city_103,0.9200000000224599,Male,Has relevent experience,no_enrollment,Masters,STEM,14,100-500,Pvt Ltd,3,50,0
city_75,0.9228451230378762,Male,Has relevent experience,no_enrollment,Graduate,STEM,8,50-99,Pvt Ltd,1,316,0
city_123,0.6120499120330143,Other,Has relevent experience,no_enrollment,Masters,Arts,>20,100-500,NGO,2,225,0
city_16,0.6119012344978849,Other,Has relevent experience,no_enrollment,Graduate,STEM,<1,<10,NGO,1,73,1
city_53,0.8989100824701481,Male,No relevent experience,no_enrollment,Graduate,STEM,8,50-99,Pvt Ltd,4,15,1
city_162,0.9254574954404874,Male,Has relevent experience,Full time course,Graduate,STEM,5,10/49,Early Stage Startup,1,59,0
city_103,0.9199999996333316,Male,Has relevent experience,no_enrollment,Masters,STEM,2,100-500,Pvt Ltd,1,27,1
city_160,0.6936744692951494,Male,Has relevent experience,no_enrollment,Graduate,STEM,>20,10/49,Pvt Ltd,>4,98,0
city_67,0.7194055924062511,Female,Has relevent experience,no_enrollment,Graduate,STEM,<1,100-500,Pvt Ltd,3,334,<NA>
city_48,0.872663680038406,Male,Has relevent experience,no_enrollment,Masters,STEM,14,1000-4999,Pvt Ltd,3,26,0
city_71,0.7848425554396298,Male,Has relevent experience,no_enrollment,Masters,STEM,15,500-999,Pvt Ltd,4,26,0
city_103,0.919999997699994,Male,Has relevent experience,no_enrollment,Graduate,Business Degree,>20,100-500,Pvt Ltd,>4,150,0
city_36,0.887215349541059,Male,Has relevent experience,no_enrollment,Masters,STEM,7,10000+,Pvt Ltd,>4,42,0
city_27,0.7965162444962695,Other,Has relevent experience,Full time course,Graduate,STEM,1,50-99,Pvt Ltd,never,299,<NA>
city_144,0.8964963372107373,Male,No relevent experience,no_enrollment,Graduate,STEM,>20,50-99,Pvt Ltd,>4,12,0
city_64,0.5891678343828786,Female,No relevent experience,no_enrollment,Masters,STEM,7,10000+,Pvt Ltd,1,178,0
city_103,0.9200000004951524,Male,Has relevent experience,no_enrollment,Graduate,STEM,7,100-500,Pvt Ltd,4,22,0
city_98,0.703843509043087,Male,Has relevent experience,no_enrollment,Graduate,STEM,>20,10/49,Pvt Ltd,>4,89,1
city_74,0.9195648981797229,Male,Has relevent experience,no_enrollment,Graduate,STEM,14,<10,Public Sector,1,66,0
city_64,0.6436915531793674,Other,Has relevent experience,no_enrollment,Graduate,STEM,11,5000-9999,Pvt Ltd,1,251,0
city_23,0.4648709011542442,Female,Has relevent experience,no_enrollment,Graduate,STEM,2,10/49,Early Stage Startup,1,39,0
city_134,0.9041821073867822,Other,Has relevent experience,no_enrollment,Masters,STEM,6,50-99,Other,1,309,0
city_140,0.6476072448192277,Male,Has relevent experience,no_enrollment,Graduate,STEM,16,500-999,Pvt Ltd,3,66,0
city_105,0.9285332847232144,Male,No relevent experience,no_enrollment,Masters,STEM,<1,10000+,Pvt Ltd,2,17,0
city_42,0.9265668946340053,Male,Has relevent experience,no_enrollment,Masters,STEM,10,10000+,Pvt Ltd,1,44,1
city_102,0.9194171535432538,Male,No relevent experience,no_enrollment,Masters,STEM,<1,10000+,Pvt Ltd,2,15,0
city_103,0.919999999797514,Male,Has relevent experience,no_enrollment,Graduate,STEM,6,10000+,Pvt Ltd,2,28,0
city_120,0.79676820407599,Other,Has relevent experience,no_enrollment,Graduate,Humanities,4,50-99,Early Stage Startup,1,304,0
city_76,0.7299755788183042,Male,Has relevent experience,no_enrollment,Graduate,STEM,6,<10,Other,1,40,1
city_64,0.9328693677870196,Male,Has relevent experience,Full time course,Graduate,STEM,8,100-500,Early Stage Startup,1,109,0
city_7,0.8800213347460983,Male,Has relevent experience,no_enrollment,Graduate,STEM,5,10000+,Pvt Ltd,1,75,0
city_82,0.9210586611513943,Male,Has relevent experience,no_enrollment,Graduate,STEM,16,5000-9999,Other,>4,77,0
city_99,0.9028168161259996,Male,Has relevent experience,Part time course,Graduate,STEM,6,100-500,Pvt Ltd,>4,67,1
city_175,0.9299306722070981,Male,Has relevent experience,no_enrollment,Graduate,STEM,10,100-500,Pvt Ltd,1,48,0
city_42,0.86955754408478,Male,Has relevent experience,no_enrollment,Masters,STEM,18,50-99,Early Stage Startup,2,38,0
city_171,0.6062729603721491,Male,Has relevent experience,no_enrollment,Masters,STEM,6,50-99,Pvt Ltd,1,59,0
city_42,0.9143765420265111,Female,No relevent experience,Full time course,Graduate,STEM,4,10000+,Funded Startup,1,165,0
city_94,0.9489278424592088,Male,Has relevent experience,no_enrollment,Masters,STEM,>20,10000+,Pvt Ltd,4,13,0
city_44,0.755002421620356,Male,No relevent experience,no_enrollment,Masters,STEM,8,1000-4999,Pvt Ltd,4,197,<NA>
city_99,0.5172679005788196,Other,Has relevent experience,no_enrollment,Graduate,STEM,7,10000+,Pvt Ltd,1,1,0
city_14,0.9468354793537086,Male,Has relevent experience,no_enrollment,Graduate,STEM,11,10/49,Pvt Ltd,4,13,<NA>
city_2,0.9230747931658787,Male,Has relevent experience,no_enrollment,Graduate,STEM,14,10/49,Pvt Ltd,1,262,0
city_116,0.6297895231836422,Other,Has relevent experience,no_enrollment,Masters,STEM,14,100-500,Pvt Ltd,1,62,0
city_21,0.6240000000665819,Male,Has relevent experience,Full time course,Masters,STEM,9,100-500,Pvt Ltd,>4,117,0
city_21,0.6239999999759512,Male,Has relevent experience,no_enrollment,Masters,STEM,8,50-99,Early Stage Startup,2,19,<NA>
city_127,0.865525871274136,Male,Has relevent experience,no_enrollment,Masters,STEM,10,<10,Public Sector,1,11,0
city_41,0.877976505663963,Male,Has relevent experience,no_enrollment,Graduate,STEM,11,10/49,Pvt Ltd,3,13,<NA>
city_103,0.9200000000025419,Male,Has relevent experience,no_enrollment,Graduate,STEM,15,100-500,Pvt Ltd,4,45,1
city_21,0.6239999998731723,Male,Has relevent experience,no_enrollment,Graduate,STEM,2,10/49,Pvt Ltd,2,89,1
city_104,0.9158566175930973,Female,Has relevent experience,no_enrollment,Graduate,STEM,9,10000+,Pvt Ltd,1,101,0
city_21,0.6239999997839759,Male,Has relevent experience,no_enrollment,Graduate,STEM,6,10000+,Pvt Ltd,1,125,0
city_16,0.9021832251112495,Male,Has relevent experience,no_enrollment,Graduate,STEM,18,100-500,Pvt Ltd,>4,86,0
city_13,0.5578858250687864,Male,No relevent experience,no_enrollment,Graduate,STEM,3,50-99,Other,1,218,1
city_107,0.9225828475829997,Male,Has relevent experience,no_enrollment,Graduate,STEM,14,<10,Pvt Ltd,4,301,0
city_103,0.9200000000400459,Male,Has relevent experience,no_enrollment,Graduate,STEM,16,10/49,Funded Startup,1,71,0
city_100,0.7467523308869145,Male,Has relevent experience,no_enrollment,Graduate,STEM,10,50-99,Pvt Ltd,1,23,0
city_120,0.7197119043315364,Male,Has relevent experience,no_enrollment,Graduate,STEM,10,10/49,Pvt Ltd,3,140,0
city_50,0.49124916843967603,Male,Has relevent experience,no_enrollment,Graduate,Business Degree,>20,500-999,Pvt Ltd,1,77,0
city_142,0.9455746812281033,Male,Has relevent experience,no_enrollment,Graduate,STEM,>20,10000+,Pvt Ltd,>4,91,1
city_162,0.9057706898128152,Male,Has relevent experience,no_enrollment,Masters,STEM,15,50-99,Pvt Ltd,2,48,<NA>
city_103,0.9200000000029467,Male,Has relevent experience,no_enrollment,Graduate,STEM,>20,1000-4999,Pvt Ltd,>4,66,0
city_61,0.9219818085046918,Male,Has relevent experience,no_enrollment,Masters,STEM,>20,100-500,Pvt Ltd,4,28,0
city_40,0.908970439595987,Male,Has relevent experience,no_enrollment,Masters,STEM,15,100-500,Pvt Ltd,4,38,0
city_67,0.9452951888390809,Male,Has relevent experience,no_enrollment,Graduate,STEM,11,50-99,Funded Startup,2,22,0
city_67,0.9002433718067875,Male,Has relevent experience,no_enrollment,Masters,STEM,>20,50-99,Pvt Ltd,1,12,0
city_98,0.946238083273435,Male,Has relevent experience,no_enrollment,Masters,STEM,11,100-500,Other,1,47,0
city_158,0.9245167205710092,Male,Has relevent experience,no_enrollment,Graduate,STEM,20,50-99,Pvt Ltd,1,93,0
city_114,0.9250731294831828,Male,No relevent experience,no_enrollment,Graduate,STEM,>20,500-999,Pvt Ltd,>4,76,0
city_89,0.7329086642860563,Male,Has relevent experience,no_enrollment,Graduate,STEM,10,10/49,Public Sector,1,156,0
city_21,0.6240000000625829,Male,Has relevent experience,no_enrollment,Graduate,STEM,7,10000+,Pvt Ltd,4,85,0
city_152,0.9415383949354429,Male,Has relevent experience,no_enrollment,Graduate,STEM,6,100-500,Pvt Ltd,1,15,<NA>
city_144,0.9331342547731327,Male,Has relevent experience,no_enrollment,Graduate,STEM,6,10000+,Pvt Ltd,1,14,0
city_103,0.9200000000439427,Male,Has relevent experience,no_enrollment,Masters,STEM,14,10000+,Pvt Ltd,3,84,0
city_21,0.6239999998507609,Male,Has relevent experience,Full time course,Graduate,STEM,3,500-999,Other,1,126,0
city_103,0.9200003332330677,Male,Has relevent experience,no_enrollment,Graduate,STEM,4,50-99,Pvt Ltd,1,15,0
city_103,0.920000000009419,Male,Has relevent experience,no_enrollment,Graduate,STEM,17,100-500,Pvt Ltd,1,81,0
city_143,0.9328877589235406,Male,Has relevent experience,no_enrollment,Graduate,STEM,7,10000+,Pvt Ltd,2,330,1
city_33,0.5402834348446588,Male,Has relevent experience,no_enrollment,Graduate,Humanities,>20,500-999,Pvt Ltd,1,70,0
city_21,0.6239999998858278,Male,Has relevent experience,no_enrollment,Graduate,STEM,6,10/49,Pvt Ltd,1,22,1
city_134,0.7310826010478869,Male,Has relevent experience,no_enrollment,Masters,STEM,19,50-99,Pvt Ltd,1,72,0
city_140,0.7250290018420668,Male,Has relevent experience,no_enrollment,Graduate,STEM,19,100-500,Early Stage Startup,1,15,0
city_1,0.8604294435453191,Male,Has relevent experience,no_enrollment,Masters,STEM,>20,1000-4999,Pvt Ltd,2,5,0
city_179,0.9346363772974324,Male,Has relevent experience,no_enrollment,Graduate,STEM,10,10000+,Pvt Ltd,2,13,0
city_145,0.8498422725868269,Male,Has relevent experience,no_enrollment,Graduate,STEM,11,1000-4999,Pvt Ltd,1,99,0
city_138,0.8864322412903196,Male,Has relevent experience,no_enrollment,Phd,Humanities,>20,10000+,Pvt Ltd,>4,13,1
city_107,0.9420095783688418,Male,Has relevent experience,no_enrollment,Graduate,STEM,6,100-500,Pvt Ltd,1,19,<NA>
city_64,0.7642900226799441,Other,No relevent experience,Full time course,Graduate,STEM,5,5000-9999,NGO,1,215,0
city_176,0.8805055469755776,Male,Has relevent experience,no_enrollment,Masters,STEM,>20,1000-4999,Public Sector,>4,7,0
city_105,0.8828333103832399,Male,Has relevent experience,no_enrollment,Graduate,STEM,>20,<10,Early Stage Startup,1,15,0
city_149,0.8888630392766139,Male,Has relevent experience,no_enrollment,Graduate,STEM,15,50-99,Pvt Ltd,>4,48,0
city_93,0.8161616405517403,Male,Has relevent experience,no_enrollment,Graduate,STEM,3,50-99,Pvt Ltd,1,6,0
city_103,0.9199817024429348,Male,Has relevent experience,no_enrollment,Graduate,Arts,>20,50-99,Pvt Ltd,>4,15,0
city_103,0.9200000000343989,Male,Has relevent experience,no_enrollment,Graduate,STEM,10,<10,Public Sector,1,67,0
city_21,0.6239999998782033,Male,Has relevent experience,no_enrollment,Masters,Business Degree,10,100-500,Other,1,22,1
city_173,0.890258461794044,Male,Has relevent experience,no_enrollment,Graduate,STEM,5,50-99,Pvt Ltd,2,40,0
city_103,0.9199972859955156,Male,No relevent experience,Full time course,Graduate,STEM,1,10/49,Public Sector,1,16,1
city_21,0.6240000000993062,Male,Has relevent experience,no_enrollment,Graduate,STEM,8,50-99,Pvt Ltd,4,115,0
city_152,0.9440729184718079,Male,Has relevent experience,Part time course,Phd,STEM,>20,1000-4999,Pvt Ltd,never,156,1
city_103,0.9200000000345342,Male,Has relevent experience,no_enrollment,Graduate,STEM,12,50-99,Pvt Ltd,1,41,<NA>
city_103,0.920000000039887,Male,Has relevent experience,no_enrollment,Graduate,STEM,15,10/49,Pvt Ltd,>4,70,0
city_117,0.8574805436315371,Male,Has relevent experience,Full time course,Graduate,Business Degree,1,<10,Pvt Ltd,1,59,1
city_19,0.9063105689789572,Male,Has relevent experience,no_enrollment,Masters,STEM,>20,500-999,Pvt Ltd,1,36,1
city_103,0.9200000000499782,Male,Has relevent experience,no_enrollment,Graduate,Other,2,1000-4999,Pvt Ltd,2,67,0
city_103,0.920023763789608,Male,Has relevent experience,no_enrollment,Masters,STEM,>20,1000-4999,Pvt Ltd,>4,86,1
city_100,0.8249757746951357,Other,No relevent experience,Full time course,Masters,STEM,>20,5000-9999,Public Sector,>4,323,0
city_27,0.9205879416608742,Male,Has relevent experience,no_enrollment,Graduate,STEM,14,50-99,Pvt Ltd,>4,46,0
city_103,0.9199973568427234,Male,Has relevent experience,no_enrollment,Graduate,STEM,>20,100-500,Pvt Ltd,1,21,0
city_21,0.6239999999638648,Male,Has relevent experience,Part time course,High School,STEM,7,100-500,Pvt Ltd,3,12,1
city_103,0.9200326154045344,Male,Has relevent experience,no_enrollment,Graduate,STEM,>20,1000-4999,Pvt Ltd,>4,90,<NA>
city_103,0.9200343615149753,Male,Has relevent experience,no_enrollment,Graduate,STEM,2,10000+,Pvt Ltd,1,11,0
city_103,0.9193246253104294,Male,No relevent experience,Part time course,Graduate,STEM,9,10000+,Pvt Ltd,3,251,1
city_117,0.9268612784503831,Male,Has relevent experience,no_enrollment,Graduate,STEM,14,<10,Pvt Ltd,4,305,1
city_107,0.9201921225220628,Male,Has relevent experience,no_enrollment,Masters,Arts,1,100-500,Pvt Ltd,1,198,<NA>
city_103,0.9200000000295646,Male,Has relevent experience,Part time course,Primary School,No Major,11,10000+,Early Stage Startup,>4,79,0
city_103,0.9200000000013265,Male,Has relevent experience,no_enrollment,Graduate,STEM,15,10/49,Pvt Ltd,>4,57,0
city_103,0.920000000978041,Male,Has relevent experience,no_enrollment,Graduate,STEM,13,10/49,Early Stage Startup,1,161,0
city_83,0.8552116894337352,Male,Has relevent experience,no_enrollment,Graduate,STEM,>20,50-99,Funded Startup,2,26,0
city_30,0.44977846398579885,Male,Has relevent experience,no_enrollment,Masters,STEM,11,500-999,Early Stage Startup,2,180,1
city_33,0.7674583431403468,Male,Has relevent experience,no_enrollment,Masters,STEM,11,1000-4999,Pvt Ltd,1,1,<NA>
city_21,0.6240000000684234,Male,Has relevent experience,no_enrollment,Graduate,STEM,6,50-99,Pvt Ltd,4,106,1
city_102,0.4923058613533888,Male,Has relevent experience,no_enrollment,Graduate,STEM,3,10000+,Pvt Ltd,2,250,1
city_103,0.9199999999942543,Male,Has relevent experience,no_enrollment,Graduate,STEM,20,500-999,Funded Startup,1,67,0
city_103,0.9200122555563188,Male,No relevent experience,no_enrollment,Graduate,STEM,>20,<10,Pvt Ltd,4,19,<NA>
city_179,0.888458359323526,Male,Has relevent experience,no_enrollment,Graduate,Humanities,11,1000-4999,Pvt Ltd,never,41,<NA>
city_117,0.9355139179301772,Male,Has relevent experience,no_enrollment,Masters,STEM,10,10000+,Pvt Ltd,1,40,1
city_16,0.8761359320306896,Male,Has relevent experience,Part time course,Masters,Other,8,10/49,NGO,2,17,<NA>
city_77,0.9333693508797382,Male,Has relevent experience,no_enrollment,Graduate,STEM,3,10/49,Pvt Ltd,1,43,0
city_13,0.9469638872015638,Male,Has relevent experience,no_enrollment,Graduate,STEM,5,<10,NGO,1,20,0
city_37,0.8614138215296664,Male,Has relevent experience,no_enrollment,Masters,STEM,15,1000-4999,Pvt Ltd,3,123,0
city_115,0.5289927798220131,Male,Has relevent experience,Full time course,Masters,STEM,4,100-500,NGO,1,5,<NA>
city_21,0.6239999999938318,Male,Has relevent experience,no_enrollment,Graduate,STEM,5,50-99,Pvt Ltd,1,19,0
city_103,0.9200383137515001,Male,Has relevent experience,no_enrollment,Graduate,STEM,20,50-99,Pvt Ltd,2,6,0
city_10,0.9330226560373177,Male,Has relevent experience,no_enrollment,Graduate,STEM,16,10/49,Funded Startup,2,3,1
city_150,0.9140073358898346,Male,Has relevent experience,Part time course,Phd,STEM,>20,1000-4999,Early Stage Startup,1,29,1
city_120,0.45196005520641164,Other,Has relevent experience,no_enrollment,Graduate,STEM,2,10/49,Pvt Ltd,1,91,0
city_99,0.9034164007191593,Male,Has relevent experience,no_enrollment,Graduate,STEM,>20,<10,Early Stage Startup,>4,22,0
city_45,0.8744082529000349,Male,No relevent experience,Full time course,Graduate,STEM,2,50-99,Pvt Ltd,1,12,0
city_73,0.9059960107502391,Male,No relevent experience,Part time course,Masters,STEM,14,10000+,NGO,>4,45,1
city_162,0.9234140848517177,Male,No relevent experience,no_enrollment,Graduate,STEM,20,1000-4999,Pvt Ltd,2,13,0
city_103,0.9200164433114153,Male,Has relevent experience,no_enrollment,Graduate,STEM,>20,<10,Public Sector,>4,110,0
city_127,0.915948233430168,Male,Has relevent experience,no_enrollment,Graduate,STEM,20,50-99,Pvt Ltd,1,90,0
city_103,0.9200000000095644,Male,Has relevent experience,no_enrollment,Graduate,STEM,13,10000+,Pvt Ltd,2,44,0
city_136,0.9060830528813747,Male,Has relevent experience,Full time course,Graduate,STEM,>20,50-99,Pvt Ltd,1,21,0
city_159,0.944487653035082,Male,Has relevent experience,no_enrollment,Graduate,Business Degree,12,10/49,Pvt Ltd,1,97,0
city_39,0.7238041443949443,Male,Has relevent experience,no_enrollment,Graduate,STEM,17,5000-9999,Pvt Ltd,2,42,0
city_1,0.9444562843863797,Male,No relevent experience,no_enrollment,Masters,STEM,11,1000-4999,Pvt Ltd,2,1,0
city_50,0.9290638771955718,Male,Has relevent experience,Full time course,Graduate,STEM,4,100-500,Funded Startup,>4,26,<NA>
city_179,0.5588369444616489,Male,Has relevent experience,Full time course,Graduate,STEM,7,500-999,Pvt Ltd,1,78,1
city_48,0.8579346313132786,Male,Has relevent experience,no_enrollment,Masters,STEM,>20,100-500,Pvt Ltd,>4,17,0
city_90,0.8479359394322131,Male,No relevent experience,no_enrollment,Graduate,STEM,>20,10000+,Pvt Ltd,4,100,1
city_36,0.7530751538895475,Male,No relevent experience,no_enrollment,Graduate,STEM,>20,10000+,Pvt Ltd,4,99,0
city_21,0.6239999999977005,Male,Has relevent experience,no_enrollment,Masters,STEM,8,50-99,NGO,2,35,<NA>
city_103,0.9200492633697352,Male,Has relevent experience,no_enrollment,Masters,STEM,>20,1000-4999,Pvt Ltd,>4,86,1
city_115,0.8311389652973458,Male,Has relevent experience,no_enrollment,Masters,STEM,15,10/49,Public Sector,1,34,0
city_84,0.6379488737693597,Male,Has relevent experience,no_enrollment,Graduate,STEM,3,<10,Funded Startup,never,65,1
city_39,0.9068478351052575,Male,Has relevent experience,no_enrollment,Masters,STEM,>20,5000-9999,Pvt Ltd,2,36,0
city_36,0.9275412045965424,Male,Has relevent experience,no_enrollment,Graduate,STEM,15,10/49,Pvt Ltd,2,38,0
city_101,0.9339847728009021,Other,Has relevent experience,no_enrollment,Graduate,Other,4,50-99,Other,1,67,0
city_76,0.6663639570156458,Female,Has relevent experience,no_enrollment,Masters,STEM,8,50-99,Pvt Ltd,1,299,0
city_28,0.8949968399440584,Male,Has relevent experience,no_enrollment,Masters,STEM,11,50-99,Pvt Ltd,1,79,0
city_57,0.8848804930051539,Male,No relevent experience,no_enrollment,Graduate,STEM,>20,100-500,Pvt Ltd,>4,15,0
city_82,0.8791153835563323,Male,Has relevent experience,no_enrollment,Masters,STEM,16,50-99,Pvt Ltd,4,19,0
city_114,0.5787094974932457,Other,Has relevent experience,no_enrollment,Graduate,STEM,12,100-500,Pvt Ltd,4,226,<NA>
city_93,0.9013385761042225,Female,Has relevent experience,Full time course,Graduate,STEM,11,10/49,Pvt Ltd,never,210,0
city_16,0.8833667207428301,Male,Has relevent experience,no_enrollment,Graduate,STEM,>20,1000-4999,Pvt Ltd,2,21,0
city_21,0.623999999989687,Male,Has relevent experience,no_enrollment,Masters,STEM,12,<10,Funded Startup,2,48,0
city_109,0.9332632665314828,Male,Has relevent experience,no_enrollment,Graduate,STEM,11,50-99,Early Stage Startup,2,19,0
city_72,0.6186408736723873,Female,Has relevent experience,Full time course,Graduate,STEM,11,10/49,Pvt Ltd,never,19,0
city_142,0.8498926513842202,Male,Has relevent experience,no_enrollment,Masters,STEM,19,50-99,Pvt Ltd,1,74,0
city_157,0.9072627639881677,Male,Has relevent experience,no_enrollment,Graduate,STEM,10,100-500,Pvt Ltd,>4,29,1
city_72,0.9114041678884336,Male,Has relevent experience,no_enrollment,Graduate,STEM,16,100-500,Pvt Ltd,2,1,0
city_13,0.9072187000294875,Male,No relevent experience,no_enrollment,Graduate,Business Degree,<1,500-999,Pvt Ltd,1,23,0
city_103,0.9200318311261187,Male,Has relevent experience,no_enrollment,Graduate,Arts,4,100-500,Pvt Ltd,1,101,0
city_48,0.6488084090894096,Other,Has relevent experience,no_enrollment,Graduate,Business Degree,4,10000+,Pvt Ltd,1,308,0
city_18,0.9027126793273148,Male,Has relevent experience,Full time course,Masters,STEM,16,5000-9999,Other,>4,11,0
city_64,0.9168702060346124,Male,No relevent experience,no_enrollment,Masters,STEM,8,<10,NGO,2,46,0
city_150,0.6164804231334131,Male,Has relevent experience,no_enrollment,Graduate,STEM,3,100-500,Pvt Ltd,3,78,0
city_83,0.8693369080410349,Male,Has relevent experience,no_enrollment,Masters,STEM,>20,100-500,Pvt Ltd,3,22,0
city_103,0.9194162295036561,Male,Has relevent experience,no_enrollment,Graduate,Humanities,6,50-99,Pvt Ltd,4,174,1
city_103,0.9200000005415786,Male,Has relevent experience,no_enrollment,Masters,STEM,>20,100-500,Pvt Ltd,1,28,0
city_14,0.5872397365235482,Male,Has relevent experience,no_enrollment,Masters,STEM,7,50-99,Pvt Ltd,1,52,0
city_16,0.875711021995648,Male,Has relevent experience,no_enrollment,Graduate,STEM,15,1000-4999,Pvt Ltd,>4,73,1
city_65,0.6137982683388712,Other,Has relevent experience,Full time course,Graduate,STEM,8,50-99,Pvt Ltd,1,193,0
city_30,0.7105723135304132,Other,Has relevent experience,no_enrollment,Graduate,Business Degree,4,100-500,Early Stage Startup,1,143,0
city_24,0.44839707744070145,Other,No relevent experience,Full time course,Phd,STEM,13,100-500,Early Stage Startup,2,194,1
city_21,0.6239999998851181,Male,Has relevent experience,Part time course,High School,STEM,7,50-99,Pvt Ltd,2,34,0
city_28,0.9247385402586672,Male,Has relevent experience,no_enrollment,Masters,STEM,14,50-99,NGO,1,58,0
city_74,0.9205639899999313,Male,Has relevent experience,Full time course,Masters,STEM,15,100-500,Pvt Ltd,3,268,0
city_21,0.6239999997805993,Male,Has relevent experience,no_enrollment,Graduate,STEM,7,10000+,Pvt Ltd,1,90,1
city_26,0.8024562251839742,Male,No relevent experience,Full time course,Graduate,STEM,3,100-500,Pvt Ltd,1,37,0
city_36,0.910472575133733,Male,Has relevent experience,no_enrollment,Graduate,STEM,8,5000-9999,Pvt Ltd,1,148,0
city_20,0.8969592916162454,Male,Has relevent experience,no_enrollment,Masters,STEM,>20,5000-9999,Pvt Ltd,1,108,<NA>
city_103,0.9200000000082957,Male,Has relevent experience,no_enrollment,Masters,STEM,14,10000+,Pvt Ltd,>4,74,0
city_103,0.9199141420761838,Male,Has relevent experience,no_enrollment,Graduate,STEM,15,10000+,Pvt Ltd,>4,311,0
city_114,0.9230926401525237,Male,Has relevent experience,no_enrollment,Graduate,STEM,18,100-500,Pvt Ltd,>4,51,0
city_104,0.8742390274945273,Male,Has relevent experience,Part time course,Masters,STEM,10,10000+,Pvt Ltd,never,26,<NA>
city_39,0.9298642032044901,Male,Has relevent experience,no_enrollment,Graduate,STEM,6,100-500,Pvt Ltd,1,93,0
city_21,0.6240000000165125,Male,Has relevent experience,Full time course,Graduate,STEM,4,100-500,Pvt Ltd,1,47,0
city_103,0.9200000006867947,Male,Has relevent experience,no_enrollment,Graduate,STEM,>20,10/49,Pvt Ltd,2,26,0
city_97,0.5817510325201755,Male,Has relevent experience,Full time course,Graduate,STEM,2,10/49,Pvt Ltd,1,107,0
city_140,0.935898910336285,Male,Has relevent experience,no_enrollment,Masters,STEM,10,1000-4999,Pvt Ltd,1,110,0
city_57,0.9372867508462219,Male,Has relevent experience,no_enrollment,Graduate,STEM,10,10/49,Other,2,14,0
city_157,0.7832260274124586,Male,Has relevent experience,Full time course,Masters,STEM,6,1000-4999,Pvt Ltd,3,92,0
city_69,0.9040014597977811,Male,Has relevent experience,no_enrollment,Graduate,STEM,5,50-99,Pvt Ltd,1,41,0
city_10,0.9482975752470872,Male,Has relevent experience,no_enrollment,Graduate,STEM,18,10/49,Other,2,13,0
city_40,0.9102752438801137,Male,Has relevent experience,Part time course,Masters,STEM,6,50-99,Pvt Ltd,never,22,1
city_21,0.6239999999120422,Male,No relevent experience,no_enrollment,Graduate,STEM,5,10000+,Pvt Ltd,1,4,0
city_99,0.9100147355535921,Male,Has relevent experience,no_enrollment,Graduate,STEM,13,100-500,Pvt Ltd,2,25,<NA>
city_23,0.9321512074971852,Male,Has relevent experience,no_enrollment,Graduate,STEM,9,50-99,Pvt Ltd,1,5,0
city_126,0.7675952450567063,Male,Has relevent experience,Full time course,Graduate,STEM,2,10/49,Pvt Ltd,3,49,<NA>
city_114,0.9482441277589567,Male,Has relevent experience,no_enrollment,Masters,STEM,10,100-500,Pvt Ltd,1,37,0
city_13,0.9389766188261542,Male,Has relevent experience,no_enrollment,Masters,Other,>20,5000-9999,Funded Startup,1,117,0
city_143,0.5537418091242209,Male,Has relevent experience,no_enrollment,Graduate,STEM,7,100-500,Pvt Ltd,2,23,1
city_179,0.5999241326377608,Male,Has relevent experience,no_enrollment,Graduate,STEM,3,100-500,Pvt Ltd,>4,100,1
city_13,0.8846544589307387,Male,Has relevent experience,no_enrollment,Graduate,STEM,11,10/49,Pvt Ltd,4,24,0
city_21,0.6239999999157477,Male,Has relevent experience,no_enrollment,Graduate,STEM,5,50-99,Pvt Ltd,1,17,0
city_103,0.9200000000330254,Male,Has relevent experience,no_enrollment,Graduate,Business Degree,2,10000+,Public Sector,1,59,0
city_103,0.9200000008849405,Male,Has relevent experience,no_enrollment,Masters,STEM,>20,100-500,Early Stage Startup,1,23,0
city_45,0.947974308526162,Male,Has relevent experience,Full time course,Masters,STEM,9,10/49,Pvt Ltd,3,128,<NA>
city_104,0.9112253301056016,Male,No relevent experience,no_enrollment,Masters,STEM,15,1000-4999,Other,3,32,0
city_103,0.9200000000298131,Male,Has relevent experience,no_enrollment,Graduate,STEM,17,50-99,Public Sector,1,58,1
city_103,0.9200000000420414,Male,No relevent experience,Part time course,Masters,STEM,14,10000+,Other,3,42,0
city_165,0.8947258267067213,Male,Has relevent experience,no_enrollment,Masters,STEM,11,50-99,Pvt Ltd,1,85,0
city_65,0.7392838813993702,Male,Has relevent experience,Part time course,Graduate,STEM,10,1000-4999,Pvt Ltd,4,23,0
city_114,0.9251878321455476,Male,Has relevent experience,no_enrollment,Graduate,STEM,9,1000-4999,Pvt Ltd,>4,80,0
city_102,0.7384256942728005,Other,No relevent experience,Part time course,High School,STEM,5,100-500,Pvt Ltd,never,18,1
city_127,0.9015147300611341,Male,Has relevent experience,no_enrollment,Graduate,STEM,13,10/49,Pvt Ltd,2,104,0
city_103,0.9199999999977014,Male,Has relevent experience,no_enrollment,Graduate,STEM,11,50-99,Other,1,45,0
city_77,0.9137823637898843,Male,Has relevent experience,no_enrollment,Masters,No Major,17,100-500,Pvt Ltd,1,124,0
city_104,0.9366534362981881,Male,Has relevent experience,no_enrollment,Graduate,STEM,9,<10,Pvt Ltd,1,20,0
city_117,0.9236127182198312,Male,Has relevent experience,no_enrollment,Graduate,STEM,>20,10/49,Pvt Ltd,2,8,0
city_21,0.6239999998877273,Male,No relevent experience,no_enrollment,Graduate,STEM,1,10000+,Pvt Ltd,2,34,<NA>
city_16,0.7961783837118388,Female,Has relevent experience,no_enrollment,Graduate,STEM,6,10000+,Pvt Ltd,1,251,0
city_165,0.7810369435447264,Male,Has relevent experience,no_enrollment,Masters,STEM,4,50-99,Public Sector,1,73,0
city_41,0.7298706368635561,Male,Has relevent experience,no_enrollment,Graduate,STEM,>20,10000+,Pvt Ltd,>4,71,0
city_103,0.9200073908207116,Male,Has relevent experience,no_enrollment,Graduate,STEM,20,50-99,Pvt Ltd,2,3,0
city_103,0.9199999999981167,Male,Has relevent experience,no_enrollment,Graduate,STEM,20,100-500,Pvt Ltd,1,81,0
city_103,0.9199500703225736,Male,Has relevent experience,no_enrollment,Graduate,STEM,5,<10,Pvt Ltd,1,21,0
city_103,0.9200000000227123,Male,Has relevent experience,no_enrollment,Masters,Humanities,16,<10,Pvt Ltd,1,43,0
city_134,0.6980000065329998,Male,No relevent experience,no_enrollment,Graduate,STEM,5,10/49,Pvt Ltd,1,45,1
city_133,0.8664130837171796,Male,Has relevent experience,no_enrollment,Graduate,STEM,16,50-99,Early Stage Startup,2,3,0
city_106,0.9247462874524985,Male,Has relevent experience,no_enrollment,Graduate,STEM,10,<10,Pvt Ltd,3,6,<NA>
city_176,0.7457942201802222,Male,Has relevent experience,no_enrollment,Graduate,STEM,14,10/49,Pvt Ltd,>4,31,1
city_103,0.9200000000050583,Male,Has relevent experience,no_enrollment,Graduate,STEM,14,<10,Pvt Ltd,>4,54,0
city_45,0.650522926362554,Male,Has relevent experience,no_enrollment,Masters,STEM,20,10000+,Pvt Ltd,3,52,<NA>
city_83,0.9382742905125583,Male,Has relevent experience,no_enrollment,Masters,STEM,18,50-99,Pvt Ltd,3,24,0
city_103,0.9199744174985333,Male,Has relevent experience,no_enrollment,Graduate,STEM,13,10000+,Pvt Ltd,1,5,0
city_103,0.9200226776810884,Male,Has relevent experience,no_enrollment,Graduate,STEM,3,50-99,Pvt Ltd,>4,5,0
city_103,0.9199999999931404,Male,Has relevent experience,no_enrollment,Graduate,STEM,15,100-500,Early Stage Startup,never,38,<NA>
city_7,0.9305785309322777,Male,Has relevent experience,no_enrollment,Graduate,STEM,>20,<10,NGO,1,3,0
city_100,0.7168616195463207,Other,Has relevent experience,no_enrollment,Graduate,Arts,4,100-500,Early Stage Startup,1,251,0
city_21,0.6239999998807225,Male,Has relevent experience,no_enrollment,Graduate,STEM,7,1000-4999,Pvt Ltd,1,29,1
city_103,0.9200000000512584,Male,Has relevent experience,no_enrollment,Graduate,Humanities,>20,1000-4999,Early Stage Startup,>4,84,0
city_160,0.9093303060522039,Male,No relevent experience,no_enrollment,Graduate,STEM,>20,50-99,Pvt Ltd,>4,13,0
city_123,0.7632556566927126,Male,Has relevent experience,no_enrollment,Graduate,STEM,>20,10/49,Pvt Ltd,4,31,0
city_77,0.9098553832746766,Male,Has relevent experience,Part time course,Graduate,STEM,>20,100-500,Pvt Ltd,2,57,1
city_57,0.742192987212074,Male,No relevent experience,no_enrollment,Graduate,STEM,12,<10,Other,1,112,0
city_175,0.7218109033918567,Other,No relevent experience,no_enrollment,Graduate,STEM,11,50-99,Pvt Ltd,1,163,0
city_144,0.7525188315263511,Male,Has relevent experience,no_enrollment,Graduate,STEM,5,100-500,Pvt Ltd,1,48,0
city_91,0.6023033888472631,Male,Has relevent experience,Part time course,Masters,STEM,8,50-99,Pvt Ltd,1,19,<NA>
city_1,0.8159756587070484,Male,No relevent experience,no_enrollment,Graduate,STEM,3,100-500,Pvt Ltd,1,71,0
city_14,0.6640600478946423,Male,Has relevent experience,Full time course,Graduate,STEM,5,50-99,Pvt Ltd,>4,58,1
city_21,0.6240000000287844,Male,Has relevent experience,no_enrollment,Graduate,STEM,7,100-500,Other,2,32,0
city_40,0.9192963253000473,Male,No relevent experience,no_enrollment,Graduate,STEM,10,50-99,Pvt Ltd,3,199,0
city_179,0.8307717159511511,Other,No relevent experience,no_enrollment,Graduate,STEM,9,50-99,Pvt Ltd,1,1,0
city_42,0.70259960949527,Male,Has relevent experience,Full time course,Graduate,Business Degree,1,<10,Pvt Ltd,1,59,1
city_103,0.9200000008280235,Male,Has relevent experience,no_enrollment,Graduate,STEM,4,10/49,Pvt Ltd,3,26,0
city_30,0.8845094809663476,Other,Has relevent experience,no_enrollment,Masters,Other,4,100-500,Pvt Ltd,2,169,0
city_7,0.8927671999551365,Other,Has relevent experience,no_enrollment,Masters,STEM,13,50-99,Pvt Ltd,2,72,<NA>
city_126,0.83194905226226,Other,Has relevent experience,no_enrollment,Graduate,STEM,9,10000+,Pvt Ltd,1,23,0
city_21,0.6240000000313727,Male,Has relevent experience,no_enrollment,Masters,STEM,7,100-500,Pvt Ltd,3,126,1
city_103,0.9199968122635589,Male,Has relevent experience,no_enrollment,Graduate,Arts,>20,50-99,Pvt Ltd,>4,21,0
city_127,0.8988158877137696,Male,Has relevent experience,no_enrollment,Graduate,STEM,7,50-99,Pvt Ltd,2,1,0
city_173,0.6925530253172192,Male,Has relevent experience,no_enrollment,Graduate,STEM,>20,1000-4999,Pvt Ltd,>4,74,0
city_117,0.8187561716263205,Female,Has relevent experience,no_enrollment,Masters,STEM,14,100-500,Pvt Ltd,1,101,0
city_103,0.9200000000311538,Male,Has relevent experience,no_enrollment,Graduate,STEM,13,10000+,Pvt Ltd,1,84,0
city_21,0.6239999999175909,Male,Has relevent experience,Full time course,Masters,STEM,3,100-500,Pvt Ltd,2,25,0
city_54,0.8736000423799118,Male,Has relevent experience,no_enrollment,Graduate,STEM,>20,<10,Pvt Ltd,4,28,<NA>
city_21,0.8520602453138822,Male,Has relevent experience,Full time course,Masters,STEM,10,100-500,Pvt Ltd,>4,24,0
city_167,0.9314561928837409,Male,Has relevent experience,no_enrollment,Graduate,STEM,16,10/49,Other,1,17,0
city_55,0.7647445273012159,Male,Has relevent experience,no_enrollment,Masters,No Major,2,10/49,Pvt Ltd,1,39,0
city_70,0.9254415017171317,Male,Has relevent experience,no_enrollment,Graduate,STEM,13,500-999,Pvt Ltd,2,17,<NA>
city_43,0.9228409099894468,Male,Has relevent experience,no_enrollment,Graduate,STEM,6,50-99,Pvt Ltd,1,197,1
city_103,0.9199126739070665,Male,No relevent experience,no_enrollment,Graduate,STEM,15,100-500,Pvt Ltd,1,321,0
city_21,0.6239999999259517,Male,Has relevent experience,Full time course,Masters,STEM,3,50-99,Pvt Ltd,>4,35,0
city_103,0.9202214534076107,Male,Has relevent experience,no_enrollment,Graduate,Arts,7,1000-4999,Early Stage Startup,never,207,<NA>
city_150,0.9097477422155021,Male,Has relevent experience,no_enrollment,Masters,Other,7,1000-4999,Pvt Ltd,4,35,0
city_103,0.9200000000238678,Male,Has relevent experience,no_enrollment,Graduate,STEM,3,10/49,Pvt Ltd,1,43,<NA>
city_40,0.4997209916213178,Male,Has relevent experience,no_enrollment,Graduate,STEM,6,50-99,Pvt Ltd,4,49,0
city_103,0.9200345796034393,Male,Has relevent experience,no_enrollment,Masters,STEM,>20,1000-4999,Pvt Ltd,2,92,0
city_7,0.7736608369863924,Other,Has relevent experience,no_enrollment,Graduate,STEM,3,1000-4999,Pvt Ltd,never,176,<NA>
city_103,0.9200351872566971,Male,Has relevent experience,no_enrollment,Graduate,STEM,9,10/49,Pvt Ltd,1,91,0
city_179,0.8456372882130315,Male,Has relevent experience,no_enrollment,Graduate,STEM,9,<10,Pvt Ltd,1,60,0
city_109,0.571056720181014,Other,Has relevent experience,no_enrollment,Masters,STEM,3,<10,Public Sector,4,37,<NA>
city_21,0.623999999875037,Male,Has relevent experience,no_enrollment,Graduate,STEM,2,10/49,Funded Startup,1,34,0
city_77,0.9210860104901183,Male,Has relevent experience,no_enrollment,Graduate,No Major,14,10/49,Pvt Ltd,never,66,<NA>
city_53,0.7420085916908833,Male,Has relevent experience,no_enrollment,Graduate,STEM,>20,10/49,Pvt Ltd,4,41,0
city_140,0.601734698248105,Male,Has relevent experience,no_enrollment,Graduate,STEM,3,100-500,Pvt Ltd,1,59,1
city_123,0.9118983821340854,Male,Has relevent experience,no_enrollment,Masters,No Major,9,50-99,Pvt Ltd,1,2,1
city_123,0.89148362182077,Male,No relevent experience,no_enrollment,Graduate,STEM,18,100-500,Pvt Ltd,>4,59,0
city_103,0.9200000000015317,Male,Has relevent experience,no_enrollment,Graduate,STEM,>20,100-500,Pvt Ltd,1,75,0
city_103,0.9199561510081757,Male,Has relevent experience,no_enrollment,Graduate,STEM,12,5000-9999,Pvt Ltd,1,129,0
city_57,0.7150143548383068,Male,Has relevent experience,no_enrollment,Graduate,STEM,15,50-99,Public Sector,1,166,0
city_114,0.9246872046823429,Male,Has relevent experience,no_enrollment,Graduate,STEM,>20,<10,Pvt Ltd,>4,76,0
city_103,0.920000000007519,Male,Has relevent experience,no_enrollment,Masters,STEM,9,50-99,Pvt Ltd,1,49,0
city_103,0.9199940575699592,Male,Has relevent experience,no_enrollment,Graduate,STEM,15,50-99,Public Sector,2,15,0
city_28,0.9267793349866881,Male,Has relevent experience,no_enrollment,Graduate,STEM,16,10/49,NGO,1,19,0
city_103,0.9200504341253337,Male,Has relevent experience,no_enrollment,Graduate,STEM,>20,50-99,Pvt Ltd,4,130,1
city_103,0.9199999997425363,Male,Has relevent experience,no_enrollment,Graduate,STEM,6,10/49,Pvt Ltd,4,28,0
city_114,0.7577500240039488,Male,No relevent experience,no_enrollment,Masters,STEM,14,1000-4999,NGO,3,101,0
city_78,0.936874126923539,Male,Has relevent experience,Full time course,Graduate,STEM,9,100-500,Pvt Ltd,4,3,1
city_48,0.9134149485281355,Male,Has relevent experience,no_enrollment,Graduate,Other,3,<10,Funded Startup,1,16,0
city_103,0.9200000000358285,Male,Has relevent experience,no_enrollment,Graduate,STEM,19,100-500,Pvt Ltd,1,75,1
city_165,0.7542261050643058,Male,Has relevent experience,no_enrollment,Graduate,STEM,>20,100-500,Pvt Ltd,>4,67,0
city_167,0.9091568575402376,Male,Has relevent experience,no_enrollment,Graduate,STEM,>20,500-999,Pvt Ltd,>4,49,0
city_127,0.8597575101728145,Male,Has relevent experience,no_enrollment,Masters,STEM,12,50-99,Pvt Ltd,1,36,0
city_70,0.8467482818497423,Male,Has relevent experience,no_enrollment,Masters,STEM,8,5000-9999,Pvt Ltd,2,11,0
city_103,0.9200000000513593,Male,Has relevent experience,no_enrollment,Graduate,STEM,5,10000+,Pvt Ltd,never,58,0
city_145,0.8983137675871672,Male,Has relevent experience,Full time course,Graduate,STEM,8,50-99,Pvt Ltd,>4,106,1
city_59,0.9174725324880868,Male,Has relevent experience,no_enrollment,Graduate,STEM,16,100-500,Pvt Ltd,1,45,0
city_158,0.8508782010803873,Male,Has relevent experience,no_enrollment,Masters,STEM,17,10000+,Pvt Ltd,1,309,0
city_21,0.6239999999609046,Male,Has relevent experience,no_enrollment,Graduate,STEM,5,50-99,Public Sector,1,5,1
city_67,0.856666473967721,Male,Has relevent experience,no_enrollment,Masters,STEM,12,1000-4999,Pvt Ltd,>4,22,0
city_93,0.7061474045613061,Male,No relevent experience,Part time course,Primary School,STEM,3,50-99,Pvt Ltd,1,132,0
city_83,0.7191099323806642,Other,Has relevent experience,no_enrollment,Graduate,Arts,4,50-99,Pvt Ltd,3,288,1
city_103,0.9199999997487238,Male,Has relevent experience,no_enrollment,Graduate,STEM,10,1000-4999,Pvt Ltd,>4,141,0
city_103,0.9200000000280968,Male,No relevent experience,Full time course,Graduate,No Major,7,1000-4999,Pvt Ltd,1,58,0
city_103,0.92000000046765,Male,Has relevent experience,no_enrollment,Masters,STEM,>20,10000+,Pvt Ltd,4,28,0
city_39,0.7568481287659825,Male,Has relevent experience,Full time course,Graduate,STEM,6,500-999,Pvt Ltd,1,97,0
city_140,0.7723926785394754,Male,Has relevent experience,no_enrollment,Graduate,STEM,9,50-99,Pvt Ltd,1,29,0
city_149,0.9160916724456191,Male,Has relevent experience,no_enrollment,Graduate,STEM,18,100-500,Pvt Ltd,1,45,<NA>
city_42,0.6553314781594245,Other,Has relevent experience,no_enrollment,Graduate,STEM,12,10/49,Pvt Ltd,>4,110,0
city_21,0.6240000000114394,Male,Has relevent experience,no_enrollment,Masters,STEM,7,100-500,Pvt Ltd,1,50,0
city_11,0.8353191809828324,Other,Has relevent experience,no_enrollment,Graduate,Humanities,4,50-99,Pvt Ltd,3,333,1
city_143,0.9085744782070734,Male,Has relevent experience,Full time course,Masters,Business Degree,15,50-99,Pvt Ltd,1,36,0
city_117,0.9208906051555394,Male,Has relevent experience,no_enrollment,Graduate,STEM,7,<10,Public Sector,>4,57,<NA>
city_149,0.9221046882442966,Male,Has relevent experience,no_enrollment,Graduate,STEM,>20,1000-4999,Funded Startup,never,2,0
city_103,0.9199999999982739,Male,Has relevent experience,Part time course,Primary School,STEM,6,50-99,Other,4,31,1
city_24,0.887957179386634,Male,Has relevent experience,no_enrollment,Graduate,STEM,11,50-99,Pvt Ltd,1,16,0
city_176,0.5884561026828695,Male,Has relevent experience,no_enrollment,Graduate,STEM,3,100-500,Pvt Ltd,2,72,1
city_118,0.8729205407731893,Female,Has relevent experience,no_enrollment,Graduate,STEM,<1,100-500,Pvt Ltd,>4,35,<NA>
city_93,0.8181876400153176,Male,Has relevent experience,no_enrollment,Graduate,STEM,8,50-99,Early Stage Startup,2,269,0
city_43,0.4532507848180708,Female,Has relevent experience,no_enrollment,Graduate,STEM,1,10000+,Pvt Ltd,1,171,0
city_103,0.9200000000408246,Male,Has relevent experience,no_enrollment,Graduate,STEM,17,100-500,Pvt Ltd,4,72,1
city_53,0.8808486481659061,Male,Has relevent experience,no_enrollment,Masters,STEM,>20,50-99,Pvt Ltd,1,95,0
city_82,0.883043083992764,Male,Has relevent experience,no_enrollment,Masters,Arts,16,1000-4999,Pvt Ltd,1,46,0
city_48,0.7989705904854074,Male,Has relevent experience,no_enrollment,Graduate,STEM,11,50-99,Pvt Ltd,1,38,1
city_103,0.9199999997181095,Male,Has relevent experience,no_enrollment,Graduate,STEM,6,10/49,Pvt Ltd,4,23,0
city_103,0.9200380319152511,Male,Has relevent experience,no_enrollment,Graduate,Other,18,10000+,Pvt Ltd,>4,20,0
city_123,0.8777251302132438,Male,No relevent experience,Full time course,Graduate,STEM,9,500-999,Funded Startup,1,30,0
city_167,0.9203879861314098,Male,Has relevent experience,no_enrollment,Masters,STEM,10,50-99,Pvt Ltd,>4,30,0
city_114,0.9260872949343705,Male,Has relevent experience,no_enrollment,Graduate,STEM,9,50-99,Pvt Ltd,2,80,0
city_134,0.6980000077550613,Male,Has relevent experience,no_enrollment,Graduate,STEM,7,<10,Funded Startup,3,18,<NA>
city_43,0.831795758983915,Male,Has relevent experience,Full time course,Graduate,STEM,6,1000-4999,Pvt Ltd,1,17,0
city_13,0.9115120504324985,Male,Has relevent experience,no_enrollment,Masters,STEM,>20,10000+,Pvt Ltd,>4,44,1
city_103,0.9200000002869254,Male,Has relevent experience,no_enrollment,Graduate,STEM,6,500-999,Pvt Ltd,4,26,1
city_16,0.9371577820784183,Male,Has relevent experience,no_enrollment,Masters,Arts,17,100-500,Pvt Ltd,1,121,0
city_21,0.6239999999673197,Male,Has relevent experience,no_enrollment,Graduate,STEM,7,10000+,Pvt Ltd,1,106,1
city_127,0.7355336549930059,Male,Has relevent experience,no_enrollment,Graduate,STEM,6,100-500,Early Stage Startup,1,24,0
city_120,0.8775169377128178,Male,Has relevent experience,no_enrollment,Graduate,STEM,>20,50-99,Pvt Ltd,>4,110,0
city_103,0.9200000000156744,Male,Has relevent experience,no_enrollment,Graduate,STEM,17,50-99,Pvt Ltd,3,45,0
city_21,0.6240000001050326,Male,Has relevent experience,no_enrollment,Graduate,STEM,5,500-999,Pvt Ltd,3,100,0
city_103,0.9200000009403414,Male,Has relevent experience,no_enrollment,Graduate,STEM,4,50-99,Early Stage Startup,1,133,0
city_27,0.663668329284493,Male,Has relevent experience,no_enrollment,Graduate,STEM,8,100-500,Pvt Ltd,never,64,1
city_77,0.8421455970106375,Male,Has relevent experience,no_enrollment,Masters,STEM,10,<10,Public Sector,1,10,0
city_1,0.7208587430604306,Other,Has relevent experience,no_enrollment,Graduate,STEM,5,10000+,Pvt Ltd,3,322,1
city_74,0.4998697304709797,Male,Has relevent experience,no_enrollment,Graduate,STEM,3,100-500,Pvt Ltd,1,75,1
city_10,0.8786010348656932,Male,Has relevent experience,no_enrollment,Graduate,Arts,>20,100-500,Pvt Ltd,>4,24,0
city_103,0.9199999999972678,Male,Has relevent experience,no_enrollment,Graduate,STEM,16,1000-4999,Pvt Ltd,1,53,0
city_9,0.9255852093446877,Male,Has relevent experience,no_enrollment,Graduate,STEM,>20,10/49,Pvt Ltd,2,11,0
city_155,0.7722963448750431,Male,No relevent experience,Part time course,Phd,STEM,14,100-500,Other,4,171,<NA>
city_59,0.9325193030878335,Male,Has relevent experience,no_enrollment,Masters,STEM,>20,100-500,Pvt Ltd,3,117,1
city_103,0.9199555584869471,Male,Has relevent experience,no_enrollment,Graduate,Business Degree,7,100-500,Public Sector,1,16,0
city_104,0.8834987384931657,Male,Has relevent experience,no_enrollment,Masters,STEM,16,50-99,Pvt Ltd,3,23,0
city_72,0.8935558563712666,Male,Has relevent experience,no_enrollment,Graduate,STEM,11,10000+,Pvt Ltd,3,166,<NA>
city_103,0.9199999999935314,Male,Has relevent experience,no_enrollment,Graduate,STEM,5,500-999,Pvt Ltd,2,63,0
city_103,0.9200000006335538,Male,Has relevent experience,no_enrollment,Graduate,STEM,4,10000+,Pvt Ltd,2,26,0
city_94,0.6658237899818924,Male,Has relevent experience,no_enrollment,Masters,STEM,6,10000+,Pvt Ltd,2,257,0
city_94,0.46271165699260447,Male,Has relevent experience,no_enrollment,Graduate,STEM,7,50-99,Pvt Ltd,2,4,1
city_21,0.6240000000332863,Male,Has relevent experience,no_enrollment,Graduate,STEM,10,10000+,Pvt Ltd,never,44,0
city_100,0.8830177781820335,Male,Has relevent experience,no_enrollment,Masters,STEM,13,50-99,Early Stage Startup,1,51,0
city_103,0.9200216918316932,Male,Has relevent experience,no_enrollment,Graduate,Other,8,10/49,Pvt Ltd,4,4,1
city_21,0.6239999999172047,Male,Has relevent experience,no_enrollment,Graduate,STEM,7,10000+,Pvt Ltd,1,125,1
city_21,0.6239999999158349,Male,Has relevent experience,no_enrollment,Graduate,STEM,4,100-500,Pvt Ltd,2,96,1
city_106,0.9267488116518694,Male,Has relevent experience,no_enrollment,Graduate,STEM,4,100-500,Pvt Ltd,2,11,0
city_55,0.9385190928741322,Male,Has relevent experience,no_enrollment,Graduate,STEM,16,1000-4999,Public Sector,1,44,0
city_103,0.9199999999878979,Male,Has relevent experience,no_enrollment,Graduate,STEM,10,1000-4999,Pvt Ltd,4,75,0
city_103,0.9194721990788004,Male,Has relevent experience,no_enrollment,Graduate,STEM,>20,50-99,Pvt Ltd,1,310,<NA>
city_158,0.9197351680425414,Male,Has relevent experience,no_enrollment,Graduate,STEM,6,<10,Pvt Ltd,2,80,0
city_103,0.9200345134698322,Male,Has relevent experience,no_enrollment,Graduate,STEM,19,100-500,Public Sector,4,16,0
city_103,0.9199029358669372,Male,Has relevent experience,no_enrollment,Graduate,STEM,>20,50-99,Pvt Ltd,4,178,<NA>
city_42,0.9256435327199534,Male,Has relevent experience,no_enrollment,Graduate,STEM,15,50-99,Pvt Ltd,1,6,0
city_30,0.45963310972382,Male,Has relevent experience,no_enrollment,Graduate,STEM,3,10/49,Pvt Ltd,1,12,1
city_103,0.9195637604109707,Male,Has relevent experience,no_enrollment,Graduate,STEM,13,10000+,Pvt Ltd,1,268,0
city_176,0.5865930996932679,Male,Has relevent experience,no_enrollment,Graduate,STEM,7,10000+,Pvt Ltd,4,60,<NA>
city_103,0.9199999999912267,Male,Has relevent experience,no_enrollment,Graduate,Other,6,100-500,Pvt Ltd,4,42,<NA>
city_103,0.9200000000187527,Male,Has relevent experience,no_enrollment,Graduate,Other,2,100-500,Pvt Ltd,1,54,0
city_45,0.9099718553399996,Male,Has relevent experience,no_enrollment,Masters,STEM,16,50-99,Pvt Ltd,4,104,0
city_59,0.8818257644790047,Male,Has relevent experience,no_enrollment,Graduate,STEM,15,1000-4999,Pvt Ltd,>4,21,0
city_103,0.920000000042278,Male,Has relevent experience,no_enrollment,Graduate,STEM,>20,50-99,Funded Startup,3,61,1
city_37,0.81079799930119,Male,Has relevent experience,no_enrollment,Graduate,STEM,10,100-500,Pvt Ltd,>4,16,0
city_2,0.864106699372643,Male,Has relevent experience,Part time course,Graduate,STEM,3,50-99,Pvt Ltd,1,200,1
city_48,0.8074712586460858,Male,Has relevent experience,Full time course,Graduate,STEM,17,50-99,Pvt Ltd,4,97,0
city_167,0.71937176346214,Male,Has relevent experience,no_enrollment,Graduate,No Major,14,100-500,Pvt Ltd,4,11,<NA>
city_11,0.9302957054747161,Male,Has relevent experience,no_enrollment,Masters,STEM,19,100-500,Pvt Ltd,2,12,0
city_67,0.7205478573614317,Male,Has relevent experience,no_enrollment,Graduate,No Major,2,<10,Pvt Ltd,1,70,1
city_103,0.9199980056839646,Male,Has relevent experience,no_enrollment,Graduate,STEM,>20,50-99,Pvt Ltd,4,17,<NA>
city_13,0.8723536515797718,Male,Has relevent experience,Full time course,Graduate,STEM,5,50-99,Pvt Ltd,1,195,<NA>
city_103,0.9200000001766538,Male,Has relevent experience,no_enrollment,Graduate,STEM,2,10/49,Pvt Ltd,1,26,0
city_103,0.9200434839653098,Male,Has relevent experience,no_enrollment,Graduate,STEM,13,1000-4999,Pvt Ltd,2,14,0
city_157,0.9125692575965905,Male,Has relevent experience,Full time course,Graduate,STEM,19,100-500,Pvt Ltd,1,108,0
city_173,0.6181948837992376,Male,Has relevent experience,no_enrollment,Graduate,STEM,8,5000-9999,Pvt Ltd,1,53,1
city_45,0.8781858894548463,Male,Has relevent experience,no_enrollment,Graduate,STEM,11,50-99,Pvt Ltd,>4,2,<NA>
city_103,0.9200000006945525,Male,Has relevent experience,no_enrollment,Graduate,STEM,7,100-500,Pvt Ltd,4,25,0
city_114,0.7526211633985469,Male,Has relevent experience,no_enrollment,Masters,STEM,4,10000+,Pvt Ltd,1,6,0
city_103,0.9200553175336152,Male,Has relevent experience,no_enrollment,Graduate,No Major,>20,50-99,Pvt Ltd,>4,21,0
city_70,0.9219570700510318,Male,Has relevent experience,no_enrollment,Graduate,STEM,16,5000-9999,Funded Startup,>4,82,0
city_46,0.898359817416542,Male,No relevent experience,Full time course,Graduate,STEM,3,100-500,Public Sector,2,12,1
city_10,0.8800290258216925,Male,Has relevent experience,no_enrollment,Masters,STEM,8,10000+,Pvt Ltd,1,164,1
city_24,0.8809218390276562,Male,Has relevent experience,no_enrollment,Graduate,STEM,>20,50-99,Pvt Ltd,1,24,0
city_21,0.6239999998664411,Male,Has relevent experience,Full time course,Graduate,STEM,5,100-500,Pvt Ltd,1,30,0
city_175,0.9000132012466247,Male,Has relevent experience,Part time course,Masters,STEM,4,100-500,Pvt Ltd,2,105,0
city_46,0.9457165605611063,Male,Has relevent experience,no_enrollment,Graduate,STEM,9,10/49,Pvt Ltd,4,49,<NA>
city_67,0.9127828801630061,Male,Has relevent experience,no_enrollment,Masters,STEM,>20,500-999,Pvt Ltd,4,181,0
city_114,0.9257918683800006,Male,Has relevent experience,no_enrollment,Graduate,STEM,>20,10000+,Pvt Ltd,>4,72,0
city_103,0.9199999999963863,Male,Has relevent experience,no_enrollment,Graduate,STEM,9,1000-4999,Pvt Ltd,2,73,1
city_115,0.9194875833270724,Male,Has relevent experience,no_enrollment,Graduate,Humanities,>20,10/49,Other,>4,65,0
city_103,0.9200000000148979,Male,No relevent experience,Part time course,Primary School,STEM,5,10000+,Pvt Ltd,4,47,0
city_9,0.9403127856224496,Female,Has relevent experience,no_enrollment,Graduate,STEM,11,5000-9999,Pvt Ltd,1,61,0
city_89,0.7198864416107442,Male,Has relevent experience,Part time course,Primary School,STEM,10,50-99,Pvt Ltd,3,263,0
city_21,0.6239999999198856,Male,Has relevent experience,no_enrollment,Graduate,STEM,7,100-500,Public Sector,2,33,0
city_76,0.9247075383696063,Male,Has relevent experience,no_enrollment,Graduate,STEM,14,<10,Pvt Ltd,4,209,1
city_103,0.9200527131114928,Male,Has relevent experience,no_enrollment,Masters,STEM,7,10000+,Pvt Ltd,>4,14,0
city_24,0.873119274738843,Male,No relevent experience,Full time course,Graduate,STEM,3,50-99,Other,1,289,0
city_109,0.7829065154283548,Female,Has relevent experience,no_enrollment,Graduate,STEM,15,<10,Pvt Ltd,1,330,0
city_28,0.90624242625157,Male,Has relevent experience,no_enrollment,Graduate,STEM,9,50-99,Funded Startup,4,88,<NA>
city_146,0.5629755458762757,Male,Has relevent experience,no_enrollment,Graduate,STEM,7,100-500,Pvt Ltd,2,11,1
city_42,0.8866616348912469,Male,Has relevent experience,no_enrollment,Graduate,STEM,>20,<10,Pvt Ltd,1,26,0
city_21,0.6239999999796453,Male,Has relevent experience,Full time course,Graduate,Other,11,500-999,Pvt Ltd,3,27,1
city_24,0.9046541931512141,Male,Has relevent experience,no_enrollment,Graduate,STEM,12,50-99,Pvt Ltd,>4,270,0
city_150,0.9386989052220307,Male,No relevent experience,no_enrollment,Masters,STEM,8,<10,Public Sector,2,45,0
city_19,0.9096324092327945,Male,No relevent experience,Part time course,Masters,STEM,4,100-500,Pvt Ltd,never,113,1
city_150,0.8578016783238669,Male,Has relevent experience,no_enrollment,Masters,STEM,>20,50-99,Pvt Ltd,2,5,0
city_173,0.5241896963557172,Other,Has relevent experience,no_enrollment,Masters,Humanities,4,100-500,Pvt Ltd,2,181,0
city_127,0.8307416863590136,Other,Has relevent experience,no_enrollment,Graduate,STEM,5,50-99,Public Sector,1,62,0
city_103,0.9200000000117332,Male,No relevent experience,no_enrollment,Graduate,STEM,<1,100-500,Pvt Ltd,2,32,<NA>
city_43,0.6939934385157838,Male,Has relevent experience,no_enrollment,Graduate,STEM,12,10/49,Public Sector,1,104,0
city_103,0.9200000000122064,Male,No relevent experience,no_enrollment,Graduate,No Major,1,100-500,NGO,1,71,0
city_160,0.5661452526518722,Male,Has relevent experience,Full time course,Graduate,STEM,5,50-99,Pvt Ltd,3,59,0
city_21,0.6239999998339628,Male,Has relevent experience,Full time course,Masters,STEM,17,10000+,Pvt Ltd,4,108,1
city_70,0.7437429883632228,Other,Has relevent experience,no_enrollment,Graduate,STEM,3,1000-4999,Pvt Ltd,>4,90,<NA>
city_160,0.9100883265781806,Male,Has relevent experience,no_enrollment,Masters,STEM,10,50-99,Pvt Ltd,>4,33,0
city_103,0.9199621161583947,Male,Has relevent experience,no_enrollment,Masters,STEM,18,5000-9999,Pvt Ltd,1,15,0
city_48,0.8815223325380989,Male,Has relevent experience,Part time course,Primary School,STEM,>20,100-500,Pvt Ltd,>4,58,0
city_21,0.6239999998850178,Male,Has relevent experience,Part time course,High School,STEM,7,50-99,Other,never,7,<NA>
city_21,0.6239999999496906,Male,Has relevent experience,no_enrollment,Graduate,STEM,10,10000+,Pvt Ltd,never,39,0
city_103,0.9199575013238178,Male,Has relevent experience,no_enrollment,Graduate,No Major,5,500-999,Pvt Ltd,>4,112,0
city_103,0.9199525028812425,Male,No relevent experience,no_enrollment,Graduate,STEM,<1,100-500,Public Sector,1,14,1
city_160,0.7320343383781883,Male,No relevent experience,Full time course,Graduate,STEM,3,100-500,Pvt Ltd,1,49,0
city_20,0.8104738502237999,Male,Has relevent experience,no_enrollment,Masters,STEM,8,10/49,Pvt Ltd,4,247,0
city_103,0.9199999999866757,Male,Has relevent experience,no_enrollment,Graduate,STEM,>20,10000+,Pvt Ltd,4,66,<NA>
city_128,0.6733443799626669,Male,Has relevent experience,Full time course,Graduate,STEM,6,100-500,Pvt Ltd,1,155,0
city_57,0.9304434562195463,Male,Has relevent experience,no_enrollment,Graduate,STEM,15,100-500,Pvt Ltd,never,38,0
city_103,0.9200000000493563,Male,Has relevent experience,no_enrollment,Masters,STEM,>20,500-999,Pvt Ltd,1,77,0
city_97,0.6340016545495698,Male,Has relevent experience,no_enrollment,Graduate,STEM,17,5000-9999,Pvt Ltd,1,99,0
city_98,0.9348985285498983,Male,Has relevent experience,no_enrollment,Graduate,STEM,3,10/49,Pvt Ltd,1,39,0
city_142,0.924869170730423,Male,Has relevent experience,Full time course,Graduate,STEM,5,10/49,Early Stage Startup,1,59,0
city_103,0.920000000021294,Male,Has relevent experience,no_enrollment,Masters,STEM,18,10000+,Pvt Ltd,1,61,0
city_21,0.6240000000294375,Male,Has relevent experience,Full time course,Graduate,STEM,1,<10,Pvt Ltd,1,20,0
city_7,0.9315696713104457,Male,Has relevent experience,no_enrollment,Graduate,STEM,11,5000-9999,Pvt Ltd,1,42,0
city_103,0.920000000051091,Male,Has relevent experience,no_enrollment,Graduate,STEM,13,100-500,Pvt Ltd,1,71,0
city_103,0.9200500670286458,Male,Has relevent experience,no_enrollment,Graduate,STEM,5,10000+,Pvt Ltd,2,95,1
city_103,0.9199999999944999,Male,Has relevent experience,Full time course,Graduate,STEM,2,<10,Funded Startup,1,59,0
city_103,0.9200250062713566,Male,Has relevent experience,no_enrollment,Graduate,STEM,2,10000+,Pvt Ltd,1,15,0
city_103,0.9199999999865894,Male,Has relevent experience,no_enrollment,Graduate,STEM,>20,100-500,Pvt Ltd,>4,55,0
city_116,0.6436966941487253,Male,Has relevent experience,Part time course,High School,STEM,9,10/49,Pvt Ltd,2,14,1
city_21,0.6240000000180976,Male,Has relevent experience,no_enrollment,Graduate,STEM,3,50-99,Pvt Ltd,2,88,1
city_149,0.9106377785016921,Male,Has relevent experience,no_enrollment,Graduate,STEM,>20,<10,NGO,>4,22,0
city_75,0.8658823022967423,Male,Has relevent experience,Part time course,Masters,STEM,10,1000-4999,Pvt Ltd,3,39,1
city_28,0.9274717590921505,Male,Has relevent experience,no_enrollment,Masters,Arts,>20,5000-9999,Other,1,129,0
city_103,0.9200000000003877,Male,Has relevent experience,no_enrollment,Graduate,No Major,>20,100-500,Pvt Ltd,>4,42,0
city_94,0.8225649750894939,Other,No relevent experience,Full time course,Phd,STEM,13,100-500,Funded Startup,1,263,0
city_162,0.74214972680128,Female,Has relevent experience,Part time course,Graduate,STEM,7,100-500,Pvt Ltd,4,224,1
city_146,0.5389322181618059,Male,Has relevent experience,Part time course,Graduate,STEM,6,100-500,Other,>4,46,<NA>
city_105,0.6979999999995413,Male,Has relevent experience,no_enrollment,Graduate,STEM,17,<10,Pvt Ltd,4,33,1
city_94,0.9006222272481184,Male,Has relevent experience,Full time course,Phd,STEM,20,500-999,Pvt Ltd,3,30,1
city_117,0.45890748100616285,Male,Has relevent experience,no_enrollment,Graduate,STEM,3,100-500,Pvt Ltd,>4,112,1
city_67,0.8834092884758524,Male,No relevent experience,no_enrollment,Graduate,STEM,>20,50-99,Pvt Ltd,>4,12,0
city_61,0.7608051212482694,Other,Has relevent experience,no_enrollment,Masters,STEM,7,10000+,Pvt Ltd,2,294,0
city_103,0.9200436798921666,Male,Has relevent experience,no_enrollment,Graduate,STEM,15,50-99,Other,2,19,0
city_103,0.9199999999646317,Male,Has relevent experience,no_enrollment,Masters,STEM,>20,100-500,Pvt Ltd,1,29,0
city_21,0.6239999999853676,Male,No relevent experience,no_enrollment,Graduate,STEM,4,10000+,Pvt Ltd,1,40,0
city_75,0.9108380631471982,Male,Has relevent experience,Full time course,Graduate,STEM,13,100-500,Funded Startup,1,89,0
city_28,0.9342650521784772,Male,Has relevent experience,no_enrollment,Graduate,Humanities,11,1000-4999,Pvt Ltd,never,39,<NA>
city_149,0.5193452540809355,Male,Has relevent experience,no_enrollment,Graduate,STEM,8,5000-9999,Pvt Ltd,1,60,1
city_145,0.6980000000001165,Male,Has relevent experience,no_enrollment,Graduate,STEM,>20,10/49,Pvt Ltd,>4,16,0
city_94,0.9390127088636258,Male,Has relevent experience,no_enrollment,Graduate,STEM,8,50-99,Public Sector,1,95,0
city_107,0.7711438357553507,Male,Has relevent experience,no_enrollment,Graduate,STEM,8,10/49,Other,1,93,0
city_103,0.9200424161903162,Male,Has relevent experience,no_enrollment,Graduate,STEM,>20,10000+,Pvt Ltd,2,20,0
city_24,0.9333707786458253,Male,Has relevent experience,Full time course,Graduate,STEM,19,10/49,Other,1,12,1
city_71,0.9357556599179411,Male,Has relevent experience,no_enrollment,Phd,STEM,20,500-999,Pvt Ltd,never,32,<NA>
city_91,0.7651016045651223,Male,Has relevent experience,Full time course,Graduate,STEM,5,10000+,Pvt Ltd,never,34,0
city_21,0.6239999999394956,Male,Has relevent experience,no_enrollment,Graduate,STEM,5,5000-9999,Pvt Ltd,1,40,1
city_21,0.6239999998963521,Male,Has relevent experience,no_enrollment,Graduate,STEM,6,10000+,Pvt Ltd,1,97,0
city_11,0.7796611407594898,Male,No relevent experience,Part time course,Phd,STEM,14,100-500,NGO,2,153,0
city_89,0.9208769327984233,Male,Has relevent experience,no_enrollment,Masters,STEM,>20,50-99,Other,1,26,0
city_101,0.9246122302893498,Male,Has relevent experience,no_enrollment,Graduate,STEM,>20,1000-4999,Pvt Ltd,>4,68,0
city_48,0.8206477629004568,Male,Has relevent experience,no_enrollment,Masters,STEM,8,10/49,Pvt Ltd,3,276,0
city_72,0.8437900039747683,Male,No relevent experience,no_enrollment,Graduate,STEM,3,100-500,Pvt Ltd,1,68,0
city_91,0.8919744508912953,Male,Has relevent experience,no_enrollment,Graduate,Other,14,50-99,Public Sector,4,63,0
city_103,0.9200087235935669,Male,Has relevent experience,no_enrollment,Graduate,STEM,20,500-999,Pvt Ltd,>4,21,0
city_27,0.854203664772643,Male,Has relevent experience,no_enrollment,Graduate,STEM,9,10/49,Pvt Ltd,1,107,0
city_42,0.9049251119341923,Male,Has relevent experience,no_enrollment,Masters,STEM,18,10000+,Pvt Ltd,2,17,0
city_46,0.9096219389927072,Male,Has relevent experience,no_enrollment,Masters,Other,17,<10,Pvt Ltd,1,129,0
city_176,0.5552537860025867,Male,Has relevent experience,no_enrollment,Graduate,Other,4,10/49,Pvt Ltd,2,15,1
city_99,0.7871625974446299,Other,No relevent experience,Part time course,High School,STEM,5,100-500,Pvt Ltd,never,326,0
city_65,0.8178081624856773,Female,No relevent experience,no_enrollment,Graduate,Business Degree,<1,1000-4999,Pvt Ltd,1,249,0
city_42,0.8740008734654626,Male,Has relevent experience,no_enrollment,Graduate,STEM,15,1000-4999,Pvt Ltd,>4,35,0
city_16,0.916464638502061,Male,Has relevent experience,no_enrollment,Graduate,STEM,13,10/49,Pvt Ltd,>4,65,0
city_73,0.872285700936345,Male,Has relevent experience,Part time course,Graduate,STEM,7,100-500,Pvt Ltd,never,18,0
city_175,0.9243416327894706,Male,No relevent experience,no_enrollment,Masters,STEM,>20,10000+,Pvt Ltd,4,201,0
city_21,0.6239999999300319,Male,Has relevent experience,Part time course,High School,STEM,7,100-500,Pvt Ltd,2,2,0
city_103,0.920027840706347,Male,Has relevent experience,no_enrollment,Graduate,STEM,>20,50-99,Pvt Ltd,>4,15,<NA>
city_48,0.8924219348017842,Male,Has relevent experience,no_enrollment,Graduate,STEM,7,<10,Pvt Ltd,3,27,0
city_26,0.8576906102691529,Male,Has relevent experience,no_enrollment,Graduate,STEM,>20,1000-4999,Pvt Ltd,>4,69,0
city_100,0.6359041770852792,Male,Has relevent experience,no_enrollment,Masters,STEM,9,50-99,Pvt Ltd,1,70,0
city_140,0.9063413165092973,Male,Has relevent experience,no_enrollment,Graduate,No Major,>20,<10,Pvt Ltd,>4,12,0
city_100,0.9374584530428338,Male,Has relevent experience,no_enrollment,Graduate,Arts,11,1000-4999,Pvt Ltd,3,42,<NA>
city_103,0.9199765145027511,Male,Has relevent experience,no_enrollment,Graduate,STEM,16,<10,Pvt Ltd,>4,15,<NA>
city_114,0.9211255544181599,Male,No relevent experience,no_enrollment,Masters,STEM,<1,10000+,Pvt Ltd,2,20,0
city_103,0.9200000000732299,Male,No relevent experience,Part time course,High School,STEM,3,100-500,Pvt Ltd,3,28,1
city_103,0.9200403665600914,Male,Has relevent experience,no_enrollment,Graduate,STEM,13,100-500,Pvt Ltd,>4,1,0
city_103,0.9200000000484055,Male,Has relevent experience,Full time course,Graduate,STEM,10,10000+,Pvt Ltd,2,49,0
city_176,0.7336492690949603,Male,Has relevent experience,no_enrollment,Graduate,STEM,6,5000-9999,Pvt Ltd,4,114,<NA>
city_69,0.926337087893792,Male,Has relevent experience,Part time course,Phd,STEM,15,100-500,Pvt Ltd,never,47,1
city_103,0.919981435331873,Male,Has relevent experience,no_enrollment,Graduate,STEM,13,1000-4999,Pvt Ltd,2,12,0
city_103,0.9199999999913886,Male,Has relevent experience,no_enrollment,Graduate,STEM,16,1000-4999,Pvt Ltd,1,44,0
city_93,0.9153277511947281,Male,No relevent experience,Full time course,Graduate,STEM,>20,1000-4999,Pvt Ltd,1,113,1
city_103,0.9200333161418711,Male,Has relevent experience,no_enrollment,Graduate,STEM,3,10000+,Pvt Ltd,2,2,<NA>
city_103,0.9199600813153501,Male,No relevent experience,no_enrollment,Graduate,STEM,3,1000-4999,Pvt Ltd,3,15,0
city_11,0.882436408219775,Male,Has relevent experience,no_enrollment,Masters,STEM,9,<10,Pvt Ltd,1,46,0
city_97,0.6979999999987182,Male,Has relevent experience,no_enrollment,Graduate,STEM,2,100-500,Pvt Ltd,1,45,0
city_114,0.9029409099829755,Male,Has relevent experience,no_enrollment,Graduate,No Major,<1,50-99,Public Sector,1,13,0
city_103,0.9201752967185856,Male,Has relevent experience,no_enrollment,Graduate,STEM,4,100-500,Pvt Ltd,1,327,0
city_104,0.46806897964832356,Male,Has relevent experience,no_enrollment,Graduate,STEM,8,10/49,Pvt Ltd,1,117,0
city_48,0.8476894279046929,Male,Has relevent experience,no_enrollment,Graduate,STEM,11,1000-4999,Pvt Ltd,1,108,0
city_160,0.853843727362008,Female,Has relevent experience,no_enrollment,Graduate,STEM,10,50-99,Pvt Ltd,4,28,<NA>
city_10,0.9323514926107446,Male,Has relevent experience,no_enrollment,Graduate,STEM,>20,5000-9999,Public Sector,never,179,0
city_70,0.598130169149816,Male,Has relevent experience,Part time course,Primary School,STEM,8,50-99,Pvt Ltd,>4,37,<NA>
city_145,0.91770832534052,Male,Has relevent experience,Full time course,Phd,STEM,11,10000+,Pvt Ltd,>4,51,<NA>
city_103,0.9200000000081612,Male,No relevent experience,Full time course,Graduate,Business Degree,2,100-500,Pvt Ltd,1,58,0
city_150,0.7808006343374654,Male,Has relevent experience,no_enrollment,Graduate,STEM,5,50-99,Pvt Ltd,1,24,0
city_71,0.9482290025377367,Male,Has relevent experience,no_enrollment,Masters,STEM,>20,50-99,Pvt Ltd,2,16,1
city_30,0.8510905655070433,Male,Has relevent experience,no_enrollment,Masters,STEM,>20,50-99,Pvt Ltd,2,13,0
city_73,0.9386469154269516,Male,Has relevent experience,no_enrollment,Masters,STEM,16,10000+,Pvt Ltd,1,17,0
city_20,0.8882355882281453,Male,Has relevent experience,no_enrollment,Graduate,STEM,>20,1000-4999,Pvt Ltd,2,19,0
city_103,0.9199589123451988,Male,Has relevent experience,no_enrollment,Graduate,STEM,16,10000+,Pvt Ltd,1,14,0
city_103,0.9199999999968962,Male,Has relevent experience,no_enrollment,Masters,STEM,>20,500-999,Pvt Ltd,1,62,0
city_48,0.6919588583951717,Other,Has relevent experience,no_enrollment,Graduate,STEM,12,10/49,Pvt Ltd,>4,141,0
city_101,0.933405972470762,Male,Has relevent experience,no_enrollment,Graduate,STEM,14,100-500,Funded Startup,1,29,1
city_43,0.6447489316793636,Female,Has relevent experience,no_enrollment,Graduate,STEM,>20,1000-4999,Early Stage Startup,1,232,0
city_103,0.9199999966398431,Male,Has relevent experience,no_enrollment,Graduate,STEM,>20,10000+,Pvt Ltd,>4,158,0
city_103,0.9200000000467168,Male,Has relevent experience,no_enrollment,Graduate,STEM,>20,1000-4999,Pvt Ltd,1,47,0
city_103,0.920029501679473,Male,Has relevent experience,no_enrollment,Masters,STEM,>20,100-500,Public Sector,1,273,0
city_103,0.9200000000209659,Male,Has relevent experience,Part time course,Masters,No Major,6,50-99,Pvt Ltd,1,32,1
city_167,0.8757661982091967,Male,Has relevent experience,no_enrollment,Graduate,STEM,>20,1000-4999,Pvt Ltd,3,36,0
city_21,0.6239999999748806,Male,Has relevent experience,Part time course,Masters,STEM,7,50-99,Pvt Ltd,4,30,<NA>
city_54,0.9203500041051118,Other,Has relevent experience,no_enrollment,Masters,STEM,5,10/49,Pvt Ltd,1,250,1
city_16,0.8878496397820308,Male,Has relevent experience,no_enrollment,Graduate,STEM,>20,<10,Pvt Ltd,3,66,0
city_59,0.8724622470017421,Male,Has relevent experience,no_enrollment,Graduate,Humanities,>20,<10,Funded Startup,2,53,<NA>
city_44,0.8963345068426587,Male,No relevent experience,no_enrollment,Graduate,STEM,18,100-500,Pvt Ltd,>4,52,0
city_100,0.7707232398865655,Male,Has relevent experience,no_enrollment,Graduate,STEM,11,1000-4999,Pvt Ltd,1,90,0
city_144,0.8940720441127665,Male,Has relevent experience,no_enrollment,Graduate,STEM,>20,100-500,Early Stage Startup,2,16,0
city_103,0.9200438391642464,Male,Has relevent experience,no_enrollment,Graduate,STEM,19,1000-4999,Pvt Ltd,1,97,0
city_144,0.4578316057350501,Male,Has relevent experience,no_enrollment,Masters,STEM,12,1000-4999,Pvt Ltd,2,259,1
city_36,0.9009359860498435,Male,Has relevent experience,Part time course,High School,STEM,7,100-500,Pvt Ltd,never,92,0
city_173,0.8176290820986081,Other,Has relevent experience,no_enrollment,Graduate,STEM,<1,100-500,Pvt Ltd,1,194,<NA>
city_103,0.9199581860668128,Male,Has relevent experience,Full time course,Graduate,STEM,3,50-99,NGO,1,108,0
city_83,0.8827178542062554,Male,Has relevent experience,no_enrollment,Graduate,STEM,11,50-99,Pvt Ltd,1,21,0
city_126,0.9257676675446654,Male,Has relevent experience,no_enrollment,Masters,No Major,1,100-500,Pvt Ltd,1,330,1
city_73,0.9414528112067891,Male,Has relevent experience,no_enrollment,Graduate,STEM,16,10/49,Other,1,16,0
city_103,0.9200000000253808,Male,Has relevent experience,no_enrollment,Graduate,STEM,>20,10000+,Pvt Ltd,2,43,0
city_103,0.9200083026221453,Male,Has relevent experience,no_enrollment,Graduate,Humanities,>20,50-99,Pvt Ltd,>4,21,0
city_103,0.8010734070715901,Male,No relevent experience,no_enrollment,Masters,STEM,<1,5000-9999,Pvt Ltd,1,74,<NA>
city_103,0.9199510208312379,Male,No relevent experience,no_enrollment,Masters,STEM,14,50-99,Pvt Ltd,4,124,0
city_167,0.9110231719249325,Male,Has relevent experience,no_enrollment,Masters,STEM,10,100-500,NGO,1,61,0
city_103,0.9200452739612502,Male,No relevent experience,no_enrollment,Graduate,Business Degree,2,1000-4999,Other,1,99,0
city_106,0.937299028265933,Male,Has relevent experience,no_enrollment,Graduate,STEM,>20,100-500,Pvt Ltd,4,20,1
city_74,0.9019918590657714,Male,No relevent experience,no_enrollment,Graduate,STEM,2,10/49,Pvt Ltd,1,272,0
city_103,0.9200268794160082,Male,Has relevent experience,no_enrollment,Graduate,STEM,15,50-99,Other,2,11,0
city_149,0.7058789191955461,Male,No relevent experience,Part time course,Primary School,STEM,6,100-500,Public Sector,3,102,<NA>
city_142,0.933192246719547,Male,Has relevent experience,no_enrollment,Graduate,STEM,4,<10,Pvt Ltd,4,21,0
city_21,0.6239999999582014,Male,Has relevent experience,Full time course,Graduate,STEM,2,10/49,NGO,3,97,<NA>
city_107,0.8740898191750189,Male,Has relevent experience,no_enrollment,Graduate,STEM,15,50-99,Pvt Ltd,1,6,0
city_103,0.9200000000528565,Male,Has relevent experience,no_enrollment,Graduate,STEM,15,100-500,Pvt Ltd,4,54,0
city_103,0.9200000005960285,Male,Has relevent experience,no_enrollment,Graduate,STEM,6,50-99,Pvt Ltd,1,22,0
city_120,0.8991794025917423,Male,Has relevent experience,no_enrollment,Graduate,STEM,14,1000-4999,Pvt Ltd,1,16,0
city_30,0.6192118935221832,Male,Has relevent experience,Full time course,Graduate,STEM,6,100-500,Pvt Ltd,1,168,0
city_120,0.9312286795542071,Male,Has relevent experience,Part time course,Graduate,STEM,13,1000-4999,Pvt Ltd,4,7,0
city_41,0.7713964891489863,Male,No relevent experience,Full time course,Masters,STEM,1,50-99,Public Sector,1,26,0
city_150,0.9112751275017341,Male,Has relevent experience,Full time course,Masters,No Major,15,50-99,Pvt Ltd,>4,38,0
city_55,0.769971130445224,Male,Has relevent experience,no_enrollment,Graduate,STEM,6,100-500,Early Stage Startup,1,39,0
city_145,0.6044322141254863,Female,Has relevent experience,no_enrollment,Masters,STEM,16,50-99,Pvt Ltd,1,320,0
city_21,0.6239999999787983,Male,Has relevent experience,Full time course,Graduate,No Major,11,500-999,Pvt Ltd,4,5,1
city_21,0.6240000000328856,Male,Has relevent experience,no_enrollment,Graduate,STEM,10,10000+,Pvt Ltd,2,50,<NA>
city_103,0.9200371815462876,Male,Has relevent experience,no_enrollment,Masters,STEM,18,5000-9999,Pvt Ltd,1,18,0
city_46,0.8963735127794554,Male,Has relevent experience,no_enrollment,Masters,STEM,17,10000+,Pvt Ltd,1,183,0
city_118,0.9185309954308566,Male,Has relevent experience,no_enrollment,Graduate,STEM,16,10/49,Pvt Ltd,1,57,0
city_57,0.8695672677636289,Male,Has relevent experience,no_enrollment,Masters,STEM,8,50-99,Pvt Ltd,1,293,0
city_26,0.5201064288973931,Male,Has relevent experience,no_enrollment,Graduate,STEM,7,100-500,Public Sector,1,187,1
city_90,0.6009308992306963,Male,No relevent experience,Full time course,Graduate,STEM,5,50-99,Pvt Ltd,3,114,0
city_57,0.9047685261273619,Male,Has relevent experience,no_enrollment,Masters,STEM,15,5000-9999,Pvt Ltd,>4,44,0
city_78,0.9292357830727103,Male,Has relevent experience,no_enrollment,Masters,STEM,8,10000+,Pvt Ltd,1,40,0
city_150,0.9054759469689777,Male,Has relevent experience,no_enrollment,Masters,Arts,14,10000+,Pvt Ltd,1,152,0
city_55,0.9312754817736772,Male,Has relevent experience,no_enrollment,Graduate,STEM,15,5000-9999,Other,>4,93,0
city_127,0.7398989888566598,Male,Has relevent experience,no_enrollment,Masters,STEM,10,10000+,Pvt Ltd,1,20,0
city_20,0.8351669675409559,Female,Has relevent experience,Full time course,Graduate,STEM,11,10/49,Pvt Ltd,never,89,0
city_83,0.9239677602188783,Male,Has relevent experience,no_enrollment,Graduate,STEM,16,5000-9999,Early Stage Startup,>4,64,0
city_179,0.9072825819316207,Male,Has relevent experience,no_enrollment,Graduate,STEM,17,500-999,Pvt Ltd,1,19,0
city_103,0.9203685475048193,Male,Has relevent experience,no_enrollment,Graduate,STEM,16,100-500,NGO,1,256,0
city_99,0.927713228024787,Male,Has relevent experience,no_enrollment,Graduate,STEM,14,5000-9999,Pvt Ltd,2,329,0
city_103,0.9200000010478956,Male,Has relevent experience,no_enrollment,Graduate,STEM,18,5000-9999,Pvt Ltd,4,161,0
city_16,0.8927452046832267,Male,Has relevent experience,no_enrollment,Graduate,STEM,14,500-999,Pvt Ltd,1,83,0
city_19,0.9195693334220596,Male,Has relevent experience,no_enrollment,Graduate,STEM,>20,<10,Pvt Ltd,3,32,<NA>
city_13,0.9253002562538839,Male,Has relevent experience,no_enrollment,Masters,STEM,>20,100-500,Pvt Ltd,2,24,0
city_82,0.9028583130148425,Male,Has relevent experience,no_enrollment,Masters,STEM,17,1000-4999,Public Sector,>4,21,0
city_143,0.6572381572666981,Other,Has relevent experience,no_enrollment,Graduate,Business Degree,2,50-99,Pvt Ltd,1,286,0
city_97,0.8564329689692121,Male,No relevent experience,no_enrollment,Masters,STEM,<1,5000-9999,Pvt Ltd,1,70,<NA>
city_103,0.9200000000026483,Male,No relevent experience,Full time course,Graduate,STEM,5,1000-4999,Pvt Ltd,4,43,<NA>
city_44,0.9411964217564577,Other,Has relevent experience,no_enrollment,Graduate,STEM,6,100-500,Pvt Ltd,1,192,0
city_99,0.8788729586060874,Male,Has relevent experience,no_enrollment,Graduate,STEM,16,10/49,Pvt Ltd,1,58,0
city_78,0.4677220696030561,Male,Has relevent experience,no_enrollment,Graduate,Business Degree,>20,500-999,Pvt Ltd,1,72,0
city_46,0.9354614225953934,Male,Has relevent experience,no_enrollment,Graduate,STEM,6,10000+,Pvt Ltd,1,8,0
city_118,0.7775670611575597,Male,Has relevent experience,Part time course,High School,STEM,4,50-99,Pvt Ltd,2,38,1
city_123,0.9138596258947681,Male,Has relevent experience,no_enrollment,Graduate,STEM,17,<10,Pvt Ltd,>4,22,0
city_28,0.8908437908261116,Male,No relevent experience,Full time course,Phd,STEM,9,1000-4999,Early Stage Startup,never,96,0
city_74,0.89714948539604,Male,Has relevent experience,Full time course,Graduate,STEM,6,<10,Pvt Ltd,3,14,1
city_115,0.9123954281455173,Male,Has relevent experience,no_enrollment,Graduate,STEM,8,1000-4999,Pvt Ltd,>4,52,0
city_16,0.7804206005664065,Male,No relevent experience,no_enrollment,Phd,STEM,14,100-500,NGO,3,187,0
city_103,0.9200000000161053,Male,No relevent experience,Full time course,Graduate,STEM,2,50-99,Pvt Ltd,1,39,0
city_75,0.6077934216944055,Other,Has relevent experience,no_enrollment,Graduate,STEM,6,50-99,Other,1,106,0
city_127,0.9198851221224877,Male,No relevent experience,Full time course,Masters,STEM,4,5000-9999,Other,never,1,0
city_76,0.9290965429788004,Male,Has relevent experience,no_enrollment,Masters,STEM,15,50-99,Pvt Ltd,>4,22,0
city_53,0.9036772169571954,Male,Has relevent experience,no_enrollment,Graduate,STEM,>20,<10,Pvt Ltd,1,35,0
city_45,0.751493274681,Male,Has relevent experience,no_enrollment,Masters,STEM,10,1000-4999,Pvt Ltd,1,29,0
city_107,0.8897766580609812,Male,Has relevent experience,no_enrollment,Masters,No Major,17,<10,Pvt Ltd,1,127,0
city_16,0.9218190987822166,Male,Has relevent experience,no_enrollment,Graduate,STEM,9,<10,Pvt Ltd,1,20,0
city_103,0.9196174338149277,Male,Has relevent experience,no_enrollment,Graduate,STEM,9,10000+,Pvt Ltd,1,213,0
city_136,0.8806218531607578,Male,Has relevent experience,no_enrollment,Masters,STEM,15,5000-9999,Pvt Ltd,>4,39,0
city_123,0.5491920802918929,Female,Has relevent experience,no_enrollment,Masters,STEM,4,5000-9999,Public Sector,1,134,1
city_12,0.668513283792818,Other,No relevent experience,Part time course,Primary School,STEM,5,10000+,Pvt Ltd,never,126,<NA>
city_103,0.9200000000151528,Male,No relevent experience,Part time course,Primary School,STEM,14,10000+,Early Stage Startup,1,44,0
city_78,0.7518024474294198,Male,Has relevent experience,no_enrollment,Graduate,STEM,10,100-500,Pvt Ltd,never,30,0
city_21,0.6239999998892427,Male,Has relevent experience,no_enrollment,Masters,STEM,4,100-500,Pvt Ltd,1,9,<NA>
city_103,0.9200518670038805,Male,Has relevent experience,no_enrollment,Graduate,STEM,>20,10/49,Pvt Ltd,>4,12,0
city_61,0.8818186524684267,Male,Has relevent experience,Full time course,Phd,STEM,11,10000+,Pvt Ltd,1,59,1
city_7,0.7816381172828151,Other,Has relevent experience,Full time course,Graduate,STEM,10,10/49,NGO,1,327,0
city_100,0.8064235684225407,Male,Has relevent experience,no_enrollment,Graduate,STEM,8,50-99,Public Sector,2,257,0
city_176,0.8786463690708705,Male,Has relevent experience,Part time course,Masters,STEM,13,1000-4999,Pvt Ltd,1,5,0
city_55,0.8150167870412791,Male,Has relevent experience,Full time course,Graduate,STEM,5,50-99,Pvt Ltd,1,77,1
city_103,0.9200000000264771,Male,Has relevent experience,no_enrollment,Graduate,STEM,>20,10000+,Pvt Ltd,>4,78,0
city_27,0.907978728054944,Male,Has relevent experience,no_enrollment,Masters,STEM,>20,100-500,Pvt Ltd,1,64,0
city_97,0.9231195318443616,Male,Has relevent experience,no_enrollment,Masters,STEM,19,10/49,Pvt Ltd,3,322,0
city_7,0.8979663349305127,Male,Has relevent experience,no_enrollment,Graduate,STEM,11,50-99,Pvt Ltd,1,15,0
city_9,0.8908532831340716,Male,Has relevent experience,no_enrollment,Graduate,STEM,16,500-999,Pvt Ltd,>4,12,0
city_97,0.9259043003721757,Male,Has relevent experience,no_enrollment,Masters,STEM,19,10/49,Pvt Ltd,1,52,0
city_21,0.5951012832159642,Male,Has relevent experience,no_enrollment,Graduate,STEM,8,10/49,Funded Startup,1,31,1
city_7,0.9256282329167551,Male,No relevent experience,no_enrollment,Masters,STEM,>20,10000+,Pvt Ltd,4,224,0
city_93,0.9234890990579273,Male,Has relevent experience,no_enrollment,Graduate,STEM,>20,<10,Pvt Ltd,1,27,0
city_30,0.8896740454214094,Male,No relevent experience,no_enrollment,Graduate,STEM,4,5000-9999,Early Stage Startup,2,49,<NA>
city_103,0.9203100989696688,Male,Has relevent experience,no_enrollment,Graduate,STEM,>20,50-99,Pvt Ltd,4,208,<NA>
city_42,0.5487234126345729,Male,No relevent experience,Full time course,Masters,STEM,1,500-999,Pvt Ltd,3,194,0
city_37,0.9238964476699709,Other,Has relevent experience,no_enrollment,Graduate,No Major,4,50-99,Other,1,200,0
city_26,0.8348129012503706,Male,Has relevent experience,no_enrollment,Masters,STEM,12,100-500,Pvt Ltd,2,5,0
city_12,0.924443127961484,Male,Has relevent experience,no_enrollment,Graduate,STEM,5,<10,Early Stage Startup,1,48,0
city_103,0.9199553478666653,Male,Has relevent experience,no_enrollment,Graduate,Business Degree,3,50-99,Other,2,20,0
city_55,0.9322619314732469,Male,Has relevent experience,no_enrollment,Masters,STEM,16,<10,Pvt Ltd,1,125,0
city_50,0.5480070663588635,Male,Has relevent experience,no_enrollment,Graduate,STEM,7,50-99,Pvt Ltd,1,161,1
city_103,0.9200000000511853,Male,Has relevent experience,no_enrollment,Graduate,STEM,4,50-99,Pvt Ltd,1,61,0
city_61,0.923974104166177,Male,Has relevent experience,no_enrollment,Graduate,No Major,9,50-99,Pvt Ltd,1,110,0
city_103,0.9200486801181005,Male,Has relevent experience,no_enrollment,Graduate,Arts,6,10/49,Pvt Ltd,4,9,1
city_11,0.6223663381378586,Male,Has relevent experience,no_enrollment,Graduate,STEM,>20,50-99,Pvt Ltd,never,40,1
city_59,0.7693464902611925,Male,Has relevent experience,no_enrollment,Graduate,STEM,10,10/49,Pvt Ltd,2,125,0
city_176,0.9139030619060131,Male,Has relevent experience,no_enrollment,Masters,STEM,4,100-500,Public Sector,1,18,0
city_69,0.8580264974790489,Male,Has relevent experience,Full time course,Graduate,STEM,10,100-500,NGO,1,133,0
city_28,0.8943967256327346,Male,Has relevent experience,Part time course,Graduate,STEM,10,<10,Pvt Ltd,4,81,<NA>
city_103,0.9200000000011201,Male,No relevent experience,Full time course,Graduate,Arts,2,100-500,Pvt Ltd,1,81,0
city_64,0.8737255360614152,Male,Has relevent experience,Full time course,Graduate,STEM,19,10/49,Public Sector,1,12,1
city_141,0.9203367172438902,Male,Has relevent experience,Full time course,Graduate,STEM,8,50-99,Public Sector,1,145,0
city_10,0.9323162810853101,Male,Has relevent experience,no_enrollment,Graduate,STEM,11,100-500,Pvt Ltd,1,47,0
city_157,0.8222303179117727,Male,Has relevent experience,no_enrollment,Graduate,STEM,6,100-500,Early Stage Startup,1,48,0
city_46,0.7831847692716146,Male,Has relevent experience,no_enrollment,Graduate,STEM,6,100-500,NGO,1,47,0
city_36,0.8032737590492696,Female,No relevent experience,no_enrollment,Masters,STEM,6,<10,NGO,>4,119,0
city_21,0.6239999999621788,Male,Has relevent experience,Full time course,Graduate,STEM,1,<10,Pvt Ltd,1,33,0
city_127,0.6441716129954219,Male,Has relevent experience,no_enrollment,Graduate,STEM,3,100-500,Pvt Ltd,>4,122,1
city_103,0.9199770926246363,Male,Has relevent experience,no_enrollment,Graduate,STEM,>20,500-999,Pvt Ltd,1,14,0
city_10,0.7999278488674476,Male,No relevent experience,no_enrollment,Masters,STEM,<1,5000-9999,Pvt Ltd,1,68,<NA>
city_114,0.9257406606365768,Male,Has relevent experience,no_enrollment,Masters,STEM,11,10000+,Pvt Ltd,4,84,0
city_107,0.8958452992592917,Male,Has relevent experience,no_enrollment,Graduate,STEM,5,50-99,Pvt Ltd,2,39,0
city_105,0.8519144501097882,Other,Has relevent experience,no_enrollment,Masters,STEM,2,<10,Early Stage Startup,1,112,0
city_107,0.5708514048868147,Female,Has relevent experience,Full time course,Graduate,STEM,10,10/49,Other,1,161,0
city_155,0.7307030065165588,Other,No relevent experience,no_enrollment,Graduate,Other,<1,1000-4999,Pvt Ltd,1,165,0
city_103,0.9200120088049045,Male,Has relevent experience,Part time course,High School,Business Degree,>20,50-99,NGO,2,114,1
city_103,0.9199697733548742,Male,Has relevent experience,no_enrollment,Graduate,STEM,14,1000-4999,Pvt Ltd,>4,16,0
city_93,0.9168099608898302,Male,Has relevent experience,no_enrollment,Masters,STEM,>20,<10,Pvt Ltd,1,46,0
city_103,0.9202647629368236,Male,Has relevent experience,Full time course,Graduate,STEM,>20,50-99,Public Sector,>4,230,1
city_97,0.5199803578784691,Male,Has relevent experience,Full time course,Graduate,STEM,2,10/49,Pvt Ltd,1,128,0
city_57,0.9190905575065942,Male,No relevent experience,no_enrollment,Graduate,No Major,8,100-500,Pvt Ltd,1,39,0
city_118,0.8783017286790517,Male,Has relevent experience,no_enrollment,Masters,Humanities,>20,100-500,Pvt Ltd,4,35,0
city_71,0.9103984899921795,Male,No relevent experience,Part time course,Primary School,STEM,2,10000+,Funded Startup,4,35,<NA>
city_105,0.943039223701951,Male,No relevent experience,Full time course,Graduate,Other,6,<10,Pvt Ltd,1,46,<NA>
city_21,0.6240000000084378,Male,Has relevent experience,Full time course,Graduate,STEM,2,10/49,Pvt Ltd,1,39,0
city_16,0.66339187369863,Male,Has relevent experience,no_enrollment,Graduate,STEM,9,100-500,Pvt Ltd,2,103,1
city_103,0.9200000000155958,Male,Has relevent experience,no_enrollment,Graduate,STEM,10,<10,Other,1,45,0
city_46,0.9326016066482592,Male,Has relevent experience,Full time course,Graduate,STEM,5,50-99,Pvt Ltd,1,2,0
city_141,0.5699244144512288,Male,Has relevent experience,Full time course,Graduate,STEM,5,<10,Funded Startup,never,58,1
city_27,0.912072759417145,Male,Has relevent experience,no_enrollment,Graduate,STEM,9,10/49,Pvt Ltd,1,50,<NA>
city_114,0.9025008041527628,Male,Has relevent experience,no_enrollment,Masters,STEM,11,50-99,Pvt Ltd,1,66,0
city_103,0.9200000000400312,Male,Has relevent experience,no_enrollment,Graduate,STEM,>20,50-99,Pvt Ltd,>4,57,0
city_50,0.9141222124288367,Male,Has relevent experience,no_enrollment,Graduate,STEM,6,10000+,Pvt Ltd,1,12,0
city_7,0.7350525082774078,Male,Has relevent experience,no_enrollment,Graduate,STEM,>20,50-99,Pvt Ltd,1,50,0
city_64,0.7047604353468215,Male,No relevent experience,no_enrollment,Masters,STEM,8,1000-4999,Pvt Ltd,>4,144,1
city_103,0.9200000007681108,Male,Has relevent experience,no_enrollment,Masters,STEM,2,100-500,Pvt Ltd,1,25,1
city_53,0.918206878987837,Male,Has relevent experience,no_enrollment,Phd,STEM,11,10000+,Pvt Ltd,>4,53,<NA>
city_103,0.9199999999913363,Male,Has relevent experience,no_enrollment,Graduate,Arts,2,100-500,Pvt Ltd,1,63,0
city_83,0.5952050722204815,Female,No relevent experience,Full time course,Graduate,STEM,4,10000+,Other,1,142,0
city_21,0.6239999999884348,Male,Has relevent experience,no_enrollment,Graduate,STEM,2,10/49,Funded Startup,1,23,0
city_143,0.9244918162418125,Male,Has relevent experience,no_enrollment,Graduate,STEM,6,50-99,Pvt Ltd,1,227,0
city_176,0.7749782716799648,Male,Has relevent experience,no_enrollment,Graduate,No Major,2,100-500,Pvt Ltd,1,4,0
city_144,0.903492500259078,Male,Has relevent experience,no_enrollment,Masters,No Major,20,50-99,Pvt Ltd,1,24,<NA>
city_103,0.9200000000205263,Male,Has relevent experience,no_enrollment,Graduate,STEM,5,10000+,Pvt Ltd,never,34,0
city_144,0.9076786962791078,Male,Has relevent experience,no_enrollment,Graduate,STEM,>20,10000+,Pvt Ltd,>4,10,1
city_72,0.5122256462502837,Male,Has relevent experience,no_enrollment,Graduate,STEM,6,10/49,Pvt Ltd,never,116,1
city_53,0.7701166387414238,Male,No relevent experience,Full time course,Masters,STEM,1,50-99,Funded Startup,3,31,0
city_65,0.6979999999987521,Male,Has relevent experience,no_enrollment,Graduate,STEM,5,500-999,Pvt Ltd,1,24,0
city_19,0.8334918212194485,Male,Has relevent experience,no_enrollment,Graduate,STEM,15,500-999,Pvt Ltd,4,218,0
city_105,0.4597127725301627,Male,Has relevent experience,Full time course,Masters,STEM,4,50-99,Pvt Ltd,2,223,<NA>
city_16,0.894761958728528,Male,Has relevent experience,Full time course,Graduate,STEM,>20,50-99,Pvt Ltd,1,22,0
city_107,0.9390473636791419,Male,Has relevent experience,Part time course,High School,STEM,4,100-500,Pvt Ltd,2,103,<NA>
city_103,0.920002697421637,Male,Has relevent experience,no_enrollment,Masters,STEM,7,10000+,Pvt Ltd,3,14,0
city_24,0.805902522224976,Other,Has relevent experience,no_enrollment,Masters,STEM,5,10/49,Pvt Ltd,1,96,1
city_65,0.9343017302619604,Male,No relevent experience,no_enrollment,Masters,STEM,<1,10000+,Pvt Ltd,2,22,0
city_103,0.9200000000315998,Male,Has relevent experience,no_enrollment,Graduate,STEM,20,100-500,Pvt Ltd,1,73,0
city_103,0.9200000003036498,Male,Has relevent experience,no_enrollment,Masters,STEM,>20,100-500,Pvt Ltd,1,24,0
city_103,0.9199999999771538,Male,Has relevent experience,no_enrollment,Masters,STEM,2,100-500,Pvt Ltd,1,28,<NA>
city_23,0.8708714467582145,Male,No relevent experience,Full time course,Graduate,STEM,3,50-99,NGO,1,204,0
city_103,0.9200000000143185,Male,Has relevent experience,no_enrollment,Graduate,STEM,>20,10000+,Pvt Ltd,>4,48,0
city_46,0.933953680717775,Male,Has relevent experience,no_enrollment,Graduate,No Major,10,<10,Pvt Ltd,>4,50,<NA>
city_11,0.5576181366104983,Female,Has relevent experience,no_enrollment,Graduate,STEM,19,10/49,Pvt Ltd,4,76,0
city_21,0.6240000000358574,Male,Has relevent experience,no_enrollment,Graduate,STEM,4,50-99,Pvt Ltd,never,25,1
city_155,0.924278835170391,Male,Has relevent experience,no_enrollment,Graduate,STEM,14,50-99,Pvt Ltd,>4,59,0
city_127,0.7952631287011473,Male,Has relevent experience,no_enrollment,Graduate,STEM,>20,10000+,Pvt Ltd,>4,79,0
city_83,0.8291169577731808,Male,Has relevent experience,no_enrollment,Graduate,STEM,14,500-999,Pvt Ltd,>4,3,0
city_28,0.9234809353446686,Male,Has relevent experience,no_enrollment,Graduate,STEM,14,50-99,Pvt Ltd,>4,54,0
city_103,0.920000000020601,Male,No relevent experience,no_enrollment,Graduate,Arts,7,100-500,Funded Startup,1,37,0
city_19,0.8890512357488541,Male,Has relevent experience,no_enrollment,Graduate,STEM,16,50-99,Early Stage Startup,1,38,0
city_7,0.717865871731435,Male,Has relevent experience,no_enrollment,Masters,STEM,>20,5000-9999,Pvt Ltd,>4,3,0
city_21,0.6239999999395011,Male,Has relevent experience,no_enrollment,Graduate,STEM,5,5000-9999,Pvt Ltd,1,47,1
city_21,0.6239999999230937,Male,Has relevent experience,no_enrollment,Graduate,STEM,4,100-500,Pvt Ltd,2,106,1
city_103,0.9200000000321799,Male,Has relevent experience,Full time course,Graduate,STEM,10,10000+,Pvt Ltd,3,33,0
city_19,0.8739310355921371,Male,Has relevent experience,no_enrollment,Graduate,Business Degree,8,500-999,Pvt Ltd,1,14,0
city_103,0.9200000000131523,Male,Has relevent experience,no_enrollment,Graduate,STEM,5,10000+,Pvt Ltd,never,74,0
city_103,0.9200000000291977,Male,Has relevent experience,no_enrollment,Graduate,STEM,13,100-500,Pvt Ltd,1,36,0
city_103,0.9199978257045203,Male,Has relevent experience,no_enrollment,Graduate,Humanities,>20,50-99,Pvt Ltd,>4,21,0
city_77,0.9120726193419895,Male,Has relevent experience,no_enrollment,Graduate,STEM,5,<10,NGO,1,47,0
city_36,0.5855919598790511,Other,Has relevent experience,Full time course,Graduate,STEM,10,10/49,Other,1,35,0
city_160,0.7947272498263401,Male,Has relevent experience,no_enrollment,Graduate,STEM,8,10/49,Early Stage Startup,1,111,0
city_157,0.6979999999990553,Male,Has relevent experience,no_enrollment,Graduate,STEM,13,50-99,Pvt Ltd,4,28,0
city_11,0.7281435636653023,Male,Has relevent experience,no_enrollment,Graduate,STEM,>20,10/49,Pvt Ltd,1,34,0
city_65,0.7372130841089064,Male,Has relevent experience,no_enrollment,Masters,STEM,14,100-500,Pvt Ltd,3,26,0
city_73,0.9199932226840429,Male,Has relevent experience,no_enrollment,Masters,Arts,1,100-500,Pvt Ltd,1,236,1
city_89,0.91591424530369,Male,Has relevent experience,no_enrollment,Graduate,STEM,4,<10,NGO,1,102,0
city_54,0.8954918925560138,Male,No relevent experience,no_enrollment,Graduate,STEM,>20,50-99,Pvt Ltd,1,1,<NA>
city_36,0.7395840247853609,Male,Has relevent experience,no_enrollment,Graduate,STEM,6,100-500,Pvt Ltd,2,192,0
city_167,0.7849662500599162,Male,Has relevent experience,no_enrollment,Graduate,STEM,10,50-99,Pvt Ltd,1,2,0
city_91,0.9032282763808879,Male,Has relevent experience,no_enrollment,Masters,STEM,>20,500-999,Pvt Ltd,4,336,0
city_90,0.816247715095103,Male,Has relevent experience,Full time course,Graduate,STEM,4,10/49,Pvt Ltd,4,12,0
city_103,0.9200556080855931,Male,Has relevent experience,Full time course,Phd,STEM,>20,10000+,Pvt Ltd,>4,19,<NA>
city_149,0.6048348981979618,Other,Has relevent experience,no_enrollment,Graduate,STEM,15,10000+,Pvt Ltd,1,115,1
city_41,0.9014806016117165,Male,Has relevent experience,no_enrollment,Graduate,STEM,7,500-999,Public Sector,1,49,0
city_149,0.8992743826890485,Male,Has relevent experience,Full time course,Graduate,STEM,8,100-500,Early Stage Startup,1,110,0
city_91,0.9476951741777044,Other,Has relevent experience,no_enrollment,Masters,Arts,>20,100-500,Funded Startup,2,3,0
city_75,0.7631624366845964,Male,Has relevent experience,no_enrollment,Graduate,STEM,4,50-99,Pvt Ltd,2,11,0
city_69,0.8406220371439017,Male,Has relevent experience,no_enrollment,Masters,STEM,17,10000+,Pvt Ltd,1,267,0
city_67,0.6180987750303343,Other,Has relevent experience,no_enrollment,Graduate,STEM,3,10000+,Funded Startup,2,136,0
city_160,0.9382287327252347,Male,Has relevent experience,no_enrollment,Graduate,Arts,11,1000-4999,Pvt Ltd,3,20,0
city_103,0.9204402516568011,Male,Has relevent experience,no_enrollment,Graduate,STEM,10,10000+,Pvt Ltd,4,206,1
city_21,0.6239999999501922,Male,No relevent experience,Full time course,Graduate,STEM,4,50-99,NGO,1,33,1
city_117,0.9020242989083233,Male,Has relevent experience,no_enrollment,Masters,STEM,16,50-99,Pvt Ltd,4,18,0
city_70,0.8657278598737702,Male,Has relevent experience,no_enrollment,Graduate,STEM,11,100-500,Pvt Ltd,never,33,0
city_103,0.9200000000260351,Male,Has relevent experience,Part time course,Primary School,STEM,14,10000+,Pvt Ltd,>4,58,<NA>
city_73,0.9407033103756638,Male,Has relevent experience,no_enrollment,Graduate,STEM,>20,10/49,Pvt Ltd,1,18,0
city_10,0.46603179219905483,Male,Has relevent experience,no_enrollment,Graduate,STEM,17,500-999,Pvt Ltd,1,17,0
city_103,0.9200508085692651,Male,Has relevent experience,no_enrollment,Graduate,No Major,>20,10000+,Pvt Ltd,>4,86,0
city_16,0.790580383056277,Other,Has relevent experience,no_enrollment,Masters,STEM,4,5000-9999,Funded Startup,1,31,1
city_123,0.4991250364598434,Female,No relevent experience,Part time course,Masters,STEM,5,10000+,Pvt Ltd,3,296,1
city_103,0.9200060930641237,Male,No relevent experience,no_enrollment,Masters,STEM,14,50-99,Pvt Ltd,3,114,0
city_103,0.9200000000130504,Male,Has relevent experience,Part time course,High School,STEM,4,100-500,Pvt Ltd,2,44,0
city_158,0.6979999999995317,Male,Has relevent experience,Part time course,High School,STEM,5,50-99,Pvt Ltd,3,7,<NA>
city_134,0.6979999909800848,Male,No relevent experience,no_enrollment,Graduate,STEM,5,10/49,Pvt Ltd,1,45,1
city_7,0.7984367764790387,Male,Has relevent experience,no_enrollment,Masters,STEM,18,1000-4999,Pvt Ltd,3,30,0
city_89,0.4780514952257081,Male,Has relevent experience,no_enrollment,Graduate,STEM,3,<10,Early Stage Startup,never,58,1
city_103,0.9200173755076148,Male,No relevent experience,no_enrollment,Graduate,STEM,14,100-500,Other,1,13,0
city_70,0.8762005652343964,Male,Has relevent experience,Part time course,Graduate,STEM,9,<10,Pvt Ltd,1,109,<NA>
city_13,0.9414009746661256,Male,Has relevent experience,no_enrollment,Graduate,Other,>20,100-500,Pvt Ltd,>4,26,0
city_45,0.9435923850654335,Male,No relevent experience,Full time course,Graduate,STEM,3,100-500,Public Sector,>4,13,<NA>
city_48,0.4719395861877812,Other,Has relevent experience,no_enrollment,Graduate,STEM,9,5000-9999,Pvt Ltd,>4,143,0
city_103,0.9200000009173083,Male,No relevent experience,no_enrollment,Graduate,STEM,>20,50-99,Pvt Ltd,>4,28,1
city_50,0.8766925452515462,Male,Has relevent experience,no_enrollment,Masters,STEM,>20,10000+,Pvt Ltd,4,130,1
city_171,0.9319319649915203,Male,Has relevent experience,Part time course,Phd,STEM,14,<10,Public Sector,>4,7,0
city_103,0.9200000000384585,Male,Has relevent experience,no_enrollment,Masters,STEM,14,100-500,Pvt Ltd,>4,74,0
city_30,0.9303859565781158,Female,Has relevent experience,Part time course,Graduate,STEM,7,10000+,Pvt Ltd,3,183,0
city_103,0.9200418113701999,Male,Has relevent experience,no_enrollment,Graduate,STEM,5,100-500,Pvt Ltd,2,130,0
city_176,0.9142458981489726,Male,Has relevent experience,no_enrollment,Masters,STEM,6,100-500,Pvt Ltd,1,97,0
city_165,0.471986441150335,Male,Has relevent experience,no_enrollment,Masters,STEM,9,1000-4999,Pvt Ltd,3,65,0
city_28,0.9263625620740752,Male,Has relevent experience,no_enrollment,Masters,STEM,19,10/49,Pvt Ltd,4,224,0
city_141,0.9249654268956633,Male,No relevent experience,Part time course,High School,STEM,13,50-99,Other,never,58,0
city_128,0.7274483339263131,Male,Has relevent experience,no_enrollment,Masters,STEM,18,1000-4999,Pvt Ltd,>4,29,0
city_21,0.623999999902359,Male,Has relevent experience,Full time course,Graduate,STEM,1,50-99,Pvt Ltd,1,10,1
city_57,0.79363186118123,Male,No relevent experience,Full time course,Masters,STEM,1,50-99,Early Stage Startup,4,40,0
city_18,0.8503099293324241,Other,Has relevent experience,Part time course,Phd,STEM,>20,10000+,Public Sector,never,32,0
city_103,0.9200000000226751,Male,Has relevent experience,no_enrollment,Graduate,STEM,15,100-500,Funded Startup,3,78,<NA>
city_136,0.8959001427208594,Male,Has relevent experience,no_enrollment,Masters,STEM,8,50-99,Pvt Ltd,4,37,0
city_21,0.6239999998819613,Male,Has relevent experience,no_enrollment,Graduate,STEM,10,10000+,Pvt Ltd,never,47,0
city_21,0.624000000012996,Male,No relevent experience,Full time course,Graduate,STEM,10,50-99,Pvt Ltd,4,23,1
city_16,0.9102070785426215,Male,Has relevent experience,no_enrollment,Graduate,STEM,13,10/49,Pvt Ltd,>4,85,0
city_103,0.9199999997870806,Male,No relevent experience,Full time course,Masters,STEM,8,50-99,NGO,2,22,0
city_179,0.916235547511586,Male,Has relevent experience,no_enrollment,Graduate,STEM,17,<10,Pvt Ltd,>4,19,0
city_103,0.9200000000450902,Male,Has relevent experience,no_enrollment,Graduate,STEM,>20,1000-4999,Pvt Ltd,>4,81,0
city_39,0.9139883107459322,Male,Has relevent experience,no_enrollment,Masters,STEM,>20,50-99,Pvt Ltd,1,100,0
city_78,0.6980000000000763,Male,Has relevent experience,no_enrollment,Graduate,STEM,2,100-500,Pvt Ltd,1,17,0
city_28,0.8169169815168854,Male,Has relevent experience,no_enrollment,Graduate,STEM,10,100-500,Funded Startup,2,111,<NA>
city_21,0.6239999999792095,Male,Has relevent experience,no_enrollment,Graduate,STEM,10,10000+,Pvt Ltd,never,30,0
city_103,0.920000000008329,Male,Has relevent experience,no_enrollment,Graduate,Business Degree,>20,10000+,Pvt Ltd,4,47,0
city_40,0.6847777553488139,Other,Has relevent experience,no_enrollment,Graduate,STEM,2,50-99,NGO,1,244,0
city_105,0.853196566994181,Male,Has relevent experience,no_enrollment,Masters,Humanities,12,50-99,Early Stage Startup,1,256,0
city_103,0.9200476509445994,Male,Has relevent experience,no_enrollment,Graduate,STEM,>20,500-999,Pvt Ltd,1,13,0
city_107,0.6596367235554511,Male,Has relevent experience,Part time course,Masters,STEM,9,10/49,Pvt Ltd,1,22,<NA>
city_114,0.5614789582307245,Male,Has relevent experience,Full time course,Graduate,STEM,5,50-99,Pvt Ltd,3,65,1
city_103,0.9200314362030066,Male,Has relevent experience,no_enrollment,Masters,STEM,>20,10000+,Pvt Ltd,2,11,0
city_103,0.9199999999947209,Male,Has relevent experience,no_enrollment,Graduate,Arts,5,1000-4999,Pvt Ltd,1,45,0
city_107,0.9316243087942602,Male,Has relevent experience,no_enrollment,Masters,STEM,>20,5000-9999,Pvt Ltd,2,36,0
city_19,0.668043726038938,Male,Has relevent experience,no_enrollment,Graduate,STEM,12,500-999,NGO,1,33,0
city_103,0.5716868956008132,Male,Has relevent experience,no_enrollment,Graduate,STEM,4,50-99,Pvt Ltd,1,21,0
city_41,0.7386255604366675,Female,Has relevent experience,no_enrollment,Graduate,STEM,>20,50-99,Pvt Ltd,>4,136,0
city_2,0.9060606981318218,Male,Has relevent experience,no_enrollment,Graduate,STEM,>20,100-500,Pvt Ltd,>4,273,0
city_103,0.9200000000212758,Male,Has relevent experience,Part time course,Primary School,Business Degree,11,10000+,Public Sector,never,60,0
city_98,0.9206229312165206,Other,No relevent experience,no_enrollment,Masters,Arts,6,10/49,Public Sector,1,113,<NA>
city_24,0.8212736550534572,Other,Has relevent experience,Full time course,Masters,STEM,4,50-99,Funded Startup,4,317,0
city_13,0.9011514466639376,Female,Has relevent experience,no_enrollment,Masters,STEM,8,50-99,Pvt Ltd,1,30,0
city_140,0.9436465554111393,Male,Has relevent experience,no_enrollment,Graduate,STEM,14,5000-9999,Pvt Ltd,2,273,0
city_123,0.6193958254497043,Male,Has relevent experience,Part time course,High School,STEM,10,500-999,Pvt Ltd,1,62,0
city_103,0.9200000000215216,Male,Has relevent experience,no_enrollment,Graduate,STEM,>20,1000-4999,Other,>4,47,0
city_103,0.9199999999859473,Male,Has relevent experience,no_enrollment,Graduate,STEM,>20,100-500,Pvt Ltd,1,46,0
city_36,0.9198831976212708,Male,Has relevent experience,no_enrollment,Graduate,STEM,9,10000+,Pvt Ltd,1,74,0
city_114,0.925867412287597,Male,Has relevent experience,no_enrollment,Graduate,STEM,9,1000-4999,Pvt Ltd,>4,64,0
city_103,0.9200000000167119,Male,Has relevent experience,no_enrollment,Graduate,STEM,17,100-500,Pvt Ltd,4,58,1
city_103,0.9200490157761109,Male,Has relevent experience,no_enrollment,Graduate,STEM,>20,100-500,Pvt Ltd,>4,21,0
city_103,0.9200246458888203,Male,No relevent experience,Full time course,Graduate,STEM,5,1000-4999,Funded Startup,>4,1,0
city_150,0.9174666669082401,Male,Has relevent experience,no_enrollment,Graduate,Other,12,10/49,Pvt Ltd,1,97,0
city_24,0.452951721793789,Other,Has relevent experience,no_enrollment,Graduate,STEM,8,10/49,Early Stage Startup,1,141,0
city_103,0.9199916472177934,Male,No relevent experience,no_enrollment,Graduate,STEM,9,10000+,Pvt Ltd,never,2,1
city_167,0.9093007230393846,Male,Has relevent experience,no_enrollment,Masters,STEM,18,10000+,Pvt Ltd,2,22,0
city_109,0.842871933573861,Male,Has relevent experience,no_enrollment,Masters,STEM,>20,50-99,Pvt Ltd,2,11,0
city_127,0.8183226715668719,Male,Has relevent experience,no_enrollment,Graduate,STEM,19,100-500,Early Stage Startup,1,2,0
city_13,0.9260886619205301,Male,Has relevent experience,Part time course,Graduate,STEM,7,100-500,Pvt Ltd,4,95,1
city_21,0.6239999998717304,Male,Has relevent experience,no_enrollment,Graduate,STEM,5,500-999,Pvt Ltd,3,92,0
city_43,0.9231251074071747,Male,Has relevent experience,Part time course,Primary School,STEM,17,10000+,Pvt Ltd,2,285,1
city_103,0.9199494773251379,Male,Has relevent experience,no_enrollment,Graduate,No Major,1,10/49,Pvt Ltd,1,11,0
city_143,0.8807917749373751,Male,Has relevent experience,no_enrollment,Masters,STEM,11,50-99,Pvt Ltd,1,74,0
city_98,0.8194144320294088,Other,Has relevent experience,Full time course,Graduate,STEM,11,10/49,Pvt Ltd,never,298,0
city_39,0.8850389262730213,Male,Has relevent experience,no_enrollment,Masters,STEM,9,<10,Pvt Ltd,1,49,0
city_103,0.919999999991287,Male,Has relevent experience,no_enrollment,Graduate,STEM,>20,10000+,Pvt Ltd,>4,74,0
city_103,0.9200000000214641,Male,Has relevent experience,no_enrollment,Graduate,STEM,5,100-500,Pvt Ltd,1,80,0
city_90,0.8809289156734949,Male,Has relevent experience,no_enrollment,Masters,STEM,9,100-500,Pvt Ltd,2,30,0
city_37,0.8977531614687896,Male,Has relevent experience,no_enrollment,Masters,Business Degree,20,50-99,Pvt Ltd,1,26,<NA>
city_24,0.5250464101224973,Male,Has relevent experience,no_enrollment,Masters,STEM,9,50-99,Pvt Ltd,1,71,0
city_107,0.9223204141110528,Male,No relevent experience,no_enrollment,Graduate,STEM,>20,100-500,NGO,1,5,0
city_57,0.6085873921508769,Other,Has relevent experience,no_enrollment,Graduate,STEM,19,10/49,Pvt Ltd,4,271,0
city_67,0.7119241798196605,Female,Has relevent experience,no_enrollment,Graduate,STEM,10,10/49,Pvt Ltd,4,71,1
city_21,0.5296117291147404,Other,Has relevent experience,no_enrollment,Masters,STEM,>20,1000-4999,Pvt Ltd,2,257,0
city_123,0.9036182418067138,Male,Has relevent experience,no_enrollment,Masters,STEM,10,10000+,Pvt Ltd,1,55,0
city_42,0.9271482175934979,Male,Has relevent experience,no_enrollment,Graduate,STEM,>20,1000-4999,Pvt Ltd,3,38,1
city_21,0.6239999999766362,Male,Has relevent experience,no_enrollment,Masters,STEM,19,50-99,Other,never,49,1
city_45,0.4916792369549838,Female,Has relevent experience,no_enrollment,Graduate,STEM,12,5000-9999,Pvt Ltd,4,240,1
city_69,0.9013751152195985,Male,Has relevent experience,no_enrollment,Graduate,STEM,>20,50-99,Pvt Ltd,1,41,0
city_40,0.9229737405984473,Male,Has relevent experience,no_enrollment,Graduate,STEM,14,<10,Pvt Ltd,4,331,1
city_103,0.9200305683991671,Male,Has relevent experience,no_enrollment,Masters,STEM,5,10/49,Other,1,110,0
city_74,0.8203344474212573,Male,Has relevent experience,no_enrollment,Graduate,STEM,8,50-99,Funded Startup,2,147,0
city_117,0.9394979840814909,Male,Has relevent experience,no_enrollment,Graduate,STEM,14,100-500,Pvt Ltd,1,9,0
city_118,0.7594751927805938,Male,Has relevent experience,Full time course,Graduate,STEM,4,500-999,Pvt Ltd,1,36,0
city_103,0.9200000000449674,Male,Has relevent experience,no_enrollment,Graduate,STEM,>20,10000+,Pvt Ltd,3,49,0
city_93,0.895959481490774,Male,No relevent experience,no_enrollment,Graduate,STEM,>20,50-99,Pvt Ltd,never,69,0
city_21,0.7614473854514564,Male,Has relevent experience,no_enrollment,Masters,STEM,16,50-99,Pvt Ltd,2,75,0
city_7,0.916966303924635,Other,Has relevent experience,Full time course,Graduate,STEM,5,100-500,Pvt Ltd,>4,330,<NA>
city_103,0.9199800463169566,Male,Has relevent experience,no_enrollment,Graduate,STEM,16,500-999,Pvt Ltd,4,130,<NA>
city_99,0.8702090909748461,Other,Has relevent experience,no_enrollment,Masters,STEM,4,5000-9999,NGO,1,331,1
city_106,0.46845866039734857,Male,No relevent experience,no_enrollment,Masters,STEM,3,100-500,Pvt Ltd,1,307,<NA>
city_94,0.8820029050445892,Male,No relevent experience,Part time course,Phd,STEM,>20,500-999,Early Stage Startup,4,28,<NA>
city_103,0.9200000000199742,Male,Has relevent experience,no_enrollment,Graduate,STEM,9,500-999,Pvt Ltd,4,34,1
city_28,0.9103893971279415,Male,No relevent experience,Part time course,Primary School,STEM,14,10000+,Other,>4,47,1
city_21,0.6239999998999185,Male,Has relevent experience,no_enrollment,Graduate,STEM,10,1000-4999,Pvt Ltd,2,46,0
city_103,0.9200556499133311,Male,Has relevent experience,no_enrollment,Graduate,Arts,>20,50-99,Pvt Ltd,>4,17,0
city_127,0.9015931697184736,Male,No relevent experience,Full time course,Graduate,STEM,3,100-500,Early Stage Startup,2,12,1
city_103,0.9199616651955078,Male,No relevent experience,no_enrollment,Graduate,STEM,>20,10/49,Pvt Ltd,4,118,0
city_103,0.9199578276265449,Male,Has relevent experience,no_enrollment,Masters,STEM,7,10000+,Pvt Ltd,>4,13,0
city_103,0.9200000000091708,Male,Has relevent experience,no_enrollment,Graduate,STEM,8,1000-4999,Pvt Ltd,>4,49,0
city_136,0.897754581524746,Male,Has relevent experience,no_enrollment,Masters,STEM,9,100-500,Pvt Ltd,2,32,0
city_93,0.6979999999991251,Male,Has relevent experience,no_enrollment,Phd,STEM,18,100-500,Early Stage Startup,4,45,0
city_91,0.875382956031497,Male,Has relevent experience,no_enrollment,Graduate,STEM,5,1000-4999,Pvt Ltd,4,24,<NA>
city_36,0.9211752197166698,Male,Has relevent experience,no_enrollment,Graduate,STEM,>20,10/49,Pvt Ltd,>4,18,0
city_27,0.8388436904506231,Female,Has relevent experience,no_enrollment,Masters,STEM,7,10000+,Pvt Ltd,2,46,0
city_103,0.9200124659024573,Male,Has relevent experience,no_enrollment,Masters,STEM,>20,50-99,Pvt Ltd,>4,21,1
city_165,0.9196671452099313,Male,Has relevent experience,no_enrollment,Graduate,STEM,18,100-500,Pvt Ltd,>4,56,0
city_165,0.9423876208827275,Male,Has relevent experience,no_enrollment,Graduate,STEM,12,50-99,Pvt Ltd,>4,44,0
city_89,0.5387886914641691,Male,Has relevent experience,Full time course,Masters,STEM,10,50-99,Pvt Ltd,1,66,<NA>
city_103,0.9200000004796892,Male,Has relevent experience,Part time course,Masters,STEM,9,50-99,Pvt Ltd,>4,151,1
city_75,0.9379413487980836,Male,Has relevent experience,no_enrollment,Graduate,STEM,>20,50-99,Pvt Ltd,never,26,<NA>
city_103,0.9200000007618647,Male,Has relevent experience,no_enrollment,Masters,STEM,>20,10000+,Pvt Ltd,3,28,0
city_103,0.9200158115776439,Male,Has relevent experience,no_enrollment,Graduate,STEM,>20,1000-4999,Pvt Ltd,never,19,<NA>
city_11,0.9383943379799711,Male,Has relevent experience,no_enrollment,Graduate,STEM,6,10000+,Pvt Ltd,1,13,0
city_103,0.9192502758691972,Male,No relevent experience,no_enrollment,Masters,STEM,16,10000+,Other,1,284,0
city_103,0.9195608966911176,Male,Has relevent experience,no_enrollment,Graduate,No Major,6,50-99,Pvt Ltd,4,254,0
city_176,0.9000081071465938,Male,No relevent experience,no_enrollment,Graduate,STEM,>20,50-99,Pvt Ltd,3,10,<NA>
city_14,0.8927639802320264,Male,Has relevent experience,no_enrollment,Graduate,STEM,5,50-99,Funded Startup,1,29,0
city_134,0.9307177618577859,Male,Has relevent experience,no_enrollment,Graduate,STEM,6,50-99,Public Sector,1,106,0
city_103,0.9200000000497057,Male,Has relevent experience,Full time course,Graduate,STEM,2,<10,Funded Startup,1,69,0
city_21,0.902711068251081,Male,Has relevent experience,no_enrollment,Masters,STEM,10,10000+,Pvt Ltd,1,43,<NA>
city_21,0.6239999998887583,Male,Has relevent experience,no_enrollment,Masters,STEM,8,50-99,Public Sector,2,47,1
city_14,0.5098117988310684,Male,Has relevent experience,no_enrollment,Graduate,STEM,4,50-99,Pvt Ltd,1,30,0
city_176,0.6134072171274675,Male,Has relevent experience,no_enrollment,Graduate,STEM,7,100-500,Pvt Ltd,1,112,0
city_16,0.883285375008618,Male,Has relevent experience,no_enrollment,Graduate,STEM,18,100-500,Pvt Ltd,>4,62,0
city_103,0.9200063649740096,Male,Has relevent experience,no_enrollment,Graduate,STEM,16,10/49,Funded Startup,2,18,0
city_11,0.9244543679907592,Male,Has relevent experience,no_enrollment,Masters,STEM,9,500-999,Pvt Ltd,4,212,0
city_106,0.8412937349027572,Male,Has relevent experience,no_enrollment,Graduate,STEM,10,50-99,Funded Startup,1,59,0
city_176,0.7867369223010026,Male,No relevent experience,Part time course,Primary School,STEM,7,<10,Other,3,248,0
city_103,0.9202068372760639,Male,No relevent experience,Part time course,Primary School,STEM,9,10000+,Pvt Ltd,4,249,1
city_103,0.9199996239437176,Male,Has relevent experience,no_enrollment,Graduate,Humanities,15,50-99,Other,3,7,<NA>
city_40,0.8333372835859162,Male,Has relevent experience,no_enrollment,Masters,STEM,8,10000+,Pvt Ltd,1,269,1
city_176,0.9242056429139816,Other,Has relevent experience,no_enrollment,Graduate,STEM,>20,1000-4999,NGO,1,152,0
city_103,0.9200000000413902,Male,No relevent experience,no_enrollment,Phd,STEM,20,1000-4999,Other,>4,31,1
city_117,0.9369046015232196,Other,Has relevent experience,no_enrollment,Masters,Other,>20,100-500,Other,2,183,0
city_99,0.9412408396324471,Other,Has relevent experience,no_enrollment,Graduate,STEM,<1,100-500,Pvt Ltd,1,34,<NA>
city_78,0.5392711548723492,Other,Has relevent experience,no_enrollment,Graduate,STEM,1,10000+,Pvt Ltd,1,179,0
city_75,0.9059424684614221,Male,No relevent experience,no_enrollment,Graduate,STEM,>20,50-99,Pvt Ltd,>4,13,0
city_99,0.9333281899761844,Male,Has relevent experience,no_enrollment,Masters,STEM,14,50-99,Pvt Ltd,4,30,0
city_2,0.9359940132709786,Male,Has relevent experience,Full time course,Masters,STEM,9,10/49,Pvt Ltd,never,120,<NA>
city_16,0.9207730537424024,Male,Has relevent experience,no_enrollment,Graduate,STEM,6,50-99,Pvt Ltd,1,180,0
city_71,0.7664288326298552,Male,Has relevent experience,no_enrollment,Graduate,STEM,16,1000-4999,Pvt Ltd,>4,49,0
city_103,0.9199860765969561,Male,Has relevent experience,no_enrollment,Graduate,STEM,12,10000+,Pvt Ltd,>4,2,0
city_69,0.6979999999993441,Male,Has relevent experience,Part time course,Graduate,STEM,5,50-99,Pvt Ltd,1,31,<NA>
city_21,0.6239999999814936,Male,Has relevent experience,Full time course,Graduate,STEM,2,<10,Pvt Ltd,1,27,<NA>
city_69,0.8782945464416154,Male,Has relevent experience,no_enrollment,Masters,STEM,>20,100-500,Pvt Ltd,2,12,0
city_103,0.9200000009448619,Male,Has relevent experience,no_enrollment,Masters,STEM,1,100-500,Pvt Ltd,1,23,0
city_103,0.919320901188839,Male,Has relevent experience,no_enrollment,Graduate,STEM,14,100-500,Pvt Ltd,1,217,0
city_78,0.9189862706082953,Male,Has relevent experience,no_enrollment,Graduate,Arts,4,100-500,Pvt Ltd,3,31,1
city_159,0.8779860003561983,Male,Has relevent experience,no_enrollment,Graduate,STEM,>20,50-99,Pvt Ltd,1,24,0
city_162,0.8978734329785311,Male,Has relevent experience,no_enrollment,Graduate,Humanities,8,500-999,Pvt Ltd,3,129,<NA>
city_103,0.9200000000254793,Male,No relevent experience,Full time course,Graduate,STEM,8,50-99,Funded Startup,2,77,1
city_71,0.9251028026800617,Male,Has relevent experience,no_enrollment,Masters,STEM,15,100-500,Pvt Ltd,4,34,0
city_128,0.9380180529564345,Male,Has relevent experience,no_enrollment,Masters,Arts,20,50-99,Pvt Ltd,1,26,<NA>
city_140,0.7601765865533862,Male,Has relevent experience,Part time course,High School,STEM,4,50-99,Pvt Ltd,never,38,<NA>
city_152,0.923720146736815,Male,Has relevent experience,Part time course,Primary School,Humanities,7,100-500,Pvt Ltd,2,22,1
city_165,0.9485683402286349,Male,Has relevent experience,Full time course,Phd,STEM,>20,1000-4999,Pvt Ltd,2,306,0
city_41,0.8037496274897032,Male,Has relevent experience,no_enrollment,Graduate,STEM,10,100-500,Pvt Ltd,>4,51,0
city_12,0.9028654630944213,Male,Has relevent experience,no_enrollment,Graduate,STEM,>20,100-500,Pvt Ltd,>4,49,0
city_175,0.9360242792255531,Male,Has relevent experience,no_enrollment,Masters,STEM,14,1000-4999,Pvt Ltd,4,24,0
city_103,0.9199999999980124,Male,Has relevent experience,no_enrollment,Graduate,STEM,17,50-99,Pvt Ltd,3,44,1
city_7,0.821779771818844,Female,Has relevent experience,no_enrollment,Graduate,STEM,12,10/49,Pvt Ltd,1,29,0
city_103,0.9200000005563396,Male,Has relevent experience,no_enrollment,Graduate,STEM,6,50-99,Pvt Ltd,1,26,0
city_134,0.8375768883338789,Male,Has relevent experience,Full time course,Graduate,STEM,5,100-500,Pvt Ltd,1,29,1
city_103,0.9200000000294977,Male,Has relevent experience,Full time course,Graduate,STEM,4,100-500,Pvt Ltd,1,39,0
city_21,0.6240000000696462,Male,Has relevent experience,no_enrollment,Graduate,STEM,4,50-99,Funded Startup,1,84,0
city_69,0.9218124485003243,Male,Has relevent experience,no_enrollment,Graduate,STEM,11,10000+,Pvt Ltd,1,312,1
city_103,0.920017669473847,Male,Has relevent experience,no_enrollment,Graduate,STEM,>20,10000+,Pvt Ltd,2,108,<NA>
city_23,0.9306704047026403,Male,No relevent experience,Full time course,Phd,STEM,14,500-999,NGO,1,50,1
city_50,0.6115140846888367,Female,Has relevent experience,no_enrollment,Graduate,STEM,6,50-99,Funded Startup,2,326,0
city_134,0.925847792888348,Male,Has relevent experience,no_enrollment,Graduate,STEM,>20,50-99,Pvt Ltd,never,57,0
city_14,0.6808971375375654,Male,No relevent experience,Full time course,Graduate,STEM,5,<10,Public Sector,1,269,0
city_83,0.8933057797388252,Male,Has relevent experience,no_enrollment,Masters,STEM,18,10000+,Pvt Ltd,2,21,0
city_103,0.9202741732472153,Male,No relevent experience,Part time course,Graduate,STEM,9,10000+,Pvt Ltd,2,306,1
city_103,0.9200262543557419,Male,Has relevent experience,no_enrollment,Graduate,STEM,2,10000+,Pvt Ltd,1,19,0
city_150,0.9063552786375073,Male,Has relevent experience,no_enrollment,Graduate,STEM,17,<10,Pvt Ltd,>4,21,0
city_103,0.9199999999884527,Male,Has relevent experience,no_enrollment,Masters,STEM,>20,500-999,Pvt Ltd,1,73,0
city_103,0.9200342432034485,Male,Has relevent experience,no_enrollment,Graduate,STEM,>20,50-99,Pvt Ltd,4,126,0
city_61,0.9251461767572181,Male,Has relevent experience,no_enrollment,Masters,STEM,14,50-99,Public Sector,1,59,0
city_103,0.9199503415238813,Male,No relevent experience,no_enrollment,Graduate,STEM,>20,500-999,Pvt Ltd,1,6,0
city_20,0.8216343567948442,Male,Has relevent experience,Full time course,Graduate,STEM,6,500-999,Pvt Ltd,1,97,0
city_133,0.9241942529155462,Male,No relevent experience,no_enrollment,Graduate,STEM,9,1000-4999,Pvt Ltd,1,40,0
city_21,0.6239999999842353,Male,Has relevent experience,Full time course,Masters,STEM,5,50-99,Pvt Ltd,3,44,0
city_78,0.8094898601984712,Male,Has relevent experience,no_enrollment,Graduate,STEM,10,100-500,Pvt Ltd,>4,7,0
city_103,0.920000000030907,Male,Has relevent experience,no_enrollment,Masters,STEM,>20,5000-9999,Pvt Ltd,3,55,0
city_26,0.8950595407066911,Male,No relevent experience,no_enrollment,Phd,STEM,9,1000-4999,Other,>4,90,1
city_10,0.9089765284706551,Male,Has relevent experience,no_enrollment,Graduate,STEM,19,<10,Pvt Ltd,never,73,<NA>
city_103,0.9200000000314061,Male,Has relevent experience,no_enrollment,Graduate,STEM,>20,10000+,Pvt Ltd,>4,45,0
city_103,0.920028472395587,Male,Has relevent experience,no_enrollment,Graduate,STEM,3,50-99,Pvt Ltd,>4,3,0
city_179,0.7182825568553445,Male,Has relevent experience,Part time course,Masters,STEM,5,<10,Pvt Ltd,>4,38,1
city_167,0.8723545372885831,Male,Has relevent experience,no_enrollment,Masters,STEM,>20,<10,Other,1,23,0
city_103,0.9200000000330014,Male,No relevent experience,Part time course,Masters,STEM,6,10000+,Pvt Ltd,1,42,<NA>
city_141,0.9304247213526086,Male,Has relevent experience,no_enrollment,Graduate,STEM,13,<10,Pvt Ltd,1,20,0
city_100,0.9207853694736996,Male,Has relevent experience,Full time course,Graduate,STEM,>20,1000-4999,Public Sector,2,31,<NA>
city_136,0.9008843588785167,Male,No relevent experience,no_enrollment,Graduate,STEM,4,50-99,Pvt Ltd,1,102,0
city_149,0.9385175132240531,Male,Has relevent experience,no_enrollment,Graduate,STEM,12,100-500,Pvt Ltd,3,21,1
city_103,0.9199586540521709,Male,Has relevent experience,no_enrollment,Masters,STEM,10,10/49,NGO,1,20,0
city_165,0.8468530887116968,Male,Has relevent experience,no_enrollment,Masters,STEM,8,10000+,Pvt Ltd,1,292,<NA>
city_107,0.8215794109305279,Other,Has relevent experience,no_enrollment,Graduate,No Major,>20,50-99,Pvt Ltd,2,80,0
city_21,0.6239999998751131,Male,Has relevent experience,Full time course,Graduate,STEM,4,100-500,Pvt Ltd,1,7,0
city_103,0.9199999999949421,Male,Has relevent experience,no_enrollment,Graduate,STEM,>20,1000-4999,Pvt Ltd,1,45,0
city_175,0.6362692021406788,Male,Has relevent experience,no_enrollment,Masters,STEM,7,50-99,Pvt Ltd,1,65,0
city_117,0.9021514632407243,Male,No relevent experience,Full time course,Masters,STEM,10,1000-4999,NGO,2,36,0
city_126,0.7700572093428357,Male,Has relevent experience,Part time course,Primary School,STEM,10,1000-4999,Pvt Ltd,3,13,0
city_175,0.938122121395038,Male,Has relevent experience,no_enrollment,Masters,Other,<1,50-99,Pvt Ltd,1,3,0
city_165,0.9403517726787946,Male,No relevent experience,Full time course,Graduate,STEM,>20,1000-4999,Pvt Ltd,1,124,1
city_103,0.9200000000371297,Male,Has relevent experience,no_enrollment,Graduate,STEM,5,100-500,Public Sector,1,81,0
city_175,0.9305823954795422,Male,Has relevent experience,no_enrollment,Graduate,STEM,18,100-500,Pvt Ltd,1,46,<NA>
city_176,0.8217261357443959,Male,Has relevent experience,no_enrollment,Graduate,STEM,4,50-99,Pvt Ltd,2,1,0
city_141,0.8965504315905624,Male,Has relevent experience,no_enrollment,Graduate,STEM,16,100-500,Pvt Ltd,1,50,0
city_93,0.8914744301240328,Male,Has relevent experience,no_enrollment,Graduate,STEM,>20,10000+,Pvt Ltd,>4,3,1
city_46,0.5486123376266931,Other,Has relevent experience,Full time course,Graduate,STEM,8,50-99,Pvt Ltd,1,320,0
city_103,0.920000000035611,Male,No relevent experience,no_enrollment,Graduate,Humanities,>20,500-999,Early Stage Startup,never,73,0
city_103,0.9199999966642253,Male,Has relevent experience,no_enrollment,Graduate,STEM,5,100-500,Pvt Ltd,1,146,0
city_127,0.9377286073307584,Male,Has relevent experience,no_enrollment,Graduate,STEM,13,500-999,Pvt Ltd,>4,122,0
city_123,0.9007711507476608,Male,Has relevent experience,no_enrollment,Graduate,STEM,>20,<10,Early Stage Startup,1,19,0
city_77,0.9450958425233638,Male,Has relevent experience,no_enrollment,Graduate,STEM,>20,10/49,Pvt Ltd,1,21,0
city_97,0.5452455547404151,Male,No relevent experience,Full time course,Graduate,STEM,5,<10,Funded Startup,1,258,0
city_103,0.9200000000487322,Male,Has relevent experience,no_enrollment,Graduate,STEM,4,100-500,Other,>4,50,<NA>
city_94,0.8097296385406302,Male,Has relevent experience,no_enrollment,Graduate,STEM,13,100-500,Pvt Ltd,4,2,0
city_84,0.819776917537555,Other,No relevent experience,no_enrollment,Graduate,STEM,12,50-99,Pvt Ltd,1,115,0
city_103,0.9200000000507741,Male,Has relevent experience,no_enrollment,Graduate,STEM,>20,5000-9999,Pvt Ltd,1,83,0
city_21,0.6240000000388756,Male,Has relevent experience,no_enrollment,Graduate,STEM,7,5000-9999,Pvt Ltd,4,1,1
city_97,0.7886792749836959,Male,Has relevent experience,Full time course,Graduate,STEM,4,500-999,Pvt Ltd,1,39,0
city_21,0.6239999999199157,Male,Has relevent experience,no_enrollment,Graduate,STEM,6,<10,Pvt Ltd,>4,15,0
city_103,0.9200000000323949,Male,No relevent experience,Part time course,Graduate,STEM,5,10000+,Pvt Ltd,never,76,0
city_103,0.920000000042835,Male,Has relevent experience,no_enrollment,Graduate,STEM,9,500-999,Other,1,55,0
city_114,0.9249203656398743,Male,Has relevent experience,no_enrollment,Masters,Business Degree,19,50-99,Pvt Ltd,4,72,0
city_114,0.885991048549474,Male,Has relevent experience,no_enrollment,Masters,STEM,8,10000+,Pvt Ltd,1,42,0
city_57,0.8462972022527385,Male,Has relevent experience,no_enrollment,Graduate,STEM,>20,50-99,Early Stage Startup,2,33,0
city_116,0.7804541871111759,Male,Has relevent experience,no_enrollment,Masters,STEM,19,50-99,Pvt Ltd,1,72,0
city_21,0.6239999999739596,Male,Has relevent experience,Part time course,High School,STEM,7,50-99,Pvt Ltd,3,50,1
city_165,0.9226531206387794,Male,Has relevent experience,no_enrollment,Graduate,STEM,6,<10,Pvt Ltd,2,77,0
city_1,0.4956013555141208,Other,No relevent experience,Full time course,Graduate,STEM,5,5000-9999,Other,1,287,0
city_30,0.526594044501075,Other,Has relevent experience,no_enrollment,Masters,STEM,14,100-500,Pvt Ltd,1,135,0
city_103,0.9200001502306203,Male,Has relevent experience,no_enrollment,Graduate,STEM,6,50-99,Pvt Ltd,4,4,0
city_103,0.9199639535071403,Male,Has relevent experience,no_enrollment,Masters,STEM,>20,10000+,Pvt Ltd,2,11,0
city_133,0.8843980898860923,Male,No relevent experience,no_enrollment,Graduate,STEM,>20,100-500,Pvt Ltd,>4,18,0
city_105,0.9144336587484632,Male,Has relevent experience,no_enrollment,Masters,STEM,2,<10,Pvt Ltd,1,15,0
city_78,0.4902118687443668,Male,Has relevent experience,no_enrollment,Graduate,Arts,6,100-500,Early Stage Startup,2,77,1
city_21,0.6239999999521294,Male,Has relevent experience,Full time course,Masters,STEM,5,50-99,Pvt Ltd,2,12,0
city_102,0.9220492001508399,Male,Has relevent experience,no_enrollment,Graduate,STEM,6,50-99,Pvt Ltd,1,212,1
city_103,0.9200505830633029,Male,Has relevent experience,no_enrollment,Graduate,STEM,13,10000+,Pvt Ltd,3,16,1
city_103,0.9200522630442964,Male,Has relevent experience,no_enrollment,Graduate,Other,>20,50-99,Pvt Ltd,>4,16,0
city_176,0.548385232431198,Male,Has relevent experience,no_enrollment,Graduate,STEM,5,1000-4999,Pvt Ltd,3,69,1
city_105,0.9290477809977143,Male,Has relevent experience,Part time course,Phd,STEM,>20,<10,Funded Startup,>4,26,1
city_9,0.8376490739218239,Male,Has relevent experience,Part time course,Masters,STEM,8,50-99,Pvt Ltd,1,93,0
city_16,0.88836775663142,Male,Has relevent experience,no_enrollment,Graduate,STEM,>20,10000+,Pvt Ltd,2,74,0
city_179,0.7281016512573282,Male,Has relevent experience,no_enrollment,Graduate,STEM,9,50-99,Pvt Ltd,never,101,0
city_171,0.9477368643317451,Male,Has relevent experience,no_enrollment,Masters,STEM,9,<10,Pvt Ltd,1,48,0
city_103,0.9199999999892486,Male,Has relevent experience,no_enrollment,Graduate,Other,2,10000+,Public Sector,1,78,0
city_11,0.9223817991387034,Male,Has relevent experience,no_enrollment,Masters,STEM,19,<10,Pvt Ltd,4,2,0
city_102,0.7376973176829708,Male,No relevent experience,no_enrollment,Graduate,STEM,12,<10,NGO,1,129,0
city_103,0.9200000001527183,Male,Has relevent experience,no_enrollment,Graduate,No Major,>20,500-999,Early Stage Startup,>4,29,0
city_93,0.8910989515375606,Male,Has relevent experience,Part time course,Phd,STEM,14,100-500,Pvt Ltd,>4,84,<NA>
city_21,0.624000000006257,Male,Has relevent experience,no_enrollment,Graduate,STEM,5,1000-4999,Pvt Ltd,1,44,1
city_11,0.8806465044071206,Male,Has relevent experience,no_enrollment,Graduate,STEM,7,500-999,Funded Startup,1,48,0
city_103,0.9200000000700262,Male,Has relevent experience,no_enrollment,Masters,STEM,>20,10000+,Pvt Ltd,>4,29,0
city_61,0.6052221953482616,Other,No relevent experience,Full time course,Masters,STEM,>20,5000-9999,Other,1,159,0
city_152,0.9446080344912604,Other,Has relevent experience,Part time course,Phd,STEM,8,100-500,Pvt Ltd,2,212,1
city_179,0.7477644376895323,Other,Has relevent experience,Part time course,High School,STEM,15,500-999,Pvt Ltd,1,160,1
city_16,0.8879775923468156,Male,Has relevent experience,no_enrollment,Graduate,STEM,>20,100-500,Pvt Ltd,>4,86,0
city_16,0.9001764521980008,Male,Has relevent experience,no_enrollment,Graduate,STEM,>20,10000+,Pvt Ltd,>4,69,0
city_21,0.6239999999982195,Male,Has relevent experience,no_enrollment,Graduate,STEM,2,<10,Pvt Ltd,2,11,1
city_10,0.7966641089678745,Male,Has relevent experience,no_enrollment,Masters,STEM,4,50-99,Early Stage Startup,1,79,0
city_103,0.9200000000412353,Male,Has relevent experience,no_enrollment,Masters,STEM,18,10000+,Pvt Ltd,1,53,0
city_21,0.6239999998917733,Male,Has relevent experience,no_enrollment,Graduate,STEM,7,1000-4999,Pvt Ltd,1,8,1
city_115,0.9328478074299446,Male,No relevent experience,Full time course,Graduate,STEM,8,10000+,Early Stage Startup,>4,63,<NA>
city_19,0.6979999999995213,Male,Has relevent experience,no_enrollment,Graduate,STEM,5,500-999,Pvt Ltd,1,1,0
city_46,0.9193857008632934,Male,Has relevent experience,no_enrollment,Graduate,STEM,14,<10,Early Stage Startup,1,69,0
city_53,0.7424926947261344,Male,Has relevent experience,no_enrollment,Graduate,STEM,5,100-500,Pvt Ltd,>4,20,1
city_149,0.9244107325039845,Male,Has relevent experience,no_enrollment,Masters,STEM,10,10000+,Pvt Ltd,1,40,0
city_74,0.8905566120310628,Male,Has relevent experience,no_enrollment,Masters,STEM,2,<10,Pvt Ltd,1,18,0
city_103,0.9200000000252473,Male,No relevent experience,Part time course,Primary School,STEM,6,10000+,Pvt Ltd,>4,36,1
city_103,0.92000000043554,Male,Has relevent experience,no_enrollment,Masters,STEM,>20,50-99,Pvt Ltd,2,27,0
city_104,0.7122358904394513,Male,Has relevent experience,no_enrollment,Masters,STEM,>20,50-99,Pvt Ltd,4,11,0
city_103,0.9195611789134547,Male,Has relevent experience,no_enrollment,Graduate,STEM,16,100-500,Early Stage Startup,1,257,0
city_21,0.6239999999405939,Male,Has relevent experience,no_enrollment,Masters,STEM,4,1000-4999,Pvt Ltd,1,42,0
city_19,0.8133353402727241,Male,Has relevent experience,no_enrollment,Graduate,STEM,8,10000+,Pvt Ltd,1,38,0
city_103,0.9200000000398819,Male,Has relevent experience,no_enrollment,Graduate,STEM,>20,10/49,Pvt Ltd,2,45,0
city_21,0.6239999998729501,Male,No relevent experience,Full time course,Graduate,STEM,4,50-99,Funded Startup,1,33,1
city_13,0.7208814527539094,Male,Has relevent experience,no_enrollment,Graduate,STEM,19,100-500,Public Sector,1,10,0
city_103,0.9200000000465313,Male,Has relevent experience,no_enrollment,Graduate,STEM,4,100-500,Pvt Ltd,2,67,0
city_167,0.5088356221024143,Male,Has relevent experience,Full time course,Masters,STEM,10,50-99,Pvt Ltd,never,67,1
city_103,0.9199970544976361,Male,Has relevent experience,no_enrollment,Graduate,STEM,8,<10,Early Stage Startup,1,85,0
city_24,0.9270722440698688,Male,Has relevent experience,no_enrollment,Masters,STEM,19,<10,Pvt Ltd,3,5,0
city_12,0.9200127583696336,Female,Has relevent experience,no_enrollment,Graduate,STEM,2,10/49,Pvt Ltd,1,29,0
city_65,0.9256813131265179,Male,Has relevent experience,no_enrollment,Graduate,STEM,15,50-99,Pvt Ltd,>4,47,0
city_152,0.9089136729797489,Male,Has relevent experience,no_enrollment,Masters,STEM,>20,100-500,Pvt Ltd,1,2,0
city_14,0.9285838599592711,Male,Has relevent experience,no_enrollment,Graduate,STEM,>20,10/49,Pvt Ltd,1,21,0
city_103,0.9199683099400698,Male,Has relevent experience,no_enrollment,Graduate,STEM,>20,10/49,Public Sector,3,99,<NA>
city_21,0.6239999999817665,Male,No relevent experience,no_enrollment,Graduate,STEM,5,10000+,Pvt Ltd,1,25,0
city_33,0.9112627677094669,Male,Has relevent experience,no_enrollment,Graduate,STEM,>20,10000+,Pvt Ltd,>4,90,1
city_140,0.9119791791649043,Male,Has relevent experience,no_enrollment,Graduate,STEM,>20,100-500,Pvt Ltd,>4,331,0
city_103,0.9200000000417861,Male,Has relevent experience,no_enrollment,Graduate,STEM,5,100-500,Public Sector,1,49,0
city_103,0.9200000000016819,Male,Has relevent experience,no_enrollment,Graduate,STEM,6,10000+,Pvt Ltd,1,44,0
city_74,0.8723827065685369,Male,Has relevent experience,no_enrollment,Graduate,STEM,9,100-500,Pvt Ltd,>4,16,0
city_136,0.9342620831389787,Male,Has relevent experience,no_enrollment,Masters,STEM,>20,50-99,Pvt Ltd,2,45,0
city_16,0.8729075264002789,Male,Has relevent experience,no_enrollment,Graduate,STEM,8,100-500,Pvt Ltd,>4,82,0
city_45,0.9431653355123918,Male,Has relevent experience,no_enrollment,Masters,STEM,16,10000+,Pvt Ltd,1,18,0
city_39,0.9062663341973226,Male,Has relevent experience,Part time course,High School,STEM,8,50-99,Pvt Ltd,3,70,0
city_103,0.9199999976139863,Male,Has relevent experience,no_enrollment,Graduate,STEM,5,100-500,Pvt Ltd,1,135,0
city_109,0.5484855828699585,Female,Has relevent experience,no_enrollment,Graduate,STEM,>20,100-500,Public Sector,1,248,0
city_138,0.9196608573149666,Male,Has relevent experience,no_enrollment,Graduate,STEM,12,1000-4999,Other,3,22,<NA>
city_114,0.9312997989058108,Male,Has relevent experience,no_enrollment,Graduate,STEM,10,100-500,Pvt Ltd,never,89,0
city_117,0.5314500720317954,Male,Has relevent experience,no_enrollment,Masters,STEM,6,10000+,Pvt Ltd,2,256,0
city_114,0.7785617585647765,Other,No relevent experience,no_enrollment,Graduate,STEM,6,10000+,Pvt Ltd,2,97,0
city_162,0.715063757637742,Male,Has relevent experience,no_enrollment,Graduate,STEM,8,10/49,NGO,1,93,0
city_103,0.9200000000486712,Male,Has relevent experience,Full time course,Graduate,STEM,4,100-500,Pvt Ltd,1,35,0
city_21,0.6240000000242005,Male,Has relevent experience,no_enrollment,Graduate,STEM,5,10/49,Other,2,9,1
city_103,0.9200000000426679,Male,No relevent experience,no_enrollment,Graduate,Arts,>20,500-999,Early Stage Startup,never,56,0
city_103,0.9200077796384536,Male,Has relevent experience,no_enrollment,Masters,STEM,15,100-500,Pvt Ltd,2,116,0
city_103,0.9200000009866781,Male,Has relevent experience,no_enrollment,Masters,STEM,>20,100-500,Public Sector,1,22,0
city_43,0.895183014168315,Male,Has relevent experience,no_enrollment,Graduate,STEM,10,10/49,Pvt Ltd,2,98,0
city_140,0.8226204333502787,Male,Has relevent experience,Full time course,Masters,STEM,10,100-500,Pvt Ltd,1,20,0
city_2,0.7187779326407074,Male,Has relevent experience,no_enrollment,Masters,STEM,4,10000+,Pvt Ltd,1,16,0
city_103,0.9200392882868459,Male,Has relevent experience,Full time course,Graduate,STEM,3,50-99,NGO,1,113,0
city_45,0.8956486606075585,Male,Has relevent experience,no_enrollment,Graduate,STEM,15,10000+,Pvt Ltd,>4,35,0
city_65,0.9349734229576804,Male,Has relevent experience,no_enrollment,Graduate,STEM,13,500-999,Pvt Ltd,2,19,<NA>
city_64,0.8070213829077434,Male,Has relevent experience,no_enrollment,Graduate,STEM,>20,50-99,Pvt Ltd,>4,234,0
city_21,0.6240000000125439,Male,Has relevent experience,no_enrollment,Graduate,STEM,9,50-99,Pvt Ltd,3,48,0
city_30,0.5447881222443369,Male,Has relevent experience,no_enrollment,Masters,STEM,9,1000-4999,Pvt Ltd,4,65,0
city_103,0.9200496034850205,Male,Has relevent experience,no_enrollment,Graduate,Arts,15,50-99,Funded Startup,3,6,<NA>
city_133,0.9360184365861662,Male,Has relevent experience,no_enrollment,Masters,STEM,14,<10,Funded Startup,1,41,0
city_103,0.9199999996155089,Male,Has relevent experience,no_enrollment,Masters,STEM,>20,50-99,Pvt Ltd,2,28,0
city_103,0.9199999997622684,Male,Has relevent experience,no_enrollment,Graduate,STEM,6,10000+,Pvt Ltd,2,26,0
city_69,0.9358276086710795,Male,Has relevent experience,no_enrollment,Graduate,STEM,16,500-999,Pvt Ltd,>4,13,0
city_21,0.6240000000164823,Male,Has relevent experience,no_enrollment,Graduate,STEM,5,5000-9999,Pvt Ltd,1,28,1
city_103,0.9195937537843615,Male,Has relevent experience,no_enrollment,Graduate,No Major,6,100-500,Pvt Ltd,3,242,0
city_103,0.9200148691122771,Male,Has relevent experience,no_enrollment,Graduate,STEM,13,10000+,Pvt Ltd,3,14,0
city_103,0.920000000742414,Male,Has relevent experience,no_enrollment,Graduate,STEM,>20,1000-4999,Pvt Ltd,1,27,0
city_9,0.9329522260963337,Male,Has relevent experience,no_enrollment,Masters,STEM,>20,10000+,Pvt Ltd,>4,19,0
city_109,0.7738906339140665,Male,Has relevent experience,no_enrollment,Graduate,STEM,>20,<10,Pvt Ltd,>4,37,0
city_13,0.8933381455869812,Male,Has relevent experience,no_enrollment,Graduate,STEM,9,50-99,NGO,>4,96,<NA>
city_21,0.6239999998195365,Male,Has relevent experience,no_enrollment,Graduate,STEM,6,<10,Other,1,122,0
city_102,0.4564816144621974,Male,No relevent experience,no_enrollment,Graduate,STEM,3,50-99,Funded Startup,1,204,1
city_103,0.9200079548491742,Male,Has relevent experience,Full time course,Graduate,STEM,3,50-99,Early Stage Startup,1,128,0
city_103,0.9200000000279834,Male,No relevent experience,Full time course,Graduate,Other,3,10000+,Pvt Ltd,2,31,1
city_71,0.7355660565059172,Male,Has relevent experience,Full time course,Graduate,STEM,4,500-999,Pvt Ltd,1,64,0
city_160,0.6979999999998063,Male,Has relevent experience,Part time course,Phd,STEM,>20,50-99,Pvt Ltd,4,12,1
city_41,0.8756394390271424,Male,Has relevent experience,no_enrollment,Graduate,STEM,7,50-99,Pvt Ltd,2,11,0
city_21,0.6239999999721625,Male,Has relevent experience,no_enrollment,Graduate,STEM,7,100-500,Early Stage Startup,2,10,0
city_7,0.8436592072323309,Male,No relevent experience,no_enrollment,Masters,STEM,>20,1000-4999,Pvt Ltd,2,236,0
city_71,0.9212825277042764,Male,Has relevent experience,no_enrollment,Graduate,STEM,>20,1000-4999,Pvt Ltd,>4,74,0
city_152,0.8838136557341898,Male,Has relevent experience,Part time course,Primary School,STEM,10,10000+,Pvt Ltd,2,26,1
city_14,0.611120064259353,Other,Has relevent experience,no_enrollment,Graduate,STEM,5,<10,Pvt Ltd,1,292,0
city_48,0.9069787052325001,Male,Has relevent experience,no_enrollment,Graduate,Arts,>20,<10,NGO,3,60,<NA>
city_74,0.6659070796847241,Male,Has relevent experience,no_enrollment,Graduate,STEM,3,<10,Early Stage Startup,never,61,1
city_46,0.9059133785261653,Male,Has relevent experience,no_enrollment,Masters,STEM,13,50-99,Pvt Ltd,2,81,0
city_115,0.923426748754307,Male,Has relevent experience,no_enrollment,Masters,STEM,>20,50-99,Pvt Ltd,2,16,1
city_103,0.9200655487672761,Male,Has relevent experience,no_enrollment,Graduate,STEM,>20,1000-4999,Pvt Ltd,1,272,0
city_100,0.8484361622244798,Male,Has relevent experience,no_enrollment,Masters,STEM,15,1000-4999,Pvt Ltd,3,115,0
city_45,0.9190927408612705,Male,Has relevent experience,no_enrollment,Graduate,STEM,8,50-99,Pvt Ltd,1,24,0
city_18,0.7259882889575828,Male,Has relevent experience,no_enrollment,Graduate,STEM,9,100-500,Early Stage Startup,>4,36,1
city_103,0.9199850864499626,Male,Has relevent experience,no_enrollment,Graduate,STEM,9,10000+,Pvt Ltd,>4,19,1
city_43,0.4562406976382454,Female,Has relevent experience,no_enrollment,Graduate,STEM,19,10/49,Pvt Ltd,4,23,1
city_103,0.9200368670603221,Male,No relevent experience,no_enrollment,Graduate,STEM,>20,<10,Pvt Ltd,1,18,<NA>
city_18,0.9272248218466186,Male,Has relevent experience,Part time course,Primary School,STEM,>20,10000+,Pvt Ltd,never,13,<NA>
city_84,0.8900505649515507,Male,Has relevent experience,no_enrollment,Graduate,Humanities,>20,<10,Pvt Ltd,>4,14,0
city_116,0.7345550167033864,Male,Has relevent experience,no_enrollment,Masters,STEM,6,<10,Pvt Ltd,2,66,0
city_21,0.6240000000361385,Male,Has relevent experience,no_enrollment,Masters,STEM,7,<10,Pvt Ltd,4,3,0
city_90,0.8897175242345169,Male,Has relevent experience,no_enrollment,Graduate,STEM,>20,10/49,Pvt Ltd,3,50,<NA>
city_149,0.7185691882249031,Male,Has relevent experience,no_enrollment,Graduate,STEM,16,1000-4999,Pvt Ltd,>4,49,0
city_64,0.7598216048535469,Other,No relevent experience,no_enrollment,Graduate,Business Degree,<1,1000-4999,Pvt Ltd,1,57,0
city_134,0.9086109424895917,Male,Has relevent experience,no_enrollment,Graduate,STEM,8,5000-9999,Pvt Ltd,1,183,0
city_48,0.9019327667641949,Male,No relevent experience,no_enrollment,Graduate,Other,8,50-99,Pvt Ltd,1,195,0
city_118,0.9210552934098738,Male,Has relevent experience,no_enrollment,Graduate,STEM,16,100-500,Pvt Ltd,1,70,<NA>
city_45,0.5519384723757144,Other,Has relevent experience,Full time course,Phd,STEM,>20,5000-9999,Funded Startup,2,103,<NA>
city_21,0.49320856374751293,Other,Has relevent experience,Part time course,Primary School,STEM,5,5000-9999,Pvt Ltd,3,211,<NA>
city_33,0.9257516623590301,Male,Has relevent experience,no_enrollment,Graduate,STEM,>20,50-99,Pvt Ltd,never,54,0
city_48,0.6676951892725592,Female,Has relevent experience,no_enrollment,Masters,STEM,19,10000+,Pvt Ltd,never,28,0
city_103,0.9199999991759769,Male,Has relevent experience,no_enrollment,Graduate,STEM,18,5000-9999,Pvt Ltd,4,151,0
city_103,0.9200000013851543,Male,Has relevent experience,no_enrollment,Graduate,STEM,5,10/49,Pvt Ltd,4,151,1
city_143,0.9099940386110141,Male,Has relevent experience,no_enrollment,Graduate,STEM,>20,10/49,Pvt Ltd,2,45,0
city_103,0.9200000000470133,Male,Has relevent experience,no_enrollment,Graduate,STEM,9,1000-4999,Pvt Ltd,2,60,1
city_126,0.799201871962604,Male,Has relevent experience,no_enrollment,Masters,STEM,14,100-500,Pvt Ltd,>4,26,0
city_90,0.9343555763756224,Male,Has relevent experience,no_enrollment,Graduate,STEM,4,<10,Pvt Ltd,4,20,0
city_18,0.7470183330728961,Female,No relevent experience,no_enrollment,Graduate,STEM,9,50-99,Pvt Ltd,1,271,0
city_71,0.9278349559365069,Male,Has relevent experience,no_enrollment,Graduate,Humanities,11,50-99,Pvt Ltd,>4,29,0
city_103,0.9200312148088756,Male,Has relevent experience,no_enrollment,Graduate,STEM,15,10000+,Pvt Ltd,2,106,0
city_27,0.9166402047791081,Male,Has relevent experience,no_enrollment,Graduate,STEM,8,1000-4999,Pvt Ltd,>4,57,0
city_171,0.7154673072157589,Male,Has relevent experience,no_enrollment,Masters,STEM,18,1000-4999,Pvt Ltd,>4,30,0
city_103,0.9200000000164463,Male,Has relevent experience,no_enrollment,Graduate,STEM,10,50-99,Public Sector,1,60,0
city_76,0.5785683691084852,Male,Has relevent experience,no_enrollment,Graduate,STEM,7,10000+,Pvt Ltd,1,248,1
city_103,0.9199754290683843,Male,No relevent experience,no_enrollment,Phd,STEM,10,50-99,Early Stage Startup,>4,2,0
city_118,0.5623878101629765,Female,Has relevent experience,no_enrollment,Graduate,STEM,>20,10000+,NGO,1,216,0
city_103,0.91999228648304,Male,Has relevent experience,no_enrollment,Graduate,STEM,>20,10/49,Funded Startup,2,126,<NA>
city_103,0.9200000000457997,Male,Has relevent experience,no_enrollment,Graduate,STEM,9,500-999,Pvt Ltd,2,70,0
city_21,0.6239999998394595,Male,Has relevent experience,Full time course,Masters,STEM,3,50-99,Pvt Ltd,never,92,1
city_36,0.9410756112883543,Male,Has relevent experience,no_enrollment,Masters,STEM,>20,50-99,Pvt Ltd,3,15,1
city_64,0.9407050100035158,Male,Has relevent experience,no_enrollment,Graduate,STEM,15,50-99,Pvt Ltd,>4,46,0
city_75,0.784892814720018,Male,Has relevent experience,no_enrollment,Graduate,STEM,5,50-99,Pvt Ltd,1,49,0
city_103,0.9200358928728039,Male,Has relevent experience,no_enrollment,Graduate,Other,18,10000+,Pvt Ltd,>4,20,0
city_103,0.9199825124781132,Male,Has relevent experience,no_enrollment,Graduate,STEM,>20,10000+,Pvt Ltd,>4,2,<NA>
city_142,0.4575459803388235,Female,Has relevent experience,no_enrollment,Graduate,STEM,12,5000-9999,Pvt Ltd,4,247,1
city_114,0.9248435415044918,Male,Has relevent experience,no_enrollment,Masters,STEM,>20,100-500,Pvt Ltd,3,81,0
city_120,0.8953782642778906,Male,No relevent experience,no_enrollment,Graduate,STEM,8,50-99,Pvt Ltd,4,23,1
city_115,0.5570455322546047,Female,Has relevent experience,no_enrollment,Graduate,STEM,13,100-500,Pvt Ltd,1,152,0
city_118,0.8943929652654273,Male,Has relevent experience,no_enrollment,Graduate,STEM,11,10/49,Pvt Ltd,>4,13,<NA>
city_105,0.9210730794789765,Male,Has relevent experience,no_enrollment,Graduate,STEM,15,50-99,Pvt Ltd,>4,48,0
city_99,0.8830063950733289,Other,Has relevent experience,no_enrollment,Graduate,STEM,3,10000+,Other,2,1,0
city_91,0.922962587324881,Male,Has relevent experience,Part time course,Masters,Humanities,7,100-500,Pvt Ltd,4,15,<NA>
city_155,0.8274523361658173,Male,Has relevent experience,no_enrollment,Masters,STEM,9,50-99,Pvt Ltd,1,52,0
city_103,0.9199595453567275,Male,Has relevent experience,no_enrollment,Graduate,STEM,>20,10000+,Pvt Ltd,4,90,1
city_123,0.5986083125923793,Male,Has relevent experience,no_enrollment,Graduate,Arts,6,100-500,NGO,2,69,1
city_103,0.9199673553562328,Male,Has relevent experience,no_enrollment,Graduate,STEM,12,5000-9999,Pvt Ltd,1,102,0
city_103,0.9200145799260651,Male,Has relevent experience,no_enrollment,Masters,STEM,15,10000+,Pvt Ltd,never,8,0
city_114,0.9257530090846136,Male,Has relevent experience,no_enrollment,Graduate,STEM,>20,<10,Pvt Ltd,>4,64,0
city_48,0.6322009264430261,Male,Has relevent experience,no_enrollment,Graduate,STEM,9,100-500,Pvt Ltd,2,115,1
city_103,0.9200000000092274,Male,Has relevent experience,no_enrollment,Graduate,STEM,>20,10000+,Pvt Ltd,3,66,0
city_75,0.8866188407994414,Male,Has relevent experience,no_enrollment,Graduate,STEM,9,500-999,Pvt Ltd,3,102,<NA>
city_109,0.9031218325611908,Male,Has relevent experience,Part time course,Primary School,Business Degree,2,10/49,Pvt Ltd,1,11,<NA>
city_165,0.8406927615580737,Male,Has relevent experience,no_enrollment,Masters,STEM,6,1000-4999,Pvt Ltd,1,273,0
city_97,0.7574310134924032,Male,Has relevent experience,no_enrollment,Graduate,STEM,8,10/49,Early Stage Startup,1,99,0
city_101,0.746728295051451,Male,Has relevent experience,no_enrollment,Graduate,Arts,4,100-500,Pvt Ltd,3,126,0
city_140,0.9466149135301731,Male,Has relevent experience,no_enrollment,Graduate,Humanities,7,10/49,Early Stage Startup,>4,22,0
city_103,0.9199999999979082,Male,No relevent experience,Full time course,Graduate,Other,3,10000+,Pvt Ltd,4,33,0
city_102,0.9227514789695507,Male,Has relevent experience,no_enrollment,Graduate,STEM,12,1000-4999,Other,4,21,<NA>
city_18,0.9445832926123938,Male,Has relevent experience,no_enrollment,Masters,STEM,15,50-99,Pvt Ltd,1,49,0
city_103,0.9200101065800987,Male,Has relevent experience,no_enrollment,Graduate,STEM,>20,100-500,Pvt Ltd,1,21,0
city_14,0.9252188703100198,Male,Has relevent experience,no_enrollment,Graduate,STEM,12,500-999,Pvt Ltd,2,141,0
city_103,0.9200000000053622,Male,Has relevent experience,no_enrollment,Graduate,STEM,17,50-99,Pvt Ltd,1,57,0
city_101,0.9031138022710336,Male,Has relevent experience,no_enrollment,Masters,STEM,10,50-99,Pvt Ltd,2,21,0
city_150,0.5557681384384142,Male,No relevent experience,Full time course,Masters,STEM,1,500-999,Pvt Ltd,>4,230,0
city_21,0.6239999999457274,Male,Has relevent experience,no_enrollment,Graduate,STEM,7,50-99,Other,1,106,0
city_21,0.6239999999708243,Male,Has relevent experience,no_enrollment,Graduate,STEM,1,<10,Public Sector,1,6,1
city_1,0.8303360958124208,Male,Has relevent experience,no_enrollment,Graduate,STEM,7,100-500,Pvt Ltd,2,15,0
city_152,0.9178661571665301,Male,Has relevent experience,no_enrollment,Graduate,STEM,>20,10000+,Pvt Ltd,>4,2,1
city_102,0.6991560058883701,Other,Has relevent experience,no_enrollment,Graduate,STEM,7,10000+,Pvt Ltd,1,107,0
city_179,0.5291330421150966,Other,Has relevent experience,no_enrollment,Graduate,STEM,9,5000-9999,Pvt Ltd,>4,205,0
city_103,0.9200000000265373,Male,No relevent experience,no_enrollment,Masters,STEM,11,100-500,Pvt Ltd,>4,50,0
city_42,0.7830397738100383,Male,Has relevent experience,no_enrollment,Graduate,STEM,18,<10,Pvt Ltd,1,46,0
city_142,0.88049583028216,Male,Has relevent experience,no_enrollment,Graduate,STEM,7,100-500,Funded Startup,2,6,0
city_176,0.633514316537165,Male,Has relevent experience,no_enrollment,Graduate,STEM,>20,50-99,Pvt Ltd,never,19,1
city_105,0.9331789278336502,Male,No relevent experience,Part time course,Primary School,STEM,3,500-999,Funded Startup,3,2,<NA>
city_103,0.9200000000518462,Male,Has relevent experience,no_enrollment,Graduate,STEM,>20,5000-9999,Pvt Ltd,1,34,<NA>
city_103,0.9200557520085382,Male,Has relevent experience,no_enrollment,Graduate,STEM,>20,500-999,Pvt Ltd,>4,20,0
city_82,0.926418212707677,Male,Has relevent experience,no_enrollment,Graduate,STEM,14,<10,Pvt Ltd,4,161,0
city_14,0.817545493449406,Male,Has relevent experience,no_enrollment,Masters,STEM,18,1000-4999,Pvt Ltd,4,40,0
city_138,0.8407541500813392,Male,Has relevent experience,Part time course,Masters,STEM,8,<10,Pvt Ltd,never,98,1
city_103,0.9200000003489236,Male,Has relevent experience,no_enrollment,Graduate,STEM,>20,100-500,Pvt Ltd,2,26,0
city_100,0.8476400864498276,Male,Has relevent experience,Full time course,Graduate,STEM,5,50-99,Pvt Ltd,1,181,<NA>
city_173,0.4878735746442664,Male,Has relevent experience,Full time course,Graduate,STEM,7,500-999,Pvt Ltd,1,81,1
city_175,0.9443596286058721,Male,Has relevent experience,no_enrollment,Graduate,STEM,10,100-500,Pvt Ltd,1,46,0
city_98,0.9076518082346341,Male,No relevent experience,no_enrollment,Graduate,STEM,9,500-999,Pvt Ltd,2,27,1
city_103,0.9200000000072024,Male,No relevent experience,Full time course,Graduate,Other,3,10000+,Pvt Ltd,4,72,0
city_103,0.9200000000492189,Male,Has relevent experience,no_enrollment,Graduate,STEM,>20,50-99,Pvt Ltd,>4,37,1
city_103,0.919999999972316,Male,Has relevent experience,no_enrollment,Masters,STEM,>20,50-99,Pvt Ltd,2,24,0
city_19,0.49220240214650335,Other,No relevent experience,no_enrollment,Graduate,STEM,6,10000+,Pvt Ltd,2,317,0
city_114,0.925813661841288,Male,No relevent experience,no_enrollment,Graduate,STEM,>20,500-999,Pvt Ltd,>4,87,0
city_103,0.9200000008856991,Male,Has relevent experience,no_enrollment,Graduate,STEM,5,100-500,Pvt Ltd,1,28,0
city_83,0.9099081879663214,Male,No relevent experience,no_enrollment,Graduate,STEM,11,100-500,Other,>4,130,0
city_103,0.9200103930065173,Male,Has relevent experience,no_enrollment,Masters,STEM,18,5000-9999,Pvt Ltd,1,13,0
city_39,0.8794075394290062,Male,Has relevent experience,no_enrollment,Masters,STEM,14,50-99,Other,1,117,1
city_64,0.8586580339473507,Male,No relevent experience,no_enrollment,Masters,STEM,14,<10,Pvt Ltd,1,50,0
city_14,0.8910427362075474,Male,No relevent experience,no_enrollment,Graduate,STEM,9,500-999,Pvt Ltd,2,25,1
city_21,0.6239999999281305,Male,Has relevent experience,no_enrollment,Graduate,STEM,3,50-99,Funded Startup,2,32,<NA>
city_7,0.45273527106685363,Female,Has relevent experience,no_enrollment,Graduate,No Major,2,50-99,Pvt Ltd,1,280,0
city_103,0.9199999999956072,Male,Has relevent experience,no_enrollment,Graduate,STEM,>20,500-999,Pvt Ltd,1,76,0
city_103,0.920006527147901,Male,Has relevent experience,no_enrollment,Graduate,STEM,4,5000-9999,Pvt Ltd,2,20,0
city_36,0.876296092176144,Male,No relevent experience,no_enrollment,Graduate,STEM,>20,50-99,Pvt Ltd,never,77,0
city_21,0.6239999999610544,Male,Has relevent experience,Full time course,Graduate,STEM,2,<10,Pvt Ltd,1,48,<NA>
city_103,0.92000000004414,Male,Has relevent experience,no_enrollment,Graduate,STEM,13,100-500,Pvt Ltd,1,32,0
city_43,0.8218900522147072,Male,Has relevent experience,no_enrollment,Graduate,No Major,19,10000+,Pvt Ltd,3,45,<NA>
city_99,0.7811691355734633,Other,Has relevent experience,no_enrollment,Graduate,STEM,11,10/49,Pvt Ltd,2,310,0
city_21,0.62399999991956,Male,Has relevent experience,Full time course,Graduate,STEM,1,50-99,Pvt Ltd,1,47,1
city_103,0.9200401484901622,Male,Has relevent experience,no_enrollment,Graduate,STEM,16,<10,Pvt Ltd,3,15,<NA>
city_21,0.8811606552878037,Male,Has relevent experience,no_enrollment,Graduate,STEM,10,<10,Pvt Ltd,4,3,<NA>
city_100,0.7869803187991178,Male,Has relevent experience,no_enrollment,Graduate,STEM,7,<10,Public Sector,2,63,0
city_24,0.9208720621124781,Male,Has relevent experience,no_enrollment,Graduate,STEM,10,10000+,Pvt Ltd,1,30,0
city_30,0.5105674731498491,Female,Has relevent experience,no_enrollment,Graduate,Arts,4,10000+,Pvt Ltd,1,35,0
city_103,0.9199710188021422,Male,Has relevent experience,no_enrollment,Graduate,STEM,16,500-999,Pvt Ltd,2,127,<NA>
city_115,0.859554311062686,Male,Has relevent experience,no_enrollment,Masters,STEM,17,10000+,Pvt Ltd,1,316,0
city_114,0.9249323818851998,Male,Has relevent experience,no_enrollment,Graduate,STEM,14,1000-4999,Pvt Ltd,3,61,0
city_74,0.8494157419948587,Other,No relevent experience,no_enrollment,Graduate,Other,<1,1000-4999,Pvt Ltd,1,307,0
city_103,0.920000000021257,Male,Has relevent experience,no_enrollment,Graduate,STEM,10,10000+,Pvt Ltd,1,75,0
city_103,0.9199999999867915,Male,Has relevent experience,no_enrollment,Graduate,STEM,>20,1000-4999,NGO,>4,31,0
city_67,0.49158032888884623,Male,Has relevent experience,no_enrollment,Masters,STEM,20,10000+,Pvt Ltd,2,56,1
city_64,0.8714770897055706,Male,Has relevent experience,no_enrollment,Graduate,STEM,>20,50-99,Public Sector,2,43,0
city_103,0.9199786309517485,Male,Has relevent experience,no_enrollment,Graduate,STEM,4,50-99,Pvt Ltd,1,14,0
city_171,0.5240809227452204,Other,Has relevent experience,no_enrollment,Masters,STEM,7,50-99,Pvt Ltd,2,123,0
city_103,0.9199999996328945,Male,Has relevent experience,no_enrollment,Graduate,STEM,19,1000-4999,Pvt Ltd,1,25,0
city_21,0.6239999998903825,Male,Has relevent experience,no_enrollment,Graduate,STEM,6,<10,Other,1,114,0
city_134,0.48059145977841833,Female,Has relevent experience,no_enrollment,Graduate,STEM,10,<10,Pvt Ltd,1,167,0
city_14,0.9344327277134024,Male,Has relevent experience,no_enrollment,Graduate,STEM,15,50-99,Early Stage Startup,3,6,1
city_103,0.9200000000523548,Male,Has relevent experience,no_enrollment,Graduate,STEM,17,50-99,Pvt Ltd,3,43,1
city_18,0.7142210628959116,Male,Has relevent experience,no_enrollment,Graduate,STEM,>20,<10,Pvt Ltd,1,42,0
city_103,0.9200000000119549,Male,Has relevent experience,Part time course,Graduate,STEM,>20,5000-9999,Pvt Ltd,2,53,1
city_70,0.7762635906122727,Male,Has relevent experience,no_enrollment,Graduate,STEM,10,50-99,Pvt Ltd,1,12,0
city_104,0.55230209307318,Male,Has relevent experience,Full time course,Graduate,STEM,2,10/49,Pvt Ltd,1,117,0
city_140,0.8760021320698954,Male,Has relevent experience,no_enrollment,Masters,STEM,10,50-99,Pvt Ltd,2,15,0
city_41,0.6536146388146209,Female,No relevent experience,Part time course,High School,STEM,5,100-500,Pvt Ltd,1,265,0
city_103,0.9200000000116033,Male,Has relevent experience,no_enrollment,Graduate,Other,2,10000+,Other,1,60,0
city_103,0.9200000000491617,Male,Has relevent experience,no_enrollment,Graduate,STEM,16,1000-4999,Pvt Ltd,1,72,0
city_21,0.6240000000065036,Male,Has relevent experience,Full time course,Masters,STEM,17,10000+,Pvt Ltd,>4,113,<NA>
city_45,0.869238212144804,Male,Has relevent experience,no_enrollment,Graduate,STEM,>20,10000+,Pvt Ltd,1,34,0
city_138,0.9104832632717155,Male,Has relevent experience,no_enrollment,Graduate,STEM,20,100-500,Pvt Ltd,2,36,0
city_133,0.9010427374851011,Male,Has relevent experience,no_enrollment,Graduate,STEM,3,10/49,Pvt Ltd,1,42,0
city_46,0.7093767115537414,Male,Has relevent experience,no_enrollment,Graduate,STEM,8,10/49,Funded Startup,1,85,0
city_114,0.9254661930599508,Male,Has relevent experience,no_enrollment,Graduate,Other,5,1000-4999,Pvt Ltd,never,68,0
city_126,0.8545372015872076,Male,Has relevent experience,no_enrollment,Masters,STEM,3,50-99,Funded Startup,2,30,0
city_7,0.8255398778809341,Male,Has relevent experience,no_enrollment,Masters,STEM,16,100-500,Pvt Ltd,2,31,<NA>
city_18,0.9479818917070596,Male,No relevent experience,no_enrollment,Masters,Arts,18,50-99,Other,1,31,0
city_61,0.8847242119897709,Male,Has relevent experience,no_enrollment,Graduate,Humanities,4,50-99,Pvt Ltd,1,52,0
city_126,0.855249783939641,Male,Has relevent experience,no_enrollment,Graduate,STEM,7,100-500,Pvt Ltd,4,20,1
city_128,0.7725227116429957,Male,Has relevent experience,Full time course,Graduate,STEM,4,10/49,Pvt Ltd,4,3,<NA>
city_59,0.903853186233756,Female,No relevent experience,no_enrollment,Graduate,STEM,9,50-99,Pvt Ltd,1,16,0
city_103,0.9200000000376626,Male,Has relevent experience,no_enrollment,Graduate,STEM,4,50-99,Pvt Ltd,1,82,0
city_41,0.8465143944439983,Male,Has relevent experience,no_enrollment,Graduate,STEM,19,10000+,Pvt Ltd,never,9,0
city_23,0.9266720933307561,Male,Has relevent experience,no_enrollment,Graduate,STEM,9,100-500,Public Sector,1,13,<NA>
city_103,0.9197612540383374,Male,Has relevent experience,no_enrollment,Masters,STEM,20,1000-4999,Pvt Ltd,1,167,0
city_103,0.9200000004224211,Male,No relevent experience,no_enrollment,Masters,No Major,2,1000-4999,Pvt Ltd,1,22,1
city_103,0.9200000000209327,Male,Has relevent experience,Part time course,Primary School,STEM,4,100-500,Pvt Ltd,4,55,1
city_69,0.9421240337612103,Male,Has relevent experience,no_enrollment,Graduate,STEM,9,<10,Public Sector,1,9,0
city_76,0.8930991609143754,Male,No relevent experience,no_enrollment,Graduate,STEM,9,1000-4999,Pvt Ltd,1,44,0
city_167,0.8313557552384524,Male,Has relevent experience,no_enrollment,Masters,STEM,16,100-500,Pvt Ltd,>4,21,<NA>
city_90,0.8729462319393134,Male,Has relevent experience,no_enrollment,Graduate,STEM,15,5000-9999,Early Stage Startup,>4,92,0
city_53,0.9210128426669837,Male,Has relevent experience,no_enrollment,Graduate,Other,8,500-999,Pvt Ltd,1,14,0
city_142,0.7576927215603393,Other,No relevent experience,no_enrollment,Graduate,STEM,6,10000+,Pvt Ltd,2,194,0
city_101,0.828996411557434,Male,Has relevent experience,no_enrollment,Masters,STEM,8,5000-9999,Pvt Ltd,2,8,0
city_103,0.9199977710166827,Male,Has relevent experience,no_enrollment,Graduate,Humanities,6,10/49,Pvt Ltd,4,16,0
city_103,0.9200000000017662,Male,Has relevent experience,Part time course,Phd,STEM,<1,1000-4999,Pvt Ltd,1,65,<NA>
city_123,0.8381103491611792,Male,Has relevent experience,no_enrollment,Masters,STEM,10,<10,Public Sector,1,13,0
city_114,0.9255277450805287,Male,No relevent experience,no_enrollment,Graduate,STEM,>20,<10,Pvt Ltd,4,56,1
city_36,0.9182387020545848,Male,Has relevent experience,no_enrollment,Graduate,Arts,>20,<10,Public Sector,2,56,<NA>
city_97,0.9106963981563324,Male,Has relevent experience,no_enrollment,Masters,STEM,>20,50-99,Pvt Ltd,2,47,0
city_50,0.8158851364464953,Male,Has relevent experience,no_enrollment,Graduate,STEM,10,50-99,NGO,>4,81,0
city_103,0.9199999999985482,Male,Has relevent experience,no_enrollment,Masters,STEM,7,10000+,Funded Startup,1,81,<NA>
city_41,0.9011402454425436,Male,Has relevent experience,no_enrollment,Graduate,Humanities,12,10/49,Pvt Ltd,1,99,0
city_103,0.919999999992354,Male,Has relevent experience,no_enrollment,Graduate,STEM,>20,10000+,Pvt Ltd,2,78,0
city_61,0.9344620556664331,Male,Has relevent experience,no_enrollment,Graduate,STEM,>20,50-99,Pvt Ltd,1,12,0
city_103,0.9195830062757138,Male,No relevent experience,no_enrollment,Masters,STEM,16,10000+,Funded Startup,1,222,0
city_128,0.7064126318338755,Male,Has relevent experience,no_enrollment,Graduate,STEM,16,50-99,Public Sector,never,229,0
city_103,0.9199766064744843,Male,Has relevent experience,no_enrollment,Masters,STEM,10,10/49,Public Sector,1,20,0
city_146,0.8420403284998308,Male,Has relevent experience,no_enrollment,Masters,STEM,12,50-99,Pvt Ltd,1,27,0
city_21,0.6239999998191681,Male,Has relevent experience,Full time course,Masters,STEM,17,10000+,Pvt Ltd,4,108,1
city_97,0.48344757937977534,Other,Has relevent experience,no_enrollment,Masters,STEM,13,50-99,Pvt Ltd,4,244,1
city_76,0.9224172709127014,Male,Has relevent experience,no_enrollment,Graduate,STEM,6,10000+,Pvt Ltd,1,14,0
city_103,0.9200000007903452,Male,Has relevent experience,no_enrollment,Masters,STEM,>20,100-500,Early Stage Startup,1,26,0
city_103,0.9200000000049389,Male,Has relevent experience,no_enrollment,Graduate,STEM,9,500-999,Public Sector,1,40,0
city_103,0.9199999999934692,Male,Has relevent experience,no_enrollment,Graduate,STEM,20,100-500,Early Stage Startup,2,76,0
city_103,0.9199999999914026,Male,Has relevent experience,no_enrollment,Masters,STEM,>20,100-500,Pvt Ltd,4,64,<NA>
city_72,0.8891535860083405,Male,Has relevent experience,no_enrollment,Masters,STEM,>20,500-999,Pvt Ltd,1,38,<NA>
city_99,0.6979999999992984,Male,Has relevent experience,no_enrollment,Graduate,STEM,13,50-99,Pvt Ltd,4,31,1
city_40,0.8718522911348288,Male,Has relevent experience,Full time course,Graduate,STEM,17,50-99,Pvt Ltd,>4,94,1
city_54,0.47859048179685815,Male,Has relevent experience,no_enrollment,Graduate,STEM,4,50-99,Pvt Ltd,1,28,0
city_16,0.7416239884333055,Male,No relevent experience,Part time course,High School,STEM,3,50-99,Pvt Ltd,3,158,<NA>
city_21,0.9206856514258692,Other,Has relevent experience,no_enrollment,Graduate,STEM,9,10000+,Pvt Ltd,1,280,0
city_21,0.6240000000140279,Male,Has relevent experience,no_enrollment,Graduate,STEM,9,10000+,Pvt Ltd,4,48,0
city_106,0.7793538364800642,Male,Has relevent experience,no_enrollment,Graduate,STEM,13,100-500,Public Sector,>4,9,0
city_179,0.924464318590643,Male,Has relevent experience,no_enrollment,Masters,STEM,9,100-500,Pvt Ltd,1,231,0
city_103,0.9196422705023134,Male,Has relevent experience,no_enrollment,Graduate,STEM,6,10000+,Pvt Ltd,2,171,0
city_26,0.522882364816099,Female,Has relevent experience,no_enrollment,Graduate,Other,17,1000-4999,Pvt Ltd,2,4,0
city_53,0.9397069504953586,Male,Has relevent experience,no_enrollment,Graduate,STEM,4,100-500,Pvt Ltd,2,5,0
city_103,0.9200193231665277,Male,Has relevent experience,no_enrollment,Masters,No Major,5,50-99,Other,1,125,0
city_21,0.6239999999481489,Male,Has relevent experience,no_enrollment,Masters,STEM,4,1000-4999,Pvt Ltd,1,40,0
city_55,0.5278806255651607,Male,Has relevent experience,no_enrollment,Graduate,STEM,8,5000-9999,Pvt Ltd,1,52,1
city_127,0.7710797397346714,Male,Has relevent experience,Full time course,Masters,STEM,6,1000-4999,Pvt Ltd,>4,107,0
city_89,0.9249860121695649,Male,Has relevent experience,Full time course,Phd,Business Degree,11,10000+,Pvt Ltd,1,55,0
city_103,0.9200000000169046,Male,No relevent experience,Part time course,Graduate,STEM,14,10000+,NGO,3,70,<NA>
city_103,0.9199803611905756,Male,No relevent experience,no_enrollment,Graduate,STEM,<1,100-500,Early Stage Startup,1,13,1
city_44,0.9190124284254036,Male,Has relevent experience,no_enrollment,Graduate,STEM,15,100-500,Funded Startup,1,18,0
city_50,0.5158999520079898,Other,Has relevent experience,Full time course,Graduate,STEM,8,50-99,Pvt Ltd,4,329,0
city_78,0.8048070807703918,Male,Has relevent experience,no_enrollment,Graduate,Humanities,4,100-500,Pvt Ltd,3,121,0
city_179,0.943194686041117,Male,Has relevent experience,Part time course,Phd,STEM,>20,10000+,Pvt Ltd,1,89,<NA>
city_103,0.9200007836050377,Male,Has relevent experience,no_enrollment,Graduate,STEM,16,10000+,Pvt Ltd,1,19,0
city_103,0.9200000000398026,Male,Has relevent experience,no_enrollment,Graduate,No Major,>20,100-500,Pvt Ltd,>4,31,0
city_103,0.9200000000427965,Male,Has relevent experience,no_enrollment,Graduate,STEM,20,100-500,Funded Startup,2,58,0
city_103,0.9199835236568991,Male,Has relevent experience,no_enrollment,Graduate,STEM,6,10/49,Public Sector,2,18,0
city_91,0.9101346768172932,Male,Has relevent experience,Part time course,Graduate,STEM,10,50-99,Pvt Ltd,4,252,0
city_127,0.48698831758270433,Male,Has relevent experience,no_enrollment,Masters,STEM,6,10000+,Pvt Ltd,2,188,0
city_175,0.9093109063624818,Male,Has relevent experience,no_enrollment,Graduate,STEM,19,100-500,Pvt Ltd,1,22,0
city_28,0.640092605259724,Other,Has relevent experience,Part time course,Masters,STEM,8,10000+,Pvt Ltd,>4,242,<NA>
city_21,0.6239999997844777,Male,Has relevent experience,no_enrollment,Graduate,STEM,8,50-99,Pvt Ltd,4,96,0
city_21,0.6239999998628681,Male,Has relevent experience,Full time course,Graduate,STEM,2,10/49,Pvt Ltd,1,7,0
city_21,0.6240000000315364,Male,Has relevent experience,no_enrollment,Graduate,STEM,10,10000+,Pvt Ltd,never,17,0
city_24,0.8435868570381656,Male,Has relevent experience,Full time course,Graduate,STEM,7,1000-4999,Pvt Ltd,>4,33,1
city_118,0.4567579859689238,Other,Has relevent experience,no_enrollment,Graduate,STEM,3,10000+,Other,2,264,0
city_103,0.9200000000512146,Male,Has relevent experience,no_enrollment,Graduate,Other,>20,1000-4999,Public Sector,>4,67,0
city_138,0.8539882746736212,Male,Has relevent experience,no_enrollment,Masters,STEM,9,50-99,Pvt Ltd,1,59,0
city_171,0.8998781964610265,Male,Has relevent experience,no_enrollment,Graduate,STEM,16,5000-9999,Pvt Ltd,>4,6,0
city_103,0.9200305610602348,Male,Has relevent experience,no_enrollment,Graduate,STEM,6,10000+,Pvt Ltd,1,255,0
city_2,0.5316582138692226,Male,No relevent experience,Full time course,Graduate,STEM,3,10/49,Pvt Ltd,1,52,1
city_103,0.9195821422877514,Male,No relevent experience,no_enrollment,Masters,STEM,16,10000+,Early Stage Startup,1,285,0
city_14,0.8065683935098025,Female,No relevent experience,no_enrollment,Graduate,STEM,9,50-99,Pvt Ltd,1,248,0
city_55,0.9369257594463676,Male,Has relevent experience,no_enrollment,Graduate,STEM,9,50-99,Early Stage Startup,never,94,<NA>
city_103,0.9203679689818239,Male,Has relevent experience,no_enrollment,Graduate,STEM,>20,10000+,Pvt Ltd,3,214,0
city_42,0.9205856332902758,Male,Has relevent experience,no_enrollment,Graduate,STEM,14,50-99,Public Sector,2,20,0
city_21,0.6239999998956727,Male,Has relevent experience,Full time course,Masters,STEM,17,10000+,Pvt Ltd,4,101,<NA>
city_138,0.49012459675990505,Male,Has relevent experience,no_enrollment,Graduate,STEM,5,100-500,Pvt Ltd,3,230,1
city_103,0.9199903635203615,Male,Has relevent experience,no_enrollment,Graduate,STEM,16,10/49,Other,2,13,0
city_155,0.9097468668539725,Male,Has relevent experience,no_enrollment,Graduate,STEM,>20,100-500,Pvt Ltd,>4,292,0
city_103,0.9200130826654064,Male,Has relevent experience,no_enrollment,Masters,STEM,15,100-500,Pvt Ltd,2,4,0
city_103,0.920025796197033,Male,No relevent experience,no_enrollment,Graduate,Arts,2,1000-4999,Other,1,117,0
city_107,0.9181384480453147,Other,Has relevent experience,no_enrollment,Graduate,STEM,1,<10,Pvt Ltd,1,210,0
city_21,0.6240000000788521,Male,Has relevent experience,no_enrollment,Graduate,STEM,2,10/49,Pvt Ltd,2,83,1
city_103,0.9200000009282667,Male,Has relevent experience,no_enrollment,Graduate,STEM,10,1000-4999,Pvt Ltd,2,27,0
city_21,0.6239999999818484,Male,Has relevent experience,Full time course,Masters,STEM,4,50-99,Pvt Ltd,4,25,1
city_103,0.9200000002060041,Male,Has relevent experience,no_enrollment,Masters,STEM,>20,10000+,Pvt Ltd,>4,28,0
city_103,0.9199999999004018,Male,Has relevent experience,no_enrollment,Graduate,STEM,5,100-500,Pvt Ltd,1,29,0
city_21,0.6240000000429,Male,Has relevent experience,no_enrollment,Graduate,STEM,6,<10,Other,1,124,0
city_55,0.937424793386932,Male,Has relevent experience,no_enrollment,Masters,STEM,>20,50-99,Other,4,12,0
city_28,0.9407153858390306,Male,Has relevent experience,no_enrollment,Graduate,No Major,>20,500-999,Pvt Ltd,never,55,0
city_103,0.9199659244531109,Male,Has relevent experience,no_enrollment,Graduate,No Major,>20,10000+,Pvt Ltd,>4,6,<NA>
city_43,0.6980000000003177,Male,Has relevent experience,no_enrollment,Graduate,STEM,13,50-99,Pvt Ltd,4,42,0
city_48,0.9471592254108607,Male,No relevent experience,Full time course,Masters,STEM,10,1000-4999,Funded Startup,1,35,0
city_18,0.5797689848730193,Male,Has relevent experience,no_enrollment,Graduate,STEM,14,100-500,Public Sector,1,33,1
city_103,0.9200034060684755,Male,Has relevent experience,no_enrollment,Masters,STEM,>20,50-99,Pvt Ltd,2,21,<NA>
city_103,0.9200000000386105,Male,Has relevent experience,no_enrollment,Graduate,STEM,8,1000-4999,Pvt Ltd,>4,36,0
city_103,0.9200000000337664,Male,Has relevent experience,no_enrollment,Graduate,STEM,12,1000-4999,Pvt Ltd,>4,34,0
city_107,0.7864959266712579,Male,Has relevent experience,no_enrollment,Graduate,STEM,15,100-500,Funded Startup,>4,3,0
city_27,0.5445593695134696,Male,Has relevent experience,no_enrollment,Graduate,STEM,4,50-99,Pvt Ltd,1,20,0
city_42,0.8943278110439803,Male,Has relevent experience,Part time course,High School,STEM,6,10000+,Other,>4,24,<NA>
city_173,0.8944413894391433,Male,Has relevent experience,no_enrollment,Phd,STEM,>20,10000+,Pvt Ltd,never,102,0
city_21,0.6239999999858772,Male,No relevent experience,Full time course,Graduate,STEM,4,50-99,Public Sector,1,42,1
city_103,0.9200000000430744,Male,Has relevent experience,no_enrollment,Graduate,STEM,13,100-500,Pvt Ltd,1,63,0
city_91,0.8617724517506903,Male,Has relevent experience,no_enrollment,Graduate,STEM,15,100-500,Other,1,17,0
city_103,0.9200545826119354,Male,Has relevent experience,no_enrollment,Masters,STEM,>20,10000+,Public Sector,2,89,<NA>
city_9,0.8745103608652007,Male,Has relevent experience,Full time course,Graduate,STEM,5,50-99,Pvt Ltd,1,318,<NA>
city_155,0.5028107666869136,Male,Has relevent experience,Full time course,Graduate,STEM,1,500-999,Pvt Ltd,never,19,0
city_103,0.920040013697292,Male,Has relevent experience,no_enrollment,Graduate,Business Degree,>20,10000+,Pvt Ltd,>4,85,0
city_141,0.8439787554643722,Male,Has relevent experience,no_enrollment,Masters,STEM,17,10000+,Pvt Ltd,1,318,0
city_1,0.8004370974150968,Male,Has relevent experience,no_enrollment,Masters,STEM,9,50-99,Pvt Ltd,1,51,0
city_143,0.7519598904752239,Male,Has relevent experience,no_enrollment,Masters,STEM,11,100-500,Pvt Ltd,1,80,0
city_103,0.9200000000476122,Male,Has relevent experience,no_enrollment,Graduate,STEM,7,50-99,Pvt Ltd,1,32,0
city_103,0.9200000000475578,Male,Has relevent experience,no_enrollment,Graduate,STEM,7,100-500,Pvt Ltd,4,25,0
city_90,0.6151826967540672,Male,Has relevent experience,Full time course,Graduate,STEM,2,10/49,Other,1,55,0
city_160,0.8814566778638628,Male,Has relevent experience,Full time course,Graduate,STEM,3,1000-4999,Pvt Ltd,1,31,1
city_28,0.7410628845055192,Male,Has relevent experience,no_enrollment,Masters,STEM,>20,50-99,Pvt Ltd,>4,5,0
city_150,0.8975107612797614,Male,Has relevent experience,Full time course,Graduate,STEM,5,50-99,Pvt Ltd,1,11,0
city_24,0.9063959857378482,Male,Has relevent experience,no_enrollment,Graduate,STEM,9,500-999,Pvt Ltd,1,52,0
city_21,0.6239999999674033,Male,Has relevent experience,no_enrollment,Graduate,STEM,5,1000-4999,Pvt Ltd,3,17,<NA>
city_59,0.8430076027376852,Female,Has relevent experience,no_enrollment,Graduate,Business Degree,7,1000-4999,Pvt Ltd,>4,114,1
city_103,0.9200126531385792,Male,Has relevent experience,no_enrollment,Masters,STEM,>20,100-500,NGO,2,125,0
city_27,0.8868780166342711,Male,Has relevent experience,no_enrollment,Masters,STEM,15,100-500,Pvt Ltd,>4,36,0
city_103,0.9200000000168542,Male,Has relevent experience,no_enrollment,Graduate,STEM,9,500-999,Pvt Ltd,2,59,0
city_14,0.7184946981166953,Male,Has relevent experience,no_enrollment,Graduate,STEM,9,50-99,Pvt Ltd,1,46,0
city_103,0.9201707717275757,Male,Has relevent experience,no_enrollment,Graduate,STEM,4,100-500,Pvt Ltd,1,283,0
city_120,0.8926764432066671,Male,Has relevent experience,no_enrollment,Graduate,STEM,4,10000+,Pvt Ltd,never,15,0
city_16,0.8788633840201231,Male,Has relevent experience,no_enrollment,Graduate,STEM,14,500-999,Pvt Ltd,1,85,0
city_54,0.518303443084723,Male,Has relevent experience,no_enrollment,Graduate,STEM,6,50-99,Pvt Ltd,>4,211,0
city_37,0.8766996150239792,Male,No relevent experience,no_enrollment,Graduate,STEM,19,1000-4999,Pvt Ltd,1,51,0
city_27,0.8882412411542622,Male,Has relevent experience,no_enrollment,Masters,STEM,>20,10000+,Pvt Ltd,>4,6,0
city_78,0.9119455507147761,Male,Has relevent experience,Part time course,Primary School,STEM,7,100-500,Pvt Ltd,3,21,<NA>
city_103,0.9199673090274424,Male,Has relevent experience,no_enrollment,Masters,STEM,15,10000+,Pvt Ltd,never,3,0
city_64,0.8724197926609051,Male,Has relevent experience,no_enrollment,Masters,STEM,16,<10,Pvt Ltd,1,126,0
city_173,0.8479601824014783,Male,Has relevent experience,no_enrollment,Masters,STEM,10,50-99,Other,1,179,0
city_142,0.9107790934166239,Male,Has relevent experience,no_enrollment,Masters,STEM,10,10000+,Pvt Ltd,1,42,<NA>
city_103,0.9200297117500116,Male,Has relevent experience,no_enrollment,Graduate,STEM,2,10000+,Pvt Ltd,1,14,0
city_99,0.8220330339853733,Male,Has relevent experience,no_enrollment,Masters,STEM,13,50-99,Early Stage Startup,1,292,0
city_171,0.5757276392656365,Male,Has relevent experience,no_enrollment,Graduate,STEM,11,50-99,Pvt Ltd,1,22,1
city_98,0.8031601314945276,Male,Has relevent experience,no_enrollment,Graduate,STEM,9,100-500,Other,>4,42,1
city_78,0.9486768898780218,Male,Has relevent experience,no_enrollment,Graduate,STEM,6,5000-9999,NGO,2,18,0
city_21,0.6240000000942949,Male,Has relevent experience,no_enrollment,Graduate,STEM,7,10000+,Pvt Ltd,4,95,1
city_61,0.8915948037229391,Male,Has relevent experience,no_enrollment,Graduate,STEM,16,100-500,Pvt Ltd,2,11,0
city_12,0.9446288371891801,Male,Has relevent experience,Full time course,Graduate,STEM,9,<10,Pvt Ltd,1,22,0
city_103,0.9200000006364399,Male,Has relevent experience,no_enrollment,Graduate,STEM,5,100-500,Pvt Ltd,1,22,0
city_78,0.8735304515694439,Male,No relevent experience,Part time course,Primary School,STEM,14,10000+,NGO,2,48,1
city_103,0.9199999967534258,Male,Has relevent experience,no_enrollment,Graduate,STEM,13,10/49,Other,1,154,0
city_21,0.6239999999739472,Male,Has relevent experience,Part time course,Graduate,STEM,7,50-99,Pvt Ltd,3,32,0
city_144,0.9158631992768022,Male,Has relevent experience,no_enrollment,Graduate,Other,>20,<10,Pvt Ltd,>4,14,0
city_103,0.9199503276897806,Male,Has relevent experience,no_enrollment,Graduate,STEM,6,50-99,Pvt Ltd,4,6,1
city_103,0.9199999999984854,Male,Has relevent experience,Part time course,Primary School,STEM,14,10000+,Pvt Ltd,>4,76,1
city_74,0.8763592556648123,Male,No relevent experience,Part time course,Graduate,STEM,10,10/49,Funded Startup,4,24,0
city_74,0.8432332220873326,Male,Has relevent experience,no_enrollment,Graduate,STEM,10,10/49,Pvt Ltd,2,125,0
city_76,0.9301030368721905,Male,Has relevent experience,no_enrollment,Graduate,STEM,6,10000+,Pvt Ltd,1,7,0
city_21,0.6239999999869059,Male,Has relevent experience,no_enrollment,Graduate,STEM,13,10000+,Pvt Ltd,>4,13,0
city_107,0.7412133657033151,Male,Has relevent experience,Full time course,Graduate,STEM,6,10/49,Public Sector,2,167,1
city_101,0.8231557074295023,Male,Has relevent experience,no_enrollment,Graduate,STEM,10,100-500,Public Sector,never,100,<NA>
city_21,0.6239999999499757,Male,Has relevent experience,no_enrollment,Graduate,STEM,7,100-500,Pvt Ltd,3,12,0
city_16,0.5689224731559369,Male,Has relevent experience,Full time course,Graduate,Business Degree,2,50-99,Pvt Ltd,1,5,1
city_97,0.7647753942486649,Male,Has relevent experience,no_enrollment,Graduate,STEM,6,10/49,Pvt Ltd,3,12,<NA>
city_134,0.4898819304551222,Male,Has relevent experience,no_enrollment,Graduate,STEM,6,10000+,Pvt Ltd,1,216,1
city_102,0.9004048562438958,Male,Has relevent experience,no_enrollment,Graduate,STEM,7,500-999,Early Stage Startup,1,45,0
city_173,0.8798198611937327,Male,Has relevent experience,no_enrollment,Graduate,STEM,>20,50-99,Pvt Ltd,1,14,0
city_114,0.8470020334129308,Male,Has relevent experience,no_enrollment,Graduate,STEM,15,500-999,Pvt Ltd,4,245,0
city_103,0.9199727134850106,Male,No relevent experience,no_enrollment,Graduate,STEM,<1,100-500,Funded Startup,1,16,1
city_103,0.9200501869705174,Male,Has relevent experience,no_enrollment,Graduate,STEM,6,100-500,NGO,1,13,0
city_27,0.9360053736772632,Male,Has relevent experience,no_enrollment,Graduate,STEM,10,10000+,Pvt Ltd,2,31,0
city_57,0.6175902940360718,Male,Has relevent experience,no_enrollment,Masters,STEM,9,50-99,Pvt Ltd,1,73,0
city_103,0.9200000000487716,Male,Has relevent experience,no_enrollment,Graduate,Arts,2,1000-4999,Pvt Ltd,2,80,0
city_84,0.9343447749168531,Male,Has relevent experience,no_enrollment,Graduate,STEM,10,10000+,Pvt Ltd,1,31,0
city_16,0.7612436383225915,Male,Has relevent experience,no_enrollment,Masters,STEM,10,50-99,Pvt Ltd,1,75,0
city_7,0.916628633189061,Male,Has relevent experience,no_enrollment,Graduate,STEM,5,10/49,Pvt Ltd,1,147,0
city_30,0.9242810698429862,Male,Has relevent experience,no_enrollment,Masters,STEM,>20,10/49,Funded Startup,>4,196,0
city_21,0.8025135557783364,Male,Has relevent experience,no_enrollment,Masters,STEM,10,<10,Pvt Ltd,3,122,0
city_103,0.9200000000036039,Male,Has relevent experience,no_enrollment,Graduate,STEM,14,<10,Pvt Ltd,>4,63,0
city_43,0.9219323649163967,Male,Has relevent experience,no_enrollment,Graduate,STEM,>20,1000-4999,Pvt Ltd,>4,63,0
city_140,0.5625000042078259,Male,No relevent experience,no_enrollment,Graduate,STEM,2,100-500,Early Stage Startup,1,3,1
city_21,0.6240000000275026,Male,Has relevent experience,no_enrollment,Graduate,STEM,5,1000-4999,Pvt Ltd,1,13,1
city_158,0.8720120583738332,Male,No relevent experience,no_enrollment,Graduate,STEM,18,100-500,Pvt Ltd,>4,60,0
city_54,0.5553389701934327,Other,Has relevent experience,no_enrollment,Graduate,STEM,6,50-99,Funded Startup,1,78,0
city_103,0.9200000000143758,Male,Has relevent experience,Part time course,Graduate,STEM,6,50-99,Early Stage Startup,2,53,0
city_20,0.9109115146320828,Male,Has relevent experience,no_enrollment,Graduate,STEM,15,<10,Public Sector,1,52,0
city_21,0.6239999999598745,Male,Has relevent experience,no_enrollment,Graduate,STEM,13,10000+,Pvt Ltd,>4,28,0
city_103,0.9200022698766679,Male,Has relevent experience,no_enrollment,Graduate,STEM,16,10000+,Pvt Ltd,1,19,0
city_39,0.9255792378684198,Male,Has relevent experience,no_enrollment,Phd,Other,11,10000+,Pvt Ltd,4,54,<NA>
city_128,0.8909360919376893,Male,Has relevent experience,no_enrollment,Masters,STEM,8,100-500,Pvt Ltd,3,69,0
city_159,0.8743821221596334,Male,Has relevent experience,no_enrollment,Graduate,STEM,5,<10,Other,1,26,0
city_21,0.6239999999069281,Male,Has relevent experience,no_enrollment,Graduate,STEM,7,5000-9999,Pvt Ltd,4,38,1
city_93,0.8815719937413659,Male,Has relevent experience,no_enrollment,Masters,STEM,16,50-99,Pvt Ltd,3,20,0
city_97,0.7181957503943351,Male,Has relevent experience,no_enrollment,Masters,STEM,>20,50-99,Pvt Ltd,3,14,0
city_160,0.9489188876860486,Male,Has relevent experience,no_enrollment,Graduate,STEM,16,50-99,NGO,1,37,0
city_77,0.7465436993803575,Other,Has relevent experience,no_enrollment,Graduate,STEM,2,10/49,NGO,1,328,0
city_103,0.9199999988288297,Male,Has relevent experience,no_enrollment,Graduate,STEM,17,1000-4999,Pvt Ltd,never,143,<NA>
city_21,0.6240000000362989,Male,Has relevent experience,no_enrollment,Graduate,STEM,<1,10/49,Pvt Ltd,1,48,1
city_141,0.9379788804343938,Male,Has relevent experience,Full time course,Graduate,STEM,9,<10,Pvt Ltd,1,20,0
city_103,0.9200156678125826,Male,Has relevent experience,no_enrollment,Graduate,STEM,5,<10,Pvt Ltd,1,21,0
city_89,0.891895953913197,Male,Has relevent experience,no_enrollment,Masters,STEM,16,100-500,Pvt Ltd,2,79,0
city_158,0.90041698390562,Male,Has relevent experience,no_enrollment,Graduate,STEM,>20,<10,Public Sector,1,17,0
city_67,0.8321223205888669,Male,Has relevent experience,Full time course,Masters,STEM,8,<10,Funded Startup,>4,39,0
city_114,0.9255686316843773,Male,Has relevent experience,no_enrollment,Graduate,STEM,>20,500-999,Public Sector,1,78,0
city_10,0.9049016217960852,Male,Has relevent experience,no_enrollment,Graduate,STEM,15,50-99,Pvt Ltd,>4,48,0
city_103,0.9200566018906812,Male,Has relevent experience,no_enrollment,Graduate,STEM,>20,<10,NGO,>4,115,0
city_103,0.9200000000388094,Male,No relevent experience,Part time course,High School,STEM,5,10000+,Pvt Ltd,4,75,1
city_167,0.8933996724228974,Male,Has relevent experience,no_enrollment,Masters,STEM,>20,50-99,Pvt Ltd,4,26,<NA>
city_27,0.8814658622936936,Male,Has relevent experience,no_enrollment,Masters,STEM,15,500-999,Pvt Ltd,>4,128,0
city_115,0.9081661819742529,Male,Has relevent experience,no_enrollment,Graduate,STEM,8,5000-9999,Pvt Ltd,1,279,0
city_141,0.9432489008925612,Male,Has relevent experience,no_enrollment,Masters,Other,<1,50-99,Pvt Ltd,1,1,0
city_16,0.9188640702506488,Male,Has relevent experience,no_enrollment,Graduate,STEM,7,100-500,Funded Startup,2,6,0
city_115,0.9249574046605803,Male,Has relevent experience,no_enrollment,Masters,STEM,7,<10,Pvt Ltd,1,34,0
city_115,0.5624833425696006,Male,Has relevent experience,no_enrollment,Masters,STEM,3,10000+,Pvt Ltd,1,69,0
city_103,0.919999999991394,Male,Has relevent experience,no_enrollment,Graduate,STEM,>20,1000-4999,Pvt Ltd,1,52,<NA>
city_103,0.9199999999883748,Male,Has relevent experience,no_enrollment,Graduate,STEM,2,5000-9999,Pvt Ltd,1,45,0
city_103,0.9199695682018996,Male,Has relevent experience,Full time course,Graduate,STEM,3,50-99,Public Sector,1,114,0
city_103,0.9199828196415724,Male,Has relevent experience,no_enrollment,Graduate,STEM,15,50-99,Other,2,15,0
city_103,0.920420691615829,Male,Has relevent experience,no_enrollment,Graduate,STEM,7,10000+,Pvt Ltd,1,252,0
city_11,0.9234666779215684,Male,Has relevent experience,no_enrollment,Graduate,STEM,13,<10,Funded Startup,2,54,0
city_39,0.9373506159048073,Male,Has relevent experience,no_enrollment,Graduate,STEM,7,10/49,Pvt Ltd,1,11,<NA>
city_65,0.9256589262696365,Male,No relevent experience,no_enrollment,Graduate,STEM,>20,<10,Pvt Ltd,4,52,0
city_126,0.7736845803722834,Male,Has relevent experience,no_enrollment,Graduate,STEM,9,100-500,Other,3,55,0
city_2,0.8270502598593009,Male,No relevent experience,no_enrollment,Masters,STEM,14,1000-4999,Public Sector,>4,87,0
city_103,0.9200000007796542,Male,Has relevent experience,no_enrollment,Masters,STEM,16,100-500,Pvt Ltd,2,25,1
city_103,0.9199999999939237,Male,Has relevent experience,no_enrollment,Graduate,STEM,10,10/49,Funded Startup,>4,38,1
city_50,0.9096265234078522,Male,Has relevent experience,Part time course,Phd,Arts,>20,10000+,Pvt Ltd,>4,12,0
city_126,0.841953208953919,Male,Has relevent experience,Full time course,Graduate,STEM,8,10/49,Pvt Ltd,1,48,0
city_103,0.9200000000575023,Male,Has relevent experience,no_enrollment,Graduate,STEM,18,1000-4999,Pvt Ltd,4,22,1
city_103,0.9200000000311116,Male,Has relevent experience,no_enrollment,Graduate,STEM,3,10/49,Pvt Ltd,1,63,<NA>
city_21,0.6239999999178177,Male,Has relevent experience,no_enrollment,Graduate,STEM,10,10000+,Pvt Ltd,1,39,1
city_53,0.9169480259616872,Male,Has relevent experience,no_enrollment,Graduate,STEM,16,100-500,Pvt Ltd,2,8,0
city_103,0.9200227761332498,Male,Has relevent experience,no_enrollment,Graduate,STEM,2,10000+,Pvt Ltd,1,19,0
city_21,0.6240000000311126,Male,Has relevent experience,no_enrollment,Graduate,STEM,12,10000+,Pvt Ltd,1,37,1
city_103,0.9200000009145418,Male,Has relevent experience,no_enrollment,Graduate,STEM,2,10/49,Pvt Ltd,1,27,0
city_103,0.9200000000038642,Male,Has relevent experience,no_enrollment,Graduate,STEM,12,50-99,Pvt Ltd,never,41,<NA>
city_115,0.6946956606576866,Female,Has relevent experience,no_enrollment,Graduate,STEM,9,500-999,Pvt Ltd,>4,27,1
city_21,0.6239999999301872,Male,Has relevent experience,no_enrollment,Graduate,STEM,7,10000+,Pvt Ltd,4,87,0
city_103,0.9199796682300863,Male,No relevent experience,Full time course,Graduate,STEM,9,10000+,Pvt Ltd,1,12,0
city_75,0.8649594980130448,Female,Has relevent experience,Part time course,Primary School,STEM,7,10000+,Pvt Ltd,1,164,0
city_103,0.9200000532433821,Male,Has relevent experience,no_enrollment,Masters,STEM,7,10000+,Pvt Ltd,3,18,0
city_103,0.9200000000311812,Male,Has relevent experience,no_enrollment,Graduate,STEM,9,500-999,Other,1,52,0
city_83,0.7222167620432067,Male,Has relevent experience,no_enrollment,Graduate,STEM,19,50-99,Pvt Ltd,>4,99,0
city_103,0.9200000000312528,Male,Has relevent experience,no_enrollment,Graduate,STEM,20,100-500,Pvt Ltd,1,74,0
city_103,0.9200390743719588,Male,Has relevent experience,no_enrollment,Graduate,STEM,>20,10000+,Pvt Ltd,2,1,<NA>
city_19,0.790565849566244,Male,Has relevent experience,no_enrollment,Graduate,Arts,4,10/49,Pvt Ltd,1,207,0
city_103,0.9200000000394446,Male,Has relevent experience,no_enrollment,Graduate,STEM,17,50-99,Pvt Ltd,>4,52,1
city_118,0.9226778002770366,Male,Has relevent experience,no_enrollment,Graduate,STEM,>20,100-500,Pvt Ltd,4,21,0
city_116,0.8978723087098577,Male,Has relevent experience,no_enrollment,Masters,STEM,10,100-500,Pvt Ltd,2,19,<NA>
city_103,0.9199556963702212,Male,Has relevent experience,no_enrollment,Graduate,STEM,13,1000-4999,Pvt Ltd,2,18,0
city_97,0.7427222355958012,Female,Has relevent experience,Full time course,Graduate,STEM,5,100-500,Pvt Ltd,4,211,<NA>
city_103,0.9200000009062625,Male,Has relevent experience,no_enrollment,Graduate,STEM,5,10000+,Pvt Ltd,3,26,1
city_100,0.6978893533694076,Female,Has relevent experience,no_enrollment,Graduate,STEM,9,500-999,Pvt Ltd,>4,163,1
city_76,0.9057970342399813,Male,Has relevent experience,no_enrollment,Graduate,STEM,>20,1000-4999,Pvt Ltd,3,34,0
city_44,0.9256617911198295,Male,No relevent experience,no_enrollment,Masters,STEM,>20,10000+,Pvt Ltd,3,288,0
city_64,0.736863973133554,Male,Has relevent experience,no_enrollment,Masters,STEM,15,500-999,Pvt Ltd,4,42,0
city_100,0.8557520472904203,Female,No relevent experience,no_enrollment,Graduate,Humanities,4,50-99,Pvt Ltd,1,251,0
city_75,0.9091460930878364,Male,Has relevent experience,Full time course,Graduate,STEM,13,100-500,Other,1,96,0
city_173,0.9200692327084204,Male,Has relevent experience,no_enrollment,Graduate,STEM,>20,1000-4999,Pvt Ltd,>4,68,0
city_78,0.6979999999984652,Male,Has relevent experience,no_enrollment,Graduate,STEM,>20,10/49,Pvt Ltd,>4,26,0
city_77,0.9269087333804754,Male,Has relevent experience,no_enrollment,Graduate,STEM,10,10000+,Pvt Ltd,4,139,<NA>
city_103,0.919999999993415,Male,Has relevent experience,no_enrollment,Graduate,STEM,5,5000-9999,Pvt Ltd,1,65,0
city_120,0.8028709136481041,Male,No relevent experience,Full time course,Graduate,STEM,8,10000+,Early Stage Startup,1,44,<NA>
city_150,0.9008565117894443,Male,Has relevent experience,Full time course,Graduate,STEM,19,10/49,NGO,1,14,1
city_21,0.6240000000057463,Male,No relevent experience,no_enrollment,Graduate,STEM,4,10000+,Pvt Ltd,1,24,0
city_146,0.9124368137718841,Male,Has relevent experience,no_enrollment,Graduate,STEM,9,50-99,Pvt Ltd,1,3,0
city_42,0.4634317100833488,Male,Has relevent experience,no_enrollment,Masters,STEM,13,50-99,Pvt Ltd,3,238,0
city_103,0.9197567062251438,Male,Has relevent experience,no_enrollment,Graduate,STEM,9,10000+,Pvt Ltd,1,320,0
city_140,0.9257001915397323,Male,Has relevent experience,no_enrollment,Graduate,STEM,12,10000+,Pvt Ltd,4,21,1
city_160,0.8154416293351203,Female,Has relevent experience,no_enrollment,Graduate,STEM,2,50-99,Public Sector,1,139,0
city_165,0.8782381490083798,Male,Has relevent experience,Full time course,Graduate,STEM,4,100-500,Other,4,25,1
city_160,0.9266226603756523,Male,Has relevent experience,no_enrollment,Graduate,STEM,>20,1000-4999,Other,1,216,<NA>
city_82,0.9005319282941057,Male,Has relevent experience,no_enrollment,Masters,STEM,18,100-500,Early Stage Startup,4,91,0
city_30,0.6980000000003487,Male,Has relevent experience,no_enrollment,Graduate,STEM,13,50-99,Pvt Ltd,4,20,1
city_97,0.9459727348881632,Male,Has relevent experience,Part time course,Primary School,STEM,4,100-500,Pvt Ltd,1,41,0
city_103,0.9200000000301924,Male,No relevent experience,no_enrollment,Masters,STEM,11,100-500,Pvt Ltd,>4,48,0
city_146,0.7514341013589334,Male,Has relevent experience,Full time course,Graduate,STEM,6,100-500,Pvt Ltd,1,26,0
city_18,0.7191530597114874,Male,Has relevent experience,no_enrollment,Masters,STEM,>20,50-99,Pvt Ltd,4,18,0
city_2,0.8870898068995242,Male,Has relevent experience,no_enrollment,Graduate,STEM,12,10/49,Pvt Ltd,1,58,0
city_123,0.6719184478059449,Male,Has relevent experience,no_enrollment,Graduate,STEM,5,100-500,Pvt Ltd,3,191,<NA>
city_30,0.6236846108605072,Male,Has relevent experience,Full time course,Graduate,STEM,6,100-500,Pvt Ltd,1,168,0
city_73,0.8079787515567396,Male,Has relevent experience,no_enrollment,Graduate,Other,19,10000+,Pvt Ltd,3,35,<NA>
city_143,0.6246413188876352,Male,Has relevent experience,no_enrollment,Graduate,STEM,7,100-500,Pvt Ltd,1,100,0
city_12,0.8365120607648935,Other,Has relevent experience,no_enrollment,Masters,STEM,16,50-99,Pvt Ltd,1,98,0
city_103,0.9200000002298087,Male,Has relevent experience,no_enrollment,Graduate,STEM,14,100-500,Pvt Ltd,1,23,0
city_103,0.9200289554905909,Male,No relevent experience,no_enrollment,Graduate,STEM,<1,100-500,NGO,1,14,1
city_37,0.6471434358242738,Male,No relevent experience,no_enrollment,Graduate,STEM,3,100-500,Pvt Ltd,1,61,1
city_146,0.9176130028226837,Male,Has relevent experience,no_enrollment,Graduate,Other,>20,100-500,Pvt Ltd,1,38,0
city_173,0.6875842676897623,Other,Has relevent experience,no_enrollment,Graduate,STEM,7,10000+,Pvt Ltd,1,208,0
city_98,0.8756194576162454,Male,Has relevent experience,no_enrollment,Graduate,Other,4,50-99,Pvt Ltd,1,57,0
city_103,0.9200000004023418,Male,No relevent experience,Full time course,Masters,STEM,8,50-99,Other,>4,22,0
city_103,0.9200373359114318,Male,No relevent experience,no_enrollment,Graduate,STEM,>20,500-999,Pvt Ltd,1,5,0
city_160,0.6121004772763614,Female,No relevent experience,Full time course,Graduate,STEM,5,5000-9999,Public Sector,1,327,0
city_45,0.7723128943666564,Other,Has relevent experience,no_enrollment,Graduate,STEM,9,5000-9999,Pvt Ltd,>4,310,0
city_18,0.7897853654933793,Other,Has relevent experience,Full time course,Graduate,STEM,8,50-99,Pvt Ltd,3,301,1
city_77,0.8299054559848443,Male,Has relevent experience,no_enrollment,Masters,STEM,3,50-99,Early Stage Startup,2,37,0
city_107,0.6979999999993449,Male,Has relevent experience,no_enrollment,Graduate,STEM,13,50-99,Pvt Ltd,4,4,0
city_57,0.9024412573098123,Male,Has relevent experience,Full time course,Phd,STEM,>20,1000-4999,Other,>4,32,1
city_54,0.9343817132044936,Male,Has relevent experience,no_enrollment,Graduate,STEM,>20,100-500,Pvt Ltd,1,34,0
city_103,0.9200227490849895,Male,Has relevent experience,no_enrollment,Graduate,STEM,9,50-99,Pvt Ltd,1,122,0
city_175,0.9464904856807801,Male,Has relevent experience,no_enrollment,Graduate,STEM,6,10000+,Pvt Ltd,1,4,0
city_134,0.9421124293919606,Male,Has relevent experience,no_enrollment,Graduate,STEM,16,50-99,Public Sector,1,38,0
city_103,0.9199755403677405,Male,Has relevent experience,no_enrollment,Graduate,STEM,2,<10,Early Stage Startup,never,16,0
city_150,0.8390040430035004,Other,No relevent experience,Full time course,Graduate,STEM,11,5000-9999,Pvt Ltd,1,167,0
city_36,0.5280196639229443,Male,Has relevent experience,no_enrollment,Graduate,STEM,6,500-999,Other,1,126,0
city_106,0.7382046553802691,Male,Has relevent experience,no_enrollment,Graduate,STEM,14,10/49,Pvt Ltd,>4,38,1
city_162,0.6979999999998044,Male,Has relevent experience,no_enrollment,Graduate,STEM,13,50-99,Pvt Ltd,4,27,0
city_103,0.9194675975797341,Male,Has relevent experience,no_enrollment,Graduate,STEM,17,10000+,Pvt Ltd,>4,324,0
city_24,0.6918348376180639,Female,Has relevent experience,Full time course,Masters,STEM,4,50-99,Funded Startup,2,334,0
city_48,0.8899971672992247,Male,No relevent experience,Full time course,Masters,STEM,6,1000-4999,Early Stage Startup,never,83,0
city_21,0.6239999998878648,Male,Has relevent experience,no_enrollment,Graduate,STEM,2,10/49,NGO,1,18,0
city_103,0.9193435811872736,Male,Has relevent experience,no_enrollment,Masters,STEM,11,50-99,Funded Startup,never,263,0
city_103,0.9200000000282601,Male,Has relevent experience,Full time course,Phd,STEM,9,100-500,Funded Startup,never,63,1
city_115,0.6236129159774644,Male,No relevent experience,no_enrollment,Graduate,STEM,4,5000-9999,Pvt Ltd,4,58,1
city_61,0.8969120782095216,Male,Has relevent experience,no_enrollment,Graduate,STEM,10,100-500,Pvt Ltd,1,50,0
city_149,0.9101362596204703,Male,Has relevent experience,no_enrollment,Graduate,STEM,15,1000-4999,Public Sector,2,25,<NA>
city_71,0.9210705108286493,Male,Has relevent experience,no_enrollment,Graduate,STEM,10,10000+,Pvt Ltd,2,33,0
city_103,0.9200000001841445,Male,Has relevent experience,no_enrollment,Graduate,STEM,7,1000-4999,Pvt Ltd,1,158,0
city_103,0.9199540188225017,Male,Has relevent experience,no_enrollment,Graduate,STEM,19,1000-4999,Pvt Ltd,1,92,0
city_159,0.9459353078624083,Male,Has relevent experience,no_enrollment,Graduate,STEM,5,50-99,Pvt Ltd,2,41,0
city_103,0.9199652654360111,Male,Has relevent experience,no_enrollment,Graduate,STEM,>20,50-99,Pvt Ltd,4,105,1
city_103,0.9199787807183937,Male,Has relevent experience,no_enrollment,Graduate,STEM,>20,10000+,Pvt Ltd,4,90,0
city_145,0.9051634078755063,Male,No relevent experience,Full time course,Masters,STEM,4,5000-9999,NGO,never,1,0
city_97,0.828012333382127,Male,Has relevent experience,no_enrollment,Masters,STEM,>20,100-500,Pvt Ltd,>4,40,0
city_12,0.9235782902289157,Male,No relevent experience,Part time course,Graduate,STEM,3,500-999,Pvt Ltd,4,43,<NA>
city_39,0.9364334072244379,Male,Has relevent experience,no_enrollment,Graduate,STEM,12,10000+,Pvt Ltd,4,22,0
city_75,0.6870430470426042,Male,Has relevent experience,no_enrollment,Graduate,STEM,>20,10/49,Pvt Ltd,>4,109,1
city_50,0.9429396601559997,Male,Has relevent experience,no_enrollment,Graduate,STEM,19,5000-9999,Public Sector,>4,3,0
city_103,0.9200000000015988,Male,Has relevent experience,no_enrollment,Graduate,STEM,7,50-99,Pvt Ltd,1,45,0
city_102,0.91798888145712,Male,Has relevent experience,no_enrollment,Masters,Other,14,10000+,Pvt Ltd,1,215,0
city_103,0.9200000000515169,Male,Has relevent experience,no_enrollment,Graduate,Business Degree,>20,1000-4999,Funded Startup,>4,49,0
city_171,0.9252452040520941,Male,Has relevent experience,Part time course,Primary School,STEM,>20,10000+,Pvt Ltd,1,13,0
city_67,0.9278079680496226,Male,Has relevent experience,no_enrollment,Graduate,Arts,11,1000-4999,Pvt Ltd,3,22,1
city_21,0.623999999974697,Male,Has relevent experience,no_enrollment,Graduate,Arts,11,10000+,Pvt Ltd,1,40,1
city_103,0.9200481417988475,Male,Has relevent experience,no_enrollment,Graduate,Humanities,4,100-500,Pvt Ltd,1,121,0
city_103,0.9194765333655488,Male,Has relevent experience,no_enrollment,Graduate,STEM,>20,10000+,Pvt Ltd,3,173,1
city_103,0.919999999919598,Male,No relevent experience,no_enrollment,Graduate,STEM,16,10000+,Pvt Ltd,3,30,0
city_103,0.9200000000133948,Male,No relevent experience,no_enrollment,Graduate,STEM,>20,50-99,Pvt Ltd,>4,25,1
city_73,0.6862588785865519,Other,Has relevent experience,Full time course,Graduate,STEM,11,10/49,Pvt Ltd,never,195,0
city_115,0.8482523140448506,Male,Has relevent experience,no_enrollment,Masters,STEM,15,1000-4999,Pvt Ltd,4,127,0
city_103,0.9200000006343861,Male,Has relevent experience,no_enrollment,Graduate,STEM,6,10/49,Pvt Ltd,4,27,1
city_21,0.6240000000200895,Male,Has relevent experience,no_enrollment,Graduate,STEM,5,1000-4999,Pvt Ltd,1,16,1
city_103,0.9199891961181266,Male,Has relevent experience,no_enrollment,Graduate,Business Degree,5,500-999,Pvt Ltd,>4,116,0
city_171,0.9016413390969321,Male,Has relevent experience,no_enrollment,Graduate,STEM,>20,100-500,Pvt Ltd,>4,330,0
city_72,0.8854458486811755,Male,Has relevent experience,no_enrollment,Masters,STEM,>20,50-99,Pvt Ltd,1,14,0
city_103,0.9200079838367045,Male,Has relevent experience,no_enrollment,Graduate,Other,5,500-999,Pvt Ltd,>4,102,0
city_165,0.8779364908063093,Male,Has relevent experience,no_enrollment,Masters,STEM,10,100-500,Pvt Ltd,4,18,1
city_16,0.8918806870433817,Male,Has relevent experience,no_enrollment,Graduate,STEM,13,10/49,Pvt Ltd,>4,75,0
city_103,0.9199999999942385,Male,Has relevent experience,no_enrollment,Graduate,STEM,>20,50-99,Early Stage Startup,3,53,0
city_103,0.9199999999862413,Male,Has relevent experience,no_enrollment,Graduate,STEM,4,100-500,Pvt Ltd,2,71,0
city_97,0.8790878808067755,Male,Has relevent experience,no_enrollment,Graduate,STEM,7,10/49,Pvt Ltd,3,1,<NA>
city_155,0.8936943208201168,Male,Has relevent experience,no_enrollment,Graduate,STEM,5,50-99,Pvt Ltd,1,118,0
city_140,0.7027034967604406,Male,Has relevent experience,no_enrollment,Graduate,Business Degree,4,10/49,Pvt Ltd,1,141,0
city_115,0.9130527456491522,Male,Has relevent experience,no_enrollment,Graduate,STEM,11,5000-9999,Pvt Ltd,1,43,0
city_138,0.5783171900245859,Male,Has relevent experience,no_enrollment,Graduate,Other,4,10/49,Pvt Ltd,2,19,1
city_43,0.9047746243228786,Male,No relevent experience,Full time course,Graduate,STEM,3,100-500,Other,>4,14,<NA>
city_11,0.587794915175547,Female,Has relevent experience,Part time course,Primary School,STEM,5,5000-9999,Pvt Ltd,1,81,<NA>
city_73,0.8175031696526126,Male,Has relevent experience,no_enrollment,Masters,STEM,8,10/49,Pvt Ltd,>4,328,0
city_21,0.6239999998920126,Male,Has relevent experience,Full time course,Graduate,STEM,1,50-99,Pvt Ltd,1,15,1
city_30,0.9050997920757686,Male,Has relevent experience,Full time course,Graduate,STEM,4,<10,Funded Startup,1,17,0
city_21,0.6239999999174902,Male,Has relevent experience,Full time course,Graduate,STEM,2,10/49,Other,4,111,<NA>
city_127,0.6722196014623204,Male,Has relevent experience,no_enrollment,Graduate,STEM,3,10000+,Pvt Ltd,2,204,1
city_21,0.6240000001009838,Male,Has relevent experience,Full time course,Masters,STEM,17,10000+,Pvt Ltd,3,125,1
city_100,0.9064069345591879,Male,Has relevent experience,no_enrollment,Graduate,STEM,11,50-99,Pvt Ltd,1,20,0
city_16,0.8729711489451368,Male,Has relevent experience,no_enrollment,Graduate,STEM,>20,10000+,Pvt Ltd,2,76,0
