StartDate,ExitDate,Title,BusinessUnit,EmployeeStatus,EmployeeType,PayZone,EmployeeClassificationType,TerminationType,TerminationDescription,DepartmentType,Division,DOB,State,JobFunctionDescription,GenderCode,LocationCode,RaceDesc,MaritalDesc,Performance Score,Current Employee Rating
01-Aug-22,04-Jan-25,Software Engineer,WBL,Future Start,Contract,Zone A,Part-Time,Involuntary,Treatment power card almost pretty sister.,Software Engineering,Field Operations,10-08-1956,MA,Laborer,Male,39232,Black,Married,Fully Meets,3
02-Feb-19,28-Apr-20,Production Technician I,NEL,Leave of Absence,Part-Time,Zone C,Part-Time,Voluntary,Despite expect democratic then affect toward.,Production       ,Field Operations,12-01-1948,MA,Laborer,Female,74893,Black,Widowed,Exceeds,1
22-Dec-19,07-Sep-29,Production Technician II,PYZ,Future Start,Full-Time,Zone A,Part-Time,Involuntary,By small force myself team industry.,Production       ,General - Con,19-01-1952,MA,Business Development,Female,81421,Hispanic,Married,Fully Meets,1
27-Mar-21,27-Aug-24,Production Technician I,CCDR,Voluntarily Terminated,Contract,Zone C,Part-Time,Involuntary,Certainly those above eye ball.,Production       ,Yard (Material Handling),10-09-1970,MA,Mechanic,Male,6301,Asian,Widowed,Fully Meets,2
23-Apr-21,23-Mar-27,Production Technician I,TNS,Future Start,Part-Time,Zone A,Full-Time,Retirement,Law safe yard market likely wife case action.,Production       ,Billable Consultants,17-12-1953,MA,Construction Manager,Male,11081,Hispanic,Widowed,Fully Meets,5
24-Nov-19,19-Mar-24,Principal Data Architect,MSC,Active,Contract,Zone C,Part-Time,Involuntary,Listen cover book.,Admin Offices,Field Operations,10-02-1962,MA,Driver,Male,24212,Hispanic,Married,Fully Meets,3
06-Sep-20,29-Nov-28,Production Technician I,WBL,Active,Full-Time,Zone A,Temporary,Resignation,Improve center sure Mr respond for recent.,Production       ,Project Management - Con,05-10-1942,MA,Ceo,Male,18130,Asian,Married,Fully Meets,4
26-Oct-22,23-Feb-20,Production Technician II,WBL,Active,Full-Time,Zone C,Temporary,Involuntary,Mr chair subject then technology.,Production       ,Wireline Construction,11-09-1944,MA,Tester,Female,77262,White,Single,Fully Meets,5
10-Sep-18,06-Sep-24,Production Technician I,WBL,Terminated for Cause,Contract,Zone A,Full-Time,Resignation,Food few generation seek outside.,Production       ,Isp,16-07-2000,MA,Intern,Female,91955,White,Married,Needs Improvement,3
25-Mar-22,18-Oct-22,Production Technician I,SVG,Active,Part-Time,Zone B,Temporary,Voluntary,Partner fact hand bag management woman.,Production       ,Aerial,23-09-1998,MA,Foreman,Female,42071,Hispanic,Widowed,Exceeds,2
07-Dec-20,09-Aug-25,Production Technician I,NEL,Active,Full-Time,Zone C,Full-Time,Resignation,Strategy word southern.,Production       ,People Services,07-11-1984,MA,Helper,Male,95174,Black,Married,Fully Meets,5
14-Jun-19,27-Dec-19,Production Technician I,PL,Active,Full-Time,Zone A,Full-Time,Voluntary,If require particularly civil.,Production       ,General - Con,18-08-1942,MA,Supervisor,Male,82753,White,Widowed,Fully Meets,4
28-Dec-21,29-Mar-27,Production Technician I,PYZ,Active,Part-Time,Zone A,Temporary,Voluntary,A discussion quite mission.,Production       ,Sales & Marketing,11-12-1956,MA,Laborer,Female,1588,White,Widowed,Fully Meets,3
27-May-21,19-Feb-24,Sales Manager,TNS,Active,Contract,Zone A,Part-Time,Retirement,Television represent skill police.,IT/IS,Billable Consultants,10-06-1942,MA,Associate,Male,19533,Asian,Single,Needs Improvement,5
02-Apr-23,22-Sep-29,Production Technician I,EW,Future Start,Contract,Zone A,Temporary,Involuntary,Authority PM house child cost risk.,Production       ,Field Operations,10-11-1947,MA,Laborer,Female,94496,Asian,Single,Fully Meets,3
05-Mar-22,30-Mar-27,Network Engineer,TNS,Active,Part-Time,Zone A,Temporary,Resignation,Upon writer black.,IT/IS,General - Con,20-04-1996,MA,Laborer,Female,75984,Hispanic,Widowed,Needs Improvement,1
15-Dec-18,09-Jul-19,Senior BI Developer,SVG,Active,Part-Time,Zone C,Temporary,Retirement,Hold parent PM claim star seek.,Production       ,Field Operations,30-11-1989,MA,Laborer,Male,59743,Black,Widowed,Fully Meets,5
29-Aug-22,09-Nov-21,Production Technician I,WBL,Active,Contract,Zone C,Temporary,Resignation,Stock indeed about brother campaign.,Production       ,Field Operations,13-01-1965,MA,Engineer,Female,6963,Black,Widowed,Fully Meets,3
13-Jan-20,14-Jan-20,IT Manager - DB,BPC,Active,Full-Time,Zone A,Temporary,Voluntary,Condition control raise.,Sales,Billable Consultants,10-09-1977,MA,Model Assistant,Male,6117,Other,Widowed,Fully Meets,3
26-Apr-19,19-Mar-19,Area Sales Manager,SVG,Active,Full-Time,Zone B,Temporary,Voluntary,Information step name three choose.,Sales,Field Operations,31-07-1975,TN,Groundman,Male,28065,Other,Married,Fully Meets,2
22-Apr-22,13-Jan-21,Area Sales Manager,TNS,Active,Full-Time,Zone B,Full-Time,Retirement,Dream enough treatment knowledge area.,Sales,Field Operations,04-03-1992,TX,Driller,Male,67101,Asian,Married,Fully Meets,2
11-Nov-22,13-Nov-19,President & CEO,CCDR,Voluntarily Terminated,Full-Time,Zone C,Part-Time,Involuntary,Why development even.,Production       ,Field Operations,21-01-1945,MA,Foreman,Female,89608,Asian,Divorced,Fully Meets,1
29-Jan-21,03-Apr-23,Area Sales Manager,PL,Active,Contract,Zone C,Temporary,Resignation,Cause military a sense. Doctor property may.,Sales,Field Operations,13-02-1999,ID,Contracts,Male,5924,Other,Single,PIP,3
15-Oct-18,20-Mar-26,Area Sales Manager,WBL,Active,Full-Time,Zone C,Temporary,Resignation,Talk into between trip final.,Sales,General - Con,07-02-1951,MA,Executive Assistant,Male,83452,Black,Divorced,Fully Meets,1
10-Apr-21,21-May-22,Director of Operations,WBL,Active,Part-Time,Zone A,Part-Time,Involuntary,Above fight animal support beautiful.,IT/IS,Aerial,08-12-1975,MA,Drafter,Male,14673,White,Single,Fully Meets,5
14-Apr-22,07-Dec-28,Production Technician II,BPC,Voluntarily Terminated,Full-Time,Zone B,Part-Time,Involuntary,Artist technology ever body provide today doctor.,Production       ,Field Operations,29-05-1983,MA,Estimator,Male,56831,Asian,Single,Fully Meets,1
14-Mar-23,07-Feb-25,Enterprise Architect,BPC,Active,Contract,Zone A,Temporary,Retirement,Red some option.,Production       ,Field Operations,15-01-1970,MA,Administrator,Male,30320,Black,Married,Fully Meets,5
01-Sep-22,05-Jul-20,Sr. DBA,CCDR,Active,Contract,Zone C,Part-Time,Resignation,Something sense information final building.,Sales,Catv,29-01-1978,MA,Technician,Female,80655,Asian,Married,Fully Meets,2
01-Nov-19,02-Nov-29,Production Technician II,TNS,Voluntarily Terminated,Part-Time,Zone B,Part-Time,Voluntary,Catch issue water night recognize mention.,Production       ,Field Operations,24-03-1988,MA,Project Controls,Male,43467,Other,Widowed,Fully Meets,3
19-Aug-18,04-Dec-26,Area Sales Manager,PL,Active,Contract,Zone C,Full-Time,Voluntary,Method suggest leave process deep tough seek.,Sales,Aerial,23-08-1977,MA,Technician,Male,63670,Other,Divorced,Fully Meets,4
17-Mar-23,06-Oct-20,Production Technician I,PYZ,Active,Part-Time,Zone A,Temporary,Voluntary,Professional military easy so.,Production       ,General - Eng,15-02-1996,MA,Project Coordinator,Male,82937,Hispanic,Married,Fully Meets,2
08-Aug-21,17-Jul-24,Production Technician I,WBL,Active,Contract,Zone C,Full-Time,Involuntary,Car book street pull try brother.,Production       ,General - Sga,27-01-2001,MA,Executive Assistant,Male,12997,Other,Married,Fully Meets,3
13-Sep-18,02-Apr-28,Director of Operations,EW,Active,Part-Time,Zone C,Temporary,Involuntary,Body move possible play. Relate husband Mrs.,Production       ,Wireline Construction,16-03-1966,MA,Accounting,Female,13263,Other,Married,Fully Meets,5
19-Apr-22,19-Apr-26,Production Technician II,PL,Future Start,Full-Time,Zone B,Part-Time,Retirement,Top whether good.,Production       ,Field Operations,10-05-1982,MA,Tower Hand,Male,69878,Asian,Single,Fully Meets,5
25-Jun-19,10-Jun-23,Production Technician II,BPC,Voluntarily Terminated,Contract,Zone B,Part-Time,Resignation,Third cost above management anything.,Production       ,Technology / It,28-04-1978,MA,Estimator,Male,20129,Hispanic,Single,PIP,5
22-Aug-18,21-Jan-27,Area Sales Manager,PYZ,Active,Full-Time,Zone B,Temporary,Resignation,Everything discover represent full.,Sales,General - Eng,28-09-1962,MA,Locator,Male,6340,Asian,Married,Fully Meets,4
05-Mar-21,06-Oct-27,Data Analyst,NEL,Active,Part-Time,Zone C,Temporary,Retirement,Administration away choose.,IT/IS,Shop (Fleet),22-06-1942,MA,Laborer,Male,19522,Black,Single,Fully Meets,1
15-Oct-20,16-Feb-25,Sr. Accountant,PL,Active,Full-Time,Zone A,Full-Time,Retirement,Interest again main describe end charge.,Production       ,Engineers,19-05-1998,MA,Services,Female,20119,White,Widowed,Fully Meets,1
10-May-19,31-Oct-24,Production Technician II,TNS,Active,Contract,Zone C,Full-Time,Involuntary,More best if page.,Production       ,General - Sga,10-03-1980,MA,Flagger,Female,84202,White,Divorced,Fully Meets,1
12-Dec-20,05-Feb-20,Production Technician I,WBL,Active,Full-Time,Zone B,Temporary,Resignation,Wonder worry life stand.,Production       ,General - Con,03-04-1950,MA,Executive,Female,42388,White,Married,Fully Meets,3
06-Dec-21,01-Feb-26,Production Technician II,WBL,Active,Contract,Zone C,Temporary,Retirement,Once type here really.,Production       ,Wireline Construction,22-07-1991,MA,Laborer,Female,40424,Hispanic,Widowed,Fully Meets,2
13-May-20,31-Aug-20,Production Technician I,CCDR,Terminated for Cause,Part-Time,Zone B,Full-Time,Retirement,Foreign friend policy green.,Production       ,Field Operations,24-03-1942,MA,Laborer,Male,79373,White,Married,Fully Meets,2
10-Feb-20,26-Aug-26,Production Technician II,TNS,Terminated for Cause,Contract,Zone A,Part-Time,Involuntary,From continue left eye.,Production       ,General - Sga,25-09-1942,MA,Cfo,Male,35569,Asian,Widowed,Fully Meets,5
19-Jul-21,21-Jan-25,Production Technician II,BPC,Voluntarily Terminated,Contract,Zone B,Temporary,Retirement,Soon glass reveal Republican could.,Production       ,Fielders,14-09-1961,MA,Groundman,Female,88104,Asian,Widowed,Fully Meets,5
12-Apr-22,07-Mar-20,Production Technician I,PL,Active,Contract,Zone B,Part-Time,Retirement,Technology eight stage hold chance after police.,Production       ,General - Con,20-01-1955,MA,Locator,Male,5471,White,Married,Fully Meets,1
21-Oct-21,14-Jun-22,IT Support,CCDR,Active,Part-Time,Zone C,Part-Time,Resignation,Expect maintain knowledge thus.,IT/IS,Isp,13-07-1950,MA,Tower Hand,Female,48804,Other,Married,Needs Improvement,3
13-Jul-20,19-Dec-28,Production Technician I,MSC,Active,Part-Time,Zone C,Temporary,Involuntary,Top whether good.,Production       ,General - Eng,18-10-1996,MA,Ceo,Female,68867,Other,Married,Fully Meets,3
02-Jun-20,30-Dec-20,Network Engineer,WBL,Active,Contract,Zone B,Part-Time,Voluntary,Hot stage record listen cost against.,Software Engineering,Project Management - Eng,22-01-1987,MA,Director,Female,49503,Hispanic,Single,Fully Meets,3
19-Apr-23,10-Dec-20,Production Technician I,EW,Active,Full-Time,Zone C,Part-Time,Involuntary,Guy ten dream. Thing he care series.,Production       ,Engineers,06-01-1946,MA,Drafter,Female,89666,Black,Single,Fully Meets,3
28-Feb-20,28-Feb-24,Production Technician I,WBL,Active,Part-Time,Zone A,Part-Time,Involuntary,Pattern son memory power citizen personal unit.,Production       ,Wireline Construction,08-07-1989,MA,Executive Assistant,Female,36109,White,Widowed,Fully Meets,1
27-Sep-18,18-Nov-28,Production Technician II,PYZ,Terminated for Cause,Full-Time,Zone B,Full-Time,Retirement,Teacher door money tend song.,Production       ,General - Con,22-10-1944,MA,Business Development,Female,48682,Black,Single,Fully Meets,3
04-Apr-20,26-Jan-20,President & CEO,WBL,Active,Part-Time,Zone B,Temporary,Voluntary,Anyone include world claim up.,IT/IS,Fielders,21-07-1957,MA,Tower Hand,Male,57556,Black,Single,Fully Meets,3
05-Jul-22,11-Aug-24,Production Technician I,BPC,Active,Full-Time,Zone B,Part-Time,Retirement,Technology eight stage hold chance after police.,Production       ,Executive,22-05-1951,MA,Operator,Female,23725,Black,Married,Needs Improvement,2
03-Nov-20,21-Jul-20,Senior BI Developer,MSC,Active,Part-Time,Zone A,Part-Time,Voluntary,Prevent entire business ask meeting contain tree.,Production       ,Project Management - Con,10-12-1968,MA,Specialist,Female,8795,Asian,Divorced,Fully Meets,3
12-Aug-19,05-Jun-23,Software Engineering Manager,CCDR,Active,Part-Time,Zone B,Full-Time,Voluntary,Build very significant imagine cell doctor.,Software Engineering,People Services,30-01-1979,MA,Tester,Female,20847,Black,Single,Fully Meets,3
12-Mar-20,23-Sep-23,Area Sales Manager,TNS,Active,Full-Time,Zone C,Temporary,Involuntary,Catch issue water night recognize mention.,Sales,General - Sga,21-12-1968,NC,Coordinator,Female,4939,Black,Divorced,Fully Meets,5
13-Aug-19,26-Jan-28,Production Technician I,MSC,Active,Part-Time,Zone A,Part-Time,Involuntary,Until reason late off training situation.,Production       ,Underground,05-10-1998,MA,Tower Hand,Female,17978,Other,Divorced,Needs Improvement,3
17-Mar-23,30-Apr-25,Production Technician I,PYZ,Active,Part-Time,Zone A,Temporary,Voluntary,Industry majority population final. Bit go deal.,Production       ,General - Eng,20-04-1997,MA,Field Project Manager,Male,85787,Hispanic,Married,Fully Meets,2
01-Aug-22,02-Sep-23,Production Technician I,BPC,Active,Full-Time,Zone B,Part-Time,Involuntary,Herself Mr office bed.,Production       ,Executive,25-12-1945,MA,Generalist,Female,32816,Black,Married,Needs Improvement,4
10-Oct-22,18-Dec-25,Production Technician I,TNS,Active,Contract,Zone C,Temporary,Involuntary,Natural event religious during article total.,Production       ,Field Operations,03-08-1958,MA,Engineer,Female,15105,Black,Widowed,Fully Meets,3
19-May-23,27-Jul-24,Production Technician I,EW,Active,Part-Time,Zone C,Part-Time,Voluntary,Few attorney all campaign town reflect behavior.,Production       ,Yard (Material Handling),14-09-1967,MA,Laborer,Male,54217,Black,Married,Fully Meets,2
07-Nov-18,23-Sep-19,Production Manager,TNS,Active,Part-Time,Zone A,Temporary,Resignation,Catch issue water night recognize mention.,IT/IS,Fielders,23-02-1998,MA,Laborer,Female,84238,Hispanic,Widowed,Needs Improvement,3
16-Jan-21,08-Jul-22,IT Manager - Infra,PYZ,Active,Full-Time,Zone C,Full-Time,Resignation,Type three hear court street sport key.,IT/IS,Wireless,14-02-1977,MA,Splicer,Male,27961,Hispanic,Divorced,Fully Meets,5
30-Mar-23,04-May-19,IT Manager - Infra,CCDR,Active,Part-Time,Zone B,Full-Time,Voluntary,Black civil room chance. This mind find adult.,IT/IS,Field Operations,04-01-1967,MA,Foreman,Male,92315,Hispanic,Single,Fully Meets,3
27-Sep-19,03-Apr-23,IT Manager - Support,EW,Active,Part-Time,Zone C,Temporary,Involuntary,Better design cause yet history decide.,Executive Office,Catv,16-06-1963,MA,Accounting,Male,20584,Asian,Married,Fully Meets,3
30-Dec-22,12-Nov-29,Production Technician II,PL,Leave of Absence,Part-Time,Zone B,Temporary,Involuntary,Central baby moment benefit do.,Production       ,Field Operations,01-12-1988,MA,Driver,Male,26760,Black,Widowed,Needs Improvement,5
29-Feb-20,12-May-28,BI Developer,BPC,Active,Contract,Zone C,Full-Time,Resignation,Me local somebody method away choose hit truth.,Production       ,Sales & Marketing,07-07-1978,MA,Controller,Male,39172,White,Single,Fully Meets,5
26-Oct-20,29-Sep-23,Sr. Accountant,PL,Active,Full-Time,Zone C,Temporary,Involuntary,Opportunity upon apply and world.,Admin Offices,Catv,28-08-1965,MA,Director,Female,4669,Black,Single,Fully Meets,3
03-May-19,28-Aug-21,Production Technician I,WBL,Active,Part-Time,Zone C,Part-Time,Retirement,Next explain account stay.,Production       ,Finance & Accounting,13-09-1966,MA,Locator,Male,55318,Black,Married,Fully Meets,1
16-Jan-23,17-Mar-23,Production Technician I,BPC,Active,Contract,Zone B,Temporary,Retirement,Sit energy consider voice director.,Production       ,Field Operations,15-08-1973,MA,Cfo,Female,79054,Hispanic,Divorced,Fully Meets,5
30-Sep-20,20-Sep-23,Production Technician I,WBL,Active,Contract,Zone A,Temporary,Involuntary,Less boy reflect quickly health respond million.,Production       ,Wireline Construction,09-12-1954,MA,Services,Male,71373,Other,Divorced,Fully Meets,1
13-Sep-21,03-Nov-25,Shared Services Manager,MSC,Active,Part-Time,Zone B,Full-Time,Involuntary,Visit you let sort amount visit.,Production       ,Field Operations,10-08-1974,MA,Contracts,Male,58739,Other,Divorced,Fully Meets,4
01-Jul-20,16-Aug-28,Production Technician II,PL,Active,Contract,Zone B,Full-Time,Resignation,Stuff different color how.,Production       ,Yard (Material Handling),29-10-1948,MA,Laborer,Male,87561,Asian,Divorced,Fully Meets,1
29-Mar-22,17-Apr-27,Sr. Accountant,TNS,Voluntarily Terminated,Part-Time,Zone A,Part-Time,Retirement,Century risk machine pay car region.,Software Engineering,Field Operations,10-04-1985,MA,Technician,Male,66925,White,Divorced,Fully Meets,3
04-Sep-21,21-Aug-24,Production Technician I,BPC,Terminated for Cause,Contract,Zone A,Full-Time,Retirement,Foreign friend policy green.,Production       ,Aerial,28-01-1985,MA,Planner,Male,79453,Black,Married,Fully Meets,3
11-May-22,09-Jul-21,Production Technician I,CCDR,Active,Full-Time,Zone B,Part-Time,Resignation,Theory grow future week house.,Production       ,Yard (Material Handling),15-03-1971,MA,Coordinator,Female,29480,Asian,Widowed,Fully Meets,3
18-Dec-22,16-Nov-27,BI Developer,WBL,Future Start,Full-Time,Zone C,Full-Time,Voluntary,Open test message part risk.,Production       ,Engineers,23-09-1990,MA,Supervisor,Female,71567,Asian,Divorced,Fully Meets,2
13-Jun-20,27-Aug-22,Area Sales Manager,PL,Active,Part-Time,Zone A,Full-Time,Retirement,Appear reality artist there understand.,Sales,Project Management - Con,20-07-1972,OR,Administrative,Female,62034,White,Widowed,Fully Meets,5
21-Mar-23,27-Aug-28,Production Technician I,MSC,Active,Contract,Zone B,Part-Time,Resignation,Sit energy consider voice director.,Production       ,Field Operations,22-06-1979,MA,Attendant,Male,58465,Asian,Married,PIP,1
15-May-21,26-Jun-23,Production Technician I,CCDR,Future Start,Part-Time,Zone C,Temporary,Resignation,Great relate within you. Red bill unit school.,Production       ,Catv,13-09-1954,MA,Runner,Male,63626,Black,Widowed,Fully Meets,2
06-Jan-22,19-Feb-20,Production Technician II,NEL,Active,Full-Time,Zone C,Full-Time,Voluntary,Health American identify meeting.,Production       ,Aerial,22-01-1952,MA,Project Coordinator,Female,20686,White,Widowed,Fully Meets,3
26-May-22,23-Dec-26,Area Sales Manager,BPC,Leave of Absence,Contract,Zone C,Part-Time,Retirement,Risk management money field.,Sales,Field Operations,30-05-1953,NH,Program Manager,Male,65516,Hispanic,Married,Fully Meets,2
31-Jan-20,06-Oct-26,Area Sales Manager,CCDR,Active,Contract,Zone B,Part-Time,Resignation,Once type here really.,Sales,Yard (Material Handling),03-03-1960,IN,Runner,Female,58524,Asian,Widowed,Fully Meets,4
12-Jul-22,13-Jun-26,Production Technician II,PL,Active,Contract,Zone C,Full-Time,Involuntary,Night official cut director seven.,Production       ,Field Operations,28-10-1952,MA,Laborer,Female,35823,Asian,Divorced,Exceeds,2
08-Feb-23,30-Jan-25,Production Technician I,NEL,Active,Part-Time,Zone A,Full-Time,Resignation,About allow court us.,Production       ,Wireline Construction,06-12-1991,MA,Engineer,Male,8186,Asian,Single,Exceeds,4
21-Feb-19,24-Jun-27,Production Technician I,WBL,Voluntarily Terminated,Contract,Zone A,Full-Time,Retirement,Food few generation seek outside.,Production       ,Sales & Marketing,02-02-1995,MA,Associate,Female,97313,White,Married,Needs Improvement,2
07-Nov-22,05-Jan-21,Production Technician II,WBL,Active,Contract,Zone C,Temporary,Involuntary,Item type author pick set read style.,Production       ,Sales & Marketing,12-06-1989,MA,Laborer,Female,28773,Hispanic,Widowed,Fully Meets,2
08-Apr-22,31-Jan-27,Production Technician I,PL,Active,Contract,Zone B,Part-Time,Voluntary,Law safe yard market likely wife case action.,Production       ,General - Con,04-03-1946,MA,Locator,Male,2448,White,Married,Fully Meets,1
06-May-19,08-Feb-23,Production Technician I,MSC,Active,Part-Time,Zone A,Part-Time,Retirement,Keep position nature most anything eat blue.,Production       ,Underground,25-09-1999,MA,Supervisor,Female,5894,Other,Divorced,Exceeds,1
16-Apr-21,16-Jun-27,Production Technician II,WBL,Active,Contract,Zone C,Temporary,Retirement,Some others lot miss land similar.,Production       ,Aerial,21-01-1995,MA,Laborer,Female,36807,Hispanic,Widowed,Fully Meets,2
14-Jan-19,14-Mar-26,Production Technician I,BPC,Voluntarily Terminated,Part-Time,Zone B,Temporary,Involuntary,Control head ground agreement check ever.,Production       ,Splicing,10-07-1970,MA,Field Project Manager,Female,69237,Black,Single,Fully Meets,3
11-Jun-23,07-May-21,Network Engineer,MSC,Active,Contract,Zone B,Temporary,Unk,Deep certainly boy record.,Admin Offices,Billable Consultants,01-11-1957,MA,Manager,Male,77517,Black,Single,Fully Meets,3
10-Mar-20,05-Nov-21,IT Manager - Support,NEL,Active,Part-Time,Zone B,Part-Time,Retirement,Know blue difficult let black choice require.,Software Engineering,Billable Consultants,08-03-1943,MA,Administration,Male,5962,White,Widowed,Fully Meets,4
15-Oct-22,19-Oct-22,Production Technician II,WBL,Active,Full-Time,Zone C,Temporary,Voluntary,Young risk quality natural foreign claim.,Production       ,Yard (Material Handling),25-05-1942,MA,Business Development,Female,74699,White,Single,Fully Meets,5
23-Apr-21,17-Feb-24,Principal Data Architect,TNS,Active,Contract,Zone A,Part-Time,Retirement,Television represent skill police.,IT/IS,Project Management - Con,02-09-1952,MA,Planner,Male,10339,Asian,Single,Needs Improvement,1
26-Aug-20,17-Aug-28,Production Technician I,CCDR,Terminated for Cause,Contract,Zone C,Part-Time,Retirement,Human box wish natural student staff.,Production       ,Engineers,20-08-1956,MA,Clerk,Male,12903,Asian,Widowed,Fully Meets,2
28-Nov-18,15-Sep-28,Production Technician II,SVG,Active,Contract,Zone A,Part-Time,Voluntary,Thing stock near question mouth.,Production       ,General - Con,28-05-1956,MA,Laborer,Female,79752,White,Divorced,Fully Meets,3
30-Mar-22,04-Apr-29,IT Manager - Support,BPC,Terminated for Cause,Part-Time,Zone A,Part-Time,Retirement,Keep many else little argue full the.,Software Engineering,Field Operations,28-08-1974,MA,Technician,Male,63191,White,Divorced,Fully Meets,3
25-Jan-21,01-Apr-24,BI Director,SVG,Active,Contract,Zone C,Full-Time,Retirement,Scientist become a become value cell policy.,IT/IS,Finance & Accounting,06-07-1948,MA,Flagger,Male,70302,Black,Widowed,Fully Meets,3
21-Oct-18,22-Jan-25,Production Technician I,NEL,Active,Full-Time,Zone B,Temporary,Involuntary,Foreign truth concern break ground.,Production       ,Project Management - Eng,17-12-1972,MA,Generalist,Female,23024,Black,Single,Fully Meets,3
23-May-22,31-Jan-29,Software Engineering Manager,WBL,Active,Contract,Zone B,Full-Time,Involuntary,Site least knowledge right every.,IT/IS,Field Operations,22-05-1989,MA,Flagger,Female,12583,White,Widowed,Fully Meets,3
07-Nov-19,31-Dec-29,Production Technician I,EW,Terminated for Cause,Full-Time,Zone A,Full-Time,Voluntary,Guy ten dream. Thing he care series.,Production       ,Splicing,11-11-1996,MA,Services,Female,69717,Asian,Single,Fully Meets,5
02-Jun-20,11-Nov-24,Production Technician II,BPC,Active,Part-Time,Zone B,Temporary,Involuntary,Week degree party available measure.,Production       ,Sales & Marketing,20-09-1965,MA,Drafter,Male,18187,Other,Single,Fully Meets,2
06-Oct-19,21-Oct-19,Production Technician I,NEL,Voluntarily Terminated,Part-Time,Zone B,Temporary,Resignation,Speak high idea reach both. Many policy rock six.,Production       ,Field Operations,23-08-1951,MA,Project Controls,Female,55434,Asian,Widowed,Fully Meets,3
17-Mar-21,26-Sep-20,Production Technician II,MSC,Active,Full-Time,Zone A,Full-Time,Resignation,Establish go so someone might none stop citizen.,Production       ,General - Con,09-08-1998,MA,Attendant,Female,81671,Black,Widowed,Exceeds,3
08-Mar-23,06-May-21,Senior BI Developer,BPC,Active,Contract,Zone A,Temporary,Resignation,Doctor statement she rule order wind.,Production       ,Field Operations,17-03-1959,MA,Program Manager,Male,44466,Black,Married,Fully Meets,5
05-Apr-21,18-Mar-26,Senior BI Developer,TNS,Active,Part-Time,Zone A,Temporary,Resignation,Shoulder build catch commercial.,IT/IS,Project Management - Eng,02-11-1990,MA,Laborer,Female,93031,Hispanic,Widowed,PIP,4
15-Aug-18,09-Aug-19,Production Technician I,MSC,Active,Contract,Zone C,Temporary,Voluntary,Degree wish science when thing week old.,Production       ,Project Management - Con,17-10-1996,MA,Support,Female,33992,Black,Married,Fully Meets,3
11-Nov-19,02-Mar-25,Production Technician I,MSC,Terminated for Cause,Contract,Zone C,Part-Time,Involuntary,Keep many else little argue full the.,Production       ,Engineers,18-05-1956,MA,Engineer,Male,57155,White,Divorced,Fully Meets,2
02-Apr-23,05-Sep-19,Area Sales Manager,NEL,Voluntarily Terminated,Contract,Zone C,Temporary,Voluntary,Black civil room chance. This mind find adult.,Sales,Wireline Construction,16-08-1994,OR,Coordinator,Female,56513,Black,Single,Fully Meets,2
04-Jun-20,09-Dec-19,President & CEO,SVG,Future Start,Part-Time,Zone B,Part-Time,Involuntary,Visit lawyer interesting.,IT/IS,Aerial,21-10-1941,MA,Project Manager,Female,42396,White,Divorced,Fully Meets,3
25-Jun-19,09-Mar-21,Production Technician I,BPC,Active,Contract,Zone A,Full-Time,Voluntary,Then foot not.,Production       ,Field Operations,03-05-1955,MA,Laborer,Female,11339,Other,Married,Fully Meets,2
18-Mar-22,06-Jun-27,Production Technician I,EW,Active,Contract,Zone B,Part-Time,Involuntary,Behind bar item management.,Production       ,People Services,22-12-1957,MA,Laborer,Male,49163,Hispanic,Widowed,Fully Meets,5
05-Apr-22,28-Aug-26,Production Technician II,SVG,Active,Part-Time,Zone C,Temporary,Resignation,West run alone address week wear.,Production       ,Engineers,16-08-2000,MA,Helper,Male,64965,Asian,Single,PIP,5
20-Dec-19,11-Aug-23,Production Technician II,WBL,Active,Full-Time,Zone A,Temporary,Retirement,Rule film know if eat hear.,Production       ,Aerial,09-03-1998,MA,Planner,Female,75911,White,Married,Fully Meets,5
21-Nov-22,15-Feb-22,Production Technician I,MSC,Active,Full-Time,Zone B,Temporary,Voluntary,Wonder worry life stand.,Production       ,Executive,07-01-1950,MA,Safety,Male,87083,White,Married,Fully Meets,3
06-Jul-20,16-Jun-19,Production Technician II,MSC,Active,Full-Time,Zone A,Full-Time,Voluntary,Board from heart ago allow list.,Production       ,General - Con,31-08-1991,MA,Flagger,Female,96308,Black,Widowed,Exceeds,3
31-Mar-20,13-Sep-20,Production Technician I,WBL,Active,Full-Time,Zone A,Temporary,Resignation,Ok though floor sense want future.,Production       ,Wireless,30-07-1944,MA,Administrator,Male,13881,Asian,Married,Fully Meets,1
19-Feb-20,03-Nov-27,Production Technician II,SVG,Active,Contract,Zone A,Part-Time,Voluntary,Fight look song material year happen.,Production       ,General - Con,22-07-1949,MA,Laborer,Female,89219,White,Divorced,Fully Meets,3
13-Jul-19,12-Mar-27,Production Technician II,CCDR,Active,Part-Time,Zone B,Full-Time,Voluntary,Work around personal cover reflect including.,Production       ,Field Operations,12-10-1971,MA,Laborer,Female,32156,White,Single,Fully Meets,3
29-Oct-19,24-Dec-20,Area Sales Manager,MSC,Active,Contract,Zone A,Full-Time,Involuntary,Yourself book budget product.,Sales,Field Operations,15-02-1942,NY,Groundman,Male,39358,Hispanic,Divorced,Needs Improvement,5
09-Sep-18,24-Mar-23,Area Sales Manager,CCDR,Active,Contract,Zone A,Full-Time,Resignation,A parent bit rich. Reflect north sometimes card.,Sales,Fielders,13-08-1948,OR,Executive Assistant,Female,25601,White,Divorced,Fully Meets,3
14-Aug-21,17-Aug-22,IT Support,PL,Active,Part-Time,Zone C,Temporary,Resignation,Fill outside then discuss table.,Production       ,Project Management - Con,29-04-1963,MA,Tester,Female,36992,Asian,Divorced,Fully Meets,1
26-Mar-20,21-May-29,Production Technician I,BPC,Voluntarily Terminated,Full-Time,Zone B,Temporary,Voluntary,Glass minute shake food determine deep.,Production       ,Isp,01-03-1994,MA,Flagger,Male,23251,Other,Widowed,Fully Meets,3
25-Jan-20,03-Apr-26,Production Technician I,WBL,Active,Full-Time,Zone A,Temporary,Voluntary,Speak high idea reach both. Many policy rock six.,Production       ,Project Management - Con,19-05-1944,MA,Project Coordinator,Male,17951,Asian,Married,Fully Meets,4
17-Feb-21,17-May-21,Production Technician II,BPC,Active,Part-Time,Zone B,Temporary,Retirement,In read day your stay she.,Production       ,Billable Consultants,01-12-1964,MA,Director,Male,15881,Other,Single,Fully Meets,2
24-Dec-22,22-Aug-21,Production Technician I,SVG,Active,Contract,Zone C,Temporary,Retirement,Win late significant throughout add.,Production       ,Field Operations,15-02-1992,MA,Groundman,Female,16524,Hispanic,Widowed,Fully Meets,3
26-May-20,02-Feb-21,BI Developer,EW,Active,Contract,Zone C,Part-Time,Voluntary,Teacher door money tend song.,IT/IS,Field Operations,15-06-1999,MA,Laborer,Female,19040,Black,Divorced,Fully Meets,1
09-Nov-18,09-Mar-27,Production Technician I,SVG,Active,Part-Time,Zone B,Part-Time,Resignation,Here employee minute officer southern.,Production       ,General - Con,04-08-1958,MA,Director,Female,16189,Hispanic,Married,Fully Meets,5
16-Jan-20,16-Feb-27,Production Technician I,BPC,Terminated for Cause,Part-Time,Zone B,Temporary,Resignation,New out peace director fish.,Production       ,Field Operations,19-09-1992,MA,Drafter,Male,26655,Other,Divorced,Fully Meets,3
08-Mar-19,03-Jan-24,Area Sales Manager,PYZ,Active,Full-Time,Zone A,Temporary,Retirement,Popular west moment natural step activity.,Sales,Project Management - Eng,02-12-1992,ND,Support,Female,28237,Black,Single,Fully Meets,1
12-Jul-21,11-May-22,Production Technician II,PL,Active,Contract,Zone C,Full-Time,Voluntary,A discussion quite mission.,Production       ,Finance & Accounting,06-06-1957,MA,Director,Female,19366,Asian,Widowed,Fully Meets,4
26-Apr-23,03-Feb-28,Area Sales Manager,NEL,Future Start,Contract,Zone B,Full-Time,Resignation,Prepare simply play edge.,Sales,Field Operations,06-07-1992,OR,Laborer,Male,1026,Asian,Divorced,Fully Meets,2
29-Jul-23,29-Oct-23,Production Technician I,CCDR,Active,Full-Time,Zone B,Full-Time,Voluntary,Year ever end drive.,Production       ,General - Eng,27-06-1947,MA,Tester,Female,78875,Asian,Single,Fully Meets,5
29-Nov-20,18-Apr-22,Production Technician II,SVG,Terminated for Cause,Part-Time,Zone B,Temporary,Involuntary,North help rock stage someone book.,Production       ,Yard (Material Handling),21-02-1963,MA,Labor,Female,48346,Other,Divorced,Fully Meets,2
03-Apr-19,06-Oct-27,Production Technician I,PL,Active,Full-Time,Zone B,Temporary,Voluntary,Deep sea improve miss they nearly measure.,Production       ,Engineers,07-11-1974,MA,Billing,Female,63736,Other,Divorced,Fully Meets,2
13-Jul-22,07-Aug-22,Production Technician I,BPC,Active,Full-Time,Zone B,Part-Time,Voluntary,Dark meeting play room head join truth involve.,Production       ,Finance & Accounting,09-07-1955,MA,Field Project Manager,Female,27704,Black,Married,PIP,5
30-Aug-19,28-Feb-26,Administrative Assistant,WBL,Active,Contract,Zone C,Part-Time,Voluntary,Necessary account office.,Software Engineering,Aerial,10-06-1993,MA,Services,Male,57521,Hispanic,Divorced,Fully Meets,3
12-Apr-22,10-May-28,Production Technician I,PL,Active,Contract,Zone B,Part-Time,Retirement,Only movie ability wait according.,Production       ,General - Con,18-07-1946,MA,Drafter,Male,9360,White,Married,Fully Meets,4
30-Dec-20,24-Jan-19,Area Sales Manager,NEL,Active,Contract,Zone A,Full-Time,Involuntary,Member space player.,Sales,Catv,15-05-2000,NH,Assistant,Male,6757,Asian,Married,Fully Meets,4
05-Oct-21,15-Sep-28,Production Technician I,CCDR,Terminated for Cause,Full-Time,Zone B,Temporary,Resignation,Fight look song material year happen.,Production       ,Field Operations,10-10-1997,MA,Locator,Male,78893,Asian,Divorced,Fully Meets,3
09-Sep-21,08-Nov-22,IT Manager - Infra,PL,Active,Part-Time,Zone C,Temporary,Voluntary,Fill outside then discuss table.,Production       ,Project Management - Con,05-09-1968,MA,Field Project Manager,Female,34671,Asian,Divorced,Fully Meets,4
01-Jan-21,28-Feb-19,Area Sales Manager,PL,Active,Part-Time,Zone A,Full-Time,Retirement,Appear reality artist there understand.,Sales,Project Management - Con,07-04-1972,AL,Project Coordinator,Female,60430,White,Widowed,Fully Meets,5
30-Aug-20,01-Jul-20,Production Technician I,CCDR,Leave of Absence,Contract,Zone C,Part-Time,Resignation,Herself Mr office bed.,Production       ,Fielders,02-04-1964,MA,Groundman,Male,4989,Asian,Widowed,Fully Meets,2
08-Nov-20,30-Sep-28,Production Technician II,TNS,Active,Contract,Zone C,Full-Time,Resignation,Red some option.,Production       ,Field Operations,21-05-1952,MA,Laborer,Female,23178,Asian,Divorced,Needs Improvement,3
09-Mar-20,03-Jul-23,Production Technician I,BPC,Future Start,Part-Time,Zone C,Full-Time,Resignation,Red some option.,Production       ,Field Operations,06-12-1981,MA,Laborer,Male,45203,Black,Widowed,Fully Meets,3
10-Apr-21,19-Jun-28,Area Sales Manager,PYZ,Active,Contract,Zone A,Full-Time,Involuntary,Only alone imagine. Loss minute girl.,Sales,Billable Consultants,27-11-1950,NY,Assistant,Male,42675,Black,Single,Fully Meets,2
08-Nov-22,08-Jun-22,Production Technician I,MSC,Active,Contract,Zone B,Part-Time,Resignation,Sound there everybody anything.,Production       ,Project Management - Con,21-12-1950,MA,Assistant,Female,60557,Asian,Widowed,Fully Meets,2
15-May-21,23-Nov-26,Production Technician I,CCDR,Active,Contract,Zone B,Temporary,Resignation,Station opportunity already agency blood answer.,Production       ,Engineers,09-10-1951,MA,Top Hand,Male,37499,Asian,Divorced,Fully Meets,4
09-Sep-21,25-Jun-22,Production Technician I,EW,Active,Contract,Zone A,Part-Time,Voluntary,Attention summer we. Suffer impact imagine we.,Production       ,Sales & Marketing,07-03-1954,MA,Ceo,Female,67931,Asian,Married,Needs Improvement,4
23-Jun-20,10-Aug-27,Sales Manager,EW,Active,Full-Time,Zone C,Part-Time,Resignation,Yard charge week wait address.,Admin Offices,Fielders,02-11-1987,MA,Administration,Male,78892,Black,Divorced,Fully Meets,3
24-May-23,18-Aug-19,Production Technician II,NEL,Future Start,Contract,Zone C,Full-Time,Resignation,Manager lead both sing.,Production       ,Sales & Marketing,30-01-1956,MA,Engineer,Female,85317,Black,Widowed,Fully Meets,5
17-Aug-20,27-Apr-23,Production Technician II,SVG,Future Start,Contract,Zone A,Temporary,Involuntary,Gas group whose within step clear choose.,Production       ,Yard (Material Handling),13-02-1994,MA,Administrator,Female,49397,Asian,Divorced,Exceeds,3
06-May-19,21-Nov-28,Database Administrator,CCDR,Active,Part-Time,Zone A,Part-Time,Voluntary,West run alone address week wear.,IT/IS,Shop (Fleet),24-12-1947,MA,Project Coordinator,Male,13612,Asian,Single,Fully Meets,3
10-Mar-22,25-Jan-25,Production Technician I,CCDR,Active,Contract,Zone A,Full-Time,Voluntary,Law difference five away.,Production       ,Billable Consultants,03-01-1982,MA,Operator,Female,86994,Other,Married,Fully Meets,3
26-Mar-20,29-Dec-25,Production Technician II,EW,Active,Full-Time,Zone C,Temporary,Retirement,Here employee minute officer southern.,Production       ,Field Operations,15-09-1946,MA,Laborer,Female,46570,Black,Divorced,Fully Meets,3
25-Mar-23,13-Jun-22,Production Technician I,TNS,Active,Full-Time,Zone A,Full-Time,Retirement,Late least forward bill realize camera.,Production       ,General - Eng,15-09-1983,MA,Contracts,Male,90809,Asian,Married,Fully Meets,3
16-Feb-21,26-Sep-26,Sr. DBA,BPC,Active,Contract,Zone C,Full-Time,Voluntary,Me local somebody method away choose hit truth.,Production       ,Aerial,22-06-1983,MA,Operator,Male,42319,White,Single,Fully Meets,1
13-Dec-20,17-Sep-20,Production Technician I,MSC,Active,Part-Time,Zone C,Temporary,Resignation,Design laugh top music policy.,Production       ,General - Eng,10-10-1993,MA,Engineer,Female,46262,Other,Married,Fully Meets,3
21-Nov-19,16-Dec-21,Production Technician II,TNS,Active,Part-Time,Zone A,Full-Time,Retirement,Professional military easy so.,Production       ,Aerial,05-01-1943,MA,Flagger,Male,37150,White,Widowed,Fully Meets,3
14-Oct-22,22-Jul-24,Software Engineering Manager,PYZ,Leave of Absence,Part-Time,Zone A,Full-Time,Retirement,Else enjoy include expect.,Production       ,Technology / It,15-01-1968,MA,Locator,Female,55965,White,Single,Fully Meets,4
24-Aug-21,06-Apr-26,Production Technician I,MSC,Leave of Absence,Part-Time,Zone B,Full-Time,Retirement,Here employee minute officer southern.,Production       ,Shop (Fleet),13-11-1955,MA,Driller,Male,75178,Asian,Single,Fully Meets,4
12-Feb-19,15-Mar-19,President & CEO,WBL,Leave of Absence,Contract,Zone B,Full-Time,Voluntary,Baby still now positive traditional head while.,Sales,Project Management - Eng,07-12-1991,AZ,Lineman,Female,3189,Other,Widowed,Fully Meets,3
01-Feb-19,28-Aug-21,Software Engineering Manager,PL,Active,Contract,Zone A,Full-Time,Voluntary,Young risk quality natural foreign claim.,Production       ,Field Operations,01-01-1957,MA,Laborer,Female,42965,White,Single,Fully Meets,2
06-Mar-19,21-Jan-29,President & CEO,TNS,Active,Part-Time,Zone A,Temporary,Resignation,Plant enjoy these drive themselves never hit PM.,IT/IS,Safety,04-08-2000,MA,Laborer,Female,75869,Hispanic,Widowed,Needs Improvement,3
25-Apr-21,06-Nov-23,Production Technician I,BPC,Voluntarily Terminated,Contract,Zone A,Full-Time,Resignation,Light free he rest thought.,Production       ,Engineers,09-05-1988,MA,Cfo,Male,93598,Black,Married,Fully Meets,3
20-May-19,05-Oct-19,Production Technician I,SVG,Active,Contract,Zone C,Temporary,Voluntary,Save interest factor training.,Production       ,Wireline Construction,23-10-1942,MA,Laborer,Female,41172,Hispanic,Single,Fully Meets,2
17-May-21,04-Apr-19,Production Technician II,PL,Active,Full-Time,Zone B,Full-Time,Retirement,Tell its wind child more though.,Production       ,Engineers,21-03-2001,MA,Administrator,Female,14609,Asian,Single,Exceeds,1
18-Oct-22,22-Mar-22,Production Technician II,CCDR,Leave of Absence,Part-Time,Zone B,Temporary,Retirement,Program personal mean life source reach.,Production       ,Sales & Marketing,12-05-1969,MA,Administration,Female,84061,Hispanic,Married,Fully Meets,5
08-Jun-23,01-May-25,Production Technician I,MSC,Active,Full-Time,Zone C,Part-Time,Voluntary,Big large training region.,Production       ,Engineers,14-01-1977,MA,Foreman,Male,22901,Asian,Single,Fully Meets,3
13-Jan-20,12-Jul-27,Production Technician II,WBL,Active,Contract,Zone A,Part-Time,Resignation,Keep many else little argue full the.,Production       ,Field Operations,25-03-1955,MA,Laborer,Female,12528,Black,Married,Fully Meets,4
12-Jan-23,07-Dec-24,Production Technician I,WBL,Future Start,Part-Time,Zone C,Full-Time,Voluntary,Thing stock near question mouth.,Production       ,Field Operations,04-11-1991,MA,Laborer,Male,57944,Asian,Widowed,Fully Meets,4
26-Apr-19,17-Nov-28,Production Technician I,CCDR,Active,Part-Time,Zone B,Full-Time,Voluntary,In read day your stay she.,Production       ,Executive,05-10-1989,MA,Controller,Male,41776,Black,Single,Fully Meets,3
09-Dec-19,01-Oct-22,Production Technician I,WBL,Terminated for Cause,Full-Time,Zone B,Part-Time,Involuntary,Until reason late off training situation.,Production       ,Splicing,27-11-1997,MA,Construction Manager,Female,96184,White,Single,Fully Meets,5
01-Aug-21,28-Jan-24,Production Technician I,EW,Active,Contract,Zone A,Part-Time,Voluntary,Fast light home sign build not.,Production       ,Project Management - Eng,07-06-1945,MA,Safety,Female,65014,Asian,Married,Exceeds,4
08-Aug-19,03-Jun-29,Production Technician II,MSC,Future Start,Part-Time,Zone C,Full-Time,Retirement,Catch issue water night recognize mention.,Production       ,General - Con,17-05-1991,MA,Generalist,Female,11440,Other,Divorced,Fully Meets,3
19-Aug-18,26-Apr-24,Area Sales Manager,CCDR,Future Start,Full-Time,Zone A,Temporary,Resignation,Miss onto none our discussion year.,Sales,Fielders,27-04-1999,CO,Executive,Male,60355,Asian,Divorced,Exceeds,4
22-Feb-22,03-Jan-21,IT Director,CCDR,Voluntarily Terminated,Contract,Zone B,Temporary,Voluntary,Foreign truth concern break ground.,Production       ,Finance & Accounting,15-04-1954,MA,Manager,Male,16949,Black,Married,Fully Meets,5
21-Jul-23,21-Aug-29,Software Engineer,EW,Future Start,Contract,Zone C,Full-Time,Resignation,Today situation minute figure friend opportunity.,Software Engineering,Field Operations,17-04-2000,MA,Supervisor,Female,40252,Black,Widowed,Fully Meets,3
19-Jan-19,25-Oct-22,BI Director,EW,Terminated for Cause,Full-Time,Zone A,Temporary,Involuntary,Brother election movie born enough.,IT/IS,Field Operations,08-09-1996,MA,Driver,Female,42920,Asian,Divorced,Fully Meets,5
29-Aug-18,10-Feb-26,IT Manager - Infra,TNS,Future Start,Contract,Zone A,Temporary,Voluntary,Professor phone billion none very evidence.,Production       ,Shop (Fleet),12-10-1998,MA,Laborer,Female,27342,White,Single,Fully Meets,4
24-Oct-22,22-Feb-23,Sr. Network Engineer,NEL,Active,Part-Time,Zone C,Temporary,Retirement,Risk test morning lawyer.,IT/IS,Sales & Marketing,13-06-1945,MA,Laborer,Male,17830,Black,Single,Fully Meets,5
26-May-21,23-May-28,Production Technician I,MSC,Active,Part-Time,Zone A,Temporary,Retirement,Here relationship possible purpose instead.,Production       ,Splicing,09-01-1948,MA,Laborer,Male,67197,White,Single,Exceeds,5
27-Jan-19,25-Sep-19,Production Technician I,PL,Active,Full-Time,Zone B,Temporary,Voluntary,Law difference five away.,Production       ,Engineers,05-07-1977,MA,Estimator,Female,73436,Other,Divorced,Fully Meets,2
23-Nov-19,12-May-19,Production Technician I,PYZ,Terminated for Cause,Part-Time,Zone C,Full-Time,Voluntary,Chance ever laugh sign indicate.,Production       ,Field Operations,21-01-1979,MA,Laborer,Male,25951,Black,Widowed,Fully Meets,3
14-Aug-21,18-Mar-24,Production Technician I,PYZ,Active,Full-Time,Zone C,Temporary,Retirement,Medical message face development moment because.,Production       ,General - Con,03-09-1993,MA,Generalist,Female,1240,Hispanic,Married,Fully Meets,3
24-Nov-20,07-Sep-23,Production Technician II,BPC,Active,Part-Time,Zone A,Temporary,Voluntary,Will raise compare realize evidence most product.,Production       ,Engineers,19-10-1995,MA,Director,Male,61027,White,Single,Fully Meets,1
19-Jun-21,26-Aug-28,Production Technician I,PL,Active,Part-Time,Zone B,Part-Time,Involuntary,Year ever end drive.,Production       ,Shop (Fleet),03-02-1977,MA,Clerical,Female,71218,Other,Divorced,Needs Improvement,5
22-Apr-21,07-Oct-20,Production Technician I,BPC,Active,Full-Time,Zone A,Full-Time,Resignation,Need either go.,Production       ,Field Operations,01-04-1983,MA,Laborer,Female,28183,Asian,Divorced,Fully Meets,2
21-May-20,03-Nov-22,Administrative Assistant,CCDR,Active,Part-Time,Zone A,Full-Time,Voluntary,Control store point.,Executive Office,Executive,26-05-1968,MA,Mechanic,Male,38330,Other,Single,Fully Meets,3
15-Jan-20,25-Jun-21,Data Analyst,PYZ,Active,Contract,Zone C,Full-Time,Voluntary,Particularly box maybe.,IT/IS,Wireless,13-12-1948,MA,Model Assistant,Male,15653,Black,Married,Fully Meets,5
02-Nov-18,10-Apr-19,Production Technician I,BPC,Active,Part-Time,Zone C,Full-Time,Involuntary,Treatment power card almost pretty sister.,Production       ,Sales & Marketing,29-09-1978,MA,Tower Hand,Female,83059,Other,Single,Exceeds,3
02-May-22,19-Sep-24,Production Technician I,NEL,Terminated for Cause,Part-Time,Zone A,Temporary,Retirement,Information step name three choose.,Production       ,Field Operations,03-10-1978,MA,Program Manager,Female,54141,White,Widowed,Needs Improvement,4
06-Jul-20,10-Mar-28,Production Technician II,TNS,Leave of Absence,Contract,Zone B,Part-Time,Retirement,Arrive its during organization about.,Production       ,Catv,23-01-1997,MA,Intern,Female,91849,Hispanic,Widowed,Exceeds,4
11-Apr-21,26-Nov-19,Sales Manager,EW,Active,Full-Time,Zone C,Part-Time,Resignation,Wide smile scene such society contain.,Executive Office,Fielders,21-06-1980,MA,Construction Manager,Male,87064,Black,Divorced,Fully Meets,3
23-Mar-23,27-Oct-25,Sr. Accountant,MSC,Active,Contract,Zone A,Temporary,Resignation,Without production religious.,Production       ,Field Operations,04-09-1964,MA,Tower Hand,Male,34650,Black,Married,Fully Meets,4
24-Jun-23,12-Oct-29,Production Technician II,TNS,Leave of Absence,Full-Time,Zone B,Temporary,Involuntary,Program personal mean life source reach.,Production       ,Field Operations,09-04-1986,MA,Laborer,Female,56511,White,Widowed,Exceeds,1
01-Feb-22,17-Nov-22,Production Technician I,SVG,Active,Part-Time,Zone B,Temporary,Involuntary,Board industry once tough investment age.,Production       ,Aerial,26-08-2000,MA,Foreman,Female,32741,Hispanic,Widowed,PIP,1
11-Sep-18,19-Oct-20,Administrative Assistant,WBL,Terminated for Cause,Contract,Zone B,Full-Time,Voluntary,Baby still now positive traditional head while.,Sales,Underground,05-02-1995,NY,Apprentice,Female,14431,Other,Widowed,Fully Meets,3
05-Aug-22,28-Jun-22,Area Sales Manager,TNS,Active,Full-Time,Zone B,Full-Time,Retirement,Human box wish natural student staff.,Sales,Catv,14-02-1942,IN,Foreman,Male,93485,White,Widowed,Fully Meets,2
26-Sep-19,20-Aug-26,Production Technician I,MSC,Leave of Absence,Contract,Zone C,Part-Time,Voluntary,Know blue difficult let black choice require.,Production       ,Engineers,07-04-1949,MA,Associate,Male,62756,White,Divorced,Fully Meets,2
25-Sep-21,21-Sep-26,Production Technician II,EW,Leave of Absence,Full-Time,Zone A,Part-Time,Involuntary,Value class especially.,Production       ,Field Operations,06-10-1956,MA,Project Controls,Female,65049,Black,Divorced,Fully Meets,3
18-May-23,21-Aug-19,Production Technician II,CCDR,Leave of Absence,Part-Time,Zone A,Temporary,Retirement,North rise until plan join.,Production       ,Safety,17-02-1988,MA,Lineman,Male,67548,Other,Divorced,Fully Meets,1
15-Oct-21,11-Apr-27,Production Technician I,PL,Active,Contract,Zone C,Temporary,Retirement,New out peace director fish.,Production       ,Field Operations,17-02-1975,MA,Vp,Male,26732,Other,Married,Fully Meets,3
22-Aug-21,27-Jun-21,Production Technician II,BPC,Voluntarily Terminated,Contract,Zone B,Temporary,Voluntary,Win late significant throughout add.,Production       ,General - Eng,02-02-1957,MA,Runner,Female,82901,Asian,Widowed,Fully Meets,1
24-Mar-19,08-Jun-28,IT Manager - DB,PYZ,Future Start,Contract,Zone A,Temporary,Resignation,Maybe establish real still.,Production       ,Catv,12-07-1975,MA,Services,Female,13316,White,Married,Fully Meets,4
02-Mar-23,05-Mar-19,Production Technician I,PYZ,Active,Part-Time,Zone A,Temporary,Retirement,Fact order police ability another pretty add.,Production       ,General - Eng,02-12-1997,MA,Accounting,Male,82450,Hispanic,Married,Fully Meets,2
26-Nov-20,13-Feb-19,Enterprise Architect,MSC,Active,Part-Time,Zone A,Part-Time,Resignation,Once type here really.,Production       ,Project Management - Con,27-11-1956,MA,Electrician,Female,13240,Asian,Divorced,Fully Meets,3
12-Mar-22,13-Sep-27,Production Technician I,SVG,Active,Contract,Zone C,Part-Time,Involuntary,Need either go.,Production       ,Field Operations,05-11-1979,MA,Manager,Female,7866,Asian,Single,Fully Meets,3
06-Oct-19,20-Dec-21,Accountant I,MSC,Active,Contract,Zone B,Temporary,Voluntary,Effort situation use necessary.,Executive Office,Shop (Fleet),17-08-1957,MA,Program Manager,Female,62291,White,Married,Fully Meets,3
31-Aug-21,28-Oct-21,Production Technician I,CCDR,Active,Part-Time,Zone A,Part-Time,Involuntary,Late least forward bill realize camera.,Production       ,Project Management - Con,12-02-1980,MA,Driller,Male,60675,White,Divorced,Fully Meets,2
19-Jan-20,07-Sep-19,Sr. Accountant,EW,Active,Part-Time,Zone C,Temporary,Retirement,Body move possible play. Relate husband Mrs.,Production       ,Wireless,08-10-1961,MA,Controller,Female,2837,Other,Married,Fully Meets,5
30-Nov-18,07-Aug-22,Area Sales Manager,WBL,Active,Full-Time,Zone C,Temporary,Resignation,Officer thus service.,Sales,Billable Consultants,18-11-1954,MA,Project Manager,Male,84868,Black,Divorced,Fully Meets,1
19-Jul-23,10-Jun-27,Production Technician I,CCDR,Active,Full-Time,Zone B,Full-Time,Resignation,Theory grow future week house.,Production       ,Isp,01-11-1941,MA,Helper,Female,90995,Asian,Single,Fully Meets,1
25-Jan-19,06-Nov-22,Sr. Network Engineer,SVG,Active,Full-Time,Zone C,Temporary,Voluntary,Space long most area product drug tree.,IT/IS,Splicing,31-08-1951,MA,Laborer,Male,67929,White,Married,Fully Meets,1
22-Aug-20,12-Feb-25,BI Director,TNS,Voluntarily Terminated,Contract,Zone A,Temporary,Resignation,Professor phone billion none very evidence.,Production       ,Aerial,27-11-1994,MA,Laborer,Female,22156,White,Single,Fully Meets,5
16-Aug-18,09-Feb-20,Production Technician I,BPC,Voluntarily Terminated,Part-Time,Zone C,Full-Time,Retirement,Station opportunity already agency blood answer.,Production       ,Field Operations,17-01-1983,MA,Project Controls,Female,62580,Other,Divorced,Fully Meets,2
31-Mar-21,23-Oct-28,Software Engineer,WBL,Active,Part-Time,Zone A,Part-Time,Involuntary,Occur tough thousand on recent.,IT/IS,General - Eng,03-07-1980,MA,Services,Male,17248,White,Single,Fully Meets,1
07-Nov-22,31-Dec-21,Enterprise Architect,CCDR,Future Start,Full-Time,Zone C,Part-Time,Voluntary,Try statement audience too material film.,Production       ,Field Operations,04-04-1954,MA,Project Manager,Female,95281,Asian,Divorced,Fully Meets,1
05-Dec-21,24-Apr-23,Shared Services Manager,PYZ,Terminated for Cause,Part-Time,Zone C,Temporary,Resignation,Professor now audience lay box.,IT/IS,Field Operations,25-11-1964,CT,Laborer,Female,62680,Hispanic,Single,PIP,5
03-May-19,16-Jan-29,Enterprise Architect,CCDR,Active,Part-Time,Zone B,Full-Time,Voluntary,First choose again themselves thing however.,Software Engineering,Shop (Fleet),31-03-1986,MA,Driver,Female,8328,Black,Single,Fully Meets,3
10-Apr-23,08-Jul-24,Area Sales Manager,NEL,Voluntarily Terminated,Contract,Zone C,Temporary,Voluntary,Administration field require.,Sales,General - Con,15-04-1992,AZ,Coordinator,Female,67987,Black,Single,Fully Meets,2
25-Mar-21,07-Oct-20,IT Manager - DB,NEL,Active,Part-Time,Zone B,Part-Time,Retirement,Onto site natural situation wear.,Software Engineering,Underground,14-01-1947,MA,Field Project Manager,Male,13214,White,Widowed,Fully Meets,4
11-Aug-18,12-Apr-22,Production Technician II,BPC,Voluntarily Terminated,Contract,Zone B,Part-Time,Involuntary,Third cost above management anything.,Production       ,Wireline Construction,06-02-1984,MA,Contracts,Male,13182,Hispanic,Single,PIP,3
28-Jun-23,02-Jan-28,Director of Sales,CCDR,Voluntarily Terminated,Full-Time,Zone C,Full-Time,Voluntary,President site student thank community.,IT/IS,General - Sga,13-04-1974,MA,Safety,Female,12151,White,Widowed,Fully Meets,3
24-Nov-19,21-Apr-28,Production Technician I,PYZ,Active,Part-Time,Zone A,Temporary,Voluntary,Member space player.,Production       ,Executive,08-12-1963,MA,Laborer,Female,1117,White,Widowed,Fully Meets,3
17-Jun-19,20-Mar-26,Area Sales Manager,WBL,Active,Full-Time,Zone C,Temporary,Resignation,Less boy reflect quickly health respond million.,Sales,Safety,12-11-1946,MA,Coordinator,Male,96168,Black,Divorced,Fully Meets,1
24-Feb-20,10-Nov-19,Production Technician II,TNS,Active,Contract,Zone C,Full-Time,Voluntary,A parent bit rich. Reflect north sometimes card.,Production       ,Field Operations,20-09-1954,MA,Laborer,Female,41131,Asian,Divorced,Needs Improvement,2
29-Jun-20,15-Jun-25,Production Technician I,NEL,Voluntarily Terminated,Part-Time,Zone A,Full-Time,Involuntary,Young risk quality natural foreign claim.,Production       ,Sales & Marketing,28-09-1968,MA,Controller,Male,22401,White,Married,Fully Meets,3
17-Aug-21,06-Apr-22,Production Technician II,NEL,Voluntarily Terminated,Full-Time,Zone A,Part-Time,Voluntary,Manager lead both sing.,Production       ,Field Operations,03-06-1973,MA,Controller,Female,63743,Black,Divorced,Fully Meets,3
12-Mar-23,18-Jul-25,Director of Operations,PYZ,Active,Part-Time,Zone C,Part-Time,Retirement,Southern alone father state.,IT/IS,Project Management - Con,20-08-1974,MA,Administrator,Male,90931,White,Married,Fully Meets,1
24-Feb-21,11-Sep-28,Production Technician I,MSC,Active,Full-Time,Zone A,Part-Time,Resignation,Some others lot miss land similar.,Production       ,General - Con,03-05-1969,MA,Tester,Male,84579,Hispanic,Married,Fully Meets,1
22-Jul-20,13-Dec-20,Sr. Network Engineer,NEL,Leave of Absence,Full-Time,Zone A,Full-Time,Resignation,Nation you bad daughter only huge them.,Production       ,Technology / It,18-09-1974,MA,Business Development,Female,84713,Other,Single,Fully Meets,2
24-Aug-22,18-Jun-22,Administrative Assistant,CCDR,Active,Contract,Zone C,Part-Time,Resignation,Too former relationship risk.,Sales,Aerial,10-03-1987,MA,Technician,Female,87193,Asian,Married,Fully Meets,2
04-Oct-19,19-May-21,Production Technician I,MSC,Active,Part-Time,Zone A,Part-Time,Involuntary,Tell its wind child more though.,Production       ,Underground,23-09-1999,MA,Clerk,Female,6408,Other,Divorced,Exceeds,1
07-Jan-19,14-Jan-29,Production Technician I,EW,Active,Part-Time,Zone B,Temporary,Involuntary,Guy present clear.,Production       ,General - Eng,02-08-1952,MA,Coordinator,Female,52901,Other,Widowed,Exceeds,3
03-Mar-21,20-Jan-24,Production Technician I,PL,Leave of Absence,Full-Time,Zone C,Full-Time,Involuntary,Next explain account stay.,Production       ,Executive,15-04-1999,MA,Foreman,Female,69493,Black,Married,Fully Meets,5
10-Jun-23,23-Jun-28,Production Technician II,PYZ,Active,Part-Time,Zone A,Full-Time,Resignation,First choose again themselves thing however.,Production       ,General - Sga,27-12-1978,MA,Electrician,Female,44920,Hispanic,Divorced,Exceeds,3
29-Oct-22,19-Jun-23,Director of Sales,TNS,Active,Full-Time,Zone A,Temporary,Involuntary,Word once speech mind.,Executive Office,Isp,25-10-1985,MA,Helper,Male,20122,White,Single,PIP,4
21-Feb-20,24-Sep-28,Production Technician II,EW,Leave of Absence,Full-Time,Zone B,Part-Time,Voluntary,Sit energy consider voice director.,Production       ,Field Operations,18-04-1996,MA,Laborer,Female,51621,White,Divorced,Fully Meets,3
17-Nov-21,02-Aug-27,Production Technician I,NEL,Future Start,Contract,Zone C,Full-Time,Voluntary,Prevent entire business ask meeting contain tree.,Production       ,Isp,25-09-1953,MA,Director,Male,58408,Hispanic,Single,Fully Meets,3
27-Mar-19,01-Jul-27,Production Technician II,MSC,Active,Contract,Zone C,Full-Time,Voluntary,Industry majority population final. Bit go deal.,Production       ,Field Operations,25-09-1944,MA,Laborer,Female,24329,Asian,Divorced,Needs Improvement,2
19-Aug-19,18-Dec-24,Production Technician I,TNS,Voluntarily Terminated,Part-Time,Zone C,Temporary,Resignation,Year color woman become year scene very.,Production       ,Field Operations,15-03-1945,MA,Executive,Male,28913,Asian,Married,PIP,2
09-Dec-20,29-Oct-23,Sr. Network Engineer,BPC,Active,Contract,Zone C,Full-Time,Voluntary,Me local somebody method away choose hit truth.,Production       ,Project Management - Con,26-07-1982,MA,Ceo,Male,40364,White,Single,Fully Meets,1
19-Oct-22,12-Oct-19,Production Technician I,BPC,Future Start,Part-Time,Zone A,Temporary,Resignation,Take nice into true side job.,Production       ,Yard (Material Handling),25-07-1950,MA,Splicer,Male,4450,Hispanic,Widowed,Fully Meets,2
12-Aug-20,02-Feb-25,IT Director,CCDR,Active,Full-Time,Zone C,Temporary,Involuntary,Least if civil partner court number song.,Production       ,Billable Consultants,19-04-1978,MA,Groundman,Female,16661,Hispanic,Widowed,Fully Meets,2
02-Dec-20,03-Feb-23,Production Technician I,EW,Terminated for Cause,Full-Time,Zone C,Temporary,Retirement,Speak high idea reach both. Many policy rock six.,Production       ,Field Operations,09-06-1979,MA,Operator,Female,28432,Other,Widowed,Fully Meets,3
31-Jan-19,14-Jun-20,Sr. Network Engineer,CCDR,Active,Part-Time,Zone A,Full-Time,Involuntary,Glass minute shake food determine deep.,Executive Office,Safety,23-03-1945,MA,Tower Hand,Female,12181,Asian,Single,Fully Meets,3
29-Apr-23,09-Jul-19,Production Technician II,CCDR,Future Start,Part-Time,Zone A,Full-Time,Retirement,Improve center sure Mr respond for recent.,Production       ,Field Operations,21-01-1975,MA,Construction Manager,Female,26744,Black,Married,Fully Meets,3
14-Dec-22,25-Nov-25,Production Technician I,NEL,Active,Contract,Zone C,Temporary,Voluntary,Direction west appear son school anything.,Production       ,Field Operations,16-03-2001,MA,Associate,Female,12484,Hispanic,Widowed,Fully Meets,3
23-Aug-21,02-Jul-21,IT Support,EW,Future Start,Full-Time,Zone B,Part-Time,Resignation,Lead throw others.,IT/IS,Catv,16-05-1965,MA,Apprentice,Female,96212,Hispanic,Widowed,PIP,1
13-Apr-20,08-Apr-21,BI Director,WBL,Active,Contract,Zone B,Part-Time,Voluntary,Much already above care than.,Software Engineering,Isp,03-12-1984,MA,Business Development,Female,50612,Hispanic,Single,Fully Meets,3
24-Feb-21,05-Mar-21,Production Technician I,WBL,Active,Contract,Zone A,Temporary,Retirement,Information step name three choose.,Production       ,Aerial,19-11-1943,MA,Business Development,Male,54530,Other,Divorced,Fully Meets,1
20-Apr-19,20-May-28,Production Technician I,BPC,Active,Contract,Zone B,Temporary,Resignation,Law difference five away.,Production       ,Isp,07-06-1954,MA,Supervisor,Male,88616,Hispanic,Divorced,Fully Meets,3
25-Sep-19,09-Jan-20,Area Sales Manager,NEL,Active,Contract,Zone A,Full-Time,Involuntary,Yourself book budget product.,Sales,Field Operations,18-07-1948,CA,Operator,Male,43285,Hispanic,Divorced,PIP,3
05-Jan-19,14-Aug-23,Database Administrator,PYZ,Active,Part-Time,Zone A,Temporary,Resignation,Plant enjoy these drive themselves never hit PM.,Production       ,Field Operations,08-01-1950,MA,Laborer,Female,15297,Asian,Married,Fully Meets,2
23-Jul-20,23-Aug-26,Production Technician II,BPC,Future Start,Full-Time,Zone A,Full-Time,Resignation,Can last meet shake imagine he.,Production       ,Field Operations,28-11-1987,MA,Manager,Female,34519,Other,Married,Fully Meets,5
18-Jun-19,28-Sep-22,Production Technician I,TNS,Active,Part-Time,Zone A,Full-Time,Involuntary,Year ever end drive.,Production       ,Field Operations,16-10-1968,MA,Laborer,Female,16381,Black,Widowed,Fully Meets,3
27-Feb-20,25-May-21,Area Sales Manager,TNS,Active,Full-Time,Zone C,Temporary,Involuntary,Once type here really.,Sales,Safety,27-01-1961,TX,Model Assistant,Female,4453,Black,Divorced,Fully Meets,4
19-Jun-21,19-Dec-29,Principal Data Architect,PL,Leave of Absence,Full-Time,Zone B,Full-Time,Retirement,Too within that room.,IT/IS,Engineers,25-12-1982,MA,Specialist,Female,87588,Other,Divorced,Fully Meets,3
14-Aug-21,13-Oct-21,Software Engineering Manager,MSC,Active,Full-Time,Zone A,Part-Time,Involuntary,According term along ago leave.,Executive Office,Aerial,28-05-1942,MA,Tower Hand,Female,18238,Black,Widowed,Fully Meets,3
30-Sep-22,12-Dec-27,Production Technician I,BPC,Voluntarily Terminated,Full-Time,Zone B,Part-Time,Involuntary,Build very significant imagine cell doctor.,Production       ,Sales & Marketing,26-04-1983,MA,Laborer,Female,72841,Asian,Married,Needs Improvement,1
01-Sep-18,20-Aug-29,Production Technician I,PYZ,Voluntarily Terminated,Full-Time,Zone A,Full-Time,Voluntary,Visit you let sort amount visit.,Production       ,Field Operations,16-01-1985,MA,Billing,Male,53197,White,Divorced,Fully Meets,3
03-Jul-23,20-Nov-29,Production Technician II,NEL,Voluntarily Terminated,Full-Time,Zone A,Temporary,Retirement,Until reason late off training situation.,Production       ,Field Operations,25-01-1994,MA,Clerk,Female,2004,White,Divorced,Fully Meets,3
24-Aug-20,20-Sep-28,Production Technician I,SVG,Voluntarily Terminated,Part-Time,Zone C,Full-Time,Voluntary,North next animal laugh threat no.,Production       ,Field Operations,21-02-2000,MA,Laborer,Male,65743,Asian,Widowed,Fully Meets,1
10-Feb-21,19-Apr-20,Production Technician I,SVG,Active,Contract,Zone B,Temporary,Resignation,Attention summer we. Suffer impact imagine we.,Production       ,Wireline Construction,05-06-1997,MA,Estimator,Male,6605,Black,Single,Needs Improvement,4
14-Oct-21,04-Dec-19,Software Engineering Manager,TNS,Active,Part-Time,Zone B,Full-Time,Involuntary,Administration field require.,Production       ,Field Operations,29-07-1979,MA,Generalist,Male,71344,Other,Divorced,Fully Meets,5
30-Aug-19,23-Aug-20,Production Technician I,CCDR,Active,Contract,Zone B,Full-Time,Voluntary,Dark meeting play room head join truth involve.,Production       ,Project Management - Con,02-09-1957,MA,Laborer,Female,92128,Asian,Married,Needs Improvement,3
20-Apr-21,14-Jan-19,Sales Manager,CCDR,Active,Part-Time,Zone C,Part-Time,Resignation,Expect maintain knowledge thus.,IT/IS,Safety,02-09-1947,MA,Lineman,Female,59854,Other,Married,PIP,4
24-Jun-22,06-Apr-22,Network Engineer,SVG,Active,Contract,Zone C,Temporary,Retirement,Teach yard style bed relate seat.,Production       ,Safety,11-04-1992,MA,Ceo,Male,39981,Hispanic,Widowed,Fully Meets,1
24-Jul-23,09-Sep-28,Production Technician I,CCDR,Active,Full-Time,Zone B,Full-Time,Voluntary,Stage necessary although they.,Production       ,People Services,12-08-1947,MA,Tower Hand,Female,75765,Asian,Single,Fully Meets,4
25-Jan-20,22-Mar-21,Production Technician I,WBL,Active,Contract,Zone A,Temporary,Involuntary,Will raise compare realize evidence most product.,Production       ,Yard (Material Handling),06-04-1946,MA,Shop,Male,69289,Other,Divorced,Fully Meets,4
17-Sep-18,17-Dec-19,Production Technician I,CCDR,Future Start,Part-Time,Zone C,Temporary,Resignation,Year color woman become year scene very.,Production       ,Field Operations,16-05-1946,MA,Engineer,Male,27940,Asian,Married,Needs Improvement,5
18-Jun-23,10-Aug-20,Production Technician II,WBL,Active,Contract,Zone C,Full-Time,Resignation,Lot as card response consumer.,Production       ,Field Operations,06-08-1946,MA,Laborer,Female,26202,Asian,Divorced,PIP,5
17-Aug-18,29-Feb-28,Production Technician I,PL,Active,Contract,Zone A,Part-Time,Voluntary,Fire necessary sing first traditional.,Production       ,Field Operations,13-11-1952,MA,Intern,Male,17539,Other,Married,Fully Meets,3
02-Oct-21,24-Apr-23,Production Technician II,BPC,Leave of Absence,Contract,Zone B,Temporary,Resignation,Year ever end drive.,Production       ,Field Operations,17-10-1990,MA,Laborer,Female,73464,Other,Single,Fully Meets,2
12-Dec-19,05-Dec-28,Production Technician I,BPC,Active,Contract,Zone B,Temporary,Retirement,Each wish foot person morning per significant.,Production       ,General - Eng,05-09-1951,MA,Controller,Male,97359,Hispanic,Divorced,Fully Meets,3
21-Jul-21,09-Oct-26,Production Technician I,PL,Active,Part-Time,Zone B,Part-Time,Involuntary,Order protect raise exist by behind dream memory.,Production       ,Shop (Fleet),02-10-1974,MA,Ceo,Female,62480,Other,Divorced,Exceeds,3
01-Jan-19,02-Nov-22,CIO,CCDR,Active,Part-Time,Zone A,Part-Time,Voluntary,Build very significant imagine cell doctor.,IT/IS,Underground,14-09-1951,MA,Helper,Male,2890,Asian,Single,Fully Meets,3
24-Apr-22,10-Apr-22,Production Technician II,CCDR,Future Start,Full-Time,Zone B,Part-Time,Voluntary,Officer thus service.,Production       ,Field Operations,26-11-1980,MA,Project Controls,Male,62692,Asian,Single,Fully Meets,5
01-Sep-20,14-May-27,Principal Data Architect,NEL,Terminated for Cause,Full-Time,Zone A,Full-Time,Involuntary,Nation you bad daughter only huge them.,Production       ,Wireless,19-05-1974,MA,Electrician,Female,90692,Other,Single,Fully Meets,2
15-Oct-19,29-Mar-24,Production Technician II,TNS,Active,Contract,Zone C,Full-Time,Retirement,Reflect off growth mouth have.,Production       ,Finance & Accounting,14-01-1979,MA,Specialist,Female,75631,White,Divorced,Fully Meets,5
31-Jan-23,19-Mar-21,Production Technician I,NEL,Active,Part-Time,Zone A,Full-Time,Retirement,Shoulder build catch commercial.,Production       ,Finance & Accounting,07-06-1993,MA,Engineer,Male,4866,Asian,Single,Exceeds,2
02-Apr-22,01-Jun-21,Production Technician I,SVG,Active,Full-Time,Zone A,Temporary,Involuntary,Attention summer we. Suffer impact imagine we.,Production       ,General - Con,20-03-1958,MA,Supervisor,Female,86268,Asian,Single,Needs Improvement,2
10-Dec-21,15-Feb-20,IT Support,SVG,Leave of Absence,Contract,Zone A,Full-Time,Voluntary,Listen cover book.,Production       ,Fielders,13-12-1971,MA,Engineer,Female,20167,White,Widowed,Fully Meets,2
25-Mar-19,11-Mar-19,Production Technician II,TNS,Active,Contract,Zone C,Full-Time,Retirement,Official minute everyone level thing economic.,Production       ,Sales & Marketing,22-11-1980,MA,Director,Female,97391,White,Divorced,Fully Meets,4
25-Apr-23,26-Feb-21,Production Technician II,BPC,Future Start,Full-Time,Zone B,Part-Time,Voluntary,Listen cover book.,Production       ,Field Operations,07-11-1990,MA,Laborer,Female,63791,White,Divorced,Fully Meets,3
24-Apr-23,01-Nov-21,Production Technician I,NEL,Active,Contract,Zone B,Part-Time,Retirement,Maintain program process present knowledge PM.,Production       ,General - Sga,09-10-1992,MA,Cfo,Male,77157,Hispanic,Divorced,Fully Meets,2
03-Mar-23,03-Aug-28,Enterprise Architect,PYZ,Active,Part-Time,Zone C,Part-Time,Retirement,Southern alone father state.,IT/IS,Project Management - Con,28-11-1983,MA,Vp,Male,90778,White,Married,Fully Meets,5
20-Jan-19,19-Apr-24,Principal Data Architect,TNS,Future Start,Part-Time,Zone C,Temporary,Voluntary,Doctor statement she rule order wind.,IT/IS,Field Operations,08-01-1990,MA,Laborer,Female,36975,Other,Married,Fully Meets,3
17-Oct-22,30-Oct-23,Production Technician I,PYZ,Voluntarily Terminated,Part-Time,Zone B,Temporary,Voluntary,Why development even.,Production       ,Shop (Fleet),26-04-1958,MA,Assistant,Female,64590,Other,Divorced,Fully Meets,3
23-Jul-20,25-Jan-24,Area Sales Manager,PYZ,Active,Contract,Zone A,Full-Time,Involuntary,Prevent entire business ask meeting contain tree.,Sales,Billable Consultants,12-04-1947,MT,Project Coordinator,Male,27373,Black,Single,Fully Meets,2
06-Nov-18,03-Sep-23,Area Sales Manager,CCDR,Active,Full-Time,Zone A,Temporary,Resignation,Partner fact hand bag management woman.,Sales,General - Sga,02-08-1981,AZ,Laborer,Female,44568,Other,Single,Fully Meets,2
12-Nov-22,01-Dec-28,Senior BI Developer,BPC,Active,Contract,Zone A,Part-Time,Unk,Weight join evidence oil father.,Executive Office,People Services,11-08-1943,MA,Driller,Female,40582,Other,Widowed,Fully Meets,3
25-Aug-19,10-Oct-19,Production Technician I,PYZ,Active,Part-Time,Zone A,Temporary,Resignation,Production several care various seek.,Production       ,Project Management - Eng,04-02-1965,MA,Laborer,Female,6770,White,Widowed,Fully Meets,3
01-Apr-22,27-Dec-27,Production Technician II,SVG,Active,Part-Time,Zone C,Temporary,Retirement,Build very significant imagine cell doctor.,Production       ,Engineers,23-03-1993,MA,Engineer,Male,63110,Asian,Single,PIP,4
15-Oct-21,09-Dec-28,Data Analyst ,CCDR,Active,Part-Time,Zone A,Full-Time,Resignation,Firm national vote result.,IT/IS,Technology / It,29-05-1976,MA,Apprentice,Female,1886,Black,Single,Needs Improvement,2
19-Oct-18,12-Sep-19,BI Developer,SVG,Active,Full-Time,Zone B,Temporary,Voluntary,Audience board south. Per state model beat.,Executive Office,General - Con,28-08-1969,MA,Attendant,Female,76795,Asian,Divorced,Fully Meets,1
12-Sep-19,28-Mar-24,IT Manager - DB,BPC,Active,Contract,Zone B,Full-Time,Resignation,Century risk machine pay car region.,IT/IS,Safety,28-04-1975,MA,Program Manager,Female,3197,Hispanic,Single,Fully Meets,3
05-Jun-21,19-Jun-20,Area Sales Manager,TNS,Active,Full-Time,Zone C,Temporary,Resignation,Need either go.,Sales,Splicing,26-08-1968,CO,Apprentice,Male,88022,Asian,Widowed,Fully Meets,2
27-Jan-20,01-Jan-22,Production Technician I,PYZ,Active,Part-Time,Zone C,Full-Time,Resignation,Remember teacher produce use voice.,Production       ,Splicing,28-08-1971,MA,Associate,Female,15649,White,Single,Exceeds,2
06-Jan-21,15-Jan-23,IT Director,CCDR,Active,Part-Time,Zone A,Full-Time,Voluntary,Few success street.,Executive Office,Wireline Construction,16-05-1958,MA,Project Coordinator,Male,40248,Other,Single,Fully Meets,3
07-May-22,26-Mar-21,Shared Services Manager,MSC,Active,Contract,Zone B,Full-Time,Involuntary,Work around personal cover reflect including.,IT/IS,Field Operations,07-03-1998,MA,Associate,Female,20785,White,Widowed,Fully Meets,3
18-Sep-19,02-Apr-20,Production Technician I,EW,Active,Part-Time,Zone B,Temporary,Retirement,Guy present clear.,Production       ,Safety,08-11-1955,MA,Helper,Female,64037,Other,Widowed,Needs Improvement,5
22-Sep-18,19-Mar-25,Production Technician I,WBL,Active,Part-Time,Zone C,Part-Time,Resignation,Learn whatever million.,Production       ,Billable Consultants,22-02-1964,MA,Field Project Manager,Male,50342,Black,Married,Fully Meets,1
22-Apr-23,25-Aug-27,Production Technician I,EW,Active,Full-Time,Zone C,Part-Time,Involuntary,Only movie ability wait according.,Production       ,Wireless,12-09-1943,MA,Apprentice,Female,95448,Black,Single,Fully Meets,3
31-Oct-19,20-Apr-20,Production Technician I,MSC,Leave of Absence,Part-Time,Zone B,Temporary,Involuntary,History follow budget forget instead mind.,Production       ,Field Operations,28-01-1942,MA,Driver,Female,66173,Asian,Widowed,Fully Meets,3
28-Jan-19,19-Jan-22,Production Technician II,MSC,Voluntarily Terminated,Part-Time,Zone C,Full-Time,Retirement,Take most future.,Production       ,General - Con,17-05-1990,MA,Executive,Female,19636,Other,Divorced,Fully Meets,3
02-Dec-21,17-Feb-20,Director of Operations,NEL,Active,Full-Time,Zone C,Part-Time,Involuntary,A parent bit rich. Reflect north sometimes card.,Sales,Field Operations,18-09-1981,MA,Laborer,Female,40887,White,Single,Fully Meets,3
13-Sep-18,01-Jun-24,Area Sales Manager,CCDR,Active,Contract,Zone A,Full-Time,Resignation,Law difference five away.,Sales,General - Sga,07-04-1951,CA,Support,Female,29311,White,Divorced,Fully Meets,3
09-Aug-21,16-Apr-22,Production Technician I,CCDR,Voluntarily Terminated,Part-Time,Zone A,Temporary,Resignation,Sound there everybody anything.,Production       ,Field Operations,09-04-1984,MA,Director,Male,16880,Hispanic,Single,Exceeds,2
23-Jul-19,28-Jan-20,Production Technician II,PYZ,Voluntarily Terminated,Contract,Zone A,Part-Time,Voluntary,Program personal mean life source reach.,Production       ,Wireline Construction,26-04-1997,MA,Driller,Male,28102,Other,Divorced,Fully Meets,5
23-Dec-20,18-Nov-24,Production Technician II,TNS,Active,Full-Time,Zone C,Temporary,Resignation,Sense station management factor.,Production       ,Field Operations,21-02-1955,MA,Laborer,Female,57055,Black,Divorced,Fully Meets,3
21-Jan-20,12-Aug-21,Production Manager,WBL,Active,Part-Time,Zone A,Part-Time,Involuntary,Little imagine career he produce program.,IT/IS,Aerial,29-04-1987,MA,Accounting,Male,16649,White,Single,Fully Meets,5
12-Nov-22,17-Feb-22,Sr. Accountant,SVG,Active,Contract,Zone C,Part-Time,Voluntary,Prevent entire business ask meeting contain tree.,IT/IS,Field Operations,09-09-1992,MA,Laborer,Female,5626,Black,Divorced,Fully Meets,5
16-Sep-22,01-Feb-28,Production Technician I,PYZ,Active,Contract,Zone C,Temporary,Involuntary,Win late significant throughout add.,Production       ,Field Operations,18-10-1964,MA,Engineer,Female,17488,Black,Widowed,Fully Meets,3
14-Oct-18,18-Jan-24,Production Technician I,EW,Active,Part-Time,Zone C,Part-Time,Retirement,Site least knowledge right every.,Production       ,Aerial,26-12-1969,MA,Laborer,Male,58368,Black,Married,Fully Meets,2
14-Feb-21,17-Oct-28,Production Technician II,BPC,Terminated for Cause,Part-Time,Zone C,Temporary,Retirement,Work around personal cover reflect including.,Production       ,Executive,21-10-1970,MA,Attendant,Female,82691,White,Married,Fully Meets,4
14-Jan-20,07-Apr-19,Production Manager,CCDR,Active,Part-Time,Zone A,Part-Time,Voluntary,Top whether good.,IT/IS,Catv,01-06-1950,MA,Welder,Male,10579,Asian,Single,Fully Meets,3
08-Sep-21,05-May-29,Production Technician II,BPC,Leave of Absence,Contract,Zone B,Temporary,Resignation,Politics suggest company trade treat region.,Production       ,Finance & Accounting,17-10-1973,MA,Specialist,Female,97371,Asian,Widowed,Fully Meets,1
07-Jun-23,27-Feb-22,Production Technician II,PYZ,Active,Part-Time,Zone A,Full-Time,Involuntary,Decide statement future ball.,Production       ,General - Sga,04-06-1980,MA,Model Assistant,Female,37198,Hispanic,Divorced,Exceeds,1
19-Jan-21,09-May-27,Production Technician I,WBL,Active,Full-Time,Zone B,Temporary,Resignation,Room that ahead sound work short right.,Production       ,Yard (Material Handling),02-11-1953,MA,Planner,Female,37046,White,Married,Fully Meets,3
14-Feb-21,11-Mar-23,Network Engineer,PL,Active,Contract,Zone C,Part-Time,Involuntary,Soon walk early star.,Production       ,Wireline Construction,08-04-1966,MA,Labor,Female,13282,Hispanic,Widowed,Fully Meets,5
19-Aug-19,05-Feb-20,Production Technician I,MSC,Active,Contract,Zone C,Temporary,Retirement,Visit you let sort amount visit.,Production       ,Project Management - Con,18-02-1997,MA,Model Assistant,Female,25518,Black,Married,Fully Meets,3
28-Mar-19,10-Mar-26,Production Technician I,MSC,Terminated for Cause,Part-Time,Zone B,Temporary,Retirement,Politics suggest company trade treat region.,Production       ,Field Operations,25-05-1991,MA,Administrator,Male,42927,Other,Divorced,Fully Meets,3
11-Apr-22,08-Sep-20,Production Technician II,WBL,Leave of Absence,Full-Time,Zone B,Part-Time,Involuntary,Past agreement focus back.,Production       ,Field Operations,28-11-1980,MA,Project Controls,Male,61349,Asian,Single,Fully Meets,5
09-Oct-19,07-Dec-22,Area Sales Manager,PYZ,Active,Full-Time,Zone B,Temporary,Resignation,Chance ever laugh sign indicate.,Sales,General - Eng,17-02-1970,MA,Coordinator,Male,7198,Asian,Married,Fully Meets,4
04-Dec-22,06-Aug-22,Senior BI Developer,EW,Active,Contract,Zone B,Full-Time,Retirement,Prevent involve hundred price.,IT/IS,People Services,06-07-1962,OR,Laborer,Female,55750,Hispanic,Single,Fully Meets,3
10-Apr-21,10-Jul-26,IT Manager - Infra,PL,Active,Contract,Zone C,Part-Time,Resignation,Soon walk early star.,Production       ,Wireline Construction,26-05-1972,MA,Executive Assistant,Female,18096,Hispanic,Widowed,Fully Meets,1
25-May-23,16-May-22,Production Technician II,PL,Terminated for Cause,Part-Time,Zone A,Full-Time,Involuntary,Offer kitchen foreign role.,Production       ,Field Operations,17-05-1978,MA,Locator,Female,36070,Black,Married,Fully Meets,3
25-Apr-23,11-Feb-20,Production Technician I,NEL,Active,Contract,Zone B,Part-Time,Voluntary,Gas also suffer air support size make.,Production       ,Isp,20-01-1999,MA,Project Manager,Male,94775,Hispanic,Divorced,Fully Meets,2
03-Mar-22,24-Feb-20,Production Technician I,PYZ,Active,Contract,Zone C,Part-Time,Involuntary,Off part culture choose strong public.,Production       ,Field Operations,04-07-1979,MA,Manager,Female,10082,Asian,Single,Fully Meets,3
15-Feb-20,13-Oct-20,Production Technician I,NEL,Active,Contract,Zone B,Temporary,Retirement,More next spring around television million media.,Production       ,Finance & Accounting,24-09-1988,MA,Ceo,Female,84510,Hispanic,Divorced,Exceeds,3
31-Jul-22,22-Oct-29,Principal Data Architect,MSC,Future Start,Full-Time,Zone B,Part-Time,Resignation,Pretty he matter south treat benefit.,Production       ,Wireline Construction,03-01-1971,MA,Driller,Female,19603,Black,Married,Fully Meets,4
25-Feb-20,13-Dec-23,Director of Sales,SVG,Active,Full-Time,Zone C,Temporary,Voluntary,Soon glass reveal Republican could.,IT/IS,Splicing,25-08-1946,MA,Laborer,Male,58863,White,Married,Fully Meets,4
05-Aug-23,04-Nov-27,Production Technician II,SVG,Active,Full-Time,Zone A,Full-Time,Resignation,Talk into between trip final.,Production       ,Project Management - Con,08-05-1992,MA,Field Project Manager,Female,49721,Other,Divorced,Fully Meets,3
13-Jan-23,26-Feb-21,BI Developer,BPC,Active,Full-Time,Zone B,Temporary,Resignation,Despite expect democratic then affect toward.,Sales,General - Eng,18-09-1999,MA,Ceo,Female,9522,Other,Single,Fully Meets,5
10-Aug-22,25-Oct-20,Production Technician I,TNS,Active,Part-Time,Zone B,Temporary,Retirement,From continue left eye.,Production       ,General - Sga,13-06-1992,MA,Manager,Male,77535,White,Single,PIP,4
31-May-20,04-Sep-19,Production Technician I,MSC,Active,Part-Time,Zone C,Temporary,Resignation,Why development even.,Production       ,General - Eng,22-02-1991,MA,Shop,Female,60682,Other,Married,Fully Meets,3
06-Dec-18,30-Apr-25,Production Technician I,MSC,Voluntarily Terminated,Contract,Zone C,Part-Time,Involuntary,North next animal laugh threat no.,Production       ,Engineers,16-07-1947,MA,Cfo,Male,56069,White,Divorced,Fully Meets,2
12-Apr-21,13-May-19,Director of Sales,NEL,Active,Contract,Zone A,Full-Time,Involuntary,Information step name three choose.,IT/IS,Isp,25-12-1992,MA,Cfo,Female,74354,Hispanic,Married,Fully Meets,3
30-Dec-20,26-May-20,Production Technician II,MSC,Active,Full-Time,Zone A,Full-Time,Voluntary,A discussion quite mission.,Production       ,General - Con,17-02-1991,MA,Safety,Female,89106,Black,Widowed,Needs Improvement,2
04-Sep-18,25-Nov-27,Database Administrator,WBL,Active,Part-Time,Zone B,Temporary,Retirement,Area card test push day effect.,Admin Offices,Underground,05-03-1955,MA,Business Development,Male,59551,Black,Single,Fully Meets,3
07-Jul-21,24-Jul-27,Area Sales Manager,MSC,Active,Contract,Zone C,Part-Time,Voluntary,Why development even.,IT/IS,Technology / It,27-06-1985,MA,Lineman,Male,60329,Black,Divorced,Fully Meets,3
15-Apr-23,05-Aug-26,Production Technician I,PL,Active,Full-Time,Zone B,Full-Time,Involuntary,Participant create society method tough team.,Production       ,People Services,14-07-1958,MA,Director,Female,58632,Other,Widowed,Fully Meets,3
25-Oct-21,27-Jul-26,Production Technician I,MSC,Future Start,Part-Time,Zone B,Full-Time,Resignation,Pattern son memory power citizen personal unit.,Production       ,Shop (Fleet),01-04-1952,MA,Administrator,Male,79305,Asian,Single,Fully Meets,5
20-Feb-23,03-Jul-23,Director of Operations,EW,Terminated for Cause,Contract,Zone C,Full-Time,Retirement,Remember teacher produce use voice.,Production       ,Sales & Marketing,25-11-1961,MA,Shop,Female,30583,Asian,Married,Fully Meets,2
21-Jul-20,09-Feb-25,Production Technician II,TNS,Active,Part-Time,Zone B,Temporary,Voluntary,Central baby moment benefit do.,Production       ,Wireless,15-08-1977,MA,Supervisor,Female,18488,Asian,Married,Fully Meets,3
14-Nov-19,07-Feb-19,Production Technician I,PYZ,Active,Full-Time,Zone A,Full-Time,Voluntary,Once type here really.,Production       ,Field Operations,06-01-1978,MA,Laborer,Female,3419,Asian,Divorced,Fully Meets,5
04-Nov-18,24-Feb-20,Production Technician II,CCDR,Voluntarily Terminated,Part-Time,Zone B,Part-Time,Involuntary,True system strong often experience.,Production       ,Field Operations,27-02-1984,MA,Billing,Male,22772,Other,Widowed,Fully Meets,3
23-Dec-18,22-Sep-19,Sales Manager,SVG,Terminated for Cause,Contract,Zone A,Full-Time,Resignation,Sort blue time total.,IT/IS,Aerial,27-06-1967,MA,Laborer,Female,43753,Other,Married,PIP,1
27-Mar-22,29-Mar-29,Production Technician II,PL,Future Start,Full-Time,Zone A,Full-Time,Resignation,Practice school PM her help open tough.,Production       ,General - Con,20-11-1961,MA,Technician,Male,81191,Other,Divorced,Fully Meets,3
17-Oct-22,18-Nov-25,Administrative Assistant,PYZ,Terminated for Cause,Part-Time,Zone A,Full-Time,Involuntary,Else enjoy include expect.,Production       ,Technology / It,16-05-1969,MA,Supervisor,Female,52095,White,Single,Fully Meets,1
30-Dec-18,04-Jul-29,Production Technician I,MSC,Terminated for Cause,Contract,Zone C,Part-Time,Involuntary,Reality line toward follow well able.,Production       ,Engineers,10-10-1953,MA,Executive Assistant,Male,65310,White,Divorced,Fully Meets,2
06-Nov-18,28-Oct-20,Production Technician I,MSC,Terminated for Cause,Contract,Zone B,Part-Time,Retirement,Fast light home sign build not.,Production       ,Catv,08-03-1951,MA,Laborer,Male,76240,Other,Single,PIP,1
04-Sep-20,19-Jul-23,Area Sales Manager,PL,Active,Part-Time,Zone A,Full-Time,Retirement,Appear reality artist there understand.,Sales,Project Management - Con,28-01-1957,PA,Runner,Female,50409,White,Widowed,Fully Meets,5
08-Aug-21,22-Sep-25,Production Technician II,TNS,Active,Part-Time,Zone A,Full-Time,Retirement,Night office challenge several many.,Production       ,Shop (Fleet),11-03-1950,MA,Attendant,Female,66303,Black,Widowed,Fully Meets,3
26-May-23,10-Aug-19,Production Technician I,MSC,Active,Full-Time,Zone C,Part-Time,Involuntary,This focus strategy behind among this.,Production       ,Engineers,24-05-1984,MA,Billing,Male,24314,Asian,Single,Fully Meets,3
04-Jan-19,07-Oct-26,Production Technician I,CCDR,Active,Full-Time,Zone A,Full-Time,Retirement,Cultural responsibility whose wear.,Production       ,Field Operations,17-04-1955,MA,Laborer,Male,21631,Hispanic,Single,Fully Meets,3
13-Oct-22,13-Jun-22,BI Director,PYZ,Leave of Absence,Part-Time,Zone A,Full-Time,Involuntary,Else enjoy include expect.,Production       ,Technology / It,02-10-1963,MA,Vp,Female,67496,White,Single,Fully Meets,5
28-Aug-20,27-Jan-29,Senior BI Developer,PL,Active,Part-Time,Zone A,Part-Time,Retirement,Why development even.,IT/IS,Field Operations,10-11-1972,MA,Laborer,Female,67246,Asian,Divorced,Fully Meets,2
11-Jul-20,03-Apr-25,Production Technician I,PL,Terminated for Cause,Full-Time,Zone C,Full-Time,Voluntary,Everything discover represent full.,Production       ,Executive,15-02-1992,MA,Director,Female,69426,Black,Married,Fully Meets,1
03-Oct-18,28-Feb-23,Production Technician II,TNS,Active,Contract,Zone C,Full-Time,Retirement,Necessary account office.,Production       ,Billable Consultants,27-09-1988,MA,Services,Female,74349,White,Divorced,Fully Meets,4
18-Aug-19,10-Jan-29,Production Technician II,PYZ,Future Start,Full-Time,Zone B,Full-Time,Involuntary,Inside week also so.,Production       ,General - Con,23-04-1950,MA,Shop,Female,60255,Black,Single,Fully Meets,3
25-Jul-23,09-Nov-25,Production Technician II,SVG,Active,Full-Time,Zone A,Full-Time,Involuntary,Stay word behavior financial.,Production       ,Project Management - Con,09-07-1989,MA,Support,Female,58821,Other,Divorced,Fully Meets,3
29-Aug-18,31-Jul-20,CIO,EW,Active,Part-Time,Zone A,Temporary,Involuntary,Amount particular answer show.,Production       ,Field Operations,02-07-1952,MA,Laborer,Female,20913,Asian,Married,Fully Meets,2
15-Apr-19,05-Jul-23,CIO,PL,Leave of Absence,Full-Time,Zone A,Temporary,Involuntary,Brother election movie born enough.,IT/IS,Field Operations,18-06-1994,MA,Driver,Female,37542,Asian,Divorced,Fully Meets,4
31-Aug-20,09-May-29,Production Technician I,WBL,Future Start,Part-Time,Zone C,Full-Time,Voluntary,Fact order police ability another pretty add.,Production       ,Field Operations,10-10-1977,MA,Laborer,Male,23231,Black,Widowed,Fully Meets,3
12-Jun-19,07-Apr-26,Production Technician I,WBL,Future Start,Contract,Zone A,Full-Time,Voluntary,Food few generation seek outside.,Production       ,Executive,18-12-1990,MA,Executive Assistant,Female,77190,White,Married,Needs Improvement,5
13-Jun-21,03-Nov-23,Production Technician II,CCDR,Future Start,Full-Time,Zone A,Part-Time,Involuntary,Partner decide help quite whether market.,Production       ,Field Operations,09-08-1964,MA,Welder,Female,58803,Black,Divorced,Fully Meets,3
17-Sep-19,11-Feb-24,Production Technician II,TNS,Active,Part-Time,Zone A,Full-Time,Voluntary,Dinner level write land effort.,Production       ,General - Eng,09-12-1943,MA,Executive,Male,43793,White,Widowed,Fully Meets,3
03-Oct-20,15-Jul-26,Area Sales Manager,BPC,Active,Contract,Zone C,Temporary,Resignation,Cause military a sense. Doctor property may.,Sales,Field Operations,05-08-1998,AL,Administration,Male,10460,Other,Single,Needs Improvement,4
02-Apr-22,02-Dec-28,Production Technician II,SVG,Active,Part-Time,Zone C,Temporary,Retirement,Opportunity upon apply and world.,Production       ,Engineers,14-04-2000,MA,Clerk,Male,53366,Asian,Single,PIP,2
01-Aug-21,23-Jan-20,Production Technician I,NEL,Active,Full-Time,Zone C,Part-Time,Resignation,Center west table security.,Production       ,Field Operations,17-03-1951,MA,Business Development,Female,90361,Asian,Married,Fully Meets,3
13-Feb-19,06-Nov-25,Production Technician I,MSC,Leave of Absence,Contract,Zone C,Part-Time,Retirement,Take most future.,Production       ,Engineers,13-05-1946,MA,Executive,Male,46550,White,Divorced,Fully Meets,2
27-Jun-20,17-Aug-19,Production Technician II,WBL,Leave of Absence,Contract,Zone B,Part-Time,Resignation,About allow court us.,Production       ,Executive,19-06-1977,MA,Estimator,Male,2761,Black,Divorced,Fully Meets,3
23-Oct-19,18-Feb-25,Shared Services Manager,CCDR,Active,Part-Time,Zone A,Full-Time,Involuntary,Will raise compare realize evidence most product.,Admin Offices,Billable Consultants,26-07-1952,MA,Controller,Female,12626,Asian,Single,Fully Meets,3
13-Nov-19,29-Jul-21,Production Technician I,WBL,Terminated for Cause,Contract,Zone A,Full-Time,Involuntary,Food few generation seek outside.,Production       ,Underground,02-08-1998,MA,Estimator,Female,85349,White,Married,PIP,2
04-Oct-20,30-Aug-25,Data Analyst,PYZ,Active,Contract,Zone C,Temporary,Voluntary,Keep many else little argue full the.,Software Engineering,Aerial,28-02-1990,MA,Vp,Female,22007,Asian,Divorced,Fully Meets,3
10-May-20,22-Feb-25,Production Technician I,BPC,Active,Part-Time,Zone A,Full-Time,Resignation,Less boy reflect quickly health respond million.,Production       ,Field Operations,14-04-1959,MA,Laborer,Female,20057,Black,Widowed,Fully Meets,3
21-Oct-22,08-Nov-21,BI Developer,SVG,Active,Full-Time,Zone C,Temporary,Voluntary,Health section option interview.,IT/IS,Splicing,18-04-1944,MA,Laborer,Male,49139,White,Married,Fully Meets,4
29-Mar-19,03-Dec-19,Production Technician I,TNS,Active,Contract,Zone A,Full-Time,Voluntary,Lot as card response consumer.,Production       ,Wireline Construction,17-08-1986,MA,Foreman,Female,21467,Asian,Widowed,Needs Improvement,5
13-Jun-21,12-Jan-23,Production Technician II,WBL,Active,Contract,Zone A,Temporary,Voluntary,Here relationship possible purpose instead.,Production       ,Technology / It,14-10-1965,MA,Clerk,Female,19074,Hispanic,Divorced,Fully Meets,5
30-Jul-21,04-Apr-27,IT Director,WBL,Active,Part-Time,Zone B,Full-Time,Resignation,Speak high idea reach both. Many policy rock six.,Production       ,Field Operations,04-01-1986,MA,Attendant,Male,69848,Other,Divorced,Fully Meets,4
20-Mar-21,03-Oct-28,Database Administrator,NEL,Terminated for Cause,Full-Time,Zone A,Full-Time,Resignation,Nation you bad daughter only huge them.,Production       ,Engineers,01-06-1984,MA,Electrician,Female,93937,Other,Single,Fully Meets,2
09-Oct-21,22-Apr-19,Production Technician I,PYZ,Active,Full-Time,Zone C,Temporary,Resignation,Week degree party available measure.,Production       ,General - Con,26-01-1999,MA,Executive,Female,21011,Hispanic,Married,Fully Meets,3
10-Mar-20,07-Mar-20,Production Technician I,NEL,Active,Full-Time,Zone C,Full-Time,Retirement,Process firm life from final medical.,Production       ,Project Management - Con,22-07-1977,MA,Administration,Male,93963,Black,Married,Fully Meets,5
25-Oct-21,01-Feb-20,Production Technician I,CCDR,Active,Contract,Zone B,Temporary,Voluntary,Week degree party available measure.,Production       ,Project Management - Con,12-11-1954,MA,Administrator,Male,30707,Asian,Divorced,Fully Meets,5
26-Apr-19,06-Aug-28,Production Technician I,WBL,Active,Contract,Zone A,Part-Time,Involuntary,Size shake far example.,Production       ,Field Operations,19-10-1945,MA,Mechanic,Male,2793,Other,Married,Fully Meets,3
01-Aug-21,27-Jun-27,Production Technician I,EW,Active,Contract,Zone C,Part-Time,Resignation,Glass minute shake food determine deep.,Production       ,Aerial,16-11-1997,MA,Ceo,Female,76757,White,Divorced,Fully Meets,5
15-Sep-21,06-Jul-19,Sales Manager,CCDR,Active,Part-Time,Zone C,Part-Time,Resignation,Expect maintain knowledge thus.,IT/IS,Yard (Material Handling),07-04-1951,MA,Tower Hand,Female,51401,Other,Married,Exceeds,3
27-May-21,16-Dec-21,Principal Data Architect,PL,Active,Part-Time,Zone C,Temporary,Involuntary,Catch issue water night recognize mention.,Production       ,Field Operations,08-07-1996,MA,Laborer,Male,64472,Black,Widowed,Fully Meets,5
31-Dec-20,09-Mar-26,Production Technician I,WBL,Active,Full-Time,Zone B,Temporary,Resignation,Chance ever laugh sign indicate.,Production       ,Yard (Material Handling),16-04-1946,MA,Groundman,Female,32546,White,Married,Fully Meets,3
30-Jul-19,21-Apr-23,Shared Services Manager,CCDR,Active,Part-Time,Zone A,Full-Time,Involuntary,Finally build do analysis beyond heavy.,Executive Office,Splicing,16-07-1956,MA,Controller,Female,14338,Asian,Single,Fully Meets,3
23-Jan-19,24-Oct-21,Production Technician I,BPC,Active,Part-Time,Zone C,Full-Time,Retirement,Country as dream project office.,Production       ,Shop (Fleet),03-09-1987,MA,Business Development,Female,84496,Other,Single,Exceeds,5
02-Dec-19,04-May-20,CIO,NEL,Leave of Absence,Full-Time,Zone B,Part-Time,Retirement,Factor strategy defense citizen.,Production       ,General - Con,28-11-1949,MA,Engineer,Female,93891,Asian,Divorced,Fully Meets,2
10-Sep-18,29-Apr-23,Production Technician I,SVG,Future Start,Contract,Zone B,Full-Time,Voluntary,Matter man skill produce poor.,Production       ,Wireline Construction,13-01-1945,MA,Support,Female,26394,Asian,Divorced,Exceeds,5
01-Mar-23,24-Apr-27,Production Technician I,BPC,Active,Full-Time,Zone A,Full-Time,Resignation,North rise until plan join.,Production       ,Field Operations,30-01-1975,MA,Laborer,Female,2390,Asian,Divorced,Fully Meets,1
15-Jun-19,17-Jan-23,IT Manager - DB,BPC,Active,Contract,Zone B,Full-Time,Resignation,Technology eight stage hold chance after police.,IT/IS,Technology / It,23-02-1979,MA,Accounting,Female,5788,Hispanic,Single,Fully Meets,3
11-Apr-21,27-Jul-28,Production Technician I,WBL,Active,Full-Time,Zone A,Temporary,Resignation,According term along ago leave.,Production       ,Executive,10-02-1949,MA,Specialist,Male,10416,Asian,Married,Fully Meets,4
19-Mar-21,31-Jan-20,Production Technician I,MSC,Active,Full-Time,Zone B,Temporary,Retirement,Foreign friend policy green.,Production       ,General - Con,05-02-1983,MA,Ceo,Female,12316,Hispanic,Widowed,Fully Meets,5
30-Jun-19,28-Sep-21,Production Technician I,PL,Terminated for Cause,Part-Time,Zone A,Part-Time,Retirement,Decide statement future ball.,Production       ,Field Operations,29-11-1960,MA,Laborer,Male,56603,White,Married,PIP,2
19-Oct-18,09-Jul-22,Production Technician II,EW,Voluntarily Terminated,Part-Time,Zone A,Part-Time,Involuntary,Teach human market real upon.,Production       ,General - Con,01-05-1954,MA,Ceo,Female,4079,Black,Divorced,Needs Improvement,3
03-Jun-22,08-May-24,Sr. Network Engineer,SVG,Active,Contract,Zone C,Temporary,Retirement,Design laugh top music policy.,Production       ,Safety,09-10-2000,MA,Specialist,Male,29112,Hispanic,Widowed,Fully Meets,5
02-Jun-23,25-Mar-25,Production Technician I,MSC,Active,Full-Time,Zone C,Part-Time,Voluntary,Size manager receive decide attention play plant.,Production       ,Engineers,30-03-1982,MA,Operator,Male,33557,Asian,Single,Fully Meets,3
06-Nov-22,02-May-27,Senior BI Developer,BPC,Active,Contract,Zone A,Part-Time,Resignation,Ball total direction school.,Admin Offices,Shop (Fleet),05-10-1944,MA,Project Controls,Female,28438,Other,Widowed,Fully Meets,3
19-Sep-22,21-Jan-28,Production Technician I,TNS,Active,Contract,Zone A,Full-Time,Voluntary,Remember teacher produce use voice.,Production       ,People Services,25-08-1992,MA,Program Manager,Female,76523,Asian,Married,Fully Meets,1
13-May-23,27-Apr-24,Production Technician II,CCDR,Terminated for Cause,Part-Time,Zone A,Temporary,Retirement,Learn staff above address.,Production       ,Executive,15-05-1987,MA,Field Project Manager,Male,57403,Other,Divorced,Fully Meets,5
02-Jun-21,26-Jun-19,Production Technician I,EW,Active,Contract,Zone A,Part-Time,Retirement,Rather which writer family.,Production       ,Sales & Marketing,06-07-1948,MA,Helper,Female,47970,Asian,Married,Needs Improvement,2
21-Jan-23,25-Sep-27,Production Technician I,TNS,Future Start,Contract,Zone C,Part-Time,Involuntary,Dinner level write land effort.,Production       ,Sales & Marketing,26-07-2000,MA,Executive Assistant,Female,83279,Asian,Divorced,Fully Meets,5
10-Mar-20,26-Sep-19,Production Technician I,NEL,Active,Full-Time,Zone C,Full-Time,Voluntary,Medical message face development moment because.,Production       ,Wireless,27-05-1984,MA,Safety,Male,87574,Black,Married,Fully Meets,1
17-Jun-21,30-Mar-26,Production Technician II,PL,Active,Full-Time,Zone B,Full-Time,Involuntary,Official minute everyone level thing economic.,Production       ,Engineers,03-09-1992,MA,Shop,Female,16266,Asian,Single,Exceeds,4
26-Sep-21,08-Sep-21,Production Technician I,CCDR,Active,Part-Time,Zone A,Part-Time,Voluntary,Information race relate rich poor already make.,Production       ,Project Management - Eng,11-01-1974,MA,Director,Male,47908,White,Divorced,Fully Meets,2
11-Sep-20,29-Jan-26,Production Technician I,CCDR,Future Start,Contract,Zone C,Part-Time,Retirement,Prevent entire business ask meeting contain tree.,Production       ,Project Management - Con,11-12-1956,MA,Ceo,Male,7144,Asian,Widowed,Fully Meets,2
17-Oct-22,07-Jan-26,BI Developer,TNS,Active,Full-Time,Zone A,Temporary,Involuntary,Word once speech mind.,Admin Offices,Billable Consultants,20-03-1988,MA,Runner,Male,7229,White,Single,PIP,1
27-Jul-20,02-Dec-20,CIO,MSC,Active,Part-Time,Zone A,Part-Time,Retirement,Six agreement take. Newspaper back land health.,Production       ,Project Management - Con,28-02-1967,MA,Project Coordinator,Female,11876,Asian,Divorced,Fully Meets,3
21-Jun-20,05-Apr-29,Production Technician I,BPC,Leave of Absence,Part-Time,Zone C,Part-Time,Retirement,Onto site natural situation wear.,Production       ,Field Operations,12-07-1954,MA,Laborer,Female,84323,Black,Widowed,PIP,5
19-Apr-23,31-Mar-23,Production Technician I,NEL,Active,Contract,Zone B,Part-Time,Voluntary,Investment radio bring who. Big move rise return.,Production       ,General - Eng,26-02-1989,MA,Lineman,Male,90377,Hispanic,Divorced,Fully Meets,2
15-Sep-18,29-Oct-19,IT Manager - Infra,PL,Terminated for Cause,Full-Time,Zone A,Temporary,Involuntary,Brother election movie born enough.,IT/IS,Field Operations,28-08-1997,MA,Attendant,Female,29530,Asian,Divorced,Fully Meets,1
29-Oct-19,30-Aug-19,Area Sales Manager,CCDR,Active,Contract,Zone A,Full-Time,Resignation,Listen cover book.,Sales,Aerial,10-09-1952,WA,Model Assistant,Female,42859,White,Divorced,Fully Meets,3
28-Dec-19,07-Oct-21,Production Technician I,NEL,Active,Full-Time,Zone B,Temporary,Voluntary,Who few sport business various.,Production       ,Safety,13-09-1956,MA,Director,Female,44402,Black,Single,Fully Meets,3
31-Jan-19,19-Sep-28,Enterprise Architect,MSC,Active,Full-Time,Zone B,Full-Time,Involuntary,Candidate fact event level several onto store.,IT/IS,General - Con,11-12-2000,MA,Assistant,Male,67480,Hispanic,Widowed,Fully Meets,3
02-Jun-21,08-Sep-28,Production Technician I,EW,Active,Contract,Zone A,Part-Time,Involuntary,Little imagine career he produce program.,Production       ,Safety,31-12-1949,MA,Accounting,Female,67825,Asian,Married,PIP,4
30-May-21,23-May-20,IT Director,TNS,Active,Contract,Zone A,Part-Time,Retirement,Television represent skill police.,IT/IS,Finance & Accounting,10-04-1951,MA,Project Coordinator,Male,4146,Asian,Single,Exceeds,3
27-May-21,13-Nov-24,Sr. DBA,CCDR,Active,Part-Time,Zone A,Full-Time,Resignation,Firm national vote result.,IT/IS,Wireline Construction,04-03-1975,MA,Project Coordinator,Female,1607,Black,Single,Needs Improvement,1
23-May-19,10-Apr-23,Production Technician II,SVG,Future Start,Full-Time,Zone C,Temporary,Voluntary,Upon writer black.,Production       ,Aerial,07-07-1999,MA,Apprentice,Female,16336,White,Divorced,Fully Meets,4
19-Mar-19,14-Jun-25,Production Technician I,EW,Active,Part-Time,Zone B,Temporary,Involuntary,Guy present clear.,Production       ,Splicing,05-05-1947,MA,Groundman,Female,66388,Other,Widowed,Needs Improvement,3
31-Dec-21,17-May-19,Production Technician I,CCDR,Active,Full-Time,Zone B,Temporary,Retirement,Summer personal bag.,Production       ,Catv,21-02-1953,MA,Driller,Female,60468,Hispanic,Divorced,Fully Meets,3
06-Jun-21,09-Jan-27,Production Technician II,SVG,Active,Contract,Zone C,Full-Time,Voluntary,Process firm life from final medical.,Production       ,Field Operations,27-02-1954,MA,Laborer,Female,25350,Asian,Divorced,Exceeds,4
01-Sep-19,22-Aug-26,Database Administrator,NEL,Future Start,Part-Time,Zone A,Part-Time,Resignation,Choose system picture one party decision.,IT/IS,Project Management - Eng,24-02-1969,MA,Administrator,Male,20079,Black,Single,Fully Meets,3
13-Nov-18,31-Aug-21,Production Technician II,TNS,Active,Full-Time,Zone C,Temporary,Involuntary,Why development even.,Production       ,Field Operations,01-03-1944,MA,Laborer,Female,58449,Black,Divorced,Fully Meets,3
30-Oct-20,11-May-19,Director of Sales,CCDR,Active,Full-Time,Zone C,Temporary,Retirement,Least if civil partner court number song.,Production       ,People Services,07-03-1984,MA,Locator,Female,20091,Hispanic,Widowed,Fully Meets,2
15-Oct-18,12-Oct-23,Data Analyst ,BPC,Active,Full-Time,Zone A,Temporary,Voluntary,Here relationship possible purpose instead.,Sales,General - Eng,10-01-1982,MA,Business Development,Male,11352,Other,Widowed,Fully Meets,3
26-Apr-19,22-Nov-28,CIO,CCDR,Active,Part-Time,Zone A,Part-Time,Voluntary,Shake war over young like anything order.,IT/IS,Yard (Material Handling),29-09-1941,MA,Field Project Manager,Male,9163,Asian,Single,Fully Meets,3
15-May-23,20-Oct-19,Production Technician I,EW,Active,Contract,Zone B,Temporary,Retirement,Trouble hot lead article guess travel.,Production       ,Catv,28-12-1969,MA,Associate,Female,42221,White,Widowed,Needs Improvement,5
01-Jul-21,04-Oct-23,Production Technician I,EW,Active,Contract,Zone B,Part-Time,Involuntary,Know blue difficult let black choice require.,Production       ,Isp,07-01-1966,MA,Laborer,Male,61238,Hispanic,Widowed,Fully Meets,5
22-Jun-20,04-Oct-19,Production Technician I,WBL,Active,Contract,Zone A,Temporary,Resignation,Size shake far example.,Production       ,Technology / It,28-11-1950,MA,Mechanic,Male,56654,Other,Divorced,Fully Meets,1
30-Nov-20,15-Nov-19,Production Technician I,WBL,Active,Contract,Zone A,Temporary,Retirement,Law difference five away.,Production       ,General - Con,05-05-1942,MA,Clerk,Male,64747,Other,Divorced,Fully Meets,4
13-Jul-23,28-Jun-28,Production Technician I,PL,Future Start,Contract,Zone B,Part-Time,Involuntary,Soon glass reveal Republican could.,Production       ,Wireless,27-01-1996,MA,Foreman,Female,41767,White,Divorced,Fully Meets,3
11-Nov-20,02-Apr-21,Area Sales Manager,TNS,Active,Full-Time,Zone C,Temporary,Involuntary,Crime west best industry right alone begin.,Sales,General - Con,20-07-1958,ID,Administrator,Female,15112,Black,Divorced,Fully Meets,4
11-Aug-22,17-Apr-28,Production Technician I,BPC,Active,Full-Time,Zone B,Part-Time,Voluntary,Ok glass media learn grow.,Production       ,Underground,13-08-1942,MA,Apprentice,Female,41527,Black,Married,PIP,4
12-Feb-20,21-Nov-29,Area Sales Manager,PL,Terminated for Cause,Part-Time,Zone A,Part-Time,Retirement,Worker medical commercial participant tough leg.,Sales,General - Con,09-10-1960,CA,Planner,Male,2922,Other,Widowed,Fully Meets,4
16-Apr-21,13-Sep-19,Production Technician I,TNS,Active,Full-Time,Zone A,Part-Time,Involuntary,Technology eight stage hold chance after police.,Production       ,Field Operations,02-01-1971,MA,Laborer,Male,63580,Other,Married,Fully Meets,5
20-Apr-22,18-Jan-24,Production Technician I,PL,Active,Contract,Zone B,Part-Time,Retirement,Administration away choose.,Production       ,General - Con,23-06-1945,MA,Apprentice,Male,12663,White,Married,Fully Meets,5
03-Apr-22,11-Apr-22,Production Technician II,SVG,Active,Part-Time,Zone C,Temporary,Involuntary,Control store point.,Production       ,Engineers,08-07-1996,MA,Assistant,Male,73384,Asian,Single,Exceeds,2
27-Feb-23,23-Mar-24,Production Technician I,PYZ,Leave of Absence,Part-Time,Zone A,Full-Time,Involuntary,Light free he rest thought.,Production       ,Aerial,05-06-1978,MA,Field Project Manager,Female,14978,Asian,Widowed,Fully Meets,3
22-Sep-20,25-Feb-23,Production Technician I,CCDR,Voluntarily Terminated,Contract,Zone C,Part-Time,Resignation,Unit begin commercial wish financial care.,Production       ,Wireless,24-08-1964,MA,Project Coordinator,Male,6105,Asian,Widowed,Fully Meets,2
22-Sep-22,15-Feb-20,CIO,CCDR,Active,Contract,Zone C,Part-Time,Resignation,Anyone include world claim up.,Sales,Sales & Marketing,31-12-1983,MA,Technician,Female,88345,Asian,Married,Fully Meets,2
06-Apr-22,16-Apr-21,Software Engineer,MSC,Terminated for Cause,Part-Time,Zone A,Part-Time,Retirement,Risk management money field.,Software Engineering,Field Operations,19-01-1978,MA,Technician,Male,54047,White,Divorced,Fully Meets,3
25-May-23,27-Aug-20,Production Technician II,NEL,Terminated for Cause,Contract,Zone C,Full-Time,Involuntary,Will raise compare realize evidence most product.,Production       ,Project Management - Con,13-06-1944,MA,Clerical,Female,74797,Black,Widowed,Fully Meets,4
16-Aug-19,15-Jan-23,Area Sales Manager,WBL,Active,Full-Time,Zone C,Temporary,Resignation,Never few away level attack buy.,Sales,Billable Consultants,05-09-1954,MA,Coordinator,Male,84234,Black,Divorced,Fully Meets,5
20-Oct-22,06-Oct-28,BI Developer,PL,Active,Part-Time,Zone C,Temporary,Retirement,Scientist strong team civil quality.,Software Engineering,Yard (Material Handling),16-04-1980,MA,Associate,Male,81803,White,Divorced,Fully Meets,2
19-Feb-19,08-Jun-23,Production Technician II,WBL,Terminated for Cause,Part-Time,Zone B,Part-Time,Resignation,In read day your stay she.,Production       ,Field Operations,16-12-1986,MA,Director,Male,28943,Other,Widowed,Fully Meets,3
18-Jan-22,17-May-28,Network Engineer,PYZ,Active,Contract,Zone A,Full-Time,Resignation,Design and respond dog true knowledge.,Production       ,Field Operations,02-08-1956,MA,Laborer,Female,24573,White,Single,Fully Meets,2
20-Jul-20,28-Dec-20,Production Technician I,WBL,Active,Full-Time,Zone A,Temporary,Involuntary,Reflect off growth mouth have.,Production       ,General - Eng,14-07-1954,MA,Project Coordinator,Male,6549,Asian,Married,Fully Meets,4
17-Sep-21,21-Feb-24,Enterprise Architect,PL,Active,Part-Time,Zone C,Temporary,Retirement,Fill outside then discuss table.,Production       ,Project Management - Con,03-05-1972,MA,Locator,Female,22572,Asian,Divorced,Fully Meets,1
11-Jun-21,08-Feb-22,Production Technician II,TNS,Active,Part-Time,Zone A,Full-Time,Voluntary,Participant candidate wonder growth agree.,Production       ,People Services,20-11-1943,MA,Estimator,Female,47877,Black,Widowed,Fully Meets,3
14-Aug-19,12-May-25,Data Analyst,PL,Active,Full-Time,Zone A,Full-Time,Voluntary,Strategy fear tough wife here now.,Production       ,Engineers,11-08-1981,MA,Estimator,Female,91027,Other,Married,Fully Meets,3
04-Aug-23,29-Aug-20,Production Technician I,PYZ,Voluntarily Terminated,Part-Time,Zone C,Full-Time,Resignation,Who few sport business various.,Production       ,Field Operations,06-04-2000,MA,Laborer,Male,67616,Asian,Widowed,Fully Meets,1
27-Jul-20,21-May-24,Enterprise Architect,BPC,Future Start,Contract,Zone B,Part-Time,Resignation,Issue teacher page true relate. Fight out learn.,IT/IS,Underground,06-05-1947,AL,Services,Female,90832,Other,Divorced,Fully Meets,3
02-Nov-22,07-Mar-21,Administrative Assistant,EW,Active,Part-Time,Zone A,Part-Time,Retirement,Part officer father last trouble field.,IT/IS,Field Operations,24-07-1957,MA,Laborer,Female,48717,Asian,Divorced,Fully Meets,2
13-Aug-21,15-Nov-29,Production Technician I,BPC,Voluntarily Terminated,Contract,Zone A,Full-Time,Retirement,Practice school PM her help open tough.,Production       ,Project Management - Eng,26-11-1979,MA,Helper,Male,89581,Black,Married,Fully Meets,3
21-Aug-18,21-Dec-19,IT Director,MSC,Active,Contract,Zone C,Temporary,Retirement,Radio fight consumer senior traditional himself.,Software Engineering,Aerial,26-12-1976,MA,Clerical,Male,75760,Asian,Single,Fully Meets,1
21-Sep-21,23-May-20,CIO,WBL,Active,Full-Time,Zone B,Temporary,Involuntary,Before room than city she.,IT/IS,Field Operations,20-08-1988,MA,Model Assistant,Male,19859,Other,Divorced,PIP,4
09-May-20,02-Jul-22,Production Technician I,CCDR,Leave of Absence,Contract,Zone C,Part-Time,Involuntary,Onto site natural situation wear.,Production       ,General - Sga,24-04-1970,MA,Drafter,Male,8420,Asian,Widowed,Fully Meets,2
06-Feb-19,03-Dec-25,IT Manager - Infra,PYZ,Active,Contract,Zone C,Full-Time,Voluntary,Particularly box maybe.,IT/IS,Fielders,07-09-1943,MA,Top Hand,Male,11411,Black,Married,Fully Meets,5
22-Jun-21,24-Oct-22,Data Analyst,PL,Active,Part-Time,Zone C,Temporary,Resignation,Fill outside then discuss table.,Production       ,Project Management - Con,23-04-1968,MA,Vp,Female,42271,Asian,Divorced,Fully Meets,5
19-Jan-23,29-Jul-21,Production Technician I,TNS,Future Start,Contract,Zone C,Part-Time,Involuntary,According if detail quality difficult.,Production       ,Engineers,15-09-1998,MA,Driller,Female,82660,Asian,Divorced,Fully Meets,5
12-Dec-21,28-Jul-25,BI Director,SVG,Voluntarily Terminated,Contract,Zone A,Full-Time,Resignation,Take nice into true side job.,Production       ,Fielders,11-03-1966,MA,Engineer,Female,11795,White,Widowed,Fully Meets,2
12-Feb-23,07-May-29,IT Manager - DB,EW,Future Start,Contract,Zone C,Full-Time,Retirement,Talk into between trip final.,Production       ,Project Management - Eng,23-01-1960,MA,Shop,Female,36690,Asian,Married,Fully Meets,2
07-Jan-23,13-Jun-20,Database Administrator,BPC,Active,Full-Time,Zone B,Temporary,Resignation,End trouble tonight amount page reach debate.,Sales,Wireless,20-06-1991,MA,Tower Hand,Female,11695,Other,Single,Fully Meets,1
31-Jul-21,14-Dec-19,Data Analyst ,EW,Leave of Absence,Full-Time,Zone B,Part-Time,Resignation,Lead throw others.,IT/IS,Splicing,20-05-1961,MA,Business Development,Female,74450,Hispanic,Widowed,PIP,3
25-Jul-20,08-Oct-25,Production Technician II,TNS,Future Start,Full-Time,Zone A,Full-Time,Resignation,Here employee minute officer southern.,Production       ,Field Operations,19-12-1984,MA,Engineer,Female,30963,Other,Married,Fully Meets,5
01-Nov-22,23-Feb-27,Director of Operations,EW,Leave of Absence,Full-Time,Zone C,Part-Time,Involuntary,Opportunity place deal.,Production       ,Field Operations,19-10-1944,MA,Apprentice,Female,96334,Asian,Divorced,Fully Meets,1
16-Jun-21,21-Oct-23,Production Technician II,PL,Active,Contract,Zone C,Full-Time,Involuntary,Foreign truth concern break ground.,Production       ,Finance & Accounting,08-12-1971,MA,Clerical,Female,17166,Asian,Widowed,Fully Meets,1
01-Oct-21,20-Jun-21,Production Technician I,EW,Active,Contract,Zone A,Part-Time,Involuntary,Some others lot miss land similar.,Production       ,General - Eng,13-09-1952,MA,Helper,Female,63530,Asian,Married,Needs Improvement,2
18-Feb-20,30-Jun-23,Production Technician II,TNS,Voluntarily Terminated,Contract,Zone B,Part-Time,Voluntary,Arrive its during organization about.,Production       ,Fielders,10-04-1996,MA,Administration,Female,85073,Hispanic,Widowed,PIP,4
20-May-20,14-Aug-28,Production Technician I,PYZ,Active,Full-Time,Zone A,Full-Time,Resignation,Better design cause yet history decide.,Production       ,Field Operations,17-02-1983,MA,Laborer,Female,2169,Asian,Divorced,Fully Meets,5
09-Jan-20,23-May-29,Area Sales Manager,MSC,Voluntarily Terminated,Contract,Zone B,Full-Time,Resignation,Learn staff above address.,Sales,Field Operations,03-10-1997,NH,Laborer,Male,11780,Asian,Divorced,Fully Meets,2
28-Sep-21,31-Jul-28,Production Technician I,MSC,Future Start,Part-Time,Zone B,Full-Time,Voluntary,Cultural responsibility whose wear.,Production       ,Shop (Fleet),12-04-1942,MA,Program Manager,Male,91081,Asian,Single,Fully Meets,4
24-Sep-21,18-Dec-23,Production Technician I,CCDR,Active,Full-Time,Zone C,Part-Time,Resignation,Certainly those above eye ball.,Production       ,Field Operations,27-09-1945,MA,Construction Manager,Female,85147,Asian,Married,Fully Meets,3
16-Mar-22,11-Aug-26,Production Technician I,EW,Leave of Absence,Full-Time,Zone A,Full-Time,Voluntary,Board industry once tough investment age.,Production       ,Splicing,19-01-1991,MA,Technician,Female,16111,Hispanic,Widowed,Exceeds,4
29-Apr-22,15-Sep-29,Production Technician II,CCDR,Voluntarily Terminated,Full-Time,Zone B,Full-Time,Involuntary,Stock true summer together social.,Production       ,Field Operations,11-05-1945,MA,Services,Male,60452,Hispanic,Single,Fully Meets,2
30-Aug-21,19-Apr-21,Production Technician I,MSC,Voluntarily Terminated,Part-Time,Zone B,Full-Time,Retirement,Design laugh top music policy.,Production       ,Shop (Fleet),05-11-1951,MA,Tower Hand,Male,83911,Asian,Single,Fully Meets,5
17-Aug-21,03-Mar-20,Data Analyst ,WBL,Active,Full-Time,Zone C,Part-Time,Involuntary,Administration field require.,Sales,Field Operations,03-03-1981,MA,Laborer,Female,34825,White,Single,Fully Meets,3
17-Jun-19,26-Jun-26,IT Manager - Infra,CCDR,Active,Part-Time,Zone B,Full-Time,Voluntary,True system strong often experience.,Software Engineering,Fielders,08-10-1980,MA,Technician,Female,10010,Black,Single,Fully Meets,3
26-Jul-23,09-Jan-26,Production Technician I,PL,Terminated for Cause,Contract,Zone B,Part-Time,Resignation,Remember teacher produce use voice.,Production       ,Wireless,08-01-1994,MA,Foreman,Female,33387,White,Divorced,Fully Meets,3
27-Mar-19,09-Aug-20,Production Technician I,WBL,Terminated for Cause,Part-Time,Zone C,Part-Time,Resignation,Amount particular answer show.,Production       ,Field Operations,02-02-1950,MA,Laborer,Female,86428,Black,Widowed,Exceeds,5
29-Apr-21,03-Mar-27,Production Technician I,BPC,Leave of Absence,Full-Time,Zone B,Part-Time,Retirement,Some others lot miss land similar.,Production       ,Engineers,04-04-1982,MA,Laborer,Female,73017,Asian,Married,Exceeds,2
25-Apr-23,14-Oct-28,Production Technician I,PL,Active,Full-Time,Zone B,Full-Time,Resignation,Ok though floor sense want future.,Production       ,People Services,28-09-1960,MA,Director,Female,58375,Other,Widowed,Fully Meets,3
03-Mar-19,12-Oct-19,Production Technician I,PL,Active,Contract,Zone A,Part-Time,Resignation,Information step name three choose.,Production       ,General - Con,04-08-1974,MA,Laborer,Female,45417,Asian,Divorced,Fully Meets,3
07-Mar-23,17-Jul-28,Production Technician I,NEL,Active,Full-Time,Zone A,Temporary,Voluntary,Prepare simply play edge.,Production       ,Catv,11-11-1983,MA,Laborer,Female,82535,Asian,Widowed,Exceeds,1
12-Feb-19,13-Oct-28,CIO,CCDR,Active,Part-Time,Zone B,Full-Time,Voluntary,Mr chair subject then technology.,Software Engineering,Wireless,30-03-1977,MA,Driller,Female,5191,Black,Single,Fully Meets,3
29-Oct-20,20-Oct-19,Senior BI Developer,MSC,Active,Part-Time,Zone A,Part-Time,Involuntary,Occur tough thousand on recent.,Production       ,Project Management - Con,02-03-1964,MA,Shop,Female,13612,Asian,Divorced,Fully Meets,3
01-May-23,22-Jul-28,Production Technician II,CCDR,Terminated for Cause,Part-Time,Zone A,Temporary,Voluntary,Order risk think. North born would might.,Production       ,General - Con,07-03-1976,MA,Flagger,Male,65279,Other,Divorced,Fully Meets,1
07-Sep-18,16-Oct-25,Sr. DBA,EW,Active,Full-Time,Zone A,Temporary,Voluntary,Build very significant imagine cell doctor.,IT/IS,Field Operations,12-02-1985,MA,Controller,Male,67298,Hispanic,Divorced,Fully Meets,3
07-Aug-21,03-Dec-20,Production Technician I,PYZ,Active,Contract,Zone C,Temporary,Voluntary,Build very significant imagine cell doctor.,Production       ,Field Operations,16-01-1982,MA,Associate,Male,30950,Other,Married,Fully Meets,3
09-Jan-20,17-Jan-27,Sr. Network Engineer,CCDR,Active,Part-Time,Zone A,Part-Time,Voluntary,Crime west best industry right alone begin.,IT/IS,General - Sga,16-12-1949,MA,Generalist,Male,1450,Asian,Single,Fully Meets,3
17-Mar-23,17-Aug-26,Production Technician I,PYZ,Voluntarily Terminated,Contract,Zone A,Part-Time,Voluntary,Practice school PM her help open tough.,Production       ,General - Con,09-06-1979,MA,Field Project Manager,Male,89768,Asian,Divorced,Fully Meets,3
19-Dec-19,18-Mar-19,Area Sales Manager,PYZ,Active,Full-Time,Zone A,Temporary,Retirement,Popular west moment natural step activity.,Sales,Technology / It,22-08-1995,NH,Driver,Female,37771,Black,Single,Fully Meets,1
22-Oct-22,01-May-21,Accountant I,PYZ,Voluntarily Terminated,Part-Time,Zone A,Full-Time,Resignation,Else enjoy include expect.,Production       ,Sales & Marketing,23-02-1962,MA,Field Project Manager,Female,60129,White,Single,Fully Meets,5
13-Mar-19,27-May-23,Director of Operations,WBL,Active,Contract,Zone C,Part-Time,Voluntary,Save interest factor training.,Software Engineering,Isp,08-08-1995,MA,Program Manager,Male,70895,Hispanic,Divorced,Fully Meets,3
18-Mar-22,18-Jun-23,Production Technician I,SVG,Active,Part-Time,Zone B,Temporary,Involuntary,Learn staff above address.,Production       ,Aerial,09-06-1995,MA,Foreman,Female,22951,Hispanic,Widowed,Exceeds,4
13-Oct-22,05-Sep-22,Production Technician I,BPC,Future Start,Part-Time,Zone A,Temporary,Voluntary,Who few sport business various.,Production       ,Yard (Material Handling),11-04-1955,MA,Coordinator,Male,19872,Hispanic,Widowed,Fully Meets,2
23-Dec-18,24-Jun-29,Production Technician I,EW,Terminated for Cause,Contract,Zone A,Part-Time,Voluntary,Learn whatever million.,Production       ,Finance & Accounting,07-01-1956,MA,Engineer,Female,12384,Other,Divorced,Fully Meets,3
18-Mar-19,06-Jul-25,IT Director,EW,Active,Contract,Zone C,Full-Time,Voluntary,Stay word behavior financial.,IT/IS,Sales & Marketing,07-06-1988,MA,Billing,Female,2407,Other,Divorced,Fully Meets,3
16-Nov-19,07-Dec-24,Production Technician I,SVG,Active,Part-Time,Zone B,Part-Time,Resignation,Opportunity place deal.,Production       ,General - Con,24-06-1967,MA,Apprentice,Female,8247,Hispanic,Married,Fully Meets,1
19-Aug-21,29-Nov-27,Production Technician I,CCDR,Active,Contract,Zone B,Temporary,Voluntary,Thus whether read kitchen itself.,Production       ,Billable Consultants,05-11-1954,MA,Intern,Male,22501,Asian,Divorced,Fully Meets,5
26-Oct-21,21-Feb-27,Shared Services Manager,BPC,Active,Part-Time,Zone B,Part-Time,Retirement,Almost across fly recent go.,IT/IS,Fielders,07-08-1964,MA,Technician,Male,73661,Asian,Widowed,Fully Meets,3
28-May-22,04-Jan-27,Area Sales Manager,NEL,Terminated for Cause,Contract,Zone C,Part-Time,Retirement,About allow court us.,Sales,Field Operations,05-11-1944,MT,Director,Male,50796,Hispanic,Married,Fully Meets,2
19-Apr-19,14-Jan-26,Production Technician I,CCDR,Active,Contract,Zone B,Full-Time,Involuntary,Foot in theory minute recognize test.,Production       ,Aerial,04-03-1962,MA,Laborer,Female,89018,Asian,Married,PIP,5
17-Jun-19,06-Feb-24,Production Technician II,NEL,Voluntarily Terminated,Full-Time,Zone A,Temporary,Retirement,Yard charge week wait address.,Production       ,Isp,15-07-1954,MA,Technician,Female,31462,Black,Divorced,Fully Meets,3
17-May-23,07-Jul-24,Production Technician I,EW,Active,Full-Time,Zone A,Full-Time,Involuntary,Unit begin commercial wish financial care.,Production       ,Field Operations,26-08-1952,MA,Laborer,Male,5472,Hispanic,Single,Fully Meets,3
07-Oct-20,24-Sep-21,Sales Manager,EW,Active,Full-Time,Zone C,Part-Time,Unk,Not later mission use industry family at.,Executive Office,Finance & Accounting,02-01-1984,MA,Administration,Male,91520,Black,Divorced,Fully Meets,3
16-Nov-18,07-Jun-23,Database Administrator,CCDR,Active,Part-Time,Zone A,Full-Time,Involuntary,Deep sea improve miss they nearly measure.,Admin Offices,General - Sga,27-10-1949,MA,Top Hand,Female,21112,Asian,Single,Fully Meets,3
16-Apr-21,03-Dec-19,Production Technician I,PL,Leave of Absence,Full-Time,Zone C,Full-Time,Voluntary,Great parent relate growth summer.,Production       ,Executive,24-08-1996,MA,Apprentice,Female,58677,Black,Married,Fully Meets,5
23-May-19,13-Nov-25,Production Technician I,EW,Active,Part-Time,Zone B,Temporary,Resignation,Guy present clear.,Production       ,Catv,09-04-1944,MA,Project Coordinator,Female,50383,Other,Widowed,Needs Improvement,4
01-May-21,30-Dec-25,Production Technician I,TNS,Future Start,Part-Time,Zone A,Full-Time,Voluntary,Method suggest leave process deep tough seek.,Production       ,Fielders,02-03-1953,MA,Tower Hand,Male,3347,Hispanic,Widowed,Fully Meets,1
15-Jan-19,10-Jul-22,Production Technician I,PL,Active,Full-Time,Zone B,Temporary,Retirement,Production several care various seek.,Production       ,Engineers,15-05-1983,MA,Electrician,Female,61704,Other,Divorced,Fully Meets,2
17-Nov-22,31-Jan-24,Production Technician I,PYZ,Active,Contract,Zone C,Full-Time,Resignation,Before room than city she.,Production       ,Wireline Construction,03-04-1957,MA,Project Manager,Female,15521,Black,Single,Needs Improvement,1
06-Oct-21,23-Jan-28,Production Technician II,PL,Active,Full-Time,Zone B,Full-Time,Involuntary,Natural event religious during article total.,Production       ,Engineers,26-03-2001,MA,Supervisor,Female,19352,Asian,Single,Needs Improvement,5
14-Jun-20,13-Mar-20,Data Analyst,PYZ,Active,Contract,Zone C,Temporary,Voluntary,Offer kitchen foreign role.,Software Engineering,Aerial,30-03-1995,MA,Groundman,Female,28590,Asian,Divorced,Fully Meets,3
30-Oct-20,11-Aug-26,Software Engineer,PL,Active,Part-Time,Zone B,Full-Time,Resignation,Join difference order size occur entire sell.,IT/IS,Field Operations,19-09-1990,MA,Laborer,Male,40295,Asian,Divorced,Fully Meets,3
20-Jan-23,12-Jul-22,Production Technician I,WBL,Active,Contract,Zone B,Temporary,Involuntary,Account between environmental section group.,Production       ,Field Operations,05-02-1965,MA,Supervisor,Female,92252,Hispanic,Divorced,Fully Meets,1
19-Feb-22,26-Aug-23,Production Technician I,CCDR,Active,Contract,Zone A,Full-Time,Voluntary,Take most future.,Production       ,Engineers,16-11-1982,MA,Operator,Female,96688,Other,Married,Fully Meets,3
02-Jan-22,19-Jun-26,Area Sales Manager,BPC,Active,Part-Time,Zone B,Temporary,Resignation,Page year stock own popular health.,Sales,Isp,02-08-1951,PA,Engineer,Male,84438,Asian,Widowed,Fully Meets,4
01-Oct-20,01-Mar-27,Production Technician I,WBL,Active,Part-Time,Zone C,Part-Time,Involuntary,Report provide home follow price.,Production       ,Splicing,13-03-1992,MA,Attendant,Male,80755,Hispanic,Single,Fully Meets,3
07-Sep-18,21-Sep-20,Enterprise Architect,CCDR,Active,Part-Time,Zone A,Full-Time,Involuntary,Sense activity son. One radio Mr method shoulder.,Executive Office,Shop (Fleet),30-03-1946,MA,Technician,Female,7035,Asian,Single,Fully Meets,3
18-Oct-20,07-Sep-19,Production Technician I,SVG,Voluntarily Terminated,Part-Time,Zone C,Full-Time,Voluntary,Control head ground agreement check ever.,Production       ,Field Operations,26-12-1989,MA,Laborer,Male,53161,Asian,Widowed,Fully Meets,5
07-Apr-21,23-Aug-29,Production Technician I,BPC,Future Start,Contract,Zone A,Full-Time,Resignation,Night official cut director seven.,Production       ,Field Operations,31-12-1986,MA,Laborer,Female,61613,Asian,Married,Exceeds,3
18-Dec-19,31-Jan-25,Production Technician I,BPC,Voluntarily Terminated,Part-Time,Zone B,Temporary,Involuntary,Stay herself cultural pass large.,Production       ,Catv,28-03-1966,MA,Operator,Female,57795,Black,Single,Fully Meets,3
24-May-21,14-Feb-27,Production Technician I,PYZ,Active,Full-Time,Zone C,Temporary,Voluntary,Young risk quality natural foreign claim.,Production       ,General - Con,05-04-2000,MA,Runner,Female,20712,Hispanic,Married,Fully Meets,3
17-Feb-19,26-Jan-25,Area Sales Manager,PL,Voluntarily Terminated,Contract,Zone C,Temporary,Involuntary,Establish go so someone might none stop citizen.,Sales,General - Con,06-03-1958,AL,Laborer,Male,85317,Other,Married,Fully Meets,5
06-Nov-18,13-Mar-25,Production Technician II,TNS,Active,Part-Time,Zone A,Full-Time,Retirement,Plant enjoy these drive themselves never hit PM.,Production       ,Underground,26-06-1948,MA,Shop,Male,25807,White,Widowed,Fully Meets,3
12-Feb-19,29-Mar-20,Area Sales Manager,WBL,Active,Full-Time,Zone C,Temporary,Resignation,Perform question beyond article.,Sales,Executive,30-06-1948,MA,Flagger,Male,77425,Black,Divorced,Fully Meets,4
07-Oct-22,27-Oct-23,Data Analyst,CCDR,Active,Contract,Zone C,Part-Time,Resignation,Herself Mr office bed.,Sales,Billable Consultants,30-07-1975,MA,Technician,Female,79577,Asian,Married,Fully Meets,2
13-Oct-20,03-Jan-23,IT Manager - Infra,MSC,Active,Part-Time,Zone A,Part-Time,Voluntary,Fund nor half early miss follow.,Production       ,Project Management - Con,26-12-1967,MA,Clerical,Female,6427,Asian,Divorced,Fully Meets,3
08-Dec-18,02-Apr-24,Shared Services Manager,MSC,Active,Contract,Zone C,Temporary,Retirement,Radio fight consumer senior traditional himself.,Software Engineering,Aerial,23-02-1974,MA,Construction Manager,Male,92086,Asian,Single,Fully Meets,5
09-Apr-21,08-Dec-29,Production Technician I,MSC,Leave of Absence,Contract,Zone B,Part-Time,Retirement,Space long most area product drug tree.,Production       ,General - Con,09-03-1997,MA,Top Hand,Female,76986,Hispanic,Widowed,Fully Meets,2
06-Jul-19,21-Mar-21,Production Technician I,MSC,Terminated for Cause,Part-Time,Zone B,Temporary,Retirement,Summer personal bag.,Production       ,Field Operations,18-03-1999,MA,Construction Manager,Male,22453,Other,Divorced,Fully Meets,3
29-Dec-18,19-Sep-26,Production Technician I,PYZ,Active,Full-Time,Zone C,Part-Time,Voluntary,Prevent entire business ask meeting contain tree.,Production       ,Field Operations,03-01-1976,MA,Executive Assistant,Female,1310,Asian,Married,Needs Improvement,4
02-Nov-18,18-Feb-24,Production Technician II,PYZ,Future Start,Full-Time,Zone A,Part-Time,Resignation,Dark meeting play room head join truth involve.,Production       ,General - Con,31-03-1953,MA,Field Project Manager,Female,89206,Hispanic,Married,Fully Meets,4
10-Nov-18,21-May-27,Administrative Assistant,CCDR,Active,Part-Time,Zone C,Full-Time,Voluntary,Where forward evening huge cost share eat.,IT/IS,Field Operations,01-12-1967,MA,Tower Hand,Female,80345,Asian,Divorced,Fully Meets,5
30-Jul-19,22-May-25,Production Technician I,TNS,Terminated for Cause,Contract,Zone B,Part-Time,Resignation,Much already above care than.,Production       ,Underground,18-07-1966,MA,Vp,Male,19480,White,Single,Fully Meets,4
13-Nov-19,21-Apr-26,Area Sales Manager,PL,Active,Full-Time,Zone B,Temporary,Voluntary,Black civil room chance. This mind find adult.,Sales,Field Operations,18-02-1988,AL,Administration,Male,32517,Other,Married,Fully Meets,2
16-Feb-23,09-Aug-22,Production Technician II,CCDR,Active,Contract,Zone B,Full-Time,Resignation,Maintain behavior project parent particular game.,Production       ,Executive,31-01-1980,MA,Laborer,Female,12166,Hispanic,Married,Fully Meets,3
17-May-20,14-Jan-20,IT Manager - Infra,PYZ,Active,Full-Time,Zone C,Full-Time,Resignation,Type three hear court street sport key.,IT/IS,Wireless,10-03-1977,MA,Support,Male,38762,Hispanic,Divorced,Fully Meets,5
10-Apr-23,16-Nov-20,Area Sales Manager,NEL,Leave of Absence,Contract,Zone C,Temporary,Voluntary,Red some option.,Sales,Technology / It,05-11-1995,TN,Coordinator,Female,49519,Black,Single,Fully Meets,2
08-Jan-22,21-Feb-22,Production Technician I,SVG,Voluntarily Terminated,Contract,Zone C,Part-Time,Involuntary,Cost high must body defense population.,Production       ,Project Management - Con,18-09-1950,MA,Project Manager,Female,5604,White,Single,Fully Meets,4
29-Jan-19,21-Apr-19,Production Technician I,PYZ,Active,Full-Time,Zone C,Full-Time,Voluntary,Year ever end drive.,Production       ,Engineers,30-11-1968,MA,Ceo,Female,2243,Other,Married,PIP,3
28-Sep-21,19-Aug-27,Sr. DBA,PL,Active,Part-Time,Zone A,Temporary,Involuntary,Order protect raise exist by behind dream memory.,Production       ,Field Operations,29-07-1947,MA,Laborer,Female,16939,Asian,Married,Fully Meets,2
17-Sep-19,03-Oct-28,Production Technician II,SVG,Future Start,Full-Time,Zone C,Temporary,Involuntary,Speak high idea reach both. Many policy rock six.,Production       ,Aerial,16-11-1996,MA,Generalist,Female,7278,White,Divorced,Fully Meets,1
18-Feb-20,23-Feb-25,Production Technician II,PL,Active,Contract,Zone A,Temporary,Involuntary,Reality line toward follow well able.,Production       ,General - Con,17-04-1943,MA,Project Manager,Female,8635,Hispanic,Married,Fully Meets,3
15-Jun-21,16-Oct-25,President & CEO,TNS,Active,Contract,Zone A,Part-Time,Retirement,Television represent skill police.,IT/IS,Finance & Accounting,06-09-1952,MA,Clerk,Male,16026,Asian,Single,Exceeds,2
15-Feb-20,22-Jun-19,Database Administrator,NEL,Active,Part-Time,Zone B,Part-Time,Retirement,Maintain program process present knowledge PM.,Software Engineering,Wireless,31-01-1942,MA,Lineman,Male,13682,White,Widowed,Fully Meets,5
11-Jun-21,31-May-19,Sr. Accountant,MSC,Active,Full-Time,Zone A,Part-Time,Involuntary,Decision example see low someone. Ball week that.,Executive Office,Aerial,06-04-1954,MA,Coordinator,Female,10523,Black,Widowed,Fully Meets,3
15-Jul-21,26-Dec-19,Production Technician I,CCDR,Active,Contract,Zone C,Temporary,Retirement,Nor director yard within car into final.,Production       ,Field Operations,25-05-1982,MA,Splicer,Male,33794,Other,Married,Fully Meets,3
18-Feb-20,13-Oct-21,Production Technician I,CCDR,Leave of Absence,Contract,Zone C,Part-Time,Voluntary,Decision example see low someone. Ball week that.,Production       ,Shop (Fleet),06-03-1962,MA,Project Controls,Male,17844,Asian,Widowed,Fully Meets,2
25-Feb-22,27-Aug-24,Enterprise Architect,MSC,Active,Part-Time,Zone B,Full-Time,Resignation,Law difference five away.,IT/IS,Field Operations,13-08-1993,MA,Laborer,Male,33314,Asian,Divorced,Fully Meets,3
10-Sep-18,01-Nov-22,Production Technician I,EW,Active,Full-Time,Zone A,Full-Time,Resignation,Shake war over young like anything order.,Production       ,Engineers,08-08-1982,MA,Welder,Male,1814,Other,Married,Fully Meets,4
04-May-23,17-Feb-28,Area Sales Manager,PYZ,Active,Part-Time,Zone A,Temporary,Voluntary,Drive feel its former end allow.,Sales,Technology / It,06-03-1944,MA,Tower Hand,Male,77504,Asian,Divorced,PIP,5
20-Jun-19,15-Aug-22,IT Manager - Support,EW,Active,Part-Time,Zone C,Temporary,Involuntary,Body move possible play. Relate husband Mrs.,Production       ,Sales & Marketing,14-06-1971,MA,Helper,Female,5364,Other,Married,Fully Meets,5
21-Jul-22,31-Jul-23,Production Technician I,TNS,Active,Part-Time,Zone B,Temporary,Retirement,Who few sport business various.,Production       ,Underground,30-08-1991,MA,Controller,Male,86444,White,Single,PIP,3
08-Sep-21,02-Oct-19,Principal Data Architect,MSC,Active,Full-Time,Zone A,Part-Time,Involuntary,According term along ago leave.,Executive Office,Aerial,19-04-1955,MA,Operator,Female,1257,Black,Widowed,Fully Meets,3
15-Jun-23,06-May-21,Area Sales Manager,TNS,Terminated for Cause,Contract,Zone B,Full-Time,Resignation,Hold parent PM claim star seek.,Sales,Field Operations,15-12-1989,OR,Laborer,Male,6717,Asian,Divorced,Fully Meets,2
03-Apr-22,22-Feb-27,Software Engineer,BPC,Active,Contract,Zone A,Temporary,Voluntary,Very research level send picture pressure our.,Sales,Wireline Construction,03-04-1950,NY,Clerical,Female,43810,Black,Widowed,Fully Meets,2
26-Jan-20,12-Dec-24,Production Technician I,SVG,Future Start,Part-Time,Zone C,Full-Time,Retirement,Opportunity upon apply and world.,Production       ,Field Operations,26-03-1984,MA,Laborer,Male,32037,Black,Widowed,Fully Meets,3
10-Apr-21,18-Sep-29,Production Technician I,MSC,Terminated for Cause,Contract,Zone B,Part-Time,Retirement,Drive feel its former end allow.,Production       ,General - Con,10-07-2000,MA,Drafter,Female,84516,Hispanic,Widowed,Fully Meets,2
09-Aug-19,30-May-20,Accountant I,PL,Future Start,Contract,Zone A,Part-Time,Retirement,Nature here wrong why.,IT/IS,Wireline Construction,12-11-1950,MA,Drafter,Female,7393,Black,Single,Fully Meets,3
15-May-23,02-Jul-21,Production Technician I,MSC,Active,Full-Time,Zone C,Part-Time,Involuntary,To prevent method stand decision.,Production       ,Engineers,07-07-1977,MA,Tester,Male,28163,Asian,Single,Fully Meets,3
19-Oct-21,18-Sep-23,IT Manager - Support,PL,Active,Part-Time,Zone A,Part-Time,Retirement,Part officer father last trouble field.,IT/IS,Field Operations,10-04-1960,MA,Laborer,Female,61638,Asian,Divorced,Fully Meets,2
10-Apr-22,02-Feb-21,Production Technician II,WBL,Terminated for Cause,Full-Time,Zone B,Part-Time,Involuntary,Program deal run.,Production       ,Field Operations,27-10-1976,MA,Planner,Male,71052,Asian,Single,Fully Meets,4
31-Aug-21,17-Feb-23,Network Engineer,EW,Terminated for Cause,Full-Time,Zone B,Part-Time,Resignation,Lead throw others.,IT/IS,General - Sga,23-04-1961,MA,Manager,Female,85080,Hispanic,Widowed,Exceeds,3
05-Aug-21,25-Dec-23,Software Engineer,PYZ,Voluntarily Terminated,Contract,Zone A,Part-Time,Involuntary,Participant create society method tough team.,Software Engineering,Field Operations,16-06-1970,MA,Laborer,Male,35154,Black,Married,Fully Meets,3
11-May-19,13-Mar-27,Area Sales Manager,WBL,Active,Full-Time,Zone C,Temporary,Resignation,Better design cause yet history decide.,Sales,Billable Consultants,06-06-1952,MA,Apprentice,Male,79045,Black,Divorced,Fully Meets,4
07-Apr-22,23-Nov-20,Production Technician I,SVG,Active,Full-Time,Zone A,Temporary,Involuntary,Off part culture choose strong public.,Production       ,General - Con,13-04-1968,MA,Flagger,Female,73881,Asian,Single,PIP,1
24-Aug-19,10-Nov-26,Production Technician I,PL,Terminated for Cause,Part-Time,Zone A,Temporary,Voluntary,Method suggest leave process deep tough seek.,Production       ,Field Operations,12-11-1951,MA,Laborer,Female,88174,Asian,Divorced,Fully Meets,3
04-May-22,22-Feb-22,Production Technician II,PL,Future Start,Full-Time,Zone B,Full-Time,Voluntary,Stay herself cultural pass large.,Production       ,Field Operations,16-01-1947,MA,Services,Male,70068,Hispanic,Single,Fully Meets,2
28-May-21,28-Feb-20,BI Developer,EW,Active,Part-Time,Zone B,Full-Time,Involuntary,Here relationship possible purpose instead.,Production       ,Field Operations,06-01-1978,MA,Support,Male,58687,Other,Divorced,Fully Meets,4
30-Dec-18,18-Dec-19,Area Sales Manager,PYZ,Active,Contract,Zone B,Full-Time,Involuntary,Keep many else little argue full the.,Sales,Shop (Fleet),12-10-1999,MA,Runner,Male,64668,Black,Widowed,Needs Improvement,2
02-Aug-22,12-May-29,Production Technician I,EW,Leave of Absence,Contract,Zone A,Part-Time,Retirement,Then foot not.,Production       ,Wireless,15-09-1948,MA,Technician,Male,43009,Other,Divorced,Fully Meets,2
24-Apr-21,09-May-25,Production Technician I,SVG,Leave of Absence,Part-Time,Zone A,Temporary,Voluntary,Speak high idea reach both. Many policy rock six.,Production       ,Field Operations,13-06-1978,MA,Labor,Male,1404,Hispanic,Single,Exceeds,2
13-Sep-19,30-Apr-25,Sales Manager,CCDR,Active,Part-Time,Zone B,Full-Time,Voluntary,Treatment power card almost pretty sister.,Software Engineering,Safety,19-03-1988,MA,Lineman,Female,3709,Black,Single,Fully Meets,3
01-Aug-21,25-Jan-22,Area Sales Manager,TNS,Active,Full-Time,Zone C,Temporary,Resignation,Information race relate rich poor already make.,Sales,Finance & Accounting,27-05-1964,KY,Model Assistant,Male,76754,Asian,Widowed,Fully Meets,2
01-Nov-22,20-Sep-24,Production Technician I,MSC,Active,Contract,Zone B,Part-Time,Resignation,Late least forward bill realize camera.,Production       ,Project Management - Con,13-12-1952,MA,Administration,Female,49567,Asian,Widowed,Fully Meets,2
31-Jan-20,08-Jul-25,Production Technician II,PL,Active,Contract,Zone A,Temporary,Resignation,Central baby moment benefit do.,Production       ,General - Con,08-09-1945,MA,Flagger,Female,12268,Hispanic,Married,Fully Meets,3
27-Feb-23,08-Mar-21,President & CEO,SVG,Active,Full-Time,Zone C,Part-Time,Retirement,Future where and.,IT/IS,Catv,09-12-1967,MA,Safety,Male,64638,Asian,Divorced,Fully Meets,1
27-Feb-19,12-Mar-20,Production Technician II,WBL,Active,Full-Time,Zone A,Temporary,Retirement,Administration away choose.,Production       ,Wireline Construction,07-01-1999,MA,Attendant,Female,79234,White,Married,Fully Meets,1
01-Nov-19,26-Feb-21,Production Technician II,WBL,Active,Full-Time,Zone A,Temporary,Involuntary,Where forward evening huge cost share eat.,Production       ,General - Con,08-06-1991,MA,Supervisor,Female,82845,White,Married,Fully Meets,5
01-Jul-21,21-Jan-29,Production Technician I,CCDR,Active,Contract,Zone B,Full-Time,Retirement,Night office challenge several many.,Production       ,General - Con,06-03-1961,MA,Laborer,Female,88828,Asian,Married,Needs Improvement,3
09-Aug-21,09-Feb-28,Production Technician I,WBL,Terminated for Cause,Part-Time,Zone A,Part-Time,Resignation,Central baby moment benefit do.,Production       ,Field Operations,17-01-1976,MA,Labor,Female,78335,Other,Widowed,Needs Improvement,4
16-Mar-23,23-Jan-20,Production Technician I,PYZ,Future Start,Contract,Zone A,Part-Time,Involuntary,Large relate work treatment Mrs.,Production       ,General - Con,15-12-1984,MA,Contracts,Male,96578,Asian,Divorced,Fully Meets,3
17-Oct-21,27-Sep-22,Area Sales Manager,TNS,Active,Full-Time,Zone C,Temporary,Resignation,Shake hold standard team seat word.,Sales,Aerial,22-07-1959,CO,Apprentice,Male,85607,Asian,Widowed,Fully Meets,2
21-Mar-19,15-Jan-24,Production Technician I,NEL,Active,Full-Time,Zone B,Temporary,Involuntary,Know blue difficult let black choice require.,Production       ,General - Sga,05-04-1967,MA,Planner,Female,24792,Black,Single,Fully Meets,3
26-May-23,06-Oct-26,Production Technician I,MSC,Active,Full-Time,Zone C,Part-Time,Resignation,Expert challenge education air none money wide.,Production       ,Engineers,14-10-1981,MA,Administration,Male,21846,Asian,Single,Fully Meets,3
19-Sep-22,22-Apr-21,Production Technician I,EW,Future Start,Contract,Zone A,Part-Time,Involuntary,Pattern son memory power citizen personal unit.,Production       ,General - Sga,24-09-1943,MA,Technician,Male,32842,Other,Divorced,Fully Meets,2
27-Mar-19,07-Aug-25,Production Technician I,WBL,Leave of Absence,Full-Time,Zone B,Part-Time,Retirement,Fact order police ability another pretty add.,Production       ,Fielders,03-08-1997,MA,Technician,Female,95369,White,Single,Fully Meets,4
09-Dec-20,16-Mar-24,Production Technician I,MSC,Active,Full-Time,Zone B,Temporary,Retirement,Before room than city she.,Production       ,General - Con,19-12-1984,MA,Executive,Female,14862,Hispanic,Widowed,Fully Meets,4
28-Jan-19,02-Jun-21,Data Analyst ,CCDR,Active,Part-Time,Zone A,Part-Time,Voluntary,Official minute everyone level thing economic.,IT/IS,General - Sga,19-02-1943,MA,Generalist,Male,10303,Asian,Single,Fully Meets,3
25-Dec-19,26-May-21,Area Sales Manager,CCDR,Terminated for Cause,Full-Time,Zone A,Temporary,Resignation,Miss onto none our discussion year.,Sales,Shop (Fleet),11-08-1995,IN,Generalist,Male,65637,Asian,Divorced,Exceeds,5
31-May-21,23-Nov-20,Production Technician I,MSC,Future Start,Part-Time,Zone B,Full-Time,Voluntary,Maintain program process present knowledge PM.,Production       ,Shop (Fleet),15-01-1947,MA,Engineer,Male,84184,Asian,Single,Fully Meets,1
01-Dec-18,17-Aug-21,Production Technician II,BPC,Terminated for Cause,Contract,Zone B,Full-Time,Resignation,Shake hold standard team seat word.,Production       ,Safety,02-03-1970,MA,Top Hand,Female,10328,White,Single,Fully Meets,3
09-Jul-21,08-Nov-21,Production Technician I,PYZ,Active,Full-Time,Zone C,Temporary,Involuntary,Democrat stage daughter any own whom.,Production       ,Project Management - Con,09-11-1944,MA,Groundman,Male,54378,Asian,Divorced,Fully Meets,3
30-Apr-21,05-Oct-22,Production Technician I,TNS,Leave of Absence,Part-Time,Zone A,Part-Time,Resignation,Then foot not.,Production       ,Field Operations,11-07-1987,MA,Services,Female,93470,Other,Widowed,PIP,5
19-Apr-21,20-Jun-27,Production Technician I,SVG,Active,Full-Time,Zone C,Part-Time,Voluntary,Half nice continue serious move lay itself.,Production       ,Field Operations,23-03-1956,MA,Contracts,Female,74540,Asian,Married,Fully Meets,3
16-Oct-19,24-Jan-27,Production Technician I,CCDR,Active,Part-Time,Zone B,Full-Time,Involuntary,Great relate within you. Red bill unit school.,Production       ,Fielders,26-10-1999,MA,Splicer,Male,40578,Black,Single,Fully Meets,3
05-Nov-21,18-Jun-27,Production Manager,SVG,Future Start,Contract,Zone A,Full-Time,Voluntary,By small force myself team industry.,Production       ,Fielders,10-02-1966,MA,Engineer,Female,16704,White,Widowed,Fully Meets,2
31-Jan-22,10-Feb-27,Production Technician II,PL,Future Start,Full-Time,Zone A,Full-Time,Resignation,Beat hand ready reason development else doctor.,Production       ,General - Con,19-02-1965,MA,Technician,Male,75031,Other,Divorced,Fully Meets,3
08-Jul-19,30-Jan-28,Production Technician I,WBL,Future Start,Part-Time,Zone B,Temporary,Resignation,Partner fact hand bag management woman.,Production       ,Field Operations,21-09-1996,MA,Administration,Male,25862,Other,Divorced,Fully Meets,3
06-Feb-20,15-Mar-27,Production Technician II,TNS,Future Start,Contract,Zone B,Part-Time,Retirement,Arrive its during organization about.,Production       ,Underground,06-05-1994,MA,Business Development,Female,79398,Hispanic,Widowed,Exceeds,4
19-Jun-19,15-Nov-25,Production Technician I,WBL,Active,Part-Time,Zone C,Part-Time,Resignation,Democrat stage daughter any own whom.,Production       ,Sales & Marketing,09-07-1962,MA,Services,Male,52414,Black,Married,Fully Meets,5
30-Jan-22,12-Jul-28,Sr. Accountant,WBL,Terminated for Cause,Full-Time,Zone A,Full-Time,Resignation,Fight look song material year happen.,IT/IS,Field Operations,01-10-1967,MA,Technician,Male,95674,Black,Married,Fully Meets,3
21-Apr-22,09-Apr-22,Software Engineer,PYZ,Active,Full-Time,Zone C,Part-Time,Involuntary,Drive feel its former end allow.,Software Engineering,Field Operations,07-03-1982,MA,Supervisor,Male,3305,White,Divorced,Fully Meets,3
27-Aug-21,05-May-25,Production Technician II,WBL,Active,Contract,Zone A,Temporary,Retirement,Before room than city she.,Production       ,Technology / It,14-10-1964,MA,Technician,Female,18775,Hispanic,Divorced,Fully Meets,5
14-Jun-19,23-May-28,Production Technician I,PYZ,Active,Full-Time,Zone C,Full-Time,Involuntary,Fund nor half early miss follow.,Production       ,Engineers,01-06-1962,MA,Mechanic,Female,1366,Other,Married,Exceeds,3
17-Nov-18,04-Apr-28,Production Technician II,TNS,Leave of Absence,Part-Time,Zone A,Part-Time,Retirement,Administration away choose.,Sales,Underground,06-10-1962,MA,Laborer,Female,33791,Other,Widowed,Fully Meets,3
09-Apr-19,31-May-22,Area Sales Manager,PYZ,Active,Full-Time,Zone B,Temporary,Resignation,North next animal laugh threat no.,Sales,General - Eng,16-11-1962,MA,Manager,Male,17248,Asian,Married,Fully Meets,5
10-Dec-18,10-Mar-20,Production Technician I,BPC,Active,Contract,Zone B,Temporary,Resignation,Rule film know if eat hear.,Production       ,Billable Consultants,04-09-1944,MA,Project Manager,Male,87113,Hispanic,Divorced,Fully Meets,3
07-Apr-23,14-Apr-22,Area Sales Manager,NEL,Leave of Absence,Contract,Zone C,Temporary,Voluntary,Decision example see low someone. Ball week that.,Sales,Yard (Material Handling),21-07-1991,PA,Coordinator,Female,71105,Black,Single,Fully Meets,2
03-Aug-22,07-Feb-26,Production Technician I,TNS,Active,Part-Time,Zone B,Temporary,Resignation,Learn whatever million.,Production       ,Sales & Marketing,27-07-1989,MA,Intern,Male,96596,White,Single,Needs Improvement,2
22-Apr-22,24-Feb-22,Software Engineer,BPC,Active,Full-Time,Zone C,Part-Time,Involuntary,That commercial east message peace.,Software Engineering,Field Operations,07-11-1980,MA,Administrator,Male,14900,White,Divorced,Fully Meets,3
31-Oct-22,23-Oct-22,Production Technician I,EW,Voluntarily Terminated,Part-Time,Zone A,Part-Time,Retirement,In read day your stay she.,Production       ,General - Sga,07-09-1962,MA,Contracts,Female,76575,Asian,Single,Fully Meets,3
04-Aug-19,04-May-23,Software Engineering Manager,EW,Active,Part-Time,Zone C,Temporary,Involuntary,Leader specific wife appear art they.,Executive Office,Sales & Marketing,08-10-1965,MA,Operator,Male,15790,Asian,Married,Fully Meets,3
23-Aug-20,13-May-27,Accountant I,SVG,Leave of Absence,Part-Time,Zone B,Part-Time,Involuntary,Visit lawyer interesting.,IT/IS,Aerial,21-08-1942,MA,Planner,Female,33587,White,Divorced,Fully Meets,3
05-Jun-23,04-Jan-19,Area Sales Manager,PYZ,Active,Part-Time,Zone A,Temporary,Voluntary,Chance ever laugh sign indicate.,Sales,Safety,08-04-1942,MA,Administrator,Male,77946,Asian,Divorced,Needs Improvement,4
08-Oct-21,05-Jan-19,Area Sales Manager,TNS,Active,Full-Time,Zone C,Temporary,Resignation,Rather which writer family.,Sales,Yard (Material Handling),12-07-1969,CT,Apprentice,Male,81410,Asian,Widowed,Fully Meets,2
12-Aug-18,22-Nov-29,Production Technician II,NEL,Terminated for Cause,Contract,Zone B,Temporary,Retirement,Key real fill never sing feeling.,Production       ,Field Operations,22-08-1998,MA,Laborer,Female,70343,Other,Single,Fully Meets,2
22-Jan-21,14-Aug-26,Production Technician I,WBL,Active,Full-Time,Zone A,Temporary,Involuntary,Control store point.,Production       ,Engineers,12-09-1972,MA,Laborer,Male,23818,White,Divorced,Fully Meets,5
25-Apr-19,30-Jan-22,Production Technician I,CCDR,Active,Full-Time,Zone C,Full-Time,Involuntary,Man issue never strategy will maintain resource.,Production       ,Finance & Accounting,20-12-1992,MA,Electrician,Female,74239,Asian,Widowed,Needs Improvement,1
05-Dec-22,01-May-23,Production Technician I,TNS,Leave of Absence,Part-Time,Zone A,Part-Time,Voluntary,Dream enough treatment knowledge area.,Production       ,Field Operations,30-08-1972,MA,Laborer,Male,49951,White,Married,Exceeds,5
15-Sep-20,24-Dec-26,Production Technician I,BPC,Voluntarily Terminated,Full-Time,Zone A,Temporary,Resignation,Establish go so someone might none stop citizen.,Production       ,Safety,13-03-1942,MA,Laborer,Male,38941,Other,Divorced,Fully Meets,1
02-Jul-19,13-Apr-26,Production Technician I,PYZ,Active,Part-Time,Zone A,Temporary,Involuntary,New out peace director fish.,Production       ,Underground,07-03-1969,MA,Laborer,Female,2183,White,Widowed,Fully Meets,3
19-Jul-22,25-Nov-28,Area Sales Manager,NEL,Active,Contract,Zone A,Part-Time,Involuntary,Great parent relate growth summer.,Sales,Project Management - Con,30-09-1960,TX,Technician,Female,84008,Hispanic,Widowed,Fully Meets,2
24-Jan-23,26-Feb-23,Production Technician I,TNS,Voluntarily Terminated,Contract,Zone C,Part-Time,Involuntary,Off part culture choose strong public.,Production       ,Underground,11-05-1998,MA,Apprentice,Female,85448,Asian,Divorced,Fully Meets,1
14-Mar-21,09-Jun-22,Production Technician II,WBL,Future Start,Contract,Zone B,Part-Time,Resignation,Off part culture choose strong public.,Production       ,Underground,24-12-1986,MA,Mechanic,Male,8825,Black,Divorced,Fully Meets,3
29-Mar-22,17-Jan-22,Production Technician I,SVG,Active,Full-Time,Zone A,Temporary,Involuntary,More best if page.,Production       ,General - Con,24-08-1956,MA,Supervisor,Female,84445,Asian,Single,Exceeds,2
05-Dec-18,07-Oct-25,IT Manager - Infra,BPC,Active,Full-Time,Zone A,Temporary,Voluntary,Listen cover book.,Sales,General - Sga,03-06-1986,MA,Driver,Male,2287,Other,Widowed,Fully Meets,3
29-Jan-21,19-May-20,Production Technician II,MSC,Active,Full-Time,Zone A,Full-Time,Resignation,Describe current question quite coach.,Production       ,General - Con,20-09-1989,MA,Driller,Female,75696,Black,Widowed,Needs Improvement,2
04-Jun-19,10-Sep-27,Area Sales Manager,PL,Active,Contract,Zone A,Full-Time,Involuntary,Yourself book budget product.,Sales,Field Operations,29-09-1951,ND,Services,Male,39359,Hispanic,Divorced,Exceeds,3
25-Sep-22,31-Jul-20,Production Technician I,WBL,Active,Full-Time,Zone A,Full-Time,Involuntary,Everybody list to. Green best stock yes happen.,Production       ,Wireline Construction,15-04-1964,MA,Shop,Female,96804,Hispanic,Single,PIP,4
02-Sep-22,17-Oct-21,Production Technician II,TNS,Future Start,Contract,Zone B,Full-Time,Involuntary,Determine building society soldier.,Production       ,Aerial,26-08-1952,MA,Technician,Female,82190,Hispanic,Married,Fully Meets,5
22-Mar-21,15-Dec-23,Production Technician I,MSC,Terminated for Cause,Contract,Zone B,Part-Time,Involuntary,Her office place.,Production       ,General - Con,01-09-1990,MA,Technician,Female,85492,Hispanic,Widowed,Fully Meets,2
16-Mar-23,15-Nov-27,Production Technician I,TNS,Active,Full-Time,Zone A,Full-Time,Involuntary,Foreign truth concern break ground.,Production       ,Catv,03-10-1982,MA,Labor,Male,83353,Asian,Married,Fully Meets,3
29-Jun-21,19-Sep-23,Production Technician II,BPC,Future Start,Contract,Zone B,Temporary,Voluntary,Value class especially.,Production       ,Sales & Marketing,20-07-1968,MA,Director,Female,83194,Asian,Widowed,Fully Meets,1
06-Nov-22,08-May-20,Production Technician I,EW,Voluntarily Terminated,Part-Time,Zone A,Part-Time,Retirement,Health American identify meeting.,Production       ,Billable Consultants,05-01-1970,MA,Controller,Female,85390,Asian,Single,Fully Meets,3
26-Apr-21,02-Apr-22,President & CEO,PYZ,Leave of Absence,Part-Time,Zone C,Temporary,Resignation,Professor now audience lay box.,IT/IS,Field Operations,27-11-1964,ID,Laborer,Female,54168,Hispanic,Single,Needs Improvement,1
05-Apr-20,14-Mar-27,Production Technician II,SVG,Future Start,Contract,Zone A,Temporary,Resignation,Gas group whose within step clear choose.,Production       ,Yard (Material Handling),02-04-1998,MA,Estimator,Female,65216,Asian,Divorced,PIP,3
03-Nov-22,07-Sep-26,Production Technician I,EW,Leave of Absence,Part-Time,Zone A,Part-Time,Involuntary,Take nice into true side job.,Production       ,Billable Consultants,25-12-1956,MA,Driller,Female,89307,Asian,Single,Fully Meets,3
11-Sep-22,25-Oct-24,Production Technician I,TNS,Active,Contract,Zone A,Full-Time,Resignation,Stay herself cultural pass large.,Production       ,Isp,20-08-1990,MA,Program Manager,Female,92034,Asian,Married,Fully Meets,5
11-Jan-23,14-Mar-26,President & CEO,BPC,Active,Full-Time,Zone B,Temporary,Resignation,True system strong often experience.,Sales,Safety,03-07-1989,MA,Ceo,Female,10352,Other,Single,Fully Meets,5
15-Apr-19,06-Nov-19,Production Technician I,MSC,Terminated for Cause,Full-Time,Zone A,Part-Time,Retirement,On sport growth now general.,Production       ,General - Con,01-03-1984,MA,Labor,Female,1391,Other,Widowed,PIP,2
06-Dec-22,16-Sep-24,Administrative Assistant,TNS,Active,Part-Time,Zone A,Temporary,Resignation,Summer might develop TV magazine down.,IT/IS,Splicing,14-11-1989,MA,Laborer,Female,75770,Hispanic,Widowed,Needs Improvement,3
13-Aug-19,12-Jun-20,Network Engineer,PYZ,Active,Contract,Zone C,Full-Time,Voluntary,Particularly box maybe.,IT/IS,Executive,23-07-1951,MA,Executive,Male,1030,Black,Married,Fully Meets,4
27-Feb-22,02-Apr-27,Senior BI Developer,CCDR,Terminated for Cause,Contract,Zone B,Temporary,Resignation,Democrat stage daughter any own whom.,Production       ,Aerial,15-02-1944,MA,Manager,Male,10116,Black,Married,Fully Meets,4
17-Jan-20,29-Sep-20,IT Manager - Infra,WBL,Active,Full-Time,Zone A,Temporary,Voluntary,Each wish foot person morning per significant.,IT/IS,Field Operations,18-07-1975,MA,Controller,Male,64547,Hispanic,Divorced,Fully Meets,3
04-Jun-23,06-May-28,Network Engineer,MSC,Active,Contract,Zone B,Temporary,Unk,Deep certainly boy record.,Executive Office,Yard (Material Handling),15-08-1964,MA,Foreman,Male,90441,Black,Single,Fully Meets,3
24-Aug-18,24-Jun-21,Production Technician I,BPC,Voluntarily Terminated,Part-Time,Zone B,Temporary,Voluntary,Board industry once tough investment age.,Production       ,Field Operations,20-09-1943,MA,Driver,Male,2002,Black,Widowed,Fully Meets,3
27-Sep-18,30-Jan-29,Database Administrator,EW,Active,Part-Time,Zone C,Temporary,Resignation,Body move possible play. Relate husband Mrs.,Production       ,Executive,30-05-1972,MA,Manager,Female,15823,Other,Married,Fully Meets,4
01-Oct-22,18-Apr-28,Database Administrator,CCDR,Active,Contract,Zone C,Part-Time,Resignation,Message firm social daughter third ready.,Sales,Shop (Fleet),07-10-1980,MA,Technician,Female,75528,Asian,Married,Fully Meets,2
19-Apr-23,03-Feb-24,Production Technician I,NEL,Active,Contract,Zone B,Part-Time,Retirement,Ok though floor sense want future.,Production       ,General - Sga,26-10-1993,MA,Field Project Manager,Male,77877,Hispanic,Divorced,Fully Meets,2
22-Apr-23,11-Mar-24,Production Technician I,EW,Active,Full-Time,Zone C,Part-Time,Retirement,Information step name three choose.,Production       ,Catv,04-12-1948,MA,Program Manager,Female,92833,Black,Single,Fully Meets,3
09-Aug-22,11-Apr-27,Area Sales Manager,MSC,Leave of Absence,Contract,Zone B,Temporary,Retirement,Surface vote old picture.,Sales,General - Con,04-02-1960,NY,Foreman,Male,51175,Hispanic,Single,Fully Meets,2
19-Mar-23,20-Aug-26,Production Technician I,TNS,Active,Full-Time,Zone A,Full-Time,Retirement,Beat hand ready reason development else doctor.,Production       ,Fielders,04-01-1984,MA,Groundman,Male,93367,Asian,Married,Fully Meets,3
15-Apr-20,18-Jun-23,Production Technician I,SVG,Leave of Absence,Full-Time,Zone C,Temporary,Resignation,Partner fact hand bag management woman.,Production       ,Field Operations,18-05-1983,MA,Coordinator,Female,41735,Other,Widowed,Fully Meets,3
22-Apr-21,23-Apr-22,Production Technician I,EW,Active,Contract,Zone B,Part-Time,Involuntary,Nor director yard within car into final.,Production       ,Splicing,14-12-1957,MA,Laborer,Male,53467,Hispanic,Widowed,Fully Meets,5
14-Mar-19,15-Mar-19,Network Engineer,TNS,Future Start,Contract,Zone A,Temporary,Retirement,Professor phone billion none very evidence.,Production       ,Project Management - Con,09-11-1997,MA,Laborer,Female,44570,White,Single,Fully Meets,1
26-Sep-18,15-Mar-29,Production Technician I,EW,Terminated for Cause,Contract,Zone A,Part-Time,Resignation,Condition control raise.,Production       ,Isp,08-08-1949,MA,Administration,Female,20145,Other,Divorced,Fully Meets,3
19-Aug-18,02-Feb-27,Database Administrator,NEL,Terminated for Cause,Full-Time,Zone B,Part-Time,Voluntary,Factor strategy defense citizen.,Production       ,General - Eng,05-09-1947,MA,Administration,Female,77872,Asian,Divorced,Fully Meets,2
03-Feb-21,17-Jan-28,Production Technician I,MSC,Future Start,Contract,Zone B,Part-Time,Voluntary,Health section option interview.,Production       ,General - Con,10-10-1988,MA,Billing,Female,92860,Hispanic,Widowed,Fully Meets,2
26-May-19,19-Jun-21,Area Sales Manager,PL,Active,Contract,Zone C,Full-Time,Voluntary,Behind bar item management.,Sales,Aerial,01-07-1979,MA,Associate,Male,48523,Other,Divorced,Fully Meets,5
13-Oct-22,06-Jun-28,Production Technician II,CCDR,Future Start,Part-Time,Zone B,Temporary,Resignation,Theory grow future week house.,Production       ,Sales & Marketing,05-03-1957,MA,Tester,Female,97056,Hispanic,Married,Fully Meets,1
14-Sep-18,30-May-23,Production Technician I,CCDR,Future Start,Part-Time,Zone B,Temporary,Retirement,Much try remember natural.,Production       ,Field Operations,02-11-1998,MA,Contracts,Male,27933,Other,Divorced,Fully Meets,3
15-Apr-23,08-Mar-27,IT Manager - DB,WBL,Active,Part-Time,Zone B,Full-Time,Voluntary,Official minute everyone level thing economic.,IT/IS,Field Operations,05-05-1968,MA,Foreman,Male,84293,Hispanic,Single,Fully Meets,3
08-Oct-21,15-Sep-27,Data Analyst,PL,Terminated for Cause,Full-Time,Zone B,Full-Time,Retirement,Too within that room.,IT/IS,Engineers,14-09-1982,MA,Project Manager,Female,85137,Other,Divorced,Fully Meets,3
25-Oct-22,28-Jul-21,Director of Sales,PYZ,Terminated for Cause,Part-Time,Zone A,Full-Time,Resignation,Else enjoy include expect.,Production       ,Technology / It,04-04-1957,MA,Project Coordinator,Female,49919,White,Single,Fully Meets,5
04-Sep-21,14-Nov-20,Production Technician I,WBL,Active,Full-Time,Zone A,Full-Time,Involuntary,Compare factor only together.,Production       ,Field Operations,16-04-1948,MA,Laborer,Male,18568,Hispanic,Single,Fully Meets,3
28-Jun-20,04-Sep-24,Production Technician II,PL,Active,Contract,Zone A,Temporary,Involuntary,Great relate within you. Red bill unit school.,Production       ,General - Con,02-11-1953,MA,Accounting,Female,1746,Hispanic,Married,Fully Meets,3
06-Feb-19,21-Aug-28,Area Sales Manager,PYZ,Active,Full-Time,Zone B,Temporary,Resignation,Listen cover book.,Sales,General - Eng,21-12-1962,MA,Project Manager,Male,2470,Asian,Married,Fully Meets,5
17-Dec-18,17-May-21,Production Technician I,TNS,Leave of Absence,Full-Time,Zone C,Part-Time,Retirement,Prevent involve hundred price.,Production       ,Field Operations,13-08-1997,MA,Laborer,Male,15544,Black,Widowed,Exceeds,3
24-Mar-19,09-May-25,Production Technician II,TNS,Leave of Absence,Part-Time,Zone B,Part-Time,Resignation,Offer kitchen foreign role.,Production       ,Field Operations,01-11-1976,MA,Top Hand,Male,29554,Other,Widowed,Fully Meets,3
20-Apr-19,11-Jan-27,Production Technician II,PYZ,Future Start,Contract,Zone A,Part-Time,Involuntary,Teacher door money tend song.,Production       ,Wireline Construction,03-10-1997,MA,Clerk,Male,24603,Other,Divorced,Fully Meets,5
12-Jul-21,06-Sep-23,Production Technician I,SVG,Terminated for Cause,Part-Time,Zone A,Temporary,Retirement,Democrat stage daughter any own whom.,Production       ,Field Operations,14-01-1974,MA,Associate,Male,8541,Hispanic,Single,Needs Improvement,4
05-Nov-22,12-Sep-24,Production Technician I,MSC,Active,Contract,Zone B,Part-Time,Voluntary,Onto site natural situation wear.,Production       ,Project Management - Con,10-07-1948,MA,Driller,Female,50258,Asian,Widowed,Fully Meets,2
01-Nov-22,01-Sep-19,Production Technician I,MSC,Active,Contract,Zone B,Part-Time,Resignation,Stuff different color how.,Production       ,Project Management - Con,04-09-1950,MA,Estimator,Female,71176,Asian,Widowed,Fully Meets,2
27-Jul-22,01-Mar-24,Production Technician I,EW,Active,Contract,Zone B,Part-Time,Voluntary,Participant candidate wonder growth agree.,Production       ,Shop (Fleet),24-03-1964,MA,Laborer,Male,46100,Hispanic,Widowed,Fully Meets,1
16-Jul-19,02-Feb-24,Production Technician I,CCDR,Future Start,Part-Time,Zone B,Temporary,Voluntary,Cost high must body defense population.,Production       ,Field Operations,19-10-1990,MA,Business Development,Male,31973,Other,Divorced,Fully Meets,3
12-Aug-20,20-Jun-23,Production Technician II,NEL,Active,Contract,Zone A,Part-Time,Voluntary,Large relate work treatment Mrs.,Production       ,Field Operations,04-01-1955,MA,Laborer,Female,19745,Black,Married,Fully Meets,1
10-Nov-22,13-Sep-27,Production Technician II,PL,Leave of Absence,Full-Time,Zone A,Temporary,Resignation,Professional military easy so.,Production       ,Engineers,31-03-1955,MA,Drafter,Male,23113,Other,Single,Needs Improvement,4
24-Feb-19,28-Jan-24,IT Manager - Infra,TNS,Leave of Absence,Contract,Zone A,Part-Time,Involuntary,Continue move everything.,Production       ,Project Management - Eng,15-12-1981,MA,Tower Hand,Female,23963,White,Widowed,Fully Meets,4
22-Oct-22,07-Oct-19,Production Technician II,WBL,Active,Full-Time,Zone C,Temporary,Retirement,Practice school PM her help open tough.,Production       ,Project Management - Eng,01-09-1949,MA,Executive Assistant,Female,74694,White,Single,Fully Meets,4
13-Oct-22,15-May-29,Production Technician II,CCDR,Future Start,Part-Time,Zone B,Temporary,Retirement,Dream enough treatment knowledge area.,Production       ,Wireless,07-04-1961,MA,Administrative,Female,75106,Hispanic,Married,Fully Meets,5
11-Jun-22,18-Jun-24,Production Technician I,NEL,Active,Contract,Zone B,Temporary,Resignation,Ok though floor sense want future.,Production       ,Field Operations,03-05-1970,MA,Laborer,Male,52569,Asian,Widowed,Fully Meets,2
29-Jan-19,10-Jul-25,Production Technician I,TNS,Active,Contract,Zone A,Full-Time,Voluntary,Fast glass machine compare after check.,Production       ,Executive,09-05-1976,MA,Helper,Female,9898,Asian,Widowed,Needs Improvement,1
12-Nov-22,28-Oct-27,Software Engineer,EW,Active,Part-Time,Zone B,Full-Time,Involuntary,Simply game everyone despite line.,Software Engineering,People Services,27-01-1958,MA,Associate,Male,95707,Asian,Married,Fully Meets,3
10-Nov-22,22-Oct-26,Production Technician I,MSC,Active,Contract,Zone B,Part-Time,Voluntary,Record your institution south stop play.,Production       ,Project Management - Con,19-12-1954,MA,Labor,Female,72305,Asian,Widowed,Fully Meets,2
31-May-21,29-Jun-28,IT Director,PL,Active,Part-Time,Zone B,Full-Time,Voluntary,Control head ground agreement check ever.,Production       ,Field Operations,26-01-1978,MA,Ceo,Male,63032,Other,Divorced,Fully Meets,1
17-Aug-20,13-Nov-29,Production Technician II,SVG,Future Start,Part-Time,Zone B,Temporary,Resignation,Decision example see low someone. Ball week that.,Production       ,Yard (Material Handling),06-02-1973,MA,Manager,Female,49200,Other,Divorced,Fully Meets,2
02-May-23,13-Jun-28,Network Engineer,MSC,Active,Contract,Zone B,Temporary,Resignation,Deep certainly boy record.,Admin Offices,Splicing,12-02-1957,MA,Top Hand,Male,92863,Black,Single,Fully Meets,3
02-Sep-18,11-May-23,Senior BI Developer,EW,Active,Contract,Zone C,Temporary,Retirement,Then foot not.,IT/IS,Field Operations,10-09-1946,MA,Laborer,Male,25638,White,Divorced,Fully Meets,3
04-Oct-18,22-Apr-22,Production Technician I,PL,Voluntarily Terminated,Part-Time,Zone C,Temporary,Retirement,Year color woman become year scene very.,Production       ,Field Operations,28-12-1945,MA,Project Controls,Male,38409,Asian,Married,Needs Improvement,4
05-Jul-19,13-Nov-24,Production Technician I,SVG,Active,Contract,Zone A,Full-Time,Voluntary,Here employee minute officer southern.,Production       ,General - Eng,17-08-1950,MA,Services,Male,40564,Black,Married,Needs Improvement,4
03-Nov-18,23-Dec-25,Production Technician I,MSC,Active,Contract,Zone A,Part-Time,Retirement,Foot in theory minute recognize test.,Production       ,Field Operations,02-01-1945,MA,Foreman,Male,3026,Other,Married,Fully Meets,3
25-Nov-19,12-Oct-23,Production Technician II,SVG,Voluntarily Terminated,Full-Time,Zone C,Temporary,Voluntary,Six agreement take. Newspaper back land health.,Production       ,Aerial,30-05-1992,MA,Administration,Female,19376,White,Divorced,Fully Meets,1
28-Oct-20,17-Apr-25,Production Technician I,NEL,Terminated for Cause,Full-Time,Zone C,Part-Time,Involuntary,Center west table security.,Production       ,Field Operations,24-05-1998,MA,Laborer,Male,20250,Black,Widowed,PIP,1
15-Aug-20,27-May-29,Data Analyst,SVG,Terminated for Cause,Part-Time,Zone B,Part-Time,Involuntary,Visit lawyer interesting.,IT/IS,Aerial,16-12-1948,MA,Accounting,Female,23093,White,Divorced,Fully Meets,3
24-Nov-19,24-Dec-27,Production Technician I,PYZ,Active,Contract,Zone A,Part-Time,Involuntary,Partner fact hand bag management woman.,Production       ,Field Operations,16-05-1951,MA,Locator,Male,14618,Other,Married,Fully Meets,3
15-Dec-20,07-Jun-24,Area Sales Manager,CCDR,Active,Contract,Zone B,Part-Time,Resignation,First choose again themselves thing however.,Sales,People Services,14-11-1968,WA,Runner,Female,60608,Asian,Widowed,Fully Meets,1
09-May-20,28-Aug-19,Production Technician II,PYZ,Active,Part-Time,Zone B,Temporary,Retirement,Wide smile scene such society contain.,Production       ,Field Operations,21-04-1980,MA,Laborer,Female,1402,Asian,Single,Exceeds,3
04-Oct-21,03-Jan-26,Software Engineering Manager,TNS,Active,Contract,Zone A,Part-Time,Retirement,Television represent skill police.,IT/IS,Yard (Material Handling),18-09-1944,MA,Executive,Male,12643,Asian,Single,Needs Improvement,3
11-Dec-19,29-Sep-24,Production Technician II,PYZ,Leave of Absence,Full-Time,Zone A,Part-Time,Involuntary,North next animal laugh threat no.,Production       ,General - Con,23-02-1942,MA,Splicer,Female,81942,Hispanic,Married,Fully Meets,1
15-Oct-21,06-Dec-19,Area Sales Manager,CCDR,Active,Full-Time,Zone A,Full-Time,Voluntary,Need either go.,Sales,Safety,25-12-1983,NY,Top Hand,Male,33853,Asian,Married,Fully Meets,2
04-May-21,08-Jul-20,Production Technician II,PYZ,Leave of Absence,Full-Time,Zone A,Part-Time,Voluntary,To prevent method stand decision.,Production       ,Field Operations,01-11-1959,MA,Services,Female,62010,Black,Divorced,Fully Meets,3
12-Jul-20,02-Jan-24,Administrative Assistant,PL,Active,Full-Time,Zone A,Full-Time,Resignation,Interest again main describe end charge.,Production       ,Engineers,14-04-1995,MA,Executive,Female,13560,White,Widowed,Fully Meets,1
26-Oct-22,17-Dec-21,Principal Data Architect,TNS,Active,Full-Time,Zone A,Temporary,Involuntary,Word once speech mind.,Admin Offices,Aerial,27-04-1986,MA,Intern,Male,6033,White,Single,PIP,4
16-May-20,29-Jan-29,IT Support,BPC,Active,Contract,Zone C,Full-Time,Voluntary,Me local somebody method away choose hit truth.,Production       ,Project Management - Con,16-03-1975,MA,Vp,Male,35412,White,Single,Fully Meets,1
14-Oct-20,23-Jul-28,IT Director,WBL,Active,Contract,Zone B,Part-Time,Voluntary,Despite expect democratic then affect toward.,Software Engineering,Executive,31-07-1981,MA,Director,Female,73568,Hispanic,Single,Fully Meets,3
25-Mar-23,11-Oct-19,Senior BI Developer,PYZ,Active,Part-Time,Zone C,Part-Time,Retirement,Southern alone father state.,IT/IS,Project Management - Con,18-08-1974,MA,Associate,Male,92352,White,Married,Fully Meets,4
18-Aug-22,01-Dec-26,Production Technician I,EW,Active,Contract,Zone B,Part-Time,Retirement,Doctor statement she rule order wind.,Production       ,Underground,19-04-1957,MA,Laborer,Male,60922,Hispanic,Widowed,Fully Meets,5
04-Mar-23,27-Sep-20,Production Technician I,CCDR,Active,Contract,Zone B,Part-Time,Resignation,Material agency modern degree general.,Production       ,Field Operations,21-02-1976,MA,Operator,Male,56491,Asian,Married,Needs Improvement,5
16-Jun-19,25-Jan-29,Area Sales Manager,PYZ,Active,Full-Time,Zone A,Temporary,Retirement,Popular west moment natural step activity.,Sales,Executive,29-11-1992,OR,Electrician,Female,34064,Black,Single,Fully Meets,4
22-Apr-23,26-Sep-23,Production Technician I,EW,Active,Full-Time,Zone C,Part-Time,Voluntary,Information race relate rich poor already make.,Production       ,Engineers,18-01-1947,MA,Generalist,Female,95203,Black,Single,Fully Meets,3
02-Feb-21,27-Sep-24,Production Technician II,EW,Active,Part-Time,Zone B,Temporary,Retirement,Central baby moment benefit do.,Production       ,Field Operations,24-07-1980,MA,Laborer,Female,14038,Asian,Single,Exceeds,5
09-May-23,15-Jun-23,Production Technician II,CCDR,Active,Contract,Zone C,Full-Time,Retirement,Amount particular answer show.,Production       ,Field Operations,05-09-1954,MA,Laborer,Female,24161,Asian,Divorced,PIP,3
27-Nov-22,19-Mar-22,Production Technician I,BPC,Active,Contract,Zone B,Part-Time,Involuntary,Design laugh top music policy.,Production       ,Finance & Accounting,02-06-1954,MA,Supervisor,Male,51693,Other,Divorced,Fully Meets,3
12-Jun-20,07-Jan-26,IT Manager - DB,PYZ,Terminated for Cause,Part-Time,Zone C,Temporary,Voluntary,Join difference order size occur entire sell.,IT/IS,Field Operations,15-11-1994,MA,Laborer,Female,44609,Other,Married,Fully Meets,3
14-Sep-20,12-Jan-21,Production Technician II,BPC,Active,Part-Time,Zone A,Temporary,Involuntary,Much already above care than.,Production       ,Shop (Fleet),02-11-1990,MA,Splicer,Male,56302,White,Single,Fully Meets,1
20-Dec-20,03-Apr-19,Production Technician II,PL,Active,Contract,Zone A,Temporary,Retirement,Open test message part risk.,Production       ,General - Con,19-12-1942,MA,Accounting,Female,6600,Hispanic,Married,Fully Meets,3
21-Dec-18,13-Aug-26,Accountant I,MSC,Active,Contract,Zone B,Temporary,Voluntary,Effort situation use necessary.,Executive Office,Shop (Fleet),09-07-1957,MA,Billing,Female,59751,White,Married,Fully Meets,3
20-Mar-21,28-Sep-25,Software Engineering Manager,MSC,Active,Contract,Zone C,Temporary,Retirement,Partner decide help quite whether market.,IT/IS,Field Operations,13-07-1949,MA,Laborer,Male,44127,White,Divorced,Fully Meets,3
08-Apr-23,03-Jan-19,Production Technician I,PL,Active,Full-Time,Zone B,Full-Time,Resignation,Too former relationship risk.,Production       ,People Services,15-12-1971,MA,Director,Female,68758,Other,Widowed,Fully Meets,3
28-Mar-21,19-Jul-23,Shared Services Manager,WBL,Active,Part-Time,Zone C,Temporary,Retirement,Here relationship possible purpose instead.,Production       ,People Services,27-01-1947,MA,Laborer,Male,48375,Asian,Single,Fully Meets,1
04-Sep-21,24-Sep-26,Accountant I,WBL,Active,Full-Time,Zone B,Temporary,Involuntary,Line know television.,IT/IS,Field Operations,27-01-1986,MA,Accounting,Male,2908,Other,Divorced,Exceeds,1
19-Apr-21,04-Apr-20,IT Manager - Infra,PL,Active,Part-Time,Zone C,Temporary,Voluntary,Fill outside then discuss table.,Production       ,Project Management - Con,25-10-1967,MA,Electrician,Female,22158,Asian,Divorced,Fully Meets,4
09-Jun-23,01-Dec-20,Production Technician I,EW,Active,Contract,Zone B,Temporary,Resignation,Fight look song material year happen.,Production       ,Shop (Fleet),07-03-1958,MA,Associate,Female,44993,White,Widowed,Needs Improvement,4
19-Jan-22,12-May-27,Production Technician II,NEL,Active,Full-Time,Zone C,Full-Time,Involuntary,Design and respond dog true knowledge.,Production       ,Shop (Fleet),20-09-1950,MA,Groundman,Female,11422,White,Widowed,Fully Meets,3
16-May-20,04-Sep-21,BI Developer,NEL,Active,Contract,Zone A,Full-Time,Involuntary,Per record feeling bed tax education.,IT/IS,Wireline Construction,13-12-2000,MA,Safety,Female,85342,Hispanic,Married,Fully Meets,3
24-Jun-23,06-Feb-25,Production Technician II,PYZ,Future Start,Full-Time,Zone A,Temporary,Resignation,According if detail quality difficult.,Production       ,Field Operations,12-06-1994,MA,Associate,Female,21044,White,Divorced,Fully Meets,3
16-Oct-19,25-Jun-20,Software Engineer,NEL,Future Start,Full-Time,Zone A,Full-Time,Resignation,First peace oil more last us. Front product many.,Software Engineering,Catv,03-03-1992,MA,Ceo,Male,68926,White,Divorced,Fully Meets,2
11-Oct-18,17-May-19,IT Director,CCDR,Active,Contract,Zone B,Full-Time,Voluntary,Finish law price under.,Sales,Splicing,16-10-1995,MA,Administrative,Male,43341,Hispanic,Married,Fully Meets,1
17-Jun-23,10-Nov-24,Production Technician I,PL,Future Start,Contract,Zone B,Part-Time,Involuntary,Maintain program process present knowledge PM.,Production       ,Wireless,14-10-1991,MA,Foreman,Female,39114,White,Divorced,Fully Meets,3
09-Nov-21,21-Feb-19,Production Technician I,CCDR,Active,Part-Time,Zone A,Full-Time,Retirement,Today situation minute figure friend opportunity.,Production       ,Field Operations,06-06-1961,MA,Laborer,Female,4978,Black,Widowed,Fully Meets,3
31-Mar-22,25-Nov-22,Production Technician II,SVG,Active,Part-Time,Zone C,Temporary,Voluntary,A parent bit rich. Reflect north sometimes card.,Production       ,Engineers,21-10-1991,MA,Program Manager,Male,57053,Asian,Single,Exceeds,4
18-Feb-21,17-Jan-22,Production Technician I,PL,Leave of Absence,Full-Time,Zone C,Full-Time,Retirement,Direction west appear son school anything.,Production       ,Executive,28-03-1993,MA,Locator,Female,66863,Black,Married,Fully Meets,5
25-Dec-18,10-Mar-21,Senior BI Developer,PYZ,Active,Contract,Zone C,Full-Time,Voluntary,Particularly box maybe.,IT/IS,People Services,26-06-1942,MA,Ceo,Male,7003,Black,Married,Fully Meets,5
13-Jul-21,11-Aug-19,Production Technician II,PL,Active,Full-Time,Zone B,Full-Time,Resignation,Technology eight stage hold chance after police.,Production       ,Engineers,20-06-1997,MA,Technician,Female,1153,Asian,Single,Exceeds,4
23-Sep-21,02-Apr-27,Production Manager,PL,Active,Part-Time,Zone C,Temporary,Resignation,Fill outside then discuss table.,Production       ,Project Management - Con,30-11-1958,MA,Splicer,Female,26921,Asian,Divorced,Fully Meets,5
01-Aug-19,12-Apr-25,Production Technician II,WBL,Active,Contract,Zone C,Temporary,Voluntary,Past agreement focus back.,Production       ,Aerial,18-07-1999,MA,Laborer,Female,28180,Hispanic,Widowed,Fully Meets,2
07-Jul-22,25-Nov-24,Production Technician I,BPC,Active,Full-Time,Zone B,Part-Time,Voluntary,Shake war over young like anything order.,Production       ,Billable Consultants,15-04-1949,MA,Generalist,Female,31207,Black,Married,Needs Improvement,1
20-Nov-22,01-Jan-23,Data Analyst,WBL,Voluntarily Terminated,Full-Time,Zone C,Full-Time,Involuntary,Authority PM house child cost risk.,Production       ,General - Sga,23-06-1991,MA,Supervisor,Female,56832,Asian,Divorced,Fully Meets,2
16-Jul-23,25-Jan-28,Production Technician I,PL,Voluntarily Terminated,Contract,Zone B,Part-Time,Involuntary,Window paper dark power knowledge must current.,Production       ,Wireless,27-05-1989,MA,Foreman,Female,45108,White,Divorced,Fully Meets,3
