StartDate,ExitDate,Title,BusinessUnit,EmployeeStatus,EmployeeType,PayZone,EmployeeClassificationType,TerminationType,TerminationDescription,DepartmentType,Division,DOB,State,JobFunctionDescription,GenderCode,LocationCode,RaceDesc,MaritalDesc,Performance Score,Current Employee Rating
22-Jun-20,13-Oct-25,Production Technician I,NEL,Active,Contract,Zone A,Full-Time,Involuntary,After draw carry north federal region recently.,Production       ,General - Eng,16-09-1949,MA,Supervisor,Female,9725,Asian,Married,PIP,4
16-Jun-21,26-Apr-25,Production Technician II,BPC,Leave of Absence,Contract,Zone B,Temporary,Retirement,Control store point.,Production       ,Splicing,20-03-1972,MA,Safety,Female,89324,Asian,Widowed,Fully Meets,5
10-Oct-21,23-Jun-20,Production Technician I,CCDR,Active,Contract,Zone B,Temporary,Retirement,Message firm social daughter third ready.,Production       ,Isp,20-06-1942,MA,Director,Male,40395,Asian,Divorced,Fully Meets,1
26-Nov-19,03-Jun-26,Database Administrator,BPC,Active,Contract,Zone B,Full-Time,Resignation,Sense station management factor.,IT/IS,General - Con,05-06-1986,MA,Clerk,Female,10597,Hispanic,Single,Fully Meets,3
07-Oct-21,15-Dec-24,Area Sales Manager,MSC,Active,Contract,Zone A,Temporary,Voluntary,Save interest factor training.,Sales,General - Con,02-04-1963,KY,Laborer,Male,52211,Other,Widowed,Fully Meets,5
03-Mar-23,16-Jul-27,Production Technician I,PYZ,Leave of Absence,Part-Time,Zone A,Full-Time,Voluntary,Some others lot miss land similar.,Production       ,Yard (Material Handling),23-05-1986,MA,Director,Female,5235,Asian,Widowed,Fully Meets,3
06-Feb-21,28-Feb-28,Production Technician I,SVG,Active,Contract,Zone B,Temporary,Involuntary,Material agency modern degree general.,Production       ,Wireline Construction,04-06-2001,MA,Driver,Male,7479,Black,Single,Exceeds,4
01-Jun-22,24-Jun-23,Area Sales Manager,PYZ,Active,Full-Time,Zone C,Part-Time,Involuntary,Create who sound worry ground.,Sales,Fielders,23-06-1969,AL,Vp,Male,66584,Asian,Married,Fully Meets,2
14-Dec-19,10-Apr-25,Production Technician I,EW,Future Start,Full-Time,Zone A,Full-Time,Retirement,Six agreement take. Newspaper back land health.,Production       ,Project Management - Con,15-06-1998,MA,Safety,Female,51158,Asian,Single,Fully Meets,4
06-Nov-20,11-Dec-22,BI Developer,SVG,Voluntarily Terminated,Part-Time,Zone B,Part-Time,Involuntary,Visit lawyer interesting.,IT/IS,Aerial,22-06-1951,MA,Lineman,Female,26567,White,Divorced,Fully Meets,3
16-Sep-18,30-Aug-19,Production Technician I,WBL,Terminated for Cause,Part-Time,Zone C,Full-Time,Retirement,Information step name three choose.,Production       ,Field Operations,07-03-1978,MA,Specialist,Female,70604,Other,Divorced,Fully Meets,2
13-Jul-21,17-Jul-26,Production Technician I,MSC,Future Start,Part-Time,Zone B,Full-Time,Voluntary,A discussion quite mission.,Production       ,Executive,30-09-1946,MA,Tester,Male,79501,Asian,Single,Fully Meets,4
31-Jul-22,26-Mar-20,Production Technician I,BPC,Active,Full-Time,Zone B,Part-Time,Resignation,Everybody list to. Green best stock yes happen.,Production       ,General - Sga,03-03-1944,MA,Administration,Female,35829,Black,Married,Exceeds,1
16-Oct-21,15-Jan-20,Sr. DBA,CCDR,Active,Contract,Zone A,Temporary,Retirement,If data from box movement bad service.,IT/IS,Technology / It,16-08-1978,MA,Executive Assistant,Male,95426,Asian,Single,Fully Meets,4
19-May-19,08-May-19,Production Technician II,PYZ,Leave of Absence,Contract,Zone A,Part-Time,Voluntary,Key real fill never sing feeling.,Production       ,Wireline Construction,20-01-1994,MA,Business Development,Male,32157,Other,Divorced,Fully Meets,5
25-Oct-21,31-Jan-26,Area Sales Manager,CCDR,Active,Full-Time,Zone A,Full-Time,Voluntary,True system strong often experience.,Sales,General - Sga,23-10-1985,AL,Assistant,Male,27510,Asian,Married,Fully Meets,2
30-Aug-20,26-Feb-25,Area Sales Manager,CCDR,Active,Contract,Zone B,Part-Time,Resignation,Organization above size discuss office.,Sales,Splicing,26-08-1967,AL,Project Controls,Female,65242,Asian,Widowed,Fully Meets,5
22-Sep-20,08-Oct-27,Production Technician I,SVG,Active,Full-Time,Zone C,Temporary,Retirement,Year color woman become year scene very.,Production       ,General - Con,19-08-1975,MA,Controller,Female,62310,Black,Divorced,Fully Meets,5
11-Oct-21,17-Jan-24,Production Technician I,MSC,Leave of Absence,Part-Time,Zone B,Full-Time,Resignation,Member space player.,Production       ,People Services,11-10-1946,MA,Attendant,Male,81060,Asian,Single,Fully Meets,5
09-Jun-23,18-Jul-23,CIO,CCDR,Future Start,Full-Time,Zone C,Full-Time,Voluntary,President site student thank community.,IT/IS,Wireless,04-03-1983,MA,Executive Assistant,Female,19360,White,Widowed,Fully Meets,3
12-Jan-20,02-Mar-25,President & CEO,SVG,Active,Full-Time,Zone B,Temporary,Voluntary,Audience board south. Per state model beat.,Executive Office,General - Con,24-05-1957,MA,Administrative,Female,77612,Asian,Divorced,Fully Meets,1
02-Mar-22,24-Jul-25,Production Technician II,SVG,Active,Part-Time,Zone C,Temporary,Voluntary,Else enjoy include expect.,Production       ,Engineers,18-08-1997,MA,Engineer,Male,67773,Asian,Single,Exceeds,3
12-Dec-20,22-May-23,Area Sales Manager,NEL,Active,Contract,Zone A,Full-Time,Involuntary,Suddenly myself debate official training three.,Sales,Splicing,07-10-1990,AL,Supervisor,Male,20731,Asian,Married,Fully Meets,5
22-Oct-22,22-Feb-28,Network Engineer,PYZ,Terminated for Cause,Part-Time,Zone A,Full-Time,Resignation,Work around personal cover reflect including.,Production       ,Isp,22-10-1966,MA,Engineer,Female,54625,White,Single,Fully Meets,5
08-Sep-19,18-Oct-23,BI Director,PYZ,Future Start,Contract,Zone B,Temporary,Resignation,Begin mind time similar night travel.,IT/IS,People Services,19-01-1951,MA,Laborer,Female,16252,Asian,Married,Needs Improvement,1
25-Jan-20,06-Jan-20,Production Technician I,SVG,Leave of Absence,Contract,Zone A,Temporary,Voluntary,Summer begin quickly.,Production       ,Field Operations,09-10-1955,MA,Top Hand,Male,39699,Black,Married,Fully Meets,1
23-Dec-20,28-Nov-24,Production Technician I,BPC,Leave of Absence,Full-Time,Zone B,Temporary,Resignation,Record your institution south stop play.,Production       ,Engineers,20-07-1992,MA,Tower Hand,Male,31655,Other,Widowed,Fully Meets,3
28-Dec-19,22-Mar-28,CIO,NEL,Terminated for Cause,Part-Time,Zone A,Part-Time,Resignation,Choose system picture one party decision.,IT/IS,Fielders,06-09-1971,MA,Foreman,Male,9866,Black,Single,Fully Meets,3
04-Apr-20,29-May-20,Sales Manager,PL,Active,Full-Time,Zone C,Temporary,Involuntary,Artist technology ever body provide today doctor.,Admin Offices,Catv,18-10-1973,MA,Electrician,Female,11917,Black,Single,Fully Meets,3
13-Jan-19,10-Aug-19,BI Developer,CCDR,Active,Part-Time,Zone A,Part-Time,Voluntary,Where forward evening huge cost share eat.,IT/IS,Project Management - Eng,15-08-1950,MA,Helper,Male,11060,Asian,Single,Fully Meets,3
24-Apr-21,18-Feb-19,Production Technician I,PYZ,Active,Contract,Zone B,Temporary,Involuntary,Much already above care than.,Production       ,Field Operations,13-10-1946,MA,Helper,Male,42083,White,Widowed,Fully Meets,2
18-Apr-19,13-Nov-23,IT Director,SVG,Leave of Absence,Contract,Zone A,Full-Time,Resignation,Sort blue time total.,IT/IS,Aerial,02-02-1967,MA,Laborer,Female,35230,Other,Married,Needs Improvement,3
12-Nov-22,18-Apr-21,Production Technician I,EW,Terminated for Cause,Part-Time,Zone A,Part-Time,Involuntary,Officer thus service.,Production       ,Aerial,08-03-1960,MA,Cfo,Female,84115,Asian,Single,Fully Meets,3
19-Jan-20,20-Jun-20,IT Manager - Support,PL,Leave of Absence,Contract,Zone A,Part-Time,Retirement,Nature here wrong why.,IT/IS,Wireline Construction,17-12-1946,MA,Assistant,Female,3656,Black,Single,Fully Meets,3
04-May-19,21-May-27,Production Technician I,EW,Terminated for Cause,Part-Time,Zone B,Temporary,Resignation,About allow court us.,Production       ,Field Operations,08-08-1993,MA,Planner,Male,31687,Other,Divorced,Fully Meets,3
06-Mar-23,06-Jan-27,Shared Services Manager,SVG,Active,Full-Time,Zone C,Part-Time,Retirement,Future where and.,IT/IS,Wireless,25-06-1972,MA,Billing,Male,72974,Asian,Divorced,Fully Meets,5
23-Jun-22,09-Nov-29,Production Technician II,TNS,Leave of Absence,Part-Time,Zone A,Part-Time,Retirement,Amount particular answer show.,Sales,Shop (Fleet),05-03-1968,MA,Laborer,Female,35589,Other,Widowed,Fully Meets,3
13-Jan-22,01-Mar-22,Production Technician I,NEL,Voluntarily Terminated,Part-Time,Zone A,Temporary,Resignation,Community probably bad day food place which loss.,Production       ,Field Operations,11-09-1941,MA,Laborer,Female,74451,Asian,Divorced,Fully Meets,3
20-Jul-19,28-Jul-19,IT Director,MSC,Active,Contract,Zone B,Temporary,Voluntary,Effort situation use necessary.,Software Engineering,Wireline Construction,21-07-1958,MA,Top Hand,Female,52818,White,Married,Fully Meets,3
29-May-22,22-May-20,Area Sales Manager,PYZ,Active,Full-Time,Zone C,Part-Time,Involuntary,Central baby moment benefit do.,Sales,People Services,12-07-1970,WA,Manager,Male,70243,Asian,Married,Fully Meets,2
11-Apr-23,22-May-25,Production Manager,PYZ,Active,Part-Time,Zone C,Part-Time,Retirement,Southern alone father state.,IT/IS,Finance & Accounting,15-04-1976,MA,Welder,Male,89837,White,Married,Fully Meets,5
21-Oct-18,10-Apr-25,IT Manager - Infra,CCDR,Active,Part-Time,Zone B,Full-Time,Voluntary,Guy ten dream. Thing he care series.,Software Engineering,Yard (Material Handling),21-08-1986,MA,Administrative,Female,14650,Black,Single,Fully Meets,3
05-Mar-20,04-Feb-26,Production Technician II,MSC,Active,Contract,Zone C,Full-Time,Voluntary,Design laugh top music policy.,Production       ,Field Operations,04-04-1948,MA,Laborer,Female,37037,Asian,Divorced,Needs Improvement,1
06-Nov-18,13-Apr-25,IT Manager - DB,NEL,Active,Contract,Zone C,Part-Time,Involuntary,Sense activity son. One radio Mr method shoulder.,Executive Office,Field Operations,12-06-1963,MA,Billing,Male,29673,Hispanic,Married,Fully Meets,3
25-Jan-21,20-Apr-23,Production Technician II,TNS,Active,Part-Time,Zone B,Temporary,Resignation,Majority executive plan imagine.,Production       ,General - Eng,12-05-1984,MA,Controller,Female,5228,Asian,Married,Fully Meets,3
06-Oct-22,04-Jun-24,Area Sales Manager,TNS,Active,Full-Time,Zone B,Full-Time,Retirement,Too former relationship risk.,Sales,General - Con,09-01-1948,ND,Foreman,Male,92476,White,Widowed,Fully Meets,2
21-May-22,21-Nov-27,Production Technician I,EW,Active,Contract,Zone B,Part-Time,Retirement,Once type here really.,Production       ,Technology / It,26-09-1959,MA,Laborer,Male,63522,Hispanic,Widowed,Fully Meets,4
18-Aug-21,09-Nov-22,Production Technician I,PYZ,Active,Contract,Zone A,Full-Time,Voluntary,Direction west appear son school anything.,Production       ,Field Operations,18-07-1944,MA,Laborer,Female,16749,Other,Married,Fully Meets,2
02-Apr-22,29-May-23,Production Technician I,SVG,Active,Part-Time,Zone B,Temporary,Retirement,North help rock stage someone book.,Production       ,Aerial,10-08-1993,MA,Foreman,Female,32943,Hispanic,Widowed,Exceeds,5
14-Sep-18,03-Oct-21,BI Developer,MSC,Voluntarily Terminated,Full-Time,Zone A,Temporary,Involuntary,Brother election movie born enough.,IT/IS,Field Operations,22-04-1992,MA,Business Development,Female,22495,Asian,Divorced,Fully Meets,4
29-Apr-23,09-Dec-27,Sr. Network Engineer,SVG,Active,Full-Time,Zone B,Full-Time,Involuntary,Hour range a country focus.,Admin Offices,Field Operations,22-04-1947,MA,Laborer,Female,94795,Black,Single,Fully Meets,3
06-Jun-21,06-Feb-22,Network Engineer,BPC,Active,Full-Time,Zone B,Temporary,Involuntary,Audience deal cost figure student might let.,IT/IS,Field Operations,11-04-1977,MA,Accounting,Male,5024,Other,Divorced,Exceeds,3
17-Nov-22,03-Apr-22,Area Sales Manager,CCDR,Active,Part-Time,Zone A,Full-Time,Retirement,Late least forward bill realize camera.,Sales,Splicing,26-08-1996,MT,Engineer,Male,51258,Asian,Married,Fully Meets,4
07-Oct-18,16-Oct-23,Shared Services Manager,WBL,Leave of Absence,Contract,Zone B,Full-Time,Voluntary,Baby still now positive traditional head while.,Sales,Wireline Construction,19-04-1990,AL,Controller,Female,12837,Other,Widowed,Fully Meets,3
12-May-21,14-Mar-26,Sr. Network Engineer,EW,Future Start,Full-Time,Zone B,Part-Time,Resignation,Lead throw others.,IT/IS,Project Management - Eng,04-12-1967,MA,Executive,Female,93217,Hispanic,Widowed,PIP,2
10-Feb-20,28-Feb-23,Production Technician I,EW,Voluntarily Terminated,Full-Time,Zone C,Temporary,Retirement,Establish fear recently owner.,Production       ,Field Operations,03-11-1976,MA,Billing,Female,24649,Other,Widowed,Fully Meets,3
17-Jul-21,30-Jun-23,Shared Services Manager,WBL,Active,Part-Time,Zone C,Temporary,Involuntary,Item type author pick set read style.,Production       ,Isp,06-11-1943,MA,Laborer,Male,65359,Asian,Single,Fully Meets,1
24-Oct-21,24-Oct-19,Production Technician I,PYZ,Voluntarily Terminated,Part-Time,Zone A,Temporary,Involuntary,Positive far win six might.,Production       ,Field Operations,30-12-1985,MA,Driller,Male,6551,Hispanic,Single,Exceeds,1
04-Jul-22,10-Mar-22,Production Manager,MSC,Terminated for Cause,Full-Time,Zone B,Part-Time,Resignation,Pretty he matter south treat benefit.,Production       ,Finance & Accounting,13-10-1969,MA,Project Coordinator,Female,3436,Black,Married,Fully Meets,5
17-Dec-22,26-Nov-23,Sr. DBA,EW,Active,Part-Time,Zone B,Full-Time,Involuntary,Health American identify meeting.,Software Engineering,Engineers,10-10-1969,MA,Engineer,Male,86927,Asian,Married,Fully Meets,3
11-Jan-22,19-Nov-28,Production Technician II,PL,Active,Part-Time,Zone B,Temporary,Involuntary,Member space player.,Production       ,Field Operations,11-03-1976,MA,Laborer,Female,1246,Asian,Single,Exceeds,1
10-Jan-23,08-Mar-26,Enterprise Architect,TNS,Active,Full-Time,Zone A,Temporary,Involuntary,Word once speech mind.,Software Engineering,General - Sga,03-04-1978,MA,Supervisor,Male,16718,White,Single,Exceeds,1
14-Feb-20,19-Apr-20,President & CEO,PYZ,Active,Full-Time,Zone C,Part-Time,Voluntary,Attention summer we. Suffer impact imagine we.,Executive Office,Safety,31-12-1953,MA,Laborer,Male,70529,Asian,Widowed,Fully Meets,3
29-Mar-19,06-Dec-28,IT Support,EW,Active,Part-Time,Zone C,Temporary,Voluntary,Body move possible play. Relate husband Mrs.,Production       ,Project Management - Con,09-06-1967,MA,Specialist,Female,12314,Other,Married,Fully Meets,5
25-Apr-19,01-Dec-28,CIO,MSC,Active,Contract,Zone B,Temporary,Voluntary,Effort situation use necessary.,Software Engineering,Shop (Fleet),06-01-1959,MA,Administrative,Female,47635,White,Married,Fully Meets,3
26-Mar-19,20-Sep-28,Production Technician I,SVG,Active,Contract,Zone A,Full-Time,Voluntary,Out always about must with ago here.,Production       ,General - Eng,24-10-1953,MA,Administration,Male,31721,Black,Married,Needs Improvement,2
24-Mar-23,30-Mar-25,Principal Data Architect,PYZ,Active,Part-Time,Zone C,Part-Time,Retirement,Southern alone father state.,IT/IS,General - Sga,08-08-1984,MA,Electrician,Male,96913,White,Married,Fully Meets,4
01-Jul-19,14-Dec-21,Production Technician I,EW,Active,Full-Time,Zone A,Full-Time,Voluntary,Herself Mr office bed.,Production       ,Project Management - Con,08-08-1988,MA,Foreman,Male,8674,Other,Married,Fully Meets,4
03-May-23,24-Dec-23,Area Sales Manager,PYZ,Active,Part-Time,Zone A,Temporary,Voluntary,Gas place rich dog process movement along.,Sales,Project Management - Con,28-07-1945,MA,Engineer,Male,87877,Asian,Divorced,PIP,3
14-Apr-23,19-Jan-20,Network Engineer,MSC,Active,Contract,Zone B,Temporary,Unk,Deep certainly boy record.,Software Engineering,Catv,02-07-1961,MA,Coordinator,Male,94189,Black,Single,Fully Meets,3
15-Mar-21,20-Apr-19,IT Manager - Support,SVG,Leave of Absence,Part-Time,Zone B,Part-Time,Involuntary,Visit lawyer interesting.,IT/IS,Aerial,02-05-1951,MA,Electrician,Female,32302,White,Divorced,Fully Meets,3
04-May-21,04-Oct-23,Production Technician I,PYZ,Active,Full-Time,Zone C,Temporary,Involuntary,North rise until plan join.,Production       ,Shop (Fleet),29-09-1954,MA,Intern,Male,58568,Asian,Divorced,Fully Meets,3
07-Mar-19,01-Mar-24,Production Technician I,PL,Future Start,Part-Time,Zone C,Full-Time,Voluntary,Order risk think. North born would might.,Production       ,Field Operations,02-12-1974,MA,Director,Female,55701,Other,Divorced,Fully Meets,2
13-Apr-22,28-Feb-23,Production Technician I,CCDR,Leave of Absence,Contract,Zone A,Part-Time,Resignation,Everything discover represent full.,Production       ,General - Con,16-09-1954,MA,Billing,Male,56677,Other,Divorced,Fully Meets,3
28-Feb-23,20-Dec-25,Sales Manager,CCDR,Active,Contract,Zone A,Temporary,Retirement,Price card crime. Beautiful travel world treat.,Production       ,Field Operations,29-10-1964,MA,Services,Male,29481,Black,Married,Fully Meets,5
22-Aug-20,05-Aug-26,Production Technician I,CCDR,Active,Part-Time,Zone A,Temporary,Resignation,Treatment power card almost pretty sister.,Production       ,Engineers,20-05-1977,MA,Field Project Manager,Female,95832,Black,Widowed,Fully Meets,5
23-Sep-19,31-May-26,Production Technician II,PYZ,Future Start,Full-Time,Zone B,Full-Time,Involuntary,Thus whether read kitchen itself.,Production       ,Yard (Material Handling),14-10-1943,MA,Billing,Female,60443,Black,Single,Fully Meets,3
21-Sep-21,15-Oct-26,Production Technician I,MSC,Leave of Absence,Part-Time,Zone B,Full-Time,Involuntary,Account between environmental section group.,Production       ,Finance & Accounting,06-12-1946,MA,Services,Male,90329,Asian,Single,Fully Meets,4
12-Aug-19,30-Nov-23,Network Engineer,MSC,Active,Contract,Zone B,Temporary,Voluntary,Effort situation use necessary.,Executive Office,Sales & Marketing,28-04-1958,MA,Billing,Female,58317,White,Married,Fully Meets,3
09-Apr-21,20-May-25,Production Technician II,SVG,Voluntarily Terminated,Part-Time,Zone B,Temporary,Involuntary,Central baby moment benefit do.,Production       ,Yard (Material Handling),23-01-1957,MA,Electrician,Female,64098,Other,Divorced,Fully Meets,2
30-Oct-20,24-Nov-26,Area Sales Manager,MSC,Active,Contract,Zone B,Part-Time,Involuntary,Professor phone billion none very evidence.,Sales,General - Eng,01-10-1959,ND,Project Coordinator,Female,20578,Hispanic,Married,Fully Meets,2
25-Apr-21,08-May-19,Production Technician I,CCDR,Active,Part-Time,Zone A,Part-Time,Voluntary,Fact order police ability another pretty add.,Production       ,Aerial,18-02-1979,MA,Attendant,Male,63724,White,Divorced,Fully Meets,2
03-Oct-18,18-Feb-20,Software Engineer,MSC,Active,Contract,Zone C,Temporary,Retirement,Radio fight consumer senior traditional himself.,Software Engineering,Aerial,01-08-1983,MA,Accounting,Male,85955,Asian,Single,Fully Meets,1
06-Oct-21,21-Aug-26,Production Technician I,WBL,Leave of Absence,Contract,Zone A,Full-Time,Involuntary,Great relate within you. Red bill unit school.,Production       ,Engineers,18-05-1982,MA,Flagger,Female,82979,Black,Widowed,Fully Meets,3
26-Nov-22,25-Mar-25,Production Technician II,PL,Active,Contract,Zone B,Full-Time,Retirement,Part officer father last trouble field.,Production       ,Executive,05-06-1943,MA,Laborer,Male,82742,Asian,Divorced,Fully Meets,5
02-Aug-20,20-Jun-20,Production Technician II,TNS,Terminated for Cause,Contract,Zone B,Part-Time,Voluntary,Arrive its during organization about.,Production       ,Engineers,12-03-1999,MA,Foreman,Female,75592,Hispanic,Widowed,Needs Improvement,1
09-Dec-18,08-Nov-20,BI Director,NEL,Leave of Absence,Part-Time,Zone A,Part-Time,Resignation,Choose system picture one party decision.,IT/IS,Billable Consultants,10-06-1959,MA,Vp,Male,19777,Black,Single,Fully Meets,3
09-Sep-20,11-Nov-22,Area Sales Manager,NEL,Active,Contract,Zone C,Temporary,Resignation,Cause military a sense. Doctor property may.,Sales,Field Operations,27-11-1995,CT,Top Hand,Male,11661,Other,Single,Exceeds,4
24-Dec-20,13-Jan-20,Area Sales Manager,NEL,Active,Contract,Zone A,Full-Time,Involuntary,Arrive allow reveal move.,Sales,Catv,13-11-1993,KY,Estimator,Male,16677,Asian,Married,Fully Meets,4
18-Feb-19,24-Sep-20,Production Technician I,EW,Active,Part-Time,Zone B,Temporary,Retirement,Prevent involve hundred price.,Production       ,Engineers,17-10-1943,MA,Project Coordinator,Female,54227,Other,Widowed,Exceeds,1
23-Oct-22,22-Mar-21,Sales Manager,PL,Active,Part-Time,Zone C,Temporary,Retirement,Scientist strong team civil quality.,Admin Offices,General - Eng,21-08-1987,MA,Cfo,Male,85485,White,Divorced,Fully Meets,2
26-Nov-18,05-Jun-20,CIO,CCDR,Active,Full-Time,Zone C,Part-Time,Involuntary,Maintain program process present knowledge PM.,Sales,Field Operations,22-02-1988,MA,Laborer,Female,22411,White,Single,Fully Meets,3
29-Apr-21,11-Nov-27,Production Technician I,CCDR,Terminated for Cause,Part-Time,Zone C,Temporary,Voluntary,Less boy reflect quickly health respond million.,Production       ,Wireline Construction,23-03-1944,MA,Mechanic,Male,52948,Black,Widowed,Fully Meets,2
12-Aug-18,02-Mar-22,Production Technician II,SVG,Terminated for Cause,Full-Time,Zone C,Temporary,Retirement,Week degree party available measure.,Production       ,Aerial,03-01-1999,MA,Splicer,Female,1253,White,Divorced,Fully Meets,5
05-Nov-18,20-May-23,Production Technician I,PL,Active,Full-Time,Zone A,Full-Time,Voluntary,Free town various cup. Animal may team hit.,Production       ,Field Operations,06-06-1956,MA,Laborer,Male,15030,Hispanic,Single,Fully Meets,3
14-Jun-21,09-Mar-20,Production Technician I,PYZ,Future Start,Contract,Zone A,Temporary,Retirement,Positive far win six might.,Production       ,Field Operations,19-05-1942,MA,Laborer,Female,75928,Asian,Single,Fully Meets,3
31-Aug-18,13-May-23,Director of Operations,WBL,Active,Part-Time,Zone B,Temporary,Retirement,Stuff different color how.,Software Engineering,Project Management - Eng,09-02-1942,MA,Lineman,Male,70343,Black,Single,Fully Meets,3
09-Nov-19,16-Jan-29,Database Administrator,PL,Voluntarily Terminated,Contract,Zone A,Part-Time,Retirement,Nature here wrong why.,IT/IS,Wireline Construction,29-12-1946,MA,Billing,Female,10851,Black,Single,Fully Meets,3
23-Oct-20,02-Jun-26,Production Technician II,EW,Active,Part-Time,Zone C,Temporary,Resignation,Matter man skill produce poor.,Production       ,Field Operations,16-06-1953,MA,Project Manager,Female,17180,Asian,Single,Fully Meets,5
08-Aug-21,21-Mar-19,Area Sales Manager,CCDR,Active,Full-Time,Zone A,Full-Time,Voluntary,Central baby moment benefit do.,Sales,Wireline Construction,13-03-1978,IN,Lineman,Male,41591,Asian,Married,Fully Meets,2
29-Jan-20,14-Feb-19,Senior BI Developer,NEL,Active,Part-Time,Zone B,Part-Time,Retirement,Thus whether read kitchen itself.,Admin Offices,General - Eng,19-12-1945,MA,Intern,Male,6075,White,Widowed,Fully Meets,1
08-Mar-22,19-Mar-21,Production Technician I,EW,Future Start,Full-Time,Zone A,Full-Time,Retirement,Yard charge week wait address.,Production       ,General - Con,29-08-1993,MA,Technician,Female,10606,Hispanic,Widowed,Exceeds,5
15-May-20,14-May-24,Software Engineering Manager,BPC,Terminated for Cause,Contract,Zone B,Part-Time,Resignation,Issue teacher page true relate. Fight out learn.,IT/IS,Isp,11-07-1943,CT,Model Assistant,Female,89929,Other,Divorced,Fully Meets,3
28-Mar-22,27-Jan-26,Sr. Accountant,TNS,Future Start,Full-Time,Zone A,Full-Time,Resignation,Star idea alone.,IT/IS,Field Operations,11-09-1958,MA,Technician,Male,86650,Black,Married,Fully Meets,3
29-Jun-21,24-Jan-26,President & CEO,SVG,Active,Full-Time,Zone B,Temporary,Involuntary,Sense station management factor.,IT/IS,Field Operations,25-02-1977,MA,Tester,Male,14063,Other,Divorced,Needs Improvement,3
20-Jun-23,15-Jul-22,Software Engineer,CCDR,Leave of Absence,Contract,Zone C,Full-Time,Resignation,Risk management money field.,Software Engineering,Field Operations,13-02-1999,MA,Supervisor,Female,33919,Black,Widowed,Fully Meets,3
17-Jun-21,19-Jul-27,Production Technician I,CCDR,Terminated for Cause,Part-Time,Zone C,Temporary,Retirement,Cultural responsibility whose wear.,Production       ,Finance & Accounting,24-01-1944,MA,Clerk,Male,68411,Black,Widowed,Fully Meets,2
13-Aug-19,04-Jul-28,Production Technician II,PYZ,Leave of Absence,Contract,Zone A,Part-Time,Retirement,Ball total direction school.,Production       ,Isp,23-10-1997,MA,Executive,Male,40068,Other,Divorced,Fully Meets,4
23-May-20,08-May-22,Production Technician I,CCDR,Active,Part-Time,Zone A,Temporary,Resignation,Record your institution south stop play.,Production       ,General - Con,26-05-1979,MA,Business Development,Female,89513,Black,Widowed,Fully Meets,1
14-Feb-20,20-Oct-27,Production Technician II,BPC,Leave of Absence,Part-Time,Zone C,Temporary,Voluntary,Sense station management factor.,Production       ,Billable Consultants,02-03-1970,MA,Runner,Female,80254,White,Married,Fully Meets,1
17-Dec-22,05-Feb-29,Sr. DBA,TNS,Active,Full-Time,Zone A,Temporary,Involuntary,Word once speech mind.,Admin Offices,Underground,06-09-1979,MA,Supervisor,Male,9575,White,Single,PIP,5
10-Jan-19,04-Feb-23,Area Sales Manager,MSC,Active,Part-Time,Zone A,Part-Time,Involuntary,Foreign truth concern break ground.,Sales,Field Operations,07-12-1973,NH,Drafter,Male,38209,Asian,Widowed,Fully Meets,2
07-Mar-20,10-Jun-25,Sales Manager,EW,Active,Full-Time,Zone C,Part-Time,Unk,Rather which writer family.,Admin Offices,General - Con,24-11-1982,MA,Labor,Male,96886,Black,Divorced,Fully Meets,3
13-Oct-18,25-Jun-26,Production Technician I,TNS,Terminated for Cause,Full-Time,Zone A,Full-Time,Voluntary,Board industry once tough investment age.,Production       ,Field Operations,30-03-1983,MA,Business Development,Male,47581,White,Divorced,Fully Meets,3
27-Aug-21,06-Dec-28,IT Support,EW,Active,Full-Time,Zone B,Part-Time,Retirement,Majority executive plan imagine.,Admin Offices,Safety,17-10-1949,MA,Associate,Female,31273,White,Divorced,Fully Meets,3
10-Jul-19,21-Jul-28,President & CEO,CCDR,Active,Part-Time,Zone C,Temporary,Resignation,Man issue never strategy will maintain resource.,Production       ,Field Operations,18-06-1998,MA,Laborer,Male,69667,Black,Widowed,Fully Meets,5
07-Feb-22,07-Jul-21,Production Technician II,PL,Future Start,Full-Time,Zone A,Full-Time,Involuntary,Hold season meeting voice.,Production       ,General - Con,07-09-1963,MA,Clerk,Male,74011,Other,Divorced,Fully Meets,3
13-Oct-18,24-Jul-24,Area Sales Manager,PYZ,Active,Contract,Zone B,Full-Time,Involuntary,Dream enough treatment knowledge area.,Sales,Wireless,06-10-1989,MA,Tower Hand,Male,53917,Black,Widowed,Exceeds,3
14-Mar-19,04-Apr-19,Senior BI Developer,TNS,Leave of Absence,Contract,Zone A,Part-Time,Resignation,Continue move everything.,Production       ,Underground,26-03-1978,MA,Tower Hand,Female,25625,White,Widowed,Fully Meets,4
13-Dec-22,19-Dec-26,Enterprise Architect,TNS,Active,Full-Time,Zone A,Temporary,Involuntary,Word once speech mind.,Software Engineering,Safety,12-07-1978,MA,Supervisor,Male,19770,White,Single,Exceeds,5
18-Sep-19,28-Feb-20,Area Sales Manager,PYZ,Active,Part-Time,Zone A,Part-Time,Involuntary,Simply game everyone despite line.,Sales,Field Operations,23-05-1988,NH,Shop,Male,32795,Asian,Widowed,Fully Meets,2
22-Apr-20,22-Jul-20,Sr. Accountant,PL,Active,Contract,Zone C,Part-Time,Retirement,Soon walk early star.,Production       ,Wireline Construction,29-08-1968,MA,Accounting,Female,10221,Hispanic,Widowed,Fully Meets,5
18-Oct-18,17-Jul-21,Production Technician II,EW,Terminated for Cause,Part-Time,Zone A,Part-Time,Resignation,Build very significant imagine cell doctor.,Production       ,Splicing,03-08-1952,MA,Runner,Female,9377,Black,Divorced,PIP,1
10-Jun-19,04-Dec-19,Production Technician II,WBL,Active,Full-Time,Zone A,Temporary,Resignation,Upon writer black.,Production       ,Project Management - Eng,17-09-1999,MA,Flagger,Female,79757,White,Married,Fully Meets,4
21-Nov-22,09-Jan-19,Production Technician II,CCDR,Terminated for Cause,Part-Time,Zone B,Temporary,Voluntary,Wonder worry life stand.,Production       ,Field Operations,07-09-1998,MA,Coordinator,Male,43912,Black,Widowed,Needs Improvement,5
20-Jul-21,23-Dec-21,Production Technician I,TNS,Active,Contract,Zone B,Temporary,Voluntary,Night office challenge several many.,Production       ,Field Operations,23-12-1946,MA,Construction Manager,Male,43370,White,Widowed,Fully Meets,2
27-Oct-22,25-Oct-19,Production Technician I,PYZ,Future Start,Part-Time,Zone B,Temporary,Voluntary,Foreign truth concern break ground.,Production       ,Safety,16-10-1972,MA,Top Hand,Female,64576,Other,Divorced,Fully Meets,3
28-Nov-21,18-Aug-28,Director of Sales,SVG,Leave of Absence,Contract,Zone A,Full-Time,Involuntary,Look dark travel herself election college what.,Production       ,Fielders,19-07-1962,MA,Engineer,Female,16298,White,Widowed,Fully Meets,2
15-Jul-21,08-Dec-21,Production Technician I,WBL,Active,Contract,Zone C,Full-Time,Resignation,Outside sing song relationship action teach.,Production       ,Aerial,19-08-1998,MA,Support,Male,20673,Other,Married,Fully Meets,3
24-Mar-21,18-Oct-22,Production Technician I,WBL,Active,Full-Time,Zone A,Full-Time,Retirement,Fact order police ability another pretty add.,Production       ,Field Operations,28-07-1984,MA,Laborer,Female,9658,Asian,Divorced,Fully Meets,4
28-Jul-19,05-Aug-29,Production Technician II,NEL,Future Start,Full-Time,Zone A,Temporary,Retirement,History follow budget forget instead mind.,Production       ,Sales & Marketing,09-12-1947,MA,Operator,Female,33948,Black,Divorced,Fully Meets,3
25-Jan-23,06-Jul-19,Administrative Assistant,WBL,Voluntarily Terminated,Full-Time,Zone C,Full-Time,Resignation,Look dark travel herself election college what.,Production       ,Wireless,25-07-1989,MA,Supervisor,Female,54646,Asian,Divorced,Fully Meets,2
26-Apr-19,24-Jan-27,Data Analyst,TNS,Active,Part-Time,Zone C,Full-Time,Voluntary,Reflect off growth mouth have.,IT/IS,Field Operations,25-06-1956,MA,Assistant,Female,95480,Asian,Divorced,Fully Meets,4
18-Jul-23,17-Jan-24,Production Technician I,PL,Terminated for Cause,Contract,Zone B,Part-Time,Resignation,Big large training region.,Production       ,General - Eng,31-05-1991,MA,Foreman,Female,34970,White,Divorced,Fully Meets,3
20-Oct-19,08-Jul-22,Production Technician II,CCDR,Active,Part-Time,Zone B,Full-Time,Involuntary,Then foot not.,Production       ,Field Operations,28-06-1958,MA,Laborer,Female,43347,White,Single,Fully Meets,3
25-Jul-19,02-Jul-28,Production Technician I,WBL,Terminated for Cause,Contract,Zone A,Full-Time,Voluntary,Food few generation seek outside.,Production       ,Yard (Material Handling),04-08-1990,MA,Driver,Female,92207,White,Married,Exceeds,1
15-Mar-19,19-Apr-28,Production Technician I,EW,Active,Full-Time,Zone A,Full-Time,Involuntary,Car book street pull try brother.,Production       ,Project Management - Con,18-03-1986,MA,Driller,Male,9608,Other,Married,Fully Meets,1
26-Feb-23,02-May-27,Production Technician II,PL,Active,Full-Time,Zone C,Temporary,Voluntary,Order risk think. North born would might.,Production       ,Field Operations,17-11-1947,MA,Laborer,Female,64566,Black,Divorced,Fully Meets,3
23-Apr-20,14-Apr-25,Area Sales Manager,MSC,Active,Full-Time,Zone C,Temporary,Resignation,Never whatever loss economic off without cause.,Sales,Project Management - Con,01-07-1978,MT,Groundman,Male,12055,Asian,Widowed,Fully Meets,4
15-Dec-22,01-Feb-20,Production Technician II,TNS,Voluntarily Terminated,Part-Time,Zone B,Temporary,Resignation,Teach human market real upon.,Production       ,Field Operations,26-06-1993,MA,Attendant,Male,28776,Black,Widowed,PIP,3
14-Feb-22,19-Jul-20,Production Technician I,SVG,Leave of Absence,Contract,Zone C,Part-Time,Resignation,Center west table security.,Production       ,Project Management - Con,05-12-1946,MA,Model Assistant,Female,6733,White,Single,Fully Meets,1
02-May-22,01-Jun-26,Production Technician II,WBL,Leave of Absence,Full-Time,Zone B,Full-Time,Involuntary,Summer personal bag.,Production       ,Field Operations,04-12-1946,MA,Project Manager,Male,49090,Hispanic,Single,Fully Meets,2
31-Aug-21,04-Dec-22,Data Analyst,BPC,Active,Part-Time,Zone B,Full-Time,Involuntary,Board from heart ago allow list.,Production       ,Field Operations,20-08-1978,MA,Labor,Male,55351,Other,Divorced,Fully Meets,4
07-Oct-19,05-Sep-21,Production Technician I,PL,Active,Contract,Zone A,Part-Time,Voluntary,Anyone include world claim up.,Production       ,General - Con,27-07-1986,MA,Laborer,Female,29664,Asian,Divorced,Fully Meets,3
25-Apr-23,22-Nov-25,Area Sales Manager,NEL,Future Start,Contract,Zone C,Temporary,Voluntary,Why sport must page bad.,Sales,Catv,30-07-2000,TN,Electrician,Female,65139,Black,Single,Fully Meets,2
28-Jan-22,16-Jan-21,Production Technician II,PL,Voluntarily Terminated,Full-Time,Zone A,Full-Time,Voluntary,Her office place.,Production       ,General - Con,26-12-1964,MA,Operator,Male,92713,Other,Divorced,Fully Meets,3
10-Aug-20,08-Feb-25,Director of Operations,NEL,Active,Part-Time,Zone B,Part-Time,Retirement,Improve center sure Mr respond for recent.,Admin Offices,Aerial,07-11-1945,MA,Accounting,Male,9627,White,Widowed,Fully Meets,4
10-Aug-21,03-Jul-23,Database Administrator,CCDR,Active,Part-Time,Zone C,Part-Time,Resignation,Expect maintain knowledge thus.,IT/IS,Sales & Marketing,03-05-1944,MA,Business Development,Female,56137,Other,Married,Exceeds,3
01-Feb-20,21-Feb-28,Production Technician I,EW,Active,Contract,Zone B,Part-Time,Resignation,Fast light home sign build not.,Production       ,Billable Consultants,04-02-1966,MA,Laborer,Male,50893,Hispanic,Widowed,Fully Meets,4
04-Mar-20,30-Jul-26,Production Technician II,TNS,Leave of Absence,Contract,Zone A,Part-Time,Resignation,Reason stock professional clear allow two town.,Production       ,Isp,07-08-1942,MA,Locator,Male,31127,Asian,Widowed,Fully Meets,4
20-Nov-22,31-Jan-27,Production Technician I,MSC,Active,Full-Time,Zone B,Temporary,Resignation,Work around personal cover reflect including.,Production       ,Engineers,08-04-1948,MA,Locator,Male,74581,White,Married,Fully Meets,3
24-Dec-21,06-Mar-19,Production Technician I,CCDR,Active,Full-Time,Zone B,Temporary,Retirement,Thing stock near question mouth.,Production       ,Yard (Material Handling),04-05-1951,MA,Manager,Female,64480,Hispanic,Divorced,Fully Meets,3
16-Feb-22,04-Aug-24,Production Technician I,SVG,Voluntarily Terminated,Contract,Zone C,Part-Time,Retirement,Wonder worry life stand.,Production       ,Catv,23-10-1946,MA,Model Assistant,Female,10427,White,Single,Fully Meets,5
09-Mar-21,09-Dec-24,Area Sales Manager,MSC,Active,Full-Time,Zone C,Temporary,Resignation,Never whatever loss economic off without cause.,Sales,Project Management - Con,20-04-1977,TN,Generalist,Male,9175,Asian,Widowed,Fully Meets,5
14-Feb-23,29-May-26,Sr. Network Engineer,EW,Voluntarily Terminated,Contract,Zone C,Full-Time,Resignation,Leader specific wife appear art they.,Production       ,Yard (Material Handling),17-10-1963,MA,Intern,Female,36426,Asian,Married,Fully Meets,2
20-Feb-22,18-Jun-21,Production Technician I,CCDR,Active,Contract,Zone A,Full-Time,Voluntary,Buy become improve guess business know.,Production       ,Wireless,14-01-1979,MA,Operator,Female,77539,Other,Married,Fully Meets,3
31-Jan-20,03-Aug-26,Production Technician II,PL,Voluntarily Terminated,Full-Time,Zone A,Full-Time,Retirement,Today situation minute figure friend opportunity.,Production       ,Field Operations,11-03-1977,MA,Groundman,Female,27728,Other,Married,Fully Meets,1
18-Apr-23,12-Aug-19,Production Technician II,PYZ,Active,Part-Time,Zone A,Full-Time,Involuntary,Look dark travel herself election college what.,Production       ,Catv,06-07-1984,MA,Vp,Female,37266,Hispanic,Divorced,PIP,2
05-Dec-21,31-Mar-24,Production Technician I,CCDR,Active,Full-Time,Zone B,Temporary,Retirement,Line know television.,Production       ,Catv,03-04-1951,MA,Generalist,Female,52017,Hispanic,Divorced,Fully Meets,3
29-Jun-22,09-Jan-26,Production Technician I,TNS,Active,Full-Time,Zone A,Full-Time,Retirement,Sense activity son. One radio Mr method shoulder.,Production       ,Field Operations,11-07-1979,MA,Laborer,Female,34313,Asian,Divorced,Fully Meets,2
15-Feb-20,09-Apr-24,Sr. Accountant,NEL,Active,Contract,Zone A,Full-Time,Involuntary,Better design cause yet history decide.,IT/IS,Executive,26-07-1991,MA,Project Coordinator,Female,74737,Hispanic,Married,Fully Meets,3
08-Jul-19,21-Aug-21,Production Technician II,SVG,Leave of Absence,Full-Time,Zone B,Part-Time,Voluntary,Read nice continue itself attack happen.,Production       ,Field Operations,27-08-1999,MA,Laborer,Female,50819,White,Divorced,Fully Meets,3
27-Mar-20,05-Sep-21,IT Manager - Infra,NEL,Active,Contract,Zone A,Full-Time,Involuntary,Fight look song material year happen.,IT/IS,Wireline Construction,09-05-1998,MA,Top Hand,Female,91950,Hispanic,Married,Fully Meets,3
16-Mar-20,08-May-22,Production Technician II,TNS,Leave of Absence,Contract,Zone B,Part-Time,Voluntary,Arrive its during organization about.,Production       ,Splicing,01-01-1992,MA,Safety,Female,81618,Hispanic,Widowed,Exceeds,3
16-Sep-19,08-Sep-22,Production Technician II,PYZ,Leave of Absence,Contract,Zone A,Part-Time,Involuntary,Establish fear recently owner.,Production       ,Isp,24-06-1991,MA,Construction Manager,Male,28215,Other,Divorced,Fully Meets,4
03-Feb-22,13-Mar-19,Sr. DBA,PL,Active,Part-Time,Zone C,Temporary,Resignation,Record your institution south stop play.,Production       ,Field Operations,02-08-1994,MA,Laborer,Male,65308,Black,Widowed,Fully Meets,5
12-Aug-19,16-Jul-23,Area Sales Manager,MSC,Active,Contract,Zone A,Full-Time,Involuntary,Yourself book budget product.,Sales,Field Operations,27-08-1942,IN,Planner,Male,27173,Hispanic,Divorced,PIP,1
13-May-20,09-Oct-20,Production Technician II,MSC,Active,Part-Time,Zone C,Temporary,Involuntary,Look dark travel herself election college what.,Production       ,Field Operations,13-07-1953,MA,Cfo,Female,13677,Asian,Single,Fully Meets,4
11-Jul-19,30-Apr-22,Production Technician II,PYZ,Future Start,Contract,Zone A,Part-Time,Involuntary,Young risk quality natural foreign claim.,Production       ,Safety,07-06-1995,MA,Model Assistant,Male,24048,Other,Divorced,Fully Meets,4
01-Jul-19,13-Nov-25,Area Sales Manager,PYZ,Active,Full-Time,Zone B,Temporary,Voluntary,Unit computer what age career.,Sales,Field Operations,20-09-1985,IN,Executive,Male,30172,Other,Married,Fully Meets,2
15-Aug-22,01-Dec-27,Production Technician I,WBL,Active,Full-Time,Zone A,Full-Time,Voluntary,Foreign friend policy green.,Production       ,Splicing,15-08-1967,MA,Labor,Female,79928,Hispanic,Single,PIP,3
27-Apr-22,22-Sep-26,Production Technician II,PL,Future Start,Full-Time,Zone B,Part-Time,Voluntary,North rise until plan join.,Production       ,Field Operations,18-06-1995,MA,Laborer,Female,60829,White,Divorced,Fully Meets,3
26-Feb-22,06-Jul-20,Production Manager,TNS,Terminated for Cause,Full-Time,Zone A,Full-Time,Resignation,Off part culture choose strong public.,IT/IS,Field Operations,13-11-1958,MA,Technician,Male,93221,Black,Married,Fully Meets,3
12-Apr-22,06-Nov-27,Production Technician II,CCDR,Active,Contract,Zone A,Part-Time,Retirement,Finish law price under.,Production       ,Field Operations,07-02-1945,MA,Laborer,Female,6145,Black,Married,Fully Meets,4
03-Feb-22,02-Nov-26,Production Technician I,MSC,Voluntarily Terminated,Part-Time,Zone A,Full-Time,Voluntary,Board from heart ago allow list.,Production       ,Underground,17-07-1998,MA,Administrator,Male,82212,Hispanic,Married,Fully Meets,2
28-Dec-18,14-Feb-20,Production Technician I,BPC,Terminated for Cause,Part-Time,Zone B,Temporary,Retirement,Country as dream project office.,Production       ,Catv,05-10-1973,MA,Director,Female,55619,Black,Single,Fully Meets,3
30-Jan-19,30-Jan-19,Area Sales Manager,WBL,Active,Full-Time,Zone C,Temporary,Resignation,Audience deal cost figure student might let.,Sales,Wireline Construction,04-05-1955,MA,Tester,Male,88888,Black,Divorced,Fully Meets,4
28-May-23,26-Dec-21,Software Engineer,NEL,Terminated for Cause,Contract,Zone C,Full-Time,Resignation,Program personal mean life source reach.,Software Engineering,Field Operations,26-07-1993,MA,Supervisor,Female,28461,Black,Widowed,Fully Meets,3
16-Apr-22,25-Dec-19,Production Technician I,CCDR,Future Start,Contract,Zone A,Part-Time,Resignation,Officer thus service.,Production       ,Technology / It,10-08-1954,MA,Generalist,Male,45777,Other,Divorced,Fully Meets,3
26-Oct-18,07-May-24,Production Technician II,MSC,Leave of Absence,Part-Time,Zone B,Part-Time,Involuntary,Until reason late off training situation.,Production       ,Field Operations,25-09-1988,MA,Ceo,Male,30389,Other,Widowed,Fully Meets,3
24-Nov-20,30-Jul-25,Sales Manager,PYZ,Active,Full-Time,Zone C,Full-Time,Resignation,Occur tough thousand on recent.,IT/IS,Catv,30-03-1982,MA,Driver,Male,37454,Hispanic,Divorced,Fully Meets,4
14-Dec-21,14-Mar-28,Production Technician I,CCDR,Active,Full-Time,Zone B,Temporary,Involuntary,Little imagine career he produce program.,Production       ,Project Management - Eng,03-10-1951,MA,Driller,Female,58907,Hispanic,Divorced,Fully Meets,3
28-May-20,06-Aug-20,Sr. DBA,BPC,Active,Part-Time,Zone B,Full-Time,Resignation,Professional military easy so.,IT/IS,Field Operations,30-07-1995,MA,Laborer,Male,26241,Asian,Divorced,Fully Meets,3
19-Jul-19,08-Feb-28,Area Sales Manager,EW,Active,Part-Time,Zone A,Part-Time,Involuntary,Create who sound worry ground.,Sales,Field Operations,02-01-1986,TX,Groundman,Male,24666,Asian,Widowed,Fully Meets,2
03-Jun-21,28-Nov-24,Production Technician I,SVG,Leave of Absence,Part-Time,Zone A,Temporary,Retirement,Big large training region.,Production       ,Field Operations,04-01-1975,MA,Locator,Male,17751,Hispanic,Single,PIP,1
08-May-21,17-Dec-28,Production Technician I,TNS,Leave of Absence,Part-Time,Zone A,Full-Time,Voluntary,Establish fear recently owner.,Production       ,Engineers,14-01-1948,MA,Safety,Male,18610,Hispanic,Widowed,Fully Meets,5
29-Mar-19,05-Sep-29,Production Technician I,MSC,Voluntarily Terminated,Contract,Zone C,Part-Time,Involuntary,According term along ago leave.,Production       ,Engineers,20-03-1946,MA,Splicer,Male,65304,White,Divorced,Fully Meets,2
29-Nov-20,16-Jul-21,Data Analyst,WBL,Active,Part-Time,Zone A,Part-Time,Involuntary,Opportunity upon apply and world.,IT/IS,Fielders,03-07-1976,MA,Services,Male,1671,White,Single,Fully Meets,1
26-Dec-18,27-Nov-19,Administrative Assistant,WBL,Leave of Absence,Contract,Zone B,Full-Time,Voluntary,Baby still now positive traditional head while.,Sales,Safety,08-04-2001,CT,Clerk,Female,6882,Other,Widowed,Fully Meets,3
09-Jun-20,20-Dec-20,Production Technician I,NEL,Active,Full-Time,Zone C,Full-Time,Retirement,Next explain account stay.,Production       ,Executive,09-11-1978,MA,Project Coordinator,Male,77865,Black,Married,Fully Meets,4
10-Jun-22,01-Dec-27,Network Engineer,MSC,Terminated for Cause,Full-Time,Zone B,Part-Time,Resignation,Pretty he matter south treat benefit.,Production       ,Shop (Fleet),03-08-1966,MA,Administration,Female,17446,Black,Married,Fully Meets,5
31-Jul-22,27-Aug-21,Principal Data Architect,CCDR,Active,Contract,Zone C,Part-Time,Resignation,Fast light home sign build not.,Sales,Aerial,29-02-1980,MA,Electrician,Female,80281,Asian,Married,Fully Meets,2
18-May-21,14-Mar-27,Production Technician I,PYZ,Active,Full-Time,Zone C,Temporary,Resignation,According if detail quality difficult.,Production       ,Wireline Construction,04-01-1955,MA,Intern,Male,52490,Asian,Divorced,Fully Meets,3
25-Feb-19,02-Dec-25,Production Technician I,NEL,Active,Full-Time,Zone A,Part-Time,Resignation,Few attorney all campaign town reflect behavior.,Production       ,Field Operations,27-05-1968,MA,Laborer,Male,52805,Other,Married,Fully Meets,4
24-Apr-23,16-Jun-26,Production Technician II,MSC,Active,Contract,Zone A,Part-Time,Retirement,Dinner level write land effort.,Production       ,Field Operations,24-01-1945,MA,Laborer,Female,20039,Black,Married,Fully Meets,1
20-Oct-20,03-Apr-25,Production Technician I,BPC,Voluntarily Terminated,Full-Time,Zone B,Temporary,Voluntary,Until reason late off training situation.,Production       ,Finance & Accounting,27-10-1990,MA,Contracts,Male,30148,Other,Widowed,Fully Meets,3
29-Sep-18,09-Jul-20,Production Technician I,BPC,Terminated for Cause,Part-Time,Zone C,Full-Time,Voluntary,Dinner level write land effort.,Production       ,Field Operations,31-12-1977,MA,Cfo,Female,58324,Other,Divorced,Fully Meets,2
06-Mar-22,16-Nov-19,Production Technician II,SVG,Active,Part-Time,Zone C,Temporary,Voluntary,Type three hear court street sport key.,Production       ,Engineers,26-05-1995,MA,Engineer,Male,47708,Asian,Single,PIP,1
24-Nov-19,04-Dec-25,Production Technician II,SVG,Future Start,Full-Time,Zone C,Temporary,Retirement,Week degree party available measure.,Production       ,Aerial,06-02-1994,MA,Business Development,Female,4731,White,Divorced,Fully Meets,5
15-Mar-22,14-Sep-22,Production Technician I,BPC,Active,Full-Time,Zone A,Full-Time,Involuntary,Majority executive plan imagine.,Production       ,Field Operations,10-11-1956,MA,Laborer,Male,9912,Hispanic,Single,Fully Meets,3
16-Aug-20,29-Nov-26,IT Manager - Support,PL,Active,Full-Time,Zone A,Full-Time,Resignation,Interest again main describe end charge.,Production       ,Engineers,16-03-1992,MA,Technician,Female,3764,White,Widowed,Fully Meets,4
22-Oct-21,18-Jan-21,BI Director,PL,Leave of Absence,Full-Time,Zone B,Full-Time,Retirement,Too within that room.,IT/IS,Engineers,28-04-1981,MA,Field Project Manager,Female,77288,Other,Divorced,Fully Meets,3
27-Oct-19,01-Apr-24,Senior BI Developer,CCDR,Active,Part-Time,Zone A,Full-Time,Involuntary,Establish go so someone might none stop citizen.,Admin Offices,Finance & Accounting,16-01-1956,MA,Director,Female,12530,Asian,Single,Fully Meets,3
21-Aug-22,30-Jul-22,Production Technician I,WBL,Active,Full-Time,Zone A,Full-Time,Involuntary,Teach human market real upon.,Production       ,People Services,01-10-1973,MA,Project Manager,Female,76954,Hispanic,Single,Needs Improvement,5
20-Aug-21,02-Apr-22,Production Technician I,CCDR,Active,Full-Time,Zone A,Part-Time,Voluntary,Drive feel its former end allow.,Production       ,Field Operations,22-09-1966,MA,Laborer,Male,65105,Other,Married,Fully Meets,5
17-Jul-20,11-May-27,Production Technician I,NEL,Leave of Absence,Part-Time,Zone B,Temporary,Resignation,Here relationship possible purpose instead.,Production       ,Project Management - Eng,06-02-1978,MA,Planner,Male,59015,Asian,Married,Fully Meets,3
24-Oct-20,14-Apr-21,Production Technician II,BPC,Leave of Absence,Part-Time,Zone C,Temporary,Involuntary,Positive far win six might.,Production       ,Fielders,19-01-1970,MA,Model Assistant,Female,95543,White,Married,Fully Meets,1
12-Feb-21,21-Feb-29,Production Technician II,WBL,Active,Part-Time,Zone C,Temporary,Voluntary,Health section option interview.,Production       ,Field Operations,10-01-1953,MA,Flagger,Female,4559,Asian,Single,Fully Meets,5
22-Aug-18,05-Jan-25,Area Sales Manager,CCDR,Voluntarily Terminated,Contract,Zone B,Full-Time,Resignation,Gas place rich dog process movement along.,Sales,Field Operations,09-01-1994,PA,Laborer,Male,9827,Asian,Divorced,Fully Meets,2
16-Feb-19,24-Sep-21,Production Technician I,EW,Voluntarily Terminated,Full-Time,Zone A,Full-Time,Retirement,Six agreement take. Newspaper back land health.,Production       ,Project Management - Con,23-01-1997,MA,Estimator,Female,71696,Asian,Single,Fully Meets,1
04-Mar-19,15-Aug-25,Sr. DBA,BPC,Active,Full-Time,Zone A,Temporary,Voluntary,Today situation minute figure friend opportunity.,Sales,Safety,20-01-1985,MA,Clerk,Male,6826,Other,Widowed,Fully Meets,3
24-Mar-20,08-Oct-24,IT Support,PL,Active,Contract,Zone C,Part-Time,Retirement,Soon walk early star.,Production       ,Wireline Construction,31-01-1973,MA,Locator,Female,14846,Hispanic,Widowed,Fully Meets,4
08-Jul-21,16-Aug-22,Sr. Network Engineer,CCDR,Active,Contract,Zone A,Temporary,Retirement,Here employee minute officer southern.,IT/IS,Engineers,15-07-1988,MA,Assistant,Male,93849,Asian,Single,Fully Meets,5
31-Jul-23,15-May-27,Area Sales Manager,PYZ,Active,Part-Time,Zone A,Temporary,Voluntary,Authority PM house child cost risk.,Sales,People Services,13-01-1945,MA,Engineer,Male,85847,Asian,Divorced,PIP,3
04-Mar-21,02-Mar-21,IT Manager - DB,SVG,Active,Contract,Zone C,Full-Time,Retirement,Scientist become a become value cell policy.,IT/IS,Technology / It,24-08-1954,MA,Engineer,Male,58969,Black,Widowed,Fully Meets,3
04-Nov-19,02-Dec-21,Production Technician I,SVG,Active,Contract,Zone C,Temporary,Retirement,Sound there everybody anything.,Production       ,Wireline Construction,11-06-1954,MA,Laborer,Female,32156,Hispanic,Single,Fully Meets,2
17-Jan-21,04-Mar-22,Production Technician II,MSC,Active,Full-Time,Zone A,Full-Time,Retirement,Method suggest leave process deep tough seek.,Production       ,General - Con,01-08-1996,MA,Project Coordinator,Female,75643,Black,Widowed,PIP,4
15-Jan-22,15-Mar-20,Production Technician II,NEL,Active,Full-Time,Zone C,Full-Time,Resignation,Else enjoy include expect.,Production       ,People Services,12-04-1953,MA,Operator,Female,9653,White,Widowed,Fully Meets,3
07-Apr-23,10-Jul-21,Production Technician I,PL,Active,Contract,Zone B,Part-Time,Voluntary,Decide statement future ball.,Production       ,Field Operations,29-07-1985,MA,Lineman,Male,53580,Asian,Married,Exceeds,4
19-Oct-22,25-Jan-27,Production Technician II,CCDR,Voluntarily Terminated,Part-Time,Zone B,Temporary,Retirement,Health section option interview.,Production       ,General - Sga,19-04-1964,MA,Engineer,Female,93924,Hispanic,Married,Fully Meets,4
02-Dec-22,03-Dec-19,Production Technician I,EW,Voluntarily Terminated,Full-Time,Zone C,Temporary,Retirement,Technology eight stage hold chance after police.,Production       ,Field Operations,11-02-1990,MA,Project Controls,Female,94399,Other,Married,Fully Meets,4
22-Oct-19,14-Apr-24,BI Director,EW,Active,Contract,Zone B,Full-Time,Retirement,If require particularly civil.,IT/IS,Wireline Construction,13-05-1963,NC,Laborer,Female,45873,Hispanic,Single,Fully Meets,3
19-Feb-22,17-Jul-21,Production Technician I,SVG,Active,Part-Time,Zone B,Temporary,Retirement,Remember teacher produce use voice.,Production       ,Aerial,12-09-1999,MA,Foreman,Female,44455,Hispanic,Widowed,Exceeds,1
24-Jul-21,19-Jan-20,Production Technician I,PL,Active,Contract,Zone A,Part-Time,Resignation,Open test message part risk.,Production       ,General - Con,15-09-1977,MA,Laborer,Female,26664,Asian,Divorced,Fully Meets,3
23-Aug-22,28-Feb-29,Production Technician II,CCDR,Voluntarily Terminated,Part-Time,Zone B,Temporary,Resignation,Describe current question quite coach.,Production       ,Technology / It,03-09-1959,MA,Engineer,Female,86341,Hispanic,Married,Fully Meets,1
17-Nov-19,29-Nov-25,Production Technician I,PL,Active,Contract,Zone C,Full-Time,Retirement,Better design cause yet history decide.,Production       ,Field Operations,20-08-1975,MA,Laborer,Female,66331,Asian,Married,Fully Meets,3
30-Jun-23,25-Jun-28,Production Technician II,SVG,Active,Full-Time,Zone A,Full-Time,Voluntary,Line know television.,Production       ,People Services,24-05-1997,MA,Manager,Female,67886,Other,Divorced,Fully Meets,3
18-Mar-19,05-Jan-22,Sales Manager,MSC,Active,Contract,Zone B,Temporary,Voluntary,Effort situation use necessary.,Software Engineering,General - Sga,31-07-1958,MA,Program Manager,Female,54719,White,Married,Fully Meets,3
17-Jan-19,30-Oct-25,Production Technician I,MSC,Leave of Absence,Part-Time,Zone C,Temporary,Involuntary,Car book street pull try brother.,Production       ,Field Operations,24-10-1956,MA,Apprentice,Male,39198,Asian,Married,Needs Improvement,3
06-Jun-19,11-Jun-19,Database Administrator,PYZ,Terminated for Cause,Contract,Zone A,Temporary,Retirement,Maybe establish real still.,Production       ,Executive,23-11-1986,MA,Construction Manager,Female,14908,White,Married,Fully Meets,4
26-Jan-19,18-Mar-26,Production Technician I,MSC,Leave of Absence,Full-Time,Zone A,Part-Time,Resignation,On sport growth now general.,Production       ,General - Con,05-02-1988,MA,Manager,Female,3679,Other,Widowed,PIP,2
21-Oct-22,14-Jul-22,Data Analyst ,PL,Active,Part-Time,Zone C,Temporary,Retirement,Scientist strong team civil quality.,Software Engineering,General - Eng,20-12-1974,MA,Intern,Male,89012,White,Divorced,Fully Meets,2
29-Mar-22,29-Aug-25,IT Manager - DB,BPC,Active,Contract,Zone A,Temporary,Voluntary,Very research level send picture pressure our.,Sales,Sales & Marketing,04-06-1942,NY,Contracts,Female,43303,Black,Widowed,Fully Meets,2
20-Apr-23,23-Jun-20,Network Engineer,MSC,Active,Contract,Zone B,Temporary,Unk,Deep certainly boy record.,Software Engineering,Underground,31-07-1959,MA,Model Assistant,Male,89714,Black,Single,Fully Meets,3
23-Feb-20,20-Nov-19,Area Sales Manager,TNS,Active,Contract,Zone C,Full-Time,Voluntary,Station another son positive.,Sales,Sales & Marketing,09-12-1963,KY,Locator,Male,55062,Other,Divorced,Exceeds,2
24-May-19,06-Oct-22,Production Technician II,BPC,Future Start,Contract,Zone B,Full-Time,Voluntary,Trouble hot lead article guess travel.,Production       ,Catv,07-06-1962,MA,Top Hand,Female,6272,White,Single,Fully Meets,3
01-May-23,02-Dec-24,President & CEO,SVG,Active,Contract,Zone C,Temporary,Retirement,Teach human market real upon.,IT/IS,Field Operations,15-07-1948,MA,Laborer,Male,31123,White,Divorced,Fully Meets,3
26-Sep-18,02-Jan-25,Sr. DBA,MSC,Active,Contract,Zone B,Temporary,Voluntary,Effort situation use necessary.,Software Engineering,Shop (Fleet),26-01-1958,MA,Supervisor,Female,64885,White,Married,Fully Meets,3
01-Oct-20,20-Dec-19,Production Technician II,TNS,Voluntarily Terminated,Contract,Zone A,Part-Time,Involuntary,Soon glass reveal Republican could.,Production       ,Technology / It,10-09-1942,MA,Field Project Manager,Male,25554,Asian,Widowed,Fully Meets,5
04-May-22,25-Mar-28,Production Technician I,CCDR,Active,Full-Time,Zone B,Part-Time,Involuntary,North help rock stage someone book.,Production       ,General - Sga,02-06-1964,MA,Construction Manager,Female,33040,Asian,Widowed,Fully Meets,3
12-Feb-20,14-Nov-19,Director of Sales,WBL,Active,Contract,Zone B,Part-Time,Voluntary,Exactly vote including easy.,Executive Office,Wireline Construction,08-04-1982,MA,Associate,Female,46466,Hispanic,Single,Fully Meets,3
28-Feb-21,24-Jun-28,Software Engineer,NEL,Active,Contract,Zone A,Full-Time,Involuntary,Happen ability as term fish.,IT/IS,People Services,29-04-1994,MA,Driver,Female,78753,Hispanic,Married,Fully Meets,3
31-Mar-19,20-Dec-24,Production Technician I,WBL,Future Start,Full-Time,Zone B,Part-Time,Voluntary,Prepare simply play edge.,Production       ,Aerial,14-07-2000,MA,Planner,Female,94059,White,Single,Fully Meets,4
17-Sep-19,24-Aug-28,Administrative Assistant,PYZ,Voluntarily Terminated,Contract,Zone A,Temporary,Retirement,Maybe establish real still.,Production       ,Catv,23-10-1975,MA,Drafter,Female,8340,White,Married,Fully Meets,1
01-Jan-20,21-Apr-21,Shared Services Manager,EW,Voluntarily Terminated,Full-Time,Zone A,Temporary,Involuntary,Brother election movie born enough.,IT/IS,Field Operations,10-04-1989,MA,Accounting,Female,43313,Asian,Divorced,Fully Meets,4
20-Aug-21,21-Mar-28,Director of Sales,PL,Active,Part-Time,Zone C,Temporary,Involuntary,Fill outside then discuss table.,Production       ,Project Management - Con,05-11-1965,MA,Administrative,Female,35933,Asian,Divorced,Fully Meets,4
05-Sep-19,27-Apr-26,Shared Services Manager,WBL,Active,Contract,Zone C,Part-Time,Voluntary,Page year stock own popular health.,IT/IS,Field Operations,31-10-1991,MA,Laborer,Female,6496,Black,Divorced,Fully Meets,4
23-Feb-19,31-Aug-23,Director of Operations,TNS,Active,Part-Time,Zone A,Temporary,Resignation,Finish law price under.,IT/IS,Shop (Fleet),06-07-1989,MA,Laborer,Female,78110,Hispanic,Widowed,PIP,3
30-May-22,24-Dec-28,Area Sales Manager,PYZ,Active,Full-Time,Zone C,Part-Time,Involuntary,Success realize political move adult new.,Sales,Shop (Fleet),18-01-1966,KY,Driller,Male,71431,Asian,Married,Fully Meets,2
14-Dec-18,21-Jul-26,Production Technician I,BPC,Voluntarily Terminated,Part-Time,Zone B,Temporary,Retirement,If data from box movement bad service.,Production       ,General - Eng,15-06-1966,MA,Helper,Female,73568,Black,Single,Fully Meets,3
27-Jan-20,03-Mar-28,Production Technician I,CCDR,Active,Part-Time,Zone A,Full-Time,Voluntary,Can last meet shake imagine he.,Production       ,Field Operations,26-06-1973,MA,Laborer,Female,15268,Black,Widowed,Fully Meets,3
28-Oct-22,12-Aug-27,Production Technician I,BPC,Future Start,Part-Time,Zone A,Temporary,Retirement,Guy present clear.,Production       ,Yard (Material Handling),19-08-1942,MA,Associate,Male,16463,Hispanic,Widowed,Fully Meets,2
30-Mar-21,05-Apr-21,Production Technician I,PL,Future Start,Full-Time,Zone C,Full-Time,Resignation,Scientist heart others employee church century.,Production       ,Yard (Material Handling),29-06-1989,MA,Runner,Female,68170,Black,Married,Fully Meets,4
18-May-20,04-Jan-19,IT Support,NEL,Active,Contract,Zone A,Part-Time,Retirement,Establish go so someone might none stop citizen.,Production       ,Wireless,26-06-1974,MA,Laborer,Female,46273,Black,Single,Fully Meets,3
29-Jul-19,18-Apr-22,Production Technician I,WBL,Terminated for Cause,Contract,Zone A,Full-Time,Voluntary,Food few generation seek outside.,Production       ,Aerial,03-01-1996,MA,Cfo,Female,80141,White,Married,Exceeds,3
25-Jan-20,30-Dec-24,Data Analyst,PL,Active,Full-Time,Zone A,Full-Time,Involuntary,Interest again main describe end charge.,Production       ,Engineers,10-03-1997,MA,Helper,Female,10686,White,Widowed,Fully Meets,1
20-Sep-21,31-Aug-28,Production Technician I,WBL,Terminated for Cause,Contract,Zone A,Full-Time,Involuntary,Glass minute shake food determine deep.,Production       ,Yard (Material Handling),29-11-1980,MA,Assistant,Female,78005,Black,Widowed,Fully Meets,3
12-Apr-22,16-Nov-23,Production Technician I,CCDR,Future Start,Contract,Zone A,Part-Time,Retirement,Amount particular answer show.,Production       ,People Services,19-02-1954,MA,Estimator,Male,72397,Other,Divorced,Fully Meets,3
15-Oct-19,05-Dec-27,Production Technician I,NEL,Active,Contract,Zone A,Full-Time,Retirement,Law safe yard market likely wife case action.,Production       ,Field Operations,16-03-1944,MA,Laborer,Female,10077,Other,Married,Fully Meets,2
03-Jan-19,14-Apr-24,Enterprise Architect,MSC,Active,Contract,Zone B,Temporary,Voluntary,Effort situation use necessary.,Software Engineering,General - Sga,24-03-1958,MA,Tower Hand,Female,52701,White,Married,Fully Meets,3
23-Aug-18,21-Oct-29,Production Technician I,MSC,Voluntarily Terminated,Full-Time,Zone A,Part-Time,Retirement,On sport growth now general.,Production       ,General - Con,14-05-1981,MA,Project Controls,Female,15774,Other,Widowed,PIP,1
15-Jun-23,14-Jun-21,Production Technician I,CCDR,Active,Contract,Zone B,Temporary,Retirement,Participant candidate wonder growth agree.,Production       ,Field Operations,19-06-1970,MA,Laborer,Male,62162,Asian,Widowed,Fully Meets,2
09-May-21,22-Jun-19,Database Administrator,EW,Future Start,Full-Time,Zone B,Part-Time,Resignation,Lead throw others.,IT/IS,Project Management - Eng,21-09-1962,MA,Flagger,Female,87230,Hispanic,Widowed,Exceeds,5
19-Aug-21,06-Sep-25,Production Technician I,TNS,Future Start,Part-Time,Zone A,Part-Time,Voluntary,Record your institution south stop play.,Production       ,Field Operations,27-06-1988,MA,Executive,Female,75717,Other,Widowed,PIP,2
15-Oct-22,20-Jun-23,Data Analyst ,EW,Active,Part-Time,Zone B,Full-Time,Resignation,Investment radio bring who. Big move rise return.,IT/IS,Field Operations,17-05-1994,MA,Laborer,Male,32254,Asian,Divorced,Fully Meets,3
26-Dec-18,23-Dec-29,Production Technician I,MSC,Voluntarily Terminated,Full-Time,Zone A,Part-Time,Resignation,On sport growth now general.,Production       ,General - Con,08-02-1978,MA,Clerk,Female,12758,Other,Widowed,Exceeds,1
12-Feb-20,07-Jun-28,IT Support,NEL,Active,Part-Time,Zone C,Temporary,Retirement,Establish go so someone might none stop citizen.,IT/IS,Finance & Accounting,14-07-1955,MA,Laborer,Male,14689,Black,Single,Fully Meets,4
06-May-19,04-Jul-23,Production Technician I,BPC,Active,Contract,Zone B,Temporary,Retirement,Free town various cup. Animal may team hit.,Production       ,Engineers,07-04-1956,MA,Specialist,Male,93396,Hispanic,Divorced,Fully Meets,3
08-Feb-20,25-Jan-25,Production Technician I,NEL,Active,Full-Time,Zone A,Temporary,Retirement,Decision fill total.,Production       ,Aerial,26-02-1979,MA,Laborer,Female,83788,Asian,Widowed,Needs Improvement,5
01-Jan-20,29-Sep-20,Production Technician I,BPC,Future Start,Full-Time,Zone A,Temporary,Voluntary,Prevent entire business ask meeting contain tree.,Production       ,Finance & Accounting,11-09-1949,MA,Laborer,Male,31258,Other,Divorced,Fully Meets,4
07-Nov-18,05-Dec-28,Production Technician II,SVG,Active,Contract,Zone A,Part-Time,Resignation,Sound there everybody anything.,Production       ,General - Con,20-09-1949,MA,Laborer,Female,94003,White,Divorced,Fully Meets,3
02-Jul-21,05-Aug-20,Production Technician I,WBL,Voluntarily Terminated,Contract,Zone A,Full-Time,Resignation,Center west table security.,Production       ,General - Eng,06-02-1988,MA,Attendant,Female,81396,Black,Widowed,Fully Meets,3
10-Aug-19,03-May-26,Production Technician II,SVG,Leave of Absence,Part-Time,Zone B,Part-Time,Resignation,Great relate within you. Red bill unit school.,Production       ,Field Operations,24-11-1979,MA,Program Manager,Male,43988,Other,Widowed,Fully Meets,3
13-Jun-21,12-Nov-20,Network Engineer,TNS,Voluntarily Terminated,Contract,Zone A,Temporary,Involuntary,Fight look song material year happen.,Production       ,People Services,26-08-1993,MA,Laborer,Female,37274,White,Single,Fully Meets,1
25-Apr-22,01-Oct-21,BI Developer,SVG,Active,Contract,Zone B,Full-Time,Involuntary,Determine building society soldier.,IT/IS,Field Operations,28-12-1990,MA,Vp,Female,11034,White,Widowed,Fully Meets,3
16-Sep-20,14-Nov-25,Production Technician II,BPC,Active,Part-Time,Zone A,Temporary,Involuntary,Opportunity upon apply and world.,Production       ,Executive,12-10-1996,MA,Support,Male,68404,White,Single,Fully Meets,4
20-May-21,03-Jul-28,Database Administrator,BPC,Active,Part-Time,Zone B,Part-Time,Retirement,Everybody list to. Green best stock yes happen.,IT/IS,Catv,02-03-1962,MA,Project Manager,Male,61127,Asian,Widowed,Fully Meets,3
20-Jul-19,06-May-20,Production Technician II,NEL,Voluntarily Terminated,Full-Time,Zone A,Temporary,Resignation,Few attorney all campaign town reflect behavior.,Production       ,Executive,23-01-1947,MA,Administration,Female,34442,Black,Divorced,Fully Meets,3
16-May-23,12-Jul-22,Production Technician I,MSC,Active,Full-Time,Zone C,Part-Time,Retirement,Process firm life from final medical.,Production       ,Fielders,02-05-1974,MA,Director,Male,26780,Asian,Single,Fully Meets,3
12-Nov-19,11-Mar-23,Production Technician I,PYZ,Active,Full-Time,Zone C,Full-Time,Resignation,By small force myself team industry.,Production       ,Catv,29-05-1970,MA,Vp,Female,5900,Other,Married,PIP,4
18-May-21,28-Jun-27,Production Manager,EW,Voluntarily Terminated,Full-Time,Zone B,Part-Time,Resignation,Lead throw others.,IT/IS,Project Management - Eng,25-07-1964,MA,Engineer,Female,83388,Hispanic,Widowed,PIP,4
24-Aug-18,16-Mar-22,IT Manager - DB,PL,Voluntarily Terminated,Contract,Zone A,Part-Time,Retirement,Nature here wrong why.,IT/IS,Wireline Construction,23-09-1946,MA,Executive,Female,19139,Black,Single,Fully Meets,3
22-Sep-18,23-Jul-25,Production Technician I,WBL,Terminated for Cause,Part-Time,Zone B,Temporary,Retirement,Certainly those above eye ball.,Production       ,Isp,21-07-1994,MA,Laborer,Female,29712,White,Divorced,Fully Meets,3
20-Jan-23,29-Aug-26,Production Technician II,EW,Active,Part-Time,Zone B,Full-Time,Voluntary,Finish law price under.,Production       ,Field Operations,19-01-1958,MA,Laborer,Female,39642,White,Single,Fully Meets,3
03-Apr-22,03-May-27,Data Analyst,BPC,Active,Contract,Zone A,Temporary,Voluntary,Very research level send picture pressure our.,Sales,Technology / It,04-06-1942,CO,Apprentice,Female,32060,Black,Widowed,Fully Meets,2
28-Nov-22,14-Mar-28,Production Technician II,CCDR,Future Start,Part-Time,Zone B,Temporary,Retirement,Night official cut director seven.,Production       ,Field Operations,27-01-1990,MA,Top Hand,Male,21766,Black,Widowed,PIP,1
17-Nov-19,05-Aug-24,Area Sales Manager,PYZ,Active,Contract,Zone A,Full-Time,Involuntary,Yourself book budget product.,Sales,Field Operations,28-07-1942,AZ,Top Hand,Male,43047,Hispanic,Divorced,PIP,4
30-Jun-21,22-Apr-19,Senior BI Developer,TNS,Active,Part-Time,Zone A,Part-Time,Resignation,Talk into between trip final.,Software Engineering,Field Operations,03-11-1990,MA,Services,Male,13751,Asian,Single,Fully Meets,3
04-Jun-21,22-Jun-24,Sales Manager,EW,Future Start,Full-Time,Zone B,Part-Time,Resignation,Lead throw others.,IT/IS,Project Management - Eng,19-06-1959,MA,Tower Hand,Female,92993,Hispanic,Widowed,Needs Improvement,2
12-Aug-18,08-Jun-25,Production Technician I,CCDR,Active,Part-Time,Zone B,Full-Time,Involuntary,Everybody list to. Green best stock yes happen.,Production       ,Safety,02-10-1995,MA,Engineer,Male,37785,Black,Single,Fully Meets,3
09-Dec-18,15-Mar-21,Sr. Network Engineer,SVG,Leave of Absence,Full-Time,Zone A,Temporary,Involuntary,Brother election movie born enough.,IT/IS,Field Operations,01-05-1995,MA,Tower Hand,Female,29962,Asian,Divorced,Fully Meets,1
07-Feb-19,14-Jul-25,Production Technician I,NEL,Active,Full-Time,Zone B,Temporary,Involuntary,Never few away level attack buy.,Production       ,Billable Consultants,20-06-1967,MA,Administration,Female,33828,Black,Single,Fully Meets,3
09-Aug-20,20-Jan-19,Production Technician II,BPC,Leave of Absence,Part-Time,Zone C,Temporary,Voluntary,Space long most area product drug tree.,Production       ,Wireless,14-09-1959,MA,Coordinator,Female,84954,White,Married,Fully Meets,4
27-Dec-19,02-Dec-19,Sr. Accountant,SVG,Active,Part-Time,Zone C,Full-Time,Voluntary,Dinner level write land effort.,IT/IS,Field Operations,11-07-1956,MA,Supervisor,Female,75040,Asian,Divorced,Fully Meets,1
31-Jul-19,22-Nov-27,Director of Sales,SVG,Active,Full-Time,Zone B,Full-Time,Involuntary,Try statement audience too material film.,Executive Office,Field Operations,07-12-1947,MA,Laborer,Female,73859,Black,Single,Fully Meets,3
05-Oct-19,05-Mar-25,Production Technician I,PYZ,Active,Full-Time,Zone C,Full-Time,Retirement,Late least forward bill realize camera.,Production       ,Sales & Marketing,16-08-1961,MA,Construction Manager,Female,10059,Other,Married,PIP,2
27-Nov-18,25-Dec-25,BI Director,SVG,Active,Full-Time,Zone B,Temporary,Voluntary,Audience board south. Per state model beat.,Executive Office,General - Con,30-07-1957,MA,Tester,Female,80990,Asian,Divorced,Fully Meets,5
21-Aug-21,22-Aug-28,Production Technician I,CCDR,Active,Contract,Zone B,Temporary,Resignation,Partner fact hand bag management woman.,Production       ,General - Con,11-06-1942,MA,Director,Male,35851,Asian,Divorced,Fully Meets,1
07-Sep-22,07-Sep-19,Production Technician I,SVG,Active,Contract,Zone C,Temporary,Retirement,Few attorney all campaign town reflect behavior.,Production       ,Field Operations,29-07-1989,MA,Engineer,Female,14731,Hispanic,Widowed,Fully Meets,3
26-May-19,04-Feb-29,Production Technician I,EW,Active,Part-Time,Zone B,Temporary,Involuntary,Per record feeling bed tax education.,Production       ,Engineers,18-07-1943,MA,Splicer,Female,53880,Other,Widowed,PIP,5
22-Mar-22,03-Sep-27,Production Technician II,SVG,Active,Part-Time,Zone C,Temporary,Involuntary,Next explain account stay.,Production       ,Engineers,30-12-1990,MA,Engineer,Male,69073,Asian,Single,PIP,1
29-May-22,21-Jun-21,Area Sales Manager,SVG,Future Start,Contract,Zone C,Part-Time,Retirement,Light free he rest thought.,Sales,Field Operations,16-03-1954,NC,Project Manager,Male,62832,Hispanic,Married,Fully Meets,2
24-Nov-18,21-Sep-19,CIO,NEL,Voluntarily Terminated,Full-Time,Zone B,Part-Time,Retirement,North next animal laugh threat no.,Production       ,Wireline Construction,28-03-1944,MA,Tester,Female,75866,Asian,Divorced,Fully Meets,2
13-Apr-19,02-May-22,Production Technician I,PL,Leave of Absence,Part-Time,Zone B,Temporary,Voluntary,Night office challenge several many.,Production       ,Field Operations,02-08-1989,MA,Administrative,Male,25773,Other,Divorced,Fully Meets,3
13-Jan-22,02-Jul-24,Production Technician I,CCDR,Active,Full-Time,Zone B,Temporary,Involuntary,Guy ten dream. Thing he care series.,Production       ,Splicing,21-06-1951,MA,Cfo,Female,62011,Hispanic,Divorced,Fully Meets,3
21-Jun-22,06-Feb-21,Shared Services Manager,CCDR,Active,Contract,Zone C,Temporary,Retirement,Improve center sure Mr respond for recent.,IT/IS,Field Operations,05-04-1948,MA,Laborer,Male,30258,White,Divorced,Fully Meets,3
03-Feb-19,26-Jan-26,Software Engineer,EW,Active,Contract,Zone C,Full-Time,Voluntary,Pattern son memory power citizen personal unit.,IT/IS,General - Con,28-11-1975,MA,Construction Manager,Female,20180,Other,Divorced,Fully Meets,3
04-Apr-21,09-Apr-20,Production Technician I,NEL,Active,Contract,Zone B,Temporary,Involuntary,Suddenly myself debate official training three.,Production       ,Field Operations,27-04-1972,MA,Laborer,Male,71838,Asian,Widowed,Fully Meets,2
07-Jun-19,18-May-21,Production Technician II,TNS,Active,Contract,Zone C,Full-Time,Retirement,Where forward evening huge cost share eat.,Production       ,Wireless,30-07-1983,MA,Runner,Female,77625,White,Divorced,Fully Meets,5
23-Aug-20,31-Dec-28,Production Technician I,WBL,Active,Full-Time,Zone B,Temporary,Retirement,Health section option interview.,Production       ,Technology / It,27-12-1947,MA,Driver,Female,43156,White,Married,Fully Meets,3
08-Mar-22,30-Mar-22,Production Technician I,EW,Terminated for Cause,Full-Time,Zone A,Full-Time,Voluntary,Reality line toward follow well able.,Production       ,General - Con,15-11-1988,MA,Technician,Female,20060,Hispanic,Widowed,PIP,4
13-Mar-20,01-Jun-22,Accountant I,BPC,Active,Contract,Zone C,Full-Time,Retirement,Me local somebody method away choose hit truth.,Production       ,Sales & Marketing,07-10-1977,MA,Shop,Male,24717,White,Single,Fully Meets,5
15-Jul-21,05-Aug-22,Production Technician I,TNS,Active,Contract,Zone A,Part-Time,Voluntary,Participant candidate wonder growth agree.,Production       ,General - Eng,21-04-1976,MA,Apprentice,Female,35146,Black,Single,Fully Meets,3
26-Oct-19,09-Apr-23,Production Technician II,EW,Leave of Absence,Part-Time,Zone A,Part-Time,Resignation,Order protect raise exist by behind dream memory.,Production       ,Splicing,17-12-1951,MA,Top Hand,Female,17977,Black,Divorced,PIP,5
22-Feb-23,16-Jan-26,Director of Operations,NEL,Active,Contract,Zone A,Temporary,Resignation,Account between environmental section group.,Production       ,Field Operations,05-01-1967,MA,Associate,Male,26424,Black,Married,Fully Meets,1
06-Mar-23,28-Sep-24,Production Technician I,BPC,Active,Full-Time,Zone A,Full-Time,Resignation,Onto site natural situation wear.,Production       ,Field Operations,12-09-1977,MA,Laborer,Female,22285,Asian,Divorced,Fully Meets,2
03-Sep-21,18-Nov-24,Production Technician II,TNS,Active,Part-Time,Zone A,Full-Time,Involuntary,Community probably bad day food place which loss.,Production       ,Splicing,10-12-1945,MA,Drafter,Female,68676,Black,Widowed,Fully Meets,3
14-Jan-23,22-Mar-25,Production Technician II,WBL,Active,Contract,Zone C,Temporary,Retirement,Law safe yard market likely wife case action.,Production       ,General - Sga,09-05-1996,MA,Laborer,Female,37335,Hispanic,Widowed,Fully Meets,2
04-Mar-21,01-Nov-20,Production Technician I,CCDR,Voluntarily Terminated,Contract,Zone A,Temporary,Voluntary,Everything discover represent full.,Production       ,Field Operations,19-06-1942,MA,Laborer,Female,77850,Asian,Single,Fully Meets,3
31-Jan-20,18-Jan-23,Production Technician I,SVG,Active,Contract,Zone B,Temporary,Voluntary,Material agency modern degree general.,Production       ,Wireline Construction,06-07-1992,MA,Accounting,Male,3962,Black,Single,Needs Improvement,2
09-Apr-19,02-Oct-23,Production Technician I,TNS,Voluntarily Terminated,Part-Time,Zone C,Full-Time,Involuntary,Weight join evidence oil father.,Production       ,Field Operations,26-12-1986,MA,Laborer,Male,32048,Black,Widowed,Fully Meets,3
01-Apr-23,20-Jun-27,Production Technician I,EW,Active,Full-Time,Zone A,Full-Time,Voluntary,Manage expert such rate stand.,Production       ,Field Operations,11-03-1986,MA,Laborer,Female,34861,Asian,Divorced,Fully Meets,2
20-Aug-20,09-Apr-27,Production Technician I,MSC,Terminated for Cause,Contract,Zone B,Part-Time,Retirement,Man issue never strategy will maintain resource.,Production       ,Sales & Marketing,13-09-1954,MA,Laborer,Male,77864,Other,Single,Exceeds,2
18-Aug-21,22-Apr-27,Production Technician II,SVG,Active,Contract,Zone A,Part-Time,Retirement,Media move management if my.,Production       ,General - Con,03-01-1950,MA,Laborer,Female,77884,White,Divorced,Fully Meets,3
08-Jun-20,12-Sep-22,Production Technician I,WBL,Active,Full-Time,Zone B,Temporary,Retirement,Gas also suffer air support size make.,Production       ,Shop (Fleet),11-01-1948,MA,Project Coordinator,Female,31005,White,Married,Fully Meets,3
28-Jun-22,09-Oct-27,Network Engineer,EW,Active,Contract,Zone C,Part-Time,Voluntary,Theory grow future week house.,IT/IS,Field Operations,10-04-2001,MA,Laborer,Female,8095,Black,Divorced,Fully Meets,4
27-Sep-18,27-Sep-28,Production Technician I,CCDR,Leave of Absence,Part-Time,Zone B,Full-Time,Retirement,Practice school PM her help open tough.,Production       ,Field Operations,23-11-1947,MA,Laborer,Male,75142,White,Married,Fully Meets,2
09-Dec-18,07-Feb-20,Production Technician I,TNS,Terminated for Cause,Full-Time,Zone C,Part-Time,Involuntary,Too former relationship risk.,Production       ,Field Operations,29-04-1991,MA,Laborer,Male,10013,Black,Widowed,Exceeds,3
22-Jul-21,18-Oct-26,Production Technician II,TNS,Active,Part-Time,Zone A,Full-Time,Retirement,Yard charge week wait address.,Production       ,Executive,21-07-1946,MA,Supervisor,Female,58574,Black,Widowed,Fully Meets,3
19-Sep-19,16-Mar-19,Production Technician I,MSC,Active,Part-Time,Zone A,Part-Time,Involuntary,Despite expect democratic then affect toward.,Production       ,Splicing,26-04-1998,MA,Mechanic,Female,14340,Other,Divorced,PIP,3
05-Mar-20,06-Jun-26,Production Technician I,BPC,Future Start,Part-Time,Zone C,Full-Time,Retirement,Stage necessary although they.,Production       ,Field Operations,19-05-1978,MA,Laborer,Male,22051,Black,Widowed,Fully Meets,3
18-Nov-19,19-Oct-27,Area Sales Manager,EW,Active,Contract,Zone B,Full-Time,Resignation,Who few sport business various.,Sales,Splicing,29-09-1991,ID,Labor,Male,3255,Hispanic,Divorced,Fully Meets,1
06-Apr-23,17-Jan-26,Production Technician I,PYZ,Voluntarily Terminated,Contract,Zone A,Part-Time,Retirement,Station opportunity already agency blood answer.,Production       ,Yard (Material Handling),17-10-1980,MA,Operator,Male,96583,Asian,Divorced,Fully Meets,3
04-Feb-22,24-Oct-19,Production Technician II,PYZ,Active,Full-Time,Zone C,Temporary,Involuntary,Law safe yard market likely wife case action.,Production       ,Field Operations,20-12-1947,MA,Laborer,Female,52223,Black,Divorced,Fully Meets,3
22-Feb-21,22-Feb-24,Production Technician I,SVG,Active,Contract,Zone B,Temporary,Resignation,Material agency modern degree general.,Production       ,Wireline Construction,08-05-2000,MA,Field Project Manager,Male,20633,Black,Single,Exceeds,1
25-Sep-19,05-Jun-22,Area Sales Manager,PL,Active,Contract,Zone C,Full-Time,Voluntary,Figure third where boy.,Sales,Aerial,17-05-1987,MA,Flagger,Male,52368,Other,Divorced,Fully Meets,1
02-Dec-20,03-Sep-19,Production Technician II,PL,Active,Contract,Zone A,Temporary,Resignation,Fire necessary sing first traditional.,Production       ,General - Con,30-03-1948,MA,Services,Female,13717,Hispanic,Married,Fully Meets,3
21-Feb-23,18-Apr-21,Director of Sales,PYZ,Terminated for Cause,Full-Time,Zone C,Part-Time,Retirement,Capital course trade.,Production       ,General - Sga,26-10-1974,MA,Groundman,Male,88078,Other,Widowed,Fully Meets,2
04-Nov-20,01-Jun-22,Area Sales Manager,NEL,Active,Contract,Zone A,Full-Time,Involuntary,Guy present clear.,Sales,Technology / It,05-10-1991,NC,Mechanic,Male,12238,Asian,Married,Fully Meets,5
06-Dec-18,13-Mar-20,IT Manager - DB,EW,Terminated for Cause,Full-Time,Zone A,Temporary,Involuntary,Brother election movie born enough.,IT/IS,Field Operations,15-02-1991,MA,Controller,Female,35916,Asian,Divorced,Fully Meets,1
08-Jun-20,12-Dec-19,Database Administrator,BPC,Active,Contract,Zone C,Full-Time,Voluntary,Me local somebody method away choose hit truth.,Production       ,Wireless,17-11-1982,MA,Project Manager,Male,38310,White,Single,Fully Meets,1
29-Nov-22,08-Sep-22,Production Technician I,PYZ,Active,Contract,Zone C,Full-Time,Resignation,Administration away choose.,Production       ,Executive,11-09-1962,MA,Electrician,Female,14647,Black,Single,PIP,4
10-Mar-21,03-Dec-27,Software Engineer,BPC,Active,Contract,Zone C,Full-Time,Retirement,Me local somebody method away choose hit truth.,Production       ,Wireless,19-09-1974,MA,Generalist,Male,35203,White,Single,Fully Meets,4
05-May-22,29-Mar-24,Production Technician II,PYZ,Future Start,Full-Time,Zone B,Full-Time,Involuntary,Organization above size discuss office.,Production       ,Field Operations,30-11-1946,MA,Electrician,Male,71016,Hispanic,Single,Fully Meets,2
30-May-20,18-Jul-26,Area Sales Manager,MSC,Active,Contract,Zone A,Temporary,Voluntary,Cost high must body defense population.,Sales,General - Con,23-04-1967,IN,Laborer,Male,66681,Other,Widowed,Fully Meets,4
24-May-21,26-Jun-26,Production Technician I,EW,Terminated for Cause,Part-Time,Zone A,Part-Time,Resignation,Investment radio bring who. Big move rise return.,Production       ,Field Operations,04-11-1976,MA,Administrator,Female,87311,Other,Widowed,Exceeds,1
13-Feb-22,20-Feb-22,Area Sales Manager,BPC,Active,Part-Time,Zone B,Temporary,Resignation,Direction west appear son school anything.,Sales,Engineers,30-10-1949,KY,Engineer,Male,83680,Asian,Widowed,Fully Meets,4
19-Apr-21,10-Feb-21,IT Director,SVG,Active,Part-Time,Zone B,Full-Time,Involuntary,Stock true summer together social.,Production       ,Field Operations,19-06-1976,MA,Labor,Male,49597,Other,Divorced,Fully Meets,4
11-Sep-21,25-Aug-23,Production Technician I,PYZ,Leave of Absence,Part-Time,Zone A,Temporary,Involuntary,Large relate work treatment Mrs.,Production       ,Field Operations,31-07-1981,MA,Assistant,Male,9626,Hispanic,Single,Exceeds,2
16-Aug-19,23-Jun-24,Production Technician I,EW,Terminated for Cause,Part-Time,Zone B,Temporary,Voluntary,Risk management money field.,Production       ,Field Operations,02-08-1989,MA,Helper,Male,29497,Other,Divorced,Fully Meets,3
15-Feb-21,05-Jan-25,Production Technician I,MSC,Leave of Absence,Part-Time,Zone A,Temporary,Voluntary,Stock true summer together social.,Production       ,Field Operations,30-11-1941,MA,Laborer,Female,93488,Asian,Divorced,Fully Meets,3
16-Nov-21,20-Jul-21,Software Engineer,MSC,Active,Contract,Zone C,Part-Time,Voluntary,Fire necessary sing first traditional.,IT/IS,Field Operations,30-07-1995,MA,Laborer,Female,12134,Black,Divorced,Fully Meets,1
16-Sep-22,14-May-28,Area Sales Manager,TNS,Active,Full-Time,Zone B,Full-Time,Retirement,Suddenly myself debate official training three.,Sales,Project Management - Con,17-01-1948,WA,Foreman,Male,94571,White,Widowed,Fully Meets,2
14-Mar-21,17-Dec-28,Sales Manager,EW,Active,Full-Time,Zone C,Part-Time,Unk,Rather which writer family.,Admin Offices,General - Con,21-07-1978,MA,Intern,Male,91945,Black,Divorced,Fully Meets,3
02-Sep-22,05-Jul-28,Software Engineer,WBL,Voluntarily Terminated,Full-Time,Zone C,Full-Time,Voluntary,Particularly box maybe.,Production       ,Isp,09-09-1998,MA,Supervisor,Female,49267,Asian,Divorced,Fully Meets,2
04-Oct-22,08-Jul-25,Software Engineer,NEL,Active,Contract,Zone A,Part-Time,Retirement,Occur tough thousand on recent.,Production       ,Splicing,20-12-1985,MA,Laborer,Female,61358,Black,Single,Fully Meets,3
21-Feb-20,22-Oct-19,Production Technician I,WBL,Active,Part-Time,Zone C,Part-Time,Resignation,True system strong often experience.,Production       ,Isp,02-07-1991,MA,Project Manager,Male,73853,Hispanic,Single,Fully Meets,3
19-Apr-20,05-Sep-22,Production Technician II,SVG,Voluntarily Terminated,Contract,Zone A,Temporary,Involuntary,Gas group whose within step clear choose.,Production       ,Yard (Material Handling),12-10-1992,MA,Billing,Female,60758,Asian,Divorced,Exceeds,3
20-Apr-19,23-Sep-28,President & CEO,PYZ,Active,Contract,Zone C,Full-Time,Voluntary,Design laugh top music policy.,IT/IS,Safety,16-12-1949,MA,Clerical,Male,18943,Black,Married,Fully Meets,4
14-Feb-22,08-Mar-22,Production Technician II,PL,Future Start,Full-Time,Zone A,Full-Time,Resignation,Finish law price under.,Production       ,General - Con,12-06-1964,MA,Coordinator,Male,88338,Other,Divorced,Fully Meets,3
13-Jan-21,19-Feb-22,Production Technician I,NEL,Future Start,Full-Time,Zone C,Temporary,Retirement,First choose again themselves thing however.,Production       ,Field Operations,29-03-1976,MA,Mechanic,Female,34808,Other,Widowed,Fully Meets,3
02-Oct-20,21-Apr-27,Production Technician II,SVG,Future Start,Contract,Zone A,Temporary,Resignation,Gas group whose within step clear choose.,Production       ,Yard (Material Handling),08-07-1994,MA,Business Development,Female,64525,Asian,Divorced,Exceeds,1
13-Jul-21,22-Mar-22,Senior BI Developer,BPC,Active,Part-Time,Zone A,Part-Time,Unk,Stock indeed about brother campaign.,Admin Offices,Field Operations,15-11-1991,MA,Attendant,Male,13433,Asian,Single,Fully Meets,3
29-Jul-20,29-Jul-19,Production Technician I,WBL,Active,Full-Time,Zone B,Temporary,Voluntary,By small force myself team industry.,Production       ,Finance & Accounting,28-12-1947,MA,Attendant,Female,30924,White,Married,Fully Meets,3
03-Oct-19,23-Feb-20,Production Technician I,PL,Active,Full-Time,Zone B,Temporary,Voluntary,Space long most area product drug tree.,Production       ,Engineers,01-12-1986,MA,Generalist,Female,64422,Other,Divorced,Fully Meets,2
10-May-23,27-Nov-26,Production Technician I,MSC,Active,Full-Time,Zone C,Part-Time,Resignation,Catch issue water night recognize mention.,Production       ,Safety,19-04-1981,MA,Flagger,Male,32321,Asian,Single,Fully Meets,3
01-Jan-21,08-May-28,Senior BI Developer,NEL,Active,Part-Time,Zone B,Part-Time,Retirement,Fast glass machine compare after check.,Software Engineering,Yard (Material Handling),24-03-1946,MA,Lineman,Male,2022,White,Widowed,Fully Meets,5
23-Jun-23,05-Oct-29,Production Technician II,NEL,Terminated for Cause,Contract,Zone C,Full-Time,Retirement,Until reason late off training situation.,Production       ,Catv,10-12-1948,MA,Supervisor,Female,74483,Black,Widowed,Fully Meets,5
26-Dec-22,15-Oct-23,Production Technician II,CCDR,Future Start,Part-Time,Zone B,Temporary,Involuntary,Tell its wind child more though.,Production       ,Wireline Construction,08-05-1971,MA,Engineer,Female,91963,Hispanic,Married,Fully Meets,1
04-Jun-21,08-Feb-19,Production Technician I,NEL,Terminated for Cause,Part-Time,Zone A,Temporary,Voluntary,Least if civil partner court number song.,Production       ,Field Operations,17-11-1941,MA,Laborer,Female,77117,Asian,Divorced,Fully Meets,3
14-Oct-21,05-Jan-22,Production Technician I,WBL,Active,Contract,Zone C,Full-Time,Voluntary,Production several care various seek.,Production       ,Engineers,21-06-1993,MA,Top Hand,Male,20360,Other,Married,Fully Meets,3
23-Jun-19,11-Jun-22,Data Analyst ,PYZ,Active,Contract,Zone C,Full-Time,Voluntary,Hot stage record listen cost against.,IT/IS,Finance & Accounting,24-12-1949,MA,Clerk,Male,7361,Black,Married,Fully Meets,5
17-May-20,21-Mar-22,Production Technician I,SVG,Leave of Absence,Part-Time,Zone A,Temporary,Resignation,Sense station management factor.,Production       ,Field Operations,14-01-1942,MA,Laborer,Female,85420,Asian,Divorced,Fully Meets,3
21-Mar-20,11-Feb-26,Production Technician I,NEL,Active,Contract,Zone A,Full-Time,Voluntary,Technology eight stage hold chance after police.,Production       ,General - Sga,26-03-1950,MA,Shop,Female,11418,Asian,Married,PIP,1
03-May-21,04-Dec-23,Area Sales Manager,TNS,Active,Full-Time,Zone C,Temporary,Resignation,Expert challenge education air none money wide.,Sales,Project Management - Eng,18-01-1958,TN,Services,Male,85660,Asian,Widowed,Fully Meets,2
07-Nov-20,03-Jan-25,Production Technician I,MSC,Active,Full-Time,Zone B,Temporary,Retirement,Why development even.,Production       ,General - Con,27-01-1982,MA,Labor,Female,10424,Hispanic,Widowed,Fully Meets,1
27-Apr-20,06-Aug-22,BI Developer,PL,Active,Full-Time,Zone C,Temporary,Involuntary,Artist technology ever body provide today doctor.,Admin Offices,Catv,30-03-1968,MA,Estimator,Female,11825,Black,Single,Fully Meets,3
06-Aug-22,18-Oct-29,Production Technician I,EW,Voluntarily Terminated,Contract,Zone A,Part-Time,Voluntary,Talk into between trip final.,Production       ,Catv,27-08-1948,MA,Ceo,Male,27976,Other,Divorced,Fully Meets,2
14-Jul-20,02-Jan-26,Production Technician I,MSC,Leave of Absence,Full-Time,Zone C,Part-Time,Retirement,Prevent entire business ask meeting contain tree.,Production       ,Field Operations,17-07-1998,MA,Laborer,Male,3872,Black,Widowed,Exceeds,3
16-Feb-19,26-Jul-28,Production Technician I,NEL,Active,Full-Time,Zone B,Temporary,Resignation,Certainly those above eye ball.,Production       ,Executive,06-01-1964,MA,Project Coordinator,Female,36347,Black,Single,Fully Meets,3
14-Dec-18,25-Jan-23,Production Technician I,BPC,Terminated for Cause,Part-Time,Zone B,Temporary,Voluntary,Late least forward bill realize camera.,Production       ,Finance & Accounting,09-03-1971,MA,Ceo,Female,69658,Black,Single,Fully Meets,3
06-Feb-23,06-Jan-20,Production Technician I,NEL,Active,Part-Time,Zone A,Full-Time,Voluntary,Prevent involve hundred price.,Production       ,Wireless,14-02-1989,MA,Administrator,Male,7220,Asian,Single,Exceeds,5
10-Sep-18,04-Jan-19,Area Sales Manager,TNS,Active,Full-Time,Zone B,Temporary,Voluntary,Per record feeling bed tax education.,Sales,Field Operations,20-09-1983,CT,Generalist,Male,25985,Other,Married,Fully Meets,2
12-Sep-21,11-Dec-20,Production Technician I,MSC,Terminated for Cause,Contract,Zone B,Part-Time,Involuntary,Thing stock near question mouth.,Production       ,Project Management - Eng,09-04-1954,MA,Laborer,Male,76362,Other,Single,Exceeds,1
10-Feb-20,31-Mar-21,Area Sales Manager,PYZ,Active,Contract,Zone C,Temporary,Retirement,Weight join evidence oil father.,Sales,Project Management - Con,22-08-1951,AL,Supervisor,Male,79075,Other,Widowed,Fully Meets,4
23-Mar-22,20-May-26,Production Technician II,SVG,Active,Part-Time,Zone C,Temporary,Retirement,Ball total direction school.,Production       ,Engineers,03-12-1998,MA,Engineer,Male,57125,Asian,Single,Needs Improvement,1
03-Feb-20,12-Apr-26,Director of Sales,PL,Active,Full-Time,Zone A,Full-Time,Retirement,Interest again main describe end charge.,Production       ,Engineers,22-06-1989,MA,Model Assistant,Female,6231,White,Widowed,Fully Meets,4
06-Nov-18,27-Oct-24,Accountant I,TNS,Future Start,Contract,Zone A,Part-Time,Voluntary,Continue move everything.,Production       ,General - Sga,19-03-1976,MA,Supervisor,Female,38294,White,Widowed,Fully Meets,1
19-Apr-21,08-Feb-22,BI Developer,PYZ,Active,Full-Time,Zone C,Part-Time,Voluntary,Glass minute shake food determine deep.,Admin Offices,General - Eng,25-08-1954,MA,Laborer,Male,66689,Asian,Widowed,Fully Meets,3
07-Jul-21,24-May-27,Data Analyst ,CCDR,Active,Full-Time,Zone B,Temporary,Involuntary,Not later mission use industry family at.,IT/IS,Field Operations,16-02-1987,MA,Project Controls,Male,2942,Other,Divorced,Needs Improvement,5
02-Feb-19,01-Jul-28,Enterprise Architect,PL,Active,Full-Time,Zone A,Full-Time,Retirement,Strategy fear tough wife here now.,Production       ,Engineers,02-04-1983,MA,Driller,Female,84219,Other,Married,Fully Meets,3
11-Feb-23,09-Jan-22,Production Technician I,NEL,Active,Part-Time,Zone A,Full-Time,Voluntary,Open test message part risk.,Production       ,Catv,09-01-1995,MA,Locator,Male,2809,Asian,Single,Needs Improvement,3
23-Apr-22,22-Apr-24,Network Engineer,PL,Active,Full-Time,Zone C,Part-Time,Involuntary,Attention summer we. Suffer impact imagine we.,Software Engineering,Field Operations,27-02-1985,MA,Attendant,Male,6079,White,Divorced,Fully Meets,3
23-Dec-20,01-Oct-28,CIO,PYZ,Active,Full-Time,Zone B,Full-Time,Retirement,Treatment power card almost pretty sister.,Sales,Wireless,03-12-1962,MA,Contracts,Female,23336,Black,Widowed,Fully Meets,3
26-Feb-21,16-Jun-28,Production Technician I,SVG,Voluntarily Terminated,Contract,Zone A,Temporary,Retirement,Keep position nature most anything eat blue.,Production       ,Field Operations,16-02-1956,MA,Splicer,Male,29662,Black,Married,Fully Meets,5
17-May-22,19-Aug-25,Production Technician I,CCDR,Active,Full-Time,Zone B,Part-Time,Resignation,Fund nor half early miss follow.,Production       ,Project Management - Eng,22-03-1959,MA,Top Hand,Female,39235,Asian,Widowed,Fully Meets,3
08-Dec-19,12-Apr-20,Software Engineering Manager,NEL,Active,Full-Time,Zone B,Full-Time,Involuntary,Year ever end drive.,Software Engineering,Field Operations,14-02-1947,MA,Laborer,Female,77413,Black,Single,Fully Meets,3
09-Feb-21,11-Jan-24,Production Technician I,PYZ,Active,Part-Time,Zone C,Full-Time,Voluntary,Manager lead both sing.,Production       ,Catv,09-10-1969,MA,Support,Female,4800,White,Single,Exceeds,3
08-Feb-21,26-Oct-29,Senior BI Developer,PYZ,Future Start,Full-Time,Zone C,Part-Time,Retirement,Hard thousand fund follow take want full.,Production       ,Catv,23-10-1998,MA,Project Controls,Female,44049,Asian,Single,Fully Meets,4
22-May-20,13-Nov-20,Sr. DBA,WBL,Active,Part-Time,Zone B,Temporary,Voluntary,Gas place rich dog process movement along.,IT/IS,People Services,17-12-1966,MA,Flagger,Male,61537,Black,Single,Fully Meets,3
02-Dec-22,18-Mar-19,IT Manager - Infra,BPC,Active,Full-Time,Zone B,Temporary,Resignation,Central baby moment benefit do.,Sales,Billable Consultants,23-07-1993,MA,Manager,Female,12596,Other,Single,Fully Meets,1
16-Nov-18,26-Dec-25,Area Sales Manager,CCDR,Active,Contract,Zone A,Full-Time,Resignation,Type three hear court street sport key.,Sales,Billable Consultants,03-11-1951,AZ,Vp,Female,27992,White,Divorced,Fully Meets,3
27-Dec-21,06-Aug-28,Production Technician I,CCDR,Active,Full-Time,Zone B,Temporary,Resignation,Upon writer black.,Production       ,Safety,16-06-1951,MA,Shop,Female,57141,Hispanic,Divorced,Fully Meets,3
19-Feb-21,29-Mar-27,Area Sales Manager,PYZ,Active,Contract,Zone A,Full-Time,Involuntary,Factor strategy defense citizen.,Sales,People Services,28-01-1948,ID,Associate,Male,40672,Black,Single,Fully Meets,2
20-Jul-20,08-Feb-21,BI Developer,PYZ,Future Start,Contract,Zone B,Temporary,Resignation,Begin mind time similar night travel.,IT/IS,Yard (Material Handling),03-03-1951,MA,Laborer,Female,4537,Asian,Married,Exceeds,1
21-Jan-22,10-Jul-27,Production Technician I,EW,Active,Contract,Zone B,Part-Time,Resignation,Organization above size discuss office.,Production       ,Field Operations,23-03-1984,MA,Supervisor,Female,66192,Other,Widowed,Fully Meets,1
19-Apr-20,10-Oct-26,Principal Data Architect,NEL,Terminated for Cause,Full-Time,Zone A,Full-Time,Retirement,Nation you bad daughter only huge them.,Production       ,Underground,13-10-1979,MA,Ceo,Female,93441,Other,Single,Fully Meets,2
01-Jul-19,11-Jun-22,Production Technician II,EW,Future Start,Full-Time,Zone B,Part-Time,Resignation,Explain happen heavy wall hot year ability.,Production       ,Field Operations,30-04-1962,MA,Top Hand,Male,17382,White,Divorced,PIP,4
02-Aug-21,13-Apr-25,Production Technician I,NEL,Active,Contract,Zone C,Temporary,Involuntary,Majority executive plan imagine.,Production       ,Field Operations,12-10-1983,MA,Administrator,Male,24253,Other,Married,Fully Meets,3
03-Aug-23,20-Jan-25,Production Technician I,CCDR,Active,Full-Time,Zone B,Full-Time,Resignation,New out peace director fish.,Production       ,Catv,24-02-1947,MA,Engineer,Female,88816,Asian,Single,Fully Meets,1
09-Mar-23,23-Mar-25,IT Director,CCDR,Active,Contract,Zone A,Temporary,Retirement,Speak high idea reach both. Many policy rock six.,Production       ,Field Operations,13-08-1967,MA,Executive Assistant,Male,43842,Black,Married,Fully Meets,1
22-Dec-22,17-May-25,Production Technician I,WBL,Active,Contract,Zone B,Temporary,Voluntary,North next animal laugh threat no.,Production       ,Field Operations,21-11-1956,MA,Driller,Female,87029,Hispanic,Divorced,Fully Meets,1
29-Oct-19,28-Apr-21,Production Technician I,SVG,Active,Contract,Zone A,Full-Time,Voluntary,Wonder worry life stand.,Production       ,General - Eng,11-09-1953,MA,Construction Manager,Male,38751,Black,Married,Needs Improvement,3
30-May-23,02-Sep-22,Production Technician II,PYZ,Active,Part-Time,Zone A,Full-Time,Retirement,Inside week also so.,Production       ,Wireless,20-07-1975,MA,Top Hand,Female,36602,Hispanic,Divorced,PIP,2
05-Apr-20,02-Jun-24,Production Technician II,PL,Active,Contract,Zone A,Temporary,Voluntary,Community probably bad day food place which loss.,Production       ,General - Con,07-07-1948,MA,Shop,Female,10612,Hispanic,Married,Fully Meets,3
14-Jun-20,10-Jan-22,Production Technician II,BPC,Active,Part-Time,Zone B,Temporary,Involuntary,Learn staff above address.,Production       ,General - Sga,16-02-1969,MA,Driller,Male,13378,Other,Single,Fully Meets,2
12-Oct-18,20-Mar-22,Production Technician II,BPC,Terminated for Cause,Contract,Zone B,Full-Time,Voluntary,Prevent involve hundred price.,Production       ,Engineers,12-01-1972,MA,Construction Manager,Female,11808,White,Single,Fully Meets,3
16-Apr-19,18-Jul-22,Area Sales Manager,WBL,Active,Full-Time,Zone B,Temporary,Voluntary,Order risk think. North born would might.,Sales,Field Operations,02-06-1978,WA,Foreman,Male,24614,Other,Married,Fully Meets,2
07-Apr-23,21-Jul-22,IT Manager - Infra,TNS,Active,Part-Time,Zone C,Part-Time,Involuntary,Stand cut knowledge staff course than class.,Executive Office,Isp,08-11-2000,MA,Assistant,Male,60689,Other,Divorced,Needs Improvement,3
16-Sep-18,25-Mar-28,Sr. Accountant,MSC,Active,Contract,Zone C,Temporary,Retirement,Radio fight consumer senior traditional himself.,Admin Offices,Aerial,07-12-1981,MA,Clerical,Male,84622,Asian,Single,Fully Meets,4
21-Sep-18,25-Dec-19,Production Technician I,BPC,Active,Part-Time,Zone C,Full-Time,Involuntary,Somebody air turn. Dark civil any serious.,Production       ,Aerial,11-10-1981,MA,Director,Female,87941,Other,Single,Needs Improvement,1
06-Aug-20,31-Jul-23,Area Sales Manager,PL,Active,Part-Time,Zone A,Full-Time,Retirement,Appear reality artist there understand.,Sales,Project Management - Con,05-10-1962,CT,Helper,Female,68927,White,Widowed,Fully Meets,1
25-Dec-22,06-Jun-25,Director of Sales,BPC,Active,Full-Time,Zone B,Temporary,Resignation,Stock indeed about brother campaign.,Sales,Technology / It,24-08-1994,MA,Manager,Female,12865,Other,Single,Fully Meets,1
05-Aug-22,13-Apr-21,Production Technician II,TNS,Voluntarily Terminated,Contract,Zone B,Full-Time,Voluntary,Else enjoy include expect.,Production       ,Catv,09-09-1954,MA,Model Assistant,Female,90907,Hispanic,Married,Fully Meets,5
08-Jan-23,07-Jul-23,Production Technician I,SVG,Active,Contract,Zone B,Temporary,Retirement,Line know television.,Production       ,Field Operations,03-03-1956,MA,Driller,Female,87633,Hispanic,Divorced,Fully Meets,4
04-Apr-22,24-Apr-24,Production Technician I,SVG,Active,Full-Time,Zone A,Temporary,Involuntary,Reason stock professional clear allow two town.,Production       ,General - Con,30-03-1957,MA,Supervisor,Female,92636,Asian,Single,PIP,1
24-Mar-22,29-Jul-21,Production Technician I,CCDR,Active,Contract,Zone A,Full-Time,Voluntary,A parent bit rich. Reflect north sometimes card.,Production       ,Isp,30-07-1985,MA,Operator,Female,93995,Other,Married,Fully Meets,3
05-Oct-21,31-May-19,Network Engineer,PL,Active,Part-Time,Zone C,Temporary,Involuntary,Fill outside then discuss table.,Production       ,Project Management - Con,14-11-1972,MA,Tower Hand,Female,42815,Asian,Divorced,Fully Meets,1
06-Dec-19,16-Feb-26,Area Sales Manager,NEL,Active,Full-Time,Zone B,Temporary,Voluntary,Sit energy consider voice director.,Sales,Field Operations,29-01-1985,TX,Administrator,Male,43990,Other,Married,Fully Meets,2
02-Dec-18,27-Apr-20,Production Technician II,PYZ,Leave of Absence,Full-Time,Zone B,Part-Time,Involuntary,Explain happen heavy wall hot year ability.,Production       ,Field Operations,18-07-1966,MA,Specialist,Male,11866,White,Divorced,PIP,1
06-Apr-23,09-Oct-27,Production Technician I,PYZ,Active,Part-Time,Zone A,Temporary,Retirement,Finally build do analysis beyond heavy.,Production       ,Wireline Construction,25-07-1989,MA,Tower Hand,Male,78921,Hispanic,Married,Fully Meets,2
04-Aug-21,02-May-21,Production Technician I,TNS,Active,Contract,Zone A,Part-Time,Resignation,Health section option interview.,Production       ,Wireless,12-03-1983,MA,Director,Female,30381,Black,Single,Fully Meets,3
04-Nov-22,11-Nov-26,Senior BI Developer,BPC,Active,Contract,Zone A,Part-Time,Resignation,Determine building society soldier.,Software Engineering,General - Eng,03-09-1950,MA,Engineer,Female,40090,Other,Widowed,Fully Meets,3
29-Oct-19,27-Jun-21,Production Technician I,BPC,Active,Contract,Zone B,Temporary,Involuntary,Per record feeling bed tax education.,Production       ,Splicing,19-06-1956,MA,Tester,Male,87218,Hispanic,Divorced,Fully Meets,3
05-Sep-19,27-Dec-22,Production Technician II,WBL,Active,Full-Time,Zone A,Temporary,Involuntary,Human box wish natural student staff.,Production       ,People Services,16-03-1990,MA,Clerk,Female,95328,White,Married,Fully Meets,4
30-Dec-21,12-Dec-19,Production Technician I,CCDR,Active,Contract,Zone B,Full-Time,Voluntary,Strategy word southern.,Production       ,Isp,05-05-1960,MA,Laborer,Female,77543,Asian,Married,PIP,3
23-Oct-21,15-May-26,Production Technician I,TNS,Active,Contract,Zone C,Temporary,Involuntary,Above fight animal support beautiful.,Production       ,Field Operations,11-11-1985,MA,Project Coordinator,Male,33006,Other,Married,Fully Meets,3
04-Feb-23,31-Jan-22,Production Technician II,MSC,Terminated for Cause,Full-Time,Zone C,Part-Time,Resignation,Area card test push day effect.,Production       ,Wireline Construction,29-05-1942,MA,Helper,Female,72518,Hispanic,Married,PIP,2
09-Dec-18,04-Oct-21,Software Engineer,NEL,Voluntarily Terminated,Full-Time,Zone A,Full-Time,Resignation,First peace oil more last us. Front product many.,Admin Offices,Yard (Material Handling),20-01-1993,MA,Planner,Male,58426,White,Divorced,Fully Meets,2
07-Dec-20,13-Mar-27,Software Engineer,CCDR,Active,Part-Time,Zone B,Full-Time,Resignation,Democrat stage daughter any own whom.,IT/IS,Field Operations,14-12-1990,MA,Laborer,Male,32902,Asian,Divorced,Fully Meets,3
11-Apr-22,31-Jul-29,Production Technician II,WBL,Future Start,Full-Time,Zone B,Part-Time,Voluntary,Learn whatever million.,Production       ,Field Operations,10-10-1986,MA,Controller,Male,59446,Asian,Single,Fully Meets,5
24-Mar-23,01-Jan-25,Sr. Accountant,CCDR,Active,Part-Time,Zone B,Full-Time,Voluntary,Foreign friend policy green.,IT/IS,Field Operations,11-04-1964,MA,Groundman,Male,88723,Hispanic,Single,Fully Meets,3
10-May-21,07-Apr-23,Production Technician I,WBL,Future Start,Contract,Zone A,Full-Time,Voluntary,Upon writer black.,Production       ,Safety,20-09-1975,MA,Contracts,Female,76586,Black,Widowed,Fully Meets,3
18-May-23,15-Feb-24,Area Sales Manager,MSC,Active,Full-Time,Zone C,Full-Time,Involuntary,Movie before ability. Seem watch deal center.,Sales,Technology / It,24-08-1988,NC,Generalist,Male,8962,Black,Widowed,Fully Meets,1
11-Aug-20,17-Aug-22,Production Technician II,SVG,Future Start,Part-Time,Zone B,Temporary,Voluntary,Glass minute shake food determine deep.,Production       ,Yard (Material Handling),08-02-1957,MA,Accounting,Female,47943,Other,Divorced,Fully Meets,2
11-Mar-20,18-Nov-26,Production Technician I,NEL,Active,Contract,Zone A,Full-Time,Resignation,Everybody list to. Green best stock yes happen.,Production       ,Field Operations,17-08-1944,MA,Laborer,Female,9417,Other,Married,Fully Meets,2
24-Mar-20,18-Dec-21,Production Technician II,BPC,Voluntarily Terminated,Part-Time,Zone C,Temporary,Retirement,Success realize political move adult new.,Production       ,Splicing,25-06-1973,MA,Administration,Female,85245,White,Married,Fully Meets,4
12-Apr-21,13-May-22,IT Manager - Infra,SVG,Active,Contract,Zone C,Full-Time,Retirement,Scientist become a become value cell policy.,IT/IS,Wireless,25-07-1954,MA,Clerical,Male,73588,Black,Widowed,Fully Meets,3
01-Apr-20,10-Jun-19,Area Sales Manager,MSC,Active,Contract,Zone B,Part-Time,Involuntary,Thing stock near question mouth.,Sales,General - Eng,20-11-1961,ND,Technician,Female,9139,Hispanic,Married,Fully Meets,2
25-Jan-19,30-Dec-20,Area Sales Manager,WBL,Active,Contract,Zone A,Full-Time,Involuntary,Yourself book budget product.,Sales,Field Operations,04-09-1942,CO,Top Hand,Male,43117,Hispanic,Divorced,Exceeds,1
16-Mar-21,26-Jul-21,Production Technician I,NEL,Active,Full-Time,Zone C,Full-Time,Voluntary,Organization above size discuss office.,Production       ,General - Con,22-04-1979,MA,Engineer,Male,82956,Black,Married,Fully Meets,4
10-Sep-22,11-Feb-25,Senior BI Developer,BPC,Active,Contract,Zone A,Part-Time,Resignation,Professor phone billion none very evidence.,Admin Offices,Yard (Material Handling),16-07-1950,MA,Engineer,Female,22310,Other,Widowed,Fully Meets,3
23-Aug-18,26-Jan-19,Production Technician I,TNS,Active,Contract,Zone A,Full-Time,Retirement,Law difference five away.,Production       ,Isp,03-09-1986,MA,Lineman,Female,18111,Asian,Widowed,Needs Improvement,5
16-Dec-19,21-Apr-21,Production Technician I,CCDR,Active,Part-Time,Zone B,Full-Time,Resignation,Window paper dark power knowledge must current.,Production       ,Executive,17-02-1998,MA,Operator,Male,42716,Black,Single,Fully Meets,3
21-Sep-22,12-Jul-24,Production Manager,SVG,Active,Contract,Zone A,Full-Time,Involuntary,Easy film last fact discuss. Enough worker wall.,Production       ,Field Operations,24-04-1963,MA,Laborer,Female,24246,White,Single,Fully Meets,2
07-Nov-22,15-Jan-19,Production Technician I,EW,Future Start,Part-Time,Zone A,Part-Time,Resignation,Control head ground agreement check ever.,Production       ,Sales & Marketing,18-05-1967,MA,Clerical,Female,94920,Asian,Single,Fully Meets,3
28-Jul-19,22-Jan-25,Production Technician I,WBL,Voluntarily Terminated,Full-Time,Zone A,Full-Time,Voluntary,Decision fill total.,Production       ,Field Operations,03-02-1987,MA,Director,Male,55561,White,Divorced,Fully Meets,3
09-Nov-22,09-Mar-24,Production Technician I,SVG,Active,Contract,Zone C,Temporary,Resignation,Here employee minute officer southern.,Production       ,Wireline Construction,22-07-1954,MA,Laborer,Female,43877,Hispanic,Single,Fully Meets,2
05-Sep-18,26-Jun-25,Production Technician I,NEL,Active,Full-Time,Zone B,Temporary,Retirement,Administration away choose.,Production       ,Aerial,13-11-1971,MA,Technician,Female,32407,Black,Single,Fully Meets,3
12-Sep-18,26-Aug-26,Production Technician I,PL,Active,Full-Time,Zone B,Temporary,Involuntary,Not later mission use industry family at.,Production       ,Engineers,02-11-1986,MA,Engineer,Female,67824,Other,Divorced,Fully Meets,2
02-Dec-22,25-Nov-24,Production Technician I,MSC,Active,Contract,Zone B,Part-Time,Retirement,End trouble tonight amount page reach debate.,Production       ,Project Management - Con,21-09-1944,MA,Manager,Female,62867,Asian,Widowed,Fully Meets,2
10-Jun-20,16-Jul-20,Production Technician I,NEL,Leave of Absence,Part-Time,Zone A,Full-Time,Retirement,Everything discover represent full.,Production       ,Safety,08-08-1962,MA,Apprentice,Male,27049,White,Married,Fully Meets,3
01-Dec-22,11-May-23,Sales Manager,PYZ,Voluntarily Terminated,Part-Time,Zone A,Full-Time,Involuntary,Summer personal bag.,Production       ,Technology / It,13-11-1969,MA,Engineer,Female,46877,White,Single,Fully Meets,1
18-Jun-21,30-Jun-19,Production Technician I,CCDR,Active,Contract,Zone B,Temporary,Resignation,Late least forward bill realize camera.,Production       ,Shop (Fleet),28-06-1942,MA,Generalist,Male,34019,Asian,Divorced,Fully Meets,4
08-Nov-19,07-Mar-28,Production Technician I,PL,Active,Full-Time,Zone A,Full-Time,Resignation,Participant candidate wonder growth agree.,Production       ,General - Con,25-10-1945,MA,Administrator,Male,85058,White,Widowed,Fully Meets,5
04-Mar-20,10-Oct-24,President & CEO,NEL,Leave of Absence,Full-Time,Zone A,Full-Time,Voluntary,Nation you bad daughter only huge them.,Production       ,Yard (Material Handling),17-07-1975,MA,Groundman,Female,74726,Other,Single,Fully Meets,2
02-Dec-20,24-Jan-22,Software Engineer,SVG,Active,Full-Time,Zone C,Temporary,Voluntary,In read day your stay she.,IT/IS,Splicing,03-10-1945,MA,Laborer,Male,49875,White,Married,Fully Meets,4
09-Oct-18,31-Oct-24,Production Technician I,NEL,Active,Full-Time,Zone B,Temporary,Involuntary,Window paper dark power knowledge must current.,Production       ,Yard (Material Handling),10-09-1972,MA,Field Project Manager,Female,31988,Black,Single,Fully Meets,3
01-Jan-22,26-Mar-19,Sr. Accountant,SVG,Active,Contract,Zone C,Temporary,Retirement,Program deal run.,IT/IS,Field Operations,18-10-1948,MA,Laborer,Male,44042,White,Divorced,Fully Meets,3
01-Apr-21,16-Apr-22,Principal Data Architect,MSC,Active,Part-Time,Zone A,Part-Time,Voluntary,Necessary account office.,Production       ,Project Management - Con,06-06-1963,MA,Shop,Female,10200,Asian,Divorced,Fully Meets,3
23-Feb-23,06-Jun-21,Senior BI Developer,PYZ,Leave of Absence,Full-Time,Zone C,Part-Time,Resignation,Audience deal cost figure student might let.,Production       ,Wireline Construction,08-11-1985,MA,Field Project Manager,Male,78189,Other,Widowed,Fully Meets,2
08-Feb-21,09-Jul-24,Database Administrator,SVG,Active,Contract,Zone C,Full-Time,Retirement,Scientist become a become value cell policy.,IT/IS,Sales & Marketing,07-03-1954,MA,Administrator,Male,57889,Black,Widowed,Fully Meets,3
16-May-20,22-Jul-20,Production Technician I,CCDR,Active,Part-Time,Zone A,Temporary,Retirement,Industry majority population final. Bit go deal.,Production       ,Safety,21-06-1977,MA,Administration,Female,78315,Black,Widowed,Fully Meets,4
04-Sep-21,02-Dec-28,IT Director,CCDR,Active,Part-Time,Zone B,Full-Time,Retirement,Least if civil partner court number song.,Production       ,Field Operations,11-09-1981,MA,Controller,Male,66920,Other,Divorced,Fully Meets,5
13-Jul-21,09-May-26,Production Technician II,PL,Active,Contract,Zone C,Full-Time,Voluntary,Hold season meeting voice.,Production       ,Finance & Accounting,07-09-1971,MA,Construction Manager,Female,7296,Asian,Widowed,Fully Meets,4
23-Feb-19,21-Jul-20,Production Technician II,BPC,Future Start,Contract,Zone B,Full-Time,Involuntary,According term along ago leave.,Production       ,Executive,12-06-1962,MA,Project Manager,Female,5878,White,Single,Fully Meets,3
19-Oct-18,29-Jun-25,Area Sales Manager,CCDR,Terminated for Cause,Full-Time,Zone A,Temporary,Resignation,Miss onto none our discussion year.,Sales,Finance & Accounting,30-08-1990,CO,Electrician,Male,65405,Asian,Divorced,Exceeds,3
03-Jun-21,15-Dec-19,Production Technician I,CCDR,Future Start,Part-Time,Zone C,Temporary,Resignation,Participant candidate wonder growth agree.,Production       ,Executive,25-01-1944,MA,Billing,Male,55540,Black,Widowed,Fully Meets,2
09-Jan-20,19-Aug-25,Data Analyst ,PYZ,Active,Part-Time,Zone A,Temporary,Voluntary,Without production religious.,Production       ,Field Operations,28-02-1942,MA,Laborer,Female,4481,Asian,Married,Fully Meets,2
01-Nov-19,02-Jun-29,Production Technician II,NEL,Leave of Absence,Full-Time,Zone A,Temporary,Involuntary,Outside sing song relationship action teach.,Production       ,Catv,21-09-1947,MA,Shop,Female,43757,Black,Divorced,Fully Meets,3
12-Mar-22,30-Jul-23,Production Technician I,CCDR,Active,Contract,Zone A,Full-Time,Resignation,Shake hold standard team seat word.,Production       ,Yard (Material Handling),08-12-1983,MA,Operator,Female,83565,Other,Married,Fully Meets,3
05-Nov-20,18-Apr-24,Production Technician I,MSC,Active,Part-Time,Zone C,Temporary,Involuntary,Law safe yard market likely wife case action.,Production       ,General - Eng,23-08-1992,MA,Flagger,Female,71831,Other,Married,Fully Meets,3
05-Aug-20,21-Jan-22,Database Administrator,CCDR,Active,Part-Time,Zone A,Full-Time,Voluntary,Arrive allow reveal move.,Software Engineering,Fielders,08-10-1973,MA,Cfo,Male,23033,Other,Single,Fully Meets,3
06-Jun-22,08-Nov-28,Area Sales Manager,SVG,Leave of Absence,Contract,Zone C,Part-Time,Retirement,Win late significant throughout add.,Sales,Field Operations,20-01-1954,AZ,Operator,Male,68862,Hispanic,Married,Fully Meets,2
20-Oct-22,13-Oct-20,Production Technician I,BPC,Terminated for Cause,Part-Time,Zone A,Temporary,Resignation,Year ever end drive.,Production       ,Billable Consultants,12-09-1942,MA,Model Assistant,Male,3153,Hispanic,Widowed,Fully Meets,2
12-Aug-22,04-Aug-22,Principal Data Architect,CCDR,Active,Contract,Zone C,Part-Time,Resignation,Maintain program process present knowledge PM.,Sales,Technology / It,08-09-1986,MA,Helper,Female,86438,Asian,Married,Fully Meets,2
16-Feb-21,22-Jun-27,Software Engineer,PYZ,Active,Full-Time,Zone C,Part-Time,Voluntary,Majority executive plan imagine.,Admin Offices,Yard (Material Handling),14-12-1953,MA,Laborer,Male,46665,Asian,Widowed,Fully Meets,3
17-Sep-22,10-Sep-25,Production Technician II,TNS,Terminated for Cause,Part-Time,Zone A,Part-Time,Retirement,Prevent entire business ask meeting contain tree.,Sales,Wireline Construction,14-01-1972,MA,Laborer,Female,26069,Other,Widowed,Fully Meets,3
28-Jun-19,17-Mar-28,Production Technician I,NEL,Active,Full-Time,Zone A,Temporary,Voluntary,Summer might develop TV magazine down.,Production       ,Technology / It,08-01-1985,MA,Laborer,Female,87702,Asian,Widowed,Exceeds,4
25-Dec-20,25-Jul-24,Production Technician II,BPC,Future Start,Part-Time,Zone C,Temporary,Retirement,Hold season meeting voice.,Production       ,Executive,11-02-1968,MA,Apprentice,Female,90054,White,Married,Fully Meets,1
10-Apr-21,08-Dec-26,Production Technician II,TNS,Active,Part-Time,Zone B,Temporary,Resignation,Deep sea improve miss they nearly measure.,Production       ,Splicing,21-03-1974,MA,Director,Female,14278,Asian,Married,Fully Meets,3
06-Jan-20,17-Jun-21,Production Technician I,WBL,Active,Full-Time,Zone A,Full-Time,Resignation,Work around personal cover reflect including.,Production       ,Field Operations,05-09-1956,MA,Laborer,Male,2058,Hispanic,Single,Fully Meets,3
07-Jan-21,18-Sep-19,Production Technician I,SVG,Future Start,Contract,Zone A,Temporary,Voluntary,Mr chair subject then technology.,Production       ,Field Operations,29-10-1955,MA,Administrative,Male,41128,Black,Married,Fully Meets,4
21-May-23,12-Aug-26,Area Sales Manager,NEL,Future Start,Contract,Zone C,Temporary,Voluntary,Why sport must page bad.,Sales,Splicing,22-11-1989,CO,Shop,Female,51038,Black,Single,Fully Meets,2
05-Apr-22,17-Jan-19,Production Technician I,SVG,Active,Full-Time,Zone A,Temporary,Involuntary,History follow budget forget instead mind.,Production       ,General - Con,07-03-1957,MA,Tower Hand,Female,97316,Asian,Single,Exceeds,4
07-Aug-22,22-May-28,Production Technician II,WBL,Active,Contract,Zone C,Temporary,Voluntary,Opportunity place deal.,Production       ,Project Management - Con,31-05-1989,MA,Laborer,Female,28591,Hispanic,Widowed,Fully Meets,2
23-Jan-21,18-May-21,Sales Manager,EW,Active,Full-Time,Zone C,Part-Time,Resignation,Rather which writer family.,Admin Offices,General - Con,03-01-1979,MA,Top Hand,Male,88500,Black,Divorced,Fully Meets,3
04-Apr-20,02-Dec-19,Production Technician II,PL,Active,Contract,Zone A,Temporary,Resignation,Never few away level attack buy.,Production       ,General - Con,26-07-1948,MA,Engineer,Female,10982,Hispanic,Married,Fully Meets,3
27-Jun-21,01-Oct-25,Area Sales Manager,MSC,Active,Contract,Zone C,Part-Time,Voluntary,Ok glass media learn grow.,IT/IS,Executive,12-08-1975,MA,Driver,Male,59745,Black,Divorced,Fully Meets,3
28-Jun-21,26-Jul-22,Sr. DBA,PYZ,Active,Part-Time,Zone B,Full-Time,Involuntary,Much try remember natural.,Production       ,Field Operations,17-10-1978,MA,Flagger,Male,52770,Other,Divorced,Fully Meets,1
02-Jul-21,09-Aug-22,IT Director,CCDR,Active,Part-Time,Zone A,Full-Time,Resignation,Firm national vote result.,IT/IS,Engineers,03-10-1981,MA,Splicer,Female,19585,Black,Single,Exceeds,5
21-Apr-21,30-Jul-26,Senior BI Developer,PYZ,Active,Part-Time,Zone A,Part-Time,Resignation,Question kitchen gun find four wall heavy.,Software Engineering,Field Operations,06-02-1994,MA,Manager,Male,14392,Asian,Single,Fully Meets,3
14-Feb-21,16-Dec-26,Area Sales Manager,PYZ,Active,Contract,Zone C,Temporary,Retirement,Summer begin quickly.,Sales,Engineers,14-08-1951,PA,Associate,Male,96686,Other,Widowed,Fully Meets,5
12-May-23,10-Aug-21,Network Engineer,MSC,Active,Contract,Zone B,Temporary,Resignation,Deep certainly boy record.,Software Engineering,Shop (Fleet),27-12-1961,MA,Mechanic,Male,89750,Black,Single,Fully Meets,3
27-Nov-21,06-Nov-25,Area Sales Manager,BPC,Active,Part-Time,Zone B,Temporary,Resignation,Official minute everyone level thing economic.,Sales,Splicing,06-04-1950,CA,Engineer,Male,95022,Asian,Widowed,Fully Meets,1
12-Jan-23,17-Jan-25,Production Technician I,SVG,Voluntarily Terminated,Contract,Zone B,Full-Time,Involuntary,Talk into between trip final.,Production       ,Field Operations,10-10-1952,MA,Technician,Female,7347,White,Single,Fully Meets,3
23-Oct-21,28-Mar-21,Production Technician I,PL,Active,Part-Time,Zone B,Part-Time,Voluntary,Natural event religious during article total.,Production       ,Underground,17-06-1981,MA,Vp,Female,62281,Other,Divorced,PIP,1
04-Jul-22,29-Jan-19,Data Analyst,MSC,Future Start,Full-Time,Zone B,Part-Time,Resignation,Pretty he matter south treat benefit.,Production       ,Isp,13-01-1973,MA,Business Development,Female,18195,Black,Married,Fully Meets,4
20-Feb-21,23-Dec-23,Administrative Assistant,PL,Active,Contract,Zone A,Full-Time,Voluntary,Too former relationship risk.,Production       ,Field Operations,15-10-1973,MA,Laborer,Female,38127,White,Single,Fully Meets,2
10-Jun-22,11-Oct-19,IT Manager - DB,SVG,Active,Contract,Zone C,Temporary,Retirement,Factor strategy defense citizen.,Production       ,Safety,24-06-1998,MA,Safety,Male,28411,Hispanic,Widowed,Fully Meets,4
07-Oct-18,08-Dec-22,Production Technician II,CCDR,Active,Part-Time,Zone B,Full-Time,Resignation,Maintain program process present knowledge PM.,Production       ,Field Operations,30-10-1958,MA,Laborer,Female,26358,White,Single,Fully Meets,3
18-Jun-19,15-Mar-27,IT Manager - DB,EW,Active,Part-Time,Zone C,Temporary,Voluntary,Body move possible play. Relate husband Mrs.,Production       ,Project Management - Con,05-02-1961,MA,Planner,Female,19370,Other,Married,Fully Meets,5
08-May-20,07-Mar-28,Production Technician I,NEL,Active,Contract,Zone A,Full-Time,Voluntary,About allow court us.,Production       ,Fielders,20-01-1950,MA,Accounting,Female,10263,Asian,Married,Needs Improvement,3
06-Jul-21,06-Aug-22,Production Technician I,NEL,Active,Full-Time,Zone C,Part-Time,Voluntary,Type three hear court street sport key.,Production       ,Field Operations,02-12-1947,MA,Foreman,Female,97450,Asian,Married,Fully Meets,3
04-Aug-22,04-Jan-25,Sr. Network Engineer,BPC,Active,Part-Time,Zone C,Temporary,Voluntary,Key real fill never sing feeling.,Production       ,Field Operations,20-04-1989,MA,Laborer,Male,61841,Black,Widowed,Fully Meets,4
14-Jun-20,03-Mar-20,Production Technician I,MSC,Active,Full-Time,Zone A,Part-Time,Voluntary,Hot stage record listen cost against.,Production       ,General - Con,19-03-1962,MA,Flagger,Male,78486,Hispanic,Married,Fully Meets,1
12-Apr-20,08-Nov-27,Production Technician II,BPC,Active,Part-Time,Zone B,Temporary,Resignation,Yard charge week wait address.,Production       ,Fielders,15-03-1965,MA,Administrative,Male,1779,Other,Single,Fully Meets,2
26-Jul-21,19-Jan-23,Production Technician I,BPC,Voluntarily Terminated,Full-Time,Zone A,Temporary,Retirement,Risk test morning lawyer.,Production       ,Project Management - Con,02-04-1950,MA,Laborer,Male,23501,Other,Divorced,Fully Meets,1
21-Nov-18,10-Jun-26,Production Technician II,PYZ,Future Start,Full-Time,Zone B,Part-Time,Involuntary,Explain happen heavy wall hot year ability.,Production       ,Field Operations,07-10-1967,MA,Ceo,Male,18166,White,Divorced,PIP,5
12-Sep-20,09-Oct-21,Area Sales Manager,PL,Active,Part-Time,Zone A,Full-Time,Retirement,Appear reality artist there understand.,Sales,Project Management - Con,19-07-1969,NC,Locator,Female,62852,White,Widowed,Fully Meets,1
22-Oct-19,02-Apr-26,Production Technician I,EW,Future Start,Contract,Zone A,Part-Time,Voluntary,Message firm social daughter third ready.,Production       ,General - Con,15-12-1946,MA,Attendant,Female,9344,Other,Divorced,Fully Meets,3
15-Feb-21,17-Feb-25,Production Technician I,MSC,Active,Part-Time,Zone C,Temporary,Voluntary,Law difference five away.,Production       ,General - Eng,29-06-1998,MA,Billing,Female,55088,Other,Married,Fully Meets,3
30-Sep-22,11-Aug-27,Production Technician I,TNS,Active,Contract,Zone A,Full-Time,Voluntary,Strategy word southern.,Production       ,Aerial,24-07-1996,MA,Program Manager,Female,93125,Asian,Married,Fully Meets,4
11-Feb-21,25-Sep-26,Production Technician I,NEL,Active,Full-Time,Zone C,Full-Time,Voluntary,Night office challenge several many.,Production       ,Technology / It,28-03-1988,MA,Clerical,Male,75371,Black,Married,Fully Meets,5
09-Jun-19,17-Mar-24,Production Technician I,MSC,Terminated for Cause,Part-Time,Zone B,Temporary,Voluntary,Beat hand ready reason development else doctor.,Production       ,Field Operations,22-02-1950,MA,Helper,Female,66285,Asian,Widowed,Fully Meets,3
04-May-21,14-Mar-21,Director of Sales,WBL,Active,Part-Time,Zone A,Part-Time,Retirement,Behind bar item management.,IT/IS,Field Operations,08-01-1960,MA,Laborer,Female,64665,Asian,Divorced,Fully Meets,2
08-May-22,07-Mar-28,Shared Services Manager,BPC,Active,Contract,Zone B,Full-Time,Involuntary,Teach human market real upon.,IT/IS,Field Operations,25-10-1999,MA,Driller,Female,8952,White,Widowed,Fully Meets,3
08-Jun-22,22-May-21,Area Sales Manager,PYZ,Active,Full-Time,Zone C,Part-Time,Involuntary,Opportunity place deal.,Sales,Engineers,20-07-1971,KY,Generalist,Male,52243,Asian,Married,Fully Meets,2
26-Mar-22,26-Mar-20,Production Technician I,PYZ,Active,Contract,Zone C,Full-Time,Retirement,Establish go so someone might none stop citizen.,Production       ,Field Operations,24-01-1975,MA,Laborer,Female,54835,Asian,Married,Fully Meets,3
01-Jun-21,13-Jun-19,Production Technician I,EW,Active,Contract,Zone A,Part-Time,Resignation,Audience deal cost figure student might let.,Production       ,Engineers,18-08-1955,MA,Director,Female,72397,Asian,Married,Exceeds,2
12-Sep-21,03-Jan-29,Production Technician I,WBL,Leave of Absence,Part-Time,Zone B,Full-Time,Resignation,Partner decide help quite whether market.,Production       ,Field Operations,17-01-1947,MA,Laborer,Male,78364,White,Married,Fully Meets,2
31-Mar-20,06-Mar-22,Data Analyst,PYZ,Active,Contract,Zone C,Temporary,Voluntary,Program deal run.,Software Engineering,General - Eng,18-09-1997,MA,Construction Manager,Female,41598,Asian,Divorced,Fully Meets,3
05-Dec-20,18-Aug-25,Principal Data Architect,NEL,Active,Part-Time,Zone B,Part-Time,Retirement,Describe current question quite coach.,Executive Office,Project Management - Con,05-04-1946,MA,Coordinator,Male,20288,White,Widowed,Fully Meets,1
23-Apr-22,20-Apr-19,Production Technician I,BPC,Active,Full-Time,Zone A,Full-Time,Involuntary,Offer kitchen foreign role.,Production       ,Field Operations,20-07-1984,MA,Laborer,Female,21652,Asian,Divorced,Fully Meets,2
27-May-21,05-Sep-21,Senior BI Developer,EW,Active,Full-Time,Zone B,Part-Time,Retirement,Space long most area product drug tree.,Software Engineering,Safety,10-09-1949,MA,Coordinator,Female,44291,White,Divorced,Fully Meets,3
03-May-19,19-May-26,Production Technician I,WBL,Terminated for Cause,Full-Time,Zone B,Part-Time,Retirement,Happen ability as term fish.,Production       ,Yard (Material Handling),16-02-2000,MA,Drafter,Female,81821,White,Single,Fully Meets,5
08-Mar-22,26-Jun-25,Enterprise Architect,PYZ,Future Start,Contract,Zone B,Temporary,Resignation,Begin mind time similar night travel.,IT/IS,Catv,14-09-1951,MA,Laborer,Female,10342,Asian,Married,PIP,4
18-Oct-20,20-May-24,Production Manager,BPC,Active,Contract,Zone C,Full-Time,Voluntary,Me local somebody method away choose hit truth.,Production       ,Underground,10-02-1977,MA,Construction Manager,Male,40396,White,Single,Fully Meets,5
14-Aug-19,22-Nov-22,Production Technician II,TNS,Active,Part-Time,Zone A,Full-Time,Resignation,Expert challenge education air none money wide.,Production       ,Wireless,07-08-1950,MA,Tester,Male,31215,White,Widowed,Fully Meets,3
26-Sep-20,06-Aug-19,Production Technician I,NEL,Active,Contract,Zone A,Temporary,Retirement,Report provide home follow price.,Production       ,Safety,31-07-1998,MA,Program Manager,Male,16544,Black,Divorced,Fully Meets,3
25-Jul-20,07-Apr-27,Production Technician I,CCDR,Terminated for Cause,Contract,Zone C,Part-Time,Voluntary,Sound there everybody anything.,Production       ,Wireline Construction,24-06-1959,MA,Tester,Male,2439,Asian,Widowed,Fully Meets,2
17-Jun-21,14-Mar-26,Production Technician II,TNS,Active,Part-Time,Zone A,Full-Time,Involuntary,Why development even.,Production       ,General - Con,09-11-1945,MA,Operator,Female,63309,Black,Widowed,Fully Meets,3
08-Apr-22,12-Feb-21,Production Technician II,WBL,Terminated for Cause,Full-Time,Zone B,Part-Time,Retirement,Night official cut director seven.,Production       ,Field Operations,25-04-1984,MA,Clerical,Male,58306,Asian,Single,Fully Meets,4
27-Jul-22,14-Oct-24,Senior BI Developer,SVG,Active,Contract,Zone C,Temporary,Involuntary,Else enjoy include expect.,Production       ,Safety,15-12-1992,MA,Safety,Male,29666,Hispanic,Widowed,Fully Meets,1
24-Mar-19,14-Feb-24,Production Technician I,MSC,Leave of Absence,Full-Time,Zone A,Part-Time,Voluntary,On sport growth now general.,Production       ,General - Con,31-07-1986,MA,Accounting,Female,7584,Other,Widowed,PIP,1
13-Dec-20,18-Apr-21,Production Technician I,TNS,Active,Part-Time,Zone C,Temporary,Retirement,Smile most around.,Production       ,General - Eng,09-01-1944,MA,Specialist,Male,31389,Asian,Single,Fully Meets,5
04-Aug-20,15-Jan-29,Production Technician II,SVG,Future Start,Part-Time,Zone B,Temporary,Retirement,Industry majority population final. Bit go deal.,Production       ,Yard (Material Handling),12-02-1957,MA,Mechanic,Female,46489,Other,Divorced,Fully Meets,2
15-Oct-20,15-May-25,Production Technician I,NEL,Active,Full-Time,Zone C,Full-Time,Retirement,Learn whatever million.,Production       ,Billable Consultants,29-09-1978,MA,Executive,Male,82901,Black,Married,Fully Meets,1
05-Jul-23,03-Nov-26,Production Technician I,CCDR,Active,Full-Time,Zone B,Full-Time,Voluntary,Save interest factor training.,Production       ,Fielders,13-08-1947,MA,Engineer,Female,74948,Asian,Single,Fully Meets,4
24-Mar-20,14-Aug-23,Production Technician II,MSC,Active,Full-Time,Zone A,Full-Time,Resignation,Method suggest leave process deep tough seek.,Production       ,General - Con,21-09-1999,MA,Helper,Female,88787,Black,Widowed,PIP,5
15-May-21,10-Mar-21,Production Technician I,CCDR,Active,Part-Time,Zone A,Part-Time,Involuntary,Arrive allow reveal move.,Production       ,General - Con,01-03-1977,MA,Estimator,Male,61474,White,Divorced,Fully Meets,2
31-Jan-20,25-Oct-25,Sr. Accountant,CCDR,Active,Full-Time,Zone C,Temporary,Resignation,Participant create society method tough team.,Production       ,Shop (Fleet),13-12-1987,MA,Welder,Female,18359,Hispanic,Widowed,Fully Meets,2
02-Mar-21,04-Dec-20,Production Technician I,SVG,Active,Full-Time,Zone C,Temporary,Resignation,Control store point.,Production       ,General - Con,13-03-1977,MA,Manager,Female,73815,Black,Divorced,Fully Meets,5
18-Jul-20,29-Feb-28,Production Technician I,MSC,Leave of Absence,Contract,Zone B,Part-Time,Resignation,Order risk think. North born would might.,Production       ,General - Con,31-03-1995,MA,Locator,Female,89623,Hispanic,Widowed,Fully Meets,2
27-Apr-19,07-Jun-28,Production Technician I,TNS,Active,Contract,Zone A,Full-Time,Resignation,Teach yard style bed relate seat.,Production       ,Shop (Fleet),12-08-1986,MA,Project Coordinator,Female,12673,Asian,Widowed,Exceeds,3
04-Dec-19,08-Mar-27,Production Technician II,NEL,Terminated for Cause,Full-Time,Zone A,Temporary,Involuntary,Soon glass reveal Republican could.,Production       ,Splicing,09-07-1947,MA,Model Assistant,Female,34537,Black,Divorced,Fully Meets,3
08-Jun-22,10-Jan-24,Area Sales Manager,EW,Active,Full-Time,Zone A,Temporary,Involuntary,Hold season meeting voice.,Sales,Splicing,22-10-1979,AL,Lineman,Male,81058,Other,Single,Fully Meets,3
05-Mar-22,14-Jul-22,Principal Data Architect,NEL,Future Start,Full-Time,Zone A,Full-Time,Resignation,Past agreement focus back.,IT/IS,Field Operations,04-09-1958,MA,Technician,Male,75106,Black,Married,Fully Meets,3
07-Jul-20,07-Sep-23,Production Technician II,NEL,Leave of Absence,Contract,Zone A,Full-Time,Voluntary,Dark meeting play room head join truth involve.,Production       ,People Services,20-08-1961,MA,Coordinator,Female,89544,Hispanic,Single,Fully Meets,4
11-May-21,06-Feb-23,Production Technician I,WBL,Active,Full-Time,Zone C,Part-Time,Involuntary,This focus strategy behind among this.,Production       ,Field Operations,10-03-1947,MA,Locator,Female,81921,Asian,Married,Fully Meets,3
26-Aug-21,09-May-21,Production Technician II,SVG,Active,Contract,Zone A,Part-Time,Resignation,Nor director yard within car into final.,Production       ,General - Con,19-10-1949,MA,Laborer,Female,86463,White,Divorced,Fully Meets,3
30-Nov-21,09-May-20,Production Technician I,NEL,Active,Full-Time,Zone A,Temporary,Retirement,Order protect raise exist by behind dream memory.,Production       ,Splicing,06-11-1975,MA,Laborer,Female,95794,Asian,Widowed,Needs Improvement,1
18-Jan-21,17-Jun-22,Software Engineering Manager,NEL,Active,Contract,Zone A,Full-Time,Involuntary,Food fire property exist southern audience.,IT/IS,Fielders,17-10-1990,MA,Lineman,Female,84326,Hispanic,Married,Fully Meets,3
15-May-21,31-Aug-23,Production Technician I,PYZ,Future Start,Full-Time,Zone B,Temporary,Involuntary,Item type author pick set read style.,Production       ,Field Operations,05-04-1993,MA,Controller,Male,81643,Asian,Divorced,Fully Meets,3
03-Aug-21,03-Nov-28,Software Engineering Manager,WBL,Active,Contract,Zone B,Full-Time,Voluntary,Positive far win six might.,IT/IS,Isp,15-08-1998,MA,Driver,Male,94141,White,Married,Fully Meets,2
30-Aug-22,01-Nov-24,Production Technician II,CCDR,Future Start,Part-Time,Zone B,Temporary,Resignation,Weight join evidence oil father.,Production       ,Shop (Fleet),29-03-1971,MA,Engineer,Female,81068,Hispanic,Married,Fully Meets,5
02-Aug-22,05-Oct-26,Production Technician I,EW,Terminated for Cause,Contract,Zone A,Part-Time,Involuntary,Official minute everyone level thing economic.,Production       ,Wireline Construction,14-09-1948,MA,Apprentice,Male,28870,Other,Divorced,Fully Meets,2
07-Sep-19,17-Jul-26,Production Technician I,SVG,Leave of Absence,Full-Time,Zone A,Full-Time,Retirement,Condition control raise.,Production       ,Field Operations,02-03-1975,MA,Planner,Male,50807,White,Divorced,Fully Meets,3
05-Nov-18,09-Feb-19,Production Technician I,SVG,Active,Full-Time,Zone A,Full-Time,Resignation,Try statement audience too material film.,Production       ,Field Operations,19-09-1978,MA,Laborer,Female,18214,Asian,Divorced,Fully Meets,1
25-Feb-19,22-Feb-25,Production Technician II,BPC,Future Start,Contract,Zone B,Part-Time,Involuntary,Third cost above management anything.,Production       ,General - Eng,25-08-1980,MA,Services,Male,20758,Hispanic,Single,Needs Improvement,3
27-Aug-18,27-Aug-23,Area Sales Manager,PL,Leave of Absence,Contract,Zone C,Temporary,Involuntary,Manage expert such rate stand.,Sales,General - Con,12-04-1963,WA,Laborer,Male,92343,Other,Married,Fully Meets,1
20-Oct-21,04-Oct-24,Production Technician I,PYZ,Active,Full-Time,Zone C,Temporary,Retirement,Positive far win six might.,Production       ,People Services,28-01-1955,MA,Apprentice,Male,57760,Asian,Divorced,Fully Meets,3
28-Nov-21,16-Oct-26,Production Technician I,CCDR,Active,Full-Time,Zone B,Temporary,Retirement,Read nice continue itself attack happen.,Production       ,General - Con,18-03-1951,MA,Locator,Female,58360,Hispanic,Divorced,Fully Meets,3
12-May-21,19-Mar-28,Production Technician I,PL,Active,Part-Time,Zone B,Part-Time,Resignation,Natural event religious during article total.,Production       ,Isp,19-05-1977,MA,Field Project Manager,Female,46450,Other,Divorced,Needs Improvement,1
18-Apr-21,16-Feb-25,Software Engineer,TNS,Active,Contract,Zone A,Part-Time,Retirement,Television represent skill police.,IT/IS,Sales & Marketing,11-02-1942,MA,Tower Hand,Male,4991,Asian,Single,Exceeds,3
05-Mar-21,09-Mar-22,Shared Services Manager,TNS,Active,Part-Time,Zone B,Full-Time,Resignation,Talk into between trip final.,IT/IS,Field Operations,07-11-1990,MA,Laborer,Male,30205,Asian,Divorced,Fully Meets,3
09-Oct-21,14-Jan-26,Production Technician II,PL,Active,Contract,Zone C,Full-Time,Voluntary,Next explain account stay.,Production       ,Finance & Accounting,23-06-1973,MA,Program Manager,Female,1221,Asian,Widowed,Fully Meets,1
21-May-19,17-Jun-26,Production Technician II,EW,Leave of Absence,Part-Time,Zone A,Part-Time,Voluntary,Site least knowledge right every.,Production       ,Splicing,11-05-1952,MA,Project Manager,Female,6141,Black,Divorced,Needs Improvement,3
14-Jun-20,17-Mar-25,Production Technician II,BPC,Future Start,Part-Time,Zone C,Temporary,Resignation,In read day your stay she.,Production       ,Safety,31-12-1962,MA,Construction Manager,Female,80265,White,Married,Fully Meets,4
09-Dec-18,05-Jan-25,Production Technician I,SVG,Terminated for Cause,Contract,Zone B,Full-Time,Retirement,Process firm life from final medical.,Production       ,Wireline Construction,06-03-1951,MA,Operator,Female,32129,Asian,Divorced,Exceeds,2
31-Oct-18,08-Jul-26,Production Technician II,SVG,Future Start,Full-Time,Zone B,Part-Time,Voluntary,Explain happen heavy wall hot year ability.,Production       ,Field Operations,21-09-1965,MA,Electrician,Male,20990,White,Divorced,Needs Improvement,4
20-Feb-19,26-Apr-22,Production Technician I,BPC,Active,Contract,Zone A,Part-Time,Retirement,Stage necessary although they.,Production       ,Field Operations,25-06-1955,MA,Top Hand,Male,5410,Other,Married,Fully Meets,3
04-Sep-19,14-Jun-23,Production Technician I,MSC,Leave of Absence,Contract,Zone C,Part-Time,Resignation,Professional military easy so.,Production       ,Sales & Marketing,01-03-1946,MA,Project Coordinator,Male,51059,White,Divorced,Fully Meets,2
03-Sep-19,10-Sep-21,Sales Manager,NEL,Active,Part-Time,Zone C,Temporary,Retirement,Dinner level write land effort.,Executive Office,Engineers,17-03-1986,MA,Labor,Female,16722,Other,Single,Fully Meets,3
03-Jul-23,18-Aug-25,Production Technician I,WBL,Active,Full-Time,Zone A,Temporary,Resignation,Soon glass reveal Republican could.,Production       ,Fielders,23-07-1972,MA,Laborer,Male,33421,White,Divorced,Fully Meets,5
19-Apr-21,29-Jun-27,IT Director,EW,Active,Full-Time,Zone B,Part-Time,Retirement,Few attorney all campaign town reflect behavior.,Executive Office,Safety,05-10-1949,MA,Intern,Female,36057,White,Divorced,Fully Meets,3
06-Nov-22,13-Aug-19,Production Technician I,MSC,Active,Contract,Zone B,Part-Time,Involuntary,Unit computer what age career.,Production       ,Project Management - Con,10-11-1944,MA,Manager,Female,45994,Asian,Widowed,Fully Meets,2
05-Mar-20,16-Sep-26,Area Sales Manager,TNS,Active,Contract,Zone C,Full-Time,Voluntary,Station another son positive.,Sales,Catv,06-12-1963,OR,Associate,Male,70303,Other,Divorced,Exceeds,5
05-Feb-19,30-Dec-19,Enterprise Architect,WBL,Active,Part-Time,Zone B,Temporary,Retirement,Establish fear recently owner.,Software Engineering,Shop (Fleet),31-03-1942,MA,Field Project Manager,Male,64965,Black,Single,Fully Meets,3
03-Mar-20,28-Mar-26,Production Technician II,BPC,Active,Part-Time,Zone A,Temporary,Resignation,Investment radio bring who. Big move rise return.,Production       ,Project Management - Eng,14-07-1998,MA,Operator,Male,59419,White,Single,Fully Meets,4
16-Mar-22,14-Apr-21,Production Technician I,SVG,Active,Part-Time,Zone B,Temporary,Retirement,Then sing son.,Production       ,Aerial,30-01-1994,MA,Foreman,Female,28375,Hispanic,Widowed,PIP,5
22-Jan-21,21-May-26,Production Technician II,WBL,Terminated for Cause,Full-Time,Zone B,Part-Time,Retirement,Stock indeed about brother campaign.,Production       ,Field Operations,12-10-1992,MA,Laborer,Female,48862,White,Divorced,Fully Meets,3
09-Dec-19,12-May-23,Production Technician II,SVG,Terminated for Cause,Part-Time,Zone A,Full-Time,Involuntary,Success realize political move adult new.,Production       ,Project Management - Eng,30-09-1950,MA,Planner,Female,67795,Other,Married,Exceeds,4
03-Sep-20,15-Oct-23,Area Sales Manager,TNS,Active,Contract,Zone C,Full-Time,Voluntary,Station another son positive.,Sales,Engineers,05-05-1965,IN,Locator,Male,50666,Other,Divorced,PIP,2
05-Jun-23,23-Jul-24,Production Technician II,PYZ,Voluntarily Terminated,Full-Time,Zone A,Temporary,Involuntary,Sound there everybody anything.,Production       ,Field Operations,31-08-1997,MA,Intern,Female,3603,White,Divorced,Fully Meets,3
27-Mar-22,20-Aug-24,Director of Sales,TNS,Future Start,Part-Time,Zone A,Part-Time,Retirement,Risk test morning lawyer.,Executive Office,Field Operations,10-11-1985,MA,Technician,Male,63101,White,Divorced,Fully Meets,3
09-Jan-23,03-Nov-23,Production Technician I,TNS,Voluntarily Terminated,Contract,Zone C,Part-Time,Retirement,Foreign friend policy green.,Production       ,People Services,12-09-1992,MA,Manager,Female,75395,Asian,Divorced,Fully Meets,5
27-Sep-19,15-Feb-20,Production Technician I,TNS,Voluntarily Terminated,Contract,Zone B,Part-Time,Voluntary,Half nice continue serious move lay itself.,Production       ,Splicing,23-04-1958,MA,Model Assistant,Male,15827,White,Single,Fully Meets,5
01-Nov-21,17-May-20,Production Technician I,NEL,Voluntarily Terminated,Contract,Zone C,Full-Time,Resignation,Simply game everyone despite line.,Production       ,Underground,17-06-1955,MA,Business Development,Male,62943,Hispanic,Single,Fully Meets,3
02-Jul-21,26-Apr-19,Production Technician II,BPC,Leave of Absence,Contract,Zone B,Temporary,Voluntary,Almost across fly recent go.,Production       ,Shop (Fleet),31-07-1960,MA,Coordinator,Female,94392,Asian,Widowed,Fully Meets,5
18-Apr-21,16-Jun-23,IT Manager - DB,NEL,Active,Part-Time,Zone C,Temporary,Retirement,Administration away choose.,IT/IS,Finance & Accounting,22-05-1955,MA,Laborer,Male,3624,Black,Single,Fully Meets,4
04-Aug-23,09-Jun-24,Production Technician II,SVG,Active,Full-Time,Zone A,Full-Time,Involuntary,Only alone imagine. Loss minute girl.,Production       ,Underground,16-11-2000,MA,Manager,Female,68508,Other,Divorced,Fully Meets,3
26-Apr-21,05-Sep-23,Production Technician I,CCDR,Active,Part-Time,Zone A,Part-Time,Involuntary,A parent bit rich. Reflect north sometimes card.,Production       ,General - Con,18-03-1987,MA,Attendant,Male,58205,White,Divorced,Fully Meets,2
10-Sep-20,13-May-21,Production Technician I,PYZ,Active,Part-Time,Zone C,Full-Time,Resignation,Take most future.,Production       ,Isp,16-05-1969,MA,Driller,Female,14286,White,Single,Exceeds,4
29-Feb-20,11-Feb-21,Production Technician I,SVG,Active,Full-Time,Zone C,Temporary,Voluntary,Too former relationship risk.,Production       ,General - Con,10-01-1986,MA,Assistant,Female,61372,Black,Divorced,Fully Meets,4
08-Apr-23,03-Jan-25,Production Technician I,WBL,Active,Full-Time,Zone A,Temporary,Involuntary,Per record feeling bed tax education.,Production       ,Project Management - Eng,22-08-1962,MA,Laborer,Male,37390,White,Divorced,Fully Meets,4
28-Sep-18,30-Dec-26,Production Technician II,PL,Active,Contract,Zone B,Full-Time,Voluntary,Glass minute shake food determine deep.,Production       ,Underground,05-04-1943,MA,Laborer,Male,79222,Asian,Divorced,Fully Meets,1
08-Sep-22,17-May-25,Production Technician I,WBL,Leave of Absence,Part-Time,Zone B,Temporary,Involuntary,To prevent method stand decision.,Production       ,Finance & Accounting,26-08-1997,MA,Laborer,Female,25103,White,Divorced,Fully Meets,3
25-Apr-22,25-May-26,Production Technician I,CCDR,Active,Full-Time,Zone B,Part-Time,Involuntary,Hour range a country focus.,Production       ,Wireline Construction,27-03-1959,MA,Labor,Female,37862,Asian,Widowed,Fully Meets,3
17-Sep-18,29-Oct-20,Sr. DBA,PYZ,Terminated for Cause,Contract,Zone B,Temporary,Resignation,Begin mind time similar night travel.,IT/IS,Aerial,17-03-1951,MA,Laborer,Female,8489,Asian,Married,Needs Improvement,3
06-Nov-22,24-Feb-21,Production Technician II,PL,Future Start,Full-Time,Zone A,Temporary,Voluntary,Off part culture choose strong public.,Production       ,Engineers,01-07-1953,MA,Helper,Male,32470,Other,Single,Exceeds,1
12-Dec-22,18-Sep-21,Production Technician I,MSC,Active,Full-Time,Zone B,Temporary,Retirement,Try statement audience too material film.,Production       ,Safety,02-04-1948,MA,Driver,Male,82050,White,Married,Fully Meets,3
06-Sep-19,24-Dec-28,Software Engineer,MSC,Active,Full-Time,Zone B,Full-Time,Involuntary,Candidate fact event level several onto store.,IT/IS,General - Con,12-11-1999,MA,Contracts,Male,73447,Hispanic,Widowed,Fully Meets,3
14-May-23,27-Jul-22,Software Engineer,BPC,Leave of Absence,Contract,Zone C,Full-Time,Resignation,Practice school PM her help open tough.,Executive Office,Field Operations,12-02-1999,MA,Supervisor,Female,43475,Black,Widowed,Fully Meets,3
16-Dec-22,24-Sep-26,Production Technician I,BPC,Active,Contract,Zone B,Part-Time,Retirement,Process firm life from final medical.,Production       ,Underground,04-11-1942,MA,Supervisor,Male,58397,Other,Divorced,Fully Meets,3
03-Nov-20,27-Feb-21,Production Technician II,SVG,Voluntarily Terminated,Part-Time,Zone B,Temporary,Voluntary,Somebody great could yet.,Production       ,Yard (Material Handling),01-04-1957,MA,Drafter,Female,61525,Other,Divorced,Fully Meets,2
16-Aug-18,03-Jan-26,Production Technician II,SVG,Leave of Absence,Full-Time,Zone C,Temporary,Resignation,Week degree party available measure.,Production       ,Aerial,04-08-1990,MA,Project Controls,Female,20955,White,Divorced,Fully Meets,4
07-Jul-21,09-Jul-27,Production Technician I,CCDR,Active,Contract,Zone B,Temporary,Involuntary,Fire necessary sing first traditional.,Production       ,Isp,26-05-1942,MA,Construction Manager,Male,32631,Asian,Divorced,Fully Meets,4
03-Mar-21,28-Aug-23,Production Technician I,PL,Voluntarily Terminated,Full-Time,Zone C,Full-Time,Voluntary,Scientist heart others employee church century.,Production       ,Safety,17-12-1995,MA,Business Development,Female,53618,Black,Married,Fully Meets,1
21-Jul-21,15-Nov-28,Production Technician I,BPC,Terminated for Cause,Contract,Zone A,Full-Time,Involuntary,Fire necessary sing first traditional.,Production       ,Sales & Marketing,23-12-1987,MA,Model Assistant,Male,84555,Black,Married,Fully Meets,3
25-Feb-22,28-Dec-20,Production Technician I,SVG,Active,Contract,Zone C,Temporary,Involuntary,Partner decide help quite whether market.,Production       ,Wireline Construction,10-12-1953,MA,Laborer,Female,43176,Hispanic,Single,Fully Meets,2
25-May-19,29-Oct-25,Production Technician I,TNS,Active,Contract,Zone A,Full-Time,Retirement,Industry majority population final. Bit go deal.,Production       ,Engineers,29-03-1983,MA,Administration,Female,10077,Asian,Widowed,PIP,3
23-Apr-19,12-Mar-19,Principal Data Architect,EW,Active,Part-Time,Zone C,Temporary,Involuntary,Value class especially.,Software Engineering,Finance & Accounting,10-10-1969,MA,Electrician,Male,19477,Asian,Married,Fully Meets,3
15-Apr-20,31-May-22,Production Technician I,BPC,Future Start,Full-Time,Zone B,Temporary,Retirement,More best if page.,Production       ,People Services,09-02-1990,MA,Administrative,Male,43440,Other,Widowed,Fully Meets,3
23-Nov-19,02-Nov-23,Enterprise Architect,TNS,Active,Part-Time,Zone B,Full-Time,Resignation,Teach yard style bed relate seat.,IT/IS,Field Operations,14-08-1992,MA,Laborer,Male,26045,Asian,Divorced,Fully Meets,3
09-Mar-19,27-Oct-27,Production Technician I,PL,Active,Full-Time,Zone A,Full-Time,Retirement,Determine building society soldier.,Production       ,General - Con,26-08-1946,MA,Controller,Male,74026,White,Widowed,Fully Meets,4
02-Mar-19,06-Nov-23,Production Technician I,MSC,Active,Full-Time,Zone A,Full-Time,Voluntary,Strategy word southern.,Production       ,Field Operations,30-08-1980,MA,Laborer,Female,10090,Asian,Divorced,Fully Meets,4
02-Feb-23,03-Feb-21,Production Technician II,MSC,Leave of Absence,Part-Time,Zone A,Temporary,Involuntary,Once type here really.,Production       ,Yard (Material Handling),03-01-1963,MA,Support,Female,44722,Asian,Single,PIP,5
21-Apr-22,02-Nov-19,Production Technician I,CCDR,Future Start,Contract,Zone A,Part-Time,Voluntary,Little imagine career he produce program.,Production       ,Engineers,02-09-1954,MA,Helper,Male,55155,Other,Divorced,Fully Meets,3
23-Feb-19,21-Jan-29,IT Manager - Infra,MSC,Active,Contract,Zone C,Temporary,Retirement,Radio fight consumer senior traditional himself.,Admin Offices,Aerial,27-03-1986,MA,Cfo,Male,78955,Asian,Single,Fully Meets,5
14-Feb-19,16-Mar-25,IT Support,MSC,Active,Full-Time,Zone B,Full-Time,Involuntary,Candidate fact event level several onto store.,IT/IS,General - Con,15-03-1992,MA,Groundman,Male,66382,Hispanic,Widowed,Fully Meets,3
16-Nov-22,26-May-28,Principal Data Architect,TNS,Active,Full-Time,Zone A,Temporary,Involuntary,Word once speech mind.,Software Engineering,Billable Consultants,02-11-1986,MA,Supervisor,Male,9837,White,Single,Needs Improvement,1
20-Feb-19,14-Jun-28,Production Technician I,SVG,Active,Contract,Zone A,Full-Time,Retirement,Control store point.,Production       ,General - Eng,08-06-1953,MA,Executive,Male,44580,Black,Married,PIP,1
14-Jan-22,08-Dec-22,Production Technician II,NEL,Active,Full-Time,Zone C,Full-Time,Resignation,Plant enjoy these drive themselves never hit PM.,Production       ,Finance & Accounting,06-11-1953,MA,Helper,Female,16025,White,Widowed,Fully Meets,3
01-Apr-23,05-Sep-21,IT Manager - DB,PYZ,Active,Part-Time,Zone C,Part-Time,Retirement,Southern alone father state.,IT/IS,Shop (Fleet),05-10-1981,MA,Estimator,Male,96981,White,Married,Fully Meets,1
01-Nov-21,24-Aug-28,Production Technician I,BPC,Active,Contract,Zone B,Part-Time,Resignation,Amount particular answer show.,Production       ,Field Operations,24-04-1976,MA,Supervisor,Female,67680,Other,Widowed,Fully Meets,4
24-Jun-23,11-Aug-28,Production Technician I,PL,Future Start,Contract,Zone B,Part-Time,Resignation,Sense activity son. One radio Mr method shoulder.,Production       ,General - Sga,15-10-1989,MA,Foreman,Female,23567,White,Divorced,Fully Meets,3
19-Feb-23,24-May-19,Senior BI Developer,PYZ,Terminated for Cause,Full-Time,Zone C,Part-Time,Resignation,Until reason late off training situation.,Production       ,Fielders,02-06-1981,MA,Splicer,Male,85846,Other,Widowed,Fully Meets,2
01-Sep-18,10-Apr-19,Production Technician II,PYZ,Voluntarily Terminated,Full-Time,Zone B,Temporary,Resignation,Maintain behavior project parent particular game.,Production       ,Field Operations,04-06-1987,MA,Laborer,Female,48842,White,Widowed,PIP,5
20-May-21,19-Apr-25,BI Developer,WBL,Active,Contract,Zone B,Full-Time,Voluntary,Medical message face development moment because.,IT/IS,Safety,06-03-1997,MA,Manager,Male,96013,White,Married,Fully Meets,2
29-Jun-21,20-Apr-24,Production Technician I,WBL,Active,Contract,Zone B,Temporary,Retirement,Finally build do analysis beyond heavy.,Production       ,Field Operations,29-10-1946,MA,Runner,Male,26528,White,Widowed,Fully Meets,2
13-Jan-19,03-Jul-19,Production Technician I,BPC,Active,Part-Time,Zone C,Full-Time,Involuntary,Large relate work treatment Mrs.,Production       ,Fielders,01-05-1986,MA,Project Manager,Female,88081,Other,Single,PIP,4
01-Apr-21,11-Apr-19,Data Analyst,PL,Active,Contract,Zone C,Part-Time,Resignation,Soon walk early star.,Production       ,Wireline Construction,02-02-1967,MA,Splicer,Female,6246,Hispanic,Widowed,Fully Meets,1
25-May-22,12-Dec-19,Area Sales Manager,EW,Active,Full-Time,Zone A,Temporary,Involuntary,Summer personal bag.,Sales,Splicing,18-10-1985,CO,Accounting,Male,79990,Other,Single,Fully Meets,3
30-Nov-22,25-Feb-19,Production Technician I,MSC,Terminated for Cause,Full-Time,Zone C,Temporary,Retirement,Then foot not.,Production       ,Field Operations,30-06-1993,MA,Coordinator,Female,77537,Other,Married,Fully Meets,5
09-Jul-21,22-Jul-24,Production Technician I,WBL,Terminated for Cause,Part-Time,Zone B,Temporary,Retirement,Type three hear court street sport key.,Production       ,Finance & Accounting,28-12-1996,MA,Laborer,Female,36654,White,Divorced,Fully Meets,3
16-Aug-19,18-May-28,Production Technician II,TNS,Active,Contract,Zone C,Full-Time,Involuntary,Partner decide help quite whether market.,Production       ,Shop (Fleet),29-12-1979,MA,Splicer,Female,81612,White,Divorced,Fully Meets,1
25-May-20,12-Aug-28,Production Technician II,BPC,Active,Part-Time,Zone A,Temporary,Resignation,Size manager receive decide attention play plant.,Production       ,Wireless,28-11-2000,MA,Construction Manager,Male,63085,White,Single,Fully Meets,4
22-Oct-18,24-Jan-23,Production Technician I,BPC,Terminated for Cause,Full-Time,Zone A,Temporary,Resignation,Manager lead both sing.,Production       ,Safety,06-12-1949,MA,Laborer,Male,21942,Other,Divorced,Fully Meets,5
17-Mar-22,11-Dec-26,Director of Operations,TNS,Terminated for Cause,Full-Time,Zone A,Full-Time,Resignation,North next animal laugh threat no.,IT/IS,Field Operations,11-03-1958,MA,Technician,Male,97702,Black,Married,Fully Meets,3
06-Nov-18,09-Dec-28,Production Technician II,NEL,Terminated for Cause,Full-Time,Zone A,Temporary,Retirement,Teach yard style bed relate seat.,Production       ,People Services,15-06-1947,MA,Top Hand,Female,43889,Black,Divorced,Fully Meets,3
22-Nov-20,18-Nov-27,Production Technician I,NEL,Active,Contract,Zone A,Full-Time,Involuntary,Least if civil partner court number song.,Production       ,Engineers,17-03-1950,MA,Tower Hand,Female,11172,Asian,Married,PIP,4
13-Mar-20,21-Sep-25,Production Technician I,NEL,Active,Contract,Zone A,Temporary,Retirement,Participant candidate wonder growth agree.,Production       ,General - Eng,11-05-1989,MA,Planner,Male,15762,Black,Divorced,Fully Meets,3
06-Jun-19,22-Feb-29,Shared Services Manager,SVG,Active,Full-Time,Zone C,Part-Time,Involuntary,Glass effort however relate partner lay what.,Sales,General - Con,08-05-1999,TX,Laborer,Female,34327,Hispanic,Widowed,Fully Meets,5
11-Jul-23,31-Jan-20,Software Engineer,TNS,Future Start,Contract,Zone C,Full-Time,Resignation,Her office place.,Executive Office,Field Operations,09-05-1999,MA,Supervisor,Female,42800,Black,Widowed,Fully Meets,3
22-Apr-19,08-Oct-21,Production Technician I,EW,Terminated for Cause,Contract,Zone A,Part-Time,Voluntary,Perform question beyond article.,Production       ,General - Con,19-09-1946,MA,Support,Female,2795,Other,Divorced,Fully Meets,3
08-Jan-22,16-Mar-27,Senior BI Developer,SVG,Terminated for Cause,Contract,Zone A,Full-Time,Voluntary,Record your institution south stop play.,Production       ,Fielders,16-10-1970,MA,Engineer,Female,15000,White,Widowed,Fully Meets,2
25-Feb-20,14-Mar-24,Production Technician I,NEL,Active,Contract,Zone A,Temporary,Involuntary,Industry majority population final. Bit go deal.,Production       ,Sales & Marketing,01-10-1998,MA,Support,Male,4404,Black,Divorced,Fully Meets,3
23-Apr-22,19-May-22,Area Sales Manager,MSC,Active,Full-Time,Zone B,Full-Time,Retirement,Say operation national race.,Sales,Field Operations,28-01-1993,NC,Executive Assistant,Male,68617,Asian,Married,Fully Meets,2
08-Jan-21,01-Mar-24,Area Sales Manager,TNS,Active,Contract,Zone C,Full-Time,Voluntary,Station another son positive.,Sales,Sales & Marketing,21-12-1969,KY,Groundman,Male,62244,Other,Divorced,PIP,1
29-May-22,07-Oct-26,Area Sales Manager,PYZ,Active,Full-Time,Zone C,Part-Time,Involuntary,North rise until plan join.,Sales,Billable Consultants,18-06-1967,NY,Apprentice,Male,58725,Asian,Married,Fully Meets,2
25-Jul-23,05-Oct-25,Area Sales Manager,PYZ,Active,Part-Time,Zone A,Temporary,Voluntary,Night office challenge several many.,Sales,Underground,21-06-1945,MA,Engineer,Male,79757,Asian,Divorced,PIP,5
28-Aug-21,15-Feb-21,Production Technician II,TNS,Active,Part-Time,Zone A,Full-Time,Resignation,Part officer father last trouble field.,Production       ,Isp,28-11-1945,MA,Intern,Female,68317,Black,Widowed,Fully Meets,3
11-Aug-20,03-Sep-25,Production Technician I,WBL,Voluntarily Terminated,Part-Time,Zone C,Part-Time,Retirement,Type three hear court street sport key.,Production       ,Field Operations,01-09-1951,MA,Laborer,Female,94244,Black,Widowed,Needs Improvement,5
20-Sep-22,25-Mar-25,Shared Services Manager,TNS,Leave of Absence,Part-Time,Zone C,Temporary,Resignation,Professor now audience lay box.,IT/IS,Field Operations,26-07-1967,AZ,Laborer,Female,62315,Hispanic,Single,Exceeds,1
27-Oct-22,18-Nov-21,Production Technician I,BPC,Voluntarily Terminated,Part-Time,Zone A,Temporary,Involuntary,Community probably bad day food place which loss.,Production       ,Wireline Construction,01-09-1942,MA,Attendant,Male,11626,Hispanic,Widowed,Fully Meets,2
25-Mar-22,13-Aug-20,Sales Manager,CCDR,Voluntarily Terminated,Part-Time,Zone A,Part-Time,Retirement,Reality line toward follow well able.,Executive Office,Field Operations,15-07-1974,MA,Technician,Male,62545,White,Divorced,Fully Meets,3
31-Jul-19,15-Aug-28,IT Support,PL,Terminated for Cause,Contract,Zone A,Part-Time,Involuntary,Black civil room chance. This mind find adult.,Admin Offices,Field Operations,22-04-1972,MA,Laborer,Male,29638,Black,Married,Fully Meets,3
29-Oct-19,05-Jul-20,Database Administrator,MSC,Active,Contract,Zone B,Temporary,Voluntary,Effort situation use necessary.,Software Engineering,Isp,02-02-1958,MA,Administration,Female,47668,White,Married,Fully Meets,3
04-Dec-19,27-Aug-20,Production Technician I,SVG,Active,Part-Time,Zone B,Part-Time,Voluntary,Decide statement future ball.,Production       ,General - Con,03-07-1970,MA,Executive Assistant,Female,5418,Hispanic,Married,Fully Meets,4
05-Jun-23,30-May-23,Production Technician II,NEL,Leave of Absence,Full-Time,Zone A,Temporary,Involuntary,Need either go.,Production       ,Field Operations,17-03-1997,MA,Vp,Female,12215,White,Divorced,Fully Meets,3
21-Jan-20,01-Nov-22,Sales Manager,EW,Active,Full-Time,Zone C,Part-Time,Unk,Rather which writer family.,Admin Offices,General - Con,09-01-1987,MA,Administrator,Male,77376,Black,Divorced,Fully Meets,3
21-Sep-18,26-Jun-21,Area Sales Manager,CCDR,Active,Contract,Zone A,Full-Time,Resignation,Shake war over young like anything order.,Sales,Wireless,05-11-1951,CT,Vp,Female,42551,White,Divorced,Fully Meets,3
04-Feb-22,09-Apr-24,Production Technician I,SVG,Future Start,Contract,Zone C,Part-Time,Retirement,Figure third where boy.,Production       ,Sales & Marketing,21-12-1946,MA,Contracts,Female,15538,White,Single,Fully Meets,1
26-Feb-19,07-Sep-27,Sales Manager,TNS,Active,Contract,Zone C,Part-Time,Involuntary,Information race relate rich poor already make.,Software Engineering,Field Operations,25-01-1960,MA,Controller,Male,22470,Hispanic,Married,Fully Meets,3
18-Mar-23,13-Feb-23,Sales Manager,TNS,Active,Part-Time,Zone C,Part-Time,Involuntary,Stand cut knowledge staff course than class.,Software Engineering,Project Management - Con,23-11-1991,MA,Tester,Male,67024,Other,Divorced,Exceeds,3
19-Jul-23,13-Apr-23,Production Technician I,CCDR,Active,Contract,Zone A,Full-Time,Involuntary,This focus strategy behind among this.,Production       ,Field Operations,15-04-1944,MA,Laborer,Female,3781,Other,Married,Fully Meets,2
10-Dec-21,11-Nov-25,Sr. Network Engineer,CCDR,Voluntarily Terminated,Contract,Zone A,Part-Time,Involuntary,Exactly vote including easy.,Admin Offices,Field Operations,15-07-1971,MA,Laborer,Male,23344,Black,Married,Fully Meets,3
07-Sep-20,01-Apr-23,Production Technician I,WBL,Active,Full-Time,Zone A,Part-Time,Involuntary,Community probably bad day food place which loss.,Production       ,Field Operations,12-07-1966,MA,Laborer,Male,46581,Other,Married,Fully Meets,5
20-Sep-19,01-Jun-28,Production Technician I,SVG,Active,Contract,Zone A,Full-Time,Involuntary,Maintain behavior project parent particular game.,Production       ,General - Eng,13-08-1953,MA,Associate,Male,24769,Black,Married,PIP,2
07-Dec-20,23-Jan-24,IT Manager - Support,MSC,Active,Part-Time,Zone A,Part-Time,Retirement,Necessary account office.,Production       ,Project Management - Con,19-09-1963,MA,Driver,Female,9600,Asian,Divorced,Fully Meets,3
19-Jan-21,30-Nov-23,Production Technician II,BPC,Active,Part-Time,Zone B,Temporary,Involuntary,Decide statement future ball.,Production       ,General - Con,29-04-1968,MA,Clerk,Male,17893,Other,Single,Fully Meets,2
25-May-23,10-Feb-26,Area Sales Manager,MSC,Active,Full-Time,Zone C,Full-Time,Involuntary,Movie before ability. Seem watch deal center.,Sales,Engineers,10-10-1978,AZ,Vp,Male,16512,Black,Widowed,Fully Meets,1
24-Aug-21,14-Apr-28,Production Technician II,PL,Active,Contract,Zone C,Full-Time,Voluntary,Build very significant imagine cell doctor.,Production       ,Finance & Accounting,11-10-1961,MA,Project Controls,Female,1322,Asian,Widowed,Fully Meets,5
28-Jan-23,12-Dec-22,BI Director,BPC,Active,Full-Time,Zone B,Temporary,Resignation,He four soldier employee central term.,Sales,Wireless,01-03-1992,MA,Manager,Female,13084,Other,Single,Fully Meets,5
17-Oct-18,23-Dec-20,Production Technician I,EW,Terminated for Cause,Full-Time,Zone A,Full-Time,Retirement,Six agreement take. Newspaper back land health.,Production       ,Project Management - Con,03-05-2000,MA,Services,Female,56366,Asian,Single,Fully Meets,5
22-Aug-22,09-Jan-26,Production Technician I,EW,Future Start,Contract,Zone A,Part-Time,Involuntary,Some others lot miss land similar.,Production       ,Shop (Fleet),05-02-1948,MA,Mechanic,Male,26080,Other,Divorced,Fully Meets,2
07-Aug-19,29-May-23,Area Sales Manager,TNS,Active,Part-Time,Zone A,Part-Time,Involuntary,Lot as card response consumer.,Sales,Field Operations,14-09-1976,WA,Business Development,Male,25897,Asian,Widowed,Fully Meets,2
26-Feb-21,17-Jan-19,Sr. Network Engineer,PL,Active,Full-Time,Zone A,Full-Time,Voluntary,Interest again main describe end charge.,Production       ,Engineers,26-01-1994,MA,Planner,Female,13889,White,Widowed,Fully Meets,1
22-Apr-21,30-Oct-25,IT Manager - Support,CCDR,Active,Contract,Zone A,Temporary,Retirement,Take nice into true side job.,IT/IS,Safety,16-10-1980,MA,Intern,Male,88294,Asian,Single,Fully Meets,4
18-Mar-23,26-Nov-27,Production Technician I,PYZ,Active,Part-Time,Zone A,Temporary,Voluntary,Describe current question quite coach.,Production       ,Aerial,02-03-1991,MA,Driller,Male,75177,Hispanic,Married,Fully Meets,2
14-Aug-21,08-Feb-28,Production Technician I,CCDR,Active,Contract,Zone B,Temporary,Resignation,Year ever end drive.,Production       ,Field Operations,09-10-1946,MA,Foreman,Male,24334,White,Widowed,Fully Meets,2
03-Mar-19,18-Oct-26,Database Administrator,NEL,Active,Part-Time,Zone C,Temporary,Retirement,If data from box movement bad service.,Executive Office,Catv,10-03-1983,MA,Business Development,Female,1087,Other,Single,Fully Meets,3
07-Aug-22,02-Jul-28,Production Technician I,EW,Terminated for Cause,Contract,Zone A,Part-Time,Voluntary,More next spring around television million media.,Production       ,Sales & Marketing,31-03-1948,MA,Support,Male,34860,Other,Divorced,Fully Meets,2
20-Apr-21,19-Apr-25,Production Technician II,EW,Voluntarily Terminated,Full-Time,Zone A,Part-Time,Resignation,Cultural responsibility whose wear.,Production       ,Field Operations,14-03-1972,MA,Technician,Female,61627,Black,Divorced,Fully Meets,3
04-Sep-21,13-Feb-28,Senior BI Developer,MSC,Active,Part-Time,Zone A,Part-Time,Resignation,Administration field require.,Software Engineering,Field Operations,13-09-1998,MA,Lineman,Male,8767,Asian,Single,Fully Meets,3
02-Feb-22,03-Oct-25,Data Analyst ,TNS,Active,Part-Time,Zone A,Temporary,Resignation,Outside sing song relationship action teach.,IT/IS,Underground,01-11-1997,MA,Laborer,Female,83192,Hispanic,Widowed,Exceeds,5
09-Apr-19,12-Jan-25,Production Technician I,BPC,Terminated for Cause,Part-Time,Zone C,Full-Time,Resignation,Keep many else little argue full the.,Production       ,Field Operations,17-07-1985,MA,Controller,Female,59226,Other,Divorced,Fully Meets,2
11-Jan-22,12-Aug-19,Production Technician II,NEL,Active,Full-Time,Zone C,Full-Time,Involuntary,Key real fill never sing feeling.,Production       ,Sales & Marketing,10-11-1953,MA,Administration,Female,13603,White,Widowed,Fully Meets,3
15-Feb-23,26-Oct-29,Production Technician II,MSC,Future Start,Full-Time,Zone C,Part-Time,Resignation,Professional military easy so.,Production       ,Project Management - Eng,23-06-1942,MA,Splicer,Female,49020,Hispanic,Married,PIP,5
23-Sep-18,13-Apr-27,Area Sales Manager,PYZ,Active,Full-Time,Zone B,Temporary,Resignation,Less boy reflect quickly health respond million.,Sales,Shop (Fleet),13-07-1970,MA,Lineman,Male,20110,Asian,Married,Fully Meets,4
25-May-23,06-Nov-26,Production Technician II,CCDR,Terminated for Cause,Part-Time,Zone A,Temporary,Retirement,Certainly those above eye ball.,Production       ,Shop (Fleet),10-03-1987,MA,Tower Hand,Male,73063,Other,Divorced,Fully Meets,1
09-Jul-22,16-Dec-25,Production Technician II,MSC,Active,Contract,Zone A,Part-Time,Resignation,Medical message face development moment because.,Production       ,Field Operations,01-04-1945,MA,Laborer,Female,13248,Black,Married,Fully Meets,4
28-Oct-18,31-Jan-25,Area Sales Manager,PL,Active,Contract,Zone C,Full-Time,Voluntary,Health section option interview.,Sales,Aerial,08-11-1980,MA,Groundman,Male,66656,Other,Divorced,Fully Meets,4
19-Aug-19,17-Dec-19,Production Technician II,TNS,Active,Part-Time,Zone A,Full-Time,Involuntary,Risk test morning lawyer.,Production       ,Finance & Accounting,24-04-1950,MA,Administrative,Male,37813,White,Widowed,Fully Meets,3
10-Jan-19,29-Jun-22,Production Technician I,EW,Active,Full-Time,Zone A,Full-Time,Voluntary,Attention summer we. Suffer impact imagine we.,Production       ,Field Operations,07-12-1978,MA,Laborer,Female,22458,Asian,Divorced,Fully Meets,2
10-Sep-19,23-Jun-28,Software Engineer,CCDR,Active,Part-Time,Zone A,Part-Time,Voluntary,Simply game everyone despite line.,IT/IS,Isp,24-08-1950,MA,Groundman,Male,17060,Asian,Single,Fully Meets,3
16-Jul-19,16-Feb-21,Sales Manager,CCDR,Active,Part-Time,Zone B,Full-Time,Voluntary,Practice school PM her help open tough.,Software Engineering,Executive,17-06-1978,MA,Splicer,Female,16356,Black,Single,Fully Meets,3
05-Mar-20,18-Jun-19,Production Technician I,WBL,Active,Full-Time,Zone A,Temporary,Involuntary,Stuff different color how.,Production       ,Project Management - Con,23-02-1966,MA,Laborer,Male,31237,White,Divorced,Fully Meets,1
31-Dec-18,15-Feb-22,Production Technician II,EW,Voluntarily Terminated,Part-Time,Zone B,Part-Time,Voluntary,Popular west moment natural step activity.,Production       ,Field Operations,10-06-1985,MA,Administrative,Male,28974,Other,Widowed,Fully Meets,3
13-Jun-21,12-Jan-26,IT Manager - Infra,PL,Active,Part-Time,Zone C,Temporary,Involuntary,Fill outside then discuss table.,Production       ,Project Management - Con,27-01-1967,MA,Executive,Female,39166,Asian,Divorced,Fully Meets,4
07-Apr-19,06-Feb-19,Production Technician I,CCDR,Leave of Absence,Part-Time,Zone A,Part-Time,Voluntary,Shake war over young like anything order.,Production       ,Field Operations,30-07-1971,MA,Laborer,Male,53250,White,Married,Exceeds,3
18-Jul-19,06-Jul-21,Production Technician I,EW,Active,Full-Time,Zone C,Part-Time,Voluntary,Take most future.,Production       ,Field Operations,09-08-1984,MA,Top Hand,Female,8444,Asian,Married,Exceeds,2
15-Oct-22,14-Jul-22,Production Technician I,PYZ,Active,Part-Time,Zone A,Temporary,Resignation,Space long most area product drug tree.,Production       ,Shop (Fleet),10-10-1971,MA,Laborer,Female,17185,White,Widowed,Fully Meets,3
01-Sep-19,20-May-22,Software Engineer,NEL,Future Start,Part-Time,Zone A,Part-Time,Resignation,Choose system picture one party decision.,IT/IS,General - Sga,02-07-1973,MA,Top Hand,Male,10767,Black,Single,Fully Meets,3
15-Apr-21,01-Nov-22,Senior BI Developer,PYZ,Active,Contract,Zone C,Temporary,Voluntary,In read day your stay she.,Admin Offices,General - Eng,22-10-1998,MA,Field Project Manager,Female,25392,Asian,Divorced,Fully Meets,3
30-May-20,22-Jan-19,Production Technician I,CCDR,Leave of Absence,Contract,Zone C,Part-Time,Voluntary,Question kitchen gun find four wall heavy.,Production       ,Wireless,03-04-1971,MA,Drafter,Male,16841,Asian,Widowed,Fully Meets,2
23-Nov-19,26-May-20,Production Technician I,SVG,Active,Contract,Zone A,Part-Time,Involuntary,Unit computer what age career.,Production       ,Field Operations,26-06-1955,MA,Operator,Male,9989,Other,Married,Fully Meets,3
12-Feb-22,01-Feb-20,Production Technician II,PL,Leave of Absence,Full-Time,Zone A,Full-Time,Involuntary,Her office place.,Production       ,General - Con,03-02-1970,MA,Administrator,Male,89630,Other,Divorced,Fully Meets,3
05-Dec-22,19-Jul-21,Production Technician II,MSC,Terminated for Cause,Part-Time,Zone B,Temporary,Involuntary,Save interest factor training.,Production       ,Field Operations,22-06-1996,MA,Technician,Male,23718,Black,Widowed,PIP,5
04-Jan-21,04-May-21,Production Technician I,PYZ,Future Start,Contract,Zone A,Temporary,Involuntary,Risk test morning lawyer.,Production       ,Field Operations,12-02-1956,MA,Project Controls,Male,27804,Black,Married,Fully Meets,5
29-Apr-22,29-May-23,Production Technician II,PL,Future Start,Full-Time,Zone B,Full-Time,Retirement,Visit you let sort amount visit.,Production       ,Field Operations,02-10-1946,MA,Administration,Male,56589,Hispanic,Single,Fully Meets,2
17-Jan-19,27-Nov-22,Administrative Assistant,WBL,Active,Part-Time,Zone B,Temporary,Retirement,Fact order police ability another pretty add.,Software Engineering,Project Management - Eng,16-04-1942,MA,Assistant,Male,48831,Black,Single,Fully Meets,3
11-Apr-23,22-Apr-19,Production Technician I,TNS,Active,Full-Time,Zone A,Full-Time,Resignation,Food fire property exist southern audience.,Production       ,Engineers,02-01-1979,MA,Engineer,Male,87074,Asian,Married,Fully Meets,3
29-Dec-18,01-Oct-23,Production Technician I,PL,Active,Full-Time,Zone B,Temporary,Involuntary,Certainly those above eye ball.,Production       ,Engineers,06-08-1978,MA,Accounting,Female,65740,Other,Divorced,Fully Meets,2
16-Nov-20,05-Nov-27,Production Technician I,NEL,Active,Contract,Zone B,Temporary,Retirement,Summer personal bag.,Production       ,Engineers,01-11-1986,MA,Operator,Female,96171,Hispanic,Divorced,Exceeds,1
17-Jul-20,23-Feb-29,Production Technician I,NEL,Active,Contract,Zone A,Temporary,Involuntary,Join difference order size occur entire sell.,Production       ,Billable Consultants,28-01-1992,MA,Specialist,Male,20007,Black,Divorced,Fully Meets,3
09-Mar-21,20-Apr-28,Sales Manager,NEL,Active,Part-Time,Zone C,Temporary,Retirement,Somebody air turn. Dark civil any serious.,IT/IS,Underground,04-05-1955,MA,Laborer,Male,20815,Black,Single,Fully Meets,5
30-Nov-18,24-Jun-22,Production Technician II,WBL,Future Start,Full-Time,Zone B,Temporary,Involuntary,Certainly those above eye ball.,Production       ,Field Operations,16-04-1988,MA,Laborer,Female,63886,White,Widowed,PIP,5
06-Nov-19,21-Jan-19,Production Technician I,EW,Active,Part-Time,Zone B,Temporary,Retirement,Sense activity son. One radio Mr method shoulder.,Production       ,Engineers,25-07-1943,MA,Administration,Female,64130,Other,Widowed,Needs Improvement,3
27-May-19,21-Jul-26,Production Technician I,MSC,Active,Full-Time,Zone A,Full-Time,Resignation,Authority PM house child cost risk.,Production       ,Field Operations,20-08-1956,MA,Laborer,Male,16590,Hispanic,Single,Fully Meets,3
20-Feb-23,24-Nov-22,Sr. Accountant,NEL,Active,Contract,Zone A,Temporary,Voluntary,Doctor statement she rule order wind.,Production       ,Field Operations,01-01-1964,MA,Flagger,Male,33227,Black,Married,Fully Meets,5
29-Jul-22,01-Jun-19,BI Director,SVG,Active,Contract,Zone C,Temporary,Resignation,Authority PM house child cost risk.,Production       ,Safety,30-08-1995,MA,Safety,Male,24767,Hispanic,Widowed,Fully Meets,1
13-Jul-19,28-Apr-29,Production Technician I,PYZ,Future Start,Full-Time,Zone A,Full-Time,Voluntary,Participant candidate wonder growth agree.,Production       ,Field Operations,28-01-1980,MA,Construction Manager,Male,70480,White,Divorced,Fully Meets,3
21-Jun-21,02-Mar-21,Production Technician I,CCDR,Voluntarily Terminated,Part-Time,Zone C,Temporary,Resignation,Almost across fly recent go.,Production       ,Underground,11-06-1944,MA,Field Project Manager,Male,64107,Black,Widowed,Fully Meets,2
16-Jun-21,09-Dec-19,Sr. DBA,BPC,Active,Part-Time,Zone B,Part-Time,Retirement,Visit you let sort amount visit.,IT/IS,Project Management - Con,22-10-1965,MA,Project Coordinator,Male,55499,Asian,Widowed,Fully Meets,3
27-May-21,21-Nov-19,Production Technician I,BPC,Leave of Absence,Full-Time,Zone A,Temporary,Retirement,Arrive allow reveal move.,Production       ,Catv,08-12-1949,MA,Laborer,Male,25840,Other,Divorced,Fully Meets,5
23-Aug-19,26-Oct-26,Production Technician I,BPC,Future Start,Part-Time,Zone B,Temporary,Involuntary,In read day your stay she.,Production       ,Field Operations,13-10-1949,MA,Flagger,Female,69822,Asian,Widowed,Fully Meets,3
18-Apr-21,16-Jul-26,Senior BI Developer,PYZ,Active,Part-Time,Zone B,Full-Time,Voluntary,Expert challenge education air none money wide.,Admin Offices,Underground,13-04-1967,MA,Tester,Male,1542,Other,Single,Fully Meets,2
26-Aug-20,25-Dec-21,Production Technician I,TNS,Active,Full-Time,Zone A,Full-Time,Retirement,Man issue never strategy will maintain resource.,Production       ,Field Operations,26-07-1977,MA,Laborer,Female,5894,Asian,Divorced,Fully Meets,1
06-May-23,12-Feb-26,Area Sales Manager,NEL,Voluntarily Terminated,Contract,Zone C,Temporary,Voluntary,Why sport must page bad.,Sales,Splicing,23-04-1989,MT,Contracts,Female,63317,Black,Single,Fully Meets,2
18-Oct-18,27-Jun-26,IT Director,CCDR,Active,Part-Time,Zone A,Part-Time,Voluntary,Sit energy consider voice director.,IT/IS,Shop (Fleet),21-05-1950,MA,Administrative,Male,5361,Asian,Single,Fully Meets,3
15-Mar-20,10-Oct-23,Production Technician I,CCDR,Future Start,Contract,Zone C,Part-Time,Voluntary,Food fire property exist southern audience.,Production       ,Shop (Fleet),16-08-1959,MA,Engineer,Male,12657,Asian,Widowed,Fully Meets,2
18-Nov-19,31-Aug-26,Production Technician II,EW,Terminated for Cause,Part-Time,Zone B,Part-Time,Resignation,Stay herself cultural pass large.,Production       ,Field Operations,01-05-1976,MA,Electrician,Male,27750,Other,Widowed,Fully Meets,3
13-Apr-23,12-Feb-26,Production Technician I,EW,Active,Contract,Zone B,Temporary,Involuntary,Easy film last fact discuss. Enough worker wall.,Production       ,Aerial,10-12-1967,MA,Engineer,Female,45539,White,Widowed,Exceeds,1
28-May-20,27-Aug-19,Production Technician I,MSC,Active,Part-Time,Zone C,Temporary,Retirement,Red some option.,Production       ,General - Eng,10-03-1989,MA,Drafter,Female,46915,Other,Married,Fully Meets,3
07-Apr-23,26-May-21,Production Technician I,PYZ,Active,Part-Time,Zone A,Temporary,Resignation,Guy present clear.,Production       ,General - Eng,25-03-1998,MA,Groundman,Male,80768,Hispanic,Married,Fully Meets,2
05-Oct-19,08-Sep-28,Area Sales Manager,PL,Active,Contract,Zone A,Full-Time,Involuntary,Yourself book budget product.,Sales,Field Operations,12-08-1942,IN,Flagger,Male,40862,Hispanic,Divorced,Needs Improvement,2
20-Jan-19,20-Nov-29,Data Analyst,PL,Voluntarily Terminated,Contract,Zone A,Part-Time,Retirement,Nature here wrong why.,IT/IS,Wireline Construction,09-12-1946,MA,Welder,Female,7515,Black,Single,Fully Meets,3
26-Nov-20,22-Oct-28,IT Manager - Infra,WBL,Active,Part-Time,Zone A,Part-Time,Involuntary,Degree wish science when thing week old.,IT/IS,Project Management - Con,16-08-1984,MA,Executive Assistant,Male,4460,White,Single,Fully Meets,4
