Age,Attrition,BusinessTravel,DailyRate,Department,DistanceFromHome,Education,EducationField,EmployeeCount,EnvironmentSatisfaction,Gender,HourlyRate,JobInvolvement,JobLevel,JobRole,JobSatisfaction,MaritalStatus,MonthlyIncome,MonthlyRate,NumCompaniesWorked,Over18,OverTime,PercentSalaryHike,PerformanceRating,RelationshipSatisfaction,StandardHours,StockOptionLevel,TotalWorkingYears,TrainingTimesLastYear,WorkLifeBalance,YearsAtCompany,YearsInCurrentRole,YearsSinceLastPromotion,YearsWithCurrManager
25,No,Non-Travel,1002,Human Resources,24,5,Human Resources,1,3,Male,36,1,4,Research Scientist,4,Single,6265,17826,3,Y,No,21,3,2,80,0,18,1970-01-01,4,31,3,5,8
32,Yes,Travel_Rarely,1038,Sales,13,3,Medical,1,1,Female,36,3,2,Research Director,3,Single,16994,11744,2,Y,Yes,14,4,1,80,1,34,1970-01-01,2,32,14,12,11
42,No,Travel_Frequently,883,Sales,9,2,Marketing,1,3,Male,99,2,1,Laboratory Technician,4,Single,1667,7920,2,Y,Yes,23,3,4,80,2,17,1970-01-01,1,20,14,15,11
39,Yes,Travel_Frequently,634,Research & Development,9,2,Other,1,1,Male,98,2,1,Manager,3,Single,7965,24724,4,Y,No,17,3,4,80,0,10,1970-01-01,4,32,8,11,4
31,No,Travel_Frequently,918,Research & Development,19,2,Marketing,1,4,Male,85,2,3,Manufacturing Director,2,Married,13555,5693,1,Y,Yes,13,4,4,80,1,12,1970-01-01,4,18,6,9,10
59,Yes,Travel_Rarely,829,Sales,13,1,Marketing,1,3,Female,30,4,5,Manager,3,Divorced,7004,4798,1,Y,No,12,3,2,80,3,29,1970-01-01,1,13,2,9,16
60,No,Travel_Frequently,332,Human Resources,2,1,Human Resources,1,4,Female,40,4,3,Sales Representative,4,Single,5252,24347,3,Y,No,18,3,2,80,0,13,1970-01-01,1,36,1,11,13
60,No,Travel_Frequently,1460,Human Resources,15,5,Marketing,1,4,Male,42,2,1,Manager,2,Single,19418,5128,9,Y,No,24,4,4,80,3,17,1970-01-01,2,1,13,1,13
43,No,Travel_Frequently,988,Sales,4,2,Marketing,1,1,Male,30,4,3,Sales Executive,2,Single,15031,22128,4,Y,Yes,20,4,4,80,1,27,1970-01-01,2,10,15,7,4
29,Yes,Non-Travel,1144,Sales,24,4,Marketing,1,4,Male,63,1,1,Manager,2,Single,7062,9823,0,Y,Yes,24,4,1,80,1,6,1970-01-01,3,18,2,8,0
39,Yes,Non-Travel,432,Research & Development,8,2,Other,1,4,Male,50,2,3,Laboratory Technician,4,Divorced,17979,4626,8,Y,No,12,3,3,80,0,28,1970-01-01,2,32,17,3,17
28,Yes,Travel_Frequently,297,Human Resources,14,3,Human Resources,1,1,Male,54,3,5,Laboratory Technician,1,Married,9249,11545,3,Y,No,14,3,4,80,0,27,1970-01-01,4,31,6,7,9
58,No,Travel_Rarely,234,Human Resources,22,5,Marketing,1,1,Female,81,2,4,Healthcare Representative,2,Single,8733,16880,4,Y,No,25,4,4,80,0,3,1970-01-01,3,2,1,8,11
51,Yes,Non-Travel,224,Human Resources,20,2,Human Resources,1,4,Female,44,1,2,Laboratory Technician,1,Single,16527,21086,1,Y,Yes,22,3,1,80,2,12,1970-01-01,2,3,17,8,7
29,No,Non-Travel,992,Research & Development,4,5,Other,1,2,Female,68,2,3,Manufacturing Director,1,Single,9200,9450,0,Y,Yes,15,3,2,80,2,21,1970-01-01,4,22,2,6,17
37,Yes,Non-Travel,1187,Sales,6,3,Technical Degree,1,3,Female,94,2,3,Research Scientist,2,Married,16582,17185,0,Y,No,25,3,3,80,0,10,1970-01-01,2,39,17,1,13
20,Yes,Travel_Frequently,480,Research & Development,21,5,Technical Degree,1,1,Female,66,2,3,Sales Executive,2,Married,5170,24115,4,Y,No,17,3,3,80,1,31,1970-01-01,2,24,8,8,14
47,Yes,Non-Travel,764,Research & Development,4,4,Marketing,1,4,Male,36,3,2,Laboratory Technician,4,Divorced,8620,17900,0,Y,Yes,13,3,4,80,1,38,1970-01-01,1,37,0,4,7
40,No,Travel_Rarely,606,Sales,15,4,Medical,1,1,Female,39,4,4,Manufacturing Director,1,Divorced,6113,22016,9,Y,Yes,18,4,3,80,2,1,1970-01-01,2,35,15,13,1
46,Yes,Travel_Rarely,612,Human Resources,28,3,Technical Degree,1,3,Female,60,3,2,Sales Representative,2,Single,15311,11753,0,Y,No,16,3,1,80,1,31,1970-01-01,1,29,3,6,15
57,Yes,Travel_Frequently,354,Research & Development,27,4,Marketing,1,1,Male,43,3,3,Manufacturing Director,4,Divorced,14744,14380,8,Y,Yes,15,3,4,80,0,35,1970-01-01,1,16,12,12,13
23,No,Travel_Rarely,578,Human Resources,15,4,Other,1,1,Male,31,3,4,Healthcare Representative,1,Divorced,8444,6515,8,Y,Yes,15,3,3,80,1,24,1970-01-01,4,17,5,2,10
44,No,Travel_Rarely,1313,Research & Development,4,5,Medical,1,4,Male,76,1,4,Sales Executive,3,Single,3045,26616,3,Y,Yes,23,4,4,80,3,26,1970-01-01,3,12,0,8,13
28,Yes,Travel_Frequently,623,Sales,2,1,Marketing,1,4,Female,84,1,2,Sales Representative,2,Single,15060,20511,7,Y,No,16,3,4,80,1,4,1970-01-01,1,18,0,15,9
37,Yes,Travel_Frequently,486,Human Resources,26,4,Life Sciences,1,1,Male,77,3,5,Sales Representative,3,Single,11142,26969,1,Y,Yes,22,3,1,80,1,4,1970-01-01,1,35,13,11,10
37,Yes,Non-Travel,1442,Sales,22,5,Other,1,4,Male,54,4,1,Human Resources,1,Married,17928,24736,7,Y,No,25,4,2,80,3,25,1970-01-01,1,35,4,4,5
46,No,Travel_Frequently,1203,Human Resources,6,3,Other,1,3,Male,60,1,1,Healthcare Representative,4,Divorced,18759,12878,3,Y,Yes,25,4,1,80,1,12,1970-01-01,2,23,1,15,8
24,Yes,Travel_Frequently,258,Human Resources,26,3,Marketing,1,2,Female,49,3,3,Human Resources,3,Divorced,11476,21535,4,Y,No,18,3,2,80,2,24,1970-01-01,2,35,12,5,4
53,Yes,Travel_Frequently,256,Sales,18,5,Life Sciences,1,2,Female,46,1,2,Research Director,3,Married,6339,23348,6,Y,No,17,3,4,80,0,40,1970-01-01,4,10,17,8,8
55,Yes,Non-Travel,586,Human Resources,1,2,Marketing,1,1,Female,90,1,1,Sales Representative,4,Married,3367,24261,3,Y,No,14,3,4,80,1,27,1970-01-01,1,32,9,1,17
37,No,Travel_Frequently,514,Human Resources,20,4,Technical Degree,1,2,Male,33,1,3,Human Resources,4,Single,16943,8412,1,Y,No,13,4,1,80,2,30,1970-01-01,1,31,10,4,13
38,Yes,Travel_Rarely,1446,Research & Development,6,2,Life Sciences,1,4,Female,99,4,1,Manager,3,Divorced,17721,20363,1,Y,No,20,3,3,80,3,3,1970-01-01,1,21,14,15,10
58,No,Travel_Rarely,653,Human Resources,10,1,Other,1,1,Female,57,3,3,Sales Executive,1,Single,10586,13741,8,Y,Yes,16,3,3,80,2,31,1970-01-01,2,12,13,0,6
23,Yes,Travel_Frequently,775,Research & Development,28,1,Other,1,1,Male,92,2,1,Human Resources,2,Married,6947,21142,7,Y,No,22,4,2,80,0,25,1970-01-01,4,24,1,6,2
40,No,Non-Travel,515,Sales,11,4,Human Resources,1,2,Female,32,4,3,Manager,1,Single,8766,5099,9,Y,No,21,3,3,80,2,7,1970-01-01,4,26,7,0,8
18,No,Travel_Frequently,825,Research & Development,15,5,Other,1,3,Female,88,3,1,Manager,3,Married,4475,25811,8,Y,Yes,23,4,2,80,1,15,1970-01-01,1,6,4,13,0
33,Yes,Non-Travel,315,Sales,27,2,Human Resources,1,1,Male,96,3,3,Research Director,1,Divorced,2036,20795,1,Y,No,23,3,2,80,0,21,1970-01-01,3,30,0,8,17
31,No,Travel_Rarely,940,Research & Development,14,2,Technical Degree,1,1,Male,69,2,3,Sales Representative,4,Single,12093,3096,0,Y,Yes,15,4,1,80,3,11,1970-01-01,4,30,12,2,5
47,Yes,Travel_Rarely,717,Research & Development,4,4,Marketing,1,3,Female,39,1,2,Sales Executive,3,Married,17861,10227,2,Y,Yes,13,4,4,80,0,30,1970-01-01,2,7,2,13,4
20,Yes,Non-Travel,1466,Human Resources,12,5,Medical,1,1,Male,68,3,2,Research Director,4,Divorced,7894,13151,3,Y,No,23,4,3,80,2,35,1970-01-01,1,18,12,13,6
44,No,Travel_Rarely,506,Research & Development,8,5,Other,1,3,Male,50,2,2,Research Director,3,Single,11853,6270,7,Y,Yes,11,3,3,80,0,5,1970-01-01,4,28,14,9,2
28,Yes,Travel_Rarely,1339,Research & Development,20,5,Marketing,1,1,Female,70,2,3,Laboratory Technician,1,Divorced,5636,14566,9,Y,No,22,4,2,80,0,0,1970-01-01,4,4,1,10,13
34,Yes,Travel_Frequently,1148,Sales,24,3,Human Resources,1,2,Female,48,2,5,Research Director,4,Married,7198,5917,7,Y,No,15,3,1,80,1,9,1970-01-01,2,34,14,1,0
43,Yes,Travel_Frequently,1153,Research & Development,15,5,Medical,1,1,Male,51,3,5,Manager,1,Married,13328,20811,0,Y,Yes,22,3,3,80,1,6,1970-01-01,2,2,7,11,17
28,No,Travel_Frequently,893,Sales,16,1,Medical,1,3,Female,62,2,5,Research Scientist,4,Divorced,8074,14203,1,Y,Yes,15,3,3,80,0,4,1970-01-01,4,6,7,12,4
22,Yes,Non-Travel,767,Sales,28,5,Marketing,1,3,Male,63,1,5,Manager,3,Single,1521,7426,2,Y,Yes,17,3,2,80,2,21,1970-01-01,2,26,16,2,5
37,No,Travel_Rarely,272,Research & Development,25,4,Medical,1,2,Female,79,1,3,Healthcare Representative,3,Married,4996,12088,8,Y,Yes,18,4,2,80,3,37,1970-01-01,4,32,18,5,8
42,Yes,Non-Travel,673,Human Resources,13,4,Other,1,3,Female,86,4,2,Laboratory Technician,4,Married,6154,13328,0,Y,No,16,3,3,80,3,14,1970-01-01,1,39,6,1,6
22,No,Non-Travel,175,Human Resources,28,4,Human Resources,1,2,Female,95,1,4,Research Scientist,1,Married,18779,19041,0,Y,No,12,3,3,80,3,6,1970-01-01,4,8,8,7,0
21,No,Non-Travel,1298,Sales,6,4,Other,1,4,Female,71,3,3,Research Scientist,3,Single,10606,14093,9,Y,No,20,4,1,80,3,37,1970-01-01,3,5,7,2,2
22,Yes,Non-Travel,966,Research & Development,2,5,Human Resources,1,4,Female,96,2,5,Manager,1,Married,10358,10665,3,Y,Yes,18,4,2,80,2,9,1970-01-01,4,10,1,9,11
40,No,Travel_Rarely,165,Research & Development,28,2,Technical Degree,1,4,Male,50,2,3,Research Director,4,Married,14724,15416,8,Y,No,24,4,1,80,2,32,1970-01-01,3,7,18,4,5
57,No,Travel_Frequently,864,Human Resources,16,4,Technical Degree,1,2,Female,61,1,2,Manufacturing Director,3,Divorced,17390,11716,9,Y,Yes,13,3,2,80,1,29,1970-01-01,2,29,8,3,16
33,Yes,Non-Travel,190,Research & Development,6,3,Other,1,3,Female,48,1,2,Sales Executive,4,Married,10646,22034,2,Y,No,20,4,1,80,0,5,1970-01-01,3,19,4,6,7
56,Yes,Non-Travel,1411,Sales,6,4,Marketing,1,1,Male,67,1,3,Manufacturing Director,4,Divorced,6268,26871,8,Y,Yes,18,3,4,80,2,39,1970-01-01,2,9,4,11,11
26,No,Non-Travel,984,Research & Development,11,5,Other,1,4,Female,96,4,2,Laboratory Technician,1,Divorced,12956,22321,7,Y,No,11,4,3,80,2,21,1970-01-01,2,14,2,6,3
49,No,Travel_Frequently,1092,Sales,6,2,Human Resources,1,4,Male,86,2,1,Human Resources,2,Married,8272,5264,5,Y,No,23,4,2,80,1,17,1970-01-01,3,23,14,1,14
33,Yes,Travel_Frequently,715,Sales,9,4,Human Resources,1,4,Male,68,4,3,Healthcare Representative,3,Divorced,12944,18109,8,Y,No,20,4,3,80,3,18,1970-01-01,4,20,15,5,8
20,No,Non-Travel,1492,Sales,26,3,Technical Degree,1,2,Male,39,3,2,Human Resources,4,Divorced,12953,25476,4,Y,Yes,25,4,1,80,2,8,1970-01-01,2,30,1,10,17
36,Yes,Non-Travel,488,Human Resources,28,5,Life Sciences,1,2,Male,100,3,2,Human Resources,4,Single,12561,21318,6,Y,Yes,22,4,4,80,1,27,1970-01-01,2,14,18,14,0
49,No,Travel_Rarely,999,Sales,21,3,Technical Degree,1,2,Male,76,3,1,Healthcare Representative,2,Married,19868,20271,8,Y,No,25,3,3,80,2,5,1970-01-01,2,16,8,3,5
45,Yes,Travel_Frequently,151,Research & Development,5,2,Other,1,3,Female,41,2,1,Healthcare Representative,1,Single,5722,23224,8,Y,Yes,18,3,4,80,0,22,1970-01-01,3,22,14,9,2
60,Yes,Travel_Frequently,805,Sales,15,5,Other,1,4,Male,89,4,4,Healthcare Representative,4,Married,15714,20438,9,Y,No,14,4,4,80,1,13,1970-01-01,4,0,13,13,16
44,No,Travel_Rarely,1337,Sales,9,1,Medical,1,2,Male,46,1,1,Sales Executive,4,Single,19012,2702,4,Y,Yes,24,4,3,80,3,24,1970-01-01,3,18,6,13,15
35,No,Non-Travel,445,Sales,7,5,Marketing,1,3,Female,61,1,3,Sales Executive,3,Single,18633,15334,3,Y,Yes,12,3,2,80,3,12,1970-01-01,2,34,15,0,6
20,No,Travel_Frequently,205,Research & Development,4,5,Medical,1,1,Female,36,4,3,Sales Executive,3,Single,6849,17996,4,Y,No,25,4,3,80,2,28,1970-01-01,3,2,3,6,14
37,No,Travel_Rarely,1373,Research & Development,9,4,Other,1,2,Male,54,1,1,Sales Executive,3,Divorced,3955,17624,0,Y,Yes,15,4,1,80,3,22,1970-01-01,1,30,8,0,7
49,No,Non-Travel,789,Sales,16,2,Other,1,4,Female,38,2,5,Manufacturing Director,1,Divorced,10783,25050,7,Y,Yes,19,3,4,80,0,21,1970-01-01,3,17,4,2,1
34,No,Travel_Frequently,678,Research & Development,23,3,Life Sciences,1,2,Female,97,1,3,Sales Representative,3,Single,7846,26971,2,Y,Yes,21,3,3,80,2,27,1970-01-01,3,30,18,0,17
57,No,Travel_Rarely,1218,Sales,8,3,Life Sciences,1,1,Female,35,1,3,Manufacturing Director,1,Divorced,8844,12264,1,Y,No,23,3,3,80,2,21,1970-01-01,2,21,16,15,8
52,Yes,Travel_Frequently,1288,Research & Development,5,5,Other,1,2,Male,77,3,1,Research Scientist,3,Single,12912,24337,3,Y,Yes,19,3,1,80,0,13,1970-01-01,1,36,3,12,11
33,Yes,Travel_Frequently,715,Human Resources,19,1,Other,1,1,Female,67,4,1,Sales Representative,2,Married,17431,13925,1,Y,No,21,3,2,80,1,35,1970-01-01,2,6,7,1,3
28,No,Travel_Frequently,871,Sales,3,3,Technical Degree,1,2,Female,96,1,5,Laboratory Technician,1,Divorced,10538,5919,1,Y,No,21,3,1,80,3,7,1970-01-01,4,29,9,8,5
26,No,Non-Travel,439,Human Resources,18,5,Technical Degree,1,2,Male,36,1,2,Healthcare Representative,1,Married,9572,4295,1,Y,No,23,3,3,80,1,17,1970-01-01,3,5,5,8,6
26,No,Travel_Frequently,168,Human Resources,9,5,Marketing,1,2,Male,78,3,5,Manufacturing Director,3,Married,9094,2892,1,Y,No,15,3,3,80,3,31,1970-01-01,2,18,4,5,8
53,No,Travel_Frequently,133,Sales,18,1,Medical,1,4,Male,84,4,5,Sales Executive,3,Single,19680,26527,5,Y,Yes,16,3,4,80,3,21,1970-01-01,2,3,18,3,0
19,Yes,Travel_Rarely,694,Research & Development,27,2,Other,1,4,Female,99,3,4,Manufacturing Director,1,Single,4110,13258,3,Y,Yes,17,4,4,80,2,13,1970-01-01,1,9,3,11,5
46,Yes,Travel_Frequently,1293,Research & Development,17,1,Life Sciences,1,2,Female,60,3,2,Research Scientist,1,Divorced,11519,5180,0,Y,Yes,21,4,3,80,1,12,1970-01-01,4,9,11,2,12
29,Yes,Non-Travel,253,Sales,7,1,Life Sciences,1,4,Male,55,3,1,Manager,4,Divorced,8951,11687,0,Y,Yes,16,3,3,80,1,24,1970-01-01,2,11,14,9,17
50,Yes,Travel_Frequently,1401,Human Resources,3,4,Technical Degree,1,3,Female,32,2,1,Sales Executive,2,Married,13710,21277,5,Y,No,23,4,1,80,0,14,1970-01-01,2,40,7,13,0
38,Yes,Travel_Rarely,804,Research & Development,5,2,Human Resources,1,1,Female,69,3,5,Research Director,4,Married,13723,26248,8,Y,No,18,4,1,80,0,6,1970-01-01,2,22,3,3,14
30,Yes,Travel_Frequently,1028,Human Resources,4,1,Technical Degree,1,3,Female,48,2,1,Human Resources,2,Divorced,7341,19978,4,Y,Yes,18,3,1,80,1,29,1970-01-01,4,12,16,4,8
54,Yes,Travel_Rarely,1087,Human Resources,2,5,Marketing,1,2,Female,37,3,5,Sales Executive,3,Married,16185,25751,2,Y,No,17,4,3,80,1,34,1970-01-01,3,35,10,7,5
18,Yes,Travel_Frequently,923,Research & Development,29,1,Other,1,2,Female,94,4,1,Research Scientist,1,Divorced,19818,19487,6,Y,No,23,3,2,80,1,18,1970-01-01,1,28,14,0,9
50,No,Travel_Rarely,689,Research & Development,6,4,Human Resources,1,1,Female,51,2,2,Research Scientist,3,Single,14518,21128,8,Y,Yes,15,3,2,80,0,6,1970-01-01,1,8,5,9,5
51,No,Travel_Rarely,704,Research & Development,18,2,Technical Degree,1,1,Female,88,2,1,Laboratory Technician,2,Married,15484,10864,3,Y,Yes,15,3,2,80,0,33,1970-01-01,3,34,0,15,1
31,Yes,Non-Travel,700,Research & Development,21,1,Technical Degree,1,4,Male,69,1,2,Research Scientist,3,Married,14255,3816,6,Y,No,25,3,2,80,3,0,1970-01-01,2,29,15,1,1
42,No,Non-Travel,174,Research & Development,14,3,Technical Degree,1,2,Female,95,1,2,Human Resources,4,Divorced,2173,11224,7,Y,No,14,3,3,80,2,28,1970-01-01,3,35,6,0,2
29,Yes,Travel_Rarely,1147,Research & Development,3,4,Other,1,3,Female,89,3,5,Research Scientist,3,Divorced,4752,26782,0,Y,Yes,16,3,1,80,1,16,1970-01-01,1,9,15,11,13
57,Yes,Travel_Rarely,251,Human Resources,7,4,Other,1,2,Male,90,4,2,Manager,2,Married,15274,21155,2,Y,Yes,13,4,4,80,3,4,1970-01-01,2,34,12,4,13
39,Yes,Travel_Frequently,384,Sales,16,1,Human Resources,1,4,Female,34,2,5,Laboratory Technician,4,Divorced,15383,16669,7,Y,No,20,4,2,80,3,11,1970-01-01,4,38,10,0,10
59,No,Travel_Frequently,575,Sales,13,4,Technical Degree,1,2,Female,56,1,1,Laboratory Technician,3,Married,15875,5655,7,Y,Yes,13,3,4,80,0,15,1970-01-01,1,38,2,3,6
45,No,Non-Travel,874,Human Resources,7,2,Medical,1,1,Male,44,2,2,Sales Representative,4,Single,10454,22745,5,Y,Yes,23,3,1,80,0,27,1970-01-01,4,32,12,14,8
52,Yes,Non-Travel,977,Research & Development,27,5,Marketing,1,4,Female,33,4,4,Research Director,3,Divorced,11231,17539,1,Y,No,18,4,1,80,1,1,1970-01-01,4,7,14,2,6
58,Yes,Travel_Rarely,861,Research & Development,15,3,Other,1,4,Female,53,3,5,Sales Representative,4,Married,5534,8629,9,Y,Yes,24,3,4,80,3,25,1970-01-01,1,10,9,10,10
29,No,Non-Travel,1302,Sales,4,3,Technical Degree,1,3,Male,50,4,1,Research Scientist,1,Married,7709,2190,1,Y,Yes,24,3,2,80,1,8,1970-01-01,3,35,14,10,16
48,No,Travel_Rarely,146,Research & Development,5,5,Other,1,4,Male,85,1,3,Laboratory Technician,3,Single,18504,22499,6,Y,Yes,15,4,2,80,2,5,1970-01-01,3,15,16,8,14
60,Yes,Travel_Rarely,796,Sales,26,5,Other,1,1,Female,43,3,1,Manufacturing Director,1,Married,5746,22590,7,Y,Yes,21,4,4,80,0,40,1970-01-01,1,10,5,13,15
35,No,Travel_Rarely,250,Sales,7,1,Technical Degree,1,1,Male,94,3,5,Human Resources,2,Divorced,11701,22164,7,Y,No,20,3,1,80,3,15,1970-01-01,3,23,8,4,7
46,Yes,Non-Travel,1135,Human Resources,7,2,Medical,1,2,Male,64,1,3,Healthcare Representative,3,Divorced,2158,23906,9,Y,No,18,4,2,80,1,32,1970-01-01,4,38,7,14,15
21,Yes,Travel_Frequently,451,Sales,5,3,Technical Degree,1,4,Male,53,1,5,Healthcare Representative,3,Married,9037,15954,6,Y,No,24,4,3,80,2,27,1970-01-01,3,10,14,13,14
29,No,Travel_Frequently,906,Sales,3,1,Technical Degree,1,1,Male,45,4,4,Laboratory Technician,3,Single,4369,7231,5,Y,Yes,22,3,4,80,1,38,1970-01-01,2,21,15,1,1
43,No,Travel_Rarely,724,Research & Development,20,3,Technical Degree,1,4,Female,50,2,1,Research Director,2,Single,3937,3311,9,Y,No,20,3,1,80,3,22,1970-01-01,1,21,2,7,2
37,No,Travel_Frequently,1483,Sales,25,3,Other,1,1,Female,90,3,5,Sales Representative,4,Single,7408,26956,8,Y,Yes,20,3,3,80,3,24,1970-01-01,2,26,6,9,13
22,No,Non-Travel,504,Sales,20,2,Marketing,1,4,Female,99,4,4,Sales Representative,2,Divorced,5664,7573,2,Y,No,18,4,2,80,1,35,1970-01-01,3,8,15,12,12
56,Yes,Travel_Rarely,191,Research & Development,23,2,Human Resources,1,1,Male,49,3,1,Research Director,3,Married,11191,20974,9,Y,No,17,4,4,80,2,8,1970-01-01,1,40,7,10,9
36,Yes,Non-Travel,267,Sales,7,3,Life Sciences,1,2,Male,53,1,5,Research Scientist,2,Married,4707,4424,7,Y,No,15,3,3,80,3,13,1970-01-01,2,20,17,6,1
23,Yes,Travel_Rarely,1403,Research & Development,5,5,Technical Degree,1,3,Male,77,1,1,Healthcare Representative,1,Married,8749,25079,7,Y,No,20,4,4,80,1,21,1970-01-01,1,4,8,5,2
35,No,Travel_Rarely,612,Human Resources,21,5,Other,1,1,Male,94,1,2,Research Director,4,Single,15957,13844,5,Y,Yes,21,3,4,80,1,26,1970-01-01,2,34,4,2,14
52,No,Travel_Frequently,572,Sales,5,5,Marketing,1,3,Male,78,4,3,Research Director,1,Single,18320,4603,5,Y,No,12,3,4,80,3,13,1970-01-01,3,6,10,15,3
53,Yes,Non-Travel,241,Sales,18,3,Marketing,1,1,Male,65,2,4,Manufacturing Director,4,Married,4917,17297,1,Y,No,24,4,2,80,2,37,1970-01-01,1,2,8,13,11
32,Yes,Non-Travel,1151,Research & Development,9,1,Technical Degree,1,3,Female,61,1,5,Human Resources,4,Single,15620,25709,9,Y,Yes,19,3,3,80,1,16,1970-01-01,3,24,9,1,10
23,No,Non-Travel,965,Sales,1,1,Life Sciences,1,1,Female,93,3,1,Healthcare Representative,1,Single,9460,13236,7,Y,No,14,4,2,80,2,12,1970-01-01,1,32,4,3,15
23,Yes,Travel_Frequently,1336,Research & Development,11,3,Human Resources,1,4,Male,76,2,3,Sales Representative,2,Divorced,7023,2498,6,Y,No,12,4,1,80,3,3,1970-01-01,4,26,6,0,10
52,No,Travel_Rarely,1325,Research & Development,27,3,Technical Degree,1,3,Female,39,3,4,Research Scientist,3,Married,7110,11814,1,Y,Yes,13,3,4,80,0,9,1970-01-01,2,28,14,4,11
24,Yes,Non-Travel,1043,Sales,8,4,Life Sciences,1,1,Male,95,3,4,Human Resources,4,Divorced,2195,6836,1,Y,Yes,15,4,3,80,1,25,1970-01-01,1,5,8,3,16
21,Yes,Travel_Frequently,1258,Human Resources,19,3,Medical,1,2,Female,40,4,1,Manager,3,Married,4145,17001,7,Y,Yes,23,3,3,80,1,19,1970-01-01,3,34,1,12,16
30,No,Travel_Rarely,1041,Research & Development,21,5,Technical Degree,1,3,Female,54,2,3,Research Director,1,Divorced,14262,2202,8,Y,No,20,4,4,80,2,33,1970-01-01,3,1,1,15,1
42,Yes,Travel_Rarely,317,Human Resources,28,5,Medical,1,3,Female,87,4,2,Sales Executive,1,Single,17117,12472,8,Y,Yes,14,3,2,80,1,40,1970-01-01,2,7,13,15,14
26,Yes,Non-Travel,1231,Sales,20,5,Life Sciences,1,3,Female,54,3,3,Laboratory Technician,2,Married,3514,15003,7,Y,Yes,18,3,2,80,1,18,1970-01-01,4,9,6,11,5
40,No,Travel_Rarely,480,Sales,15,2,Marketing,1,3,Female,36,2,4,Human Resources,3,Divorced,4710,3164,8,Y,Yes,13,4,3,80,1,0,1970-01-01,3,2,4,7,3
24,Yes,Non-Travel,249,Human Resources,20,5,Marketing,1,2,Male,37,2,3,Manager,4,Divorced,1586,17747,3,Y,Yes,11,3,2,80,2,18,1970-01-01,3,29,11,8,8
32,Yes,Non-Travel,188,Research & Development,1,5,Other,1,3,Male,38,4,4,Healthcare Representative,1,Divorced,15936,17452,4,Y,Yes,18,3,2,80,3,35,1970-01-01,2,32,5,5,0
47,Yes,Travel_Frequently,441,Human Resources,11,3,Human Resources,1,3,Female,69,4,4,Human Resources,4,Divorced,4573,10565,5,Y,No,16,3,2,80,1,28,1970-01-01,1,33,15,2,10
25,No,Non-Travel,546,Research & Development,11,1,Other,1,4,Female,38,3,2,Human Resources,1,Single,7260,18219,7,Y,Yes,16,3,2,80,0,21,1970-01-01,2,0,3,5,9
59,No,Non-Travel,1422,Human Resources,13,3,Life Sciences,1,4,Male,58,1,1,Healthcare Representative,1,Married,5703,20536,2,Y,No,23,3,1,80,1,3,1970-01-01,1,34,1,8,15
41,Yes,Travel_Rarely,520,Human Resources,7,5,Other,1,2,Female,80,2,3,Research Director,3,Single,10490,10618,9,Y,No,12,3,3,80,1,14,1970-01-01,1,35,16,11,16
31,Yes,Non-Travel,364,Research & Development,2,4,Human Resources,1,2,Female,40,3,3,Sales Representative,1,Single,6004,10266,0,Y,No,11,4,4,80,3,26,1970-01-01,2,6,18,10,14
34,Yes,Travel_Rarely,535,Sales,29,4,Human Resources,1,1,Male,86,1,5,Laboratory Technician,3,Divorced,14094,12862,2,Y,No,17,4,2,80,0,12,1970-01-01,1,13,13,1,15
33,Yes,Travel_Rarely,1243,Research & Development,21,2,Medical,1,3,Male,59,4,4,Laboratory Technician,4,Divorced,8322,2109,1,Y,No,25,4,2,80,3,30,1970-01-01,3,25,12,7,5
44,No,Non-Travel,255,Human Resources,12,2,Other,1,4,Male,78,2,4,Manager,3,Single,19382,14158,4,Y,Yes,25,3,2,80,2,0,1970-01-01,2,12,15,9,4
24,Yes,Travel_Frequently,1293,Human Resources,26,2,Other,1,3,Male,40,1,1,Human Resources,2,Single,18847,14504,6,Y,No,18,4,3,80,3,21,1970-01-01,1,3,17,14,3
43,Yes,Travel_Frequently,1248,Human Resources,8,2,Medical,1,2,Male,33,4,2,Research Director,1,Divorced,12205,20088,7,Y,No,24,4,4,80,2,4,1970-01-01,3,15,5,7,14
18,No,Non-Travel,409,Human Resources,28,2,Marketing,1,1,Male,47,2,2,Manager,3,Married,7786,18434,7,Y,Yes,18,4,2,80,0,37,1970-01-01,1,18,6,5,2
24,Yes,Travel_Frequently,250,Sales,28,5,Other,1,4,Male,63,1,1,Research Scientist,1,Single,2399,7489,9,Y,No,18,4,1,80,2,29,1970-01-01,2,26,3,7,0
39,Yes,Non-Travel,685,Sales,26,5,Marketing,1,2,Male,94,4,5,Healthcare Representative,2,Single,8452,8083,9,Y,Yes,16,3,3,80,1,39,1970-01-01,3,36,6,13,10
49,Yes,Travel_Frequently,359,Sales,3,5,Human Resources,1,3,Female,73,1,1,Laboratory Technician,1,Married,5515,17045,1,Y,Yes,22,4,2,80,0,40,1970-01-01,3,24,0,7,0
48,No,Travel_Frequently,1162,Sales,29,5,Medical,1,4,Female,93,4,1,Sales Representative,3,Single,16397,25374,6,Y,Yes,13,4,1,80,3,27,1970-01-01,4,29,15,12,14
38,No,Non-Travel,1214,Sales,13,2,Life Sciences,1,3,Male,31,4,4,Manufacturing Director,2,Married,3131,19952,9,Y,Yes,23,4,4,80,2,23,1970-01-01,2,30,9,12,8
52,Yes,Travel_Rarely,1206,Sales,15,1,Human Resources,1,2,Female,50,1,2,Healthcare Representative,3,Single,8619,19047,1,Y,No,18,4,3,80,2,20,1970-01-01,1,33,14,1,17
47,Yes,Travel_Frequently,134,Sales,5,3,Other,1,2,Female,68,1,5,Research Director,1,Divorced,1301,8905,3,Y,Yes,15,3,2,80,2,20,1970-01-01,2,2,2,7,11
24,No,Non-Travel,1277,Human Resources,23,5,Other,1,2,Female,69,2,5,Sales Representative,3,Divorced,6442,8837,3,Y,Yes,23,4,1,80,3,25,1970-01-01,3,32,7,9,8
56,No,Travel_Rarely,1125,Human Resources,21,5,Life Sciences,1,2,Male,67,3,5,Human Resources,4,Divorced,17079,11831,4,Y,No,14,3,3,80,0,5,1970-01-01,3,17,1,0,8
25,Yes,Non-Travel,269,Human Resources,29,2,Human Resources,1,2,Male,41,4,3,Research Scientist,4,Divorced,7789,19964,6,Y,No,18,4,4,80,2,11,1970-01-01,4,23,18,1,15
41,Yes,Travel_Rarely,302,Sales,24,2,Medical,1,2,Female,37,3,5,Sales Representative,2,Single,9724,24042,6,Y,No,21,4,2,80,3,1,1970-01-01,3,11,7,8,7
28,No,Non-Travel,1260,Research & Development,5,3,Technical Degree,1,1,Female,86,1,1,Manufacturing Director,1,Married,12524,14475,8,Y,Yes,17,3,3,80,3,16,1970-01-01,3,14,1,14,3
50,No,Travel_Frequently,198,Research & Development,18,1,Technical Degree,1,2,Female,77,2,3,Laboratory Technician,3,Married,11047,5325,3,Y,No,25,3,4,80,2,13,1970-01-01,2,27,3,3,7
33,Yes,Travel_Rarely,718,Research & Development,17,1,Life Sciences,1,2,Male,45,2,5,Manager,2,Divorced,2210,26762,4,Y,No,24,4,1,80,2,29,1970-01-01,2,0,4,3,0
52,Yes,Travel_Rarely,327,Research & Development,18,1,Life Sciences,1,4,Male,43,4,5,Research Scientist,3,Divorced,5817,15749,1,Y,Yes,23,3,4,80,1,13,1970-01-01,1,40,3,6,5
52,Yes,Travel_Frequently,651,Human Resources,10,4,Technical Degree,1,1,Male,32,4,4,Laboratory Technician,1,Single,14215,5463,1,Y,No,22,3,1,80,2,27,1970-01-01,2,13,6,1,12
49,No,Non-Travel,327,Human Resources,17,1,Marketing,1,2,Female,76,3,2,Sales Representative,4,Single,17764,6602,5,Y,Yes,17,4,1,80,2,40,1970-01-01,2,33,7,6,11
24,Yes,Non-Travel,351,Human Resources,3,2,Medical,1,1,Female,61,2,3,Manager,2,Married,5079,16815,3,Y,No,16,4,1,80,0,18,1970-01-01,3,18,10,7,5
31,Yes,Non-Travel,926,Human Resources,26,4,Life Sciences,1,1,Male,79,4,5,Research Director,1,Single,8692,11689,4,Y,No,20,3,2,80,3,33,1970-01-01,3,21,17,10,13
52,Yes,Travel_Frequently,637,Human Resources,14,5,Life Sciences,1,2,Male,37,1,2,Laboratory Technician,2,Divorced,19728,8320,4,Y,No,15,3,3,80,2,29,1970-01-01,1,16,17,0,1
45,Yes,Non-Travel,1446,Research & Development,21,1,Technical Degree,1,3,Male,80,4,3,Sales Executive,3,Divorced,11582,26648,0,Y,No,21,4,2,80,3,31,1970-01-01,2,14,9,7,16
57,Yes,Travel_Frequently,1338,Sales,6,4,Marketing,1,1,Male,35,4,4,Research Scientist,2,Divorced,1554,20679,0,Y,No,14,3,1,80,1,22,1970-01-01,3,31,13,3,6
39,Yes,Non-Travel,407,Human Resources,26,2,Other,1,4,Male,98,1,5,Human Resources,1,Single,14115,2909,4,Y,No,16,4,1,80,1,22,1970-01-01,2,33,16,7,9
29,Yes,Travel_Frequently,311,Research & Development,6,5,Other,1,2,Female,77,2,4,Research Scientist,1,Divorced,10545,25909,0,Y,Yes,19,4,1,80,0,17,1970-01-01,3,38,13,11,9
58,No,Non-Travel,506,Human Resources,21,4,Marketing,1,4,Male,39,1,2,Manager,2,Single,18741,5986,0,Y,No,25,3,1,80,0,37,1970-01-01,1,10,1,3,1
49,Yes,Travel_Frequently,277,Human Resources,17,3,Human Resources,1,4,Female,31,1,3,Manufacturing Director,4,Single,5428,8534,5,Y,No,15,3,3,80,3,18,1970-01-01,4,0,16,12,7
45,No,Travel_Frequently,196,Sales,14,3,Technical Degree,1,1,Male,48,2,4,Research Scientist,4,Divorced,12076,22308,2,Y,Yes,11,3,1,80,3,3,1970-01-01,2,14,18,15,13
48,Yes,Travel_Rarely,1138,Sales,8,2,Other,1,4,Female,93,4,4,Sales Representative,1,Married,8342,13933,5,Y,No,17,3,1,80,2,1,1970-01-01,3,16,9,1,2
39,No,Travel_Rarely,525,Human Resources,5,4,Medical,1,2,Female,68,2,3,Sales Representative,3,Divorced,5713,18368,8,Y,Yes,19,3,1,80,1,18,1970-01-01,4,34,14,10,14
48,No,Travel_Frequently,312,Human Resources,8,4,Medical,1,4,Female,96,2,1,Research Scientist,1,Divorced,6472,9689,1,Y,Yes,18,4,2,80,1,14,1970-01-01,1,22,3,9,2
32,Yes,Travel_Rarely,159,Research & Development,10,3,Technical Degree,1,1,Female,69,2,4,Manufacturing Director,1,Divorced,10396,14282,9,Y,No,22,3,2,80,0,23,1970-01-01,4,36,12,5,9
43,Yes,Travel_Rarely,1022,Sales,29,4,Life Sciences,1,2,Female,95,3,3,Sales Executive,2,Married,18807,14439,3,Y,No,16,4,4,80,1,26,1970-01-01,4,18,8,14,11
50,Yes,Travel_Frequently,481,Research & Development,11,4,Human Resources,1,2,Male,45,4,3,Sales Representative,3,Married,13793,13427,5,Y,No,22,3,2,80,1,18,1970-01-01,3,35,3,6,13
49,Yes,Travel_Rarely,680,Sales,23,4,Technical Degree,1,3,Female,32,1,3,Sales Representative,4,Single,16961,7931,0,Y,No,21,4,1,80,2,25,1970-01-01,1,20,9,1,1
26,Yes,Travel_Frequently,1116,Human Resources,9,1,Marketing,1,3,Female,46,2,5,Sales Representative,3,Married,3939,20677,2,Y,No,18,4,3,80,1,15,1970-01-01,1,40,4,0,4
36,No,Non-Travel,368,Research & Development,24,4,Marketing,1,4,Male,71,2,2,Sales Representative,1,Single,18976,23261,5,Y,No,21,4,1,80,0,2,1970-01-01,1,2,12,2,15
32,No,Travel_Rarely,1481,Human Resources,19,1,Medical,1,1,Male,96,4,4,Manager,1,Married,3012,26334,3,Y,No,17,3,2,80,3,29,1970-01-01,3,22,5,9,2
38,Yes,Travel_Frequently,472,Human Resources,8,3,Human Resources,1,1,Male,67,3,2,Sales Executive,4,Married,17211,10571,8,Y,No,13,3,4,80,1,22,1970-01-01,2,0,9,6,0
52,No,Travel_Rarely,1335,Research & Development,4,4,Other,1,3,Male,50,1,4,Healthcare Representative,3,Divorced,4110,4163,4,Y,No,12,3,1,80,0,38,1970-01-01,3,28,5,10,2
32,No,Travel_Rarely,1132,Sales,29,1,Human Resources,1,2,Male,49,3,5,Research Director,4,Single,1108,13840,5,Y,Yes,17,4,4,80,0,17,1970-01-01,3,17,7,2,8
21,Yes,Travel_Rarely,1211,Human Resources,8,1,Other,1,3,Female,61,1,3,Manager,4,Divorced,9004,16798,8,Y,No,16,3,3,80,2,7,1970-01-01,1,39,11,12,1
50,No,Travel_Frequently,171,Human Resources,4,1,Other,1,1,Male,31,2,5,Research Director,3,Married,11480,3877,9,Y,Yes,18,3,1,80,3,16,1970-01-01,4,37,3,3,9
53,No,Travel_Frequently,714,Sales,8,5,Other,1,2,Female,82,2,5,Sales Representative,2,Divorced,5942,11990,1,Y,Yes,11,3,4,80,1,32,1970-01-01,2,19,1,12,4
37,Yes,Non-Travel,125,Sales,8,4,Technical Degree,1,1,Male,46,2,4,Manager,3,Divorced,13908,23081,6,Y,No,19,3,2,80,1,17,1970-01-01,2,19,15,15,13
49,No,Non-Travel,857,Sales,17,1,Medical,1,3,Male,63,1,1,Sales Representative,4,Divorced,6616,12110,2,Y,Yes,25,3,4,80,0,32,1970-01-01,4,4,5,0,12
29,Yes,Travel_Frequently,523,Human Resources,4,3,Other,1,3,Male,83,4,3,Manager,3,Single,2414,22158,7,Y,Yes,23,3,2,80,0,21,1970-01-01,3,25,0,8,5
40,Yes,Travel_Rarely,1074,Research & Development,17,2,Other,1,3,Female,86,2,5,Sales Representative,3,Divorced,17890,11146,6,Y,Yes,24,4,4,80,3,14,1970-01-01,3,5,16,13,1
44,No,Non-Travel,1209,Sales,15,2,Life Sciences,1,4,Male,92,4,3,Sales Representative,4,Divorced,7472,23998,6,Y,Yes,14,4,3,80,1,32,1970-01-01,2,1,7,14,16
26,Yes,Non-Travel,404,Human Resources,15,1,Medical,1,3,Male,67,4,4,Sales Executive,1,Single,6122,8343,4,Y,No,20,3,4,80,2,35,1970-01-01,1,21,3,6,15
44,Yes,Non-Travel,1472,Human Resources,7,4,Life Sciences,1,3,Female,66,2,3,Laboratory Technician,1,Single,5243,6047,5,Y,Yes,11,3,1,80,1,8,1970-01-01,2,0,7,0,5
30,No,Travel_Frequently,1375,Sales,7,2,Life Sciences,1,4,Male,47,3,3,Human Resources,1,Divorced,11529,6817,9,Y,No,14,3,3,80,1,14,1970-01-01,4,20,6,10,10
46,No,Non-Travel,1011,Sales,21,4,Human Resources,1,2,Male,73,1,3,Manager,4,Single,15347,6999,8,Y,Yes,23,4,4,80,2,20,1970-01-01,1,24,17,5,15
51,No,Travel_Frequently,961,Research & Development,6,1,Technical Degree,1,4,Male,69,4,4,Sales Representative,2,Married,5160,5848,3,Y,Yes,19,3,3,80,1,6,1970-01-01,4,33,15,15,2
42,Yes,Non-Travel,327,Sales,9,5,Marketing,1,2,Female,50,1,4,Sales Executive,2,Divorced,8356,8974,9,Y,No,16,3,3,80,2,9,1970-01-01,3,24,18,9,4
60,Yes,Non-Travel,1412,Sales,9,4,Human Resources,1,2,Female,89,3,5,Laboratory Technician,2,Single,1438,15932,8,Y,No,24,4,1,80,0,39,1970-01-01,4,33,5,10,0
21,Yes,Travel_Frequently,1397,Research & Development,18,4,Medical,1,4,Male,58,1,2,Sales Executive,1,Married,3031,12845,9,Y,No,22,4,1,80,1,26,1970-01-01,3,32,17,8,17
19,No,Travel_Rarely,547,Sales,27,1,Life Sciences,1,3,Female,35,4,2,Manufacturing Director,1,Single,15629,8988,8,Y,No,13,3,4,80,2,26,1970-01-01,2,14,0,6,5
28,Yes,Non-Travel,565,Human Resources,21,4,Other,1,1,Female,96,2,2,Manager,4,Married,5695,6878,1,Y,Yes,11,4,4,80,3,18,1970-01-01,1,24,0,3,12
22,No,Non-Travel,721,Research & Development,10,2,Medical,1,2,Female,100,3,2,Manager,4,Married,6661,13530,7,Y,Yes,20,3,4,80,1,13,1970-01-01,4,30,1,14,8
55,Yes,Travel_Rarely,245,Human Resources,14,2,Human Resources,1,4,Male,33,2,1,Manager,2,Married,19525,22025,8,Y,No,14,3,3,80,2,31,1970-01-01,1,29,3,6,1
48,No,Travel_Frequently,772,Human Resources,2,1,Life Sciences,1,2,Female,61,4,5,Research Director,4,Divorced,7697,12627,2,Y,Yes,18,3,4,80,3,13,1970-01-01,1,35,16,13,6
57,No,Non-Travel,1108,Sales,6,5,Medical,1,4,Female,53,3,4,Healthcare Representative,2,Divorced,19015,7068,5,Y,Yes,13,4,1,80,3,35,1970-01-01,3,30,6,10,8
40,Yes,Travel_Frequently,119,Human Resources,19,3,Technical Degree,1,1,Male,98,2,4,Human Resources,3,Divorced,19902,8343,0,Y,Yes,15,4,1,80,2,5,1970-01-01,3,3,17,0,7
43,No,Travel_Frequently,1140,Research & Development,8,5,Marketing,1,3,Male,49,4,1,Sales Representative,1,Divorced,6124,22752,9,Y,Yes,24,3,1,80,1,25,1970-01-01,4,34,5,6,1
32,Yes,Travel_Rarely,610,Research & Development,24,5,Other,1,2,Male,90,2,2,Healthcare Representative,3,Single,9122,25801,9,Y,Yes,16,4,2,80,0,0,1970-01-01,3,20,18,13,0
29,Yes,Travel_Frequently,1191,Human Resources,3,3,Life Sciences,1,3,Male,50,4,1,Sales Executive,3,Divorced,16692,26462,8,Y,Yes,12,3,1,80,2,12,1970-01-01,3,15,13,1,0
22,No,Non-Travel,565,Human Resources,6,2,Medical,1,3,Male,53,2,3,Healthcare Representative,3,Married,1849,10896,0,Y,Yes,25,3,4,80,0,1,1970-01-01,2,5,12,14,17
19,No,Non-Travel,319,Research & Development,4,1,Medical,1,2,Female,30,1,1,Healthcare Representative,3,Married,5622,22683,4,Y,Yes,22,4,1,80,2,2,1970-01-01,2,21,14,14,3
31,No,Travel_Frequently,1215,Human Resources,5,4,Other,1,1,Male,56,1,2,Research Scientist,1,Single,15944,7267,0,Y,No,11,3,4,80,1,3,1970-01-01,3,27,18,12,0
56,Yes,Non-Travel,554,Human Resources,25,1,Life Sciences,1,4,Female,52,3,1,Research Scientist,1,Married,17134,6358,1,Y,No,20,3,3,80,3,13,1970-01-01,4,1,3,7,7
44,No,Travel_Rarely,722,Research & Development,8,1,Human Resources,1,3,Female,33,3,4,Healthcare Representative,4,Married,3613,7030,3,Y,No,24,4,1,80,2,19,1970-01-01,4,34,6,6,15
20,No,Non-Travel,971,Sales,20,3,Human Resources,1,4,Male,99,2,1,Laboratory Technician,1,Married,5360,18584,9,Y,No,24,3,1,80,2,14,1970-01-01,1,10,17,4,6
32,No,Non-Travel,557,Research & Development,4,3,Technical Degree,1,1,Female,46,4,2,Sales Representative,3,Single,11341,11672,6,Y,Yes,25,4,1,80,3,18,1970-01-01,4,2,5,9,8
60,No,Travel_Rarely,196,Research & Development,27,5,Technical Degree,1,1,Female,60,1,3,Research Scientist,3,Divorced,11471,12782,9,Y,No,20,3,3,80,3,32,1970-01-01,3,17,11,13,4
44,No,Travel_Frequently,184,Human Resources,9,1,Human Resources,1,1,Male,99,3,3,Research Scientist,4,Married,8965,18749,6,Y,Yes,12,4,3,80,1,7,1970-01-01,1,5,15,10,14
33,Yes,Non-Travel,385,Sales,27,2,Medical,1,2,Male,85,1,2,Laboratory Technician,1,Married,6536,15254,3,Y,Yes,11,3,4,80,3,38,1970-01-01,3,14,12,11,14
40,Yes,Non-Travel,344,Sales,17,4,Human Resources,1,4,Male,83,2,2,Manager,4,Single,2995,24312,9,Y,No,12,3,2,80,3,22,1970-01-01,4,0,5,2,2
51,Yes,Travel_Rarely,963,Human Resources,23,4,Other,1,3,Female,98,1,2,Research Scientist,3,Married,10787,22673,9,Y,No,12,3,4,80,1,30,1970-01-01,4,12,1,10,15
39,No,Non-Travel,958,Sales,20,3,Technical Degree,1,2,Male,46,1,3,Sales Executive,4,Single,6839,24434,7,Y,No,18,3,2,80,1,38,1970-01-01,4,2,18,3,0
32,No,Travel_Rarely,1404,Sales,14,2,Human Resources,1,4,Male,89,1,2,Laboratory Technician,4,Single,16493,22052,3,Y,No,23,3,4,80,3,13,1970-01-01,2,28,13,10,9
60,Yes,Non-Travel,1248,Research & Development,21,1,Marketing,1,2,Male,93,4,3,Sales Executive,1,Divorced,12520,24691,6,Y,No,19,3,4,80,2,32,1970-01-01,1,30,10,9,9
28,Yes,Travel_Rarely,384,Human Resources,11,1,Human Resources,1,1,Female,51,4,5,Sales Representative,2,Married,9623,11215,4,Y,Yes,18,4,1,80,1,14,1970-01-01,1,16,12,14,5
45,No,Travel_Frequently,748,Research & Development,26,2,Technical Degree,1,4,Male,80,2,4,Research Director,1,Single,17093,23603,3,Y,Yes,25,3,3,80,1,25,1970-01-01,4,27,9,7,9
44,No,Travel_Rarely,506,Human Resources,4,5,Marketing,1,2,Male,37,3,5,Sales Executive,3,Married,1405,19840,0,Y,Yes,14,3,2,80,1,20,1970-01-01,4,14,9,6,0
24,No,Travel_Rarely,841,Sales,2,1,Medical,1,1,Male,79,2,2,Research Director,4,Divorced,6095,24046,6,Y,No,13,4,1,80,2,31,1970-01-01,2,23,1,8,9
31,No,Travel_Rarely,338,Human Resources,24,2,Medical,1,1,Female,47,2,3,Healthcare Representative,1,Married,17230,9801,6,Y,Yes,12,3,2,80,3,0,1970-01-01,2,26,12,15,15
28,Yes,Travel_Rarely,742,Sales,2,5,Human Resources,1,2,Female,86,1,3,Research Scientist,3,Single,6963,9786,2,Y,Yes,12,3,4,80,2,6,1970-01-01,3,9,4,1,13
53,Yes,Travel_Frequently,1032,Sales,15,3,Other,1,3,Female,73,3,2,Sales Representative,1,Divorced,11846,3158,4,Y,Yes,19,4,4,80,2,26,1970-01-01,2,27,18,7,16
24,Yes,Travel_Rarely,1018,Sales,25,1,Medical,1,2,Female,57,4,4,Sales Representative,4,Married,4248,17688,6,Y,Yes,21,3,4,80,1,18,1970-01-01,4,28,18,7,17
29,Yes,Travel_Frequently,130,Sales,29,1,Technical Degree,1,3,Female,42,3,2,Manager,4,Divorced,8679,13384,5,Y,Yes,22,4,4,80,0,32,1970-01-01,1,33,7,9,1
22,No,Non-Travel,989,Sales,12,1,Marketing,1,4,Male,88,3,4,Research Director,3,Divorced,16088,7727,8,Y,Yes,19,3,3,80,0,3,1970-01-01,2,1,3,1,14
40,Yes,Travel_Frequently,439,Sales,11,3,Medical,1,1,Male,33,2,3,Sales Executive,2,Divorced,4354,26315,5,Y,Yes,17,3,2,80,3,0,1970-01-01,1,21,10,11,3
26,No,Travel_Rarely,677,Research & Development,23,5,Human Resources,1,1,Male,67,4,5,Research Scientist,2,Married,10508,11169,3,Y,No,13,3,4,80,1,10,1970-01-01,3,39,0,15,9
47,Yes,Non-Travel,321,Sales,3,5,Other,1,3,Female,78,1,1,Sales Representative,1,Married,14938,24969,2,Y,No,22,4,3,80,3,8,1970-01-01,3,34,8,3,1
49,Yes,Non-Travel,585,Research & Development,21,2,Technical Degree,1,3,Male,69,3,2,Laboratory Technician,4,Divorced,5284,26767,6,Y,No,19,3,4,80,2,40,1970-01-01,3,39,10,6,14
51,Yes,Travel_Frequently,683,Human Resources,23,2,Marketing,1,4,Male,98,4,3,Manufacturing Director,3,Divorced,6895,16011,4,Y,Yes,15,3,4,80,3,15,1970-01-01,3,37,0,2,15
57,Yes,Travel_Frequently,891,Research & Development,5,5,Other,1,1,Male,90,3,3,Human Resources,2,Divorced,9923,12897,4,Y,No,25,3,4,80,0,33,1970-01-01,2,3,1,9,7
33,No,Travel_Frequently,631,Research & Development,25,3,Life Sciences,1,3,Male,52,3,1,Healthcare Representative,1,Single,19750,18305,2,Y,Yes,25,3,1,80,1,3,1970-01-01,4,26,1,7,12
34,No,Travel_Rarely,395,Human Resources,20,3,Medical,1,3,Male,57,4,2,Human Resources,4,Divorced,9749,4251,0,Y,No,13,4,4,80,3,8,1970-01-01,4,15,16,8,12
54,No,Travel_Rarely,328,Human Resources,21,4,Marketing,1,2,Female,61,4,3,Laboratory Technician,2,Single,17301,5998,7,Y,No,11,4,4,80,1,5,1970-01-01,1,2,10,5,12
20,Yes,Travel_Rarely,712,Research & Development,28,1,Other,1,3,Male,89,1,4,Laboratory Technician,3,Divorced,11672,10486,4,Y,Yes,19,4,1,80,0,40,1970-01-01,4,13,8,6,5
33,Yes,Travel_Rarely,1419,Research & Development,15,4,Human Resources,1,1,Male,39,1,4,Manufacturing Director,3,Married,18951,23743,0,Y,Yes,20,3,2,80,1,15,1970-01-01,1,18,16,4,0
36,No,Travel_Rarely,344,Research & Development,26,5,Life Sciences,1,2,Male,95,4,1,Manager,3,Married,11448,17686,0,Y,Yes,13,3,3,80,3,2,1970-01-01,4,19,2,0,10
36,Yes,Travel_Rarely,1162,Human Resources,13,5,Technical Degree,1,1,Female,96,2,3,Manufacturing Director,3,Married,3278,23963,1,Y,No,12,3,1,80,3,28,1970-01-01,1,10,1,14,0
55,Yes,Non-Travel,1296,Research & Development,17,2,Human Resources,1,1,Female,74,4,4,Research Director,4,Married,1357,5907,9,Y,No,18,3,2,80,3,14,1970-01-01,4,2,5,14,8
19,No,Travel_Rarely,1297,Human Resources,8,4,Medical,1,1,Female,85,4,2,Laboratory Technician,2,Divorced,15535,26796,1,Y,No,19,3,2,80,1,37,1970-01-01,4,19,4,6,6
46,No,Travel_Frequently,1289,Human Resources,5,1,Technical Degree,1,2,Male,76,3,1,Manufacturing Director,2,Divorced,5451,16699,1,Y,No,12,3,3,80,3,21,1970-01-01,4,8,0,14,16
50,Yes,Travel_Rarely,526,Research & Development,29,1,Human Resources,1,3,Male,94,2,3,Laboratory Technician,2,Single,4598,9633,9,Y,Yes,11,4,2,80,1,11,1970-01-01,3,12,13,12,0
21,No,Non-Travel,151,Research & Development,17,3,Medical,1,4,Male,50,4,1,Human Resources,2,Single,18593,4050,2,Y,Yes,13,3,3,80,0,28,1970-01-01,2,27,4,2,8
56,No,Travel_Frequently,949,Human Resources,13,1,Other,1,2,Male,96,4,5,Healthcare Representative,2,Single,7696,22536,0,Y,No,20,4,2,80,1,14,1970-01-01,3,23,0,0,17
21,Yes,Travel_Rarely,126,Sales,4,4,Life Sciences,1,3,Male,88,1,3,Research Scientist,1,Single,3094,7601,6,Y,Yes,15,3,3,80,3,16,1970-01-01,3,6,2,2,17
60,No,Travel_Rarely,917,Human Resources,6,1,Medical,1,1,Female,73,2,2,Research Director,1,Divorced,5262,21831,4,Y,Yes,18,3,4,80,3,13,1970-01-01,4,26,0,11,14
39,No,Travel_Frequently,830,Sales,11,3,Other,1,4,Female,68,4,1,Laboratory Technician,3,Married,14610,24100,7,Y,Yes,23,4,4,80,2,29,1970-01-01,1,39,9,1,3
43,No,Travel_Frequently,1343,Human Resources,18,3,Medical,1,1,Male,52,3,3,Healthcare Representative,4,Single,7725,15990,4,Y,Yes,19,3,4,80,1,7,1970-01-01,4,15,8,0,5
36,No,Travel_Rarely,949,Human Resources,5,3,Marketing,1,1,Female,92,3,3,Sales Executive,2,Divorced,8284,22995,1,Y,No,17,4,1,80,3,14,1970-01-01,3,0,7,6,7
37,Yes,Travel_Rarely,1467,Research & Development,1,4,Other,1,2,Female,57,3,1,Sales Executive,2,Divorced,6803,3603,5,Y,Yes,25,3,3,80,1,15,1970-01-01,1,31,8,1,12
29,No,Travel_Rarely,1373,Sales,20,2,Life Sciences,1,4,Female,31,4,1,Manufacturing Director,3,Single,6097,11855,8,Y,Yes,12,4,4,80,2,37,1970-01-01,4,21,7,13,7
48,No,Travel_Frequently,1285,Human Resources,11,2,Life Sciences,1,2,Female,77,1,3,Sales Executive,2,Divorced,10655,21339,0,Y,Yes,12,4,4,80,1,19,1970-01-01,3,12,9,13,6
35,Yes,Non-Travel,988,Human Resources,6,3,Marketing,1,2,Female,56,1,4,Healthcare Representative,3,Divorced,9803,2925,5,Y,No,16,4,1,80,1,26,1970-01-01,4,3,14,12,8
22,No,Travel_Frequently,576,Research & Development,18,2,Marketing,1,1,Male,35,3,5,Manager,3,Single,7594,26891,2,Y,Yes,19,4,3,80,2,13,1970-01-01,2,32,4,2,5
46,No,Travel_Rarely,1053,Human Resources,17,1,Human Resources,1,2,Male,40,2,5,Manufacturing Director,4,Married,18074,10269,5,Y,No,25,3,4,80,1,35,1970-01-01,1,3,15,11,16
53,No,Travel_Rarely,121,Sales,18,5,Technical Degree,1,3,Male,85,1,2,Sales Representative,4,Married,2376,13990,1,Y,No,15,4,4,80,0,33,1970-01-01,4,17,14,3,10
37,No,Travel_Rarely,568,Research & Development,5,1,Life Sciences,1,1,Female,37,3,3,Healthcare Representative,1,Married,8876,20103,0,Y,No,15,4,1,80,3,1,1970-01-01,1,36,10,10,1
60,No,Non-Travel,1453,Human Resources,4,4,Other,1,3,Female,32,3,1,Human Resources,4,Divorced,3676,11178,9,Y,No,15,3,3,80,1,31,1970-01-01,1,27,1,14,10
55,Yes,Non-Travel,1200,Research & Development,21,2,Technical Degree,1,2,Female,70,3,1,Sales Representative,4,Married,19691,17765,3,Y,No,23,3,2,80,1,23,1970-01-01,2,2,4,12,16
18,No,Non-Travel,737,Sales,24,3,Marketing,1,3,Male,70,1,5,Research Scientist,4,Single,12224,2231,7,Y,No,22,3,4,80,0,20,1970-01-01,3,21,0,0,9
43,Yes,Travel_Frequently,395,Human Resources,4,5,Marketing,1,1,Female,42,2,4,Sales Representative,3,Single,5209,25172,3,Y,No,11,3,3,80,1,18,1970-01-01,2,40,18,2,6
58,No,Travel_Frequently,670,Human Resources,5,4,Marketing,1,2,Male,40,2,1,Laboratory Technician,2,Single,17770,20019,6,Y,No,16,3,2,80,3,3,1970-01-01,1,25,5,6,9
49,No,Travel_Frequently,1144,Research & Development,8,3,Life Sciences,1,4,Male,57,3,2,Sales Executive,1,Single,10427,21248,0,Y,No,11,3,1,80,2,11,1970-01-01,3,32,0,13,6
48,No,Travel_Frequently,844,Sales,24,5,Technical Degree,1,1,Male,61,1,4,Human Resources,3,Divorced,15510,12035,1,Y,Yes,15,4,1,80,0,8,1970-01-01,3,35,6,12,8
52,Yes,Travel_Rarely,691,Human Resources,21,1,Medical,1,3,Male,86,4,5,Sales Representative,2,Divorced,7654,21118,7,Y,No,15,4,2,80,3,3,1970-01-01,1,34,10,14,14
32,No,Travel_Rarely,377,Human Resources,16,5,Marketing,1,2,Female,48,1,3,Sales Representative,2,Divorced,16898,11020,3,Y,Yes,16,3,4,80,0,40,1970-01-01,4,18,4,13,7
20,Yes,Travel_Rarely,1214,Research & Development,28,2,Marketing,1,3,Female,48,1,2,Sales Representative,2,Divorced,7622,10659,2,Y,Yes,19,4,4,80,3,40,1970-01-01,3,1,0,14,3
28,Yes,Travel_Rarely,379,Research & Development,16,2,Marketing,1,1,Female,80,2,2,Research Scientist,2,Married,17209,6872,5,Y,No,25,3,2,80,1,31,1970-01-01,2,31,11,9,14
18,Yes,Non-Travel,1201,Sales,18,2,Other,1,1,Female,50,4,1,Sales Executive,1,Divorced,12621,3310,7,Y,Yes,16,4,4,80,3,14,1970-01-01,2,20,15,14,9
54,No,Travel_Frequently,1160,Research & Development,12,1,Other,1,1,Female,63,1,3,Sales Representative,2,Married,14752,6035,5,Y,Yes,13,4,2,80,0,14,1970-01-01,4,13,10,13,3
50,No,Travel_Frequently,1330,Sales,14,1,Other,1,4,Male,32,2,4,Research Director,4,Married,4250,11921,9,Y,Yes,19,3,2,80,2,29,1970-01-01,1,23,3,13,15
24,Yes,Travel_Rarely,698,Human Resources,7,3,Technical Degree,1,3,Male,50,1,5,Laboratory Technician,4,Single,4779,18093,0,Y,Yes,11,3,1,80,0,5,1970-01-01,1,25,16,3,0
56,Yes,Non-Travel,1092,Research & Development,5,3,Life Sciences,1,3,Female,70,3,2,Sales Representative,1,Single,7841,22601,4,Y,Yes,13,3,4,80,1,34,1970-01-01,4,37,17,7,5
45,No,Travel_Frequently,189,Human Resources,4,1,Medical,1,3,Female,85,2,5,Research Scientist,3,Married,18315,8590,9,Y,Yes,12,3,2,80,3,36,1970-01-01,4,18,7,10,5
40,Yes,Non-Travel,1171,Research & Development,22,2,Marketing,1,2,Female,74,1,1,Research Director,3,Married,3195,23953,5,Y,Yes,14,3,2,80,1,21,1970-01-01,2,28,9,2,13
60,Yes,Travel_Rarely,602,Research & Development,7,5,Technical Degree,1,3,Female,82,4,4,Sales Representative,1,Married,14627,3298,5,Y,No,22,4,3,80,2,24,1970-01-01,3,22,4,10,5
43,No,Travel_Rarely,1433,Human Resources,1,2,Life Sciences,1,2,Male,96,4,1,Sales Executive,3,Married,19780,22367,7,Y,Yes,23,3,3,80,2,18,1970-01-01,1,18,5,5,7
26,No,Travel_Rarely,1499,Research & Development,23,3,Marketing,1,2,Female,77,1,4,Human Resources,1,Divorced,11315,18576,4,Y,Yes,12,4,1,80,3,23,1970-01-01,2,40,10,10,13
38,No,Non-Travel,609,Human Resources,1,4,Marketing,1,1,Male,32,3,4,Manager,3,Married,3382,7827,6,Y,No,21,4,1,80,2,36,1970-01-01,2,31,1,3,7
38,No,Non-Travel,528,Human Resources,16,1,Marketing,1,3,Male,77,2,1,Research Director,1,Single,13705,9524,1,Y,Yes,20,4,4,80,0,0,1970-01-01,3,25,16,4,16
23,No,Travel_Rarely,207,Research & Development,11,3,Marketing,1,4,Female,68,4,2,Research Scientist,1,Married,16516,11234,3,Y,Yes,21,4,1,80,1,36,1970-01-01,4,39,7,0,2
40,Yes,Travel_Rarely,940,Research & Development,29,3,Technical Degree,1,2,Female,59,1,5,Healthcare Representative,2,Single,14102,21486,3,Y,Yes,16,3,4,80,0,17,1970-01-01,4,4,12,6,7
32,Yes,Travel_Frequently,1426,Human Resources,27,4,Marketing,1,3,Female,65,1,5,Sales Representative,4,Single,12880,16464,7,Y,Yes,21,3,1,80,2,32,1970-01-01,4,19,7,1,0
36,No,Non-Travel,158,Human Resources,7,1,Medical,1,2,Female,100,4,3,Manager,3,Divorced,15791,12622,3,Y,No,24,4,1,80,0,19,1970-01-01,2,32,14,7,6
40,No,Travel_Rarely,1495,Human Resources,20,5,Human Resources,1,1,Female,86,2,2,Research Director,1,Divorced,7381,18861,1,Y,Yes,17,3,2,80,1,3,1970-01-01,3,39,4,6,4
26,Yes,Travel_Rarely,749,Human Resources,11,1,Other,1,2,Male,56,4,2,Laboratory Technician,3,Married,5021,8910,5,Y,Yes,11,4,2,80,0,30,1970-01-01,4,17,3,9,15
44,Yes,Travel_Frequently,1253,Human Resources,12,5,Medical,1,2,Male,48,2,3,Laboratory Technician,1,Divorced,15878,13497,6,Y,No,20,4,2,80,0,28,1970-01-01,1,35,12,0,5
54,Yes,Non-Travel,1419,Sales,8,2,Life Sciences,1,3,Female,50,2,4,Sales Representative,2,Divorced,5979,26446,0,Y,No,17,3,2,80,1,32,1970-01-01,2,12,12,14,7
57,No,Non-Travel,857,Sales,7,1,Medical,1,2,Female,90,2,4,Laboratory Technician,4,Divorced,3994,20408,8,Y,Yes,24,4,2,80,2,3,1970-01-01,3,26,15,14,6
52,No,Travel_Rarely,547,Research & Development,17,1,Other,1,3,Female,78,3,2,Sales Executive,1,Divorced,18707,10003,4,Y,Yes,19,4,1,80,1,37,1970-01-01,4,16,15,9,3
35,Yes,Non-Travel,199,Human Resources,18,2,Marketing,1,2,Male,38,1,4,Human Resources,3,Married,1844,19608,9,Y,No,21,4,2,80,3,37,1970-01-01,3,32,15,5,3
54,No,Non-Travel,1072,Sales,1,4,Marketing,1,4,Male,90,2,5,Manufacturing Director,4,Married,1701,18239,8,Y,No,11,4,1,80,0,5,1970-01-01,3,4,6,11,12
51,No,Travel_Rarely,918,Research & Development,3,2,Technical Degree,1,4,Male,55,3,2,Sales Executive,4,Single,8461,18599,6,Y,No,16,3,3,80,3,39,1970-01-01,4,6,6,15,17
54,No,Non-Travel,907,Research & Development,25,3,Life Sciences,1,3,Male,81,3,1,Research Scientist,2,Single,16094,9467,8,Y,No,22,3,4,80,1,10,1970-01-01,1,5,4,12,4
37,No,Non-Travel,1018,Sales,18,1,Technical Degree,1,2,Male,72,4,4,Sales Representative,3,Divorced,9093,8478,4,Y,Yes,15,4,1,80,1,11,1970-01-01,3,36,13,7,2
53,No,Travel_Rarely,1441,Human Resources,27,1,Human Resources,1,1,Male,40,4,5,Healthcare Representative,3,Single,12459,21230,5,Y,Yes,23,4,1,80,0,34,1970-01-01,1,7,10,13,16
35,Yes,Non-Travel,1186,Research & Development,21,5,Other,1,2,Female,58,4,3,Sales Executive,3,Single,11585,20019,8,Y,No,12,3,2,80,1,24,1970-01-01,2,7,13,4,5
18,No,Non-Travel,612,Research & Development,17,4,Life Sciences,1,3,Male,79,4,2,Laboratory Technician,2,Divorced,18869,4173,9,Y,No,19,3,2,80,2,24,1970-01-01,4,17,17,12,3
34,Yes,Non-Travel,1094,Human Resources,26,3,Other,1,2,Male,43,1,2,Sales Representative,3,Single,8103,5994,8,Y,Yes,17,3,4,80,1,10,1970-01-01,4,8,10,15,4
51,Yes,Travel_Rarely,1246,Sales,28,1,Life Sciences,1,1,Male,46,2,3,Laboratory Technician,1,Married,3006,8683,2,Y,No,17,3,2,80,0,18,1970-01-01,2,14,8,3,16
46,Yes,Non-Travel,1425,Research & Development,22,4,Marketing,1,1,Female,45,1,2,Laboratory Technician,2,Divorced,7378,20161,7,Y,Yes,25,4,4,80,3,36,1970-01-01,2,1,6,6,7
36,No,Travel_Frequently,554,Research & Development,9,1,Life Sciences,1,3,Male,78,3,2,Sales Executive,1,Divorced,18536,8463,0,Y,Yes,13,4,4,80,1,24,1970-01-01,1,28,10,8,15
35,No,Non-Travel,1063,Human Resources,29,4,Life Sciences,1,2,Male,89,4,2,Sales Representative,2,Divorced,4509,15534,3,Y,Yes,25,4,1,80,3,9,1970-01-01,1,11,7,13,4
19,Yes,Travel_Rarely,1394,Sales,27,3,Other,1,1,Female,85,2,5,Manufacturing Director,4,Married,7207,2641,3,Y,No,23,3,1,80,3,37,1970-01-01,3,29,7,10,6
52,No,Non-Travel,536,Sales,23,1,Life Sciences,1,2,Female,44,3,5,Manager,4,Single,3983,6150,8,Y,No,17,4,2,80,1,22,1970-01-01,2,12,11,14,16
38,Yes,Non-Travel,204,Human Resources,12,3,Marketing,1,1,Male,39,2,4,Sales Representative,1,Single,2325,19225,5,Y,Yes,19,4,1,80,1,27,1970-01-01,4,20,6,0,1
48,No,Non-Travel,475,Human Resources,11,4,Human Resources,1,4,Female,84,4,2,Human Resources,1,Divorced,2235,16869,4,Y,Yes,12,4,1,80,1,26,1970-01-01,2,15,17,1,6
60,No,Travel_Frequently,651,Sales,7,5,Human Resources,1,4,Female,89,2,5,Sales Representative,3,Single,13083,11327,3,Y,No,23,4,3,80,2,13,1970-01-01,2,40,3,8,9
18,No,Travel_Rarely,1222,Sales,14,1,Life Sciences,1,2,Female,98,2,2,Sales Executive,2,Married,6411,19153,9,Y,No,16,3,2,80,2,16,1970-01-01,1,8,10,5,12
40,No,Travel_Rarely,1214,Research & Development,20,4,Marketing,1,3,Female,31,2,4,Manager,1,Single,10477,14164,4,Y,Yes,16,4,4,80,0,35,1970-01-01,2,22,6,4,2
23,No,Travel_Frequently,253,Sales,10,5,Life Sciences,1,3,Male,39,4,1,Sales Executive,1,Divorced,12130,16189,8,Y,No,12,3,3,80,2,2,1970-01-01,1,0,10,10,9
55,No,Non-Travel,1054,Sales,20,3,Other,1,3,Female,75,3,1,Research Scientist,3,Single,13451,25584,0,Y,No,13,3,2,80,1,9,1970-01-01,3,21,12,10,17
45,No,Travel_Frequently,689,Human Resources,24,5,Technical Degree,1,2,Male,80,4,2,Human Resources,2,Married,9871,12374,0,Y,No,22,3,2,80,2,25,1970-01-01,1,13,15,15,16
41,No,Travel_Rarely,1281,Research & Development,19,5,Other,1,2,Male,33,1,2,Manufacturing Director,4,Divorced,6823,13255,9,Y,No,23,3,4,80,1,6,1970-01-01,3,20,15,7,8
22,No,Travel_Rarely,391,Human Resources,28,4,Human Resources,1,2,Female,93,1,2,Manufacturing Director,2,Married,3732,24867,8,Y,No,16,3,4,80,1,35,1970-01-01,4,36,11,6,12
44,No,Travel_Frequently,329,Sales,16,3,Marketing,1,3,Female,47,3,2,Healthcare Representative,3,Divorced,7867,5486,8,Y,No,11,4,2,80,3,39,1970-01-01,1,24,12,6,0
59,No,Non-Travel,579,Human Resources,15,4,Medical,1,4,Female,95,1,2,Sales Executive,3,Divorced,7781,18274,9,Y,No,19,4,2,80,0,32,1970-01-01,2,35,14,7,5
33,No,Non-Travel,1421,Sales,24,5,Human Resources,1,3,Female,44,1,2,Research Scientist,1,Married,6339,17579,8,Y,Yes,17,4,2,80,2,12,1970-01-01,1,21,16,9,6
53,No,Travel_Rarely,698,Research & Development,12,4,Other,1,4,Male,44,3,1,Healthcare Representative,3,Divorced,13248,12528,0,Y,Yes,11,4,1,80,2,35,1970-01-01,2,7,13,11,11
47,Yes,Non-Travel,170,Sales,9,2,Technical Degree,1,3,Male,88,4,1,Manufacturing Director,3,Divorced,8209,2223,0,Y,No,17,3,2,80,2,26,1970-01-01,3,0,10,2,0
43,No,Non-Travel,1471,Human Resources,4,1,Human Resources,1,3,Male,40,2,2,Manufacturing Director,2,Divorced,17006,12695,7,Y,Yes,16,3,4,80,0,14,1970-01-01,4,20,12,6,8
53,No,Non-Travel,1071,Research & Development,4,1,Other,1,1,Female,51,4,5,Human Resources,1,Married,8706,21548,5,Y,Yes,13,3,2,80,0,32,1970-01-01,1,7,0,10,0
23,Yes,Travel_Rarely,281,Human Resources,2,2,Marketing,1,2,Male,73,1,5,Manager,3,Single,2724,19919,7,Y,Yes,21,3,3,80,1,23,1970-01-01,2,40,0,7,14
43,Yes,Non-Travel,773,Sales,23,3,Life Sciences,1,4,Female,83,3,3,Research Director,4,Divorced,8688,2305,5,Y,No,21,3,1,80,3,35,1970-01-01,1,28,13,12,15
27,Yes,Non-Travel,934,Research & Development,3,4,Life Sciences,1,2,Female,89,3,2,Laboratory Technician,2,Single,18461,26615,3,Y,No,20,3,4,80,1,11,1970-01-01,4,20,14,1,12
28,No,Travel_Frequently,1023,Human Resources,10,4,Medical,1,4,Female,46,4,3,Human Resources,1,Single,11980,16029,7,Y,No,18,3,1,80,3,13,1970-01-01,2,6,3,15,5
18,No,Travel_Rarely,1428,Human Resources,10,5,Technical Degree,1,1,Female,45,4,2,Healthcare Representative,2,Divorced,2693,12058,5,Y,No,22,4,4,80,0,24,1970-01-01,4,21,18,8,3
18,Yes,Travel_Rarely,294,Human Resources,5,4,Other,1,3,Female,31,1,2,Research Director,2,Divorced,15588,21952,3,Y,No,15,3,2,80,1,10,1970-01-01,2,15,10,9,3
54,Yes,Travel_Rarely,666,Human Resources,19,2,Other,1,2,Female,50,2,3,Sales Representative,3,Married,16419,9672,0,Y,No,11,4,1,80,1,14,1970-01-01,3,11,17,12,11
26,Yes,Travel_Rarely,269,Human Resources,7,5,Life Sciences,1,4,Male,91,2,3,Manager,3,Single,4356,21618,1,Y,Yes,16,4,1,80,1,37,1970-01-01,3,35,8,11,4
46,No,Travel_Frequently,111,Research & Development,10,2,Human Resources,1,1,Male,47,1,2,Healthcare Representative,4,Divorced,14393,10826,2,Y,No,23,3,2,80,1,21,1970-01-01,4,19,18,15,3
34,Yes,Travel_Rarely,322,Research & Development,9,3,Other,1,3,Male,42,4,2,Manufacturing Director,1,Divorced,5102,18860,5,Y,No,19,3,1,80,3,16,1970-01-01,2,11,13,7,10
50,Yes,Travel_Frequently,146,Research & Development,27,2,Medical,1,3,Female,85,1,4,Sales Executive,3,Divorced,18921,22681,4,Y,No,25,4,1,80,2,37,1970-01-01,4,4,7,2,15
19,Yes,Travel_Rarely,143,Human Resources,1,2,Medical,1,4,Male,91,1,4,Sales Representative,1,Married,14151,13270,2,Y,No,12,4,2,80,2,8,1970-01-01,4,9,12,1,7
45,Yes,Travel_Rarely,572,Human Resources,27,5,Human Resources,1,2,Female,52,3,3,Human Resources,1,Single,7255,16058,2,Y,Yes,15,3,4,80,1,8,1970-01-01,2,28,11,0,5
40,No,Travel_Frequently,1492,Research & Development,1,5,Technical Degree,1,4,Female,69,4,5,Manufacturing Director,2,Single,7012,6952,7,Y,No,15,3,3,80,3,29,1970-01-01,1,26,4,1,5
56,Yes,Non-Travel,136,Research & Development,3,5,Life Sciences,1,1,Female,31,1,2,Laboratory Technician,4,Divorced,1664,15581,7,Y,Yes,25,3,2,80,1,33,1970-01-01,1,4,7,3,10
47,No,Travel_Frequently,611,Sales,15,2,Human Resources,1,2,Male,58,4,3,Manager,2,Divorced,19916,17501,2,Y,No,20,4,2,80,0,32,1970-01-01,4,5,16,7,17
52,No,Non-Travel,543,Sales,5,2,Human Resources,1,2,Female,79,2,3,Sales Representative,1,Married,19736,19979,4,Y,Yes,15,3,2,80,2,8,1970-01-01,2,15,6,11,9
34,Yes,Travel_Frequently,657,Sales,18,5,Marketing,1,4,Male,81,3,1,Manager,3,Single,8921,2710,9,Y,Yes,17,4,4,80,0,4,1970-01-01,3,23,14,5,0
23,Yes,Non-Travel,829,Human Resources,8,2,Human Resources,1,2,Male,58,1,1,Human Resources,3,Married,15044,14523,4,Y,Yes,19,4,1,80,2,12,1970-01-01,3,31,16,15,11
18,No,Non-Travel,328,Research & Development,29,4,Life Sciences,1,2,Male,30,1,1,Research Scientist,4,Single,18191,26933,8,Y,No,22,4,3,80,2,38,1970-01-01,2,32,11,12,16
26,No,Travel_Rarely,760,Sales,11,1,Other,1,2,Female,46,2,3,Laboratory Technician,1,Single,18074,21470,7,Y,No,13,3,3,80,3,8,1970-01-01,4,24,8,6,17
57,No,Travel_Frequently,970,Sales,18,3,Marketing,1,1,Female,42,2,5,Human Resources,4,Single,11608,25749,9,Y,No,17,3,2,80,1,7,1970-01-01,3,24,16,1,10
39,Yes,Travel_Frequently,1203,Sales,11,3,Life Sciences,1,4,Female,60,2,2,Manufacturing Director,1,Single,11690,25209,6,Y,Yes,24,4,4,80,1,27,1970-01-01,1,37,10,12,3
38,No,Non-Travel,185,Human Resources,2,4,Other,1,2,Female,60,2,4,Laboratory Technician,2,Divorced,8136,18449,3,Y,No,17,3,4,80,3,0,1970-01-01,1,7,1,13,0
47,No,Travel_Frequently,1061,Research & Development,10,2,Technical Degree,1,2,Female,70,1,2,Research Scientist,1,Married,3939,13226,8,Y,No,19,4,2,80,0,1,1970-01-01,3,16,15,14,13
54,Yes,Travel_Rarely,687,Sales,15,5,Technical Degree,1,2,Male,83,1,4,Research Director,3,Single,5642,8064,0,Y,Yes,16,4,3,80,0,10,1970-01-01,1,7,14,3,12
48,Yes,Travel_Rarely,1083,Sales,19,2,Human Resources,1,1,Male,33,2,2,Healthcare Representative,3,Single,15785,16068,2,Y,Yes,17,4,1,80,3,17,1970-01-01,4,19,0,5,10
58,No,Travel_Frequently,878,Sales,9,5,Medical,1,3,Female,69,2,3,Sales Executive,2,Single,10956,19666,7,Y,Yes,18,4,3,80,2,5,1970-01-01,1,10,4,6,6
32,Yes,Travel_Frequently,484,Research & Development,5,1,Technical Degree,1,2,Male,100,2,4,Sales Executive,4,Divorced,12280,7719,6,Y,No,25,3,2,80,1,32,1970-01-01,2,11,18,11,9
23,No,Non-Travel,1366,Human Resources,12,5,Technical Degree,1,2,Female,59,1,2,Research Scientist,2,Married,15797,4008,1,Y,Yes,22,4,3,80,1,18,1970-01-01,1,23,11,3,3
40,No,Non-Travel,1338,Human Resources,11,1,Life Sciences,1,4,Male,90,4,4,Sales Executive,4,Married,16530,14821,0,Y,Yes,24,4,2,80,3,1,1970-01-01,2,4,4,6,9
29,Yes,Travel_Rarely,834,Research & Development,18,3,Life Sciences,1,3,Female,93,1,5,Manufacturing Director,1,Married,19190,24988,9,Y,Yes,13,4,2,80,1,26,1970-01-01,2,28,6,4,11
18,No,Travel_Rarely,270,Research & Development,19,1,Human Resources,1,3,Female,82,2,3,Manufacturing Director,1,Married,4011,19090,4,Y,Yes,20,3,2,80,3,9,1970-01-01,2,21,15,15,14
27,Yes,Non-Travel,585,Sales,22,5,Other,1,2,Female,83,2,1,Sales Representative,4,Divorced,16740,6645,6,Y,No,17,4,2,80,3,24,1970-01-01,4,26,17,3,12
56,No,Non-Travel,1199,Research & Development,21,4,Life Sciences,1,2,Male,49,4,5,Sales Executive,4,Single,15235,26221,1,Y,Yes,21,3,3,80,3,12,1970-01-01,2,27,15,10,10
20,No,Non-Travel,1221,Research & Development,5,5,Medical,1,2,Female,61,4,3,Laboratory Technician,3,Married,14444,25286,6,Y,Yes,20,3,3,80,0,24,1970-01-01,3,21,1,13,13
28,No,Travel_Rarely,666,Research & Development,12,5,Other,1,3,Male,96,4,4,Human Resources,1,Married,18207,2230,4,Y,No,21,4,3,80,1,0,1970-01-01,2,2,3,6,13
39,Yes,Travel_Frequently,279,Human Resources,22,5,Technical Degree,1,1,Female,60,1,5,Research Director,1,Divorced,2339,23501,4,Y,No,21,3,1,80,2,9,1970-01-01,3,24,16,1,0
25,Yes,Non-Travel,1490,Human Resources,6,3,Marketing,1,1,Female,75,2,5,Manager,3,Divorced,6245,18520,9,Y,No,17,3,2,80,3,40,1970-01-01,1,1,15,3,11
54,Yes,Non-Travel,444,Human Resources,26,5,Marketing,1,2,Female,96,3,4,Manufacturing Director,2,Divorced,19501,8322,0,Y,No,16,4,3,80,1,35,1970-01-01,3,3,13,5,9
20,No,Travel_Rarely,401,Human Resources,11,1,Life Sciences,1,1,Female,73,2,4,Manager,3,Married,17121,3213,6,Y,Yes,14,4,4,80,1,6,1970-01-01,3,7,7,5,0
47,No,Travel_Rarely,179,Human Resources,29,1,Life Sciences,1,2,Male,85,2,5,Laboratory Technician,2,Single,15100,22511,0,Y,No,21,4,1,80,2,7,1970-01-01,3,34,17,6,8
39,No,Travel_Rarely,933,Sales,7,4,Life Sciences,1,4,Female,66,2,5,Manufacturing Director,4,Single,10180,11803,7,Y,Yes,11,3,4,80,2,16,1970-01-01,1,30,3,7,1
42,Yes,Travel_Frequently,1201,Research & Development,5,3,Technical Degree,1,4,Male,95,4,1,Sales Executive,3,Married,14578,7135,7,Y,Yes,13,4,1,80,0,21,1970-01-01,2,38,4,11,2
46,No,Travel_Rarely,862,Sales,24,5,Other,1,4,Female,59,1,1,Healthcare Representative,2,Married,7580,7127,6,Y,No,24,4,1,80,3,0,1970-01-01,1,40,14,8,5
39,Yes,Travel_Rarely,848,Human Resources,18,2,Marketing,1,2,Male,40,4,2,Sales Executive,1,Married,5060,21875,4,Y,No,22,3,4,80,3,16,1970-01-01,3,10,16,1,5
46,Yes,Travel_Frequently,985,Research & Development,16,4,Marketing,1,1,Female,53,4,4,Manufacturing Director,3,Single,12773,13964,3,Y,No,14,3,2,80,2,4,1970-01-01,3,31,8,8,2
46,No,Non-Travel,256,Human Resources,21,1,Technical Degree,1,2,Male,86,2,5,Human Resources,1,Married,7786,26653,7,Y,No,25,4,4,80,0,25,1970-01-01,4,26,6,8,6
27,No,Travel_Rarely,385,Human Resources,2,2,Life Sciences,1,3,Male,55,3,1,Healthcare Representative,3,Married,11420,10036,4,Y,No,12,4,2,80,1,3,1970-01-01,2,37,1,15,11
54,No,Travel_Frequently,1011,Human Resources,17,1,Medical,1,4,Female,94,2,2,Healthcare Representative,1,Single,7625,24425,0,Y,No,21,4,3,80,3,39,1970-01-01,2,13,11,5,11
37,Yes,Travel_Rarely,121,Sales,12,2,Medical,1,3,Female,86,4,3,Manufacturing Director,4,Single,9633,3845,9,Y,No,20,4,2,80,2,11,1970-01-01,4,12,2,10,9
46,Yes,Travel_Frequently,1440,Research & Development,20,5,Medical,1,1,Female,93,4,2,Manager,2,Divorced,13521,18710,5,Y,Yes,13,3,1,80,3,4,1970-01-01,4,30,0,13,17
30,Yes,Travel_Rarely,623,Human Resources,9,4,Life Sciences,1,3,Female,61,2,3,Laboratory Technician,1,Single,3493,15609,9,Y,Yes,17,3,2,80,1,21,1970-01-01,2,2,2,6,2
31,No,Travel_Rarely,1054,Sales,11,4,Marketing,1,4,Male,57,4,2,Human Resources,4,Married,13747,15009,9,Y,No,22,3,2,80,1,17,1970-01-01,3,0,9,12,16
39,No,Travel_Frequently,252,Sales,28,4,Technical Degree,1,3,Female,92,4,3,Manager,3,Divorced,19205,10012,2,Y,No,25,3,2,80,1,30,1970-01-01,1,21,13,7,4
22,No,Non-Travel,268,Human Resources,9,3,Human Resources,1,4,Male,55,4,1,Research Scientist,3,Single,19931,17757,8,Y,No,22,4,4,80,0,9,1970-01-01,3,26,13,1,10
40,Yes,Travel_Frequently,185,Research & Development,21,5,Medical,1,3,Female,73,1,4,Sales Representative,1,Single,9498,20136,2,Y,No,20,3,3,80,1,4,1970-01-01,3,36,14,6,6
26,Yes,Travel_Rarely,1200,Sales,2,4,Human Resources,1,4,Male,74,4,3,Research Director,2,Single,15146,24763,2,Y,Yes,17,4,2,80,2,4,1970-01-01,4,18,7,12,16
28,No,Non-Travel,945,Research & Development,11,5,Life Sciences,1,3,Male,40,1,3,Manufacturing Director,3,Married,16797,26598,1,Y,No,14,4,4,80,2,28,1970-01-01,4,13,3,5,16
29,No,Non-Travel,1482,Sales,8,1,Other,1,3,Female,95,1,1,Research Director,3,Divorced,3578,14744,4,Y,Yes,14,4,2,80,1,2,1970-01-01,2,25,10,8,17
40,Yes,Non-Travel,431,Human Resources,6,5,Human Resources,1,2,Female,83,3,3,Research Director,1,Divorced,12492,2283,4,Y,Yes,20,4,1,80,3,27,1970-01-01,4,11,13,7,13
29,No,Non-Travel,1140,Research & Development,14,5,Medical,1,4,Male,52,1,3,Sales Representative,4,Single,9244,22599,6,Y,No,23,3,4,80,3,21,1970-01-01,2,36,15,5,7
42,Yes,Travel_Rarely,1055,Human Resources,18,4,Marketing,1,4,Female,59,4,3,Human Resources,2,Divorced,17269,17075,5,Y,Yes,25,3,1,80,3,35,1970-01-01,4,17,10,10,11
22,No,Travel_Rarely,1041,Sales,19,5,Life Sciences,1,4,Female,83,2,3,Manager,1,Divorced,7028,9807,1,Y,No,25,3,1,80,1,38,1970-01-01,2,39,3,10,3
26,Yes,Non-Travel,518,Human Resources,29,1,Life Sciences,1,2,Female,67,4,4,Laboratory Technician,2,Married,11336,11584,8,Y,No,15,4,4,80,3,28,1970-01-01,2,37,1,3,0
58,No,Non-Travel,1027,Research & Development,1,5,Medical,1,1,Male,65,4,3,Laboratory Technician,4,Married,7023,13749,1,Y,Yes,22,3,3,80,3,0,1970-01-01,4,11,7,14,1
29,Yes,Travel_Frequently,1490,Research & Development,19,4,Life Sciences,1,1,Male,50,4,2,Laboratory Technician,4,Single,15850,23733,7,Y,Yes,14,4,4,80,3,24,1970-01-01,4,28,0,14,3
38,No,Travel_Rarely,341,Sales,2,1,Other,1,3,Female,62,4,1,Healthcare Representative,1,Single,4214,2571,5,Y,Yes,15,4,3,80,2,29,1970-01-01,4,4,2,11,9
28,Yes,Non-Travel,326,Sales,23,2,Life Sciences,1,4,Female,50,1,3,Laboratory Technician,2,Divorced,11432,15364,1,Y,No,13,3,2,80,0,3,1970-01-01,2,23,17,3,7
58,Yes,Travel_Frequently,1408,Human Resources,17,5,Other,1,1,Male,57,3,2,Research Director,1,Single,8853,21364,7,Y,Yes,11,3,1,80,1,9,1970-01-01,4,16,9,12,8
20,Yes,Non-Travel,420,Research & Development,14,3,Marketing,1,3,Female,45,1,5,Sales Representative,3,Single,8051,21809,2,Y,Yes,21,3,3,80,2,39,1970-01-01,4,40,14,9,3
43,No,Travel_Rarely,910,Sales,15,3,Medical,1,1,Male,81,2,1,Research Director,1,Divorced,12802,6200,0,Y,Yes,22,4,2,80,3,1,1970-01-01,1,27,18,1,16
18,Yes,Travel_Rarely,1115,Research & Development,13,1,Medical,1,1,Male,73,3,4,Human Resources,4,Single,3579,21006,5,Y,Yes,13,3,1,80,1,13,1970-01-01,1,8,14,6,4
23,Yes,Travel_Frequently,1150,Human Resources,3,5,Human Resources,1,1,Male,62,4,5,Research Director,4,Single,19156,19475,6,Y,No,14,4,1,80,0,28,1970-01-01,3,30,16,9,9
32,No,Non-Travel,355,Research & Development,17,5,Technical Degree,1,4,Female,72,1,5,Sales Representative,2,Single,17373,12928,4,Y,Yes,23,3,3,80,3,28,1970-01-01,3,26,14,0,0
38,No,Travel_Rarely,151,Research & Development,21,4,Technical Degree,1,1,Male,63,3,1,Laboratory Technician,4,Divorced,1564,20061,1,Y,Yes,20,4,4,80,0,23,1970-01-01,2,34,14,15,9
48,Yes,Non-Travel,1401,Research & Development,27,2,Life Sciences,1,4,Female,57,2,4,Research Director,2,Divorced,3185,9419,6,Y,Yes,18,3,1,80,0,6,1970-01-01,4,18,5,2,7
58,No,Travel_Rarely,1316,Sales,22,3,Marketing,1,2,Male,89,2,3,Healthcare Representative,3,Single,19251,15122,0,Y,No,13,3,3,80,3,32,1970-01-01,2,11,17,6,15
36,No,Non-Travel,523,Research & Development,21,2,Marketing,1,1,Male,75,1,3,Sales Representative,2,Married,14395,10937,0,Y,No,25,3,2,80,1,23,1970-01-01,3,8,12,9,12
55,Yes,Non-Travel,1115,Research & Development,23,5,Other,1,2,Male,84,4,3,Manager,1,Single,13815,19694,7,Y,Yes,22,4,3,80,3,9,1970-01-01,3,5,11,3,13
48,Yes,Travel_Frequently,148,Research & Development,2,1,Medical,1,4,Female,68,3,4,Manager,1,Single,10553,8605,1,Y,No,14,4,2,80,1,31,1970-01-01,3,4,14,15,1
49,No,Travel_Frequently,750,Research & Development,20,2,Technical Degree,1,3,Male,51,4,5,Research Scientist,4,Married,18636,6125,6,Y,Yes,21,3,3,80,2,39,1970-01-01,2,30,12,9,0
22,Yes,Travel_Frequently,838,Sales,19,3,Medical,1,3,Male,84,3,2,Manager,3,Divorced,12848,24991,9,Y,No,23,3,2,80,2,26,1970-01-01,4,4,9,13,7
45,No,Travel_Rarely,1246,Human Resources,14,1,Life Sciences,1,2,Male,100,4,2,Laboratory Technician,1,Single,1047,25083,2,Y,No,12,4,1,80,3,7,1970-01-01,3,13,4,15,3
60,Yes,Travel_Rarely,952,Human Resources,9,2,Human Resources,1,4,Male,61,1,4,Sales Executive,2,Divorced,17837,8871,7,Y,Yes,21,3,3,80,3,36,1970-01-01,2,17,18,4,4
25,No,Travel_Rarely,159,Sales,26,1,Technical Degree,1,4,Female,53,2,5,Research Director,1,Divorced,15842,10533,8,Y,No,20,4,1,80,0,31,1970-01-01,1,29,18,3,10
59,No,Travel_Rarely,792,Research & Development,28,1,Human Resources,1,3,Male,75,4,4,Manufacturing Director,2,Single,5885,24785,7,Y,No,17,3,2,80,3,16,1970-01-01,4,12,6,0,13
35,Yes,Non-Travel,1135,Research & Development,7,3,Life Sciences,1,1,Female,64,2,3,Laboratory Technician,3,Divorced,3255,7829,6,Y,Yes,16,3,2,80,2,13,1970-01-01,4,11,7,9,6
60,No,Non-Travel,372,Human Resources,21,3,Life Sciences,1,4,Female,42,1,5,Sales Executive,1,Single,9462,16771,1,Y,No,24,3,4,80,3,39,1970-01-01,3,37,15,4,0
51,Yes,Travel_Frequently,607,Research & Development,12,2,Other,1,1,Male,83,3,1,Sales Executive,2,Divorced,9027,6224,0,Y,Yes,11,3,4,80,3,26,1970-01-01,4,13,12,13,1
27,No,Non-Travel,1306,Human Resources,27,1,Human Resources,1,2,Male,84,3,3,Human Resources,3,Single,2727,2733,5,Y,Yes,17,4,1,80,1,29,1970-01-01,2,21,13,10,2
30,Yes,Non-Travel,1404,Human Resources,25,4,Other,1,4,Male,32,4,3,Sales Representative,3,Single,13642,3882,7,Y,No,24,4,4,80,0,36,1970-01-01,1,32,8,13,12
42,Yes,Travel_Frequently,672,Human Resources,4,2,Other,1,3,Female,51,1,3,Sales Executive,2,Married,5838,6439,4,Y,Yes,14,3,4,80,3,8,1970-01-01,2,36,3,5,2
33,No,Non-Travel,628,Human Resources,16,4,Medical,1,1,Male,56,1,4,Research Scientist,4,Divorced,3766,4497,7,Y,Yes,12,3,4,80,3,8,1970-01-01,1,10,1,5,17
33,No,Non-Travel,1250,Research & Development,14,4,Life Sciences,1,4,Male,67,3,4,Manufacturing Director,1,Divorced,2705,21534,7,Y,Yes,22,3,1,80,2,32,1970-01-01,2,35,6,0,8
31,Yes,Non-Travel,549,Research & Development,28,3,Life Sciences,1,3,Male,93,3,2,Manager,1,Married,5408,12242,2,Y,Yes,22,3,3,80,3,19,1970-01-01,1,28,16,12,5
48,No,Non-Travel,1129,Research & Development,19,1,Other,1,3,Female,69,4,4,Research Director,2,Single,5785,16479,4,Y,Yes,25,4,1,80,1,7,1970-01-01,2,1,11,15,10
46,Yes,Travel_Frequently,578,Research & Development,21,5,Marketing,1,3,Female,94,4,4,Sales Executive,4,Single,13074,12382,0,Y,Yes,13,3,1,80,1,4,1970-01-01,2,20,9,15,3
43,Yes,Non-Travel,158,Human Resources,5,3,Human Resources,1,1,Male,89,1,5,Healthcare Representative,3,Married,15941,4763,2,Y,No,25,3,1,80,0,5,1970-01-01,3,27,17,7,3
23,No,Travel_Frequently,503,Research & Development,19,5,Life Sciences,1,3,Male,55,1,1,Laboratory Technician,4,Married,7257,5586,1,Y,No,21,3,3,80,2,31,1970-01-01,3,31,13,13,7
58,Yes,Travel_Rarely,1046,Human Resources,11,1,Other,1,2,Male,33,2,3,Research Scientist,2,Single,4478,15927,8,Y,No,14,4,1,80,0,25,1970-01-01,1,15,17,15,12
39,No,Travel_Frequently,1287,Research & Development,15,2,Other,1,3,Male,60,2,1,Sales Representative,4,Single,7294,10095,8,Y,Yes,19,3,1,80,1,16,1970-01-01,3,17,14,13,4
46,Yes,Travel_Frequently,790,Sales,13,4,Other,1,1,Male,78,4,3,Sales Representative,4,Divorced,15554,11011,3,Y,No,15,4,3,80,2,28,1970-01-01,3,0,1,4,0
21,No,Non-Travel,1319,Human Resources,7,3,Medical,1,4,Male,78,2,2,Research Scientist,4,Married,8611,19403,2,Y,Yes,25,3,3,80,0,11,1970-01-01,1,31,9,11,9
25,Yes,Non-Travel,473,Sales,11,5,Technical Degree,1,1,Male,59,2,5,Sales Executive,2,Divorced,13255,3462,0,Y,No,20,3,1,80,0,0,1970-01-01,4,9,13,14,13
57,No,Travel_Rarely,171,Human Resources,13,2,Technical Degree,1,1,Male,85,1,2,Sales Executive,1,Divorced,8602,8978,9,Y,No,16,3,2,80,0,17,1970-01-01,1,38,13,10,7
48,No,Travel_Frequently,720,Sales,18,1,Medical,1,2,Female,80,3,3,Healthcare Representative,1,Single,16804,3787,1,Y,Yes,24,3,2,80,3,22,1970-01-01,1,39,14,15,5
45,Yes,Non-Travel,484,Sales,12,1,Human Resources,1,1,Female,84,2,3,Research Director,4,Married,18180,8630,0,Y,No,20,3,4,80,1,13,1970-01-01,1,32,1,5,0
39,Yes,Travel_Rarely,794,Sales,20,3,Medical,1,2,Male,60,2,4,Healthcare Representative,2,Married,8050,18808,6,Y,No,11,4,2,80,1,31,1970-01-01,2,30,9,2,13
32,Yes,Travel_Rarely,1267,Human Resources,13,2,Other,1,4,Female,45,1,2,Manager,2,Divorced,17807,10428,6,Y,No,20,3,3,80,0,36,1970-01-01,4,2,5,13,6
39,Yes,Travel_Rarely,516,Research & Development,28,1,Other,1,4,Male,96,3,4,Manufacturing Director,2,Single,17418,26062,3,Y,No,16,4,4,80,1,15,1970-01-01,3,16,12,10,3
51,Yes,Non-Travel,805,Research & Development,4,2,Human Resources,1,2,Female,72,2,1,Manufacturing Director,4,Divorced,2661,17389,0,Y,Yes,25,3,1,80,2,29,1970-01-01,4,33,5,7,12
23,Yes,Travel_Rarely,1301,Sales,11,1,Technical Degree,1,1,Male,45,4,4,Healthcare Representative,2,Single,3135,22239,2,Y,Yes,13,4,2,80,3,13,1970-01-01,3,16,5,13,7
33,No,Travel_Frequently,586,Research & Development,9,1,Other,1,1,Male,95,3,5,Research Scientist,4,Married,4131,25391,6,Y,Yes,17,4,2,80,0,27,1970-01-01,2,30,7,3,9
18,No,Travel_Rarely,994,Human Resources,1,3,Other,1,1,Male,35,4,3,Manager,3,Single,19908,17673,0,Y,No,23,3,2,80,3,39,1970-01-01,1,4,6,10,2
41,No,Non-Travel,754,Sales,28,3,Technical Degree,1,2,Male,96,1,1,Sales Executive,2,Married,18322,3266,0,Y,Yes,11,4,2,80,2,9,1970-01-01,4,2,13,11,5
56,No,Travel_Frequently,989,Sales,1,2,Technical Degree,1,3,Female,96,1,2,Manufacturing Director,3,Divorced,10930,14103,2,Y,No,16,4,2,80,1,15,1970-01-01,2,13,4,3,6
50,Yes,Non-Travel,912,Sales,11,2,Medical,1,4,Male,91,2,4,Research Scientist,2,Divorced,11328,19243,4,Y,Yes,20,4,1,80,2,36,1970-01-01,4,7,0,11,11
23,Yes,Travel_Rarely,939,Human Resources,24,4,Marketing,1,1,Male,55,3,2,Human Resources,4,Divorced,16488,25802,6,Y,Yes,21,3,3,80,2,12,1970-01-01,3,18,13,3,11
54,No,Travel_Rarely,719,Human Resources,22,4,Medical,1,4,Female,97,4,4,Manager,4,Divorced,16156,11863,4,Y,No,19,4,2,80,0,16,1970-01-01,4,24,2,7,11
34,No,Travel_Rarely,300,Sales,13,5,Other,1,1,Male,83,4,4,Laboratory Technician,3,Married,9417,26806,9,Y,No,22,4,1,80,0,4,1970-01-01,2,17,3,0,8
45,No,Travel_Frequently,551,Research & Development,4,4,Life Sciences,1,2,Male,99,3,2,Human Resources,1,Single,13755,14974,9,Y,Yes,19,3,2,80,1,17,1970-01-01,2,11,2,8,3
34,No,Non-Travel,826,Human Resources,11,4,Marketing,1,3,Female,64,2,5,Human Resources,1,Married,8593,24708,8,Y,No,12,3,1,80,0,10,1970-01-01,2,23,1,8,7
50,No,Travel_Frequently,768,Human Resources,10,4,Other,1,1,Male,59,1,5,Sales Representative,2,Married,7447,10023,2,Y,No,18,4,3,80,3,28,1970-01-01,1,13,1,11,14
26,Yes,Non-Travel,1392,Sales,17,1,Human Resources,1,4,Female,98,3,5,Manufacturing Director,2,Married,1867,20460,9,Y,No,16,4,2,80,2,8,1970-01-01,3,27,18,0,1
39,No,Travel_Frequently,1327,Research & Development,10,3,Medical,1,4,Female,41,4,3,Sales Executive,1,Married,3107,3912,5,Y,No,12,4,4,80,1,24,1970-01-01,3,14,9,3,7
19,Yes,Travel_Frequently,528,Research & Development,1,2,Human Resources,1,2,Male,79,1,1,Manager,4,Divorced,19677,9732,3,Y,Yes,15,4,1,80,1,24,1970-01-01,3,22,13,4,3
26,No,Travel_Frequently,828,Sales,14,5,Medical,1,2,Female,78,4,5,Laboratory Technician,1,Divorced,18580,23448,8,Y,Yes,25,3,1,80,1,4,1970-01-01,3,36,3,3,9
18,No,Non-Travel,342,Sales,21,1,Marketing,1,3,Male,38,3,4,Healthcare Representative,1,Married,7243,17350,3,Y,No,22,4,2,80,2,10,1970-01-01,1,37,6,6,7
24,Yes,Travel_Frequently,264,Human Resources,19,1,Marketing,1,1,Male,82,3,5,Human Resources,3,Married,11606,5733,1,Y,Yes,19,4,1,80,0,22,1970-01-01,4,14,11,7,16
25,Yes,Non-Travel,700,Human Resources,10,1,Technical Degree,1,4,Female,57,1,1,Manufacturing Director,2,Single,2157,20091,1,Y,Yes,18,3,3,80,1,29,1970-01-01,1,26,11,2,9
22,No,Non-Travel,1251,Research & Development,25,1,Other,1,3,Female,67,1,5,Manufacturing Director,1,Divorced,10968,4221,2,Y,Yes,24,4,4,80,1,8,1970-01-01,2,31,13,13,0
20,Yes,Non-Travel,1317,Human Resources,6,4,Life Sciences,1,2,Male,55,1,1,Manufacturing Director,3,Single,13991,18640,4,Y,No,24,4,4,80,1,35,1970-01-01,4,23,5,9,11
39,No,Non-Travel,158,Human Resources,6,5,Marketing,1,1,Male,74,3,4,Research Director,1,Divorced,14604,18743,3,Y,Yes,25,3,2,80,0,38,1970-01-01,1,14,17,13,8
50,Yes,Non-Travel,657,Sales,6,3,Other,1,4,Male,65,2,2,Sales Executive,1,Married,6495,18026,7,Y,No,13,3,2,80,1,10,1970-01-01,3,35,9,11,13
49,No,Non-Travel,805,Research & Development,14,2,Other,1,3,Male,76,3,5,Healthcare Representative,2,Married,18478,25047,7,Y,No,14,3,3,80,3,0,1970-01-01,2,24,18,3,16
41,No,Travel_Frequently,1192,Human Resources,8,3,Medical,1,2,Male,32,4,4,Human Resources,3,Divorced,10542,11598,7,Y,Yes,14,4,1,80,0,21,1970-01-01,4,14,9,4,13
48,No,Non-Travel,1117,Human Resources,16,4,Life Sciences,1,4,Female,73,1,4,Sales Representative,2,Single,14849,24885,0,Y,No,11,4,4,80,0,22,1970-01-01,4,36,12,9,3
20,No,Travel_Frequently,260,Research & Development,29,4,Medical,1,2,Female,97,2,2,Research Scientist,4,Divorced,17871,12401,5,Y,No,15,4,3,80,2,32,1970-01-01,2,33,3,5,12
31,No,Travel_Rarely,287,Research & Development,24,2,Human Resources,1,4,Male,91,2,2,Research Director,1,Single,7538,9268,9,Y,Yes,15,3,4,80,1,6,1970-01-01,1,28,4,12,0
56,No,Non-Travel,353,Human Resources,13,4,Technical Degree,1,4,Male,64,2,4,Human Resources,1,Divorced,18189,22549,5,Y,No,12,4,2,80,2,15,1970-01-01,3,23,4,14,13
38,Yes,Travel_Frequently,1083,Human Resources,15,5,Medical,1,4,Female,41,3,5,Research Scientist,2,Married,19487,12076,2,Y,No,18,4,1,80,1,11,1970-01-01,1,3,13,7,0
30,No,Travel_Frequently,553,Research & Development,17,3,Marketing,1,1,Female,53,3,5,Sales Representative,3,Single,5130,7065,4,Y,Yes,21,3,3,80,3,3,1970-01-01,3,23,9,7,16
20,Yes,Non-Travel,593,Human Resources,29,4,Human Resources,1,2,Female,80,4,4,Sales Executive,2,Married,14620,17222,4,Y,Yes,21,3,2,80,0,14,1970-01-01,3,40,3,3,3
52,Yes,Non-Travel,985,Sales,22,2,Technical Degree,1,4,Male,69,1,4,Laboratory Technician,3,Single,19130,24809,3,Y,No,22,3,2,80,1,38,1970-01-01,4,16,17,2,5
44,No,Non-Travel,1189,Human Resources,23,1,Other,1,3,Female,81,1,5,Manufacturing Director,4,Married,16743,9111,3,Y,No,21,3,1,80,3,32,1970-01-01,4,9,1,9,11
46,Yes,Travel_Frequently,370,Sales,13,1,Marketing,1,1,Female,55,2,1,Sales Executive,2,Married,1047,13854,3,Y,Yes,12,4,3,80,0,16,1970-01-01,2,24,6,10,10
60,Yes,Travel_Frequently,356,Human Resources,3,3,Other,1,4,Male,67,1,2,Healthcare Representative,4,Married,19539,2964,0,Y,Yes,12,3,2,80,2,26,1970-01-01,1,5,2,11,11
37,No,Travel_Frequently,1077,Human Resources,20,5,Human Resources,1,2,Female,34,2,5,Manager,4,Divorced,5612,8416,3,Y,No,18,3,4,80,3,16,1970-01-01,1,33,4,0,9
34,Yes,Non-Travel,1009,Research & Development,28,5,Marketing,1,3,Male,75,4,3,Research Director,4,Single,13566,9912,3,Y,No,17,3,1,80,3,33,1970-01-01,4,6,3,10,10
21,No,Travel_Frequently,428,Sales,9,5,Human Resources,1,1,Male,61,4,5,Sales Executive,4,Divorced,16650,20013,2,Y,Yes,19,3,2,80,1,25,1970-01-01,3,16,2,8,9
45,No,Travel_Rarely,807,Sales,18,5,Human Resources,1,3,Female,90,4,2,Research Director,2,Married,5625,18380,5,Y,Yes,13,3,4,80,1,36,1970-01-01,2,29,16,0,0
53,Yes,Travel_Rarely,1104,Research & Development,20,5,Marketing,1,4,Male,92,2,5,Laboratory Technician,4,Single,15634,23155,5,Y,Yes,24,4,3,80,1,29,1970-01-01,3,26,12,8,11
36,No,Travel_Rarely,505,Sales,15,1,Technical Degree,1,4,Female,32,3,5,Healthcare Representative,1,Married,10695,6564,4,Y,No,18,3,3,80,0,20,1970-01-01,2,28,13,2,17
26,Yes,Travel_Frequently,960,Human Resources,26,3,Life Sciences,1,1,Female,60,2,5,Manager,1,Single,4725,5032,5,Y,Yes,25,4,3,80,2,15,1970-01-01,3,8,3,8,11
50,No,Travel_Rarely,1258,Research & Development,9,3,Marketing,1,2,Female,90,1,5,Human Resources,2,Divorced,3683,21779,4,Y,Yes,11,3,2,80,3,20,1970-01-01,4,32,2,1,16
43,No,Non-Travel,498,Human Resources,19,4,Other,1,2,Female,66,2,3,Manager,1,Single,9391,4534,2,Y,No,19,3,4,80,1,25,1970-01-01,1,16,10,5,8
29,No,Travel_Rarely,766,Human Resources,8,2,Other,1,2,Male,61,4,4,Laboratory Technician,3,Married,11372,8070,2,Y,No,14,4,4,80,2,4,1970-01-01,3,33,18,11,15
31,Yes,Travel_Frequently,1260,Human Resources,25,4,Marketing,1,4,Male,91,1,4,Manufacturing Director,2,Married,3263,22157,6,Y,Yes,12,3,3,80,3,36,1970-01-01,1,13,13,2,16
35,No,Non-Travel,863,Research & Development,12,3,Medical,1,4,Female,51,3,4,Laboratory Technician,4,Divorced,10484,16668,9,Y,Yes,15,4,1,80,2,33,1970-01-01,3,36,18,5,4
47,Yes,Travel_Rarely,615,Research & Development,14,1,Life Sciences,1,4,Male,58,2,1,Laboratory Technician,1,Married,18669,5291,1,Y,Yes,23,4,4,80,0,34,1970-01-01,1,26,18,6,17
26,Yes,Travel_Frequently,637,Human Resources,9,5,Life Sciences,1,4,Male,44,1,4,Laboratory Technician,2,Divorced,6144,9678,0,Y,No,14,4,1,80,0,38,1970-01-01,3,0,14,11,14
57,No,Non-Travel,714,Human Resources,13,4,Life Sciences,1,4,Female,34,3,3,Sales Representative,3,Divorced,2255,5352,5,Y,No,15,4,1,80,2,18,1970-01-01,1,14,14,8,7
36,No,Travel_Rarely,578,Human Resources,24,2,Marketing,1,4,Male,54,2,4,Research Scientist,4,Married,10606,4703,4,Y,No,19,4,2,80,0,15,1970-01-01,1,30,3,7,9
58,No,Travel_Frequently,264,Human Resources,27,3,Marketing,1,3,Male,38,3,2,Research Director,3,Single,16642,2268,2,Y,Yes,21,4,4,80,2,27,1970-01-01,2,6,2,11,9
20,Yes,Non-Travel,389,Human Resources,25,3,Marketing,1,2,Male,36,1,2,Manager,1,Married,2533,13723,1,Y,Yes,22,4,2,80,1,11,1970-01-01,4,22,2,0,2
50,Yes,Travel_Rarely,208,Sales,22,2,Life Sciences,1,2,Female,81,2,3,Laboratory Technician,1,Divorced,16349,14551,0,Y,No,18,4,3,80,1,12,1970-01-01,3,6,0,8,9
25,No,Travel_Frequently,364,Sales,28,2,Other,1,3,Female,73,1,2,Manufacturing Director,4,Single,8324,18408,9,Y,Yes,23,4,2,80,2,40,1970-01-01,1,1,3,1,13
32,Yes,Non-Travel,1488,Research & Development,5,2,Life Sciences,1,1,Female,41,4,3,Human Resources,1,Single,11528,5554,9,Y,No,19,3,1,80,2,0,1970-01-01,2,2,0,5,8
24,Yes,Non-Travel,1194,Sales,9,5,Other,1,1,Female,78,2,1,Sales Executive,4,Single,12587,15289,2,Y,No,11,3,3,80,3,12,1970-01-01,3,18,18,4,4
58,Yes,Non-Travel,710,Human Resources,7,4,Other,1,3,Female,86,1,5,Healthcare Representative,4,Single,2737,24278,3,Y,No,20,3,2,80,0,36,1970-01-01,2,23,6,12,10
21,No,Travel_Rarely,1477,Research & Development,20,3,Other,1,2,Female,59,3,4,Research Scientist,4,Divorced,14068,8578,2,Y,Yes,17,3,3,80,2,5,1970-01-01,3,40,2,14,15
57,No,Travel_Frequently,1134,Sales,26,2,Medical,1,4,Female,39,4,3,Sales Executive,3,Married,6363,4199,4,Y,Yes,17,3,1,80,1,35,1970-01-01,2,16,18,8,6
53,Yes,Non-Travel,1140,Research & Development,23,5,Technical Degree,1,2,Male,54,3,2,Manager,1,Married,7295,18508,9,Y,Yes,20,3,4,80,0,39,1970-01-01,3,29,15,2,15
23,No,Travel_Rarely,206,Research & Development,15,5,Life Sciences,1,3,Female,63,2,1,Manager,4,Single,6935,7951,3,Y,No,24,3,1,80,1,37,1970-01-01,3,38,7,14,4
38,No,Non-Travel,711,Sales,11,5,Medical,1,1,Female,41,3,2,Human Resources,4,Married,6728,10228,1,Y,Yes,13,4,2,80,1,10,1970-01-01,3,4,7,3,5
21,No,Non-Travel,918,Research & Development,14,1,Marketing,1,2,Male,60,1,2,Human Resources,3,Single,4753,4005,2,Y,Yes,12,4,1,80,1,34,1970-01-01,2,34,13,11,0
55,Yes,Travel_Rarely,1321,Research & Development,11,4,Marketing,1,2,Female,31,4,4,Manager,2,Single,10898,22601,0,Y,Yes,14,4,1,80,2,12,1970-01-01,3,18,1,14,12
51,Yes,Travel_Rarely,1151,Research & Development,15,2,Life Sciences,1,2,Female,51,3,5,Research Scientist,2,Divorced,19398,16389,6,Y,No,23,4,2,80,3,22,1970-01-01,2,34,1,9,13
27,Yes,Non-Travel,1362,Research & Development,4,4,Technical Degree,1,3,Male,40,3,2,Research Scientist,1,Single,3737,26608,0,Y,Yes,12,3,3,80,2,37,1970-01-01,2,2,1,4,17
59,No,Travel_Rarely,692,Research & Development,5,1,Human Resources,1,4,Female,38,3,3,Research Scientist,3,Single,4525,19047,7,Y,No,24,4,4,80,2,1,1970-01-01,4,19,5,2,6
41,No,Non-Travel,276,Human Resources,24,4,Human Resources,1,4,Male,61,4,5,Laboratory Technician,1,Divorced,19430,17484,3,Y,Yes,25,3,2,80,1,4,1970-01-01,2,24,0,10,17
59,No,Travel_Frequently,956,Human Resources,17,4,Medical,1,3,Female,98,2,1,Sales Executive,4,Single,11911,9714,8,Y,No,18,3,4,80,1,10,1970-01-01,4,35,1,7,13
57,No,Non-Travel,1165,Sales,3,4,Human Resources,1,1,Female,65,3,3,Manager,2,Divorced,15801,10397,6,Y,Yes,19,4,3,80,2,39,1970-01-01,1,38,11,0,9
24,Yes,Travel_Frequently,871,Sales,29,2,Human Resources,1,1,Male,47,1,4,Research Scientist,2,Married,4996,5803,3,Y,Yes,16,4,2,80,2,39,1970-01-01,2,29,6,5,7
20,No,Travel_Frequently,529,Human Resources,3,2,Other,1,4,Male,31,4,1,Research Scientist,1,Divorced,19069,25601,6,Y,Yes,22,3,4,80,3,14,1970-01-01,4,7,12,4,2
51,No,Non-Travel,127,Research & Development,27,2,Other,1,3,Male,57,3,2,Sales Representative,3,Single,2726,22216,1,Y,No,16,3,3,80,0,1,1970-01-01,1,26,11,8,11
40,Yes,Travel_Frequently,1312,Sales,28,1,Human Resources,1,4,Male,33,3,2,Manufacturing Director,2,Divorced,18911,8927,4,Y,Yes,15,4,3,80,3,0,1970-01-01,1,35,6,11,6
29,No,Travel_Rarely,1110,Human Resources,1,1,Technical Degree,1,1,Female,84,1,5,Human Resources,2,Married,6661,17745,0,Y,Yes,20,4,1,80,2,11,1970-01-01,1,24,12,4,0
21,No,Travel_Rarely,1447,Human Resources,3,2,Medical,1,4,Female,55,1,2,Manufacturing Director,4,Single,15343,14591,4,Y,No,24,3,2,80,0,9,1970-01-01,4,27,5,0,15
32,No,Non-Travel,1230,Sales,11,3,Other,1,2,Female,91,2,4,Sales Executive,2,Single,1009,17311,6,Y,No,16,3,3,80,0,39,1970-01-01,2,12,4,13,8
24,Yes,Non-Travel,717,Research & Development,5,2,Marketing,1,3,Female,56,4,2,Manager,4,Single,4850,11032,7,Y,Yes,17,4,1,80,0,14,1970-01-01,1,23,3,15,4
56,Yes,Travel_Rarely,1386,Human Resources,26,5,Technical Degree,1,1,Male,45,2,1,Sales Representative,3,Divorced,9874,10676,2,Y,Yes,18,4,1,80,2,3,1970-01-01,1,22,9,15,0
50,Yes,Travel_Frequently,888,Human Resources,10,3,Technical Degree,1,1,Female,61,1,5,Laboratory Technician,1,Single,15772,18716,8,Y,No,25,3,1,80,2,7,1970-01-01,1,24,16,15,9
40,Yes,Travel_Frequently,183,Human Resources,23,2,Medical,1,1,Male,92,4,4,Manufacturing Director,2,Single,4526,21725,0,Y,No,18,4,4,80,0,14,1970-01-01,1,9,7,5,13
53,No,Travel_Frequently,514,Research & Development,1,1,Human Resources,1,4,Male,91,4,3,Human Resources,3,Single,15917,26298,7,Y,No,25,4,2,80,2,5,1970-01-01,4,10,18,12,6
51,Yes,Travel_Frequently,448,Human Resources,14,1,Other,1,4,Female,52,1,4,Human Resources,2,Married,17004,22833,4,Y,No,20,4,4,80,0,16,1970-01-01,1,13,8,9,14
32,No,Non-Travel,619,Research & Development,16,4,Medical,1,1,Female,31,4,3,Laboratory Technician,3,Single,5567,8039,2,Y,Yes,22,4,1,80,3,27,1970-01-01,4,6,16,5,5
34,No,Travel_Rarely,1431,Human Resources,25,3,Human Resources,1,2,Male,100,1,1,Laboratory Technician,2,Married,18355,4730,7,Y,Yes,24,3,3,80,0,23,1970-01-01,3,11,11,5,17
48,Yes,Travel_Rarely,911,Human Resources,15,1,Marketing,1,1,Male,73,3,4,Sales Representative,3,Married,15234,2292,8,Y,Yes,16,3,3,80,1,12,1970-01-01,3,15,17,15,11
25,Yes,Travel_Frequently,1176,Human Resources,7,3,Human Resources,1,2,Female,90,4,1,Laboratory Technician,1,Divorced,9616,7577,3,Y,Yes,12,3,1,80,0,22,1970-01-01,2,12,5,14,8
28,No,Travel_Rarely,898,Research & Development,21,2,Human Resources,1,3,Female,63,4,3,Human Resources,4,Single,7617,14702,8,Y,Yes,25,4,2,80,0,16,1970-01-01,1,5,6,4,16
60,No,Travel_Frequently,798,Human Resources,19,2,Technical Degree,1,1,Female,93,2,2,Laboratory Technician,4,Divorced,12458,20891,9,Y,No,22,4,2,80,0,6,1970-01-01,3,22,10,15,4
28,Yes,Travel_Frequently,713,Sales,22,4,Technical Degree,1,3,Male,40,4,1,Sales Representative,3,Single,10659,24521,9,Y,No,18,3,2,80,2,6,1970-01-01,4,23,10,10,16
57,Yes,Travel_Rarely,555,Research & Development,10,5,Technical Degree,1,2,Female,91,1,4,Research Scientist,3,Divorced,11181,10009,9,Y,No,14,4,2,80,2,24,1970-01-01,4,30,6,13,13
33,Yes,Travel_Frequently,195,Human Resources,24,4,Life Sciences,1,1,Male,52,1,2,Sales Executive,2,Divorced,6434,2201,8,Y,Yes,12,4,2,80,1,40,1970-01-01,1,1,17,12,17
28,No,Travel_Rarely,984,Research & Development,16,2,Technical Degree,1,4,Female,69,4,3,Healthcare Representative,2,Divorced,18245,19950,2,Y,No,20,3,4,80,3,27,1970-01-01,3,7,3,11,13
36,Yes,Travel_Frequently,1337,Human Resources,4,3,Human Resources,1,4,Male,38,1,5,Healthcare Representative,4,Divorced,7388,17687,6,Y,Yes,16,4,1,80,2,32,1970-01-01,3,32,8,15,6
58,No,Non-Travel,1308,Human Resources,10,4,Human Resources,1,1,Female,38,3,1,Manager,4,Single,19360,6944,4,Y,Yes,11,4,4,80,1,26,1970-01-01,2,17,2,6,7
56,No,Travel_Frequently,1307,Research & Development,1,3,Medical,1,1,Female,92,2,3,Healthcare Representative,1,Single,10976,5712,6,Y,No,12,3,3,80,2,25,1970-01-01,2,8,18,6,10
40,Yes,Non-Travel,498,Research & Development,18,3,Technical Degree,1,2,Male,97,1,4,Laboratory Technician,4,Single,10763,4601,0,Y,Yes,16,4,4,80,3,16,1970-01-01,3,35,0,10,12
53,No,Travel_Rarely,1134,Research & Development,27,1,Technical Degree,1,4,Male,88,1,2,Laboratory Technician,2,Single,2001,10773,3,Y,Yes,11,3,4,80,0,40,1970-01-01,2,32,16,4,13
29,No,Non-Travel,575,Sales,20,5,Medical,1,2,Female,58,2,4,Sales Representative,4,Married,15264,19485,0,Y,Yes,24,4,3,80,1,37,1970-01-01,1,33,3,3,11
44,Yes,Travel_Frequently,475,Sales,17,1,Human Resources,1,4,Female,84,1,4,Sales Executive,3,Married,1888,21206,0,Y,No,18,3,1,80,1,25,1970-01-01,3,9,6,14,0
48,Yes,Travel_Frequently,802,Human Resources,20,5,Life Sciences,1,3,Female,88,3,2,Research Scientist,4,Single,1784,19653,4,Y,No,14,4,4,80,2,17,1970-01-01,1,7,4,8,8
32,No,Travel_Frequently,1455,Research & Development,19,2,Other,1,4,Female,39,1,1,Sales Executive,3,Married,13116,4307,7,Y,No,24,3,3,80,2,23,1970-01-01,2,3,18,8,11
43,No,Travel_Rarely,1434,Sales,23,2,Medical,1,3,Female,95,1,2,Research Director,2,Married,19918,15894,5,Y,No,18,3,3,80,1,17,1970-01-01,2,30,1,0,7
35,No,Travel_Frequently,839,Research & Development,20,1,Marketing,1,2,Male,98,4,3,Healthcare Representative,1,Married,18905,8097,3,Y,Yes,13,3,2,80,1,15,1970-01-01,1,25,1,15,4
36,No,Travel_Rarely,1184,Research & Development,27,1,Marketing,1,2,Female,74,2,4,Human Resources,1,Divorced,12258,20574,0,Y,No,24,4,3,80,3,8,1970-01-01,4,30,16,12,4
41,Yes,Travel_Rarely,303,Research & Development,18,4,Other,1,2,Female,53,1,4,Healthcare Representative,2,Married,13266,21063,2,Y,No,13,4,1,80,2,26,1970-01-01,2,34,15,10,14
27,No,Travel_Frequently,501,Human Resources,25,1,Technical Degree,1,4,Female,54,1,2,Research Scientist,4,Divorced,17072,17328,2,Y,Yes,11,3,4,80,0,40,1970-01-01,3,33,4,8,11
35,No,Travel_Frequently,746,Human Resources,28,1,Marketing,1,4,Female,63,1,4,Manager,4,Divorced,12126,23619,7,Y,No,19,4,3,80,3,20,1970-01-01,3,34,4,13,10
24,No,Non-Travel,1460,Research & Development,20,5,Other,1,2,Male,73,2,2,Research Scientist,4,Married,9577,10674,4,Y,No,20,4,4,80,1,35,1970-01-01,1,28,3,2,11
56,No,Travel_Rarely,258,Sales,28,3,Human Resources,1,3,Female,84,2,4,Manager,4,Single,4091,18876,9,Y,Yes,12,4,4,80,3,31,1970-01-01,3,17,11,2,9
46,No,Travel_Rarely,1398,Human Resources,24,3,Life Sciences,1,4,Female,70,2,3,Laboratory Technician,4,Divorced,17799,15425,3,Y,No,16,3,1,80,1,37,1970-01-01,4,39,9,11,3
54,No,Non-Travel,971,Sales,17,2,Medical,1,1,Male,36,3,5,Research Director,2,Single,2056,14506,4,Y,No,11,4,2,80,0,23,1970-01-01,4,18,7,10,11
29,Yes,Non-Travel,908,Human Resources,1,4,Technical Degree,1,3,Male,74,4,5,Research Scientist,2,Married,8818,13337,6,Y,No,12,4,3,80,3,8,1970-01-01,3,19,11,9,6
36,No,Travel_Rarely,657,Research & Development,18,1,Life Sciences,1,4,Female,39,2,1,Research Scientist,3,Divorced,17712,10436,9,Y,No,20,3,2,80,1,31,1970-01-01,2,38,4,6,2
31,No,Travel_Frequently,533,Sales,5,5,Marketing,1,1,Male,70,3,2,Research Scientist,1,Divorced,5579,9523,5,Y,No,19,4,3,80,0,39,1970-01-01,1,1,13,4,16
39,No,Travel_Rarely,741,Sales,29,5,Human Resources,1,1,Male,57,4,4,Laboratory Technician,3,Single,4848,3617,8,Y,Yes,24,3,3,80,3,24,1970-01-01,4,9,1,14,6
58,Yes,Non-Travel,1186,Research & Development,8,5,Medical,1,1,Male,90,3,4,Sales Representative,2,Divorced,1486,8033,8,Y,Yes,11,4,3,80,2,31,1970-01-01,4,26,7,7,5
21,No,Non-Travel,351,Research & Development,24,3,Human Resources,1,3,Male,62,3,1,Research Director,2,Divorced,4439,20984,6,Y,No,12,3,2,80,2,38,1970-01-01,1,35,3,12,5
35,No,Travel_Frequently,1138,Human Resources,21,5,Human Resources,1,4,Female,88,2,5,Sales Representative,4,Divorced,15073,16190,9,Y,No,17,4,3,80,1,18,1970-01-01,1,30,12,12,15
24,No,Non-Travel,260,Sales,9,2,Technical Degree,1,2,Male,91,2,3,Human Resources,1,Single,11693,14385,2,Y,Yes,24,3,3,80,0,26,1970-01-01,3,32,2,2,5
29,No,Non-Travel,1242,Human Resources,21,1,Life Sciences,1,1,Male,45,1,1,Sales Executive,3,Single,17163,13896,5,Y,Yes,25,3,4,80,0,7,1970-01-01,2,29,1,10,7
36,No,Travel_Frequently,1285,Sales,15,5,Other,1,2,Female,82,4,3,Research Director,3,Single,19884,24002,0,Y,Yes,15,3,1,80,0,28,1970-01-01,1,27,9,3,11
47,No,Non-Travel,977,Sales,3,2,Human Resources,1,1,Female,99,3,1,Sales Representative,1,Married,7548,22734,2,Y,Yes,16,4,2,80,1,6,1970-01-01,1,5,12,12,3
47,Yes,Travel_Frequently,1013,Research & Development,14,4,Life Sciences,1,4,Male,96,4,4,Manager,4,Divorced,18294,26760,1,Y,No,18,3,4,80,3,1,1970-01-01,2,28,8,4,7
47,Yes,Travel_Rarely,1213,Sales,15,2,Other,1,2,Female,77,2,2,Human Resources,2,Single,8413,12362,1,Y,No,20,4,1,80,1,9,1970-01-01,3,7,2,2,17
28,No,Travel_Frequently,307,Sales,4,4,Life Sciences,1,2,Female,42,3,1,Manufacturing Director,3,Married,5465,6928,8,Y,No,18,3,3,80,3,11,1970-01-01,3,28,7,7,15
42,Yes,Travel_Rarely,157,Sales,24,2,Life Sciences,1,4,Male,47,2,1,Human Resources,4,Married,19160,9635,6,Y,No,23,4,4,80,0,4,1970-01-01,2,20,11,4,1
53,No,Travel_Frequently,1045,Research & Development,8,5,Human Resources,1,4,Male,51,4,5,Research Scientist,1,Divorced,11921,6685,4,Y,No,21,4,4,80,3,17,1970-01-01,1,28,5,11,13
21,Yes,Travel_Rarely,946,Sales,24,3,Marketing,1,3,Female,63,4,3,Healthcare Representative,2,Single,17663,9424,7,Y,No,21,3,2,80,0,33,1970-01-01,2,35,4,10,2
36,Yes,Travel_Rarely,255,Sales,1,3,Marketing,1,4,Male,60,4,3,Research Scientist,2,Single,19592,17549,2,Y,No,15,3,2,80,0,27,1970-01-01,4,36,15,12,2
19,No,Travel_Frequently,1360,Sales,6,5,Marketing,1,4,Male,73,2,3,Healthcare Representative,3,Married,14301,7096,6,Y,No,21,3,2,80,1,25,1970-01-01,1,2,15,10,11
57,No,Travel_Frequently,951,Human Resources,10,1,Marketing,1,4,Female,91,3,4,Human Resources,4,Married,6905,16474,0,Y,Yes,17,4,3,80,3,17,1970-01-01,2,0,4,15,0
21,Yes,Travel_Frequently,746,Sales,9,3,Marketing,1,1,Female,99,4,3,Sales Representative,2,Married,16072,12077,0,Y,Yes,18,3,4,80,3,31,1970-01-01,3,32,9,14,12
54,No,Travel_Frequently,563,Sales,28,2,Marketing,1,2,Male,68,4,4,Human Resources,2,Married,5478,24479,8,Y,No,20,3,1,80,3,0,1970-01-01,2,23,11,2,2
26,Yes,Travel_Frequently,332,Human Resources,20,1,Other,1,4,Female,70,2,2,Manager,2,Divorced,7254,5733,8,Y,No,21,4,2,80,0,14,1970-01-01,1,10,2,13,7
19,Yes,Travel_Frequently,1205,Research & Development,23,4,Other,1,4,Female,81,4,2,Manager,2,Divorced,10033,10809,3,Y,No,18,4,4,80,3,34,1970-01-01,3,5,13,7,4
50,No,Non-Travel,1188,Human Resources,11,2,Human Resources,1,4,Male,65,1,3,Sales Executive,4,Single,5281,3443,3,Y,No,14,3,1,80,0,9,1970-01-01,2,8,3,10,4
19,No,Non-Travel,278,Research & Development,3,5,Medical,1,3,Male,36,1,1,Laboratory Technician,2,Single,8129,19716,5,Y,Yes,14,4,4,80,2,6,1970-01-01,3,3,13,2,5
40,Yes,Non-Travel,221,Sales,18,4,Technical Degree,1,4,Male,79,2,5,Human Resources,3,Divorced,3419,16265,4,Y,Yes,19,4,1,80,1,23,1970-01-01,1,3,2,5,11
43,No,Non-Travel,150,Research & Development,18,4,Technical Degree,1,1,Male,63,1,2,Human Resources,3,Divorced,17167,22083,5,Y,Yes,17,4,4,80,2,37,1970-01-01,1,32,13,10,6
36,No,Travel_Rarely,891,Sales,24,5,Medical,1,4,Female,80,3,1,Research Scientist,1,Married,16466,25799,2,Y,Yes,20,4,1,80,3,17,1970-01-01,3,8,0,0,10
18,No,Travel_Rarely,105,Sales,16,1,Human Resources,1,1,Female,85,2,2,Research Scientist,1,Divorced,2218,19243,6,Y,No,16,3,1,80,1,33,1970-01-01,1,24,10,13,7
51,Yes,Travel_Frequently,393,Sales,9,1,Technical Degree,1,2,Male,51,3,5,Sales Representative,3,Married,13152,15763,1,Y,Yes,22,4,4,80,3,20,1970-01-01,3,23,9,5,2
38,No,Travel_Frequently,303,Sales,15,1,Medical,1,3,Female,69,2,2,Sales Executive,2,Single,12793,23383,2,Y,Yes,25,3,3,80,3,21,1970-01-01,2,35,12,8,13
52,Yes,Non-Travel,987,Research & Development,16,1,Life Sciences,1,2,Male,71,4,5,Research Scientist,3,Single,16872,20342,7,Y,No,12,3,1,80,1,0,1970-01-01,4,24,5,15,17
32,No,Travel_Frequently,264,Human Resources,27,1,Technical Degree,1,4,Male,46,4,2,Sales Executive,4,Married,8335,17107,8,Y,No,19,3,2,80,1,24,1970-01-01,4,27,8,10,12
29,Yes,Non-Travel,552,Human Resources,20,3,Technical Degree,1,2,Female,49,3,1,Manufacturing Director,2,Married,10872,19378,0,Y,No,24,4,4,80,2,37,1970-01-01,4,1,9,10,9
23,Yes,Travel_Frequently,855,Human Resources,14,2,Life Sciences,1,1,Male,66,2,1,Sales Representative,4,Married,5912,9530,9,Y,No,20,3,3,80,3,22,1970-01-01,3,17,0,7,15
25,Yes,Travel_Rarely,129,Research & Development,18,3,Human Resources,1,1,Male,41,3,2,Research Scientist,3,Single,7384,10365,5,Y,Yes,16,4,2,80,3,15,1970-01-01,4,5,3,14,7
46,No,Travel_Frequently,132,Human Resources,2,1,Life Sciences,1,4,Female,32,1,2,Human Resources,4,Single,19633,4413,4,Y,No,17,3,3,80,2,28,1970-01-01,2,5,14,8,5
60,No,Travel_Frequently,140,Sales,22,3,Marketing,1,2,Female,84,4,3,Sales Representative,4,Divorced,15709,17089,8,Y,Yes,14,3,1,80,0,2,1970-01-01,3,4,3,0,17
18,Yes,Travel_Frequently,1334,Research & Development,12,4,Technical Degree,1,4,Female,41,2,5,Manufacturing Director,1,Married,13835,11934,3,Y,No,16,3,3,80,0,33,1970-01-01,2,36,18,11,11
39,Yes,Non-Travel,1435,Sales,3,4,Human Resources,1,4,Female,99,3,2,Sales Representative,2,Single,3732,22729,3,Y,Yes,18,3,2,80,1,11,1970-01-01,3,25,6,12,15
30,No,Travel_Frequently,184,Research & Development,24,1,Life Sciences,1,4,Male,41,4,1,Research Scientist,3,Single,15386,4266,9,Y,No,20,4,3,80,0,3,1970-01-01,4,17,7,6,2
59,No,Travel_Frequently,452,Sales,21,2,Life Sciences,1,2,Male,79,2,4,Human Resources,3,Married,9085,21131,3,Y,No,11,3,1,80,3,25,1970-01-01,2,5,16,4,12
27,Yes,Travel_Frequently,963,Human Resources,9,1,Medical,1,2,Female,94,3,5,Manufacturing Director,2,Divorced,7945,13765,8,Y,No,16,3,4,80,0,21,1970-01-01,2,9,13,5,1
58,No,Travel_Rarely,1439,Sales,10,1,Medical,1,1,Male,79,1,4,Laboratory Technician,4,Married,18804,4176,5,Y,Yes,24,4,4,80,0,19,1970-01-01,2,33,13,11,6
31,No,Travel_Frequently,1003,Sales,28,5,Technical Degree,1,3,Female,47,4,2,Sales Executive,2,Divorced,3744,24949,7,Y,No,24,3,4,80,2,4,1970-01-01,3,28,4,4,5
43,No,Travel_Frequently,1105,Research & Development,13,2,Technical Degree,1,1,Female,72,3,4,Healthcare Representative,3,Single,9578,20524,6,Y,No,24,3,1,80,3,32,1970-01-01,2,18,7,11,6
22,Yes,Non-Travel,588,Research & Development,3,2,Marketing,1,4,Male,34,1,1,Sales Representative,2,Single,6891,20934,0,Y,No,16,3,1,80,1,6,1970-01-01,1,26,4,14,17
18,Yes,Travel_Rarely,956,Human Resources,8,2,Marketing,1,2,Female,71,4,2,Healthcare Representative,1,Single,4221,15309,0,Y,No,17,4,3,80,1,32,1970-01-01,3,2,18,13,16
37,Yes,Travel_Rarely,1309,Sales,10,2,Life Sciences,1,1,Male,95,1,3,Research Director,1,Married,6375,6393,7,Y,No,24,4,3,80,2,39,1970-01-01,2,35,13,14,3
21,No,Travel_Frequently,1371,Sales,28,2,Life Sciences,1,2,Male,61,1,4,Manager,1,Married,10152,3929,7,Y,No,22,4,1,80,2,37,1970-01-01,4,31,1,9,7
58,Yes,Travel_Rarely,295,Human Resources,18,2,Medical,1,4,Female,61,2,3,Human Resources,1,Married,19143,26728,3,Y,No,19,3,1,80,3,13,1970-01-01,1,39,3,9,5
58,No,Travel_Rarely,393,Human Resources,1,5,Medical,1,4,Female,87,1,2,Laboratory Technician,1,Divorced,11882,16324,5,Y,Yes,15,4,1,80,3,8,1970-01-01,4,36,8,2,17
24,Yes,Non-Travel,1433,Research & Development,16,2,Technical Degree,1,1,Female,38,2,5,Human Resources,4,Divorced,8739,15415,0,Y,Yes,19,3,2,80,0,37,1970-01-01,2,28,8,5,1
60,Yes,Travel_Rarely,1031,Sales,6,4,Medical,1,2,Female,75,4,1,Healthcare Representative,2,Married,9511,18481,3,Y,Yes,16,3,2,80,1,39,1970-01-01,4,5,0,6,17
45,Yes,Non-Travel,1009,Human Resources,13,2,Human Resources,1,4,Male,88,4,1,Human Resources,4,Divorced,14215,6831,4,Y,No,24,3,2,80,2,26,1970-01-01,4,6,9,9,8
21,Yes,Non-Travel,1226,Research & Development,19,1,Life Sciences,1,4,Female,44,2,3,Manufacturing Director,2,Divorced,9247,17926,9,Y,Yes,12,3,2,80,2,32,1970-01-01,1,31,14,14,13
27,Yes,Travel_Rarely,1255,Human Resources,29,3,Human Resources,1,2,Male,95,3,2,Human Resources,2,Single,13513,19815,6,Y,Yes,17,4,2,80,2,12,1970-01-01,1,22,3,15,5
59,No,Travel_Rarely,1005,Research & Development,24,5,Marketing,1,3,Male,54,2,3,Laboratory Technician,3,Single,5995,10296,0,Y,No,11,3,2,80,2,23,1970-01-01,3,25,7,1,11
44,No,Non-Travel,490,Sales,24,3,Other,1,2,Male,33,3,5,Human Resources,2,Divorced,11286,21110,3,Y,Yes,13,3,2,80,0,37,1970-01-01,1,20,10,10,11
33,Yes,Travel_Frequently,278,Research & Development,1,1,Medical,1,4,Male,60,4,2,Healthcare Representative,3,Married,3729,19749,8,Y,Yes,16,4,4,80,2,23,1970-01-01,3,30,17,2,4
53,Yes,Non-Travel,1102,Research & Development,24,2,Technical Degree,1,2,Female,84,3,1,Human Resources,3,Single,16918,5730,3,Y,Yes,20,3,4,80,0,8,1970-01-01,1,29,6,15,4
21,No,Travel_Frequently,893,Sales,7,1,Technical Degree,1,3,Female,55,1,5,Healthcare Representative,1,Divorced,9865,11446,4,Y,Yes,22,3,1,80,3,30,1970-01-01,1,15,4,3,12
52,No,Travel_Rarely,263,Sales,9,5,Marketing,1,4,Male,84,4,5,Manager,3,Divorced,11186,16658,9,Y,No,12,3,2,80,3,23,1970-01-01,4,9,15,15,1
20,Yes,Non-Travel,674,Human Resources,26,2,Human Resources,1,3,Male,88,4,5,Manufacturing Director,4,Divorced,8730,24351,7,Y,No,13,3,3,80,2,39,1970-01-01,3,14,9,9,4
39,Yes,Non-Travel,813,Human Resources,29,5,Medical,1,2,Male,33,1,4,Healthcare Representative,1,Married,12901,17982,6,Y,No,19,4,3,80,1,3,1970-01-01,4,12,0,15,1
54,No,Non-Travel,1338,Sales,21,1,Life Sciences,1,4,Male,59,1,1,Laboratory Technician,1,Married,19787,6525,7,Y,No,18,4,1,80,2,30,1970-01-01,2,28,2,13,11
33,No,Non-Travel,1332,Research & Development,19,3,Medical,1,2,Female,44,3,3,Sales Representative,3,Divorced,7609,2260,6,Y,No,20,3,1,80,3,8,1970-01-01,2,29,0,0,2
22,No,Travel_Frequently,997,Human Resources,11,2,Medical,1,4,Male,87,4,4,Healthcare Representative,4,Married,14200,21638,9,Y,No,21,3,4,80,1,28,1970-01-01,4,21,3,14,11
28,No,Travel_Frequently,1375,Sales,4,1,Human Resources,1,4,Female,48,4,3,Research Director,4,Divorced,1827,24166,0,Y,Yes,13,3,2,80,3,21,1970-01-01,3,0,7,13,14
43,Yes,Non-Travel,1200,Research & Development,28,2,Human Resources,1,3,Male,96,2,4,Sales Executive,4,Divorced,18020,12707,7,Y,Yes,25,3,3,80,3,22,1970-01-01,1,40,9,15,8
47,No,Travel_Rarely,705,Human Resources,27,4,Life Sciences,1,3,Female,74,4,4,Research Scientist,1,Divorced,6416,18375,3,Y,Yes,17,3,1,80,0,38,1970-01-01,1,40,16,13,14
42,No,Travel_Frequently,580,Sales,20,5,Other,1,2,Male,69,3,3,Manufacturing Director,4,Divorced,18129,23296,5,Y,No,17,4,2,80,2,23,1970-01-01,2,4,18,1,2
44,No,Non-Travel,155,Human Resources,18,3,Technical Degree,1,1,Male,30,2,2,Manufacturing Director,3,Divorced,10404,10645,8,Y,Yes,21,4,2,80,1,16,1970-01-01,1,1,8,12,10
56,No,Travel_Frequently,975,Human Resources,2,5,Other,1,2,Male,71,4,3,Healthcare Representative,4,Single,1913,16237,7,Y,No,22,4,2,80,0,20,1970-01-01,2,20,12,9,5
39,Yes,Travel_Rarely,1254,Human Resources,26,5,Human Resources,1,4,Female,39,3,2,Laboratory Technician,3,Single,9273,9687,3,Y,Yes,22,3,3,80,3,38,1970-01-01,4,27,4,6,1
51,No,Travel_Frequently,1226,Human Resources,26,2,Marketing,1,1,Male,48,4,4,Manufacturing Director,3,Divorced,5608,16373,4,Y,Yes,20,4,1,80,0,28,1970-01-01,1,17,18,7,12
43,No,Travel_Frequently,1354,Sales,3,1,Medical,1,4,Male,95,3,1,Laboratory Technician,1,Married,11319,3967,3,Y,No,16,4,1,80,0,5,1970-01-01,4,5,2,8,0
20,No,Non-Travel,1156,Sales,13,3,Life Sciences,1,4,Male,68,2,1,Manager,2,Married,11231,19278,9,Y,No,16,4,1,80,3,40,1970-01-01,4,28,5,14,2
36,No,Travel_Frequently,926,Human Resources,7,1,Technical Degree,1,1,Female,63,4,2,Healthcare Representative,3,Divorced,1777,7767,3,Y,Yes,15,4,3,80,0,33,1970-01-01,4,17,12,12,2
46,Yes,Travel_Rarely,119,Research & Development,16,4,Medical,1,3,Female,49,4,5,Research Scientist,2,Single,13205,5817,0,Y,Yes,16,4,2,80,0,27,1970-01-01,4,9,3,3,2
52,Yes,Non-Travel,129,Research & Development,28,4,Medical,1,1,Male,64,1,3,Sales Executive,2,Married,4237,6867,8,Y,No,23,4,3,80,1,38,1970-01-01,4,1,12,7,5
49,Yes,Travel_Rarely,165,Human Resources,24,2,Marketing,1,1,Male,30,4,3,Human Resources,2,Divorced,10928,22988,0,Y,No,18,3,4,80,3,8,1970-01-01,1,18,14,2,17
22,Yes,Non-Travel,125,Research & Development,15,4,Life Sciences,1,4,Female,40,3,2,Manufacturing Director,2,Married,11591,22719,4,Y,No,21,3,1,80,2,31,1970-01-01,4,2,15,13,10
47,No,Non-Travel,197,Sales,23,2,Medical,1,2,Male,30,4,1,Laboratory Technician,1,Divorced,13111,25416,7,Y,No,18,3,4,80,2,5,1970-01-01,3,22,12,3,1
19,No,Non-Travel,1483,Sales,3,2,Other,1,1,Female,71,2,4,Laboratory Technician,3,Divorced,18322,15207,9,Y,No,20,3,1,80,0,36,1970-01-01,3,23,7,2,0
42,Yes,Travel_Frequently,1410,Research & Development,5,4,Technical Degree,1,4,Male,89,3,3,Healthcare Representative,3,Divorced,2410,6813,2,Y,No,25,3,4,80,0,37,1970-01-01,2,4,1,12,12
31,No,Travel_Frequently,1385,Human Resources,29,3,Other,1,1,Female,30,1,3,Laboratory Technician,2,Married,15562,19970,2,Y,No,19,3,4,80,1,4,1970-01-01,1,22,13,7,12
54,Yes,Travel_Rarely,872,Research & Development,16,4,Life Sciences,1,1,Female,62,2,1,Manager,3,Divorced,4857,14903,0,Y,Yes,24,3,1,80,1,10,1970-01-01,4,20,4,14,7
35,No,Non-Travel,1208,Human Resources,15,4,Technical Degree,1,1,Male,59,1,2,Human Resources,2,Single,19032,4153,7,Y,Yes,22,4,3,80,2,16,1970-01-01,2,2,13,12,5
22,No,Travel_Rarely,535,Research & Development,1,1,Life Sciences,1,2,Female,59,2,3,Sales Executive,4,Single,15400,10018,5,Y,Yes,13,3,2,80,2,1,1970-01-01,4,7,16,0,17
35,No,Non-Travel,882,Research & Development,1,1,Life Sciences,1,2,Female,56,1,1,Research Scientist,2,Divorced,10119,12986,0,Y,No,21,3,3,80,3,23,1970-01-01,4,38,6,9,0
47,Yes,Travel_Rarely,1491,Research & Development,6,2,Marketing,1,2,Female,31,3,1,Laboratory Technician,3,Married,15456,2737,3,Y,Yes,23,3,2,80,3,25,1970-01-01,3,35,17,15,5
60,Yes,Non-Travel,1455,Sales,1,1,Medical,1,4,Female,81,2,2,Human Resources,4,Divorced,4501,23109,0,Y,No,23,3,3,80,1,11,1970-01-01,3,22,4,5,15
55,Yes,Travel_Frequently,1019,Human Resources,14,5,Marketing,1,4,Male,64,3,2,Manufacturing Director,3,Divorced,5320,5358,0,Y,No,20,4,4,80,3,32,1970-01-01,1,37,16,8,17
59,No,Non-Travel,796,Sales,13,2,Medical,1,4,Female,37,4,2,Sales Representative,2,Divorced,19257,24515,9,Y,Yes,23,4,3,80,0,34,1970-01-01,2,5,14,6,12
38,Yes,Travel_Frequently,1285,Human Resources,23,3,Human Resources,1,4,Male,32,3,3,Sales Executive,2,Married,12170,10197,1,Y,No,24,4,4,80,3,2,1970-01-01,4,25,4,8,11
22,Yes,Travel_Frequently,130,Human Resources,17,2,Life Sciences,1,3,Male,81,2,4,Manager,1,Married,19934,9083,0,Y,No,18,3,3,80,2,19,1970-01-01,2,40,1,11,4
47,Yes,Travel_Rarely,480,Research & Development,27,4,Medical,1,1,Female,95,1,5,Research Scientist,4,Single,7936,8323,0,Y,No,17,3,4,80,3,36,1970-01-01,1,24,6,3,14
42,Yes,Non-Travel,201,Sales,5,1,Other,1,1,Female,50,2,1,Manufacturing Director,3,Married,18369,16085,1,Y,No,17,4,4,80,3,12,1970-01-01,4,18,9,7,4
18,Yes,Travel_Frequently,1200,Sales,3,4,Medical,1,3,Male,59,1,2,Laboratory Technician,2,Divorced,14401,8754,1,Y,No,18,3,3,80,2,34,1970-01-01,4,13,9,12,11
59,Yes,Travel_Frequently,1165,Research & Development,21,2,Life Sciences,1,1,Female,36,4,4,Healthcare Representative,2,Married,16679,9673,1,Y,Yes,14,4,2,80,1,21,1970-01-01,2,21,10,2,2
47,No,Travel_Frequently,1331,Human Resources,18,3,Other,1,3,Male,85,2,3,Manufacturing Director,1,Married,19709,18837,0,Y,Yes,12,3,1,80,3,30,1970-01-01,4,0,10,13,15
41,No,Travel_Frequently,308,Human Resources,21,1,Human Resources,1,2,Male,71,1,2,Healthcare Representative,2,Divorced,17263,3359,2,Y,No,12,3,1,80,2,40,1970-01-01,1,13,3,2,2
30,No,Travel_Frequently,1386,Human Resources,8,2,Technical Degree,1,2,Male,40,2,2,Manager,3,Single,12627,18969,8,Y,No,12,4,1,80,2,34,1970-01-01,4,9,15,13,10
28,No,Travel_Frequently,1343,Sales,5,2,Life Sciences,1,3,Female,96,3,3,Laboratory Technician,4,Single,2130,3424,5,Y,No,19,3,3,80,0,5,1970-01-01,2,33,11,7,6
32,No,Travel_Rarely,924,Human Resources,14,5,Human Resources,1,4,Male,87,1,5,Human Resources,3,Single,4464,16693,5,Y,No,13,4,2,80,0,14,1970-01-01,3,7,16,10,10
21,Yes,Travel_Frequently,1213,Sales,21,2,Human Resources,1,2,Female,93,4,1,Manager,1,Married,2153,22553,0,Y,Yes,18,4,2,80,1,12,1970-01-01,4,7,18,14,8
45,Yes,Travel_Frequently,482,Human Resources,21,1,Life Sciences,1,2,Female,74,4,3,Manufacturing Director,3,Divorced,8445,4062,8,Y,No,17,3,3,80,0,19,1970-01-01,4,23,12,15,8
30,Yes,Non-Travel,579,Human Resources,28,3,Life Sciences,1,3,Male,54,4,5,Laboratory Technician,3,Single,19696,8148,8,Y,Yes,17,4,2,80,3,16,1970-01-01,4,24,2,7,5
26,Yes,Travel_Frequently,196,Human Resources,10,5,Life Sciences,1,3,Female,87,3,3,Healthcare Representative,1,Divorced,14291,7600,4,Y,Yes,21,3,3,80,0,8,1970-01-01,2,17,0,8,5
34,Yes,Travel_Rarely,1499,Research & Development,6,4,Medical,1,2,Male,79,4,2,Research Director,1,Single,12328,13942,1,Y,Yes,20,4,4,80,3,0,1970-01-01,1,36,8,12,6
20,Yes,Travel_Frequently,828,Sales,5,3,Other,1,4,Female,70,2,5,Manufacturing Director,3,Divorced,11673,20033,3,Y,Yes,11,3,1,80,0,17,1970-01-01,1,28,6,2,16
35,Yes,Non-Travel,1096,Research & Development,26,2,Medical,1,2,Male,34,1,2,Healthcare Representative,4,Divorced,12997,9325,8,Y,Yes,11,4,1,80,0,6,1970-01-01,4,26,6,10,10
28,Yes,Travel_Rarely,1225,Human Resources,21,2,Technical Degree,1,2,Male,80,2,5,Laboratory Technician,4,Single,3028,7432,5,Y,Yes,18,4,4,80,0,5,1970-01-01,2,7,8,13,8
49,Yes,Travel_Frequently,1489,Research & Development,14,3,Human Resources,1,4,Female,47,3,3,Sales Executive,2,Divorced,2161,8070,8,Y,No,22,4,1,80,2,7,1970-01-01,4,9,7,6,16
44,No,Non-Travel,840,Research & Development,4,3,Marketing,1,1,Male,46,1,1,Research Director,2,Divorced,1988,15442,3,Y,Yes,22,4,1,80,0,31,1970-01-01,4,9,8,9,17
54,No,Travel_Frequently,871,Research & Development,9,5,Marketing,1,2,Female,41,1,2,Human Resources,3,Single,16876,25015,1,Y,No,16,4,1,80,0,15,1970-01-01,4,26,18,7,9
20,Yes,Non-Travel,300,Research & Development,3,3,Other,1,4,Female,50,4,1,Human Resources,1,Married,7776,21998,1,Y,No,22,3,4,80,0,25,1970-01-01,4,9,8,4,1
30,No,Travel_Rarely,1265,Human Resources,6,4,Medical,1,3,Female,30,4,5,Sales Executive,2,Married,14694,15997,3,Y,No,22,3,1,80,0,19,1970-01-01,2,18,8,13,0
58,No,Travel_Frequently,975,Human Resources,15,5,Technical Degree,1,4,Male,47,4,2,Research Scientist,1,Married,1575,6718,9,Y,Yes,23,3,1,80,0,34,1970-01-01,4,40,0,13,15
37,Yes,Travel_Frequently,1233,Human Resources,13,4,Human Resources,1,4,Male,90,4,2,Healthcare Representative,1,Divorced,15514,26018,1,Y,No,12,4,4,80,1,11,1970-01-01,2,19,7,12,6
58,No,Travel_Rarely,321,Research & Development,12,5,Life Sciences,1,4,Female,52,2,5,Manufacturing Director,1,Divorced,13170,22858,6,Y,No,16,4,3,80,3,40,1970-01-01,3,9,1,8,4
52,No,Travel_Frequently,852,Human Resources,17,1,Marketing,1,2,Male,33,3,2,Healthcare Representative,1,Married,7887,9648,9,Y,No,20,3,3,80,2,17,1970-01-01,1,7,18,5,1
50,Yes,Travel_Frequently,1139,Research & Development,21,5,Technical Degree,1,3,Male,82,4,3,Sales Representative,3,Single,12993,21362,7,Y,Yes,22,3,1,80,0,40,1970-01-01,1,0,15,3,13
58,No,Travel_Frequently,1265,Research & Development,19,5,Marketing,1,1,Male,36,1,3,Manufacturing Director,2,Single,19056,25311,0,Y,Yes,18,3,2,80,2,17,1970-01-01,3,6,0,7,1
27,Yes,Travel_Frequently,324,Human Resources,23,5,Life Sciences,1,1,Male,62,4,3,Research Director,3,Single,5971,6179,4,Y,Yes,18,3,4,80,3,34,1970-01-01,4,24,17,1,8
37,No,Travel_Rarely,998,Sales,11,4,Marketing,1,3,Male,91,2,1,Manufacturing Director,4,Divorced,13143,6545,0,Y,No,11,4,2,80,3,29,1970-01-01,4,28,4,11,3
37,Yes,Travel_Frequently,729,Human Resources,21,2,Human Resources,1,1,Male,55,2,1,Sales Representative,2,Married,6174,26764,3,Y,Yes,17,3,4,80,1,17,1970-01-01,3,10,13,12,3
33,Yes,Travel_Frequently,592,Research & Development,27,3,Human Resources,1,3,Female,88,4,1,Human Resources,1,Divorced,1309,22322,8,Y,Yes,25,4,1,80,1,10,1970-01-01,2,14,14,12,13
24,No,Non-Travel,591,Sales,1,3,Technical Degree,1,1,Female,54,4,2,Laboratory Technician,3,Divorced,11935,18412,2,Y,Yes,14,4,1,80,2,3,1970-01-01,3,39,14,0,6
35,No,Non-Travel,478,Sales,20,1,Medical,1,1,Male,41,3,3,Laboratory Technician,3,Single,4265,16228,1,Y,Yes,24,3,3,80,1,16,1970-01-01,2,33,2,4,2
29,Yes,Travel_Rarely,1450,Human Resources,13,4,Marketing,1,3,Female,64,1,2,Manufacturing Director,4,Single,10033,24558,1,Y,Yes,12,3,2,80,2,2,1970-01-01,1,20,5,9,17
33,No,Travel_Rarely,718,Sales,22,1,Human Resources,1,2,Male,97,2,4,Manager,1,Single,19833,11400,0,Y,Yes,24,3,3,80,3,28,1970-01-01,4,25,18,1,0
27,Yes,Non-Travel,1412,Human Resources,28,5,Other,1,3,Female,93,1,3,Sales Executive,3,Divorced,11601,16768,2,Y,No,25,4,3,80,1,34,1970-01-01,4,27,3,0,17
35,No,Non-Travel,1280,Sales,27,4,Technical Degree,1,4,Female,65,3,5,Research Director,4,Divorced,2454,8860,6,Y,Yes,17,3,2,80,2,18,1970-01-01,4,35,5,5,1
27,Yes,Travel_Rarely,992,Research & Development,11,5,Human Resources,1,3,Female,99,4,3,Laboratory Technician,2,Single,13247,7548,2,Y,No,11,3,4,80,2,21,1970-01-01,4,3,17,9,5
60,No,Travel_Frequently,544,Sales,12,2,Technical Degree,1,3,Female,64,1,3,Healthcare Representative,1,Married,11908,12005,2,Y,No,16,4,2,80,0,20,1970-01-01,1,28,7,10,1
41,No,Travel_Frequently,561,Sales,2,3,Life Sciences,1,4,Female,80,1,3,Human Resources,4,Single,5586,19723,5,Y,No,25,4,2,80,0,0,1970-01-01,1,32,15,10,5
40,Yes,Non-Travel,1126,Sales,9,1,Marketing,1,2,Female,87,1,4,Sales Executive,4,Married,7160,22295,1,Y,Yes,25,4,3,80,3,16,1970-01-01,3,0,10,10,9
44,Yes,Travel_Rarely,235,Research & Development,1,1,Life Sciences,1,3,Male,96,3,4,Human Resources,3,Married,5920,3866,8,Y,Yes,13,3,1,80,1,25,1970-01-01,3,19,4,3,3
25,No,Non-Travel,557,Human Resources,1,1,Other,1,4,Female,50,4,3,Manager,1,Single,5043,2474,5,Y,No,21,3,2,80,2,19,1970-01-01,3,12,3,9,14
48,Yes,Non-Travel,1086,Sales,9,3,Other,1,3,Male,43,3,4,Healthcare Representative,3,Married,1652,6801,8,Y,No,20,4,3,80,0,6,1970-01-01,2,24,11,11,14
30,No,Travel_Frequently,872,Sales,28,3,Other,1,2,Male,89,1,1,Healthcare Representative,4,Married,2526,17700,2,Y,Yes,19,4,4,80,3,40,1970-01-01,4,40,0,1,9
43,No,Non-Travel,491,Research & Development,20,2,Human Resources,1,4,Male,53,1,3,Sales Representative,4,Single,9493,8794,4,Y,Yes,21,3,2,80,3,29,1970-01-01,2,29,15,7,8
34,No,Non-Travel,1276,Research & Development,3,1,Medical,1,1,Female,100,2,5,Manufacturing Director,2,Divorced,1938,24443,8,Y,Yes,13,4,4,80,0,34,1970-01-01,4,17,4,3,12
29,Yes,Non-Travel,573,Research & Development,25,1,Technical Degree,1,2,Male,95,2,3,Sales Executive,3,Divorced,8765,9488,4,Y,Yes,14,3,2,80,3,22,1970-01-01,2,0,5,15,7
58,Yes,Non-Travel,483,Research & Development,1,2,Life Sciences,1,3,Female,75,4,5,Manager,1,Married,17030,9474,5,Y,Yes,17,4,1,80,1,1,1970-01-01,4,2,9,9,16
58,Yes,Travel_Rarely,690,Research & Development,16,4,Medical,1,3,Male,84,4,4,Sales Executive,3,Single,14120,20948,9,Y,No,11,3,1,80,3,22,1970-01-01,4,6,1,2,11
53,No,Travel_Rarely,1208,Human Resources,24,1,Other,1,2,Male,71,1,3,Research Scientist,2,Divorced,7375,3413,5,Y,No,11,4,4,80,2,38,1970-01-01,3,2,5,6,7
59,No,Non-Travel,437,Human Resources,24,1,Medical,1,2,Male,47,4,4,Research Director,3,Single,5154,5251,9,Y,Yes,20,4,2,80,1,19,1970-01-01,2,16,0,11,12
50,Yes,Non-Travel,1101,Human Resources,17,2,Marketing,1,3,Female,61,4,5,Research Scientist,1,Divorced,7934,21781,7,Y,Yes,12,4,3,80,2,12,1970-01-01,1,36,18,5,10
51,Yes,Travel_Rarely,1480,Research & Development,24,3,Medical,1,3,Male,46,3,2,Sales Representative,1,Married,19532,12903,3,Y,No,22,3,3,80,0,27,1970-01-01,2,14,3,11,16
24,Yes,Travel_Rarely,1494,Research & Development,12,2,Marketing,1,3,Male,58,1,1,Laboratory Technician,4,Single,19170,19085,6,Y,Yes,13,4,3,80,0,0,1970-01-01,4,14,17,11,0
22,No,Non-Travel,1162,Sales,16,4,Other,1,2,Male,90,3,2,Manager,3,Married,5201,4812,9,Y,No,11,3,1,80,1,22,1970-01-01,4,6,13,5,7
32,No,Non-Travel,1234,Sales,12,2,Technical Degree,1,2,Male,79,3,3,Sales Executive,3,Divorced,1034,2378,1,Y,No,20,4,4,80,2,4,1970-01-01,1,21,17,13,10
59,Yes,Travel_Frequently,1301,Research & Development,14,1,Other,1,1,Female,65,4,5,Manufacturing Director,4,Married,16838,7025,7,Y,Yes,19,4,3,80,3,16,1970-01-01,4,13,15,0,17
36,No,Travel_Frequently,498,Research & Development,10,4,Other,1,4,Male,84,2,4,Sales Executive,2,Single,10111,2096,2,Y,No,20,4,2,80,2,28,1970-01-01,3,18,8,0,14
53,No,Non-Travel,320,Research & Development,1,2,Human Resources,1,3,Female,88,2,4,Laboratory Technician,4,Divorced,9437,7387,3,Y,No,15,3,2,80,0,16,1970-01-01,3,19,10,4,5
21,Yes,Travel_Frequently,682,Human Resources,19,3,Other,1,1,Male,77,2,5,Sales Executive,4,Divorced,9278,22851,9,Y,Yes,17,3,2,80,2,6,1970-01-01,1,20,1,6,1
59,Yes,Travel_Rarely,469,Human Resources,21,2,Human Resources,1,1,Female,89,1,1,Manufacturing Director,4,Married,14161,21830,4,Y,No,17,4,1,80,1,33,1970-01-01,1,20,17,4,4
60,No,Non-Travel,1353,Sales,20,5,Medical,1,4,Male,39,3,1,Manufacturing Director,3,Single,18071,9132,5,Y,Yes,22,4,1,80,2,4,1970-01-01,4,7,16,9,9
52,No,Travel_Frequently,386,Human Resources,15,1,Technical Degree,1,3,Female,55,4,4,Research Director,4,Divorced,12161,16121,8,Y,No,25,4,4,80,2,4,1970-01-01,4,8,9,10,2
50,Yes,Travel_Rarely,1443,Sales,23,3,Life Sciences,1,2,Female,54,3,5,Manufacturing Director,2,Single,8232,24968,5,Y,No,21,4,3,80,2,27,1970-01-01,2,36,6,0,10
26,Yes,Travel_Rarely,1051,Human Resources,7,4,Human Resources,1,1,Female,93,1,2,Research Director,2,Single,12142,21456,9,Y,No,15,3,1,80,1,3,1970-01-01,1,0,2,6,7
55,No,Travel_Rarely,561,Research & Development,3,5,Technical Degree,1,2,Female,91,3,1,Sales Executive,4,Married,9543,3269,1,Y,Yes,15,4,4,80,1,21,1970-01-01,2,33,0,9,7
31,Yes,Travel_Frequently,154,Sales,25,5,Other,1,2,Male,66,2,4,Human Resources,1,Married,3410,15752,3,Y,Yes,15,4,1,80,3,24,1970-01-01,4,36,17,11,17
50,No,Non-Travel,324,Sales,18,2,Life Sciences,1,1,Male,84,3,5,Sales Executive,2,Divorced,4870,26094,4,Y,Yes,11,4,2,80,1,8,1970-01-01,2,2,13,13,11
35,No,Travel_Rarely,1007,Research & Development,13,5,Medical,1,2,Male,65,4,2,Research Director,3,Married,13542,3032,2,Y,No,18,3,3,80,0,0,1970-01-01,2,27,0,12,14
30,No,Travel_Rarely,1431,Human Resources,22,3,Medical,1,3,Male,83,3,3,Laboratory Technician,4,Single,12676,17987,9,Y,No,19,3,4,80,0,3,1970-01-01,3,6,0,15,16
18,Yes,Travel_Frequently,1293,Research & Development,13,2,Other,1,2,Female,48,4,4,Manufacturing Director,2,Divorced,5653,23253,5,Y,No,23,3,2,80,3,25,1970-01-01,4,14,2,0,7
20,Yes,Travel_Rarely,237,Sales,24,2,Other,1,1,Male,78,4,1,Laboratory Technician,2,Single,11076,16853,9,Y,Yes,23,4,3,80,0,23,1970-01-01,1,6,4,5,3
35,Yes,Travel_Rarely,1120,Sales,6,2,Other,1,3,Female,60,3,5,Healthcare Representative,4,Single,2544,9591,8,Y,Yes,23,4,2,80,2,11,1970-01-01,2,30,18,6,4
18,Yes,Non-Travel,765,Human Resources,23,4,Marketing,1,1,Female,44,4,5,Human Resources,4,Single,3718,19073,0,Y,No,19,3,3,80,0,32,1970-01-01,3,39,5,12,5
20,No,Non-Travel,1053,Research & Development,18,4,Life Sciences,1,4,Female,36,3,4,Laboratory Technician,4,Divorced,7517,23319,5,Y,Yes,22,3,4,80,1,27,1970-01-01,2,27,8,13,3
25,No,Travel_Frequently,1115,Research & Development,28,4,Technical Degree,1,3,Female,39,3,3,Research Scientist,3,Divorced,17387,2953,4,Y,No,14,4,1,80,3,5,1970-01-01,2,18,11,8,9
41,Yes,Travel_Frequently,181,Sales,23,2,Marketing,1,2,Male,40,2,1,Sales Executive,2,Single,9726,6378,8,Y,No,19,4,4,80,0,36,1970-01-01,4,10,11,15,15
43,Yes,Travel_Frequently,439,Sales,10,5,Human Resources,1,3,Male,61,4,4,Human Resources,1,Married,18509,15914,0,Y,No,15,3,1,80,1,34,1970-01-01,1,33,8,11,17
39,Yes,Non-Travel,556,Human Resources,8,2,Technical Degree,1,2,Male,46,2,4,Sales Representative,4,Divorced,13667,19911,1,Y,No,15,3,3,80,1,1,1970-01-01,2,24,17,4,5
30,Yes,Travel_Rarely,726,Research & Development,8,3,Marketing,1,3,Male,78,1,1,Research Director,1,Married,4693,12784,0,Y,Yes,11,3,4,80,2,30,1970-01-01,1,6,9,10,12
41,Yes,Non-Travel,1124,Human Resources,2,1,Marketing,1,4,Male,63,4,4,Manager,4,Single,12670,6266,1,Y,No,17,4,2,80,3,6,1970-01-01,3,37,16,7,10
37,No,Travel_Rarely,493,Human Resources,20,4,Marketing,1,1,Male,74,1,4,Manager,4,Single,13641,17953,6,Y,Yes,23,3,2,80,3,38,1970-01-01,1,34,6,8,15
50,No,Travel_Rarely,546,Human Resources,12,5,Life Sciences,1,4,Female,86,1,1,Human Resources,4,Married,6609,20423,6,Y,No,11,3,1,80,2,19,1970-01-01,4,8,11,15,11
18,Yes,Non-Travel,1157,Human Resources,1,4,Medical,1,2,Male,42,4,4,Laboratory Technician,2,Divorced,6185,5106,9,Y,Yes,11,4,3,80,3,22,1970-01-01,4,34,10,0,15
38,Yes,Non-Travel,524,Human Resources,9,5,Marketing,1,4,Male,58,4,5,Sales Representative,2,Married,15440,8654,4,Y,Yes,18,3,4,80,2,33,1970-01-01,4,23,9,1,2
28,No,Non-Travel,1056,Sales,3,4,Medical,1,1,Male,69,1,2,Manager,2,Divorced,14631,11727,1,Y,No,24,4,1,80,1,3,1970-01-01,1,24,5,1,6
49,No,Non-Travel,1010,Research & Development,28,4,Other,1,4,Male,61,4,5,Sales Representative,4,Single,6547,13953,7,Y,No,22,3,2,80,2,31,1970-01-01,4,1,10,2,17
43,No,Non-Travel,1150,Sales,27,4,Life Sciences,1,3,Male,48,1,2,Research Director,1,Single,11514,23459,2,Y,Yes,24,4,3,80,1,4,1970-01-01,4,11,7,6,10
26,Yes,Travel_Frequently,551,Human Resources,3,4,Life Sciences,1,4,Female,83,3,3,Manager,2,Divorced,12865,20854,0,Y,No,16,3,4,80,3,17,1970-01-01,4,38,10,9,1
24,Yes,Non-Travel,705,Sales,7,1,Medical,1,1,Male,30,4,3,Research Scientist,3,Single,13249,3144,0,Y,No,21,3,2,80,0,33,1970-01-01,4,7,0,3,11
36,Yes,Travel_Frequently,595,Sales,12,1,Technical Degree,1,3,Female,99,2,5,Laboratory Technician,2,Married,13312,18359,6,Y,No,21,3,2,80,2,23,1970-01-01,4,11,10,1,8
56,Yes,Travel_Rarely,1006,Sales,20,5,Marketing,1,4,Female,89,2,3,Healthcare Representative,4,Single,9372,24642,9,Y,No,18,3,1,80,2,6,1970-01-01,1,39,13,0,6
37,Yes,Non-Travel,1034,Research & Development,6,5,Technical Degree,1,3,Female,39,1,4,Research Director,2,Single,1762,5612,0,Y,No,14,4,4,80,1,1,1970-01-01,2,21,7,7,11
29,No,Travel_Frequently,957,Sales,26,1,Technical Degree,1,2,Male,54,2,1,Research Director,4,Married,6942,10739,3,Y,Yes,25,4,1,80,2,35,1970-01-01,2,13,14,6,4
53,No,Non-Travel,1273,Sales,5,2,Marketing,1,4,Female,43,3,4,Sales Executive,2,Single,14651,4008,9,Y,No,16,3,1,80,0,22,1970-01-01,4,26,18,8,14
51,Yes,Travel_Rarely,556,Human Resources,5,4,Technical Degree,1,3,Male,68,1,2,Research Scientist,1,Married,7503,19946,2,Y,No,13,4,2,80,1,5,1970-01-01,4,32,18,15,2
19,Yes,Travel_Frequently,210,Sales,29,1,Life Sciences,1,1,Female,50,1,3,Sales Executive,4,Divorced,13193,19214,1,Y,No,24,3,4,80,0,37,1970-01-01,3,34,7,5,12
20,Yes,Travel_Frequently,895,Human Resources,2,5,Marketing,1,3,Male,93,1,2,Research Director,2,Married,15297,20751,8,Y,Yes,14,3,1,80,1,34,1970-01-01,1,39,5,8,0
47,No,Non-Travel,1118,Research & Development,25,2,Marketing,1,2,Female,57,3,1,Research Director,3,Divorced,8592,3446,8,Y,Yes,11,4,3,80,3,13,1970-01-01,4,20,3,9,10
33,Yes,Non-Travel,1150,Human Resources,26,2,Technical Degree,1,3,Male,54,4,4,Research Scientist,4,Divorced,16543,19093,8,Y,Yes,12,3,4,80,3,28,1970-01-01,1,19,10,3,12
25,No,Travel_Rarely,443,Human Resources,19,4,Technical Degree,1,3,Female,88,2,2,Healthcare Representative,2,Single,2155,12102,2,Y,No,21,4,3,80,0,27,1970-01-01,4,20,14,12,6
27,Yes,Non-Travel,961,Sales,14,1,Technical Degree,1,1,Female,33,1,4,Research Director,1,Married,11394,4619,2,Y,No,13,4,1,80,1,3,1970-01-01,2,36,1,9,7
25,Yes,Travel_Frequently,478,Research & Development,25,4,Medical,1,2,Female,90,2,1,Sales Representative,2,Married,12517,10479,4,Y,No,19,4,2,80,1,10,1970-01-01,2,6,2,3,5
59,No,Travel_Rarely,659,Human Resources,24,1,Other,1,1,Male,62,2,2,Research Scientist,2,Married,11100,9555,2,Y,No,16,4,2,80,1,14,1970-01-01,4,26,9,14,17
53,Yes,Non-Travel,1344,Human Resources,18,3,Other,1,2,Male,90,3,2,Research Director,1,Single,15729,13237,0,Y,No,16,4,2,80,1,21,1970-01-01,1,16,15,14,1
55,No,Non-Travel,444,Research & Development,25,2,Technical Degree,1,4,Female,40,4,1,Human Resources,2,Married,8131,23101,2,Y,Yes,15,3,4,80,1,2,1970-01-01,2,38,3,8,17
28,Yes,Non-Travel,1021,Research & Development,4,3,Life Sciences,1,2,Male,75,1,4,Human Resources,1,Single,1548,21549,8,Y,No,23,3,1,80,3,23,1970-01-01,1,17,16,6,8
46,Yes,Travel_Frequently,1461,Human Resources,4,3,Other,1,1,Male,43,1,5,Research Scientist,2,Married,11721,9580,8,Y,No,21,4,2,80,3,38,1970-01-01,1,38,0,3,1
40,Yes,Non-Travel,1237,Research & Development,19,4,Medical,1,2,Female,34,1,5,Research Scientist,1,Married,17195,23962,6,Y,No,11,4,1,80,2,3,1970-01-01,1,4,14,1,6
29,No,Travel_Rarely,764,Sales,3,2,Human Resources,1,3,Male,36,1,4,Healthcare Representative,2,Single,3121,21482,6,Y,No,12,4,3,80,3,22,1970-01-01,1,17,1,11,12
18,No,Travel_Rarely,793,Research & Development,20,4,Human Resources,1,1,Male,83,2,4,Laboratory Technician,1,Single,1575,25641,1,Y,No,19,3,1,80,3,37,1970-01-01,1,13,11,5,6
43,No,Travel_Rarely,1145,Sales,5,3,Human Resources,1,3,Female,51,3,5,Manager,4,Married,17105,17599,2,Y,Yes,24,4,3,80,2,8,1970-01-01,2,23,18,12,12
29,Yes,Travel_Frequently,645,Sales,10,2,Human Resources,1,4,Male,55,1,2,Manufacturing Director,4,Divorced,6631,2791,7,Y,Yes,11,3,3,80,0,29,1970-01-01,4,34,9,6,10
46,No,Travel_Rarely,563,Research & Development,29,1,Medical,1,1,Female,31,4,5,Research Director,4,Married,19005,16815,3,Y,No,20,4,3,80,0,9,1970-01-01,3,16,9,12,14
57,Yes,Travel_Frequently,318,Sales,18,4,Marketing,1,1,Male,37,3,1,Laboratory Technician,2,Divorced,7479,26838,5,Y,Yes,22,4,3,80,0,24,1970-01-01,3,30,10,2,11
23,Yes,Travel_Frequently,490,Human Resources,10,5,Life Sciences,1,3,Male,45,4,4,Research Director,2,Divorced,16109,10780,9,Y,No,11,4,3,80,3,27,1970-01-01,1,40,1,15,17
52,No,Travel_Frequently,1282,Research & Development,29,3,Other,1,3,Female,89,4,1,Research Scientist,3,Single,10797,20982,4,Y,No,11,3,1,80,1,14,1970-01-01,3,31,12,13,9
59,No,Non-Travel,1450,Sales,10,5,Human Resources,1,1,Female,47,2,2,Healthcare Representative,4,Married,12380,15331,4,Y,No,17,4,4,80,3,18,1970-01-01,1,35,11,1,13
45,No,Travel_Frequently,1033,Research & Development,16,2,Human Resources,1,2,Male,84,4,2,Sales Representative,3,Single,17530,26308,2,Y,No,25,4,1,80,3,7,1970-01-01,4,34,2,4,16
42,Yes,Non-Travel,751,Research & Development,7,1,Marketing,1,3,Female,93,1,3,Laboratory Technician,4,Divorced,11703,26642,3,Y,Yes,20,4,4,80,2,19,1970-01-01,4,27,5,5,11
44,Yes,Travel_Frequently,1073,Sales,23,4,Other,1,1,Female,65,2,1,Sales Executive,4,Divorced,8712,10095,1,Y,No,15,4,3,80,1,16,1970-01-01,2,19,17,2,4
57,No,Travel_Frequently,1346,Sales,17,5,Medical,1,1,Male,79,4,3,Sales Representative,2,Divorced,3057,26809,1,Y,Yes,18,4,2,80,3,29,1970-01-01,3,6,18,9,7
43,No,Non-Travel,1401,Human Resources,22,3,Life Sciences,1,1,Female,94,1,3,Healthcare Representative,3,Married,15599,6414,7,Y,No,25,4,2,80,1,33,1970-01-01,3,26,18,7,14
39,Yes,Non-Travel,1399,Research & Development,11,5,Marketing,1,3,Male,84,3,2,Research Scientist,1,Single,14101,21897,3,Y,No,18,4,1,80,0,1,1970-01-01,3,26,4,1,11
22,No,Non-Travel,157,Human Resources,6,2,Marketing,1,1,Male,95,3,5,Research Director,3,Married,18194,4869,4,Y,Yes,21,3,4,80,1,27,1970-01-01,2,36,18,9,6
59,No,Non-Travel,142,Research & Development,20,5,Life Sciences,1,4,Male,62,3,4,Laboratory Technician,3,Single,1656,16925,6,Y,Yes,22,3,4,80,0,7,1970-01-01,3,14,9,15,11
52,No,Travel_Frequently,108,Sales,21,3,Human Resources,1,4,Female,88,3,3,Laboratory Technician,1,Single,13240,3056,6,Y,Yes,20,3,1,80,3,26,1970-01-01,2,20,7,1,11
60,Yes,Non-Travel,1467,Sales,17,4,Life Sciences,1,1,Female,87,1,1,Healthcare Representative,1,Single,12846,23944,4,Y,No,23,4,2,80,0,15,1970-01-01,2,36,18,4,16
46,Yes,Travel_Frequently,1124,Research & Development,18,3,Other,1,4,Male,71,3,1,Research Scientist,3,Single,3212,12469,2,Y,Yes,22,3,1,80,0,24,1970-01-01,4,6,11,5,8
36,Yes,Non-Travel,1334,Research & Development,5,3,Medical,1,4,Male,41,1,4,Healthcare Representative,3,Single,19165,22665,4,Y,Yes,16,3,4,80,3,35,1970-01-01,4,26,14,4,4
29,No,Non-Travel,554,Research & Development,9,5,Medical,1,2,Female,79,2,1,Sales Representative,1,Divorced,1796,12321,1,Y,No,17,4,2,80,0,28,1970-01-01,1,36,15,5,1
29,No,Travel_Frequently,1189,Human Resources,13,3,Other,1,1,Male,88,2,5,Manufacturing Director,1,Married,7387,22180,7,Y,No,16,3,1,80,2,10,1970-01-01,4,21,13,0,1
34,Yes,Travel_Frequently,1293,Human Resources,24,3,Marketing,1,4,Male,78,3,5,Manager,3,Single,11181,14648,0,Y,Yes,23,4,3,80,2,14,1970-01-01,4,5,6,14,9
29,No,Non-Travel,1018,Sales,4,4,Human Resources,1,3,Male,92,2,4,Sales Representative,4,Married,15034,26157,7,Y,Yes,12,3,1,80,2,30,1970-01-01,2,9,6,3,11
19,No,Travel_Rarely,1152,Sales,15,2,Human Resources,1,2,Male,55,4,1,Laboratory Technician,1,Married,10313,17203,2,Y,No,23,4,1,80,1,6,1970-01-01,4,16,18,0,7
28,No,Travel_Frequently,426,Human Resources,16,2,Life Sciences,1,3,Male,61,4,5,Healthcare Representative,3,Married,2928,7375,7,Y,Yes,21,3,1,80,1,38,1970-01-01,2,26,4,2,15
43,No,Travel_Frequently,918,Research & Development,1,5,Medical,1,1,Male,43,1,1,Human Resources,3,Single,11943,23345,3,Y,Yes,19,4,1,80,0,34,1970-01-01,1,21,8,0,4
21,Yes,Non-Travel,1078,Human Resources,21,2,Marketing,1,4,Female,45,2,4,Human Resources,2,Married,5344,17719,4,Y,No,14,3,3,80,0,20,1970-01-01,4,17,1,5,5
19,Yes,Travel_Rarely,756,Sales,16,2,Human Resources,1,2,Male,69,3,2,Healthcare Representative,2,Married,6210,16688,8,Y,Yes,17,3,4,80,3,35,1970-01-01,4,34,9,13,4
26,No,Travel_Rarely,625,Human Resources,3,1,Life Sciences,1,4,Male,68,3,4,Research Director,1,Married,6866,25514,0,Y,Yes,16,3,4,80,0,36,1970-01-01,4,36,7,3,15
40,No,Travel_Frequently,471,Human Resources,16,5,Technical Degree,1,2,Male,46,2,5,Research Scientist,3,Divorced,8146,18979,9,Y,Yes,24,3,1,80,3,14,1970-01-01,3,10,7,3,9
32,No,Travel_Rarely,1110,Research & Development,10,4,Human Resources,1,4,Female,42,4,4,Research Director,3,Divorced,6663,18169,7,Y,Yes,11,3,4,80,0,34,1970-01-01,1,33,9,1,6
41,Yes,Non-Travel,1330,Research & Development,16,5,Technical Degree,1,1,Male,98,1,5,Healthcare Representative,3,Divorced,8388,7580,9,Y,Yes,21,4,4,80,3,3,1970-01-01,1,27,0,6,16
30,Yes,Travel_Rarely,1485,Research & Development,17,3,Other,1,1,Female,69,2,4,Laboratory Technician,3,Divorced,6041,26702,8,Y,Yes,25,3,4,80,0,40,1970-01-01,1,28,4,13,3
40,Yes,Non-Travel,212,Sales,10,5,Technical Degree,1,1,Male,72,1,4,Sales Executive,4,Divorced,4661,14684,0,Y,Yes,16,3,4,80,3,29,1970-01-01,4,38,8,15,17
25,Yes,Travel_Frequently,1185,Sales,10,2,Other,1,4,Male,44,4,1,Healthcare Representative,4,Married,8674,20315,3,Y,No,12,3,1,80,1,26,1970-01-01,3,6,9,2,2
43,No,Non-Travel,284,Human Resources,3,4,Other,1,4,Male,96,4,2,Research Director,1,Single,5703,26562,3,Y,No,20,3,4,80,1,20,1970-01-01,4,20,17,6,2
41,No,Non-Travel,280,Human Resources,29,2,Marketing,1,4,Female,62,4,2,Human Resources,4,Married,5356,16942,8,Y,No,19,4,2,80,3,18,1970-01-01,2,33,3,13,10
37,No,Travel_Rarely,618,Research & Development,4,5,Human Resources,1,1,Female,50,4,5,Research Director,4,Single,3419,15278,8,Y,No,21,3,1,80,3,22,1970-01-01,1,16,14,2,5
19,No,Non-Travel,450,Research & Development,19,4,Life Sciences,1,4,Male,61,3,1,Laboratory Technician,2,Divorced,6512,3505,7,Y,Yes,13,4,2,80,2,28,1970-01-01,2,2,3,13,0
22,Yes,Non-Travel,1039,Sales,18,5,Life Sciences,1,4,Female,67,2,2,Human Resources,2,Single,16907,17384,8,Y,No,24,4,3,80,3,10,1970-01-01,4,5,7,1,13
29,Yes,Travel_Rarely,613,Human Resources,15,2,Marketing,1,3,Female,97,1,1,Laboratory Technician,4,Divorced,18954,2799,1,Y,No,17,3,2,80,2,14,1970-01-01,1,21,10,0,15
31,Yes,Travel_Frequently,856,Human Resources,6,5,Human Resources,1,2,Male,81,2,1,Manufacturing Director,2,Divorced,14603,10518,9,Y,No,14,3,2,80,1,35,1970-01-01,4,28,7,11,7
27,No,Travel_Rarely,844,Sales,23,3,Life Sciences,1,3,Female,91,3,5,Research Scientist,1,Divorced,13100,23184,6,Y,Yes,23,3,3,80,0,24,1970-01-01,4,40,3,13,15
48,Yes,Non-Travel,908,Human Resources,21,2,Life Sciences,1,3,Male,40,3,3,Laboratory Technician,2,Married,16551,5598,3,Y,Yes,11,4,4,80,0,32,1970-01-01,2,12,9,10,4
26,No,Travel_Frequently,1303,Research & Development,15,5,Medical,1,2,Male,43,2,5,Sales Executive,4,Divorced,8794,6105,8,Y,No,20,4,3,80,3,34,1970-01-01,2,4,13,11,15
36,No,Travel_Rarely,1356,Research & Development,12,2,Life Sciences,1,1,Female,56,2,3,Research Scientist,3,Single,5847,25866,0,Y,No,25,3,4,80,3,3,1970-01-01,4,17,1,9,15
39,No,Non-Travel,1204,Research & Development,19,1,Other,1,4,Female,97,3,4,Healthcare Representative,1,Married,3269,18468,2,Y,No,14,4,4,80,2,15,1970-01-01,3,7,6,1,16
56,Yes,Travel_Frequently,703,Sales,2,4,Marketing,1,1,Male,41,1,3,Laboratory Technician,1,Divorced,1610,13192,1,Y,No,21,4,2,80,0,36,1970-01-01,4,26,8,15,14
18,No,Non-Travel,1124,Research & Development,23,1,Marketing,1,3,Male,77,1,2,Manager,3,Divorced,19712,15693,1,Y,Yes,15,4,4,80,1,22,1970-01-01,4,19,9,9,15
26,Yes,Travel_Rarely,1107,Research & Development,14,1,Marketing,1,2,Female,75,1,1,Human Resources,4,Divorced,2948,14280,6,Y,No,19,4,2,80,3,36,1970-01-01,4,4,18,0,9
30,Yes,Travel_Frequently,1262,Research & Development,27,2,Marketing,1,2,Male,35,4,4,Sales Executive,3,Single,13298,11003,2,Y,Yes,19,4,4,80,1,11,1970-01-01,4,31,5,5,8
59,Yes,Travel_Frequently,1136,Sales,24,4,Human Resources,1,4,Male,71,4,4,Sales Executive,1,Divorced,17485,24005,9,Y,Yes,23,4,2,80,2,20,1970-01-01,2,8,14,1,3
27,No,Non-Travel,127,Research & Development,19,3,Other,1,3,Male,73,4,3,Manager,1,Married,9154,14443,7,Y,No,12,3,2,80,0,34,1970-01-01,3,39,15,10,16
23,No,Travel_Rarely,153,Sales,5,2,Marketing,1,1,Female,94,1,5,Manufacturing Director,1,Divorced,14566,15270,0,Y,Yes,21,4,1,80,0,17,1970-01-01,1,6,15,12,3
43,Yes,Travel_Rarely,126,Human Resources,17,3,Life Sciences,1,4,Female,62,2,3,Laboratory Technician,1,Married,16219,12774,8,Y,Yes,23,3,3,80,1,33,1970-01-01,4,18,3,12,1
21,Yes,Non-Travel,185,Human Resources,4,3,Medical,1,3,Male,78,4,5,Laboratory Technician,4,Divorced,12652,13920,5,Y,No,18,3,3,80,2,2,1970-01-01,3,14,0,4,12
30,Yes,Travel_Rarely,432,Sales,24,5,Human Resources,1,4,Male,56,2,3,Healthcare Representative,2,Single,15894,18061,5,Y,Yes,12,3,4,80,2,7,1970-01-01,4,16,14,11,6
36,Yes,Travel_Rarely,1289,Human Resources,3,1,Human Resources,1,1,Male,51,1,3,Healthcare Representative,3,Single,2566,10064,7,Y,Yes,12,3,4,80,0,18,1970-01-01,2,37,15,13,12
45,Yes,Travel_Rarely,268,Sales,20,1,Medical,1,4,Female,97,3,1,Research Director,1,Divorced,13201,26841,1,Y,No,11,4,3,80,1,11,1970-01-01,4,7,7,5,8
37,No,Travel_Frequently,1400,Sales,4,1,Technical Degree,1,1,Male,40,4,3,Sales Executive,4,Married,1852,22449,0,Y,No,14,3,4,80,0,36,1970-01-01,4,15,13,1,0
60,Yes,Travel_Rarely,368,Research & Development,3,1,Life Sciences,1,3,Female,100,4,5,Healthcare Representative,1,Divorced,5137,12612,8,Y,Yes,25,3,1,80,1,24,1970-01-01,4,0,14,1,5
51,No,Travel_Rarely,519,Research & Development,25,2,Life Sciences,1,1,Male,48,2,4,Human Resources,4,Married,1693,18904,8,Y,Yes,15,4,2,80,1,13,1970-01-01,1,7,5,4,11
59,Yes,Travel_Frequently,920,Research & Development,28,3,Other,1,4,Female,32,2,3,Healthcare Representative,2,Married,8276,9138,3,Y,Yes,24,3,4,80,3,15,1970-01-01,1,9,0,10,1
22,No,Travel_Rarely,678,Research & Development,21,4,Marketing,1,2,Female,92,2,2,Research Director,2,Married,3485,21772,5,Y,Yes,13,4,4,80,0,6,1970-01-01,3,23,6,9,5
19,No,Travel_Frequently,966,Research & Development,17,4,Life Sciences,1,2,Female,67,2,3,Manufacturing Director,1,Married,12388,13181,3,Y,No,20,3,1,80,1,24,1970-01-01,4,13,1,15,5
23,Yes,Travel_Frequently,818,Sales,29,4,Medical,1,3,Female,49,1,3,Healthcare Representative,4,Single,4327,8529,5,Y,Yes,19,3,4,80,1,18,1970-01-01,2,12,3,13,3
28,No,Travel_Rarely,171,Research & Development,2,5,Technical Degree,1,3,Male,90,1,5,Manager,1,Divorced,5663,9405,8,Y,Yes,22,4,1,80,0,39,1970-01-01,2,28,15,14,1
46,No,Travel_Frequently,749,Human Resources,7,4,Medical,1,2,Female,91,3,2,Sales Executive,2,Single,15256,8827,7,Y,No,23,3,3,80,3,5,1970-01-01,4,2,16,0,12
44,Yes,Travel_Frequently,1362,Sales,3,4,Technical Degree,1,2,Male,42,4,4,Sales Representative,3,Single,17102,23768,7,Y,No,21,3,1,80,3,23,1970-01-01,3,24,16,12,5
33,Yes,Non-Travel,937,Human Resources,26,1,Marketing,1,4,Male,35,3,5,Human Resources,4,Married,19310,18001,3,Y,Yes,12,4,1,80,2,27,1970-01-01,1,14,4,12,8
18,No,Non-Travel,321,Human Resources,21,4,Medical,1,2,Female,82,3,3,Laboratory Technician,1,Divorced,12488,18676,0,Y,No,13,3,2,80,0,40,1970-01-01,4,0,5,4,8
19,Yes,Travel_Frequently,374,Research & Development,16,3,Medical,1,4,Female,88,4,4,Research Director,2,Divorced,6821,22942,8,Y,Yes,16,4,3,80,0,20,1970-01-01,1,12,5,10,5
42,Yes,Non-Travel,1078,Sales,7,1,Human Resources,1,3,Male,40,3,4,Manager,2,Single,1753,4528,2,Y,Yes,15,3,3,80,0,40,1970-01-01,1,28,9,3,15
60,Yes,Non-Travel,996,Human Resources,14,5,Human Resources,1,1,Male,98,4,5,Laboratory Technician,4,Divorced,5411,22865,1,Y,No,22,3,4,80,1,32,1970-01-01,1,12,14,0,12
29,Yes,Non-Travel,1126,Research & Development,12,5,Medical,1,3,Male,43,4,4,Sales Representative,4,Single,16880,12787,9,Y,No,11,3,1,80,0,28,1970-01-01,3,5,11,5,8
44,Yes,Travel_Rarely,1176,Research & Development,22,1,Medical,1,4,Male,46,4,1,Laboratory Technician,2,Single,2781,8870,4,Y,No,18,4,1,80,2,7,1970-01-01,4,15,5,9,5
38,No,Travel_Rarely,1421,Sales,12,3,Technical Degree,1,1,Female,62,3,3,Laboratory Technician,1,Married,13076,17416,2,Y,Yes,14,3,4,80,1,39,1970-01-01,4,10,9,14,6
47,No,Non-Travel,129,Human Resources,16,5,Medical,1,4,Female,36,3,3,Manufacturing Director,2,Married,4267,14455,3,Y,Yes,15,4,1,80,2,27,1970-01-01,2,5,17,7,10
20,No,Travel_Frequently,228,Sales,13,4,Technical Degree,1,2,Female,53,1,3,Manufacturing Director,1,Divorced,11486,2375,8,Y,No,17,4,3,80,1,28,1970-01-01,2,38,4,14,0
34,Yes,Travel_Frequently,642,Research & Development,24,1,Technical Degree,1,2,Male,49,3,2,Healthcare Representative,1,Divorced,10740,26827,0,Y,No,13,3,3,80,1,39,1970-01-01,2,21,5,4,12
48,Yes,Travel_Rarely,1319,Sales,16,1,Medical,1,4,Male,87,1,1,Human Resources,1,Divorced,12728,5765,4,Y,No,23,3,1,80,2,32,1970-01-01,3,10,10,9,12
56,No,Travel_Frequently,1028,Human Resources,1,3,Medical,1,1,Male,85,1,4,Research Scientist,3,Married,8869,24784,4,Y,Yes,12,3,2,80,1,5,1970-01-01,1,2,17,8,10
47,Yes,Non-Travel,776,Research & Development,12,2,Medical,1,3,Male,36,3,4,Healthcare Representative,1,Divorced,10568,8002,4,Y,No,20,3,2,80,0,37,1970-01-01,2,10,3,6,7
45,No,Travel_Rarely,726,Sales,17,3,Human Resources,1,4,Male,63,4,1,Sales Representative,4,Married,18020,13209,9,Y,Yes,14,4,2,80,2,29,1970-01-01,4,28,7,4,13
59,Yes,Travel_Rarely,122,Sales,15,4,Human Resources,1,2,Female,41,1,3,Manager,1,Single,3902,6761,2,Y,Yes,14,4,1,80,1,36,1970-01-01,3,15,7,8,6
47,Yes,Travel_Frequently,417,Sales,20,4,Human Resources,1,4,Female,56,2,4,Laboratory Technician,3,Single,6118,24128,3,Y,Yes,16,3,2,80,0,27,1970-01-01,1,26,12,11,16
45,No,Travel_Frequently,210,Human Resources,14,4,Marketing,1,2,Female,99,1,3,Research Scientist,4,Divorced,10444,26043,9,Y,Yes,21,4,3,80,1,2,1970-01-01,2,20,4,10,15
58,Yes,Non-Travel,682,Research & Development,12,4,Marketing,1,1,Female,43,4,2,Laboratory Technician,2,Single,4751,25739,1,Y,No,15,3,1,80,2,22,1970-01-01,3,20,12,10,12
19,Yes,Non-Travel,1431,Sales,11,3,Life Sciences,1,2,Male,80,1,2,Manager,1,Married,14711,22345,9,Y,Yes,17,4,1,80,1,15,1970-01-01,1,27,8,8,6
34,Yes,Travel_Rarely,519,Sales,12,3,Other,1,3,Male,52,2,1,Healthcare Representative,3,Single,8770,3744,2,Y,No,14,3,4,80,1,36,1970-01-01,2,9,4,1,14
44,Yes,Non-Travel,573,Sales,10,5,Marketing,1,4,Female,47,2,4,Research Scientist,3,Married,14178,7161,4,Y,No,16,4,1,80,2,13,1970-01-01,3,31,11,0,15
31,Yes,Travel_Rarely,668,Human Resources,5,2,Human Resources,1,1,Female,70,1,1,Manufacturing Director,1,Married,14756,13180,9,Y,Yes,15,3,4,80,3,17,1970-01-01,2,5,11,8,3
49,Yes,Travel_Frequently,578,Sales,16,2,Life Sciences,1,1,Female,77,2,2,Research Director,2,Divorced,13258,2221,5,Y,No,18,3,2,80,3,38,1970-01-01,4,11,4,0,2
60,Yes,Travel_Rarely,326,Sales,18,3,Other,1,2,Male,73,4,3,Manufacturing Director,3,Single,16736,18029,5,Y,Yes,19,3,4,80,1,37,1970-01-01,1,14,5,2,17
48,Yes,Non-Travel,1264,Human Resources,21,3,Technical Degree,1,3,Male,68,3,5,Research Director,1,Divorced,16206,11535,0,Y,No,18,4,1,80,0,18,1970-01-01,3,25,8,4,8
29,No,Non-Travel,1192,Research & Development,28,5,Human Resources,1,4,Male,82,2,1,Healthcare Representative,2,Single,9867,25945,4,Y,Yes,16,3,4,80,3,20,1970-01-01,3,9,1,13,1
58,No,Travel_Rarely,503,Research & Development,18,4,Human Resources,1,4,Male,50,1,5,Sales Representative,3,Single,6727,5810,6,Y,No,19,3,3,80,1,32,1970-01-01,2,25,6,1,6
25,No,Travel_Frequently,1096,Human Resources,7,2,Life Sciences,1,4,Male,83,3,4,Human Resources,1,Single,18597,20820,1,Y,No,17,4,1,80,3,12,1970-01-01,3,0,2,4,2
39,Yes,Non-Travel,1425,Sales,12,3,Technical Degree,1,1,Female,51,4,4,Research Scientist,1,Divorced,13503,8555,8,Y,Yes,18,3,3,80,2,28,1970-01-01,3,8,5,11,4
34,Yes,Travel_Rarely,1397,Research & Development,25,3,Other,1,2,Male,40,3,5,Research Director,4,Single,10294,9208,9,Y,Yes,20,4,1,80,3,15,1970-01-01,4,30,6,1,5
56,No,Travel_Frequently,918,Human Resources,14,3,Technical Degree,1,2,Female,96,4,3,Laboratory Technician,2,Divorced,17422,15211,8,Y,Yes,13,3,3,80,0,9,1970-01-01,3,12,18,10,5
45,No,Non-Travel,1433,Research & Development,12,2,Medical,1,3,Male,36,4,1,Sales Representative,4,Single,10355,17971,3,Y,No,24,3,3,80,3,16,1970-01-01,1,31,17,0,14
38,No,Non-Travel,616,Human Resources,24,5,Medical,1,2,Male,70,3,4,Manager,4,Married,9122,14979,9,Y,No,24,3,1,80,0,37,1970-01-01,2,38,15,1,13
26,Yes,Travel_Frequently,162,Research & Development,5,2,Life Sciences,1,1,Male,86,3,5,Sales Representative,4,Single,8631,10707,7,Y,Yes,16,4,3,80,2,2,1970-01-01,3,12,18,9,6
22,Yes,Non-Travel,914,Research & Development,25,5,Human Resources,1,4,Male,56,1,1,Manager,2,Married,2521,14650,0,Y,Yes,11,3,2,80,3,19,1970-01-01,3,25,18,2,2
42,No,Non-Travel,1088,Human Resources,2,3,Medical,1,3,Female,54,2,2,Healthcare Representative,3,Married,8881,26024,7,Y,Yes,22,3,2,80,3,13,1970-01-01,2,6,0,5,14
40,No,Travel_Rarely,736,Research & Development,27,3,Marketing,1,2,Male,47,3,1,Manufacturing Director,3,Divorced,2139,15473,9,Y,No,11,4,1,80,2,14,1970-01-01,3,18,12,1,14
51,Yes,Travel_Rarely,486,Sales,16,2,Human Resources,1,2,Female,73,3,2,Laboratory Technician,1,Divorced,15696,24193,4,Y,Yes,21,4,1,80,2,23,1970-01-01,3,25,7,2,11
24,Yes,Travel_Rarely,113,Sales,20,2,Other,1,1,Female,30,2,2,Manager,2,Married,2056,13158,1,Y,Yes,25,4,1,80,1,21,1970-01-01,4,23,13,14,2
56,Yes,Non-Travel,973,Sales,18,4,Medical,1,2,Male,86,2,3,Research Director,3,Married,4766,9956,2,Y,Yes,25,4,3,80,1,38,1970-01-01,4,30,18,14,5
25,Yes,Non-Travel,387,Human Resources,4,3,Life Sciences,1,1,Male,45,4,3,Research Scientist,2,Single,10044,26301,2,Y,Yes,22,3,1,80,3,31,1970-01-01,2,39,11,1,2
40,No,Travel_Frequently,110,Sales,12,2,Technical Degree,1,2,Female,45,1,3,Human Resources,3,Divorced,1585,23128,8,Y,No,14,4,1,80,2,22,1970-01-01,2,26,0,11,6
33,No,Non-Travel,775,Research & Development,20,1,Technical Degree,1,1,Male,46,4,2,Research Director,1,Single,2758,2705,1,Y,Yes,24,4,1,80,3,17,1970-01-01,4,28,14,3,14
30,No,Non-Travel,1040,Human Resources,9,3,Marketing,1,3,Male,98,3,1,Research Director,4,Divorced,2561,4546,6,Y,No,16,3,3,80,1,17,1970-01-01,3,19,3,7,17
34,Yes,Travel_Rarely,750,Research & Development,1,5,Other,1,4,Male,35,1,4,Human Resources,2,Divorced,11658,17626,3,Y,No,16,3,4,80,3,12,1970-01-01,4,39,10,4,8
58,No,Travel_Rarely,1400,Sales,7,3,Technical Degree,1,4,Female,62,4,2,Sales Representative,1,Married,15200,23959,2,Y,No,11,4,3,80,1,3,1970-01-01,2,15,9,8,7
49,Yes,Travel_Rarely,1085,Sales,17,3,Technical Degree,1,4,Male,57,4,4,Healthcare Representative,4,Married,3877,14535,1,Y,Yes,15,3,1,80,0,33,1970-01-01,2,30,0,11,10
51,Yes,Non-Travel,150,Human Resources,16,3,Other,1,2,Female,67,1,2,Human Resources,1,Married,15419,4337,3,Y,No,11,4,2,80,3,40,1970-01-01,1,28,3,4,3
41,Yes,Travel_Rarely,1127,Human Resources,17,4,Marketing,1,4,Female,71,1,5,Sales Executive,3,Single,5807,18370,6,Y,Yes,23,3,1,80,2,8,1970-01-01,1,4,2,7,14
58,No,Non-Travel,495,Sales,15,1,Other,1,2,Female,41,3,1,Manufacturing Director,1,Single,8390,7108,8,Y,No,25,3,4,80,2,37,1970-01-01,2,11,3,2,14
24,No,Travel_Frequently,1036,Human Resources,10,3,Marketing,1,3,Male,32,1,4,Healthcare Representative,2,Married,9213,24872,6,Y,Yes,24,4,4,80,0,40,1970-01-01,1,29,5,0,14
29,Yes,Non-Travel,596,Sales,2,5,Marketing,1,1,Male,41,2,2,Sales Executive,1,Married,6057,11503,0,Y,No,11,3,3,80,1,16,1970-01-01,4,19,12,8,9
34,Yes,Travel_Rarely,514,Research & Development,21,3,Marketing,1,3,Female,89,1,1,Laboratory Technician,3,Divorced,13709,21993,5,Y,Yes,15,3,4,80,0,2,1970-01-01,2,8,0,5,6
27,No,Travel_Frequently,984,Research & Development,13,4,Human Resources,1,4,Male,35,2,1,Laboratory Technician,4,Married,7788,3200,5,Y,No,11,3,2,80,2,11,1970-01-01,4,32,0,14,13
40,Yes,Travel_Rarely,708,Research & Development,1,5,Human Resources,1,1,Male,69,3,5,Sales Representative,1,Single,10444,2787,6,Y,Yes,12,4,1,80,3,26,1970-01-01,4,30,13,11,1
26,No,Travel_Rarely,602,Research & Development,4,1,Marketing,1,4,Male,74,4,4,Manufacturing Director,2,Divorced,18992,11011,3,Y,No,20,3,2,80,3,6,1970-01-01,2,33,8,13,10
50,No,Travel_Frequently,1270,Sales,11,5,Technical Degree,1,3,Female,51,4,1,Sales Representative,1,Divorced,9348,7748,1,Y,No,19,3,1,80,2,37,1970-01-01,3,36,2,9,14
59,No,Travel_Frequently,660,Research & Development,15,3,Medical,1,1,Male,90,1,2,Laboratory Technician,3,Divorced,16013,22956,5,Y,Yes,25,3,2,80,3,18,1970-01-01,2,18,14,10,0
48,Yes,Travel_Frequently,794,Human Resources,19,3,Medical,1,1,Female,83,1,5,Manufacturing Director,2,Divorced,4863,17921,4,Y,Yes,18,4,1,80,2,18,1970-01-01,1,1,16,9,2
27,Yes,Travel_Frequently,962,Sales,22,1,Medical,1,2,Female,63,4,4,Sales Executive,1,Single,7529,5700,6,Y,Yes,20,4,1,80,2,23,1970-01-01,3,13,10,14,3
27,No,Travel_Frequently,1487,Sales,24,4,Life Sciences,1,4,Male,38,3,2,Healthcare Representative,1,Married,12420,14786,6,Y,Yes,13,3,4,80,2,0,1970-01-01,3,26,8,2,7
34,Yes,Travel_Rarely,1058,Human Resources,6,1,Technical Degree,1,4,Male,70,4,3,Research Scientist,2,Married,18760,8338,7,Y,Yes,16,4,2,80,2,25,1970-01-01,2,11,4,5,1
43,Yes,Non-Travel,1132,Human Resources,18,2,Human Resources,1,4,Male,87,4,4,Research Scientist,3,Divorced,12763,19239,1,Y,Yes,23,3,4,80,3,22,1970-01-01,1,23,10,0,1
59,No,Non-Travel,1344,Sales,12,2,Medical,1,2,Female,65,3,5,Human Resources,3,Divorced,19956,12265,9,Y,No,15,4,3,80,1,10,1970-01-01,3,28,1,0,6
41,Yes,Non-Travel,1405,Research & Development,25,3,Life Sciences,1,1,Male,35,2,2,Manager,2,Married,17757,24216,2,Y,Yes,14,4,1,80,1,10,1970-01-01,4,6,1,3,14
27,No,Travel_Rarely,580,Research & Development,2,2,Technical Degree,1,3,Female,72,3,5,Manager,3,Single,17174,7590,0,Y,No,14,4,4,80,2,4,1970-01-01,3,11,6,0,10
58,Yes,Travel_Frequently,1017,Human Resources,29,5,Other,1,4,Female,87,1,4,Human Resources,4,Single,8298,3767,1,Y,Yes,11,4,1,80,3,36,1970-01-01,4,13,14,0,4
21,Yes,Travel_Rarely,137,Research & Development,28,5,Human Resources,1,2,Female,66,2,2,Human Resources,1,Divorced,6307,23913,5,Y,Yes,13,3,3,80,3,16,1970-01-01,2,13,10,13,0
36,Yes,Travel_Frequently,679,Human Resources,15,1,Other,1,1,Male,53,3,2,Sales Executive,2,Single,4848,18830,8,Y,Yes,19,4,1,80,1,39,1970-01-01,3,28,8,3,11
25,No,Travel_Rarely,392,Sales,1,1,Medical,1,3,Female,55,1,5,Manufacturing Director,3,Single,15441,11328,4,Y,Yes,22,4,1,80,2,16,1970-01-01,1,2,4,10,2
23,Yes,Travel_Rarely,677,Human Resources,10,5,Other,1,2,Female,51,2,3,Manufacturing Director,1,Married,10490,7610,0,Y,Yes,25,4,4,80,3,5,1970-01-01,1,16,3,1,13
58,No,Travel_Frequently,675,Human Resources,16,4,Other,1,3,Female,81,4,2,Research Scientist,4,Single,3843,8368,7,Y,Yes,20,4,2,80,3,11,1970-01-01,2,9,13,12,2
48,No,Non-Travel,810,Human Resources,27,4,Marketing,1,1,Female,33,4,2,Manager,1,Divorced,7359,17555,5,Y,No,17,3,4,80,2,31,1970-01-01,4,3,11,12,10
55,Yes,Non-Travel,315,Sales,21,1,Technical Degree,1,3,Female,31,2,1,Human Resources,2,Divorced,12567,5216,5,Y,No,23,3,4,80,1,4,1970-01-01,1,17,7,11,9
24,Yes,Non-Travel,1482,Research & Development,14,1,Other,1,1,Male,75,2,2,Sales Representative,2,Single,15015,26317,2,Y,Yes,12,3,1,80,3,26,1970-01-01,3,15,5,4,1
51,No,Non-Travel,1351,Human Resources,28,3,Human Resources,1,3,Female,51,3,4,Sales Executive,1,Married,10511,12591,1,Y,No,15,4,1,80,2,38,1970-01-01,2,27,2,11,1
28,No,Non-Travel,1384,Sales,24,2,Technical Degree,1,3,Female,31,4,1,Human Resources,1,Married,19883,20201,8,Y,No,12,4,4,80,3,24,1970-01-01,4,7,12,3,0
40,No,Travel_Rarely,1008,Research & Development,16,2,Other,1,4,Female,82,4,5,Human Resources,1,Single,17708,10908,4,Y,Yes,11,3,2,80,2,2,1970-01-01,3,36,10,8,17
29,No,Non-Travel,825,Human Resources,24,3,Technical Degree,1,3,Male,73,4,4,Sales Representative,3,Married,4623,22914,3,Y,Yes,17,4,3,80,3,20,1970-01-01,4,29,15,7,5
49,No,Travel_Frequently,657,Human Resources,26,5,Other,1,2,Male,50,3,4,Healthcare Representative,3,Divorced,19133,7797,4,Y,No,11,3,2,80,2,4,1970-01-01,1,1,9,1,7
60,No,Non-Travel,1259,Research & Development,4,2,Marketing,1,3,Female,94,3,5,Manufacturing Director,3,Married,9311,17055,2,Y,No,11,4,1,80,1,34,1970-01-01,1,13,3,6,13
43,Yes,Travel_Rarely,1091,Human Resources,21,1,Other,1,3,Female,42,3,2,Research Scientist,1,Married,11033,10077,3,Y,Yes,15,3,1,80,3,27,1970-01-01,4,26,12,12,11
46,Yes,Travel_Rarely,327,Sales,5,3,Medical,1,3,Male,78,3,4,Healthcare Representative,1,Divorced,9457,17192,0,Y,No,12,3,1,80,2,19,1970-01-01,3,3,4,10,10
38,Yes,Travel_Frequently,629,Sales,13,5,Technical Degree,1,3,Male,81,3,1,Research Director,3,Married,16860,18095,5,Y,Yes,22,4,2,80,1,23,1970-01-01,1,5,18,11,17
51,Yes,Travel_Rarely,163,Research & Development,22,2,Marketing,1,4,Male,51,3,1,Manufacturing Director,2,Married,19804,20719,7,Y,No,22,4,1,80,0,34,1970-01-01,3,20,1,2,12
43,No,Travel_Frequently,1145,Sales,7,4,Marketing,1,3,Male,61,1,4,Manager,4,Single,2273,26030,0,Y,Yes,11,4,3,80,2,16,1970-01-01,3,3,15,13,16
51,No,Travel_Rarely,763,Sales,16,1,Life Sciences,1,1,Female,68,2,3,Human Resources,2,Divorced,8887,11690,0,Y,Yes,23,3,1,80,0,34,1970-01-01,1,17,16,6,14
27,No,Travel_Frequently,397,Research & Development,23,4,Marketing,1,1,Female,79,1,4,Research Scientist,2,Married,15869,4015,3,Y,No,17,4,3,80,1,24,1970-01-01,2,7,3,15,5
36,No,Travel_Frequently,302,Research & Development,2,4,Marketing,1,3,Female,100,2,1,Manager,2,Single,7419,17327,3,Y,Yes,16,4,4,80,1,26,1970-01-01,3,17,11,7,13
32,No,Travel_Frequently,378,Sales,3,2,Life Sciences,1,3,Male,57,1,4,Laboratory Technician,2,Married,14770,24932,8,Y,No,14,3,4,80,2,12,1970-01-01,2,37,4,3,16
59,No,Travel_Rarely,698,Human Resources,6,3,Life Sciences,1,3,Male,32,4,4,Human Resources,1,Married,18610,22340,3,Y,Yes,15,3,3,80,3,29,1970-01-01,2,35,10,11,4
46,Yes,Non-Travel,248,Human Resources,11,1,Technical Degree,1,4,Female,40,1,1,Laboratory Technician,2,Divorced,17289,7875,6,Y,No,20,3,2,80,0,24,1970-01-01,1,10,12,13,5
31,No,Travel_Rarely,409,Human Resources,11,3,Technical Degree,1,4,Female,52,4,1,Research Director,4,Married,6989,19510,9,Y,No,21,3,4,80,1,15,1970-01-01,2,6,13,1,16
50,No,Travel_Frequently,472,Human Resources,16,5,Life Sciences,1,1,Male,91,1,1,Laboratory Technician,3,Divorced,4670,17077,3,Y,Yes,24,4,4,80,3,32,1970-01-01,2,0,1,3,0
34,Yes,Travel_Rarely,1290,Human Resources,27,2,Other,1,4,Female,84,4,3,Sales Representative,1,Divorced,11727,22833,3,Y,No,22,3,3,80,1,12,1970-01-01,3,26,1,12,8
53,Yes,Non-Travel,365,Human Resources,12,4,Medical,1,3,Female,80,1,5,Sales Representative,4,Married,7978,24552,7,Y,No,19,3,3,80,2,5,1970-01-01,3,38,7,12,7
51,No,Travel_Rarely,1211,Human Resources,4,1,Marketing,1,1,Female,56,1,4,Laboratory Technician,4,Married,13878,6238,5,Y,Yes,23,3,2,80,3,40,1970-01-01,2,3,18,8,17
51,Yes,Travel_Rarely,205,Research & Development,19,1,Medical,1,2,Male,80,2,3,Research Director,1,Single,12385,13961,1,Y,No,20,3,4,80,3,35,1970-01-01,1,25,14,14,5
29,Yes,Travel_Rarely,478,Human Resources,19,1,Human Resources,1,3,Male,96,4,2,Research Scientist,3,Divorced,4168,23927,4,Y,No,21,3,3,80,0,33,1970-01-01,1,8,0,12,16
45,Yes,Non-Travel,1423,Sales,5,5,Life Sciences,1,1,Male,58,2,5,Manufacturing Director,1,Divorced,15363,17233,3,Y,Yes,20,3,3,80,0,18,1970-01-01,1,33,0,7,10
49,No,Travel_Rarely,1161,Sales,18,1,Human Resources,1,4,Male,76,4,5,Manufacturing Director,2,Divorced,1802,4919,6,Y,Yes,16,3,3,80,3,18,1970-01-01,4,40,8,12,8
44,No,Non-Travel,1340,Sales,27,5,Medical,1,1,Male,31,2,1,Manufacturing Director,1,Divorced,7966,20346,2,Y,Yes,14,4,4,80,2,20,1970-01-01,1,4,9,3,13
24,No,Non-Travel,508,Sales,8,5,Marketing,1,1,Male,48,3,4,Sales Representative,2,Married,2338,8253,5,Y,Yes,14,3,1,80,0,21,1970-01-01,4,12,16,10,1
39,No,Non-Travel,835,Human Resources,1,2,Life Sciences,1,3,Male,35,3,1,Human Resources,2,Married,17868,9412,2,Y,No,17,4,2,80,1,36,1970-01-01,1,0,3,15,2
53,No,Travel_Rarely,975,Research & Development,22,2,Marketing,1,1,Male,66,4,1,Healthcare Representative,3,Divorced,1557,5134,9,Y,No,14,3,4,80,2,33,1970-01-01,2,5,11,1,11
46,Yes,Travel_Rarely,1371,Research & Development,15,5,Other,1,4,Female,30,2,2,Research Director,1,Single,5581,4479,0,Y,No,22,4,2,80,0,15,1970-01-01,1,36,6,0,2
39,Yes,Travel_Rarely,160,Research & Development,21,3,Human Resources,1,2,Male,44,2,3,Sales Executive,2,Single,10250,12255,2,Y,No,17,4,1,80,3,39,1970-01-01,1,26,18,11,5
42,Yes,Travel_Frequently,705,Human Resources,17,3,Medical,1,2,Female,32,2,5,Research Director,4,Divorced,4399,25829,8,Y,Yes,22,4,4,80,0,38,1970-01-01,1,7,0,3,2
19,No,Travel_Rarely,1002,Research & Development,10,4,Marketing,1,2,Female,87,3,3,Manager,4,Married,11998,25420,7,Y,Yes,23,4,1,80,0,31,1970-01-01,1,29,16,11,11
53,No,Travel_Rarely,1374,Research & Development,11,3,Medical,1,1,Male,100,2,2,Manager,4,Divorced,5453,3532,1,Y,Yes,17,4,4,80,2,29,1970-01-01,4,33,1,8,14
50,Yes,Travel_Rarely,997,Human Resources,28,5,Medical,1,4,Male,46,4,2,Research Director,4,Married,18951,4997,3,Y,Yes,12,3,2,80,2,15,1970-01-01,3,13,8,2,3
41,No,Non-Travel,290,Sales,15,3,Human Resources,1,2,Female,63,3,5,Sales Executive,4,Divorced,1328,15982,0,Y,Yes,12,4,3,80,2,12,1970-01-01,1,14,7,3,14
19,Yes,Travel_Frequently,1030,Research & Development,10,4,Medical,1,3,Female,71,3,2,Manager,3,Married,13906,18039,2,Y,Yes,14,3,4,80,2,30,1970-01-01,3,32,5,4,12
40,No,Non-Travel,1274,Sales,12,1,Life Sciences,1,3,Female,72,2,4,Research Scientist,3,Divorced,7566,7525,6,Y,Yes,22,4,4,80,0,36,1970-01-01,2,5,18,12,4
57,Yes,Travel_Rarely,463,Research & Development,28,2,Marketing,1,2,Male,89,2,2,Research Scientist,3,Divorced,3459,11974,9,Y,Yes,11,3,1,80,1,20,1970-01-01,2,13,14,6,0
45,No,Non-Travel,1479,Human Resources,25,1,Human Resources,1,1,Female,30,3,4,Manager,3,Divorced,2582,24902,7,Y,No,17,3,4,80,0,21,1970-01-01,3,40,6,1,3
47,No,Non-Travel,908,Sales,7,2,Life Sciences,1,2,Male,65,2,1,Research Scientist,2,Single,3899,8663,3,Y,Yes,22,4,2,80,2,27,1970-01-01,3,33,4,11,14
28,Yes,Non-Travel,629,Human Resources,17,1,Medical,1,3,Female,66,2,2,Research Scientist,1,Divorced,13742,8091,4,Y,Yes,14,3,2,80,2,5,1970-01-01,1,18,5,14,4
46,No,Travel_Frequently,327,Research & Development,15,5,Marketing,1,4,Female,72,4,5,Research Scientist,4,Single,2595,15526,4,Y,Yes,15,4,3,80,3,31,1970-01-01,3,40,2,14,2
50,No,Travel_Rarely,1482,Research & Development,14,2,Medical,1,4,Male,35,4,1,Sales Executive,2,Single,5885,26932,5,Y,Yes,16,4,1,80,3,25,1970-01-01,2,16,12,4,4
24,No,Travel_Frequently,1329,Research & Development,15,5,Human Resources,1,3,Male,90,1,2,Manufacturing Director,1,Divorced,8974,5357,8,Y,No,13,3,1,80,3,6,1970-01-01,1,4,9,9,7
44,No,Travel_Frequently,1026,Sales,25,3,Technical Degree,1,3,Male,50,1,3,Sales Representative,2,Single,7200,14998,9,Y,Yes,11,4,2,80,1,21,1970-01-01,4,22,9,2,17
34,Yes,Non-Travel,1471,Sales,14,5,Human Resources,1,3,Male,37,4,3,Human Resources,3,Married,10459,26018,7,Y,No,21,4,1,80,3,31,1970-01-01,1,20,14,5,4
43,Yes,Travel_Frequently,562,Research & Development,18,4,Marketing,1,1,Female,61,3,5,Research Director,4,Single,10231,18169,1,Y,No,13,3,3,80,2,25,1970-01-01,1,6,16,12,6
20,Yes,Non-Travel,735,Human Resources,9,3,Medical,1,4,Female,34,4,5,Manager,2,Divorced,12472,3306,4,Y,Yes,24,4,3,80,2,34,1970-01-01,1,25,1,10,16
38,Yes,Non-Travel,1059,Sales,24,4,Life Sciences,1,2,Male,54,1,5,Sales Representative,1,Single,10884,8887,4,Y,No,23,4,1,80,0,16,1970-01-01,2,26,18,0,13
39,Yes,Travel_Rarely,1477,Research & Development,10,4,Human Resources,1,4,Female,34,1,3,Research Director,2,Single,15620,15455,9,Y,Yes,17,4,4,80,3,9,1970-01-01,1,36,0,8,0
20,No,Travel_Rarely,399,Human Resources,4,5,Marketing,1,3,Female,56,4,1,Sales Representative,2,Single,12704,19730,7,Y,Yes,17,3,2,80,3,29,1970-01-01,1,40,10,11,7
21,Yes,Travel_Frequently,505,Sales,23,2,Medical,1,1,Female,34,2,4,Manufacturing Director,4,Married,13087,9102,7,Y,No,18,3,4,80,3,14,1970-01-01,1,17,7,7,16
44,Yes,Travel_Rarely,956,Human Resources,23,4,Medical,1,1,Male,44,2,4,Research Director,2,Single,1917,8006,3,Y,Yes,15,4,3,80,1,6,1970-01-01,4,5,5,2,16
47,Yes,Travel_Rarely,914,Sales,4,4,Life Sciences,1,2,Male,35,4,1,Sales Representative,2,Divorced,9099,18519,0,Y,No,21,3,2,80,1,12,1970-01-01,1,25,16,15,4
33,Yes,Travel_Frequently,715,Human Resources,14,4,Technical Degree,1,2,Male,65,3,5,Sales Representative,2,Single,6037,10789,9,Y,No,21,4,3,80,2,28,1970-01-01,2,28,5,5,5
50,Yes,Travel_Rarely,248,Human Resources,9,1,Technical Degree,1,2,Female,59,2,3,Sales Representative,4,Single,4243,23984,9,Y,Yes,11,3,3,80,0,11,1970-01-01,3,22,3,4,9
35,No,Travel_Frequently,804,Human Resources,27,1,Human Resources,1,2,Male,100,4,5,Sales Executive,4,Divorced,6604,23977,2,Y,No,11,3,2,80,3,7,1970-01-01,2,21,3,3,4
23,No,Travel_Rarely,1447,Sales,14,2,Other,1,4,Male,56,3,3,Manufacturing Director,3,Married,16491,19264,9,Y,Yes,20,3,2,80,2,40,1970-01-01,2,10,9,10,2
44,No,Non-Travel,332,Human Resources,8,1,Medical,1,4,Female,89,3,5,Manufacturing Director,1,Married,16711,22219,0,Y,No,17,3,1,80,2,31,1970-01-01,3,13,1,8,9
53,Yes,Travel_Frequently,1236,Sales,8,1,Medical,1,3,Female,73,1,5,Research Scientist,4,Divorced,4291,22845,9,Y,Yes,20,3,2,80,2,28,1970-01-01,3,10,4,1,11
42,Yes,Travel_Rarely,1185,Research & Development,18,4,Technical Degree,1,3,Male,74,1,2,Research Scientist,1,Married,19829,23880,5,Y,Yes,22,3,1,80,1,19,1970-01-01,4,11,3,6,10
50,No,Non-Travel,604,Research & Development,28,5,Human Resources,1,4,Female,63,2,3,Manufacturing Director,2,Married,13949,2410,0,Y,Yes,24,3,3,80,0,25,1970-01-01,4,14,8,0,4
50,Yes,Travel_Frequently,1098,Human Resources,29,3,Life Sciences,1,1,Male,57,3,4,Research Director,4,Divorced,10272,16307,8,Y,No,15,4,2,80,1,39,1970-01-01,2,11,9,11,2
19,No,Travel_Frequently,412,Research & Development,25,1,Human Resources,1,3,Female,95,1,3,Manufacturing Director,2,Married,4744,19465,2,Y,Yes,25,3,3,80,1,1,1970-01-01,1,23,6,6,16
35,Yes,Travel_Rarely,987,Sales,4,4,Medical,1,1,Male,44,3,3,Sales Executive,4,Divorced,14146,21493,0,Y,No,14,3,4,80,0,34,1970-01-01,3,26,4,7,7
36,Yes,Travel_Frequently,1281,Sales,6,5,Marketing,1,4,Female,50,4,3,Human Resources,1,Divorced,14313,8001,1,Y,No,11,3,3,80,3,17,1970-01-01,3,30,12,4,12
30,Yes,Travel_Rarely,1208,Sales,1,4,Technical Degree,1,3,Female,56,3,2,Sales Executive,3,Divorced,10287,12256,3,Y,Yes,21,4,4,80,0,32,1970-01-01,1,9,2,4,9
23,No,Travel_Rarely,1086,Sales,3,5,Marketing,1,4,Male,92,3,3,Research Director,1,Married,14194,12482,8,Y,Yes,22,3,3,80,2,30,1970-01-01,4,3,17,2,7
22,No,Non-Travel,613,Human Resources,3,5,Life Sciences,1,2,Male,53,3,5,Sales Representative,1,Single,6649,7874,6,Y,Yes,22,3,4,80,0,22,1970-01-01,3,19,1,3,14
36,No,Travel_Frequently,809,Sales,16,5,Other,1,1,Female,88,4,3,Human Resources,4,Divorced,8165,17745,4,Y,No,19,3,1,80,1,31,1970-01-01,2,2,1,0,5
32,Yes,Travel_Frequently,913,Sales,11,4,Human Resources,1,2,Male,65,2,5,Manager,4,Divorced,6785,2160,6,Y,No,17,4,2,80,0,20,1970-01-01,3,3,12,6,12
49,No,Travel_Rarely,1280,Research & Development,28,1,Other,1,1,Female,45,1,5,Sales Representative,3,Single,12713,20983,2,Y,Yes,17,4,4,80,0,22,1970-01-01,1,10,16,1,14
27,Yes,Non-Travel,1126,Sales,2,4,Marketing,1,1,Female,47,1,4,Human Resources,2,Divorced,16108,16494,4,Y,No,11,3,4,80,2,39,1970-01-01,1,17,17,4,7
33,Yes,Travel_Rarely,435,Research & Development,28,4,Medical,1,1,Male,78,4,5,Manufacturing Director,4,Single,5375,8042,9,Y,Yes,21,3,2,80,1,21,1970-01-01,4,7,5,12,13
51,No,Non-Travel,450,Research & Development,11,3,Other,1,3,Female,100,1,5,Research Director,3,Single,18723,24711,6,Y,Yes,16,4,4,80,0,24,1970-01-01,3,7,0,12,13
48,No,Travel_Frequently,895,Sales,24,1,Other,1,2,Male,63,2,4,Sales Executive,2,Single,14140,19358,0,Y,Yes,16,4,4,80,0,32,1970-01-01,4,14,6,13,7
33,Yes,Non-Travel,423,Sales,21,3,Medical,1,3,Male,100,4,2,Human Resources,1,Divorced,12460,12028,1,Y,No,15,3,2,80,0,39,1970-01-01,1,17,4,6,14
55,No,Travel_Rarely,725,Sales,5,1,Other,1,2,Male,90,4,4,Research Director,3,Single,8074,26290,3,Y,Yes,25,3,1,80,2,11,1970-01-01,1,40,1,1,17
52,No,Travel_Rarely,1386,Research & Development,15,4,Marketing,1,4,Male,85,2,2,Research Director,4,Divorced,18261,5583,9,Y,Yes,21,4,4,80,3,5,1970-01-01,2,40,13,14,8
33,Yes,Travel_Frequently,1059,Human Resources,15,5,Life Sciences,1,4,Male,89,4,3,Manager,1,Married,17200,13101,2,Y,Yes,11,4,4,80,0,32,1970-01-01,1,29,7,15,17
55,No,Non-Travel,412,Human Resources,9,3,Medical,1,1,Female,89,1,3,Laboratory Technician,3,Single,11777,21528,8,Y,Yes,25,3,4,80,0,4,1970-01-01,1,10,14,1,12
21,Yes,Non-Travel,481,Sales,10,5,Other,1,4,Male,85,3,1,Research Scientist,2,Single,2995,4870,3,Y,Yes,13,4,4,80,3,27,1970-01-01,4,2,14,12,5
47,No,Travel_Rarely,521,Sales,21,5,Human Resources,1,4,Male,35,1,3,Sales Representative,4,Single,5493,25570,8,Y,Yes,15,4,1,80,2,37,1970-01-01,4,28,3,4,13
29,No,Travel_Rarely,419,Research & Development,24,3,Marketing,1,3,Female,79,4,1,Healthcare Representative,2,Married,10069,12994,9,Y,Yes,15,3,1,80,2,10,1970-01-01,1,4,18,8,4
36,No,Non-Travel,102,Human Resources,16,4,Other,1,2,Male,52,3,3,Research Director,2,Married,3425,5453,6,Y,No,25,4,1,80,3,12,1970-01-01,3,33,15,0,4
35,Yes,Travel_Rarely,1360,Human Resources,15,4,Life Sciences,1,4,Male,48,3,3,Manufacturing Director,3,Married,15378,14981,3,Y,Yes,23,3,3,80,1,32,1970-01-01,3,32,7,14,13
46,No,Travel_Rarely,379,Sales,2,5,Marketing,1,2,Female,36,4,5,Human Resources,4,Married,14120,21202,7,Y,Yes,11,3,2,80,2,21,1970-01-01,3,32,12,14,13
46,Yes,Travel_Frequently,1204,Sales,18,4,Life Sciences,1,4,Female,94,4,1,Manager,1,Single,13309,17805,8,Y,No,18,3,4,80,1,9,1970-01-01,3,15,6,6,15
46,Yes,Non-Travel,702,Sales,3,2,Life Sciences,1,3,Female,64,2,5,Human Resources,3,Married,13221,7948,4,Y,No,20,4,4,80,0,36,1970-01-01,4,33,10,2,9
44,No,Travel_Rarely,562,Sales,11,5,Marketing,1,2,Male,60,3,1,Sales Representative,1,Single,16503,8271,1,Y,No,15,3,1,80,0,6,1970-01-01,3,9,6,5,1
43,Yes,Travel_Frequently,180,Research & Development,22,2,Medical,1,2,Male,99,4,2,Research Director,4,Divorced,10043,26460,1,Y,No,14,3,1,80,0,25,1970-01-01,3,9,3,11,12
30,Yes,Travel_Frequently,1116,Research & Development,25,3,Marketing,1,3,Male,53,1,5,Sales Executive,2,Single,2741,16340,5,Y,No,16,3,4,80,1,20,1970-01-01,2,22,14,11,14
29,No,Travel_Rarely,1317,Research & Development,24,1,Other,1,1,Male,46,3,2,Sales Executive,1,Divorced,1980,11921,7,Y,Yes,16,3,4,80,1,24,1970-01-01,3,26,14,4,17
31,No,Travel_Frequently,364,Human Resources,3,2,Medical,1,3,Female,30,1,2,Laboratory Technician,4,Divorced,18444,18507,9,Y,No,11,3,4,80,0,15,1970-01-01,1,37,1,3,16
25,Yes,Travel_Rarely,705,Human Resources,20,3,Medical,1,4,Male,95,4,5,Research Director,4,Single,8389,18695,6,Y,Yes,20,4,2,80,0,15,1970-01-01,4,18,17,6,13
60,Yes,Non-Travel,980,Research & Development,28,2,Life Sciences,1,3,Male,90,3,3,Sales Representative,4,Divorced,18516,12681,9,Y,No,12,4,1,80,2,3,1970-01-01,1,11,4,6,14
34,Yes,Travel_Frequently,1182,Sales,24,1,Human Resources,1,3,Male,30,3,5,Healthcare Representative,4,Single,19293,21389,6,Y,No,24,3,3,80,0,0,1970-01-01,1,39,6,3,5
40,No,Travel_Rarely,421,Human Resources,14,3,Technical Degree,1,4,Female,77,1,1,Healthcare Representative,1,Divorced,14014,6008,7,Y,Yes,12,4,3,80,0,26,1970-01-01,2,3,11,7,2
56,No,Travel_Frequently,539,Research & Development,21,4,Medical,1,3,Male,61,3,3,Laboratory Technician,2,Single,18225,6915,8,Y,No,15,3,4,80,0,23,1970-01-01,2,18,10,8,11
35,No,Travel_Rarely,880,Human Resources,29,4,Other,1,2,Male,77,4,2,Manufacturing Director,1,Married,13086,14007,1,Y,No,23,4,4,80,1,7,1970-01-01,4,27,1,2,2
19,Yes,Travel_Rarely,131,Human Resources,11,2,Marketing,1,2,Male,82,1,3,Laboratory Technician,1,Married,2919,18128,6,Y,No,17,4,2,80,1,26,1970-01-01,4,39,10,13,4
23,No,Travel_Rarely,1184,Research & Development,10,3,Life Sciences,1,4,Female,65,2,4,Manager,2,Divorced,18883,21979,7,Y,Yes,11,3,1,80,2,40,1970-01-01,3,20,16,13,5
48,Yes,Travel_Rarely,344,Human Resources,8,1,Marketing,1,1,Male,76,4,5,Manufacturing Director,4,Divorced,3688,20039,1,Y,Yes,16,3,1,80,3,21,1970-01-01,3,25,3,1,8
50,Yes,Travel_Rarely,1139,Human Resources,13,2,Human Resources,1,1,Female,93,4,2,Sales Representative,4,Married,18396,14793,2,Y,Yes,15,4,1,80,2,9,1970-01-01,2,4,17,15,1
60,No,Travel_Frequently,703,Sales,6,1,Life Sciences,1,1,Female,65,3,1,Manufacturing Director,4,Single,15908,3235,4,Y,Yes,25,3,2,80,2,7,1970-01-01,3,9,11,9,12
59,Yes,Non-Travel,187,Research & Development,17,2,Marketing,1,3,Female,42,4,2,Healthcare Representative,4,Married,18883,14426,9,Y,No,18,4,1,80,2,40,1970-01-01,4,2,13,14,17
34,Yes,Travel_Frequently,900,Human Resources,17,4,Other,1,4,Male,55,1,1,Sales Representative,1,Divorced,11603,24549,1,Y,No,12,4,4,80,0,22,1970-01-01,3,35,17,15,11
60,No,Travel_Frequently,1316,Research & Development,14,3,Other,1,2,Female,63,4,5,Sales Executive,1,Single,8117,15069,7,Y,Yes,24,4,3,80,0,33,1970-01-01,4,19,8,3,10
33,Yes,Travel_Frequently,1211,Research & Development,9,5,Marketing,1,2,Female,62,3,4,Research Scientist,3,Single,15308,12854,0,Y,No,22,4,1,80,2,27,1970-01-01,2,15,13,6,3
59,Yes,Travel_Frequently,640,Research & Development,4,4,Life Sciences,1,1,Male,77,3,3,Laboratory Technician,1,Single,6508,9483,5,Y,Yes,12,3,3,80,2,4,1970-01-01,4,0,7,7,10
54,No,Travel_Rarely,231,Research & Development,26,4,Human Resources,1,4,Male,58,2,5,Sales Representative,4,Single,13636,18867,1,Y,Yes,18,3,2,80,0,20,1970-01-01,4,10,15,6,11
31,Yes,Travel_Frequently,148,Research & Development,22,1,Marketing,1,2,Male,44,1,1,Manager,3,Divorced,1724,4870,0,Y,Yes,22,4,2,80,3,34,1970-01-01,2,1,5,2,16
35,No,Travel_Frequently,1049,Sales,13,5,Human Resources,1,1,Male,73,3,3,Research Director,2,Divorced,17156,25025,1,Y,No,19,4,4,80,2,16,1970-01-01,2,28,12,3,16
46,No,Non-Travel,1137,Research & Development,16,5,Technical Degree,1,2,Male,38,4,5,Sales Representative,2,Married,13358,19666,4,Y,Yes,18,4,2,80,2,30,1970-01-01,2,0,8,9,1
44,Yes,Non-Travel,851,Research & Development,21,3,Life Sciences,1,1,Male,57,2,5,Human Resources,4,Single,18270,10494,0,Y,Yes,15,3,1,80,3,2,1970-01-01,1,28,12,15,11
36,No,Travel_Rarely,1120,Research & Development,29,2,Other,1,4,Male,32,2,4,Healthcare Representative,2,Single,13556,6204,5,Y,Yes,14,4,4,80,1,25,1970-01-01,1,29,4,1,17
43,Yes,Travel_Rarely,424,Sales,8,4,Marketing,1,4,Male,78,3,3,Manager,2,Married,8455,6012,0,Y,No,18,3,4,80,3,7,1970-01-01,2,25,8,14,6
27,No,Non-Travel,1471,Sales,10,4,Technical Degree,1,1,Male,85,2,1,Manufacturing Director,4,Single,16544,14170,8,Y,No,23,3,1,80,0,5,1970-01-01,4,7,11,4,9
19,No,Non-Travel,1254,Sales,10,3,Technical Degree,1,1,Male,90,3,2,Healthcare Representative,4,Divorced,4639,25343,4,Y,No,20,3,1,80,2,14,1970-01-01,4,0,13,11,2
40,No,Travel_Rarely,608,Sales,27,1,Human Resources,1,4,Male,83,4,1,Manager,4,Single,17314,17368,8,Y,No,13,3,1,80,2,35,1970-01-01,4,22,16,14,5
18,No,Travel_Frequently,466,Human Resources,21,1,Technical Degree,1,4,Female,84,2,4,Sales Executive,2,Single,3016,17489,6,Y,Yes,16,3,4,80,0,40,1970-01-01,3,12,7,2,14
31,Yes,Travel_Rarely,796,Human Resources,3,1,Medical,1,1,Female,98,3,1,Human Resources,1,Married,8421,6414,7,Y,No,17,4,3,80,2,26,1970-01-01,2,8,13,2,3
29,No,Non-Travel,172,Human Resources,6,4,Other,1,2,Male,75,2,3,Manager,2,Divorced,14646,23473,6,Y,No,22,3,1,80,1,39,1970-01-01,4,18,14,8,1
31,Yes,Travel_Rarely,1331,Human Resources,25,2,Marketing,1,4,Female,70,1,3,Human Resources,4,Divorced,8404,13618,1,Y,Yes,17,4,3,80,3,28,1970-01-01,1,26,13,4,8
54,No,Travel_Frequently,1301,Research & Development,29,2,Technical Degree,1,2,Male,99,3,1,Human Resources,2,Married,3579,23181,8,Y,No,14,4,3,80,0,1,1970-01-01,1,18,2,14,17
30,No,Travel_Frequently,1263,Sales,9,4,Technical Degree,1,3,Female,66,2,5,Sales Representative,1,Divorced,10529,15459,0,Y,Yes,14,3,4,80,1,17,1970-01-01,4,26,11,3,9
26,No,Non-Travel,527,Human Resources,26,1,Human Resources,1,3,Male,62,4,3,Laboratory Technician,4,Married,10628,5962,6,Y,No,20,4,1,80,3,25,1970-01-01,2,22,7,5,8
41,No,Travel_Rarely,1308,Research & Development,11,1,Marketing,1,2,Female,84,3,1,Laboratory Technician,1,Married,2268,12559,6,Y,No,13,4,1,80,3,39,1970-01-01,1,31,16,11,1
32,No,Non-Travel,1005,Sales,5,3,Life Sciences,1,4,Male,99,4,4,Human Resources,2,Married,17299,12838,4,Y,Yes,16,3,1,80,0,19,1970-01-01,3,2,4,0,0
30,Yes,Travel_Rarely,385,Human Resources,4,5,Life Sciences,1,1,Male,47,4,4,Human Resources,1,Divorced,4241,4578,2,Y,Yes,18,3,4,80,1,23,1970-01-01,3,4,3,9,11
23,No,Travel_Rarely,783,Human Resources,29,2,Other,1,4,Female,40,4,4,Sales Representative,2,Divorced,2035,21337,0,Y,Yes,12,4,4,80,0,8,1970-01-01,1,11,5,8,4
52,Yes,Non-Travel,967,Research & Development,21,4,Human Resources,1,3,Female,54,4,4,Sales Executive,2,Married,6344,2522,5,Y,No,17,4,2,80,3,13,1970-01-01,2,1,4,3,11
50,Yes,Non-Travel,1353,Sales,21,3,Marketing,1,4,Female,92,1,4,Manufacturing Director,2,Married,17182,18276,0,Y,No,22,3,2,80,2,1,1970-01-01,4,27,0,10,1
27,No,Non-Travel,1332,Human Resources,10,5,Technical Degree,1,3,Female,40,4,2,Healthcare Representative,3,Divorced,6213,13746,7,Y,Yes,17,4,2,80,2,3,1970-01-01,1,21,15,15,17
54,No,Travel_Frequently,619,Human Resources,13,1,Human Resources,1,3,Male,56,1,4,Human Resources,2,Single,4546,25216,6,Y,No,17,4,1,80,0,0,1970-01-01,2,38,1,1,7
26,Yes,Travel_Rarely,1022,Research & Development,24,1,Human Resources,1,4,Male,97,1,5,Research Scientist,2,Single,8642,21061,2,Y,Yes,15,3,1,80,3,14,1970-01-01,1,21,14,15,6
32,No,Travel_Frequently,832,Research & Development,17,2,Life Sciences,1,3,Female,86,1,2,Laboratory Technician,2,Single,16132,3321,9,Y,Yes,12,4,2,80,1,12,1970-01-01,4,27,2,1,1
56,No,Non-Travel,653,Human Resources,1,2,Marketing,1,4,Female,63,1,4,Manager,1,Single,12146,18597,6,Y,Yes,25,3,3,80,0,2,1970-01-01,3,27,9,4,3
49,No,Travel_Rarely,799,Research & Development,4,5,Other,1,3,Male,34,3,4,Laboratory Technician,4,Single,17310,26215,9,Y,No,24,4,2,80,2,26,1970-01-01,2,0,5,6,11
42,No,Travel_Rarely,398,Sales,13,4,Life Sciences,1,4,Female,69,4,3,Human Resources,2,Single,17161,22973,9,Y,Yes,17,4,4,80,0,32,1970-01-01,4,21,2,15,2
41,Yes,Non-Travel,1465,Human Resources,27,5,Medical,1,4,Male,77,3,3,Human Resources,2,Married,1136,26264,4,Y,Yes,16,4,1,80,1,6,1970-01-01,1,35,1,7,4
52,Yes,Travel_Rarely,147,Research & Development,7,2,Life Sciences,1,4,Male,90,3,2,Sales Representative,4,Divorced,7709,18277,8,Y,No,21,3,2,80,1,27,1970-01-01,1,20,9,9,15
43,No,Non-Travel,106,Research & Development,25,3,Life Sciences,1,2,Female,89,3,2,Sales Representative,4,Single,9661,4069,5,Y,No,17,4,1,80,2,13,1970-01-01,3,1,5,11,0
23,No,Non-Travel,815,Human Resources,12,4,Medical,1,1,Male,98,1,4,Sales Representative,1,Single,5693,13329,8,Y,No,15,3,4,80,1,9,1970-01-01,2,23,6,12,6
45,Yes,Travel_Frequently,395,Human Resources,5,2,Technical Degree,1,3,Female,99,1,5,Research Director,2,Divorced,5803,6584,6,Y,No,22,4,3,80,2,4,1970-01-01,1,12,6,10,12
38,No,Non-Travel,353,Research & Development,27,5,Human Resources,1,4,Female,90,3,3,Sales Representative,4,Divorced,9230,5146,9,Y,No,13,4,1,80,2,40,1970-01-01,1,30,14,14,7
36,Yes,Non-Travel,1067,Human Resources,5,3,Other,1,2,Male,93,4,5,Human Resources,2,Married,6338,15822,5,Y,Yes,23,3,3,80,3,2,1970-01-01,4,28,3,2,4
45,No,Travel_Frequently,1372,Research & Development,5,3,Medical,1,3,Male,85,3,2,Manufacturing Director,2,Divorced,17362,11191,2,Y,Yes,15,3,2,80,1,26,1970-01-01,2,6,15,8,5
51,Yes,Travel_Rarely,491,Human Resources,17,5,Technical Degree,1,4,Male,75,3,2,Manufacturing Director,4,Single,2085,4794,8,Y,No,14,4,3,80,2,24,1970-01-01,4,30,3,9,5
28,No,Travel_Frequently,1170,Research & Development,2,3,Other,1,1,Male,51,4,4,Sales Representative,1,Single,6649,3682,6,Y,No,23,3,4,80,2,18,1970-01-01,4,10,11,3,2
58,Yes,Travel_Rarely,446,Research & Development,23,1,Marketing,1,4,Female,35,3,5,Manager,4,Single,17830,14933,0,Y,Yes,19,4,1,80,0,4,1970-01-01,3,15,18,9,6
39,Yes,Non-Travel,296,Human Resources,22,2,Medical,1,3,Male,32,3,4,Sales Representative,3,Divorced,7355,24347,4,Y,No,11,3,1,80,3,0,1970-01-01,1,13,8,4,7
57,No,Travel_Frequently,774,Sales,14,4,Technical Degree,1,3,Male,43,2,1,Laboratory Technician,3,Single,3895,13930,2,Y,No,14,3,4,80,3,36,1970-01-01,4,15,12,10,12
44,Yes,Non-Travel,956,Research & Development,16,3,Medical,1,3,Male,79,4,5,Research Scientist,3,Divorced,1804,11348,7,Y,Yes,25,4,4,80,0,36,1970-01-01,2,32,16,0,3
30,No,Non-Travel,506,Human Resources,20,5,Medical,1,1,Female,73,4,4,Human Resources,4,Married,6379,3302,3,Y,No,12,3,3,80,0,33,1970-01-01,4,16,5,1,9
28,No,Travel_Rarely,1181,Human Resources,26,1,Medical,1,3,Female,78,2,4,Sales Representative,3,Divorced,13610,13418,1,Y,No,22,3,2,80,2,33,1970-01-01,2,8,8,12,15
36,Yes,Travel_Frequently,631,Research & Development,26,3,Marketing,1,2,Female,71,1,1,Human Resources,1,Married,8497,4644,4,Y,No,23,4,1,80,2,28,1970-01-01,4,28,2,5,3
22,No,Travel_Frequently,819,Research & Development,23,2,Life Sciences,1,1,Male,75,1,5,Sales Representative,4,Divorced,6391,13111,6,Y,Yes,25,3,4,80,0,2,1970-01-01,2,14,0,9,5
21,Yes,Non-Travel,871,Research & Development,1,4,Marketing,1,3,Male,58,1,5,Research Scientist,2,Single,5793,12745,5,Y,No,15,3,3,80,2,28,1970-01-01,1,29,9,8,14
41,Yes,Non-Travel,323,Research & Development,20,4,Human Resources,1,3,Male,95,4,3,Healthcare Representative,4,Divorced,5862,13513,5,Y,Yes,16,3,2,80,2,5,1970-01-01,2,40,8,12,4
56,No,Travel_Rarely,774,Research & Development,5,5,Other,1,1,Male,46,3,4,Healthcare Representative,2,Divorced,10908,7471,7,Y,Yes,17,4,4,80,1,26,1970-01-01,4,15,14,15,5
57,Yes,Travel_Frequently,625,Human Resources,29,1,Technical Degree,1,2,Female,96,1,3,Sales Executive,4,Single,9697,14044,7,Y,Yes,20,4,3,80,0,3,1970-01-01,2,16,16,5,5
30,No,Travel_Rarely,1303,Sales,14,2,Marketing,1,4,Female,43,2,3,Research Director,2,Divorced,7391,9598,3,Y,Yes,24,3,4,80,3,32,1970-01-01,1,11,10,6,7
31,Yes,Travel_Frequently,841,Sales,18,1,Human Resources,1,4,Female,38,1,2,Laboratory Technician,3,Single,18763,10054,0,Y,No,11,3,3,80,3,9,1970-01-01,3,17,11,7,6
18,No,Non-Travel,857,Human Resources,14,3,Medical,1,4,Female,34,2,4,Sales Representative,3,Married,9789,2885,8,Y,Yes,23,3,1,80,2,31,1970-01-01,2,34,2,0,0
45,Yes,Travel_Frequently,205,Human Resources,2,2,Technical Degree,1,4,Female,49,1,3,Healthcare Representative,2,Divorced,10246,3930,3,Y,No,19,3,2,80,3,27,1970-01-01,3,6,1,8,7
35,Yes,Travel_Rarely,1304,Human Resources,15,4,Marketing,1,1,Female,54,3,5,Laboratory Technician,3,Single,8596,22262,9,Y,No,19,4,3,80,1,16,1970-01-01,1,6,5,15,14
56,No,Travel_Frequently,826,Human Resources,18,1,Other,1,4,Female,97,2,2,Research Scientist,2,Single,2928,14022,8,Y,Yes,12,3,1,80,3,38,1970-01-01,2,3,2,4,15
31,No,Travel_Rarely,1216,Human Resources,4,5,Medical,1,2,Female,87,1,4,Laboratory Technician,2,Divorced,12591,24884,9,Y,Yes,21,3,2,80,3,7,1970-01-01,4,23,11,4,1
60,No,Non-Travel,351,Research & Development,4,1,Human Resources,1,2,Female,82,1,2,Sales Executive,4,Divorced,3676,9445,9,Y,No,19,3,2,80,3,26,1970-01-01,4,14,4,3,5
53,Yes,Travel_Rarely,682,Human Resources,15,1,Life Sciences,1,3,Female,38,4,5,Human Resources,3,Single,16375,22465,9,Y,No,21,3,3,80,0,21,1970-01-01,1,36,14,4,4
48,No,Travel_Frequently,306,Research & Development,6,2,Marketing,1,3,Female,95,2,3,Research Scientist,2,Divorced,6982,26176,4,Y,Yes,18,4,3,80,1,17,1970-01-01,1,13,17,14,12
44,Yes,Travel_Rarely,1326,Sales,27,3,Life Sciences,1,4,Female,67,4,2,Manager,1,Divorced,16012,10479,3,Y,Yes,18,4,2,80,0,8,1970-01-01,2,38,10,2,8
48,No,Travel_Rarely,999,Sales,12,4,Marketing,1,3,Male,88,1,4,Healthcare Representative,3,Single,5685,4782,4,Y,Yes,21,4,2,80,2,16,1970-01-01,2,36,17,14,16
52,Yes,Travel_Rarely,769,Research & Development,4,4,Technical Degree,1,2,Male,57,2,3,Manufacturing Director,3,Single,6640,14805,7,Y,Yes,21,4,1,80,1,28,1970-01-01,1,4,3,2,8
46,No,Travel_Frequently,1210,Human Resources,14,1,Technical Degree,1,1,Female,67,3,5,Research Director,2,Married,4134,25401,6,Y,Yes,13,4,1,80,3,29,1970-01-01,2,11,5,9,6
50,No,Travel_Rarely,574,Sales,11,2,Technical Degree,1,1,Female,89,1,5,Sales Executive,3,Single,2556,3285,4,Y,Yes,21,3,3,80,1,37,1970-01-01,4,38,9,13,1
30,No,Travel_Frequently,1271,Research & Development,8,4,Other,1,2,Male,33,4,2,Healthcare Representative,3,Married,9724,4083,3,Y,No,16,4,1,80,3,34,1970-01-01,3,34,5,13,17
18,No,Non-Travel,309,Research & Development,11,4,Human Resources,1,4,Female,100,1,1,Sales Representative,2,Single,5453,18707,6,Y,Yes,18,4,4,80,2,2,1970-01-01,2,17,1,2,17
57,No,Travel_Rarely,117,Human Resources,15,2,Marketing,1,4,Female,60,2,5,Laboratory Technician,4,Married,1351,26524,9,Y,Yes,23,4,3,80,2,28,1970-01-01,4,0,16,13,17
25,No,Non-Travel,869,Sales,24,4,Marketing,1,2,Male,34,2,3,Manager,3,Married,16574,24547,3,Y,Yes,18,3,3,80,3,17,1970-01-01,1,12,5,7,5
42,No,Non-Travel,1139,Human Resources,12,5,Technical Degree,1,2,Female,98,2,2,Sales Executive,3,Married,13878,15098,5,Y,Yes,25,4,3,80,2,39,1970-01-01,1,12,4,12,5
43,Yes,Non-Travel,833,Research & Development,6,3,Other,1,4,Female,76,4,4,Sales Executive,3,Single,13022,22397,9,Y,No,17,4,3,80,0,27,1970-01-01,2,15,0,8,11
49,No,Travel_Frequently,940,Research & Development,23,3,Technical Degree,1,2,Male,95,4,1,Manager,2,Divorced,12043,14364,2,Y,No,14,4,3,80,1,34,1970-01-01,1,37,18,14,4
24,Yes,Travel_Frequently,964,Sales,5,3,Marketing,1,4,Male,67,1,1,Research Director,2,Divorced,8865,21587,3,Y,No,22,4,3,80,3,8,1970-01-01,2,14,5,9,9
32,No,Travel_Rarely,437,Research & Development,28,2,Life Sciences,1,1,Male,89,4,4,Manufacturing Director,2,Divorced,10702,10032,7,Y,Yes,18,3,4,80,0,24,1970-01-01,2,25,14,14,15
41,Yes,Travel_Rarely,294,Research & Development,11,1,Marketing,1,2,Female,30,4,3,Sales Executive,2,Divorced,3717,12943,1,Y,Yes,12,4,1,80,2,5,1970-01-01,3,12,7,4,3
39,No,Travel_Rarely,549,Sales,16,3,Other,1,3,Female,89,3,4,Healthcare Representative,1,Divorced,18728,23859,4,Y,Yes,20,3,3,80,1,29,1970-01-01,4,0,13,2,1
37,No,Travel_Frequently,1292,Sales,1,3,Marketing,1,3,Female,47,4,1,Human Resources,1,Single,5737,10500,7,Y,Yes,17,4,2,80,2,10,1970-01-01,1,17,5,15,1
34,No,Travel_Frequently,1447,Research & Development,1,4,Other,1,3,Male,59,1,3,Healthcare Representative,1,Single,1855,23677,2,Y,Yes,19,4,4,80,2,37,1970-01-01,1,5,15,6,8
26,No,Travel_Rarely,569,Human Resources,20,3,Life Sciences,1,2,Male,38,4,4,Manager,4,Married,3666,7955,0,Y,Yes,22,3,3,80,0,40,1970-01-01,1,36,3,3,15
20,Yes,Travel_Rarely,632,Sales,20,1,Medical,1,3,Male,80,3,2,Laboratory Technician,1,Divorced,11907,10727,3,Y,Yes,16,3,3,80,2,10,1970-01-01,3,19,11,6,17
42,Yes,Non-Travel,598,Human Resources,24,5,Marketing,1,4,Female,60,2,3,Human Resources,4,Single,8858,20892,7,Y,No,15,4,3,80,3,7,1970-01-01,4,28,12,8,15
33,Yes,Non-Travel,307,Sales,5,5,Technical Degree,1,4,Female,65,4,4,Research Scientist,3,Married,16835,2534,3,Y,Yes,25,3,3,80,3,14,1970-01-01,2,11,9,7,4
41,No,Travel_Frequently,1209,Human Resources,15,1,Other,1,4,Male,38,2,3,Laboratory Technician,2,Married,14210,18982,1,Y,No,12,4,3,80,1,33,1970-01-01,3,23,10,0,2
44,Yes,Travel_Frequently,736,Human Resources,19,1,Other,1,4,Female,97,4,5,Laboratory Technician,3,Divorced,4302,26103,6,Y,Yes,24,4,1,80,0,39,1970-01-01,4,1,10,11,15
33,No,Travel_Rarely,681,Research & Development,22,2,Marketing,1,2,Male,42,4,4,Research Scientist,2,Married,19844,17565,0,Y,Yes,12,3,4,80,0,19,1970-01-01,3,21,0,14,12
55,Yes,Travel_Rarely,1077,Human Resources,14,4,Technical Degree,1,3,Female,33,3,5,Laboratory Technician,4,Divorced,9958,12847,1,Y,Yes,14,4,3,80,3,36,1970-01-01,3,32,4,8,6
21,No,Travel_Rarely,276,Sales,13,4,Medical,1,3,Female,63,1,1,Research Scientist,2,Married,11399,23344,3,Y,No,22,4,4,80,1,8,1970-01-01,4,40,6,4,15
33,Yes,Travel_Rarely,547,Human Resources,1,4,Life Sciences,1,3,Male,68,3,3,Human Resources,4,Single,16011,7159,1,Y,No,20,4,2,80,2,13,1970-01-01,1,28,0,4,12
56,Yes,Travel_Rarely,1377,Human Resources,20,5,Other,1,3,Female,33,1,4,Research Scientist,3,Divorced,2614,2223,3,Y,Yes,24,3,1,80,2,21,1970-01-01,4,3,6,12,13
47,No,Travel_Frequently,1126,Human Resources,5,5,Life Sciences,1,2,Female,93,2,3,Healthcare Representative,1,Married,8020,4298,2,Y,No,14,3,1,80,3,30,1970-01-01,2,7,13,9,6
37,No,Travel_Frequently,869,Sales,25,5,Other,1,2,Male,52,4,3,Research Director,3,Married,2828,19125,8,Y,No,25,4,3,80,0,2,1970-01-01,2,39,3,1,16
30,No,Travel_Rarely,835,Human Resources,11,1,Medical,1,1,Male,52,4,5,Human Resources,2,Married,17362,9834,9,Y,Yes,24,3,1,80,3,14,1970-01-01,3,27,4,3,7
26,Yes,Travel_Frequently,321,Human Resources,20,5,Other,1,4,Male,82,2,3,Laboratory Technician,3,Single,7549,21237,0,Y,Yes,13,4,3,80,2,29,1970-01-01,3,1,13,6,9
48,Yes,Non-Travel,1284,Human Resources,22,5,Human Resources,1,1,Female,31,2,5,Sales Executive,2,Divorced,1473,8221,4,Y,Yes,20,4,1,80,3,28,1970-01-01,1,28,3,0,17
57,No,Travel_Rarely,123,Sales,15,1,Human Resources,1,4,Female,72,1,4,Sales Executive,3,Married,3348,7993,5,Y,Yes,12,4,3,80,1,35,1970-01-01,4,25,16,15,10
33,No,Travel_Rarely,524,Sales,20,4,Marketing,1,3,Male,77,4,3,Manager,1,Divorced,14278,2119,6,Y,Yes,25,3,2,80,1,9,1970-01-01,3,35,1,6,15
41,No,Travel_Frequently,958,Research & Development,20,1,Marketing,1,2,Male,46,3,4,Research Director,4,Divorced,3140,12226,8,Y,Yes,15,4,4,80,3,10,1970-01-01,1,31,16,11,15
60,Yes,Travel_Rarely,316,Research & Development,2,1,Technical Degree,1,2,Female,75,4,2,Healthcare Representative,1,Single,1712,25311,8,Y,Yes,22,3,2,80,0,21,1970-01-01,3,12,10,2,5
47,No,Travel_Rarely,1287,Research & Development,26,1,Medical,1,1,Female,36,1,3,Manufacturing Director,3,Married,10336,7433,8,Y,Yes,16,4,1,80,1,18,1970-01-01,1,10,1,3,9
60,Yes,Travel_Frequently,1361,Human Resources,20,1,Human Resources,1,1,Male,35,3,1,Research Director,3,Divorced,12365,5464,6,Y,Yes,24,3,3,80,2,14,1970-01-01,1,36,4,9,5
22,No,Non-Travel,743,Research & Development,6,5,Medical,1,1,Male,72,4,2,Manager,2,Divorced,6155,20414,0,Y,No,24,3,1,80,3,12,1970-01-01,1,10,6,13,11
20,No,Non-Travel,970,Research & Development,13,5,Other,1,3,Male,94,3,5,Healthcare Representative,4,Divorced,6045,4594,2,Y,No,19,4,3,80,1,27,1970-01-01,4,22,10,15,5
53,Yes,Travel_Frequently,294,Human Resources,20,2,Marketing,1,3,Female,88,4,4,Research Scientist,1,Divorced,10073,21954,0,Y,Yes,20,3,1,80,0,33,1970-01-01,2,23,2,7,5
19,No,Non-Travel,669,Sales,21,5,Other,1,2,Female,34,2,2,Research Scientist,1,Married,13943,5047,9,Y,No,16,3,2,80,1,7,1970-01-01,3,36,13,4,7
51,Yes,Travel_Rarely,1381,Research & Development,24,5,Marketing,1,2,Male,63,3,4,Sales Representative,2,Divorced,15552,18388,8,Y,Yes,19,4,2,80,1,7,1970-01-01,3,12,13,0,9
39,Yes,Travel_Frequently,1173,Research & Development,14,5,Technical Degree,1,2,Female,78,4,2,Sales Representative,3,Divorced,7938,24538,9,Y,No,14,3,4,80,1,36,1970-01-01,4,0,15,10,17
50,No,Travel_Frequently,490,Research & Development,1,4,Human Resources,1,4,Female,61,4,1,Laboratory Technician,3,Divorced,5006,20662,2,Y,No,24,4,4,80,3,39,1970-01-01,2,25,16,1,2
18,No,Travel_Rarely,819,Sales,14,4,Marketing,1,1,Male,32,1,2,Manager,1,Single,14217,7749,8,Y,Yes,20,3,3,80,1,18,1970-01-01,2,39,5,5,14
42,Yes,Non-Travel,1158,Research & Development,12,2,Other,1,3,Male,70,2,1,Human Resources,1,Divorced,9086,23190,7,Y,No,24,3,1,80,1,26,1970-01-01,2,7,9,12,14
26,No,Travel_Frequently,786,Human Resources,4,1,Medical,1,4,Female,83,4,3,Manager,3,Single,16180,11316,8,Y,No,15,3,2,80,1,13,1970-01-01,1,37,18,13,4
58,No,Non-Travel,484,Human Resources,4,4,Life Sciences,1,2,Female,38,1,5,Manager,3,Single,14521,16714,6,Y,Yes,20,3,2,80,0,7,1970-01-01,1,38,5,15,4
56,Yes,Travel_Rarely,745,Research & Development,10,1,Medical,1,3,Female,52,3,3,Manufacturing Director,2,Married,10538,19379,4,Y,Yes,24,3,3,80,1,14,1970-01-01,2,8,13,7,12
50,No,Travel_Rarely,1015,Sales,29,4,Marketing,1,4,Female,86,1,2,Research Director,2,Single,7607,7125,5,Y,No,12,4,3,80,0,2,1970-01-01,1,19,1,2,4
48,No,Travel_Frequently,748,Human Resources,13,4,Other,1,3,Female,67,3,5,Research Director,3,Divorced,4403,2402,8,Y,Yes,21,3,4,80,1,28,1970-01-01,2,21,11,15,9
47,No,Travel_Frequently,834,Human Resources,8,2,Life Sciences,1,4,Male,55,1,2,Manufacturing Director,1,Married,16370,17535,9,Y,No,23,3,4,80,3,31,1970-01-01,3,2,16,5,17
40,No,Non-Travel,348,Human Resources,27,2,Other,1,2,Female,41,1,1,Human Resources,1,Married,14294,13104,6,Y,No,22,4,2,80,2,3,1970-01-01,3,18,17,1,4
35,No,Travel_Rarely,1201,Human Resources,29,4,Other,1,2,Male,39,3,4,Laboratory Technician,4,Divorced,11962,2842,1,Y,Yes,17,4,2,80,0,33,1970-01-01,2,18,15,14,0
60,No,Travel_Rarely,286,Human Resources,13,4,Marketing,1,4,Female,34,2,3,Healthcare Representative,1,Divorced,10885,12072,3,Y,No,12,3,4,80,1,38,1970-01-01,2,4,16,15,4
38,No,Travel_Rarely,581,Sales,8,4,Marketing,1,2,Female,35,3,1,Healthcare Representative,2,Divorced,9738,22477,6,Y,Yes,24,3,1,80,2,4,1970-01-01,2,24,15,14,6
29,Yes,Travel_Frequently,572,Research & Development,20,1,Human Resources,1,1,Male,41,2,2,Sales Representative,2,Single,16417,4821,3,Y,No,15,3,1,80,1,17,1970-01-01,3,11,12,6,8
58,No,Non-Travel,224,Sales,11,3,Life Sciences,1,2,Male,62,4,5,Manager,1,Married,17510,11229,8,Y,Yes,23,4,3,80,0,9,1970-01-01,3,15,9,11,8
43,No,Travel_Rarely,402,Human Resources,27,2,Technical Degree,1,1,Male,34,2,5,Manager,3,Single,1834,4037,7,Y,No,23,3,3,80,3,35,1970-01-01,2,10,12,10,0
47,Yes,Travel_Rarely,1079,Human Resources,1,4,Life Sciences,1,1,Female,38,4,3,Healthcare Representative,4,Divorced,19133,23411,2,Y,No,24,4,4,80,1,17,1970-01-01,3,18,14,10,10
30,Yes,Non-Travel,1308,Sales,28,3,Technical Degree,1,4,Female,35,1,2,Research Scientist,2,Single,4181,10730,1,Y,No,15,3,4,80,0,35,1970-01-01,3,26,11,10,12
31,Yes,Non-Travel,230,Human Resources,6,1,Medical,1,2,Female,70,1,3,Laboratory Technician,2,Single,19792,13208,6,Y,Yes,24,4,2,80,3,7,1970-01-01,1,18,13,2,0
52,No,Travel_Rarely,628,Sales,21,2,Other,1,1,Female,46,1,3,Laboratory Technician,3,Married,11402,12975,4,Y,No,16,3,4,80,1,39,1970-01-01,1,38,17,6,0
30,Yes,Non-Travel,697,Research & Development,22,5,Technical Degree,1,4,Female,99,1,5,Research Scientist,2,Married,18508,8410,1,Y,Yes,22,3,4,80,3,9,1970-01-01,3,13,0,12,17
45,No,Travel_Frequently,881,Sales,14,4,Medical,1,3,Male,64,3,5,Sales Executive,3,Divorced,13527,26283,2,Y,No,13,3,3,80,2,38,1970-01-01,1,29,11,12,7
47,No,Travel_Frequently,417,Human Resources,9,3,Medical,1,4,Female,73,1,5,Sales Representative,4,Married,6239,6286,5,Y,No,21,4,1,80,0,6,1970-01-01,1,29,1,2,7
59,Yes,Non-Travel,1110,Sales,19,4,Marketing,1,1,Female,96,2,5,Manufacturing Director,2,Divorced,10140,14522,1,Y,No,20,3,4,80,1,13,1970-01-01,3,38,2,8,8
59,No,Travel_Frequently,1363,Sales,14,3,Technical Degree,1,1,Male,73,2,4,Manager,3,Divorced,13625,2457,6,Y,Yes,25,3,3,80,3,6,1970-01-01,2,9,12,14,13
18,No,Non-Travel,329,Research & Development,2,3,Marketing,1,4,Male,87,2,2,Manufacturing Director,1,Single,4993,2199,9,Y,No,19,4,4,80,1,2,1970-01-01,2,0,16,7,13
39,Yes,Travel_Rarely,1096,Sales,1,4,Life Sciences,1,1,Male,49,4,2,Healthcare Representative,2,Married,1931,13916,4,Y,No,14,4,4,80,1,18,1970-01-01,3,10,5,3,9
34,No,Non-Travel,641,Sales,16,2,Medical,1,4,Female,68,4,5,Research Director,1,Single,4934,6580,6,Y,No,22,3,4,80,3,22,1970-01-01,4,2,5,2,3
30,Yes,Travel_Frequently,836,Sales,1,2,Human Resources,1,4,Female,58,2,5,Healthcare Representative,2,Married,17918,8755,1,Y,No,18,3,1,80,1,7,1970-01-01,4,29,10,5,2
58,Yes,Travel_Frequently,259,Sales,16,3,Human Resources,1,3,Female,45,2,2,Laboratory Technician,2,Divorced,9101,7842,9,Y,Yes,23,3,1,80,1,32,1970-01-01,3,13,7,1,7
25,No,Travel_Frequently,962,Sales,1,4,Life Sciences,1,3,Male,94,4,4,Laboratory Technician,1,Divorced,5377,25304,2,Y,No,17,3,2,80,3,33,1970-01-01,1,34,17,5,13
57,No,Non-Travel,722,Sales,13,2,Other,1,4,Female,89,2,1,Healthcare Representative,2,Single,13055,10787,8,Y,Yes,24,3,1,80,1,16,1970-01-01,2,25,18,11,11
24,Yes,Non-Travel,452,Human Resources,14,2,Life Sciences,1,3,Male,66,2,2,Research Director,3,Single,8461,23838,6,Y,No,17,4,1,80,2,32,1970-01-01,3,33,4,9,11
40,Yes,Travel_Rarely,653,Human Resources,9,4,Other,1,1,Female,31,3,3,Sales Executive,3,Single,18902,11309,7,Y,Yes,18,3,3,80,2,19,1970-01-01,3,25,9,3,13
32,No,Travel_Rarely,1212,Sales,1,3,Medical,1,2,Female,47,1,2,Human Resources,4,Single,5159,20480,1,Y,Yes,23,3,3,80,3,4,1970-01-01,4,27,16,12,6
24,No,Non-Travel,1003,Human Resources,21,4,Marketing,1,1,Male,62,4,2,Sales Executive,2,Single,14583,10997,7,Y,No,22,4,4,80,1,28,1970-01-01,4,19,8,4,2
59,No,Travel_Frequently,1276,Human Resources,18,5,Medical,1,3,Male,71,2,5,Research Scientist,2,Divorced,6291,18762,5,Y,No,17,4,4,80,2,17,1970-01-01,2,2,2,12,11
46,Yes,Travel_Frequently,310,Research & Development,1,3,Medical,1,1,Male,48,1,4,Research Director,2,Single,9112,9540,6,Y,Yes,17,3,1,80,1,2,1970-01-01,3,22,12,8,3
37,No,Travel_Rarely,1155,Sales,22,2,Human Resources,1,3,Female,37,1,3,Sales Representative,1,Divorced,6762,14729,1,Y,No,24,3,2,80,3,6,1970-01-01,2,2,7,1,15
38,Yes,Non-Travel,260,Research & Development,16,4,Marketing,1,4,Female,59,3,4,Sales Executive,1,Married,18702,8401,7,Y,No,18,4,4,80,3,6,1970-01-01,4,4,17,1,8
34,No,Non-Travel,853,Sales,28,5,Marketing,1,3,Male,79,2,5,Laboratory Technician,3,Divorced,11369,7087,2,Y,Yes,13,4,3,80,3,30,1970-01-01,1,15,18,8,12
18,Yes,Non-Travel,1429,Research & Development,23,1,Medical,1,3,Male,44,4,2,Research Scientist,4,Single,11364,2832,4,Y,Yes,16,3,1,80,3,7,1970-01-01,4,31,13,12,5
55,Yes,Travel_Frequently,854,Sales,18,5,Life Sciences,1,4,Female,34,3,4,Sales Representative,3,Divorced,3403,22932,1,Y,No,20,4,3,80,1,19,1970-01-01,4,33,11,0,15
18,No,Travel_Frequently,615,Human Resources,27,4,Other,1,2,Female,55,1,3,Laboratory Technician,3,Single,18097,6501,6,Y,No,11,4,4,80,1,27,1970-01-01,3,5,1,5,4
47,Yes,Non-Travel,271,Sales,12,5,Medical,1,3,Male,47,4,3,Healthcare Representative,1,Divorced,7011,23517,8,Y,No,14,3,2,80,3,6,1970-01-01,2,38,15,6,10
42,Yes,Travel_Frequently,1310,Human Resources,21,2,Marketing,1,4,Female,77,2,4,Research Scientist,1,Divorced,14257,5600,2,Y,No,14,3,1,80,1,12,1970-01-01,4,22,7,3,5
18,Yes,Non-Travel,1171,Research & Development,6,1,Human Resources,1,4,Female,61,2,3,Manager,2,Divorced,17395,12602,7,Y,No,12,4,2,80,2,39,1970-01-01,3,34,6,3,0
19,Yes,Non-Travel,1306,Research & Development,22,5,Marketing,1,1,Male,39,3,3,Laboratory Technician,4,Divorced,2061,7552,0,Y,No,24,4,3,80,0,39,1970-01-01,2,5,16,0,0
30,Yes,Non-Travel,142,Sales,25,2,Marketing,1,4,Male,90,2,5,Research Director,3,Married,2691,11376,7,Y,Yes,17,3,1,80,2,12,1970-01-01,4,15,16,5,12
18,Yes,Travel_Rarely,395,Research & Development,11,1,Other,1,2,Female,94,4,3,Sales Representative,2,Single,16159,9162,4,Y,No,13,4,3,80,1,27,1970-01-01,4,21,2,3,13
55,Yes,Travel_Frequently,495,Human Resources,15,2,Medical,1,3,Male,38,2,3,Research Scientist,3,Divorced,16567,10204,9,Y,No,20,4,2,80,1,22,1970-01-01,3,6,5,11,9
60,Yes,Non-Travel,709,Sales,29,4,Medical,1,4,Male,86,4,4,Human Resources,3,Single,2407,19038,9,Y,No,20,3,2,80,3,21,1970-01-01,1,31,17,5,4
18,No,Non-Travel,1371,Research & Development,19,5,Other,1,4,Male,49,3,2,Laboratory Technician,3,Married,11891,2638,4,Y,No,17,4,3,80,1,34,1970-01-01,4,14,13,0,14
22,No,Travel_Frequently,628,Human Resources,7,1,Human Resources,1,3,Female,40,4,2,Research Scientist,1,Married,3909,19671,9,Y,No,15,3,1,80,3,0,1970-01-01,4,4,9,11,0
33,Yes,Non-Travel,1301,Sales,12,3,Other,1,2,Male,40,3,2,Laboratory Technician,4,Divorced,17980,11440,7,Y,Yes,14,3,2,80,0,22,1970-01-01,1,23,17,12,9
50,Yes,Travel_Rarely,335,Sales,14,1,Medical,1,4,Female,39,4,5,Research Scientist,3,Married,5912,17461,4,Y,No,23,3,4,80,1,0,1970-01-01,2,34,12,7,16
50,Yes,Travel_Frequently,442,Sales,1,1,Marketing,1,3,Male,65,4,5,Healthcare Representative,3,Single,3630,17295,5,Y,No,25,4,1,80,3,14,1970-01-01,2,38,14,3,4
46,No,Travel_Rarely,832,Research & Development,10,2,Human Resources,1,4,Female,94,3,3,Manufacturing Director,4,Married,19247,2284,1,Y,No,14,3,4,80,2,26,1970-01-01,2,20,14,7,12
43,Yes,Travel_Frequently,906,Research & Development,16,2,Life Sciences,1,1,Female,68,2,2,Laboratory Technician,1,Married,14523,19098,8,Y,Yes,18,4,1,80,3,37,1970-01-01,4,19,16,7,5
26,Yes,Non-Travel,381,Human Resources,29,1,Marketing,1,2,Male,69,3,3,Human Resources,3,Divorced,8937,26763,4,Y,No,19,3,2,80,3,35,1970-01-01,4,18,13,11,11
55,Yes,Travel_Rarely,1178,Human Resources,22,2,Other,1,2,Female,86,3,4,Manager,2,Married,11496,9328,1,Y,No,17,3,4,80,0,14,1970-01-01,2,18,10,11,3
21,No,Travel_Frequently,1072,Human Resources,4,3,Medical,1,4,Female,54,3,2,Manager,2,Married,4611,6259,4,Y,No,21,3,3,80,2,15,1970-01-01,4,17,15,11,14
57,Yes,Non-Travel,955,Human Resources,9,4,Human Resources,1,1,Male,63,1,4,Research Director,2,Married,19099,22514,3,Y,No,22,4,2,80,0,14,1970-01-01,1,28,1,7,3
19,No,Travel_Frequently,307,Sales,20,1,Life Sciences,1,3,Male,98,2,3,Research Director,4,Divorced,7014,7293,2,Y,No,17,3,2,80,0,1,1970-01-01,4,2,9,0,4
48,No,Non-Travel,1039,Research & Development,4,1,Technical Degree,1,4,Female,47,4,2,Human Resources,1,Divorced,10092,8074,1,Y,Yes,24,3,3,80,1,9,1970-01-01,1,9,2,12,9
42,Yes,Travel_Frequently,1348,Sales,15,4,Technical Degree,1,4,Female,33,4,4,Manager,2,Divorced,16648,22524,6,Y,No,13,4,4,80,0,11,1970-01-01,1,39,9,12,8
28,No,Non-Travel,195,Research & Development,17,1,Medical,1,2,Male,71,4,1,Human Resources,4,Divorced,4855,23874,8,Y,No,24,4,4,80,3,24,1970-01-01,2,27,11,3,1
34,No,Travel_Rarely,656,Human Resources,16,3,Human Resources,1,4,Male,68,3,4,Human Resources,4,Single,8717,26599,0,Y,Yes,19,3,4,80,0,17,1970-01-01,3,29,12,4,6
21,Yes,Non-Travel,935,Human Resources,20,2,Human Resources,1,1,Male,44,1,1,Healthcare Representative,3,Married,16741,5543,0,Y,No,18,3,2,80,1,34,1970-01-01,2,25,9,5,17
54,Yes,Travel_Frequently,1449,Research & Development,5,5,Marketing,1,2,Female,36,1,5,Research Scientist,4,Married,13365,5353,6,Y,Yes,24,3,2,80,1,22,1970-01-01,1,32,13,11,17
48,No,Non-Travel,162,Human Resources,18,3,Life Sciences,1,3,Female,90,1,4,Human Resources,3,Married,17926,17326,6,Y,No,15,4,1,80,3,28,1970-01-01,4,32,12,1,3
22,Yes,Travel_Frequently,1144,Sales,26,5,Medical,1,4,Male,97,4,1,Manufacturing Director,2,Divorced,7856,9508,7,Y,Yes,17,3,2,80,3,36,1970-01-01,2,24,1,12,0
25,No,Travel_Rarely,729,Human Resources,19,5,Technical Degree,1,2,Male,66,4,4,Sales Representative,2,Single,4122,23781,3,Y,Yes,18,4,3,80,2,29,1970-01-01,1,22,2,3,17
49,Yes,Travel_Rarely,879,Research & Development,21,5,Human Resources,1,1,Female,65,4,3,Sales Executive,3,Divorced,12876,22425,6,Y,Yes,25,4,2,80,1,1,1970-01-01,2,33,0,5,5
30,Yes,Travel_Rarely,376,Research & Development,12,1,Technical Degree,1,2,Female,50,1,1,Healthcare Representative,4,Divorced,1552,6408,5,Y,No,11,3,3,80,0,31,1970-01-01,2,9,6,12,5
19,No,Travel_Frequently,477,Human Resources,13,2,Medical,1,1,Male,97,2,1,Laboratory Technician,3,Divorced,1981,23059,3,Y,Yes,19,4,1,80,3,10,1970-01-01,1,17,17,13,3
46,Yes,Travel_Rarely,1160,Human Resources,18,5,Technical Degree,1,1,Female,96,3,2,Research Director,3,Single,6618,24695,8,Y,Yes,15,3,3,80,0,17,1970-01-01,1,16,2,1,1
36,Yes,Travel_Rarely,1125,Research & Development,27,2,Medical,1,4,Male,86,2,3,Research Scientist,2,Married,17800,3613,1,Y,Yes,25,4,1,80,1,35,1970-01-01,3,38,0,3,11
23,No,Non-Travel,1062,Sales,3,5,Marketing,1,1,Female,60,4,4,Human Resources,4,Single,1994,21031,3,Y,No,21,4,1,80,2,28,1970-01-01,3,35,7,2,0
48,No,Travel_Frequently,288,Human Resources,14,3,Other,1,3,Female,97,2,5,Research Director,2,Single,8541,21857,1,Y,No,13,4,1,80,0,31,1970-01-01,1,20,18,10,11
43,No,Non-Travel,1279,Sales,26,5,Technical Degree,1,4,Male,92,2,3,Manager,1,Married,5281,8131,9,Y,Yes,14,3,4,80,3,12,1970-01-01,2,28,4,15,1
18,Yes,Travel_Rarely,1473,Sales,15,4,Technical Degree,1,2,Female,97,2,3,Laboratory Technician,4,Married,13078,8675,5,Y,No,11,3,1,80,1,26,1970-01-01,3,1,3,2,0
57,No,Travel_Rarely,339,Human Resources,20,3,Marketing,1,4,Male,72,2,3,Sales Executive,2,Single,16669,14722,3,Y,No,16,4,2,80,1,27,1970-01-01,2,5,6,3,0
27,No,Travel_Frequently,451,Sales,21,5,Human Resources,1,3,Female,97,2,4,Laboratory Technician,1,Single,9014,13581,1,Y,Yes,14,4,2,80,3,10,1970-01-01,2,4,5,6,4
60,No,Non-Travel,1235,Human Resources,26,3,Medical,1,1,Female,96,3,3,Sales Executive,1,Married,10502,11495,2,Y,No,13,4,1,80,2,38,1970-01-01,4,23,16,10,13
19,Yes,Travel_Rarely,150,Human Resources,24,3,Other,1,1,Female,53,1,2,Sales Executive,4,Married,3057,25373,5,Y,Yes,19,4,4,80,0,24,1970-01-01,1,27,0,13,5
58,No,Travel_Frequently,436,Research & Development,21,3,Life Sciences,1,4,Female,62,2,4,Research Director,2,Single,7258,19048,9,Y,Yes,22,4,1,80,1,18,1970-01-01,1,36,12,15,14
47,No,Non-Travel,405,Research & Development,5,3,Medical,1,1,Male,80,3,4,Sales Representative,3,Divorced,5442,24547,6,Y,No,18,4,2,80,0,27,1970-01-01,3,3,12,11,10
37,No,Travel_Frequently,1190,Research & Development,11,5,Technical Degree,1,1,Female,39,2,5,Healthcare Representative,2,Married,3822,25091,8,Y,No,16,3,1,80,2,0,1970-01-01,1,38,15,6,7
46,Yes,Non-Travel,208,Research & Development,10,5,Medical,1,3,Male,35,4,5,Healthcare Representative,3,Married,6164,12297,3,Y,Yes,22,4,1,80,2,20,1970-01-01,1,0,14,12,9
30,No,Non-Travel,263,Human Resources,1,1,Human Resources,1,1,Male,55,4,2,Research Scientist,3,Single,2962,15452,4,Y,No,21,4,3,80,0,15,1970-01-01,3,25,12,14,8
42,Yes,Non-Travel,206,Research & Development,8,4,Life Sciences,1,2,Female,48,3,1,Manufacturing Director,1,Divorced,17909,8728,2,Y,No,12,4,4,80,3,10,1970-01-01,3,19,11,13,17
58,Yes,Non-Travel,319,Human Resources,26,2,Life Sciences,1,1,Male,87,2,5,Manufacturing Director,1,Divorced,2633,18620,2,Y,No,11,3,3,80,2,5,1970-01-01,4,39,16,2,0
22,No,Non-Travel,781,Research & Development,29,2,Marketing,1,1,Male,74,3,2,Research Director,4,Single,14440,21341,0,Y,No,22,3,3,80,2,25,1970-01-01,1,29,9,0,2
43,Yes,Travel_Rarely,1212,Human Resources,5,1,Life Sciences,1,1,Female,40,1,5,Laboratory Technician,4,Married,14803,16004,9,Y,Yes,13,4,1,80,2,15,1970-01-01,4,4,10,6,15
23,No,Travel_Frequently,1079,Human Resources,8,4,Life Sciences,1,4,Female,63,2,3,Sales Representative,1,Single,19321,9362,6,Y,No,19,4,1,80,0,13,1970-01-01,2,7,12,13,13
56,Yes,Travel_Frequently,1013,Research & Development,24,3,Medical,1,4,Male,71,1,4,Human Resources,3,Divorced,8107,26857,1,Y,Yes,23,3,4,80,2,27,1970-01-01,4,16,1,10,7
31,Yes,Travel_Rarely,288,Human Resources,2,1,Life Sciences,1,1,Male,84,4,1,Research Scientist,4,Divorced,11220,25243,1,Y,No,16,4,2,80,2,14,1970-01-01,2,3,14,11,15
30,Yes,Travel_Rarely,1324,Sales,4,2,Life Sciences,1,2,Female,87,4,2,Laboratory Technician,1,Married,3579,12098,3,Y,Yes,22,4,1,80,0,19,1970-01-01,1,4,11,6,9
23,No,Travel_Rarely,1252,Sales,3,1,Other,1,4,Female,43,2,3,Laboratory Technician,1,Divorced,14804,11920,6,Y,No,14,3,2,80,0,30,1970-01-01,2,33,0,12,14
57,No,Travel_Rarely,287,Research & Development,25,5,Life Sciences,1,2,Female,92,4,2,Research Scientist,4,Single,16946,5794,2,Y,No,22,3,4,80,1,9,1970-01-01,2,37,18,1,17
40,Yes,Travel_Frequently,1464,Sales,28,5,Other,1,2,Female,70,2,4,Laboratory Technician,4,Single,8993,2380,3,Y,Yes,15,3,4,80,3,7,1970-01-01,1,26,4,6,14
33,Yes,Non-Travel,319,Human Resources,17,1,Life Sciences,1,2,Female,34,2,1,Sales Representative,2,Married,2413,14596,3,Y,Yes,15,3,2,80,2,20,1970-01-01,3,11,6,8,1
48,No,Travel_Rarely,1104,Research & Development,15,3,Other,1,2,Female,32,3,2,Laboratory Technician,2,Married,17014,5365,5,Y,Yes,11,3,2,80,0,31,1970-01-01,2,27,1,2,2
55,No,Travel_Rarely,832,Sales,27,1,Medical,1,4,Male,93,2,2,Research Director,1,Married,17252,13992,5,Y,No,15,4,2,80,1,28,1970-01-01,2,26,3,3,2
52,No,Non-Travel,949,Human Resources,16,5,Technical Degree,1,2,Female,69,3,5,Manufacturing Director,2,Divorced,4251,12008,9,Y,No,25,3,3,80,1,19,1970-01-01,3,35,18,14,8
41,No,Travel_Frequently,278,Research & Development,24,5,Medical,1,2,Male,55,4,3,Research Director,3,Single,6534,3525,1,Y,Yes,13,4,2,80,0,14,1970-01-01,3,38,11,11,1
50,Yes,Travel_Frequently,1440,Research & Development,16,2,Human Resources,1,1,Male,45,3,3,Laboratory Technician,3,Single,10228,20934,8,Y,Yes,16,3,4,80,2,19,1970-01-01,4,17,4,0,0
33,No,Travel_Frequently,758,Human Resources,27,2,Medical,1,3,Female,99,2,2,Laboratory Technician,1,Divorced,14314,8326,2,Y,No,20,3,2,80,1,16,1970-01-01,4,38,3,11,9
38,No,Travel_Frequently,1497,Human Resources,11,4,Other,1,2,Male,99,1,4,Healthcare Representative,1,Single,19135,12350,1,Y,No,25,4,4,80,2,17,1970-01-01,4,32,18,6,15
31,No,Travel_Rarely,814,Research & Development,20,2,Other,1,2,Female,74,4,4,Human Resources,3,Single,3256,24849,3,Y,Yes,13,4,1,80,0,1,1970-01-01,2,22,13,7,14
35,No,Travel_Frequently,1423,Research & Development,16,2,Marketing,1,3,Male,87,3,3,Research Scientist,2,Married,10220,10164,9,Y,Yes,17,4,3,80,0,15,1970-01-01,3,30,10,6,6
40,Yes,Non-Travel,926,Human Resources,17,3,Life Sciences,1,1,Female,89,1,1,Healthcare Representative,2,Married,9172,15837,1,Y,Yes,25,3,1,80,1,6,1970-01-01,2,25,16,5,1
30,No,Travel_Rarely,499,Sales,17,4,Life Sciences,1,3,Female,42,1,2,Research Director,4,Divorced,1137,9277,5,Y,No,16,4,3,80,2,16,1970-01-01,3,40,6,5,15
28,Yes,Non-Travel,1003,Research & Development,27,2,Other,1,2,Female,67,1,3,Sales Representative,4,Single,8167,7068,4,Y,No,15,4,4,80,1,10,1970-01-01,3,2,0,5,7
46,Yes,Non-Travel,1129,Sales,17,1,Other,1,1,Female,78,4,5,Laboratory Technician,4,Divorced,8490,13098,6,Y,No,16,3,4,80,2,6,1970-01-01,3,28,7,9,13
20,Yes,Travel_Frequently,474,Human Resources,20,3,Human Resources,1,3,Male,64,2,1,Sales Representative,2,Single,3035,13589,0,Y,No,23,3,2,80,2,10,1970-01-01,1,1,6,3,12
31,No,Travel_Rarely,986,Human Resources,8,5,Life Sciences,1,3,Male,67,4,2,Research Scientist,2,Married,12187,9074,0,Y,No,24,4,2,80,0,2,1970-01-01,2,26,0,1,14
46,No,Travel_Rarely,860,Research & Development,15,1,Life Sciences,1,3,Female,49,1,5,Sales Executive,2,Single,15913,4616,7,Y,No,14,4,4,80,0,15,1970-01-01,1,39,14,10,12
45,No,Non-Travel,922,Human Resources,15,2,Technical Degree,1,2,Male,62,3,4,Human Resources,2,Married,17988,17177,0,Y,Yes,12,3,2,80,1,36,1970-01-01,3,15,17,10,9
32,Yes,Non-Travel,1174,Human Resources,28,3,Other,1,3,Male,85,4,5,Manufacturing Director,1,Single,1425,16193,8,Y,No,14,3,4,80,3,36,1970-01-01,3,38,17,6,11
25,No,Non-Travel,1351,Human Resources,13,1,Marketing,1,4,Female,99,2,5,Sales Executive,4,Divorced,3638,24748,8,Y,No,16,3,1,80,2,17,1970-01-01,2,6,7,3,9
43,Yes,Non-Travel,699,Sales,5,3,Life Sciences,1,2,Male,83,1,2,Laboratory Technician,2,Single,17652,8330,2,Y,No,16,3,1,80,1,12,1970-01-01,1,6,13,13,12
39,No,Travel_Rarely,169,Sales,17,5,Life Sciences,1,1,Male,42,1,1,Sales Representative,3,Single,13907,20200,5,Y,No,16,3,2,80,2,18,1970-01-01,4,5,3,8,7
47,Yes,Travel_Frequently,269,Research & Development,13,1,Marketing,1,3,Female,89,3,5,Manager,3,Divorced,1370,23453,0,Y,No,14,4,2,80,0,5,1970-01-01,3,8,7,5,16
31,Yes,Travel_Rarely,964,Research & Development,10,1,Medical,1,3,Female,46,3,3,Research Scientist,2,Married,18631,8913,6,Y,No,18,3,1,80,3,4,1970-01-01,4,39,10,9,15
55,No,Travel_Rarely,604,Research & Development,20,5,Medical,1,3,Female,97,2,2,Sales Executive,3,Married,3949,4886,9,Y,No,19,4,1,80,0,30,1970-01-01,1,33,4,11,4
30,Yes,Travel_Rarely,1118,Research & Development,9,3,Other,1,4,Female,33,2,5,Human Resources,2,Single,6848,16997,8,Y,No,12,3,3,80,0,26,1970-01-01,3,26,9,9,7
52,No,Travel_Frequently,1361,Sales,16,4,Human Resources,1,1,Female,81,1,2,Healthcare Representative,1,Single,8814,15306,1,Y,No,13,3,2,80,3,32,1970-01-01,1,15,1,0,17
59,Yes,Travel_Rarely,890,Sales,18,5,Other,1,3,Male,97,1,2,Manager,3,Married,19020,26869,7,Y,Yes,21,3,1,80,1,21,1970-01-01,1,11,6,11,5
30,Yes,Travel_Rarely,309,Human Resources,16,1,Life Sciences,1,3,Male,71,3,2,Sales Representative,3,Divorced,11035,3109,3,Y,Yes,15,4,2,80,3,28,1970-01-01,1,18,9,12,8
40,Yes,Travel_Frequently,1402,Research & Development,3,4,Technical Degree,1,3,Male,71,2,1,Sales Executive,4,Married,12531,2811,4,Y,No,11,4,4,80,2,31,1970-01-01,1,32,3,4,7
28,No,Travel_Frequently,814,Sales,6,5,Human Resources,1,4,Female,54,3,1,Manager,1,Single,4782,13466,5,Y,No,12,3,2,80,3,37,1970-01-01,2,39,11,15,8
56,Yes,Travel_Frequently,813,Research & Development,27,4,Medical,1,3,Male,88,1,4,Laboratory Technician,2,Single,3054,16360,4,Y,No,17,3,1,80,1,4,1970-01-01,3,14,9,7,15
25,No,Travel_Frequently,1181,Human Resources,23,4,Marketing,1,2,Male,68,4,5,Research Director,1,Single,18289,9792,1,Y,No,25,3,4,80,1,39,1970-01-01,1,3,6,9,10
22,Yes,Non-Travel,1028,Sales,1,2,Life Sciences,1,2,Male,96,3,4,Manager,1,Divorced,6696,15581,1,Y,Yes,20,3,4,80,1,11,1970-01-01,4,22,11,9,7
34,Yes,Non-Travel,640,Sales,2,3,Human Resources,1,2,Female,32,1,1,Manager,2,Married,1981,16318,9,Y,Yes,12,4,2,80,3,16,1970-01-01,3,22,3,13,0
51,No,Non-Travel,240,Sales,27,1,Marketing,1,2,Female,30,2,3,Manager,4,Married,19332,12001,6,Y,No,23,4,2,80,0,3,1970-01-01,1,17,6,12,11
39,Yes,Travel_Rarely,1161,Research & Development,27,4,Human Resources,1,3,Male,87,1,5,Sales Representative,3,Single,16583,13138,1,Y,No,12,3,3,80,2,7,1970-01-01,4,37,5,15,4
24,Yes,Travel_Frequently,995,Sales,27,4,Life Sciences,1,2,Male,43,2,5,Research Scientist,2,Divorced,16396,14274,7,Y,Yes,21,3,4,80,1,32,1970-01-01,1,39,13,0,9
50,Yes,Non-Travel,429,Research & Development,6,5,Other,1,3,Female,87,4,2,Manufacturing Director,2,Single,13792,24238,5,Y,Yes,19,4,4,80,2,35,1970-01-01,3,6,3,13,16
40,No,Travel_Rarely,489,Human Resources,1,4,Other,1,3,Male,32,4,5,Research Scientist,3,Married,8362,23506,1,Y,Yes,18,4,2,80,1,33,1970-01-01,4,1,9,13,3
37,No,Non-Travel,405,Research & Development,28,3,Life Sciences,1,2,Male,34,1,5,Research Scientist,1,Married,11229,20252,4,Y,Yes,24,4,4,80,1,11,1970-01-01,3,10,9,11,7
25,No,Non-Travel,688,Human Resources,16,4,Life Sciences,1,1,Female,51,3,3,Sales Representative,3,Married,10555,16010,8,Y,No,19,3,3,80,3,30,1970-01-01,4,10,4,13,7
32,Yes,Travel_Frequently,578,Sales,10,2,Human Resources,1,3,Male,91,2,5,Human Resources,4,Married,9095,14802,0,Y,Yes,23,3,3,80,0,15,1970-01-01,1,3,18,3,10
40,Yes,Non-Travel,663,Human Resources,19,3,Other,1,2,Male,76,1,3,Healthcare Representative,1,Married,9549,5290,7,Y,No,24,4,3,80,0,22,1970-01-01,1,0,12,14,15
29,No,Travel_Frequently,1460,Research & Development,12,4,Medical,1,3,Female,63,2,1,Human Resources,3,Single,11818,6221,1,Y,No,16,3,1,80,3,17,1970-01-01,2,25,0,1,17
40,No,Travel_Rarely,1210,Human Resources,27,4,Technical Degree,1,2,Female,83,3,3,Human Resources,1,Single,18405,24897,0,Y,Yes,25,4,2,80,1,10,1970-01-01,3,22,5,10,12
34,Yes,Non-Travel,311,Human Resources,28,4,Medical,1,4,Male,34,4,5,Human Resources,3,Single,10352,17749,6,Y,Yes,25,4,3,80,0,29,1970-01-01,2,35,15,14,9
58,Yes,Travel_Rarely,418,Sales,16,2,Technical Degree,1,3,Male,52,2,3,Sales Representative,4,Divorced,11126,16901,2,Y,Yes,18,4,2,80,3,0,1970-01-01,4,12,13,12,0
30,Yes,Travel_Rarely,452,Sales,18,5,Medical,1,2,Female,70,4,5,Sales Representative,2,Married,11572,7838,8,Y,Yes,14,4,1,80,3,34,1970-01-01,2,28,15,4,4
31,Yes,Travel_Frequently,717,Research & Development,10,4,Life Sciences,1,3,Female,92,4,4,Manager,2,Single,17825,17579,0,Y,No,16,4,4,80,2,24,1970-01-01,1,9,5,8,9
35,No,Travel_Frequently,1067,Sales,8,2,Life Sciences,1,1,Female,51,4,2,Manufacturing Director,3,Divorced,19695,2227,2,Y,Yes,24,4,4,80,1,1,1970-01-01,3,31,15,12,15
53,Yes,Travel_Frequently,699,Research & Development,20,5,Marketing,1,3,Female,88,1,4,Research Scientist,1,Married,12402,3373,7,Y,Yes,14,4,4,80,0,40,1970-01-01,2,36,16,14,9
25,No,Non-Travel,1154,Human Resources,1,5,Life Sciences,1,4,Female,46,2,4,Research Director,4,Single,9811,11521,8,Y,No,25,4,1,80,0,0,1970-01-01,3,0,5,6,2
45,Yes,Travel_Rarely,1214,Sales,24,3,Technical Degree,1,3,Female,50,1,4,Healthcare Representative,1,Divorced,1566,17077,4,Y,Yes,25,3,4,80,1,10,1970-01-01,4,36,5,3,17
55,Yes,Non-Travel,131,Sales,12,3,Other,1,2,Female,33,3,1,Human Resources,2,Married,2692,17619,4,Y,Yes,20,4,1,80,2,16,1970-01-01,4,19,12,9,12
18,Yes,Travel_Frequently,415,Human Resources,7,4,Technical Degree,1,4,Male,67,2,2,Manager,3,Married,10141,11277,6,Y,Yes,18,3,2,80,1,10,1970-01-01,4,27,14,9,3
33,Yes,Travel_Frequently,1287,Human Resources,21,1,Life Sciences,1,3,Male,31,1,4,Human Resources,1,Single,15066,22836,2,Y,Yes,12,4,4,80,1,37,1970-01-01,2,14,14,0,8
52,Yes,Non-Travel,431,Human Resources,16,1,Marketing,1,2,Male,49,4,2,Research Scientist,4,Divorced,3394,12150,5,Y,No,19,3,1,80,0,7,1970-01-01,3,7,2,11,8
19,No,Travel_Rarely,304,Research & Development,14,5,Marketing,1,3,Male,33,4,1,Manager,2,Divorced,14464,8417,5,Y,Yes,13,4,4,80,3,22,1970-01-01,4,25,1,1,7
19,Yes,Non-Travel,597,Sales,17,1,Technical Degree,1,2,Female,35,4,5,Manufacturing Director,1,Single,6425,4603,0,Y,No,15,4,2,80,0,0,1970-01-01,1,13,3,0,12
47,Yes,Travel_Rarely,1329,Human Resources,15,4,Other,1,4,Female,78,1,4,Human Resources,1,Single,5046,13007,8,Y,No,16,4,2,80,0,40,1970-01-01,1,12,8,7,14
25,No,Travel_Frequently,1024,Research & Development,1,3,Other,1,2,Male,68,1,2,Laboratory Technician,2,Single,15779,22728,0,Y,No,25,4,1,80,3,20,1970-01-01,3,13,17,11,17
31,No,Non-Travel,313,Research & Development,17,2,Life Sciences,1,2,Female,78,4,4,Sales Representative,2,Married,13451,13681,8,Y,No,22,4,4,80,1,39,1970-01-01,1,4,0,11,13
41,No,Travel_Rarely,257,Sales,9,1,Medical,1,1,Male,94,1,1,Research Scientist,1,Single,15228,17899,2,Y,No,14,3,3,80,3,0,1970-01-01,3,6,1,14,1
20,No,Travel_Frequently,1031,Human Resources,12,1,Medical,1,3,Female,46,4,2,Manufacturing Director,2,Married,13010,16355,3,Y,Yes,20,3,3,80,3,34,1970-01-01,3,37,18,0,1
60,Yes,Travel_Frequently,384,Sales,26,2,Medical,1,3,Female,56,3,2,Manufacturing Director,3,Married,13453,13292,8,Y,No,16,3,4,80,3,2,1970-01-01,1,14,10,11,3
60,No,Travel_Rarely,894,Research & Development,14,1,Human Resources,1,4,Male,30,3,3,Manufacturing Director,1,Married,2212,11566,4,Y,Yes,15,4,1,80,3,4,1970-01-01,4,25,2,10,5
36,Yes,Travel_Rarely,593,Sales,20,4,Marketing,1,3,Female,77,4,5,Laboratory Technician,4,Divorced,8742,11999,3,Y,No,23,3,3,80,3,6,1970-01-01,3,35,18,10,5
32,No,Travel_Frequently,976,Human Resources,25,2,Human Resources,1,4,Male,70,2,5,Manufacturing Director,1,Married,13581,6583,3,Y,Yes,18,3,4,80,2,23,1970-01-01,4,20,3,7,13
58,Yes,Non-Travel,273,Sales,10,2,Other,1,2,Male,60,4,3,Healthcare Representative,2,Married,3713,24239,6,Y,No,21,4,3,80,1,17,1970-01-01,3,5,12,2,10
53,No,Non-Travel,679,Human Resources,25,2,Technical Degree,1,4,Male,46,1,3,Research Scientist,2,Married,13650,8962,0,Y,Yes,17,4,3,80,3,34,1970-01-01,1,40,14,0,13
48,Yes,Non-Travel,1226,Human Resources,19,4,Medical,1,3,Female,32,2,1,Laboratory Technician,1,Single,2019,8554,2,Y,No,15,3,1,80,3,33,1970-01-01,4,17,9,10,17
57,Yes,Travel_Rarely,772,Research & Development,4,4,Medical,1,1,Male,76,2,3,Healthcare Representative,2,Single,6292,18341,1,Y,No,25,3,4,80,2,39,1970-01-01,3,26,18,10,10
47,Yes,Travel_Rarely,1138,Sales,18,2,Medical,1,2,Female,82,4,2,Manager,2,Divorced,6266,11244,4,Y,No,16,4,3,80,1,28,1970-01-01,1,4,4,3,11
38,Yes,Travel_Rarely,211,Research & Development,18,3,Marketing,1,1,Female,41,2,1,Research Scientist,4,Single,3226,4613,6,Y,Yes,21,4,3,80,0,13,1970-01-01,2,5,11,9,8
34,No,Travel_Rarely,1141,Sales,9,1,Other,1,3,Female,42,3,3,Laboratory Technician,1,Single,17041,2123,2,Y,No,14,3,4,80,3,8,1970-01-01,3,20,16,0,9
42,Yes,Travel_Rarely,1211,Sales,19,5,Marketing,1,3,Male,84,3,1,Manufacturing Director,3,Single,4403,22566,9,Y,No,19,4,1,80,1,32,1970-01-01,1,29,1,9,4
34,Yes,Travel_Frequently,536,Research & Development,16,2,Technical Degree,1,3,Male,87,1,1,Healthcare Representative,1,Single,7680,13092,7,Y,No,23,4,3,80,0,28,1970-01-01,2,5,2,8,0
34,Yes,Travel_Frequently,956,Research & Development,19,4,Technical Degree,1,4,Male,75,2,1,Research Director,2,Married,8804,10329,5,Y,No,19,4,1,80,2,18,1970-01-01,4,0,0,12,4
39,Yes,Non-Travel,1404,Human Resources,4,3,Medical,1,2,Male,93,1,5,Sales Representative,3,Married,10869,3978,9,Y,No,25,4,4,80,2,2,1970-01-01,3,35,5,11,15
31,Yes,Travel_Frequently,910,Human Resources,11,1,Marketing,1,2,Male,95,3,3,Sales Executive,2,Divorced,14834,4758,0,Y,No,24,4,4,80,3,0,1970-01-01,2,33,17,9,3
38,No,Travel_Frequently,946,Human Resources,7,2,Human Resources,1,1,Male,38,1,4,Manager,2,Married,1819,8197,1,Y,No,20,3,2,80,3,39,1970-01-01,2,14,9,2,3
58,Yes,Non-Travel,369,Human Resources,16,5,Life Sciences,1,2,Female,97,2,1,Healthcare Representative,2,Divorced,6506,26591,5,Y,No,11,3,4,80,1,17,1970-01-01,2,7,3,13,12
45,Yes,Travel_Rarely,467,Human Resources,5,3,Technical Degree,1,2,Male,69,2,2,Manufacturing Director,2,Divorced,16781,11699,1,Y,No,17,4,3,80,1,17,1970-01-01,3,23,7,10,17
18,Yes,Non-Travel,1268,Human Resources,28,3,Technical Degree,1,3,Male,86,3,2,Human Resources,1,Married,5091,16017,0,Y,Yes,19,3,1,80,0,13,1970-01-01,4,25,6,4,15
47,No,Travel_Frequently,1330,Human Resources,21,2,Marketing,1,3,Female,63,1,5,Research Scientist,3,Divorced,8316,3060,8,Y,Yes,23,4,4,80,0,37,1970-01-01,1,30,7,4,0
52,No,Travel_Frequently,938,Human Resources,2,1,Technical Degree,1,3,Female,44,4,4,Manager,1,Single,18188,20068,5,Y,No,13,3,3,80,2,37,1970-01-01,4,30,12,14,13
32,Yes,Travel_Frequently,1062,Research & Development,7,2,Life Sciences,1,2,Female,31,3,5,Research Scientist,1,Divorced,6906,16270,8,Y,No,17,3,4,80,2,2,1970-01-01,3,15,0,1,5
48,No,Travel_Rarely,939,Sales,5,2,Other,1,4,Female,41,2,3,Manager,3,Married,16647,20798,7,Y,No,15,4,3,80,0,9,1970-01-01,4,23,15,13,6
40,Yes,Non-Travel,158,Sales,29,4,Marketing,1,4,Male,48,1,1,Healthcare Representative,3,Married,5557,21369,6,Y,Yes,14,4,3,80,1,22,1970-01-01,4,18,18,9,9
48,No,Travel_Rarely,960,Research & Development,13,3,Medical,1,2,Female,75,1,5,Manager,1,Divorced,15890,23014,0,Y,No,22,3,3,80,0,39,1970-01-01,3,34,17,5,9
50,No,Non-Travel,1055,Research & Development,27,3,Life Sciences,1,1,Female,92,2,2,Manager,1,Married,11806,4651,8,Y,No,18,3,3,80,0,32,1970-01-01,3,8,6,10,17
23,No,Non-Travel,1081,Sales,24,5,Other,1,1,Male,34,1,1,Human Resources,2,Divorced,11805,24526,4,Y,Yes,22,3,2,80,1,34,1970-01-01,1,34,12,7,6
42,Yes,Non-Travel,1100,Human Resources,18,4,Marketing,1,2,Female,50,4,2,Healthcare Representative,4,Single,12776,4779,9,Y,No,15,4,4,80,3,5,1970-01-01,2,16,1,7,0
21,Yes,Travel_Rarely,677,Research & Development,18,4,Other,1,4,Female,87,2,2,Research Scientist,4,Single,3282,14712,3,Y,No,17,4,3,80,3,26,1970-01-01,1,0,11,1,8
23,No,Travel_Rarely,630,Human Resources,4,1,Life Sciences,1,4,Male,39,2,5,Sales Executive,3,Divorced,10837,6294,8,Y,No,25,3,4,80,0,32,1970-01-01,1,0,5,6,9
51,Yes,Non-Travel,1216,Sales,5,4,Marketing,1,2,Male,87,4,2,Research Scientist,4,Married,15152,9044,6,Y,Yes,25,3,4,80,0,6,1970-01-01,1,13,4,15,0
58,Yes,Non-Travel,236,Research & Development,21,3,Medical,1,4,Male,71,3,2,Healthcare Representative,2,Single,4480,15392,4,Y,No,22,4,3,80,3,24,1970-01-01,2,5,10,8,13
24,No,Non-Travel,780,Human Resources,25,3,Life Sciences,1,4,Male,48,3,4,Manager,3,Divorced,2552,5003,7,Y,Yes,25,3,2,80,3,30,1970-01-01,1,29,18,5,2
55,No,Non-Travel,1419,Research & Development,14,5,Life Sciences,1,1,Female,65,1,3,Manufacturing Director,4,Married,9664,17644,1,Y,Yes,12,4,1,80,0,40,1970-01-01,2,12,3,2,9
45,Yes,Non-Travel,1055,Research & Development,10,2,Human Resources,1,2,Female,91,4,5,Manufacturing Director,4,Divorced,16679,23122,2,Y,No,16,3,4,80,2,10,1970-01-01,2,15,12,4,7
28,No,Travel_Rarely,814,Research & Development,26,4,Life Sciences,1,3,Male,39,4,3,Laboratory Technician,4,Married,14054,4716,2,Y,No,24,4,4,80,3,15,1970-01-01,4,38,8,3,2
20,No,Non-Travel,716,Human Resources,12,5,Technical Degree,1,1,Female,99,2,4,Manager,3,Divorced,3601,13726,7,Y,Yes,13,3,2,80,0,17,1970-01-01,1,4,3,10,6
40,No,Non-Travel,375,Sales,3,3,Technical Degree,1,3,Female,34,2,4,Manager,1,Single,7634,5665,2,Y,No,24,4,1,80,3,27,1970-01-01,3,9,17,3,12
36,Yes,Travel_Frequently,907,Research & Development,28,2,Marketing,1,3,Male,40,2,3,Sales Representative,2,Divorced,3719,25688,0,Y,No,15,4,3,80,0,24,1970-01-01,2,29,13,5,12
19,Yes,Travel_Frequently,875,Sales,9,1,Medical,1,1,Female,67,4,4,Laboratory Technician,4,Single,3278,21301,1,Y,No,19,3,3,80,3,36,1970-01-01,2,24,0,15,12
54,Yes,Travel_Rarely,1394,Sales,7,4,Life Sciences,1,4,Female,65,1,1,Laboratory Technician,1,Single,10180,16603,5,Y,No,23,3,4,80,2,3,1970-01-01,2,16,3,2,0
32,Yes,Travel_Frequently,227,Human Resources,12,1,Medical,1,3,Female,30,1,4,Human Resources,1,Single,7511,18007,1,Y,Yes,16,3,2,80,2,13,1970-01-01,3,0,1,3,10
45,Yes,Non-Travel,495,Sales,12,5,Marketing,1,2,Female,30,1,5,Sales Executive,2,Married,7443,25093,7,Y,No,19,3,4,80,3,18,1970-01-01,3,5,3,4,14
24,Yes,Travel_Frequently,450,Human Resources,19,5,Marketing,1,1,Male,74,4,3,Healthcare Representative,4,Divorced,1524,8257,9,Y,No,21,3,3,80,1,38,1970-01-01,4,40,7,9,9
59,No,Travel_Frequently,990,Human Resources,4,2,Life Sciences,1,4,Female,61,2,1,Laboratory Technician,1,Divorced,1654,2433,9,Y,No,15,4,2,80,2,16,1970-01-01,3,0,9,10,8
24,Yes,Non-Travel,1366,Research & Development,16,5,Medical,1,3,Female,77,4,3,Sales Executive,2,Married,14615,11814,5,Y,No,12,3,2,80,0,40,1970-01-01,4,11,16,10,6
27,Yes,Travel_Frequently,1284,Research & Development,3,1,Human Resources,1,4,Female,42,1,4,Sales Representative,3,Married,15921,13190,9,Y,No,24,4,4,80,3,31,1970-01-01,2,3,15,7,9
30,No,Travel_Rarely,377,Research & Development,26,4,Human Resources,1,3,Male,38,2,1,Manager,2,Single,17706,24427,2,Y,Yes,13,4,2,80,0,5,1970-01-01,2,3,0,14,4
30,No,Travel_Frequently,540,Sales,21,5,Life Sciences,1,2,Male,53,4,1,Healthcare Representative,1,Divorced,6093,21159,2,Y,No,23,3,4,80,3,21,1970-01-01,3,24,1,12,14
36,No,Travel_Frequently,1028,Sales,13,2,Life Sciences,1,4,Male,39,4,5,Laboratory Technician,4,Married,6623,3402,6,Y,No,25,4,2,80,1,11,1970-01-01,4,34,16,4,10
34,No,Travel_Frequently,1416,Human Resources,5,1,Technical Degree,1,3,Female,84,4,3,Laboratory Technician,4,Married,1659,2447,8,Y,No,16,3,1,80,2,5,1970-01-01,4,37,4,9,13
30,No,Travel_Frequently,397,Research & Development,17,5,Technical Degree,1,2,Female,64,3,3,Research Director,2,Married,11839,5879,1,Y,No,14,3,2,80,1,19,1970-01-01,3,26,8,6,13
59,No,Travel_Frequently,391,Sales,18,4,Medical,1,3,Female,57,2,3,Research Scientist,4,Single,8435,24623,5,Y,Yes,14,3,4,80,3,16,1970-01-01,4,29,13,1,2
50,No,Non-Travel,106,Human Resources,20,1,Life Sciences,1,3,Female,44,4,1,Laboratory Technician,4,Married,7399,23237,7,Y,Yes,11,3,2,80,0,22,1970-01-01,2,12,4,3,12
34,No,Non-Travel,138,Human Resources,13,3,Life Sciences,1,4,Male,36,1,1,Laboratory Technician,2,Single,18449,26299,8,Y,No,20,4,2,80,0,13,1970-01-01,3,21,12,5,17
32,Yes,Non-Travel,182,Human Resources,11,4,Other,1,4,Female,40,1,2,Laboratory Technician,2,Divorced,1978,26917,8,Y,Yes,13,3,2,80,3,4,1970-01-01,1,20,0,8,9
57,Yes,Travel_Frequently,1405,Sales,19,1,Life Sciences,1,4,Female,77,3,4,Human Resources,2,Divorced,9887,17326,1,Y,No,14,4,2,80,0,18,1970-01-01,4,4,17,7,1
57,No,Travel_Rarely,133,Sales,10,1,Marketing,1,4,Male,98,2,3,Sales Executive,2,Married,3007,18636,9,Y,No,14,3,3,80,3,33,1970-01-01,2,35,7,0,15
34,Yes,Travel_Rarely,242,Research & Development,17,3,Marketing,1,3,Male,42,1,1,Sales Executive,3,Married,14385,25325,5,Y,Yes,19,3,2,80,1,33,1970-01-01,4,16,0,14,13
27,No,Non-Travel,1452,Research & Development,15,2,Life Sciences,1,1,Male,70,1,4,Manufacturing Director,3,Married,14294,22203,4,Y,No,18,3,2,80,3,24,1970-01-01,3,28,1,8,7
42,No,Travel_Frequently,844,Sales,18,4,Marketing,1,1,Female,93,4,3,Manufacturing Director,4,Single,2931,15765,7,Y,No,18,3,3,80,0,14,1970-01-01,2,2,0,8,9
46,No,Travel_Frequently,839,Sales,12,1,Life Sciences,1,2,Female,85,3,3,Sales Representative,4,Divorced,2662,12353,6,Y,No,18,3,1,80,3,9,1970-01-01,3,12,1,4,11
35,No,Travel_Frequently,1284,Human Resources,11,1,Medical,1,2,Male,73,3,3,Laboratory Technician,4,Divorced,11039,4372,5,Y,Yes,14,3,3,80,2,33,1970-01-01,3,5,4,9,11
41,Yes,Travel_Rarely,1442,Research & Development,11,4,Technical Degree,1,3,Male,50,3,1,Manufacturing Director,2,Married,1099,19919,0,Y,Yes,24,3,2,80,2,11,1970-01-01,4,35,9,10,9
30,No,Non-Travel,858,Research & Development,2,5,Marketing,1,2,Female,98,4,5,Healthcare Representative,1,Single,5523,16505,0,Y,No,23,3,1,80,1,15,1970-01-01,2,3,17,13,15
57,Yes,Travel_Rarely,1426,Human Resources,11,3,Life Sciences,1,2,Female,65,3,4,Manufacturing Director,3,Single,5969,12807,5,Y,Yes,17,3,4,80,0,27,1970-01-01,1,19,11,15,3
58,Yes,Travel_Frequently,1129,Sales,11,3,Technical Degree,1,2,Female,38,1,3,Laboratory Technician,3,Single,14513,25622,6,Y,Yes,17,4,1,80,0,36,1970-01-01,2,24,18,14,8
58,Yes,Non-Travel,679,Human Resources,8,5,Life Sciences,1,1,Female,34,4,2,Research Scientist,1,Married,16252,9014,8,Y,No,19,4,4,80,3,32,1970-01-01,1,39,5,10,2
38,No,Non-Travel,414,Research & Development,11,2,Medical,1,4,Female,95,2,5,Human Resources,1,Single,17821,26721,4,Y,No,18,3,3,80,3,2,1970-01-01,1,30,4,4,2
32,Yes,Travel_Frequently,675,Research & Development,13,3,Marketing,1,1,Male,53,1,5,Manufacturing Director,3,Divorced,13406,5315,0,Y,No,17,3,1,80,3,32,1970-01-01,3,12,14,12,1
44,Yes,Travel_Frequently,1282,Human Resources,23,1,Technical Degree,1,3,Female,90,3,2,Sales Executive,3,Single,9363,20759,8,Y,No,25,4,4,80,3,30,1970-01-01,4,6,18,2,16
30,No,Non-Travel,296,Research & Development,9,4,Life Sciences,1,1,Female,94,4,5,Sales Executive,1,Married,10526,13753,2,Y,No,17,4,2,80,2,32,1970-01-01,2,28,12,11,2
34,Yes,Travel_Rarely,261,Human Resources,20,1,Marketing,1,4,Female,31,1,4,Research Scientist,4,Divorced,14447,2804,0,Y,No,19,3,2,80,3,32,1970-01-01,1,30,6,12,3
24,Yes,Travel_Frequently,173,Research & Development,23,5,Technical Degree,1,2,Male,78,3,1,Sales Executive,4,Divorced,15492,10624,2,Y,Yes,13,4,3,80,1,7,1970-01-01,3,24,0,12,17
24,Yes,Non-Travel,1017,Research & Development,10,2,Other,1,4,Female,32,4,5,Healthcare Representative,2,Single,1566,5989,2,Y,No,25,3,4,80,1,16,1970-01-01,3,14,2,5,5
44,Yes,Travel_Frequently,1291,Human Resources,14,2,Technical Degree,1,3,Female,69,3,2,Manager,3,Divorced,10873,14371,4,Y,No,23,4,1,80,2,17,1970-01-01,4,34,18,8,6
20,Yes,Non-Travel,115,Sales,14,4,Life Sciences,1,3,Female,35,3,3,Laboratory Technician,4,Divorced,7350,17750,9,Y,Yes,19,4,2,80,1,24,1970-01-01,3,16,10,15,12
52,No,Non-Travel,767,Human Resources,7,2,Marketing,1,1,Male,72,3,4,Manager,4,Single,19923,10215,5,Y,Yes,21,3,1,80,0,19,1970-01-01,3,14,16,7,16
59,No,Travel_Rarely,1354,Research & Development,4,5,Marketing,1,4,Male,90,1,1,Manufacturing Director,1,Single,9115,16872,4,Y,Yes,21,3,3,80,2,23,1970-01-01,1,16,17,7,2
59,No,Travel_Frequently,1467,Sales,1,3,Technical Degree,1,4,Male,97,3,4,Sales Executive,1,Married,19434,6619,9,Y,Yes,22,4,1,80,0,28,1970-01-01,2,21,11,6,6
40,Yes,Non-Travel,104,Human Resources,29,2,Other,1,2,Female,61,4,2,Healthcare Representative,2,Single,14524,9418,2,Y,No,20,4,1,80,3,35,1970-01-01,4,37,11,1,12
22,No,Non-Travel,945,Human Resources,19,5,Human Resources,1,2,Female,51,2,1,Research Scientist,3,Single,14898,3597,7,Y,No,24,3,4,80,1,37,1970-01-01,2,40,4,5,11
56,Yes,Travel_Rarely,1443,Sales,2,3,Human Resources,1,3,Male,40,4,3,Manufacturing Director,2,Divorced,15087,16987,9,Y,Yes,17,4,2,80,0,37,1970-01-01,1,25,13,11,12
34,No,Non-Travel,1432,Sales,1,5,Marketing,1,4,Male,85,2,3,Healthcare Representative,2,Divorced,10892,19332,0,Y,Yes,20,4,2,80,2,12,1970-01-01,4,7,18,1,8
46,No,Travel_Frequently,165,Research & Development,10,5,Other,1,2,Female,83,3,2,Human Resources,2,Single,2645,7553,7,Y,No,19,4,4,80,0,24,1970-01-01,3,24,11,15,3
27,No,Travel_Rarely,1436,Research & Development,5,2,Life Sciences,1,2,Female,67,4,1,Research Scientist,3,Single,12134,23419,2,Y,No,17,3,4,80,3,13,1970-01-01,3,34,4,5,2
48,No,Travel_Rarely,197,Sales,10,5,Human Resources,1,4,Male,78,1,5,Manufacturing Director,2,Single,7343,7637,9,Y,Yes,20,4,4,80,0,13,1970-01-01,4,0,9,10,4
58,Yes,Travel_Rarely,948,Research & Development,2,3,Marketing,1,1,Male,72,3,1,Research Scientist,4,Married,18344,6273,0,Y,No,23,4,3,80,1,27,1970-01-01,1,33,16,11,4
26,No,Travel_Frequently,148,Sales,24,2,Life Sciences,1,2,Male,59,4,5,Research Director,4,Single,2907,7937,7,Y,No,22,4,4,80,2,40,1970-01-01,4,17,16,13,3
30,No,Travel_Frequently,115,Sales,21,5,Other,1,2,Female,90,2,3,Manufacturing Director,3,Married,3149,18517,7,Y,No,15,4,3,80,3,28,1970-01-01,3,8,17,7,12
27,Yes,Travel_Rarely,297,Human Resources,18,2,Human Resources,1,2,Male,35,4,5,Human Resources,3,Married,9990,3558,5,Y,Yes,12,3,2,80,2,2,1970-01-01,2,9,7,6,10
44,No,Non-Travel,1094,Sales,21,3,Human Resources,1,1,Male,51,1,5,Manager,1,Divorced,16520,4652,4,Y,No,14,4,3,80,1,29,1970-01-01,4,12,13,0,6
22,Yes,Non-Travel,1218,Research & Development,25,2,Life Sciences,1,2,Female,78,3,1,Laboratory Technician,3,Single,4880,13390,1,Y,Yes,18,4,1,80,3,20,1970-01-01,1,14,12,1,5
26,Yes,Travel_Frequently,1165,Research & Development,6,4,Medical,1,1,Female,31,2,1,Sales Representative,2,Divorced,2342,26548,9,Y,No,20,3,4,80,3,18,1970-01-01,1,28,8,10,14
24,Yes,Non-Travel,720,Sales,15,1,Marketing,1,4,Male,33,3,1,Human Resources,1,Divorced,9252,15153,1,Y,Yes,16,3,4,80,3,32,1970-01-01,4,35,10,9,17
25,No,Travel_Rarely,479,Human Resources,13,4,Technical Degree,1,3,Male,70,2,2,Sales Executive,4,Divorced,11679,3462,2,Y,Yes,22,3,3,80,2,36,1970-01-01,4,30,9,11,4
28,No,Travel_Rarely,1351,Sales,17,2,Other,1,1,Female,46,3,2,Sales Representative,3,Married,3556,24361,3,Y,Yes,11,3,4,80,2,34,1970-01-01,4,40,11,12,6
35,No,Travel_Frequently,1068,Human Resources,27,5,Other,1,3,Female,35,2,5,Laboratory Technician,2,Single,15241,4808,3,Y,No,18,3,1,80,2,3,1970-01-01,1,10,11,12,16
44,No,Non-Travel,404,Human Resources,23,3,Human Resources,1,1,Female,36,4,1,Research Director,1,Divorced,3551,10717,5,Y,Yes,21,3,2,80,3,33,1970-01-01,4,27,7,0,4
39,Yes,Non-Travel,404,Human Resources,5,3,Human Resources,1,1,Male,85,1,4,Laboratory Technician,1,Single,4470,22432,1,Y,No,20,4,4,80,1,1,1970-01-01,2,40,17,5,1
52,No,Travel_Rarely,1492,Sales,20,5,Human Resources,1,3,Male,71,3,1,Manager,1,Married,8103,3656,7,Y,No,20,3,1,80,2,19,1970-01-01,1,6,6,0,0
19,No,Travel_Frequently,712,Sales,2,5,Human Resources,1,2,Female,87,4,4,Healthcare Representative,2,Married,4480,26484,9,Y,No,17,4,4,80,0,3,1970-01-01,3,14,16,11,1
40,No,Travel_Frequently,751,Sales,18,3,Medical,1,4,Female,36,2,3,Laboratory Technician,4,Divorced,19434,4552,5,Y,No,25,4,1,80,1,36,1970-01-01,1,3,13,11,3
55,No,Non-Travel,972,Human Resources,12,5,Marketing,1,1,Male,93,4,5,Sales Executive,2,Divorced,17154,15187,2,Y,Yes,25,3,2,80,3,25,1970-01-01,2,7,1,13,12
51,No,Travel_Rarely,1454,Sales,2,3,Human Resources,1,1,Male,75,4,3,Research Director,3,Single,13928,3156,0,Y,Yes,14,4,4,80,1,22,1970-01-01,2,17,13,11,12
21,No,Non-Travel,1094,Human Resources,17,2,Human Resources,1,1,Female,86,4,2,Healthcare Representative,3,Single,7517,21774,9,Y,No,11,4,3,80,1,13,1970-01-01,3,5,10,5,10
35,No,Non-Travel,547,Research & Development,21,4,Technical Degree,1,1,Male,76,2,2,Healthcare Representative,1,Married,6681,20295,5,Y,No,12,4,4,80,1,17,1970-01-01,1,27,7,9,12
55,No,Non-Travel,954,Human Resources,23,1,Medical,1,4,Female,69,2,3,Laboratory Technician,1,Married,8810,12186,4,Y,No,15,4,3,80,0,13,1970-01-01,4,16,13,7,12
47,No,Non-Travel,973,Research & Development,20,4,Technical Degree,1,1,Male,66,2,2,Manager,3,Divorced,10096,11651,1,Y,No,24,4,1,80,2,36,1970-01-01,4,1,13,5,9
51,No,Travel_Rarely,455,Human Resources,22,4,Marketing,1,4,Female,45,2,1,Human Resources,2,Married,4723,24296,8,Y,No,15,4,3,80,3,16,1970-01-01,4,16,8,4,11
27,Yes,Travel_Frequently,782,Sales,23,2,Life Sciences,1,3,Male,95,4,1,Sales Representative,2,Divorced,2815,10386,7,Y,No,18,3,2,80,1,9,1970-01-01,3,15,4,8,5
37,Yes,Travel_Frequently,859,Human Resources,21,4,Marketing,1,4,Female,70,3,3,Human Resources,1,Married,19346,5721,5,Y,No,15,3,1,80,0,2,1970-01-01,2,27,7,7,8
38,Yes,Travel_Frequently,517,Human Resources,19,2,Medical,1,2,Male,97,2,5,Human Resources,1,Married,2916,10019,3,Y,Yes,18,4,2,80,0,21,1970-01-01,4,16,1,3,9
27,Yes,Non-Travel,511,Human Resources,6,2,Technical Degree,1,3,Female,59,1,4,Healthcare Representative,1,Divorced,9914,23637,7,Y,Yes,22,4,3,80,0,35,1970-01-01,3,4,3,1,5
52,Yes,Travel_Frequently,619,Research & Development,29,1,Other,1,2,Male,44,3,1,Manager,1,Divorced,10860,12659,6,Y,No,14,3,1,80,1,14,1970-01-01,1,19,9,0,14
36,Yes,Travel_Frequently,1486,Human Resources,5,4,Technical Degree,1,2,Female,94,1,5,Sales Executive,2,Single,10753,3197,7,Y,Yes,25,4,3,80,1,1,1970-01-01,1,11,15,8,16
28,No,Travel_Rarely,973,Sales,26,1,Technical Degree,1,2,Female,57,1,4,Manufacturing Director,2,Single,3508,19639,4,Y,Yes,14,4,2,80,1,19,1970-01-01,4,11,0,4,2
23,No,Travel_Rarely,669,Human Resources,14,3,Marketing,1,1,Female,57,3,1,Research Director,2,Divorced,6859,6341,3,Y,Yes,13,4,3,80,0,5,1970-01-01,3,12,3,6,16
55,Yes,Non-Travel,1294,Human Resources,25,2,Other,1,2,Female,52,3,4,Laboratory Technician,3,Single,6507,20432,6,Y,Yes,19,3,1,80,2,9,1970-01-01,2,18,2,13,5
42,No,Non-Travel,557,Research & Development,8,1,Other,1,4,Male,59,4,1,Manager,3,Married,7957,24500,2,Y,No,15,3,4,80,0,7,1970-01-01,4,21,12,12,13
43,Yes,Travel_Rarely,1310,Sales,29,1,Human Resources,1,1,Male,90,3,5,Manufacturing Director,2,Married,3661,17319,5,Y,Yes,11,4,3,80,0,26,1970-01-01,4,29,12,9,6
58,Yes,Travel_Rarely,1316,Human Resources,22,2,Other,1,3,Female,89,3,4,Manager,3,Married,17228,19838,3,Y,Yes,18,3,2,80,0,18,1970-01-01,1,13,13,12,3
27,No,Non-Travel,520,Sales,3,1,Marketing,1,1,Female,73,1,3,Sales Executive,3,Divorced,3487,15100,4,Y,No,24,4,3,80,3,26,1970-01-01,4,32,9,15,10
37,Yes,Travel_Rarely,425,Sales,11,2,Other,1,2,Female,62,1,2,Manufacturing Director,1,Divorced,15072,13852,2,Y,No,25,4,1,80,2,16,1970-01-01,4,33,2,0,11
53,Yes,Travel_Rarely,195,Human Resources,4,1,Life Sciences,1,2,Female,56,2,4,Research Scientist,2,Single,9578,11431,7,Y,No,16,3,4,80,0,7,1970-01-01,1,16,12,1,6
19,No,Travel_Frequently,1207,Research & Development,15,1,Technical Degree,1,4,Female,80,4,1,Human Resources,4,Married,4407,19922,7,Y,Yes,15,4,3,80,1,21,1970-01-01,4,25,16,1,11
40,No,Non-Travel,1193,Sales,7,5,Life Sciences,1,4,Male,86,2,2,Research Scientist,4,Single,11704,15490,4,Y,No,19,3,1,80,1,19,1970-01-01,3,39,16,12,12
59,Yes,Travel_Frequently,499,Human Resources,17,4,Marketing,1,4,Male,52,1,3,Human Resources,1,Single,2582,21461,4,Y,No,14,4,4,80,3,7,1970-01-01,4,26,15,13,7
36,Yes,Non-Travel,1316,Human Resources,27,3,Technical Degree,1,1,Female,65,2,5,Healthcare Representative,3,Married,10393,5817,4,Y,No,12,3,1,80,0,2,1970-01-01,1,4,12,13,15
52,Yes,Travel_Rarely,752,Research & Development,26,2,Other,1,1,Female,85,3,5,Laboratory Technician,4,Married,18239,10632,5,Y,Yes,23,4,4,80,2,40,1970-01-01,4,16,4,14,1
54,No,Travel_Rarely,531,Research & Development,12,3,Technical Degree,1,2,Female,57,1,4,Laboratory Technician,4,Divorced,5842,20112,3,Y,Yes,16,4,3,80,1,22,1970-01-01,1,14,1,11,7
24,Yes,Non-Travel,600,Human Resources,23,2,Medical,1,2,Male,83,4,1,Sales Executive,2,Married,10211,2491,6,Y,No,12,4,3,80,1,8,1970-01-01,1,25,8,13,17
53,Yes,Non-Travel,824,Human Resources,26,3,Technical Degree,1,2,Female,81,3,3,Manager,2,Married,12706,23690,5,Y,No,25,4,2,80,2,31,1970-01-01,3,32,6,5,8
34,No,Non-Travel,180,Sales,28,4,Other,1,1,Male,38,4,4,Research Director,1,Divorced,4684,4360,9,Y,Yes,15,4,4,80,3,33,1970-01-01,3,14,4,14,17
45,Yes,Travel_Rarely,686,Human Resources,21,1,Marketing,1,1,Male,100,4,1,Sales Representative,1,Single,5173,25685,2,Y,No,24,3,4,80,0,28,1970-01-01,4,21,6,10,6
54,No,Travel_Frequently,1231,Sales,23,1,Medical,1,2,Male,88,1,1,Sales Executive,2,Single,11466,14570,7,Y,Yes,15,3,3,80,2,20,1970-01-01,3,10,18,10,5
34,Yes,Travel_Rarely,645,Human Resources,16,3,Life Sciences,1,1,Female,32,4,3,Sales Executive,2,Single,14171,21782,2,Y,Yes,23,3,1,80,3,36,1970-01-01,1,0,0,3,4
21,Yes,Travel_Frequently,123,Sales,15,4,Other,1,3,Male,71,1,3,Human Resources,3,Married,2608,8304,7,Y,No,23,4,3,80,3,0,1970-01-01,4,24,7,6,7
48,No,Non-Travel,238,Human Resources,18,3,Life Sciences,1,4,Female,71,2,2,Healthcare Representative,4,Married,5223,16417,2,Y,Yes,14,3,4,80,2,29,1970-01-01,2,17,3,4,13
18,Yes,Travel_Rarely,1429,Research & Development,5,1,Medical,1,4,Male,71,4,4,Research Director,4,Married,6886,26592,1,Y,Yes,12,4,2,80,3,13,1970-01-01,2,32,0,11,10
51,Yes,Travel_Rarely,411,Human Resources,15,3,Marketing,1,4,Female,32,3,4,Sales Representative,4,Divorced,14310,8234,2,Y,No,14,3,4,80,1,27,1970-01-01,3,29,6,8,4
18,No,Travel_Frequently,1379,Research & Development,27,4,Marketing,1,3,Male,98,3,4,Sales Executive,4,Divorced,1929,14205,1,Y,No,23,4,4,80,0,35,1970-01-01,4,0,2,13,5
45,Yes,Travel_Frequently,641,Sales,3,5,Human Resources,1,3,Female,99,2,4,Healthcare Representative,4,Married,8375,18432,9,Y,Yes,19,4,2,80,1,40,1970-01-01,3,11,2,10,13
26,Yes,Non-Travel,1453,Research & Development,23,2,Life Sciences,1,2,Female,53,2,1,Manager,2,Married,19540,6825,4,Y,Yes,21,3,4,80,0,20,1970-01-01,4,24,3,1,17
24,Yes,Travel_Rarely,1234,Sales,4,3,Human Resources,1,2,Male,63,4,3,Human Resources,3,Divorced,7093,17872,2,Y,No,20,3,4,80,3,6,1970-01-01,1,26,18,15,4
19,Yes,Non-Travel,836,Sales,2,3,Medical,1,3,Female,60,4,5,Sales Representative,1,Married,16097,26601,7,Y,Yes,19,4,3,80,2,39,1970-01-01,4,14,7,9,0
36,Yes,Travel_Rarely,797,Human Resources,26,5,Life Sciences,1,2,Female,100,3,3,Research Scientist,3,Single,15835,21665,7,Y,No,17,3,4,80,0,11,1970-01-01,1,5,0,15,1
22,Yes,Travel_Frequently,794,Human Resources,15,1,Marketing,1,4,Female,43,2,4,Healthcare Representative,2,Divorced,12069,13030,2,Y,No,14,4,4,80,1,34,1970-01-01,1,2,8,1,0
29,Yes,Travel_Rarely,1366,Human Resources,23,1,Human Resources,1,3,Female,65,1,4,Healthcare Representative,4,Married,3136,12963,7,Y,No,17,3,2,80,2,23,1970-01-01,1,23,5,14,7
28,Yes,Non-Travel,747,Human Resources,8,4,Marketing,1,4,Female,42,1,5,Research Director,3,Single,2895,22525,5,Y,Yes,12,3,4,80,3,15,1970-01-01,1,18,11,9,3
40,No,Travel_Frequently,407,Sales,7,3,Other,1,2,Male,36,1,1,Human Resources,3,Divorced,14666,25313,1,Y,Yes,19,4,2,80,2,30,1970-01-01,4,4,0,0,2
49,No,Travel_Frequently,593,Sales,21,3,Medical,1,2,Male,59,3,5,Manager,1,Single,17183,13174,6,Y,Yes,16,4,3,80,0,11,1970-01-01,2,2,17,3,17
42,Yes,Non-Travel,1225,Sales,21,1,Human Resources,1,4,Male,73,1,3,Research Scientist,2,Single,6531,7745,0,Y,No,11,3,3,80,2,32,1970-01-01,4,24,0,9,1
56,Yes,Non-Travel,206,Sales,28,2,Technical Degree,1,3,Male,39,2,4,Research Scientist,2,Divorced,7839,25127,8,Y,Yes,15,4,3,80,0,3,1970-01-01,3,21,8,1,1
55,No,Travel_Rarely,1111,Sales,21,1,Marketing,1,4,Male,66,2,4,Research Scientist,1,Single,14921,15715,6,Y,No,22,3,4,80,0,39,1970-01-01,2,16,15,12,12
19,Yes,Travel_Frequently,267,Human Resources,5,5,Life Sciences,1,1,Male,58,4,1,Research Director,2,Single,6365,10972,6,Y,No,18,4,3,80,3,2,1970-01-01,2,25,6,10,4
46,Yes,Non-Travel,972,Human Resources,23,5,Human Resources,1,2,Female,46,1,2,Laboratory Technician,2,Single,7186,23315,4,Y,Yes,21,3,4,80,3,36,1970-01-01,3,0,16,3,3
31,No,Travel_Frequently,1094,Human Resources,8,5,Life Sciences,1,1,Female,65,1,2,Research Director,1,Divorced,3275,21434,2,Y,No,21,3,1,80,2,36,1970-01-01,2,36,4,8,4
34,No,Travel_Frequently,1468,Human Resources,28,1,Other,1,1,Female,47,3,1,Sales Executive,3,Married,6566,11249,6,Y,No,25,4,4,80,1,35,1970-01-01,1,14,15,7,2
53,Yes,Travel_Rarely,742,Research & Development,25,2,Technical Degree,1,2,Female,35,2,4,Laboratory Technician,3,Married,3069,18613,6,Y,No,13,4,2,80,2,21,1970-01-01,2,21,6,14,3
38,Yes,Non-Travel,1318,Human Resources,21,5,Marketing,1,2,Male,48,4,1,Healthcare Representative,3,Divorced,5870,18578,6,Y,Yes,22,4,1,80,2,26,1970-01-01,3,11,8,15,16
40,No,Non-Travel,578,Sales,19,1,Human Resources,1,3,Male,30,3,3,Healthcare Representative,4,Single,15257,17700,5,Y,No,18,4,2,80,0,28,1970-01-01,2,9,15,13,17
31,No,Travel_Frequently,991,Human Resources,2,3,Marketing,1,2,Male,76,1,3,Laboratory Technician,3,Divorced,12122,14554,7,Y,Yes,22,4,4,80,3,13,1970-01-01,1,20,12,15,9
47,No,Travel_Rarely,1488,Sales,28,2,Life Sciences,1,4,Female,51,4,5,Sales Representative,3,Married,8645,6782,3,Y,Yes,25,3,3,80,2,8,1970-01-01,2,17,11,13,2
45,No,Non-Travel,871,Human Resources,5,1,Medical,1,2,Female,96,3,4,Healthcare Representative,4,Divorced,11726,7393,3,Y,No,18,4,1,80,2,39,1970-01-01,2,24,13,10,4
53,Yes,Non-Travel,293,Research & Development,2,1,Other,1,4,Female,32,4,1,Laboratory Technician,4,Single,16084,6676,8,Y,No,14,3,1,80,1,27,1970-01-01,4,36,16,1,13
56,No,Non-Travel,968,Sales,5,4,Medical,1,4,Male,40,1,5,Human Resources,4,Divorced,19128,23966,8,Y,Yes,16,4,2,80,1,35,1970-01-01,3,39,2,8,1
51,Yes,Travel_Rarely,239,Sales,8,3,Marketing,1,3,Male,89,1,4,Research Scientist,2,Married,8334,3931,2,Y,No,18,4,2,80,1,36,1970-01-01,4,29,15,15,15
50,Yes,Non-Travel,105,Research & Development,16,2,Human Resources,1,4,Male,75,2,4,Manufacturing Director,3,Married,12550,2108,4,Y,No,22,4,3,80,3,6,1970-01-01,1,30,2,5,6
24,Yes,Travel_Rarely,564,Research & Development,6,1,Marketing,1,4,Male,92,4,4,Manager,2,Single,12839,15655,2,Y,Yes,17,3,4,80,1,5,1970-01-01,3,36,15,14,6
31,No,Travel_Rarely,593,Research & Development,18,5,Medical,1,1,Male,33,1,2,Sales Representative,3,Married,2405,17296,9,Y,No,19,3,1,80,2,35,1970-01-01,2,25,9,8,12
33,No,Travel_Rarely,678,Sales,4,2,Medical,1,3,Male,91,4,4,Laboratory Technician,4,Single,5566,14085,7,Y,No,13,4,3,80,3,26,1970-01-01,1,21,11,10,14
23,No,Non-Travel,1194,Human Resources,1,1,Technical Degree,1,1,Female,30,3,2,Research Scientist,3,Single,4079,3850,1,Y,Yes,13,4,1,80,0,4,1970-01-01,4,9,15,1,12
58,No,Travel_Frequently,1234,Sales,20,4,Life Sciences,1,3,Female,68,1,4,Human Resources,4,Married,9734,12891,2,Y,Yes,23,3,4,80,1,24,1970-01-01,3,35,10,11,17
56,No,Non-Travel,867,Research & Development,4,4,Technical Degree,1,1,Female,45,1,3,Manufacturing Director,4,Married,9004,14950,4,Y,No,17,3,3,80,2,12,1970-01-01,4,5,18,2,6
49,No,Travel_Rarely,1495,Sales,11,3,Technical Degree,1,4,Female,33,1,4,Laboratory Technician,4,Divorced,9808,20035,6,Y,No,14,3,1,80,3,15,1970-01-01,4,12,10,8,5
37,No,Non-Travel,1122,Sales,28,4,Other,1,2,Male,40,4,1,Human Resources,1,Divorced,5679,11385,4,Y,No,11,4,2,80,0,4,1970-01-01,2,16,15,4,6
58,No,Non-Travel,595,Sales,14,2,Technical Degree,1,1,Male,100,4,1,Healthcare Representative,3,Married,6609,21666,7,Y,No,17,4,2,80,3,14,1970-01-01,4,37,11,0,14
