city,city_development_index,gender,relevent_experience,enrolled_university,education_level,major_discipline,experience,company_size,company_type,last_new_job,training_hours,target
city_114,0.926,Male,Has relevent experience,no_enrollment,Masters,STEM,19,<10,Pvt Ltd,>4,7,0.0
city_19,0.682,,No relevent experience,Full time course,Graduate,STEM,1,,,1,292,1.0
city_103,0.92,Male,Has relevent experience,no_enrollment,Graduate,STEM,5,100-500,Pvt Ltd,1,140,0.0
city_73,0.754,Male,No relevent experience,no_enrollment,Primary School,,10,,,never,15,0.0
city_103,0.92,Male,Has relevent experience,no_enrollment,Graduate,STEM,>20,10000+,Pvt Ltd,>4,6,
city_103,0.92,Male,Has relevent experience,no_enrollment,Masters,STEM,>20,10000+,Pvt Ltd,2,11,0.0
city_114,0.926,,No relevent experience,Full time course,Graduate,Arts,6,,,1,25,0.0
city_11,0.55,Male,No relevent experience,Full time course,Graduate,STEM,5,,,1,92,1.0
city_152,0.698,,Has relevent experience,no_enrollment,Graduate,STEM,11,10/49,Pvt Ltd,>4,89,0.0
city_57,0.866,,Has relevent experience,no_enrollment,Graduate,STEM,14,50-99,Pvt Ltd,>4,66,0.0
city_21,0.624,,Has relevent experience,no_enrollment,Masters,STEM,3,50-99,Early Stage Startup,2,110,1.0
city_21,0.624,Male,Has relevent experience,,Graduate,STEM,<1,50-99,Pvt Ltd,1,5,
city_103,0.92,Male,Has relevent experience,no_enrollment,Graduate,Arts,>20,10000+,Pvt Ltd,4,72,0.0
city_155,0.556,Male,Has relevent experience,Full time course,Graduate,STEM,9,50-99,Pvt Ltd,2,192,1.0
city_21,0.624,Male,Has relevent experience,Part time course,Graduate,STEM,7,50-99,Pvt Ltd,2,21,0.0
city_103,0.92,Male,Has relevent experience,no_enrollment,Graduate,STEM,10,<10,Funded Startup,1,76,0.0
city_103,0.92,Male,Has relevent experience,no_enrollment,Graduate,STEM,>20,<10,Early Stage Startup,4,94,0.0
city_136,0.897,Male,Has relevent experience,no_enrollment,Masters,STEM,16,100-500,Pvt Ltd,2,72,0.0
city_103,0.92,Male,Has relevent experience,no_enrollment,Graduate,Arts,8,,,2,55,0.0
city_103,0.92,Female,Has relevent experience,no_enrollment,Masters,STEM,7,10000+,Pvt Ltd,2,37,0.0
city_36,0.893,,No relevent experience,no_enrollment,Masters,STEM,8,,,1,19,0.0
city_116,0.743,Female,Has relevent experience,no_enrollment,Graduate,STEM,16,,,2,31,0.0
city_61,0.913,,Has relevent experience,no_enrollment,Graduate,STEM,5,50-99,Pvt Ltd,2,26,0.0
city_103,0.92,Male,No relevent experience,no_enrollment,Phd,Other,>20,,,>4,4,0.0
city_104,0.924,,Has relevent experience,no_enrollment,Graduate,STEM,5,100-500,NGO,1,128,0.0
city_103,0.92,Male,Has relevent experience,no_enrollment,Graduate,STEM,>20,10000+,Pvt Ltd,>4,48,0.0
city_138,0.836,Male,Has relevent experience,Full time course,High School,,9,50-99,Pvt Ltd,2,130,0.0
city_103,0.92,Male,Has relevent experience,no_enrollment,Masters,STEM,>20,100-500,Funded Startup,2,106,0.0
city_16,0.91,Male,Has relevent experience,no_enrollment,Graduate,No Major,>20,100-500,Pvt Ltd,1,34,0.0
city_103,0.92,Male,No relevent experience,no_enrollment,Graduate,Humanities,4,100-500,Pvt Ltd,2,76,0.0
city_103,0.92,Male,Has relevent experience,no_enrollment,Masters,STEM,16,50-99,Funded Startup,4,146,
city_36,0.893,Male,Has relevent experience,no_enrollment,Graduate,STEM,10,100-500,Pvt Ltd,1,127,0.0
city_21,0.624,Male,Has relevent experience,no_enrollment,Graduate,STEM,1,<10,Early Stage Startup,1,9,1.0
city_162,0.767,Male,Has relevent experience,Full time course,Graduate,STEM,4,500-999,Pvt Ltd,1,48,0.0
city_46,0.762,Male,No relevent experience,Full time course,Graduate,STEM,5,,,never,6,1.0
city_19,0.682,Male,No relevent experience,Full time course,Graduate,STEM,2,,,never,40,
city_21,0.624,,Has relevent experience,Part time course,Graduate,STEM,6,10000+,Pvt Ltd,4,17,0.0
city_103,0.92,Female,Has relevent experience,no_enrollment,Graduate,STEM,9,5000-9999,Pvt Ltd,>4,163,0.0
city_21,0.624,Male,Has relevent experience,no_enrollment,Graduate,STEM,11,,,1,106,0.0
city_152,0.698,,Has relevent experience,Full time course,Masters,STEM,12,,,1,44,0.0
city_103,0.92,Male,Has relevent experience,no_enrollment,Graduate,STEM,10,10/49,Early Stage Startup,>4,67,1.0
city_103,0.92,,Has relevent experience,no_enrollment,Graduate,STEM,9,,,1,131,0.0
city_171,0.664,Male,Has relevent experience,no_enrollment,,,9,,,1,33,
city_61,0.913,Male,No relevent experience,Full time course,High School,,2,,,never,22,0.0
city_103,0.92,Male,Has relevent experience,no_enrollment,Graduate,STEM,>20,1000-4999,Pvt Ltd,>4,32,0.0
city_103,0.92,Male,Has relevent experience,no_enrollment,Graduate,STEM,13,10000+,Pvt Ltd,3,12,0.0
city_114,0.926,Male,Has relevent experience,no_enrollment,Masters,STEM,15,50-99,Pvt Ltd,1,46,0.0
city_103,0.92,,Has relevent experience,no_enrollment,Graduate,STEM,>20,,,>4,76,1.0
city_71,0.884,,Has relevent experience,no_enrollment,Masters,STEM,4,,,1,224,0.0
city_103,0.92,Female,Has relevent experience,no_enrollment,Graduate,STEM,<1,500-999,Public Sector,1,18,1.0
city_103,0.92,Male,No relevent experience,Full time course,High School,,4,,,1,26,0.0
city_105,0.794,Female,Has relevent experience,no_enrollment,Graduate,STEM,3,100-500,Public Sector,2,2,
city_114,0.926,Female,Has relevent experience,no_enrollment,Graduate,STEM,15,100-500,Pvt Ltd,1,13,0.0
city_11,0.55,Male,Has relevent experience,no_enrollment,High School,,6,,,never,41,0.0
city_103,0.92,Male,Has relevent experience,no_enrollment,Graduate,STEM,6,10000+,Pvt Ltd,2,220,0.0
city_75,0.939,Male,No relevent experience,no_enrollment,High School,,<1,,,never,11,0.0
city_103,0.92,Male,Has relevent experience,no_enrollment,Graduate,STEM,>20,,,1,41,1.0
city_21,0.624,Male,No relevent experience,Full time course,Graduate,STEM,4,,,never,34,1.0
city_61,0.913,Female,Has relevent experience,no_enrollment,Graduate,STEM,9,500-999,Pvt Ltd,1,71,0.0
city_21,0.624,,No relevent experience,Full time course,Graduate,STEM,<1,10000+,Pvt Ltd,1,166,0.0
city_103,0.92,Male,Has relevent experience,no_enrollment,Graduate,STEM,13,100-500,Pvt Ltd,1,32,0.0
city_90,0.698,Male,No relevent experience,Full time course,Graduate,STEM,9,50-99,,never,55,0.0
city_104,0.924,Male,No relevent experience,Full time course,High School,,1,,,never,278,0.0
city_67,0.855,,Has relevent experience,no_enrollment,Graduate,STEM,10,50-99,Pvt Ltd,4,85,0.0
city_36,0.893,Male,Has relevent experience,no_enrollment,Masters,STEM,10,50-99,Pvt Ltd,2,16,0.0
city_67,0.855,Male,Has relevent experience,Full time course,Masters,STEM,10,100-500,Pvt Ltd,2,38,0.0
city_150,0.698,,No relevent experience,no_enrollment,Masters,STEM,13,50-99,Public Sector,>4,18,0.0
city_173,0.878,,Has relevent experience,Full time course,Masters,STEM,>20,,,,28,0.0
city_102,0.804,,No relevent experience,Full time course,Masters,STEM,9,100-500,Pvt Ltd,>4,92,0.0
city_61,0.913,Male,Has relevent experience,no_enrollment,Masters,STEM,4,100-500,NGO,1,22,0.0
city_75,0.939,,No relevent experience,Full time course,Graduate,STEM,<1,<10,Pvt Ltd,1,154,0.0
city_103,0.92,Male,Has relevent experience,Part time course,Graduate,No Major,7,1000-4999,Public Sector,>4,22,0.0
city_114,0.926,Male,Has relevent experience,no_enrollment,Graduate,STEM,9,50-99,Pvt Ltd,2,77,0.0
city_103,0.92,Male,Has relevent experience,no_enrollment,Graduate,STEM,>20,10000+,Pvt Ltd,>4,78,0.0
city_162,0.767,Male,No relevent experience,Full time course,Graduate,STEM,9,,,never,29,1.0
city_155,0.556,,Has relevent experience,no_enrollment,Graduate,STEM,3,50-99,Pvt Ltd,1,4,1.0
city_103,0.92,Male,Has relevent experience,no_enrollment,Graduate,Humanities,10,50-99,Pvt Ltd,1,90,0.0
city_40,0.7759999999999999,,No relevent experience,Full time course,Masters,STEM,6,,,1,90,
city_114,0.926,Male,No relevent experience,Full time course,Graduate,STEM,17,,Public Sector,4,20,0.0
city_173,0.878,,Has relevent experience,no_enrollment,High School,,<1,100-500,Pvt Ltd,1,29,0.0
city_103,0.92,,Has relevent experience,Full time course,High School,,6,10000+,Public Sector,1,78,0.0
city_115,0.789,,No relevent experience,Full time course,Graduate,STEM,2,,,1,23,1.0
city_103,0.92,,Has relevent experience,no_enrollment,Phd,Humanities,>20,,,>4,108,0.0
city_67,0.855,Male,Has relevent experience,Full time course,Graduate,STEM,5,50-99,Pvt Ltd,1,304,
city_103,0.92,,Has relevent experience,no_enrollment,Masters,STEM,15,10/49,Pvt Ltd,2,236,0.0
city_103,0.92,Male,Has relevent experience,no_enrollment,Graduate,Arts,9,50-99,Funded Startup,2,22,0.0
city_21,0.624,,No relevent experience,Full time course,Graduate,STEM,5,,,never,16,0.0
city_55,0.7390000000000001,,Has relevent experience,no_enrollment,Graduate,STEM,6,100-500,NGO,1,278,0.0
city_45,0.89,Male,Has relevent experience,Part time course,Graduate,STEM,5,,,1,14,0.0
city_21,0.624,,No relevent experience,Full time course,High School,,3,,,never,99,1.0
city_21,0.624,Male,Has relevent experience,Full time course,Graduate,Other,11,500-999,Pvt Ltd,3,34,0.0
city_19,0.682,Male,Has relevent experience,no_enrollment,Graduate,STEM,5,1000-4999,,never,192,0.0
city_136,0.897,Male,No relevent experience,Full time course,Masters,STEM,5,,,never,86,0.0
city_136,0.897,Male,Has relevent experience,no_enrollment,Masters,STEM,6,,,1,18,0.0
city_43,0.516,Male,Has relevent experience,no_enrollment,Graduate,STEM,13,<10,Early Stage Startup,>4,36,1.0
city_100,0.887,,Has relevent experience,Part time course,High School,,6,10000+,Public Sector,1,91,1.0
city_50,0.8959999999999999,Male,Has relevent experience,no_enrollment,Masters,,>20,1000-4999,Public Sector,1,308,1.0
city_141,0.763,Male,Has relevent experience,no_enrollment,Graduate,STEM,10,50-99,Pvt Ltd,1,46,0.0
city_99,0.915,Female,No relevent experience,Full time course,Graduate,Business Degree,1,,,1,40,0.0
city_114,0.926,,No relevent experience,Full time course,Graduate,STEM,5,10000+,Pvt Ltd,1,8,1.0
city_103,0.92,,No relevent experience,no_enrollment,Graduate,STEM,11,10000+,Pvt Ltd,2,36,0.0
city_102,0.804,Male,Has relevent experience,no_enrollment,Masters,STEM,18,500-999,,2,88,0.0
city_138,0.836,Male,No relevent experience,Full time course,Graduate,STEM,3,,,1,12,1.0
city_21,0.624,Male,No relevent experience,no_enrollment,Masters,STEM,2,,,never,30,0.0
city_105,0.794,Male,Has relevent experience,Part time course,Graduate,STEM,5,<10,Pvt Ltd,1,41,0.0
city_114,0.926,,Has relevent experience,Part time course,Graduate,STEM,10,100-500,Public Sector,1,39,0.0
city_100,0.887,Male,No relevent experience,Full time course,High School,,4,,,1,82,0.0
city_103,0.92,,Has relevent experience,no_enrollment,Graduate,STEM,16,50-99,Pvt Ltd,1,6,0.0
city_103,0.92,,Has relevent experience,no_enrollment,Graduate,STEM,16,100-500,Pvt Ltd,1,72,0.0
city_114,0.926,Male,No relevent experience,no_enrollment,High School,,7,,,never,58,0.0
city_138,0.836,,No relevent experience,no_enrollment,Primary School,,1,,,never,9,0.0
city_61,0.913,Male,Has relevent experience,no_enrollment,Masters,STEM,18,10/49,Funded Startup,2,11,0.0
city_100,0.887,Male,No relevent experience,Full time course,Graduate,Other,14,,,never,35,0.0
city_143,0.74,Male,Has relevent experience,Full time course,Graduate,STEM,6,10/49,Funded Startup,2,136,1.0
city_23,0.899,Male,Has relevent experience,no_enrollment,Graduate,STEM,15,1000-4999,Pvt Ltd,>4,20,0.0
city_162,0.767,Male,Has relevent experience,no_enrollment,Graduate,STEM,3,<10,Pvt Ltd,3,12,0.0
city_99,0.915,Female,Has relevent experience,Part time course,Graduate,STEM,>20,100-500,Public Sector,2,105,0.0
city_50,0.8959999999999999,Male,Has relevent experience,no_enrollment,Graduate,STEM,12,1000-4999,NGO,>4,36,0.0
city_159,0.843,Male,Has relevent experience,no_enrollment,Graduate,STEM,15,500-999,Pvt Ltd,4,158,0.0
city_100,0.887,,Has relevent experience,no_enrollment,Graduate,STEM,>20,100-500,Pvt Ltd,2,3,0.0
city_142,0.727,Female,Has relevent experience,Part time course,Graduate,STEM,7,100-500,Pvt Ltd,2,127,0.0
city_50,0.8959999999999999,Male,No relevent experience,no_enrollment,High School,,2,,,1,174,0.0
city_114,0.926,Male,Has relevent experience,no_enrollment,Graduate,STEM,15,10/49,Pvt Ltd,2,35,0.0
city_103,0.92,Male,No relevent experience,Full time course,Graduate,STEM,6,,,1,220,0.0
city_36,0.893,Male,Has relevent experience,no_enrollment,Masters,STEM,16,50-99,Pvt Ltd,>4,17,0.0
city_102,0.804,Male,Has relevent experience,Full time course,Graduate,Business Degree,1,<10,Pvt Ltd,1,52,1.0
city_103,0.92,Male,Has relevent experience,no_enrollment,Masters,STEM,>20,100-500,Funded Startup,1,30,0.0
city_114,0.926,,Has relevent experience,no_enrollment,Graduate,STEM,5,10/49,Pvt Ltd,4,83,0.0
city_73,0.754,,No relevent experience,no_enrollment,Graduate,STEM,1,,,1,120,1.0
city_155,0.556,Male,Has relevent experience,no_enrollment,Graduate,STEM,7,50-99,,3,200,
city_21,0.624,Male,Has relevent experience,no_enrollment,Graduate,Other,5,,,1,63,1.0
city_83,0.923,Male,Has relevent experience,no_enrollment,Masters,STEM,>20,100-500,Pvt Ltd,2,26,0.0
city_103,0.92,Male,Has relevent experience,no_enrollment,Graduate,STEM,8,1000-4999,Pvt Ltd,>4,84,0.0
city_103,0.92,Male,Has relevent experience,no_enrollment,Graduate,STEM,>20,10000+,Pvt Ltd,1,166,0.0
city_103,0.92,,Has relevent experience,no_enrollment,Masters,STEM,15,10/49,Pvt Ltd,1,82,0.0
city_103,0.92,Male,Has relevent experience,no_enrollment,Graduate,STEM,10,10000+,Pvt Ltd,4,165,0.0
city_98,0.949,,No relevent experience,no_enrollment,Graduate,STEM,>20,<10,Pvt Ltd,1,55,0.0
city_103,0.92,Male,Has relevent experience,no_enrollment,Graduate,STEM,5,100-500,Pvt Ltd,1,46,0.0
city_136,0.897,Male,Has relevent experience,no_enrollment,Masters,STEM,14,50-99,Early Stage Startup,1,110,
city_150,0.698,Male,Has relevent experience,no_enrollment,Graduate,STEM,3,,Pvt Ltd,1,52,0.0
city_103,0.92,Male,No relevent experience,no_enrollment,High School,,4,,,never,47,0.0
city_67,0.855,,Has relevent experience,no_enrollment,Masters,STEM,13,,,1,202,0.0
city_126,0.479,,No relevent experience,no_enrollment,,,1,,,never,316,1.0
city_162,0.767,Male,Has relevent experience,no_enrollment,High School,,10,<10,Early Stage Startup,1,98,0.0
city_73,0.754,Female,No relevent experience,no_enrollment,Graduate,STEM,6,10000+,Pvt Ltd,2,23,0.0
city_21,0.624,,No relevent experience,Full time course,Masters,STEM,4,,,never,53,1.0
city_21,0.624,Male,No relevent experience,Full time course,High School,,4,,,never,9,1.0
city_103,0.92,Male,Has relevent experience,no_enrollment,Graduate,STEM,20,100-500,NGO,2,56,0.0
city_21,0.624,Male,Has relevent experience,Full time course,Graduate,STEM,6,100-500,Pvt Ltd,1,242,0.0
city_36,0.893,Male,Has relevent experience,no_enrollment,High School,,8,100-500,Pvt Ltd,>4,110,0.0
city_16,0.91,,No relevent experience,no_enrollment,Graduate,STEM,<1,,,2,46,0.0
city_103,0.92,,No relevent experience,no_enrollment,Graduate,STEM,16,100-500,Pvt Ltd,1,23,0.0
city_160,0.92,Male,Has relevent experience,no_enrollment,Graduate,STEM,>20,100-500,Pvt Ltd,4,17,0.0
city_162,0.767,,Has relevent experience,no_enrollment,Graduate,STEM,18,100-500,Pvt Ltd,never,14,0.0
city_100,0.887,Male,Has relevent experience,no_enrollment,High School,,<1,50-99,Pvt Ltd,1,59,0.0
city_103,0.92,Male,Has relevent experience,no_enrollment,Graduate,STEM,>20,1000-4999,Pvt Ltd,>4,12,
city_160,0.92,Male,No relevent experience,no_enrollment,Masters,STEM,<1,10000+,Pvt Ltd,2,23,0.0
city_67,0.855,,Has relevent experience,Full time course,Masters,STEM,10,10000+,Pvt Ltd,1,82,0.0
city_21,0.624,Male,Has relevent experience,Full time course,Graduate,STEM,3,500-999,Funded Startup,1,113,0.0
city_41,0.8270000000000001,Male,Has relevent experience,no_enrollment,Graduate,STEM,>20,,,>4,4,0.0
city_102,0.804,Male,Has relevent experience,no_enrollment,Masters,STEM,10,50-99,Pvt Ltd,3,127,0.0
city_165,0.903,Male,No relevent experience,Full time course,High School,,2,,Funded Startup,1,28,0.0
city_103,0.92,Male,Has relevent experience,no_enrollment,Graduate,STEM,6,10000+,Pvt Ltd,2,50,1.0
city_103,0.92,Male,No relevent experience,no_enrollment,Masters,STEM,14,50-99,Pvt Ltd,>4,108,0.0
city_103,0.92,Male,No relevent experience,Full time course,Graduate,STEM,7,,,2,262,1.0
city_21,0.624,Male,No relevent experience,no_enrollment,Graduate,STEM,<1,,,2,67,0.0
city_136,0.897,Male,Has relevent experience,no_enrollment,Masters,STEM,6,1000-4999,Pvt Ltd,1,262,0.0
city_21,0.624,Male,Has relevent experience,no_enrollment,Graduate,STEM,8,100-500,Pvt Ltd,never,66,1.0
city_160,0.92,Male,Has relevent experience,no_enrollment,Graduate,STEM,6,,,>4,76,1.0
city_21,0.624,,Has relevent experience,Full time course,High School,,6,50-99,Pvt Ltd,1,92,1.0
city_61,0.913,Male,Has relevent experience,no_enrollment,Graduate,STEM,12,10/49,Pvt Ltd,1,58,0.0
city_103,0.92,,No relevent experience,no_enrollment,High School,,3,,,never,90,0.0
city_103,0.92,Female,No relevent experience,no_enrollment,Graduate,Humanities,2,500-999,,1,10,0.0
city_103,0.92,Male,No relevent experience,no_enrollment,Graduate,Other,2,1000-4999,NGO,1,110,0.0
city_160,0.92,Male,No relevent experience,no_enrollment,Graduate,STEM,>20,,,1,26,1.0
city_103,0.92,,Has relevent experience,no_enrollment,Graduate,STEM,>20,10/49,Pvt Ltd,>4,140,0.0
city_103,0.92,,No relevent experience,Full time course,Graduate,STEM,4,,,1,106,1.0
city_28,0.939,Male,No relevent experience,Full time course,Graduate,STEM,7,,,2,78,1.0
city_11,0.55,,Has relevent experience,no_enrollment,Masters,STEM,15,10/49,Pvt Ltd,>4,39,0.0
city_149,0.6890000000000001,Male,Has relevent experience,Full time course,Graduate,STEM,10,,,1,90,1.0
city_16,0.91,Male,Has relevent experience,no_enrollment,Graduate,STEM,>20,,,>4,41,0.0
city_114,0.926,Male,Has relevent experience,Part time course,Graduate,Business Degree,7,100-500,Pvt Ltd,2,15,0.0
city_103,0.92,,Has relevent experience,no_enrollment,Masters,STEM,>20,10000+,Pvt Ltd,3,43,0.0
city_103,0.92,,Has relevent experience,no_enrollment,High School,,10,,,1,6,0.0
city_103,0.92,,Has relevent experience,no_enrollment,Graduate,STEM,15,1000-4999,Pvt Ltd,never,166,0.0
city_159,0.843,Other,No relevent experience,Full time course,High School,,1,,,never,6,0.0
city_103,0.92,Male,No relevent experience,no_enrollment,Phd,STEM,10,50-99,Public Sector,1,10,1.0
city_11,0.55,Male,Has relevent experience,no_enrollment,Graduate,STEM,17,500-999,Pvt Ltd,1,22,0.0
city_160,0.92,Male,Has relevent experience,no_enrollment,Graduate,STEM,>20,100-500,Pvt Ltd,>4,55,0.0
city_24,0.698,Male,Has relevent experience,no_enrollment,Graduate,STEM,6,,,2,9,0.0
city_67,0.855,Male,Has relevent experience,no_enrollment,Masters,STEM,15,50-99,Pvt Ltd,never,141,0.0
city_160,0.92,Male,Has relevent experience,no_enrollment,Graduate,STEM,5,<10,Early Stage Startup,1,15,0.0
city_114,0.926,Male,Has relevent experience,Part time course,Phd,Humanities,11,10000+,Pvt Ltd,>4,56,0.0
city_160,0.92,Male,Has relevent experience,Part time course,Graduate,STEM,4,50-99,Pvt Ltd,1,62,0.0
city_114,0.926,Male,No relevent experience,Full time course,High School,,9,,,never,150,0.0
city_143,0.74,Male,No relevent experience,no_enrollment,Graduate,STEM,>20,,,1,12,0.0
city_90,0.698,,Has relevent experience,Full time course,Graduate,STEM,7,50-99,Funded Startup,1,149,0.0
city_138,0.836,Male,Has relevent experience,no_enrollment,Graduate,STEM,>20,10000+,Pvt Ltd,1,33,0.0
city_16,0.91,,Has relevent experience,no_enrollment,High School,,>20,50-99,Pvt Ltd,>4,8,0.0
city_16,0.91,Male,Has relevent experience,no_enrollment,Graduate,STEM,17,<10,Pvt Ltd,>4,20,0.0
city_21,0.624,,Has relevent experience,Full time course,Graduate,STEM,9,,Pvt Ltd,2,8,1.0
city_21,0.624,,No relevent experience,Full time course,Masters,STEM,2,100-500,Pvt Ltd,1,55,
city_75,0.939,Male,Has relevent experience,no_enrollment,Graduate,STEM,6,5000-9999,Public Sector,2,19,0.0
city_114,0.926,Male,No relevent experience,no_enrollment,High School,,3,,,never,17,0.0
city_136,0.897,Male,Has relevent experience,no_enrollment,Masters,STEM,8,50-99,Pvt Ltd,1,133,0.0
city_65,0.802,Female,Has relevent experience,no_enrollment,Graduate,STEM,11,10/49,Pvt Ltd,2,112,0.0
city_114,0.926,Male,Has relevent experience,no_enrollment,Graduate,STEM,>20,<10,Pvt Ltd,>4,64,0.0
city_21,0.624,,Has relevent experience,no_enrollment,Graduate,STEM,7,50-99,Pvt Ltd,2,29,0.0
city_104,0.924,Male,No relevent experience,no_enrollment,High School,,6,,Pvt Ltd,never,20,0.0
city_100,0.887,,No relevent experience,Part time course,Graduate,STEM,4,,,1,50,1.0
city_11,0.55,Female,Has relevent experience,Full time course,Masters,STEM,15,,,2,55,0.0
city_21,0.624,Male,No relevent experience,Full time course,High School,,5,,,never,35,
city_103,0.92,Male,Has relevent experience,no_enrollment,Graduate,STEM,>20,1000-4999,Pvt Ltd,>4,80,0.0
city_99,0.915,Male,Has relevent experience,no_enrollment,Masters,Humanities,>20,5000-9999,Public Sector,1,113,0.0
city_67,0.855,Male,Has relevent experience,no_enrollment,Masters,STEM,16,10000+,Pvt Ltd,4,63,0.0
city_16,0.91,,Has relevent experience,no_enrollment,Graduate,STEM,13,10/49,Pvt Ltd,>4,29,0.0
city_173,0.878,,No relevent experience,no_enrollment,Primary School,,4,50-99,,2,8,0.0
city_16,0.91,Male,Has relevent experience,no_enrollment,High School,,14,50-99,Pvt Ltd,2,107,0.0
city_136,0.897,,Has relevent experience,Full time course,Graduate,STEM,2,50-99,Pvt Ltd,1,18,0.0
city_103,0.92,Male,No relevent experience,no_enrollment,Graduate,STEM,3,,Pvt Ltd,>4,74,0.0
city_71,0.884,Male,No relevent experience,no_enrollment,Graduate,STEM,18,,,>4,18,0.0
city_136,0.897,Male,No relevent experience,Full time course,Graduate,STEM,5,,,never,13,0.0
city_103,0.92,Male,Has relevent experience,no_enrollment,Graduate,STEM,9,50-99,Pvt Ltd,1,126,0.0
city_76,0.698,Male,Has relevent experience,no_enrollment,Graduate,STEM,13,50-99,Pvt Ltd,4,9,0.0
city_104,0.924,Male,Has relevent experience,no_enrollment,Graduate,STEM,6,10/49,Funded Startup,3,150,0.0
city_103,0.92,Male,Has relevent experience,no_enrollment,Graduate,STEM,>20,10000+,Pvt Ltd,2,126,
city_11,0.55,,No relevent experience,Full time course,Graduate,STEM,3,,,,40,
city_21,0.624,,Has relevent experience,Full time course,Graduate,STEM,4,100-500,Pvt Ltd,1,112,0.0
city_11,0.55,Male,Has relevent experience,Part time course,Graduate,STEM,10,500-999,Pvt Ltd,1,62,1.0
city_103,0.92,Female,Has relevent experience,no_enrollment,Graduate,STEM,3,50-99,Pvt Ltd,1,14,0.0
city_100,0.887,Male,No relevent experience,no_enrollment,High School,,3,,,never,12,0.0
city_136,0.897,Male,Has relevent experience,Full time course,Masters,STEM,16,1000-4999,,1,174,0.0
city_28,0.939,Male,Has relevent experience,no_enrollment,High School,,6,<10,Early Stage Startup,never,31,0.0
city_103,0.92,Male,Has relevent experience,no_enrollment,Graduate,STEM,>20,,,>4,6,1.0
city_21,0.624,Male,Has relevent experience,Full time course,Graduate,STEM,2,10/49,NGO,2,101,0.0
city_114,0.926,Male,Has relevent experience,no_enrollment,Masters,STEM,>20,50-99,Pvt Ltd,3,188,0.0
city_21,0.624,,Has relevent experience,no_enrollment,Graduate,STEM,5,10000+,Pvt Ltd,4,62,0.0
city_114,0.926,Male,Has relevent experience,Full time course,Graduate,STEM,19,10/49,Funded Startup,1,12,1.0
city_114,0.926,Male,Has relevent experience,Part time course,Graduate,STEM,11,,,1,27,0.0
city_114,0.926,Male,Has relevent experience,no_enrollment,High School,,18,,,never,21,1.0
city_103,0.92,Male,No relevent experience,Part time course,Masters,STEM,3,100-500,Pvt Ltd,1,28,0.0
city_50,0.8959999999999999,Male,Has relevent experience,no_enrollment,Graduate,STEM,>20,,,1,16,0.0
city_21,0.624,Male,Has relevent experience,no_enrollment,Masters,STEM,7,5000-9999,Pvt Ltd,1,92,0.0
city_103,0.92,,No relevent experience,no_enrollment,Graduate,STEM,18,10000+,Pvt Ltd,>4,32,0.0
city_73,0.754,,Has relevent experience,no_enrollment,Graduate,STEM,15,100-500,Pvt Ltd,4,90,0.0
city_13,0.8270000000000001,,Has relevent experience,no_enrollment,Masters,STEM,10,10/49,Pvt Ltd,>4,108,0.0
city_10,0.895,Male,Has relevent experience,Full time course,Masters,STEM,>20,1000-4999,Public Sector,>4,90,
city_55,0.7390000000000001,,No relevent experience,no_enrollment,Graduate,STEM,9,,,,2,1.0
city_101,0.5579999999999999,Male,No relevent experience,Full time course,Graduate,STEM,3,10/49,Pvt Ltd,1,67,1.0
city_21,0.624,Male,No relevent experience,Full time course,High School,,<1,,,never,113,
city_114,0.926,Male,No relevent experience,no_enrollment,,,<1,,,never,76,0.0
city_16,0.91,Female,No relevent experience,no_enrollment,Graduate,Arts,3,50-99,Pvt Ltd,2,3,0.0
city_36,0.893,Male,Has relevent experience,no_enrollment,Graduate,Business Degree,>20,100-500,Pvt Ltd,>4,25,0.0
city_114,0.926,Male,Has relevent experience,no_enrollment,Masters,STEM,18,100-500,Pvt Ltd,1,158,0.0
city_16,0.91,Male,Has relevent experience,no_enrollment,Phd,STEM,15,100-500,Pvt Ltd,1,47,0.0
city_40,0.7759999999999999,Male,Has relevent experience,Full time course,Graduate,STEM,5,10000+,Pvt Ltd,never,42,0.0
city_173,0.878,Male,Has relevent experience,no_enrollment,Graduate,STEM,19,100-500,Pvt Ltd,1,17,0.0
city_103,0.92,,No relevent experience,no_enrollment,,,2,,,never,42,0.0
city_36,0.893,Male,Has relevent experience,no_enrollment,Masters,STEM,>20,100-500,Pvt Ltd,1,82,0.0
city_103,0.92,Male,No relevent experience,no_enrollment,Masters,STEM,19,1000-4999,Pvt Ltd,1,90,0.0
city_21,0.624,Male,Has relevent experience,no_enrollment,Graduate,STEM,3,100-500,Pvt Ltd,1,76,1.0
city_73,0.754,Male,Has relevent experience,no_enrollment,Graduate,STEM,15,100-500,Other,>4,3,0.0
city_64,0.6659999999999999,Male,Has relevent experience,no_enrollment,Graduate,STEM,8,10/49,Pvt Ltd,1,96,0.0
city_21,0.624,Female,Has relevent experience,no_enrollment,Masters,STEM,3,<10,Funded Startup,2,34,1.0
city_114,0.926,Male,No relevent experience,Full time course,Masters,Other,8,10000+,Public Sector,4,134,0.0
city_114,0.926,Male,Has relevent experience,no_enrollment,Graduate,STEM,14,1000-4999,Pvt Ltd,3,70,0.0
city_149,0.6890000000000001,Female,No relevent experience,Full time course,Masters,STEM,9,,,never,10,
city_103,0.92,Male,Has relevent experience,no_enrollment,Graduate,STEM,10,50-99,Funded Startup,1,51,0.0
city_159,0.843,Female,Has relevent experience,no_enrollment,Graduate,STEM,10,<10,Pvt Ltd,1,28,0.0
city_36,0.893,,No relevent experience,no_enrollment,Masters,Other,9,10000+,Pvt Ltd,4,14,0.0
city_67,0.855,Male,Has relevent experience,no_enrollment,Graduate,Humanities,1,<10,,1,19,0.0
city_103,0.92,Male,Has relevent experience,no_enrollment,Graduate,STEM,17,100-500,Pvt Ltd,4,67,0.0
city_136,0.897,Male,No relevent experience,Full time course,Graduate,STEM,4,10/49,Early Stage Startup,1,48,0.0
city_46,0.762,Male,Has relevent experience,no_enrollment,Graduate,STEM,17,5000-9999,Pvt Ltd,2,27,0.0
city_21,0.624,Female,Has relevent experience,no_enrollment,Graduate,STEM,1,10000+,Pvt Ltd,1,39,0.0
city_136,0.897,Male,Has relevent experience,no_enrollment,Masters,STEM,10,10/49,Early Stage Startup,1,53,0.0
city_98,0.949,Male,No relevent experience,no_enrollment,Masters,STEM,9,1000-4999,Pvt Ltd,1,11,0.0
city_103,0.92,Male,Has relevent experience,no_enrollment,Masters,STEM,9,50-99,Pvt Ltd,1,41,0.0
city_44,0.725,,No relevent experience,Full time course,Masters,STEM,8,,,1,27,0.0
city_136,0.897,Male,Has relevent experience,no_enrollment,Masters,STEM,6,,,2,23,0.0
city_21,0.624,,Has relevent experience,no_enrollment,Graduate,Other,4,100-500,Pvt Ltd,2,144,
city_21,0.624,Male,Has relevent experience,,Graduate,STEM,14,10000+,Pvt Ltd,1,78,1.0
city_103,0.92,Male,Has relevent experience,Full time course,Graduate,STEM,>20,50-99,Funded Startup,>4,308,0.0
city_16,0.91,Male,No relevent experience,no_enrollment,Graduate,STEM,2,10/49,Pvt Ltd,1,140,0.0
city_73,0.754,,Has relevent experience,no_enrollment,Graduate,STEM,5,1000-4999,Pvt Ltd,4,81,0.0
city_21,0.624,,Has relevent experience,no_enrollment,High School,,3,,,1,27,1.0
city_128,0.527,,No relevent experience,no_enrollment,Graduate,STEM,4,,,4,136,
city_160,0.92,Female,Has relevent experience,no_enrollment,Graduate,STEM,>20,10/49,,1,70,0.0
city_46,0.762,Male,Has relevent experience,no_enrollment,Graduate,No Major,19,10000+,Pvt Ltd,1,47,
city_160,0.92,Male,Has relevent experience,no_enrollment,Graduate,STEM,8,100-500,NGO,1,31,0.0
city_138,0.836,Male,Has relevent experience,no_enrollment,Masters,STEM,18,50-99,Other,2,25,0.0
city_50,0.8959999999999999,Male,Has relevent experience,no_enrollment,Graduate,STEM,10,10/49,Pvt Ltd,4,72,0.0
city_160,0.92,,Has relevent experience,no_enrollment,Graduate,STEM,>20,,,>4,18,1.0
city_10,0.895,Female,No relevent experience,Full time course,Graduate,STEM,7,,NGO,1,21,1.0
city_75,0.939,Male,Has relevent experience,no_enrollment,Graduate,STEM,13,500-999,Pvt Ltd,>4,116,0.0
city_103,0.92,Male,No relevent experience,no_enrollment,Graduate,STEM,16,10000+,Pvt Ltd,3,30,0.0
city_173,0.878,Other,Has relevent experience,no_enrollment,Masters,STEM,>20,1000-4999,Pvt Ltd,2,9,0.0
city_160,0.92,Male,Has relevent experience,no_enrollment,Graduate,STEM,14,10/49,Pvt Ltd,1,146,0.0
city_90,0.698,,Has relevent experience,no_enrollment,Graduate,STEM,7,,,1,39,0.0
city_101,0.5579999999999999,,No relevent experience,no_enrollment,Graduate,STEM,3,50-99,Pvt Ltd,1,27,0.0
city_114,0.926,Male,Has relevent experience,no_enrollment,Masters,STEM,>20,50-99,Pvt Ltd,>4,200,
city_160,0.92,Male,Has relevent experience,no_enrollment,Graduate,STEM,2,10000+,Pvt Ltd,2,45,0.0
city_103,0.92,,Has relevent experience,no_enrollment,Graduate,STEM,5,100-500,Pvt Ltd,2,17,0.0
city_103,0.92,Male,Has relevent experience,no_enrollment,Graduate,Humanities,3,,,3,5,1.0
city_45,0.89,,No relevent experience,no_enrollment,Masters,Humanities,4,10000+,,1,12,0.0
city_21,0.624,Male,Has relevent experience,no_enrollment,Graduate,STEM,7,100-500,Funded Startup,2,35,0.0
city_160,0.92,Male,Has relevent experience,no_enrollment,Graduate,STEM,16,50-99,Funded Startup,1,34,0.0
city_103,0.92,Male,Has relevent experience,Part time course,Graduate,STEM,7,10000+,Pvt Ltd,3,28,0.0
city_103,0.92,Male,No relevent experience,Full time course,Graduate,STEM,9,10000+,Pvt Ltd,1,16,0.0
city_173,0.878,Male,Has relevent experience,no_enrollment,Graduate,STEM,11,,,1,8,0.0
city_160,0.92,,Has relevent experience,no_enrollment,Graduate,STEM,4,50-99,Pvt Ltd,3,52,0.0
city_116,0.743,Male,Has relevent experience,no_enrollment,Graduate,STEM,5,,,1,158,0.0
city_11,0.55,,No relevent experience,Full time course,Masters,STEM,1,<10,Pvt Ltd,1,42,0.0
city_160,0.92,Male,Has relevent experience,no_enrollment,Graduate,STEM,5,50-99,Pvt Ltd,1,42,0.0
city_103,0.92,Male,Has relevent experience,no_enrollment,Masters,STEM,>20,50-99,Pvt Ltd,3,21,
city_103,0.92,Male,Has relevent experience,no_enrollment,Graduate,STEM,17,<10,Pvt Ltd,>4,35,1.0
city_16,0.91,Male,Has relevent experience,no_enrollment,Graduate,STEM,>20,,Pvt Ltd,>4,298,1.0
city_136,0.897,Male,Has relevent experience,Part time course,Masters,STEM,6,,,1,29,0.0
city_21,0.624,Male,No relevent experience,Full time course,Masters,STEM,<1,10000+,Pvt Ltd,2,51,1.0
city_114,0.926,Male,No relevent experience,Part time course,Phd,STEM,>20,50-99,,>4,10,0.0
city_90,0.698,,No relevent experience,no_enrollment,High School,,1,,,never,98,0.0
city_21,0.624,Female,Has relevent experience,no_enrollment,Graduate,STEM,12,,,2,45,0.0
city_16,0.91,Male,Has relevent experience,no_enrollment,Graduate,STEM,10,1000-4999,Public Sector,never,50,0.0
city_21,0.624,Male,No relevent experience,Full time course,Graduate,STEM,1,,Pvt Ltd,never,94,0.0
city_103,0.92,Other,Has relevent experience,no_enrollment,Graduate,STEM,>20,10000+,Pvt Ltd,>4,15,1.0
city_21,0.624,Male,Has relevent experience,no_enrollment,Masters,STEM,17,50-99,Pvt Ltd,2,123,1.0
city_114,0.926,Male,Has relevent experience,no_enrollment,Masters,Business Degree,7,1000-4999,Pvt Ltd,4,34,0.0
city_21,0.624,,Has relevent experience,no_enrollment,Graduate,STEM,17,5000-9999,Pvt Ltd,2,47,1.0
city_136,0.897,Male,No relevent experience,Part time course,Masters,STEM,3,1000-4999,Pvt Ltd,>4,35,0.0
city_16,0.91,,Has relevent experience,no_enrollment,Masters,Humanities,<1,50-99,Early Stage Startup,1,6,0.0
city_84,0.698,Male,Has relevent experience,Full time course,Graduate,STEM,6,,,1,13,1.0
city_107,0.518,Male,No relevent experience,Full time course,Graduate,STEM,4,,,1,21,1.0
city_103,0.92,,No relevent experience,no_enrollment,,,5,,,never,12,0.0
city_23,0.899,Male,Has relevent experience,no_enrollment,Graduate,STEM,>20,10/49,,1,44,0.0
city_150,0.698,,No relevent experience,Full time course,High School,,<1,,,never,23,0.0
city_103,0.92,Male,Has relevent experience,no_enrollment,Graduate,STEM,19,1000-4999,Pvt Ltd,1,96,0.0
city_9,0.743,,Has relevent experience,no_enrollment,Graduate,STEM,6,50-99,Pvt Ltd,2,39,
city_16,0.91,Male,Has relevent experience,no_enrollment,Graduate,STEM,>20,10/49,Pvt Ltd,2,50,0.0
city_21,0.624,,No relevent experience,Full time course,Graduate,STEM,2,,,1,4,0.0
city_21,0.624,,No relevent experience,no_enrollment,Graduate,STEM,1,500-999,,never,46,0.0
city_74,0.579,Male,Has relevent experience,no_enrollment,Masters,Humanities,10,,,never,27,0.0
city_114,0.926,Male,Has relevent experience,no_enrollment,Masters,STEM,>20,50-99,Pvt Ltd,>4,43,0.0
city_103,0.92,Male,Has relevent experience,no_enrollment,Graduate,Other,16,10/49,Pvt Ltd,,64,0.0
city_24,0.698,Female,No relevent experience,no_enrollment,Graduate,STEM,16,1000-4999,Public Sector,>4,160,0.0
city_97,0.925,Male,Has relevent experience,,,,3,,,1,80,0.0
city_114,0.926,Other,No relevent experience,Full time course,High School,,6,500-999,Pvt Ltd,2,144,0.0
city_136,0.897,,No relevent experience,Full time course,Masters,STEM,8,,,1,51,0.0
city_21,0.624,Male,Has relevent experience,no_enrollment,Graduate,Business Degree,10,,,>4,81,1.0
city_145,0.555,,Has relevent experience,no_enrollment,Graduate,STEM,6,50-99,Pvt Ltd,>4,55,1.0
city_103,0.92,Male,Has relevent experience,no_enrollment,Graduate,Other,1,10/49,Pvt Ltd,1,18,0.0
city_11,0.55,,No relevent experience,Full time course,Graduate,STEM,2,,,1,20,0.0
city_75,0.939,Male,Has relevent experience,no_enrollment,Graduate,STEM,7,10000+,Pvt Ltd,2,314,1.0
city_16,0.91,Male,Has relevent experience,no_enrollment,Graduate,STEM,13,100-500,Pvt Ltd,2,24,
city_42,0.563,Male,No relevent experience,Full time course,Graduate,STEM,5,50-99,Pvt Ltd,2,100,1.0
city_114,0.926,Male,Has relevent experience,Full time course,Graduate,STEM,19,100-500,Pvt Ltd,1,111,0.0
city_21,0.624,,No relevent experience,Full time course,Masters,STEM,<1,100-500,Pvt Ltd,>4,20,0.0
city_116,0.743,Male,Has relevent experience,no_enrollment,Masters,STEM,17,,,>4,72,0.0
city_128,0.527,Male,Has relevent experience,no_enrollment,Graduate,No Major,4,10/49,Pvt Ltd,2,18,1.0
city_89,0.925,Male,No relevent experience,no_enrollment,Masters,STEM,>20,10000+,Pvt Ltd,3,182,0.0
city_11,0.55,Male,Has relevent experience,no_enrollment,Graduate,STEM,3,10/49,Early Stage Startup,1,82,1.0
city_176,0.764,Male,Has relevent experience,no_enrollment,Graduate,STEM,6,,,1,7,1.0
city_28,0.939,Male,No relevent experience,no_enrollment,Phd,STEM,4,,Public Sector,1,13,0.0
city_67,0.855,Female,Has relevent experience,no_enrollment,Masters,STEM,12,,,never,50,0.0
city_143,0.74,Male,No relevent experience,no_enrollment,Graduate,STEM,11,50-99,Pvt Ltd,2,53,1.0
city_103,0.92,Male,Has relevent experience,no_enrollment,Graduate,Business Degree,7,100-500,Funded Startup,1,16,0.0
city_160,0.92,Male,No relevent experience,no_enrollment,Graduate,Humanities,8,100-500,Pvt Ltd,1,41,0.0
city_73,0.754,Male,Has relevent experience,no_enrollment,Graduate,STEM,13,100-500,Public Sector,>4,9,0.0
city_114,0.926,Male,Has relevent experience,Full time course,Graduate,STEM,4,100-500,Pvt Ltd,2,12,
city_103,0.92,,Has relevent experience,no_enrollment,Graduate,Other,20,10000+,Pvt Ltd,>4,56,0.0
city_103,0.92,Female,Has relevent experience,no_enrollment,Graduate,STEM,5,50-99,Funded Startup,1,31,0.0
city_98,0.949,Male,No relevent experience,no_enrollment,Graduate,STEM,3,,,1,23,0.0
city_71,0.884,,Has relevent experience,no_enrollment,Graduate,No Major,4,10/49,Early Stage Startup,1,39,0.0
city_65,0.802,Male,Has relevent experience,no_enrollment,Graduate,Business Degree,1,50-99,,1,112,0.0
city_21,0.624,,Has relevent experience,no_enrollment,,,8,10/49,Pvt Ltd,1,55,
city_116,0.743,Male,Has relevent experience,no_enrollment,Masters,STEM,3,500-999,Pvt Ltd,1,42,
city_16,0.91,Male,Has relevent experience,no_enrollment,Graduate,STEM,13,,,1,63,0.0
city_134,0.698,Male,No relevent experience,no_enrollment,Graduate,STEM,3,,,1,326,1.0
city_159,0.843,Male,No relevent experience,Full time course,Graduate,STEM,5,,,2,94,0.0
city_114,0.926,Female,Has relevent experience,no_enrollment,Graduate,STEM,15,<10,Pvt Ltd,1,12,0.0
city_103,0.92,,No relevent experience,no_enrollment,Graduate,No Major,<1,50-99,Pvt Ltd,,180,0.0
city_103,0.92,Male,Has relevent experience,no_enrollment,Graduate,STEM,10,1000-4999,Pvt Ltd,>4,146,0.0
city_16,0.91,Male,Has relevent experience,no_enrollment,Graduate,STEM,5,,Pvt Ltd,3,250,0.0
city_21,0.624,Male,No relevent experience,Full time course,Masters,STEM,2,,,never,8,0.0
city_67,0.855,,Has relevent experience,Full time course,High School,,3,50-99,Pvt Ltd,1,163,0.0
city_114,0.926,Male,No relevent experience,no_enrollment,High School,,9,<10,Pvt Ltd,1,170,
city_103,0.92,Male,No relevent experience,Part time course,Graduate,STEM,6,10000+,Pvt Ltd,>4,57,0.0
city_143,0.74,Male,No relevent experience,no_enrollment,High School,,<1,,,never,312,0.0
city_103,0.92,,No relevent experience,Full time course,,,11,<10,Pvt Ltd,>4,58,
city_21,0.624,Male,Has relevent experience,Full time course,Graduate,STEM,5,<10,Early Stage Startup,never,57,1.0
city_75,0.939,Male,No relevent experience,Full time course,Graduate,STEM,8,10000+,Public Sector,2,64,0.0
city_21,0.624,Male,No relevent experience,no_enrollment,Masters,STEM,6,500-999,NGO,>4,138,1.0
city_103,0.92,Male,Has relevent experience,no_enrollment,Masters,Humanities,7,10000+,Pvt Ltd,1,20,0.0
city_160,0.92,Male,Has relevent experience,no_enrollment,Graduate,STEM,7,500-999,Other,1,50,0.0
city_71,0.884,Male,Has relevent experience,no_enrollment,Graduate,STEM,6,100-500,Public Sector,1,16,
city_103,0.92,,Has relevent experience,no_enrollment,Graduate,STEM,>20,50-99,Pvt Ltd,4,69,0.0
city_21,0.624,Male,Has relevent experience,no_enrollment,Graduate,STEM,3,,Pvt Ltd,1,52,1.0
city_21,0.624,Male,Has relevent experience,no_enrollment,Graduate,STEM,5,10/49,Pvt Ltd,3,48,1.0
city_106,0.698,Male,Has relevent experience,no_enrollment,Graduate,STEM,5,,,3,51,0.0
city_103,0.92,Male,Has relevent experience,no_enrollment,Graduate,Humanities,7,1000-4999,NGO,1,170,
city_83,0.923,Male,Has relevent experience,no_enrollment,Graduate,STEM,14,,,1,40,0.0
city_173,0.878,Male,Has relevent experience,no_enrollment,Graduate,STEM,16,100-500,Pvt Ltd,2,6,0.0
city_16,0.91,Male,Has relevent experience,no_enrollment,Graduate,STEM,>20,1000-4999,Pvt Ltd,3,35,0.0
city_160,0.92,Male,No relevent experience,no_enrollment,Graduate,STEM,9,500-999,Pvt Ltd,2,24,1.0
city_103,0.92,Male,No relevent experience,Part time course,Graduate,STEM,14,10000+,NGO,>4,65,0.0
city_114,0.926,,No relevent experience,Full time course,High School,,4,,,,4,0.0
city_136,0.897,Male,Has relevent experience,no_enrollment,Masters,STEM,6,10000+,Pvt Ltd,1,122,0.0
city_65,0.802,Other,No relevent experience,no_enrollment,High School,,1,,Pvt Ltd,never,51,0.0
city_114,0.926,,No relevent experience,Full time course,Graduate,STEM,3,1000-4999,Pvt Ltd,never,60,0.0
city_103,0.92,Male,No relevent experience,no_enrollment,Graduate,STEM,9,10000+,Pvt Ltd,never,7,1.0
city_103,0.92,Male,Has relevent experience,no_enrollment,Graduate,STEM,10,10000+,Pvt Ltd,3,18,0.0
city_114,0.926,,Has relevent experience,no_enrollment,Graduate,STEM,>20,50-99,Pvt Ltd,2,61,0.0
city_103,0.92,Male,Has relevent experience,no_enrollment,Graduate,STEM,10,,Public Sector,3,21,0.0
city_103,0.92,,Has relevent experience,no_enrollment,Phd,STEM,17,50-99,Pvt Ltd,1,336,0.0
city_103,0.92,Male,Has relevent experience,no_enrollment,Graduate,STEM,>20,100-500,Pvt Ltd,1,44,0.0
city_103,0.92,Male,No relevent experience,no_enrollment,Graduate,STEM,>20,,,2,28,1.0
city_103,0.92,Male,Has relevent experience,no_enrollment,Graduate,STEM,>20,10000+,Pvt Ltd,4,90,0.0
city_114,0.926,,Has relevent experience,no_enrollment,High School,,9,,,1,42,0.0
city_16,0.91,Male,Has relevent experience,no_enrollment,Graduate,STEM,6,,,1,107,0.0
city_118,0.722,Male,Has relevent experience,Full time course,Graduate,STEM,5,50-99,Pvt Ltd,1,74,1.0
city_103,0.92,Male,Has relevent experience,no_enrollment,Graduate,STEM,>20,50-99,Pvt Ltd,>4,35,0.0
city_103,0.92,,Has relevent experience,no_enrollment,Graduate,Humanities,4,,,1,88,1.0
city_103,0.92,Male,Has relevent experience,no_enrollment,Phd,STEM,>20,1000-4999,Public Sector,>4,62,0.0
city_13,0.8270000000000001,Male,Has relevent experience,no_enrollment,Masters,,>20,10/49,Pvt Ltd,4,34,0.0
city_83,0.923,,Has relevent experience,no_enrollment,Graduate,STEM,20,100-500,Funded Startup,1,51,
city_136,0.897,Male,Has relevent experience,no_enrollment,Masters,Humanities,10,,,2,80,0.0
city_102,0.804,Male,No relevent experience,no_enrollment,Primary School,,6,10/49,Pvt Ltd,1,94,1.0
city_160,0.92,Male,Has relevent experience,Part time course,Graduate,STEM,4,100-500,Pvt Ltd,1,90,0.0
city_21,0.624,Male,Has relevent experience,no_enrollment,Masters,STEM,4,100-500,Pvt Ltd,1,32,1.0
city_103,0.92,Male,Has relevent experience,no_enrollment,Graduate,STEM,13,10000+,Pvt Ltd,2,84,0.0
city_71,0.884,Male,Has relevent experience,Full time course,High School,,10,50-99,Funded Startup,1,23,0.0
city_101,0.5579999999999999,Male,Has relevent experience,no_enrollment,High School,,3,,,never,14,
city_103,0.92,Male,Has relevent experience,no_enrollment,Phd,STEM,>20,10/49,Funded Startup,1,202,0.0
city_103,0.92,Male,Has relevent experience,no_enrollment,Graduate,STEM,18,100-500,Pvt Ltd,>4,146,0.0
city_21,0.624,,Has relevent experience,no_enrollment,Graduate,STEM,11,10000+,Pvt Ltd,1,40,0.0
city_21,0.624,Male,Has relevent experience,no_enrollment,Graduate,STEM,20,10/49,Pvt Ltd,2,9,0.0
city_71,0.884,,Has relevent experience,no_enrollment,Masters,STEM,1,10000+,,1,17,0.0
city_21,0.624,Female,Has relevent experience,no_enrollment,Graduate,STEM,15,10000+,Pvt Ltd,1,5,1.0
city_128,0.527,,Has relevent experience,Full time course,Graduate,STEM,3,,,2,108,1.0
city_97,0.925,Male,Has relevent experience,no_enrollment,Masters,STEM,>20,,,2,35,1.0
city_67,0.855,Male,Has relevent experience,no_enrollment,Masters,STEM,7,,,1,112,0.0
city_67,0.855,Male,No relevent experience,Part time course,Graduate,STEM,10,,,2,11,0.0
city_103,0.92,Male,Has relevent experience,no_enrollment,Graduate,STEM,>20,10/49,Pvt Ltd,2,43,0.0
city_98,0.949,Male,No relevent experience,no_enrollment,High School,,2,,Pvt Ltd,never,12,0.0
city_16,0.91,Male,No relevent experience,no_enrollment,Phd,STEM,5,1000-4999,Public Sector,1,128,0.0
city_103,0.92,Male,Has relevent experience,no_enrollment,Primary School,,19,50-99,Pvt Ltd,>4,34,
city_100,0.887,Male,Has relevent experience,,,,17,500-999,Pvt Ltd,1,45,1.0
city_114,0.926,Male,Has relevent experience,no_enrollment,Phd,STEM,>20,10000+,Pvt Ltd,2,96,0.0
city_103,0.92,Male,Has relevent experience,Part time course,Graduate,STEM,6,50-99,NGO,1,39,0.0
city_16,0.91,Male,Has relevent experience,no_enrollment,Masters,STEM,>20,1000-4999,Public Sector,>4,3,0.0
city_75,0.939,Male,Has relevent experience,no_enrollment,Graduate,STEM,11,50-99,Funded Startup,2,17,0.0
city_10,0.895,,No relevent experience,no_enrollment,Masters,STEM,>20,100-500,Pvt Ltd,2,62,
city_83,0.923,Male,Has relevent experience,Part time course,Graduate,STEM,17,10000+,Pvt Ltd,4,200,1.0
city_104,0.924,Male,Has relevent experience,no_enrollment,Graduate,STEM,>20,1000-4999,Pvt Ltd,>4,84,0.0
city_103,0.92,Male,No relevent experience,no_enrollment,Primary School,,5,<10,Pvt Ltd,1,7,0.0
city_40,0.7759999999999999,Male,Has relevent experience,no_enrollment,Graduate,STEM,>20,,,>4,22,0.0
city_21,0.624,Male,No relevent experience,Full time course,Graduate,STEM,5,,,never,92,0.0
city_46,0.762,Male,Has relevent experience,no_enrollment,Graduate,STEM,>20,,,2,70,0.0
city_16,0.91,Male,No relevent experience,no_enrollment,Graduate,STEM,11,100-500,NGO,>4,122,0.0
city_21,0.624,Male,Has relevent experience,Full time course,Graduate,STEM,7,500-999,Pvt Ltd,1,80,1.0
city_16,0.91,Male,Has relevent experience,no_enrollment,Graduate,STEM,11,50-99,Pvt Ltd,1,8,
city_21,0.624,Male,Has relevent experience,no_enrollment,Graduate,STEM,9,,Pvt Ltd,1,196,0.0
city_16,0.91,Male,Has relevent experience,no_enrollment,Graduate,STEM,>20,1000-4999,Pvt Ltd,>4,68,1.0
city_103,0.92,Male,No relevent experience,Full time course,Masters,Other,15,,Pvt Ltd,never,188,0.0
city_41,0.8270000000000001,Male,Has relevent experience,Full time course,Masters,STEM,7,500-999,Funded Startup,2,92,0.0
city_144,0.84,Male,Has relevent experience,no_enrollment,Graduate,STEM,3,50-99,Pvt Ltd,1,41,1.0
city_136,0.897,Male,No relevent experience,Part time course,Graduate,STEM,4,100-500,Pvt Ltd,1,123,0.0
city_21,0.624,Male,Has relevent experience,no_enrollment,Graduate,STEM,12,1000-4999,Pvt Ltd,1,50,0.0
city_114,0.926,Male,Has relevent experience,no_enrollment,Graduate,Humanities,10,<10,Pvt Ltd,2,46,
city_103,0.92,Male,Has relevent experience,no_enrollment,Masters,STEM,>20,,,2,97,1.0
city_142,0.727,Male,Has relevent experience,no_enrollment,Graduate,STEM,10,10/49,Pvt Ltd,2,113,0.0
city_97,0.925,Male,Has relevent experience,no_enrollment,Graduate,STEM,12,500-999,Pvt Ltd,2,188,0.0
city_89,0.925,,Has relevent experience,no_enrollment,Graduate,STEM,10,100-500,Funded Startup,4,21,0.0
city_103,0.92,Male,Has relevent experience,no_enrollment,Masters,Business Degree,16,<10,Pvt Ltd,1,42,0.0
city_21,0.624,Male,Has relevent experience,no_enrollment,Graduate,STEM,4,,,2,92,0.0
city_114,0.926,Male,Has relevent experience,no_enrollment,Masters,STEM,16,,,2,13,0.0
city_114,0.926,Male,No relevent experience,no_enrollment,Masters,STEM,>20,10000+,Pvt Ltd,>4,308,0.0
city_114,0.926,Male,Has relevent experience,no_enrollment,Graduate,Humanities,11,1000-4999,Pvt Ltd,3,23,0.0
city_103,0.92,Male,No relevent experience,Full time course,Masters,STEM,8,50-99,NGO,3,28,0.0
city_61,0.913,Male,Has relevent experience,no_enrollment,Graduate,STEM,8,5000-9999,Pvt Ltd,1,141,0.0
city_114,0.926,Male,No relevent experience,Full time course,High School,,6,,,never,45,0.0
city_57,0.866,Male,Has relevent experience,Full time course,Graduate,STEM,8,10/49,Pvt Ltd,1,44,0.0
city_78,0.579,Male,No relevent experience,no_enrollment,Graduate,STEM,3,10000+,Pvt Ltd,never,68,1.0
city_16,0.91,,Has relevent experience,no_enrollment,,,>20,<10,Pvt Ltd,2,163,1.0
city_97,0.925,Male,Has relevent experience,no_enrollment,Masters,STEM,>20,,,1,82,0.0
city_103,0.92,Male,Has relevent experience,no_enrollment,Graduate,STEM,10,5000-9999,Pvt Ltd,>4,250,
city_103,0.92,Female,Has relevent experience,no_enrollment,Graduate,STEM,>20,100-500,NGO,1,17,0.0
city_160,0.92,Male,Has relevent experience,no_enrollment,Graduate,STEM,5,500-999,Pvt Ltd,never,160,0.0
city_21,0.624,Male,Has relevent experience,no_enrollment,Graduate,STEM,4,50-99,Early Stage Startup,1,100,0.0
city_16,0.91,Male,Has relevent experience,no_enrollment,Graduate,STEM,>20,,,>4,146,1.0
city_103,0.92,,Has relevent experience,no_enrollment,Graduate,Humanities,13,100-500,Pvt Ltd,>4,28,0.0
city_36,0.893,Male,Has relevent experience,no_enrollment,Graduate,STEM,>20,,,>4,85,
city_103,0.92,Male,Has relevent experience,Part time course,Graduate,STEM,17,,,1,77,0.0
city_103,0.92,Male,Has relevent experience,no_enrollment,Graduate,STEM,>20,<10,Funded Startup,>4,113,0.0
city_93,0.865,Male,No relevent experience,Full time course,Graduate,STEM,1,,,1,25,1.0
city_162,0.767,Male,Has relevent experience,no_enrollment,Graduate,STEM,19,100-500,Public Sector,1,12,0.0
city_100,0.887,Male,Has relevent experience,no_enrollment,Graduate,STEM,17,50-99,Other,>4,105,0.0
city_103,0.92,Male,Has relevent experience,no_enrollment,Graduate,No Major,15,,,>4,174,1.0
city_102,0.804,Male,No relevent experience,Full time course,Graduate,STEM,2,,,2,116,1.0
city_28,0.939,,Has relevent experience,no_enrollment,Masters,STEM,14,10000+,Pvt Ltd,never,109,0.0
city_114,0.926,Male,Has relevent experience,no_enrollment,Masters,STEM,>20,10000+,Pvt Ltd,>4,13,0.0
city_103,0.92,Male,Has relevent experience,no_enrollment,Graduate,Other,6,50-99,Pvt Ltd,4,312,0.0
city_114,0.926,Male,Has relevent experience,no_enrollment,Phd,Humanities,>20,50-99,Pvt Ltd,1,11,0.0
city_114,0.926,Male,Has relevent experience,no_enrollment,High School,,2,100-500,Pvt Ltd,1,84,
city_103,0.92,Male,No relevent experience,no_enrollment,High School,,6,,,never,66,0.0
city_114,0.926,Male,Has relevent experience,Part time course,Graduate,STEM,6,5000-9999,NGO,never,31,0.0
city_67,0.855,Male,No relevent experience,Full time course,High School,,2,50-99,Pvt Ltd,1,30,
city_71,0.884,,Has relevent experience,no_enrollment,Graduate,STEM,14,100-500,Pvt Ltd,>4,17,0.0
city_46,0.762,Female,Has relevent experience,Part time course,Masters,STEM,6,,,3,41,0.0
city_90,0.698,Male,No relevent experience,no_enrollment,Graduate,STEM,6,100-500,Pvt Ltd,>4,8,0.0
city_102,0.804,Male,Has relevent experience,no_enrollment,Masters,STEM,4,10000+,Pvt Ltd,1,11,0.0
city_73,0.754,,Has relevent experience,Full time course,High School,,15,50-99,Pvt Ltd,>4,41,0.0
city_21,0.624,,Has relevent experience,no_enrollment,Graduate,STEM,9,500-999,Pvt Ltd,>4,43,0.0
city_136,0.897,Male,No relevent experience,no_enrollment,Masters,Business Degree,18,50-99,NGO,1,31,0.0
city_173,0.878,Male,Has relevent experience,no_enrollment,Graduate,STEM,14,,,4,2,
city_149,0.6890000000000001,Other,No relevent experience,,Graduate,STEM,1,,,1,116,1.0
city_103,0.92,Male,Has relevent experience,no_enrollment,Graduate,STEM,>20,100-500,Pvt Ltd,>4,24,0.0
city_103,0.92,Male,Has relevent experience,no_enrollment,Masters,STEM,>20,,,>4,70,0.0
city_104,0.924,Male,Has relevent experience,no_enrollment,Graduate,STEM,12,10000+,Pvt Ltd,4,22,0.0
city_21,0.624,,Has relevent experience,no_enrollment,Graduate,STEM,8,50-99,Pvt Ltd,>4,80,0.0
city_16,0.91,Male,Has relevent experience,Full time course,,,5,100-500,Pvt Ltd,2,66,0.0
city_103,0.92,,Has relevent experience,Full time course,Graduate,STEM,16,50-99,,2,23,1.0
city_75,0.939,Male,Has relevent experience,no_enrollment,Graduate,STEM,>20,10/49,Pvt Ltd,1,22,0.0
city_21,0.624,,Has relevent experience,no_enrollment,Graduate,STEM,5,10000+,Pvt Ltd,1,92,0.0
city_73,0.754,Male,Has relevent experience,no_enrollment,Masters,STEM,10,10000+,Pvt Ltd,1,10,0.0
city_160,0.92,Female,Has relevent experience,no_enrollment,Graduate,STEM,3,1000-4999,Pvt Ltd,2,17,
city_90,0.698,Male,Has relevent experience,Full time course,Masters,STEM,18,50-99,Pvt Ltd,>4,48,1.0
city_16,0.91,Male,Has relevent experience,no_enrollment,Graduate,STEM,8,100-500,Pvt Ltd,>4,87,0.0
city_103,0.92,Male,Has relevent experience,no_enrollment,Graduate,Arts,10,,,>4,31,1.0
city_21,0.624,,No relevent experience,Full time course,Graduate,STEM,1,,,never,50,1.0
city_97,0.925,,Has relevent experience,no_enrollment,Graduate,STEM,11,10/49,Early Stage Startup,1,46,0.0
city_114,0.926,Male,No relevent experience,Full time course,Graduate,STEM,4,50-99,Funded Startup,1,23,0.0
city_152,0.698,Male,No relevent experience,no_enrollment,High School,,9,,,never,22,0.0
city_21,0.624,,No relevent experience,Full time course,Graduate,STEM,2,,,never,58,1.0
city_11,0.55,Male,No relevent experience,no_enrollment,Masters,Business Degree,4,,,4,39,1.0
city_152,0.698,Male,No relevent experience,Full time course,Graduate,STEM,5,,Pvt Ltd,never,12,1.0
city_77,0.83,Male,Has relevent experience,no_enrollment,,,8,50-99,Pvt Ltd,>4,25,0.0
city_136,0.897,Male,Has relevent experience,no_enrollment,Masters,STEM,>20,50-99,Pvt Ltd,1,95,0.0
city_103,0.92,Male,No relevent experience,Full time course,Graduate,Business Degree,3,10000+,Pvt Ltd,2,41,0.0
city_55,0.7390000000000001,,No relevent experience,Full time course,Graduate,STEM,<1,,,,78,0.0
city_21,0.624,,Has relevent experience,no_enrollment,Graduate,STEM,2,10000+,Pvt Ltd,never,112,
city_114,0.926,Male,Has relevent experience,no_enrollment,Graduate,Humanities,>20,<10,Pvt Ltd,>4,14,0.0
city_100,0.887,,No relevent experience,Full time course,Phd,STEM,>20,500-999,Public Sector,>4,106,
city_115,0.789,Male,Has relevent experience,no_enrollment,Graduate,STEM,14,10/49,Pvt Ltd,>4,42,1.0
city_100,0.887,,Has relevent experience,no_enrollment,Graduate,STEM,1,<10,Funded Startup,1,154,0.0
city_103,0.92,Other,Has relevent experience,no_enrollment,Graduate,STEM,4,,,1,150,1.0
city_67,0.855,Male,No relevent experience,Full time course,High School,,2,,Pvt Ltd,never,12,0.0
city_103,0.92,,Has relevent experience,no_enrollment,Graduate,STEM,15,10000+,,1,111,1.0
city_103,0.92,Male,No relevent experience,Full time course,Graduate,STEM,4,,,3,60,1.0
city_102,0.804,Male,Has relevent experience,no_enrollment,Graduate,No Major,10,100-500,,4,292,0.0
city_104,0.924,Male,Has relevent experience,no_enrollment,Graduate,STEM,9,10/49,Pvt Ltd,1,46,
city_21,0.624,,No relevent experience,no_enrollment,Graduate,STEM,1,10000+,Pvt Ltd,,131,1.0
city_21,0.624,Male,No relevent experience,,,,6,,Pvt Ltd,never,17,0.0
city_160,0.92,Male,No relevent experience,no_enrollment,Graduate,STEM,>20,100-500,NGO,1,7,0.0
city_16,0.91,Male,No relevent experience,no_enrollment,Masters,STEM,>20,10000+,,2,15,0.0
city_104,0.924,Male,Has relevent experience,no_enrollment,Graduate,Other,16,50-99,Pvt Ltd,>4,62,0.0
city_103,0.92,,No relevent experience,no_enrollment,High School,,6,,,never,28,0.0
city_114,0.926,Male,No relevent experience,Full time course,Masters,STEM,10,1000-4999,Public Sector,2,37,0.0
city_21,0.624,Male,Has relevent experience,no_enrollment,Graduate,STEM,5,,,2,55,1.0
city_36,0.893,,Has relevent experience,no_enrollment,High School,,>20,10000+,Pvt Ltd,>4,35,0.0
city_103,0.92,Male,Has relevent experience,no_enrollment,Graduate,Humanities,>20,,,1,2,
city_16,0.91,Male,No relevent experience,no_enrollment,High School,,2,,,never,17,0.0
city_21,0.624,,Has relevent experience,no_enrollment,Masters,STEM,16,10/49,Pvt Ltd,3,91,1.0
city_50,0.8959999999999999,Male,Has relevent experience,no_enrollment,Graduate,STEM,9,<10,Pvt Ltd,4,59,0.0
city_114,0.926,,No relevent experience,Full time course,Masters,STEM,8,10/49,Pvt Ltd,>4,9,1.0
city_21,0.624,,No relevent experience,Part time course,Graduate,STEM,1,10000+,Pvt Ltd,1,80,
city_75,0.939,Male,Has relevent experience,no_enrollment,Graduate,STEM,15,50-99,Pvt Ltd,>4,46,0.0
city_27,0.848,Male,Has relevent experience,no_enrollment,Graduate,STEM,<1,,,>4,139,
city_103,0.92,Male,Has relevent experience,no_enrollment,Graduate,STEM,4,50-99,Early Stage Startup,1,145,0.0
city_91,0.691,,No relevent experience,Full time course,High School,,3,,,never,3,1.0
city_16,0.91,Male,Has relevent experience,no_enrollment,Graduate,STEM,15,100-500,Funded Startup,1,16,0.0
city_103,0.92,Male,Has relevent experience,Full time course,Graduate,STEM,13,,,never,80,0.0
city_59,0.775,Male,Has relevent experience,Part time course,Graduate,STEM,10,1000-4999,Pvt Ltd,>4,14,1.0
city_26,0.698,Male,No relevent experience,Full time course,High School,,8,,,never,39,0.0
city_152,0.698,,Has relevent experience,no_enrollment,Graduate,STEM,>20,100-500,Pvt Ltd,>4,36,0.0
city_21,0.624,,Has relevent experience,Full time course,,,1,,,never,22,
city_103,0.92,Male,Has relevent experience,no_enrollment,Graduate,STEM,13,10000+,Pvt Ltd,1,172,0.0
city_103,0.92,Male,Has relevent experience,Part time course,Graduate,STEM,19,5000-9999,Pvt Ltd,>4,141,0.0
city_114,0.926,Male,Has relevent experience,no_enrollment,Masters,STEM,>20,10/49,Pvt Ltd,>4,53,
city_103,0.92,Male,Has relevent experience,no_enrollment,,,6,,,2,62,0.0
city_114,0.926,Male,Has relevent experience,no_enrollment,Graduate,STEM,16,50-99,Pvt Ltd,3,196,1.0
city_21,0.624,Male,Has relevent experience,no_enrollment,Graduate,STEM,5,1000-4999,Pvt Ltd,1,28,1.0
city_160,0.92,Female,Has relevent experience,Full time course,Graduate,STEM,5,100-500,Pvt Ltd,2,23,0.0
city_21,0.624,,Has relevent experience,no_enrollment,Masters,STEM,10,100-500,Pvt Ltd,>4,69,1.0
city_21,0.624,,No relevent experience,Full time course,Graduate,STEM,4,,,,160,0.0
city_159,0.843,Male,Has relevent experience,no_enrollment,Masters,STEM,11,100-500,Pvt Ltd,1,68,0.0
city_21,0.624,,No relevent experience,Full time course,Graduate,STEM,2,,,never,18,
city_103,0.92,Male,No relevent experience,Full time course,High School,,3,10000+,Pvt Ltd,1,30,0.0
city_97,0.925,Male,Has relevent experience,no_enrollment,Masters,STEM,9,500-999,Pvt Ltd,>4,272,0.0
city_136,0.897,Male,Has relevent experience,no_enrollment,Graduate,STEM,7,<10,Pvt Ltd,3,27,0.0
city_136,0.897,Male,Has relevent experience,no_enrollment,Masters,Other,12,50-99,Funded Startup,1,256,0.0
city_103,0.92,Male,Has relevent experience,no_enrollment,Graduate,STEM,>20,10000+,Pvt Ltd,1,48,0.0
city_21,0.624,,Has relevent experience,no_enrollment,Graduate,STEM,4,<10,Pvt Ltd,2,36,1.0
city_61,0.913,Male,Has relevent experience,no_enrollment,Masters,STEM,17,1000-4999,Pvt Ltd,3,54,0.0
city_98,0.949,,Has relevent experience,no_enrollment,Graduate,STEM,>20,50-99,Pvt Ltd,>4,168,0.0
city_16,0.91,Male,No relevent experience,Full time course,Graduate,STEM,8,,,1,52,1.0
city_67,0.855,Male,Has relevent experience,no_enrollment,Masters,STEM,3,50-99,Early Stage Startup,2,23,0.0
city_114,0.926,Other,No relevent experience,no_enrollment,Graduate,STEM,11,50-99,Pvt Ltd,1,139,0.0
city_21,0.624,Male,No relevent experience,Full time course,High School,,3,,,1,97,0.0
city_21,0.624,Male,Has relevent experience,no_enrollment,Graduate,STEM,15,1000-4999,Pvt Ltd,>4,56,0.0
city_106,0.698,,Has relevent experience,no_enrollment,Phd,STEM,>20,,,never,5,0.0
city_16,0.91,Male,No relevent experience,no_enrollment,Phd,STEM,>20,500-999,Public Sector,>4,27,0.0
city_97,0.925,Male,Has relevent experience,no_enrollment,Graduate,STEM,>20,,,>4,50,0.0
city_149,0.6890000000000001,Male,No relevent experience,no_enrollment,Graduate,STEM,5,,,never,34,0.0
city_136,0.897,Male,Has relevent experience,Part time course,Graduate,Other,1,50-99,,1,222,0.0
city_103,0.92,Female,Has relevent experience,no_enrollment,Graduate,STEM,12,5000-9999,Pvt Ltd,4,54,0.0
city_114,0.926,Male,Has relevent experience,no_enrollment,Masters,STEM,8,50-99,Pvt Ltd,2,70,0.0
city_160,0.92,Male,Has relevent experience,no_enrollment,Graduate,STEM,13,500-999,Pvt Ltd,1,20,
city_114,0.926,Male,Has relevent experience,no_enrollment,Graduate,STEM,>20,,,>4,92,0.0
city_55,0.7390000000000001,Male,Has relevent experience,no_enrollment,Graduate,STEM,>20,<10,Pvt Ltd,>4,44,0.0
city_37,0.794,Male,Has relevent experience,Full time course,Graduate,STEM,14,,,1,100,0.0
city_21,0.624,Male,Has relevent experience,no_enrollment,Graduate,STEM,4,,Pvt Ltd,1,84,0.0
city_103,0.92,Male,No relevent experience,no_enrollment,Graduate,Business Degree,7,100-500,Funded Startup,1,39,0.0
city_103,0.92,,Has relevent experience,no_enrollment,Masters,STEM,18,500-999,Pvt Ltd,>4,58,1.0
city_175,0.7759999999999999,Male,No relevent experience,no_enrollment,Phd,STEM,>20,,,never,114,0.0
city_103,0.92,Male,No relevent experience,Full time course,Graduate,STEM,2,50-99,Pvt Ltd,1,48,0.0
city_103,0.92,Female,Has relevent experience,no_enrollment,Graduate,STEM,11,500-999,Pvt Ltd,1,50,
city_21,0.624,Male,No relevent experience,Part time course,High School,,2,,,never,12,
city_103,0.92,Male,Has relevent experience,no_enrollment,Graduate,Humanities,>20,100-500,Pvt Ltd,>4,94,0.0
city_46,0.762,Male,Has relevent experience,no_enrollment,Graduate,STEM,17,,,2,17,1.0
city_10,0.895,Male,Has relevent experience,Full time course,Graduate,STEM,4,100-500,Public Sector,2,26,0.0
city_67,0.855,Female,Has relevent experience,Full time course,Graduate,STEM,5,,,1,158,1.0
city_21,0.624,Male,Has relevent experience,no_enrollment,Graduate,STEM,13,10000+,Pvt Ltd,>4,40,0.0
city_21,0.624,,Has relevent experience,no_enrollment,Graduate,STEM,3,10/49,Pvt Ltd,1,66,1.0
city_90,0.698,Male,No relevent experience,Full time course,Graduate,STEM,9,,,1,286,1.0
city_103,0.92,Male,Has relevent experience,no_enrollment,Graduate,STEM,13,50-99,Pvt Ltd,4,84,0.0
city_67,0.855,,Has relevent experience,no_enrollment,Masters,STEM,14,,,2,36,
city_114,0.926,Male,Has relevent experience,no_enrollment,Masters,Humanities,<1,50-99,Pvt Ltd,1,4,0.0
city_165,0.903,Male,Has relevent experience,no_enrollment,Phd,STEM,14,100-500,Pvt Ltd,>4,61,
city_11,0.55,,Has relevent experience,no_enrollment,Masters,STEM,18,,,1,268,1.0
city_114,0.926,Male,Has relevent experience,no_enrollment,Masters,STEM,>20,100-500,Pvt Ltd,>4,69,0.0
city_128,0.527,Male,No relevent experience,Full time course,High School,,<1,,,never,2,1.0
city_149,0.6890000000000001,Male,Has relevent experience,no_enrollment,Graduate,STEM,12,10/49,Early Stage Startup,1,84,0.0
city_33,0.4479999999999999,Male,No relevent experience,no_enrollment,Graduate,STEM,4,10/49,Public Sector,1,44,1.0
city_103,0.92,Male,Has relevent experience,no_enrollment,Masters,STEM,11,50-99,Early Stage Startup,never,314,0.0
city_100,0.887,,No relevent experience,Part time course,Graduate,STEM,>20,,,2,12,1.0
city_160,0.92,,Has relevent experience,no_enrollment,Graduate,STEM,4,50-99,Pvt Ltd,1,103,0.0
city_21,0.624,,Has relevent experience,no_enrollment,Masters,STEM,3,100-500,Pvt Ltd,1,9,1.0
city_90,0.698,Male,Has relevent experience,Full time course,Masters,STEM,15,,,1,100,0.0
city_74,0.579,Male,Has relevent experience,no_enrollment,Graduate,STEM,6,50-99,Pvt Ltd,4,27,1.0
city_40,0.7759999999999999,,Has relevent experience,Part time course,Graduate,STEM,7,,,1,54,
city_21,0.624,Male,Has relevent experience,,Graduate,STEM,3,10/49,Early Stage Startup,1,21,1.0
city_67,0.855,Male,Has relevent experience,no_enrollment,Masters,STEM,12,1000-4999,Pvt Ltd,>4,50,0.0
city_160,0.92,Male,Has relevent experience,no_enrollment,High School,,12,100-500,Public Sector,4,88,0.0
city_103,0.92,Male,No relevent experience,no_enrollment,Graduate,STEM,<1,,,1,44,1.0
city_21,0.624,Male,No relevent experience,Full time course,Graduate,STEM,<1,,,never,226,1.0
city_16,0.91,Male,Has relevent experience,no_enrollment,Graduate,STEM,8,1000-4999,Pvt Ltd,>4,55,0.0
city_16,0.91,,Has relevent experience,no_enrollment,Masters,Humanities,4,100-500,Pvt Ltd,2,154,0.0
city_102,0.804,,Has relevent experience,no_enrollment,Masters,STEM,12,5000-9999,Pvt Ltd,1,111,0.0
city_138,0.836,Male,Has relevent experience,no_enrollment,Primary School,,11,,,2,13,0.0
city_114,0.926,Male,Has relevent experience,no_enrollment,Masters,STEM,>20,10000+,Pvt Ltd,>4,109,0.0
city_138,0.836,Male,No relevent experience,no_enrollment,Graduate,STEM,10,,,1,42,0.0
city_104,0.924,Male,Has relevent experience,no_enrollment,Phd,STEM,>20,10000+,Pvt Ltd,1,140,0.0
city_103,0.92,Male,Has relevent experience,no_enrollment,Graduate,Arts,5,1000-4999,Pvt Ltd,2,18,0.0
city_103,0.92,,No relevent experience,no_enrollment,,,2,,,never,17,0.0
city_74,0.579,,Has relevent experience,no_enrollment,Graduate,STEM,7,100-500,Pvt Ltd,1,9,0.0
city_16,0.91,Male,Has relevent experience,no_enrollment,Graduate,STEM,>20,100-500,Pvt Ltd,>4,62,0.0
city_165,0.903,,Has relevent experience,no_enrollment,Masters,STEM,10,100-500,,never,76,0.0
city_103,0.92,,Has relevent experience,no_enrollment,Graduate,STEM,>20,,,2,110,1.0
city_104,0.924,Male,No relevent experience,Full time course,High School,,5,,,2,25,0.0
city_21,0.624,Male,No relevent experience,,Masters,STEM,8,50-99,NGO,1,18,0.0
city_103,0.92,,No relevent experience,no_enrollment,Graduate,STEM,4,,,2,92,1.0
city_16,0.91,Male,Has relevent experience,Part time course,Graduate,STEM,>20,100-500,Pvt Ltd,2,56,
city_67,0.855,Male,Has relevent experience,no_enrollment,High School,,10,<10,Pvt Ltd,1,145,0.0
city_45,0.89,Male,Has relevent experience,Part time course,High School,,15,1000-4999,Pvt Ltd,>4,15,0.0
city_103,0.92,Male,Has relevent experience,no_enrollment,Masters,STEM,16,100-500,Pvt Ltd,2,24,1.0
city_16,0.91,Male,Has relevent experience,no_enrollment,Masters,STEM,>20,50-99,Pvt Ltd,1,14,0.0
city_157,0.769,Male,Has relevent experience,no_enrollment,Graduate,STEM,9,100-500,NGO,>4,35,1.0
city_26,0.698,Male,Has relevent experience,,Graduate,STEM,14,50-99,Pvt Ltd,2,32,0.0
city_114,0.926,Male,Has relevent experience,Part time course,Graduate,STEM,5,50-99,Pvt Ltd,1,11,0.0
city_103,0.92,Male,Has relevent experience,no_enrollment,Graduate,STEM,14,,,3,21,1.0
city_102,0.804,Male,Has relevent experience,no_enrollment,Masters,STEM,>20,50-99,Pvt Ltd,>4,7,0.0
city_103,0.92,Male,Has relevent experience,no_enrollment,Graduate,STEM,12,,,3,12,1.0
city_103,0.92,,Has relevent experience,no_enrollment,Masters,STEM,12,100-500,Funded Startup,1,48,
city_155,0.556,,Has relevent experience,,Graduate,STEM,3,50-99,Pvt Ltd,1,50,1.0
city_97,0.925,,No relevent experience,,,,4,,,,53,0.0
city_57,0.866,Male,Has relevent experience,no_enrollment,Graduate,STEM,>20,,,>4,222,0.0
city_67,0.855,Male,Has relevent experience,no_enrollment,Masters,STEM,10,<10,Early Stage Startup,1,12,0.0
city_103,0.92,,Has relevent experience,no_enrollment,Graduate,STEM,>20,100-500,Pvt Ltd,3,9,0.0
city_136,0.897,,Has relevent experience,no_enrollment,Masters,STEM,8,5000-9999,NGO,1,102,0.0
city_23,0.899,Male,No relevent experience,no_enrollment,Graduate,STEM,9,1000-4999,Pvt Ltd,1,41,0.0
city_173,0.878,Male,Has relevent experience,Full time course,Graduate,STEM,7,10/49,Pvt Ltd,1,37,1.0
city_103,0.92,Male,No relevent experience,Full time course,High School,,2,,,1,9,0.0
city_103,0.92,Female,No relevent experience,Part time course,Graduate,STEM,2,50-99,Funded Startup,1,35,
city_57,0.866,Male,Has relevent experience,no_enrollment,Graduate,STEM,>20,<10,Pvt Ltd,3,15,0.0
city_103,0.92,Male,No relevent experience,no_enrollment,Graduate,STEM,>20,10/49,Pvt Ltd,4,124,0.0
city_103,0.92,Male,Has relevent experience,no_enrollment,Graduate,STEM,12,10000+,Pvt Ltd,>4,7,0.0
city_90,0.698,,No relevent experience,no_enrollment,Masters,STEM,8,50-99,,4,4,0.0
city_114,0.926,Female,Has relevent experience,no_enrollment,High School,,6,500-999,Pvt Ltd,never,23,0.0
city_133,0.742,,Has relevent experience,Part time course,Graduate,STEM,10,100-500,Pvt Ltd,1,7,0.0
city_103,0.92,Male,Has relevent experience,no_enrollment,Graduate,STEM,>20,50-99,Pvt Ltd,>4,292,
city_21,0.624,Male,Has relevent experience,Full time course,Graduate,STEM,2,<10,Pvt Ltd,1,5,
city_103,0.92,Male,Has relevent experience,no_enrollment,Graduate,STEM,>20,50-99,NGO,3,45,0.0
city_114,0.926,Male,No relevent experience,Full time course,High School,,3,,,1,116,0.0
city_21,0.624,Male,No relevent experience,Full time course,High School,,5,,Pvt Ltd,never,14,1.0
city_21,0.624,Male,Has relevent experience,no_enrollment,Graduate,STEM,3,10000+,Pvt Ltd,1,43,1.0
city_114,0.926,Male,Has relevent experience,no_enrollment,Masters,STEM,11,10000+,Pvt Ltd,>4,78,0.0
city_160,0.92,,Has relevent experience,Part time course,Graduate,STEM,>20,100-500,Pvt Ltd,1,138,0.0
city_114,0.926,Male,Has relevent experience,no_enrollment,Graduate,STEM,>20,,,>4,114,0.0
city_160,0.92,,Has relevent experience,no_enrollment,Masters,STEM,>20,,,1,12,1.0
city_99,0.915,Male,Has relevent experience,no_enrollment,Graduate,STEM,6,50-99,Pvt Ltd,1,104,0.0
city_103,0.92,Male,Has relevent experience,no_enrollment,Graduate,STEM,17,50-99,Pvt Ltd,1,34,0.0
city_103,0.92,Male,Has relevent experience,no_enrollment,Graduate,STEM,13,100-500,Pvt Ltd,4,32,0.0
city_176,0.764,,Has relevent experience,Part time course,Graduate,STEM,11,,,1,24,1.0
city_16,0.91,Male,Has relevent experience,no_enrollment,Masters,STEM,>20,50-99,Pvt Ltd,>4,24,1.0
city_90,0.698,,No relevent experience,no_enrollment,Masters,STEM,1,10/49,Pvt Ltd,1,47,0.0
city_160,0.92,Male,Has relevent experience,no_enrollment,Graduate,STEM,11,10/49,,1,9,0.0
city_114,0.926,,Has relevent experience,no_enrollment,Masters,STEM,14,5000-9999,Pvt Ltd,>4,44,
city_105,0.794,Male,No relevent experience,no_enrollment,Graduate,No Major,2,,,1,7,1.0
city_16,0.91,,No relevent experience,no_enrollment,High School,,<1,10000+,Pvt Ltd,3,39,0.0
city_155,0.556,Male,No relevent experience,Full time course,Graduate,STEM,2,,,,29,
city_114,0.926,,Has relevent experience,Full time course,Phd,STEM,2,10000+,Pvt Ltd,never,47,0.0
city_103,0.92,,Has relevent experience,no_enrollment,Graduate,STEM,19,50-99,Pvt Ltd,4,29,0.0
city_21,0.624,,Has relevent experience,no_enrollment,Graduate,STEM,4,50-99,Pvt Ltd,1,140,0.0
city_21,0.624,Male,Has relevent experience,no_enrollment,Graduate,STEM,6,50-99,,1,101,0.0
city_114,0.926,Male,No relevent experience,no_enrollment,Graduate,STEM,10,50-99,Pvt Ltd,3,150,0.0
city_114,0.926,Other,No relevent experience,no_enrollment,Masters,STEM,7,10000+,Pvt Ltd,1,48,0.0
city_21,0.624,Male,No relevent experience,,Graduate,Other,2,10/49,NGO,2,48,1.0
city_103,0.92,Male,No relevent experience,Full time course,Masters,STEM,16,,,never,96,
city_16,0.91,Male,No relevent experience,Full time course,Graduate,STEM,4,,,never,86,0.0
city_67,0.855,Male,No relevent experience,no_enrollment,Graduate,STEM,>20,,,>4,13,0.0
city_175,0.7759999999999999,Male,No relevent experience,Full time course,Graduate,STEM,3,100-500,Pvt Ltd,1,41,0.0
city_160,0.92,Female,Has relevent experience,no_enrollment,Graduate,STEM,17,10000+,Pvt Ltd,>4,14,0.0
city_16,0.91,Male,Has relevent experience,no_enrollment,High School,,5,<10,Early Stage Startup,1,98,1.0
city_16,0.91,Male,Has relevent experience,no_enrollment,Graduate,STEM,14,1000-4999,Pvt Ltd,2,19,0.0
city_103,0.92,Male,Has relevent experience,no_enrollment,Graduate,STEM,>20,,,2,48,1.0
city_19,0.682,Male,No relevent experience,Full time course,Graduate,STEM,2,,,1,68,1.0
city_103,0.92,,Has relevent experience,no_enrollment,Masters,STEM,10,10000+,Pvt Ltd,1,56,0.0
city_21,0.624,Male,Has relevent experience,no_enrollment,Graduate,STEM,3,50-99,Pvt Ltd,2,84,1.0
city_70,0.698,,Has relevent experience,no_enrollment,Graduate,STEM,15,,,2,44,0.0
city_102,0.804,Male,Has relevent experience,no_enrollment,Phd,STEM,19,,,never,11,0.0
city_75,0.939,,No relevent experience,Full time course,Masters,STEM,18,10000+,Pvt Ltd,4,12,0.0
city_103,0.92,Male,Has relevent experience,no_enrollment,Graduate,STEM,16,10000+,Pvt Ltd,1,17,0.0
city_21,0.624,,No relevent experience,no_enrollment,Graduate,STEM,4,,,2,34,1.0
city_114,0.926,Male,No relevent experience,Full time course,Masters,STEM,19,,,>4,13,1.0
city_114,0.926,Male,No relevent experience,Full time course,Graduate,STEM,4,50-99,Pvt Ltd,1,44,0.0
city_103,0.92,Male,Has relevent experience,no_enrollment,Masters,Other,9,50-99,Pvt Ltd,2,8,0.0
city_103,0.92,,Has relevent experience,no_enrollment,Masters,Business Degree,20,,,>4,14,1.0
city_114,0.926,Male,Has relevent experience,no_enrollment,Graduate,STEM,>20,<10,Pvt Ltd,1,24,0.0
city_103,0.92,Male,Has relevent experience,no_enrollment,Graduate,STEM,20,,,>4,26,1.0
city_114,0.926,Male,Has relevent experience,no_enrollment,Graduate,STEM,9,1000-4999,Pvt Ltd,>4,78,0.0
city_103,0.92,Male,No relevent experience,Full time course,Graduate,STEM,5,1000-4999,Pvt Ltd,>4,39,0.0
city_16,0.91,Other,No relevent experience,Full time course,Graduate,STEM,8,,,1,53,1.0
city_21,0.624,Male,Has relevent experience,Full time course,Masters,STEM,10,50-99,Pvt Ltd,2,61,1.0
city_100,0.887,Male,No relevent experience,no_enrollment,Graduate,STEM,9,,,1,78,
city_103,0.92,Male,No relevent experience,Full time course,Graduate,STEM,1,10/49,Public Sector,1,16,1.0
city_21,0.624,Male,Has relevent experience,no_enrollment,Graduate,STEM,2,10/49,Early Stage Startup,1,28,0.0
city_114,0.926,,Has relevent experience,Full time course,High School,,7,,,2,82,0.0
city_65,0.802,Male,Has relevent experience,no_enrollment,Graduate,STEM,19,50-99,Pvt Ltd,>4,87,0.0
city_114,0.926,Male,Has relevent experience,no_enrollment,Graduate,STEM,>20,10000+,Pvt Ltd,>4,78,0.0
city_103,0.92,Male,Has relevent experience,no_enrollment,Graduate,STEM,>20,,,1,26,1.0
city_16,0.91,Male,Has relevent experience,no_enrollment,,,>20,,,2,300,0.0
city_7,0.647,,No relevent experience,Full time course,Masters,STEM,5,,,never,7,1.0
city_73,0.754,Male,No relevent experience,no_enrollment,Graduate,STEM,3,10000+,Pvt Ltd,1,96,0.0
city_103,0.92,Male,Has relevent experience,no_enrollment,Masters,STEM,2,100-500,Pvt Ltd,1,22,1.0
city_61,0.913,Male,Has relevent experience,Part time course,Graduate,STEM,7,100-500,Pvt Ltd,1,18,0.0
city_160,0.92,Male,Has relevent experience,no_enrollment,Graduate,STEM,16,5000-9999,Public Sector,>4,77,0.0
city_73,0.754,Male,Has relevent experience,no_enrollment,Masters,STEM,19,100-500,Pvt Ltd,>4,74,0.0
city_136,0.897,Male,No relevent experience,no_enrollment,Graduate,STEM,1,,,1,18,
city_21,0.624,Male,No relevent experience,Part time course,Graduate,STEM,2,10/49,Early Stage Startup,2,20,0.0
city_73,0.754,,Has relevent experience,no_enrollment,Graduate,STEM,7,1000-4999,Pvt Ltd,1,22,0.0
city_103,0.92,,Has relevent experience,no_enrollment,Graduate,STEM,>20,10/49,Other,>4,31,0.0
city_67,0.855,Male,Has relevent experience,Full time course,Graduate,STEM,11,10/49,,1,106,
city_100,0.887,Female,Has relevent experience,no_enrollment,Graduate,STEM,12,10/49,Pvt Ltd,1,100,0.0
city_103,0.92,,No relevent experience,no_enrollment,Graduate,STEM,4,50-99,Pvt Ltd,4,130,0.0
city_134,0.698,Male,Has relevent experience,no_enrollment,Masters,STEM,15,1000-4999,Pvt Ltd,>4,128,0.0
city_103,0.92,Male,Has relevent experience,no_enrollment,Phd,STEM,9,100-500,Funded Startup,1,40,0.0
city_67,0.855,Male,Has relevent experience,no_enrollment,Masters,STEM,>20,1000-4999,Pvt Ltd,2,3,0.0
city_103,0.92,,Has relevent experience,no_enrollment,Graduate,Humanities,13,500-999,Pvt Ltd,2,143,0.0
city_103,0.92,Male,Has relevent experience,no_enrollment,Graduate,Arts,4,,,never,98,1.0
city_21,0.624,Female,Has relevent experience,Part time course,Graduate,STEM,4,,,1,56,0.0
city_67,0.855,Male,No relevent experience,no_enrollment,Masters,STEM,14,<10,Pvt Ltd,1,34,0.0
city_21,0.624,Male,Has relevent experience,no_enrollment,Masters,STEM,7,100-500,Pvt Ltd,4,104,1.0
city_16,0.91,Male,Has relevent experience,no_enrollment,Graduate,STEM,10,10/49,Pvt Ltd,2,91,0.0
city_116,0.743,,Has relevent experience,no_enrollment,Graduate,No Major,7,,,,68,1.0
city_16,0.91,,Has relevent experience,no_enrollment,Masters,STEM,>20,100-500,NGO,4,65,1.0
city_67,0.855,Male,Has relevent experience,no_enrollment,,,>20,,,1,108,0.0
city_99,0.915,,No relevent experience,no_enrollment,Graduate,STEM,9,100-500,Pvt Ltd,1,25,0.0
city_16,0.91,Male,Has relevent experience,no_enrollment,High School,,10,,,4,38,0.0
city_114,0.926,Male,Has relevent experience,no_enrollment,Graduate,STEM,12,100-500,Pvt Ltd,2,92,0.0
city_28,0.939,Male,Has relevent experience,no_enrollment,Graduate,STEM,11,10/49,Pvt Ltd,4,13,
city_160,0.92,Male,Has relevent experience,no_enrollment,Graduate,STEM,15,,,2,112,1.0
city_160,0.92,Male,No relevent experience,no_enrollment,Graduate,STEM,17,,,2,12,0.0
city_69,0.856,,Has relevent experience,no_enrollment,Graduate,STEM,10,50-99,Pvt Ltd,1,88,0.0
city_75,0.939,Male,Has relevent experience,no_enrollment,Graduate,Business Degree,>20,500-999,Pvt Ltd,never,55,0.0
city_16,0.91,Male,No relevent experience,no_enrollment,Primary School,,3,,,never,48,0.0
city_21,0.624,Male,No relevent experience,Full time course,Graduate,STEM,3,,,never,38,1.0
city_36,0.893,Male,Has relevent experience,Part time course,Graduate,STEM,13,1000-4999,Pvt Ltd,2,10,0.0
city_16,0.91,Male,No relevent experience,Full time course,High School,,6,,,never,96,0.0
city_21,0.624,,Has relevent experience,no_enrollment,,,3,10/49,Early Stage Startup,1,53,1.0
city_158,0.7659999999999999,,Has relevent experience,no_enrollment,Graduate,STEM,15,50-99,Pvt Ltd,>4,97,1.0
city_114,0.926,Male,Has relevent experience,no_enrollment,Graduate,STEM,9,<10,Pvt Ltd,1,20,0.0
city_21,0.624,Male,Has relevent experience,no_enrollment,Graduate,STEM,13,10/49,Pvt Ltd,3,42,1.0
city_71,0.884,Male,Has relevent experience,no_enrollment,Phd,STEM,>20,10/49,Funded Startup,>4,58,0.0
city_36,0.893,Male,Has relevent experience,Full time course,Graduate,STEM,10,100-500,Public Sector,1,155,0.0
city_21,0.624,Male,Has relevent experience,no_enrollment,Masters,STEM,17,10/49,Pvt Ltd,1,48,1.0
city_103,0.92,Male,Has relevent experience,no_enrollment,Graduate,STEM,5,10/49,Pvt Ltd,4,156,1.0
city_136,0.897,Male,Has relevent experience,no_enrollment,Phd,STEM,14,<10,Early Stage Startup,1,7,
city_103,0.92,Male,No relevent experience,Full time course,Masters,STEM,7,,,3,168,0.0
city_27,0.848,Male,No relevent experience,no_enrollment,Graduate,STEM,>20,,,1,54,1.0
city_114,0.926,Male,Has relevent experience,no_enrollment,Graduate,No Major,5,1000-4999,Pvt Ltd,never,86,0.0
city_103,0.92,Male,Has relevent experience,no_enrollment,Graduate,STEM,>20,1000-4999,Public Sector,>4,33,0.0
city_98,0.949,Male,Has relevent experience,no_enrollment,Masters,STEM,9,100-500,Pvt Ltd,2,29,0.0
city_54,0.856,,Has relevent experience,no_enrollment,Graduate,STEM,2,,,1,32,1.0
city_114,0.926,Male,Has relevent experience,no_enrollment,Masters,STEM,13,100-500,Pvt Ltd,1,107,
city_103,0.92,Male,Has relevent experience,no_enrollment,Graduate,STEM,>20,100-500,Pvt Ltd,>4,28,0.0
city_13,0.8270000000000001,,No relevent experience,no_enrollment,,,2,,,never,15,0.0
city_103,0.92,Male,Has relevent experience,no_enrollment,Graduate,Humanities,5,,,1,42,1.0
city_114,0.926,Male,Has relevent experience,no_enrollment,Masters,STEM,9,<10,Pvt Ltd,1,6,0.0
city_103,0.92,Male,Has relevent experience,no_enrollment,Graduate,STEM,>20,,,4,44,1.0
city_50,0.8959999999999999,Male,Has relevent experience,no_enrollment,Graduate,Arts,>20,,,1,30,0.0
city_114,0.926,Male,No relevent experience,no_enrollment,Phd,STEM,>20,,,>4,31,1.0
city_19,0.682,,No relevent experience,Full time course,Graduate,STEM,3,,,,78,0.0
city_64,0.6659999999999999,Male,Has relevent experience,no_enrollment,Graduate,STEM,17,5000-9999,Pvt Ltd,1,111,0.0
city_45,0.89,Male,Has relevent experience,no_enrollment,High School,,>20,<10,Early Stage Startup,2,148,0.0
city_28,0.939,Other,No relevent experience,no_enrollment,High School,,4,50-99,,2,12,0.0
city_71,0.884,,Has relevent experience,no_enrollment,Graduate,STEM,6,10/49,Early Stage Startup,1,89,0.0
city_114,0.926,,No relevent experience,Full time course,High School,,6,,,never,11,0.0
city_173,0.878,Male,No relevent experience,Part time course,Graduate,STEM,10,10/49,Early Stage Startup,1,25,0.0
city_67,0.855,Male,Has relevent experience,no_enrollment,Graduate,STEM,4,50-99,Public Sector,3,158,0.0
city_11,0.55,,Has relevent experience,Part time course,Graduate,STEM,6,,,2,16,1.0
city_16,0.91,Male,Has relevent experience,no_enrollment,High School,,>20,10/49,Pvt Ltd,1,56,
city_67,0.855,Female,Has relevent experience,Full time course,Graduate,STEM,5,50-99,,1,90,0.0
city_116,0.743,Male,Has relevent experience,Part time course,Graduate,STEM,8,50-99,Pvt Ltd,1,88,0.0
city_16,0.91,Female,No relevent experience,no_enrollment,Phd,STEM,19,1000-4999,NGO,1,64,
city_103,0.92,Male,Has relevent experience,no_enrollment,Graduate,STEM,6,50-99,Pvt Ltd,4,8,0.0
city_105,0.794,Male,Has relevent experience,no_enrollment,Graduate,Business Degree,14,100-500,Pvt Ltd,1,15,
city_103,0.92,Male,Has relevent experience,no_enrollment,Graduate,STEM,4,10/49,Pvt Ltd,3,29,1.0
city_103,0.92,,Has relevent experience,Full time course,Graduate,STEM,14,10000+,Pvt Ltd,1,37,1.0
city_160,0.92,,Has relevent experience,no_enrollment,,,>20,,,1,72,
city_45,0.89,Male,Has relevent experience,no_enrollment,Masters,Business Degree,16,1000-4999,Pvt Ltd,1,50,0.0
city_16,0.91,Male,Has relevent experience,no_enrollment,Graduate,STEM,12,50-99,Pvt Ltd,>4,41,0.0
city_104,0.924,,Has relevent experience,no_enrollment,Masters,STEM,3,<10,,1,28,0.0
city_160,0.92,Male,Has relevent experience,no_enrollment,Graduate,STEM,6,100-500,Pvt Ltd,1,100,0.0
city_103,0.92,Male,Has relevent experience,no_enrollment,Graduate,STEM,9,500-999,Pvt Ltd,2,35,0.0
city_65,0.802,,Has relevent experience,Full time course,Graduate,STEM,16,500-999,Pvt Ltd,>4,48,0.0
city_160,0.92,Male,Has relevent experience,no_enrollment,Graduate,STEM,13,<10,Early Stage Startup,2,55,0.0
city_21,0.624,,Has relevent experience,no_enrollment,Graduate,STEM,2,5000-9999,Pvt Ltd,2,7,0.0
city_103,0.92,Male,Has relevent experience,no_enrollment,Masters,STEM,14,10000+,Pvt Ltd,4,31,0.0
city_16,0.91,Male,Has relevent experience,no_enrollment,Masters,STEM,14,<10,Funded Startup,1,42,0.0
city_75,0.939,Male,Has relevent experience,no_enrollment,High School,,4,10000+,Public Sector,2,42,0.0
city_102,0.804,Male,No relevent experience,no_enrollment,Graduate,STEM,3,100-500,Pvt Ltd,2,13,0.0
city_27,0.848,Male,Has relevent experience,no_enrollment,Masters,STEM,15,10/49,Early Stage Startup,1,31,0.0
city_21,0.624,,Has relevent experience,Part time course,Masters,STEM,3,500-999,Pvt Ltd,1,55,1.0
city_16,0.91,,Has relevent experience,no_enrollment,Graduate,STEM,7,1000-4999,NGO,1,21,0.0
city_103,0.92,Male,Has relevent experience,no_enrollment,Graduate,STEM,>20,500-999,,1,16,
city_103,0.92,,Has relevent experience,Full time course,Graduate,STEM,5,1000-4999,NGO,1,54,0.0
city_21,0.624,Male,Has relevent experience,no_enrollment,Graduate,STEM,12,1000-4999,Pvt Ltd,2,17,0.0
city_103,0.92,Male,No relevent experience,Full time course,Graduate,Business Degree,2,100-500,Pvt Ltd,1,43,0.0
city_103,0.92,Male,Has relevent experience,no_enrollment,Graduate,STEM,10,1000-4999,Pvt Ltd,2,23,0.0
city_103,0.92,Male,Has relevent experience,no_enrollment,Graduate,STEM,2,10/49,Pvt Ltd,1,29,0.0
city_16,0.91,Male,Has relevent experience,no_enrollment,Masters,STEM,8,100-500,Pvt Ltd,1,10,0.0
city_103,0.92,Male,Has relevent experience,no_enrollment,Masters,STEM,>20,100-500,Pvt Ltd,1,28,0.0
city_123,0.738,Male,Has relevent experience,Full time course,Graduate,STEM,3,10000+,Pvt Ltd,1,24,0.0
city_50,0.8959999999999999,Male,No relevent experience,no_enrollment,Graduate,STEM,>20,50-99,Pvt Ltd,never,72,0.0
city_57,0.866,Male,Has relevent experience,Full time course,Masters,STEM,13,100-500,,2,19,0.0
city_75,0.939,Female,Has relevent experience,no_enrollment,Graduate,STEM,2,10/49,Pvt Ltd,1,40,0.0
city_28,0.939,Male,Has relevent experience,no_enrollment,Masters,STEM,>20,,,never,50,0.0
city_103,0.92,Male,Has relevent experience,no_enrollment,Graduate,STEM,7,50-99,Pvt Ltd,1,65,0.0
city_21,0.624,Female,No relevent experience,no_enrollment,Masters,STEM,5,50-99,Pvt Ltd,never,23,0.0
city_21,0.624,Male,No relevent experience,Full time course,High School,,1,<10,Pvt Ltd,1,64,0.0
city_75,0.939,Male,Has relevent experience,no_enrollment,Graduate,STEM,>20,50-99,Pvt Ltd,2,160,0.0
city_103,0.92,,Has relevent experience,,Graduate,Humanities,>20,,,1,258,0.0
city_57,0.866,Male,Has relevent experience,no_enrollment,Graduate,STEM,16,,,1,99,
city_16,0.91,Male,Has relevent experience,Full time course,Graduate,STEM,6,<10,Pvt Ltd,>4,14,0.0
city_16,0.91,,No relevent experience,no_enrollment,,,20,,,2,68,0.0
city_16,0.91,Male,No relevent experience,Full time course,Graduate,STEM,5,,,1,43,1.0
city_103,0.92,Female,No relevent experience,Full time course,Phd,STEM,7,,NGO,never,89,
city_100,0.887,Male,No relevent experience,no_enrollment,High School,,2,,,1,40,0.0
city_103,0.92,Male,Has relevent experience,no_enrollment,Graduate,STEM,>20,50-99,Pvt Ltd,4,128,0.0
city_18,0.8240000000000001,Male,Has relevent experience,no_enrollment,Graduate,STEM,10,<10,Early Stage Startup,1,91,0.0
city_103,0.92,,No relevent experience,Full time course,Graduate,STEM,<1,,,,2,0.0
city_16,0.91,Male,Has relevent experience,no_enrollment,Graduate,STEM,20,50-99,Pvt Ltd,1,103,0.0
city_90,0.698,,No relevent experience,no_enrollment,Graduate,STEM,20,,,never,133,
city_103,0.92,Female,Has relevent experience,no_enrollment,Graduate,STEM,<1,50-99,Pvt Ltd,1,110,0.0
city_16,0.91,Male,Has relevent experience,no_enrollment,Graduate,STEM,>20,10000+,Public Sector,>4,94,0.0
city_103,0.92,,Has relevent experience,no_enrollment,Graduate,STEM,5,100-500,Pvt Ltd,2,134,
city_21,0.624,Female,Has relevent experience,Full time course,Masters,STEM,<1,<10,Pvt Ltd,1,29,1.0
city_160,0.92,Male,Has relevent experience,no_enrollment,Graduate,Arts,8,500-999,Pvt Ltd,1,12,0.0
city_136,0.897,Male,No relevent experience,Full time course,Graduate,STEM,7,,,never,34,0.0
city_114,0.926,Male,No relevent experience,Full time course,High School,,6,,Pvt Ltd,1,37,0.0
city_14,0.698,Male,Has relevent experience,no_enrollment,Graduate,STEM,2,100-500,Pvt Ltd,1,10,0.0
city_71,0.884,Male,No relevent experience,no_enrollment,Graduate,STEM,>20,100-500,Pvt Ltd,>4,20,0.0
city_16,0.91,Male,Has relevent experience,no_enrollment,Graduate,Other,6,100-500,Funded Startup,1,38,0.0
city_103,0.92,Male,No relevent experience,Full time course,Graduate,STEM,5,,,2,43,1.0
city_16,0.91,Male,Has relevent experience,no_enrollment,Graduate,STEM,>20,500-999,Pvt Ltd,>4,12,0.0
city_136,0.897,,Has relevent experience,no_enrollment,Masters,STEM,14,1000-4999,Pvt Ltd,>4,123,0.0
city_103,0.92,,Has relevent experience,no_enrollment,Graduate,STEM,8,50-99,Pvt Ltd,3,102,0.0
city_134,0.698,,No relevent experience,Full time course,Graduate,STEM,11,,,never,107,0.0
city_21,0.624,,Has relevent experience,Full time course,Graduate,STEM,4,,,,13,0.0
city_160,0.92,Male,Has relevent experience,no_enrollment,Graduate,STEM,9,100-500,Pvt Ltd,2,34,0.0
city_45,0.89,Male,Has relevent experience,no_enrollment,Graduate,STEM,9,100-500,Pvt Ltd,>4,19,0.0
city_149,0.6890000000000001,,Has relevent experience,Part time course,Graduate,STEM,6,10/49,Pvt Ltd,3,210,0.0
city_114,0.926,Male,No relevent experience,Full time course,Graduate,STEM,6,,Pvt Ltd,never,71,0.0
city_16,0.91,,No relevent experience,no_enrollment,Primary School,,8,50-99,Pvt Ltd,2,21,0.0
city_136,0.897,Male,Has relevent experience,no_enrollment,Masters,STEM,8,50-99,Pvt Ltd,>4,37,0.0
city_103,0.92,Male,Has relevent experience,Full time course,Graduate,STEM,2,<10,Early Stage Startup,1,78,0.0
city_71,0.884,,Has relevent experience,no_enrollment,Graduate,STEM,11,10/49,,1,15,0.0
city_160,0.92,Male,No relevent experience,Part time course,Graduate,STEM,4,10/49,Pvt Ltd,1,57,0.0
city_61,0.913,Male,Has relevent experience,no_enrollment,Masters,STEM,>20,,,>4,53,0.0
city_103,0.92,Male,Has relevent experience,no_enrollment,Graduate,STEM,16,100-500,Funded Startup,1,226,0.0
city_14,0.698,Male,No relevent experience,no_enrollment,Masters,STEM,8,1000-4999,Pvt Ltd,2,166,1.0
city_136,0.897,Male,Has relevent experience,no_enrollment,Masters,Humanities,9,50-99,Pvt Ltd,1,7,
city_16,0.91,Female,Has relevent experience,no_enrollment,Graduate,STEM,4,10000+,Other,1,47,0.0
city_114,0.926,Male,Has relevent experience,no_enrollment,Phd,STEM,>20,100-500,Pvt Ltd,2,140,0.0
city_16,0.91,Male,Has relevent experience,no_enrollment,Masters,STEM,12,,,1,306,0.0
city_61,0.913,,Has relevent experience,no_enrollment,Masters,STEM,>20,,,>4,40,0.0
city_162,0.767,Male,Has relevent experience,no_enrollment,Graduate,STEM,9,,,1,66,
city_28,0.939,Male,Has relevent experience,no_enrollment,Masters,STEM,>20,10000+,Pvt Ltd,1,42,0.0
city_103,0.92,Male,Has relevent experience,no_enrollment,Graduate,Business Degree,6,100-500,Pvt Ltd,3,166,1.0
city_67,0.855,Male,Has relevent experience,no_enrollment,Masters,STEM,13,50-99,Other,1,40,0.0
city_136,0.897,Male,Has relevent experience,no_enrollment,Masters,STEM,>20,10000+,Pvt Ltd,3,129,
city_103,0.92,Male,Has relevent experience,no_enrollment,Graduate,STEM,9,10000+,Pvt Ltd,1,322,0.0
city_16,0.91,Male,Has relevent experience,no_enrollment,Graduate,STEM,1,10000+,Public Sector,1,328,0.0
city_160,0.92,Male,Has relevent experience,no_enrollment,Graduate,Arts,14,10/49,Pvt Ltd,4,74,
city_57,0.866,Male,Has relevent experience,no_enrollment,Graduate,STEM,14,100-500,Funded Startup,1,10,0.0
city_16,0.91,Male,Has relevent experience,no_enrollment,Graduate,STEM,13,10/49,Pvt Ltd,>4,70,0.0
city_103,0.92,Male,Has relevent experience,no_enrollment,Masters,STEM,9,50-99,Pvt Ltd,2,42,
city_114,0.926,Female,No relevent experience,no_enrollment,Masters,STEM,6,<10,Public Sector,>4,4,0.0
city_90,0.698,Male,Has relevent experience,no_enrollment,Graduate,STEM,8,,,1,23,0.0
city_16,0.91,Other,No relevent experience,,High School,,1,,,never,34,1.0
city_103,0.92,,No relevent experience,Full time course,Graduate,STEM,4,,,never,22,1.0
city_75,0.939,Male,Has relevent experience,no_enrollment,Masters,STEM,11,10000+,Pvt Ltd,1,46,0.0
city_37,0.794,Male,Has relevent experience,no_enrollment,Graduate,STEM,9,50-99,Pvt Ltd,1,36,0.0
city_40,0.7759999999999999,Male,Has relevent experience,no_enrollment,High School,,19,,,1,72,0.0
city_21,0.624,,Has relevent experience,,Graduate,STEM,<1,500-999,Pvt Ltd,1,32,1.0
city_114,0.926,,No relevent experience,Full time course,High School,,8,,,never,22,
city_114,0.926,Male,No relevent experience,no_enrollment,,,7,,,never,106,0.0
city_11,0.55,,No relevent experience,Full time course,Graduate,STEM,3,,,never,14,1.0
city_16,0.91,Other,Has relevent experience,no_enrollment,Graduate,STEM,11,5000-9999,Pvt Ltd,1,33,0.0
city_102,0.804,,Has relevent experience,no_enrollment,Graduate,Humanities,6,50-99,,1,36,0.0
city_21,0.624,Male,Has relevent experience,no_enrollment,Graduate,STEM,4,10/49,Early Stage Startup,2,42,0.0
city_152,0.698,Male,No relevent experience,Full time course,Graduate,Business Degree,1,,,never,74,0.0
city_21,0.624,Male,Has relevent experience,no_enrollment,Masters,STEM,10,100-500,,1,41,1.0
city_103,0.92,Male,No relevent experience,no_enrollment,Graduate,STEM,9,10000+,Pvt Ltd,>4,308,0.0
city_160,0.92,Male,No relevent experience,Full time course,Masters,STEM,16,,,4,72,1.0
city_160,0.92,Male,No relevent experience,Full time course,Graduate,STEM,3,,,1,66,
city_28,0.939,,Has relevent experience,Full time course,Graduate,STEM,15,100-500,Pvt Ltd,>4,28,0.0
city_136,0.897,Male,Has relevent experience,no_enrollment,Masters,STEM,16,<10,Early Stage Startup,2,14,0.0
city_103,0.92,Male,Has relevent experience,no_enrollment,Graduate,STEM,13,1000-4999,Pvt Ltd,2,14,0.0
city_103,0.92,Female,Has relevent experience,no_enrollment,Graduate,STEM,6,100-500,,1,332,0.0
city_160,0.92,Male,Has relevent experience,no_enrollment,Graduate,STEM,>20,,,3,66,
city_103,0.92,,Has relevent experience,no_enrollment,Graduate,STEM,6,10000+,Public Sector,1,10,0.0
city_28,0.939,Male,Has relevent experience,no_enrollment,Graduate,STEM,9,100-500,Funded Startup,3,160,1.0
city_114,0.926,Male,Has relevent experience,no_enrollment,Graduate,STEM,11,100-500,Pvt Ltd,2,8,0.0
city_16,0.91,Male,Has relevent experience,no_enrollment,Graduate,Other,6,1000-4999,,1,11,0.0
city_50,0.8959999999999999,Male,Has relevent experience,no_enrollment,Graduate,STEM,5,<10,Funded Startup,1,50,0.0
city_65,0.802,Male,Has relevent experience,no_enrollment,Graduate,STEM,5,50-99,Pvt Ltd,1,46,0.0
city_90,0.698,Female,No relevent experience,Full time course,Masters,STEM,5,,,4,21,1.0
city_36,0.893,Male,Has relevent experience,no_enrollment,Masters,Humanities,20,50-99,Pvt Ltd,1,26,
city_21,0.624,Male,Has relevent experience,no_enrollment,Graduate,STEM,7,10000+,Pvt Ltd,1,160,1.0
city_21,0.624,,Has relevent experience,no_enrollment,Graduate,STEM,4,5000-9999,Pvt Ltd,never,25,1.0
city_136,0.897,Male,Has relevent experience,no_enrollment,Masters,STEM,16,50-99,Pvt Ltd,>4,102,0.0
city_103,0.92,Female,Has relevent experience,no_enrollment,Masters,Humanities,>20,100-500,Funded Startup,2,74,0.0
city_71,0.884,Male,Has relevent experience,Part time course,Graduate,STEM,12,10000+,,1,77,0.0
city_16,0.91,,No relevent experience,Full time course,High School,,<1,10/49,Pvt Ltd,2,58,0.0
city_142,0.727,Male,Has relevent experience,no_enrollment,Graduate,STEM,3,<10,Pvt Ltd,1,174,0.0
city_21,0.624,Male,Has relevent experience,no_enrollment,Graduate,STEM,7,,,1,26,1.0
city_142,0.727,Male,No relevent experience,Full time course,Primary School,,7,,,1,22,1.0
city_83,0.923,Male,No relevent experience,Full time course,High School,,1,<10,Funded Startup,1,105,0.0
city_21,0.624,Male,Has relevent experience,no_enrollment,Masters,STEM,7,<10,Pvt Ltd,>4,48,0.0
city_21,0.624,Male,Has relevent experience,no_enrollment,Graduate,STEM,5,10000+,Pvt Ltd,1,330,0.0
city_152,0.698,Male,Has relevent experience,no_enrollment,Graduate,STEM,>20,10/49,Pvt Ltd,>4,23,0.0
city_173,0.878,Male,Has relevent experience,no_enrollment,High School,,17,,,1,34,0.0
city_36,0.893,,Has relevent experience,no_enrollment,Graduate,STEM,14,100-500,Early Stage Startup,1,15,1.0
city_136,0.897,,No relevent experience,Full time course,Graduate,STEM,<1,,,never,18,1.0
city_116,0.743,Male,No relevent experience,no_enrollment,Graduate,STEM,4,,,3,54,0.0
city_73,0.754,Male,Has relevent experience,no_enrollment,Graduate,STEM,>20,,,1,167,
city_21,0.624,Male,Has relevent experience,no_enrollment,Graduate,STEM,3,50-99,Funded Startup,1,4,
city_100,0.887,Male,No relevent experience,no_enrollment,High School,,2,,,never,10,0.0
city_21,0.624,Male,No relevent experience,Full time course,High School,,11,,,never,50,1.0
city_94,0.698,Male,Has relevent experience,no_enrollment,Phd,STEM,>20,50-99,Pvt Ltd,>4,7,0.0
city_61,0.913,,Has relevent experience,no_enrollment,Graduate,STEM,6,50-99,Funded Startup,2,304,0.0
city_103,0.92,Male,No relevent experience,no_enrollment,Graduate,STEM,14,100-500,Funded Startup,1,17,0.0
city_103,0.92,Male,Has relevent experience,no_enrollment,Graduate,STEM,17,1000-4999,Pvt Ltd,3,144,
city_160,0.92,Male,Has relevent experience,Full time course,High School,,6,,,1,118,1.0
city_114,0.926,Male,No relevent experience,Full time course,Graduate,STEM,>20,1000-4999,Pvt Ltd,1,114,1.0
city_102,0.804,,No relevent experience,Full time course,High School,,3,,,never,67,0.0
city_160,0.92,Male,Has relevent experience,no_enrollment,Graduate,STEM,>20,,,>4,25,1.0
city_149,0.6890000000000001,Male,No relevent experience,Full time course,High School,,1,,,1,30,1.0
city_21,0.624,Male,No relevent experience,no_enrollment,Graduate,STEM,<1,,,1,14,1.0
city_21,0.624,,Has relevent experience,no_enrollment,Masters,No Major,>20,1000-4999,Pvt Ltd,1,72,1.0
city_136,0.897,,No relevent experience,Full time course,Masters,STEM,5,<10,Pvt Ltd,1,148,0.0
city_114,0.926,Male,Has relevent experience,no_enrollment,Graduate,STEM,>20,100-500,Pvt Ltd,2,32,0.0
city_104,0.924,,Has relevent experience,no_enrollment,High School,,7,50-99,Pvt Ltd,4,72,0.0
city_10,0.895,Male,Has relevent experience,no_enrollment,Masters,STEM,>20,10/49,Pvt Ltd,>4,20,0.0
city_21,0.624,Male,No relevent experience,no_enrollment,Graduate,STEM,2,1000-4999,Pvt Ltd,1,26,
city_67,0.855,Female,Has relevent experience,Part time course,Graduate,STEM,7,10000+,Pvt Ltd,1,41,0.0
city_70,0.698,Male,No relevent experience,no_enrollment,,,<1,,,never,14,0.0
city_103,0.92,Male,Has relevent experience,no_enrollment,Graduate,Arts,10,500-999,Pvt Ltd,>4,9,0.0
city_75,0.939,Male,Has relevent experience,no_enrollment,Graduate,STEM,10,<10,Pvt Ltd,1,6,
city_46,0.762,Male,No relevent experience,Full time course,Graduate,STEM,8,10000+,Public Sector,1,46,
city_103,0.92,Male,Has relevent experience,no_enrollment,Masters,STEM,>20,,,>4,34,0.0
city_101,0.5579999999999999,,Has relevent experience,no_enrollment,Graduate,STEM,6,<10,Pvt Ltd,1,100,1.0
city_165,0.903,Male,Has relevent experience,no_enrollment,Masters,STEM,>20,50-99,Funded Startup,>4,12,0.0
city_16,0.91,Male,Has relevent experience,no_enrollment,Graduate,STEM,>20,<10,Funded Startup,1,5,0.0
city_42,0.563,,Has relevent experience,Full time course,Phd,STEM,<1,,,,43,1.0
city_16,0.91,Male,Has relevent experience,no_enrollment,Graduate,STEM,>20,100-500,Pvt Ltd,>4,182,0.0
city_100,0.887,,No relevent experience,no_enrollment,Masters,Humanities,4,,,3,9,
city_128,0.527,,No relevent experience,Full time course,Graduate,STEM,2,,,1,40,1.0
city_136,0.897,Male,Has relevent experience,no_enrollment,Masters,STEM,>20,,Pvt Ltd,>4,29,0.0
city_21,0.624,Male,No relevent experience,Part time course,Graduate,No Major,9,,,never,34,0.0
city_114,0.926,,Has relevent experience,Part time course,Masters,STEM,18,,,1,47,0.0
city_114,0.926,Male,No relevent experience,Full time course,Graduate,STEM,7,,,never,44,0.0
city_104,0.924,Male,Has relevent experience,no_enrollment,Graduate,STEM,>20,50-99,Pvt Ltd,2,24,
city_128,0.527,Male,No relevent experience,Full time course,High School,,7,,,1,44,1.0
city_136,0.897,Male,Has relevent experience,no_enrollment,Graduate,STEM,15,1000-4999,Pvt Ltd,>4,36,0.0
city_150,0.698,Male,Has relevent experience,no_enrollment,Graduate,Humanities,4,<10,Funded Startup,1,80,1.0
city_21,0.624,Male,No relevent experience,Full time course,Graduate,STEM,3,,,1,67,0.0
city_40,0.7759999999999999,Male,Has relevent experience,no_enrollment,Masters,STEM,7,50-99,,1,25,1.0
city_160,0.92,Male,Has relevent experience,Part time course,Graduate,STEM,16,10/49,Early Stage Startup,2,336,0.0
city_136,0.897,Male,Has relevent experience,no_enrollment,Masters,STEM,10,,,,9,0.0
city_104,0.924,Male,No relevent experience,Full time course,Graduate,STEM,4,,,1,50,1.0
city_103,0.92,,No relevent experience,no_enrollment,Graduate,STEM,9,100-500,Pvt Ltd,>4,25,0.0
city_53,0.74,Female,Has relevent experience,Full time course,Graduate,STEM,11,10/49,Pvt Ltd,never,73,0.0
city_21,0.624,,No relevent experience,Full time course,Graduate,STEM,7,,,never,17,1.0
city_21,0.624,,No relevent experience,Full time course,Graduate,STEM,3,100-500,Pvt Ltd,2,56,1.0
city_103,0.92,,Has relevent experience,no_enrollment,Masters,STEM,13,500-999,Pvt Ltd,4,28,0.0
city_16,0.91,Female,No relevent experience,Full time course,Graduate,Other,5,10/49,Pvt Ltd,1,127,0.0
city_114,0.926,Male,No relevent experience,Full time course,Graduate,STEM,6,50-99,Pvt Ltd,2,44,0.0
city_138,0.836,Male,Has relevent experience,no_enrollment,High School,,10,50-99,Pvt Ltd,never,150,0.0
city_149,0.6890000000000001,,No relevent experience,Full time course,High School,,3,,,,26,1.0
city_173,0.878,Male,Has relevent experience,no_enrollment,Masters,STEM,>20,1000-4999,Pvt Ltd,2,80,
city_21,0.624,Female,Has relevent experience,no_enrollment,Graduate,STEM,5,500-999,Pvt Ltd,1,100,1.0
city_21,0.624,,Has relevent experience,no_enrollment,Graduate,STEM,5,100-500,Pvt Ltd,2,26,0.0
city_67,0.855,Male,Has relevent experience,no_enrollment,Masters,STEM,16,100-500,Pvt Ltd,2,30,
city_103,0.92,,No relevent experience,no_enrollment,Primary School,,1,,Pvt Ltd,never,15,
city_71,0.884,Male,Has relevent experience,no_enrollment,Masters,STEM,15,,,2,112,0.0
city_83,0.923,,Has relevent experience,no_enrollment,Graduate,STEM,>20,100-500,Pvt Ltd,never,90,0.0
city_136,0.897,Male,No relevent experience,Part time course,Graduate,STEM,4,1000-4999,,1,37,0.0
city_103,0.92,Male,Has relevent experience,no_enrollment,Graduate,STEM,20,50-99,Pvt Ltd,2,6,0.0
city_136,0.897,Male,Has relevent experience,no_enrollment,Masters,STEM,6,50-99,Pvt Ltd,1,81,0.0
city_103,0.92,Male,Has relevent experience,no_enrollment,Graduate,STEM,16,1000-4999,Pvt Ltd,1,54,0.0
city_45,0.89,,Has relevent experience,no_enrollment,Masters,STEM,14,,,1,111,0.0
city_114,0.926,Male,Has relevent experience,no_enrollment,Graduate,STEM,11,100-500,Pvt Ltd,2,56,0.0
city_103,0.92,Other,No relevent experience,Full time course,Graduate,STEM,3,,,3,15,1.0
city_103,0.92,Male,Has relevent experience,Full time course,Masters,STEM,15,50-99,Pvt Ltd,2,166,0.0
city_103,0.92,,No relevent experience,Part time course,Graduate,STEM,4,10000+,Public Sector,,13,0.0
city_67,0.855,Male,Has relevent experience,no_enrollment,Graduate,STEM,8,10/49,Early Stage Startup,1,101,0.0
city_104,0.924,Male,Has relevent experience,Full time course,High School,,13,50-99,Pvt Ltd,1,48,1.0
city_57,0.866,Male,Has relevent experience,Full time course,Graduate,STEM,5,100-500,Pvt Ltd,1,48,1.0
city_11,0.55,Male,Has relevent experience,no_enrollment,Graduate,STEM,6,10/49,Pvt Ltd,1,11,1.0
city_103,0.92,Male,Has relevent experience,no_enrollment,Graduate,STEM,>20,50-99,Pvt Ltd,1,25,0.0
city_165,0.903,,Has relevent experience,Full time course,Graduate,,5,50-99,Pvt Ltd,2,77,1.0
city_114,0.926,Male,No relevent experience,Full time course,High School,,5,50-99,Pvt Ltd,2,43,0.0
city_64,0.6659999999999999,,No relevent experience,no_enrollment,Graduate,STEM,3,,,3,44,0.0
city_93,0.865,Male,No relevent experience,no_enrollment,Primary School,,5,50-99,,never,40,0.0
city_103,0.92,Male,No relevent experience,no_enrollment,Graduate,STEM,5,,,2,19,1.0
city_21,0.624,,Has relevent experience,no_enrollment,Masters,STEM,>20,500-999,Pvt Ltd,>4,23,0.0
city_103,0.92,Male,Has relevent experience,no_enrollment,Graduate,STEM,12,50-99,Pvt Ltd,1,62,
city_21,0.624,,Has relevent experience,no_enrollment,Graduate,STEM,10,1000-4999,Pvt Ltd,never,51,1.0
city_21,0.624,Male,Has relevent experience,no_enrollment,Masters,No Major,10,100-500,Funded Startup,1,22,1.0
city_11,0.55,Male,Has relevent experience,Full time course,Masters,STEM,4,100-500,NGO,2,37,1.0
city_21,0.624,Female,Has relevent experience,no_enrollment,Graduate,STEM,9,10000+,Pvt Ltd,2,54,0.0
city_90,0.698,Male,Has relevent experience,no_enrollment,Masters,STEM,>20,,,3,6,0.0
city_16,0.91,,Has relevent experience,Full time course,Graduate,STEM,6,10000+,Pvt Ltd,1,194,0.0
city_103,0.92,Male,No relevent experience,no_enrollment,Graduate,STEM,<1,100-500,Pvt Ltd,2,75,
city_103,0.92,Male,Has relevent experience,no_enrollment,,,>20,10000+,Pvt Ltd,>4,62,0.0
city_103,0.92,Male,Has relevent experience,no_enrollment,Graduate,STEM,9,500-999,Pvt Ltd,4,62,1.0
city_16,0.91,Male,Has relevent experience,no_enrollment,Graduate,STEM,>20,,,2,18,1.0
city_160,0.92,Male,Has relevent experience,no_enrollment,Graduate,Humanities,7,,,1,102,1.0
city_136,0.897,Male,Has relevent experience,no_enrollment,Graduate,STEM,6,10000+,Pvt Ltd,2,70,0.0
city_53,0.74,Male,Has relevent experience,no_enrollment,Graduate,STEM,16,1000-4999,Pvt Ltd,>4,49,0.0
city_103,0.92,,No relevent experience,Full time course,Graduate,STEM,10,,Public Sector,never,45,1.0
city_159,0.843,Male,Has relevent experience,no_enrollment,Masters,STEM,8,,,1,16,0.0
city_40,0.7759999999999999,Male,Has relevent experience,no_enrollment,Graduate,Humanities,>20,,,4,29,0.0
city_103,0.92,Male,Has relevent experience,no_enrollment,Graduate,STEM,14,50-99,Funded Startup,3,24,0.0
city_103,0.92,,Has relevent experience,no_enrollment,Graduate,STEM,9,100-500,Pvt Ltd,1,135,0.0
city_28,0.939,Male,Has relevent experience,no_enrollment,Graduate,STEM,15,10000+,Pvt Ltd,>4,34,0.0
city_160,0.92,Male,Has relevent experience,no_enrollment,Graduate,STEM,18,100-500,Pvt Ltd,>4,52,0.0
city_103,0.92,Male,Has relevent experience,no_enrollment,Graduate,Other,>20,50-99,Pvt Ltd,>4,13,0.0
city_103,0.92,Male,No relevent experience,no_enrollment,Graduate,STEM,>20,,,>4,7,1.0
city_136,0.897,Male,Has relevent experience,no_enrollment,Masters,STEM,7,10000+,Pvt Ltd,4,42,0.0
city_103,0.92,Male,Has relevent experience,no_enrollment,Graduate,Arts,5,,,never,101,0.0
city_103,0.92,,Has relevent experience,no_enrollment,,,8,,,,92,0.0
city_103,0.92,Male,No relevent experience,no_enrollment,Graduate,STEM,3,10000+,Public Sector,1,73,0.0
city_103,0.92,Male,Has relevent experience,no_enrollment,Graduate,STEM,10,5000-9999,Pvt Ltd,3,33,0.0
city_103,0.92,Male,Has relevent experience,no_enrollment,Graduate,STEM,3,10/49,Pvt Ltd,1,58,
city_103,0.92,Male,No relevent experience,no_enrollment,Graduate,STEM,9,10000+,Pvt Ltd,>4,68,0.0
city_21,0.624,Male,No relevent experience,no_enrollment,High School,,5,,,never,178,0.0
city_103,0.92,Male,No relevent experience,no_enrollment,Masters,STEM,16,10000+,NGO,1,276,0.0
city_114,0.926,,Has relevent experience,no_enrollment,High School,,7,100-500,Pvt Ltd,3,40,
city_16,0.91,Male,Has relevent experience,no_enrollment,High School,,17,10000+,Pvt Ltd,>4,22,0.0
city_99,0.915,Male,Has relevent experience,no_enrollment,Graduate,STEM,7,10/49,Pvt Ltd,>4,6,
city_16,0.91,Female,Has relevent experience,no_enrollment,Graduate,STEM,>20,100-500,NGO,>4,37,0.0
city_103,0.92,Male,No relevent experience,Full time course,Graduate,STEM,9,50-99,Funded Startup,1,198,0.0
city_102,0.804,Male,Has relevent experience,no_enrollment,Masters,Other,2,10/49,Pvt Ltd,1,40,0.0
city_19,0.682,,Has relevent experience,no_enrollment,Graduate,STEM,20,,,1,29,1.0
city_103,0.92,,Has relevent experience,no_enrollment,Graduate,STEM,11,1000-4999,Pvt Ltd,>4,51,0.0
city_21,0.624,Male,Has relevent experience,no_enrollment,Graduate,STEM,8,5000-9999,Pvt Ltd,2,10,1.0
city_160,0.92,Male,No relevent experience,no_enrollment,High School,,1,,,1,22,1.0
city_150,0.698,Male,No relevent experience,Full time course,High School,,1,,,never,72,
city_103,0.92,Male,Has relevent experience,no_enrollment,Graduate,STEM,>20,100-500,Pvt Ltd,2,21,0.0
city_11,0.55,Male,Has relevent experience,no_enrollment,Graduate,STEM,8,10/49,Pvt Ltd,never,39,1.0
city_118,0.722,Male,Has relevent experience,no_enrollment,Graduate,Other,13,50-99,Funded Startup,2,54,0.0
city_21,0.624,Male,Has relevent experience,,Masters,STEM,15,50-99,Pvt Ltd,>4,204,1.0
city_103,0.92,Male,Has relevent experience,no_enrollment,Graduate,Business Degree,>20,500-999,Funded Startup,>4,22,0.0
city_103,0.92,Other,Has relevent experience,no_enrollment,Graduate,Other,>20,,,>4,90,0.0
city_21,0.624,Male,Has relevent experience,Full time course,Graduate,STEM,2,10/49,Early Stage Startup,1,56,0.0
city_71,0.884,Male,Has relevent experience,Part time course,Graduate,STEM,8,50-99,Pvt Ltd,2,69,0.0
city_83,0.923,Male,Has relevent experience,no_enrollment,Masters,STEM,19,10000+,Pvt Ltd,1,37,0.0
city_21,0.624,,Has relevent experience,Full time course,Masters,STEM,8,50-99,Pvt Ltd,1,35,
city_103,0.92,Male,Has relevent experience,no_enrollment,Graduate,STEM,>20,<10,Pvt Ltd,>4,47,0.0
city_11,0.55,,No relevent experience,no_enrollment,Graduate,STEM,2,<10,Pvt Ltd,1,20,1.0
city_103,0.92,,No relevent experience,Full time course,Graduate,STEM,6,,,1,117,1.0
city_103,0.92,Male,No relevent experience,no_enrollment,Masters,STEM,11,100-500,Pvt Ltd,>4,70,0.0
city_160,0.92,,Has relevent experience,no_enrollment,Masters,STEM,>20,100-500,Pvt Ltd,>4,52,0.0
city_160,0.92,,No relevent experience,no_enrollment,High School,,2,10000+,Pvt Ltd,1,153,0.0
city_16,0.91,Male,Has relevent experience,no_enrollment,Graduate,STEM,17,,Pvt Ltd,2,52,0.0
city_103,0.92,Male,Has relevent experience,no_enrollment,Graduate,STEM,11,50-99,,1,55,0.0
city_21,0.624,Male,Has relevent experience,,Masters,STEM,14,1000-4999,Pvt Ltd,4,56,1.0
city_71,0.884,Male,Has relevent experience,no_enrollment,Masters,STEM,4,500-999,Public Sector,2,41,0.0
city_90,0.698,Male,No relevent experience,Full time course,Graduate,STEM,<1,,,never,25,0.0
city_114,0.926,Male,Has relevent experience,no_enrollment,Masters,STEM,>20,5000-9999,Pvt Ltd,1,116,1.0
city_162,0.767,Male,Has relevent experience,Part time course,Graduate,STEM,10,50-99,Pvt Ltd,2,308,0.0
city_103,0.92,Male,Has relevent experience,no_enrollment,Masters,STEM,15,10/49,Funded Startup,1,90,0.0
city_103,0.92,Male,No relevent experience,no_enrollment,Graduate,STEM,18,50-99,Pvt Ltd,>4,28,
city_114,0.926,Female,Has relevent experience,,Graduate,STEM,17,,,>4,131,0.0
city_64,0.6659999999999999,Female,Has relevent experience,no_enrollment,Graduate,Humanities,14,,,1,23,
city_160,0.92,Male,Has relevent experience,Full time course,Graduate,STEM,3,1000-4999,Pvt Ltd,1,29,1.0
city_61,0.913,Male,Has relevent experience,no_enrollment,Masters,STEM,>20,100-500,Pvt Ltd,>4,112,
city_11,0.55,Male,No relevent experience,Full time course,High School,,2,,,1,10,1.0
city_103,0.92,,Has relevent experience,no_enrollment,Graduate,STEM,19,50-99,Pvt Ltd,>4,101,0.0
city_103,0.92,Male,Has relevent experience,no_enrollment,Masters,STEM,13,10000+,Pvt Ltd,2,22,0.0
city_136,0.897,,Has relevent experience,Full time course,Masters,STEM,14,<10,Pvt Ltd,>4,33,0.0
city_21,0.624,Male,No relevent experience,Full time course,Graduate,STEM,4,50-99,Funded Startup,1,41,1.0
city_103,0.92,Male,Has relevent experience,no_enrollment,Graduate,STEM,>20,100-500,Pvt Ltd,>4,44,0.0
city_114,0.926,Male,Has relevent experience,,,,15,50-99,Pvt Ltd,1,94,0.0
city_104,0.924,Male,No relevent experience,Full time course,Graduate,STEM,2,,,1,39,1.0
city_78,0.579,Male,Has relevent experience,no_enrollment,Graduate,STEM,10,<10,Early Stage Startup,never,24,1.0
city_91,0.691,Male,Has relevent experience,no_enrollment,High School,,17,50-99,Funded Startup,1,9,
city_73,0.754,Male,Has relevent experience,Part time course,Graduate,No Major,3,<10,Early Stage Startup,1,82,0.0
city_149,0.6890000000000001,Male,No relevent experience,Full time course,High School,,3,,,never,45,0.0
city_21,0.624,Male,No relevent experience,Full time course,Graduate,STEM,5,,,never,141,
city_103,0.92,Male,Has relevent experience,no_enrollment,Masters,STEM,18,10000+,Pvt Ltd,1,45,0.0
city_114,0.926,,Has relevent experience,no_enrollment,Masters,STEM,15,,,1,126,0.0
city_159,0.843,Male,Has relevent experience,no_enrollment,Graduate,STEM,>20,10000+,Pvt Ltd,>4,68,0.0
city_45,0.89,Male,Has relevent experience,Full time course,Graduate,STEM,4,<10,Early Stage Startup,1,17,0.0
city_160,0.92,Male,Has relevent experience,no_enrollment,Graduate,STEM,>20,5000-9999,Pvt Ltd,>4,73,0.0
city_103,0.92,,No relevent experience,no_enrollment,Graduate,Arts,15,10000+,Pvt Ltd,>4,33,0.0
city_103,0.92,Male,Has relevent experience,no_enrollment,High School,,18,10000+,Pvt Ltd,2,25,0.0
city_74,0.579,Male,Has relevent experience,no_enrollment,Graduate,STEM,14,100-500,Early Stage Startup,1,19,1.0
city_23,0.899,Male,Has relevent experience,no_enrollment,Graduate,STEM,9,1000-4999,Pvt Ltd,>4,22,1.0
city_102,0.804,Male,Has relevent experience,no_enrollment,Primary School,,11,,,>4,78,0.0
city_73,0.754,Male,Has relevent experience,Full time course,Graduate,STEM,16,1000-4999,Pvt Ltd,never,29,1.0
city_67,0.855,,No relevent experience,Full time course,Graduate,STEM,5,,,3,54,1.0
city_159,0.843,Male,Has relevent experience,no_enrollment,Graduate,STEM,10,100-500,NGO,1,94,
city_16,0.91,Male,No relevent experience,no_enrollment,Graduate,STEM,4,5000-9999,Public Sector,2,46,
city_73,0.754,,No relevent experience,no_enrollment,Primary School,,2,,Pvt Ltd,never,102,0.0
city_103,0.92,Male,Has relevent experience,no_enrollment,Graduate,STEM,11,100-500,Funded Startup,1,24,0.0
city_136,0.897,Male,Has relevent experience,no_enrollment,Phd,STEM,11,10000+,Pvt Ltd,never,59,0.0
city_103,0.92,Male,Has relevent experience,no_enrollment,Graduate,STEM,16,10/49,Funded Startup,1,65,0.0
city_160,0.92,Male,No relevent experience,no_enrollment,Graduate,STEM,2,,,1,34,1.0
city_175,0.7759999999999999,Female,No relevent experience,Full time course,Graduate,STEM,4,5000-9999,,1,111,0.0
city_103,0.92,Female,Has relevent experience,no_enrollment,Graduate,STEM,6,10000+,Pvt Ltd,1,138,0.0
city_21,0.624,Male,Has relevent experience,Full time course,Graduate,STEM,5,100-500,Pvt Ltd,1,42,0.0
city_103,0.92,Female,No relevent experience,no_enrollment,Graduate,Business Degree,20,100-500,Pvt Ltd,>4,17,0.0
city_16,0.91,,Has relevent experience,no_enrollment,Graduate,STEM,13,,,>4,40,0.0
city_99,0.915,Male,Has relevent experience,no_enrollment,Graduate,STEM,>20,100-500,NGO,2,23,0.0
city_103,0.92,Male,Has relevent experience,no_enrollment,Graduate,Humanities,6,100-500,Pvt Ltd,4,51,
city_73,0.754,Male,Has relevent experience,no_enrollment,Graduate,STEM,10,,,never,23,1.0
city_65,0.802,Male,Has relevent experience,no_enrollment,Graduate,STEM,9,50-99,Pvt Ltd,never,108,0.0
city_136,0.897,Male,Has relevent experience,no_enrollment,Graduate,Humanities,5,100-500,Pvt Ltd,2,96,0.0
city_75,0.939,Male,Has relevent experience,no_enrollment,Graduate,STEM,>20,<10,Pvt Ltd,1,11,0.0
city_100,0.887,,No relevent experience,no_enrollment,High School,,1,,,never,45,0.0
city_103,0.92,Male,Has relevent experience,no_enrollment,Graduate,STEM,6,500-999,Pvt Ltd,4,25,0.0
city_160,0.92,Male,Has relevent experience,no_enrollment,Graduate,STEM,18,10/49,NGO,2,13,0.0
city_103,0.92,,Has relevent experience,Part time course,Graduate,STEM,1,50-99,Funded Startup,1,117,0.0
city_116,0.743,Male,Has relevent experience,no_enrollment,Masters,STEM,>20,,,1,34,0.0
city_46,0.762,Male,Has relevent experience,no_enrollment,Graduate,STEM,4,5000-9999,,1,52,1.0
city_118,0.722,,No relevent experience,no_enrollment,High School,,3,10/49,Pvt Ltd,1,18,0.0
city_100,0.887,Male,Has relevent experience,no_enrollment,Graduate,STEM,15,1000-4999,Pvt Ltd,3,107,1.0
city_16,0.91,Male,Has relevent experience,no_enrollment,Graduate,Arts,<1,50-99,NGO,1,13,0.0
city_21,0.624,Male,No relevent experience,no_enrollment,Graduate,STEM,8,10000+,Pvt Ltd,1,15,
city_43,0.516,Male,Has relevent experience,no_enrollment,Graduate,STEM,4,,,never,43,0.0
city_160,0.92,,Has relevent experience,no_enrollment,Graduate,STEM,14,1000-4999,Pvt Ltd,>4,80,0.0
city_28,0.939,,No relevent experience,,Masters,STEM,6,500-999,Pvt Ltd,>4,74,0.0
city_149,0.6890000000000001,Male,No relevent experience,Full time course,Graduate,STEM,1,,,1,87,1.0
city_16,0.91,Male,Has relevent experience,no_enrollment,Graduate,STEM,>20,10000+,Pvt Ltd,2,70,0.0
city_67,0.855,,No relevent experience,no_enrollment,Masters,STEM,2,500-999,Pvt Ltd,1,21,0.0
city_103,0.92,Male,Has relevent experience,Full time course,Graduate,STEM,4,100-500,Pvt Ltd,1,33,0.0
city_103,0.92,Male,Has relevent experience,no_enrollment,Graduate,STEM,16,50-99,NGO,2,14,0.0
city_149,0.6890000000000001,Female,No relevent experience,no_enrollment,Graduate,STEM,4,50-99,Early Stage Startup,1,41,
city_19,0.682,Male,Has relevent experience,no_enrollment,Graduate,STEM,9,,Pvt Ltd,1,66,0.0
city_61,0.913,Male,Has relevent experience,no_enrollment,Graduate,STEM,>20,10000+,,4,78,0.0
city_103,0.92,,Has relevent experience,,Masters,STEM,15,,,1,53,0.0
city_21,0.624,,No relevent experience,Full time course,Graduate,STEM,<1,,,1,36,1.0
city_16,0.91,Male,Has relevent experience,Part time course,Graduate,STEM,2,100-500,Pvt Ltd,2,160,0.0
city_41,0.8270000000000001,Female,No relevent experience,no_enrollment,Graduate,STEM,18,,,>4,12,0.0
city_104,0.924,Male,Has relevent experience,no_enrollment,Phd,Humanities,>20,,,1,62,0.0
city_28,0.939,Male,Has relevent experience,no_enrollment,Masters,STEM,6,100-500,Pvt Ltd,1,96,0.0
city_61,0.913,Male,No relevent experience,no_enrollment,Phd,STEM,>20,1000-4999,Public Sector,4,78,0.0
city_103,0.92,,No relevent experience,,,,1,,,never,30,0.0
city_103,0.92,Male,No relevent experience,Full time course,Graduate,Business Degree,7,1000-4999,Pvt Ltd,1,60,0.0
city_103,0.92,Male,No relevent experience,Full time course,Graduate,STEM,14,,,1,12,0.0
city_78,0.579,Male,Has relevent experience,no_enrollment,Graduate,STEM,11,50-99,Pvt Ltd,1,10,1.0
city_103,0.92,,Has relevent experience,Full time course,Masters,STEM,>20,,,,40,0.0
city_103,0.92,,No relevent experience,no_enrollment,Masters,STEM,14,5000-9999,Public Sector,>4,66,1.0
city_162,0.767,,Has relevent experience,Full time course,Graduate,STEM,13,100-500,Pvt Ltd,1,32,0.0
city_114,0.926,Male,Has relevent experience,no_enrollment,Masters,STEM,12,5000-9999,Pvt Ltd,2,13,0.0
city_11,0.55,,Has relevent experience,Part time course,Graduate,STEM,3,100-500,Pvt Ltd,1,50,1.0
city_160,0.92,Male,No relevent experience,no_enrollment,Primary School,,3,,,never,149,0.0
city_40,0.7759999999999999,,No relevent experience,Full time course,Graduate,STEM,6,,,1,84,1.0
city_103,0.92,Male,Has relevent experience,Full time course,Masters,STEM,6,10000+,Pvt Ltd,3,55,0.0
city_103,0.92,Male,Has relevent experience,no_enrollment,Masters,STEM,>20,100-500,Pvt Ltd,,42,0.0
city_21,0.624,,No relevent experience,Full time course,Graduate,STEM,15,10000+,Pvt Ltd,>4,57,
city_24,0.698,,No relevent experience,no_enrollment,Masters,Business Degree,8,500-999,Pvt Ltd,1,14,
city_114,0.926,Male,Has relevent experience,Full time course,Graduate,STEM,8,,,2,72,0.0
city_114,0.926,,No relevent experience,Full time course,High School,,1,50-99,Public Sector,1,74,0.0
city_136,0.897,Male,Has relevent experience,no_enrollment,Masters,STEM,10,50-99,Funded Startup,1,158,0.0
city_46,0.762,Male,No relevent experience,no_enrollment,Graduate,Other,2,1000-4999,Pvt Ltd,never,26,0.0
city_11,0.55,,Has relevent experience,Full time course,Masters,STEM,1,50-99,Pvt Ltd,1,4,1.0
city_115,0.789,Female,Has relevent experience,Full time course,Phd,STEM,8,100-500,Pvt Ltd,>4,11,0.0
city_103,0.92,,Has relevent experience,no_enrollment,Masters,STEM,19,,,>4,51,0.0
city_19,0.682,Male,Has relevent experience,no_enrollment,Graduate,STEM,5,100-500,,never,47,0.0
city_71,0.884,Male,Has relevent experience,no_enrollment,Masters,STEM,5,1000-4999,,1,55,0.0
city_67,0.855,Male,No relevent experience,no_enrollment,High School,,3,,,never,12,1.0
city_19,0.682,Male,Has relevent experience,no_enrollment,Graduate,STEM,12,500-999,Public Sector,1,19,0.0
city_16,0.91,,Has relevent experience,no_enrollment,Graduate,STEM,4,50-99,Pvt Ltd,2,20,0.0
city_21,0.624,,No relevent experience,Full time course,High School,,<1,,,never,56,1.0
city_21,0.624,Male,Has relevent experience,no_enrollment,Graduate,Other,10,10000+,Pvt Ltd,4,45,1.0
city_103,0.92,Male,Has relevent experience,no_enrollment,High School,,11,500-999,Pvt Ltd,1,7,0.0
city_103,0.92,Male,Has relevent experience,no_enrollment,Graduate,STEM,7,<10,,1,192,0.0
city_73,0.754,,Has relevent experience,Part time course,Graduate,STEM,3,50-99,Pvt Ltd,>4,39,0.0
city_136,0.897,Male,Has relevent experience,no_enrollment,Graduate,STEM,12,500-999,,2,13,0.0
city_21,0.624,Male,Has relevent experience,no_enrollment,Graduate,STEM,9,,,1,31,0.0
city_103,0.92,Male,Has relevent experience,no_enrollment,Graduate,STEM,5,100-500,Pvt Ltd,2,124,0.0
city_45,0.89,,Has relevent experience,no_enrollment,Graduate,STEM,>20,10/49,Pvt Ltd,1,61,0.0
city_104,0.924,Male,No relevent experience,no_enrollment,Phd,STEM,>20,500-999,Public Sector,>4,30,0.0
city_102,0.804,Male,No relevent experience,Full time course,Masters,STEM,1,50-99,Public Sector,1,45,0.0
city_160,0.92,Male,Has relevent experience,no_enrollment,Graduate,STEM,15,100-500,Pvt Ltd,3,3,0.0
city_103,0.92,Other,Has relevent experience,no_enrollment,Graduate,STEM,5,,,2,121,1.0
city_83,0.923,Male,Has relevent experience,no_enrollment,Graduate,STEM,>20,,,1,125,1.0
city_74,0.579,,Has relevent experience,Part time course,Graduate,STEM,3,<10,Pvt Ltd,1,20,1.0
city_16,0.91,Male,No relevent experience,Full time course,Masters,STEM,14,,,2,76,1.0
city_16,0.91,Male,Has relevent experience,no_enrollment,Graduate,STEM,5,100-500,Pvt Ltd,1,55,0.0
city_67,0.855,Male,No relevent experience,Full time course,High School,,2,,,1,43,0.0
city_158,0.7659999999999999,Male,Has relevent experience,Part time course,Graduate,STEM,4,50-99,Pvt Ltd,1,44,
city_114,0.926,Male,No relevent experience,no_enrollment,Graduate,STEM,<1,,,>4,41,0.0
city_103,0.92,Male,Has relevent experience,no_enrollment,Graduate,STEM,>20,10000+,Pvt Ltd,2,20,0.0
city_103,0.92,Male,Has relevent experience,Part time course,Graduate,STEM,2,50-99,Pvt Ltd,1,7,0.0
city_72,0.795,Male,Has relevent experience,no_enrollment,Graduate,STEM,6,5000-9999,Pvt Ltd,1,116,
city_103,0.92,Male,Has relevent experience,no_enrollment,Masters,STEM,17,<10,Early Stage Startup,1,53,0.0
city_115,0.789,Female,No relevent experience,Full time course,Phd,STEM,19,,NGO,>4,7,0.0
city_16,0.91,Male,Has relevent experience,no_enrollment,Graduate,STEM,9,500-999,Pvt Ltd,1,51,0.0
city_114,0.926,,Has relevent experience,no_enrollment,Masters,STEM,9,100-500,Pvt Ltd,1,40,0.0
city_76,0.698,Male,Has relevent experience,no_enrollment,Graduate,STEM,5,,,1,7,0.0
city_143,0.74,,Has relevent experience,no_enrollment,Graduate,STEM,8,<10,Pvt Ltd,1,9,
city_101,0.5579999999999999,,No relevent experience,Full time course,Graduate,STEM,<1,<10,Early Stage Startup,1,53,1.0
city_21,0.624,Male,No relevent experience,,Graduate,STEM,5,,,never,24,1.0
city_16,0.91,Male,No relevent experience,Full time course,High School,,3,,,1,57,0.0
city_160,0.92,Male,Has relevent experience,no_enrollment,High School,,12,100-500,Pvt Ltd,2,74,0.0
city_103,0.92,Male,Has relevent experience,no_enrollment,Graduate,STEM,19,100-500,Pvt Ltd,1,57,1.0
city_105,0.794,Male,Has relevent experience,,Graduate,STEM,5,100-500,,2,44,0.0
city_21,0.624,,No relevent experience,Full time course,Graduate,STEM,4,,,never,37,1.0
city_103,0.92,Female,Has relevent experience,no_enrollment,Masters,STEM,18,,Public Sector,4,53,0.0
city_16,0.91,Male,Has relevent experience,no_enrollment,Graduate,STEM,15,100-500,Pvt Ltd,3,162,0.0
city_73,0.754,Female,Has relevent experience,no_enrollment,,,2,50-99,,1,17,0.0
city_103,0.92,Male,Has relevent experience,no_enrollment,Graduate,STEM,4,100-500,Pvt Ltd,4,9,0.0
city_114,0.926,,No relevent experience,no_enrollment,Phd,STEM,9,10/49,NGO,1,34,0.0
city_16,0.91,,Has relevent experience,no_enrollment,Graduate,STEM,>20,,,2,19,1.0
city_67,0.855,Female,Has relevent experience,Full time course,Graduate,STEM,8,50-99,Pvt Ltd,2,66,0.0
city_102,0.804,Male,No relevent experience,Full time course,High School,,3,1000-4999,Pvt Ltd,1,4,0.0
city_21,0.624,Male,Has relevent experience,Full time course,High School,,7,,,1,62,1.0
city_75,0.939,Male,Has relevent experience,Part time course,Phd,Arts,>20,,,>4,51,
city_28,0.939,Male,No relevent experience,no_enrollment,Graduate,STEM,4,50-99,Pvt Ltd,1,97,0.0
city_55,0.7390000000000001,,No relevent experience,Full time course,Graduate,STEM,7,,,2,83,1.0
city_160,0.92,Male,Has relevent experience,no_enrollment,Graduate,STEM,>20,10/49,Funded Startup,1,20,0.0
city_150,0.698,Male,No relevent experience,Full time course,Graduate,STEM,2,,,never,41,
city_21,0.624,Male,Has relevent experience,no_enrollment,Graduate,STEM,5,100-500,Pvt Ltd,1,190,
city_114,0.926,Male,No relevent experience,no_enrollment,High School,,5,,,never,81,0.0
city_103,0.92,,Has relevent experience,no_enrollment,Graduate,STEM,>20,10000+,Pvt Ltd,>4,8,0.0
city_123,0.738,,Has relevent experience,Full time course,Graduate,STEM,13,100-500,,,73,0.0
city_23,0.899,Male,No relevent experience,no_enrollment,Graduate,STEM,2,,,1,23,1.0
city_114,0.926,Male,No relevent experience,Full time course,Graduate,STEM,6,,,never,63,0.0
city_61,0.913,Male,Has relevent experience,no_enrollment,Graduate,STEM,11,50-99,Pvt Ltd,1,22,0.0
city_141,0.763,,Has relevent experience,no_enrollment,Graduate,STEM,6,50-99,Pvt Ltd,never,76,1.0
city_103,0.92,Male,Has relevent experience,no_enrollment,Graduate,STEM,4,100-500,NGO,1,72,
city_90,0.698,Male,No relevent experience,Part time course,Masters,STEM,3,50-99,Pvt Ltd,3,149,0.0
city_41,0.8270000000000001,Male,No relevent experience,Full time course,High School,,9,,,never,152,0.0
city_114,0.926,Male,No relevent experience,Part time course,Masters,STEM,13,50-99,Public Sector,never,52,0.0
city_104,0.924,Male,Has relevent experience,no_enrollment,High School,,7,50-99,Pvt Ltd,>4,146,0.0
city_21,0.624,Male,Has relevent experience,no_enrollment,Graduate,STEM,4,100-500,Pvt Ltd,2,94,1.0
city_69,0.856,Male,Has relevent experience,no_enrollment,Graduate,STEM,8,,,2,22,0.0
city_114,0.926,Male,Has relevent experience,no_enrollment,Masters,STEM,14,50-99,Pvt Ltd,4,28,0.0
city_71,0.884,Male,Has relevent experience,no_enrollment,Graduate,STEM,>20,<10,Pvt Ltd,3,33,
city_103,0.92,Male,No relevent experience,no_enrollment,High School,,3,,,never,2,0.0
city_21,0.624,,Has relevent experience,no_enrollment,Graduate,STEM,13,10000+,Pvt Ltd,1,136,1.0
city_103,0.92,,Has relevent experience,no_enrollment,Masters,Other,15,1000-4999,Pvt Ltd,4,43,0.0
city_21,0.624,Female,Has relevent experience,,Masters,STEM,7,50-99,Pvt Ltd,1,12,1.0
city_114,0.926,Female,No relevent experience,Part time course,High School,,3,10/49,Public Sector,1,28,1.0
city_100,0.887,Male,Has relevent experience,no_enrollment,Graduate,STEM,10,100-500,Pvt Ltd,never,102,0.0
city_103,0.92,Female,Has relevent experience,no_enrollment,Graduate,Other,2,50-99,Pvt Ltd,1,8,0.0
city_21,0.624,Male,No relevent experience,no_enrollment,Graduate,STEM,4,10000+,Pvt Ltd,1,35,0.0
city_21,0.624,Male,No relevent experience,Full time course,Graduate,STEM,10,50-99,Pvt Ltd,2,31,1.0
city_73,0.754,Male,Has relevent experience,no_enrollment,Graduate,STEM,16,5000-9999,Pvt Ltd,3,48,0.0
city_57,0.866,Male,No relevent experience,Full time course,High School,,16,,,never,130,0.0
city_21,0.624,,Has relevent experience,no_enrollment,Graduate,STEM,7,500-999,Pvt Ltd,never,99,0.0
city_114,0.926,,No relevent experience,no_enrollment,Masters,STEM,11,,,never,18,1.0
city_114,0.926,,Has relevent experience,no_enrollment,Graduate,STEM,6,50-99,Pvt Ltd,4,56,0.0
city_72,0.795,Male,No relevent experience,Full time course,Graduate,STEM,4,50-99,,1,83,0.0
city_21,0.624,Male,No relevent experience,no_enrollment,Graduate,STEM,7,10000+,Public Sector,2,36,0.0
city_24,0.698,Male,No relevent experience,Full time course,Graduate,STEM,9,,,never,5,0.0
city_103,0.92,,Has relevent experience,no_enrollment,Graduate,Arts,>20,10000+,Pvt Ltd,1,10,1.0
city_160,0.92,Male,Has relevent experience,Full time course,Graduate,STEM,8,50-99,Pvt Ltd,3,106,0.0
city_50,0.8959999999999999,Female,Has relevent experience,Full time course,Graduate,STEM,10,10/49,Funded Startup,1,328,0.0
city_83,0.923,Male,Has relevent experience,no_enrollment,Graduate,STEM,4,50-99,Funded Startup,1,17,1.0
city_114,0.926,Male,No relevent experience,no_enrollment,Graduate,Humanities,9,5000-9999,NGO,2,74,0.0
city_21,0.624,Male,Has relevent experience,no_enrollment,,,7,,,1,272,1.0
city_173,0.878,,No relevent experience,Full time course,Masters,STEM,12,50-99,Public Sector,1,152,0.0
city_16,0.91,Male,Has relevent experience,no_enrollment,High School,,2,1000-4999,Pvt Ltd,2,42,0.0
city_114,0.926,Male,Has relevent experience,no_enrollment,Masters,STEM,>20,10/49,Pvt Ltd,>4,70,0.0
city_105,0.794,Male,Has relevent experience,no_enrollment,Masters,STEM,19,50-99,Pvt Ltd,1,79,0.0
city_103,0.92,Male,Has relevent experience,no_enrollment,Masters,STEM,20,1000-4999,Pvt Ltd,1,212,0.0
city_61,0.913,Male,Has relevent experience,no_enrollment,Graduate,STEM,7,100-500,,1,21,0.0
city_136,0.897,Male,Has relevent experience,Part time course,Graduate,STEM,3,10/49,Pvt Ltd,1,46,0.0
city_136,0.897,Male,Has relevent experience,no_enrollment,Masters,STEM,11,100-500,Funded Startup,1,48,0.0
city_90,0.698,,No relevent experience,,,,2,,,never,50,0.0
city_165,0.903,Male,No relevent experience,Full time course,Masters,Humanities,<1,,,never,112,1.0
city_103,0.92,Male,Has relevent experience,no_enrollment,Graduate,STEM,>20,10/49,Pvt Ltd,2,26,0.0
city_21,0.624,Male,Has relevent experience,no_enrollment,Graduate,STEM,8,<10,Early Stage Startup,1,121,
city_64,0.6659999999999999,,No relevent experience,no_enrollment,Graduate,STEM,2,10/49,Pvt Ltd,2,68,0.0
city_160,0.92,,No relevent experience,Full time course,Graduate,STEM,5,,,1,117,1.0
city_103,0.92,Male,Has relevent experience,no_enrollment,Phd,STEM,>20,10000+,Pvt Ltd,2,17,0.0
city_21,0.624,,Has relevent experience,Full time course,Graduate,STEM,2,10000+,Pvt Ltd,,43,1.0
city_21,0.624,Male,Has relevent experience,,Masters,STEM,5,,,2,52,0.0
city_116,0.743,Male,Has relevent experience,no_enrollment,Graduate,STEM,13,100-500,Pvt Ltd,4,6,0.0
city_46,0.762,Male,Has relevent experience,no_enrollment,Graduate,STEM,19,,,1,64,1.0
city_21,0.624,,Has relevent experience,Full time course,Masters,STEM,<1,10/49,Funded Startup,2,15,
city_23,0.899,Male,Has relevent experience,no_enrollment,Graduate,STEM,>20,10000+,Pvt Ltd,>4,7,1.0
city_100,0.887,Male,Has relevent experience,Full time course,Graduate,STEM,>20,50-99,Pvt Ltd,1,23,0.0
city_16,0.91,Male,No relevent experience,Full time course,Graduate,STEM,5,,,1,26,1.0
city_19,0.682,,No relevent experience,Full time course,Graduate,STEM,3,,,,7,1.0
city_23,0.899,Male,Has relevent experience,no_enrollment,Graduate,STEM,>20,<10,Other,>4,18,0.0
city_103,0.92,Male,Has relevent experience,no_enrollment,Graduate,Humanities,1,,,1,8,1.0
city_50,0.8959999999999999,Male,No relevent experience,Full time course,Graduate,STEM,5,,,never,145,0.0
city_100,0.887,,Has relevent experience,no_enrollment,Graduate,STEM,>20,10000+,Pvt Ltd,4,12,1.0
city_19,0.682,Male,Has relevent experience,no_enrollment,Graduate,STEM,12,100-500,Pvt Ltd,3,25,0.0
city_98,0.949,Male,Has relevent experience,no_enrollment,Graduate,STEM,>20,50-99,Pvt Ltd,>4,49,0.0
city_116,0.743,Male,Has relevent experience,no_enrollment,Masters,STEM,18,1000-4999,Pvt Ltd,>4,25,0.0
city_13,0.8270000000000001,Male,Has relevent experience,no_enrollment,High School,,>20,,,4,44,0.0
city_103,0.92,Male,Has relevent experience,no_enrollment,Masters,STEM,17,10000+,Pvt Ltd,2,15,0.0
city_21,0.624,Male,Has relevent experience,no_enrollment,Graduate,STEM,7,10000+,Pvt Ltd,>4,272,
city_103,0.92,,Has relevent experience,no_enrollment,Graduate,STEM,>20,,,2,27,1.0
city_13,0.8270000000000001,Male,No relevent experience,Full time course,Graduate,STEM,12,,,never,3,0.0
city_23,0.899,Male,Has relevent experience,Full time course,High School,,3,10000+,Pvt Ltd,2,29,0.0
city_114,0.926,Male,Has relevent experience,no_enrollment,Masters,STEM,14,50-99,Funded Startup,1,52,0.0
city_16,0.91,Male,Has relevent experience,no_enrollment,Graduate,STEM,>20,1000-4999,Pvt Ltd,2,19,0.0
city_102,0.804,,No relevent experience,no_enrollment,Graduate,STEM,15,,,>4,43,1.0
city_101,0.5579999999999999,Male,Has relevent experience,no_enrollment,Graduate,STEM,8,10/49,Early Stage Startup,1,21,1.0
city_160,0.92,Male,Has relevent experience,no_enrollment,Graduate,STEM,6,100-500,Funded Startup,1,102,
city_50,0.8959999999999999,,Has relevent experience,no_enrollment,High School,,6,<10,Funded Startup,2,8,0.0
city_103,0.92,Male,Has relevent experience,no_enrollment,Graduate,STEM,17,50-99,Funded Startup,4,11,0.0
city_21,0.624,Male,No relevent experience,,Graduate,STEM,1,,Pvt Ltd,1,90,
city_50,0.8959999999999999,Male,No relevent experience,Full time course,High School,,4,,,2,11,0.0
city_99,0.915,,Has relevent experience,no_enrollment,Graduate,STEM,9,1000-4999,Pvt Ltd,1,68,
city_103,0.92,Male,Has relevent experience,no_enrollment,Masters,STEM,>20,10/49,Funded Startup,2,308,0.0
city_67,0.855,Female,No relevent experience,Full time course,High School,,2,10000+,,1,6,0.0
city_21,0.624,Male,Has relevent experience,no_enrollment,Graduate,STEM,2,10000+,Pvt Ltd,2,28,0.0
city_61,0.913,Female,Has relevent experience,no_enrollment,Masters,STEM,>20,10000+,Pvt Ltd,>4,29,
city_160,0.92,Male,Has relevent experience,no_enrollment,Graduate,STEM,>20,1000-4999,Public Sector,never,8,0.0
city_140,0.856,Male,No relevent experience,no_enrollment,High School,,1,,Pvt Ltd,never,26,0.0
city_21,0.624,,Has relevent experience,no_enrollment,,,4,,,1,48,1.0
city_114,0.926,,No relevent experience,no_enrollment,Phd,Humanities,>20,,,1,48,0.0
city_103,0.92,Male,Has relevent experience,no_enrollment,Graduate,STEM,4,,,2,44,0.0
city_21,0.624,Male,No relevent experience,Full time course,Graduate,STEM,4,,,never,70,1.0
city_103,0.92,Male,Has relevent experience,no_enrollment,Graduate,STEM,5,100-500,Pvt Ltd,1,5,0.0
city_100,0.887,Male,Has relevent experience,no_enrollment,High School,,15,<10,Pvt Ltd,1,76,0.0
city_21,0.624,Male,No relevent experience,no_enrollment,Graduate,Other,6,,,1,58,1.0
city_21,0.624,Male,Has relevent experience,no_enrollment,Graduate,STEM,6,<10,Funded Startup,1,88,0.0
city_158,0.7659999999999999,Male,Has relevent experience,no_enrollment,Graduate,STEM,3,50-99,Pvt Ltd,1,9,0.0
city_160,0.92,Male,Has relevent experience,no_enrollment,Graduate,STEM,5,50-99,Pvt Ltd,2,41,0.0
city_21,0.624,Male,Has relevent experience,Full time course,Masters,STEM,2,10000+,Pvt Ltd,1,23,
city_160,0.92,Female,Has relevent experience,no_enrollment,Masters,STEM,2,,,1,40,0.0
city_136,0.897,,No relevent experience,Full time course,Graduate,STEM,<1,,,never,31,1.0
city_103,0.92,Male,Has relevent experience,no_enrollment,Graduate,STEM,17,50-99,Funded Startup,1,81,1.0
city_160,0.92,,No relevent experience,no_enrollment,Masters,Humanities,2,<10,Early Stage Startup,1,43,0.0
city_75,0.939,Male,No relevent experience,no_enrollment,,,10,<10,Pvt Ltd,>4,25,0.0
city_136,0.897,,Has relevent experience,Full time course,Masters,STEM,9,10000+,Pvt Ltd,1,13,0.0
city_64,0.6659999999999999,Male,Has relevent experience,no_enrollment,Graduate,STEM,7,100-500,Pvt Ltd,1,126,0.0
city_10,0.895,Male,Has relevent experience,no_enrollment,Graduate,STEM,10,,,4,20,0.0
city_103,0.92,Male,Has relevent experience,no_enrollment,Phd,STEM,>20,1000-4999,Public Sector,>4,5,1.0
city_100,0.887,Male,Has relevent experience,no_enrollment,Graduate,STEM,14,1000-4999,Pvt Ltd,1,19,0.0
city_101,0.5579999999999999,Male,Has relevent experience,no_enrollment,Graduate,STEM,4,50-99,Pvt Ltd,1,8,0.0
city_104,0.924,Male,Has relevent experience,no_enrollment,Masters,Business Degree,19,1000-4999,Pvt Ltd,2,70,0.0
city_160,0.92,Male,Has relevent experience,no_enrollment,Graduate,STEM,4,100-500,Pvt Ltd,1,57,0.0
city_114,0.926,Female,Has relevent experience,no_enrollment,Graduate,STEM,19,10/49,Pvt Ltd,4,70,0.0
city_103,0.92,Female,No relevent experience,no_enrollment,Graduate,STEM,14,100-500,,never,147,0.0
city_103,0.92,Male,Has relevent experience,no_enrollment,Graduate,STEM,12,50-99,Funded Startup,1,42,0.0
city_160,0.92,,No relevent experience,Part time course,Graduate,STEM,5,,,never,78,1.0
city_103,0.92,Male,Has relevent experience,no_enrollment,Graduate,STEM,>20,1000-4999,Pvt Ltd,>4,64,0.0
city_160,0.92,Male,Has relevent experience,no_enrollment,Graduate,Humanities,>20,,,>4,50,0.0
city_173,0.878,Male,Has relevent experience,no_enrollment,Masters,STEM,18,1000-4999,Pvt Ltd,>4,11,0.0
city_61,0.913,Male,Has relevent experience,no_enrollment,Graduate,STEM,>20,<10,Funded Startup,1,21,0.0
city_114,0.926,Male,Has relevent experience,no_enrollment,Graduate,Business Degree,4,100-500,Pvt Ltd,3,29,0.0
city_21,0.624,,No relevent experience,no_enrollment,High School,,<1,,,never,15,0.0
city_21,0.624,Male,Has relevent experience,no_enrollment,Graduate,STEM,5,1000-4999,Pvt Ltd,1,25,
city_103,0.92,Male,No relevent experience,Part time course,High School,,5,,,1,96,0.0
city_21,0.624,Male,Has relevent experience,Full time course,High School,,4,,,never,75,0.0
city_61,0.913,Male,Has relevent experience,no_enrollment,Graduate,STEM,11,100-500,Pvt Ltd,1,45,0.0
city_103,0.92,,Has relevent experience,no_enrollment,Masters,STEM,13,10000+,Pvt Ltd,1,50,0.0
city_76,0.698,Male,Has relevent experience,no_enrollment,Graduate,STEM,17,<10,Pvt Ltd,4,31,0.0
city_103,0.92,Female,Has relevent experience,no_enrollment,Masters,STEM,4,5000-9999,Public Sector,1,20,
city_10,0.895,Male,Has relevent experience,Full time course,Graduate,STEM,9,100-500,Pvt Ltd,2,10,1.0
city_21,0.624,,No relevent experience,Full time course,Graduate,STEM,3,,,,67,1.0
city_100,0.887,,Has relevent experience,no_enrollment,Graduate,STEM,10,50-99,Pvt Ltd,2,69,0.0
city_75,0.939,Male,Has relevent experience,no_enrollment,Graduate,STEM,9,,Pvt Ltd,1,40,0.0
city_142,0.727,,Has relevent experience,no_enrollment,Graduate,STEM,7,100-500,Pvt Ltd,2,21,0.0
city_102,0.804,Male,Has relevent experience,no_enrollment,Graduate,STEM,11,,,1,96,1.0
city_114,0.926,Male,Has relevent experience,Full time course,Graduate,STEM,8,50-99,Funded Startup,1,316,0.0
city_103,0.92,Male,Has relevent experience,Full time course,Graduate,STEM,5,,,1,25,1.0
city_114,0.926,Male,Has relevent experience,Full time course,Masters,STEM,15,100-500,Pvt Ltd,1,330,0.0
city_160,0.92,Male,Has relevent experience,no_enrollment,Graduate,Business Degree,>20,,,3,112,1.0
city_21,0.624,,Has relevent experience,no_enrollment,Graduate,STEM,4,1000-4999,Pvt Ltd,2,149,1.0
city_50,0.8959999999999999,,No relevent experience,no_enrollment,Graduate,STEM,>20,,,>4,5,0.0
city_103,0.92,Male,Has relevent experience,no_enrollment,Masters,STEM,12,,,1,1,1.0
city_10,0.895,Male,Has relevent experience,Part time course,Graduate,Arts,2,10/49,Pvt Ltd,1,2,0.0
city_107,0.518,,No relevent experience,Full time course,Masters,STEM,8,,Pvt Ltd,never,6,1.0
city_21,0.624,Male,Has relevent experience,no_enrollment,Graduate,STEM,10,10/49,Early Stage Startup,1,24,0.0
city_21,0.624,Male,Has relevent experience,no_enrollment,Graduate,STEM,7,100-500,Pvt Ltd,3,24,0.0
city_103,0.92,Male,Has relevent experience,no_enrollment,Graduate,STEM,5,100-500,Pvt Ltd,2,26,0.0
city_104,0.924,Male,Has relevent experience,Full time course,Graduate,STEM,5,50-99,Pvt Ltd,1,9,0.0
city_65,0.802,Male,Has relevent experience,no_enrollment,Graduate,Humanities,10,<10,Pvt Ltd,>4,14,0.0
city_71,0.884,Male,Has relevent experience,no_enrollment,Graduate,STEM,5,10/49,Funded Startup,1,87,0.0
city_114,0.926,Male,No relevent experience,no_enrollment,Graduate,STEM,>20,500-999,Pvt Ltd,>4,63,0.0
city_114,0.926,Male,Has relevent experience,no_enrollment,Masters,STEM,10,10000+,Pvt Ltd,1,42,0.0
city_136,0.897,,Has relevent experience,Part time course,Masters,STEM,4,,,2,160,0.0
city_21,0.624,Male,Has relevent experience,,Graduate,STEM,3,,,1,198,0.0
city_103,0.92,Male,Has relevent experience,no_enrollment,Graduate,STEM,19,100-500,Funded Startup,4,14,1.0
city_71,0.884,,Has relevent experience,no_enrollment,Graduate,STEM,15,50-99,Pvt Ltd,3,86,1.0
city_103,0.92,Female,Has relevent experience,no_enrollment,Graduate,STEM,>20,,,>4,26,0.0
city_160,0.92,Male,Has relevent experience,no_enrollment,Graduate,STEM,7,<10,Early Stage Startup,1,59,
city_21,0.624,Male,No relevent experience,no_enrollment,Graduate,STEM,<1,,,1,50,1.0
city_103,0.92,Male,Has relevent experience,no_enrollment,Graduate,Arts,>20,50-99,Pvt Ltd,>4,21,0.0
city_21,0.624,Male,Has relevent experience,,Masters,STEM,9,50-99,Funded Startup,1,23,1.0
city_70,0.698,,Has relevent experience,no_enrollment,Graduate,STEM,2,1000-4999,Other,1,140,1.0
city_103,0.92,,No relevent experience,Full time course,High School,,<1,,,,46,0.0
city_67,0.855,Male,Has relevent experience,no_enrollment,Masters,STEM,7,10/49,NGO,>4,102,1.0
city_75,0.939,Male,Has relevent experience,no_enrollment,Graduate,STEM,17,,,>4,46,0.0
city_150,0.698,Male,Has relevent experience,no_enrollment,Phd,STEM,18,100-500,Public Sector,1,22,0.0
city_103,0.92,Female,Has relevent experience,no_enrollment,Graduate,Humanities,>20,,Pvt Ltd,1,34,
city_160,0.92,,Has relevent experience,no_enrollment,Graduate,STEM,>20,,,>4,83,1.0
city_149,0.6890000000000001,Male,Has relevent experience,no_enrollment,Graduate,STEM,>20,,,never,20,0.0
city_100,0.887,Male,No relevent experience,no_enrollment,Masters,STEM,9,<10,,>4,20,
city_16,0.91,Male,Has relevent experience,no_enrollment,Graduate,Business Degree,4,50-99,Pvt Ltd,1,59,0.0
city_16,0.91,Male,No relevent experience,Full time course,High School,,4,,,1,14,0.0
city_103,0.92,Male,Has relevent experience,no_enrollment,Graduate,STEM,18,,,never,116,1.0
city_103,0.92,,Has relevent experience,no_enrollment,Graduate,STEM,5,,,1,58,0.0
city_11,0.55,Male,Has relevent experience,no_enrollment,Graduate,STEM,7,50-99,Pvt Ltd,2,18,1.0
city_102,0.804,Male,Has relevent experience,Full time course,High School,,10,5000-9999,,1,69,0.0
city_103,0.92,Male,No relevent experience,Full time course,Graduate,STEM,6,,,1,114,1.0
city_21,0.624,Male,Has relevent experience,no_enrollment,Masters,STEM,9,1000-4999,Pvt Ltd,>4,52,0.0
city_160,0.92,Male,Has relevent experience,no_enrollment,Masters,STEM,>20,,,1,16,0.0
city_103,0.92,,Has relevent experience,no_enrollment,Graduate,STEM,9,10000+,Pvt Ltd,3,92,0.0
city_103,0.92,Male,Has relevent experience,no_enrollment,Graduate,STEM,13,10000+,Pvt Ltd,1,46,0.0
city_16,0.91,Male,Has relevent experience,no_enrollment,Graduate,STEM,4,500-999,,1,44,0.0
city_103,0.92,Female,Has relevent experience,no_enrollment,Graduate,STEM,6,50-99,Early Stage Startup,2,310,0.0
city_21,0.624,,No relevent experience,Full time course,High School,,6,,,never,196,0.0
city_83,0.923,Male,No relevent experience,Full time course,Graduate,STEM,2,100-500,Pvt Ltd,1,25,0.0
city_16,0.91,Male,Has relevent experience,no_enrollment,Graduate,STEM,11,,,1,38,0.0
city_16,0.91,Male,Has relevent experience,no_enrollment,Graduate,STEM,15,10000+,Pvt Ltd,>4,49,0.0
city_21,0.624,,Has relevent experience,Full time course,Masters,STEM,5,100-500,Pvt Ltd,1,88,0.0
city_114,0.926,Male,Has relevent experience,no_enrollment,Graduate,STEM,11,100-500,Pvt Ltd,4,21,0.0
city_102,0.804,Male,Has relevent experience,no_enrollment,Masters,STEM,11,1000-4999,Pvt Ltd,1,15,1.0
city_21,0.624,,Has relevent experience,no_enrollment,Graduate,STEM,6,100-500,Pvt Ltd,1,20,1.0
city_114,0.926,Male,Has relevent experience,no_enrollment,Masters,STEM,10,10000+,Pvt Ltd,1,39,
city_103,0.92,Male,No relevent experience,no_enrollment,Primary School,,5,,Pvt Ltd,never,22,0.0
city_103,0.92,Male,Has relevent experience,no_enrollment,Graduate,Humanities,2,10000+,Other,1,80,0.0
city_21,0.624,Male,Has relevent experience,no_enrollment,Masters,STEM,3,10/49,Pvt Ltd,1,4,1.0
city_16,0.91,Female,Has relevent experience,no_enrollment,High School,,2,10/49,,1,25,0.0
city_103,0.92,Male,Has relevent experience,no_enrollment,Graduate,STEM,>20,1000-4999,Pvt Ltd,4,69,0.0
city_103,0.92,Male,No relevent experience,Full time course,High School,,6,,,1,45,1.0
city_103,0.92,Male,Has relevent experience,no_enrollment,Graduate,STEM,>20,5000-9999,Pvt Ltd,1,63,0.0
city_114,0.926,Male,Has relevent experience,no_enrollment,Graduate,STEM,>20,100-500,Pvt Ltd,>4,46,0.0
city_136,0.897,,Has relevent experience,no_enrollment,Masters,STEM,19,,,1,95,0.0
city_21,0.624,Male,No relevent experience,Full time course,Graduate,STEM,5,,,1,91,1.0
city_24,0.698,Male,Has relevent experience,no_enrollment,Masters,STEM,9,100-500,Pvt Ltd,2,48,0.0
city_16,0.91,Male,Has relevent experience,no_enrollment,Graduate,STEM,7,10/49,Pvt Ltd,3,33,1.0
city_73,0.754,,Has relevent experience,no_enrollment,Masters,STEM,4,,,1,33,1.0
city_103,0.92,,Has relevent experience,no_enrollment,Graduate,STEM,8,,,1,172,0.0
city_67,0.855,Male,Has relevent experience,no_enrollment,Graduate,STEM,11,,,1,50,0.0
city_103,0.92,Male,Has relevent experience,no_enrollment,Graduate,STEM,6,100-500,Public Sector,1,11,0.0
city_114,0.926,Female,Has relevent experience,no_enrollment,Graduate,STEM,10,50-99,Pvt Ltd,3,44,
city_136,0.897,Male,Has relevent experience,no_enrollment,Graduate,STEM,>20,1000-4999,Pvt Ltd,>4,122,0.0
city_103,0.92,Male,Has relevent experience,no_enrollment,Graduate,STEM,9,10000+,Pvt Ltd,>4,14,1.0
city_101,0.5579999999999999,Male,No relevent experience,Full time course,High School,,2,,,never,100,0.0
city_160,0.92,,No relevent experience,no_enrollment,Phd,STEM,19,100-500,Pvt Ltd,>4,152,0.0
city_104,0.924,Male,Has relevent experience,no_enrollment,Masters,STEM,>20,1000-4999,Pvt Ltd,>4,162,0.0
city_114,0.926,Male,Has relevent experience,no_enrollment,Masters,STEM,6,1000-4999,Pvt Ltd,1,88,0.0
city_83,0.923,Male,Has relevent experience,no_enrollment,Graduate,STEM,19,,,>4,30,1.0
city_83,0.923,Male,No relevent experience,Full time course,Graduate,STEM,3,,,1,37,0.0
city_73,0.754,Male,Has relevent experience,no_enrollment,High School,,15,,,1,152,1.0
city_21,0.624,Female,No relevent experience,Full time course,High School,,3,,,never,26,1.0
city_103,0.92,Male,Has relevent experience,no_enrollment,Graduate,STEM,14,,,1,60,0.0
city_173,0.878,Male,Has relevent experience,Full time course,Graduate,STEM,10,,,4,53,1.0
city_160,0.92,Male,Has relevent experience,no_enrollment,Graduate,STEM,16,5000-9999,Pvt Ltd,>4,7,0.0
city_67,0.855,Male,Has relevent experience,Full time course,High School,,16,10000+,Pvt Ltd,>4,14,0.0
city_16,0.91,Male,No relevent experience,no_enrollment,Graduate,STEM,19,1000-4999,Pvt Ltd,1,56,0.0
city_103,0.92,Female,Has relevent experience,no_enrollment,Graduate,STEM,>20,500-999,Pvt Ltd,1,24,
city_21,0.624,Male,Has relevent experience,no_enrollment,High School,,12,,,2,135,0.0
city_103,0.92,Male,Has relevent experience,no_enrollment,Graduate,Other,>20,100-500,Pvt Ltd,>4,33,0.0
city_165,0.903,Male,Has relevent experience,no_enrollment,Phd,STEM,>20,,,1,76,
city_158,0.7659999999999999,Male,Has relevent experience,no_enrollment,Graduate,STEM,5,100-500,Pvt Ltd,>4,19,1.0
city_103,0.92,Male,Has relevent experience,no_enrollment,Graduate,STEM,>20,50-99,Funded Startup,1,76,0.0
city_160,0.92,Male,No relevent experience,no_enrollment,Graduate,STEM,8,,Public Sector,1,56,1.0
city_16,0.91,Male,Has relevent experience,Part time course,Graduate,STEM,10,50-99,Pvt Ltd,4,206,0.0
city_103,0.92,Male,Has relevent experience,no_enrollment,Graduate,STEM,>20,50-99,Pvt Ltd,>4,56,1.0
city_103,0.92,Male,Has relevent experience,no_enrollment,Graduate,Humanities,11,,Pvt Ltd,3,48,0.0
city_103,0.92,Male,Has relevent experience,no_enrollment,Graduate,STEM,>20,,,3,7,1.0
city_100,0.887,,Has relevent experience,no_enrollment,High School,,>20,50-99,Pvt Ltd,never,19,0.0
city_138,0.836,Male,Has relevent experience,no_enrollment,Graduate,STEM,>20,,,1,24,0.0
city_97,0.925,Male,Has relevent experience,no_enrollment,Masters,STEM,19,10/49,Pvt Ltd,1,58,0.0
city_104,0.924,Male,Has relevent experience,no_enrollment,Graduate,STEM,14,50-99,Funded Startup,2,21,0.0
city_173,0.878,,Has relevent experience,no_enrollment,Graduate,STEM,17,10/49,Pvt Ltd,>4,43,0.0
city_160,0.92,Male,Has relevent experience,Full time course,Graduate,STEM,15,,,1,18,1.0
city_99,0.915,,Has relevent experience,no_enrollment,Graduate,STEM,4,<10,Early Stage Startup,1,69,0.0
city_103,0.92,Male,Has relevent experience,no_enrollment,Masters,STEM,1,100-500,Pvt Ltd,1,22,0.0
city_99,0.915,Male,No relevent experience,Full time course,High School,,7,,,never,138,1.0
city_136,0.897,Male,Has relevent experience,no_enrollment,High School,,18,10000+,Pvt Ltd,1,43,
city_160,0.92,Female,Has relevent experience,no_enrollment,Graduate,Humanities,6,50-99,,1,30,0.0
city_103,0.92,Male,Has relevent experience,no_enrollment,Graduate,Other,4,100-500,Pvt Ltd,1,22,0.0
city_21,0.624,,Has relevent experience,no_enrollment,Masters,Arts,6,10/49,Pvt Ltd,1,21,1.0
city_71,0.884,Other,Has relevent experience,no_enrollment,Graduate,Arts,<1,,,1,8,1.0
city_46,0.762,Male,Has relevent experience,no_enrollment,Graduate,STEM,18,<10,Pvt Ltd,1,50,0.0
city_73,0.754,Male,Has relevent experience,no_enrollment,Graduate,STEM,10,10/49,Funded Startup,1,161,0.0
city_71,0.884,Male,No relevent experience,Full time course,High School,,8,,,1,113,0.0
city_16,0.91,Male,Has relevent experience,no_enrollment,Graduate,STEM,8,50-99,Pvt Ltd,1,24,0.0
city_61,0.913,Male,Has relevent experience,no_enrollment,Graduate,STEM,15,50-99,Pvt Ltd,1,3,0.0
city_103,0.92,Male,No relevent experience,no_enrollment,High School,,4,,,1,7,0.0
city_155,0.556,,Has relevent experience,no_enrollment,Graduate,STEM,16,<10,Early Stage Startup,1,26,1.0
city_39,0.898,Male,No relevent experience,Full time course,Graduate,STEM,3,,,1,8,0.0
city_103,0.92,,No relevent experience,no_enrollment,Graduate,STEM,5,,,never,10,
city_123,0.738,Male,Has relevent experience,no_enrollment,Masters,STEM,14,<10,Early Stage Startup,1,67,
city_46,0.762,Male,Has relevent experience,Part time course,Masters,STEM,19,,,1,31,1.0
city_28,0.939,Male,Has relevent experience,no_enrollment,Graduate,STEM,15,5000-9999,Public Sector,>4,105,0.0
city_28,0.939,Male,Has relevent experience,no_enrollment,Graduate,STEM,9,1000-4999,Pvt Ltd,>4,11,0.0
city_136,0.897,,No relevent experience,Full time course,Graduate,STEM,4,,,1,87,0.0
city_103,0.92,Male,Has relevent experience,no_enrollment,Graduate,STEM,5,10000+,Pvt Ltd,1,16,0.0
city_123,0.738,,No relevent experience,no_enrollment,Masters,STEM,15,50-99,Pvt Ltd,,44,0.0
city_116,0.743,Male,No relevent experience,,Masters,STEM,2,,,1,44,0.0
city_103,0.92,Female,Has relevent experience,no_enrollment,Graduate,STEM,2,10/49,Funded Startup,1,204,0.0
city_16,0.91,Male,No relevent experience,no_enrollment,Graduate,STEM,4,,,2,46,0.0
city_21,0.624,,Has relevent experience,no_enrollment,Graduate,STEM,3,100-500,Pvt Ltd,1,90,0.0
city_103,0.92,Male,Has relevent experience,no_enrollment,Graduate,STEM,4,50-99,Pvt Ltd,1,12,0.0
city_36,0.893,Male,Has relevent experience,Part time course,Graduate,Arts,8,10/49,Public Sector,1,23,0.0
city_16,0.91,Male,Has relevent experience,no_enrollment,Phd,STEM,>20,100-500,NGO,1,23,0.0
city_100,0.887,Male,Has relevent experience,no_enrollment,Masters,STEM,15,,Pvt Ltd,>4,250,0.0
city_103,0.92,Male,Has relevent experience,no_enrollment,High School,,6,10000+,Pvt Ltd,1,4,0.0
city_103,0.92,Male,Has relevent experience,no_enrollment,Graduate,Business Degree,2,100-500,Pvt Ltd,1,54,0.0
city_103,0.92,,Has relevent experience,no_enrollment,Graduate,STEM,18,50-99,Pvt Ltd,1,10,1.0
city_103,0.92,Male,Has relevent experience,no_enrollment,Graduate,STEM,9,50-99,Pvt Ltd,1,53,0.0
city_16,0.91,,Has relevent experience,no_enrollment,Graduate,STEM,>20,,,1,57,0.0
city_138,0.836,Male,No relevent experience,no_enrollment,High School,,3,,,never,9,0.0
city_74,0.579,Male,Has relevent experience,no_enrollment,Graduate,STEM,6,10000+,Pvt Ltd,1,202,1.0
city_104,0.924,,No relevent experience,Full time course,Graduate,Other,5,,,1,50,0.0
city_16,0.91,Male,Has relevent experience,no_enrollment,Primary School,,7,500-999,Pvt Ltd,never,12,0.0
city_123,0.738,Male,Has relevent experience,Full time course,Graduate,STEM,6,100-500,Pvt Ltd,1,39,0.0
city_11,0.55,,Has relevent experience,no_enrollment,Graduate,STEM,6,500-999,Pvt Ltd,1,62,1.0
city_21,0.624,Male,Has relevent experience,no_enrollment,Masters,STEM,4,1000-4999,Pvt Ltd,1,28,0.0
city_57,0.866,Male,Has relevent experience,no_enrollment,Graduate,STEM,17,100-500,Pvt Ltd,1,24,0.0
city_16,0.91,Male,Has relevent experience,no_enrollment,Graduate,STEM,9,50-99,Pvt Ltd,1,9,0.0
city_160,0.92,,Has relevent experience,no_enrollment,Masters,STEM,8,10000+,Pvt Ltd,1,33,0.0
city_114,0.926,Male,Has relevent experience,no_enrollment,Masters,STEM,>20,100-500,,>4,12,0.0
city_36,0.893,Male,Has relevent experience,no_enrollment,Graduate,STEM,5,<10,Early Stage Startup,1,27,0.0
city_103,0.92,Male,Has relevent experience,no_enrollment,Graduate,STEM,>20,10000+,Pvt Ltd,3,228,0.0
city_21,0.624,,No relevent experience,no_enrollment,Masters,STEM,2,50-99,Early Stage Startup,1,10,1.0
city_104,0.924,Male,No relevent experience,Full time course,,,3,,,>4,264,0.0
city_103,0.92,Male,No relevent experience,Full time course,,,,,,,21,0.0
city_16,0.91,,Has relevent experience,no_enrollment,Graduate,STEM,12,1000-4999,Pvt Ltd,1,18,
city_104,0.924,Male,Has relevent experience,no_enrollment,Graduate,STEM,10,50-99,Pvt Ltd,1,158,
city_150,0.698,Male,Has relevent experience,no_enrollment,,,11,,,1,190,0.0
city_21,0.624,,Has relevent experience,no_enrollment,Graduate,STEM,3,50-99,Pvt Ltd,2,25,0.0
city_71,0.884,Male,Has relevent experience,no_enrollment,Graduate,STEM,15,<10,Early Stage Startup,1,54,0.0
city_103,0.92,,Has relevent experience,no_enrollment,Graduate,STEM,15,1000-4999,NGO,2,11,0.0
city_16,0.91,Male,Has relevent experience,no_enrollment,Graduate,STEM,14,,,1,10,0.0
city_103,0.92,Male,Has relevent experience,no_enrollment,Graduate,STEM,9,1000-4999,Pvt Ltd,2,71,1.0
city_103,0.92,Male,Has relevent experience,no_enrollment,Graduate,STEM,13,100-500,Funded Startup,1,19,0.0
city_103,0.92,Male,Has relevent experience,no_enrollment,Graduate,STEM,2,1000-4999,Pvt Ltd,1,43,0.0
city_136,0.897,Male,No relevent experience,no_enrollment,Masters,STEM,15,1000-4999,Public Sector,>4,29,0.0
city_75,0.939,Male,No relevent experience,no_enrollment,High School,,6,50-99,Pvt Ltd,>4,162,0.0
city_21,0.624,Male,No relevent experience,Full time course,Graduate,STEM,4,,,1,132,1.0
city_103,0.92,Male,Has relevent experience,no_enrollment,Graduate,STEM,7,<10,Early Stage Startup,1,324,0.0
city_21,0.624,Male,Has relevent experience,no_enrollment,Graduate,STEM,8,5000-9999,Pvt Ltd,1,57,1.0
city_65,0.802,Male,No relevent experience,Full time course,Graduate,STEM,8,,,1,36,1.0
city_65,0.802,,Has relevent experience,no_enrollment,Masters,STEM,>20,50-99,Pvt Ltd,1,102,
city_103,0.92,,Has relevent experience,no_enrollment,Graduate,STEM,7,1000-4999,Pvt Ltd,never,218,0.0
city_160,0.92,Male,Has relevent experience,no_enrollment,Graduate,STEM,16,100-500,Pvt Ltd,>4,67,
city_16,0.91,Male,Has relevent experience,no_enrollment,Masters,Humanities,>20,100-500,Pvt Ltd,>4,34,0.0
city_103,0.92,Male,Has relevent experience,no_enrollment,Graduate,STEM,7,<10,Pvt Ltd,4,196,0.0
city_16,0.91,Male,Has relevent experience,no_enrollment,Graduate,STEM,>20,10000+,Pvt Ltd,>4,64,0.0
city_160,0.92,Male,No relevent experience,Full time course,Graduate,STEM,2,,,1,88,0.0
city_16,0.91,Male,Has relevent experience,no_enrollment,Graduate,STEM,>20,<10,Pvt Ltd,>4,56,0.0
city_142,0.727,Male,Has relevent experience,no_enrollment,Graduate,STEM,12,50-99,Pvt Ltd,1,70,0.0
city_21,0.624,,Has relevent experience,no_enrollment,Graduate,STEM,2,10000+,Pvt Ltd,1,71,0.0
city_23,0.899,,Has relevent experience,no_enrollment,Graduate,STEM,10,100-500,Pvt Ltd,1,44,0.0
city_114,0.926,,Has relevent experience,Full time course,Masters,STEM,4,10000+,,2,24,0.0
city_21,0.624,,Has relevent experience,Full time course,Graduate,STEM,1,1000-4999,Pvt Ltd,,131,0.0
city_103,0.92,Male,Has relevent experience,no_enrollment,Graduate,STEM,6,10000+,Pvt Ltd,2,24,0.0
city_67,0.855,Male,Has relevent experience,no_enrollment,Graduate,STEM,17,,,4,19,0.0
city_136,0.897,,No relevent experience,Full time course,High School,,<1,,,never,40,0.0
city_103,0.92,Female,No relevent experience,Full time course,Graduate,STEM,4,,,never,51,0.0
city_16,0.91,Male,Has relevent experience,no_enrollment,Graduate,STEM,11,50-99,Pvt Ltd,>4,17,0.0
city_136,0.897,Male,Has relevent experience,no_enrollment,Masters,STEM,8,100-500,,1,24,0.0
city_103,0.92,,No relevent experience,no_enrollment,,,3,,,,147,0.0
city_103,0.92,,Has relevent experience,no_enrollment,Graduate,Humanities,2,50-99,Funded Startup,2,53,0.0
city_41,0.8270000000000001,Male,Has relevent experience,no_enrollment,Graduate,STEM,18,100-500,Pvt Ltd,>4,22,0.0
city_50,0.8959999999999999,Male,Has relevent experience,no_enrollment,Masters,STEM,>20,50-99,Pvt Ltd,>4,78,0.0
city_37,0.794,Male,No relevent experience,no_enrollment,Graduate,STEM,7,,,never,48,1.0
city_103,0.92,Male,Has relevent experience,no_enrollment,Graduate,STEM,>20,1000-4999,Pvt Ltd,1,72,0.0
city_64,0.6659999999999999,Female,Has relevent experience,no_enrollment,Graduate,STEM,6,100-500,,never,18,0.0
city_16,0.91,Other,No relevent experience,Full time course,Graduate,Humanities,8,,,1,48,0.0
city_21,0.624,Male,Has relevent experience,no_enrollment,Graduate,STEM,5,,,2,188,0.0
city_104,0.924,Male,Has relevent experience,no_enrollment,Masters,STEM,3,5000-9999,Pvt Ltd,1,102,0.0
city_103,0.92,,Has relevent experience,no_enrollment,Graduate,Other,13,10000+,Pvt Ltd,1,34,0.0
city_100,0.887,Male,Has relevent experience,Part time course,Graduate,STEM,7,,,,33,0.0
city_75,0.939,Male,No relevent experience,no_enrollment,Primary School,,6,,Pvt Ltd,never,99,0.0
city_159,0.843,Male,No relevent experience,Full time course,Graduate,STEM,5,,,never,52,
city_142,0.727,Male,Has relevent experience,no_enrollment,Graduate,STEM,7,<10,Funded Startup,2,56,0.0
city_100,0.887,Male,Has relevent experience,no_enrollment,Graduate,STEM,>20,10/49,Pvt Ltd,>4,91,0.0
city_11,0.55,Male,No relevent experience,Full time course,Graduate,Humanities,<1,,,never,43,0.0
city_89,0.925,,Has relevent experience,no_enrollment,Graduate,STEM,>20,<10,Early Stage Startup,1,42,
city_16,0.91,Male,Has relevent experience,no_enrollment,Graduate,STEM,15,1000-4999,Pvt Ltd,>4,66,1.0
city_136,0.897,Male,No relevent experience,no_enrollment,Graduate,Business Degree,17,,,>4,51,0.0
city_64,0.6659999999999999,Male,Has relevent experience,no_enrollment,Graduate,Humanities,>20,500-999,Pvt Ltd,1,79,0.0
city_103,0.92,Male,Has relevent experience,Full time course,Masters,Business Degree,>20,,,2,12,0.0
city_21,0.624,Male,Has relevent experience,no_enrollment,Graduate,STEM,3,10000+,Pvt Ltd,2,154,1.0
city_101,0.5579999999999999,Male,Has relevent experience,no_enrollment,Graduate,STEM,3,<10,Early Stage Startup,never,61,1.0
city_71,0.884,Male,Has relevent experience,no_enrollment,Masters,STEM,15,500-999,Pvt Ltd,>4,116,0.0
city_73,0.754,,Has relevent experience,no_enrollment,Graduate,STEM,>20,500-999,Pvt Ltd,4,47,1.0
city_21,0.624,,Has relevent experience,no_enrollment,Graduate,STEM,9,100-500,Pvt Ltd,,88,1.0
city_71,0.884,,No relevent experience,no_enrollment,,,2,,,never,162,0.0
city_123,0.738,,Has relevent experience,Full time course,Graduate,STEM,8,100-500,Pvt Ltd,1,4,0.0
city_123,0.738,Male,Has relevent experience,no_enrollment,Graduate,Humanities,2,100-500,Pvt Ltd,1,12,0.0
city_73,0.754,Male,No relevent experience,no_enrollment,High School,,6,100-500,Public Sector,never,100,0.0
city_103,0.92,Male,Has relevent experience,no_enrollment,Masters,STEM,15,100-500,Pvt Ltd,2,4,0.0
city_83,0.923,Female,Has relevent experience,no_enrollment,Graduate,STEM,10,100-500,Pvt Ltd,>4,24,0.0
city_103,0.92,Male,Has relevent experience,no_enrollment,Graduate,STEM,>20,,Pvt Ltd,1,60,0.0
city_77,0.83,Male,Has relevent experience,no_enrollment,Masters,STEM,9,50-99,Pvt Ltd,1,66,0.0
city_16,0.91,Male,Has relevent experience,no_enrollment,Masters,STEM,18,10000+,Pvt Ltd,2,17,0.0
city_16,0.91,Male,No relevent experience,no_enrollment,Masters,STEM,>20,500-999,Pvt Ltd,never,72,0.0
city_173,0.878,Male,No relevent experience,Full time course,Graduate,STEM,9,,,1,21,1.0
city_102,0.804,Male,Has relevent experience,no_enrollment,Graduate,STEM,6,10/49,Pvt Ltd,4,18,
city_100,0.887,Male,Has relevent experience,no_enrollment,Masters,STEM,10,100-500,,3,7,0.0
city_21,0.624,,No relevent experience,no_enrollment,Primary School,,<1,,,never,15,1.0
city_103,0.92,Female,Has relevent experience,no_enrollment,Graduate,STEM,2,50-99,Early Stage Startup,1,124,0.0
city_103,0.92,,No relevent experience,no_enrollment,Graduate,Arts,5,100-500,Pvt Ltd,,80,0.0
city_102,0.804,Male,Has relevent experience,no_enrollment,Masters,STEM,10,50-99,Pvt Ltd,1,76,0.0
city_136,0.897,Male,Has relevent experience,no_enrollment,High School,,15,,,4,15,0.0
city_114,0.926,Male,Has relevent experience,no_enrollment,Graduate,STEM,10,10/49,Funded Startup,2,14,0.0
city_75,0.939,Male,Has relevent experience,no_enrollment,Graduate,STEM,>20,,,3,4,0.0
city_103,0.92,,Has relevent experience,no_enrollment,Graduate,STEM,1,<10,Pvt Ltd,1,200,0.0
city_21,0.624,Male,Has relevent experience,Full time course,Graduate,STEM,6,50-99,Pvt Ltd,3,56,1.0
city_21,0.624,Female,Has relevent experience,no_enrollment,Graduate,STEM,6,10000+,Pvt Ltd,1,13,
city_21,0.624,Female,Has relevent experience,no_enrollment,Graduate,STEM,7,10000+,,1,58,0.0
city_160,0.92,Male,Has relevent experience,no_enrollment,Graduate,STEM,9,10000+,Pvt Ltd,1,64,0.0
city_103,0.92,Male,No relevent experience,no_enrollment,Graduate,STEM,>20,50-99,Pvt Ltd,>4,28,1.0
city_103,0.92,Male,Has relevent experience,no_enrollment,Graduate,STEM,5,<10,Pvt Ltd,1,21,0.0
city_61,0.913,Male,Has relevent experience,no_enrollment,Masters,STEM,8,100-500,,2,111,0.0
city_160,0.92,,Has relevent experience,no_enrollment,Graduate,STEM,12,<10,Pvt Ltd,1,70,
city_103,0.92,Male,Has relevent experience,no_enrollment,Graduate,Arts,7,500-999,Pvt Ltd,1,50,0.0
city_104,0.924,,Has relevent experience,no_enrollment,Masters,STEM,8,100-500,NGO,1,34,0.0
city_138,0.836,Male,Has relevent experience,no_enrollment,High School,,>20,100-500,Pvt Ltd,>4,214,0.0
city_21,0.624,Male,Has relevent experience,Full time course,Graduate,STEM,<1,500-999,Pvt Ltd,1,24,0.0
city_114,0.926,Male,Has relevent experience,no_enrollment,Masters,STEM,11,50-99,Pvt Ltd,2,62,0.0
city_89,0.925,Male,Has relevent experience,no_enrollment,Graduate,STEM,>20,50-99,Pvt Ltd,never,58,0.0
city_89,0.925,Male,No relevent experience,Full time course,Graduate,STEM,3,100-500,NGO,2,13,0.0
city_77,0.83,Male,No relevent experience,Full time course,High School,,5,10/49,Pvt Ltd,1,20,
city_16,0.91,,No relevent experience,no_enrollment,High School,,2,,,never,43,1.0
city_103,0.92,Male,Has relevent experience,no_enrollment,Graduate,STEM,12,5000-9999,Pvt Ltd,1,106,0.0
city_21,0.624,Male,Has relevent experience,no_enrollment,Masters,STEM,8,,,2,92,
city_16,0.91,Male,Has relevent experience,no_enrollment,Graduate,STEM,6,10000+,Pvt Ltd,1,6,0.0
city_21,0.624,,No relevent experience,Full time course,High School,,4,,,never,28,0.0
city_64,0.6659999999999999,Male,No relevent experience,no_enrollment,Graduate,STEM,3,,,2,44,1.0
city_136,0.897,,Has relevent experience,no_enrollment,Masters,STEM,7,500-999,Pvt Ltd,1,278,0.0
city_103,0.92,,Has relevent experience,no_enrollment,Masters,STEM,9,,,1,18,
city_89,0.925,Male,Has relevent experience,no_enrollment,Graduate,STEM,10,100-500,Pvt Ltd,>4,29,1.0
city_103,0.92,Female,No relevent experience,no_enrollment,Primary School,,3,,,never,17,0.0
city_103,0.92,Male,No relevent experience,no_enrollment,Graduate,STEM,15,100-500,Pvt Ltd,1,196,0.0
city_11,0.55,Male,Has relevent experience,no_enrollment,Graduate,STEM,6,500-999,Other,1,90,0.0
city_173,0.878,,Has relevent experience,no_enrollment,Masters,STEM,12,50-99,Pvt Ltd,1,96,0.0
city_9,0.743,Female,Has relevent experience,no_enrollment,Masters,STEM,7,50-99,Pvt Ltd,2,222,0.0
city_103,0.92,Male,Has relevent experience,no_enrollment,Graduate,STEM,>20,10/49,Public Sector,>4,101,
city_136,0.897,Female,Has relevent experience,no_enrollment,Graduate,STEM,8,10/49,Early Stage Startup,1,8,0.0
city_103,0.92,Male,No relevent experience,,,,4,,,never,23,0.0
city_103,0.92,Other,No relevent experience,Full time course,Graduate,Arts,1,,,never,117,0.0
city_144,0.84,Male,Has relevent experience,no_enrollment,Masters,STEM,4,100-500,Pvt Ltd,1,6,1.0
city_41,0.8270000000000001,Male,Has relevent experience,no_enrollment,Graduate,STEM,>20,1000-4999,Pvt Ltd,>4,70,0.0
city_11,0.55,Male,Has relevent experience,no_enrollment,Graduate,STEM,6,10/49,Pvt Ltd,never,89,1.0
city_103,0.92,Male,Has relevent experience,no_enrollment,Masters,STEM,>20,,,>4,64,
city_71,0.884,,Has relevent experience,no_enrollment,Masters,STEM,11,,,1,111,0.0
city_10,0.895,Male,Has relevent experience,no_enrollment,Graduate,STEM,>20,10/49,Pvt Ltd,2,11,0.0
city_103,0.92,Male,Has relevent experience,Part time course,Graduate,Other,6,50-99,Pvt Ltd,never,83,0.0
city_70,0.698,Male,Has relevent experience,no_enrollment,Graduate,STEM,9,10000+,Pvt Ltd,1,109,0.0
city_21,0.624,,No relevent experience,no_enrollment,Graduate,STEM,2,,,1,43,1.0
city_28,0.939,,Has relevent experience,no_enrollment,Masters,STEM,>20,10000+,Pvt Ltd,2,40,0.0
city_57,0.866,Male,Has relevent experience,no_enrollment,Graduate,Other,>20,,,>4,104,0.0
city_115,0.789,Male,Has relevent experience,no_enrollment,Graduate,STEM,10,100-500,Public Sector,1,4,0.0
city_114,0.926,Male,No relevent experience,no_enrollment,High School,,2,,,1,48,0.0
city_97,0.925,Male,Has relevent experience,no_enrollment,Primary School,,6,,,>4,28,0.0
city_16,0.91,,Has relevent experience,no_enrollment,Phd,Arts,10,<10,NGO,1,17,0.0
city_118,0.722,Male,Has relevent experience,no_enrollment,Graduate,STEM,2,,,1,13,1.0
city_103,0.92,Female,Has relevent experience,no_enrollment,Graduate,Arts,>20,50-99,Pvt Ltd,2,100,0.0
city_21,0.624,Male,Has relevent experience,no_enrollment,,,2,,,2,9,
city_103,0.92,,Has relevent experience,no_enrollment,Graduate,STEM,>20,500-999,Pvt Ltd,1,111,0.0
city_114,0.926,,Has relevent experience,no_enrollment,Masters,STEM,7,10/49,Early Stage Startup,1,17,0.0
city_16,0.91,Female,Has relevent experience,no_enrollment,Graduate,STEM,7,10000+,Pvt Ltd,1,22,0.0
city_73,0.754,Male,No relevent experience,Part time course,High School,,4,,,1,298,0.0
city_21,0.624,Male,No relevent experience,no_enrollment,Graduate,STEM,6,100-500,,1,125,1.0
city_16,0.91,Male,No relevent experience,no_enrollment,Phd,Humanities,>20,,,>4,27,
city_21,0.624,Male,No relevent experience,Full time course,Graduate,STEM,3,,,never,28,0.0
city_114,0.926,Male,Has relevent experience,no_enrollment,Graduate,STEM,18,100-500,Pvt Ltd,1,47,
city_16,0.91,Male,Has relevent experience,no_enrollment,Graduate,STEM,>20,10/49,Pvt Ltd,2,158,0.0
city_41,0.8270000000000001,Male,Has relevent experience,no_enrollment,Graduate,STEM,7,100-500,Pvt Ltd,4,18,0.0
city_24,0.698,Male,Has relevent experience,no_enrollment,Graduate,Other,2,1000-4999,Pvt Ltd,1,23,0.0
city_21,0.624,Male,Has relevent experience,no_enrollment,Graduate,STEM,9,50-99,Pvt Ltd,3,21,0.0
city_16,0.91,Male,Has relevent experience,no_enrollment,Graduate,STEM,>20,500-999,Pvt Ltd,2,30,0.0
city_160,0.92,,Has relevent experience,no_enrollment,Masters,STEM,>20,5000-9999,Pvt Ltd,1,22,0.0
city_75,0.939,Female,Has relevent experience,no_enrollment,Masters,STEM,11,1000-4999,Pvt Ltd,>4,250,0.0
city_65,0.802,Male,Has relevent experience,Full time course,Graduate,Other,3,,,1,25,0.0
city_114,0.926,,No relevent experience,no_enrollment,Masters,Other,7,10000+,Pvt Ltd,1,19,0.0
city_114,0.926,Male,Has relevent experience,no_enrollment,Masters,STEM,15,,,2,87,0.0
city_133,0.742,,Has relevent experience,no_enrollment,Graduate,STEM,7,100-500,Pvt Ltd,2,106,1.0
city_90,0.698,Male,Has relevent experience,no_enrollment,Graduate,STEM,12,<10,,,52,
city_75,0.939,Male,Has relevent experience,no_enrollment,Masters,STEM,>20,50-99,Pvt Ltd,2,163,0.0
city_103,0.92,Male,Has relevent experience,no_enrollment,Graduate,STEM,>20,100-500,Pvt Ltd,>4,53,0.0
city_69,0.856,Female,Has relevent experience,Full time course,Graduate,STEM,8,50-99,Pvt Ltd,1,222,0.0
city_103,0.92,Male,Has relevent experience,no_enrollment,Graduate,STEM,13,10/49,Funded Startup,1,157,0.0
city_103,0.92,Male,Has relevent experience,no_enrollment,Graduate,STEM,7,10000+,Pvt Ltd,1,232,0.0
city_21,0.624,Male,Has relevent experience,no_enrollment,Masters,STEM,8,1000-4999,Pvt Ltd,never,78,1.0
city_102,0.804,Male,Has relevent experience,no_enrollment,Masters,STEM,13,50-99,Funded Startup,1,330,0.0
city_104,0.924,Male,Has relevent experience,no_enrollment,High School,,>20,,,>4,80,0.0
city_103,0.92,Male,Has relevent experience,Part time course,Primary School,,11,,,4,20,0.0
city_103,0.92,Male,Has relevent experience,no_enrollment,Graduate,STEM,6,10/49,Funded Startup,2,19,0.0
city_83,0.923,Male,No relevent experience,no_enrollment,Graduate,STEM,>20,50-99,Pvt Ltd,>4,14,0.0
city_162,0.767,,Has relevent experience,Full time course,Graduate,STEM,10,50-99,Pvt Ltd,2,90,0.0
city_136,0.897,Male,Has relevent experience,no_enrollment,Masters,STEM,9,<10,Pvt Ltd,1,47,0.0
city_21,0.624,,Has relevent experience,no_enrollment,Graduate,STEM,5,,,1,18,1.0
city_21,0.624,,Has relevent experience,no_enrollment,Graduate,STEM,6,100-500,Public Sector,2,144,1.0
city_57,0.866,Male,Has relevent experience,no_enrollment,Graduate,STEM,18,50-99,Pvt Ltd,>4,31,0.0
city_103,0.92,Male,Has relevent experience,no_enrollment,Graduate,Arts,2,1000-4999,Pvt Ltd,2,46,0.0
city_61,0.913,Male,Has relevent experience,no_enrollment,Masters,STEM,>20,500-999,Pvt Ltd,>4,143,0.0
city_103,0.92,Male,Has relevent experience,no_enrollment,Masters,STEM,7,10000+,Pvt Ltd,4,14,0.0
city_23,0.899,Male,Has relevent experience,Part time course,Graduate,STEM,16,10000+,Pvt Ltd,3,9,0.0
city_21,0.624,,No relevent experience,,,,5,,,never,45,1.0
city_114,0.926,,Has relevent experience,Full time course,Phd,STEM,14,50-99,Pvt Ltd,>4,61,0.0
city_103,0.92,Male,Has relevent experience,no_enrollment,Graduate,STEM,20,500-999,Funded Startup,1,66,0.0
city_16,0.91,Female,Has relevent experience,no_enrollment,Graduate,STEM,3,10000+,NGO,2,8,0.0
city_150,0.698,Male,Has relevent experience,no_enrollment,High School,,16,100-500,Public Sector,>4,74,0.0
city_16,0.91,Male,Has relevent experience,no_enrollment,Masters,Other,13,1000-4999,NGO,>4,182,0.0
city_21,0.624,Male,Has relevent experience,no_enrollment,Graduate,STEM,6,50-99,Pvt Ltd,>4,161,0.0
city_46,0.762,,Has relevent experience,Part time course,Graduate,STEM,9,50-99,Public Sector,2,298,0.0
city_104,0.924,,Has relevent experience,no_enrollment,Graduate,STEM,3,50-99,Pvt Ltd,1,156,0.0
city_114,0.926,Male,No relevent experience,no_enrollment,Graduate,STEM,>20,<10,Pvt Ltd,4,57,0.0
city_136,0.897,Male,Has relevent experience,Part time course,Graduate,STEM,4,100-500,Pvt Ltd,3,40,0.0
city_103,0.92,Male,Has relevent experience,no_enrollment,Graduate,STEM,9,100-500,Pvt Ltd,>4,41,0.0
city_9,0.743,Male,Has relevent experience,no_enrollment,Graduate,STEM,4,50-99,Pvt Ltd,2,17,0.0
city_21,0.624,Male,Has relevent experience,no_enrollment,Graduate,STEM,16,<10,Early Stage Startup,4,103,1.0
city_103,0.92,Female,Has relevent experience,no_enrollment,Graduate,STEM,>20,<10,Pvt Ltd,1,7,0.0
city_73,0.754,Male,No relevent experience,no_enrollment,Phd,STEM,15,,,1,41,0.0
city_103,0.92,Male,Has relevent experience,no_enrollment,Masters,STEM,>20,1000-4999,Pvt Ltd,>4,43,0.0
city_114,0.926,,Has relevent experience,no_enrollment,Graduate,STEM,>20,<10,Pvt Ltd,>4,22,0.0
city_160,0.92,Male,Has relevent experience,no_enrollment,Graduate,Arts,4,,,never,73,0.0
city_67,0.855,Male,Has relevent experience,no_enrollment,Masters,STEM,16,50-99,Pvt Ltd,2,70,0.0
city_114,0.926,Male,No relevent experience,Full time course,High School,,6,100-500,Public Sector,1,160,0.0
city_21,0.624,Male,No relevent experience,Full time course,,,2,,,1,304,0.0
city_101,0.5579999999999999,,No relevent experience,no_enrollment,High School,,6,,,never,31,1.0
city_21,0.624,Male,Has relevent experience,Full time course,Graduate,STEM,1,50-99,Pvt Ltd,1,25,1.0
city_103,0.92,Male,Has relevent experience,no_enrollment,Graduate,STEM,6,50-99,Pvt Ltd,1,22,0.0
city_103,0.92,Male,Has relevent experience,no_enrollment,Graduate,STEM,>20,100-500,Pvt Ltd,>4,57,0.0
city_136,0.897,,No relevent experience,Full time course,High School,,4,,,2,14,0.0
city_103,0.92,,No relevent experience,Part time course,Graduate,STEM,18,10000+,Pvt Ltd,2,55,0.0
city_116,0.743,Male,Has relevent experience,no_enrollment,Masters,STEM,14,100-500,Pvt Ltd,4,47,0.0
city_16,0.91,,Has relevent experience,no_enrollment,Masters,Other,10,100-500,Pvt Ltd,1,43,0.0
city_109,0.701,Male,No relevent experience,Full time course,Graduate,STEM,2,,,1,108,0.0
city_116,0.743,Male,Has relevent experience,Part time course,Graduate,STEM,11,,,1,28,0.0
city_114,0.926,Male,Has relevent experience,Full time course,Masters,STEM,13,10/49,Public Sector,2,80,0.0
city_21,0.624,Male,Has relevent experience,no_enrollment,Graduate,STEM,16,500-999,Pvt Ltd,3,56,0.0
city_73,0.754,Male,Has relevent experience,no_enrollment,Graduate,STEM,12,100-500,NGO,>4,57,0.0
city_16,0.91,,Has relevent experience,no_enrollment,Graduate,STEM,>20,1000-4999,Other,1,182,0.0
city_90,0.698,,No relevent experience,Part time course,Graduate,STEM,4,,,1,39,0.0
city_16,0.91,Female,Has relevent experience,no_enrollment,Graduate,STEM,>20,50-99,,1,166,0.0
city_21,0.624,Male,Has relevent experience,Full time course,Graduate,STEM,4,50-99,Pvt Ltd,1,23,1.0
city_16,0.91,Male,No relevent experience,no_enrollment,Phd,STEM,>20,,Public Sector,2,220,0.0
city_103,0.92,Male,Has relevent experience,no_enrollment,Masters,STEM,>20,,,>4,87,0.0
city_21,0.624,,Has relevent experience,no_enrollment,Masters,STEM,3,100-500,Pvt Ltd,3,40,1.0
city_103,0.92,Male,Has relevent experience,no_enrollment,Graduate,STEM,2,,,1,98,1.0
city_21,0.624,Female,No relevent experience,Full time course,High School,,3,,,never,140,0.0
city_103,0.92,,Has relevent experience,no_enrollment,Masters,STEM,6,,,1,45,0.0
city_123,0.738,Male,Has relevent experience,no_enrollment,Graduate,STEM,10,100-500,Pvt Ltd,>4,18,0.0
city_103,0.92,Male,Has relevent experience,no_enrollment,Graduate,STEM,17,<10,Pvt Ltd,4,21,0.0
city_103,0.92,Male,Has relevent experience,no_enrollment,Graduate,STEM,20,,,2,104,0.0
city_21,0.624,Male,Has relevent experience,no_enrollment,Graduate,STEM,5,1000-4999,Pvt Ltd,3,72,0.0
city_65,0.802,Male,Has relevent experience,no_enrollment,,,15,<10,,1,78,0.0
city_103,0.92,Male,No relevent experience,Full time course,High School,,6,,,1,82,0.0
city_40,0.7759999999999999,Male,Has relevent experience,no_enrollment,Masters,STEM,12,1000-4999,Pvt Ltd,4,312,
city_103,0.92,Male,Has relevent experience,no_enrollment,Graduate,STEM,7,50-99,Funded Startup,4,51,0.0
city_103,0.92,Male,Has relevent experience,no_enrollment,Primary School,,12,100-500,Pvt Ltd,2,49,0.0
city_103,0.92,Male,Has relevent experience,no_enrollment,Graduate,STEM,2,,,1,10,1.0
city_103,0.92,Male,Has relevent experience,Part time course,Graduate,STEM,4,100-500,Pvt Ltd,3,52,0.0
city_103,0.92,Male,Has relevent experience,no_enrollment,Masters,STEM,>20,1000-4999,Pvt Ltd,>4,88,
city_89,0.925,Male,No relevent experience,Full time course,Graduate,Business Degree,2,,,1,192,1.0
city_103,0.92,,No relevent experience,Full time course,Masters,STEM,10,10000+,Public Sector,,6,1.0
city_21,0.624,,Has relevent experience,no_enrollment,Graduate,STEM,16,,,>4,161,0.0
city_149,0.6890000000000001,Male,No relevent experience,Full time course,Graduate,,2,,,1,60,0.0
city_16,0.91,Male,No relevent experience,Full time course,Graduate,STEM,6,,,never,14,0.0
city_103,0.92,Male,Has relevent experience,no_enrollment,Graduate,STEM,11,,,1,15,1.0
city_11,0.55,Male,No relevent experience,no_enrollment,High School,,<1,,,never,68,1.0
city_150,0.698,,No relevent experience,,High School,,2,,,,27,
city_45,0.89,Male,Has relevent experience,no_enrollment,Masters,STEM,14,1000-4999,Pvt Ltd,>4,27,0.0
city_103,0.92,Male,Has relevent experience,no_enrollment,Graduate,STEM,4,100-500,Pvt Ltd,1,56,0.0
city_97,0.925,Male,Has relevent experience,no_enrollment,Masters,STEM,14,<10,Pvt Ltd,1,138,0.0
city_103,0.92,Male,Has relevent experience,no_enrollment,Graduate,STEM,18,1000-4999,Pvt Ltd,4,23,0.0
city_103,0.92,Male,No relevent experience,Full time course,Graduate,STEM,7,,Pvt Ltd,never,28,0.0
city_114,0.926,Male,Has relevent experience,no_enrollment,Masters,STEM,>20,1000-4999,Pvt Ltd,1,95,0.0
city_16,0.91,Male,Has relevent experience,no_enrollment,Masters,STEM,>20,,,1,46,0.0
city_103,0.92,Male,Has relevent experience,no_enrollment,Graduate,STEM,4,50-99,Pvt Ltd,1,58,0.0
city_103,0.92,Male,Has relevent experience,no_enrollment,Masters,STEM,>20,500-999,Pvt Ltd,1,52,0.0
city_103,0.92,Male,Has relevent experience,no_enrollment,Graduate,STEM,16,10/49,Funded Startup,2,11,0.0
city_103,0.92,,Has relevent experience,Part time course,Masters,Arts,3,,,1,40,1.0
city_74,0.579,Male,Has relevent experience,no_enrollment,Graduate,STEM,11,,,1,34,1.0
city_102,0.804,Male,Has relevent experience,no_enrollment,Masters,STEM,8,10/49,Pvt Ltd,4,156,0.0
city_149,0.6890000000000001,Male,Has relevent experience,Full time course,Graduate,STEM,5,100-500,NGO,4,18,0.0
city_103,0.92,Male,Has relevent experience,no_enrollment,Graduate,STEM,>20,1000-4999,Pvt Ltd,>4,43,
city_21,0.624,,No relevent experience,Full time course,High School,,2,,,1,40,0.0
city_71,0.884,Female,No relevent experience,Part time course,Graduate,STEM,5,100-500,Pvt Ltd,1,16,0.0
city_114,0.926,Male,Has relevent experience,no_enrollment,Masters,STEM,18,50-99,Pvt Ltd,>4,26,0.0
city_19,0.682,Male,No relevent experience,no_enrollment,Graduate,STEM,6,1000-4999,,1,204,0.0
city_21,0.624,Male,No relevent experience,Full time course,Graduate,STEM,6,,,never,61,1.0
city_116,0.743,Male,Has relevent experience,Full time course,Masters,STEM,6,1000-4999,Pvt Ltd,1,102,0.0
city_71,0.884,Male,Has relevent experience,no_enrollment,Masters,STEM,11,<10,Pvt Ltd,1,36,0.0
city_21,0.624,Male,No relevent experience,Full time course,Masters,STEM,1,500-999,Pvt Ltd,1,218,0.0
city_21,0.624,,No relevent experience,no_enrollment,Primary School,,5,,Pvt Ltd,never,156,1.0
city_103,0.92,Male,No relevent experience,Full time course,Masters,Humanities,8,50-99,Public Sector,3,174,0.0
city_103,0.92,Female,Has relevent experience,no_enrollment,Graduate,STEM,13,100-500,Pvt Ltd,1,7,0.0
city_16,0.91,Male,Has relevent experience,no_enrollment,Masters,Humanities,14,10000+,Pvt Ltd,1,158,0.0
city_114,0.926,Male,Has relevent experience,no_enrollment,Masters,STEM,20,50-99,Pvt Ltd,1,70,0.0
city_42,0.563,,Has relevent experience,no_enrollment,,,>20,,,>4,128,1.0
city_21,0.624,,No relevent experience,no_enrollment,Masters,STEM,2,50-99,Pvt Ltd,2,18,
city_97,0.925,Male,Has relevent experience,no_enrollment,Graduate,STEM,16,1000-4999,Pvt Ltd,>4,6,
city_160,0.92,Male,Has relevent experience,no_enrollment,Graduate,Humanities,>20,10/49,Early Stage Startup,>4,64,0.0
city_21,0.624,Male,No relevent experience,no_enrollment,High School,,<1,,Pvt Ltd,never,15,
city_114,0.926,Male,Has relevent experience,no_enrollment,Masters,STEM,>20,10/49,Funded Startup,4,155,0.0
city_103,0.92,Male,Has relevent experience,no_enrollment,Graduate,STEM,>20,1000-4999,Pvt Ltd,1,42,0.0
city_73,0.754,,Has relevent experience,no_enrollment,Graduate,Business Degree,11,,,4,30,1.0
city_21,0.624,Male,Has relevent experience,no_enrollment,Graduate,STEM,5,1000-4999,Pvt Ltd,1,15,1.0
city_162,0.767,,Has relevent experience,no_enrollment,Graduate,STEM,16,100-500,Pvt Ltd,>4,21,
city_21,0.624,Male,No relevent experience,Full time course,Graduate,STEM,7,,,1,12,
city_94,0.698,Male,Has relevent experience,no_enrollment,Graduate,STEM,5,,,>4,112,1.0
city_103,0.92,Female,No relevent experience,Full time course,High School,,5,5000-9999,,1,30,0.0
city_70,0.698,,Has relevent experience,,,,>20,,,>4,33,0.0
city_71,0.884,Male,Has relevent experience,no_enrollment,Masters,STEM,>20,,,>4,51,0.0
city_101,0.5579999999999999,Male,No relevent experience,Full time course,Graduate,STEM,3,,,never,24,0.0
city_14,0.698,,No relevent experience,no_enrollment,Graduate,Humanities,2,5000-9999,Public Sector,1,96,1.0
city_160,0.92,,No relevent experience,Full time course,Graduate,STEM,3,10/49,Funded Startup,1,123,0.0
city_21,0.624,Female,Has relevent experience,no_enrollment,Graduate,STEM,7,10000+,Pvt Ltd,1,118,0.0
city_78,0.579,Male,Has relevent experience,no_enrollment,Graduate,STEM,13,,,1,20,0.0
city_103,0.92,Male,No relevent experience,no_enrollment,Masters,STEM,>20,,Pvt Ltd,1,21,0.0
city_67,0.855,Male,Has relevent experience,no_enrollment,Masters,STEM,18,,,1,88,0.0
city_21,0.624,,Has relevent experience,no_enrollment,Graduate,STEM,8,50-99,Pvt Ltd,1,6,1.0
city_103,0.92,Male,No relevent experience,Full time course,Masters,STEM,14,,,never,40,1.0
city_114,0.926,Male,Has relevent experience,Full time course,Graduate,STEM,9,<10,Pvt Ltd,1,21,0.0
city_16,0.91,,No relevent experience,no_enrollment,High School,,>20,,,>4,26,1.0
city_104,0.924,Male,No relevent experience,Full time course,High School,,3,,Pvt Ltd,never,30,0.0
city_89,0.925,,No relevent experience,Full time course,Graduate,STEM,2,100-500,NGO,1,4,0.0
city_13,0.8270000000000001,Male,No relevent experience,Full time course,High School,,3,,,never,23,0.0
city_103,0.92,Male,No relevent experience,no_enrollment,Graduate,STEM,5,10000+,Pvt Ltd,3,22,0.0
city_136,0.897,Male,Has relevent experience,no_enrollment,Masters,STEM,16,,,1,80,0.0
city_103,0.92,Male,No relevent experience,no_enrollment,Primary School,,2,,Pvt Ltd,never,45,
city_103,0.92,Male,Has relevent experience,no_enrollment,Masters,STEM,10,10/49,Funded Startup,1,20,0.0
city_21,0.624,Male,Has relevent experience,Full time course,Graduate,STEM,8,,,never,24,0.0
city_21,0.624,Male,Has relevent experience,no_enrollment,Graduate,STEM,6,10/49,Pvt Ltd,1,4,1.0
city_21,0.624,Male,Has relevent experience,,Graduate,STEM,7,,Pvt Ltd,2,65,0.0
city_11,0.55,,No relevent experience,,Primary School,,1,,,never,48,0.0
city_16,0.91,Male,No relevent experience,Full time course,Masters,STEM,>20,,,2,10,1.0
city_114,0.926,,No relevent experience,no_enrollment,Masters,STEM,>20,,,>4,11,0.0
city_103,0.92,Male,No relevent experience,no_enrollment,Masters,STEM,15,,,1,46,1.0
city_73,0.754,Male,Has relevent experience,no_enrollment,High School,,>20,,,never,112,0.0
city_23,0.899,Male,Has relevent experience,no_enrollment,Graduate,STEM,16,10/49,Funded Startup,2,9,1.0
city_103,0.92,Male,Has relevent experience,no_enrollment,Graduate,STEM,14,,,4,52,1.0
city_67,0.855,Male,Has relevent experience,no_enrollment,Masters,STEM,10,,,1,41,0.0
city_73,0.754,Male,No relevent experience,no_enrollment,Graduate,STEM,6,,,never,134,1.0
city_103,0.92,Male,Has relevent experience,no_enrollment,Graduate,STEM,14,<10,Pvt Ltd,2,110,0.0
city_27,0.848,Male,No relevent experience,no_enrollment,Graduate,STEM,8,,Pvt Ltd,never,56,1.0
city_16,0.91,Male,Has relevent experience,no_enrollment,Masters,STEM,>20,100-500,Pvt Ltd,2,12,0.0
city_75,0.939,Male,Has relevent experience,no_enrollment,Masters,STEM,1,<10,Funded Startup,1,53,1.0
city_75,0.939,,No relevent experience,,Masters,STEM,10,,,never,13,0.0
city_114,0.926,Male,No relevent experience,no_enrollment,,,3,,,never,47,0.0
city_93,0.865,,Has relevent experience,no_enrollment,High School,,12,100-500,Pvt Ltd,2,4,0.0
city_21,0.624,Male,Has relevent experience,no_enrollment,Graduate,STEM,7,10000+,Pvt Ltd,1,108,1.0
city_101,0.5579999999999999,Male,Has relevent experience,no_enrollment,Graduate,STEM,3,50-99,Early Stage Startup,1,57,1.0
city_114,0.926,Male,Has relevent experience,no_enrollment,Masters,STEM,>20,100-500,Pvt Ltd,1,24,0.0
city_72,0.795,,Has relevent experience,,Graduate,STEM,10,,Pvt Ltd,never,54,0.0
city_103,0.92,Other,Has relevent experience,no_enrollment,Graduate,Arts,2,500-999,,1,96,0.0
city_103,0.92,Male,Has relevent experience,Full time course,Graduate,STEM,15,1000-4999,Pvt Ltd,2,94,0.0
city_21,0.624,Male,No relevent experience,Full time course,Graduate,STEM,6,1000-4999,,1,68,1.0
city_100,0.887,Male,Has relevent experience,Part time course,Graduate,STEM,6,100-500,Pvt Ltd,3,79,0.0
city_73,0.754,Male,Has relevent experience,no_enrollment,Graduate,STEM,11,50-99,Pvt Ltd,1,25,1.0
city_27,0.848,Male,Has relevent experience,Part time course,Graduate,STEM,>20,,,2,8,1.0
city_90,0.698,,No relevent experience,no_enrollment,High School,,1,,,never,6,0.0
city_21,0.624,,Has relevent experience,no_enrollment,Graduate,STEM,3,100-500,Pvt Ltd,1,100,
city_103,0.92,,No relevent experience,Full time course,Graduate,STEM,2,<10,Pvt Ltd,1,57,0.0
city_16,0.91,Male,Has relevent experience,no_enrollment,Masters,STEM,10,50-99,Pvt Ltd,2,24,0.0
city_103,0.92,Male,No relevent experience,no_enrollment,Phd,STEM,>20,100-500,Pvt Ltd,1,22,0.0
city_103,0.92,Male,Has relevent experience,no_enrollment,Graduate,STEM,5,5000-9999,Pvt Ltd,2,25,0.0
city_100,0.887,Male,Has relevent experience,no_enrollment,Masters,STEM,11,50-99,Funded Startup,2,12,0.0
city_65,0.802,Male,Has relevent experience,no_enrollment,Masters,STEM,9,1000-4999,Pvt Ltd,2,51,0.0
city_114,0.926,Male,Has relevent experience,no_enrollment,Graduate,STEM,4,100-500,Pvt Ltd,2,3,0.0
city_162,0.767,Male,No relevent experience,Full time course,Graduate,STEM,<1,,,never,2,0.0
city_26,0.698,,Has relevent experience,Full time course,Masters,STEM,5,<10,Pvt Ltd,never,47,0.0
city_67,0.855,Male,No relevent experience,Full time course,Graduate,STEM,10,,,1,58,1.0
city_50,0.8959999999999999,Male,Has relevent experience,no_enrollment,Graduate,STEM,8,1000-4999,Pvt Ltd,>4,50,0.0
city_103,0.92,,Has relevent experience,no_enrollment,Graduate,STEM,8,100-500,,1,72,0.0
city_100,0.887,Male,Has relevent experience,no_enrollment,Masters,STEM,13,50-99,Pvt Ltd,2,83,0.0
city_21,0.624,,No relevent experience,no_enrollment,Graduate,STEM,2,1000-4999,Pvt Ltd,1,9,0.0
city_74,0.579,Male,Has relevent experience,no_enrollment,Graduate,STEM,3,100-500,Funded Startup,3,136,0.0
city_21,0.624,,Has relevent experience,no_enrollment,Graduate,STEM,2,100-500,Early Stage Startup,1,7,0.0
city_21,0.624,Female,Has relevent experience,no_enrollment,Masters,STEM,10,,,1,164,0.0
city_21,0.624,,No relevent experience,Full time course,Graduate,STEM,<1,,,never,308,1.0
city_100,0.887,Male,Has relevent experience,no_enrollment,Graduate,STEM,18,50-99,Pvt Ltd,3,34,0.0
city_103,0.92,Male,Has relevent experience,no_enrollment,Graduate,Humanities,>20,,,1,58,0.0
city_103,0.92,Female,Has relevent experience,no_enrollment,Graduate,Humanities,>20,,,2,44,1.0
city_21,0.624,,No relevent experience,Full time course,Graduate,STEM,1,,,never,44,1.0
city_103,0.92,Male,Has relevent experience,no_enrollment,Masters,STEM,>20,,,>4,40,0.0
city_9,0.743,Male,Has relevent experience,Part time course,Masters,STEM,11,100-500,Pvt Ltd,2,46,0.0
city_103,0.92,,No relevent experience,no_enrollment,Primary School,,5,,,never,25,0.0
city_73,0.754,Male,Has relevent experience,no_enrollment,Graduate,STEM,>20,<10,Pvt Ltd,1,41,0.0
city_142,0.727,Male,Has relevent experience,no_enrollment,Graduate,STEM,10,10/49,Pvt Ltd,3,218,0.0
city_103,0.92,,No relevent experience,no_enrollment,High School,,6,,,never,35,0.0
city_103,0.92,Male,Has relevent experience,no_enrollment,Graduate,STEM,2,<10,Early Stage Startup,never,11,0.0
city_160,0.92,Male,No relevent experience,Full time course,High School,,4,1000-4999,Pvt Ltd,1,23,0.0
city_103,0.92,Male,Has relevent experience,no_enrollment,Graduate,STEM,>20,500-999,Pvt Ltd,1,14,0.0
city_102,0.804,Male,Has relevent experience,Full time course,High School,,9,,,1,16,0.0
city_50,0.8959999999999999,Male,Has relevent experience,no_enrollment,Masters,Arts,>20,,,>4,157,0.0
city_103,0.92,Female,Has relevent experience,no_enrollment,Graduate,Business Degree,2,50-99,Pvt Ltd,1,222,0.0
city_102,0.804,Male,Has relevent experience,no_enrollment,Graduate,STEM,>20,10/49,Pvt Ltd,1,28,0.0
city_21,0.624,Female,No relevent experience,Full time course,High School,,3,,,never,242,0.0
city_103,0.92,Male,Has relevent experience,no_enrollment,Graduate,STEM,4,10000+,Pvt Ltd,2,23,0.0
city_103,0.92,Male,Has relevent experience,no_enrollment,Graduate,Humanities,>20,100-500,Pvt Ltd,>4,154,0.0
city_16,0.91,Male,Has relevent experience,no_enrollment,Graduate,STEM,>20,,,>4,182,
city_103,0.92,,No relevent experience,no_enrollment,Graduate,STEM,4,5000-9999,Public Sector,2,6,0.0
city_41,0.8270000000000001,,No relevent experience,no_enrollment,High School,,6,,,never,21,1.0
city_21,0.624,,Has relevent experience,Full time course,Masters,No Major,<1,<10,Early Stage Startup,,17,
city_21,0.624,Male,No relevent experience,Full time course,High School,,2,,,never,72,
city_114,0.926,Male,Has relevent experience,no_enrollment,Graduate,STEM,13,<10,Pvt Ltd,1,17,0.0
city_103,0.92,,No relevent experience,Full time course,,,5,10/49,,4,48,0.0
city_99,0.915,Male,No relevent experience,Full time course,High School,,4,,,1,192,0.0
city_103,0.92,Male,No relevent experience,no_enrollment,Primary School,,3,,,never,78,0.0
city_103,0.92,Male,Has relevent experience,Full time course,Masters,STEM,5,,,1,55,1.0
city_16,0.91,Male,Has relevent experience,no_enrollment,Graduate,Business Degree,11,1000-4999,Pvt Ltd,1,43,
city_103,0.92,Male,Has relevent experience,no_enrollment,Graduate,STEM,9,100-500,Pvt Ltd,2,12,0.0
city_61,0.913,Male,No relevent experience,no_enrollment,High School,,2,,,2,258,0.0
city_114,0.926,Male,Has relevent experience,no_enrollment,Masters,STEM,>20,50-99,Pvt Ltd,>4,18,
city_16,0.91,Male,Has relevent experience,no_enrollment,Graduate,STEM,7,50-99,,>4,30,0.0
city_57,0.866,Male,Has relevent experience,no_enrollment,Masters,STEM,19,,,3,101,1.0
city_103,0.92,Male,No relevent experience,no_enrollment,High School,,2,,,never,214,0.0
city_16,0.91,Male,Has relevent experience,no_enrollment,High School,,1,10/49,Pvt Ltd,1,140,0.0
city_103,0.92,Male,Has relevent experience,Part time course,Masters,Humanities,>20,50-99,NGO,1,112,0.0
city_21,0.624,Male,Has relevent experience,no_enrollment,Graduate,Other,9,10000+,Pvt Ltd,>4,132,1.0
city_19,0.682,,Has relevent experience,no_enrollment,Graduate,STEM,12,,,,51,1.0
city_21,0.624,,Has relevent experience,no_enrollment,Graduate,,16,,,>4,67,0.0
city_114,0.926,Male,Has relevent experience,no_enrollment,High School,,3,100-500,Pvt Ltd,1,80,0.0
city_21,0.624,,No relevent experience,Full time course,Masters,STEM,4,,,never,121,0.0
city_11,0.55,Female,Has relevent experience,no_enrollment,Graduate,STEM,5,<10,Pvt Ltd,1,280,0.0
city_40,0.7759999999999999,Male,Has relevent experience,no_enrollment,Masters,STEM,10,1000-4999,Pvt Ltd,1,32,0.0
city_103,0.92,Male,Has relevent experience,no_enrollment,Graduate,STEM,11,10000+,Pvt Ltd,>4,17,0.0
city_64,0.6659999999999999,Male,Has relevent experience,Part time course,Graduate,STEM,9,10/49,Pvt Ltd,1,19,1.0
city_16,0.91,Female,Has relevent experience,no_enrollment,Graduate,STEM,>20,10000+,Other,1,43,0.0
city_103,0.92,Male,Has relevent experience,no_enrollment,Graduate,STEM,>20,,,4,104,1.0
city_160,0.92,Male,Has relevent experience,no_enrollment,Graduate,STEM,8,,,2,20,1.0
city_138,0.836,Male,Has relevent experience,Part time course,Graduate,STEM,10,1000-4999,Pvt Ltd,2,47,0.0
city_76,0.698,,No relevent experience,no_enrollment,Graduate,STEM,4,10000+,Pvt Ltd,1,138,1.0
city_103,0.92,Male,No relevent experience,Full time course,Graduate,STEM,5,1000-4999,NGO,3,6,0.0
city_114,0.926,Male,Has relevent experience,no_enrollment,Masters,STEM,16,10000+,Pvt Ltd,1,19,0.0
city_71,0.884,Male,Has relevent experience,no_enrollment,Graduate,STEM,5,10000+,Pvt Ltd,1,70,0.0
city_103,0.92,Male,Has relevent experience,no_enrollment,Masters,Other,18,,,1,136,0.0
city_103,0.92,Male,No relevent experience,no_enrollment,Phd,STEM,20,1000-4999,Public Sector,1,43,1.0
city_103,0.92,,Has relevent experience,,Graduate,STEM,10,,,1,23,1.0
city_103,0.92,Female,Has relevent experience,Part time course,Graduate,STEM,8,10000+,Pvt Ltd,1,43,0.0
city_21,0.624,Male,Has relevent experience,no_enrollment,Graduate,STEM,10,,,1,23,
city_100,0.887,Male,Has relevent experience,no_enrollment,Graduate,STEM,10,100-500,Pvt Ltd,1,113,0.0
city_75,0.939,Male,Has relevent experience,no_enrollment,Graduate,STEM,>20,,,>4,157,0.0
city_75,0.939,Male,Has relevent experience,no_enrollment,Graduate,STEM,17,,,1,5,0.0
city_103,0.92,Male,No relevent experience,no_enrollment,High School,,11,10000+,Pvt Ltd,3,104,0.0
city_103,0.92,Male,Has relevent experience,,Graduate,STEM,9,10000+,Pvt Ltd,1,50,0.0
city_167,0.921,Female,Has relevent experience,Full time course,Graduate,STEM,5,50-99,Pvt Ltd,1,308,0.0
city_103,0.92,Male,Has relevent experience,no_enrollment,Graduate,STEM,16,500-999,Pvt Ltd,1,102,
city_16,0.91,Male,Has relevent experience,no_enrollment,Graduate,STEM,>20,100-500,Pvt Ltd,1,55,
city_90,0.698,Male,No relevent experience,no_enrollment,Graduate,STEM,11,,,2,108,0.0
city_115,0.789,Male,Has relevent experience,Full time course,Graduate,STEM,15,,,1,108,1.0
city_21,0.624,Male,Has relevent experience,no_enrollment,Graduate,STEM,3,50-99,Pvt Ltd,1,57,1.0
city_21,0.624,Male,Has relevent experience,no_enrollment,Graduate,STEM,12,10000+,Pvt Ltd,1,10,1.0
city_71,0.884,Male,No relevent experience,Full time course,Graduate,STEM,5,,,1,8,1.0
city_103,0.92,,Has relevent experience,no_enrollment,Graduate,STEM,4,,,1,23,1.0
city_105,0.794,,Has relevent experience,no_enrollment,Graduate,STEM,13,100-500,Pvt Ltd,3,34,0.0
city_138,0.836,Male,Has relevent experience,no_enrollment,Graduate,Humanities,>20,,Pvt Ltd,1,130,0.0
city_78,0.579,Male,Has relevent experience,no_enrollment,Graduate,STEM,9,100-500,Pvt Ltd,2,97,1.0
city_67,0.855,Male,Has relevent experience,no_enrollment,Graduate,STEM,14,10000+,,4,16,0.0
city_103,0.92,Male,Has relevent experience,no_enrollment,Graduate,STEM,18,5000-9999,Pvt Ltd,4,160,0.0
city_160,0.92,,No relevent experience,Full time course,High School,,1,500-999,Pvt Ltd,1,53,
city_91,0.691,,Has relevent experience,Full time course,Graduate,STEM,4,,NGO,,34,1.0
city_103,0.92,Male,Has relevent experience,Full time course,Graduate,STEM,16,100-500,Funded Startup,1,101,0.0
city_16,0.91,Male,Has relevent experience,no_enrollment,Graduate,STEM,>20,<10,Pvt Ltd,1,35,0.0
city_21,0.624,Male,Has relevent experience,no_enrollment,Graduate,STEM,7,50-99,Pvt Ltd,2,140,1.0
city_28,0.939,Male,No relevent experience,Full time course,High School,,3,10000+,Pvt Ltd,1,41,0.0
city_16,0.91,Male,Has relevent experience,no_enrollment,Graduate,STEM,7,,,1,45,0.0
city_160,0.92,,No relevent experience,Full time course,Graduate,STEM,2,,,1,13,1.0
city_7,0.647,,Has relevent experience,no_enrollment,Masters,STEM,5,1000-4999,Pvt Ltd,4,21,0.0
city_19,0.682,Male,Has relevent experience,Full time course,Graduate,STEM,1,,,1,45,1.0
city_114,0.926,Male,No relevent experience,Part time course,Masters,STEM,3,500-999,Public Sector,3,7,
city_19,0.682,Female,Has relevent experience,no_enrollment,Graduate,STEM,12,100-500,Pvt Ltd,1,45,
city_103,0.92,Female,No relevent experience,no_enrollment,Phd,STEM,13,100-500,Public Sector,2,79,0.0
city_21,0.624,,No relevent experience,no_enrollment,,,1,,,1,100,1.0
city_114,0.926,Male,No relevent experience,no_enrollment,High School,,11,10000+,Pvt Ltd,4,52,0.0
city_116,0.743,Male,No relevent experience,no_enrollment,Graduate,STEM,>20,,,>4,7,0.0
city_136,0.897,,No relevent experience,Full time course,Graduate,STEM,5,,Pvt Ltd,never,40,0.0
city_103,0.92,Female,Has relevent experience,no_enrollment,Phd,STEM,>20,10000+,Public Sector,4,31,0.0
city_136,0.897,Male,Has relevent experience,no_enrollment,Masters,STEM,>20,100-500,Pvt Ltd,4,21,
city_103,0.92,Male,Has relevent experience,no_enrollment,Graduate,STEM,10,50-99,Early Stage Startup,2,67,0.0
city_46,0.762,Male,No relevent experience,no_enrollment,Graduate,STEM,3,,,1,31,1.0
city_114,0.926,Male,Has relevent experience,no_enrollment,Graduate,STEM,>20,500-999,Public Sector,4,204,0.0
city_103,0.92,,Has relevent experience,no_enrollment,Graduate,STEM,4,,Public Sector,1,48,1.0
city_75,0.939,Male,Has relevent experience,no_enrollment,Masters,STEM,>20,50-99,Pvt Ltd,2,50,0.0
city_16,0.91,Male,No relevent experience,no_enrollment,Graduate,STEM,20,1000-4999,Pvt Ltd,2,14,0.0
city_75,0.939,Male,No relevent experience,Full time course,Masters,STEM,4,5000-9999,Public Sector,never,6,0.0
city_128,0.527,,No relevent experience,no_enrollment,High School,,<1,,,never,55,0.0
city_21,0.624,Female,Has relevent experience,no_enrollment,Graduate,STEM,<1,100-500,Pvt Ltd,1,12,
city_103,0.92,Male,Has relevent experience,no_enrollment,Masters,STEM,>20,50-99,Pvt Ltd,2,28,0.0
city_136,0.897,,Has relevent experience,no_enrollment,Masters,STEM,6,500-999,Public Sector,3,34,0.0
city_21,0.624,Male,Has relevent experience,no_enrollment,Graduate,STEM,10,10000+,Pvt Ltd,2,8,
city_16,0.91,Male,Has relevent experience,Part time course,Phd,STEM,>20,1000-4999,Public Sector,>4,29,0.0
city_10,0.895,,Has relevent experience,no_enrollment,Graduate,STEM,>20,50-99,Pvt Ltd,1,14,0.0
city_46,0.762,Male,Has relevent experience,no_enrollment,Masters,STEM,>20,50-99,,>4,13,0.0
city_160,0.92,Male,Has relevent experience,no_enrollment,Graduate,STEM,>20,50-99,Pvt Ltd,1,44,0.0
city_65,0.802,Male,Has relevent experience,Full time course,High School,,8,50-99,,never,12,0.0
city_103,0.92,Male,Has relevent experience,no_enrollment,Graduate,Business Degree,3,,,2,226,1.0
city_114,0.926,Male,Has relevent experience,Full time course,Masters,Arts,15,50-99,Pvt Ltd,2,37,0.0
city_173,0.878,Male,Has relevent experience,,High School,,5,50-99,Pvt Ltd,1,36,0.0
city_21,0.624,Male,Has relevent experience,no_enrollment,Masters,STEM,14,1000-4999,Pvt Ltd,2,21,1.0
city_67,0.855,Male,No relevent experience,no_enrollment,High School,,11,,Pvt Ltd,1,32,0.0
city_41,0.8270000000000001,,Has relevent experience,,Masters,STEM,8,,,,109,
city_67,0.855,Male,Has relevent experience,no_enrollment,Graduate,STEM,16,50-99,Funded Startup,2,16,0.0
city_16,0.91,,Has relevent experience,Full time course,Graduate,STEM,5,10/49,Pvt Ltd,1,109,0.0
city_128,0.527,Male,No relevent experience,no_enrollment,High School,,4,,,4,27,
city_99,0.915,Male,Has relevent experience,no_enrollment,Graduate,STEM,>20,500-999,Other,1,20,0.0
city_103,0.92,Male,Has relevent experience,no_enrollment,Graduate,STEM,5,100-500,Funded Startup,1,53,0.0
city_138,0.836,Male,Has relevent experience,no_enrollment,Graduate,STEM,11,1000-4999,Pvt Ltd,1,96,0.0
city_28,0.939,Male,Has relevent experience,no_enrollment,Masters,STEM,10,100-500,Pvt Ltd,1,35,0.0
city_21,0.624,Male,No relevent experience,Full time course,Primary School,,7,,,never,18,0.0
city_160,0.92,Male,No relevent experience,no_enrollment,Graduate,Other,15,,,1,72,1.0
city_16,0.91,Male,Has relevent experience,no_enrollment,Graduate,STEM,>20,50-99,Pvt Ltd,>4,57,0.0
city_7,0.647,,No relevent experience,no_enrollment,Graduate,STEM,1,,,never,33,0.0
city_160,0.92,Male,Has relevent experience,no_enrollment,Graduate,STEM,4,50-99,Pvt Ltd,1,204,0.0
city_160,0.92,Male,Has relevent experience,no_enrollment,Graduate,STEM,7,50-99,Pvt Ltd,2,11,0.0
city_136,0.897,Male,Has relevent experience,no_enrollment,Graduate,STEM,5,50-99,Funded Startup,1,31,0.0
city_103,0.92,Male,Has relevent experience,no_enrollment,Graduate,Other,15,50-99,Funded Startup,1,10,
city_64,0.6659999999999999,Female,Has relevent experience,no_enrollment,Graduate,STEM,4,50-99,,1,14,0.0
city_104,0.924,Male,Has relevent experience,no_enrollment,Masters,STEM,8,10000+,Pvt Ltd,1,42,0.0
city_136,0.897,,Has relevent experience,no_enrollment,Masters,STEM,16,10000+,Pvt Ltd,>4,7,0.0
city_21,0.624,,Has relevent experience,no_enrollment,Graduate,STEM,6,50-99,Pvt Ltd,,28,0.0
city_103,0.92,,Has relevent experience,no_enrollment,Graduate,Humanities,5,100-500,Pvt Ltd,>4,224,0.0
city_103,0.92,Male,Has relevent experience,no_enrollment,Graduate,STEM,>20,1000-4999,Pvt Ltd,1,180,0.0
city_136,0.897,,Has relevent experience,no_enrollment,Masters,STEM,10,,,1,106,0.0
city_46,0.762,Male,Has relevent experience,no_enrollment,Masters,STEM,11,,,1,6,1.0
city_78,0.579,Male,No relevent experience,Full time course,Graduate,Humanities,<1,,,>4,18,0.0
city_136,0.897,Male,Has relevent experience,no_enrollment,Masters,STEM,>20,10000+,Pvt Ltd,>4,102,0.0
city_103,0.92,Male,Has relevent experience,no_enrollment,Graduate,STEM,>20,1000-4999,Pvt Ltd,1,22,0.0
city_16,0.91,Male,Has relevent experience,no_enrollment,Masters,STEM,9,,Pvt Ltd,1,36,0.0
city_104,0.924,Male,Has relevent experience,no_enrollment,Graduate,STEM,14,<10,Pvt Ltd,4,166,0.0
city_160,0.92,Male,Has relevent experience,Full time course,High School,,4,,,1,154,0.0
city_103,0.92,Male,Has relevent experience,no_enrollment,Graduate,Other,7,,,>4,192,1.0
city_71,0.884,Male,Has relevent experience,no_enrollment,Graduate,STEM,11,<10,Early Stage Startup,1,24,
city_27,0.848,Male,Has relevent experience,Full time course,High School,,2,100-500,Pvt Ltd,1,91,0.0
city_101,0.5579999999999999,Male,Has relevent experience,no_enrollment,Masters,STEM,13,50-99,Pvt Ltd,>4,142,0.0
city_21,0.624,Male,Has relevent experience,no_enrollment,Graduate,STEM,4,50-99,Pvt Ltd,never,18,1.0
city_10,0.895,Male,Has relevent experience,no_enrollment,Masters,STEM,>20,100-500,Pvt Ltd,1,4,0.0
city_160,0.92,,Has relevent experience,no_enrollment,Graduate,STEM,>20,50-99,Pvt Ltd,>4,72,1.0
city_120,0.78,Male,Has relevent experience,no_enrollment,Graduate,STEM,6,100-500,Pvt Ltd,2,165,0.0
city_103,0.92,Male,No relevent experience,no_enrollment,Primary School,,4,,,never,30,0.0
city_16,0.91,Male,No relevent experience,Full time course,Graduate,STEM,6,,,1,90,1.0
city_36,0.893,Male,Has relevent experience,Full time course,Graduate,STEM,9,<10,Pvt Ltd,1,114,0.0
city_41,0.8270000000000001,Male,Has relevent experience,Full time course,Graduate,STEM,6,1000-4999,Pvt Ltd,1,45,0.0
city_103,0.92,Male,Has relevent experience,no_enrollment,Graduate,STEM,>20,100-500,Pvt Ltd,>4,36,
city_41,0.8270000000000001,Male,Has relevent experience,Part time course,Graduate,STEM,8,<10,Pvt Ltd,2,86,
city_16,0.91,Male,Has relevent experience,no_enrollment,Graduate,STEM,>20,10000+,Pvt Ltd,>4,16,0.0
city_67,0.855,Male,Has relevent experience,no_enrollment,Masters,STEM,>20,100-500,Pvt Ltd,2,89,0.0
city_21,0.624,,Has relevent experience,Full time course,Graduate,STEM,16,100-500,Pvt Ltd,1,105,0.0
city_103,0.92,Male,Has relevent experience,no_enrollment,Graduate,STEM,4,100-500,Pvt Ltd,1,168,0.0
city_21,0.624,,No relevent experience,Full time course,Graduate,STEM,19,,,,46,1.0
city_118,0.722,Male,Has relevent experience,no_enrollment,Graduate,STEM,10,50-99,Pvt Ltd,1,13,0.0
city_36,0.893,Male,No relevent experience,Full time course,Graduate,STEM,13,,,1,28,0.0
city_21,0.624,Male,Has relevent experience,Full time course,Graduate,STEM,5,50-99,Pvt Ltd,3,51,1.0
city_46,0.762,Male,No relevent experience,no_enrollment,Phd,STEM,14,100-500,Public Sector,never,188,0.0
city_16,0.91,Male,Has relevent experience,no_enrollment,Graduate,STEM,>20,,,1,78,1.0
city_103,0.92,Female,Has relevent experience,no_enrollment,Masters,STEM,2,<10,Early Stage Startup,1,4,0.0
city_103,0.92,Other,Has relevent experience,no_enrollment,Graduate,STEM,13,5000-9999,Pvt Ltd,1,98,0.0
city_16,0.91,Male,Has relevent experience,no_enrollment,Graduate,STEM,>20,50-99,Pvt Ltd,1,27,0.0
city_103,0.92,Male,No relevent experience,no_enrollment,Graduate,STEM,>20,<10,Pvt Ltd,>4,19,
city_116,0.743,Male,Has relevent experience,no_enrollment,Masters,STEM,18,1000-4999,Pvt Ltd,4,72,
city_73,0.754,Male,Has relevent experience,Part time course,High School,,7,<10,Pvt Ltd,2,176,0.0
city_103,0.92,,No relevent experience,no_enrollment,Graduate,STEM,10,1000-4999,Pvt Ltd,>4,204,0.0
city_136,0.897,Male,Has relevent experience,no_enrollment,Masters,No Major,>20,100-500,Pvt Ltd,>4,116,0.0
city_21,0.624,Male,Has relevent experience,Full time course,Graduate,STEM,4,,,never,32,0.0
city_41,0.8270000000000001,Male,No relevent experience,,,,5,,,never,214,0.0
city_103,0.92,Male,Has relevent experience,no_enrollment,Graduate,STEM,7,100-500,Pvt Ltd,1,9,1.0
city_101,0.5579999999999999,Male,No relevent experience,no_enrollment,Primary School,,4,,,1,40,1.0
city_160,0.92,Male,No relevent experience,Full time course,Graduate,STEM,4,,,2,39,1.0
city_16,0.91,Male,Has relevent experience,no_enrollment,Graduate,STEM,>20,,,never,60,
city_21,0.624,Male,Has relevent experience,no_enrollment,Graduate,STEM,7,50-99,Pvt Ltd,1,132,1.0
city_74,0.579,Male,Has relevent experience,no_enrollment,Masters,STEM,3,100-500,Pvt Ltd,3,60,0.0
city_103,0.92,Male,Has relevent experience,no_enrollment,Graduate,Business Degree,>20,,,2,180,1.0
city_36,0.893,Female,No relevent experience,Full time course,High School,,2,100-500,Public Sector,1,32,0.0
city_136,0.897,Male,No relevent experience,Full time course,Graduate,STEM,3,,,never,54,0.0
city_21,0.624,Male,No relevent experience,no_enrollment,Primary School,,<1,,,never,23,1.0
city_138,0.836,Male,Has relevent experience,no_enrollment,Graduate,STEM,11,100-500,Pvt Ltd,never,30,0.0
city_114,0.926,Male,No relevent experience,Full time course,High School,,6,,,never,61,0.0
city_104,0.924,Male,Has relevent experience,no_enrollment,Graduate,Business Degree,>20,,,2,42,0.0
city_94,0.698,Male,Has relevent experience,no_enrollment,Masters,STEM,15,<10,Pvt Ltd,1,36,0.0
city_136,0.897,Male,Has relevent experience,no_enrollment,Masters,STEM,>20,10000+,Pvt Ltd,3,9,0.0
city_101,0.5579999999999999,Male,Has relevent experience,no_enrollment,Graduate,STEM,3,100-500,Pvt Ltd,>4,87,1.0
city_11,0.55,,No relevent experience,Full time course,Graduate,STEM,3,,,1,16,0.0
city_102,0.804,Male,Has relevent experience,no_enrollment,Masters,STEM,>20,,,1,14,0.0
city_73,0.754,Other,Has relevent experience,Part time course,High School,,10,10000+,,1,22,0.0
city_64,0.6659999999999999,Male,Has relevent experience,no_enrollment,Graduate,STEM,>20,,,>4,270,0.0
city_21,0.624,Male,No relevent experience,Full time course,Graduate,STEM,5,,Pvt Ltd,never,6,1.0
city_21,0.624,Male,Has relevent experience,Full time course,Graduate,STEM,4,100-500,Pvt Ltd,1,3,0.0
city_165,0.903,Male,Has relevent experience,no_enrollment,Graduate,STEM,>20,100-500,Pvt Ltd,2,89,0.0
city_173,0.878,Male,Has relevent experience,no_enrollment,Masters,STEM,8,10000+,Pvt Ltd,1,334,
city_21,0.624,Male,Has relevent experience,no_enrollment,Graduate,STEM,<1,10/49,Pvt Ltd,1,17,1.0
city_103,0.92,Male,Has relevent experience,no_enrollment,Graduate,STEM,4,10/49,Pvt Ltd,4,33,1.0
city_41,0.8270000000000001,Male,Has relevent experience,no_enrollment,High School,,8,100-500,Pvt Ltd,>4,14,0.0
city_16,0.91,Male,Has relevent experience,no_enrollment,Graduate,STEM,14,500-999,Pvt Ltd,1,80,0.0
city_70,0.698,,No relevent experience,no_enrollment,High School,,2,,,never,9,0.0
city_28,0.939,,No relevent experience,Part time course,High School,,4,100-500,,never,7,0.0
city_114,0.926,Male,Has relevent experience,no_enrollment,High School,,7,10/49,Pvt Ltd,>4,96,0.0
city_19,0.682,Male,No relevent experience,no_enrollment,Graduate,STEM,1,,,never,284,1.0
city_71,0.884,Male,Has relevent experience,no_enrollment,Primary School,,>20,10/49,Pvt Ltd,1,9,0.0
city_57,0.866,,No relevent experience,no_enrollment,High School,,<1,,,never,182,0.0
city_21,0.624,Male,No relevent experience,no_enrollment,Graduate,,3,,,,100,1.0
city_67,0.855,Female,Has relevent experience,no_enrollment,Graduate,Humanities,4,50-99,Pvt Ltd,3,140,1.0
city_103,0.92,Male,No relevent experience,Part time course,Masters,STEM,9,10000+,Pvt Ltd,never,182,0.0
city_67,0.855,Male,Has relevent experience,no_enrollment,Graduate,STEM,14,,,>4,143,0.0
city_173,0.878,Male,No relevent experience,Full time course,Graduate,Humanities,2,1000-4999,Pvt Ltd,1,17,0.0
city_21,0.624,Male,No relevent experience,Full time course,Graduate,STEM,2,,,never,40,0.0
city_36,0.893,Male,Has relevent experience,no_enrollment,Graduate,No Major,14,50-99,Early Stage Startup,4,80,0.0
city_21,0.624,Male,No relevent experience,Full time course,Graduate,STEM,5,,,never,111,1.0
city_40,0.7759999999999999,Male,Has relevent experience,Part time course,Graduate,STEM,10,10/49,Pvt Ltd,>4,13,0.0
city_103,0.92,Female,Has relevent experience,no_enrollment,Graduate,STEM,20,,,>4,20,1.0
city_114,0.926,Male,No relevent experience,no_enrollment,Phd,STEM,14,500-999,Public Sector,1,46,0.0
city_103,0.92,Male,Has relevent experience,no_enrollment,Graduate,STEM,13,10000+,Pvt Ltd,1,6,0.0
city_133,0.742,Male,No relevent experience,Full time course,Graduate,STEM,2,,,never,220,1.0
city_21,0.624,,Has relevent experience,no_enrollment,Graduate,STEM,5,100-500,Public Sector,2,79,
city_1,0.847,Male,Has relevent experience,no_enrollment,Masters,STEM,3,,,never,39,0.0
city_103,0.92,Male,Has relevent experience,no_enrollment,Graduate,STEM,>20,10000+,Pvt Ltd,>4,53,0.0
city_103,0.92,Male,No relevent experience,Full time course,Graduate,STEM,11,,,4,130,1.0
city_21,0.624,Male,Has relevent experience,no_enrollment,Graduate,STEM,5,50-99,Pvt Ltd,1,3,0.0
city_73,0.754,,Has relevent experience,no_enrollment,Graduate,STEM,4,5000-9999,Other,3,62,0.0
city_103,0.92,,No relevent experience,Full time course,Graduate,STEM,5,,Public Sector,1,112,1.0
city_114,0.926,Male,No relevent experience,Full time course,High School,,2,10/49,Pvt Ltd,2,50,0.0
city_21,0.624,Male,No relevent experience,no_enrollment,Graduate,STEM,1,10000+,Pvt Ltd,1,14,
city_61,0.913,Male,Has relevent experience,no_enrollment,Graduate,STEM,10,100-500,Pvt Ltd,1,46,0.0
city_16,0.91,Male,Has relevent experience,no_enrollment,Graduate,STEM,>20,10000+,Pvt Ltd,>4,69,0.0
city_16,0.91,Male,No relevent experience,no_enrollment,Graduate,STEM,1,,,1,106,0.0
city_134,0.698,,No relevent experience,Full time course,Graduate,STEM,7,,Public Sector,2,5,0.0
city_90,0.698,,No relevent experience,Full time course,Graduate,STEM,2,100-500,Pvt Ltd,,145,0.0
city_103,0.92,,Has relevent experience,no_enrollment,Graduate,STEM,>20,<10,Pvt Ltd,never,20,0.0
city_103,0.92,Male,Has relevent experience,no_enrollment,Masters,STEM,>20,1000-4999,Pvt Ltd,2,98,0.0
city_103,0.92,Male,Has relevent experience,no_enrollment,Masters,STEM,>20,,,2,7,
city_21,0.624,,Has relevent experience,no_enrollment,Graduate,STEM,<1,,,1,3,
city_16,0.91,Female,Has relevent experience,no_enrollment,Graduate,STEM,9,10000+,Pvt Ltd,1,8,0.0
city_160,0.92,Male,Has relevent experience,Full time course,Graduate,STEM,7,1000-4999,Pvt Ltd,1,148,1.0
city_102,0.804,Male,Has relevent experience,no_enrollment,Graduate,STEM,>20,50-99,Pvt Ltd,1,37,0.0
city_98,0.949,,Has relevent experience,no_enrollment,Masters,STEM,>20,1000-4999,Pvt Ltd,>4,50,
city_160,0.92,Male,Has relevent experience,no_enrollment,High School,,>20,10/49,Funded Startup,>4,58,
city_103,0.92,Male,Has relevent experience,no_enrollment,Graduate,STEM,>20,50-99,Pvt Ltd,2,19,0.0
city_45,0.89,Male,Has relevent experience,Full time course,High School,,8,50-99,Pvt Ltd,1,114,0.0
city_114,0.926,Male,Has relevent experience,Full time course,Masters,STEM,9,10/49,Pvt Ltd,4,111,1.0
city_114,0.926,Male,Has relevent experience,no_enrollment,Graduate,STEM,>20,,,>4,31,0.0
city_102,0.804,Male,Has relevent experience,Part time course,Graduate,STEM,>20,,,1,24,
city_16,0.91,Male,Has relevent experience,no_enrollment,Masters,STEM,16,50-99,,never,4,0.0
city_103,0.92,Male,Has relevent experience,no_enrollment,Graduate,STEM,14,,,1,70,1.0
city_21,0.624,,Has relevent experience,no_enrollment,Masters,STEM,3,10000+,Pvt Ltd,1,94,1.0
city_74,0.579,Male,Has relevent experience,Full time course,Graduate,No Major,2,50-99,Pvt Ltd,1,4,1.0
city_103,0.92,,Has relevent experience,no_enrollment,Masters,STEM,7,50-99,Pvt Ltd,2,168,0.0
city_114,0.926,Male,Has relevent experience,no_enrollment,Graduate,STEM,11,10000+,Pvt Ltd,1,218,1.0
city_61,0.913,Male,No relevent experience,Full time course,Graduate,STEM,4,,,,140,0.0
city_114,0.926,Male,Has relevent experience,no_enrollment,Masters,STEM,>20,50-99,Early Stage Startup,1,24,0.0
city_102,0.804,,No relevent experience,Full time course,Graduate,STEM,7,,,never,11,1.0
city_75,0.939,Female,Has relevent experience,no_enrollment,Masters,Other,10,1000-4999,Pvt Ltd,1,40,0.0
city_16,0.91,Male,Has relevent experience,no_enrollment,High School,,17,10000+,Pvt Ltd,1,12,0.0
city_16,0.91,Male,Has relevent experience,no_enrollment,Graduate,STEM,>20,<10,Pvt Ltd,3,83,0.0
city_101,0.5579999999999999,,Has relevent experience,no_enrollment,Graduate,STEM,7,100-500,Pvt Ltd,1,74,1.0
city_21,0.624,,Has relevent experience,Full time course,Graduate,STEM,3,500-999,Pvt Ltd,1,192,1.0
city_21,0.624,,Has relevent experience,no_enrollment,Masters,STEM,18,5000-9999,NGO,4,80,1.0
city_65,0.802,,No relevent experience,no_enrollment,,,4,,,2,304,0.0
city_103,0.92,Male,Has relevent experience,no_enrollment,Graduate,STEM,13,100-500,Pvt Ltd,2,56,0.0
city_10,0.895,Male,No relevent experience,Full time course,High School,,4,10/49,Pvt Ltd,1,89,
city_103,0.92,Male,Has relevent experience,no_enrollment,Graduate,STEM,>20,,,>4,7,1.0
city_103,0.92,Male,Has relevent experience,no_enrollment,Graduate,STEM,>20,,,3,27,1.0
city_21,0.624,,Has relevent experience,Full time course,Graduate,STEM,<1,<10,Early Stage Startup,1,68,0.0
city_75,0.939,,Has relevent experience,no_enrollment,Graduate,Humanities,5,50-99,Pvt Ltd,1,13,0.0
city_84,0.698,Male,Has relevent experience,no_enrollment,Masters,STEM,10,,,>4,46,1.0
city_103,0.92,Male,Has relevent experience,no_enrollment,Graduate,STEM,8,1000-4999,NGO,2,50,0.0
city_16,0.91,,No relevent experience,no_enrollment,Masters,STEM,7,50-99,Early Stage Startup,1,18,
city_99,0.915,Male,Has relevent experience,no_enrollment,Graduate,STEM,9,<10,Funded Startup,1,6,0.0
city_103,0.92,Male,Has relevent experience,no_enrollment,Graduate,STEM,13,100-500,Pvt Ltd,>4,5,0.0
city_19,0.682,,Has relevent experience,no_enrollment,Graduate,STEM,12,50-99,Early Stage Startup,>4,25,1.0
city_103,0.92,Male,Has relevent experience,no_enrollment,Graduate,Humanities,3,50-99,Other,2,20,0.0
city_103,0.92,Male,Has relevent experience,no_enrollment,Masters,STEM,>20,,,2,92,1.0
city_104,0.924,Male,Has relevent experience,no_enrollment,Graduate,STEM,8,50-99,Pvt Ltd,1,232,0.0
city_103,0.92,,Has relevent experience,Part time course,Graduate,STEM,5,100-500,Pvt Ltd,2,44,
city_116,0.743,,Has relevent experience,no_enrollment,Masters,STEM,,,,2,144,0.0
city_103,0.92,Male,Has relevent experience,no_enrollment,Graduate,STEM,5,50-99,Pvt Ltd,1,50,
city_11,0.55,,Has relevent experience,no_enrollment,Masters,STEM,2,100-500,,1,56,0.0
city_16,0.91,Male,No relevent experience,no_enrollment,Primary School,,2,,,never,12,0.0
city_9,0.743,,Has relevent experience,Full time course,Masters,STEM,1,,,1,78,0.0
city_89,0.925,Male,No relevent experience,Full time course,High School,,2,,Pvt Ltd,never,166,0.0
city_71,0.884,Other,No relevent experience,Full time course,Graduate,STEM,2,,,1,68,
city_16,0.91,Male,Has relevent experience,Part time course,Graduate,STEM,>20,10000+,Pvt Ltd,2,12,
city_103,0.92,Other,Has relevent experience,Full time course,Graduate,STEM,5,,,1,132,
city_136,0.897,Male,Has relevent experience,no_enrollment,Phd,STEM,19,50-99,Pvt Ltd,4,314,0.0
city_103,0.92,Male,Has relevent experience,no_enrollment,Graduate,Humanities,>20,50-99,Funded Startup,1,102,
city_77,0.83,Male,Has relevent experience,Full time course,Graduate,STEM,5,,,never,50,0.0
city_103,0.92,,Has relevent experience,no_enrollment,Graduate,STEM,>20,10000+,Pvt Ltd,>4,61,
city_114,0.926,Male,Has relevent experience,Part time course,High School,,15,<10,Pvt Ltd,1,34,0.0
city_103,0.92,Male,Has relevent experience,no_enrollment,Graduate,STEM,20,,,1,55,1.0
city_114,0.926,Male,No relevent experience,no_enrollment,High School,,2,10/49,Pvt Ltd,1,54,0.0
city_21,0.624,,Has relevent experience,no_enrollment,Graduate,STEM,<1,10/49,Pvt Ltd,1,26,1.0
city_21,0.624,Male,Has relevent experience,Part time course,Masters,STEM,7,50-99,Funded Startup,1,24,1.0
city_16,0.91,,Has relevent experience,Full time course,Graduate,STEM,5,10000+,Pvt Ltd,2,84,0.0
city_21,0.624,Male,No relevent experience,Full time course,Graduate,STEM,7,,,never,26,1.0
city_67,0.855,Male,Has relevent experience,no_enrollment,Masters,STEM,8,5000-9999,Pvt Ltd,2,10,0.0
city_21,0.624,,Has relevent experience,,Graduate,STEM,2,50-99,Pvt Ltd,2,42,
city_103,0.92,,Has relevent experience,Full time course,Graduate,STEM,7,,,1,17,1.0
city_103,0.92,Male,Has relevent experience,Full time course,Graduate,STEM,10,10000+,Pvt Ltd,2,48,
city_90,0.698,Male,No relevent experience,Part time course,High School,,2,<10,Early Stage Startup,1,69,0.0
city_118,0.722,Male,Has relevent experience,no_enrollment,Graduate,STEM,6,<10,Early Stage Startup,1,50,1.0
city_71,0.884,Male,Has relevent experience,no_enrollment,Graduate,STEM,>20,50-99,Pvt Ltd,>4,236,0.0
city_57,0.866,Male,Has relevent experience,no_enrollment,Graduate,STEM,7,100-500,Pvt Ltd,2,10,0.0
city_84,0.698,Male,Has relevent experience,no_enrollment,Graduate,STEM,>20,10/49,Pvt Ltd,>4,86,0.0
city_16,0.91,Female,Has relevent experience,no_enrollment,Graduate,STEM,6,100-500,Pvt Ltd,4,167,0.0
city_160,0.92,Male,Has relevent experience,no_enrollment,Graduate,STEM,>20,10/49,Pvt Ltd,>4,18,0.0
city_103,0.92,Male,Has relevent experience,no_enrollment,Primary School,,>20,1000-4999,Pvt Ltd,>4,88,0.0
city_21,0.624,Male,Has relevent experience,no_enrollment,Masters,STEM,6,,,1,56,1.0
city_136,0.897,Male,Has relevent experience,no_enrollment,Masters,STEM,5,10000+,NGO,1,31,0.0
city_114,0.926,Male,Has relevent experience,no_enrollment,Masters,STEM,10,50-99,Pvt Ltd,>4,29,0.0
city_160,0.92,Male,Has relevent experience,no_enrollment,Graduate,STEM,6,50-99,Early Stage Startup,1,106,0.0
city_104,0.924,Male,Has relevent experience,no_enrollment,Graduate,STEM,5,10/49,Pvt Ltd,never,49,0.0
city_103,0.92,Male,Has relevent experience,no_enrollment,Graduate,Humanities,4,100-500,Pvt Ltd,1,114,0.0
city_103,0.92,Male,No relevent experience,no_enrollment,Phd,STEM,15,5000-9999,Pvt Ltd,1,31,0.0
city_134,0.698,,Has relevent experience,no_enrollment,Masters,STEM,6,,,,36,0.0
city_71,0.884,Male,Has relevent experience,no_enrollment,Masters,STEM,>20,,,1,69,
city_23,0.899,Male,Has relevent experience,Full time course,Masters,STEM,13,500-999,Funded Startup,1,20,0.0
city_16,0.91,Male,No relevent experience,Full time course,Graduate,Arts,6,<10,Pvt Ltd,1,45,
city_103,0.92,Male,No relevent experience,no_enrollment,Graduate,STEM,>20,,,>4,16,0.0
city_44,0.725,Male,No relevent experience,no_enrollment,Masters,STEM,8,,,2,10,1.0
city_83,0.923,Male,Has relevent experience,no_enrollment,Graduate,STEM,14,<10,Funded Startup,1,69,0.0
city_128,0.527,Male,Has relevent experience,no_enrollment,Graduate,STEM,4,,,1,46,
city_103,0.92,Male,Has relevent experience,no_enrollment,Graduate,STEM,7,50-99,Pvt Ltd,4,55,0.0
city_103,0.92,Male,Has relevent experience,no_enrollment,Graduate,STEM,>20,5000-9999,Pvt Ltd,>4,92,0.0
city_93,0.865,Male,Has relevent experience,Full time course,Graduate,STEM,11,,,2,20,1.0
city_114,0.926,Male,Has relevent experience,no_enrollment,Graduate,STEM,6,50-99,Pvt Ltd,>4,84,0.0
city_21,0.624,Male,Has relevent experience,Full time course,Masters,STEM,4,50-99,Pvt Ltd,1,151,1.0
city_136,0.897,,No relevent experience,no_enrollment,Phd,STEM,12,,,2,53,0.0
city_103,0.92,Female,Has relevent experience,no_enrollment,Graduate,STEM,6,50-99,Other,1,148,0.0
city_160,0.92,Male,No relevent experience,no_enrollment,Primary School,,1,,,never,60,1.0
city_71,0.884,Male,Has relevent experience,no_enrollment,Masters,STEM,12,10000+,Pvt Ltd,1,101,0.0
city_21,0.624,Male,Has relevent experience,no_enrollment,Graduate,STEM,3,100-500,Pvt Ltd,2,78,1.0
city_21,0.624,Male,Has relevent experience,no_enrollment,Masters,Business Degree,15,,,>4,76,0.0
city_116,0.743,Male,Has relevent experience,no_enrollment,Masters,STEM,7,1000-4999,Pvt Ltd,>4,6,0.0
city_136,0.897,Male,Has relevent experience,no_enrollment,Masters,STEM,12,100-500,Pvt Ltd,4,136,0.0
city_103,0.92,Male,Has relevent experience,no_enrollment,Graduate,STEM,17,50-99,Pvt Ltd,3,51,0.0
city_102,0.804,,No relevent experience,Full time course,Graduate,STEM,4,,,never,33,0.0
city_165,0.903,Male,Has relevent experience,no_enrollment,Graduate,Humanities,9,100-500,Pvt Ltd,1,79,0.0
city_21,0.624,Female,Has relevent experience,no_enrollment,Graduate,STEM,3,100-500,,1,114,1.0
city_21,0.624,Male,No relevent experience,no_enrollment,Primary School,,4,,,never,15,0.0
city_114,0.926,Male,Has relevent experience,no_enrollment,Graduate,STEM,15,100-500,Pvt Ltd,never,38,0.0
city_136,0.897,Male,Has relevent experience,no_enrollment,Masters,STEM,15,100-500,Pvt Ltd,>4,34,0.0
city_21,0.624,Male,Has relevent experience,no_enrollment,Masters,STEM,7,50-99,Pvt Ltd,1,56,0.0
city_103,0.92,Male,Has relevent experience,no_enrollment,Graduate,STEM,>20,1000-4999,Pvt Ltd,1,88,
city_160,0.92,Male,Has relevent experience,no_enrollment,Graduate,STEM,>20,100-500,Pvt Ltd,1,36,0.0
city_103,0.92,Male,Has relevent experience,no_enrollment,Graduate,STEM,14,1000-4999,Pvt Ltd,>4,15,0.0
city_16,0.91,Male,Has relevent experience,no_enrollment,Masters,STEM,5,<10,Funded Startup,1,60,0.0
city_21,0.624,Male,Has relevent experience,no_enrollment,Graduate,STEM,2,100-500,Early Stage Startup,2,51,1.0
city_123,0.738,,Has relevent experience,Full time course,Graduate,STEM,2,100-500,Pvt Ltd,1,5,0.0
city_65,0.802,,No relevent experience,no_enrollment,Graduate,Arts,>20,,,3,50,0.0
city_10,0.895,Male,Has relevent experience,Part time course,Graduate,STEM,10,<10,Pvt Ltd,1,72,0.0
city_114,0.926,Male,Has relevent experience,Full time course,High School,,9,50-99,Pvt Ltd,1,7,0.0
city_114,0.926,,Has relevent experience,no_enrollment,High School,,>20,,,>4,62,
city_16,0.91,Female,No relevent experience,,High School,,3,,,never,122,0.0
city_94,0.698,Male,Has relevent experience,Part time course,Graduate,STEM,6,,,1,162,
city_144,0.84,Male,Has relevent experience,no_enrollment,Graduate,STEM,3,<10,,never,63,0.0
city_100,0.887,Male,No relevent experience,no_enrollment,Primary School,,3,,Pvt Ltd,never,18,
city_103,0.92,,No relevent experience,no_enrollment,High School,,5,,,never,48,1.0
city_146,0.735,,Has relevent experience,Full time course,Graduate,STEM,6,,,1,42,0.0
city_160,0.92,,Has relevent experience,no_enrollment,Graduate,STEM,11,10000+,Pvt Ltd,>4,122,1.0
city_103,0.92,Male,No relevent experience,no_enrollment,Graduate,Humanities,>20,,,1,18,1.0
city_19,0.682,Male,No relevent experience,Full time course,Graduate,STEM,2,,Pvt Ltd,never,32,0.0
city_103,0.92,Male,Has relevent experience,no_enrollment,Graduate,STEM,6,5000-9999,Pvt Ltd,4,28,0.0
city_21,0.624,Male,Has relevent experience,no_enrollment,Graduate,STEM,6,10000+,Pvt Ltd,1,86,0.0
city_103,0.92,,No relevent experience,no_enrollment,Phd,STEM,15,10000+,Pvt Ltd,2,148,0.0
city_83,0.923,Male,Has relevent experience,no_enrollment,Graduate,STEM,11,5000-9999,Pvt Ltd,1,40,0.0
city_57,0.866,Male,Has relevent experience,no_enrollment,Masters,STEM,12,50-99,Pvt Ltd,1,30,0.0
city_65,0.802,,Has relevent experience,Full time course,Masters,STEM,2,1000-4999,Pvt Ltd,1,99,0.0
city_103,0.92,Male,Has relevent experience,no_enrollment,Graduate,STEM,8,,,4,89,1.0
city_16,0.91,Male,Has relevent experience,no_enrollment,Graduate,STEM,11,50-99,Pvt Ltd,4,82,0.0
city_136,0.897,Female,No relevent experience,Part time course,Graduate,STEM,3,10/49,Pvt Ltd,1,15,0.0
city_138,0.836,Male,Has relevent experience,no_enrollment,Masters,STEM,>20,50-99,Pvt Ltd,2,7,0.0
city_94,0.698,Male,Has relevent experience,no_enrollment,Masters,STEM,>20,<10,Public Sector,never,55,0.0
city_103,0.92,Male,Has relevent experience,no_enrollment,Graduate,Humanities,5,50-99,Pvt Ltd,>4,135,0.0
city_93,0.865,Male,Has relevent experience,no_enrollment,High School,,16,500-999,Pvt Ltd,1,104,0.0
city_142,0.727,Male,Has relevent experience,no_enrollment,Graduate,STEM,5,100-500,Pvt Ltd,1,43,0.0
city_103,0.92,Male,No relevent experience,no_enrollment,Graduate,Other,14,,,1,25,
city_45,0.89,Male,Has relevent experience,no_enrollment,Graduate,STEM,14,50-99,Pvt Ltd,>4,47,0.0
city_152,0.698,Male,Has relevent experience,no_enrollment,Graduate,STEM,>20,10/49,Pvt Ltd,>4,95,1.0
city_103,0.92,Male,Has relevent experience,no_enrollment,Graduate,Business Degree,16,50-99,Funded Startup,1,70,0.0
city_67,0.855,Male,Has relevent experience,no_enrollment,Graduate,STEM,15,100-500,NGO,1,21,0.0
city_67,0.855,Male,Has relevent experience,no_enrollment,Masters,STEM,14,,,1,134,0.0
city_120,0.78,,Has relevent experience,no_enrollment,Graduate,STEM,>20,50-99,Pvt Ltd,1,138,0.0
city_103,0.92,Male,Has relevent experience,no_enrollment,Graduate,STEM,>20,10000+,Pvt Ltd,never,54,0.0
city_21,0.624,,Has relevent experience,Full time course,Graduate,STEM,3,50-99,,1,24,
city_103,0.92,Male,No relevent experience,no_enrollment,Masters,STEM,7,,,4,16,0.0
city_16,0.91,,Has relevent experience,no_enrollment,Graduate,STEM,6,100-500,Pvt Ltd,>4,31,0.0
city_136,0.897,,Has relevent experience,no_enrollment,Masters,STEM,3,10/49,Pvt Ltd,,11,0.0
city_102,0.804,Male,Has relevent experience,no_enrollment,Masters,STEM,20,1000-4999,Pvt Ltd,1,3,0.0
city_10,0.895,Male,Has relevent experience,no_enrollment,Masters,STEM,19,100-500,Pvt Ltd,2,14,0.0
city_158,0.7659999999999999,Male,Has relevent experience,no_enrollment,Graduate,STEM,3,,,1,154,0.0
city_11,0.55,,No relevent experience,Full time course,High School,,1,,,1,48,
city_27,0.848,,Has relevent experience,no_enrollment,Graduate,STEM,6,50-99,Funded Startup,1,22,0.0
city_75,0.939,Male,Has relevent experience,no_enrollment,Graduate,STEM,6,,Pvt Ltd,>4,41,0.0
city_16,0.91,Male,Has relevent experience,no_enrollment,Graduate,,10,10000+,Pvt Ltd,3,14,0.0
city_104,0.924,Male,Has relevent experience,no_enrollment,Graduate,No Major,7,10/49,NGO,>4,23,0.0
city_21,0.624,Male,Has relevent experience,no_enrollment,Graduate,STEM,5,100-500,Pvt Ltd,3,166,1.0
city_61,0.913,Male,Has relevent experience,no_enrollment,Graduate,STEM,>20,1000-4999,Pvt Ltd,2,18,0.0
city_44,0.725,Male,No relevent experience,Part time course,Graduate,STEM,7,<10,Early Stage Startup,never,160,
city_104,0.924,Male,No relevent experience,Full time course,Graduate,STEM,13,,,3,41,1.0
city_114,0.926,Female,No relevent experience,Part time course,High School,,16,1000-4999,,2,6,
city_136,0.897,,No relevent experience,no_enrollment,Masters,STEM,3,100-500,Public Sector,>4,96,0.0
city_53,0.74,,No relevent experience,Full time course,Graduate,STEM,2,,,1,62,1.0
city_103,0.92,Male,Has relevent experience,no_enrollment,Graduate,Business Degree,19,,,>4,100,1.0
city_103,0.92,Male,Has relevent experience,no_enrollment,Primary School,,3,50-99,Pvt Ltd,1,7,0.0
city_21,0.624,,Has relevent experience,no_enrollment,Graduate,Other,3,100-500,Pvt Ltd,3,5,0.0
city_103,0.92,Male,Has relevent experience,no_enrollment,Graduate,STEM,>20,10/49,Pvt Ltd,never,39,0.0
city_176,0.764,Male,Has relevent experience,,Masters,STEM,14,100-500,NGO,1,51,0.0
city_103,0.92,Male,Has relevent experience,no_enrollment,Graduate,STEM,5,5000-9999,Pvt Ltd,1,45,0.0
city_21,0.624,,Has relevent experience,no_enrollment,Graduate,STEM,8,50-99,Pvt Ltd,1,44,0.0
city_21,0.624,,Has relevent experience,no_enrollment,Graduate,STEM,4,100-500,Pvt Ltd,1,42,1.0
city_103,0.92,Male,Has relevent experience,no_enrollment,Masters,STEM,15,10000+,Pvt Ltd,never,6,0.0
city_21,0.624,Male,Has relevent experience,no_enrollment,Graduate,Other,11,10000+,Pvt Ltd,1,21,1.0
city_75,0.939,,Has relevent experience,no_enrollment,Graduate,STEM,7,50-99,Pvt Ltd,>4,108,0.0
city_21,0.624,Male,Has relevent experience,no_enrollment,Masters,STEM,15,50-99,Pvt Ltd,3,77,1.0
city_94,0.698,Male,Has relevent experience,no_enrollment,Graduate,STEM,15,50-99,Early Stage Startup,1,152,0.0
city_16,0.91,Female,Has relevent experience,no_enrollment,Masters,Humanities,2,100-500,Pvt Ltd,1,20,0.0
city_114,0.926,Male,Has relevent experience,no_enrollment,Graduate,STEM,12,1000-4999,Public Sector,>4,17,
city_21,0.624,,Has relevent experience,no_enrollment,Graduate,STEM,7,50-99,Pvt Ltd,2,85,
city_21,0.624,Male,Has relevent experience,no_enrollment,Graduate,STEM,9,500-999,Pvt Ltd,>4,12,0.0
city_46,0.762,,Has relevent experience,no_enrollment,Masters,STEM,9,1000-4999,NGO,1,34,0.0
city_103,0.92,Male,Has relevent experience,no_enrollment,Graduate,STEM,>20,5000-9999,Pvt Ltd,>4,42,
city_103,0.92,Male,No relevent experience,no_enrollment,Graduate,STEM,15,1000-4999,Pvt Ltd,>4,31,
city_160,0.92,Male,Has relevent experience,Full time course,Graduate,STEM,8,,,2,54,1.0
city_103,0.92,Male,Has relevent experience,no_enrollment,Masters,STEM,>20,10000+,Pvt Ltd,>4,24,0.0
city_103,0.92,Other,No relevent experience,Full time course,Graduate,STEM,11,5000-9999,Pvt Ltd,1,16,0.0
city_75,0.939,,Has relevent experience,no_enrollment,Graduate,STEM,8,50-99,,3,128,0.0
city_103,0.92,Male,Has relevent experience,no_enrollment,Graduate,STEM,>20,1000-4999,Pvt Ltd,>4,51,
city_21,0.624,Male,Has relevent experience,no_enrollment,Graduate,STEM,7,100-500,Early Stage Startup,1,220,1.0
city_16,0.91,Male,No relevent experience,Full time course,Graduate,STEM,2,50-99,Pvt Ltd,1,13,0.0
city_73,0.754,,Has relevent experience,no_enrollment,Graduate,STEM,>20,,,never,89,0.0
city_162,0.767,Male,Has relevent experience,no_enrollment,Masters,STEM,10,<10,Pvt Ltd,>4,114,0.0
city_160,0.92,Male,No relevent experience,no_enrollment,,,6,,,never,33,0.0
city_138,0.836,Male,Has relevent experience,Full time course,Graduate,STEM,2,100-500,Pvt Ltd,1,104,0.0
city_90,0.698,,Has relevent experience,Full time course,Graduate,STEM,3,10/49,Pvt Ltd,1,14,0.0
city_46,0.762,Male,Has relevent experience,no_enrollment,Masters,STEM,>20,5000-9999,Pvt Ltd,>4,15,0.0
city_103,0.92,Male,Has relevent experience,no_enrollment,Graduate,Humanities,5,10000+,Pvt Ltd,4,25,0.0
city_90,0.698,,Has relevent experience,Full time course,Graduate,STEM,8,10/49,Pvt Ltd,,25,1.0
city_21,0.624,Male,No relevent experience,no_enrollment,,,2,,,never,20,1.0
city_162,0.767,,No relevent experience,Full time course,Primary School,,3,,,1,50,1.0
city_105,0.794,Female,Has relevent experience,Part time course,Graduate,STEM,5,1000-4999,Pvt Ltd,1,65,0.0
city_114,0.926,,No relevent experience,,High School,,2,,,never,60,0.0
city_21,0.624,,Has relevent experience,no_enrollment,Graduate,STEM,<1,10000+,Pvt Ltd,,38,1.0
city_67,0.855,Male,Has relevent experience,no_enrollment,Graduate,STEM,16,,,1,32,0.0
city_103,0.92,,No relevent experience,no_enrollment,Graduate,STEM,<1,,,1,30,0.0
city_21,0.624,,Has relevent experience,no_enrollment,Masters,STEM,9,50-99,Pvt Ltd,>4,6,1.0
city_36,0.893,Male,No relevent experience,no_enrollment,High School,,5,,,never,43,0.0
city_16,0.91,,Has relevent experience,no_enrollment,Graduate,STEM,2,10000+,Pvt Ltd,1,8,0.0
city_16,0.91,Male,Has relevent experience,no_enrollment,Masters,STEM,>20,500-999,Pvt Ltd,1,34,1.0
city_50,0.8959999999999999,Male,Has relevent experience,no_enrollment,Masters,STEM,13,100-500,Pvt Ltd,never,34,0.0
city_21,0.624,Male,No relevent experience,no_enrollment,Graduate,Other,<1,,,1,167,0.0
city_21,0.624,Male,No relevent experience,no_enrollment,High School,,7,,,never,150,0.0
city_21,0.624,Male,Has relevent experience,no_enrollment,Graduate,STEM,2,10/49,Pvt Ltd,2,89,1.0
city_67,0.855,,Has relevent experience,Full time course,Graduate,STEM,9,<10,Early Stage Startup,1,24,0.0
city_100,0.887,,Has relevent experience,no_enrollment,Masters,STEM,>20,50-99,Pvt Ltd,1,81,
city_13,0.8270000000000001,Male,Has relevent experience,Part time course,High School,,9,100-500,Pvt Ltd,1,31,0.0
city_28,0.939,Male,No relevent experience,Full time course,High School,,5,,,2,96,0.0
city_61,0.913,Male,No relevent experience,Full time course,Graduate,STEM,11,,,1,77,1.0
city_114,0.926,Male,Has relevent experience,no_enrollment,,,15,100-500,,>4,95,0.0
city_103,0.92,Female,Has relevent experience,no_enrollment,Graduate,STEM,>20,100-500,NGO,>4,17,0.0
city_21,0.624,,Has relevent experience,no_enrollment,Masters,STEM,16,500-999,Pvt Ltd,>4,204,0.0
city_99,0.915,,No relevent experience,Full time course,Graduate,STEM,11,,,,24,0.0
city_16,0.91,,Has relevent experience,no_enrollment,Graduate,STEM,15,10/49,Early Stage Startup,1,326,0.0
city_103,0.92,Female,Has relevent experience,no_enrollment,Graduate,Humanities,4,10000+,Pvt Ltd,1,276,0.0
city_67,0.855,Male,Has relevent experience,no_enrollment,Masters,STEM,15,100-500,Funded Startup,1,55,0.0
city_21,0.624,,No relevent experience,Full time course,Graduate,STEM,15,10000+,Pvt Ltd,2,156,1.0
city_21,0.624,Male,Has relevent experience,no_enrollment,Graduate,STEM,5,10/49,Early Stage Startup,2,5,1.0
city_11,0.55,Female,Has relevent experience,Full time course,Masters,STEM,4,50-99,Funded Startup,1,56,0.0
city_21,0.624,Male,Has relevent experience,no_enrollment,Phd,STEM,>20,,,>4,36,1.0
city_21,0.624,Male,No relevent experience,Full time course,Graduate,STEM,1,,,never,63,0.0
city_16,0.91,Male,Has relevent experience,no_enrollment,Graduate,STEM,10,10000+,Pvt Ltd,2,12,0.0
city_103,0.92,Male,No relevent experience,no_enrollment,Graduate,STEM,16,,,never,17,1.0
city_65,0.802,Male,Has relevent experience,no_enrollment,Graduate,STEM,13,,,never,84,0.0
city_21,0.624,,No relevent experience,Full time course,Masters,STEM,15,1000-4999,Public Sector,3,174,0.0
city_67,0.855,Male,Has relevent experience,Part time course,Masters,STEM,20,,,2,308,0.0
city_160,0.92,Male,Has relevent experience,no_enrollment,Graduate,STEM,9,100-500,Funded Startup,1,14,
city_75,0.939,Male,Has relevent experience,no_enrollment,Graduate,STEM,5,1000-4999,Pvt Ltd,2,26,
city_21,0.624,Male,Has relevent experience,no_enrollment,Graduate,STEM,3,50-99,Pvt Ltd,1,22,
city_103,0.92,Male,Has relevent experience,no_enrollment,Graduate,STEM,15,10000+,Pvt Ltd,2,30,0.0
city_21,0.624,,Has relevent experience,Full time course,Graduate,STEM,3,50-99,Pvt Ltd,1,80,1.0
city_75,0.939,Male,No relevent experience,no_enrollment,Graduate,Other,>20,<10,Pvt Ltd,>4,83,0.0
city_21,0.624,Male,Has relevent experience,no_enrollment,Graduate,STEM,9,10000+,Pvt Ltd,4,20,0.0
city_114,0.926,Male,Has relevent experience,no_enrollment,Masters,STEM,6,500-999,Pvt Ltd,never,106,0.0
city_74,0.579,Male,Has relevent experience,no_enrollment,Graduate,STEM,7,100-500,Pvt Ltd,2,5,1.0
city_103,0.92,,No relevent experience,Full time course,High School,,5,,,,56,0.0
city_16,0.91,Male,Has relevent experience,no_enrollment,Graduate,STEM,6,10000+,Pvt Ltd,1,14,0.0
city_21,0.624,,Has relevent experience,no_enrollment,Graduate,STEM,8,100-500,Pvt Ltd,1,55,
city_134,0.698,Male,No relevent experience,no_enrollment,Graduate,STEM,5,10/49,Pvt Ltd,1,48,1.0
city_57,0.866,Male,No relevent experience,Full time course,Graduate,STEM,2,,,never,75,0.0
city_159,0.843,Male,Has relevent experience,Part time course,Graduate,STEM,11,50-99,Pvt Ltd,2,38,0.0
city_145,0.555,Male,Has relevent experience,no_enrollment,Graduate,STEM,8,10/49,Pvt Ltd,2,29,1.0
city_114,0.926,Male,No relevent experience,Full time course,High School,,5,,,never,68,
city_103,0.92,Male,Has relevent experience,no_enrollment,Graduate,Arts,14,10000+,,2,94,0.0
city_103,0.92,Female,No relevent experience,no_enrollment,Graduate,Arts,4,50-99,Pvt Ltd,1,20,0.0
city_103,0.92,Male,Has relevent experience,no_enrollment,Graduate,Humanities,10,,,>4,43,0.0
city_21,0.624,Male,Has relevent experience,Full time course,Masters,STEM,17,10000+,Pvt Ltd,1,129,1.0
city_138,0.836,,Has relevent experience,no_enrollment,High School,,9,,,2,22,0.0
city_103,0.92,Male,No relevent experience,Full time course,Graduate,STEM,8,50-99,Funded Startup,4,33,0.0
city_136,0.897,Male,Has relevent experience,no_enrollment,Masters,STEM,6,10/49,,1,8,0.0
city_103,0.92,Male,Has relevent experience,Part time course,Graduate,STEM,14,10000+,Pvt Ltd,>4,43,0.0
city_104,0.924,,No relevent experience,Full time course,Graduate,STEM,9,,,2,102,0.0
city_103,0.92,Male,No relevent experience,Full time course,Graduate,STEM,5,,,1,16,0.0
city_75,0.939,Male,Has relevent experience,no_enrollment,Graduate,STEM,10,50-99,Pvt Ltd,1,176,0.0
city_103,0.92,Male,Has relevent experience,no_enrollment,Graduate,STEM,>20,500-999,NGO,1,28,0.0
city_114,0.926,,No relevent experience,Full time course,Graduate,STEM,5,500-999,Pvt Ltd,1,264,0.0
city_50,0.8959999999999999,Male,Has relevent experience,no_enrollment,Graduate,STEM,6,1000-4999,Pvt Ltd,1,46,0.0
city_103,0.92,Male,No relevent experience,no_enrollment,Masters,STEM,19,<10,Early Stage Startup,2,24,0.0
city_103,0.92,,Has relevent experience,no_enrollment,Masters,STEM,,10000+,,,64,0.0
city_176,0.764,Male,Has relevent experience,Full time course,Graduate,STEM,4,10/49,Pvt Ltd,2,12,0.0
city_21,0.624,,Has relevent experience,Full time course,Masters,STEM,4,50-99,Pvt Ltd,never,42,0.0
city_19,0.682,,Has relevent experience,Full time course,Graduate,STEM,3,,,never,13,1.0
city_61,0.913,Male,Has relevent experience,no_enrollment,Graduate,STEM,13,10/49,,2,30,0.0
city_103,0.92,,Has relevent experience,no_enrollment,Graduate,STEM,9,1000-4999,Pvt Ltd,3,72,
city_103,0.92,Female,No relevent experience,no_enrollment,Masters,Humanities,6,10/49,Early Stage Startup,1,113,
city_89,0.925,Male,Has relevent experience,Full time course,Graduate,STEM,14,5000-9999,Pvt Ltd,3,141,1.0
city_23,0.899,Male,Has relevent experience,Full time course,High School,,2,10/49,Pvt Ltd,never,25,0.0
city_23,0.899,,Has relevent experience,no_enrollment,Graduate,STEM,>20,100-500,Funded Startup,>4,26,0.0
city_114,0.926,,Has relevent experience,no_enrollment,Masters,STEM,17,100-500,Pvt Ltd,1,50,0.0
city_73,0.754,,Has relevent experience,no_enrollment,Primary School,,3,,,never,109,0.0
city_114,0.926,Male,Has relevent experience,no_enrollment,Phd,STEM,20,500-999,Pvt Ltd,1,31,0.0
city_103,0.92,Male,Has relevent experience,no_enrollment,Graduate,STEM,5,,,1,80,
city_73,0.754,Male,Has relevent experience,no_enrollment,Masters,STEM,17,,Pvt Ltd,>4,52,0.0
city_21,0.624,Male,Has relevent experience,Full time course,Graduate,STEM,2,,,1,10,0.0
city_128,0.527,Male,Has relevent experience,no_enrollment,Graduate,STEM,11,<10,Pvt Ltd,>4,45,0.0
city_126,0.479,,No relevent experience,,Graduate,STEM,1,100-500,Pvt Ltd,1,110,1.0
city_103,0.92,Male,Has relevent experience,no_enrollment,Graduate,STEM,4,50-99,Pvt Ltd,1,16,0.0
city_160,0.92,,Has relevent experience,no_enrollment,Graduate,STEM,>20,<10,Pvt Ltd,never,67,0.0
city_114,0.926,Male,No relevent experience,Full time course,Graduate,STEM,5,,Other,1,69,0.0
city_105,0.794,Female,Has relevent experience,no_enrollment,Masters,,,500-999,,1,53,
city_103,0.92,Male,Has relevent experience,no_enrollment,Graduate,STEM,4,5000-9999,Pvt Ltd,2,20,0.0
city_104,0.924,Male,Has relevent experience,Part time course,Graduate,STEM,7,100-500,Pvt Ltd,1,94,0.0
city_21,0.624,,Has relevent experience,Full time course,Graduate,STEM,7,5000-9999,Pvt Ltd,1,82,0.0
city_21,0.624,Female,Has relevent experience,no_enrollment,,,5,,,1,39,0.0
city_90,0.698,,No relevent experience,Full time course,Graduate,STEM,1,,,never,10,0.0
city_23,0.899,,Has relevent experience,Full time course,Primary School,,4,100-500,Funded Startup,1,310,0.0
city_104,0.924,Male,Has relevent experience,no_enrollment,Graduate,STEM,16,10/49,Funded Startup,1,17,0.0
city_165,0.903,Male,Has relevent experience,Part time course,Graduate,STEM,>20,10000+,Pvt Ltd,>4,6,0.0
city_103,0.92,Male,No relevent experience,no_enrollment,Graduate,STEM,3,1000-4999,Pvt Ltd,3,13,1.0
city_114,0.926,,Has relevent experience,no_enrollment,Masters,STEM,13,,,1,135,0.0
city_114,0.926,Male,Has relevent experience,no_enrollment,Phd,STEM,>20,100-500,Pvt Ltd,4,30,0.0
city_103,0.92,Male,No relevent experience,no_enrollment,Graduate,Humanities,3,,,2,72,1.0
city_21,0.624,Male,Has relevent experience,no_enrollment,Graduate,STEM,5,5000-9999,Pvt Ltd,1,22,1.0
city_83,0.923,Male,Has relevent experience,no_enrollment,Masters,STEM,>20,,,1,13,0.0
city_64,0.6659999999999999,,Has relevent experience,no_enrollment,Graduate,STEM,>20,10/49,Other,>4,13,0.0
city_114,0.926,Male,No relevent experience,Full time course,Graduate,Business Degree,5,,,2,19,
city_114,0.926,,No relevent experience,Full time course,High School,,3,,,,20,0.0
city_105,0.794,Male,Has relevent experience,no_enrollment,Graduate,Business Degree,3,100-500,Pvt Ltd,2,12,0.0
city_102,0.804,Male,Has relevent experience,Full time course,Graduate,STEM,6,500-999,Pvt Ltd,1,86,0.0
city_14,0.698,,No relevent experience,Full time course,Masters,STEM,4,,,never,17,1.0
city_102,0.804,Male,Has relevent experience,no_enrollment,Masters,STEM,13,,,2,84,1.0
city_103,0.92,Male,Has relevent experience,no_enrollment,Masters,Humanities,5,50-99,Funded Startup,1,129,0.0
city_136,0.897,,Has relevent experience,no_enrollment,Masters,STEM,10,100-500,Pvt Ltd,3,35,0.0
city_21,0.624,Male,Has relevent experience,,Masters,STEM,8,,,2,68,1.0
city_16,0.91,Male,Has relevent experience,no_enrollment,Masters,STEM,>20,<10,Early Stage Startup,1,23,0.0
city_100,0.887,Male,Has relevent experience,no_enrollment,Masters,STEM,8,100-500,Pvt Ltd,3,70,0.0
city_21,0.624,Male,Has relevent experience,no_enrollment,Graduate,STEM,10,1000-4999,Pvt Ltd,2,18,1.0
city_103,0.92,Male,Has relevent experience,no_enrollment,Masters,STEM,15,100-500,Pvt Ltd,2,106,0.0
city_103,0.92,,No relevent experience,no_enrollment,Graduate,Humanities,>20,,,2,17,0.0
city_75,0.939,Male,Has relevent experience,no_enrollment,Masters,STEM,7,,,1,16,1.0
city_46,0.762,Male,Has relevent experience,Part time course,Masters,STEM,10,10000+,Pvt Ltd,>4,3,
city_103,0.92,Male,Has relevent experience,no_enrollment,Masters,STEM,>20,10000+,Public Sector,>4,87,1.0
city_103,0.92,,Has relevent experience,no_enrollment,Graduate,STEM,>20,,,>4,56,1.0
city_16,0.91,Male,Has relevent experience,no_enrollment,Graduate,Other,>20,<10,Early Stage Startup,1,58,
city_67,0.855,Female,Has relevent experience,no_enrollment,Masters,STEM,6,50-99,Funded Startup,1,45,0.0
city_103,0.92,Male,Has relevent experience,no_enrollment,Graduate,Humanities,18,10000+,Pvt Ltd,>4,20,0.0
city_75,0.939,Male,Has relevent experience,no_enrollment,Graduate,STEM,>20,50-99,Pvt Ltd,1,13,0.0
city_75,0.939,Male,Has relevent experience,no_enrollment,Graduate,STEM,4,100-500,,1,36,0.0
city_103,0.92,Male,No relevent experience,no_enrollment,Graduate,STEM,6,,,1,17,1.0
city_114,0.926,,Has relevent experience,no_enrollment,Masters,STEM,4,500-999,NGO,never,31,0.0
city_21,0.624,Male,Has relevent experience,Part time course,Masters,STEM,6,,,4,30,0.0
city_149,0.6890000000000001,Male,No relevent experience,no_enrollment,Graduate,STEM,12,<10,Public Sector,1,117,0.0
city_36,0.893,,Has relevent experience,Part time course,Graduate,STEM,11,,,1,52,0.0
city_136,0.897,,No relevent experience,no_enrollment,High School,,8,,,,18,0.0
city_21,0.624,Male,Has relevent experience,no_enrollment,Graduate,STEM,15,500-999,Pvt Ltd,2,8,0.0
city_103,0.92,Male,Has relevent experience,no_enrollment,Graduate,STEM,>20,100-500,Pvt Ltd,>4,21,0.0
city_128,0.527,,No relevent experience,no_enrollment,High School,,3,,,never,34,0.0
city_91,0.691,Male,Has relevent experience,Full time course,Graduate,STEM,1,,,1,9,1.0
city_11,0.55,,Has relevent experience,no_enrollment,Graduate,STEM,5,<10,,1,104,1.0
city_21,0.624,,Has relevent experience,Full time course,Graduate,STEM,5,100-500,Pvt Ltd,1,34,0.0
city_19,0.682,Male,Has relevent experience,no_enrollment,,,8,<10,Pvt Ltd,1,45,
city_73,0.754,Male,Has relevent experience,Part time course,Graduate,STEM,4,50-99,Pvt Ltd,1,13,
city_21,0.624,Male,Has relevent experience,no_enrollment,Graduate,STEM,3,100-500,Pvt Ltd,1,67,1.0
city_83,0.923,Male,No relevent experience,no_enrollment,Masters,STEM,19,500-999,Pvt Ltd,>4,31,0.0
city_103,0.92,Male,Has relevent experience,no_enrollment,Graduate,STEM,6,10000+,Pvt Ltd,1,70,0.0
city_100,0.887,Male,Has relevent experience,no_enrollment,High School,,3,,,1,91,0.0
city_103,0.92,Other,No relevent experience,Full time course,Graduate,STEM,4,10000+,NGO,1,19,0.0
city_13,0.8270000000000001,,Has relevent experience,Part time course,High School,,5,10/49,Pvt Ltd,2,27,0.0
city_10,0.895,Male,Has relevent experience,no_enrollment,Masters,STEM,16,<10,Pvt Ltd,1,129,0.0
city_114,0.926,,Has relevent experience,no_enrollment,Graduate,STEM,11,1000-4999,Other,2,26,0.0
city_91,0.691,,Has relevent experience,no_enrollment,Graduate,STEM,5,100-500,Public Sector,1,51,1.0
city_100,0.887,,No relevent experience,Part time course,High School,,3,10/49,Pvt Ltd,1,12,0.0
city_65,0.802,Male,Has relevent experience,no_enrollment,Graduate,STEM,10,100-500,Pvt Ltd,never,42,0.0
city_71,0.884,Male,Has relevent experience,no_enrollment,Masters,STEM,>20,,,>4,104,0.0
city_21,0.624,Male,Has relevent experience,no_enrollment,Graduate,STEM,13,10000+,Pvt Ltd,4,40,0.0
city_103,0.92,Male,No relevent experience,Part time course,Graduate,STEM,5,10000+,Pvt Ltd,1,39,0.0
city_21,0.624,,Has relevent experience,,Graduate,STEM,4,100-500,Pvt Ltd,4,26,1.0
city_21,0.624,Female,No relevent experience,Full time course,Graduate,STEM,5,,,never,15,0.0
city_21,0.624,,Has relevent experience,no_enrollment,Graduate,STEM,9,50-99,Pvt Ltd,1,52,1.0
city_67,0.855,Other,Has relevent experience,no_enrollment,Masters,STEM,16,50-99,Pvt Ltd,1,2,0.0
city_160,0.92,Male,Has relevent experience,no_enrollment,Graduate,STEM,6,50-99,Pvt Ltd,1,164,0.0
city_12,0.64,Male,Has relevent experience,no_enrollment,Graduate,STEM,9,<10,Pvt Ltd,>4,30,0.0
city_136,0.897,Male,No relevent experience,Part time course,Graduate,STEM,2,<10,,1,85,0.0
city_16,0.91,Male,Has relevent experience,no_enrollment,Graduate,Arts,11,50-99,Pvt Ltd,>4,28,0.0
city_160,0.92,Male,No relevent experience,Full time course,Graduate,STEM,8,,,1,39,1.0
city_46,0.762,Male,No relevent experience,Full time course,Graduate,STEM,6,,,1,46,0.0
city_16,0.91,,Has relevent experience,no_enrollment,Graduate,STEM,13,<10,Pvt Ltd,1,63,0.0
city_103,0.92,Female,Has relevent experience,no_enrollment,Graduate,Arts,3,50-99,,1,90,0.0
city_136,0.897,Male,Has relevent experience,Part time course,Graduate,STEM,10,10000+,Pvt Ltd,1,26,0.0
city_103,0.92,Male,No relevent experience,no_enrollment,,,<1,,,never,79,0.0
city_21,0.624,Male,Has relevent experience,no_enrollment,Masters,STEM,9,50-99,Pvt Ltd,2,246,0.0
city_21,0.624,Male,Has relevent experience,no_enrollment,Graduate,STEM,6,50-99,Pvt Ltd,4,99,1.0
city_16,0.91,Male,Has relevent experience,no_enrollment,Masters,STEM,13,100-500,Pvt Ltd,2,328,0.0
city_67,0.855,,Has relevent experience,no_enrollment,Masters,STEM,10,,,2,3,0.0
city_71,0.884,,Has relevent experience,Part time course,Graduate,STEM,15,100-500,Pvt Ltd,>4,64,0.0
city_103,0.92,Male,Has relevent experience,no_enrollment,Graduate,Arts,>20,100-500,Funded Startup,1,28,0.0
city_16,0.91,,No relevent experience,Full time course,Graduate,STEM,2,100-500,Pvt Ltd,1,28,0.0
city_16,0.91,Male,Has relevent experience,no_enrollment,Graduate,Humanities,12,10/49,Pvt Ltd,1,105,0.0
city_102,0.804,Male,Has relevent experience,no_enrollment,Graduate,STEM,15,,,1,64,0.0
city_41,0.8270000000000001,,Has relevent experience,Part time course,Masters,STEM,2,,,never,32,0.0
city_21,0.624,,Has relevent experience,no_enrollment,Graduate,STEM,13,5000-9999,Pvt Ltd,4,38,0.0
city_21,0.624,Male,No relevent experience,Full time course,Masters,STEM,4,,,never,13,0.0
city_103,0.92,Male,Has relevent experience,no_enrollment,Graduate,STEM,13,100-500,Pvt Ltd,1,29,0.0
city_21,0.624,Male,No relevent experience,no_enrollment,Masters,STEM,5,100-500,Funded Startup,1,31,0.0
city_11,0.55,Male,No relevent experience,Full time course,Graduate,STEM,<1,,,1,86,1.0
city_21,0.624,Male,Has relevent experience,no_enrollment,Graduate,STEM,11,,,>4,8,1.0
city_71,0.884,Male,Has relevent experience,no_enrollment,Masters,STEM,18,,,4,111,0.0
city_21,0.624,,Has relevent experience,no_enrollment,Graduate,STEM,5,,Pvt Ltd,1,21,1.0
city_21,0.624,Male,Has relevent experience,no_enrollment,Graduate,STEM,10,10000+,Pvt Ltd,1,222,0.0
city_21,0.624,Male,Has relevent experience,no_enrollment,Graduate,STEM,2,,,1,6,1.0
city_11,0.55,Male,No relevent experience,Full time course,Graduate,STEM,3,,,1,6,1.0
city_103,0.92,Male,No relevent experience,no_enrollment,Primary School,,1,,,never,43,0.0
city_103,0.92,Male,Has relevent experience,no_enrollment,Graduate,STEM,>20,10000+,Pvt Ltd,>4,124,
city_21,0.624,Male,Has relevent experience,Full time course,Masters,STEM,9,100-500,Pvt Ltd,4,98,0.0
city_160,0.92,,No relevent experience,no_enrollment,Masters,STEM,>20,10000+,Public Sector,2,11,1.0
city_160,0.92,Male,Has relevent experience,no_enrollment,Graduate,STEM,14,50-99,Pvt Ltd,>4,58,0.0
city_114,0.926,Male,Has relevent experience,no_enrollment,Masters,STEM,11,10/49,Early Stage Startup,1,40,0.0
city_16,0.91,Male,Has relevent experience,no_enrollment,Graduate,STEM,>20,,,>4,29,0.0
city_103,0.92,Male,Has relevent experience,no_enrollment,Masters,STEM,18,5000-9999,Pvt Ltd,1,11,0.0
city_90,0.698,Male,No relevent experience,Full time course,Masters,STEM,5,,,2,20,0.0
city_114,0.926,Male,Has relevent experience,no_enrollment,Graduate,STEM,>20,50-99,Pvt Ltd,1,7,0.0
city_160,0.92,Male,Has relevent experience,no_enrollment,Graduate,STEM,12,,,1,8,
city_21,0.624,Male,Has relevent experience,no_enrollment,Graduate,STEM,10,10000+,Pvt Ltd,1,25,1.0
city_152,0.698,Male,No relevent experience,Full time course,Graduate,STEM,4,,,1,83,0.0
city_114,0.926,Male,Has relevent experience,no_enrollment,Masters,STEM,>20,,,3,9,0.0
city_114,0.926,Male,Has relevent experience,no_enrollment,Graduate,STEM,4,<10,Pvt Ltd,4,16,1.0
city_103,0.92,Male,No relevent experience,no_enrollment,Masters,Business Degree,2,1000-4999,Pvt Ltd,1,29,
city_21,0.624,Male,Has relevent experience,no_enrollment,Graduate,STEM,7,50-99,Funded Startup,1,130,0.0
city_40,0.7759999999999999,Male,Has relevent experience,no_enrollment,Masters,Other,9,100-500,Pvt Ltd,1,21,
city_114,0.926,Male,No relevent experience,no_enrollment,High School,,4,,,never,33,0.0
city_97,0.925,Male,Has relevent experience,no_enrollment,Graduate,STEM,>20,10/49,Pvt Ltd,>4,102,0.0
city_99,0.915,Male,No relevent experience,no_enrollment,High School,,8,5000-9999,Public Sector,1,42,0.0
city_150,0.698,Male,No relevent experience,Full time course,Graduate,STEM,6,,,1,150,0.0
city_103,0.92,,No relevent experience,,,,<1,,,,43,0.0
city_103,0.92,Male,Has relevent experience,no_enrollment,Graduate,STEM,5,100-500,Pvt Ltd,1,29,0.0
city_21,0.624,,Has relevent experience,Full time course,Graduate,STEM,,50-99,Pvt Ltd,1,20,1.0
city_21,0.624,Male,No relevent experience,no_enrollment,Masters,STEM,10,500-999,Public Sector,4,33,1.0
city_89,0.925,,No relevent experience,no_enrollment,Graduate,STEM,1,50-99,Pvt Ltd,1,98,0.0
city_103,0.92,Male,No relevent experience,no_enrollment,Graduate,STEM,5,,,2,86,1.0
city_46,0.762,,No relevent experience,Full time course,Graduate,STEM,6,,,never,22,0.0
city_100,0.887,Male,Has relevent experience,no_enrollment,Graduate,STEM,>20,10000+,Pvt Ltd,>4,102,1.0
city_75,0.939,,Has relevent experience,no_enrollment,Graduate,STEM,7,100-500,Pvt Ltd,1,7,0.0
city_116,0.743,,Has relevent experience,no_enrollment,Graduate,STEM,9,,,2,98,0.0
city_160,0.92,Male,Has relevent experience,no_enrollment,Graduate,STEM,12,100-500,Pvt Ltd,3,18,1.0
city_21,0.624,,Has relevent experience,no_enrollment,Graduate,STEM,<1,1000-4999,Pvt Ltd,1,10,1.0
city_16,0.91,Male,Has relevent experience,no_enrollment,Phd,STEM,>20,<10,Early Stage Startup,2,26,0.0
city_16,0.91,Male,Has relevent experience,no_enrollment,Graduate,STEM,6,50-99,Pvt Ltd,3,36,0.0
city_21,0.624,Male,Has relevent experience,Full time course,Masters,STEM,3,50-99,Pvt Ltd,1,45,0.0
city_114,0.926,,No relevent experience,no_enrollment,Masters,STEM,2,10/49,Pvt Ltd,1,42,0.0
city_16,0.91,Male,No relevent experience,no_enrollment,Phd,STEM,9,1000-4999,Public Sector,>4,90,0.0
city_36,0.893,Male,No relevent experience,Full time course,Graduate,STEM,5,,,1,23,0.0
city_11,0.55,,Has relevent experience,Part time course,Primary School,,1,,,,9,1.0
city_75,0.939,Male,Has relevent experience,Part time course,Masters,No Major,>20,,,>4,80,0.0
city_102,0.804,Male,No relevent experience,no_enrollment,Graduate,STEM,2,,,never,53,1.0
city_73,0.754,Male,Has relevent experience,no_enrollment,High School,,11,,,1,18,0.0
city_20,0.7959999999999999,Female,Has relevent experience,no_enrollment,Graduate,STEM,>20,10000+,Pvt Ltd,2,79,0.0
city_21,0.624,Male,No relevent experience,no_enrollment,High School,,<1,,,never,16,
city_136,0.897,,No relevent experience,Part time course,Phd,STEM,5,10000+,Public Sector,2,7,1.0
city_21,0.624,Male,Has relevent experience,Full time course,Masters,STEM,4,,,1,74,1.0
city_23,0.899,Male,Has relevent experience,no_enrollment,Graduate,STEM,16,500-999,Funded Startup,4,50,0.0
city_90,0.698,Male,Has relevent experience,no_enrollment,Graduate,STEM,5,500-999,Pvt Ltd,1,31,0.0
city_16,0.91,Female,No relevent experience,no_enrollment,Graduate,STEM,9,50-99,Pvt Ltd,1,206,0.0
city_21,0.624,Male,No relevent experience,Full time course,Graduate,STEM,1,50-99,,never,54,1.0
city_19,0.682,,Has relevent experience,no_enrollment,Graduate,STEM,5,,,2,22,0.0
city_103,0.92,,Has relevent experience,no_enrollment,Masters,STEM,>20,,,4,87,1.0
city_21,0.624,Female,Has relevent experience,no_enrollment,Graduate,STEM,<1,<10,Early Stage Startup,1,73,1.0
city_152,0.698,Male,Has relevent experience,no_enrollment,Masters,STEM,12,1000-4999,Pvt Ltd,1,146,0.0
city_21,0.624,Male,No relevent experience,no_enrollment,Graduate,STEM,2,,,1,15,1.0
city_116,0.743,Male,Has relevent experience,no_enrollment,Masters,Humanities,10,1000-4999,Pvt Ltd,3,52,1.0
city_65,0.802,Male,Has relevent experience,no_enrollment,High School,,12,100-500,Pvt Ltd,1,4,0.0
city_103,0.92,,Has relevent experience,no_enrollment,Graduate,STEM,>20,10000+,Pvt Ltd,2,34,0.0
city_160,0.92,Female,Has relevent experience,no_enrollment,Graduate,STEM,9,,,2,55,1.0
city_21,0.624,Female,Has relevent experience,no_enrollment,Graduate,STEM,5,10000+,Pvt Ltd,3,131,1.0
city_103,0.92,Male,Has relevent experience,no_enrollment,Graduate,STEM,>20,10000+,Pvt Ltd,2,68,
city_23,0.899,Male,No relevent experience,Part time course,High School,,4,,,1,14,0.0
city_103,0.92,Male,No relevent experience,no_enrollment,Graduate,No Major,7,,,4,24,1.0
city_67,0.855,Male,Has relevent experience,,Graduate,STEM,14,50-99,Pvt Ltd,2,27,0.0
city_16,0.91,Male,No relevent experience,no_enrollment,Graduate,STEM,8,50-99,Pvt Ltd,4,23,0.0
city_21,0.624,Male,Has relevent experience,no_enrollment,Graduate,STEM,7,,,never,68,0.0
city_103,0.92,Male,Has relevent experience,no_enrollment,Graduate,STEM,17,50-99,Pvt Ltd,>4,41,1.0
city_61,0.913,Male,Has relevent experience,no_enrollment,Graduate,STEM,19,5000-9999,Public Sector,>4,9,0.0
city_89,0.925,Female,Has relevent experience,no_enrollment,Masters,STEM,19,10000+,Pvt Ltd,never,24,0.0
city_144,0.84,,Has relevent experience,Full time course,Graduate,STEM,6,100-500,Pvt Ltd,4,107,0.0
city_71,0.884,Male,Has relevent experience,no_enrollment,Graduate,STEM,7,,,2,25,1.0
city_21,0.624,Male,Has relevent experience,Part time course,Graduate,STEM,7,100-500,Pvt Ltd,>4,31,0.0
city_160,0.92,,Has relevent experience,no_enrollment,Masters,STEM,19,100-500,Pvt Ltd,>4,56,1.0
city_103,0.92,,Has relevent experience,no_enrollment,Phd,STEM,9,10000+,Pvt Ltd,4,29,
city_103,0.92,Female,Has relevent experience,no_enrollment,Graduate,STEM,11,,,2,16,
city_70,0.698,,Has relevent experience,,,,3,,,1,17,1.0
city_71,0.884,Female,Has relevent experience,Part time course,Graduate,STEM,>20,10000+,Pvt Ltd,>4,99,0.0
city_36,0.893,Male,Has relevent experience,Part time course,Graduate,STEM,9,<10,Pvt Ltd,1,113,0.0
city_23,0.899,,Has relevent experience,no_enrollment,,,>20,,Pvt Ltd,never,34,
city_103,0.92,,Has relevent experience,no_enrollment,Graduate,Business Degree,>20,<10,Pvt Ltd,2,39,
city_16,0.91,,No relevent experience,no_enrollment,High School,,2,,,never,108,0.0
city_57,0.866,,Has relevent experience,no_enrollment,Masters,STEM,10,50-99,Early Stage Startup,1,141,0.0
city_21,0.624,Male,No relevent experience,Full time course,Graduate,STEM,<1,,,1,232,
city_136,0.897,Male,Has relevent experience,no_enrollment,Masters,STEM,>20,,,1,90,0.0
city_123,0.738,Male,Has relevent experience,no_enrollment,Graduate,STEM,6,100-500,Funded Startup,1,25,0.0
city_28,0.939,Male,Has relevent experience,no_enrollment,High School,,7,100-500,Public Sector,1,6,0.0
city_61,0.913,Male,No relevent experience,Full time course,High School,,9,,,1,27,0.0
city_128,0.527,Male,Has relevent experience,no_enrollment,Graduate,STEM,>20,,,never,94,0.0
city_114,0.926,Male,No relevent experience,Full time course,High School,,3,,Pvt Ltd,never,74,0.0
city_145,0.555,,No relevent experience,no_enrollment,Graduate,STEM,2,50-99,NGO,never,42,0.0
city_103,0.92,,Has relevent experience,no_enrollment,Masters,STEM,>20,50-99,Pvt Ltd,>4,70,0.0
city_73,0.754,Male,Has relevent experience,no_enrollment,Graduate,STEM,>20,,,1,72,0.0
city_128,0.527,Male,Has relevent experience,Full time course,Graduate,STEM,2,10/49,Pvt Ltd,1,88,0.0
city_103,0.92,,Has relevent experience,no_enrollment,Graduate,Humanities,2,50-99,Funded Startup,1,13,0.0
city_19,0.682,Male,Has relevent experience,no_enrollment,Graduate,STEM,6,10000+,Pvt Ltd,2,10,0.0
city_40,0.7759999999999999,Male,No relevent experience,Full time course,Graduate,STEM,8,,,2,31,
city_159,0.843,Male,Has relevent experience,no_enrollment,Graduate,STEM,3,100-500,Funded Startup,2,170,0.0
city_99,0.915,,No relevent experience,Full time course,High School,,6,,Pvt Ltd,never,44,
city_103,0.92,Male,Has relevent experience,no_enrollment,Graduate,STEM,15,10000+,Pvt Ltd,>4,242,0.0
city_100,0.887,Male,No relevent experience,Full time course,Graduate,STEM,3,,Pvt Ltd,never,54,0.0
city_167,0.921,Male,No relevent experience,Full time course,High School,,4,,,3,21,1.0
city_21,0.624,Male,Has relevent experience,no_enrollment,Graduate,STEM,10,1000-4999,Pvt Ltd,2,14,0.0
city_160,0.92,Male,Has relevent experience,no_enrollment,Graduate,STEM,>20,,,1,47,0.0
city_28,0.939,Male,No relevent experience,Full time course,High School,,3,50-99,Public Sector,1,30,0.0
city_16,0.91,,Has relevent experience,no_enrollment,Graduate,STEM,>20,10000+,Pvt Ltd,3,73,0.0
city_16,0.91,Male,Has relevent experience,no_enrollment,Graduate,STEM,9,50-99,Funded Startup,3,88,
city_103,0.92,Male,Has relevent experience,no_enrollment,Graduate,Business Degree,5,500-999,Pvt Ltd,>4,128,0.0
city_16,0.91,Male,No relevent experience,Full time course,Masters,STEM,13,,Public Sector,1,57,1.0
city_71,0.884,Male,No relevent experience,no_enrollment,Masters,STEM,8,<10,Early Stage Startup,2,50,0.0
city_114,0.926,Male,Has relevent experience,no_enrollment,Graduate,STEM,13,50-99,Pvt Ltd,4,42,0.0
city_162,0.767,Male,No relevent experience,Full time course,Graduate,STEM,4,,,1,13,1.0
city_179,0.512,Female,Has relevent experience,no_enrollment,Masters,STEM,15,100-500,Pvt Ltd,>4,75,0.0
city_136,0.897,Male,Has relevent experience,Part time course,Masters,STEM,6,50-99,Pvt Ltd,4,16,0.0
city_16,0.91,Male,Has relevent experience,no_enrollment,Graduate,STEM,18,100-500,Pvt Ltd,>4,61,0.0
city_134,0.698,Male,Has relevent experience,no_enrollment,Graduate,STEM,7,<10,Early Stage Startup,1,21,
city_21,0.624,Male,Has relevent experience,no_enrollment,Graduate,STEM,10,1000-4999,Pvt Ltd,3,58,0.0
city_19,0.682,Male,No relevent experience,,High School,,<1,,,never,62,0.0
city_160,0.92,Male,No relevent experience,no_enrollment,Graduate,STEM,4,,,1,155,1.0
city_16,0.91,,Has relevent experience,no_enrollment,Graduate,STEM,14,,Pvt Ltd,1,45,0.0
city_98,0.949,Male,Has relevent experience,no_enrollment,Masters,STEM,5,100-500,Pvt Ltd,1,67,0.0
city_28,0.939,Male,Has relevent experience,no_enrollment,Masters,No Major,17,100-500,Pvt Ltd,1,124,0.0
city_21,0.624,Female,Has relevent experience,Full time course,Masters,STEM,2,500-999,Pvt Ltd,never,15,0.0
city_82,0.693,Male,Has relevent experience,no_enrollment,Graduate,STEM,7,<10,Pvt Ltd,3,4,0.0
city_114,0.926,Male,Has relevent experience,no_enrollment,Graduate,Humanities,9,50-99,Pvt Ltd,1,128,0.0
city_103,0.92,Male,Has relevent experience,no_enrollment,Graduate,STEM,10,1000-4999,Pvt Ltd,4,50,0.0
city_21,0.624,,Has relevent experience,no_enrollment,Graduate,STEM,3,<10,Pvt Ltd,1,332,0.0
city_26,0.698,Male,No relevent experience,,Primary School,,1,,,never,34,0.0
city_97,0.925,,Has relevent experience,no_enrollment,Graduate,STEM,>20,100-500,Pvt Ltd,>4,63,0.0
city_160,0.92,Male,Has relevent experience,no_enrollment,Graduate,STEM,10,10000+,Pvt Ltd,3,194,
city_21,0.624,Male,No relevent experience,no_enrollment,High School,,<1,,,never,23,0.0
city_23,0.899,Male,Has relevent experience,Part time course,,,2,500-999,Pvt Ltd,1,52,0.0
city_21,0.624,,Has relevent experience,Full time course,Masters,STEM,3,50-99,Funded Startup,2,60,0.0
city_23,0.899,Female,Has relevent experience,no_enrollment,Masters,STEM,15,100-500,,4,76,0.0
city_160,0.92,Male,No relevent experience,Part time course,Graduate,STEM,14,10000+,Public Sector,>4,50,0.0
city_21,0.624,Male,No relevent experience,no_enrollment,Graduate,STEM,18,,,1,39,0.0
city_74,0.579,,No relevent experience,Full time course,Graduate,Other,6,,,never,63,1.0
city_114,0.926,Male,No relevent experience,no_enrollment,Masters,STEM,15,,Pvt Ltd,never,20,1.0
city_103,0.92,Female,Has relevent experience,no_enrollment,Graduate,Arts,2,10000+,Pvt Ltd,1,92,0.0
city_116,0.743,Male,Has relevent experience,no_enrollment,Graduate,Arts,11,,,1,80,1.0
city_103,0.92,,Has relevent experience,no_enrollment,Graduate,STEM,6,1000-4999,Other,>4,134,0.0
city_103,0.92,Male,No relevent experience,no_enrollment,Graduate,Arts,>20,500-999,Public Sector,never,60,0.0
city_136,0.897,Male,Has relevent experience,no_enrollment,Masters,STEM,18,100-500,Funded Startup,>4,91,0.0
city_16,0.91,Male,Has relevent experience,no_enrollment,Masters,STEM,7,<10,Pvt Ltd,2,129,0.0
city_65,0.802,Male,Has relevent experience,Full time course,Graduate,STEM,2,10/49,Pvt Ltd,2,50,0.0
city_103,0.92,,Has relevent experience,no_enrollment,Graduate,STEM,4,100-500,Pvt Ltd,1,58,0.0
city_103,0.92,Male,Has relevent experience,no_enrollment,Graduate,STEM,5,10000+,Pvt Ltd,2,94,1.0
city_74,0.579,Male,Has relevent experience,Part time course,Graduate,STEM,6,100-500,Funded Startup,1,17,1.0
city_67,0.855,,Has relevent experience,no_enrollment,Graduate,STEM,12,,,1,42,
city_114,0.926,,Has relevent experience,no_enrollment,High School,,10,<10,Pvt Ltd,1,85,0.0
city_103,0.92,Male,No relevent experience,Full time course,High School,,1,,,1,45,0.0
city_103,0.92,Female,No relevent experience,no_enrollment,Graduate,STEM,10,,,2,87,1.0
city_16,0.91,,Has relevent experience,no_enrollment,Masters,STEM,10,,,2,157,
city_103,0.92,Male,Has relevent experience,no_enrollment,Graduate,STEM,18,10000+,Pvt Ltd,2,6,0.0
city_75,0.939,Male,Has relevent experience,no_enrollment,Graduate,STEM,9,1000-4999,,never,310,
city_103,0.92,Male,Has relevent experience,no_enrollment,Phd,STEM,20,10000+,Public Sector,3,110,
city_69,0.856,Male,Has relevent experience,Part time course,Graduate,STEM,3,50-99,Pvt Ltd,2,182,1.0
city_114,0.926,,No relevent experience,,Masters,STEM,18,100-500,,3,147,0.0
city_16,0.91,Male,Has relevent experience,no_enrollment,Graduate,STEM,>20,50-99,Pvt Ltd,>4,111,0.0
city_103,0.92,Male,Has relevent experience,no_enrollment,Masters,STEM,14,100-500,Pvt Ltd,>4,31,0.0
city_16,0.91,Male,Has relevent experience,no_enrollment,Masters,STEM,17,1000-4999,Public Sector,>4,18,0.0
city_21,0.624,,Has relevent experience,no_enrollment,Graduate,STEM,3,500-999,Pvt Ltd,1,36,1.0
city_21,0.624,Male,No relevent experience,Full time course,High School,,1,,,never,37,0.0
city_98,0.949,Male,Has relevent experience,no_enrollment,Graduate,STEM,14,5000-9999,Pvt Ltd,2,174,0.0
city_21,0.624,Male,Has relevent experience,no_enrollment,Graduate,STEM,6,1000-4999,Pvt Ltd,1,75,0.0
city_114,0.926,,No relevent experience,no_enrollment,Masters,Humanities,6,50-99,Pvt Ltd,1,76,0.0
city_16,0.91,Female,Has relevent experience,no_enrollment,Masters,STEM,5,10/49,Pvt Ltd,1,57,
city_73,0.754,,Has relevent experience,no_enrollment,Graduate,STEM,7,500-999,Pvt Ltd,,94,0.0
city_16,0.91,Male,Has relevent experience,no_enrollment,,,9,50-99,Pvt Ltd,1,52,0.0
city_67,0.855,Male,No relevent experience,no_enrollment,Primary School,,8,,Pvt Ltd,never,22,0.0
city_103,0.92,Male,Has relevent experience,no_enrollment,Graduate,STEM,>20,5000-9999,Pvt Ltd,>4,48,0.0
city_152,0.698,Male,No relevent experience,Part time course,Graduate,STEM,13,,,2,71,
city_21,0.624,Male,No relevent experience,Full time course,Graduate,STEM,5,,,never,56,1.0
city_16,0.91,Male,Has relevent experience,no_enrollment,Graduate,STEM,2,,,1,45,0.0
city_103,0.92,Male,Has relevent experience,no_enrollment,Graduate,STEM,7,100-500,Pvt Ltd,4,22,0.0
city_103,0.92,,No relevent experience,no_enrollment,High School,,3,,,never,55,0.0
city_73,0.754,Male,Has relevent experience,no_enrollment,Graduate,STEM,13,50-99,Pvt Ltd,4,151,0.0
city_103,0.92,Male,Has relevent experience,no_enrollment,Graduate,Arts,16,,,1,127,1.0
city_149,0.6890000000000001,Male,Has relevent experience,no_enrollment,Graduate,STEM,10,50-99,Funded Startup,1,52,0.0
city_114,0.926,Male,No relevent experience,no_enrollment,High School,,5,50-99,Pvt Ltd,2,256,0.0
city_57,0.866,,Has relevent experience,no_enrollment,Masters,STEM,4,50-99,Pvt Ltd,1,3,0.0
city_103,0.92,Male,Has relevent experience,no_enrollment,Graduate,Humanities,14,100-500,Pvt Ltd,4,13,0.0
city_100,0.887,,Has relevent experience,Full time course,High School,,14,<10,Pvt Ltd,2,45,0.0
city_21,0.624,,No relevent experience,Part time course,Graduate,STEM,<1,,,,89,1.0
city_83,0.923,Male,No relevent experience,Full time course,Graduate,STEM,4,,,1,8,1.0
city_160,0.92,Male,Has relevent experience,no_enrollment,Graduate,STEM,7,100-500,Funded Startup,2,11,0.0
city_114,0.926,Male,Has relevent experience,no_enrollment,Masters,STEM,>20,5000-9999,Pvt Ltd,>4,59,
city_103,0.92,Male,Has relevent experience,no_enrollment,Graduate,STEM,>20,,,2,29,0.0
city_146,0.735,Male,Has relevent experience,,Graduate,STEM,5,100-500,Pvt Ltd,2,42,1.0
city_16,0.91,Male,Has relevent experience,no_enrollment,Graduate,STEM,>20,,,1,91,0.0
city_103,0.92,Male,Has relevent experience,no_enrollment,Graduate,STEM,>20,10000+,Pvt Ltd,2,134,1.0
city_21,0.624,Male,Has relevent experience,no_enrollment,Graduate,STEM,10,10000+,Pvt Ltd,never,37,0.0
city_103,0.92,Female,Has relevent experience,Part time course,Graduate,STEM,10,1000-4999,,2,37,0.0
city_103,0.92,Male,Has relevent experience,no_enrollment,Graduate,STEM,2,100-500,Pvt Ltd,2,178,0.0
city_103,0.92,,Has relevent experience,no_enrollment,Graduate,STEM,7,,Public Sector,,11,0.0
city_103,0.92,,Has relevent experience,no_enrollment,Masters,STEM,10,50-99,,3,108,0.0
city_97,0.925,Male,No relevent experience,Full time course,Primary School,,5,,Pvt Ltd,never,46,0.0
city_65,0.802,Male,Has relevent experience,no_enrollment,Graduate,STEM,8,50-99,Public Sector,2,136,0.0
city_160,0.92,Male,Has relevent experience,no_enrollment,Graduate,STEM,>20,,,3,48,1.0
city_114,0.926,Male,No relevent experience,Full time course,Graduate,STEM,14,,,4,91,0.0
city_73,0.754,Male,No relevent experience,Full time course,High School,,4,,,4,43,1.0
city_21,0.624,Male,No relevent experience,Full time course,High School,,5,,,never,132,1.0
city_73,0.754,Male,Has relevent experience,no_enrollment,Graduate,STEM,>20,10000+,Pvt Ltd,2,74,0.0
city_114,0.926,Male,No relevent experience,no_enrollment,Masters,STEM,10,,,1,50,0.0
city_136,0.897,,Has relevent experience,no_enrollment,Masters,STEM,6,100-500,Pvt Ltd,1,64,0.0
city_160,0.92,Female,Has relevent experience,no_enrollment,Graduate,STEM,10,10/49,Pvt Ltd,4,101,1.0
city_9,0.743,Male,Has relevent experience,no_enrollment,Graduate,STEM,10,100-500,NGO,>4,17,
city_103,0.92,,Has relevent experience,no_enrollment,Graduate,STEM,13,1000-4999,Pvt Ltd,1,116,
city_21,0.624,Male,Has relevent experience,Full time course,Masters,STEM,3,100-500,Pvt Ltd,3,30,0.0
city_160,0.92,Female,No relevent experience,no_enrollment,Graduate,STEM,3,,,1,77,1.0
city_21,0.624,,Has relevent experience,no_enrollment,Masters,STEM,4,50-99,Pvt Ltd,2,57,1.0
city_57,0.866,Male,No relevent experience,Full time course,Masters,STEM,8,,,4,99,
city_16,0.91,,No relevent experience,Full time course,High School,,1,10000+,Pvt Ltd,1,23,1.0
city_160,0.92,,No relevent experience,no_enrollment,Graduate,STEM,<1,100-500,Public Sector,1,38,0.0
city_103,0.92,Male,Has relevent experience,no_enrollment,Graduate,STEM,17,50-99,Funded Startup,1,32,1.0
city_104,0.924,Male,Has relevent experience,no_enrollment,High School,,4,10/49,Pvt Ltd,2,36,0.0
city_103,0.92,Male,Has relevent experience,no_enrollment,Graduate,STEM,2,10000+,Pvt Ltd,1,16,0.0
city_21,0.624,Male,No relevent experience,Full time course,Masters,Other,3,50-99,Pvt Ltd,2,80,1.0
city_65,0.802,Male,Has relevent experience,no_enrollment,Masters,Business Degree,11,,,2,35,0.0
city_103,0.92,,No relevent experience,no_enrollment,Graduate,STEM,3,100-500,Early Stage Startup,,109,0.0
city_21,0.624,,Has relevent experience,Part time course,Masters,STEM,4,50-99,Pvt Ltd,1,96,1.0
city_21,0.624,Male,Has relevent experience,Full time course,Graduate,STEM,2,10/49,Pvt Ltd,1,17,0.0
city_16,0.91,,Has relevent experience,no_enrollment,Graduate,STEM,6,1000-4999,Pvt Ltd,2,140,0.0
city_114,0.926,Male,Has relevent experience,no_enrollment,Graduate,STEM,>20,,,>4,123,0.0
city_65,0.802,Male,Has relevent experience,no_enrollment,Graduate,Other,10,100-500,Pvt Ltd,2,27,0.0
city_21,0.624,Male,Has relevent experience,Full time course,Masters,STEM,3,50-99,Pvt Ltd,1,100,1.0
city_16,0.91,Male,Has relevent experience,no_enrollment,Graduate,STEM,16,10/49,Pvt Ltd,1,53,0.0
city_160,0.92,Male,Has relevent experience,no_enrollment,Graduate,STEM,10,100-500,Other,>4,10,0.0
city_21,0.624,Male,No relevent experience,no_enrollment,Graduate,STEM,4,5000-9999,Pvt Ltd,4,54,1.0
city_160,0.92,Male,Has relevent experience,no_enrollment,Masters,STEM,15,50-99,Pvt Ltd,>4,18,0.0
city_71,0.884,Male,No relevent experience,no_enrollment,,,3,,,never,106,0.0
city_65,0.802,Male,No relevent experience,no_enrollment,Graduate,STEM,>20,10000+,Pvt Ltd,4,94,0.0
city_104,0.924,Male,Has relevent experience,no_enrollment,Graduate,STEM,7,<10,Early Stage Startup,never,8,0.0
city_103,0.92,Male,Has relevent experience,no_enrollment,Graduate,STEM,11,1000-4999,Pvt Ltd,1,26,0.0
city_136,0.897,Male,Has relevent experience,no_enrollment,Graduate,STEM,17,500-999,Pvt Ltd,1,18,0.0
city_103,0.92,,No relevent experience,no_enrollment,Graduate,STEM,>20,1000-4999,Pvt Ltd,1,47,0.0
city_103,0.92,Male,Has relevent experience,no_enrollment,Graduate,STEM,15,50-99,Pvt Ltd,2,126,0.0
city_90,0.698,Male,Has relevent experience,Full time course,Graduate,STEM,7,,,1,105,
city_21,0.624,,Has relevent experience,Full time course,Graduate,STEM,6,50-99,Public Sector,1,216,1.0
city_165,0.903,Male,Has relevent experience,no_enrollment,Graduate,STEM,12,<10,NGO,3,54,1.0
city_21,0.624,Male,No relevent experience,no_enrollment,Graduate,STEM,3,,,1,114,1.0
city_103,0.92,Male,Has relevent experience,no_enrollment,Graduate,STEM,12,100-500,,>4,45,0.0
city_67,0.855,Male,No relevent experience,no_enrollment,Masters,Other,<1,,,2,59,0.0
city_103,0.92,Female,No relevent experience,Full time course,Masters,STEM,>20,5000-9999,Public Sector,>4,4,0.0
city_149,0.6890000000000001,,Has relevent experience,no_enrollment,High School,,2,,,2,100,0.0
city_9,0.743,Male,Has relevent experience,no_enrollment,Masters,STEM,7,<10,Funded Startup,1,17,1.0
city_158,0.7659999999999999,Male,Has relevent experience,Full time course,Graduate,STEM,4,500-999,Pvt Ltd,1,56,0.0
city_67,0.855,Male,No relevent experience,Full time course,High School,,8,10/49,Pvt Ltd,1,18,0.0
city_21,0.624,Male,Has relevent experience,no_enrollment,Graduate,STEM,3,100-500,Pvt Ltd,3,77,0.0
city_83,0.923,Male,Has relevent experience,no_enrollment,Masters,STEM,>20,100-500,Pvt Ltd,1,26,0.0
city_21,0.624,Male,Has relevent experience,no_enrollment,Masters,STEM,9,500-999,Funded Startup,2,80,0.0
city_116,0.743,Male,No relevent experience,Full time course,Graduate,STEM,5,<10,Early Stage Startup,1,304,0.0
city_136,0.897,Male,Has relevent experience,no_enrollment,Masters,STEM,10,100-500,Funded Startup,1,69,0.0
city_18,0.8240000000000001,,Has relevent experience,no_enrollment,Graduate,STEM,4,500-999,Public Sector,1,24,0.0
city_103,0.92,Male,No relevent experience,Full time course,Masters,STEM,4,50-99,Pvt Ltd,1,7,1.0
city_114,0.926,,No relevent experience,no_enrollment,Graduate,Arts,>20,,,3,24,0.0
city_103,0.92,Male,No relevent experience,no_enrollment,Phd,STEM,>20,,,>4,36,0.0
city_21,0.624,,No relevent experience,Full time course,High School,,2,,,,107,0.0
city_103,0.92,Male,No relevent experience,no_enrollment,High School,,10,<10,Pvt Ltd,1,24,
city_21,0.624,Male,Has relevent experience,no_enrollment,Graduate,STEM,11,10000+,Pvt Ltd,never,45,1.0
city_136,0.897,Male,Has relevent experience,no_enrollment,Masters,STEM,15,,,>4,24,0.0
city_21,0.624,,Has relevent experience,no_enrollment,Graduate,STEM,7,10000+,Pvt Ltd,,24,1.0
city_160,0.92,Male,Has relevent experience,no_enrollment,Graduate,STEM,4,100-500,Public Sector,2,160,0.0
city_21,0.624,,Has relevent experience,Full time course,Graduate,STEM,<1,50-99,Pvt Ltd,1,94,1.0
city_19,0.682,Male,No relevent experience,Part time course,Graduate,STEM,6,100-500,Public Sector,1,110,0.0
city_71,0.884,Male,Has relevent experience,no_enrollment,Graduate,STEM,13,10000+,Pvt Ltd,1,16,0.0
city_16,0.91,Male,Has relevent experience,no_enrollment,Graduate,STEM,>20,,,2,2,0.0
city_36,0.893,Male,Has relevent experience,no_enrollment,Graduate,STEM,9,100-500,Funded Startup,1,26,0.0
city_75,0.939,Male,Has relevent experience,no_enrollment,Graduate,Other,8,500-999,Pvt Ltd,2,128,
city_74,0.579,,Has relevent experience,no_enrollment,Graduate,STEM,9,,,1,2,0.0
city_103,0.92,Male,Has relevent experience,no_enrollment,Graduate,STEM,6,10/49,Pvt Ltd,4,23,1.0
city_103,0.92,Male,Has relevent experience,no_enrollment,Graduate,STEM,8,<10,Early Stage Startup,1,90,0.0
city_116,0.743,Male,Has relevent experience,no_enrollment,Graduate,STEM,9,100-500,Public Sector,3,51,0.0
city_103,0.92,Male,Has relevent experience,no_enrollment,High School,,9,,,never,160,
city_157,0.769,Male,Has relevent experience,no_enrollment,Masters,STEM,16,,,3,33,0.0
city_103,0.92,Male,Has relevent experience,no_enrollment,Graduate,STEM,15,,,1,136,0.0
city_103,0.92,Male,Has relevent experience,no_enrollment,Masters,STEM,>20,100-500,Pvt Ltd,>4,59,1.0
city_103,0.92,Male,Has relevent experience,no_enrollment,Graduate,STEM,15,5000-9999,Pvt Ltd,>4,33,0.0
city_16,0.91,Male,Has relevent experience,no_enrollment,Masters,STEM,2,<10,Pvt Ltd,1,15,0.0
city_61,0.913,Male,Has relevent experience,no_enrollment,Masters,STEM,11,50-99,Pvt Ltd,1,67,0.0
city_67,0.855,Female,No relevent experience,Full time course,High School,,3,,,never,63,1.0
city_114,0.926,Male,No relevent experience,Full time course,Graduate,No Major,5,,,,28,0.0
city_61,0.913,Male,Has relevent experience,no_enrollment,Graduate,STEM,14,100-500,Pvt Ltd,1,6,0.0
city_114,0.926,Male,No relevent experience,no_enrollment,Phd,STEM,>20,1000-4999,Pvt Ltd,2,9,0.0
city_21,0.624,Male,Has relevent experience,no_enrollment,Graduate,STEM,7,5000-9999,Pvt Ltd,never,66,0.0
city_102,0.804,Male,Has relevent experience,no_enrollment,Graduate,STEM,8,10000+,Pvt Ltd,1,44,0.0
city_21,0.624,Male,Has relevent experience,no_enrollment,Masters,STEM,2,50-99,Pvt Ltd,never,8,
city_150,0.698,,Has relevent experience,no_enrollment,,,>20,,,1,83,1.0
city_103,0.92,Male,Has relevent experience,no_enrollment,Graduate,STEM,10,10000+,Pvt Ltd,1,38,0.0
city_21,0.624,Male,No relevent experience,no_enrollment,Graduate,STEM,6,,,1,24,1.0
city_21,0.624,Male,Has relevent experience,no_enrollment,Masters,STEM,12,<10,Early Stage Startup,2,25,0.0
city_103,0.92,Male,Has relevent experience,no_enrollment,Graduate,Other,5,1000-4999,Pvt Ltd,1,54,0.0
city_57,0.866,Male,Has relevent experience,no_enrollment,Phd,STEM,>20,,,never,154,0.0
city_7,0.647,Male,Has relevent experience,no_enrollment,Masters,STEM,3,10000+,Pvt Ltd,1,77,0.0
city_114,0.926,Male,Has relevent experience,no_enrollment,Graduate,STEM,6,100-500,Pvt Ltd,1,21,
city_114,0.926,Male,Has relevent experience,no_enrollment,High School,,>20,<10,Pvt Ltd,1,64,0.0
city_103,0.92,Male,Has relevent experience,no_enrollment,Graduate,STEM,10,,,1,57,1.0
city_103,0.92,Male,Has relevent experience,no_enrollment,Graduate,STEM,>20,10000+,Pvt Ltd,>4,49,0.0
city_136,0.897,Male,Has relevent experience,no_enrollment,Masters,STEM,13,50-99,Funded Startup,1,51,0.0
city_73,0.754,Male,Has relevent experience,no_enrollment,Graduate,STEM,16,50-99,NGO,never,232,0.0
city_71,0.884,Male,Has relevent experience,no_enrollment,Graduate,STEM,13,10/49,Pvt Ltd,2,101,0.0
city_75,0.939,Female,Has relevent experience,Part time course,Graduate,STEM,15,500-999,Pvt Ltd,1,44,0.0
city_16,0.91,Male,Has relevent experience,no_enrollment,Graduate,Humanities,13,,,1,68,
city_138,0.836,Male,Has relevent experience,no_enrollment,Graduate,STEM,>20,,,>4,83,0.0
city_21,0.624,Male,Has relevent experience,no_enrollment,Masters,STEM,6,10000+,Pvt Ltd,2,155,0.0
city_103,0.92,Male,Has relevent experience,Part time course,Masters,STEM,15,,Public Sector,4,37,
city_103,0.92,Male,Has relevent experience,no_enrollment,,,>20,,,>4,150,1.0
city_21,0.624,,Has relevent experience,no_enrollment,Graduate,STEM,3,10/49,Pvt Ltd,2,23,0.0
city_73,0.754,,Has relevent experience,no_enrollment,Graduate,STEM,>20,50-99,Pvt Ltd,>4,134,0.0
city_21,0.624,,Has relevent experience,no_enrollment,Graduate,STEM,5,100-500,Funded Startup,1,58,0.0
city_103,0.92,Male,Has relevent experience,no_enrollment,Graduate,STEM,9,500-999,Funded Startup,1,64,0.0
city_11,0.55,,Has relevent experience,Full time course,Graduate,STEM,7,50-99,Pvt Ltd,>4,99,
city_104,0.924,Male,Has relevent experience,no_enrollment,Graduate,STEM,15,50-99,Public Sector,3,6,0.0
city_21,0.624,Male,No relevent experience,no_enrollment,Graduate,STEM,5,10000+,Pvt Ltd,1,17,0.0
city_75,0.939,Male,Has relevent experience,no_enrollment,Phd,STEM,14,<10,Early Stage Startup,1,117,0.0
city_103,0.92,Male,Has relevent experience,no_enrollment,Graduate,STEM,>20,100-500,Pvt Ltd,2,68,0.0
city_16,0.91,Male,Has relevent experience,no_enrollment,Graduate,STEM,15,1000-4999,Public Sector,>4,26,
city_103,0.92,,Has relevent experience,Part time course,Graduate,STEM,7,5000-9999,Public Sector,4,110,0.0
city_138,0.836,Male,No relevent experience,no_enrollment,Masters,STEM,>20,1000-4999,Pvt Ltd,2,188,0.0
city_103,0.92,,Has relevent experience,no_enrollment,Masters,Humanities,>20,100-500,Pvt Ltd,1,54,0.0
city_19,0.682,Male,No relevent experience,no_enrollment,Graduate,STEM,3,100-500,NGO,never,113,0.0
city_21,0.624,Female,Has relevent experience,no_enrollment,Masters,STEM,,5000-9999,Pvt Ltd,,216,0.0
city_103,0.92,Male,Has relevent experience,no_enrollment,Graduate,STEM,2,5000-9999,Pvt Ltd,1,77,0.0
city_90,0.698,,Has relevent experience,no_enrollment,High School,,3,<10,Pvt Ltd,2,6,0.0
city_103,0.92,,Has relevent experience,Full time course,Graduate,STEM,6,,,1,139,1.0
city_103,0.92,Male,Has relevent experience,no_enrollment,Phd,STEM,<1,1000-4999,Pvt Ltd,1,45,0.0
city_40,0.7759999999999999,Male,Has relevent experience,no_enrollment,Masters,STEM,6,<10,Pvt Ltd,2,54,0.0
city_21,0.624,Male,Has relevent experience,Full time course,Graduate,STEM,<1,,,1,28,1.0
city_83,0.923,Other,Has relevent experience,no_enrollment,Graduate,STEM,10,,,>4,196,1.0
city_21,0.624,Male,Has relevent experience,no_enrollment,Graduate,STEM,7,5000-9999,Pvt Ltd,4,41,0.0
city_103,0.92,,Has relevent experience,Part time course,Masters,STEM,11,100-500,Funded Startup,2,100,0.0
city_12,0.64,Male,Has relevent experience,no_enrollment,Graduate,STEM,>20,50-99,Pvt Ltd,never,40,1.0
city_21,0.624,Female,Has relevent experience,no_enrollment,Graduate,STEM,9,500-999,Pvt Ltd,>4,36,1.0
city_103,0.92,Male,Has relevent experience,no_enrollment,Graduate,STEM,15,50-99,Funded Startup,2,17,0.0
city_114,0.926,Female,No relevent experience,Full time course,Graduate,STEM,5,5000-9999,Public Sector,1,110,0.0
city_71,0.884,Male,No relevent experience,Part time course,Masters,STEM,3,<10,Public Sector,never,22,0.0
city_114,0.926,Male,No relevent experience,Full time course,High School,,4,10000+,Pvt Ltd,1,43,0.0
city_16,0.91,Male,Has relevent experience,no_enrollment,Graduate,Other,5,50-99,Pvt Ltd,1,29,0.0
city_104,0.924,Male,Has relevent experience,no_enrollment,Phd,Other,>20,10000+,Pvt Ltd,>4,12,0.0
city_100,0.887,Male,Has relevent experience,no_enrollment,Masters,STEM,17,50-99,Pvt Ltd,>4,14,0.0
city_23,0.899,Male,Has relevent experience,no_enrollment,High School,,4,100-500,Funded Startup,1,61,
city_114,0.926,Male,Has relevent experience,Full time course,Graduate,STEM,5,10/49,Public Sector,1,53,0.0
city_127,0.745,Male,No relevent experience,no_enrollment,Masters,STEM,6,,,1,80,1.0
city_103,0.92,,No relevent experience,Full time course,High School,,1,,,never,84,
city_36,0.893,Male,Has relevent experience,Full time course,High School,,5,,,2,36,1.0
city_53,0.74,,Has relevent experience,no_enrollment,Graduate,STEM,10,1000-4999,Pvt Ltd,>4,242,0.0
city_21,0.624,Male,Has relevent experience,Full time course,Graduate,STEM,4,10/49,Pvt Ltd,1,31,1.0
city_83,0.923,Male,Has relevent experience,no_enrollment,Graduate,STEM,7,100-500,,1,47,0.0
city_103,0.92,Male,Has relevent experience,no_enrollment,Graduate,STEM,10,10000+,Public Sector,>4,166,0.0
city_23,0.899,,Has relevent experience,Full time course,,,3,<10,Public Sector,1,8,0.0
city_21,0.624,,Has relevent experience,no_enrollment,Graduate,STEM,10,50-99,Pvt Ltd,1,90,0.0
city_103,0.92,Female,No relevent experience,no_enrollment,Masters,Humanities,>20,,,1,47,0.0
city_41,0.8270000000000001,Male,Has relevent experience,Full time course,Graduate,STEM,17,50-99,Pvt Ltd,4,100,1.0
city_102,0.804,Male,No relevent experience,no_enrollment,Graduate,STEM,3,100-500,Pvt Ltd,1,76,0.0
city_21,0.624,,Has relevent experience,Full time course,Graduate,STEM,3,10000+,Pvt Ltd,2,38,0.0
city_103,0.92,Male,Has relevent experience,Part time course,Masters,Business Degree,11,10000+,Public Sector,3,60,0.0
city_159,0.843,Male,No relevent experience,Full time course,Graduate,STEM,4,,,never,56,0.0
city_26,0.698,Female,Has relevent experience,no_enrollment,Graduate,STEM,6,100-500,Pvt Ltd,1,22,0.0
city_157,0.769,,Has relevent experience,no_enrollment,Graduate,No Major,14,10000+,,>4,47,0.0
city_102,0.804,Male,Has relevent experience,no_enrollment,High School,,5,,,1,82,0.0
city_50,0.8959999999999999,Male,Has relevent experience,no_enrollment,Graduate,STEM,18,,,2,322,0.0
city_16,0.91,Male,Has relevent experience,no_enrollment,Graduate,STEM,>20,50-99,Pvt Ltd,never,110,1.0
city_13,0.8270000000000001,Male,No relevent experience,no_enrollment,Primary School,,5,,,never,14,
city_103,0.92,Male,No relevent experience,Full time course,Graduate,STEM,7,,,1,6,1.0
city_57,0.866,Male,Has relevent experience,no_enrollment,Graduate,STEM,9,<10,Pvt Ltd,1,66,0.0
city_71,0.884,Male,No relevent experience,Full time course,Graduate,Other,2,,,1,43,1.0
city_61,0.913,Female,Has relevent experience,no_enrollment,Masters,STEM,13,50-99,Pvt Ltd,2,72,1.0
city_114,0.926,,Has relevent experience,no_enrollment,High School,,10,50-99,Pvt Ltd,2,25,1.0
city_103,0.92,Male,Has relevent experience,no_enrollment,Graduate,STEM,12,1000-4999,Pvt Ltd,>4,67,0.0
city_65,0.802,Male,Has relevent experience,Part time course,High School,,11,<10,Pvt Ltd,1,55,0.0
city_50,0.8959999999999999,Male,Has relevent experience,no_enrollment,Graduate,STEM,4,10000+,Pvt Ltd,never,15,0.0
city_165,0.903,Male,Has relevent experience,no_enrollment,Masters,STEM,6,,,1,18,0.0
city_36,0.893,Male,No relevent experience,no_enrollment,Graduate,Business Degree,19,1000-4999,Pvt Ltd,never,188,0.0
city_90,0.698,,No relevent experience,no_enrollment,Graduate,STEM,4,,,never,23,1.0
city_103,0.92,Male,Has relevent experience,no_enrollment,Graduate,STEM,15,100-500,Pvt Ltd,2,36,0.0
city_103,0.92,Male,Has relevent experience,no_enrollment,Graduate,STEM,20,500-999,Pvt Ltd,>4,21,0.0
city_71,0.884,Male,Has relevent experience,no_enrollment,Masters,STEM,15,50-99,Public Sector,1,46,0.0
city_102,0.804,Male,Has relevent experience,no_enrollment,Graduate,STEM,>20,500-999,Pvt Ltd,1,99,0.0
city_21,0.624,,No relevent experience,Full time course,High School,,7,,,never,46,1.0
city_103,0.92,Male,Has relevent experience,no_enrollment,Graduate,Humanities,8,10000+,Pvt Ltd,1,21,0.0
city_103,0.92,Male,Has relevent experience,no_enrollment,Graduate,STEM,>20,10000+,Pvt Ltd,>4,156,0.0
city_73,0.754,Male,No relevent experience,Full time course,Masters,STEM,14,,,>4,10,1.0
city_27,0.848,Male,Has relevent experience,no_enrollment,Graduate,STEM,3,50-99,Pvt Ltd,never,4,
city_73,0.754,,Has relevent experience,Part time course,Masters,STEM,5,5000-9999,Pvt Ltd,1,22,
city_71,0.884,Male,Has relevent experience,Full time course,Graduate,STEM,13,100-500,NGO,1,100,0.0
city_103,0.92,Male,Has relevent experience,no_enrollment,Graduate,STEM,11,,,1,30,1.0
city_160,0.92,,Has relevent experience,no_enrollment,Graduate,STEM,7,5000-9999,Pvt Ltd,4,51,0.0
city_103,0.92,Male,Has relevent experience,no_enrollment,Graduate,STEM,6,500-999,Pvt Ltd,1,52,0.0
city_100,0.887,,No relevent experience,no_enrollment,High School,,4,,,never,148,0.0
city_16,0.91,Male,Has relevent experience,no_enrollment,Graduate,STEM,18,,,1,70,0.0
city_136,0.897,,No relevent experience,Part time course,Masters,STEM,6,50-99,Funded Startup,1,66,0.0
city_136,0.897,Male,Has relevent experience,Part time course,Graduate,STEM,6,10000+,Public Sector,4,25,0.0
city_114,0.926,Female,Has relevent experience,no_enrollment,Masters,Humanities,>20,<10,Pvt Ltd,>4,66,0.0
city_103,0.92,Male,Has relevent experience,no_enrollment,Graduate,STEM,7,1000-4999,Pvt Ltd,1,154,0.0
city_21,0.624,Male,Has relevent experience,no_enrollment,Graduate,STEM,3,10/49,Pvt Ltd,3,167,
city_21,0.624,,No relevent experience,no_enrollment,,,<1,,,never,13,1.0
city_157,0.769,Male,Has relevent experience,no_enrollment,Masters,No Major,9,,,1,50,0.0
city_74,0.579,Male,Has relevent experience,no_enrollment,Graduate,STEM,3,10/49,Pvt Ltd,1,21,1.0
city_21,0.624,Male,Has relevent experience,Full time course,Masters,STEM,5,50-99,Pvt Ltd,2,23,0.0
city_103,0.92,Other,No relevent experience,no_enrollment,Graduate,STEM,12,50-99,Pvt Ltd,1,206,0.0
city_99,0.915,Male,No relevent experience,no_enrollment,Graduate,Business Degree,7,50-99,Pvt Ltd,1,44,0.0
city_21,0.624,,Has relevent experience,no_enrollment,Masters,STEM,7,1000-4999,Pvt Ltd,>4,17,1.0
city_103,0.92,Male,Has relevent experience,no_enrollment,Graduate,Business Degree,>20,10000+,Pvt Ltd,3,8,
city_160,0.92,,Has relevent experience,Full time course,High School,,4,10/49,Pvt Ltd,,108,0.0
city_71,0.884,,Has relevent experience,no_enrollment,Masters,Business Degree,15,,,>4,24,0.0
city_16,0.91,,No relevent experience,Part time course,Graduate,STEM,5,50-99,,1,82,0.0
city_105,0.794,Male,Has relevent experience,no_enrollment,Graduate,STEM,5,100-500,NGO,1,6,0.0
city_36,0.893,Male,Has relevent experience,no_enrollment,Masters,STEM,>20,<10,Pvt Ltd,1,46,0.0
city_90,0.698,Male,Has relevent experience,no_enrollment,Graduate,STEM,11,50-99,Pvt Ltd,1,47,0.0
city_90,0.698,Male,No relevent experience,no_enrollment,Graduate,STEM,5,,,1,60,1.0
city_103,0.92,,No relevent experience,no_enrollment,Masters,STEM,7,,,1,156,1.0
city_65,0.802,,No relevent experience,Full time course,High School,,<1,,,1,73,1.0
city_16,0.91,Male,Has relevent experience,no_enrollment,Graduate,STEM,9,500-999,Pvt Ltd,3,102,
city_45,0.89,Male,Has relevent experience,Full time course,Graduate,STEM,9,,,2,8,1.0
city_21,0.624,Male,Has relevent experience,no_enrollment,Graduate,Business Degree,6,<10,Pvt Ltd,2,15,1.0
city_16,0.91,Female,No relevent experience,no_enrollment,Graduate,Business Degree,<1,1000-4999,Pvt Ltd,1,18,0.0
city_21,0.624,,No relevent experience,Full time course,Graduate,STEM,4,,,1,53,
city_145,0.555,Male,Has relevent experience,no_enrollment,Graduate,Humanities,6,100-500,Funded Startup,2,70,1.0
city_41,0.8270000000000001,Male,No relevent experience,Full time course,High School,,8,,,2,214,0.0
city_103,0.92,Female,No relevent experience,no_enrollment,Graduate,Humanities,3,100-500,Pvt Ltd,1,13,1.0
city_102,0.804,,No relevent experience,no_enrollment,Graduate,STEM,10,100-500,Public Sector,3,39,0.0
city_21,0.624,Male,No relevent experience,no_enrollment,Graduate,STEM,2,<10,Pvt Ltd,never,37,1.0
city_103,0.92,Male,No relevent experience,no_enrollment,High School,,<1,,,never,105,0.0
city_159,0.843,,No relevent experience,Full time course,Graduate,STEM,4,,,never,2,0.0
city_114,0.926,,Has relevent experience,no_enrollment,Graduate,STEM,3,50-99,Pvt Ltd,1,334,0.0
city_16,0.91,Male,Has relevent experience,no_enrollment,Graduate,STEM,>20,100-500,Pvt Ltd,>4,162,0.0
city_65,0.802,Male,Has relevent experience,no_enrollment,Graduate,STEM,>20,10/49,Pvt Ltd,4,37,0.0
city_105,0.794,,Has relevent experience,no_enrollment,Masters,STEM,>20,,,,4,0.0
city_160,0.92,Male,Has relevent experience,no_enrollment,Graduate,STEM,>20,1000-4999,Public Sector,>4,200,
city_16,0.91,Male,Has relevent experience,no_enrollment,Masters,STEM,10,100-500,Pvt Ltd,>4,23,
city_103,0.92,,Has relevent experience,Full time course,Graduate,STEM,7,,,1,3,1.0
city_103,0.92,Male,Has relevent experience,no_enrollment,Graduate,STEM,18,50-99,Pvt Ltd,1,39,0.0
city_70,0.698,Male,Has relevent experience,no_enrollment,Graduate,STEM,10,,,1,14,1.0
city_104,0.924,Male,Has relevent experience,no_enrollment,Graduate,STEM,6,<10,Pvt Ltd,2,69,0.0
city_103,0.92,Male,Has relevent experience,Full time course,Graduate,STEM,10,500-999,Funded Startup,2,21,0.0
city_114,0.926,,Has relevent experience,no_enrollment,Masters,STEM,8,500-999,Pvt Ltd,never,44,0.0
city_114,0.926,Male,Has relevent experience,no_enrollment,Graduate,STEM,11,10/49,Pvt Ltd,4,27,0.0
city_1,0.847,Male,No relevent experience,Full time course,Graduate,STEM,2,,,never,7,1.0
city_100,0.887,,No relevent experience,Part time course,Graduate,STEM,5,<10,Pvt Ltd,3,20,0.0
city_16,0.91,Male,No relevent experience,no_enrollment,High School,,2,,Pvt Ltd,never,35,0.0
city_114,0.926,Male,Has relevent experience,Full time course,Masters,STEM,16,5000-9999,Public Sector,2,8,0.0
city_103,0.92,Female,Has relevent experience,no_enrollment,Graduate,Humanities,>20,10000+,Pvt Ltd,>4,116,0.0
city_16,0.91,Male,Has relevent experience,no_enrollment,Graduate,STEM,10,10000+,Pvt Ltd,1,29,0.0
city_145,0.555,,Has relevent experience,no_enrollment,Graduate,STEM,4,100-500,Pvt Ltd,1,22,0.0
city_16,0.91,,No relevent experience,,,,<1,,,2,111,0.0
city_114,0.926,Male,Has relevent experience,no_enrollment,Masters,STEM,>20,5000-9999,Pvt Ltd,2,36,0.0
city_61,0.913,,Has relevent experience,no_enrollment,Graduate,STEM,14,100-500,Pvt Ltd,3,154,0.0
city_21,0.624,Male,Has relevent experience,Full time course,Graduate,STEM,,1000-4999,Pvt Ltd,1,18,0.0
city_103,0.92,Male,Has relevent experience,no_enrollment,Graduate,STEM,>20,50-99,Pvt Ltd,>4,326,0.0
city_136,0.897,,Has relevent experience,Part time course,Graduate,STEM,4,,,1,106,0.0
city_2,0.7879999999999999,Male,No relevent experience,Part time course,Graduate,STEM,2,,,2,88,
city_11,0.55,,Has relevent experience,no_enrollment,Graduate,STEM,8,,,1,23,1.0
city_114,0.926,Male,Has relevent experience,no_enrollment,Masters,STEM,>20,50-99,Pvt Ltd,>4,33,0.0
city_136,0.897,Male,No relevent experience,Full time course,Masters,STEM,5,,,1,31,0.0
city_45,0.89,Male,Has relevent experience,no_enrollment,Graduate,STEM,9,,,1,17,0.0
city_21,0.624,Male,Has relevent experience,no_enrollment,Graduate,STEM,6,<10,Pvt Ltd,>4,35,0.0
city_21,0.624,Male,Has relevent experience,Full time course,Masters,STEM,4,50-99,Pvt Ltd,1,35,1.0
city_103,0.92,Male,Has relevent experience,no_enrollment,Graduate,Business Degree,>20,100-500,Pvt Ltd,>4,79,0.0
city_28,0.939,,No relevent experience,Full time course,Graduate,STEM,2,,,1,94,0.0
city_103,0.92,Male,Has relevent experience,no_enrollment,Graduate,STEM,>20,50-99,Pvt Ltd,>4,17,
city_21,0.624,Female,No relevent experience,Full time course,,,3,,,1,78,0.0
city_11,0.55,,Has relevent experience,no_enrollment,Graduate,STEM,5,50-99,Pvt Ltd,,7,1.0
city_67,0.855,Male,No relevent experience,no_enrollment,,,2,,,1,130,0.0
city_103,0.92,Male,Has relevent experience,no_enrollment,Graduate,STEM,17,100-500,Pvt Ltd,1,39,0.0
city_16,0.91,,Has relevent experience,Full time course,Graduate,STEM,14,10000+,Pvt Ltd,never,9,0.0
city_103,0.92,Female,Has relevent experience,no_enrollment,Masters,STEM,6,5000-9999,Pvt Ltd,1,16,0.0
city_98,0.949,Male,Has relevent experience,no_enrollment,Graduate,STEM,>20,5000-9999,Public Sector,never,134,0.0
city_103,0.92,Male,Has relevent experience,no_enrollment,Graduate,STEM,19,1000-4999,Pvt Ltd,1,29,0.0
city_67,0.855,,Has relevent experience,no_enrollment,Masters,STEM,8,,,2,41,1.0
city_103,0.92,Female,No relevent experience,no_enrollment,Phd,STEM,>20,10000+,Pvt Ltd,>4,79,0.0
city_21,0.624,Male,Has relevent experience,no_enrollment,Graduate,STEM,7,1000-4999,Pvt Ltd,1,38,1.0
city_141,0.763,,No relevent experience,Full time course,Graduate,STEM,2,,,never,74,1.0
city_73,0.754,Male,No relevent experience,Full time course,Graduate,STEM,<1,,,never,19,1.0
city_21,0.624,,No relevent experience,Full time course,Graduate,,2,,Pvt Ltd,1,50,1.0
city_16,0.91,Male,Has relevent experience,no_enrollment,Graduate,STEM,12,50-99,Pvt Ltd,>4,312,0.0
city_144,0.84,Male,Has relevent experience,no_enrollment,Graduate,STEM,11,,,>4,6,0.0
city_67,0.855,Male,Has relevent experience,no_enrollment,Graduate,STEM,14,500-999,Pvt Ltd,>4,13,0.0
city_104,0.924,Male,Has relevent experience,no_enrollment,Masters,Business Degree,1,100-500,Pvt Ltd,1,144,1.0
city_103,0.92,Male,Has relevent experience,no_enrollment,Graduate,STEM,19,1000-4999,Pvt Ltd,1,25,0.0
city_103,0.92,Male,Has relevent experience,no_enrollment,Masters,Humanities,5,10000+,Pvt Ltd,4,168,1.0
city_145,0.555,Male,Has relevent experience,no_enrollment,Graduate,STEM,2,,,1,87,1.0
city_103,0.92,,Has relevent experience,no_enrollment,Graduate,No Major,<1,100-500,Pvt Ltd,1,76,0.0
city_103,0.92,Male,Has relevent experience,Part time course,High School,,12,500-999,Pvt Ltd,>4,13,0.0
city_123,0.738,Male,Has relevent experience,no_enrollment,Graduate,Humanities,2,,,1,29,1.0
city_21,0.624,,No relevent experience,Full time course,High School,,7,,,,76,0.0
city_103,0.92,,Has relevent experience,no_enrollment,Graduate,Other,3,<10,Pvt Ltd,2,18,1.0
city_103,0.92,Other,Has relevent experience,no_enrollment,Graduate,STEM,10,10000+,Pvt Ltd,1,306,0.0
city_114,0.926,Male,No relevent experience,Full time course,High School,,13,,,never,32,0.0
city_24,0.698,,No relevent experience,no_enrollment,High School,,<1,,,1,42,1.0
city_136,0.897,Male,Has relevent experience,no_enrollment,Masters,STEM,7,<10,Pvt Ltd,1,34,0.0
city_103,0.92,Male,Has relevent experience,no_enrollment,Graduate,STEM,15,100-500,Pvt Ltd,4,75,1.0
city_160,0.92,Male,Has relevent experience,no_enrollment,Graduate,STEM,>20,1000-4999,Pvt Ltd,4,28,1.0
city_21,0.624,Male,No relevent experience,Full time course,,,2,,,1,31,1.0
city_114,0.926,,No relevent experience,no_enrollment,Primary School,,5,,,never,19,0.0
city_118,0.722,Male,Has relevent experience,Full time course,High School,,1,5000-9999,Public Sector,1,48,0.0
city_114,0.926,Male,Has relevent experience,no_enrollment,Graduate,STEM,9,500-999,,2,50,
city_103,0.92,,Has relevent experience,,Phd,STEM,3,,Pvt Ltd,never,94,0.0
city_21,0.624,Male,No relevent experience,Full time course,High School,,6,,,never,37,1.0
city_114,0.926,,No relevent experience,Full time course,High School,,<1,,,never,50,0.0
city_114,0.926,,Has relevent experience,no_enrollment,Masters,STEM,16,100-500,Pvt Ltd,>4,42,0.0
city_16,0.91,Male,Has relevent experience,no_enrollment,High School,,17,,,1,43,0.0
city_136,0.897,Male,No relevent experience,Full time course,Graduate,STEM,3,50-99,Early Stage Startup,1,182,0.0
city_103,0.92,Male,No relevent experience,Full time course,Graduate,STEM,4,,,1,34,1.0
city_136,0.897,Male,Has relevent experience,no_enrollment,Masters,STEM,8,,,1,70,0.0
city_136,0.897,Male,No relevent experience,Full time course,Graduate,STEM,11,,,1,156,1.0
city_21,0.624,,Has relevent experience,no_enrollment,Graduate,STEM,5,10000+,Pvt Ltd,2,150,0.0
city_71,0.884,,Has relevent experience,no_enrollment,Graduate,STEM,16,50-99,Pvt Ltd,1,107,0.0
city_103,0.92,Male,Has relevent experience,no_enrollment,Graduate,STEM,5,10000+,Pvt Ltd,3,23,0.0
city_103,0.92,Male,Has relevent experience,no_enrollment,Graduate,Humanities,10,10/49,Pvt Ltd,>4,150,0.0
city_21,0.624,,No relevent experience,no_enrollment,Graduate,STEM,2,,,1,94,1.0
city_16,0.91,Male,Has relevent experience,,,,18,,,>4,56,1.0
city_134,0.698,,Has relevent experience,,,,4,,,never,20,0.0
city_116,0.743,Male,Has relevent experience,Full time course,Graduate,STEM,8,,Pvt Ltd,1,145,0.0
city_160,0.92,Male,Has relevent experience,no_enrollment,Graduate,STEM,4,<10,Funded Startup,1,100,0.0
city_114,0.926,Male,Has relevent experience,Part time course,Graduate,Humanities,>20,,,>4,72,
city_103,0.92,Male,Has relevent experience,no_enrollment,Graduate,STEM,9,10/49,Pvt Ltd,1,85,0.0
city_150,0.698,,Has relevent experience,Full time course,,,3,1000-4999,,1,27,0.0
city_61,0.913,Male,No relevent experience,Full time course,Graduate,Other,1,,,1,112,0.0
city_41,0.8270000000000001,Male,Has relevent experience,,Graduate,Other,2,10/49,,never,107,0.0
city_114,0.926,Male,Has relevent experience,no_enrollment,Graduate,STEM,10,10000+,Pvt Ltd,2,33,0.0
city_103,0.92,,Has relevent experience,no_enrollment,Graduate,STEM,>20,10000+,Public Sector,2,130,0.0
city_134,0.698,,Has relevent experience,Full time course,Graduate,STEM,<1,500-999,NGO,>4,6,0.0
city_160,0.92,,Has relevent experience,no_enrollment,Masters,STEM,6,100-500,Pvt Ltd,1,26,
city_103,0.92,Male,No relevent experience,Full time course,Graduate,STEM,12,,,1,12,0.0
city_61,0.913,Male,Has relevent experience,no_enrollment,Graduate,STEM,15,10/49,Pvt Ltd,1,15,0.0
city_114,0.926,Male,No relevent experience,Full time course,Graduate,STEM,9,500-999,Public Sector,1,32,0.0
city_21,0.624,Male,Has relevent experience,no_enrollment,Graduate,STEM,8,50-99,Pvt Ltd,4,114,1.0
city_21,0.624,Male,Has relevent experience,Full time course,High School,,3,,Pvt Ltd,never,53,1.0
city_61,0.913,Male,Has relevent experience,no_enrollment,Graduate,STEM,16,500-999,Pvt Ltd,>4,13,0.0
city_103,0.92,Female,No relevent experience,Full time course,Graduate,STEM,9,,,2,34,1.0
city_103,0.92,Male,Has relevent experience,no_enrollment,Masters,STEM,>20,100-500,Funded Startup,1,328,0.0
city_67,0.855,Other,Has relevent experience,no_enrollment,High School,,11,50-99,Funded Startup,4,78,1.0
city_103,0.92,Male,Has relevent experience,no_enrollment,Graduate,STEM,>20,500-999,Pvt Ltd,>4,20,0.0
city_21,0.624,Female,Has relevent experience,Full time course,Graduate,STEM,1,50-99,Pvt Ltd,never,17,
city_127,0.745,Other,Has relevent experience,,Phd,STEM,>20,,,never,256,0.0
city_128,0.527,Male,Has relevent experience,no_enrollment,Graduate,STEM,8,100-500,Pvt Ltd,2,58,1.0
city_136,0.897,Male,No relevent experience,Full time course,Masters,STEM,6,1000-4999,Public Sector,never,83,0.0
city_11,0.55,,No relevent experience,Full time course,Graduate,STEM,<1,50-99,Other,never,72,1.0
city_21,0.624,,No relevent experience,Full time course,Graduate,STEM,1,,,never,176,1.0
city_103,0.92,Male,Has relevent experience,Part time course,Graduate,STEM,9,50-99,Pvt Ltd,4,162,0.0
city_103,0.92,Male,No relevent experience,Full time course,Graduate,STEM,5,,,never,77,0.0
city_143,0.74,Male,No relevent experience,no_enrollment,Masters,STEM,14,1000-4999,NGO,3,96,0.0
city_100,0.887,Male,Has relevent experience,no_enrollment,High School,,>20,100-500,Pvt Ltd,>4,12,0.0
city_75,0.939,Male,Has relevent experience,no_enrollment,Phd,STEM,>20,1000-4999,Pvt Ltd,3,328,
city_103,0.92,Female,Has relevent experience,no_enrollment,Graduate,Business Degree,4,100-500,Funded Startup,1,34,0.0
city_78,0.579,Male,Has relevent experience,no_enrollment,Graduate,STEM,5,50-99,Pvt Ltd,2,10,0.0
city_16,0.91,Male,No relevent experience,no_enrollment,Graduate,No Major,9,,,2,56,1.0
city_26,0.698,Male,Has relevent experience,Full time course,High School,,6,10/49,,1,78,0.0
city_102,0.804,Male,No relevent experience,no_enrollment,Masters,STEM,<1,5000-9999,Pvt Ltd,1,75,
city_103,0.92,Male,Has relevent experience,no_enrollment,Graduate,STEM,>20,5000-9999,Pvt Ltd,1,30,0.0
city_18,0.8240000000000001,Male,Has relevent experience,no_enrollment,Graduate,STEM,12,500-999,Pvt Ltd,>4,28,1.0
city_16,0.91,Male,Has relevent experience,Part time course,High School,,4,<10,,1,16,0.0
city_48,0.493,Other,Has relevent experience,Full time course,Phd,Other,>20,,,1,18,0.0
city_136,0.897,Male,Has relevent experience,no_enrollment,Masters,STEM,11,500-999,,1,166,0.0
city_57,0.866,Male,Has relevent experience,Part time course,Graduate,STEM,4,50-99,,1,33,0.0
city_104,0.924,Male,Has relevent experience,no_enrollment,Graduate,STEM,15,500-999,Pvt Ltd,1,86,
city_114,0.926,Male,Has relevent experience,no_enrollment,Masters,STEM,14,,,1,63,0.0
city_103,0.92,Male,Has relevent experience,Part time course,Graduate,STEM,>20,5000-9999,Pvt Ltd,>4,47,0.0
city_11,0.55,,Has relevent experience,no_enrollment,Graduate,STEM,5,50-99,Pvt Ltd,1,6,0.0
city_67,0.855,Male,Has relevent experience,no_enrollment,Masters,STEM,17,10000+,Pvt Ltd,1,316,0.0
city_173,0.878,Male,Has relevent experience,no_enrollment,Graduate,STEM,>20,10/49,Pvt Ltd,>4,47,
city_103,0.92,Male,Has relevent experience,no_enrollment,Graduate,Humanities,15,,NGO,2,63,0.0
city_45,0.89,Male,Has relevent experience,no_enrollment,Graduate,STEM,15,500-999,Pvt Ltd,never,74,0.0
city_57,0.866,Male,Has relevent experience,no_enrollment,Graduate,STEM,>20,1000-4999,Pvt Ltd,1,23,0.0
city_50,0.8959999999999999,Male,Has relevent experience,no_enrollment,Masters,STEM,15,5000-9999,Pvt Ltd,>4,43,0.0
city_103,0.92,Female,Has relevent experience,no_enrollment,Phd,STEM,>20,5000-9999,NGO,1,104,1.0
city_143,0.74,Male,No relevent experience,Full time course,Graduate,STEM,2,,,never,141,1.0
city_103,0.92,Male,Has relevent experience,no_enrollment,Graduate,STEM,20,10000+,Pvt Ltd,>4,40,0.0
city_16,0.91,,Has relevent experience,no_enrollment,Masters,STEM,>20,50-99,Pvt Ltd,>4,160,0.0
city_23,0.899,,Has relevent experience,,Graduate,Business Degree,2,,,1,28,0.0
city_36,0.893,Male,Has relevent experience,no_enrollment,Masters,STEM,18,10/49,,1,24,0.0
city_114,0.926,Male,Has relevent experience,no_enrollment,Masters,Humanities,17,<10,Pvt Ltd,1,113,0.0
city_136,0.897,Male,Has relevent experience,no_enrollment,Masters,STEM,>20,100-500,Pvt Ltd,>4,30,0.0
city_114,0.926,,No relevent experience,no_enrollment,Phd,STEM,>20,10000+,Public Sector,2,54,0.0
city_21,0.624,Male,Has relevent experience,no_enrollment,Masters,STEM,6,50-99,Pvt Ltd,1,56,0.0
city_103,0.92,Male,Has relevent experience,no_enrollment,Graduate,STEM,4,50-99,,1,39,0.0
city_16,0.91,Male,No relevent experience,Full time course,Masters,STEM,4,,Public Sector,1,184,0.0
city_21,0.624,Male,Has relevent experience,no_enrollment,Masters,STEM,17,10000+,Pvt Ltd,3,90,1.0
city_103,0.92,Male,Has relevent experience,no_enrollment,Graduate,STEM,>20,10000+,Pvt Ltd,2,60,0.0
city_21,0.624,Male,No relevent experience,no_enrollment,High School,,3,,,never,81,0.0
city_74,0.579,,Has relevent experience,no_enrollment,High School,,<1,,,never,160,1.0
city_21,0.624,Male,Has relevent experience,no_enrollment,Graduate,STEM,7,10000+,Pvt Ltd,4,92,1.0
city_136,0.897,Male,No relevent experience,Full time course,Graduate,STEM,7,,,,128,0.0
city_179,0.512,Male,Has relevent experience,no_enrollment,Masters,STEM,9,50-99,Pvt Ltd,1,68,0.0
city_75,0.939,Male,No relevent experience,Part time course,Graduate,STEM,3,500-999,Pvt Ltd,never,40,0.0
city_16,0.91,,Has relevent experience,no_enrollment,Graduate,STEM,6,500-999,Pvt Ltd,1,21,0.0
city_116,0.743,Male,Has relevent experience,no_enrollment,Graduate,Other,4,100-500,Pvt Ltd,3,113,0.0
city_89,0.925,Male,Has relevent experience,Full time course,Graduate,STEM,11,50-99,,,270,0.0
city_73,0.754,Male,Has relevent experience,Part time course,High School,,5,10/49,,2,82,0.0
city_71,0.884,,Has relevent experience,no_enrollment,Graduate,STEM,6,50-99,Pvt Ltd,1,29,0.0
city_103,0.92,,No relevent experience,no_enrollment,Graduate,STEM,5,,,2,22,1.0
city_99,0.915,Male,Has relevent experience,no_enrollment,Graduate,STEM,8,50-99,Funded Startup,1,102,0.0
city_28,0.939,Male,Has relevent experience,no_enrollment,Masters,STEM,10,1000-4999,Pvt Ltd,1,114,0.0
city_23,0.899,Male,Has relevent experience,no_enrollment,Graduate,STEM,>20,50-99,Funded Startup,1,6,0.0
city_75,0.939,,Has relevent experience,no_enrollment,Masters,STEM,8,,,1,110,0.0
city_103,0.92,Male,Has relevent experience,no_enrollment,Graduate,STEM,11,50-99,Funded Startup,1,46,0.0
city_114,0.926,Male,Has relevent experience,no_enrollment,Graduate,STEM,14,100-500,Funded Startup,1,32,1.0
city_93,0.865,Male,Has relevent experience,no_enrollment,Masters,STEM,>20,,,2,21,0.0
city_114,0.926,Male,Has relevent experience,no_enrollment,Masters,STEM,>20,500-999,Pvt Ltd,4,25,0.0
city_21,0.624,Male,No relevent experience,no_enrollment,Graduate,STEM,10,10/49,Pvt Ltd,1,33,1.0
city_72,0.795,,Has relevent experience,Full time course,Primary School,,4,50-99,Pvt Ltd,1,30,0.0
city_21,0.624,Female,No relevent experience,,Masters,STEM,2,,Funded Startup,1,7,0.0
city_160,0.92,Male,No relevent experience,Full time course,High School,,5,,,1,17,1.0
city_149,0.6890000000000001,Male,Has relevent experience,no_enrollment,Graduate,STEM,9,100-500,Pvt Ltd,never,56,0.0
city_159,0.843,Male,Has relevent experience,no_enrollment,High School,,>20,,,>4,44,0.0
city_136,0.897,,Has relevent experience,no_enrollment,Masters,STEM,4,5000-9999,Public Sector,1,130,0.0
city_16,0.91,Male,Has relevent experience,no_enrollment,High School,,>20,1000-4999,Pvt Ltd,>4,200,1.0
city_61,0.913,Male,No relevent experience,Full time course,Graduate,STEM,3,,,1,15,1.0
city_16,0.91,,Has relevent experience,no_enrollment,Masters,Business Degree,15,1000-4999,Pvt Ltd,2,1,0.0
city_103,0.92,,No relevent experience,Full time course,Graduate,STEM,2,50-99,NGO,1,20,0.0
city_21,0.624,Male,Has relevent experience,no_enrollment,Graduate,STEM,7,10000+,Pvt Ltd,4,60,
city_103,0.92,Male,Has relevent experience,no_enrollment,Graduate,STEM,14,<10,Pvt Ltd,>4,61,0.0
city_114,0.926,Male,Has relevent experience,no_enrollment,Masters,STEM,9,100-500,Pvt Ltd,1,216,0.0
city_103,0.92,Male,Has relevent experience,no_enrollment,Graduate,No Major,>20,1000-4999,NGO,>4,83,0.0
city_103,0.92,Male,Has relevent experience,no_enrollment,Graduate,STEM,>20,100-500,Pvt Ltd,2,24,0.0
city_98,0.949,Male,Has relevent experience,no_enrollment,Graduate,STEM,5,10/49,Pvt Ltd,1,38,0.0
city_36,0.893,Male,Has relevent experience,no_enrollment,Masters,STEM,>20,,,2,10,0.0
city_75,0.939,Female,Has relevent experience,no_enrollment,Graduate,Humanities,4,50-99,Funded Startup,1,100,0.0
city_41,0.8270000000000001,Male,No relevent experience,Full time course,Graduate,STEM,2,50-99,Pvt Ltd,1,20,0.0
city_103,0.92,Male,Has relevent experience,no_enrollment,Graduate,Other,10,50-99,Pvt Ltd,>4,206,0.0
city_141,0.763,,Has relevent experience,no_enrollment,Masters,STEM,>20,1000-4999,Pvt Ltd,4,36,0.0
city_97,0.925,Male,Has relevent experience,Part time course,Masters,STEM,9,50-99,Pvt Ltd,4,52,0.0
city_21,0.624,,Has relevent experience,Full time course,Graduate,STEM,<1,50-99,Pvt Ltd,3,28,0.0
city_16,0.91,,Has relevent experience,no_enrollment,Masters,STEM,4,,,1,18,0.0
city_16,0.91,Male,Has relevent experience,no_enrollment,Graduate,STEM,5,10/49,Pvt Ltd,1,172,0.0
city_16,0.91,Male,Has relevent experience,no_enrollment,Graduate,STEM,3,10/49,Pvt Ltd,1,43,0.0
city_16,0.91,Male,No relevent experience,,,,2,,,never,78,0.0
city_104,0.924,Male,Has relevent experience,no_enrollment,Masters,STEM,19,10/49,Pvt Ltd,>4,232,0.0
city_16,0.91,Male,Has relevent experience,no_enrollment,Graduate,Arts,3,<10,Funded Startup,1,18,0.0
city_133,0.742,Male,Has relevent experience,no_enrollment,Graduate,Business Degree,4,10/49,Pvt Ltd,1,188,0.0
city_136,0.897,Male,No relevent experience,,,,1,,,never,24,0.0
city_138,0.836,Male,Has relevent experience,no_enrollment,Graduate,STEM,>20,50-99,Funded Startup,2,17,0.0
city_103,0.92,Male,Has relevent experience,no_enrollment,Masters,STEM,5,,,1,103,1.0
city_103,0.92,Male,Has relevent experience,no_enrollment,Graduate,STEM,>20,10000+,Pvt Ltd,3,54,0.0
city_136,0.897,Female,No relevent experience,Full time course,Graduate,STEM,4,10000+,Public Sector,1,47,0.0
city_103,0.92,Male,No relevent experience,no_enrollment,Primary School,,5,,,never,80,0.0
city_41,0.8270000000000001,Male,Has relevent experience,no_enrollment,Graduate,STEM,>20,50-99,Pvt Ltd,>4,152,0.0
city_160,0.92,Male,Has relevent experience,no_enrollment,Masters,STEM,18,50-99,Pvt Ltd,4,109,0.0
city_16,0.91,Male,No relevent experience,no_enrollment,High School,,3,,,never,182,0.0
city_16,0.91,,Has relevent experience,no_enrollment,Graduate,STEM,14,500-999,Pvt Ltd,>4,82,0.0
city_16,0.91,Male,No relevent experience,no_enrollment,Graduate,Humanities,8,50-99,Pvt Ltd,1,182,0.0
city_103,0.92,Male,Has relevent experience,no_enrollment,Graduate,STEM,>20,100-500,Pvt Ltd,1,21,0.0
city_71,0.884,Male,Has relevent experience,Part time course,Graduate,STEM,5,50-99,Pvt Ltd,2,30,
city_136,0.897,Male,Has relevent experience,no_enrollment,Masters,STEM,9,<10,Early Stage Startup,1,12,0.0
city_123,0.738,,No relevent experience,Full time course,Graduate,STEM,4,,,,9,1.0
city_21,0.624,Female,Has relevent experience,no_enrollment,Graduate,STEM,2,10/49,Pvt Ltd,1,72,1.0
city_41,0.8270000000000001,Male,Has relevent experience,no_enrollment,Graduate,STEM,19,10000+,Pvt Ltd,never,10,0.0
city_64,0.6659999999999999,,No relevent experience,no_enrollment,Graduate,STEM,18,,,>4,18,1.0
city_83,0.923,,Has relevent experience,no_enrollment,Graduate,Humanities,>20,50-99,Pvt Ltd,>4,125,0.0
city_123,0.738,,Has relevent experience,Full time course,Graduate,STEM,5,100-500,Pvt Ltd,never,40,0.0
city_103,0.92,Female,Has relevent experience,no_enrollment,Graduate,STEM,6,50-99,Funded Startup,1,21,0.0
city_40,0.7759999999999999,,No relevent experience,no_enrollment,High School,,3,,,never,125,0.0
city_21,0.624,Male,Has relevent experience,Part time course,Graduate,STEM,7,100-500,Pvt Ltd,2,17,0.0
city_160,0.92,Male,Has relevent experience,no_enrollment,Graduate,STEM,>20,1000-4999,Pvt Ltd,>4,61,0.0
city_103,0.92,,No relevent experience,Part time course,Graduate,Business Degree,6,10/49,Pvt Ltd,2,48,0.0
city_11,0.55,Male,Has relevent experience,no_enrollment,Masters,STEM,7,50-99,Pvt Ltd,1,70,0.0
city_160,0.92,Male,Has relevent experience,no_enrollment,Graduate,STEM,>20,50-99,Pvt Ltd,3,147,0.0
city_114,0.926,Male,No relevent experience,Full time course,Graduate,STEM,6,50-99,NGO,1,51,1.0
city_21,0.624,Male,Has relevent experience,no_enrollment,Graduate,STEM,5,50-99,Funded Startup,1,34,1.0
city_103,0.92,Male,Has relevent experience,no_enrollment,Graduate,STEM,>20,,,1,19,1.0
city_21,0.624,Male,Has relevent experience,Full time course,High School,,2,,Pvt Ltd,never,41,
city_67,0.855,Male,Has relevent experience,no_enrollment,Graduate,STEM,10,50-99,Funded Startup,>4,79,0.0
city_16,0.91,Male,Has relevent experience,no_enrollment,Masters,STEM,>20,,,>4,196,0.0
city_116,0.743,,Has relevent experience,no_enrollment,Graduate,STEM,9,100-500,,,144,0.0
city_165,0.903,,No relevent experience,no_enrollment,,,3,,Public Sector,never,62,0.0
city_16,0.91,,No relevent experience,no_enrollment,High School,,6,5000-9999,,1,7,0.0
city_21,0.624,,Has relevent experience,no_enrollment,Graduate,STEM,3,50-99,,1,82,1.0
city_114,0.926,Male,Has relevent experience,no_enrollment,Graduate,STEM,>20,500-999,NGO,1,72,0.0
city_103,0.92,Male,Has relevent experience,no_enrollment,Graduate,STEM,>20,,,1,4,0.0
city_152,0.698,Male,No relevent experience,no_enrollment,High School,,3,,,never,96,0.0
city_103,0.92,Male,No relevent experience,no_enrollment,Graduate,STEM,15,500-999,Public Sector,3,286,0.0
city_65,0.802,Male,Has relevent experience,no_enrollment,High School,,9,50-99,Pvt Ltd,3,88,
city_103,0.92,Male,No relevent experience,no_enrollment,Graduate,Humanities,5,10000+,Public Sector,2,21,0.0
city_160,0.92,Male,Has relevent experience,Full time course,Graduate,STEM,>20,100-500,Pvt Ltd,2,136,0.0
city_128,0.527,Male,No relevent experience,no_enrollment,Graduate,STEM,2,100-500,NGO,1,10,1.0
city_103,0.92,Male,Has relevent experience,no_enrollment,Graduate,STEM,4,50-99,Pvt Ltd,1,42,0.0
city_165,0.903,Male,No relevent experience,no_enrollment,Graduate,STEM,5,,,1,38,0.0
city_103,0.92,Male,Has relevent experience,no_enrollment,Graduate,STEM,15,100-500,Funded Startup,3,61,
city_10,0.895,Other,No relevent experience,Full time course,Masters,STEM,3,,,2,105,0.0
city_103,0.92,Male,Has relevent experience,no_enrollment,Graduate,STEM,5,10000+,Pvt Ltd,never,43,0.0
city_21,0.624,,No relevent experience,,Graduate,STEM,<1,,,never,55,0.0
city_36,0.893,Female,Has relevent experience,no_enrollment,Masters,STEM,14,100-500,Pvt Ltd,1,34,0.0
city_21,0.624,Male,Has relevent experience,no_enrollment,Graduate,STEM,4,10000+,Pvt Ltd,1,298,1.0
city_97,0.925,Male,Has relevent experience,no_enrollment,Graduate,STEM,7,50-99,,1,69,0.0
city_67,0.855,Male,Has relevent experience,no_enrollment,Graduate,STEM,11,,,1,192,0.0
city_103,0.92,Male,No relevent experience,no_enrollment,Graduate,STEM,<1,100-500,Funded Startup,1,17,1.0
city_21,0.624,Male,Has relevent experience,no_enrollment,Graduate,Humanities,8,,,1,65,0.0
city_160,0.92,Male,Has relevent experience,no_enrollment,Graduate,STEM,>20,500-999,Funded Startup,>4,262,0.0
city_157,0.769,,Has relevent experience,no_enrollment,Graduate,STEM,4,1000-4999,Public Sector,1,20,0.0
city_103,0.92,Male,Has relevent experience,no_enrollment,Graduate,STEM,8,100-500,Pvt Ltd,3,12,0.0
city_21,0.624,Male,Has relevent experience,no_enrollment,Graduate,Business Degree,14,<10,Pvt Ltd,1,87,1.0
city_16,0.91,Male,Has relevent experience,no_enrollment,Graduate,STEM,>20,10/49,Pvt Ltd,2,32,0.0
city_21,0.624,Male,Has relevent experience,no_enrollment,Graduate,STEM,3,10000+,Pvt Ltd,1,44,1.0
city_104,0.924,,Has relevent experience,no_enrollment,Graduate,STEM,5,50-99,Pvt Ltd,1,34,1.0
city_21,0.624,,Has relevent experience,no_enrollment,Graduate,STEM,10,10/49,Pvt Ltd,>4,105,1.0
city_83,0.923,Male,Has relevent experience,no_enrollment,Graduate,STEM,4,,,1,316,0.0
city_21,0.624,Male,Has relevent experience,no_enrollment,Graduate,STEM,1,,Pvt Ltd,never,68,1.0
city_103,0.92,,No relevent experience,Full time course,High School,,3,50-99,,1,3,0.0
city_16,0.91,Male,No relevent experience,no_enrollment,Graduate,Other,<1,500-999,Pvt Ltd,1,16,0.0
city_103,0.92,Male,Has relevent experience,no_enrollment,Graduate,STEM,3,50-99,Pvt Ltd,>4,7,0.0
city_138,0.836,Male,Has relevent experience,,Graduate,STEM,9,10/49,Pvt Ltd,1,166,1.0
city_23,0.899,Male,Has relevent experience,no_enrollment,Graduate,STEM,16,1000-4999,Pvt Ltd,never,5,0.0
city_103,0.92,Male,Has relevent experience,no_enrollment,Graduate,Other,20,100-500,Pvt Ltd,3,39,0.0
city_103,0.92,Male,Has relevent experience,no_enrollment,Graduate,STEM,>20,50-99,Pvt Ltd,>4,42,1.0
city_146,0.735,Male,Has relevent experience,no_enrollment,Graduate,STEM,10,100-500,Pvt Ltd,>4,56,0.0
city_21,0.624,Male,No relevent experience,no_enrollment,Graduate,STEM,3,50-99,Early Stage Startup,1,150,1.0
city_90,0.698,,Has relevent experience,Part time course,Masters,STEM,6,,,1,116,1.0
city_103,0.92,Male,Has relevent experience,no_enrollment,Graduate,STEM,6,10/49,Pvt Ltd,>4,112,0.0
city_155,0.556,Male,Has relevent experience,Full time course,Graduate,STEM,1,500-999,Pvt Ltd,never,46,0.0
city_99,0.915,Female,Has relevent experience,no_enrollment,Graduate,STEM,>20,50-99,Pvt Ltd,>4,37,0.0
city_103,0.92,,No relevent experience,Full time course,Graduate,STEM,7,,Public Sector,1,38,
city_138,0.836,Male,Has relevent experience,no_enrollment,Graduate,STEM,9,10/49,Pvt Ltd,1,86,0.0
city_16,0.91,Female,Has relevent experience,no_enrollment,Graduate,STEM,12,10/49,Pvt Ltd,>4,216,0.0
city_173,0.878,Male,Has relevent experience,no_enrollment,High School,,5,50-99,Pvt Ltd,1,22,0.0
city_67,0.855,Female,No relevent experience,Full time course,High School,,3,,,never,14,0.0
city_103,0.92,Male,No relevent experience,no_enrollment,Graduate,STEM,1,,,never,86,0.0
city_114,0.926,Male,Has relevent experience,no_enrollment,Masters,STEM,>20,10000+,Pvt Ltd,>4,42,1.0
city_21,0.624,Male,No relevent experience,no_enrollment,Graduate,STEM,3,100-500,Pvt Ltd,1,64,1.0
city_103,0.92,Male,No relevent experience,no_enrollment,Graduate,STEM,>20,500-999,Pvt Ltd,1,9,0.0
city_75,0.939,,Has relevent experience,no_enrollment,Masters,STEM,>20,1000-4999,Pvt Ltd,>4,91,0.0
city_128,0.527,,Has relevent experience,no_enrollment,Graduate,Business Degree,17,,,>4,26,0.0
city_21,0.624,,No relevent experience,no_enrollment,Graduate,STEM,2,,,1,50,1.0
city_75,0.939,Male,Has relevent experience,Full time course,Phd,STEM,>20,,,>4,50,0.0
city_103,0.92,Male,Has relevent experience,no_enrollment,Graduate,STEM,>20,100-500,NGO,1,17,0.0
city_103,0.92,,No relevent experience,no_enrollment,Phd,Humanities,8,100-500,Pvt Ltd,3,23,
city_67,0.855,Male,Has relevent experience,no_enrollment,Graduate,STEM,>20,10/49,Pvt Ltd,1,322,0.0
city_105,0.794,Female,Has relevent experience,Part time course,Masters,STEM,5,5000-9999,Pvt Ltd,1,304,0.0
city_142,0.727,,Has relevent experience,Full time course,High School,,4,,,never,143,0.0
city_128,0.527,Male,Has relevent experience,no_enrollment,Graduate,STEM,2,,,1,264,0.0
city_103,0.92,Male,No relevent experience,Part time course,High School,,3,<10,Pvt Ltd,3,36,1.0
city_71,0.884,Male,Has relevent experience,no_enrollment,Graduate,STEM,11,10000+,Pvt Ltd,1,166,
city_114,0.926,,Has relevent experience,no_enrollment,High School,,5,1000-4999,,never,102,0.0
city_103,0.92,Male,Has relevent experience,no_enrollment,Graduate,STEM,6,10000+,Pvt Ltd,1,166,0.0
city_21,0.624,,No relevent experience,Full time course,Graduate,STEM,1,,,never,34,
city_103,0.92,Male,No relevent experience,Part time course,Graduate,STEM,3,,,1,43,0.0
city_103,0.92,,Has relevent experience,no_enrollment,Graduate,STEM,19,100-500,Pvt Ltd,3,52,0.0
city_103,0.92,Male,Has relevent experience,no_enrollment,Graduate,STEM,18,,,2,36,0.0
city_21,0.624,Male,Has relevent experience,no_enrollment,Masters,STEM,19,50-99,Other,never,37,
city_61,0.913,Male,Has relevent experience,no_enrollment,Graduate,STEM,11,50-99,Pvt Ltd,2,62,0.0
city_103,0.92,Male,No relevent experience,Full time course,Masters,STEM,9,,,>4,55,1.0
city_21,0.624,,Has relevent experience,no_enrollment,Graduate,No Major,<1,10/49,Pvt Ltd,4,146,0.0
city_16,0.91,Male,Has relevent experience,Part time course,Graduate,STEM,4,500-999,Pvt Ltd,4,18,0.0
city_61,0.913,Male,Has relevent experience,no_enrollment,Graduate,STEM,19,<10,Pvt Ltd,1,74,
city_141,0.763,Male,Has relevent experience,Full time course,Masters,STEM,2,50-99,Pvt Ltd,never,55,0.0
city_149,0.6890000000000001,,Has relevent experience,,High School,,3,,,never,99,1.0
city_160,0.92,Male,Has relevent experience,no_enrollment,Graduate,STEM,19,100-500,Pvt Ltd,4,18,0.0
city_75,0.939,,Has relevent experience,no_enrollment,Graduate,STEM,12,1000-4999,Pvt Ltd,1,42,0.0
city_117,0.698,,No relevent experience,Full time course,Graduate,STEM,3,,,1,30,
city_105,0.794,Male,Has relevent experience,no_enrollment,Graduate,STEM,>20,,,4,15,0.0
city_21,0.624,Female,No relevent experience,no_enrollment,Masters,Humanities,3,,,>4,57,1.0
city_114,0.926,Male,Has relevent experience,no_enrollment,Masters,Business Degree,19,50-99,Pvt Ltd,3,63,0.0
city_165,0.903,Male,Has relevent experience,no_enrollment,Graduate,STEM,5,50-99,Pvt Ltd,1,108,0.0
city_21,0.624,Male,No relevent experience,Full time course,High School,,5,,,never,82,1.0
city_136,0.897,Male,No relevent experience,no_enrollment,Graduate,STEM,18,100-500,Pvt Ltd,>4,58,0.0
city_27,0.848,Male,No relevent experience,Full time course,High School,,3,,Pvt Ltd,never,22,0.0
city_103,0.92,Female,Has relevent experience,no_enrollment,Graduate,STEM,>20,1000-4999,Public Sector,1,48,0.0
city_103,0.92,Female,Has relevent experience,no_enrollment,Masters,STEM,8,50-99,Pvt Ltd,1,16,0.0
city_103,0.92,Male,Has relevent experience,no_enrollment,Graduate,STEM,>20,500-999,Pvt Ltd,1,37,0.0
city_36,0.893,Male,Has relevent experience,no_enrollment,Masters,STEM,15,50-99,Pvt Ltd,3,48,
city_103,0.92,Male,Has relevent experience,no_enrollment,Graduate,STEM,>20,10/49,Pvt Ltd,>4,98,0.0
city_21,0.624,Male,Has relevent experience,Full time course,Graduate,STEM,16,,,never,39,0.0
city_160,0.92,,Has relevent experience,no_enrollment,Graduate,STEM,>20,,,>4,39,1.0
city_103,0.92,Male,No relevent experience,Full time course,Graduate,STEM,3,,,never,56,0.0
city_75,0.939,Male,No relevent experience,no_enrollment,High School,,3,,Pvt Ltd,never,13,0.0
city_136,0.897,Male,No relevent experience,no_enrollment,Masters,STEM,11,1000-4999,Pvt Ltd,2,8,0.0
city_73,0.754,,No relevent experience,Part time course,Graduate,STEM,12,1000-4999,Public Sector,>4,114,0.0
city_103,0.92,,Has relevent experience,Part time course,Graduate,Business Degree,14,<10,Pvt Ltd,1,9,1.0
city_145,0.555,Male,No relevent experience,no_enrollment,Masters,STEM,3,100-500,Pvt Ltd,1,336,1.0
city_10,0.895,,Has relevent experience,Full time course,Masters,STEM,4,50-99,Funded Startup,2,13,1.0
city_16,0.91,,No relevent experience,no_enrollment,Phd,STEM,>20,5000-9999,NGO,>4,45,0.0
city_71,0.884,Male,Has relevent experience,no_enrollment,Masters,STEM,>20,,,>4,118,0.0
city_103,0.92,Male,Has relevent experience,no_enrollment,Graduate,STEM,>20,,,3,47,0.0
city_150,0.698,,No relevent experience,,Masters,STEM,5,,,1,89,0.0
city_70,0.698,Male,No relevent experience,no_enrollment,Graduate,STEM,6,,,never,23,1.0
city_91,0.691,,No relevent experience,Full time course,Graduate,STEM,2,,,,31,0.0
city_16,0.91,Female,Has relevent experience,no_enrollment,Graduate,STEM,9,50-99,Pvt Ltd,>4,94,0.0
city_21,0.624,,Has relevent experience,Full time course,Masters,STEM,7,100-500,Pvt Ltd,4,75,0.0
city_114,0.926,Male,Has relevent experience,no_enrollment,Masters,STEM,>20,,,1,123,0.0
city_16,0.91,Female,Has relevent experience,no_enrollment,Masters,Humanities,4,100-500,Pvt Ltd,2,74,0.0
city_28,0.939,Male,Has relevent experience,no_enrollment,Masters,STEM,>20,10000+,Pvt Ltd,>4,22,0.0
city_77,0.83,Male,No relevent experience,Full time course,Graduate,STEM,6,,,1,53,
city_11,0.55,,Has relevent experience,no_enrollment,Graduate,STEM,10,50-99,Pvt Ltd,1,158,0.0
city_67,0.855,Male,Has relevent experience,no_enrollment,Masters,STEM,12,100-500,Pvt Ltd,2,7,0.0
city_142,0.727,Male,Has relevent experience,no_enrollment,Masters,STEM,15,500-999,Pvt Ltd,4,50,0.0
city_103,0.92,Male,Has relevent experience,no_enrollment,Graduate,STEM,>20,,,1,86,1.0
city_21,0.624,,Has relevent experience,no_enrollment,Masters,STEM,7,500-999,Pvt Ltd,1,25,
city_71,0.884,Male,Has relevent experience,no_enrollment,Masters,STEM,11,50-99,Pvt Ltd,1,72,0.0
city_21,0.624,Male,No relevent experience,Full time course,Graduate,STEM,11,,,1,103,
city_75,0.939,Male,No relevent experience,no_enrollment,Primary School,,3,,,never,68,0.0
city_73,0.754,Male,Has relevent experience,no_enrollment,Masters,STEM,4,50-99,NGO,1,76,0.0
city_114,0.926,Male,Has relevent experience,Part time course,Masters,STEM,>20,50-99,Pvt Ltd,4,102,1.0
city_57,0.866,Male,No relevent experience,Full time course,Graduate,STEM,8,,,never,111,0.0
city_103,0.92,Male,Has relevent experience,no_enrollment,Graduate,STEM,15,10000+,Pvt Ltd,2,102,0.0
city_48,0.493,Male,Has relevent experience,no_enrollment,High School,,5,,,never,18,0.0
city_103,0.92,Female,No relevent experience,Full time course,Graduate,STEM,6,,,1,46,1.0
city_165,0.903,Male,Has relevent experience,no_enrollment,Graduate,STEM,20,100-500,Pvt Ltd,2,36,0.0
city_16,0.91,Male,No relevent experience,Part time course,Graduate,STEM,2,10000+,Public Sector,1,37,0.0
city_21,0.624,Male,Has relevent experience,no_enrollment,Graduate,STEM,2,<10,Pvt Ltd,2,2,1.0
city_21,0.624,Male,Has relevent experience,no_enrollment,Graduate,STEM,8,,,>4,92,1.0
city_90,0.698,Male,Has relevent experience,no_enrollment,Graduate,STEM,>20,100-500,Pvt Ltd,>4,51,0.0
city_103,0.92,Male,Has relevent experience,no_enrollment,Graduate,Business Degree,2,,,1,8,0.0
city_103,0.92,Female,Has relevent experience,no_enrollment,Graduate,STEM,12,100-500,Pvt Ltd,4,38,0.0
city_11,0.55,Male,No relevent experience,no_enrollment,High School,,2,,,2,46,1.0
city_21,0.624,Male,Has relevent experience,no_enrollment,Masters,STEM,11,500-999,Funded Startup,2,147,1.0
city_128,0.527,Male,Has relevent experience,Part time course,Masters,STEM,8,50-99,Pvt Ltd,>4,37,0.0
city_160,0.92,Female,Has relevent experience,no_enrollment,Primary School,,10,50-99,Early Stage Startup,1,33,0.0
city_100,0.887,,No relevent experience,no_enrollment,Masters,STEM,8,,,2,88,1.0
city_103,0.92,Male,Has relevent experience,no_enrollment,Graduate,STEM,14,100-500,Pvt Ltd,1,29,0.0
city_75,0.939,Male,Has relevent experience,no_enrollment,Graduate,STEM,16,1000-4999,NGO,1,40,0.0
city_103,0.92,Female,Has relevent experience,,Graduate,STEM,13,,,4,52,1.0
city_160,0.92,Male,Has relevent experience,Full time course,Graduate,STEM,8,100-500,Funded Startup,1,112,0.0
city_160,0.92,Male,Has relevent experience,Full time course,Graduate,STEM,11,,,1,33,0.0
city_159,0.843,Female,Has relevent experience,no_enrollment,Graduate,STEM,6,10000+,Pvt Ltd,1,70,0.0
city_11,0.55,,No relevent experience,Full time course,Graduate,STEM,6,<10,,1,160,
city_160,0.92,Male,Has relevent experience,no_enrollment,Graduate,STEM,3,50-99,Early Stage Startup,1,57,0.0
city_21,0.624,,No relevent experience,Full time course,Graduate,STEM,3,,,never,23,
city_21,0.624,,Has relevent experience,no_enrollment,Graduate,STEM,9,1000-4999,Pvt Ltd,1,109,1.0
city_57,0.866,Male,Has relevent experience,no_enrollment,Masters,STEM,>20,100-500,Pvt Ltd,>4,41,0.0
city_21,0.624,Male,Has relevent experience,no_enrollment,Graduate,STEM,5,500-999,Pvt Ltd,3,112,1.0
city_103,0.92,Male,Has relevent experience,no_enrollment,Graduate,STEM,6,50-99,,2,25,0.0
city_114,0.926,,No relevent experience,,,,8,,,1,86,0.0
city_103,0.92,Female,Has relevent experience,no_enrollment,Graduate,Other,17,1000-4999,Pvt Ltd,2,46,0.0
city_16,0.91,Male,Has relevent experience,Part time course,Graduate,STEM,9,10000+,Pvt Ltd,2,51,0.0
city_162,0.767,,No relevent experience,Full time course,High School,,4,,,never,32,0.0
city_21,0.624,Male,Has relevent experience,no_enrollment,Masters,STEM,8,50-99,Public Sector,4,33,1.0
city_114,0.926,Male,Has relevent experience,no_enrollment,Graduate,STEM,16,100-500,Pvt Ltd,1,46,0.0
city_103,0.92,Male,Has relevent experience,no_enrollment,Graduate,STEM,14,100-500,Pvt Ltd,1,212,0.0
city_103,0.92,Male,No relevent experience,no_enrollment,Graduate,Humanities,1,100-500,Public Sector,1,36,0.0
city_160,0.92,,No relevent experience,no_enrollment,High School,,3,,,never,4,0.0
city_103,0.92,Male,Has relevent experience,no_enrollment,Masters,STEM,5,10/49,NGO,1,104,0.0
city_136,0.897,,Has relevent experience,no_enrollment,Masters,STEM,10,10000+,,2,17,0.0
city_115,0.789,Male,Has relevent experience,no_enrollment,High School,,15,<10,Pvt Ltd,1,6,0.0
city_21,0.624,Male,Has relevent experience,Full time course,Graduate,STEM,1,<10,Pvt Ltd,1,24,0.0
city_21,0.624,,Has relevent experience,Full time course,Graduate,STEM,8,50-99,Pvt Ltd,2,32,0.0
city_101,0.5579999999999999,,No relevent experience,Full time course,Graduate,STEM,2,,Pvt Ltd,never,46,0.0
city_104,0.924,Male,No relevent experience,Full time course,High School,,5,,,1,72,0.0
city_89,0.925,Male,Has relevent experience,no_enrollment,Graduate,STEM,6,50-99,Pvt Ltd,1,270,1.0
city_67,0.855,Male,Has relevent experience,Full time course,Graduate,STEM,7,1000-4999,Pvt Ltd,2,34,1.0
city_114,0.926,Male,Has relevent experience,no_enrollment,Masters,STEM,>20,1000-4999,Pvt Ltd,>4,78,0.0
city_75,0.939,Male,Has relevent experience,no_enrollment,Graduate,STEM,>20,,,1,14,0.0
city_71,0.884,Male,No relevent experience,Full time course,Graduate,STEM,4,,,1,64,1.0
city_103,0.92,Male,Has relevent experience,no_enrollment,Graduate,STEM,20,100-500,Pvt Ltd,1,46,0.0
city_100,0.887,Female,No relevent experience,Full time course,High School,,1,,,1,31,0.0
city_103,0.92,Male,Has relevent experience,no_enrollment,Graduate,STEM,8,10000+,Pvt Ltd,1,24,0.0
city_19,0.682,,Has relevent experience,no_enrollment,Graduate,STEM,11,,,2,45,
city_67,0.855,,No relevent experience,no_enrollment,Masters,Humanities,14,100-500,Pvt Ltd,2,84,1.0
city_160,0.92,Male,Has relevent experience,no_enrollment,Graduate,STEM,11,<10,Pvt Ltd,2,17,0.0
city_160,0.92,Male,Has relevent experience,no_enrollment,Masters,STEM,10,100-500,Pvt Ltd,3,75,0.0
city_23,0.899,,No relevent experience,no_enrollment,Graduate,STEM,<1,,,never,96,1.0
city_57,0.866,Male,Has relevent experience,Full time course,Masters,STEM,8,<10,Public Sector,1,28,0.0
city_160,0.92,Male,Has relevent experience,,Graduate,STEM,>20,,,>4,50,1.0
city_114,0.926,,Has relevent experience,,Graduate,STEM,>20,1000-4999,Pvt Ltd,2,12,0.0
city_103,0.92,Male,Has relevent experience,no_enrollment,Graduate,STEM,17,10000+,Pvt Ltd,>4,163,0.0
city_103,0.92,Male,Has relevent experience,Full time course,Graduate,STEM,3,50-99,Funded Startup,1,118,0.0
city_16,0.91,Male,No relevent experience,no_enrollment,Graduate,STEM,>20,50-99,Pvt Ltd,>4,9,
city_103,0.92,Other,No relevent experience,no_enrollment,Graduate,STEM,4,500-999,Pvt Ltd,3,122,
city_21,0.624,Male,No relevent experience,,Graduate,STEM,<1,,,1,107,1.0
city_50,0.8959999999999999,Male,No relevent experience,Full time course,Masters,STEM,10,,,4,34,1.0
city_16,0.91,Male,Has relevent experience,no_enrollment,High School,,9,50-99,,1,50,0.0
city_21,0.624,,No relevent experience,Full time course,Graduate,STEM,<1,,,,18,1.0
city_36,0.893,Male,Has relevent experience,no_enrollment,Masters,STEM,12,10000+,Pvt Ltd,1,42,0.0
city_19,0.682,,No relevent experience,no_enrollment,Graduate,STEM,2,,,1,72,1.0
city_136,0.897,Male,No relevent experience,Full time course,Graduate,STEM,3,,,never,32,0.0
city_21,0.624,Male,Has relevent experience,no_enrollment,High School,,4,,,never,68,1.0
city_21,0.624,Male,No relevent experience,,Graduate,STEM,6,500-999,,1,99,0.0
city_16,0.91,Male,No relevent experience,Full time course,High School,,1,,,never,204,0.0
city_103,0.92,Male,Has relevent experience,no_enrollment,Graduate,STEM,>20,10/49,Pvt Ltd,>4,12,0.0
city_160,0.92,Male,Has relevent experience,Full time course,Graduate,STEM,7,,,1,42,1.0
city_11,0.55,Male,No relevent experience,Full time course,High School,,4,,,never,23,0.0
city_114,0.926,Female,No relevent experience,Part time course,Graduate,STEM,5,10000+,Pvt Ltd,1,10,0.0
city_160,0.92,,No relevent experience,Full time course,Graduate,STEM,3,,,1,14,0.0
city_21,0.624,Male,Has relevent experience,no_enrollment,Graduate,STEM,11,10/49,Early Stage Startup,1,38,1.0
city_21,0.624,Male,Has relevent experience,no_enrollment,Graduate,STEM,6,50-99,NGO,>4,6,0.0
city_103,0.92,,Has relevent experience,no_enrollment,Graduate,STEM,6,1000-4999,Pvt Ltd,1,84,0.0
city_67,0.855,,Has relevent experience,no_enrollment,Graduate,STEM,14,100-500,Pvt Ltd,1,56,0.0
city_50,0.8959999999999999,,No relevent experience,no_enrollment,Graduate,Other,9,10/49,Pvt Ltd,>4,21,
city_21,0.624,Male,Has relevent experience,no_enrollment,Masters,STEM,20,10000+,Pvt Ltd,>4,54,1.0
city_16,0.91,Male,Has relevent experience,no_enrollment,Graduate,STEM,>20,500-999,Pvt Ltd,>4,48,0.0
city_160,0.92,,No relevent experience,no_enrollment,High School,,3,,,never,44,0.0
city_103,0.92,Male,No relevent experience,no_enrollment,Graduate,Business Degree,4,,,1,43,1.0
city_114,0.926,Female,Has relevent experience,no_enrollment,Graduate,Other,4,50-99,Pvt Ltd,1,57,0.0
city_23,0.899,Male,No relevent experience,Part time course,Masters,STEM,10,,,2,12,
city_61,0.913,,Has relevent experience,no_enrollment,Graduate,STEM,20,100-500,Pvt Ltd,2,47,
city_103,0.92,Male,Has relevent experience,no_enrollment,Graduate,STEM,>20,,,2,52,
city_21,0.624,,Has relevent experience,Part time course,Graduate,STEM,4,100-500,Pvt Ltd,1,82,1.0
city_67,0.855,Male,Has relevent experience,no_enrollment,Masters,STEM,16,,,1,8,0.0
city_21,0.624,Female,Has relevent experience,no_enrollment,Graduate,Business Degree,7,1000-4999,Pvt Ltd,>4,79,1.0
city_162,0.767,,Has relevent experience,no_enrollment,Masters,STEM,8,100-500,Pvt Ltd,1,59,0.0
city_21,0.624,Male,Has relevent experience,no_enrollment,Masters,STEM,7,100-500,Pvt Ltd,1,26,0.0
city_36,0.893,,Has relevent experience,no_enrollment,High School,,>20,100-500,Pvt Ltd,>4,12,0.0
city_103,0.92,Male,Has relevent experience,no_enrollment,Graduate,STEM,11,5000-9999,Pvt Ltd,2,11,0.0
city_103,0.92,Male,Has relevent experience,no_enrollment,Masters,STEM,7,10000+,Public Sector,1,56,1.0
city_40,0.7759999999999999,Male,No relevent experience,Full time course,Graduate,STEM,7,,,never,1,0.0
city_50,0.8959999999999999,Male,Has relevent experience,no_enrollment,Graduate,STEM,3,50-99,Pvt Ltd,1,92,0.0
city_114,0.926,Male,Has relevent experience,no_enrollment,High School,,11,50-99,Pvt Ltd,1,9,0.0
city_83,0.923,,Has relevent experience,no_enrollment,Graduate,STEM,5,,,>4,15,0.0
city_114,0.926,,Has relevent experience,no_enrollment,Masters,STEM,14,100-500,,,26,
city_103,0.92,Male,Has relevent experience,no_enrollment,Graduate,STEM,5,500-999,Pvt Ltd,2,60,0.0
city_160,0.92,Male,No relevent experience,no_enrollment,Masters,STEM,>20,,,>4,88,1.0
city_103,0.92,Male,Has relevent experience,no_enrollment,Graduate,STEM,16,<10,Pvt Ltd,1,12,
city_103,0.92,,Has relevent experience,no_enrollment,Graduate,STEM,4,100-500,,1,133,0.0
city_105,0.794,,Has relevent experience,no_enrollment,Graduate,STEM,3,50-99,Pvt Ltd,1,73,
city_134,0.698,,No relevent experience,no_enrollment,,,,,,never,33,0.0
city_50,0.8959999999999999,Male,Has relevent experience,no_enrollment,Graduate,STEM,6,,,1,29,
city_128,0.527,Male,No relevent experience,Full time course,High School,,4,,,1,14,1.0
city_160,0.92,,Has relevent experience,no_enrollment,Graduate,STEM,9,10000+,Pvt Ltd,1,88,0.0
city_103,0.92,Male,Has relevent experience,no_enrollment,Graduate,STEM,3,10000+,Pvt Ltd,1,1,
city_21,0.624,,Has relevent experience,,Graduate,STEM,4,100-500,Pvt Ltd,4,63,0.0
city_103,0.92,Male,Has relevent experience,no_enrollment,Graduate,Humanities,>20,10000+,Pvt Ltd,>4,86,0.0
city_160,0.92,Female,Has relevent experience,no_enrollment,Graduate,STEM,1,<10,Pvt Ltd,1,125,0.0
city_103,0.92,Male,Has relevent experience,no_enrollment,Graduate,STEM,9,,Public Sector,1,62,
city_73,0.754,,No relevent experience,no_enrollment,High School,,6,,,1,148,1.0
city_173,0.878,,No relevent experience,no_enrollment,Masters,STEM,7,1000-4999,Pvt Ltd,3,40,0.0
city_114,0.926,Male,Has relevent experience,no_enrollment,High School,,5,<10,Pvt Ltd,never,6,0.0
city_103,0.92,Male,Has relevent experience,no_enrollment,Masters,STEM,>20,5000-9999,Pvt Ltd,>4,36,0.0
city_50,0.8959999999999999,Male,Has relevent experience,no_enrollment,Masters,STEM,10,10000+,Pvt Ltd,1,55,0.0
city_71,0.884,,No relevent experience,Full time course,Graduate,STEM,5,,,1,147,0.0
city_103,0.92,Male,Has relevent experience,no_enrollment,Graduate,STEM,15,10/49,Pvt Ltd,>4,46,0.0
city_102,0.804,,Has relevent experience,no_enrollment,Masters,STEM,2,10000+,Pvt Ltd,2,35,0.0
city_114,0.926,Male,Has relevent experience,Full time course,Graduate,STEM,>20,1000-4999,NGO,>4,28,0.0
city_30,0.698,Male,Has relevent experience,Part time course,Graduate,STEM,5,50-99,Pvt Ltd,2,6,0.0
city_16,0.91,Male,No relevent experience,Full time course,Graduate,STEM,9,,,1,23,1.0
city_21,0.624,,Has relevent experience,no_enrollment,Graduate,STEM,3,10000+,Pvt Ltd,never,63,0.0
city_21,0.624,Male,Has relevent experience,no_enrollment,Graduate,STEM,3,500-999,Pvt Ltd,1,100,0.0
city_21,0.624,Male,No relevent experience,Full time course,High School,,4,,,never,48,
city_97,0.925,Male,No relevent experience,Full time course,Graduate,STEM,3,,,never,16,0.0
city_103,0.92,Male,Has relevent experience,no_enrollment,Graduate,STEM,20,,,1,24,1.0
city_114,0.926,Male,Has relevent experience,no_enrollment,Graduate,Humanities,19,50-99,Pvt Ltd,>4,13,0.0
city_162,0.767,Male,Has relevent experience,no_enrollment,Graduate,Humanities,2,<10,Pvt Ltd,1,75,1.0
city_16,0.91,Female,Has relevent experience,no_enrollment,Graduate,STEM,14,10000+,Pvt Ltd,1,246,0.0
city_116,0.743,Male,Has relevent experience,no_enrollment,Graduate,STEM,12,100-500,,3,100,0.0
city_103,0.92,Male,Has relevent experience,no_enrollment,Graduate,STEM,>20,1000-4999,Public Sector,4,180,0.0
city_103,0.92,,Has relevent experience,Full time course,Masters,STEM,>20,100-500,NGO,1,32,0.0
city_103,0.92,Male,Has relevent experience,no_enrollment,Graduate,STEM,4,100-500,Pvt Ltd,2,62,0.0
city_160,0.92,Female,No relevent experience,no_enrollment,Graduate,STEM,4,,,1,28,1.0
