city,city_development_index,gender,relevent_experience,enrolled_university,education_level,major_discipline,experience,company_size,company_type,last_new_job,training_hours,target
city_103,0.926,Male,Has relevent experience,no_enrollment,Masters,STEM,12,5000-9999,Public Sector,>4,26,1
city_114,0.935,Male,No relevent experience,Full time course,High School,,2,,,never,79,0
city_114,0.912,,Has relevent experience,no_enrollment,Graduate,Humanities,>20,50-99,Pvt Ltd,>4,13,1
city_160,0.915,Male,Has relevent experience,no_enrollment,Graduate,STEM,>20,100-500,Pvt Ltd,1,56,0
city_11,0.91,,No relevent experience,Full time course,High School,,5,,,never,1,1
city_116,0.62,,Has relevent experience,no_enrollment,Graduate,STEM,4,10000+,Pvt Ltd,>4,8,1
city_103,0.905,,Has relevent experience,Part time course,Graduate,STEM,7,100-500,Pvt Ltd,4,30,<NA>
city_146,0.841,Male,Has relevent experience,no_enrollment,Graduate,STEM,>20,50-99,Pvt Ltd,>4,55,0
city_152,0.67,,Has relevent experience,Part time course,Graduate,STEM,>20,,Pvt Ltd,>4,1,1
city_103,0.615,Male,Has relevent experience,no_enrollment,Graduate,STEM,11,,Pvt Ltd,2,82,0
city_103,0.911,Male,Has relevent experience,no_enrollment,Graduate,Other,>20,50-99,Pvt Ltd,>4,47,1
city_103,0.912,,Has relevent experience,no_enrollment,Masters,STEM,17,100-500,Pvt Ltd,4,92,0
city_11,0.603,,No relevent experience,Full time course,Graduate,STEM,3,,,,70,1
city_114,0.916,,Has relevent experience,Part time course,Graduate,No Major,9,500-999,Funded Startup,1,82,<NA>
city_103,0.644,Female,Has relevent experience,no_enrollment,Graduate,STEM,10,<10,Pvt Ltd,>4,20,0
city_103,0.818,,Has relevent experience,no_enrollment,Graduate,Arts,6,10/49,,1,57,0
city_103,0.925,Male,Has relevent experience,no_enrollment,Graduate,Humanities,6,100-500,NGO,1,106,1
city_103,0.811,Male,Has relevent experience,no_enrollment,Masters,STEM,>20,50-99,Pvt Ltd,1,10,0
city_103,0.912,Male,Has relevent experience,no_enrollment,Masters,STEM,7,100-500,Pvt Ltd,1,7,1
city_16,0.732,,Has relevent experience,no_enrollment,Graduate,STEM,9,1000-4999,Pvt Ltd,1,17,<NA>
city_123,0.917,,No relevent experience,Full time course,High School,,2,,,never,21,0
city_103,0.919,Other,Has relevent experience,no_enrollment,Masters,STEM,13,50-99,Pvt Ltd,2,46,0
city_103,0.905,Male,Has relevent experience,no_enrollment,Graduate,STEM,6,,Pvt Ltd,1,18,1
city_103,0.901,Male,Has relevent experience,no_enrollment,Masters,STEM,>20,100-500,Pvt Ltd,>4,68,1
city_16,0.613,,No relevent experience,Full time course,Graduate,,6,,,never,112,0
city_160,0.781,Male,Has relevent experience,no_enrollment,Masters,STEM,4,100-500,Pvt Ltd,1,268,0
city_103,0.914,Male,Has relevent experience,no_enrollment,,STEM,6,<10,Pvt Ltd,1,78,0
city_160,0.888,,Has relevent experience,Part time course,Graduate,STEM,9,1000-4999,Pvt Ltd,1,8,1
city_21,0.91,Male,Has relevent experience,no_enrollment,Graduate,No Major,9,100-500,Early Stage Startup,,142,1
city_107,0.679,Male,Has relevent experience,no_enrollment,Masters,STEM,2,500-999,Pvt Ltd,2,41,0
city_138,0.831,Female,No relevent experience,no_enrollment,Graduate,STEM,6,10/49,Pvt Ltd,1,173,1
city_102,0.912,,Has relevent experience,no_enrollment,Graduate,STEM,19,1000-4999,Public Sector,1,7,0
city_61,0.786,Other,Has relevent experience,no_enrollment,Graduate,STEM,13,50-99,Pvt Ltd,2,37,1
city_136,0.457,,No relevent experience,no_enrollment,,,10,,,1,124,0
city_114,0.617,,Has relevent experience,no_enrollment,Phd,Business Degree,4,100-500,Pvt Ltd,2,2,1
city_103,0.917,Male,Has relevent experience,no_enrollment,Masters,STEM,11,10/49,,4,251,1
city_103,0.735,Male,No relevent experience,Full time course,High School,,18,,,never,53,0
city_21,0.91,Female,Has relevent experience,no_enrollment,Masters,STEM,6,500-999,Pvt Ltd,2,5,<NA>
city_143,0.912,Other,No relevent experience,no_enrollment,Graduate,,4,,,never,45,0
city_103,0.918,Male,Has relevent experience,no_enrollment,Masters,STEM,8,100-500,Pvt Ltd,1,12,1
city_103,0.918,Male,Has relevent experience,no_enrollment,Phd,STEM,>20,100-500,Pvt Ltd,1,336,0
city_115,0.933,Male,No relevent experience,no_enrollment,High School,,<1,,,never,128,0
city_103,0.656,,Has relevent experience,Full time course,Masters,STEM,<1,100-500,Pvt Ltd,1,72,1
city_103,0.906,,Has relevent experience,no_enrollment,Masters,STEM,9,,Early Stage Startup,1,87,1
city_160,0.903,Male,No relevent experience,,Masters,STEM,2,,Pvt Ltd,never,12,0
city_21,0.625,,No relevent experience,no_enrollment,Graduate,STEM,5,,Pvt Ltd,1,12,0
city_114,0.91,Male,Has relevent experience,no_enrollment,Masters,STEM,12,100-500,Pvt Ltd,1,52,0
city_9,0.708,,Has relevent experience,Full time course,Graduate,Arts,4,,,never,5,<NA>
city_126,0.731,Male,No relevent experience,no_enrollment,Graduate,STEM,>20,50-99,Early Stage Startup,1,34,0
city_160,0.915,Male,No relevent experience,no_enrollment,High School,,4,,,never,111,0
city_90,0.685,Male,No relevent experience,Full time course,High School,STEM,3,,,never,259,0
city_160,0.915,Male,Has relevent experience,no_enrollment,Masters,STEM,12,10/49,Pvt Ltd,2,154,1
city_67,0.925,Male,No relevent experience,no_enrollment,,,2,,,never,63,0
city_21,0.914,Male,Has relevent experience,no_enrollment,Graduate,STEM,>20,10000+,Pvt Ltd,2,275,1
city_21,0.903,,Has relevent experience,no_enrollment,Graduate,STEM,7,5000-9999,Pvt Ltd,>4,43,1
city_84,0.625,,No relevent experience,Full time course,Graduate,STEM,>20,,,never,7,1
city_61,0.617,Other,Has relevent experience,Part time course,High School,,<1,50-99,Pvt Ltd,1,21,0
city_103,0.749,,Has relevent experience,no_enrollment,Graduate,STEM,16,50-99,Pvt Ltd,1,9,0
city_11,0.923,Male,No relevent experience,Full time course,Masters,,2,,,>4,110,0
city_114,0.92,Male,Has relevent experience,no_enrollment,Masters,STEM,14,,Pvt Ltd,>4,190,1
city_104,0.913,Female,Has relevent experience,no_enrollment,Masters,STEM,2,10000+,Pvt Ltd,2,22,1
city_103,0.909,,Has relevent experience,no_enrollment,Graduate,STEM,>20,100-500,Pvt Ltd,1,97,0
city_33,0.903,Male,Has relevent experience,no_enrollment,Graduate,STEM,17,10000+,Pvt Ltd,>4,9,1
city_103,0.919,,Has relevent experience,no_enrollment,Masters,STEM,15,<10,Pvt Ltd,>4,201,1
city_103,0.919,Male,Has relevent experience,no_enrollment,Masters,STEM,20,50-99,Pvt Ltd,3,62,1
city_71,0.91,Male,Has relevent experience,no_enrollment,Masters,STEM,12,500-999,Pvt Ltd,1,5,0
city_42,0.92,,No relevent experience,Full time course,High School,,2,,,1,69,0
city_50,0.909,,No relevent experience,Full time course,Graduate,STEM,9,50-99,Pvt Ltd,1,15,0
city_50,0.927,Male,Has relevent experience,no_enrollment,Graduate,STEM,13,5000-9999,Early Stage Startup,1,83,<NA>
city_138,0.681,Male,No relevent experience,Full time course,Graduate,,4,,,1,17,0
city_103,0.919,Male,Has relevent experience,no_enrollment,Masters,STEM,6,50-99,Pvt Ltd,>4,24,0
city_114,0.591,,Has relevent experience,no_enrollment,Graduate,STEM,6,10/49,Pvt Ltd,2,15,1
city_152,0.725,Female,Has relevent experience,no_enrollment,Masters,STEM,2,10000+,,1,10,<NA>
city_114,0.924,Female,Has relevent experience,no_enrollment,Graduate,STEM,8,100-500,Pvt Ltd,3,109,1
city_114,0.916,,Has relevent experience,no_enrollment,Masters,STEM,>20,50-99,Pvt Ltd,1,8,<NA>
city_21,0.622,Male,Has relevent experience,no_enrollment,Masters,STEM,6,50-99,Pvt Ltd,2,122,0
city_105,0.687,,Has relevent experience,Part time course,Graduate,STEM,17,10000+,Pvt Ltd,1,11,1
city_114,0.916,Male,Has relevent experience,no_enrollment,Graduate,STEM,>20,100-500,Early Stage Startup,>4,42,0
city_75,0.626,,Has relevent experience,no_enrollment,Masters,STEM,6,10000+,Pvt Ltd,1,51,0
city_103,0.906,,No relevent experience,no_enrollment,Phd,STEM,17,,,1,10,0
city_102,0.911,Other,Has relevent experience,no_enrollment,Masters,STEM,4,100-500,Early Stage Startup,>4,60,0
city_11,0.773,Male,No relevent experience,Full time course,Graduate,STEM,1,,,never,74,1
city_116,0.918,Male,No relevent experience,Full time course,Primary School,,4,,,1,13,0
city_103,0.908,Other,Has relevent experience,no_enrollment,Graduate,STEM,13,10000+,,never,16,0
city_160,0.918,Male,Has relevent experience,no_enrollment,Masters,STEM,13,50-99,Pvt Ltd,>4,25,1
city_103,0.91,Male,Has relevent experience,no_enrollment,Masters,STEM,7,100-500,Pvt Ltd,>4,17,1
city_42,0.708,Male,Has relevent experience,no_enrollment,Graduate,STEM,<1,,Pvt Ltd,1,70,<NA>
city_103,0.912,Male,Has relevent experience,no_enrollment,Masters,STEM,6,50-99,Pvt Ltd,3,25,0
city_173,0.73,Male,Has relevent experience,no_enrollment,Masters,STEM,4,100-500,Pvt Ltd,1,42,0
city_103,0.911,Male,Has relevent experience,no_enrollment,Graduate,STEM,>20,<10,Pvt Ltd,2,121,1
city_114,0.749,Male,No relevent experience,Full time course,High School,,3,,,,86,0
city_171,0.916,,Has relevent experience,no_enrollment,Masters,STEM,15,10000+,Pvt Ltd,>4,18,0
city_103,0.924,Male,Has relevent experience,no_enrollment,Masters,STEM,>20,10000+,Pvt Ltd,1,32,<NA>
city_16,0.667,,Has relevent experience,no_enrollment,Masters,STEM,>20,100-500,,2,39,1
city_99,0.915,,No relevent experience,Part time course,Graduate,,8,,Pvt Ltd,4,232,0
city_11,0.709,,No relevent experience,Full time course,,,>20,,,1,62,0
city_103,0.632,Female,No relevent experience,,High School,STEM,4,,,1,8,0
city_103,0.912,,Has relevent experience,Part time course,Graduate,STEM,8,1000-4999,Pvt Ltd,never,243,0
city_61,0.915,Male,Has relevent experience,no_enrollment,Masters,STEM,19,10000+,Pvt Ltd,2,169,1
city_50,0.885,,Has relevent experience,no_enrollment,Graduate,STEM,10,100-500,Public Sector,1,27,1
city_103,0.92,Female,No relevent experience,Full time course,Masters,Arts,>20,500-999,Pvt Ltd,1,51,0
city_103,0.91,Female,No relevent experience,Part time course,Graduate,,2,10000+,Early Stage Startup,1,13,0
city_114,0.617,,Has relevent experience,no_enrollment,Graduate,STEM,>20,50-99,Pvt Ltd,1,40,0
city_103,0.914,,Has relevent experience,no_enrollment,Masters,STEM,>20,50-99,Pvt Ltd,1,228,0
city_103,0.595,Male,No relevent experience,Full time course,Primary School,STEM,6,100-500,Pvt Ltd,,184,1
city_114,0.904,Male,Has relevent experience,no_enrollment,Masters,STEM,17,50-99,Pvt Ltd,2,22,0
city_41,0.711,,Has relevent experience,Part time course,Graduate,STEM,1,10000+,Public Sector,1,26,1
city_73,0.911,Male,Has relevent experience,no_enrollment,,STEM,2,100-500,NGO,1,8,0
city_116,0.915,Male,No relevent experience,no_enrollment,Masters,STEM,4,100-500,Public Sector,>4,99,0
city_21,0.863,,No relevent experience,Full time course,,,1,,,never,36,0
city_149,0.903,Male,Has relevent experience,no_enrollment,Graduate,STEM,3,5000-9999,Pvt Ltd,1,90,1
city_19,0.911,,Has relevent experience,no_enrollment,Masters,STEM,>20,10000+,Pvt Ltd,>4,19,0
city_21,0.835,Male,No relevent experience,no_enrollment,High School,,5,,,never,28,0
city_16,0.891,,Has relevent experience,no_enrollment,Graduate,STEM,6,50-99,Pvt Ltd,4,32,1
city_103,0.913,Male,Has relevent experience,no_enrollment,Masters,STEM,13,500-999,Pvt Ltd,>4,12,0
city_103,0.908,Male,No relevent experience,no_enrollment,Graduate,STEM,18,,Pvt Ltd,never,161,1
city_114,0.928,Male,Has relevent experience,no_enrollment,Masters,STEM,5,<10,Pvt Ltd,>4,65,1
city_103,0.656,,No relevent experience,Full time course,,STEM,2,,,never,13,1
city_103,0.904,Male,Has relevent experience,no_enrollment,Graduate,STEM,7,100-500,Pvt Ltd,1,104,0
city_16,0.595,Male,Has relevent experience,no_enrollment,Graduate,STEM,6,10/49,Pvt Ltd,1,105,1
city_103,0.916,Female,Has relevent experience,Full time course,Graduate,STEM,>20,<10,Funded Startup,1,108,<NA>
city_16,0.875,,No relevent experience,Full time course,Graduate,STEM,5,,,1,5,1
city_103,0.912,Female,Has relevent experience,Part time course,Masters,STEM,13,100-500,Pvt Ltd,2,6,1
city_55,0.926,,No relevent experience,Part time course,Graduate,STEM,10,,,1,8,1
city_100,0.914,,Has relevent experience,no_enrollment,Masters,Humanities,8,50-99,Funded Startup,1,34,0
city_75,0.911,Male,No relevent experience,no_enrollment,,STEM,2,,,never,48,1
city_16,0.919,,Has relevent experience,no_enrollment,Masters,Business Degree,>20,50-99,Pvt Ltd,1,26,0
city_103,0.609,,No relevent experience,Full time course,Graduate,STEM,10,<10,Pvt Ltd,1,9,1
city_21,0.91,,Has relevent experience,Full time course,Graduate,STEM,11,,,2,43,0
city_103,0.614,,Has relevent experience,no_enrollment,Masters,STEM,>20,50-99,Pvt Ltd,>4,40,1
city_59,0.906,,Has relevent experience,no_enrollment,Graduate,STEM,>20,100-500,Pvt Ltd,2,32,0
city_103,0.907,Male,No relevent experience,,Graduate,,2,,,1,32,<NA>
city_128,0.8,Male,No relevent experience,Full time course,Masters,STEM,>20,10/49,Pvt Ltd,1,41,1
city_103,0.636,Male,Has relevent experience,no_enrollment,Graduate,STEM,14,100-500,Pvt Ltd,4,123,1
city_16,0.919,,No relevent experience,Full time course,Primary School,,<1,,,1,16,1
city_39,0.626,,No relevent experience,no_enrollment,Graduate,STEM,13,,,never,13,0
city_50,0.855,Male,Has relevent experience,no_enrollment,Phd,STEM,11,50-99,Pvt Ltd,1,17,1
city_103,0.728,,No relevent experience,Part time course,Masters,STEM,>20,50-99,Pvt Ltd,1,80,0
city_21,0.916,Male,Has relevent experience,no_enrollment,Masters,STEM,>20,50-99,Pvt Ltd,4,88,1
city_114,0.705,Male,No relevent experience,Full time course,Graduate,STEM,<1,,,1,180,1
city_102,0.816,,Has relevent experience,no_enrollment,Graduate,Humanities,9,100-500,Pvt Ltd,1,17,0
city_160,0.867,Male,Has relevent experience,no_enrollment,High School,Humanities,9,10000+,Pvt Ltd,>4,6,0
city_21,0.871,,Has relevent experience,no_enrollment,Graduate,STEM,>20,,,2,17,1
city_90,0.63,Male,No relevent experience,Full time course,High School,,2,,,1,62,0
city_134,0.911,Female,Has relevent experience,Part time course,Graduate,STEM,10,,Pvt Ltd,2,49,1
city_41,0.702,Male,No relevent experience,,High School,STEM,2,,,never,90,0
city_103,0.62,Male,Has relevent experience,no_enrollment,Graduate,STEM,6,100-500,Pvt Ltd,1,237,1
city_103,0.817,Male,Has relevent experience,no_enrollment,Graduate,Arts,6,,,1,83,0
city_65,0.91,,Has relevent experience,no_enrollment,Graduate,STEM,8,50-99,Funded Startup,1,9,1
city_103,0.639,,Has relevent experience,no_enrollment,Graduate,STEM,>20,,Pvt Ltd,2,116,0
city_50,0.914,,Has relevent experience,Part time course,Graduate,STEM,13,1000-4999,Pvt Ltd,2,33,1
city_104,0.902,,Has relevent experience,no_enrollment,Masters,STEM,>20,100-500,Early Stage Startup,1,34,1
city_103,0.92,Male,Has relevent experience,no_enrollment,Graduate,STEM,6,<10,Pvt Ltd,2,43,0
city_103,0.911,,Has relevent experience,no_enrollment,Masters,STEM,>20,100-500,Pvt Ltd,3,57,0
city_114,0.917,,Has relevent experience,no_enrollment,Masters,No Major,2,50-99,Funded Startup,1,52,<NA>
city_67,0.686,Male,Has relevent experience,no_enrollment,Graduate,STEM,20,100-500,Pvt Ltd,2,9,0
city_103,0.604,,Has relevent experience,no_enrollment,Graduate,STEM,20,50-99,NGO,1,25,1
city_160,0.92,,Has relevent experience,Part time course,Graduate,STEM,9,1000-4999,Pvt Ltd,1,32,0
city_160,0.926,Male,No relevent experience,no_enrollment,Masters,STEM,11,,,never,163,0
city_103,0.916,Male,Has relevent experience,no_enrollment,Graduate,STEM,>20,<10,Pvt Ltd,1,103,1
city_103,0.919,Male,Has relevent experience,no_enrollment,Graduate,STEM,2,,Pvt Ltd,>4,25,1
city_104,0.922,Female,Has relevent experience,no_enrollment,Graduate,STEM,2,50-99,Pvt Ltd,>4,107,<NA>
city_114,0.899,,Has relevent experience,no_enrollment,Masters,STEM,>20,50-99,Funded Startup,2,22,0
city_11,0.726,Male,No relevent experience,no_enrollment,Primary School,STEM,<1,,,1,12,0
city_61,0.913,Male,Has relevent experience,no_enrollment,Masters,STEM,15,50-99,Pvt Ltd,>4,275,0
city_103,0.908,,Has relevent experience,no_enrollment,Phd,STEM,8,100-500,Pvt Ltd,1,36,1
city_128,0.92,,No relevent experience,no_enrollment,High School,STEM,8,,Funded Startup,,18,0
city_16,0.903,,Has relevent experience,no_enrollment,Graduate,STEM,>20,10000+,Pvt Ltd,>4,17,1
city_103,0.913,,No relevent experience,no_enrollment,Phd,STEM,5,,Early Stage Startup,never,1,0
city_103,0.914,Male,Has relevent experience,no_enrollment,Masters,STEM,4,100-500,Pvt Ltd,2,30,1
city_41,0.891,,Has relevent experience,no_enrollment,Graduate,STEM,>20,,Pvt Ltd,1,168,0
city_103,0.85,,Has relevent experience,Full time course,Graduate,STEM,2,10/49,Pvt Ltd,1,45,0
city_74,0.742,,Has relevent experience,Part time course,Graduate,STEM,9,100-500,Pvt Ltd,1,17,1
city_71,0.838,,No relevent experience,Full time course,Graduate,Business Degree,8,,,1,12,1
city_74,0.763,Male,No relevent experience,Full time course,Masters,STEM,18,,Pvt Ltd,1,11,0
city_136,0.914,Male,No relevent experience,no_enrollment,Masters,STEM,2,5000-9999,Pvt Ltd,2,44,<NA>
city_67,0.87,Male,Has relevent experience,no_enrollment,Graduate,STEM,20,5000-9999,Funded Startup,1,1,1
city_103,0.921,Male,Has relevent experience,Part time course,Graduate,STEM,>20,50-99,Pvt Ltd,2,27,1
city_103,0.911,,Has relevent experience,Full time course,Graduate,STEM,>20,10/49,Pvt Ltd,1,104,1
city_114,0.914,Male,Has relevent experience,no_enrollment,Graduate,STEM,4,50-99,,2,20,<NA>
city_21,0.919,Male,No relevent experience,Full time course,High School,,6,,,never,50,0
city_103,0.887,,No relevent experience,no_enrollment,Graduate,STEM,4,,,1,60,0
city_69,0.87,Male,Has relevent experience,no_enrollment,,STEM,9,,,never,10,0
city_21,0.908,,No relevent experience,no_enrollment,Graduate,STEM,>20,,Pvt Ltd,never,10,1
city_114,0.917,,Has relevent experience,no_enrollment,Phd,Business Degree,5,10/49,Pvt Ltd,1,1,1
city_59,0.713,,Has relevent experience,no_enrollment,Graduate,STEM,8,50-99,NGO,>4,23,1
city_160,0.942,Male,Has relevent experience,no_enrollment,Graduate,STEM,11,100-500,Funded Startup,3,124,<NA>
city_103,0.691,,Has relevent experience,Part time course,Phd,STEM,>20,50-99,Pvt Ltd,1,11,<NA>
city_103,0.607,,Has relevent experience,no_enrollment,Masters,STEM,>20,10/49,Pvt Ltd,1,7,1
city_114,0.882,,Has relevent experience,no_enrollment,Masters,Business Degree,17,50-99,Pvt Ltd,>4,21,0
city_16,0.817,Male,Has relevent experience,no_enrollment,Graduate,STEM,6,5000-9999,Funded Startup,1,9,1
city_103,0.927,,Has relevent experience,no_enrollment,Masters,STEM,>20,100-500,Pvt Ltd,>4,46,1
city_11,0.884,Male,No relevent experience,Full time course,High School,,3,,,never,13,0
city_103,0.905,,Has relevent experience,Part time course,Masters,STEM,13,<10,Pvt Ltd,1,7,<NA>
city_103,0.898,Male,No relevent experience,no_enrollment,Graduate,STEM,4,1000-4999,Pvt Ltd,4,148,0
city_103,0.722,,Has relevent experience,no_enrollment,Graduate,STEM,6,500-999,Pvt Ltd,>4,151,<NA>
city_103,0.727,,Has relevent experience,Part time course,Graduate,STEM,>20,10000+,Early Stage Startup,>4,34,1
city_114,0.922,,Has relevent experience,no_enrollment,Masters,Other,5,<10,Pvt Ltd,1,14,1
city_114,0.908,,Has relevent experience,no_enrollment,Masters,STEM,17,10/49,Pvt Ltd,1,27,0
city_173,0.917,,Has relevent experience,no_enrollment,Graduate,STEM,13,10000+,Pvt Ltd,2,38,1
city_67,0.905,Male,No relevent experience,no_enrollment,,Humanities,15,100-500,Pvt Ltd,2,102,0
city_65,0.912,Male,No relevent experience,Part time course,Graduate,STEM,8,,,1,84,0
city_103,0.906,Male,No relevent experience,Full time course,Graduate,,1,,,1,93,0
city_103,0.908,Female,Has relevent experience,Part time course,Graduate,STEM,17,10000+,Pvt Ltd,>4,56,1
city_103,0.92,Male,Has relevent experience,Full time course,Masters,STEM,12,100-500,Pvt Ltd,1,12,0
city_21,0.694,Male,No relevent experience,Full time course,Graduate,,4,,,never,9,0
city_77,0.917,Other,Has relevent experience,no_enrollment,Masters,Humanities,12,<10,Pvt Ltd,1,40,0
city_136,0.653,,Has relevent experience,no_enrollment,Phd,Humanities,7,100-500,Early Stage Startup,3,61,1
city_103,0.605,,Has relevent experience,no_enrollment,Phd,STEM,7,100-500,Funded Startup,2,1,1
city_16,0.769,,Has relevent experience,no_enrollment,Masters,STEM,9,500-999,Pvt Ltd,>4,19,1
city_64,0.617,Male,No relevent experience,Full time course,High School,,2,,,never,32,0
city_12,0.614,,Has relevent experience,no_enrollment,Masters,STEM,>20,100-500,Pvt Ltd,2,20,1
city_99,0.637,Male,No relevent experience,no_enrollment,High School,STEM,4,,,1,55,0
city_103,0.906,,Has relevent experience,no_enrollment,Graduate,STEM,6,,,>4,27,1
city_114,0.737,,Has relevent experience,no_enrollment,Graduate,STEM,6,50-99,Pvt Ltd,1,198,<NA>
city_64,0.8,,No relevent experience,no_enrollment,,Arts,5,10000+,,1,18,1
city_83,0.915,,Has relevent experience,no_enrollment,Graduate,STEM,19,,Pvt Ltd,1,36,1
city_104,0.907,Male,Has relevent experience,no_enrollment,Graduate,STEM,6,50-99,Pvt Ltd,>4,5,<NA>
city_16,0.913,,Has relevent experience,no_enrollment,Masters,Humanities,>20,10000+,Pvt Ltd,1,63,0
city_45,0.697,Other,No relevent experience,Part time course,Graduate,STEM,>20,,,never,8,0
city_21,0.908,Male,Has relevent experience,no_enrollment,Masters,STEM,>20,100-500,Pvt Ltd,2,7,1
city_11,0.764,Male,No relevent experience,Full time course,Primary School,,2,,,never,18,0
city_173,0.912,,Has relevent experience,no_enrollment,Phd,STEM,>20,100-500,Pvt Ltd,1,72,0
city_136,0.914,Male,Has relevent experience,no_enrollment,Graduate,STEM,11,50-99,Pvt Ltd,>4,113,0
city_9,0.9,Male,Has relevent experience,Full time course,Graduate,,>20,,,1,76,1
city_21,0.915,Male,No relevent experience,no_enrollment,Graduate,STEM,8,,,never,1,1
city_16,0.906,Male,Has relevent experience,no_enrollment,Graduate,STEM,>20,10/49,Pvt Ltd,2,1,1
city_75,0.922,Male,No relevent experience,no_enrollment,Masters,Humanities,3,10000+,NGO,4,32,0
city_16,0.914,,Has relevent experience,no_enrollment,Masters,STEM,6,10/49,Pvt Ltd,2,7,1
city_11,0.857,,Has relevent experience,no_enrollment,Graduate,STEM,>20,50-99,Pvt Ltd,1,173,<NA>
city_114,0.861,Male,No relevent experience,no_enrollment,,,9,,,never,13,0
city_71,0.848,,Has relevent experience,Part time course,Masters,STEM,>20,10000+,Pvt Ltd,>4,3,<NA>
city_144,0.613,Male,Has relevent experience,no_enrollment,Graduate,Humanities,>20,50-99,Pvt Ltd,>4,206,0
city_71,0.765,,No relevent experience,no_enrollment,,,2,,,never,25,1
city_103,0.914,Male,Has relevent experience,no_enrollment,Graduate,STEM,16,10000+,Pvt Ltd,>4,21,<NA>
city_103,0.922,Male,Has relevent experience,no_enrollment,Masters,Business Degree,6,100-500,Pvt Ltd,2,12,0
city_114,0.676,Male,No relevent experience,Part time course,Graduate,STEM,8,,Early Stage Startup,1,78,0
city_106,0.925,,Has relevent experience,no_enrollment,Masters,STEM,14,10000+,Pvt Ltd,>4,191,1
city_103,0.914,,Has relevent experience,no_enrollment,Graduate,STEM,6,50-99,Pvt Ltd,>4,4,1
city_30,0.915,Other,No relevent experience,no_enrollment,Phd,STEM,9,,Pvt Ltd,>4,23,0
city_103,0.915,Male,Has relevent experience,Part time course,Graduate,STEM,>20,100-500,Pvt Ltd,1,13,0
city_103,0.876,Male,Has relevent experience,no_enrollment,Graduate,STEM,>20,50-99,Other,1,314,1
city_136,0.933,Male,No relevent experience,no_enrollment,Graduate,STEM,3,50-99,,>4,104,0
city_41,0.919,Male,Has relevent experience,no_enrollment,Graduate,STEM,>20,5000-9999,Pvt Ltd,>4,127,0
city_16,0.768,Male,No relevent experience,Full time course,Graduate,,2,,,1,40,0
city_160,0.923,Male,Has relevent experience,no_enrollment,Graduate,STEM,>20,5000-9999,Pvt Ltd,2,290,0
city_149,0.911,,No relevent experience,Part time course,Graduate,STEM,7,100-500,,2,23,1
city_104,0.918,Male,Has relevent experience,no_enrollment,Graduate,STEM,10,10000+,Pvt Ltd,1,34,0
city_21,0.608,Male,No relevent experience,no_enrollment,Primary School,,19,,,1,4,1
city_103,0.761,,Has relevent experience,no_enrollment,Graduate,STEM,>20,10/49,Funded Startup,1,106,<NA>
city_103,0.598,Female,Has relevent experience,Part time course,Masters,STEM,>20,10000+,Pvt Ltd,>4,10,0
city_21,0.922,Male,Has relevent experience,Part time course,Graduate,Humanities,>20,10000+,Pvt Ltd,1,28,1
city_83,0.937,,Has relevent experience,no_enrollment,Graduate,STEM,10,50-99,Pvt Ltd,1,60,1
city_103,0.618,Male,Has relevent experience,no_enrollment,Masters,STEM,>20,50-99,,1,88,1
city_74,0.838,Male,No relevent experience,Full time course,High School,,>20,,,never,23,0
city_160,0.904,Male,Has relevent experience,no_enrollment,Graduate,STEM,>20,100-500,Funded Startup,>4,8,0
city_160,0.921,Female,Has relevent experience,no_enrollment,High School,STEM,12,50-99,Pvt Ltd,2,19,1
city_13,0.913,,Has relevent experience,no_enrollment,Masters,Humanities,>20,10000+,Pvt Ltd,1,74,1
city_21,0.914,,Has relevent experience,Full time course,Phd,STEM,>20,,,1,11,1
city_160,0.693,Male,Has relevent experience,no_enrollment,Masters,STEM,13,10000+,Pvt Ltd,4,46,0
city_103,0.9,,No relevent experience,no_enrollment,High School,STEM,6,,,1,84,0
city_103,0.703,Female,Has relevent experience,no_enrollment,Graduate,STEM,5,100-500,Pvt Ltd,2,14,1
city_103,0.871,,Has relevent experience,no_enrollment,Graduate,STEM,>20,50-99,Pvt Ltd,1,36,1
city_103,0.92,Male,Has relevent experience,no_enrollment,Graduate,STEM,8,500-999,Pvt Ltd,2,25,0
city_21,0.917,,Has relevent experience,Full time course,Graduate,STEM,>20,10000+,Public Sector,1,288,<NA>
city_103,0.917,Male,Has relevent experience,no_enrollment,Graduate,STEM,10,10000+,Pvt Ltd,1,28,1
city_114,0.906,Male,No relevent experience,,Graduate,Business Degree,>20,,,1,88,0
city_103,0.486,Male,No relevent experience,Full time course,High School,STEM,<1,,,never,12,1
city_103,0.773,Male,No relevent experience,,High School,,3,,,never,11,1
city_103,0.911,,Has relevent experience,Full time course,Graduate,STEM,>20,,Pvt Ltd,never,50,<NA>
city_64,0.612,,No relevent experience,Full time course,Graduate,STEM,>20,,Early Stage Startup,>4,4,1
city_89,0.928,,No relevent experience,Full time course,,Business Degree,1,100-500,,,297,0
city_116,0.753,,No relevent experience,Full time course,Graduate,STEM,2,10000+,,1,301,1
city_27,0.909,,No relevent experience,no_enrollment,Masters,No Major,1,<10,Pvt Ltd,2,103,0
city_114,0.917,Male,No relevent experience,Full time course,Graduate,STEM,4,,,,97,0
city_149,0.784,,No relevent experience,Full time course,Masters,STEM,4,,,2,52,0
city_150,0.92,,No relevent experience,no_enrollment,Masters,STEM,4,,Other,1,20,<NA>
city_103,0.6,,Has relevent experience,no_enrollment,Graduate,STEM,>20,100-500,Pvt Ltd,>4,1,1
city_73,0.797,Male,No relevent experience,no_enrollment,,,<1,,Pvt Ltd,never,129,0
city_114,0.701,,Has relevent experience,Full time course,Graduate,Business Degree,11,10/49,Pvt Ltd,1,14,0
city_11,0.604,,No relevent experience,,High School,,4,,,never,11,0
city_103,0.775,,No relevent experience,Full time course,High School,STEM,2,,,never,61,1
city_103,0.782,,Has relevent experience,Part time course,Graduate,STEM,>20,10000+,Pvt Ltd,1,21,1
city_73,0.913,Male,No relevent experience,Part time course,Graduate,STEM,16,10000+,Funded Startup,1,123,1
city_16,0.922,Male,Has relevent experience,no_enrollment,Masters,STEM,17,10000+,Pvt Ltd,>4,125,0
city_67,0.916,Male,No relevent experience,Full time course,Graduate,,2,,,never,96,0
city_103,0.91,Female,Has relevent experience,Part time course,Graduate,STEM,6,10/49,Pvt Ltd,1,15,<NA>
city_36,0.909,Male,No relevent experience,,High School,,>20,,,never,45,1
city_159,0.735,Male,No relevent experience,Part time course,Primary School,,2,100-500,NGO,>4,7,<NA>
city_160,0.91,Female,Has relevent experience,no_enrollment,Graduate,STEM,9,10/49,Pvt Ltd,3,3,0
city_114,0.759,Male,Has relevent experience,Part time course,Graduate,STEM,>20,1000-4999,Pvt Ltd,1,28,1
city_71,0.661,,Has relevent experience,Part time course,Graduate,STEM,8,,Public Sector,1,1,0
city_100,0.739,Male,No relevent experience,,,STEM,2,,,never,90,0
city_104,0.884,Male,No relevent experience,Full time course,Graduate,No Major,17,,Pvt Ltd,2,13,1
city_103,0.919,,Has relevent experience,no_enrollment,Graduate,STEM,11,10/49,Funded Startup,1,65,<NA>
city_40,0.683,Male,No relevent experience,Full time course,Masters,Humanities,10,50-99,,1,15,0
city_103,0.925,,Has relevent experience,no_enrollment,Graduate,Business Degree,>20,50-99,Pvt Ltd,2,13,0
city_11,0.92,Male,No relevent experience,no_enrollment,Masters,,11,,,2,5,1
city_83,0.611,Male,Has relevent experience,Full time course,Graduate,Business Degree,>20,,NGO,never,93,0
city_134,0.723,Male,No relevent experience,Full time course,Masters,STEM,2,,Funded Startup,never,95,1
city_176,0.915,,Has relevent experience,no_enrollment,Graduate,STEM,>20,500-999,Pvt Ltd,1,29,1
city_90,0.921,Male,No relevent experience,Part time course,Graduate,Arts,6,,,1,22,0
city_114,0.925,Male,No relevent experience,no_enrollment,Graduate,STEM,7,500-999,Funded Startup,2,28,0
city_61,0.912,,No relevent experience,no_enrollment,Masters,STEM,17,<10,,2,45,0
city_103,0.61,Male,Has relevent experience,no_enrollment,Masters,STEM,>20,100-500,Pvt Ltd,>4,50,1
city_114,0.913,Male,Has relevent experience,no_enrollment,Phd,STEM,11,100-500,Pvt Ltd,2,30,1
city_104,0.914,,Has relevent experience,,Graduate,STEM,2,100-500,Pvt Ltd,1,27,0
city_103,0.826,Male,No relevent experience,Full time course,High School,,2,,,never,58,0
city_103,0.91,,Has relevent experience,no_enrollment,Masters,STEM,>20,100-500,Early Stage Startup,2,123,1
city_105,0.685,,Has relevent experience,no_enrollment,Graduate,STEM,>20,5000-9999,Pvt Ltd,3,57,0
city_67,0.903,Other,No relevent experience,no_enrollment,Masters,STEM,3,,,,22,0
city_105,0.91,,Has relevent experience,no_enrollment,Graduate,STEM,4,100-500,Pvt Ltd,>4,12,1
city_50,0.921,,Has relevent experience,no_enrollment,Graduate,Business Degree,>20,100-500,Pvt Ltd,2,3,0
city_73,0.918,,Has relevent experience,no_enrollment,Graduate,STEM,15,50-99,Pvt Ltd,1,93,1
city_103,0.785,Male,Has relevent experience,no_enrollment,Graduate,STEM,>20,50-99,Funded Startup,2,94,1
city_149,0.88,,No relevent experience,no_enrollment,High School,,4,,,never,27,0
city_103,0.765,Female,No relevent experience,,High School,,>20,,,never,10,0
city_16,0.749,Male,No relevent experience,no_enrollment,Primary School,STEM,4,,,1,17,1
city_100,0.915,,No relevent experience,,High School,,2,,,never,17,0
city_114,0.691,,Has relevent experience,no_enrollment,Graduate,STEM,2,100-500,Pvt Ltd,1,83,1
city_103,0.919,,No relevent experience,Part time course,Masters,STEM,9,,,1,187,0
city_11,0.86,,Has relevent experience,no_enrollment,Graduate,STEM,4,,,1,75,1
city_91,0.919,Male,No relevent experience,no_enrollment,High School,,>20,,,never,205,0
city_21,0.913,,Has relevent experience,no_enrollment,Graduate,STEM,15,50-99,Pvt Ltd,>4,3,0
city_103,0.911,Male,Has relevent experience,Part time course,Graduate,STEM,6,<10,Pvt Ltd,1,51,1
city_103,0.917,Female,Has relevent experience,no_enrollment,Graduate,STEM,>20,50-99,Pvt Ltd,1,143,<NA>
city_157,0.687,Male,Has relevent experience,,Masters,STEM,8,,,1,32,1
city_103,0.916,,Has relevent experience,no_enrollment,Graduate,STEM,4,100-500,Pvt Ltd,1,24,0
city_138,0.768,Male,Has relevent experience,no_enrollment,Graduate,STEM,7,,,1,25,1
city_103,0.757,Male,Has relevent experience,Full time course,Masters,STEM,>20,100-500,Pvt Ltd,>4,171,1
city_103,0.92,Male,No relevent experience,no_enrollment,High School,,4,,,3,17,0
city_157,0.912,,Has relevent experience,no_enrollment,Graduate,STEM,>20,5000-9999,NGO,2,1,1
city_103,0.705,Male,No relevent experience,Full time course,Phd,,5,,,1,33,1
city_103,0.915,Male,Has relevent experience,no_enrollment,Masters,STEM,12,<10,Pvt Ltd,2,58,<NA>
city_90,0.901,,No relevent experience,Full time course,High School,,2,,,never,75,0
city_50,0.922,,Has relevent experience,no_enrollment,Masters,STEM,16,10000+,Pvt Ltd,1,12,0
city_114,0.834,,Has relevent experience,no_enrollment,Masters,Humanities,>20,100-500,Pvt Ltd,3,50,1
city_114,0.913,,No relevent experience,,High School,,2,,,never,2,0
city_103,0.877,,Has relevent experience,no_enrollment,Masters,STEM,>20,100-500,Pvt Ltd,3,63,0
city_116,0.921,,No relevent experience,Full time course,Graduate,STEM,3,,Pvt Ltd,1,10,1
city_114,0.722,Male,No relevent experience,Full time course,High School,,3,,,never,36,0
city_103,0.916,Male,Has relevent experience,no_enrollment,Graduate,STEM,18,50-99,Pvt Ltd,1,68,0
city_12,0.864,Male,Has relevent experience,Full time course,Masters,STEM,1,50-99,,1,27,<NA>
city_103,0.734,,Has relevent experience,Full time course,Graduate,STEM,6,,Pvt Ltd,1,3,1
city_103,0.923,,Has relevent experience,no_enrollment,Graduate,STEM,7,100-500,Pvt Ltd,2,82,1
city_160,0.629,Male,Has relevent experience,no_enrollment,Masters,STEM,15,100-500,Pvt Ltd,>4,37,0
city_103,0.911,Male,Has relevent experience,no_enrollment,Graduate,STEM,11,10000+,Pvt Ltd,>4,111,<NA>
city_103,0.808,Male,Has relevent experience,no_enrollment,Graduate,STEM,4,100-500,Pvt Ltd,2,10,1
city_61,0.935,,Has relevent experience,no_enrollment,Graduate,Arts,>20,1000-4999,,1,283,0
city_44,0.893,Other,Has relevent experience,no_enrollment,Graduate,,<1,,,1,110,1
city_144,0.908,Male,Has relevent experience,no_enrollment,Graduate,STEM,>20,10000+,Pvt Ltd,3,62,0
city_104,0.917,,No relevent experience,no_enrollment,High School,,2,,,1,74,0
city_16,0.835,Male,Has relevent experience,no_enrollment,Graduate,,15,10/49,Pvt Ltd,1,16,<NA>
city_114,0.667,,No relevent experience,Full time course,,STEM,2,,,1,11,1
city_114,0.642,,Has relevent experience,no_enrollment,Graduate,Humanities,>20,5000-9999,Pvt Ltd,>4,39,0
city_103,0.912,Male,Has relevent experience,Full time course,Graduate,STEM,>20,50-99,Pvt Ltd,1,136,0
city_136,0.91,,Has relevent experience,no_enrollment,Graduate,STEM,>20,50-99,Pvt Ltd,2,40,1
city_103,0.508,,No relevent experience,no_enrollment,High School,STEM,2,,,1,138,0
city_11,0.858,Male,No relevent experience,Full time course,High School,STEM,1,,,never,1,1
city_103,0.913,Female,Has relevent experience,no_enrollment,Masters,STEM,19,10/49,Pvt Ltd,1,86,1
city_103,0.899,Male,Has relevent experience,no_enrollment,Phd,STEM,11,<10,Pvt Ltd,2,20,<NA>
city_127,0.912,Male,No relevent experience,Full time course,High School,,3,,,1,28,0
city_78,0.923,Male,No relevent experience,no_enrollment,Phd,STEM,>20,,,2,54,1
city_106,0.734,,No relevent experience,,Graduate,STEM,11,50-99,,1,1,0
city_114,0.912,,Has relevent experience,no_enrollment,Graduate,STEM,>20,1000-4999,Pvt Ltd,4,20,0
city_67,0.467,,No relevent experience,Full time course,,,4,,,never,12,0
city_45,0.677,,Has relevent experience,Full time course,Graduate,,9,500-999,Funded Startup,1,40,1
city_159,0.873,Male,Has relevent experience,no_enrollment,Graduate,STEM,6,10/49,Pvt Ltd,1,27,<NA>
city_136,0.917,Male,Has relevent experience,no_enrollment,Graduate,STEM,9,50-99,Pvt Ltd,2,5,0
city_103,0.939,Female,Has relevent experience,Full time course,Graduate,STEM,2,50-99,Pvt Ltd,1,31,1
city_67,0.545,,No relevent experience,no_enrollment,Masters,,4,,,,31,0
city_103,0.889,,Has relevent experience,no_enrollment,Masters,STEM,7,100-500,Pvt Ltd,2,30,1
city_152,0.503,,No relevent experience,Full time course,Graduate,STEM,15,,,2,71,<NA>
city_36,0.868,,Has relevent experience,no_enrollment,Masters,STEM,10,5000-9999,,>4,97,1
city_114,0.918,Male,No relevent experience,Full time course,High School,,1,,,never,59,0
city_114,0.912,Male,No relevent experience,no_enrollment,Graduate,STEM,11,10000+,Pvt Ltd,2,16,1
city_21,0.533,Male,No relevent experience,no_enrollment,Graduate,STEM,3,,,1,90,1
city_90,0.648,Male,No relevent experience,no_enrollment,High School,STEM,2,,NGO,1,7,0
city_43,0.593,Male,Has relevent experience,no_enrollment,Masters,STEM,18,50-99,Pvt Ltd,2,88,1
city_103,0.904,Male,Has relevent experience,no_enrollment,Graduate,Humanities,>20,50-99,Public Sector,1,43,0
city_103,0.91,Male,Has relevent experience,no_enrollment,Graduate,STEM,>20,100-500,Pvt Ltd,1,26,0
city_114,0.912,,No relevent experience,Full time course,High School,,3,,,never,122,0
city_134,0.902,Female,Has relevent experience,no_enrollment,Masters,STEM,13,100-500,Pvt Ltd,4,26,1
city_36,0.915,Male,Has relevent experience,no_enrollment,Masters,STEM,>20,<10,Pvt Ltd,2,144,0
city_116,0.908,Female,Has relevent experience,Part time course,Graduate,STEM,8,100-500,Pvt Ltd,1,60,1
city_65,0.921,,Has relevent experience,no_enrollment,Masters,STEM,16,<10,Pvt Ltd,2,156,0
city_75,0.61,,No relevent experience,Full time course,Graduate,STEM,2,,,2,6,1
city_160,0.748,,Has relevent experience,Full time course,Primary School,STEM,10,,,1,21,1
city_46,0.727,,No relevent experience,no_enrollment,,,2,,,2,8,0
city_103,0.902,,Has relevent experience,no_enrollment,Graduate,STEM,>20,10000+,Pvt Ltd,2,16,<NA>
city_160,0.866,Male,Has relevent experience,no_enrollment,Masters,STEM,4,50-99,Pvt Ltd,>4,19,0
city_103,0.911,,Has relevent experience,Part time course,Graduate,STEM,5,<10,Public Sector,1,85,0
city_103,0.927,,Has relevent experience,Full time course,Masters,STEM,15,50-99,Pvt Ltd,1,61,0
city_114,0.684,Male,Has relevent experience,no_enrollment,Masters,STEM,>20,100-500,Pvt Ltd,3,23,0
city_136,0.906,,Has relevent experience,no_enrollment,Phd,STEM,13,10/49,Pvt Ltd,1,8,1
city_114,0.825,Male,No relevent experience,,Graduate,STEM,3,,,2,29,1
city_149,0.928,,Has relevent experience,no_enrollment,Graduate,STEM,11,50-99,Pvt Ltd,4,32,1
city_118,0.925,,Has relevent experience,no_enrollment,Masters,STEM,>20,100-500,,2,99,1
city_150,0.786,Male,Has relevent experience,Full time course,Primary School,,4,,,1,175,0
city_105,0.602,Male,Has relevent experience,Full time course,Graduate,,20,5000-9999,,1,13,0
city_104,0.727,Other,No relevent experience,no_enrollment,,Arts,4,,,never,12,0
city_103,0.516,Male,No relevent experience,,High School,STEM,6,,,1,86,0
city_160,0.92,Male,Has relevent experience,no_enrollment,Graduate,STEM,19,100-500,Pvt Ltd,1,66,0
city_103,0.834,,Has relevent experience,no_enrollment,Masters,STEM,8,10/49,Pvt Ltd,1,44,1
city_103,0.912,Male,Has relevent experience,no_enrollment,Masters,STEM,4,,Public Sector,>4,80,0
city_21,0.656,Female,Has relevent experience,no_enrollment,High School,STEM,6,<10,Pvt Ltd,1,41,1
city_103,0.911,Male,Has relevent experience,no_enrollment,Graduate,STEM,>20,10000+,Funded Startup,>4,13,0
city_103,0.633,,Has relevent experience,no_enrollment,Masters,STEM,19,100-500,Pvt Ltd,1,40,0
city_73,0.669,Female,Has relevent experience,no_enrollment,Graduate,STEM,12,100-500,Pvt Ltd,1,100,0
city_21,0.724,,Has relevent experience,no_enrollment,Graduate,STEM,6,100-500,,1,7,0
city_160,0.611,Male,Has relevent experience,no_enrollment,Graduate,,14,10000+,Funded Startup,2,31,1
city_16,0.899,Male,Has relevent experience,no_enrollment,Graduate,STEM,10,<10,Pvt Ltd,1,76,0
city_114,0.922,Male,Has relevent experience,Full time course,Phd,STEM,>20,1000-4999,Pvt Ltd,1,21,1
city_16,0.91,Male,Has relevent experience,no_enrollment,Masters,STEM,11,50-99,Funded Startup,1,105,1
city_16,0.901,Male,Has relevent experience,no_enrollment,Graduate,STEM,5,100-500,Pvt Ltd,3,73,0
city_103,0.918,,Has relevent experience,no_enrollment,Graduate,STEM,>20,10000+,Pvt Ltd,>4,79,1
city_99,0.917,,No relevent experience,,Phd,STEM,6,,Pvt Ltd,never,81,1
city_16,0.93,Male,Has relevent experience,no_enrollment,Graduate,STEM,>20,<10,Funded Startup,1,55,0
city_102,0.904,Male,Has relevent experience,no_enrollment,Graduate,STEM,6,10/49,,2,17,0
city_19,0.797,,No relevent experience,Full time course,Graduate,STEM,5,50-99,NGO,1,11,<NA>
city_114,0.845,Male,Has relevent experience,Part time course,Graduate,STEM,7,<10,Funded Startup,1,6,1
city_103,0.615,Male,Has relevent experience,no_enrollment,Graduate,STEM,>20,<10,Pvt Ltd,1,27,0
city_103,0.908,Male,Has relevent experience,no_enrollment,Masters,STEM,6,100-500,Pvt Ltd,>4,109,0
city_114,0.915,Male,No relevent experience,no_enrollment,Graduate,Humanities,18,50-99,Pvt Ltd,1,95,0
city_103,0.925,,Has relevent experience,no_enrollment,Graduate,STEM,3,50-99,Public Sector,1,163,0
city_103,0.829,,No relevent experience,no_enrollment,High School,STEM,4,,NGO,1,205,0
city_71,0.901,Male,Has relevent experience,no_enrollment,Graduate,STEM,>20,10/49,Pvt Ltd,1,91,1
city_73,0.745,,No relevent experience,Part time course,Graduate,STEM,>20,<10,Public Sector,1,28,1
city_97,0.88,Male,No relevent experience,Full time course,High School,,2,,,1,95,1
city_103,0.929,,Has relevent experience,no_enrollment,Masters,STEM,7,50-99,Pvt Ltd,1,108,0
city_114,0.914,Female,No relevent experience,Part time course,Graduate,STEM,,,Pvt Ltd,1,122,<NA>
city_114,0.901,,Has relevent experience,no_enrollment,Graduate,Business Degree,5,10/49,,1,254,1
city_41,0.925,Male,No relevent experience,Full time course,Graduate,,>20,,,never,72,1
city_83,0.925,,Has relevent experience,no_enrollment,Graduate,STEM,11,,Other,1,57,1
city_103,0.909,,No relevent experience,no_enrollment,Graduate,,11,10000+,Pvt Ltd,4,1,0
city_23,0.925,,Has relevent experience,no_enrollment,High School,STEM,5,100-500,,2,1,1
city_103,0.713,Male,Has relevent experience,Full time course,Masters,STEM,>20,1000-4999,Pvt Ltd,1,18,<NA>
city_114,0.881,,Has relevent experience,Part time course,Graduate,STEM,>20,10000+,Pvt Ltd,1,2,1
city_159,0.668,Male,Has relevent experience,no_enrollment,High School,STEM,3,,NGO,1,1,0
city_103,0.925,,No relevent experience,,High School,,<1,,,never,23,0
city_21,0.928,Male,Has relevent experience,no_enrollment,Masters,Other,19,50-99,Funded Startup,1,149,0
city_105,0.918,,Has relevent experience,Full time course,Graduate,STEM,5,<10,Early Stage Startup,2,15,0
city_50,0.91,,Has relevent experience,Part time course,Masters,Humanities,4,1000-4999,Pvt Ltd,1,56,0
city_103,0.906,Male,Has relevent experience,no_enrollment,Masters,STEM,14,100-500,Pvt Ltd,>4,25,0
city_21,0.922,,Has relevent experience,no_enrollment,Masters,STEM,19,50-99,Pvt Ltd,2,32,1
city_16,0.929,,Has relevent experience,no_enrollment,Graduate,STEM,8,50-99,Pvt Ltd,1,177,1
city_73,0.609,,Has relevent experience,no_enrollment,Graduate,STEM,>20,<10,Pvt Ltd,>4,1,1
city_53,0.904,,Has relevent experience,Full time course,High School,STEM,18,10000+,,1,303,<NA>
city_103,0.911,Male,Has relevent experience,no_enrollment,Masters,STEM,>20,100-500,Pvt Ltd,1,117,0
city_21,0.671,,No relevent experience,Full time course,High School,,6,,,1,3,1
city_83,0.914,,Has relevent experience,no_enrollment,Graduate,STEM,13,10000+,Pvt Ltd,>4,52,0
city_123,0.913,,Has relevent experience,no_enrollment,Masters,STEM,5,100-500,Pvt Ltd,3,15,0
city_21,0.927,,Has relevent experience,no_enrollment,Masters,Business Degree,6,10/49,Pvt Ltd,4,160,0
city_73,0.927,,Has relevent experience,Full time course,Graduate,STEM,>20,100-500,Funded Startup,2,103,1
city_21,0.813,,Has relevent experience,no_enrollment,Graduate,STEM,4,1000-4999,Pvt Ltd,2,9,<NA>
city_114,0.916,,No relevent experience,Full time course,High School,No Major,2,,,1,28,0
city_53,0.911,,Has relevent experience,no_enrollment,Graduate,STEM,19,10000+,Pvt Ltd,1,10,1
city_103,0.914,,Has relevent experience,no_enrollment,Masters,STEM,>20,50-99,Pvt Ltd,>4,13,0
city_114,0.932,Male,Has relevent experience,Full time course,Masters,,1,10000+,Pvt Ltd,1,64,0
city_150,0.932,Male,Has relevent experience,no_enrollment,Graduate,STEM,5,,Pvt Ltd,1,4,1
city_114,0.62,Male,Has relevent experience,no_enrollment,Graduate,STEM,>20,5000-9999,Pvt Ltd,2,248,0
city_103,0.912,,Has relevent experience,no_enrollment,Graduate,Humanities,9,50-99,Pvt Ltd,>4,47,1
city_103,0.918,Male,No relevent experience,,Graduate,STEM,8,50-99,,1,14,0
city_78,0.782,Male,Has relevent experience,no_enrollment,Graduate,STEM,6,50-99,Funded Startup,1,190,1
city_103,0.915,Male,Has relevent experience,Part time course,Graduate,STEM,13,<10,Pvt Ltd,1,18,1
city_11,0.863,Male,No relevent experience,no_enrollment,,,4,,,1,35,0
city_103,0.916,Male,Has relevent experience,no_enrollment,Masters,No Major,4,500-999,Funded Startup,2,47,0
city_103,0.672,,No relevent experience,Full time course,High School,STEM,2,,,never,105,0
city_75,0.923,Male,No relevent experience,no_enrollment,Graduate,STEM,11,50-99,Pvt Ltd,2,38,0
city_160,0.921,,Has relevent experience,no_enrollment,Graduate,Other,>20,500-999,Pvt Ltd,1,12,0
city_21,0.904,Male,No relevent experience,Full time course,,,3,,,never,96,1
city_71,0.919,,Has relevent experience,no_enrollment,Graduate,STEM,3,<10,NGO,1,11,1
city_103,0.882,Male,No relevent experience,Full time course,Graduate,,5,,,never,31,0
city_27,0.789,,No relevent experience,no_enrollment,Graduate,STEM,10,50-99,,2,4,0
city_103,0.799,,Has relevent experience,no_enrollment,Graduate,STEM,>20,<10,Funded Startup,2,4,1
city_103,0.912,Male,No relevent experience,Full time course,Graduate,STEM,4,,,never,128,1
city_114,0.63,Male,No relevent experience,Full time course,High School,,3,,,never,13,0
city_160,0.905,Male,Has relevent experience,no_enrollment,Masters,STEM,>20,10/49,Funded Startup,3,22,<NA>
city_2,0.706,,No relevent experience,Part time course,Masters,STEM,2,,Pvt Ltd,1,95,<NA>
city_144,0.903,,Has relevent experience,no_enrollment,Graduate,STEM,19,100-500,Pvt Ltd,1,6,1
city_90,0.628,Male,No relevent experience,Full time course,,,3,,,never,37,1
city_75,0.912,,Has relevent experience,no_enrollment,Graduate,STEM,6,50-99,Pvt Ltd,1,19,1
city_70,0.867,,No relevent experience,no_enrollment,High School,STEM,>20,,,2,47,1
city_114,0.775,Male,Has relevent experience,no_enrollment,Graduate,STEM,17,10/49,Pvt Ltd,2,76,1
city_114,0.92,,Has relevent experience,no_enrollment,Masters,STEM,5,50-99,Pvt Ltd,4,67,0
city_103,0.914,Male,Has relevent experience,no_enrollment,Graduate,STEM,>20,50-99,Pvt Ltd,2,104,1
city_21,0.886,,Has relevent experience,no_enrollment,Masters,STEM,10,50-99,Pvt Ltd,2,88,<NA>
city_61,0.698,Male,Has relevent experience,Full time course,Graduate,STEM,3,5000-9999,Pvt Ltd,1,12,<NA>
city_136,0.72,,Has relevent experience,no_enrollment,Masters,STEM,10,100-500,Pvt Ltd,>4,320,0
city_103,0.908,,Has relevent experience,no_enrollment,Masters,STEM,11,100-500,Pvt Ltd,2,71,1
city_179,0.924,,Has relevent experience,no_enrollment,Masters,STEM,6,10/49,,1,11,1
city_75,0.907,Male,No relevent experience,no_enrollment,Primary School,,1,,,>4,59,0
city_117,0.842,Male,No relevent experience,no_enrollment,High School,,6,,,never,103,0
city_103,0.907,Male,No relevent experience,Full time course,High School,,4,,,never,38,0
city_97,0.909,Other,No relevent experience,Full time course,Masters,STEM,2,,,1,7,0
city_89,0.9,Female,No relevent experience,Full time course,,STEM,4,,Funded Startup,never,72,0
city_133,0.63,Male,No relevent experience,Full time course,Graduate,No Major,>20,,Pvt Ltd,never,29,0
city_19,0.611,,Has relevent experience,Full time course,Graduate,STEM,10,100-500,NGO,1,89,1
city_45,0.88,Male,No relevent experience,no_enrollment,Masters,,2,,,1,76,0
city_103,0.843,Male,No relevent experience,Full time course,Masters,No Major,10,<10,Pvt Ltd,2,336,0
city_93,0.917,Male,Has relevent experience,no_enrollment,Graduate,Humanities,6,100-500,Pvt Ltd,1,94,0
city_123,0.923,Male,Has relevent experience,no_enrollment,Masters,STEM,9,100-500,Pvt Ltd,>4,79,0
city_103,0.911,Male,Has relevent experience,no_enrollment,Graduate,Humanities,16,100-500,Pvt Ltd,1,36,0
city_103,0.888,,Has relevent experience,no_enrollment,Graduate,STEM,8,1000-4999,Pvt Ltd,1,34,1
city_75,0.854,Male,Has relevent experience,no_enrollment,Masters,STEM,4,<10,Early Stage Startup,1,20,0
city_114,0.804,Male,No relevent experience,no_enrollment,High School,,2,,,never,8,1
city_103,0.866,Male,Has relevent experience,no_enrollment,Graduate,STEM,>20,100-500,Pvt Ltd,1,20,1
city_74,0.892,,No relevent experience,no_enrollment,Phd,Humanities,6,,Pvt Ltd,2,72,1
city_28,0.915,Male,No relevent experience,Full time course,Graduate,STEM,>20,,,2,18,1
city_114,0.606,,Has relevent experience,no_enrollment,Masters,STEM,11,100-500,,1,14,1
city_91,0.599,Male,Has relevent experience,no_enrollment,Graduate,STEM,10,50-99,NGO,1,5,1
city_23,0.785,Male,Has relevent experience,no_enrollment,Graduate,STEM,10,500-999,Pvt Ltd,>4,137,0
city_21,0.904,Female,Has relevent experience,no_enrollment,Graduate,STEM,4,100-500,Pvt Ltd,2,1,1
city_26,0.904,Male,No relevent experience,no_enrollment,Masters,STEM,>20,100-500,Pvt Ltd,>4,12,1
city_11,0.91,,Has relevent experience,Full time course,Graduate,,2,,,never,37,0
city_103,0.922,Male,Has relevent experience,no_enrollment,Graduate,STEM,6,50-99,Pvt Ltd,>4,27,0
city_160,0.906,,Has relevent experience,no_enrollment,Graduate,STEM,15,<10,Early Stage Startup,1,215,0
city_160,0.907,,Has relevent experience,Full time course,Graduate,STEM,20,100-500,Funded Startup,1,47,0
city_101,0.628,Male,Has relevent experience,Part time course,Graduate,STEM,>20,50-99,Pvt Ltd,2,62,1
city_48,0.614,Male,Has relevent experience,no_enrollment,Graduate,STEM,7,100-500,Pvt Ltd,>4,123,1
city_103,0.924,Other,Has relevent experience,no_enrollment,Masters,STEM,11,100-500,Pvt Ltd,1,111,0
city_114,0.913,Male,Has relevent experience,no_enrollment,Masters,STEM,>20,50-99,Funded Startup,>4,35,1
city_103,0.926,,No relevent experience,,,,7,,,never,10,0
city_16,0.78,Female,Has relevent experience,,Primary School,STEM,16,,Pvt Ltd,2,3,<NA>
city_103,0.715,Other,No relevent experience,Full time course,High School,,4,,,never,52,0
city_21,0.911,Male,No relevent experience,no_enrollment,Phd,,>20,50-99,,never,12,0
city_103,0.924,Male,Has relevent experience,no_enrollment,Masters,STEM,>20,50-99,Pvt Ltd,1,20,1
city_16,0.832,,Has relevent experience,no_enrollment,Graduate,STEM,5,100-500,Pvt Ltd,1,1,1
city_75,0.914,,No relevent experience,Full time course,Masters,STEM,>20,50-99,NGO,2,178,1
city_50,0.917,,Has relevent experience,no_enrollment,Graduate,Business Degree,9,5000-9999,Pvt Ltd,1,28,1
city_160,0.924,,Has relevent experience,no_enrollment,Graduate,STEM,>20,<10,Pvt Ltd,2,37,0
city_103,0.922,,Has relevent experience,no_enrollment,Graduate,STEM,>20,10000+,Pvt Ltd,>4,84,1
city_19,0.857,,Has relevent experience,Full time course,Graduate,STEM,16,50-99,Funded Startup,1,2,1
city_11,0.907,Male,No relevent experience,no_enrollment,High School,,4,,,,69,1
city_21,0.777,,No relevent experience,no_enrollment,,,1,,,1,81,0
city_69,0.917,Male,Has relevent experience,no_enrollment,Masters,Humanities,9,1000-4999,Pvt Ltd,1,1,0
city_21,0.697,Female,Has relevent experience,no_enrollment,Masters,STEM,6,10/49,Pvt Ltd,>4,39,1
city_16,0.914,Male,No relevent experience,Full time course,Graduate,STEM,3,,,4,25,0
city_114,0.65,,No relevent experience,Full time course,Graduate,,<1,,,1,7,1
city_103,0.925,Male,No relevent experience,no_enrollment,Masters,Humanities,16,10000+,Pvt Ltd,>4,51,0
city_23,0.916,Male,Has relevent experience,Part time course,Graduate,STEM,4,10000+,,>4,32,0
city_103,0.884,,Has relevent experience,Part time course,Graduate,STEM,5,100-500,Pvt Ltd,1,87,1
city_114,0.498,,Has relevent experience,no_enrollment,Masters,Other,12,10000+,Pvt Ltd,>4,24,<NA>
city_150,0.786,Male,No relevent experience,Full time course,High School,,2,,,never,158,0
city_103,0.914,Male,Has relevent experience,no_enrollment,Masters,STEM,12,1000-4999,Pvt Ltd,1,8,0
city_90,0.88,,No relevent experience,,Graduate,STEM,3,,NGO,never,18,0
city_73,0.928,,Has relevent experience,no_enrollment,Graduate,STEM,4,100-500,,2,9,<NA>
city_28,0.867,,Has relevent experience,no_enrollment,Graduate,STEM,8,,Funded Startup,1,66,1
city_99,0.916,Male,Has relevent experience,no_enrollment,Masters,Other,15,50-99,Pvt Ltd,1,43,0
city_175,0.692,Male,No relevent experience,Full time course,High School,,2,,,never,15,0
city_114,0.91,Male,Has relevent experience,no_enrollment,High School,Business Degree,5,,,1,71,0
city_70,0.535,,Has relevent experience,no_enrollment,Graduate,STEM,12,10000+,Pvt Ltd,1,7,1
city_134,0.903,,No relevent experience,no_enrollment,Phd,STEM,2,100-500,,1,8,0
city_50,0.856,,Has relevent experience,Full time course,Graduate,STEM,12,1000-4999,Pvt Ltd,3,205,0
city_67,0.765,Male,Has relevent experience,no_enrollment,Graduate,STEM,11,50-99,Pvt Ltd,2,6,1
city_173,0.904,,Has relevent experience,no_enrollment,Masters,STEM,7,100-500,Pvt Ltd,2,19,1
city_103,0.627,Male,No relevent experience,no_enrollment,Phd,No Major,2,,Pvt Ltd,1,38,0
city_103,0.909,Male,Has relevent experience,no_enrollment,Primary School,Business Degree,14,50-99,Pvt Ltd,4,183,0
city_114,0.889,Male,No relevent experience,Full time course,High School,,2,,,never,64,0
city_50,0.604,Male,Has relevent experience,Part time course,Masters,STEM,10,100-500,Early Stage Startup,1,10,0
city_75,0.604,,Has relevent experience,no_enrollment,Graduate,STEM,4,50-99,Pvt Ltd,1,35,1
city_1,0.61,,Has relevent experience,Part time course,Masters,STEM,6,100-500,Pvt Ltd,1,86,1
city_36,0.909,Male,Has relevent experience,Full time course,Masters,STEM,4,,,1,24,0
city_16,0.907,,Has relevent experience,no_enrollment,Graduate,Other,10,,NGO,1,9,<NA>
city_167,0.915,,Has relevent experience,no_enrollment,Graduate,STEM,>20,50-99,Pvt Ltd,>4,123,0
city_10,0.769,Male,Has relevent experience,no_enrollment,Graduate,STEM,18,100-500,Public Sector,1,82,0
city_114,0.925,Male,No relevent experience,no_enrollment,,STEM,13,,,never,21,0
city_175,0.648,Male,Has relevent experience,no_enrollment,Graduate,STEM,16,,Pvt Ltd,1,1,1
city_21,0.912,Male,Has relevent experience,no_enrollment,Graduate,STEM,6,100-500,Funded Startup,2,22,1
city_103,0.914,Male,No relevent experience,,Graduate,,4,,,1,95,0
city_103,0.916,Male,No relevent experience,,High School,STEM,4,,,never,30,1
city_118,0.918,,Has relevent experience,no_enrollment,Masters,STEM,9,50-99,Pvt Ltd,1,14,0
city_21,0.765,Male,Has relevent experience,no_enrollment,Masters,Other,2,100-500,,1,5,0
city_114,0.747,,Has relevent experience,no_enrollment,Masters,Business Degree,6,50-99,Pvt Ltd,1,105,0
city_123,0.793,,Has relevent experience,no_enrollment,Graduate,STEM,>20,,,1,18,0
city_160,0.913,Male,Has relevent experience,no_enrollment,Masters,STEM,6,100-500,,>4,49,0
city_91,0.604,,No relevent experience,Full time course,Graduate,STEM,>20,,Pvt Ltd,1,72,1
city_103,0.628,,Has relevent experience,no_enrollment,Graduate,STEM,10,50-99,NGO,1,14,1
city_149,0.917,,No relevent experience,Full time course,High School,,2,,,never,247,0
city_103,0.918,,Has relevent experience,no_enrollment,Masters,STEM,2,10000+,Pvt Ltd,>4,70,0
city_103,0.751,Male,Has relevent experience,no_enrollment,Graduate,STEM,>20,50-99,Public Sector,>4,14,0
city_114,0.867,Male,Has relevent experience,no_enrollment,Masters,STEM,>20,50-99,Pvt Ltd,>4,1,0
city_160,0.608,,No relevent experience,no_enrollment,Masters,No Major,9,50-99,Pvt Ltd,>4,32,0
city_103,0.908,Male,Has relevent experience,no_enrollment,Graduate,Other,>20,100-500,Pvt Ltd,1,23,0
city_114,0.93,Male,Has relevent experience,no_enrollment,Graduate,,8,50-99,,>4,69,0
city_40,0.92,Male,Has relevent experience,no_enrollment,Masters,STEM,7,<10,Pvt Ltd,>4,71,<NA>
city_21,0.912,Male,No relevent experience,no_enrollment,Graduate,STEM,6,,Pvt Ltd,>4,28,1
city_103,0.922,Female,Has relevent experience,no_enrollment,Graduate,STEM,>20,1000-4999,Pvt Ltd,4,86,1
city_142,0.922,Male,Has relevent experience,no_enrollment,Masters,STEM,>20,50-99,Pvt Ltd,1,174,1
city_103,0.917,Male,Has relevent experience,no_enrollment,Masters,STEM,4,50-99,,>4,289,0
city_103,0.911,Male,Has relevent experience,no_enrollment,Graduate,STEM,8,10000+,Pvt Ltd,>4,3,0
city_21,0.526,,No relevent experience,Full time course,High School,STEM,6,,,1,15,1
city_73,0.774,,Has relevent experience,no_enrollment,Masters,STEM,15,100-500,Public Sector,>4,14,0
city_16,0.919,Male,Has relevent experience,no_enrollment,Masters,STEM,>20,<10,Pvt Ltd,>4,15,0
city_128,0.911,Male,Has relevent experience,no_enrollment,Graduate,STEM,20,10000+,Pvt Ltd,1,4,1
city_103,0.943,Male,Has relevent experience,no_enrollment,Masters,STEM,5,50-99,Pvt Ltd,>4,16,1
city_103,0.905,,Has relevent experience,no_enrollment,Graduate,STEM,>20,100-500,Pvt Ltd,>4,42,0
city_75,0.775,Female,Has relevent experience,no_enrollment,Phd,STEM,6,5000-9999,NGO,3,40,0
city_82,0.912,Male,No relevent experience,Part time course,High School,STEM,2,,,,89,0
city_41,0.86,,No relevent experience,,High School,,<1,,,1,68,0
city_103,0.627,,Has relevent experience,no_enrollment,Graduate,STEM,>20,10000+,Funded Startup,1,18,<NA>
city_104,0.625,,No relevent experience,Full time course,Graduate,STEM,<1,,Pvt Ltd,1,2,1
city_103,0.908,,No relevent experience,,High School,STEM,>20,,,never,24,0
city_57,0.915,Male,Has relevent experience,Full time course,Masters,STEM,11,100-500,Early Stage Startup,1,1,0
city_103,0.772,,Has relevent experience,Full time course,Graduate,STEM,2,500-999,Pvt Ltd,1,45,1
city_150,0.486,Other,Has relevent experience,no_enrollment,Primary School,,17,,Early Stage Startup,1,5,0
city_160,0.917,,Has relevent experience,no_enrollment,Graduate,STEM,12,<10,Pvt Ltd,,13,0
city_103,0.911,Male,Has relevent experience,no_enrollment,Masters,STEM,>20,50-99,Funded Startup,>4,11,1
city_99,0.929,,Has relevent experience,no_enrollment,Masters,STEM,>20,10000+,Pvt Ltd,2,7,1
city_127,0.909,,Has relevent experience,no_enrollment,Graduate,STEM,>20,100-500,Other,1,10,<NA>
city_160,0.912,Male,Has relevent experience,no_enrollment,Masters,STEM,>20,10000+,Pvt Ltd,3,12,0
city_103,0.917,Male,Has relevent experience,no_enrollment,Masters,STEM,9,50-99,Public Sector,1,20,1
city_103,0.91,Male,Has relevent experience,no_enrollment,Graduate,STEM,>20,50-99,Pvt Ltd,>4,16,0
city_102,0.918,Male,Has relevent experience,no_enrollment,Masters,Humanities,>20,100-500,Pvt Ltd,1,28,0
city_103,0.91,,Has relevent experience,Full time course,Graduate,STEM,>20,100-500,Early Stage Startup,>4,44,1
city_103,0.908,Male,Has relevent experience,no_enrollment,Graduate,STEM,>20,10/49,,4,178,1
city_11,0.915,,No relevent experience,Full time course,High School,STEM,4,,,1,11,1
city_50,0.845,,No relevent experience,Full time course,,,<1,,,1,96,1
city_103,0.917,,No relevent experience,Part time course,Phd,Humanities,4,,,2,16,0
city_114,0.641,,No relevent experience,no_enrollment,Graduate,,4,,,1,170,0
city_16,0.911,Male,Has relevent experience,no_enrollment,Graduate,STEM,16,500-999,Pvt Ltd,2,1,1
city_50,0.923,,Has relevent experience,Part time course,Masters,STEM,6,50-99,,2,45,<NA>
city_21,0.51,,Has relevent experience,no_enrollment,Graduate,STEM,>20,,Pvt Ltd,4,9,1
city_143,0.919,Male,Has relevent experience,Full time course,High School,STEM,2,,,1,9,0
city_114,0.593,Male,No relevent experience,,Graduate,,4,,,1,34,1
city_67,0.52,,Has relevent experience,Part time course,Masters,STEM,16,10000+,Pvt Ltd,2,12,1
city_21,0.65,,Has relevent experience,Full time course,Graduate,STEM,6,5000-9999,Pvt Ltd,1,11,1
city_21,0.924,Male,Has relevent experience,no_enrollment,Graduate,STEM,18,50-99,Pvt Ltd,1,38,<NA>
city_100,0.914,,Has relevent experience,no_enrollment,Primary School,STEM,5,1000-4999,,1,91,0
city_136,0.904,Male,Has relevent experience,no_enrollment,Graduate,Business Degree,17,100-500,Pvt Ltd,2,102,1
city_11,0.698,,No relevent experience,,,,<1,,,2,92,0
city_21,0.859,Female,Has relevent experience,Part time course,Graduate,STEM,>20,1000-4999,Pvt Ltd,>4,68,1
city_103,0.927,Male,Has relevent experience,no_enrollment,Graduate,STEM,8,5000-9999,Pvt Ltd,1,79,0
city_160,0.707,,Has relevent experience,no_enrollment,Graduate,STEM,>20,50-99,Pvt Ltd,1,18,1
city_16,0.923,Female,Has relevent experience,no_enrollment,,Humanities,3,10/49,Pvt Ltd,1,62,1
city_114,0.722,Male,No relevent experience,no_enrollment,High School,,2,,,1,48,0
city_114,0.918,,Has relevent experience,Part time course,Graduate,Other,7,50-99,Pvt Ltd,2,185,0
city_103,0.873,Female,Has relevent experience,no_enrollment,Masters,STEM,12,<10,Pvt Ltd,1,207,0
city_103,0.908,,Has relevent experience,no_enrollment,High School,STEM,10,,,2,1,0
city_50,0.685,,Has relevent experience,no_enrollment,Masters,STEM,18,100-500,Pvt Ltd,2,20,1
city_160,0.757,,No relevent experience,Full time course,Primary School,,4,,,never,74,0
city_103,0.755,,Has relevent experience,no_enrollment,Masters,STEM,>20,1000-4999,Pvt Ltd,4,154,<NA>
city_103,0.924,,Has relevent experience,no_enrollment,Graduate,STEM,7,<10,Pvt Ltd,1,23,1
city_103,0.893,Male,Has relevent experience,no_enrollment,Masters,STEM,9,50-99,Pvt Ltd,>4,78,0
city_21,0.855,,Has relevent experience,no_enrollment,Masters,STEM,6,100-500,Pvt Ltd,2,27,0
city_44,0.927,,No relevent experience,no_enrollment,Graduate,STEM,9,,Pvt Ltd,1,36,1
city_114,0.918,,Has relevent experience,no_enrollment,Graduate,STEM,7,10000+,Pvt Ltd,1,85,1
city_103,0.905,Male,Has relevent experience,no_enrollment,Graduate,STEM,10,<10,Pvt Ltd,>4,7,0
city_103,0.92,,Has relevent experience,Full time course,Primary School,STEM,>20,10000+,Pvt Ltd,4,108,1
city_160,0.921,Male,Has relevent experience,Part time course,Graduate,STEM,>20,10000+,Pvt Ltd,1,47,0
city_114,0.867,Male,Has relevent experience,no_enrollment,Masters,STEM,>20,500-999,Pvt Ltd,1,35,0
city_173,0.928,Male,Has relevent experience,no_enrollment,Masters,STEM,>20,10000+,Pvt Ltd,>4,104,0
city_138,0.65,Male,Has relevent experience,no_enrollment,Graduate,STEM,4,10/49,Pvt Ltd,1,207,1
city_21,0.916,,No relevent experience,Full time course,Graduate,STEM,7,50-99,,1,197,1
city_103,0.917,Male,Has relevent experience,no_enrollment,Graduate,STEM,>20,50-99,Pvt Ltd,2,18,0
city_103,0.902,Male,Has relevent experience,no_enrollment,Masters,STEM,10,100-500,Funded Startup,>4,13,1
city_65,0.847,,Has relevent experience,no_enrollment,Masters,STEM,6,10/49,Pvt Ltd,3,82,0
city_65,0.597,,Has relevent experience,no_enrollment,Graduate,,4,10000+,Pvt Ltd,1,40,0
city_103,0.907,Male,Has relevent experience,no_enrollment,Masters,STEM,>20,10000+,Pvt Ltd,>4,12,0
city_103,0.706,Male,Has relevent experience,no_enrollment,Graduate,STEM,2,50-99,,1,11,0
city_21,0.911,Male,Has relevent experience,no_enrollment,Masters,Arts,>20,<10,Pvt Ltd,1,1,0
city_21,0.818,,Has relevent experience,no_enrollment,Masters,STEM,7,100-500,Pvt Ltd,2,9,1
city_152,0.829,Male,No relevent experience,Full time course,High School,,<1,,,never,11,0
city_100,0.902,Male,Has relevent experience,no_enrollment,Graduate,STEM,15,5000-9999,NGO,1,28,0
city_57,0.599,Male,No relevent experience,Full time course,Graduate,STEM,3,,,1,22,1
city_103,0.793,,No relevent experience,no_enrollment,High School,,2,,,never,7,0
city_100,0.716,,No relevent experience,Full time course,High School,,1,,,1,57,1
city_103,0.924,,Has relevent experience,no_enrollment,Graduate,STEM,5,50-99,Pvt Ltd,never,16,1
city_160,0.691,,No relevent experience,no_enrollment,High School,,1,,,never,69,0
city_160,0.922,Male,Has relevent experience,no_enrollment,Graduate,STEM,11,50-99,Pvt Ltd,2,170,1
city_103,0.909,,No relevent experience,no_enrollment,Graduate,,17,,,1,18,0
city_16,0.71,,No relevent experience,Full time course,High School,,2,,,never,176,0
city_11,0.919,,Has relevent experience,no_enrollment,Graduate,STEM,6,,Pvt Ltd,>4,37,<NA>
city_21,0.93,Male,No relevent experience,no_enrollment,Graduate,STEM,6,,,2,16,1
city_103,0.796,,Has relevent experience,Part time course,Graduate,STEM,16,10000+,Public Sector,>4,16,1
city_37,0.748,Male,No relevent experience,no_enrollment,,,10,,,never,70,0
city_97,0.907,Male,Has relevent experience,no_enrollment,Graduate,STEM,6,100-500,Pvt Ltd,1,8,1
city_136,0.917,,Has relevent experience,no_enrollment,Masters,STEM,3,1000-4999,Pvt Ltd,3,28,0
city_103,0.62,,Has relevent experience,no_enrollment,Graduate,STEM,14,5000-9999,Early Stage Startup,1,19,0
city_103,0.618,,Has relevent experience,no_enrollment,Graduate,STEM,6,100-500,Pvt Ltd,3,108,<NA>
city_160,0.921,Male,No relevent experience,,High School,STEM,10,,Public Sector,4,47,0
city_149,0.862,Male,No relevent experience,,Graduate,STEM,11,,,1,22,0
city_16,0.674,,Has relevent experience,no_enrollment,Masters,Other,>20,50-99,Pvt Ltd,1,57,0
city_48,0.855,Female,Has relevent experience,no_enrollment,Graduate,STEM,6,100-500,Pvt Ltd,>4,18,1
city_114,0.831,Male,No relevent experience,no_enrollment,High School,STEM,4,,,never,25,0
city_93,0.711,Male,Has relevent experience,no_enrollment,Graduate,STEM,>20,100-500,Pvt Ltd,3,1,0
city_160,0.633,Male,Has relevent experience,no_enrollment,Graduate,Humanities,6,10000+,Pvt Ltd,>4,99,0
city_28,0.926,Male,Has relevent experience,no_enrollment,Masters,STEM,>20,100-500,Pvt Ltd,2,5,1
city_103,0.778,,Has relevent experience,Full time course,Graduate,STEM,>20,,,never,70,1
city_103,0.919,,Has relevent experience,no_enrollment,Graduate,STEM,14,50-99,Pvt Ltd,1,40,0
city_23,0.923,Female,Has relevent experience,no_enrollment,Masters,STEM,4,1000-4999,Pvt Ltd,1,34,<NA>
city_103,0.903,,Has relevent experience,no_enrollment,Graduate,STEM,>20,100-500,Pvt Ltd,>4,8,1
city_138,0.88,Male,Has relevent experience,Full time course,Graduate,STEM,>20,100-500,Pvt Ltd,1,21,0
city_114,0.613,Male,Has relevent experience,no_enrollment,Masters,Humanities,10,,,1,4,1
city_102,0.71,Male,No relevent experience,no_enrollment,Graduate,STEM,5,,Pvt Ltd,2,82,1
city_103,0.604,Male,Has relevent experience,no_enrollment,Graduate,STEM,>20,100-500,Pvt Ltd,1,17,1
city_103,0.687,,No relevent experience,no_enrollment,Masters,STEM,>20,50-99,Pvt Ltd,2,150,0
city_21,0.912,Male,Has relevent experience,no_enrollment,Masters,STEM,8,100-500,Pvt Ltd,>4,141,1
city_16,0.834,Male,No relevent experience,no_enrollment,,STEM,2,,,never,14,0
city_103,0.699,,Has relevent experience,no_enrollment,Masters,STEM,6,10/49,Pvt Ltd,2,13,1
city_103,0.921,,Has relevent experience,no_enrollment,Masters,STEM,6,50-99,Pvt Ltd,1,8,1
city_41,0.8,Male,No relevent experience,Part time course,Primary School,,4,,Public Sector,1,82,0
city_115,0.943,,No relevent experience,no_enrollment,Masters,,>20,,Pvt Ltd,1,12,0
city_74,0.916,Female,Has relevent experience,no_enrollment,Masters,STEM,>20,<10,Pvt Ltd,1,47,0
city_36,0.911,Female,Has relevent experience,Full time course,Masters,,7,<10,Pvt Ltd,1,176,0
city_114,0.922,Male,Has relevent experience,Part time course,Masters,STEM,>20,10/49,Pvt Ltd,1,46,0
city_104,0.642,,No relevent experience,Full time course,Masters,STEM,2,,,1,18,1
city_103,0.825,Male,Has relevent experience,no_enrollment,Graduate,STEM,8,50-99,Public Sector,1,31,1
city_160,0.913,Male,Has relevent experience,no_enrollment,Masters,STEM,>20,10000+,Pvt Ltd,>4,30,0
city_103,0.69,,Has relevent experience,Part time course,Masters,STEM,>20,<10,Pvt Ltd,1,1,0
city_103,0.904,,Has relevent experience,no_enrollment,Graduate,STEM,>20,10/49,Pvt Ltd,1,58,1
city_21,0.62,,Has relevent experience,no_enrollment,Graduate,STEM,11,<10,Pvt Ltd,1,50,1
city_103,0.877,,Has relevent experience,no_enrollment,Masters,STEM,>20,500-999,Pvt Ltd,1,20,1
city_103,0.558,,Has relevent experience,Part time course,Graduate,STEM,6,100-500,Public Sector,1,91,1
city_103,0.908,Male,Has relevent experience,no_enrollment,Phd,STEM,6,,Pvt Ltd,>4,10,0
city_103,0.613,,Has relevent experience,Part time course,Masters,STEM,2,50-99,Pvt Ltd,2,9,<NA>
city_73,0.775,Female,No relevent experience,Full time course,,,2,,,never,17,0
city_16,0.905,,Has relevent experience,no_enrollment,Masters,Humanities,11,<10,Pvt Ltd,>4,143,0
city_89,0.794,Male,No relevent experience,Full time course,High School,STEM,2,,,never,15,0
city_50,0.907,,Has relevent experience,no_enrollment,Graduate,STEM,2,10000+,,1,2,0
city_160,0.826,Male,No relevent experience,no_enrollment,Graduate,STEM,7,,,never,25,1
city_103,0.887,,Has relevent experience,no_enrollment,Masters,STEM,>20,10000+,Pvt Ltd,1,25,0
city_114,0.899,,Has relevent experience,no_enrollment,Graduate,Business Degree,20,5000-9999,Funded Startup,2,43,0
city_114,0.905,Male,No relevent experience,Full time course,High School,STEM,2,,,never,1,0
city_21,0.904,,Has relevent experience,Full time course,Graduate,STEM,>20,100-500,,1,27,1
city_21,0.913,,Has relevent experience,no_enrollment,Phd,STEM,7,50-99,Pvt Ltd,2,9,1
city_11,0.919,Other,No relevent experience,Full time course,High School,STEM,2,,,never,14,0
city_114,0.874,Male,Has relevent experience,no_enrollment,Graduate,STEM,17,10/49,Pvt Ltd,1,109,0
city_71,0.679,Male,No relevent experience,Full time course,Graduate,STEM,19,,,1,32,1
city_16,0.691,Female,Has relevent experience,Part time course,Phd,STEM,12,50-99,Pvt Ltd,2,1,1
city_114,0.771,Male,Has relevent experience,no_enrollment,Masters,STEM,>20,500-999,Pvt Ltd,>4,28,0
city_40,0.921,,No relevent experience,Part time course,Graduate,STEM,5,,Pvt Ltd,never,20,0
city_114,0.873,Male,No relevent experience,Full time course,High School,,2,,,never,58,1
city_71,0.844,Male,Has relevent experience,no_enrollment,Graduate,STEM,5,50-99,Early Stage Startup,2,93,1
city_104,0.642,Male,No relevent experience,Full time course,Masters,STEM,2,500-999,,never,57,0
city_114,0.628,Male,No relevent experience,no_enrollment,Graduate,No Major,4,50-99,Funded Startup,,121,0
city_23,0.715,Male,No relevent experience,Full time course,Graduate,,>20,,,never,42,1
city_57,0.915,Male,No relevent experience,Full time course,Primary School,,2,,,1,11,0
city_114,0.808,Male,Has relevent experience,no_enrollment,Masters,STEM,4,10000+,Pvt Ltd,>4,26,<NA>
city_104,0.913,,Has relevent experience,Part time course,Graduate,STEM,5,1000-4999,Pvt Ltd,1,99,<NA>
city_103,0.611,,Has relevent experience,Part time course,Graduate,STEM,6,1000-4999,Pvt Ltd,1,34,0
city_103,0.729,,Has relevent experience,Full time course,Graduate,STEM,9,50-99,Pvt Ltd,1,12,1
city_103,0.913,Male,Has relevent experience,no_enrollment,Graduate,STEM,>20,50-99,Pvt Ltd,>4,19,0
city_136,0.881,Male,Has relevent experience,no_enrollment,Masters,STEM,6,5000-9999,Pvt Ltd,>4,18,<NA>
city_16,0.638,Female,No relevent experience,no_enrollment,High School,,5,,,never,5,0
city_103,0.906,,Has relevent experience,no_enrollment,Graduate,STEM,6,10/49,NGO,1,70,0
city_103,0.91,Male,No relevent experience,,High School,,4,,,2,19,0
city_114,0.912,Male,Has relevent experience,no_enrollment,Masters,STEM,6,100-500,Pvt Ltd,2,98,<NA>
city_103,0.757,Male,No relevent experience,no_enrollment,High School,,>20,,,never,193,0
city_103,0.908,,Has relevent experience,no_enrollment,Masters,STEM,>20,100-500,Funded Startup,2,26,0
city_103,0.631,Male,Has relevent experience,no_enrollment,Graduate,STEM,11,<10,Pvt Ltd,2,23,0
city_20,0.912,Male,Has relevent experience,no_enrollment,Masters,STEM,11,50-99,Pvt Ltd,>4,112,1
city_160,0.92,Female,Has relevent experience,no_enrollment,Masters,STEM,>20,50-99,Pvt Ltd,1,143,0
city_103,0.686,,Has relevent experience,no_enrollment,Graduate,STEM,>20,1000-4999,Pvt Ltd,1,112,1
city_67,0.929,Male,No relevent experience,,,,1,,,never,152,0
city_114,0.629,,No relevent experience,no_enrollment,High School,,3,,,never,106,1
city_11,0.7,Male,No relevent experience,no_enrollment,Graduate,STEM,11,,Pvt Ltd,1,37,0
city_24,0.921,Male,No relevent experience,Full time course,High School,,2,,,1,45,0
city_45,0.919,Male,Has relevent experience,Part time course,Masters,STEM,8,10000+,NGO,1,22,1
city_103,0.889,,Has relevent experience,Part time course,Graduate,STEM,2,<10,Pvt Ltd,1,115,<NA>
city_103,0.926,Male,Has relevent experience,no_enrollment,Masters,STEM,16,10000+,Pvt Ltd,>4,58,0
city_103,0.917,Female,Has relevent experience,Full time course,Masters,STEM,6,<10,Pvt Ltd,1,41,<NA>
city_149,0.905,,No relevent experience,Full time course,Graduate,STEM,5,,,never,5,1
city_103,0.922,Male,Has relevent experience,no_enrollment,Masters,STEM,4,5000-9999,Funded Startup,>4,314,0
city_103,0.91,,Has relevent experience,Full time course,Graduate,STEM,2,,,3,22,1
city_16,0.925,Male,No relevent experience,,High School,STEM,3,,,never,65,0
city_103,0.913,,Has relevent experience,no_enrollment,Masters,STEM,>20,100-500,Pvt Ltd,2,19,0
city_167,0.93,Other,No relevent experience,Full time course,High School,,2,,,1,42,<NA>
city_114,0.919,,No relevent experience,Full time course,,,2,,,never,50,0
city_157,0.862,Male,No relevent experience,no_enrollment,Graduate,STEM,7,,,,120,0
city_160,0.923,,Has relevent experience,no_enrollment,Graduate,Humanities,>20,50-99,Pvt Ltd,1,56,1
city_103,0.856,Female,Has relevent experience,no_enrollment,Graduate,STEM,8,,Pvt Ltd,1,10,0
city_103,0.919,Male,Has relevent experience,no_enrollment,Masters,STEM,>20,50-99,Pvt Ltd,>4,42,0
city_55,0.888,,No relevent experience,Part time course,Graduate,STEM,3,100-500,,never,61,1
city_99,0.599,Male,Has relevent experience,no_enrollment,Graduate,Humanities,16,<10,Pvt Ltd,4,15,0
city_44,0.919,Male,No relevent experience,no_enrollment,High School,Humanities,>20,,,never,4,0
city_77,0.752,Male,Has relevent experience,no_enrollment,Masters,STEM,11,100-500,Pvt Ltd,1,336,0
city_16,0.912,Male,Has relevent experience,no_enrollment,Masters,STEM,>20,50-99,Early Stage Startup,1,268,0
city_103,0.512,,Has relevent experience,no_enrollment,Graduate,STEM,6,10/49,Pvt Ltd,2,12,<NA>
city_103,0.913,,Has relevent experience,Full time course,Graduate,STEM,3,10000+,NGO,2,10,1
city_103,0.626,Male,Has relevent experience,no_enrollment,Masters,STEM,10,50-99,Pvt Ltd,2,119,<NA>
city_103,0.914,,Has relevent experience,no_enrollment,Masters,STEM,8,<10,Early Stage Startup,2,13,<NA>
city_24,0.905,Male,No relevent experience,Full time course,High School,,5,,,never,10,0
city_103,0.915,,No relevent experience,no_enrollment,Graduate,Business Degree,3,1000-4999,Pvt Ltd,1,93,0
city_136,0.861,Male,No relevent experience,Part time course,Primary School,STEM,5,,Pvt Ltd,>4,32,<NA>
city_103,0.669,Female,Has relevent experience,no_enrollment,Masters,STEM,2,,Pvt Ltd,3,16,0
city_40,0.929,,No relevent experience,Full time course,Primary School,,<1,,,1,37,<NA>
city_16,0.862,,Has relevent experience,no_enrollment,Masters,Humanities,3,<10,,>4,6,0
city_90,0.739,,Has relevent experience,,Masters,STEM,9,500-999,Funded Startup,1,104,1
city_103,0.915,Male,Has relevent experience,no_enrollment,Graduate,STEM,8,500-999,NGO,1,75,1
city_75,0.908,Male,No relevent experience,Full time course,High School,,1,,,1,15,1
city_103,0.545,Male,Has relevent experience,no_enrollment,Graduate,STEM,14,100-500,Pvt Ltd,1,22,1
city_16,0.925,Male,No relevent experience,Full time course,High School,,8,,,never,45,0
city_103,0.917,,Has relevent experience,no_enrollment,Masters,STEM,15,50-99,Pvt Ltd,1,17,1
city_109,0.814,Male,Has relevent experience,no_enrollment,Masters,STEM,13,1000-4999,Pvt Ltd,2,21,1
city_103,0.681,Male,No relevent experience,Full time course,Graduate,STEM,2,,,1,35,1
city_103,0.921,,Has relevent experience,no_enrollment,Graduate,STEM,15,<10,Pvt Ltd,2,18,1
city_136,0.925,,No relevent experience,Full time course,High School,STEM,5,,,never,12,0
city_114,0.927,Male,Has relevent experience,Full time course,Graduate,STEM,2,10/49,Pvt Ltd,1,27,1
city_114,0.764,Male,No relevent experience,,Primary School,,4,,,never,133,0
city_116,0.866,,No relevent experience,Full time course,High School,,5,,,never,34,1
city_93,0.909,Male,Has relevent experience,no_enrollment,Graduate,STEM,7,100-500,Pvt Ltd,>4,16,1
city_103,0.911,Male,Has relevent experience,Part time course,Graduate,STEM,11,50-99,Pvt Ltd,>4,44,0
city_19,0.629,Male,No relevent experience,no_enrollment,Graduate,STEM,4,100-500,Pvt Ltd,1,10,1
city_23,0.665,Male,No relevent experience,Full time course,,,2,,,never,9,0
city_23,0.763,,Has relevent experience,no_enrollment,Phd,STEM,15,50-99,Pvt Ltd,2,16,1
city_65,0.53,Other,Has relevent experience,Full time course,Masters,STEM,4,,,,47,0
city_160,0.751,Male,Has relevent experience,Part time course,Graduate,STEM,5,1000-4999,Pvt Ltd,1,89,0
city_70,0.911,Female,No relevent experience,no_enrollment,High School,Arts,8,,,1,8,0
city_103,0.917,,Has relevent experience,no_enrollment,Graduate,STEM,>20,50-99,Pvt Ltd,2,13,1
city_103,0.907,Male,Has relevent experience,no_enrollment,Masters,Other,>20,1000-4999,Pvt Ltd,2,101,0
city_103,0.921,,Has relevent experience,no_enrollment,Masters,STEM,>20,50-99,Pvt Ltd,2,97,0
city_103,0.924,,Has relevent experience,no_enrollment,Masters,,15,,Pvt Ltd,1,15,1
city_103,0.926,,No relevent experience,no_enrollment,Graduate,STEM,>20,50-99,Pvt Ltd,2,77,1
city_46,0.618,Male,Has relevent experience,Full time course,Masters,,>20,,,1,11,0
city_114,0.912,Male,No relevent experience,Full time course,High School,,2,,,never,81,0
city_73,0.814,,Has relevent experience,no_enrollment,Graduate,STEM,6,,NGO,1,18,1
city_103,0.706,,Has relevent experience,no_enrollment,Graduate,Humanities,2,,Pvt Ltd,2,1,0
city_36,0.925,Male,No relevent experience,Part time course,Graduate,STEM,5,,,never,53,1
city_103,0.921,,Has relevent experience,no_enrollment,Masters,STEM,7,<10,Public Sector,1,61,0
city_102,0.73,,Has relevent experience,Full time course,Masters,STEM,5,500-999,Pvt Ltd,1,137,0
city_103,0.527,,Has relevent experience,no_enrollment,Graduate,STEM,>20,100-500,Pvt Ltd,2,26,0
city_103,0.907,Male,Has relevent experience,no_enrollment,Graduate,STEM,>20,100-500,Pvt Ltd,1,14,1
city_103,0.904,Male,Has relevent experience,no_enrollment,Graduate,Humanities,9,10/49,Pvt Ltd,1,14,0
city_103,0.742,,Has relevent experience,no_enrollment,Phd,STEM,4,,Pvt Ltd,2,28,0
city_90,0.66,Male,No relevent experience,Full time course,High School,,2,,,never,20,0
city_114,0.922,Male,Has relevent experience,no_enrollment,Graduate,STEM,8,100-500,Pvt Ltd,>4,108,0
city_103,0.907,,Has relevent experience,Part time course,Graduate,STEM,>20,50-99,Pvt Ltd,1,79,1
city_101,0.847,,Has relevent experience,no_enrollment,Graduate,STEM,5,100-500,Pvt Ltd,2,125,0
city_103,0.909,Male,Has relevent experience,Part time course,Graduate,STEM,>20,50-99,Pvt Ltd,1,143,0
city_149,0.913,Male,No relevent experience,Full time course,High School,,1,,,never,3,<NA>
city_99,0.908,Male,Has relevent experience,no_enrollment,Graduate,STEM,20,<10,Pvt Ltd,2,113,0
city_103,0.902,,Has relevent experience,no_enrollment,Graduate,STEM,3,50-99,Pvt Ltd,>4,1,<NA>
city_103,0.908,Male,Has relevent experience,Full time course,Masters,STEM,>20,10000+,Pvt Ltd,1,11,1
city_103,0.687,Male,Has relevent experience,Full time course,Masters,STEM,1,,,never,8,1
city_100,0.923,,No relevent experience,Full time course,Graduate,STEM,>20,,,1,10,1
city_103,0.833,Male,No relevent experience,no_enrollment,Phd,No Major,4,,Pvt Ltd,1,11,1
city_120,0.915,,Has relevent experience,Full time course,Graduate,STEM,10,50-99,Pvt Ltd,1,116,<NA>
city_160,0.912,Male,Has relevent experience,no_enrollment,Masters,STEM,>20,50-99,Pvt Ltd,2,116,1
city_16,0.907,,Has relevent experience,no_enrollment,Masters,STEM,19,10/49,Funded Startup,>4,3,0
city_103,0.91,Male,No relevent experience,no_enrollment,High School,,3,,,1,157,0
city_103,0.927,,Has relevent experience,Full time course,Graduate,STEM,,100-500,Pvt Ltd,>4,19,0
city_16,0.868,Male,No relevent experience,Part time course,Graduate,,2,,,1,5,1
city_42,0.782,,Has relevent experience,Full time course,Masters,STEM,3,50-99,Pvt Ltd,1,150,<NA>
city_11,0.901,Male,No relevent experience,Full time course,Graduate,STEM,2,,,1,57,1
city_12,0.756,,No relevent experience,no_enrollment,High School,,7,,,never,46,0
city_136,0.909,Male,Has relevent experience,no_enrollment,Masters,STEM,11,,Pvt Ltd,1,95,1
city_103,0.61,Male,Has relevent experience,no_enrollment,Graduate,STEM,6,,Pvt Ltd,2,20,1
city_103,0.916,Male,Has relevent experience,no_enrollment,Masters,STEM,6,10000+,Pvt Ltd,>4,336,0
city_45,0.748,,No relevent experience,Full time course,,,2,,,never,14,0
city_98,0.787,Male,Has relevent experience,no_enrollment,Graduate,Business Degree,>20,,Public Sector,1,24,1
city_72,0.517,,No relevent experience,Full time course,High School,STEM,4,,,never,12,0
city_103,0.906,Male,Has relevent experience,no_enrollment,Masters,No Major,>20,<10,Pvt Ltd,2,224,1
city_67,0.922,Male,No relevent experience,no_enrollment,High School,,13,,Early Stage Startup,never,130,0
city_71,0.6,,Has relevent experience,no_enrollment,Masters,STEM,>20,100-500,Pvt Ltd,2,13,1
city_102,0.914,Male,Has relevent experience,no_enrollment,Graduate,STEM,11,100-500,Pvt Ltd,>4,28,0
city_21,0.909,,Has relevent experience,no_enrollment,Masters,STEM,>20,100-500,Pvt Ltd,2,14,1
city_160,0.926,Male,Has relevent experience,no_enrollment,Masters,STEM,18,100-500,Pvt Ltd,2,252,1
city_105,0.873,,No relevent experience,no_enrollment,Graduate,STEM,3,,,1,19,1
city_138,0.742,Male,No relevent experience,no_enrollment,,STEM,2,,,never,46,0
city_109,0.883,Male,Has relevent experience,no_enrollment,Masters,Business Degree,8,100-500,Pvt Ltd,2,27,0
city_73,0.61,,Has relevent experience,no_enrollment,Graduate,STEM,18,10/49,Funded Startup,1,37,1
city_106,0.92,Male,Has relevent experience,no_enrollment,Graduate,Other,17,10/49,Public Sector,1,73,1
city_103,0.662,,Has relevent experience,no_enrollment,Graduate,STEM,17,50-99,Pvt Ltd,1,10,1
city_23,0.525,Male,No relevent experience,,High School,,3,10000+,,never,10,0
city_160,0.905,,No relevent experience,Full time course,High School,,2,,,never,1,0
city_11,0.909,,No relevent experience,Full time course,High School,STEM,2,,,never,5,0
city_138,0.702,Male,Has relevent experience,,Graduate,STEM,16,,Pvt Ltd,never,22,1
city_21,0.626,,No relevent experience,Full time course,High School,STEM,5,,,never,22,1
city_50,0.924,Male,Has relevent experience,no_enrollment,Phd,STEM,,100-500,Pvt Ltd,>4,181,<NA>
city_21,0.911,Male,No relevent experience,Full time course,Graduate,,4,,,1,42,0
city_90,0.727,,No relevent experience,Full time course,High School,,4,,,never,17,0
city_103,0.662,,No relevent experience,no_enrollment,Graduate,STEM,>20,,,1,80,1
city_21,0.93,Male,Has relevent experience,no_enrollment,Masters,STEM,15,100-500,Pvt Ltd,4,115,0
city_61,0.622,Other,Has relevent experience,Part time course,Phd,STEM,11,10/49,Pvt Ltd,2,10,0
city_103,0.739,,Has relevent experience,no_enrollment,Masters,STEM,13,100-500,Pvt Ltd,2,1,1
city_114,0.912,Male,Has relevent experience,Part time course,Graduate,STEM,7,50-99,Pvt Ltd,never,48,1
city_16,0.915,,Has relevent experience,no_enrollment,Masters,STEM,19,50-99,Pvt Ltd,1,21,1
city_114,0.854,Male,No relevent experience,Part time course,Graduate,Business Degree,17,10/49,Pvt Ltd,2,30,0
city_103,0.732,,Has relevent experience,no_enrollment,Graduate,Business Degree,>20,10/49,,1,1,0
city_103,0.893,Male,Has relevent experience,no_enrollment,Masters,STEM,18,500-999,Pvt Ltd,1,100,<NA>
city_21,0.838,,Has relevent experience,no_enrollment,Graduate,STEM,11,100-500,Pvt Ltd,1,129,<NA>
city_46,0.888,,Has relevent experience,Full time course,Graduate,STEM,2,50-99,Pvt Ltd,2,3,<NA>
city_71,0.901,,Has relevent experience,no_enrollment,Graduate,STEM,>20,100-500,NGO,3,66,1
city_103,0.671,Male,No relevent experience,no_enrollment,Graduate,,2,500-999,,never,140,1
city_103,0.889,Male,Has relevent experience,no_enrollment,Graduate,STEM,>20,50-99,Pvt Ltd,4,175,1
city_73,0.914,Female,Has relevent experience,no_enrollment,Graduate,STEM,>20,50-99,Funded Startup,2,6,0
city_103,0.824,Male,Has relevent experience,no_enrollment,Masters,STEM,4,100-500,Pvt Ltd,1,93,0
city_103,0.708,,Has relevent experience,no_enrollment,Graduate,STEM,>20,,Pvt Ltd,1,18,1
city_103,0.911,Male,Has relevent experience,no_enrollment,Graduate,STEM,>20,50-99,NGO,1,32,0
city_103,0.92,Male,Has relevent experience,no_enrollment,Masters,STEM,7,50-99,Pvt Ltd,>4,34,0
city_21,0.861,Male,No relevent experience,Full time course,Graduate,,>20,,,1,11,1
city_114,0.714,Male,No relevent experience,,High School,,2,,,never,6,0
city_140,0.914,,No relevent experience,no_enrollment,Masters,STEM,3,10/49,Pvt Ltd,>4,60,1
city_116,0.899,,No relevent experience,no_enrollment,Graduate,STEM,6,100-500,NGO,3,16,0
city_57,0.924,Male,Has relevent experience,,High School,Humanities,20,,Funded Startup,1,59,0
city_114,0.919,Male,No relevent experience,no_enrollment,High School,,2,,,never,135,0
city_103,0.909,Male,Has relevent experience,Part time course,Masters,STEM,>20,500-999,Pvt Ltd,1,139,1
city_114,0.921,,Has relevent experience,no_enrollment,Graduate,Business Degree,7,50-99,Pvt Ltd,2,131,0
city_37,0.785,Male,No relevent experience,no_enrollment,Graduate,STEM,12,,,4,137,1
city_114,0.92,,Has relevent experience,no_enrollment,Graduate,STEM,>20,5000-9999,Pvt Ltd,>4,120,0
city_21,0.925,Male,Has relevent experience,no_enrollment,Phd,STEM,>20,10000+,Pvt Ltd,3,86,1
city_57,0.679,,Has relevent experience,no_enrollment,Masters,STEM,4,5000-9999,Pvt Ltd,1,34,<NA>
city_103,0.626,,No relevent experience,,Graduate,STEM,5,,,never,21,0
city_114,0.916,Female,Has relevent experience,no_enrollment,Graduate,STEM,13,10000+,,1,12,0
city_103,0.925,,Has relevent experience,no_enrollment,Masters,STEM,>20,10000+,Pvt Ltd,1,60,1
city_160,0.845,Male,No relevent experience,Full time course,High School,Humanities,3,,,never,26,0
city_165,0.895,,Has relevent experience,no_enrollment,Graduate,STEM,>20,50-99,NGO,2,15,1
city_11,0.74,Other,No relevent experience,Full time course,Masters,Humanities,6,1000-4999,,2,192,0
city_21,0.526,,No relevent experience,Full time course,Masters,STEM,2,,,1,14,0
city_103,0.641,,No relevent experience,Full time course,Masters,STEM,1,,,never,18,1
city_103,0.665,,Has relevent experience,Full time course,Graduate,STEM,5,100-500,Funded Startup,1,12,1
city_11,0.618,,No relevent experience,Part time course,Graduate,STEM,7,,Pvt Ltd,1,1,1
city_76,0.911,,Has relevent experience,Full time course,Graduate,STEM,>20,10000+,Funded Startup,1,79,0
city_114,0.519,,Has relevent experience,Part time course,,Humanities,4,,,1,63,<NA>
city_103,0.706,,Has relevent experience,no_enrollment,Masters,STEM,16,5000-9999,Pvt Ltd,3,98,1
city_16,0.901,Male,Has relevent experience,no_enrollment,Graduate,STEM,>20,10/49,Pvt Ltd,1,33,0
city_103,0.608,,Has relevent experience,no_enrollment,Graduate,Humanities,6,50-99,Pvt Ltd,2,82,0
city_103,0.906,Male,Has relevent experience,no_enrollment,Graduate,Business Degree,>20,<10,,3,80,0
city_103,0.915,,Has relevent experience,Part time course,Masters,STEM,9,100-500,Pvt Ltd,3,15,0
city_102,0.91,Male,Has relevent experience,Full time course,Masters,STEM,19,10000+,Pvt Ltd,1,227,0
city_103,0.905,Male,Has relevent experience,Full time course,Graduate,STEM,10,10000+,NGO,2,54,0
city_36,0.921,Male,Has relevent experience,Part time course,Graduate,Arts,8,50-99,Pvt Ltd,>4,89,0
city_103,0.531,Male,No relevent experience,,High School,STEM,>20,,,never,18,1
city_75,0.908,Male,Has relevent experience,no_enrollment,Masters,STEM,4,1000-4999,Pvt Ltd,>4,26,1
city_19,0.921,,No relevent experience,no_enrollment,Graduate,,14,,Other,1,44,0
city_103,0.797,,Has relevent experience,Part time course,Masters,Humanities,6,100-500,Pvt Ltd,4,122,0
city_103,0.724,Male,Has relevent experience,no_enrollment,Masters,STEM,>20,<10,NGO,1,16,0
city_75,0.907,Male,Has relevent experience,no_enrollment,Phd,STEM,6,50-99,Pvt Ltd,2,66,1
city_103,0.924,Female,Has relevent experience,no_enrollment,Masters,STEM,>20,100-500,Early Stage Startup,>4,19,0
city_36,0.924,,Has relevent experience,no_enrollment,Graduate,STEM,6,10/49,,2,92,<NA>
city_48,0.624,Male,Has relevent experience,Full time course,Graduate,STEM,>20,,Funded Startup,1,61,<NA>
city_16,0.921,Female,No relevent experience,,High School,,4,,,,51,0
city_103,0.919,,Has relevent experience,no_enrollment,Graduate,STEM,6,100-500,Other,1,43,1
city_103,0.909,,Has relevent experience,no_enrollment,Phd,STEM,>20,10000+,,1,11,0
city_103,0.917,,Has relevent experience,no_enrollment,Graduate,STEM,11,100-500,Pvt Ltd,1,15,1
city_103,0.762,Male,No relevent experience,,High School,STEM,2,,,,1,0
city_103,0.713,,Has relevent experience,Full time course,Graduate,STEM,>20,10000+,Pvt Ltd,1,9,<NA>
city_103,0.918,,Has relevent experience,no_enrollment,Masters,STEM,10,10000+,Pvt Ltd,1,30,1
city_103,0.915,,Has relevent experience,no_enrollment,Graduate,STEM,13,50-99,Public Sector,2,10,0
city_103,0.911,Female,Has relevent experience,no_enrollment,Masters,STEM,4,100-500,Pvt Ltd,1,33,<NA>
city_103,0.791,Male,Has relevent experience,no_enrollment,Graduate,STEM,10,100-500,Pvt Ltd,2,70,0
city_114,0.924,,Has relevent experience,no_enrollment,Graduate,STEM,17,<10,Pvt Ltd,1,1,1
city_160,0.913,,Has relevent experience,no_enrollment,Masters,STEM,>20,100-500,Pvt Ltd,1,62,1
city_116,0.925,,No relevent experience,no_enrollment,Masters,Humanities,11,,Pvt Ltd,>4,12,0
city_55,0.928,Male,Has relevent experience,no_enrollment,Masters,STEM,>20,100-500,,1,139,1
city_103,0.827,Male,No relevent experience,,,STEM,1,,,never,144,0
city_37,0.832,Male,Has relevent experience,Full time course,High School,,8,,,1,8,0
city_84,0.911,Male,No relevent experience,,High School,,1,,,never,33,0
city_103,0.805,Male,Has relevent experience,Part time course,Masters,STEM,6,100-500,Pvt Ltd,1,14,<NA>
city_103,0.88,,Has relevent experience,no_enrollment,Graduate,STEM,>20,50-99,Pvt Ltd,>4,26,1
city_136,0.916,Female,Has relevent experience,no_enrollment,Masters,STEM,4,,Pvt Ltd,2,1,1
city_21,0.604,Male,No relevent experience,Full time course,Graduate,Business Degree,>20,,,1,49,0
city_160,0.743,Male,Has relevent experience,Part time course,Graduate,STEM,>20,<10,Pvt Ltd,2,10,<NA>
city_21,0.913,,Has relevent experience,Part time course,Graduate,STEM,>20,50-99,Pvt Ltd,2,79,<NA>
city_84,0.922,Male,Has relevent experience,Part time course,Graduate,Humanities,>20,,Pvt Ltd,2,227,<NA>
city_141,0.905,Male,No relevent experience,Full time course,Graduate,STEM,6,50-99,,,19,1
city_46,0.914,Male,No relevent experience,no_enrollment,Graduate,STEM,1,,,1,56,0
city_103,0.907,Male,Has relevent experience,Part time course,Masters,STEM,>20,<10,Pvt Ltd,3,56,0
city_103,0.92,Male,Has relevent experience,no_enrollment,Masters,STEM,>20,50-99,Pvt Ltd,>4,60,1
city_103,0.922,Male,Has relevent experience,no_enrollment,Masters,STEM,>20,50-99,Pvt Ltd,4,32,1
city_103,0.866,Male,Has relevent experience,no_enrollment,Masters,STEM,11,100-500,Pvt Ltd,3,18,1
city_160,0.916,,Has relevent experience,no_enrollment,Masters,STEM,11,10000+,Pvt Ltd,1,22,0
city_57,0.714,Male,No relevent experience,Full time course,High School,STEM,<1,,,never,73,<NA>
city_116,0.602,,Has relevent experience,Full time course,Graduate,STEM,>20,,Funded Startup,1,14,0
city_114,0.916,Male,No relevent experience,,High School,,2,,,never,92,0
city_36,0.669,Male,No relevent experience,no_enrollment,,,3,,,never,12,0
city_114,0.885,,Has relevent experience,Full time course,Masters,STEM,4,100-500,Pvt Ltd,1,300,<NA>
city_103,0.79,Male,Has relevent experience,no_enrollment,Graduate,Humanities,14,,Pvt Ltd,2,237,0
city_103,0.918,Female,Has relevent experience,no_enrollment,Masters,STEM,11,50-99,Pvt Ltd,2,183,1
city_103,0.918,,No relevent experience,no_enrollment,Phd,Other,4,,,never,17,1
city_160,0.908,Male,Has relevent experience,no_enrollment,Masters,STEM,>20,100-500,Public Sector,>4,27,0
city_40,0.823,Female,Has relevent experience,no_enrollment,Masters,STEM,10,100-500,Pvt Ltd,1,37,0
city_144,0.899,Male,Has relevent experience,no_enrollment,Graduate,STEM,7,1000-4999,Pvt Ltd,>4,51,0
city_114,0.746,,Has relevent experience,no_enrollment,Graduate,STEM,>20,10000+,Pvt Ltd,2,23,1
city_65,0.696,,Has relevent experience,no_enrollment,Graduate,Arts,10,5000-9999,Pvt Ltd,1,1,1
city_103,0.904,Male,Has relevent experience,no_enrollment,Graduate,STEM,>20,100-500,Pvt Ltd,4,12,0
city_67,0.877,Male,No relevent experience,Full time course,High School,,2,,,never,111,0
city_103,0.923,Female,Has relevent experience,no_enrollment,Graduate,STEM,>20,50-99,Pvt Ltd,1,50,0
city_67,0.916,Male,Has relevent experience,no_enrollment,Graduate,STEM,>20,1000-4999,Pvt Ltd,2,132,0
city_103,0.918,Male,Has relevent experience,no_enrollment,Graduate,STEM,10,50-99,Pvt Ltd,2,7,<NA>
city_114,0.92,,No relevent experience,no_enrollment,High School,Humanities,6,<10,Pvt Ltd,1,3,0
city_160,0.601,,Has relevent experience,Part time course,Graduate,STEM,5,<10,Public Sector,1,12,1
city_16,0.912,Other,No relevent experience,Full time course,Graduate,STEM,20,,,,161,0
city_23,0.912,Male,Has relevent experience,no_enrollment,Graduate,STEM,>20,50-99,Pvt Ltd,>4,5,0
city_91,0.891,Male,Has relevent experience,no_enrollment,Primary School,Other,>20,,,1,13,<NA>
city_103,0.632,,No relevent experience,no_enrollment,Graduate,STEM,1,,,1,165,<NA>
city_103,0.514,Male,Has relevent experience,no_enrollment,Graduate,STEM,4,50-99,Pvt Ltd,2,80,1
city_103,0.852,,No relevent experience,no_enrollment,High School,,9,,,never,85,0
city_103,0.916,Male,Has relevent experience,no_enrollment,Masters,STEM,>20,10000+,Pvt Ltd,4,17,<NA>
city_160,0.911,Male,No relevent experience,Full time course,Graduate,STEM,>20,,Pvt Ltd,,96,0
city_120,0.706,,Has relevent experience,no_enrollment,Masters,STEM,,50-99,Pvt Ltd,4,184,1
city_158,0.571,,Has relevent experience,Full time course,Graduate,STEM,4,10/49,Pvt Ltd,1,52,1
city_103,0.697,Male,No relevent experience,Full time course,High School,,2,,,never,96,0
city_21,0.721,,No relevent experience,no_enrollment,Graduate,STEM,6,,Pvt Ltd,never,114,0
city_103,0.915,Male,Has relevent experience,no_enrollment,Masters,STEM,>20,50-99,NGO,1,27,1
city_114,0.604,Male,Has relevent experience,Part time course,Graduate,STEM,>20,50-99,Pvt Ltd,1,2,1
city_160,0.833,,Has relevent experience,no_enrollment,Masters,STEM,19,100-500,Funded Startup,1,51,0
city_160,0.699,Male,No relevent experience,,High School,,2,,,never,1,0
city_23,0.908,,No relevent experience,Part time course,Phd,STEM,6,,,1,9,1
city_64,0.921,,No relevent experience,,High School,STEM,2,,,never,138,0
city_21,0.914,Male,Has relevent experience,no_enrollment,Masters,STEM,>20,100-500,Pvt Ltd,3,104,1
city_107,0.916,Male,Has relevent experience,no_enrollment,Masters,STEM,6,,Pvt Ltd,2,122,<NA>
city_103,0.918,,Has relevent experience,Part time course,Masters,STEM,9,100-500,Pvt Ltd,1,69,1
city_103,0.76,Male,No relevent experience,Full time course,Masters,STEM,<1,,,1,35,0
city_71,0.928,Male,Has relevent experience,no_enrollment,Graduate,STEM,19,10000+,Pvt Ltd,2,135,0
city_116,0.636,,No relevent experience,Full time course,Masters,No Major,3,,,never,5,0
city_103,0.912,,Has relevent experience,Part time course,Graduate,STEM,10,50-99,Pvt Ltd,1,40,<NA>
city_21,0.898,Male,Has relevent experience,no_enrollment,Graduate,STEM,5,50-99,Pvt Ltd,>4,9,1
city_103,0.778,,Has relevent experience,Part time course,Primary School,STEM,3,100-500,,1,11,1
city_103,0.907,Male,Has relevent experience,no_enrollment,Masters,STEM,>20,10000+,Pvt Ltd,>4,35,1
city_103,0.666,,Has relevent experience,Part time course,Graduate,STEM,5,10000+,Pvt Ltd,>4,1,1
city_103,0.918,Female,No relevent experience,Part time course,High School,STEM,4,10/49,NGO,1,18,0
city_146,0.925,,Has relevent experience,no_enrollment,Graduate,STEM,>20,100-500,NGO,1,125,0
city_103,0.614,,Has relevent experience,no_enrollment,Masters,,15,,,2,199,1
city_103,0.876,Male,Has relevent experience,no_enrollment,Graduate,STEM,14,100-500,Pvt Ltd,>4,23,1
city_102,0.907,Male,Has relevent experience,no_enrollment,Graduate,STEM,11,500-999,NGO,4,18,0
city_103,0.917,Male,Has relevent experience,no_enrollment,Graduate,STEM,>20,1000-4999,Pvt Ltd,1,334,0
city_103,0.743,Female,Has relevent experience,Full time course,Masters,STEM,<1,50-99,,1,6,1
city_103,0.91,Male,No relevent experience,no_enrollment,Graduate,,>20,,,1,26,1
city_28,0.921,Male,Has relevent experience,no_enrollment,Masters,STEM,>20,50-99,Funded Startup,1,62,0
city_21,0.916,,Has relevent experience,Part time course,Graduate,STEM,>20,50-99,Public Sector,1,122,0
city_103,0.618,Male,Has relevent experience,no_enrollment,Graduate,STEM,10,10000+,Pvt Ltd,>4,26,0
city_103,0.778,,Has relevent experience,no_enrollment,Graduate,STEM,>20,100-500,Pvt Ltd,4,24,1
city_103,0.909,,Has relevent experience,no_enrollment,Graduate,STEM,6,10/49,Funded Startup,1,25,0
city_103,0.905,Male,No relevent experience,no_enrollment,Graduate,,4,,,>4,6,0
city_103,0.72,,No relevent experience,no_enrollment,Graduate,STEM,14,,,1,97,1
city_114,0.54,,No relevent experience,Full time course,High School,,2,,,never,59,0
city_16,0.904,Male,No relevent experience,Full time course,Phd,,15,,,1,25,0
city_73,0.874,Male,No relevent experience,,High School,,>20,,,never,29,0
city_103,0.604,Male,Has relevent experience,no_enrollment,Masters,STEM,>20,<10,Pvt Ltd,1,7,0
city_136,0.91,Male,Has relevent experience,no_enrollment,Masters,STEM,12,5000-9999,Pvt Ltd,1,24,1
city_103,0.916,,Has relevent experience,Part time course,Masters,STEM,>20,50-99,Pvt Ltd,>4,29,<NA>
city_103,0.545,Female,Has relevent experience,no_enrollment,Graduate,STEM,14,50-99,Public Sector,3,23,0
city_21,0.864,Male,Has relevent experience,no_enrollment,Graduate,STEM,>20,100-500,Pvt Ltd,1,129,1
city_78,0.909,Female,Has relevent experience,no_enrollment,Graduate,STEM,11,100-500,Pvt Ltd,1,2,1
city_103,0.911,,Has relevent experience,no_enrollment,Graduate,Humanities,6,5000-9999,Pvt Ltd,1,150,0
city_75,0.626,,Has relevent experience,no_enrollment,Masters,STEM,17,1000-4999,Pvt Ltd,3,59,1
city_16,0.919,Male,Has relevent experience,no_enrollment,Masters,STEM,>20,10/49,Pvt Ltd,1,12,0
city_16,0.921,Male,Has relevent experience,no_enrollment,Masters,Other,17,10000+,Pvt Ltd,>4,14,1
city_90,0.928,Male,No relevent experience,Full time course,Primary School,STEM,4,,,>4,23,0
city_103,0.922,Male,Has relevent experience,Part time course,Masters,STEM,12,1000-4999,Pvt Ltd,1,27,1
city_103,0.91,Male,Has relevent experience,no_enrollment,Graduate,STEM,>20,10/49,Pvt Ltd,>4,45,0
city_99,0.677,Male,No relevent experience,Full time course,High School,,1,,,never,1,0
city_103,0.91,Male,Has relevent experience,no_enrollment,Masters,STEM,13,50-99,Pvt Ltd,>4,13,0
city_103,0.686,Male,No relevent experience,Full time course,High School,,4,,,,21,0
city_160,0.919,,Has relevent experience,no_enrollment,Graduate,STEM,11,<10,Pvt Ltd,>4,134,0
city_103,0.724,Other,Has relevent experience,Full time course,Masters,STEM,6,,,1,54,1
city_97,0.912,,Has relevent experience,no_enrollment,Graduate,STEM,6,5000-9999,Pvt Ltd,2,23,0
city_114,0.908,Male,No relevent experience,Full time course,High School,STEM,2,,,1,83,0
city_103,0.911,Male,Has relevent experience,no_enrollment,Masters,STEM,>20,10000+,Pvt Ltd,>4,16,1
city_103,0.918,Male,Has relevent experience,no_enrollment,Masters,STEM,>20,<10,Pvt Ltd,2,48,0
city_21,0.89,,Has relevent experience,no_enrollment,Graduate,STEM,>20,100-500,Pvt Ltd,1,72,1
city_105,0.908,Male,Has relevent experience,no_enrollment,Graduate,,18,10/49,Public Sector,1,25,0
city_103,0.926,Male,Has relevent experience,Part time course,Graduate,STEM,>20,50-99,Pvt Ltd,2,8,<NA>
city_117,0.917,Male,Has relevent experience,Full time course,Masters,No Major,4,,,2,19,0
city_103,0.759,Male,Has relevent experience,no_enrollment,Masters,STEM,>20,50-99,Pvt Ltd,2,1,0
city_114,0.724,Male,Has relevent experience,no_enrollment,Masters,STEM,>20,50-99,Pvt Ltd,>4,15,0
city_114,0.712,,Has relevent experience,no_enrollment,Masters,STEM,>20,500-999,Pvt Ltd,>4,87,0
city_173,0.689,Male,Has relevent experience,Full time course,Masters,STEM,12,50-99,Pvt Ltd,2,37,1
city_21,0.907,Male,Has relevent experience,no_enrollment,Masters,STEM,13,100-500,Early Stage Startup,>4,21,0
city_114,0.786,Female,Has relevent experience,no_enrollment,Graduate,STEM,>20,10/49,,4,20,<NA>
city_103,0.626,Male,Has relevent experience,no_enrollment,Masters,STEM,7,50-99,Pvt Ltd,2,50,<NA>
city_136,0.848,,Has relevent experience,no_enrollment,Graduate,STEM,6,100-500,Pvt Ltd,>4,18,1
city_138,0.919,,No relevent experience,Full time course,High School,STEM,6,,,never,132,0
city_61,0.918,,Has relevent experience,no_enrollment,High School,Humanities,3,,,>4,73,0
city_103,0.623,,Has relevent experience,no_enrollment,Graduate,STEM,12,1000-4999,Pvt Ltd,1,55,1
city_21,0.704,Other,No relevent experience,,,,<1,,,never,145,0
city_102,0.914,Female,Has relevent experience,no_enrollment,Graduate,STEM,11,100-500,Pvt Ltd,1,25,1
city_61,0.918,Female,Has relevent experience,no_enrollment,Masters,STEM,4,10/49,Pvt Ltd,>4,300,0
city_103,0.906,Female,Has relevent experience,no_enrollment,Masters,STEM,>20,50-99,Pvt Ltd,2,114,0
city_103,0.923,,Has relevent experience,no_enrollment,Graduate,STEM,5,100-500,,1,31,0
city_46,0.905,Male,Has relevent experience,no_enrollment,Graduate,STEM,7,100-500,Pvt Ltd,>4,84,0
city_160,0.772,Male,Has relevent experience,no_enrollment,High School,Humanities,18,100-500,Pvt Ltd,1,64,0
city_61,0.911,Male,No relevent experience,no_enrollment,Graduate,STEM,<1,,,1,17,0
city_160,0.904,Male,Has relevent experience,no_enrollment,Masters,STEM,>20,100-500,Pvt Ltd,>4,16,0
city_36,0.928,Other,No relevent experience,no_enrollment,Graduate,STEM,2,,,1,12,0
city_40,0.706,Other,Has relevent experience,Full time course,Graduate,STEM,12,50-99,Pvt Ltd,2,19,0
city_103,0.908,Male,Has relevent experience,no_enrollment,Masters,STEM,7,100-500,Pvt Ltd,2,66,0
city_127,0.87,,No relevent experience,no_enrollment,High School,,2,,,never,8,1
city_127,0.915,Male,Has relevent experience,Full time course,Graduate,Humanities,3,,,1,115,1
city_21,0.473,,Has relevent experience,no_enrollment,Graduate,STEM,6,500-999,Pvt Ltd,>4,158,<NA>
city_114,0.804,Other,No relevent experience,Full time course,Primary School,STEM,6,100-500,,>4,94,<NA>
city_103,0.905,,Has relevent experience,no_enrollment,Graduate,STEM,6,10000+,Pvt Ltd,>4,36,1
city_114,0.913,,Has relevent experience,no_enrollment,Masters,Business Degree,14,100-500,Pvt Ltd,1,86,0
city_73,0.704,Male,No relevent experience,Full time course,Phd,Arts,3,,,1,27,0
city_100,0.922,Male,No relevent experience,no_enrollment,High School,STEM,3,,NGO,1,336,1
city_103,0.928,Male,No relevent experience,no_enrollment,High School,,3,50-99,,never,42,0
city_104,0.68,,No relevent experience,no_enrollment,High School,,4,,,never,16,0
city_101,0.729,Male,No relevent experience,no_enrollment,,,2,,,never,28,0
city_75,0.638,Male,Has relevent experience,no_enrollment,Graduate,STEM,<1,50-99,,1,156,1
city_116,0.849,,Has relevent experience,no_enrollment,Masters,STEM,6,100-500,Pvt Ltd,2,213,1
city_103,0.617,Male,No relevent experience,Full time course,Graduate,STEM,>20,,,2,43,1
city_21,0.91,Male,Has relevent experience,no_enrollment,Masters,Other,9,50-99,Pvt Ltd,>4,34,0
city_21,0.906,,Has relevent experience,no_enrollment,Graduate,STEM,16,<10,Funded Startup,1,4,<NA>
city_103,0.92,Male,No relevent experience,Full time course,Primary School,,4,,,never,150,0
city_97,0.739,Male,No relevent experience,no_enrollment,,,8,,,never,33,0
city_103,0.922,,Has relevent experience,no_enrollment,Graduate,STEM,>20,100-500,Public Sector,1,60,1
city_73,0.612,,Has relevent experience,Part time course,Graduate,STEM,2,5000-9999,Other,>4,55,1
city_103,0.926,,Has relevent experience,no_enrollment,Graduate,STEM,5,50-99,Other,1,22,1
city_160,0.899,,Has relevent experience,no_enrollment,Phd,STEM,10,5000-9999,Pvt Ltd,1,2,0
city_41,0.924,,No relevent experience,no_enrollment,Masters,Arts,6,,,never,24,<NA>
city_103,0.912,Male,Has relevent experience,Part time course,Graduate,STEM,>20,10/49,Pvt Ltd,>4,40,0
city_114,0.91,,Has relevent experience,Part time course,Graduate,Other,9,100-500,Pvt Ltd,1,4,1
city_11,0.622,,No relevent experience,Full time course,Graduate,STEM,2,10000+,,1,9,1
city_21,0.93,Male,Has relevent experience,no_enrollment,High School,STEM,1,,,1,329,0
city_133,0.701,,Has relevent experience,no_enrollment,Graduate,STEM,4,10000+,Pvt Ltd,>4,35,0
city_103,0.874,Male,Has relevent experience,no_enrollment,Graduate,STEM,8,,Pvt Ltd,3,82,0
city_99,0.902,Other,No relevent experience,no_enrollment,Graduate,STEM,>20,,,never,25,<NA>
city_160,0.901,Male,No relevent experience,Full time course,Graduate,STEM,6,,,1,1,1
city_97,0.8,Male,Has relevent experience,no_enrollment,Primary School,STEM,8,,Pvt Ltd,,15,0
city_159,0.92,Male,No relevent experience,Full time course,Masters,STEM,5,100-500,Public Sector,>4,88,0
city_100,0.923,Male,No relevent experience,Full time course,Graduate,STEM,7,,,never,191,0
city_114,0.908,Male,Has relevent experience,no_enrollment,Graduate,STEM,17,50-99,Public Sector,>4,13,1
city_103,0.922,,Has relevent experience,no_enrollment,Masters,STEM,>20,1000-4999,Pvt Ltd,1,36,1
city_26,0.915,Other,Has relevent experience,no_enrollment,Masters,STEM,7,1000-4999,Early Stage Startup,2,110,1
city_116,0.874,,No relevent experience,Part time course,Graduate,Humanities,16,,,1,44,0
city_103,0.629,,Has relevent experience,no_enrollment,Graduate,STEM,>20,500-999,Pvt Ltd,2,13,1
city_103,0.922,,No relevent experience,Full time course,Graduate,STEM,6,,,1,72,<NA>
city_100,0.867,,Has relevent experience,Full time course,Graduate,STEM,12,500-999,Early Stage Startup,>4,197,1
city_103,0.914,,Has relevent experience,Part time course,Graduate,STEM,3,,Pvt Ltd,1,26,1
city_149,0.713,Male,Has relevent experience,no_enrollment,High School,STEM,4,100-500,Pvt Ltd,1,124,1
city_103,0.928,Male,Has relevent experience,no_enrollment,Masters,STEM,7,50-99,Pvt Ltd,>4,62,1
city_89,0.636,Male,No relevent experience,no_enrollment,High School,,2,,,never,53,0
city_103,0.724,Male,Has relevent experience,no_enrollment,,STEM,19,<10,Pvt Ltd,1,31,0
city_75,0.923,,No relevent experience,no_enrollment,Masters,STEM,>20,10000+,Pvt Ltd,2,6,1
city_103,0.88,Male,Has relevent experience,no_enrollment,Graduate,STEM,>20,1000-4999,Pvt Ltd,1,43,1
city_46,0.917,Male,Has relevent experience,Full time course,Masters,STEM,16,100-500,Early Stage Startup,>4,8,<NA>
city_36,0.688,,Has relevent experience,no_enrollment,Graduate,STEM,>20,50-99,Pvt Ltd,1,7,1
city_104,0.907,,No relevent experience,Full time course,Graduate,,16,,,1,83,1
city_103,0.886,,Has relevent experience,no_enrollment,Graduate,STEM,>20,50-99,Pvt Ltd,2,97,1
city_103,0.71,,Has relevent experience,Part time course,Graduate,STEM,6,50-99,Funded Startup,1,40,1
city_103,0.916,Male,Has relevent experience,no_enrollment,Masters,STEM,12,10000+,Early Stage Startup,1,11,0
city_103,0.927,Male,Has relevent experience,no_enrollment,Masters,STEM,5,50-99,Early Stage Startup,2,310,<NA>
city_114,0.902,,Has relevent experience,no_enrollment,Graduate,STEM,12,100-500,Pvt Ltd,>4,135,0
city_103,0.904,,Has relevent experience,no_enrollment,Graduate,STEM,>20,1000-4999,NGO,1,88,1
city_39,0.915,,Has relevent experience,no_enrollment,Masters,STEM,13,100-500,Pvt Ltd,1,9,1
city_16,0.915,Male,Has relevent experience,Full time course,Graduate,STEM,16,100-500,Pvt Ltd,>4,10,0
city_11,0.732,Male,No relevent experience,,High School,,3,,,never,37,<NA>
city_50,0.901,,Has relevent experience,no_enrollment,Masters,Humanities,7,100-500,Pvt Ltd,1,10,0
city_89,0.925,Male,Has relevent experience,no_enrollment,Masters,Humanities,6,,Pvt Ltd,3,51,0
city_152,0.913,,Has relevent experience,no_enrollment,Masters,STEM,2,10000+,Funded Startup,>4,9,<NA>
city_11,0.909,,Has relevent experience,Full time course,Graduate,STEM,>20,50-99,NGO,>4,69,1
city_24,0.905,Male,Has relevent experience,no_enrollment,Graduate,STEM,,5000-9999,,never,14,1
city_114,0.924,,Has relevent experience,no_enrollment,Phd,STEM,7,100-500,Public Sector,never,289,1
city_21,0.907,Male,Has relevent experience,no_enrollment,Graduate,STEM,>20,50-99,Pvt Ltd,1,97,1
city_76,0.619,,No relevent experience,Full time course,Graduate,STEM,2,50-99,Funded Startup,2,15,1
city_20,0.726,,Has relevent experience,no_enrollment,Graduate,STEM,>20,100-500,Pvt Ltd,4,24,1
city_71,0.921,Male,Has relevent experience,no_enrollment,Graduate,STEM,>20,50-99,Pvt Ltd,3,336,1
city_36,0.915,Male,Has relevent experience,Full time course,Graduate,STEM,4,,Pvt Ltd,2,74,0
city_103,0.926,Male,Has relevent experience,Part time course,High School,STEM,9,100-500,Pvt Ltd,1,22,1
city_45,0.91,Male,Has relevent experience,no_enrollment,Phd,STEM,13,10000+,Pvt Ltd,3,16,0
city_11,0.914,Male,No relevent experience,,Masters,,6,,,,138,0
city_167,0.924,,Has relevent experience,no_enrollment,Graduate,Arts,7,,NGO,>4,96,1
city_41,0.69,Male,No relevent experience,no_enrollment,,,2,,,never,171,0
city_73,0.902,Other,Has relevent experience,Part time course,High School,STEM,>20,,,1,21,0
city_71,0.918,,Has relevent experience,no_enrollment,Graduate,STEM,18,500-999,Pvt Ltd,1,57,1
city_11,0.921,Male,Has relevent experience,no_enrollment,Graduate,STEM,>20,50-99,Pvt Ltd,>4,336,1
city_114,0.844,Male,No relevent experience,Full time course,Graduate,STEM,3,,,>4,1,1
city_10,0.553,,Has relevent experience,no_enrollment,Graduate,STEM,>20,5000-9999,Pvt Ltd,>4,9,1
city_114,0.656,Male,Has relevent experience,no_enrollment,Masters,STEM,>20,10000+,Pvt Ltd,1,9,0
city_117,0.918,Female,Has relevent experience,no_enrollment,Graduate,STEM,15,5000-9999,Funded Startup,>4,10,1
city_64,0.64,,No relevent experience,Full time course,Graduate,STEM,2,,,never,1,0
city_114,0.875,Male,Has relevent experience,Part time course,Masters,STEM,>20,50-99,Funded Startup,2,2,0
city_114,0.92,Male,Has relevent experience,no_enrollment,Masters,STEM,>20,10000+,Pvt Ltd,>4,66,0
city_11,0.923,Female,No relevent experience,Full time course,High School,,5,,Pvt Ltd,1,18,0
city_16,0.851,Male,Has relevent experience,no_enrollment,Masters,STEM,>20,100-500,Pvt Ltd,>4,55,0
city_71,0.599,,Has relevent experience,no_enrollment,Graduate,STEM,>20,50-99,Pvt Ltd,2,16,1
city_103,0.914,Male,Has relevent experience,no_enrollment,Graduate,STEM,>20,50-99,Funded Startup,1,53,<NA>
city_67,0.666,Male,No relevent experience,no_enrollment,,,3,,,never,32,1
city_103,0.903,,Has relevent experience,no_enrollment,Graduate,STEM,>20,100-500,Pvt Ltd,3,69,0
city_103,0.918,Male,Has relevent experience,no_enrollment,Masters,STEM,>20,100-500,Pvt Ltd,>4,84,1
city_114,0.772,Male,No relevent experience,no_enrollment,High School,,2,,,never,17,0
city_136,0.9,,No relevent experience,no_enrollment,Phd,STEM,3,,,,63,0
city_67,0.914,Male,No relevent experience,no_enrollment,High School,STEM,2,,,,57,0
city_103,0.911,Male,Has relevent experience,no_enrollment,Graduate,STEM,>20,50-99,Pvt Ltd,2,206,1
city_103,0.907,,Has relevent experience,no_enrollment,Graduate,STEM,>20,5000-9999,Funded Startup,1,118,1
city_75,0.715,,No relevent experience,no_enrollment,,,5,,,never,10,0
city_48,0.737,,Has relevent experience,no_enrollment,Masters,STEM,>20,50-99,Pvt Ltd,>4,19,0
city_145,0.904,,Has relevent experience,Full time course,Graduate,STEM,2,50-99,Funded Startup,2,1,1
city_16,0.917,,No relevent experience,no_enrollment,Primary School,STEM,4,,,1,19,0
city_117,0.904,Male,Has relevent experience,no_enrollment,Masters,Other,12,500-999,Public Sector,>4,86,0
city_136,0.641,,Has relevent experience,no_enrollment,Graduate,STEM,8,<10,Public Sector,1,10,1
city_165,0.865,,Has relevent experience,no_enrollment,Masters,STEM,>20,500-999,Pvt Ltd,1,8,1
city_103,0.918,,Has relevent experience,Full time course,Masters,STEM,11,5000-9999,,>4,32,0
city_24,0.847,Male,No relevent experience,Full time course,High School,STEM,5,,,,18,0
city_160,0.912,Other,No relevent experience,Full time course,High School,STEM,7,100-500,,1,58,1
city_103,0.904,Male,Has relevent experience,no_enrollment,Graduate,STEM,>20,<10,Pvt Ltd,2,5,0
city_102,0.907,,Has relevent experience,no_enrollment,Masters,STEM,8,<10,Early Stage Startup,1,11,0
city_14,0.92,,Has relevent experience,Part time course,Graduate,STEM,3,100-500,Pvt Ltd,1,223,<NA>
city_105,0.878,,Has relevent experience,no_enrollment,Graduate,STEM,>20,100-500,Pvt Ltd,2,116,<NA>
city_103,0.782,Male,Has relevent experience,no_enrollment,Graduate,STEM,>20,50-99,Pvt Ltd,1,74,0
city_98,0.662,,Has relevent experience,no_enrollment,Graduate,STEM,>20,10000+,Pvt Ltd,1,106,1
city_103,0.922,,Has relevent experience,Full time course,Graduate,STEM,>20,50-99,Pvt Ltd,>4,27,1
city_114,0.703,,No relevent experience,,Phd,Humanities,6,,,1,21,0
city_103,0.918,Male,Has relevent experience,no_enrollment,Masters,STEM,>20,1000-4999,Pvt Ltd,1,111,0
city_167,0.665,,No relevent experience,Full time course,High School,,5,,,never,13,0
city_115,0.738,Male,Has relevent experience,no_enrollment,Graduate,STEM,5,50-99,Funded Startup,>4,16,0
city_103,0.918,Male,Has relevent experience,Part time course,Masters,STEM,8,100-500,Pvt Ltd,1,18,0
city_103,0.613,Male,Has relevent experience,Full time course,Graduate,STEM,3,50-99,Pvt Ltd,1,49,0
city_160,0.616,Male,Has relevent experience,Full time course,Graduate,STEM,5,5000-9999,Pvt Ltd,4,185,0
city_103,0.919,Male,Has relevent experience,no_enrollment,Graduate,STEM,14,1000-4999,Pvt Ltd,2,17,0
city_140,0.534,,No relevent experience,Full time course,High School,,2,,,never,12,0
city_44,0.828,Male,Has relevent experience,Part time course,Graduate,STEM,>20,10000+,Pvt Ltd,1,19,1
city_160,0.712,,Has relevent experience,no_enrollment,Graduate,STEM,4,,Pvt Ltd,2,55,1
city_28,0.926,Male,Has relevent experience,no_enrollment,Masters,STEM,13,10000+,Pvt Ltd,>4,107,1
city_103,0.91,Male,Has relevent experience,no_enrollment,Masters,STEM,11,,Pvt Ltd,4,131,0
city_162,0.877,Male,Has relevent experience,no_enrollment,Graduate,STEM,>20,10000+,Pvt Ltd,>4,189,0
city_114,0.621,,No relevent experience,Full time course,Primary School,STEM,<1,,,1,47,1
city_23,0.933,Male,No relevent experience,no_enrollment,Graduate,STEM,3,100-500,,3,33,0
city_149,0.612,Female,Has relevent experience,no_enrollment,Masters,STEM,15,50-99,Pvt Ltd,2,15,0
city_114,0.707,,No relevent experience,no_enrollment,Phd,,19,,Pvt Ltd,,127,0
city_103,0.664,,No relevent experience,Full time course,High School,,<1,,,never,1,0
city_16,0.715,,Has relevent experience,no_enrollment,Graduate,STEM,6,10/49,Pvt Ltd,2,117,1
city_103,0.925,Male,Has relevent experience,no_enrollment,Masters,STEM,2,50-99,Pvt Ltd,4,25,0
city_136,0.919,,Has relevent experience,no_enrollment,Masters,STEM,6,100-500,Pvt Ltd,>4,24,1
city_103,0.474,,Has relevent experience,no_enrollment,Graduate,STEM,9,100-500,Pvt Ltd,1,4,1
city_39,0.909,,Has relevent experience,Part time course,Masters,Arts,16,50-99,Pvt Ltd,1,1,<NA>
city_114,0.687,Male,No relevent experience,,High School,STEM,1,,,never,40,0
city_40,0.622,Male,No relevent experience,Full time course,,,4,,,never,48,0
city_83,0.769,Male,No relevent experience,Full time course,Graduate,STEM,1,,Pvt Ltd,1,106,1
city_103,0.917,Male,Has relevent experience,no_enrollment,Graduate,STEM,>20,10000+,Pvt Ltd,3,55,1
city_103,0.917,Male,Has relevent experience,no_enrollment,Graduate,STEM,4,50-99,Public Sector,1,130,0
city_114,0.921,,Has relevent experience,no_enrollment,Graduate,Humanities,3,,,1,8,1
city_103,0.909,Male,Has relevent experience,no_enrollment,Graduate,STEM,>20,100-500,Pvt Ltd,1,16,0
city_103,0.917,,No relevent experience,Part time course,High School,STEM,6,<10,Pvt Ltd,3,12,0
city_27,0.914,,Has relevent experience,no_enrollment,Graduate,STEM,2,50-99,,1,9,1
city_103,0.511,Male,No relevent experience,Full time course,Graduate,STEM,20,,,never,14,0
city_103,0.905,,Has relevent experience,no_enrollment,Graduate,,4,100-500,Public Sector,1,25,0
city_103,0.91,Male,Has relevent experience,Full time course,Graduate,STEM,11,50-99,Funded Startup,1,20,1
city_160,0.92,Male,No relevent experience,no_enrollment,,,2,,,>4,151,1
city_133,0.91,Male,No relevent experience,Part time course,High School,,5,,,never,77,1
city_103,0.911,,Has relevent experience,no_enrollment,,STEM,>20,<10,Public Sector,>4,21,0
city_103,0.922,Male,No relevent experience,no_enrollment,High School,,1,,,never,9,0
city_103,0.786,,Has relevent experience,no_enrollment,Graduate,STEM,>20,10/49,Funded Startup,3,8,1
city_103,0.917,,No relevent experience,Full time course,High School,STEM,2,,,1,1,0
city_103,0.768,Male,No relevent experience,Full time course,Graduate,STEM,>20,50-99,Pvt Ltd,3,98,1
city_114,0.882,Male,Has relevent experience,no_enrollment,Masters,Other,17,50-99,Pvt Ltd,>4,20,0
city_144,0.638,Male,Has relevent experience,Full time course,Masters,,5,100-500,Early Stage Startup,1,1,<NA>
city_7,0.904,Male,Has relevent experience,no_enrollment,Masters,STEM,>20,10/49,Pvt Ltd,2,33,1
city_103,0.908,Female,Has relevent experience,no_enrollment,,,<1,,,>4,104,0
city_27,0.923,Male,No relevent experience,no_enrollment,Graduate,Arts,4,500-999,Funded Startup,never,106,0
city_103,0.897,,No relevent experience,Full time course,Graduate,STEM,>20,10000+,Pvt Ltd,1,2,1
city_114,0.919,Male,Has relevent experience,Full time course,Graduate,STEM,10,50-99,Pvt Ltd,>4,38,0
city_41,0.872,Male,No relevent experience,Full time course,High School,STEM,17,,Pvt Ltd,,55,0
city_13,0.628,Female,Has relevent experience,no_enrollment,Graduate,Business Degree,>20,<10,Pvt Ltd,>4,79,1
city_103,0.915,Male,Has relevent experience,no_enrollment,Graduate,STEM,>20,100-500,Pvt Ltd,3,63,0
city_114,0.676,Male,No relevent experience,no_enrollment,,,6,,,never,100,1
city_103,0.915,Male,Has relevent experience,no_enrollment,Graduate,STEM,4,,Pvt Ltd,never,177,0
city_103,0.783,Male,No relevent experience,Part time course,Graduate,STEM,>20,,,1,149,0
city_103,0.848,Male,Has relevent experience,no_enrollment,Graduate,,10,,Pvt Ltd,1,33,0
city_16,0.909,,Has relevent experience,no_enrollment,Graduate,STEM,>20,10000+,Pvt Ltd,1,9,1
city_21,0.789,Male,Has relevent experience,no_enrollment,Masters,STEM,>20,1000-4999,Pvt Ltd,>4,31,1
city_103,0.919,Male,Has relevent experience,Part time course,Phd,STEM,20,50-99,Pvt Ltd,1,104,1
city_73,0.697,,No relevent experience,no_enrollment,Masters,Humanities,>20,,Pvt Ltd,1,18,0
city_21,0.742,Male,No relevent experience,Full time course,High School,STEM,11,,,1,6,0
city_136,0.865,Male,Has relevent experience,no_enrollment,Graduate,STEM,>20,<10,Pvt Ltd,1,231,0
city_103,0.662,Male,No relevent experience,no_enrollment,Masters,,>20,,,never,34,0
city_136,0.916,Male,Has relevent experience,no_enrollment,Graduate,STEM,10,,Pvt Ltd,2,37,<NA>
city_114,0.7,,No relevent experience,Full time course,High School,,2,,,never,3,0
city_11,0.909,Female,Has relevent experience,no_enrollment,Graduate,STEM,10,10000+,Pvt Ltd,1,14,1
city_55,0.678,Male,No relevent experience,,High School,,1,,,never,5,0
city_160,0.908,Male,Has relevent experience,no_enrollment,Masters,STEM,>20,5000-9999,Pvt Ltd,>4,19,0
city_21,0.716,,Has relevent experience,no_enrollment,Graduate,STEM,>20,50-99,Pvt Ltd,1,82,<NA>
city_11,0.639,,Has relevent experience,no_enrollment,Graduate,STEM,5,,,2,12,1
city_103,0.61,Male,No relevent experience,no_enrollment,High School,,2,,Pvt Ltd,never,121,0
city_160,0.642,,Has relevent experience,no_enrollment,Phd,STEM,8,10000+,Pvt Ltd,1,311,1
city_114,0.669,Male,Has relevent experience,no_enrollment,Masters,STEM,>20,10000+,Pvt Ltd,2,9,1
city_103,0.926,,Has relevent experience,no_enrollment,Graduate,STEM,>20,100-500,Pvt Ltd,4,59,1
city_99,0.912,Male,Has relevent experience,no_enrollment,Masters,STEM,18,,Pvt Ltd,>4,43,<NA>
city_11,0.619,,No relevent experience,Full time course,High School,,1,,,never,12,0
city_114,0.894,,No relevent experience,Full time course,Graduate,STEM,6,10000+,Public Sector,4,24,1
city_30,0.847,Male,No relevent experience,no_enrollment,High School,STEM,2,,,,25,0
city_114,0.619,,Has relevent experience,no_enrollment,Masters,STEM,>20,50-99,Pvt Ltd,2,59,1
city_138,0.91,Male,Has relevent experience,no_enrollment,Graduate,STEM,10,50-99,NGO,1,13,0
city_16,0.717,Male,Has relevent experience,no_enrollment,Phd,STEM,6,50-99,Funded Startup,>4,71,1
city_100,0.912,Male,No relevent experience,no_enrollment,,,2,,,never,48,0
city_21,0.918,Male,Has relevent experience,no_enrollment,Graduate,STEM,17,<10,Funded Startup,2,30,0
city_103,0.916,Male,Has relevent experience,no_enrollment,Masters,STEM,5,10/49,Pvt Ltd,>4,295,0
city_45,0.925,Female,Has relevent experience,no_enrollment,Graduate,STEM,>20,<10,Public Sector,1,112,0
city_83,0.918,,Has relevent experience,no_enrollment,Graduate,STEM,6,50-99,Pvt Ltd,1,23,1
city_136,0.923,,No relevent experience,Part time course,Phd,STEM,>20,500-999,Pvt Ltd,1,20,0
city_150,0.727,,No relevent experience,Part time course,Masters,STEM,2,50-99,Early Stage Startup,1,8,1
city_136,0.606,Male,Has relevent experience,no_enrollment,Graduate,STEM,7,10000+,Early Stage Startup,>4,94,0
city_103,0.93,Male,No relevent experience,no_enrollment,High School,Arts,1,,,2,110,0
city_43,0.91,Other,Has relevent experience,Full time course,Masters,Other,9,5000-9999,Pvt Ltd,1,36,0
city_103,0.915,Female,Has relevent experience,no_enrollment,Masters,STEM,>20,10/49,Pvt Ltd,2,8,<NA>
city_103,0.909,Male,No relevent experience,Full time course,High School,STEM,4,,,1,17,<NA>
city_103,0.922,Male,Has relevent experience,no_enrollment,Graduate,STEM,10,5000-9999,Pvt Ltd,2,24,1
city_103,0.917,,Has relevent experience,no_enrollment,Masters,Humanities,8,50-99,Pvt Ltd,>4,48,0
city_90,0.916,Male,No relevent experience,no_enrollment,Phd,STEM,2,,,>4,23,1
city_160,0.909,,Has relevent experience,no_enrollment,Graduate,STEM,>20,1000-4999,Pvt Ltd,>4,98,<NA>
city_90,0.92,,Has relevent experience,no_enrollment,Graduate,STEM,8,,,1,12,1
city_71,0.595,,Has relevent experience,no_enrollment,Graduate,STEM,10,10000+,Pvt Ltd,1,7,<NA>
city_105,0.637,Male,Has relevent experience,no_enrollment,Graduate,STEM,4,<10,Pvt Ltd,>4,13,0
city_103,0.919,,No relevent experience,no_enrollment,Graduate,STEM,6,5000-9999,Public Sector,1,19,<NA>
city_114,0.914,,Has relevent experience,no_enrollment,Phd,Business Degree,>20,50-99,Pvt Ltd,4,331,0
city_101,0.588,Male,No relevent experience,Full time course,High School,,1,,,never,223,0
city_152,0.601,,Has relevent experience,Full time course,Graduate,STEM,7,5000-9999,Pvt Ltd,2,163,1
city_23,0.617,,No relevent experience,no_enrollment,Graduate,STEM,2,,,2,5,0
city_21,0.905,,Has relevent experience,no_enrollment,Masters,STEM,>20,5000-9999,Pvt Ltd,2,13,1
city_103,0.614,,No relevent experience,Full time course,Graduate,STEM,10,,,1,1,1
city_16,0.924,,Has relevent experience,Part time course,Graduate,STEM,10,,,2,15,<NA>
city_90,0.913,,Has relevent experience,Full time course,Graduate,STEM,12,10000+,Pvt Ltd,3,40,<NA>
city_173,0.752,Other,No relevent experience,no_enrollment,Graduate,STEM,11,,,1,21,1
city_103,0.908,,Has relevent experience,Part time course,Graduate,STEM,9,100-500,Pvt Ltd,1,77,1
city_103,0.914,,Has relevent experience,no_enrollment,Graduate,STEM,11,10000+,Pvt Ltd,4,12,1
city_114,0.861,,Has relevent experience,Full time course,Graduate,STEM,10,50-99,Pvt Ltd,>4,235,0
city_36,0.663,Male,Has relevent experience,no_enrollment,Masters,STEM,13,100-500,Pvt Ltd,1,8,1
city_21,0.92,Male,Has relevent experience,no_enrollment,Graduate,STEM,>20,10000+,Pvt Ltd,1,58,0
city_11,0.912,Male,No relevent experience,Full time course,High School,,2,,,never,16,0
city_21,0.926,,No relevent experience,Full time course,,STEM,5,,,never,6,1
city_120,0.921,Male,No relevent experience,Full time course,Masters,STEM,13,50-99,Pvt Ltd,1,77,0
city_41,0.62,,No relevent experience,Full time course,High School,STEM,20,,NGO,1,2,1
city_162,0.907,Male,Has relevent experience,no_enrollment,Masters,STEM,5,5000-9999,Pvt Ltd,>4,43,1
city_103,0.914,Male,Has relevent experience,no_enrollment,Graduate,STEM,19,100-500,Pvt Ltd,1,279,0
city_103,0.918,,Has relevent experience,no_enrollment,Graduate,STEM,10,50-99,Pvt Ltd,1,8,0
city_103,0.92,,Has relevent experience,Part time course,Graduate,STEM,5,10/49,Pvt Ltd,>4,15,<NA>
city_50,0.91,Male,Has relevent experience,Part time course,High School,Arts,6,,,never,1,0
city_149,0.766,,Has relevent experience,no_enrollment,Graduate,STEM,6,<10,Pvt Ltd,>4,102,1
city_90,0.537,Male,Has relevent experience,no_enrollment,Graduate,STEM,4,,,2,7,0
city_103,0.922,,Has relevent experience,no_enrollment,Graduate,STEM,>20,50-99,Pvt Ltd,>4,172,0
city_103,0.925,Male,Has relevent experience,Part time course,Masters,STEM,6,100-500,Pvt Ltd,1,23,0
city_97,0.801,Female,No relevent experience,no_enrollment,Masters,STEM,4,10/49,,2,78,1
city_42,0.605,Male,No relevent experience,Full time course,Graduate,STEM,11,,,never,43,0
city_103,0.634,,Has relevent experience,Part time course,Graduate,STEM,11,<10,Public Sector,1,34,1
city_114,0.693,Male,No relevent experience,,High School,,>20,,,never,30,0
city_100,0.915,Male,No relevent experience,,High School,,1,,,never,65,0
city_114,0.876,,Has relevent experience,no_enrollment,Graduate,STEM,5,50-99,Other,2,67,<NA>
city_103,0.921,Male,Has relevent experience,Part time course,Masters,STEM,>20,<10,Pvt Ltd,1,15,<NA>
city_103,0.915,,No relevent experience,no_enrollment,Graduate,STEM,6,<10,Pvt Ltd,1,9,1
city_67,0.91,,Has relevent experience,no_enrollment,Graduate,STEM,10,10000+,,never,192,1
city_83,0.594,,Has relevent experience,no_enrollment,Graduate,STEM,>20,50-99,Pvt Ltd,1,4,1
city_173,0.622,Male,No relevent experience,Full time course,High School,STEM,2,,,1,29,0
city_160,0.924,Male,Has relevent experience,no_enrollment,Masters,STEM,>20,100-500,Pvt Ltd,>4,15,0
city_103,0.927,Male,Has relevent experience,no_enrollment,Phd,STEM,>20,100-500,Early Stage Startup,1,9,1
city_40,0.641,,No relevent experience,no_enrollment,Primary School,,6,,,1,45,<NA>
city_128,0.853,,Has relevent experience,no_enrollment,Masters,STEM,17,50-99,Funded Startup,>4,29,0
city_103,0.927,,Has relevent experience,no_enrollment,Masters,STEM,9,,Pvt Ltd,1,98,0
city_103,0.519,Male,Has relevent experience,no_enrollment,Graduate,STEM,>20,50-99,Funded Startup,>4,33,1
city_2,0.774,,No relevent experience,,Graduate,,2,,,1,19,1
city_18,0.885,Male,No relevent experience,Full time course,Masters,,<1,,,1,152,0
city_39,0.913,,Has relevent experience,Part time course,Graduate,Business Degree,3,10000+,Early Stage Startup,1,68,1
city_99,0.761,,No relevent experience,no_enrollment,Masters,Other,9,10000+,Pvt Ltd,1,20,0
city_103,0.887,,Has relevent experience,no_enrollment,Graduate,STEM,6,10/49,Pvt Ltd,2,13,<NA>
city_114,0.902,,No relevent experience,no_enrollment,Masters,STEM,>20,,Pvt Ltd,1,8,<NA>
city_11,0.92,Female,Has relevent experience,Part time course,Phd,STEM,6,500-999,Public Sector,1,26,1
city_71,0.846,,Has relevent experience,Part time course,Graduate,STEM,7,10000+,Pvt Ltd,1,85,1
city_103,0.928,Male,No relevent experience,Full time course,,,4,,,1,45,0
city_152,0.9,Male,No relevent experience,Full time course,,,4,,,never,140,1
city_103,0.897,,No relevent experience,,High School,,2,,,never,33,0
city_67,0.922,Male,No relevent experience,Full time course,High School,,2,,,never,114,0
city_103,0.927,Female,Has relevent experience,no_enrollment,Masters,STEM,12,50-99,NGO,>4,27,0
city_103,0.929,,Has relevent experience,no_enrollment,Graduate,STEM,>20,100-500,Pvt Ltd,2,17,1
city_16,0.913,Female,Has relevent experience,no_enrollment,Masters,STEM,>20,100-500,Pvt Ltd,>4,104,0
city_103,0.914,Male,Has relevent experience,no_enrollment,Masters,STEM,5,100-500,,4,53,<NA>
city_103,0.909,Male,Has relevent experience,Full time course,Graduate,STEM,14,50-99,Pvt Ltd,,31,1
city_9,0.74,Male,No relevent experience,Full time course,,,2,,,never,10,0
city_160,0.908,,Has relevent experience,Part time course,Graduate,STEM,14,50-99,Other,1,61,1
city_101,0.473,,No relevent experience,Full time course,Graduate,STEM,3,,,1,84,0
city_103,0.629,Male,Has relevent experience,no_enrollment,Graduate,STEM,6,50-99,Pvt Ltd,2,41,1
city_103,0.919,,Has relevent experience,no_enrollment,Graduate,STEM,5,1000-4999,Pvt Ltd,>4,56,0
city_71,0.919,Male,Has relevent experience,no_enrollment,Masters,STEM,9,1000-4999,Funded Startup,1,44,0
city_103,0.927,,Has relevent experience,Part time course,Graduate,STEM,>20,1000-4999,,4,277,0
city_114,0.864,,No relevent experience,,High School,STEM,3,,,never,28,0
city_90,0.909,Male,No relevent experience,,Phd,,2,,,>4,64,0
city_103,0.781,,Has relevent experience,no_enrollment,Graduate,STEM,7,100-500,NGO,2,18,0
city_160,0.912,Male,No relevent experience,Full time course,,,3,,,1,149,0
city_19,0.911,Male,No relevent experience,no_enrollment,,STEM,6,,,never,45,0
city_104,0.881,Male,Has relevent experience,no_enrollment,Phd,STEM,8,50-99,Funded Startup,2,74,1
city_103,0.921,,Has relevent experience,no_enrollment,Masters,STEM,>20,50-99,Pvt Ltd,>4,41,0
city_114,0.917,Male,Has relevent experience,no_enrollment,Masters,STEM,16,100-500,Pvt Ltd,>4,21,1
city_103,0.916,Female,Has relevent experience,Full time course,Graduate,STEM,10,100-500,Pvt Ltd,2,1,<NA>
city_73,0.909,Male,Has relevent experience,no_enrollment,Graduate,STEM,16,100-500,Pvt Ltd,>4,9,0
city_104,0.621,,Has relevent experience,Full time course,Masters,STEM,15,100-500,,1,1,0
city_114,0.916,Male,No relevent experience,no_enrollment,Graduate,STEM,2,,,1,36,0
city_103,0.922,Male,Has relevent experience,no_enrollment,Graduate,STEM,6,50-99,Pvt Ltd,>4,25,0
city_103,0.92,Male,Has relevent experience,Part time course,Graduate,STEM,11,50-99,Pvt Ltd,never,14,1
city_103,0.909,Other,Has relevent experience,no_enrollment,Masters,STEM,>20,100-500,Pvt Ltd,>4,87,0
city_103,0.665,,Has relevent experience,no_enrollment,Graduate,STEM,6,50-99,Pvt Ltd,1,16,1
city_21,0.926,Male,No relevent experience,Full time course,Graduate,,5,,,1,19,0
city_36,0.914,,No relevent experience,Full time course,High School,,6,,,never,21,1
city_103,0.728,Male,Has relevent experience,no_enrollment,Graduate,STEM,>20,100-500,Other,1,37,1
city_40,0.924,Male,No relevent experience,no_enrollment,High School,Business Degree,4,,,1,25,0
city_160,0.922,,Has relevent experience,Full time course,Masters,STEM,>20,10000+,Funded Startup,2,60,0
city_21,0.676,,No relevent experience,no_enrollment,Graduate,STEM,6,,,1,13,<NA>
city_103,0.921,Male,Has relevent experience,no_enrollment,Graduate,STEM,>20,50-99,Pvt Ltd,2,31,1
city_46,0.618,,No relevent experience,Full time course,Graduate,STEM,>20,,,1,1,0
city_21,0.832,Female,Has relevent experience,Full time course,Graduate,STEM,>20,50-99,Pvt Ltd,2,1,1
city_73,0.656,Male,No relevent experience,no_enrollment,Primary School,STEM,16,10000+,Funded Startup,2,17,0
city_23,0.901,,No relevent experience,no_enrollment,Masters,STEM,3,,Pvt Ltd,2,1,0
city_103,0.918,Female,Has relevent experience,Part time course,Masters,STEM,11,10000+,Early Stage Startup,2,60,0
city_65,0.918,Male,Has relevent experience,no_enrollment,Graduate,STEM,11,100-500,Pvt Ltd,3,138,1
city_160,0.678,,Has relevent experience,no_enrollment,Graduate,STEM,>20,100-500,Pvt Ltd,4,80,1
city_152,0.625,Male,No relevent experience,,High School,,2,,,never,154,0
city_11,0.904,,Has relevent experience,no_enrollment,Masters,Other,3,,Pvt Ltd,1,159,0
city_103,0.62,,Has relevent experience,Part time course,Phd,STEM,4,500-999,Pvt Ltd,>4,6,1
city_61,0.927,Male,Has relevent experience,no_enrollment,Masters,STEM,2,50-99,Pvt Ltd,>4,42,1
city_103,0.918,,Has relevent experience,no_enrollment,Graduate,STEM,14,50-99,Pvt Ltd,4,19,1
city_175,0.914,Male,No relevent experience,Part time course,Masters,,13,50-99,NGO,1,62,0
city_158,0.905,Other,No relevent experience,no_enrollment,Primary School,,>20,,Other,1,14,1
city_61,0.803,,Has relevent experience,no_enrollment,Masters,STEM,12,10/49,Pvt Ltd,2,81,1
city_136,0.858,Male,Has relevent experience,no_enrollment,Masters,Humanities,>20,<10,Pvt Ltd,>4,229,0
city_40,0.915,,Has relevent experience,no_enrollment,Graduate,STEM,5,50-99,NGO,>4,140,1
city_21,0.754,Male,No relevent experience,Full time course,Graduate,,1,,,never,17,<NA>
city_160,0.911,Male,Has relevent experience,no_enrollment,Masters,STEM,2,100-500,Early Stage Startup,>4,3,0
city_103,0.908,,Has relevent experience,Part time course,Masters,STEM,>20,500-999,Funded Startup,1,17,1
city_103,0.915,Female,Has relevent experience,Full time course,Graduate,STEM,11,,Pvt Ltd,1,43,0
city_57,0.725,Female,Has relevent experience,Part time course,Masters,STEM,19,10/49,Pvt Ltd,1,66,1
city_21,0.908,Female,Has relevent experience,no_enrollment,Graduate,STEM,>20,100-500,Pvt Ltd,2,7,1
city_103,0.8,,Has relevent experience,no_enrollment,Graduate,STEM,>20,100-500,,1,16,0
city_21,0.915,,No relevent experience,Full time course,Graduate,STEM,3,,,1,14,1
city_103,0.927,Male,Has relevent experience,no_enrollment,Masters,STEM,16,<10,Pvt Ltd,1,25,1
city_103,0.923,Male,Has relevent experience,Part time course,Masters,STEM,13,100-500,Pvt Ltd,>4,53,0
city_103,0.924,Male,No relevent experience,no_enrollment,Graduate,,>20,,,never,27,0
city_103,0.912,,Has relevent experience,no_enrollment,Graduate,No Major,6,100-500,Pvt Ltd,1,26,0
city_114,0.874,Male,Has relevent experience,no_enrollment,Masters,STEM,>20,500-999,Funded Startup,2,25,1
city_103,0.914,,No relevent experience,Full time course,High School,STEM,20,,,never,4,0
city_160,0.906,Male,Has relevent experience,no_enrollment,Graduate,STEM,12,1000-4999,Pvt Ltd,1,12,0
city_160,0.915,Male,Has relevent experience,no_enrollment,Phd,STEM,6,100-500,Pvt Ltd,1,74,0
city_150,0.913,,No relevent experience,no_enrollment,Graduate,No Major,1,,,2,1,0
city_114,0.883,Male,No relevent experience,no_enrollment,Graduate,Other,>20,<10,NGO,>4,34,0
city_175,0.931,Other,Has relevent experience,no_enrollment,Graduate,Humanities,>20,500-999,Pvt Ltd,4,34,0
city_100,0.901,Male,Has relevent experience,no_enrollment,Graduate,STEM,11,50-99,Pvt Ltd,1,51,1
city_114,0.666,,Has relevent experience,no_enrollment,Masters,STEM,18,<10,Funded Startup,>4,10,0
city_149,0.923,,Has relevent experience,Full time course,Graduate,STEM,17,5000-9999,,1,46,1
city_103,0.908,,No relevent experience,Full time course,High School,STEM,2,,,1,3,0
city_160,0.755,Male,No relevent experience,no_enrollment,,,6,,,never,71,1
city_36,0.911,Male,No relevent experience,no_enrollment,Graduate,STEM,7,100-500,Pvt Ltd,2,23,1
city_14,0.916,,Has relevent experience,no_enrollment,Masters,STEM,9,50-99,Pvt Ltd,2,32,0
city_117,0.725,,Has relevent experience,Full time course,Graduate,No Major,2,,NGO,1,4,0
city_103,0.914,,Has relevent experience,no_enrollment,Masters,STEM,16,10000+,,1,17,1
city_160,0.851,Male,Has relevent experience,no_enrollment,Graduate,STEM,12,100-500,Pvt Ltd,1,1,0
city_20,0.908,Other,No relevent experience,,Graduate,STEM,<1,,,>4,7,0
city_103,0.916,Male,Has relevent experience,no_enrollment,Masters,STEM,6,50-99,Funded Startup,>4,232,0
city_116,0.598,Female,Has relevent experience,Part time course,Phd,STEM,4,50-99,,1,7,0
city_103,0.909,,Has relevent experience,no_enrollment,Graduate,STEM,>20,10000+,Pvt Ltd,1,112,1
city_82,0.909,,No relevent experience,,Primary School,,18,100-500,,1,11,0
city_114,0.93,Female,Has relevent experience,no_enrollment,Graduate,STEM,6,500-999,Pvt Ltd,1,20,1
city_100,0.721,Male,Has relevent experience,Full time course,Graduate,STEM,>20,10000+,Pvt Ltd,1,9,1
city_167,0.741,Female,No relevent experience,no_enrollment,,,2,,,never,119,0
city_160,0.921,,Has relevent experience,no_enrollment,Masters,STEM,4,<10,Other,1,114,0
city_33,0.57,Male,Has relevent experience,Full time course,Graduate,STEM,6,,,1,150,1
city_136,0.912,Other,No relevent experience,no_enrollment,Graduate,STEM,4,10000+,Pvt Ltd,1,12,1
city_103,0.905,,Has relevent experience,no_enrollment,Masters,STEM,6,<10,Pvt Ltd,1,20,1
city_114,0.876,,No relevent experience,no_enrollment,Graduate,Business Degree,>20,,,never,223,1
city_138,0.744,Male,Has relevent experience,no_enrollment,Masters,STEM,3,<10,Funded Startup,1,55,1
city_103,0.916,Male,Has relevent experience,no_enrollment,Masters,STEM,4,10000+,Pvt Ltd,>4,20,1
city_103,0.874,,Has relevent experience,Part time course,Masters,STEM,16,10000+,Pvt Ltd,>4,54,1
city_71,0.907,Male,Has relevent experience,Full time course,Graduate,STEM,>20,50-99,Pvt Ltd,2,70,1
city_103,0.913,Female,Has relevent experience,no_enrollment,Graduate,STEM,10,10/49,Pvt Ltd,1,135,<NA>
city_160,0.601,Male,No relevent experience,no_enrollment,,,11,,,1,79,1
city_21,0.727,,Has relevent experience,Full time course,Masters,STEM,2,,Pvt Ltd,1,57,0
city_100,0.666,Male,Has relevent experience,no_enrollment,Masters,STEM,>20,1000-4999,Pvt Ltd,1,227,0
city_103,0.616,,Has relevent experience,no_enrollment,Graduate,STEM,2,50-99,Public Sector,2,78,<NA>
city_103,0.643,Female,Has relevent experience,Part time course,Graduate,STEM,18,10000+,Public Sector,>4,16,1
city_103,0.926,Male,No relevent experience,no_enrollment,Masters,STEM,1,,,never,18,0
city_21,0.8,,No relevent experience,Full time course,Graduate,STEM,,,,1,96,<NA>
city_103,0.914,Male,Has relevent experience,no_enrollment,Masters,Humanities,9,10000+,Pvt Ltd,1,145,<NA>
city_11,0.913,,No relevent experience,no_enrollment,Graduate,STEM,>20,,,never,170,1
city_103,0.921,Male,Has relevent experience,no_enrollment,Graduate,Humanities,>20,5000-9999,Pvt Ltd,1,48,0
city_160,0.919,,Has relevent experience,no_enrollment,Graduate,STEM,<1,50-99,Pvt Ltd,1,8,1
city_134,0.633,,No relevent experience,Full time course,Primary School,,8,,,never,49,0
city_160,0.914,Male,Has relevent experience,no_enrollment,Masters,STEM,10,5000-9999,Funded Startup,1,52,0
city_101,0.913,,No relevent experience,no_enrollment,High School,,4,,,never,50,0
city_103,0.912,,Has relevent experience,no_enrollment,Masters,STEM,>20,100-500,Pvt Ltd,2,8,0
city_114,0.916,Male,Has relevent experience,no_enrollment,Masters,STEM,>20,500-999,Pvt Ltd,2,26,0
city_103,0.908,,Has relevent experience,Part time course,Graduate,STEM,4,1000-4999,Pvt Ltd,1,111,0
city_16,0.623,Male,Has relevent experience,Part time course,Masters,STEM,6,,Pvt Ltd,1,26,0
city_71,0.915,Female,Has relevent experience,no_enrollment,Masters,STEM,8,50-99,Pvt Ltd,>4,66,0
city_103,0.915,,Has relevent experience,Part time course,Graduate,Humanities,4,<10,Public Sector,1,52,<NA>
city_103,0.905,Male,Has relevent experience,no_enrollment,Graduate,STEM,9,1000-4999,Pvt Ltd,2,88,1
city_103,0.917,Male,Has relevent experience,Full time course,Masters,STEM,4,,,1,55,0
city_150,0.77,Male,No relevent experience,Full time course,High School,,2,,,never,132,0
city_120,0.736,,No relevent experience,no_enrollment,Graduate,Arts,4,<10,Pvt Ltd,1,41,0
city_103,0.871,,Has relevent experience,no_enrollment,Graduate,STEM,5,50-99,Pvt Ltd,1,3,1
city_103,0.597,,Has relevent experience,Full time course,Graduate,STEM,18,500-999,Funded Startup,>4,105,1
city_114,0.868,Male,Has relevent experience,no_enrollment,Masters,STEM,3,10000+,,never,48,1
city_140,0.621,Male,No relevent experience,Full time course,Graduate,STEM,12,100-500,Pvt Ltd,1,16,0
city_100,0.911,,Has relevent experience,no_enrollment,Masters,STEM,19,<10,Pvt Ltd,1,1,0
city_152,0.583,Male,Has relevent experience,no_enrollment,Masters,STEM,2,,Public Sector,>4,80,0
city_136,0.915,Male,No relevent experience,Full time course,High School,,<1,,,never,19,0
city_103,0.9,Male,No relevent experience,,Phd,,2,,,never,51,0
city_103,0.708,,Has relevent experience,Part time course,Graduate,STEM,>20,100-500,Pvt Ltd,1,75,<NA>
city_149,0.766,,No relevent experience,no_enrollment,High School,STEM,>20,,,1,51,0
city_103,0.701,Male,Has relevent experience,no_enrollment,Graduate,STEM,>20,<10,NGO,2,48,0
city_103,0.704,Male,No relevent experience,no_enrollment,,,4,,,never,55,0
city_116,0.915,,Has relevent experience,Part time course,Graduate,STEM,11,,Pvt Ltd,1,32,0
city_103,0.908,Male,No relevent experience,no_enrollment,Graduate,STEM,6,,,never,26,1
city_21,0.619,Male,No relevent experience,,High School,,2,,,never,33,0
city_114,0.929,Male,No relevent experience,Full time course,High School,STEM,4,,,,77,0
city_103,0.874,,Has relevent experience,Part time course,Graduate,,11,50-99,Pvt Ltd,>4,83,<NA>
city_103,0.915,Female,Has relevent experience,no_enrollment,Masters,STEM,>20,<10,Pvt Ltd,2,14,0
city_23,0.679,Male,No relevent experience,Full time course,High School,No Major,3,,,never,42,0
city_134,0.911,Male,Has relevent experience,no_enrollment,Phd,STEM,7,100-500,Pvt Ltd,1,14,1
city_103,0.904,Male,Has relevent experience,no_enrollment,Masters,STEM,>20,100-500,Pvt Ltd,2,5,0
city_11,0.616,Male,No relevent experience,no_enrollment,Graduate,STEM,19,500-999,Other,1,102,1
city_103,0.922,Male,No relevent experience,no_enrollment,Graduate,Arts,10,,Pvt Ltd,1,130,<NA>
city_67,0.914,,Has relevent experience,no_enrollment,Masters,STEM,>20,50-99,Pvt Ltd,>4,1,1
city_33,0.777,Male,No relevent experience,Full time course,High School,,3,,,2,54,1
city_16,0.868,Male,Has relevent experience,no_enrollment,Phd,STEM,5,50-99,Pvt Ltd,>4,203,1
city_12,0.926,Male,Has relevent experience,no_enrollment,Graduate,STEM,>20,10000+,Pvt Ltd,4,18,1
city_97,0.715,,Has relevent experience,Part time course,,STEM,19,,,2,246,0
city_160,0.905,Male,Has relevent experience,no_enrollment,Graduate,STEM,8,50-99,NGO,3,7,<NA>
city_67,0.816,,No relevent experience,no_enrollment,Graduate,STEM,<1,,,never,10,1
city_103,0.676,Male,Has relevent experience,Part time course,Graduate,,3,,,1,69,0
city_21,0.602,Male,Has relevent experience,no_enrollment,Graduate,STEM,11,500-999,Pvt Ltd,1,83,1
city_103,0.924,,Has relevent experience,no_enrollment,Masters,STEM,>20,100-500,Pvt Ltd,>4,12,0
city_145,0.791,,Has relevent experience,no_enrollment,Graduate,STEM,10,100-500,Pvt Ltd,2,59,0
city_103,0.916,,Has relevent experience,no_enrollment,Graduate,STEM,>20,50-99,Pvt Ltd,>4,26,1
city_103,0.867,Male,Has relevent experience,no_enrollment,Graduate,STEM,>20,50-99,Pvt Ltd,>4,15,0
city_21,0.9,,No relevent experience,Full time course,High School,STEM,2,,,1,17,0
city_40,0.904,Male,Has relevent experience,Part time course,Masters,Humanities,5,5000-9999,Pvt Ltd,2,19,<NA>
city_102,0.86,Male,Has relevent experience,no_enrollment,Graduate,STEM,14,1000-4999,Funded Startup,1,150,1
city_44,0.914,Male,Has relevent experience,no_enrollment,Masters,STEM,4,500-999,Early Stage Startup,1,51,0
city_45,0.86,,Has relevent experience,no_enrollment,Graduate,STEM,>20,100-500,Pvt Ltd,2,1,1
city_103,0.912,,Has relevent experience,no_enrollment,Graduate,STEM,>20,50-99,Pvt Ltd,>4,29,1
city_61,0.898,Male,Has relevent experience,no_enrollment,Graduate,STEM,>20,10000+,Pvt Ltd,>4,11,1
city_21,0.903,Male,Has relevent experience,no_enrollment,Masters,STEM,5,50-99,Pvt Ltd,>4,2,1
city_114,0.907,Male,No relevent experience,Full time course,,,<1,,,never,282,1
city_103,0.914,,Has relevent experience,Part time course,Graduate,STEM,>20,100-500,Pvt Ltd,1,132,1
city_103,0.921,Male,No relevent experience,no_enrollment,Primary School,STEM,1,,,1,14,0
city_103,0.912,Female,No relevent experience,Part time course,Phd,STEM,4,,,1,16,0
city_103,0.596,Male,Has relevent experience,no_enrollment,Phd,STEM,8,,Early Stage Startup,1,7,1
city_103,0.906,Male,Has relevent experience,no_enrollment,Masters,Humanities,10,50-99,Funded Startup,1,3,1
city_128,0.873,,No relevent experience,no_enrollment,Masters,STEM,6,,,1,27,0
city_61,0.914,Female,Has relevent experience,no_enrollment,Masters,Humanities,4,50-99,Pvt Ltd,1,1,1
city_23,0.775,,No relevent experience,Full time course,Masters,Other,>20,,,1,14,0
city_103,0.548,Male,Has relevent experience,no_enrollment,Graduate,STEM,>20,100-500,Pvt Ltd,2,79,1
city_103,0.933,,Has relevent experience,no_enrollment,Phd,Business Degree,3,50-99,Pvt Ltd,3,30,0
city_103,0.902,Male,Has relevent experience,no_enrollment,Graduate,STEM,6,500-999,Pvt Ltd,>4,48,0
city_11,0.908,Male,No relevent experience,no_enrollment,Graduate,Business Degree,14,,,,47,0
city_103,0.919,,Has relevent experience,Full time course,Masters,,2,,,never,20,0
city_90,0.588,Male,No relevent experience,,,,1,,,never,62,0
city_173,0.723,,No relevent experience,no_enrollment,High School,,4,,,never,86,0
city_90,0.921,Male,Has relevent experience,,Graduate,STEM,4,,Pvt Ltd,1,44,1
city_103,0.923,Female,Has relevent experience,Part time course,Masters,STEM,>20,10/49,Funded Startup,1,70,0
city_11,0.917,Male,No relevent experience,Full time course,High School,STEM,<1,,,never,109,<NA>
city_114,0.92,,Has relevent experience,no_enrollment,Graduate,Humanities,>20,1000-4999,Pvt Ltd,1,70,0
city_150,0.839,,No relevent experience,no_enrollment,High School,,2,,,1,1,0
city_103,0.858,Male,No relevent experience,no_enrollment,Masters,Arts,>20,,Pvt Ltd,4,48,1
city_118,0.914,Other,No relevent experience,,Graduate,STEM,4,10/49,Pvt Ltd,4,17,0
city_16,0.72,Male,No relevent experience,Full time course,Graduate,,4,,,never,1,0
city_103,0.903,,Has relevent experience,no_enrollment,Masters,STEM,>20,100-500,Pvt Ltd,>4,2,0
city_149,0.898,Male,No relevent experience,,,STEM,1,,,never,50,0
city_103,0.62,,Has relevent experience,Part time course,Masters,STEM,13,1000-4999,Funded Startup,4,19,1
city_114,0.56,Male,No relevent experience,,High School,,5,,,never,63,0
city_114,0.79,Male,No relevent experience,Full time course,High School,,5,,,never,92,0
city_103,0.91,,Has relevent experience,no_enrollment,Graduate,STEM,20,10/49,Early Stage Startup,1,21,<NA>
city_103,0.908,,No relevent experience,Full time course,Graduate,STEM,2,,,never,6,0
city_104,0.656,,Has relevent experience,Full time course,Graduate,No Major,>20,,Pvt Ltd,1,39,0
city_103,0.923,,Has relevent experience,no_enrollment,Masters,STEM,14,50-99,Pvt Ltd,4,12,0
city_103,0.907,,Has relevent experience,Part time course,Graduate,STEM,20,5000-9999,Funded Startup,1,14,0
city_103,0.713,Male,No relevent experience,Full time course,High School,,1,,,never,23,0
city_103,0.921,,Has relevent experience,no_enrollment,Graduate,Other,18,50-99,Pvt Ltd,>4,84,0
city_71,0.918,,Has relevent experience,Full time course,Graduate,STEM,>20,10/49,Pvt Ltd,1,63,<NA>
city_21,0.847,,Has relevent experience,no_enrollment,Graduate,STEM,10,,Pvt Ltd,2,14,<NA>
city_103,0.92,Male,Has relevent experience,no_enrollment,Graduate,STEM,>20,10/49,Pvt Ltd,1,36,0
city_100,0.756,Male,No relevent experience,no_enrollment,Primary School,,4,,Pvt Ltd,never,122,1
city_103,0.856,Male,Has relevent experience,no_enrollment,Graduate,STEM,4,50-99,Pvt Ltd,never,6,<NA>
city_103,0.652,Male,Has relevent experience,no_enrollment,Graduate,STEM,2,50-99,Pvt Ltd,2,219,1
city_103,0.916,Male,Has relevent experience,no_enrollment,Graduate,STEM,>20,<10,Pvt Ltd,1,166,1
city_103,0.908,Male,Has relevent experience,no_enrollment,Phd,STEM,17,5000-9999,Pvt Ltd,1,1,0
city_28,0.888,Male,Has relevent experience,no_enrollment,Masters,STEM,13,5000-9999,Pvt Ltd,2,11,0
city_103,0.909,,Has relevent experience,no_enrollment,Graduate,STEM,18,10/49,Pvt Ltd,>4,8,1
city_103,0.927,,No relevent experience,Full time course,Primary School,,2,,,never,78,0
city_16,0.689,Male,Has relevent experience,no_enrollment,Graduate,STEM,>20,1000-4999,Pvt Ltd,1,122,0
city_98,0.865,,Has relevent experience,no_enrollment,Graduate,STEM,5,5000-9999,Funded Startup,2,53,1
city_16,0.866,Male,Has relevent experience,no_enrollment,Graduate,STEM,13,100-500,Pvt Ltd,1,7,1
city_12,0.915,Male,Has relevent experience,no_enrollment,Masters,STEM,4,<10,Pvt Ltd,1,16,0
city_114,0.907,Male,Has relevent experience,no_enrollment,Masters,STEM,>20,100-500,Pvt Ltd,2,13,1
city_160,0.924,Male,No relevent experience,Full time course,High School,STEM,<1,,,never,18,0
city_21,0.774,,Has relevent experience,Part time course,Graduate,STEM,>20,1000-4999,Pvt Ltd,2,206,0
city_11,0.609,Male,No relevent experience,no_enrollment,High School,,2,,,never,24,0
city_126,0.906,Male,No relevent experience,no_enrollment,Graduate,Business Degree,1,,Pvt Ltd,,52,0
city_16,0.894,Male,No relevent experience,Full time course,High School,,2,,,>4,33,0
city_103,0.63,Male,No relevent experience,no_enrollment,High School,,2,,,never,20,0
city_103,0.905,,Has relevent experience,no_enrollment,Masters,Humanities,9,,Pvt Ltd,>4,20,0
city_157,0.915,,Has relevent experience,no_enrollment,Masters,STEM,>20,10/49,Pvt Ltd,1,53,0
city_67,0.626,,Has relevent experience,no_enrollment,Graduate,STEM,7,100-500,Pvt Ltd,1,41,1
city_103,0.907,Male,Has relevent experience,Part time course,Graduate,STEM,>20,100-500,NGO,1,5,1
city_103,0.915,Male,Has relevent experience,no_enrollment,Masters,STEM,>20,100-500,Pvt Ltd,2,10,1
city_103,0.917,Male,Has relevent experience,no_enrollment,Masters,Other,6,100-500,Early Stage Startup,1,2,0
city_114,0.815,Male,No relevent experience,no_enrollment,Primary School,,7,,,1,80,1
city_103,0.917,,Has relevent experience,no_enrollment,Graduate,STEM,>20,50-99,Pvt Ltd,>4,21,1
city_103,0.923,Male,Has relevent experience,no_enrollment,Masters,STEM,1,100-500,Pvt Ltd,>4,63,0
city_75,0.671,,No relevent experience,Full time course,Graduate,,2,,,1,17,0
city_14,0.911,,Has relevent experience,no_enrollment,Masters,Humanities,5,,,1,25,0
city_133,0.924,Other,No relevent experience,no_enrollment,Masters,STEM,19,5000-9999,Pvt Ltd,1,1,1
city_103,0.895,Other,No relevent experience,no_enrollment,Graduate,STEM,8,<10,Pvt Ltd,>4,286,0
city_142,0.925,,Has relevent experience,Full time course,Graduate,STEM,16,5000-9999,Pvt Ltd,1,36,1
city_21,0.614,,No relevent experience,,Graduate,STEM,2,,Pvt Ltd,1,25,1
city_16,0.833,Male,Has relevent experience,no_enrollment,Masters,Humanities,11,100-500,Pvt Ltd,1,37,0
city_167,0.821,Other,No relevent experience,no_enrollment,Graduate,STEM,9,,,1,121,0
city_114,0.633,,No relevent experience,Full time course,Graduate,No Major,2,,,1,83,0
city_160,0.922,,Has relevent experience,no_enrollment,Graduate,STEM,>20,50-99,Pvt Ltd,>4,35,1
city_103,0.927,Female,Has relevent experience,Part time course,Masters,STEM,13,500-999,Pvt Ltd,1,133,0
city_103,0.912,,Has relevent experience,Part time course,Graduate,STEM,4,500-999,Pvt Ltd,1,170,<NA>
city_21,0.899,Male,Has relevent experience,no_enrollment,Graduate,STEM,6,10000+,Pvt Ltd,1,42,0
city_159,0.602,Male,Has relevent experience,no_enrollment,Masters,STEM,>20,50-99,Pvt Ltd,>4,12,0
city_67,0.922,Male,Has relevent experience,no_enrollment,Graduate,STEM,>20,50-99,Pvt Ltd,>4,25,0
city_71,0.719,Male,No relevent experience,Full time course,High School,,6,,,never,24,0
city_143,0.914,Male,Has relevent experience,no_enrollment,Graduate,Humanities,9,100-500,Pvt Ltd,>4,63,0
city_103,0.681,Male,No relevent experience,Full time course,,,5,,,never,43,0
city_114,0.918,Male,No relevent experience,Full time course,Graduate,STEM,7,10/49,,1,23,<NA>
city_20,0.92,Female,Has relevent experience,no_enrollment,Graduate,STEM,>20,100-500,Pvt Ltd,2,25,1
city_103,0.921,Male,Has relevent experience,no_enrollment,Masters,STEM,7,<10,Pvt Ltd,>4,21,1
city_16,0.831,Male,Has relevent experience,no_enrollment,Graduate,Arts,5,100-500,NGO,1,26,0
city_28,0.919,Male,Has relevent experience,Part time course,Masters,STEM,13,10/49,Pvt Ltd,1,19,1
city_57,0.721,,Has relevent experience,no_enrollment,Graduate,STEM,18,1000-4999,NGO,1,26,0
city_103,0.918,Male,No relevent experience,no_enrollment,Graduate,STEM,2,,,,26,0
city_103,0.904,Male,Has relevent experience,no_enrollment,Masters,STEM,>20,1000-4999,Early Stage Startup,2,2,1
city_103,0.927,,No relevent experience,Full time course,Graduate,STEM,2,100-500,,1,95,1
city_11,0.915,Female,No relevent experience,Full time course,,STEM,10,10000+,Pvt Ltd,never,16,<NA>
city_97,0.902,,Has relevent experience,no_enrollment,High School,Other,19,10000+,Pvt Ltd,1,24,0
city_21,0.917,Male,No relevent experience,Full time course,Graduate,STEM,>20,50-99,,1,88,1
city_103,0.929,,Has relevent experience,no_enrollment,Graduate,STEM,16,<10,Pvt Ltd,1,95,0
city_104,0.908,Female,Has relevent experience,no_enrollment,Masters,STEM,19,500-999,,2,41,0
city_75,0.722,,No relevent experience,Full time course,Graduate,STEM,14,1000-4999,,2,60,1
city_16,0.905,,Has relevent experience,no_enrollment,Graduate,STEM,>20,50-99,Pvt Ltd,>4,21,1
city_102,0.903,,Has relevent experience,no_enrollment,Masters,STEM,18,10/49,Pvt Ltd,>4,6,1
city_21,0.596,,Has relevent experience,Full time course,Graduate,STEM,4,,,never,48,1
city_103,0.616,,Has relevent experience,no_enrollment,Graduate,STEM,>20,100-500,Pvt Ltd,1,76,1
city_16,0.868,Male,Has relevent experience,no_enrollment,Graduate,STEM,17,50-99,Pvt Ltd,2,111,1
city_103,0.636,,Has relevent experience,no_enrollment,Graduate,STEM,9,10000+,Pvt Ltd,2,33,1
city_99,0.911,Male,Has relevent experience,no_enrollment,Graduate,STEM,8,<10,Pvt Ltd,>4,11,0
city_160,0.901,,Has relevent experience,Full time course,Graduate,STEM,4,1000-4999,Funded Startup,1,133,1
city_61,0.607,Male,No relevent experience,,Graduate,Humanities,>20,1000-4999,Pvt Ltd,3,88,0
city_114,0.91,,Has relevent experience,no_enrollment,Masters,STEM,18,100-500,Pvt Ltd,1,94,0
city_83,0.932,Male,No relevent experience,Full time course,High School,,2,,,never,10,0
city_97,0.912,Male,Has relevent experience,no_enrollment,Masters,STEM,9,50-99,Pvt Ltd,>4,86,<NA>
city_102,0.755,Male,No relevent experience,,High School,STEM,4,,,never,14,0
city_11,0.77,,No relevent experience,Full time course,Graduate,,3,,,1,18,1
city_65,0.752,Male,Has relevent experience,no_enrollment,Graduate,STEM,2,100-500,NGO,1,104,0
city_103,0.675,,No relevent experience,no_enrollment,High School,,1,,Early Stage Startup,never,9,0
city_114,0.859,Male,Has relevent experience,no_enrollment,Graduate,STEM,17,1000-4999,Pvt Ltd,2,79,0
city_36,0.909,,Has relevent experience,no_enrollment,Graduate,STEM,11,<10,Early Stage Startup,1,21,0
city_103,0.915,Male,Has relevent experience,no_enrollment,Masters,STEM,7,10000+,Pvt Ltd,1,12,0
city_103,0.908,,Has relevent experience,no_enrollment,Graduate,STEM,6,50-99,Early Stage Startup,1,79,1
city_103,0.924,Male,Has relevent experience,no_enrollment,Masters,STEM,4,<10,Pvt Ltd,>4,27,0
city_61,0.678,Male,Has relevent experience,no_enrollment,Graduate,STEM,>20,10/49,Pvt Ltd,1,19,1
city_103,0.869,,Has relevent experience,no_enrollment,Masters,STEM,>20,50-99,Pvt Ltd,4,22,0
city_16,0.921,Male,Has relevent experience,no_enrollment,Graduate,Arts,4,50-99,Pvt Ltd,2,156,1
city_21,0.747,,Has relevent experience,no_enrollment,Graduate,STEM,7,50-99,,2,3,1
city_160,0.666,Male,Has relevent experience,no_enrollment,Graduate,STEM,2,50-99,NGO,1,1,0
city_106,0.927,,Has relevent experience,no_enrollment,Masters,STEM,>20,500-999,Pvt Ltd,1,56,0
city_136,0.813,Male,Has relevent experience,no_enrollment,Masters,STEM,13,<10,Pvt Ltd,1,20,0
city_72,0.906,,Has relevent experience,no_enrollment,Masters,STEM,1,100-500,Pvt Ltd,>4,307,0
city_103,0.917,Male,No relevent experience,Full time course,Masters,STEM,3,,,1,3,0
city_50,0.914,Male,Has relevent experience,no_enrollment,Masters,STEM,6,100-500,Pvt Ltd,>4,18,0
city_103,0.504,Male,Has relevent experience,Part time course,Graduate,STEM,8,1000-4999,Pvt Ltd,1,31,1
city_103,0.625,Male,Has relevent experience,no_enrollment,Phd,STEM,8,,Early Stage Startup,1,24,1
city_64,0.688,Male,Has relevent experience,Part time course,Graduate,Humanities,>20,50-99,Pvt Ltd,1,66,0
city_83,0.716,,Has relevent experience,Full time course,Graduate,STEM,>20,50-99,Pvt Ltd,1,37,0
city_75,0.789,Male,Has relevent experience,no_enrollment,Graduate,STEM,15,50-99,Pvt Ltd,1,39,1
city_103,0.909,Other,No relevent experience,Full time course,Graduate,STEM,6,,Pvt Ltd,never,29,1
city_103,0.91,,Has relevent experience,Part time course,Graduate,STEM,4,,NGO,2,7,0
city_45,0.794,,Has relevent experience,Full time course,Graduate,STEM,6,5000-9999,Pvt Ltd,1,30,1
city_73,0.913,,Has relevent experience,no_enrollment,Phd,STEM,4,,,never,14,1
city_28,0.938,,Has relevent experience,no_enrollment,Graduate,STEM,20,100-500,Funded Startup,2,86,1
city_103,0.927,,No relevent experience,Part time course,Graduate,STEM,9,,NGO,1,30,1
city_136,0.924,Female,Has relevent experience,Full time course,Graduate,STEM,2,<10,Pvt Ltd,1,25,1
city_90,0.615,Male,No relevent experience,Full time course,Primary School,STEM,4,,Pvt Ltd,1,1,0
city_136,0.917,Male,Has relevent experience,no_enrollment,Graduate,STEM,11,,Pvt Ltd,1,64,0
city_90,0.774,Female,Has relevent experience,no_enrollment,Masters,STEM,>20,10000+,Pvt Ltd,>4,217,0
city_21,0.925,Male,Has relevent experience,no_enrollment,Graduate,STEM,>20,<10,Pvt Ltd,>4,19,1
city_114,0.62,Male,Has relevent experience,no_enrollment,Graduate,Business Degree,>20,10/49,Pvt Ltd,3,25,0
city_21,0.583,,No relevent experience,Full time course,Graduate,STEM,<1,,Pvt Ltd,1,39,1
city_21,0.682,Male,No relevent experience,no_enrollment,Graduate,,19,50-99,,1,11,0
city_16,0.912,Male,Has relevent experience,no_enrollment,Phd,STEM,18,100-500,Pvt Ltd,1,72,1
city_71,0.909,,Has relevent experience,no_enrollment,Masters,STEM,2,500-999,Pvt Ltd,2,46,<NA>
city_103,0.92,Male,No relevent experience,,Masters,STEM,2,,,never,294,1
city_103,0.675,,Has relevent experience,no_enrollment,Masters,Business Degree,7,50-99,,2,25,<NA>
city_103,0.618,Male,Has relevent experience,no_enrollment,Masters,STEM,8,10000+,Pvt Ltd,1,52,1
city_116,0.91,Male,Has relevent experience,no_enrollment,Graduate,STEM,>20,5000-9999,Pvt Ltd,2,6,1
city_150,0.915,,Has relevent experience,Full time course,Graduate,STEM,2,50-99,Early Stage Startup,1,160,1
city_114,0.924,,Has relevent experience,no_enrollment,Masters,STEM,15,100-500,Pvt Ltd,1,30,0
city_103,0.919,Male,Has relevent experience,Full time course,Graduate,Business Degree,>20,,Pvt Ltd,1,207,1
city_160,0.56,Male,Has relevent experience,no_enrollment,Masters,No Major,10,,Pvt Ltd,4,51,1
city_103,0.758,,Has relevent experience,no_enrollment,Graduate,STEM,>20,100-500,Pvt Ltd,1,8,1
city_41,0.657,,No relevent experience,Full time course,High School,STEM,1,,,,13,0
city_13,0.873,,Has relevent experience,no_enrollment,Graduate,STEM,>20,50-99,Pvt Ltd,1,18,1
city_114,0.609,,Has relevent experience,Full time course,Graduate,STEM,3,,,1,34,1
city_103,0.659,Female,Has relevent experience,no_enrollment,Masters,STEM,11,10/49,Pvt Ltd,>4,22,1
city_103,0.908,Female,Has relevent experience,no_enrollment,Masters,Humanities,8,100-500,Public Sector,>4,32,0
city_150,0.905,Male,Has relevent experience,no_enrollment,Masters,Other,12,100-500,Public Sector,>4,1,0
city_136,0.709,,No relevent experience,Full time course,High School,,4,,,never,9,0
city_37,0.914,,Has relevent experience,Full time course,Graduate,STEM,4,,,never,14,0
city_16,0.916,,No relevent experience,Full time course,Graduate,,1,,,1,100,1
city_102,0.894,,Has relevent experience,no_enrollment,Masters,STEM,13,5000-9999,Pvt Ltd,1,47,0
city_105,0.852,,Has relevent experience,Part time course,Graduate,STEM,18,50-99,Funded Startup,1,43,1
city_67,0.908,Female,Has relevent experience,no_enrollment,Graduate,STEM,8,<10,Pvt Ltd,1,31,<NA>
city_24,0.858,,No relevent experience,no_enrollment,Phd,STEM,8,,,1,71,1
city_160,0.914,,No relevent experience,no_enrollment,Masters,Arts,2,,Pvt Ltd,1,24,0
city_103,0.914,,Has relevent experience,no_enrollment,Graduate,STEM,>20,<10,Pvt Ltd,>4,122,1
city_21,0.606,Male,No relevent experience,no_enrollment,Masters,,2,,,,94,0
city_114,0.936,Male,Has relevent experience,no_enrollment,Masters,STEM,>20,100-500,Pvt Ltd,3,19,1
city_103,0.751,,Has relevent experience,no_enrollment,Masters,STEM,7,1000-4999,Public Sector,1,66,1
city_23,0.933,Male,Has relevent experience,,Phd,STEM,<1,50-99,Pvt Ltd,never,13,1
city_99,0.917,,No relevent experience,no_enrollment,Graduate,Arts,4,<10,,1,306,0
city_103,0.917,Male,Has relevent experience,no_enrollment,Masters,STEM,>20,1000-4999,Pvt Ltd,1,73,0
city_103,0.67,Male,Has relevent experience,no_enrollment,Graduate,STEM,11,100-500,Pvt Ltd,1,40,1
city_46,0.782,Male,Has relevent experience,Full time course,Phd,STEM,4,,Other,1,3,1
city_64,0.908,,No relevent experience,Part time course,Graduate,,16,,,1,89,0
city_103,0.912,Male,Has relevent experience,Full time course,Masters,Humanities,17,100-500,Pvt Ltd,1,194,0
city_114,0.903,Male,No relevent experience,Full time course,High School,,2,,,1,11,0
city_116,0.926,Male,No relevent experience,Part time course,High School,STEM,5,,,never,41,0
city_103,0.804,,Has relevent experience,Full time course,Graduate,STEM,10,500-999,Pvt Ltd,>4,49,1
city_103,0.735,,Has relevent experience,no_enrollment,Masters,STEM,>20,10000+,Pvt Ltd,>4,31,1
city_103,0.918,,No relevent experience,Full time course,Masters,STEM,2,,,1,18,1
city_57,0.921,Male,No relevent experience,no_enrollment,Masters,STEM,<1,,,1,21,1
city_100,0.677,Male,No relevent experience,Full time course,High School,,2,,,never,64,0
city_128,0.897,,Has relevent experience,no_enrollment,Graduate,STEM,13,,Early Stage Startup,>4,57,0
city_67,0.872,,Has relevent experience,Part time course,Masters,STEM,5,10000+,Pvt Ltd,2,20,<NA>
city_160,0.661,Male,Has relevent experience,no_enrollment,Masters,STEM,4,100-500,Other,2,65,0
city_36,0.594,,No relevent experience,no_enrollment,Graduate,STEM,9,,,1,50,1
city_21,0.679,,Has relevent experience,Part time course,Graduate,STEM,10,5000-9999,Pvt Ltd,1,16,<NA>
city_103,0.928,Male,Has relevent experience,no_enrollment,Graduate,STEM,6,10000+,Pvt Ltd,>4,29,<NA>
city_171,0.91,,Has relevent experience,no_enrollment,Masters,STEM,5,<10,Pvt Ltd,1,15,1
city_160,0.795,Male,Has relevent experience,no_enrollment,Masters,STEM,>20,100-500,Pvt Ltd,1,57,0
city_103,0.809,Male,Has relevent experience,no_enrollment,Masters,STEM,>20,100-500,Pvt Ltd,1,336,0
city_71,0.912,,Has relevent experience,no_enrollment,Masters,STEM,10,50-99,Pvt Ltd,2,8,<NA>
city_61,0.742,Male,Has relevent experience,no_enrollment,Graduate,No Major,4,100-500,Pvt Ltd,1,147,0
city_103,0.914,,Has relevent experience,no_enrollment,Graduate,STEM,>20,10/49,Pvt Ltd,1,20,1
city_103,0.923,Male,Has relevent experience,no_enrollment,Graduate,STEM,7,10/49,Pvt Ltd,3,30,0
city_160,0.914,Male,No relevent experience,,High School,,3,,,never,105,0
city_103,0.725,Male,No relevent experience,Part time course,High School,,<1,,,never,83,0
city_144,0.607,Male,No relevent experience,no_enrollment,Graduate,STEM,>20,<10,Pvt Ltd,never,110,0
city_100,0.913,Male,No relevent experience,no_enrollment,Graduate,STEM,>20,,,never,127,1
city_50,0.916,Female,Has relevent experience,no_enrollment,Graduate,STEM,16,50-99,Pvt Ltd,>4,11,1
city_57,0.717,,Has relevent experience,no_enrollment,Graduate,STEM,5,<10,Pvt Ltd,1,21,<NA>
city_73,0.644,,No relevent experience,,High School,,2,,,never,3,0
city_103,0.53,Male,No relevent experience,no_enrollment,Graduate,STEM,14,<10,Pvt Ltd,1,38,1
city_162,0.906,Male,Has relevent experience,Part time course,Masters,STEM,>20,100-500,Pvt Ltd,never,18,0
city_173,0.919,,Has relevent experience,no_enrollment,Graduate,STEM,>20,100-500,Pvt Ltd,>4,15,1
city_100,0.907,,Has relevent experience,no_enrollment,Masters,STEM,>20,10000+,Pvt Ltd,1,54,<NA>
city_103,0.922,Male,No relevent experience,Part time course,,,3,,,never,7,0
city_11,0.714,Male,Has relevent experience,no_enrollment,Masters,STEM,14,100-500,Funded Startup,4,241,0
city_73,0.911,,No relevent experience,Part time course,High School,STEM,8,,,never,12,0
city_103,0.912,,Has relevent experience,no_enrollment,Masters,STEM,>20,100-500,Pvt Ltd,1,200,1
city_103,0.609,,Has relevent experience,no_enrollment,Phd,Humanities,1,,Funded Startup,1,12,<NA>
city_103,0.912,Male,Has relevent experience,no_enrollment,Graduate,STEM,19,1000-4999,Other,>4,93,1
city_136,0.913,Male,Has relevent experience,no_enrollment,Graduate,STEM,>20,1000-4999,NGO,>4,253,0
city_114,0.73,,Has relevent experience,no_enrollment,Masters,STEM,9,10/49,Pvt Ltd,4,61,1
city_19,0.738,,Has relevent experience,no_enrollment,Graduate,STEM,9,<10,Pvt Ltd,1,21,1
city_114,0.911,,Has relevent experience,no_enrollment,Graduate,STEM,7,100-500,Pvt Ltd,2,73,0
city_33,0.907,Male,No relevent experience,Full time course,Masters,STEM,>20,100-500,Pvt Ltd,1,238,0
city_103,0.786,Female,Has relevent experience,Full time course,Graduate,STEM,>20,,Pvt Ltd,1,1,0
city_16,0.922,,Has relevent experience,no_enrollment,Graduate,STEM,11,50-99,Pvt Ltd,1,83,0
city_173,0.606,,Has relevent experience,Part time course,Phd,STEM,>20,100-500,Pvt Ltd,2,229,1
city_104,0.771,,Has relevent experience,no_enrollment,Masters,No Major,>20,,,2,57,0
city_103,0.921,Male,Has relevent experience,no_enrollment,Masters,STEM,4,500-999,Public Sector,1,6,1
city_21,0.928,Female,Has relevent experience,no_enrollment,Masters,STEM,12,50-99,Pvt Ltd,2,95,0
city_103,0.912,Male,Has relevent experience,no_enrollment,Graduate,STEM,11,10000+,Pvt Ltd,1,114,1
city_114,0.724,Male,No relevent experience,no_enrollment,,,5,,,never,41,<NA>
city_114,0.887,,Has relevent experience,no_enrollment,Graduate,STEM,15,,Pvt Ltd,2,67,0
city_103,0.627,Female,Has relevent experience,no_enrollment,Phd,STEM,4,<10,Pvt Ltd,2,14,1
city_36,0.933,,No relevent experience,Full time course,Graduate,STEM,3,,,3,17,1
city_103,0.604,,Has relevent experience,Full time course,Graduate,STEM,5,,Pvt Ltd,1,2,1
city_123,0.933,,Has relevent experience,Full time course,Graduate,STEM,11,50-99,Funded Startup,never,41,0
city_120,0.909,Female,Has relevent experience,no_enrollment,Masters,STEM,4,10000+,Pvt Ltd,1,27,0
city_116,0.516,Male,Has relevent experience,no_enrollment,Graduate,STEM,6,50-99,Pvt Ltd,1,8,1
city_116,0.917,,Has relevent experience,Full time course,Masters,STEM,>20,,,never,32,1
city_103,0.887,Male,Has relevent experience,Full time course,Graduate,STEM,9,,NGO,2,31,0
city_99,0.769,,Has relevent experience,no_enrollment,Masters,Humanities,7,<10,Pvt Ltd,1,91,0
city_107,0.61,,Has relevent experience,no_enrollment,Masters,Other,>20,<10,Pvt Ltd,1,30,<NA>
city_103,0.914,,Has relevent experience,no_enrollment,Graduate,STEM,7,50-99,Pvt Ltd,1,82,1
city_103,0.906,,Has relevent experience,no_enrollment,Masters,STEM,9,50-99,Pvt Ltd,2,31,1
city_55,0.922,Male,Has relevent experience,no_enrollment,Masters,,13,50-99,,1,4,1
city_21,0.724,Male,No relevent experience,Full time course,High School,STEM,>20,,Other,never,19,0
city_65,0.755,,Has relevent experience,Full time course,Masters,STEM,>20,100-500,Pvt Ltd,4,29,1
city_103,0.704,,No relevent experience,Full time course,Graduate,STEM,20,,NGO,1,12,0
city_114,0.747,Male,No relevent experience,Full time course,High School,,6,,,never,16,0
city_16,0.909,,Has relevent experience,Full time course,Masters,Business Degree,>20,100-500,Pvt Ltd,>4,65,1
city_158,0.917,Male,Has relevent experience,no_enrollment,Graduate,STEM,8,100-500,Pvt Ltd,2,17,1
city_10,0.921,Other,No relevent experience,Full time course,Masters,STEM,4,,,1,56,0
city_11,0.495,Male,No relevent experience,no_enrollment,High School,,2,,,never,96,0
city_97,0.926,,Has relevent experience,no_enrollment,Masters,Other,4,50-99,Funded Startup,1,3,0
city_114,0.909,,No relevent experience,no_enrollment,High School,,2,,,never,54,0
city_103,0.905,Male,Has relevent experience,no_enrollment,Masters,STEM,10,100-500,Pvt Ltd,1,16,0
city_99,0.898,Male,No relevent experience,Full time course,High School,,2,,,never,43,0
city_114,0.903,Male,No relevent experience,Full time course,High School,,2,,,never,95,0
city_75,0.904,Male,Has relevent experience,Part time course,Masters,STEM,18,500-999,Funded Startup,>4,33,1
city_126,0.911,Male,No relevent experience,no_enrollment,Graduate,STEM,,1000-4999,Public Sector,>4,3,0
city_11,0.736,Male,No relevent experience,Full time course,High School,,2,,,never,20,0
city_23,0.774,Male,No relevent experience,Full time course,,STEM,2,,,never,52,0
city_61,0.916,Male,Has relevent experience,no_enrollment,Graduate,Humanities,5,,Pvt Ltd,1,1,0
city_103,0.842,,Has relevent experience,Full time course,Graduate,STEM,>20,10000+,Pvt Ltd,1,1,1
city_103,0.7,,No relevent experience,Full time course,High School,STEM,3,,,never,19,1
city_106,0.92,,No relevent experience,Full time course,Graduate,Business Degree,2,50-99,Pvt Ltd,,12,<NA>
city_114,0.686,Male,Has relevent experience,no_enrollment,Masters,STEM,8,100-500,Pvt Ltd,2,42,1
city_16,0.509,Male,No relevent experience,,Primary School,STEM,4,,,never,170,0
city_106,0.875,,Has relevent experience,no_enrollment,Graduate,STEM,>20,10000+,Pvt Ltd,>4,5,1
city_99,0.749,Male,Has relevent experience,no_enrollment,Masters,STEM,4,,,>4,65,1
city_103,0.925,Female,Has relevent experience,no_enrollment,Graduate,STEM,>20,5000-9999,Pvt Ltd,1,20,0
city_103,0.913,,Has relevent experience,no_enrollment,Graduate,STEM,>20,,Pvt Ltd,1,14,0
city_41,0.912,,No relevent experience,Full time course,Masters,Humanities,6,5000-9999,,1,18,0
city_19,0.926,,Has relevent experience,no_enrollment,Graduate,STEM,<1,50-99,NGO,1,28,1
city_93,0.741,Other,Has relevent experience,Part time course,Graduate,STEM,4,,,1,125,<NA>
city_75,0.742,Male,Has relevent experience,no_enrollment,Masters,STEM,10,50-99,Funded Startup,2,41,0
city_160,0.919,Male,Has relevent experience,Part time course,Graduate,STEM,9,10000+,Pvt Ltd,1,104,0
city_114,0.931,Male,Has relevent experience,no_enrollment,Graduate,Other,4,10/49,Pvt Ltd,1,21,0
city_16,0.917,Female,Has relevent experience,,Primary School,,6,,Early Stage Startup,never,3,0
city_77,0.616,,No relevent experience,,,,3,,,never,62,0
city_103,0.905,,Has relevent experience,no_enrollment,Graduate,STEM,<1,100-500,Pvt Ltd,1,10,<NA>
city_160,0.897,,Has relevent experience,no_enrollment,Masters,STEM,6,500-999,Pvt Ltd,>4,15,1
city_114,0.805,Male,No relevent experience,,Primary School,,2,,,never,121,0
city_103,0.649,,No relevent experience,Part time course,Graduate,STEM,>20,10000+,Pvt Ltd,1,93,0
city_114,0.911,Male,Has relevent experience,no_enrollment,Graduate,STEM,16,100-500,Pvt Ltd,>4,100,0
city_114,0.904,Female,Has relevent experience,no_enrollment,Graduate,STEM,>20,<10,Pvt Ltd,3,15,0
city_103,0.875,,Has relevent experience,no_enrollment,Phd,STEM,7,100-500,Pvt Ltd,2,7,1
city_103,0.827,Female,Has relevent experience,no_enrollment,Graduate,STEM,4,10000+,Pvt Ltd,2,14,0
city_73,0.916,,Has relevent experience,Part time course,Masters,STEM,13,500-999,Pvt Ltd,>4,22,<NA>
city_103,0.92,Female,Has relevent experience,no_enrollment,Graduate,STEM,6,10000+,Pvt Ltd,>4,19,1
city_160,0.744,,No relevent experience,Full time course,,STEM,3,,Pvt Ltd,2,13,1
city_23,0.879,,Has relevent experience,Part time course,Graduate,STEM,6,50-99,Pvt Ltd,1,34,0
city_160,0.618,,Has relevent experience,no_enrollment,Graduate,No Major,8,,,2,45,0
city_103,0.591,,Has relevent experience,Part time course,Graduate,STEM,10,,,1,61,1
city_21,0.912,,Has relevent experience,Part time course,Graduate,STEM,6,100-500,Pvt Ltd,1,26,1
city_162,0.919,Male,Has relevent experience,no_enrollment,Masters,STEM,9,5000-9999,Early Stage Startup,1,4,1
city_103,0.793,Male,No relevent experience,no_enrollment,Primary School,STEM,2,,,never,59,0
city_103,0.661,,Has relevent experience,no_enrollment,Graduate,STEM,5,<10,,1,33,<NA>
city_19,0.908,Male,No relevent experience,Full time course,High School,,1,,,1,20,0
city_160,0.905,,Has relevent experience,no_enrollment,Graduate,Humanities,18,10/49,Pvt Ltd,>4,76,1
city_14,0.921,Male,No relevent experience,no_enrollment,Masters,,8,,,,19,0
city_103,0.896,,Has relevent experience,Part time course,Graduate,STEM,5,10000+,Pvt Ltd,1,15,0
city_103,0.93,Male,Has relevent experience,Part time course,Graduate,STEM,8,<10,Public Sector,1,117,0
city_16,0.593,,No relevent experience,Full time course,Masters,STEM,3,100-500,,2,43,1
city_114,0.923,,Has relevent experience,no_enrollment,Phd,STEM,3,100-500,Pvt Ltd,4,30,1
city_41,0.921,Male,Has relevent experience,no_enrollment,Masters,STEM,>20,1000-4999,,1,29,<NA>
city_173,0.906,Male,Has relevent experience,no_enrollment,Graduate,STEM,16,<10,Pvt Ltd,1,14,0
city_67,0.927,,No relevent experience,no_enrollment,Masters,,<1,,,1,55,<NA>
city_149,0.914,,Has relevent experience,no_enrollment,Phd,STEM,8,500-999,Pvt Ltd,1,48,0
city_114,0.917,Female,Has relevent experience,no_enrollment,Graduate,STEM,>20,10000+,Pvt Ltd,>4,55,1
city_16,0.911,Male,Has relevent experience,no_enrollment,Masters,STEM,>20,10000+,Pvt Ltd,>4,31,1
city_90,0.904,,No relevent experience,Full time course,Masters,Humanities,11,,,>4,17,0
city_90,0.826,,Has relevent experience,Full time course,High School,,4,,,never,66,0
city_114,0.878,Male,Has relevent experience,Part time course,Graduate,STEM,5,,Public Sector,>4,64,0
city_155,0.92,,Has relevent experience,no_enrollment,Graduate,STEM,7,10/49,Pvt Ltd,2,63,1
city_103,0.639,,Has relevent experience,no_enrollment,Phd,STEM,4,50-99,Pvt Ltd,1,17,1
city_67,0.919,Female,No relevent experience,no_enrollment,Graduate,STEM,2,,,1,17,0
city_162,0.735,,Has relevent experience,no_enrollment,Graduate,STEM,7,50-99,Pvt Ltd,1,3,1
city_114,0.608,Male,No relevent experience,no_enrollment,Masters,STEM,7,,,1,28,1
city_103,0.909,Male,No relevent experience,no_enrollment,Graduate,STEM,17,50-99,NGO,1,22,0
city_16,0.922,Male,Has relevent experience,no_enrollment,Masters,Humanities,9,5000-9999,Pvt Ltd,2,138,0
city_105,0.748,,Has relevent experience,no_enrollment,Masters,STEM,10,100-500,Pvt Ltd,>4,76,1
city_114,0.836,Male,No relevent experience,,,STEM,1,,,never,171,0
city_103,0.906,,Has relevent experience,no_enrollment,Graduate,STEM,>20,1000-4999,Pvt Ltd,4,6,<NA>
city_158,0.657,,No relevent experience,no_enrollment,Graduate,STEM,10,,,1,58,<NA>
city_173,0.614,Male,Has relevent experience,no_enrollment,Masters,STEM,4,50-99,NGO,2,82,0
city_21,0.88,,Has relevent experience,Full time course,Phd,STEM,18,5000-9999,Pvt Ltd,1,73,0
city_70,0.749,,No relevent experience,Full time course,Graduate,STEM,1,,,never,12,0
city_160,0.914,Male,Has relevent experience,no_enrollment,Graduate,STEM,>20,50-99,Pvt Ltd,>4,24,1
city_114,0.917,Male,Has relevent experience,no_enrollment,Masters,STEM,9,50-99,Pvt Ltd,>4,33,1
city_75,0.495,,No relevent experience,,,,2,,,1,26,0
city_160,0.915,Female,Has relevent experience,no_enrollment,Graduate,STEM,10,5000-9999,Funded Startup,2,85,0
city_21,0.889,,No relevent experience,Full time course,Graduate,Arts,3,,,1,10,0
city_78,0.92,,Has relevent experience,no_enrollment,Masters,STEM,15,10/49,Pvt Ltd,2,115,0
city_103,0.625,Male,Has relevent experience,no_enrollment,Graduate,STEM,15,5000-9999,Funded Startup,1,66,0
city_103,0.927,,Has relevent experience,no_enrollment,Graduate,STEM,>20,500-999,Pvt Ltd,1,31,<NA>
city_21,0.929,,Has relevent experience,no_enrollment,Masters,STEM,6,50-99,Funded Startup,never,29,1
city_65,0.86,,No relevent experience,Part time course,,STEM,6,,,never,104,1
city_19,0.924,,Has relevent experience,Full time course,Graduate,STEM,10,50-99,Pvt Ltd,1,16,0
city_19,0.872,Male,Has relevent experience,no_enrollment,Masters,STEM,2,50-99,,1,28,0
city_160,0.668,Male,No relevent experience,Full time course,Primary School,STEM,4,,,1,102,0
city_173,0.525,Male,No relevent experience,Full time course,High School,,2,,,never,33,0
city_103,0.47,Male,No relevent experience,Full time course,High School,,2,,,never,83,0
city_136,0.768,,Has relevent experience,Part time course,Graduate,STEM,3,,Pvt Ltd,1,21,1
city_103,0.913,,Has relevent experience,no_enrollment,Graduate,STEM,>20,100-500,Pvt Ltd,3,77,0
city_103,0.903,,Has relevent experience,no_enrollment,Masters,Other,6,,Pvt Ltd,3,104,0
city_16,0.859,Female,Has relevent experience,no_enrollment,Phd,STEM,2,,NGO,2,38,0
city_114,0.601,Male,No relevent experience,Full time course,,No Major,15,,Pvt Ltd,1,92,<NA>
city_103,0.681,Male,Has relevent experience,no_enrollment,Masters,STEM,>20,10000+,Pvt Ltd,>4,7,1
city_19,0.912,Male,No relevent experience,no_enrollment,Primary School,,2,,,never,5,0
city_173,0.916,,Has relevent experience,no_enrollment,High School,STEM,>20,100-500,Pvt Ltd,>4,33,0
city_114,0.886,Male,Has relevent experience,Full time course,Graduate,STEM,4,10000+,Pvt Ltd,1,24,<NA>
city_103,0.918,,Has relevent experience,no_enrollment,Graduate,STEM,16,50-99,Pvt Ltd,4,79,1
city_160,0.912,Male,Has relevent experience,no_enrollment,Graduate,STEM,10,<10,Pvt Ltd,>4,46,0
city_103,0.917,Male,Has relevent experience,no_enrollment,Masters,STEM,9,50-99,Pvt Ltd,1,16,1
city_11,0.611,Male,No relevent experience,Full time course,High School,Humanities,<1,,,never,2,0
city_16,0.608,,Has relevent experience,no_enrollment,High School,STEM,4,10/49,Public Sector,>4,26,1
city_103,0.908,,Has relevent experience,no_enrollment,Masters,STEM,>20,5000-9999,NGO,4,11,1
city_103,0.76,Male,No relevent experience,no_enrollment,Phd,STEM,>20,<10,Pvt Ltd,3,52,0
city_136,0.883,Male,Has relevent experience,no_enrollment,Masters,,7,500-999,Pvt Ltd,1,210,0
city_160,0.909,Male,No relevent experience,no_enrollment,Masters,STEM,4,,Pvt Ltd,1,155,0
city_103,0.909,Male,Has relevent experience,Part time course,Masters,STEM,6,1000-4999,Early Stage Startup,1,36,1
city_103,0.622,,Has relevent experience,no_enrollment,Graduate,STEM,>20,<10,NGO,1,38,1
city_21,0.806,,Has relevent experience,no_enrollment,Masters,STEM,5,,,1,6,1
city_103,0.637,,Has relevent experience,Part time course,Graduate,STEM,9,50-99,Pvt Ltd,2,28,1
city_103,0.904,,No relevent experience,Part time course,Graduate,STEM,10,,NGO,2,5,1
city_21,0.606,Male,Has relevent experience,no_enrollment,Graduate,STEM,14,<10,Funded Startup,1,44,1
city_45,0.921,Male,No relevent experience,,Masters,No Major,3,,NGO,never,143,1
city_101,0.913,Male,Has relevent experience,no_enrollment,Masters,STEM,>20,50-99,Pvt Ltd,2,18,1
city_160,0.758,Male,Has relevent experience,no_enrollment,Masters,Humanities,>20,50-99,Pvt Ltd,1,95,0
city_103,0.919,Male,Has relevent experience,no_enrollment,Masters,STEM,11,100-500,Pvt Ltd,2,10,1
city_160,0.934,,Has relevent experience,Part time course,Graduate,STEM,9,100-500,,1,15,1
city_73,0.778,,Has relevent experience,no_enrollment,Graduate,STEM,>20,50-99,Pvt Ltd,1,10,0
city_10,0.723,Male,No relevent experience,no_enrollment,Graduate,STEM,,<10,Pvt Ltd,1,13,1
city_160,0.918,,No relevent experience,Full time course,Masters,STEM,2,10000+,Pvt Ltd,1,22,0
city_46,0.927,Male,No relevent experience,no_enrollment,High School,,11,,,never,87,0
city_175,0.568,,Has relevent experience,Part time course,Graduate,STEM,2,500-999,Pvt Ltd,1,58,0
city_16,0.914,,No relevent experience,no_enrollment,Graduate,STEM,6,,,,39,0
city_103,0.919,Male,Has relevent experience,no_enrollment,Graduate,STEM,3,,,1,77,1
city_128,0.601,Male,No relevent experience,Full time course,High School,STEM,<1,,,1,8,1
city_146,0.918,Female,No relevent experience,no_enrollment,Masters,STEM,2,,,1,23,0
city_114,0.626,Male,Has relevent experience,no_enrollment,Phd,Other,>20,50-99,Pvt Ltd,>4,37,1
city_136,0.876,,Has relevent experience,no_enrollment,Masters,STEM,>20,100-500,Pvt Ltd,2,53,1
city_74,0.557,Male,Has relevent experience,no_enrollment,Masters,Other,7,50-99,Pvt Ltd,>4,100,0
city_100,0.522,Male,No relevent experience,Full time course,Graduate,STEM,8,,,1,110,0
city_100,0.915,Male,No relevent experience,no_enrollment,,,4,,,never,167,0
city_21,0.747,Male,No relevent experience,Full time course,Graduate,STEM,1,50-99,Pvt Ltd,1,28,1
city_114,0.613,Male,Has relevent experience,no_enrollment,Graduate,STEM,>20,100-500,NGO,2,65,1
city_103,0.918,Female,Has relevent experience,no_enrollment,Graduate,STEM,>20,5000-9999,Pvt Ltd,1,1,1
city_160,0.905,,Has relevent experience,no_enrollment,Graduate,STEM,>20,10000+,Pvt Ltd,>4,1,1
city_103,0.922,Female,Has relevent experience,Full time course,Graduate,,8,,,2,103,0
city_103,0.646,Female,Has relevent experience,no_enrollment,Graduate,STEM,10,10000+,Pvt Ltd,>4,5,0
city_16,0.732,,Has relevent experience,no_enrollment,Phd,STEM,6,50-99,Pvt Ltd,1,28,1
city_101,0.904,,Has relevent experience,no_enrollment,Graduate,STEM,2,<10,Pvt Ltd,>4,70,<NA>
city_64,0.922,Male,No relevent experience,Full time course,High School,Arts,2,,,never,117,0
city_103,0.612,Male,Has relevent experience,no_enrollment,Graduate,STEM,14,100-500,Pvt Ltd,1,175,0
city_103,0.885,Male,Has relevent experience,Full time course,Primary School,,4,,,2,97,1
city_114,0.683,,No relevent experience,,High School,,4,,,never,19,0
city_103,0.917,Male,Has relevent experience,no_enrollment,Graduate,STEM,12,10/49,Pvt Ltd,1,27,0
city_103,0.917,Male,Has relevent experience,no_enrollment,Graduate,STEM,>20,100-500,NGO,1,250,0
city_73,0.779,Female,Has relevent experience,no_enrollment,Graduate,STEM,12,100-500,Early Stage Startup,1,21,<NA>
city_67,0.56,Male,No relevent experience,Full time course,High School,,2,,,never,113,0
city_103,0.677,Male,Has relevent experience,no_enrollment,Graduate,Humanities,4,100-500,Pvt Ltd,2,27,0
city_59,0.611,,No relevent experience,Full time course,High School,STEM,10,,NGO,2,18,0
city_114,0.921,Male,Has relevent experience,,Masters,,17,,,never,45,0
city_21,0.485,Female,No relevent experience,Full time course,Graduate,STEM,5,,,never,42,1
city_83,0.914,Male,Has relevent experience,no_enrollment,Graduate,STEM,6,100-500,Pvt Ltd,1,39,0
city_103,0.935,,Has relevent experience,no_enrollment,Graduate,STEM,>20,100-500,NGO,1,60,0
city_21,0.624,,Has relevent experience,no_enrollment,Graduate,Humanities,10,1000-4999,Other,1,80,1
city_103,0.918,Male,Has relevent experience,,Graduate,No Major,5,100-500,Public Sector,2,109,0
city_160,0.624,Male,Has relevent experience,Full time course,Masters,STEM,6,100-500,Pvt Ltd,2,15,1
city_103,0.907,,Has relevent experience,no_enrollment,Graduate,STEM,5,1000-4999,Pvt Ltd,2,8,1
city_114,0.61,,Has relevent experience,no_enrollment,Masters,STEM,14,100-500,Pvt Ltd,>4,98,1
city_120,0.915,Male,Has relevent experience,no_enrollment,Masters,STEM,>20,100-500,NGO,4,102,1
city_160,0.594,,Has relevent experience,no_enrollment,Graduate,STEM,>20,100-500,Pvt Ltd,2,215,0
city_103,0.916,,Has relevent experience,no_enrollment,Masters,STEM,9,50-99,Pvt Ltd,1,126,0
city_21,0.909,,Has relevent experience,no_enrollment,Graduate,STEM,>20,1000-4999,Pvt Ltd,1,33,1
city_136,0.722,Male,Has relevent experience,no_enrollment,Graduate,STEM,>20,50-99,Pvt Ltd,2,33,0
city_16,0.917,Male,Has relevent experience,no_enrollment,Masters,STEM,5,5000-9999,Pvt Ltd,1,134,0
city_103,0.745,,Has relevent experience,Part time course,Graduate,STEM,10,10000+,Pvt Ltd,1,22,0
city_21,0.916,Male,Has relevent experience,no_enrollment,Graduate,STEM,>20,100-500,Pvt Ltd,>4,64,0
city_103,0.919,,Has relevent experience,no_enrollment,Masters,STEM,7,10000+,Pvt Ltd,>4,18,1
city_116,0.627,,Has relevent experience,no_enrollment,Graduate,Humanities,10,10000+,Pvt Ltd,1,5,0
city_78,0.912,Male,No relevent experience,Full time course,Graduate,,1,,,never,12,1
city_103,0.798,Male,No relevent experience,Full time course,,STEM,7,,Funded Startup,never,14,0
city_19,0.908,Male,No relevent experience,Full time course,,,2,,,never,27,0
city_116,0.6,Male,Has relevent experience,no_enrollment,Graduate,STEM,<1,,Pvt Ltd,1,2,1
city_103,0.609,,Has relevent experience,no_enrollment,Phd,STEM,7,100-500,Early Stage Startup,>4,21,1
city_103,0.921,Male,Has relevent experience,no_enrollment,Graduate,STEM,>20,50-99,Pvt Ltd,>4,26,<NA>
city_42,0.912,,Has relevent experience,no_enrollment,Graduate,STEM,12,5000-9999,Pvt Ltd,>4,21,0
city_73,0.807,Male,No relevent experience,Full time course,High School,STEM,4,,,never,15,0
city_103,0.926,,Has relevent experience,Full time course,Masters,STEM,>20,10/49,Pvt Ltd,1,23,0
city_50,0.852,,Has relevent experience,no_enrollment,Graduate,STEM,>20,50-99,Funded Startup,1,60,<NA>
city_11,0.624,Other,No relevent experience,Full time course,Graduate,,4,,,never,80,1
city_103,0.915,,No relevent experience,Full time course,High School,STEM,3,,,2,112,0
city_16,0.926,,Has relevent experience,no_enrollment,Graduate,STEM,16,5000-9999,Pvt Ltd,1,21,1
city_74,0.763,,No relevent experience,no_enrollment,Masters,STEM,6,,Pvt Ltd,2,220,0
city_114,0.619,,Has relevent experience,no_enrollment,Graduate,STEM,6,1000-4999,Pvt Ltd,>4,50,0
city_149,0.912,Male,Has relevent experience,no_enrollment,Masters,STEM,3,5000-9999,Pvt Ltd,1,13,<NA>
city_103,0.626,,No relevent experience,no_enrollment,High School,STEM,4,,,never,105,<NA>
city_103,0.469,Male,Has relevent experience,no_enrollment,Graduate,STEM,4,,Pvt Ltd,1,214,<NA>
city_103,0.915,,Has relevent experience,Part time course,Graduate,STEM,>20,50-99,NGO,1,19,1
city_103,0.607,Male,Has relevent experience,no_enrollment,Masters,STEM,>20,50-99,Pvt Ltd,>4,60,0
city_103,0.917,,Has relevent experience,no_enrollment,Graduate,Arts,10,50-99,Early Stage Startup,1,244,0
city_103,0.885,Female,No relevent experience,Full time course,Graduate,STEM,9,<10,Pvt Ltd,2,105,<NA>
city_127,0.927,,Has relevent experience,no_enrollment,Masters,STEM,12,100-500,Pvt Ltd,1,30,1
city_142,0.913,Male,Has relevent experience,no_enrollment,Masters,STEM,12,10/49,Pvt Ltd,1,139,1
city_114,0.813,Male,No relevent experience,no_enrollment,Graduate,No Major,2,,,>4,15,0
city_21,0.906,Male,Has relevent experience,no_enrollment,Masters,STEM,7,10000+,Pvt Ltd,3,36,1
city_103,0.704,Male,No relevent experience,no_enrollment,High School,STEM,1,,,1,74,1
city_103,0.6,Male,No relevent experience,no_enrollment,High School,STEM,8,,,1,33,0
city_144,0.918,,No relevent experience,no_enrollment,Graduate,,8,5000-9999,Early Stage Startup,1,99,<NA>
city_102,0.723,,Has relevent experience,no_enrollment,Masters,STEM,>20,50-99,Funded Startup,2,117,0
city_103,0.682,,No relevent experience,Full time course,Graduate,STEM,3,,,2,78,1
city_48,0.912,Male,Has relevent experience,Part time course,Masters,STEM,>20,50-99,Funded Startup,2,17,1
city_103,0.875,Male,Has relevent experience,Part time course,Graduate,STEM,>20,10000+,Pvt Ltd,1,11,1
city_103,0.891,Male,No relevent experience,Full time course,,,3,,,,91,0
city_16,0.907,,Has relevent experience,Part time course,Masters,STEM,>20,50-99,Pvt Ltd,>4,46,0
city_71,0.912,Male,Has relevent experience,no_enrollment,Graduate,STEM,>20,50-99,Pvt Ltd,4,143,0
city_114,0.916,Male,Has relevent experience,no_enrollment,Masters,STEM,14,100-500,Pvt Ltd,>4,22,1
city_120,0.903,Male,Has relevent experience,Full time course,Graduate,STEM,5,,Public Sector,1,16,<NA>
city_103,0.909,Male,Has relevent experience,Part time course,Graduate,STEM,5,10000+,Pvt Ltd,1,9,0
city_70,0.911,Male,No relevent experience,,High School,STEM,1,,,never,65,0
city_16,0.921,,No relevent experience,no_enrollment,Graduate,No Major,5,,,>4,9,0
city_100,0.931,Male,No relevent experience,,High School,Business Degree,3,,,never,54,1
city_103,0.63,Male,Has relevent experience,Full time course,Graduate,STEM,3,50-99,Public Sector,1,16,1
city_103,0.923,,Has relevent experience,no_enrollment,Graduate,STEM,5,10000+,Pvt Ltd,3,30,<NA>
city_160,0.618,Male,Has relevent experience,no_enrollment,Graduate,Other,19,100-500,Pvt Ltd,1,64,0
city_136,0.915,Male,Has relevent experience,no_enrollment,Graduate,STEM,14,10/49,Pvt Ltd,1,21,0
city_103,0.751,Male,No relevent experience,no_enrollment,Graduate,STEM,>20,<10,Public Sector,1,8,0
city_114,0.914,,Has relevent experience,no_enrollment,Graduate,STEM,4,10/49,Pvt Ltd,1,26,0
city_114,0.762,,Has relevent experience,no_enrollment,Masters,Humanities,>20,10/49,Pvt Ltd,4,98,1
city_103,0.68,Male,No relevent experience,Full time course,High School,,4,,,1,154,0
city_16,0.911,,Has relevent experience,no_enrollment,Graduate,STEM,7,100-500,Pvt Ltd,2,173,1
city_114,0.921,Male,No relevent experience,,High School,,2,,,,23,0
city_89,0.624,Male,Has relevent experience,no_enrollment,Graduate,STEM,14,10/49,Pvt Ltd,1,93,1
city_114,0.834,,No relevent experience,Full time course,High School,,1,,,never,17,0
city_73,0.845,Female,Has relevent experience,no_enrollment,Masters,STEM,5,10000+,Public Sector,,19,<NA>
city_127,0.905,Male,Has relevent experience,no_enrollment,Phd,Business Degree,6,,NGO,2,130,0
city_107,0.942,,Has relevent experience,Full time course,Graduate,STEM,20,,NGO,1,14,<NA>
city_103,0.908,,Has relevent experience,no_enrollment,High School,STEM,14,,,1,25,1
city_103,0.914,,Has relevent experience,Full time course,Graduate,STEM,>20,50-99,Pvt Ltd,1,77,<NA>
city_78,0.816,,Has relevent experience,no_enrollment,Phd,STEM,15,50-99,Pvt Ltd,1,18,0
city_61,0.915,Male,No relevent experience,Full time course,Masters,STEM,>20,5000-9999,Pvt Ltd,>4,21,1
city_103,0.914,Male,Has relevent experience,no_enrollment,Masters,STEM,10,100-500,Pvt Ltd,1,9,1
city_73,0.902,Male,Has relevent experience,no_enrollment,Graduate,STEM,4,100-500,Pvt Ltd,>4,2,1
city_103,0.918,,Has relevent experience,Part time course,Graduate,STEM,5,,Pvt Ltd,2,23,<NA>
city_104,0.849,Male,Has relevent experience,no_enrollment,Masters,Other,4,50-99,Pvt Ltd,3,26,0
city_103,0.913,,Has relevent experience,no_enrollment,Graduate,Humanities,>20,50-99,Early Stage Startup,1,23,0
city_16,0.926,Female,Has relevent experience,no_enrollment,Masters,STEM,>20,<10,Pvt Ltd,2,150,0
city_103,0.917,,No relevent experience,Part time course,High School,,4,,,never,113,0
city_103,0.921,Female,Has relevent experience,no_enrollment,Graduate,STEM,9,50-99,Pvt Ltd,>4,73,<NA>
city_16,0.909,,Has relevent experience,no_enrollment,Phd,STEM,>20,50-99,Pvt Ltd,1,80,0
city_89,0.865,,Has relevent experience,no_enrollment,Graduate,STEM,6,10000+,Pvt Ltd,1,10,1
city_103,0.927,,Has relevent experience,no_enrollment,Masters,STEM,>20,100-500,Pvt Ltd,>4,161,0
city_89,0.616,Male,No relevent experience,Full time course,Graduate,STEM,>20,,,1,98,0
city_16,0.874,,Has relevent experience,Full time course,Graduate,STEM,15,50-99,Pvt Ltd,>4,83,<NA>
city_77,0.769,Female,Has relevent experience,Full time course,Graduate,STEM,2,,,1,25,0
city_103,0.868,,Has relevent experience,no_enrollment,Graduate,STEM,5,50-99,Public Sector,1,15,0
city_102,0.788,,Has relevent experience,no_enrollment,Masters,STEM,>20,,Pvt Ltd,>4,18,1
city_36,0.485,Male,No relevent experience,Full time course,High School,,19,,,never,15,0
city_93,0.926,Male,Has relevent experience,,Graduate,Arts,>20,,Funded Startup,>4,9,<NA>
city_136,0.819,Female,No relevent experience,Full time course,Graduate,STEM,4,,,never,249,0
city_105,0.728,Male,Has relevent experience,no_enrollment,Graduate,STEM,4,500-999,Pvt Ltd,1,46,1
city_103,0.908,,Has relevent experience,Full time course,Graduate,STEM,>20,500-999,Pvt Ltd,1,42,1
city_101,0.617,Male,No relevent experience,no_enrollment,,,2,,,1,206,1
city_90,0.693,,No relevent experience,no_enrollment,Graduate,STEM,6,10000+,Pvt Ltd,2,3,1
city_21,0.922,,No relevent experience,no_enrollment,Graduate,STEM,6,,,never,199,1
city_16,0.517,Male,No relevent experience,Full time course,High School,No Major,3,,,never,12,0
city_103,0.873,Male,Has relevent experience,no_enrollment,Graduate,,>20,50-99,Funded Startup,>4,46,0
city_75,0.922,Male,No relevent experience,Full time course,High School,,1,,,never,6,0
city_114,0.924,Male,Has relevent experience,no_enrollment,Graduate,STEM,9,50-99,Funded Startup,2,49,0
city_160,0.882,,Has relevent experience,no_enrollment,Graduate,STEM,9,10000+,Pvt Ltd,1,38,1
city_103,0.597,,Has relevent experience,no_enrollment,Masters,STEM,20,<10,Early Stage Startup,1,22,0
city_104,0.92,Male,Has relevent experience,no_enrollment,High School,STEM,>20,100-500,Pvt Ltd,4,8,0
city_21,0.904,Male,Has relevent experience,no_enrollment,Graduate,STEM,>20,50-99,Pvt Ltd,>4,9,0
city_100,0.737,,Has relevent experience,Full time course,High School,STEM,2,,,1,62,1
city_16,0.544,,Has relevent experience,Full time course,Phd,STEM,15,10/49,Pvt Ltd,1,49,1
city_103,0.638,,Has relevent experience,no_enrollment,Graduate,STEM,>20,5000-9999,Pvt Ltd,1,30,1
city_103,0.73,Male,Has relevent experience,no_enrollment,Phd,STEM,18,50-99,Pvt Ltd,1,112,0
city_103,0.918,Male,Has relevent experience,no_enrollment,Graduate,STEM,>20,10000+,Pvt Ltd,>4,215,0
city_55,0.911,Male,No relevent experience,Part time course,High School,Business Degree,7,,Pvt Ltd,2,23,0
city_103,0.924,Male,Has relevent experience,no_enrollment,Graduate,STEM,>20,1000-4999,Pvt Ltd,1,336,1
city_16,0.716,Male,Has relevent experience,Full time course,Masters,Business Degree,4,,Pvt Ltd,1,192,1
city_103,0.915,,Has relevent experience,no_enrollment,Masters,STEM,2,50-99,Pvt Ltd,1,52,0
city_103,0.704,Male,No relevent experience,no_enrollment,High School,STEM,3,,,never,41,1
city_74,0.768,Female,No relevent experience,no_enrollment,Graduate,STEM,2,,,1,53,0
city_16,0.914,Male,Has relevent experience,no_enrollment,Graduate,STEM,11,1000-4999,Pvt Ltd,1,213,0
city_103,0.899,Male,Has relevent experience,no_enrollment,Graduate,STEM,>20,50-99,Pvt Ltd,2,15,<NA>
city_114,0.6,Male,No relevent experience,Full time course,Graduate,STEM,>20,<10,,1,9,<NA>
city_74,0.74,,No relevent experience,,Graduate,,3,,,never,26,1
city_16,0.919,,Has relevent experience,no_enrollment,Masters,STEM,>20,5000-9999,Pvt Ltd,1,10,1
city_123,0.906,,No relevent experience,Part time course,Masters,STEM,>20,,,never,246,0
city_103,0.917,Male,No relevent experience,no_enrollment,Masters,STEM,>20,50-99,Pvt Ltd,,31,0
city_103,0.915,Male,Has relevent experience,Part time course,Graduate,STEM,>20,50-99,Pvt Ltd,>4,76,0
city_160,0.712,Male,Has relevent experience,Part time course,Graduate,STEM,6,100-500,Pvt Ltd,1,120,0
city_104,0.907,,No relevent experience,no_enrollment,,,3,,,never,32,0
city_71,0.902,,Has relevent experience,no_enrollment,Graduate,STEM,>20,,Pvt Ltd,1,18,1
city_104,0.909,,Has relevent experience,no_enrollment,Masters,STEM,6,50-99,Pvt Ltd,1,110,1
city_103,0.908,Male,Has relevent experience,Full time course,High School,,1,,,1,120,0
city_103,0.921,Male,No relevent experience,no_enrollment,Phd,STEM,6,,Pvt Ltd,>4,178,0
city_105,0.913,,Has relevent experience,Part time course,Phd,STEM,6,10000+,Pvt Ltd,1,19,0
city_160,0.949,Male,Has relevent experience,no_enrollment,Masters,Other,11,100-500,Pvt Ltd,3,146,1
city_21,0.622,Male,Has relevent experience,no_enrollment,Masters,STEM,10,500-999,Pvt Ltd,3,28,1
city_103,0.906,,Has relevent experience,Part time course,Graduate,STEM,4,50-99,Pvt Ltd,1,10,1
city_173,0.916,,Has relevent experience,no_enrollment,Graduate,STEM,5,,Funded Startup,1,29,0
city_94,0.912,Female,Has relevent experience,no_enrollment,Graduate,STEM,15,<10,Pvt Ltd,>4,77,0
city_103,0.909,Male,Has relevent experience,no_enrollment,Graduate,STEM,>20,50-99,Pvt Ltd,>4,37,1
city_21,0.914,Male,Has relevent experience,no_enrollment,Masters,STEM,>20,50-99,Pvt Ltd,2,55,1
city_13,0.873,Male,No relevent experience,,High School,,<1,,,never,16,0
city_16,0.91,,Has relevent experience,no_enrollment,Graduate,STEM,14,100-500,Pvt Ltd,1,16,1
city_114,0.642,Male,No relevent experience,,High School,,>20,,,never,10,0
city_1,0.855,Other,No relevent experience,Part time course,Graduate,,3,,,>4,57,0
city_11,0.708,Male,Has relevent experience,Full time course,Graduate,STEM,11,10000+,Pvt Ltd,1,24,1
city_90,0.895,,No relevent experience,Full time course,Masters,STEM,4,,Pvt Ltd,1,10,1
city_103,0.929,,No relevent experience,no_enrollment,High School,,2,,,1,205,0
city_103,0.895,,Has relevent experience,no_enrollment,Graduate,STEM,19,10000+,Pvt Ltd,>4,62,1
city_103,0.87,Male,Has relevent experience,no_enrollment,Masters,STEM,>20,,Pvt Ltd,4,88,1
city_103,0.915,Male,Has relevent experience,Full time course,Graduate,STEM,12,10/49,Pvt Ltd,1,106,1
city_103,0.614,,No relevent experience,Full time course,Graduate,STEM,2,,,1,14,1
city_21,0.606,Male,Has relevent experience,Part time course,Graduate,STEM,6,100-500,Pvt Ltd,4,80,0
city_103,0.605,Male,Has relevent experience,no_enrollment,Graduate,STEM,6,50-99,Pvt Ltd,2,18,0
city_103,0.926,Male,Has relevent experience,no_enrollment,Graduate,STEM,10,100-500,Pvt Ltd,3,54,<NA>
city_103,0.915,Male,Has relevent experience,Full time course,Masters,STEM,8,50-99,Pvt Ltd,1,36,0
city_73,0.635,Female,No relevent experience,Full time course,Graduate,STEM,3,,,1,14,0
city_103,0.854,,Has relevent experience,Full time course,Graduate,STEM,10,100-500,Early Stage Startup,1,20,<NA>
city_21,0.741,Male,No relevent experience,Full time course,High School,STEM,2,,,never,34,1
city_160,0.906,Female,Has relevent experience,no_enrollment,Graduate,STEM,2,50-99,Pvt Ltd,2,85,0
city_16,0.918,,Has relevent experience,Part time course,Graduate,STEM,7,100-500,Pvt Ltd,3,64,1
city_45,0.898,,Has relevent experience,Full time course,Graduate,STEM,6,1000-4999,Pvt Ltd,2,4,1
city_114,0.61,,Has relevent experience,Full time course,Graduate,STEM,>20,1000-4999,Pvt Ltd,1,24,1
city_55,0.845,,Has relevent experience,no_enrollment,Phd,STEM,17,100-500,Early Stage Startup,1,8,0
city_57,0.741,Male,Has relevent experience,no_enrollment,Graduate,STEM,4,100-500,Public Sector,1,43,0
city_103,0.916,Male,Has relevent experience,no_enrollment,Masters,STEM,5,50-99,Pvt Ltd,1,23,1
city_73,0.914,,No relevent experience,no_enrollment,Masters,STEM,11,50-99,Pvt Ltd,2,15,<NA>
city_14,0.917,,Has relevent experience,Part time course,Graduate,STEM,6,100-500,Pvt Ltd,1,65,1
city_103,0.906,Male,Has relevent experience,no_enrollment,Graduate,STEM,20,100-500,Early Stage Startup,1,35,0
city_103,0.923,Male,No relevent experience,no_enrollment,High School,,2,,,never,29,0
city_103,0.631,,Has relevent experience,Full time course,Graduate,Arts,19,,,1,67,1
city_103,0.583,Male,Has relevent experience,no_enrollment,Masters,STEM,>20,5000-9999,Pvt Ltd,,19,0
city_103,0.763,Male,No relevent experience,Full time course,,,8,,,1,57,0
city_106,0.874,Male,No relevent experience,no_enrollment,Masters,STEM,10,500-999,Pvt Ltd,2,17,<NA>
city_103,0.75,Female,Has relevent experience,no_enrollment,Graduate,STEM,>20,<10,Pvt Ltd,2,45,0
city_103,0.907,Female,Has relevent experience,no_enrollment,Masters,STEM,10,<10,Pvt Ltd,2,7,<NA>
city_103,0.917,,No relevent experience,no_enrollment,Graduate,STEM,8,5000-9999,Funded Startup,1,259,<NA>
city_160,0.909,Male,Has relevent experience,no_enrollment,Masters,STEM,14,100-500,Pvt Ltd,>4,33,0
city_16,0.57,Male,No relevent experience,Full time course,Graduate,,3,,,1,20,1
city_114,0.916,Other,Has relevent experience,no_enrollment,High School,STEM,6,,,1,100,<NA>
city_16,0.916,Male,No relevent experience,Full time course,Graduate,STEM,3,,,never,11,0
city_103,0.919,,Has relevent experience,no_enrollment,Masters,Other,4,10000+,Pvt Ltd,>4,30,0
city_160,0.917,Male,Has relevent experience,no_enrollment,Graduate,STEM,2,1000-4999,Pvt Ltd,>4,37,0
city_103,0.915,,Has relevent experience,no_enrollment,Graduate,STEM,9,100-500,Public Sector,1,23,1
city_103,0.888,Male,Has relevent experience,no_enrollment,Masters,STEM,>20,100-500,Pvt Ltd,2,113,1
city_103,0.681,Male,No relevent experience,Full time course,Primary School,,<1,,Public Sector,never,9,0
city_114,0.909,Female,Has relevent experience,no_enrollment,Graduate,STEM,12,1000-4999,Pvt Ltd,>4,1,1
city_105,0.859,,No relevent experience,no_enrollment,Graduate,STEM,6,50-99,NGO,1,70,1
city_16,0.917,,Has relevent experience,no_enrollment,Masters,STEM,11,100-500,Pvt Ltd,>4,111,1
city_136,0.918,Other,No relevent experience,Full time course,High School,,3,,,never,53,0
city_97,0.92,Male,No relevent experience,no_enrollment,Masters,STEM,14,10000+,,4,93,1
city_149,0.92,,No relevent experience,Full time course,Graduate,STEM,4,10/49,Public Sector,1,19,0
city_103,0.745,Male,Has relevent experience,Full time course,Graduate,STEM,2,50-99,Pvt Ltd,1,107,0
city_19,0.841,,No relevent experience,Full time course,Graduate,STEM,3,,Pvt Ltd,never,1,1
city_103,0.747,Female,Has relevent experience,no_enrollment,Masters,STEM,>20,10000+,Pvt Ltd,1,5,1
city_103,0.539,,No relevent experience,no_enrollment,Graduate,STEM,9,,,1,143,1
city_11,0.908,,Has relevent experience,Full time course,Graduate,,2,,,1,29,0
city_16,0.929,,Has relevent experience,Full time course,Masters,STEM,>20,10/49,Pvt Ltd,1,34,<NA>
city_103,0.819,,Has relevent experience,no_enrollment,Graduate,STEM,6,1000-4999,NGO,2,18,0
city_114,0.911,,Has relevent experience,no_enrollment,Masters,STEM,11,100-500,Pvt Ltd,4,1,0
city_103,0.708,Male,Has relevent experience,no_enrollment,Masters,STEM,6,5000-9999,Pvt Ltd,1,138,0
city_37,0.653,,Has relevent experience,Full time course,Masters,,2,,Pvt Ltd,1,42,0
city_114,0.902,,Has relevent experience,no_enrollment,Masters,STEM,6,5000-9999,Pvt Ltd,1,11,1
city_103,0.68,Male,No relevent experience,no_enrollment,Graduate,Business Degree,7,50-99,,never,98,0
city_103,0.91,Female,Has relevent experience,no_enrollment,Masters,STEM,>20,100-500,Pvt Ltd,2,30,0
city_150,0.918,Male,No relevent experience,,,,11,,,never,261,0
city_103,0.611,,No relevent experience,Full time course,Masters,,2,,,never,20,0
city_103,0.922,,Has relevent experience,no_enrollment,Graduate,STEM,9,50-99,Pvt Ltd,2,22,0
city_55,0.623,,Has relevent experience,no_enrollment,Graduate,STEM,19,50-99,Pvt Ltd,1,55,0
city_160,0.911,Male,Has relevent experience,no_enrollment,Graduate,Business Degree,6,100-500,Pvt Ltd,1,10,1
city_103,0.906,,Has relevent experience,no_enrollment,Masters,STEM,6,50-99,Pvt Ltd,1,102,0
city_103,0.696,Male,No relevent experience,no_enrollment,High School,STEM,>20,,Funded Startup,never,160,1
city_21,0.715,,No relevent experience,no_enrollment,Graduate,STEM,8,,Pvt Ltd,1,68,1
city_100,0.63,Male,No relevent experience,Full time course,Graduate,,4,,,never,170,1
city_114,0.933,Male,Has relevent experience,no_enrollment,High School,Other,17,100-500,NGO,1,32,0
city_40,0.927,Male,Has relevent experience,no_enrollment,Primary School,STEM,>20,,,1,115,1
city_160,0.718,Male,Has relevent experience,no_enrollment,Graduate,Humanities,11,5000-9999,Pvt Ltd,1,8,0
city_53,0.876,,Has relevent experience,Full time course,Phd,STEM,2,50-99,NGO,2,32,1
city_114,0.914,Male,Has relevent experience,no_enrollment,Masters,STEM,6,<10,Pvt Ltd,>4,63,0
city_100,0.906,,Has relevent experience,no_enrollment,Masters,STEM,>20,10000+,Pvt Ltd,1,2,1
city_114,0.922,,Has relevent experience,,Masters,Humanities,>20,50-99,Pvt Ltd,>4,268,1
city_141,0.913,,Has relevent experience,Full time course,Masters,STEM,13,,Pvt Ltd,1,85,1
city_103,0.923,Male,Has relevent experience,Full time course,Graduate,STEM,>20,500-999,Pvt Ltd,1,18,0
city_114,0.698,,No relevent experience,Full time course,High School,,3,,,never,10,0
city_160,0.914,Male,Has relevent experience,no_enrollment,High School,,1,,,>4,89,0
city_21,0.911,,Has relevent experience,no_enrollment,Masters,STEM,2,50-99,Pvt Ltd,1,28,0
city_42,0.83,,No relevent experience,Full time course,Phd,STEM,18,100-500,Pvt Ltd,2,11,0
city_167,0.89,Male,No relevent experience,Part time course,Graduate,No Major,3,,,1,29,0
city_37,0.522,Male,No relevent experience,,High School,STEM,3,,,never,108,1
city_61,0.926,Male,Has relevent experience,no_enrollment,Masters,Humanities,8,<10,Pvt Ltd,2,94,0
city_73,0.908,Male,Has relevent experience,no_enrollment,Masters,STEM,17,100-500,Pvt Ltd,4,22,0
city_149,0.605,Male,No relevent experience,Full time course,High School,,2,,,never,26,0
city_136,0.728,Male,Has relevent experience,no_enrollment,Graduate,STEM,6,10000+,Pvt Ltd,2,75,0
city_103,0.919,,Has relevent experience,no_enrollment,Graduate,STEM,12,50-99,Pvt Ltd,1,19,1
city_160,0.912,,No relevent experience,no_enrollment,High School,Business Degree,14,,Pvt Ltd,3,9,0
city_103,0.919,,Has relevent experience,no_enrollment,Graduate,STEM,>20,50-99,Pvt Ltd,>4,40,1
city_114,0.92,,No relevent experience,no_enrollment,Masters,STEM,15,100-500,Pvt Ltd,1,164,0
city_103,0.912,Male,Has relevent experience,no_enrollment,Masters,STEM,>20,100-500,Pvt Ltd,>4,131,1
city_114,0.932,,No relevent experience,Full time course,High School,,1,,,never,86,0
city_82,0.705,,Has relevent experience,no_enrollment,Masters,STEM,13,5000-9999,Funded Startup,2,2,0
city_105,0.921,Male,Has relevent experience,no_enrollment,Masters,STEM,17,10000+,Pvt Ltd,>4,84,0
city_160,0.913,Male,Has relevent experience,no_enrollment,Graduate,STEM,12,100-500,Pvt Ltd,>4,10,0
city_65,0.761,Male,No relevent experience,no_enrollment,,,2,,,never,73,0
city_105,0.915,Male,Has relevent experience,no_enrollment,Graduate,STEM,9,5000-9999,Pvt Ltd,1,5,0
city_103,0.891,,Has relevent experience,Full time course,Graduate,STEM,2,100-500,Pvt Ltd,1,146,0
city_160,0.774,,No relevent experience,Full time course,High School,,4,,,never,41,0
city_114,0.921,Male,Has relevent experience,no_enrollment,Masters,STEM,>20,50-99,Pvt Ltd,1,2,1
city_116,0.727,,No relevent experience,no_enrollment,,STEM,18,10/49,Pvt Ltd,2,146,<NA>
city_103,0.921,Male,No relevent experience,Part time course,Graduate,STEM,>20,10000+,Public Sector,1,20,0
city_40,0.633,Male,No relevent experience,no_enrollment,Graduate,STEM,11,100-500,Pvt Ltd,1,43,1
city_103,0.737,Male,No relevent experience,no_enrollment,High School,,2,,,never,22,1
city_103,0.605,Male,Has relevent experience,Full time course,Graduate,STEM,>20,,,1,21,0
city_23,0.908,Male,Has relevent experience,no_enrollment,Masters,STEM,>20,50-99,Pvt Ltd,>4,36,0
city_103,0.806,,Has relevent experience,no_enrollment,Graduate,STEM,6,<10,Pvt Ltd,1,14,1
city_103,0.906,,Has relevent experience,Full time course,High School,STEM,5,,,>4,8,0
city_103,0.604,,Has relevent experience,no_enrollment,Masters,STEM,8,50-99,Public Sector,2,39,1
city_16,0.704,Male,Has relevent experience,no_enrollment,Graduate,STEM,11,50-99,Pvt Ltd,>4,79,0
city_73,0.64,,Has relevent experience,no_enrollment,Graduate,STEM,>20,50-99,Pvt Ltd,1,15,1
city_103,0.915,Male,Has relevent experience,no_enrollment,Masters,STEM,>20,<10,Pvt Ltd,1,31,0
city_114,0.833,,No relevent experience,Full time course,Graduate,STEM,4,,,4,101,<NA>
city_116,0.648,Male,No relevent experience,Full time course,Graduate,STEM,,,Pvt Ltd,never,53,1
city_114,0.819,Male,No relevent experience,no_enrollment,High School,STEM,17,50-99,,1,63,0
city_71,0.7,Male,Has relevent experience,no_enrollment,Masters,STEM,10,50-99,Pvt Ltd,1,62,1
city_105,0.813,,Has relevent experience,no_enrollment,Graduate,STEM,<1,10000+,Pvt Ltd,>4,12,1
city_160,0.498,Male,Has relevent experience,Full time course,Graduate,STEM,>20,10000+,Pvt Ltd,1,139,0
city_114,0.92,,Has relevent experience,no_enrollment,Graduate,STEM,15,<10,,1,16,1
city_103,0.924,,Has relevent experience,no_enrollment,Graduate,STEM,1,50-99,Pvt Ltd,1,21,<NA>
city_48,0.921,,Has relevent experience,Full time course,Masters,STEM,9,50-99,Public Sector,>4,22,0
city_160,0.708,Male,No relevent experience,Full time course,High School,,1,,Pvt Ltd,1,152,0
city_103,0.612,Male,Has relevent experience,no_enrollment,Masters,STEM,5,10000+,Early Stage Startup,1,82,1
city_103,0.921,Other,Has relevent experience,no_enrollment,Graduate,STEM,>20,1000-4999,Pvt Ltd,1,54,0
city_116,0.611,Female,Has relevent experience,no_enrollment,Graduate,STEM,7,100-500,Pvt Ltd,1,10,1
city_114,0.91,Male,No relevent experience,Part time course,Graduate,Other,4,,,,29,0
city_21,0.476,,No relevent experience,Full time course,Graduate,STEM,>20,,,never,27,1
city_99,0.617,Male,Has relevent experience,no_enrollment,,STEM,4,,Pvt Ltd,>4,54,0
city_21,0.617,,Has relevent experience,Full time course,Graduate,,>20,,,2,6,1
city_16,0.905,Male,No relevent experience,no_enrollment,High School,,4,,,never,98,0
city_173,0.807,Male,Has relevent experience,Full time course,Masters,Humanities,10,10000+,Pvt Ltd,1,84,0
city_103,0.782,,Has relevent experience,Part time course,Graduate,STEM,>20,1000-4999,Pvt Ltd,1,58,<NA>
city_21,0.619,,Has relevent experience,no_enrollment,Graduate,STEM,10,10/49,Pvt Ltd,2,141,<NA>
city_50,0.935,Other,No relevent experience,Full time course,Graduate,STEM,2,,,,36,<NA>
city_114,0.701,,Has relevent experience,no_enrollment,Masters,Humanities,9,,,4,1,0
city_13,0.812,Male,Has relevent experience,Full time course,Graduate,STEM,6,,,never,78,1
city_114,0.93,Male,Has relevent experience,no_enrollment,Masters,Other,9,100-500,Pvt Ltd,>4,120,1
city_103,0.61,,Has relevent experience,no_enrollment,Graduate,STEM,>20,10000+,,1,1,1
city_114,0.925,Male,No relevent experience,no_enrollment,High School,,5,,,never,12,1
city_103,0.918,Male,Has relevent experience,no_enrollment,Graduate,STEM,6,50-99,Pvt Ltd,2,29,0
city_103,0.887,Male,Has relevent experience,no_enrollment,Masters,STEM,>20,50-99,Pvt Ltd,2,91,0
city_103,0.909,,Has relevent experience,Full time course,Graduate,STEM,2,1000-4999,Pvt Ltd,1,7,1
city_73,0.611,,No relevent experience,Full time course,High School,STEM,10,,,never,41,1
city_103,0.917,Male,Has relevent experience,no_enrollment,Graduate,STEM,10,50-99,Funded Startup,1,41,1
city_103,0.919,Male,Has relevent experience,no_enrollment,Graduate,STEM,15,10/49,Pvt Ltd,1,69,1
city_103,0.658,,Has relevent experience,no_enrollment,Masters,STEM,>20,10000+,Pvt Ltd,>4,101,0
city_114,0.906,,No relevent experience,Full time course,,,2,,,never,59,0
city_103,0.902,,Has relevent experience,Part time course,Graduate,STEM,16,,Pvt Ltd,1,25,1
city_103,0.908,,Has relevent experience,no_enrollment,Masters,STEM,5,1000-4999,Pvt Ltd,2,29,1
city_103,0.919,Male,Has relevent experience,no_enrollment,Masters,STEM,15,100-500,,>4,326,0
city_114,0.637,Male,Has relevent experience,no_enrollment,Masters,STEM,4,<10,Pvt Ltd,>4,84,0
city_103,0.919,Male,Has relevent experience,no_enrollment,Masters,Business Degree,>20,,Pvt Ltd,>4,59,0
city_16,0.547,Male,No relevent experience,Part time course,Graduate,STEM,>20,,Pvt Ltd,4,5,0
city_103,0.827,,Has relevent experience,no_enrollment,Masters,Other,8,50-99,Pvt Ltd,1,15,1
city_61,0.909,Male,Has relevent experience,no_enrollment,Graduate,STEM,11,50-99,Pvt Ltd,2,119,<NA>
city_89,0.763,Male,Has relevent experience,Full time course,High School,STEM,4,,,1,241,0
city_50,0.899,Male,Has relevent experience,no_enrollment,Masters,No Major,10,10000+,Early Stage Startup,3,58,1
city_70,0.895,Male,Has relevent experience,no_enrollment,Masters,STEM,>20,100-500,Pvt Ltd,1,65,0
city_149,0.677,,No relevent experience,no_enrollment,High School,,3,,,,121,0
city_26,0.826,,No relevent experience,Full time course,,,3,,,never,13,1
city_21,0.767,,Has relevent experience,Part time course,Graduate,STEM,6,500-999,Pvt Ltd,1,22,1
city_160,0.877,,No relevent experience,Part time course,Phd,STEM,>20,,Funded Startup,>4,81,0
city_103,0.914,Male,Has relevent experience,no_enrollment,Graduate,STEM,15,5000-9999,Pvt Ltd,1,22,1
city_102,0.861,Male,Has relevent experience,no_enrollment,Masters,Other,10,100-500,Pvt Ltd,>4,6,<NA>
city_103,0.908,Male,Has relevent experience,no_enrollment,Graduate,STEM,>20,100-500,Early Stage Startup,>4,89,1
city_103,0.906,Female,Has relevent experience,no_enrollment,Masters,,5,10000+,Pvt Ltd,1,1,0
city_39,0.628,Male,No relevent experience,no_enrollment,High School,STEM,1,,,1,24,0
city_103,0.918,,Has relevent experience,no_enrollment,Masters,STEM,6,100-500,Pvt Ltd,4,44,<NA>
city_103,0.914,,Has relevent experience,no_enrollment,Graduate,STEM,3,10000+,Pvt Ltd,4,22,1
city_16,0.798,Male,No relevent experience,,High School,,2,,,1,62,0
city_82,0.91,Female,Has relevent experience,Full time course,Primary School,,3,,,1,119,0
city_16,0.911,,Has relevent experience,no_enrollment,Graduate,STEM,>20,10000+,Pvt Ltd,1,52,1
city_103,0.922,Male,Has relevent experience,no_enrollment,Masters,STEM,8,500-999,Funded Startup,1,6,<NA>
city_16,0.909,,Has relevent experience,no_enrollment,Graduate,STEM,6,100-500,Pvt Ltd,4,74,1
city_41,0.909,Male,No relevent experience,no_enrollment,,,20,,,never,5,0
city_103,0.899,Female,Has relevent experience,no_enrollment,Masters,STEM,>20,5000-9999,Public Sector,1,8,0
city_103,0.922,,Has relevent experience,no_enrollment,Masters,STEM,12,100-500,Other,>4,41,1
city_103,0.91,Male,Has relevent experience,no_enrollment,Graduate,STEM,12,1000-4999,Pvt Ltd,4,15,1
city_75,0.887,,Has relevent experience,Part time course,Graduate,STEM,7,<10,Public Sector,1,81,1
city_73,0.728,Male,No relevent experience,Full time course,High School,STEM,<1,,,never,82,1
city_36,0.637,,No relevent experience,Part time course,Masters,Other,2,,,4,61,0
city_136,0.523,,Has relevent experience,no_enrollment,Graduate,STEM,>20,10/49,Other,1,58,1
city_103,0.611,,No relevent experience,no_enrollment,High School,STEM,<1,,Pvt Ltd,1,209,1
city_71,0.916,,Has relevent experience,no_enrollment,Masters,STEM,>20,100-500,Pvt Ltd,>4,259,1
city_103,0.906,Female,Has relevent experience,no_enrollment,Graduate,Humanities,>20,<10,Pvt Ltd,2,32,0
city_114,0.913,Male,Has relevent experience,Full time course,Graduate,STEM,>20,10/49,NGO,1,77,0
city_114,0.929,,Has relevent experience,no_enrollment,Masters,STEM,14,50-99,Pvt Ltd,1,94,0
city_104,0.616,Male,Has relevent experience,no_enrollment,Graduate,STEM,>20,10000+,Pvt Ltd,2,82,1
city_61,0.907,Male,Has relevent experience,no_enrollment,Graduate,STEM,19,50-99,Pvt Ltd,2,5,<NA>
city_21,0.609,Male,No relevent experience,,Graduate,STEM,5,,,1,25,1
city_57,0.881,Male,No relevent experience,Full time course,Primary School,,1,,,never,229,1
city_114,0.703,Male,Has relevent experience,Full time course,Graduate,STEM,>20,10000+,Pvt Ltd,>4,75,0
city_160,0.911,Male,Has relevent experience,Full time course,Phd,STEM,>20,100-500,Pvt Ltd,1,44,0
city_103,0.823,Male,Has relevent experience,Part time course,Graduate,STEM,>20,<10,Pvt Ltd,2,13,0
city_103,0.82,,Has relevent experience,no_enrollment,Phd,Business Degree,4,100-500,NGO,>4,98,<NA>
city_103,0.895,Male,Has relevent experience,no_enrollment,Graduate,Other,>20,50-99,Pvt Ltd,1,16,0
city_103,0.919,,Has relevent experience,no_enrollment,Masters,STEM,19,,Other,>4,16,<NA>
city_21,0.517,,Has relevent experience,Full time course,Graduate,STEM,11,,Pvt Ltd,1,69,1
city_61,0.889,Male,No relevent experience,no_enrollment,Masters,Humanities,16,10000+,Pvt Ltd,1,17,0
city_165,0.92,,No relevent experience,no_enrollment,Masters,STEM,18,10/49,Pvt Ltd,2,12,<NA>
city_11,0.663,Male,No relevent experience,,Graduate,,<1,50-99,,never,7,0
city_75,0.484,,No relevent experience,no_enrollment,Phd,STEM,6,,Pvt Ltd,4,78,1
city_11,0.466,Male,No relevent experience,,High School,,3,,,1,19,0
city_103,0.912,,Has relevent experience,no_enrollment,Graduate,STEM,>20,<10,Pvt Ltd,2,9,1
city_103,0.903,,Has relevent experience,no_enrollment,Graduate,STEM,>20,100-500,Pvt Ltd,1,15,1
city_103,0.929,,Has relevent experience,Part time course,Graduate,Other,9,100-500,Pvt Ltd,>4,17,0
city_103,0.76,Male,Has relevent experience,no_enrollment,Masters,STEM,10,<10,Pvt Ltd,>4,97,0
city_136,0.914,Male,Has relevent experience,no_enrollment,Masters,STEM,10,50-99,Pvt Ltd,2,18,1
city_103,0.914,Male,Has relevent experience,no_enrollment,Masters,STEM,>20,50-99,Funded Startup,>4,34,1
city_103,0.917,Male,Has relevent experience,no_enrollment,Graduate,STEM,7,100-500,Funded Startup,1,31,1
city_128,0.869,Male,Has relevent experience,no_enrollment,Masters,Humanities,17,<10,Pvt Ltd,1,13,0
city_94,0.919,,Has relevent experience,Full time course,Graduate,Other,2,<10,,,46,0
city_103,0.918,Male,Has relevent experience,Full time course,Masters,STEM,10,,Pvt Ltd,1,24,0
city_162,0.915,Male,Has relevent experience,no_enrollment,Masters,No Major,16,1000-4999,Pvt Ltd,,100,1
city_103,0.62,,Has relevent experience,no_enrollment,Graduate,STEM,>20,1000-4999,Pvt Ltd,1,25,1
city_103,0.914,,Has relevent experience,Part time course,Graduate,STEM,6,50-99,Pvt Ltd,1,35,1
city_37,0.788,,No relevent experience,no_enrollment,,Humanities,19,,,1,62,0
city_50,0.708,Male,Has relevent experience,no_enrollment,Graduate,STEM,>20,100-500,Pvt Ltd,1,14,1
city_114,0.701,Male,No relevent experience,no_enrollment,,,2,,,never,65,0
city_103,0.918,,Has relevent experience,no_enrollment,Graduate,STEM,6,100-500,Pvt Ltd,2,83,1
city_71,0.675,,Has relevent experience,Part time course,Masters,STEM,11,50-99,Pvt Ltd,1,192,1
city_114,0.938,Male,No relevent experience,Full time course,High School,,4,,,never,54,0
city_23,0.788,Male,No relevent experience,,High School,,1,,,never,17,1
city_104,0.536,,No relevent experience,Full time course,High School,STEM,5,,,never,11,1
city_16,0.761,Male,Has relevent experience,Full time course,Masters,STEM,1,,Pvt Ltd,1,106,0
city_114,0.685,Male,Has relevent experience,no_enrollment,Graduate,No Major,>20,,,3,12,1
city_103,0.926,Male,No relevent experience,Full time course,,,6,,,never,215,0
city_83,0.696,,No relevent experience,Full time course,Graduate,Arts,2,,,1,112,0
city_103,0.907,,Has relevent experience,no_enrollment,Graduate,STEM,16,10000+,Pvt Ltd,>4,54,0
city_162,0.904,,Has relevent experience,no_enrollment,Masters,STEM,>20,100-500,Pvt Ltd,1,1,0
city_136,0.876,,No relevent experience,no_enrollment,Masters,STEM,4,,Pvt Ltd,>4,80,0
city_160,0.733,Male,No relevent experience,Full time course,,,2,,,never,55,0
city_55,0.635,Male,No relevent experience,no_enrollment,Graduate,STEM,9,50-99,Funded Startup,2,5,0
city_116,0.933,Male,Has relevent experience,no_enrollment,Graduate,STEM,11,<10,Public Sector,1,278,0
city_90,0.897,,No relevent experience,Full time course,High School,,<1,,,never,28,0
city_21,0.905,Male,Has relevent experience,Full time course,Graduate,STEM,2,10/49,Early Stage Startup,1,16,0
city_103,0.923,,Has relevent experience,no_enrollment,Graduate,STEM,>20,50-99,Pvt Ltd,1,247,<NA>
city_103,0.702,,Has relevent experience,Full time course,Graduate,STEM,3,<10,,1,69,<NA>
city_36,0.813,,No relevent experience,,High School,,1,,,never,11,0
city_71,0.923,,Has relevent experience,Full time course,Masters,STEM,10,50-99,Pvt Ltd,1,60,<NA>
city_114,0.915,Male,Has relevent experience,no_enrollment,Masters,STEM,16,10/49,Pvt Ltd,>4,106,0
city_103,0.916,,Has relevent experience,no_enrollment,Masters,STEM,>20,500-999,Pvt Ltd,1,17,0
city_16,0.842,,Has relevent experience,no_enrollment,Graduate,Business Degree,10,50-99,Pvt Ltd,1,4,1
city_36,0.906,Male,Has relevent experience,no_enrollment,Graduate,STEM,7,,Funded Startup,1,58,1
city_103,0.916,Female,Has relevent experience,Part time course,Graduate,STEM,19,,Pvt Ltd,1,4,0
city_116,0.907,,Has relevent experience,Part time course,Graduate,STEM,2,10/49,Pvt Ltd,1,13,1
city_16,0.803,Male,Has relevent experience,no_enrollment,Graduate,STEM,>20,10/49,Pvt Ltd,>4,104,1
city_103,0.919,,Has relevent experience,no_enrollment,Graduate,STEM,18,50-99,NGO,3,48,0
city_103,0.907,,Has relevent experience,Part time course,Graduate,STEM,>20,,Pvt Ltd,1,16,1
city_176,0.612,,No relevent experience,no_enrollment,Graduate,STEM,>20,,Pvt Ltd,1,49,1
city_114,0.932,,Has relevent experience,no_enrollment,Masters,No Major,>20,100-500,Pvt Ltd,2,84,0
city_160,0.667,Female,Has relevent experience,no_enrollment,Graduate,STEM,>20,1000-4999,Pvt Ltd,1,10,1
city_103,0.711,,Has relevent experience,no_enrollment,Masters,STEM,15,100-500,Pvt Ltd,1,2,<NA>
city_103,0.922,Male,No relevent experience,,,,>20,,,never,19,0
city_167,0.917,Male,Has relevent experience,no_enrollment,Masters,STEM,>20,5000-9999,Pvt Ltd,1,12,0
city_103,0.901,Male,Has relevent experience,no_enrollment,Masters,STEM,7,50-99,Pvt Ltd,1,58,0
city_103,0.925,Male,Has relevent experience,no_enrollment,Masters,STEM,7,10/49,Pvt Ltd,1,31,0
city_41,0.668,Male,No relevent experience,Full time course,High School,STEM,5,,,never,121,0
city_67,0.913,,No relevent experience,no_enrollment,Graduate,STEM,16,<10,Pvt Ltd,>4,36,<NA>
city_103,0.917,,Has relevent experience,no_enrollment,Graduate,STEM,14,50-99,Pvt Ltd,1,158,1
city_160,0.782,Male,Has relevent experience,no_enrollment,Graduate,STEM,7,<10,Pvt Ltd,>4,36,1
city_21,0.619,,No relevent experience,Full time course,Graduate,STEM,1,,,1,17,1
city_128,0.717,Male,No relevent experience,Full time course,High School,,2,,,never,89,0
city_114,0.808,,Has relevent experience,no_enrollment,Masters,STEM,>20,50-99,Pvt Ltd,>4,163,0
city_46,0.837,Male,Has relevent experience,no_enrollment,Masters,STEM,5,1000-4999,Pvt Ltd,4,34,0
city_16,0.693,,No relevent experience,Full time course,Graduate,Arts,4,,,never,1,0
city_103,0.623,,No relevent experience,Full time course,Graduate,STEM,<1,,,3,1,0
city_114,0.493,,Has relevent experience,Full time course,High School,STEM,>20,100-500,Pvt Ltd,never,46,0
city_16,0.913,Male,No relevent experience,no_enrollment,High School,,2,,,1,93,0
city_103,0.769,,Has relevent experience,no_enrollment,Masters,STEM,15,<10,Pvt Ltd,>4,29,<NA>
city_103,0.81,,Has relevent experience,no_enrollment,Masters,Arts,7,50-99,,2,289,0
city_89,0.903,Male,No relevent experience,no_enrollment,Masters,STEM,8,,,1,94,0
city_114,0.921,Male,Has relevent experience,no_enrollment,Graduate,Humanities,4,,,1,94,0
city_103,0.911,Male,Has relevent experience,no_enrollment,Masters,STEM,19,10000+,Early Stage Startup,>4,23,1
city_103,0.918,Male,Has relevent experience,no_enrollment,Masters,STEM,6,1000-4999,Pvt Ltd,1,62,<NA>
city_74,0.606,,No relevent experience,no_enrollment,Graduate,STEM,2,,,never,91,1
city_103,0.917,Male,Has relevent experience,no_enrollment,Masters,STEM,13,500-999,Public Sector,1,9,1
city_11,0.673,,Has relevent experience,Full time course,Graduate,STEM,17,50-99,,1,37,<NA>
city_103,0.857,Male,Has relevent experience,no_enrollment,Graduate,STEM,13,100-500,Other,2,3,0
city_160,0.915,Male,Has relevent experience,no_enrollment,Graduate,STEM,>20,100-500,Pvt Ltd,3,19,0
city_136,0.748,Male,No relevent experience,,Graduate,STEM,3,,,never,38,1
city_167,0.918,Male,Has relevent experience,no_enrollment,Graduate,STEM,16,<10,Pvt Ltd,>4,34,0
city_100,0.854,Male,Has relevent experience,no_enrollment,Graduate,STEM,17,100-500,Funded Startup,1,64,0
city_61,0.752,Male,Has relevent experience,no_enrollment,Masters,Humanities,>20,100-500,Pvt Ltd,1,100,1
city_21,0.911,,Has relevent experience,no_enrollment,Graduate,STEM,11,100-500,Pvt Ltd,2,20,<NA>
city_136,0.915,,Has relevent experience,no_enrollment,Graduate,STEM,11,5000-9999,NGO,2,130,1
city_128,0.672,Male,Has relevent experience,Full time course,Masters,STEM,6,,Pvt Ltd,>4,34,0
city_36,0.906,Male,No relevent experience,,,STEM,3,,,1,21,1
city_103,0.916,Male,Has relevent experience,no_enrollment,Masters,STEM,5,100-500,Early Stage Startup,1,26,1
city_103,0.912,Male,Has relevent experience,no_enrollment,Masters,STEM,>20,10000+,Pvt Ltd,2,77,0
city_114,0.699,Male,Has relevent experience,no_enrollment,Graduate,STEM,>20,50-99,Pvt Ltd,2,43,0
city_145,0.859,Male,No relevent experience,no_enrollment,Graduate,STEM,2,,,4,112,0
city_74,0.923,Male,No relevent experience,no_enrollment,High School,,2,100-500,,1,156,0
city_136,0.698,,Has relevent experience,no_enrollment,Graduate,STEM,>20,10000+,Pvt Ltd,2,12,0
city_103,0.906,Male,No relevent experience,no_enrollment,High School,STEM,6,,Early Stage Startup,1,51,1
city_103,0.91,,Has relevent experience,no_enrollment,Graduate,STEM,4,100-500,Pvt Ltd,2,25,0
city_136,0.613,,Has relevent experience,no_enrollment,Graduate,STEM,11,50-99,,>4,3,0
city_75,0.882,,Has relevent experience,no_enrollment,Graduate,STEM,6,<10,Pvt Ltd,2,172,0
city_16,0.901,,Has relevent experience,Part time course,Phd,STEM,9,100-500,,1,26,1
city_114,0.838,Male,Has relevent experience,no_enrollment,Phd,Arts,4,,,,63,0
city_103,0.916,,Has relevent experience,Full time course,Graduate,STEM,>20,50-99,Pvt Ltd,1,10,0
city_103,0.903,Male,Has relevent experience,no_enrollment,Graduate,STEM,>20,100-500,Pvt Ltd,>4,23,0
city_103,0.926,Female,Has relevent experience,no_enrollment,Masters,STEM,1,10000+,Public Sector,1,95,0
city_21,0.921,,Has relevent experience,no_enrollment,Graduate,STEM,6,10000+,Pvt Ltd,1,70,1
city_103,0.92,Male,No relevent experience,no_enrollment,Masters,,2,,,1,247,0
city_74,0.836,,Has relevent experience,Full time course,Masters,STEM,20,,Pvt Ltd,1,77,1
city_103,0.92,Female,Has relevent experience,no_enrollment,Graduate,STEM,5,,,2,32,<NA>
city_99,0.91,,Has relevent experience,Part time course,Masters,STEM,8,50-99,Early Stage Startup,1,38,1
city_103,0.929,Male,Has relevent experience,no_enrollment,Graduate,STEM,15,,Pvt Ltd,4,95,1
city_160,0.929,,No relevent experience,Full time course,,,3,,,never,59,0
city_103,0.909,,Has relevent experience,no_enrollment,Graduate,STEM,5,5000-9999,Pvt Ltd,>4,103,0
city_103,0.782,,Has relevent experience,no_enrollment,Masters,STEM,3,,,>4,17,0
city_103,0.918,Male,Has relevent experience,no_enrollment,Graduate,STEM,>20,50-99,Pvt Ltd,2,17,0
city_103,0.654,Female,No relevent experience,no_enrollment,High School,,4,,,never,57,0
city_123,0.88,Male,No relevent experience,no_enrollment,Masters,STEM,2,,Funded Startup,4,53,1
city_103,0.617,,Has relevent experience,Part time course,Graduate,STEM,>20,,Pvt Ltd,>4,15,0
city_136,0.92,Male,Has relevent experience,no_enrollment,Masters,STEM,4,1000-4999,Pvt Ltd,,21,0
city_114,0.917,Male,No relevent experience,Full time course,High School,,2,,,never,13,1
city_53,0.917,Female,Has relevent experience,Full time course,Masters,STEM,7,50-99,Pvt Ltd,1,11,0
city_116,0.923,Male,No relevent experience,Full time course,,,2,,,1,49,0
city_57,0.715,,Has relevent experience,no_enrollment,Graduate,STEM,10,10/49,Pvt Ltd,3,45,1
city_11,0.901,Male,No relevent experience,no_enrollment,Graduate,STEM,3,10/49,NGO,1,26,<NA>
city_103,0.918,Male,Has relevent experience,no_enrollment,Masters,Other,>20,50-99,Public Sector,1,21,0
city_103,0.609,Male,Has relevent experience,no_enrollment,Masters,STEM,>20,<10,Pvt Ltd,>4,27,1
city_103,0.919,,Has relevent experience,no_enrollment,Masters,STEM,>20,100-500,Pvt Ltd,1,8,1
city_103,0.92,Male,Has relevent experience,no_enrollment,Graduate,STEM,>20,10000+,Pvt Ltd,1,20,0
city_21,0.619,Female,No relevent experience,Full time course,Graduate,STEM,7,,Pvt Ltd,1,146,1
city_160,0.917,Male,Has relevent experience,Full time course,Masters,STEM,3,,,never,40,0
city_103,0.918,Male,Has relevent experience,no_enrollment,Masters,STEM,7,100-500,Pvt Ltd,4,281,1
city_103,0.685,,Has relevent experience,no_enrollment,Graduate,STEM,>20,10/49,Pvt Ltd,1,15,0
city_103,0.672,Male,Has relevent experience,no_enrollment,Graduate,Other,9,100-500,Pvt Ltd,3,2,1
city_21,0.921,Male,No relevent experience,no_enrollment,Graduate,STEM,18,1000-4999,Pvt Ltd,2,68,0
city_28,0.909,,Has relevent experience,no_enrollment,Graduate,STEM,7,100-500,Pvt Ltd,>4,77,1
city_23,0.911,Male,No relevent experience,Full time course,,,2,,,never,9,0
city_136,0.789,,Has relevent experience,no_enrollment,Graduate,Other,10,50-99,,1,57,<NA>
city_21,0.683,,Has relevent experience,no_enrollment,Masters,STEM,19,10/49,Pvt Ltd,4,68,<NA>
city_150,0.917,,No relevent experience,Full time course,High School,,4,,,never,30,0
city_103,0.915,Male,Has relevent experience,Part time course,Graduate,STEM,>20,500-999,Pvt Ltd,1,44,1
city_23,0.921,Male,Has relevent experience,no_enrollment,Graduate,STEM,4,100-500,,1,4,0
city_114,0.629,,Has relevent experience,Full time course,Graduate,STEM,>20,,Pvt Ltd,2,133,<NA>
city_21,0.912,,Has relevent experience,no_enrollment,Masters,STEM,>20,10/49,Pvt Ltd,>4,25,1
city_114,0.918,,Has relevent experience,no_enrollment,Masters,Humanities,>20,10000+,Pvt Ltd,>4,22,1
city_159,0.91,Male,Has relevent experience,no_enrollment,Graduate,STEM,10,100-500,Pvt Ltd,>4,11,1
city_16,0.886,,No relevent experience,no_enrollment,,,8,,,never,6,1
city_21,0.814,,No relevent experience,no_enrollment,High School,Business Degree,4,,,never,15,0
city_75,0.916,Other,Has relevent experience,Full time course,Masters,STEM,18,,Pvt Ltd,>4,51,0
city_114,0.913,,Has relevent experience,no_enrollment,Phd,STEM,18,100-500,Pvt Ltd,1,18,1
city_160,0.849,Male,Has relevent experience,no_enrollment,Masters,STEM,>20,100-500,Pvt Ltd,4,13,0
city_159,0.67,Male,No relevent experience,,Masters,STEM,6,,,never,40,0
city_103,0.703,Male,No relevent experience,Part time course,Graduate,STEM,2,,,2,1,1
city_75,0.771,Male,No relevent experience,no_enrollment,High School,,2,,,never,14,0
city_103,0.899,Male,Has relevent experience,no_enrollment,Masters,STEM,7,100-500,Pvt Ltd,2,7,1
city_173,0.831,Male,No relevent experience,Full time course,Graduate,STEM,15,,,1,72,0
city_114,0.92,Female,Has relevent experience,no_enrollment,Graduate,STEM,16,<10,Pvt Ltd,>4,21,0
city_103,0.915,Male,Has relevent experience,no_enrollment,Graduate,STEM,>20,50-99,NGO,2,14,1
city_21,0.901,Male,Has relevent experience,no_enrollment,Graduate,STEM,7,100-500,Pvt Ltd,3,113,1
city_120,0.726,,Has relevent experience,no_enrollment,Masters,STEM,5,100-500,Pvt Ltd,1,122,0
city_98,0.491,Male,No relevent experience,,Graduate,,<1,,,never,14,1
city_67,0.618,Male,Has relevent experience,Part time course,Masters,STEM,>20,10000+,Funded Startup,1,265,1
city_67,0.708,Male,No relevent experience,Full time course,Graduate,STEM,2,,,never,38,0
city_114,0.703,Male,Has relevent experience,no_enrollment,Masters,STEM,6,100-500,Pvt Ltd,4,91,0
city_165,0.907,,Has relevent experience,no_enrollment,Masters,STEM,>20,5000-9999,Funded Startup,4,13,0
city_61,0.613,Other,Has relevent experience,no_enrollment,Graduate,STEM,6,,Pvt Ltd,2,153,0
city_103,0.918,,Has relevent experience,no_enrollment,Masters,STEM,13,5000-9999,Pvt Ltd,>4,17,1
city_103,0.924,Male,Has relevent experience,no_enrollment,Graduate,STEM,1,100-500,Public Sector,1,17,0
city_21,0.915,,Has relevent experience,Part time course,Graduate,STEM,8,100-500,Pvt Ltd,1,20,<NA>
city_50,0.617,,Has relevent experience,no_enrollment,Graduate,STEM,3,10000+,Other,1,83,1
city_103,0.911,Male,Has relevent experience,no_enrollment,Graduate,STEM,>20,50-99,Funded Startup,1,28,1
city_103,0.748,Female,Has relevent experience,no_enrollment,High School,STEM,4,,,1,85,0
city_89,0.717,,Has relevent experience,no_enrollment,Graduate,STEM,>20,10/49,Pvt Ltd,>4,22,1
city_71,0.915,Male,No relevent experience,Full time course,Graduate,STEM,6,,,never,18,0
city_103,0.907,Male,Has relevent experience,no_enrollment,Masters,STEM,>20,50-99,Pvt Ltd,>4,35,0
city_103,0.912,,Has relevent experience,no_enrollment,Masters,STEM,16,<10,Pvt Ltd,>4,9,0
city_103,0.827,,Has relevent experience,no_enrollment,Masters,STEM,2,50-99,Pvt Ltd,1,69,0
city_65,0.925,Female,Has relevent experience,no_enrollment,Masters,STEM,>20,10000+,Pvt Ltd,1,70,0
city_16,0.905,,Has relevent experience,Part time course,Graduate,STEM,9,<10,NGO,3,2,1
city_103,0.85,,No relevent experience,no_enrollment,Primary School,,2,,,1,22,0
city_103,0.612,Male,Has relevent experience,no_enrollment,Masters,STEM,7,50-99,Pvt Ltd,2,19,0
city_159,0.909,Male,No relevent experience,Part time course,Primary School,,5,,,never,94,1
city_19,0.804,,No relevent experience,Full time course,Graduate,STEM,2,,,never,63,0
city_103,0.923,,Has relevent experience,no_enrollment,Graduate,STEM,11,50-99,Pvt Ltd,1,25,1
city_40,0.874,Male,Has relevent experience,no_enrollment,Graduate,STEM,4,50-99,Pvt Ltd,1,45,<NA>
city_11,0.911,,Has relevent experience,no_enrollment,Graduate,STEM,>20,10/49,Pvt Ltd,2,142,<NA>
city_103,0.75,,Has relevent experience,no_enrollment,Masters,STEM,>20,50-99,Pvt Ltd,1,37,0
city_103,0.605,,Has relevent experience,no_enrollment,Graduate,Humanities,8,100-500,Pvt Ltd,3,77,1
city_104,0.738,Female,Has relevent experience,Full time course,Graduate,STEM,11,,Pvt Ltd,>4,13,1
city_65,0.907,Male,Has relevent experience,no_enrollment,Graduate,STEM,>20,<10,Pvt Ltd,1,59,1
city_104,0.813,Male,Has relevent experience,no_enrollment,Graduate,Humanities,4,50-99,,1,13,0
city_103,0.921,,Has relevent experience,Part time course,Masters,,>20,100-500,Public Sector,1,76,0
city_103,0.749,,Has relevent experience,no_enrollment,Phd,STEM,6,50-99,Pvt Ltd,1,35,0
city_150,0.925,Male,Has relevent experience,no_enrollment,Masters,STEM,10,100-500,Early Stage Startup,1,1,0
city_64,0.918,Male,Has relevent experience,no_enrollment,Masters,STEM,8,100-500,Pvt Ltd,1,30,0
city_123,0.923,,Has relevent experience,no_enrollment,Masters,Arts,>20,<10,Pvt Ltd,1,197,0
city_160,0.913,,Has relevent experience,no_enrollment,Masters,STEM,>20,100-500,Funded Startup,1,10,0
city_103,0.686,,Has relevent experience,no_enrollment,Graduate,STEM,>20,<10,NGO,1,10,0
city_109,0.914,Female,Has relevent experience,Part time course,Graduate,STEM,12,50-99,Pvt Ltd,4,80,0
city_67,0.613,Male,No relevent experience,no_enrollment,Graduate,STEM,6,,,,28,1
city_103,0.606,,Has relevent experience,,Graduate,STEM,7,50-99,Pvt Ltd,2,90,1
city_16,0.626,,No relevent experience,no_enrollment,High School,,2,,,never,50,0
city_160,0.914,,Has relevent experience,no_enrollment,Masters,STEM,12,<10,Pvt Ltd,2,176,<NA>
city_97,0.919,Other,No relevent experience,no_enrollment,Graduate,STEM,19,50-99,,1,111,0
city_103,0.688,Male,No relevent experience,no_enrollment,High School,,3,,,never,1,1
city_75,0.906,,Has relevent experience,no_enrollment,Graduate,STEM,5,10/49,Pvt Ltd,2,9,0
city_103,0.917,Male,Has relevent experience,Part time course,Masters,STEM,>20,100-500,Pvt Ltd,3,10,1
city_114,0.906,,No relevent experience,no_enrollment,Graduate,STEM,<1,<10,Pvt Ltd,1,129,1
city_103,0.788,Male,No relevent experience,,,,2,,,never,57,0
city_114,0.933,,Has relevent experience,no_enrollment,Graduate,STEM,>20,100-500,Pvt Ltd,4,9,0
city_36,0.824,,Has relevent experience,no_enrollment,Graduate,Humanities,4,10000+,Pvt Ltd,>4,8,0
city_103,0.911,,Has relevent experience,no_enrollment,Masters,STEM,>20,10000+,Pvt Ltd,>4,59,1
city_114,0.918,,No relevent experience,,High School,,2,,,never,100,0
city_103,0.908,Male,Has relevent experience,no_enrollment,,STEM,>20,1000-4999,Funded Startup,1,141,0
city_21,0.624,Male,Has relevent experience,Full time course,Graduate,STEM,7,100-500,Pvt Ltd,1,49,1
city_103,0.917,Male,Has relevent experience,Full time course,Masters,STEM,6,<10,,1,32,0
city_114,0.566,,No relevent experience,,High School,,2,,,never,31,0
city_103,0.61,,No relevent experience,Full time course,,STEM,4,,,never,8,1
city_114,0.688,,Has relevent experience,no_enrollment,Graduate,STEM,5,10000+,Pvt Ltd,1,12,0
city_64,0.915,,No relevent experience,Full time course,Graduate,STEM,2,100-500,,>4,28,1
city_103,0.906,Male,Has relevent experience,no_enrollment,Graduate,STEM,>20,10000+,Pvt Ltd,3,3,0
city_103,0.907,,Has relevent experience,no_enrollment,Graduate,STEM,>20,100-500,Early Stage Startup,1,36,0
city_103,0.925,Male,No relevent experience,no_enrollment,High School,,4,,,2,33,0
city_106,0.923,Female,Has relevent experience,no_enrollment,Masters,STEM,11,50-99,Pvt Ltd,1,51,0
city_21,0.93,Female,Has relevent experience,no_enrollment,Graduate,STEM,5,<10,Pvt Ltd,1,12,1
city_103,0.895,Male,Has relevent experience,Part time course,Masters,STEM,10,100-500,Pvt Ltd,1,14,1
city_11,0.613,Male,No relevent experience,no_enrollment,Graduate,STEM,4,,,1,14,1
city_103,0.785,Male,Has relevent experience,no_enrollment,Masters,STEM,>20,<10,Pvt Ltd,>4,136,0
city_103,0.701,,Has relevent experience,Full time course,Graduate,STEM,7,<10,,1,9,1
city_103,0.908,Female,Has relevent experience,no_enrollment,Graduate,STEM,6,50-99,Funded Startup,1,81,1
city_77,0.521,Other,No relevent experience,Full time course,High School,,6,,,never,141,0
city_103,0.754,Male,Has relevent experience,no_enrollment,Masters,STEM,14,<10,Pvt Ltd,1,66,0
city_103,0.881,Male,Has relevent experience,no_enrollment,Masters,STEM,>20,50-99,Pvt Ltd,1,41,1
city_13,0.912,,Has relevent experience,no_enrollment,Graduate,STEM,>20,100-500,Pvt Ltd,>4,3,0
city_103,0.829,Male,Has relevent experience,Part time course,Masters,STEM,14,100-500,Pvt Ltd,2,16,1
city_103,0.749,Male,Has relevent experience,no_enrollment,Graduate,STEM,14,<10,Other,1,32,1
city_21,0.926,Male,Has relevent experience,Full time course,Graduate,STEM,7,100-500,Public Sector,1,25,1
city_33,0.748,Male,Has relevent experience,no_enrollment,Graduate,STEM,>20,50-99,Funded Startup,1,86,1
city_103,0.92,Male,No relevent experience,Full time course,Graduate,Arts,5,,,never,34,1
city_160,0.607,Male,Has relevent experience,Full time course,Graduate,STEM,>20,100-500,NGO,1,8,0
city_99,0.921,Male,No relevent experience,no_enrollment,High School,,1,,,never,39,1
city_11,0.599,Male,No relevent experience,Full time course,High School,,5,,,never,21,0
city_103,0.583,,No relevent experience,,,,6,,,never,193,1
city_134,0.907,,No relevent experience,Part time course,High School,,>20,,Pvt Ltd,4,94,0
city_105,0.922,,Has relevent experience,no_enrollment,Graduate,STEM,4,10/49,Pvt Ltd,1,32,1
city_123,0.627,,Has relevent experience,no_enrollment,Graduate,STEM,>20,5000-9999,Pvt Ltd,4,95,<NA>
city_179,0.91,,Has relevent experience,no_enrollment,Masters,STEM,>20,100-500,Pvt Ltd,2,1,0
city_18,0.801,,No relevent experience,Full time course,Graduate,No Major,8,,NGO,1,65,0
city_160,0.914,Male,Has relevent experience,no_enrollment,Masters,STEM,6,10000+,Pvt Ltd,2,48,0
city_75,0.926,,Has relevent experience,no_enrollment,Masters,STEM,18,50-99,Pvt Ltd,2,12,0
city_103,0.907,Male,Has relevent experience,no_enrollment,Phd,STEM,>20,100-500,Pvt Ltd,2,2,0
city_94,0.921,Male,Has relevent experience,no_enrollment,Graduate,STEM,>20,50-99,,1,331,0
city_149,0.615,Other,No relevent experience,Full time course,Graduate,,6,,,>4,84,0
city_103,0.876,Male,Has relevent experience,no_enrollment,Masters,STEM,10,<10,Pvt Ltd,2,8,0
city_103,0.73,,Has relevent experience,no_enrollment,Graduate,STEM,>20,<10,Pvt Ltd,1,38,<NA>
city_114,0.845,,Has relevent experience,no_enrollment,Graduate,STEM,>20,50-99,Funded Startup,4,12,<NA>
city_114,0.906,Male,No relevent experience,no_enrollment,Phd,,17,,,,203,0
city_103,0.64,Male,Has relevent experience,Part time course,Graduate,STEM,>20,100-500,Pvt Ltd,2,131,0
city_67,0.729,,Has relevent experience,no_enrollment,Graduate,STEM,6,<10,Pvt Ltd,>4,142,0
city_90,0.728,Male,No relevent experience,Full time course,,,<1,,,3,16,0
city_114,0.61,,No relevent experience,Full time course,Graduate,STEM,2,,,1,10,1
city_90,0.814,Male,No relevent experience,Part time course,Masters,Arts,3,500-999,Funded Startup,>4,57,0
city_104,0.919,,Has relevent experience,no_enrollment,Phd,Business Degree,>20,50-99,Pvt Ltd,2,22,1
city_160,0.918,,Has relevent experience,no_enrollment,Masters,STEM,>20,10000+,Funded Startup,>4,70,1
city_48,0.796,,Has relevent experience,no_enrollment,Graduate,STEM,>20,50-99,Pvt Ltd,1,59,1
city_103,0.923,,Has relevent experience,no_enrollment,Masters,STEM,>20,10000+,Pvt Ltd,1,46,0
city_103,0.7,,Has relevent experience,no_enrollment,Graduate,STEM,>20,5000-9999,Pvt Ltd,2,7,1
city_103,0.735,Male,No relevent experience,Full time course,Graduate,,1,,,never,116,1
city_103,0.735,,Has relevent experience,no_enrollment,Graduate,,11,,,1,47,0
city_103,0.642,Male,Has relevent experience,no_enrollment,Graduate,STEM,6,100-500,Pvt Ltd,>4,25,1
city_107,0.72,Male,No relevent experience,,Masters,STEM,2,,,never,83,0
city_16,0.924,Male,Has relevent experience,no_enrollment,Graduate,Humanities,>20,<10,Pvt Ltd,>4,133,0
city_103,0.781,,No relevent experience,Part time course,Graduate,,>20,,,1,20,0
city_65,0.696,Male,No relevent experience,Full time course,Primary School,,4,,,1,21,0
city_114,0.806,Male,Has relevent experience,no_enrollment,Masters,STEM,10,50-99,Pvt Ltd,2,34,1
city_71,0.59,,Has relevent experience,no_enrollment,Masters,STEM,>20,10000+,Pvt Ltd,1,11,1
city_160,0.72,,No relevent experience,Full time course,High School,,5,,,never,149,0
city_53,0.606,,Has relevent experience,Part time course,Graduate,STEM,6,,Pvt Ltd,1,20,0
city_57,0.908,Male,Has relevent experience,no_enrollment,Masters,STEM,10,100-500,Pvt Ltd,1,96,0
city_103,0.913,,No relevent experience,Part time course,High School,STEM,2,,,1,158,1
city_103,0.926,,Has relevent experience,no_enrollment,Graduate,STEM,>20,50-99,Pvt Ltd,1,27,1
city_65,0.762,Other,Has relevent experience,Part time course,Graduate,STEM,>20,10000+,Pvt Ltd,1,17,1
city_36,0.904,Male,No relevent experience,no_enrollment,Graduate,,8,,,1,14,0
city_105,0.521,,No relevent experience,Full time course,Graduate,STEM,6,,,1,14,1
city_21,0.632,Male,Has relevent experience,Full time course,Masters,STEM,3,<10,Pvt Ltd,>4,262,1
city_73,0.657,Male,No relevent experience,Full time course,High School,,1,,,never,29,1
city_103,0.891,,Has relevent experience,no_enrollment,Masters,STEM,9,1000-4999,Pvt Ltd,1,22,0
city_103,0.918,Female,Has relevent experience,no_enrollment,Primary School,STEM,10,10000+,Pvt Ltd,1,29,0
city_103,0.912,Male,Has relevent experience,no_enrollment,Graduate,STEM,16,50-99,Pvt Ltd,>4,4,1
city_103,0.916,,Has relevent experience,no_enrollment,Graduate,STEM,4,<10,Pvt Ltd,1,15,1
city_73,0.905,,Has relevent experience,no_enrollment,Graduate,STEM,6,50-99,Pvt Ltd,2,212,0
city_103,0.73,Female,Has relevent experience,no_enrollment,Graduate,STEM,7,50-99,Pvt Ltd,1,25,0
city_114,0.615,Male,No relevent experience,Full time course,Graduate,STEM,4,,,,28,0
city_103,0.769,,Has relevent experience,no_enrollment,Graduate,STEM,5,10000+,Pvt Ltd,3,65,1
city_61,0.919,,Has relevent experience,no_enrollment,Graduate,STEM,6,50-99,Pvt Ltd,1,116,0
city_21,0.911,Female,Has relevent experience,no_enrollment,Graduate,Humanities,6,100-500,Pvt Ltd,>4,10,1
city_103,0.804,,No relevent experience,Full time course,Graduate,STEM,<1,,,1,20,<NA>
city_103,0.913,,Has relevent experience,no_enrollment,Masters,STEM,11,10000+,Pvt Ltd,>4,14,0
city_155,0.909,,Has relevent experience,no_enrollment,Graduate,STEM,2,10/49,NGO,1,28,1
city_103,0.699,,Has relevent experience,Part time course,Masters,STEM,4,100-500,Pvt Ltd,1,81,<NA>
city_103,0.916,Male,Has relevent experience,Full time course,Graduate,STEM,4,100-500,Pvt Ltd,1,215,0
city_90,0.926,,Has relevent experience,no_enrollment,,STEM,7,,Pvt Ltd,1,293,1
city_114,0.777,,Has relevent experience,no_enrollment,Phd,STEM,9,100-500,Pvt Ltd,2,21,1
city_114,0.912,Male,Has relevent experience,no_enrollment,Masters,STEM,>20,1000-4999,Pvt Ltd,2,127,1
city_27,0.764,,No relevent experience,Full time course,,,2,,,never,36,0
city_97,0.665,,Has relevent experience,no_enrollment,Graduate,Other,6,100-500,Pvt Ltd,1,1,0
city_103,0.923,,Has relevent experience,no_enrollment,Graduate,STEM,2,50-99,Pvt Ltd,2,11,1
city_103,0.912,,Has relevent experience,no_enrollment,Graduate,,5,10000+,Pvt Ltd,2,176,0
city_90,0.54,,No relevent experience,Full time course,,,2,,,never,40,1
city_136,0.611,Male,Has relevent experience,no_enrollment,Masters,STEM,6,100-500,Pvt Ltd,>4,31,0
city_103,0.761,Female,Has relevent experience,no_enrollment,High School,STEM,18,50-99,,2,197,0
city_102,0.909,,Has relevent experience,no_enrollment,Graduate,STEM,>20,100-500,Pvt Ltd,1,26,<NA>
city_138,0.918,,Has relevent experience,no_enrollment,Masters,STEM,>20,50-99,Funded Startup,2,13,1
city_57,0.92,Male,Has relevent experience,Full time course,Graduate,STEM,1,,,1,29,1
city_103,0.905,Male,Has relevent experience,no_enrollment,Graduate,STEM,12,10000+,Funded Startup,1,7,1
city_103,0.904,,Has relevent experience,no_enrollment,Graduate,STEM,>20,100-500,Pvt Ltd,>4,57,1
city_23,0.663,,Has relevent experience,Full time course,Masters,STEM,<1,10000+,Pvt Ltd,1,39,0
city_21,0.915,Male,Has relevent experience,no_enrollment,Masters,Humanities,3,100-500,Pvt Ltd,>4,156,0
city_28,0.767,Male,No relevent experience,no_enrollment,,,2,,,1,25,0
city_114,0.824,,No relevent experience,Full time course,,,2,,,never,7,0
city_103,0.918,,Has relevent experience,no_enrollment,Masters,Arts,20,100-500,Public Sector,4,77,0
city_103,0.921,,Has relevent experience,no_enrollment,Graduate,STEM,>20,<10,Pvt Ltd,2,7,<NA>
city_78,0.924,Male,Has relevent experience,no_enrollment,Masters,Humanities,>20,100-500,Pvt Ltd,,47,0
city_27,0.916,Male,No relevent experience,,High School,No Major,2,,,never,98,1
city_75,0.91,Female,No relevent experience,no_enrollment,Masters,,5,50-99,Funded Startup,1,30,1
city_160,0.71,Male,Has relevent experience,no_enrollment,Graduate,STEM,2,1000-4999,Pvt Ltd,1,28,0
city_157,0.909,,No relevent experience,Full time course,Graduate,STEM,6,,,1,6,1
city_160,0.923,Male,No relevent experience,Full time course,High School,,2,,,>4,36,0
city_103,0.911,Male,Has relevent experience,no_enrollment,Masters,Arts,>20,,Public Sector,1,5,0
city_114,0.734,Male,Has relevent experience,no_enrollment,Graduate,STEM,>20,5000-9999,Public Sector,2,51,1
city_103,0.868,,No relevent experience,no_enrollment,High School,,1,,,1,14,0
city_114,0.674,Male,Has relevent experience,no_enrollment,Phd,STEM,2,50-99,Pvt Ltd,1,22,1
city_103,0.913,Male,Has relevent experience,Part time course,Masters,STEM,>20,5000-9999,Pvt Ltd,3,143,0
city_114,0.862,Male,No relevent experience,no_enrollment,High School,STEM,6,,,never,161,0
city_160,0.923,,Has relevent experience,no_enrollment,Graduate,STEM,13,50-99,Pvt Ltd,4,9,1
city_103,0.919,Male,Has relevent experience,no_enrollment,Graduate,STEM,8,5000-9999,Public Sector,1,73,0
city_100,0.619,,No relevent experience,Full time course,Primary School,,<1,,,1,22,0
city_103,0.907,Male,Has relevent experience,no_enrollment,Graduate,STEM,17,5000-9999,,>4,88,1
city_103,0.619,,No relevent experience,no_enrollment,Graduate,Business Degree,10,50-99,,1,18,1
city_114,0.505,Male,No relevent experience,,High School,STEM,3,,,never,10,0
city_103,0.728,,No relevent experience,no_enrollment,,,2,,,never,12,0
city_103,0.918,,Has relevent experience,no_enrollment,Graduate,STEM,>20,1000-4999,Pvt Ltd,1,22,1
city_65,0.888,,Has relevent experience,no_enrollment,Masters,STEM,>20,50-99,Pvt Ltd,never,48,1
city_21,0.614,Male,No relevent experience,Full time course,Graduate,STEM,5,,,1,5,0
city_114,0.923,,Has relevent experience,no_enrollment,Masters,STEM,11,100-500,Pvt Ltd,2,291,0
city_21,0.748,Male,Has relevent experience,no_enrollment,Masters,STEM,>20,5000-9999,Pvt Ltd,>4,22,1
city_65,0.641,,No relevent experience,Part time course,Graduate,STEM,>20,10000+,,1,38,1
city_21,0.771,Female,Has relevent experience,no_enrollment,Masters,STEM,>20,100-500,Pvt Ltd,1,20,1
city_73,0.87,,Has relevent experience,no_enrollment,Graduate,STEM,>20,10000+,Pvt Ltd,1,35,0
city_89,0.624,,Has relevent experience,no_enrollment,Masters,STEM,7,,Funded Startup,1,137,1
city_102,0.919,,Has relevent experience,no_enrollment,Masters,Humanities,19,<10,Pvt Ltd,>4,17,0
city_103,0.909,,Has relevent experience,no_enrollment,Graduate,STEM,5,10000+,Pvt Ltd,2,15,1
city_103,0.824,Male,Has relevent experience,Full time course,Graduate,STEM,10,1000-4999,Early Stage Startup,1,27,0
city_16,0.616,,Has relevent experience,no_enrollment,Graduate,STEM,10,500-999,Pvt Ltd,1,83,0
city_90,0.768,Male,No relevent experience,Full time course,High School,STEM,2,,,never,3,1
city_103,0.912,Male,Has relevent experience,Part time course,Graduate,STEM,8,<10,Public Sector,1,23,1
city_103,0.7,Male,Has relevent experience,no_enrollment,Graduate,STEM,11,10000+,NGO,1,85,0
city_102,0.91,Male,No relevent experience,,Graduate,STEM,8,50-99,Public Sector,never,11,0
city_75,0.921,Male,Has relevent experience,no_enrollment,Masters,STEM,>20,10000+,Pvt Ltd,1,26,0
city_143,0.806,,Has relevent experience,no_enrollment,Graduate,STEM,19,50-99,Funded Startup,1,40,1
city_114,0.926,,Has relevent experience,no_enrollment,Masters,,11,<10,,1,147,0
city_21,0.719,,Has relevent experience,Part time course,Graduate,STEM,>20,100-500,Pvt Ltd,3,61,1
city_14,0.762,Male,No relevent experience,Full time course,Graduate,STEM,>20,,,,21,0
city_103,0.905,Male,Has relevent experience,no_enrollment,Graduate,STEM,18,50-99,Early Stage Startup,2,36,<NA>
city_11,0.873,Male,No relevent experience,,Graduate,STEM,13,,,never,3,0
city_27,0.621,Male,No relevent experience,no_enrollment,Graduate,No Major,<1,,Pvt Ltd,1,13,0
city_16,0.764,Male,Has relevent experience,Part time course,Phd,STEM,>20,<10,,1,129,1
city_103,0.602,Male,No relevent experience,,High School,,2,,,1,18,0
city_21,0.924,,Has relevent experience,no_enrollment,Graduate,STEM,>20,50-99,Pvt Ltd,2,21,1
city_114,0.778,,Has relevent experience,no_enrollment,Masters,Humanities,4,,Pvt Ltd,>4,93,0
city_21,0.501,,No relevent experience,Full time course,Graduate,STEM,4,,Pvt Ltd,1,63,1
city_21,0.622,Male,Has relevent experience,no_enrollment,Graduate,STEM,>20,1000-4999,Pvt Ltd,1,35,1
city_103,0.914,Female,Has relevent experience,no_enrollment,Graduate,STEM,>20,50-99,Pvt Ltd,2,149,1
city_103,0.91,,Has relevent experience,no_enrollment,Graduate,STEM,19,<10,Pvt Ltd,>4,48,0
city_16,0.923,Other,Has relevent experience,Full time course,High School,STEM,9,,,2,146,0
city_94,0.916,,No relevent experience,Full time course,Graduate,STEM,2,,Pvt Ltd,never,2,0
city_136,0.916,,Has relevent experience,no_enrollment,Graduate,STEM,12,,Pvt Ltd,1,67,0
city_71,0.911,,Has relevent experience,no_enrollment,Graduate,STEM,6,10000+,Pvt Ltd,>4,15,0
city_19,0.718,Male,No relevent experience,,High School,,1,,,never,98,0
city_73,0.917,,Has relevent experience,Part time course,Graduate,STEM,10,10000+,Early Stage Startup,1,31,1
city_100,0.635,Male,Has relevent experience,Part time course,Masters,STEM,>20,50-99,Early Stage Startup,1,17,1
city_9,0.797,Male,Has relevent experience,Part time course,Phd,STEM,18,100-500,,>4,26,1
city_103,0.924,Male,Has relevent experience,no_enrollment,Graduate,STEM,14,100-500,Pvt Ltd,3,19,1
city_103,0.91,Male,No relevent experience,Full time course,Graduate,STEM,1,,Funded Startup,1,19,1
city_103,0.914,Male,Has relevent experience,no_enrollment,Phd,STEM,16,50-99,Funded Startup,1,89,0
city_11,0.914,Male,No relevent experience,,High School,,3,,,1,102,0
city_103,0.915,,Has relevent experience,no_enrollment,,STEM,>20,,,1,86,0
city_54,0.865,Male,Has relevent experience,Full time course,Graduate,STEM,1,10/49,Funded Startup,2,28,1
city_21,0.909,,Has relevent experience,no_enrollment,Graduate,STEM,5,<10,Pvt Ltd,1,1,<NA>
city_103,0.933,Male,Has relevent experience,no_enrollment,Masters,STEM,>20,5000-9999,Funded Startup,>4,336,0
city_84,0.886,Male,Has relevent experience,no_enrollment,Masters,STEM,8,500-999,Pvt Ltd,>4,83,0
city_73,0.911,,Has relevent experience,no_enrollment,Graduate,STEM,2,10000+,Early Stage Startup,1,38,0
city_82,0.913,,No relevent experience,Full time course,High School,STEM,2,,,never,29,0
city_103,0.724,Male,Has relevent experience,no_enrollment,Masters,STEM,>20,50-99,Pvt Ltd,2,67,0
city_104,0.852,,Has relevent experience,Full time course,Graduate,STEM,<1,50-99,,1,27,0
city_103,0.907,,Has relevent experience,no_enrollment,Masters,STEM,10,100-500,NGO,1,40,1
city_14,0.915,,Has relevent experience,Full time course,Masters,STEM,8,,,1,17,0
city_103,0.865,,Has relevent experience,Part time course,Graduate,STEM,>20,100-500,Funded Startup,1,12,1
city_61,0.586,Male,No relevent experience,Full time course,Primary School,,4,,,,80,0
city_103,0.904,Female,Has relevent experience,no_enrollment,Masters,STEM,>20,100-500,Pvt Ltd,1,46,1
city_21,0.674,,No relevent experience,Full time course,Graduate,STEM,2,,,1,11,0
city_21,0.93,Male,Has relevent experience,no_enrollment,Masters,STEM,>20,50-99,Pvt Ltd,2,36,<NA>
city_102,0.858,,No relevent experience,Full time course,High School,STEM,8,,,1,24,1
city_89,0.795,,Has relevent experience,no_enrollment,Graduate,STEM,4,50-99,Public Sector,>4,74,0
city_103,0.912,,Has relevent experience,Part time course,Graduate,STEM,10,10000+,Early Stage Startup,>4,82,1
city_114,0.905,,No relevent experience,Full time course,Graduate,STEM,8,10000+,Pvt Ltd,>4,96,1
city_160,0.907,,Has relevent experience,no_enrollment,Masters,STEM,7,50-99,Funded Startup,1,23,1
city_100,0.816,,No relevent experience,Full time course,Masters,,18,,,1,144,0
city_103,0.908,,Has relevent experience,Full time course,Masters,STEM,4,10000+,NGO,1,5,0
city_103,0.876,,Has relevent experience,no_enrollment,Graduate,,>20,500-999,Pvt Ltd,1,9,0
city_21,0.904,,No relevent experience,Full time course,Masters,STEM,5,,,>4,18,1
city_114,0.924,Male,Has relevent experience,no_enrollment,Graduate,Other,4,100-500,Pvt Ltd,>4,35,0
city_103,0.611,,Has relevent experience,no_enrollment,Graduate,STEM,>20,50-99,Pvt Ltd,2,73,0
city_103,0.907,Male,Has relevent experience,no_enrollment,Graduate,STEM,>20,10000+,Early Stage Startup,1,75,0
city_103,0.853,Male,Has relevent experience,no_enrollment,Masters,STEM,10,100-500,Pvt Ltd,2,13,1
city_59,0.911,,Has relevent experience,no_enrollment,Graduate,STEM,>20,100-500,Funded Startup,1,5,1
city_179,0.768,Male,Has relevent experience,Full time course,Graduate,STEM,1,50-99,Funded Startup,1,44,0
city_103,0.603,Male,Has relevent experience,Full time course,Graduate,STEM,1,10000+,NGO,1,55,1
city_11,0.711,,No relevent experience,Full time course,High School,,1,,,1,38,0
city_99,0.559,Male,No relevent experience,no_enrollment,High School,Arts,3,,,1,279,0
city_19,0.913,Male,No relevent experience,no_enrollment,High School,Business Degree,>20,<10,,1,81,0
city_16,0.915,,Has relevent experience,no_enrollment,Masters,Humanities,20,100-500,,1,14,1
city_24,0.911,,Has relevent experience,no_enrollment,Graduate,STEM,13,50-99,Public Sector,1,7,1
city_160,0.907,,Has relevent experience,Full time course,Graduate,STEM,>20,10000+,Pvt Ltd,3,8,0
city_11,0.541,Male,No relevent experience,,High School,STEM,<1,,,never,226,0
city_21,0.654,Male,No relevent experience,Full time course,High School,STEM,8,,,1,2,0
city_103,0.753,,Has relevent experience,no_enrollment,Graduate,STEM,16,1000-4999,Pvt Ltd,2,53,1
city_103,0.724,,No relevent experience,,High School,,5,,,never,49,0
city_103,0.926,,Has relevent experience,no_enrollment,Graduate,Arts,13,<10,Pvt Ltd,1,93,0
city_123,0.706,Male,No relevent experience,Full time course,Primary School,,4,,,never,9,0
city_165,0.912,,Has relevent experience,no_enrollment,Graduate,STEM,>20,50-99,Pvt Ltd,>4,17,1
city_173,0.918,Female,Has relevent experience,no_enrollment,Graduate,STEM,6,1000-4999,Funded Startup,1,41,1
city_103,0.77,,Has relevent experience,Part time course,Masters,STEM,6,50-99,Pvt Ltd,>4,22,0
city_103,0.926,Male,Has relevent experience,Part time course,Graduate,STEM,6,100-500,Funded Startup,1,98,<NA>
city_21,0.911,,No relevent experience,,High School,,4,,,never,48,0
city_21,0.617,Male,Has relevent experience,no_enrollment,Graduate,Other,<1,50-99,Pvt Ltd,1,19,0
city_21,0.859,Male,No relevent experience,no_enrollment,Graduate,STEM,1,,Pvt Ltd,2,23,0
city_46,0.925,,Has relevent experience,no_enrollment,Masters,STEM,7,10000+,Pvt Ltd,1,27,1
city_103,0.931,,Has relevent experience,no_enrollment,Graduate,STEM,11,100-500,Pvt Ltd,>4,43,<NA>
city_145,0.915,,Has relevent experience,no_enrollment,Graduate,STEM,>20,,,1,4,0
city_103,0.649,Male,Has relevent experience,no_enrollment,Graduate,STEM,>20,100-500,Pvt Ltd,1,28,0
city_46,0.915,,No relevent experience,Full time course,High School,,2,,,2,53,0
city_36,0.858,,No relevent experience,no_enrollment,High School,STEM,4,,,1,18,0
city_73,0.914,Male,No relevent experience,Part time course,Phd,STEM,19,,,never,216,1
city_67,0.615,Male,Has relevent experience,no_enrollment,Graduate,STEM,10,100-500,Pvt Ltd,3,97,<NA>
city_142,0.619,Male,Has relevent experience,no_enrollment,Graduate,STEM,>20,10/49,Pvt Ltd,1,100,1
city_149,0.882,Male,No relevent experience,Full time course,Graduate,STEM,3,,,never,9,<NA>
city_16,0.876,,Has relevent experience,no_enrollment,Graduate,STEM,>20,50-99,Pvt Ltd,4,19,1
city_103,0.91,Male,Has relevent experience,no_enrollment,Graduate,,>20,100-500,Pvt Ltd,2,1,0
city_103,0.913,,Has relevent experience,,Masters,Other,<1,10000+,,4,226,0
city_114,0.891,Male,Has relevent experience,no_enrollment,Masters,STEM,11,50-99,Pvt Ltd,2,64,1
city_72,0.807,Male,Has relevent experience,Full time course,Masters,,3,<10,Public Sector,never,83,0
city_114,0.915,Male,No relevent experience,Full time course,Masters,,4,,,never,5,0
city_123,0.917,Male,No relevent experience,Full time course,High School,No Major,4,,,1,132,0
city_103,0.901,Male,Has relevent experience,no_enrollment,Masters,STEM,3,5000-9999,Pvt Ltd,>4,3,1
city_103,0.91,,Has relevent experience,no_enrollment,Graduate,STEM,5,10000+,Pvt Ltd,1,1,0
city_21,0.75,Male,No relevent experience,Full time course,High School,STEM,4,,,never,46,0
city_61,0.915,Male,Has relevent experience,no_enrollment,Graduate,STEM,11,50-99,Pvt Ltd,>4,28,1
city_103,0.91,Male,Has relevent experience,,High School,,<1,,,never,1,0
city_160,0.643,Male,Has relevent experience,no_enrollment,Graduate,STEM,4,50-99,,>4,28,1
city_103,0.907,,Has relevent experience,no_enrollment,Graduate,STEM,>20,50-99,Pvt Ltd,>4,18,1
city_114,0.924,,No relevent experience,Full time course,High School,,<1,,,never,12,0
city_103,0.848,,Has relevent experience,no_enrollment,Masters,STEM,7,10000+,Pvt Ltd,never,7,1
city_149,0.83,,Has relevent experience,no_enrollment,Phd,Arts,19,,Other,2,10,0
city_61,0.912,Male,No relevent experience,no_enrollment,Phd,STEM,11,,Pvt Ltd,,27,<NA>
city_103,0.614,,Has relevent experience,no_enrollment,Graduate,Humanities,9,<10,Funded Startup,1,40,1
city_103,0.909,Female,Has relevent experience,no_enrollment,Masters,STEM,16,<10,Pvt Ltd,>4,16,0
city_136,0.903,,Has relevent experience,no_enrollment,Graduate,STEM,>20,10000+,Pvt Ltd,3,1,1
city_114,0.917,Male,Has relevent experience,no_enrollment,Masters,STEM,6,50-99,Pvt Ltd,>4,22,<NA>
city_21,0.787,,No relevent experience,Full time course,Graduate,STEM,2,,,1,13,0
city_103,0.806,,Has relevent experience,Full time course,Masters,STEM,11,50-99,Pvt Ltd,2,128,<NA>
city_11,0.776,,No relevent experience,Part time course,High School,STEM,1,,,never,7,1
city_160,0.915,,Has relevent experience,no_enrollment,Masters,STEM,>20,500-999,Pvt Ltd,1,2,1
city_103,0.754,,Has relevent experience,Part time course,Masters,STEM,6,5000-9999,Pvt Ltd,3,10,1
city_103,0.616,Male,Has relevent experience,no_enrollment,Graduate,STEM,8,50-99,Pvt Ltd,2,79,1
city_94,0.927,Male,Has relevent experience,no_enrollment,Masters,STEM,>20,50-99,Early Stage Startup,>4,132,1
city_103,0.911,,Has relevent experience,Full time course,Masters,STEM,20,50-99,Public Sector,1,269,0
city_75,0.913,Male,Has relevent experience,no_enrollment,Graduate,STEM,12,5000-9999,Pvt Ltd,>4,30,0
city_103,0.913,Male,Has relevent experience,no_enrollment,Graduate,STEM,>20,100-500,Pvt Ltd,>4,21,1
city_54,0.928,Male,Has relevent experience,no_enrollment,Masters,STEM,>20,100-500,Pvt Ltd,2,28,0
city_90,0.728,,No relevent experience,Full time course,,,1,,,never,35,0
city_100,0.915,Male,No relevent experience,Full time course,High School,STEM,6,,Pvt Ltd,never,54,0
city_103,0.603,,No relevent experience,Full time course,Graduate,STEM,2,,,1,15,0
city_114,0.62,,Has relevent experience,no_enrollment,Graduate,STEM,7,5000-9999,Pvt Ltd,1,5,0
city_78,0.923,,No relevent experience,no_enrollment,Phd,STEM,10,,,2,193,1
city_102,0.598,,Has relevent experience,no_enrollment,Graduate,STEM,6,50-99,Pvt Ltd,2,58,1
city_53,0.702,Male,Has relevent experience,Full time course,Graduate,STEM,<1,100-500,,1,3,0
city_103,0.623,,Has relevent experience,no_enrollment,Graduate,STEM,20,5000-9999,NGO,1,89,<NA>
city_28,0.908,Male,Has relevent experience,no_enrollment,Masters,STEM,>20,10000+,Pvt Ltd,>4,25,0
city_21,0.686,,No relevent experience,Full time course,,,4,,,2,16,0
city_136,0.912,Male,Has relevent experience,no_enrollment,Graduate,Humanities,17,1000-4999,Pvt Ltd,4,153,1
city_103,0.889,,No relevent experience,Full time course,High School,,2,,,never,40,0
city_57,0.56,Other,No relevent experience,no_enrollment,Graduate,STEM,2,,,1,117,0
city_40,0.527,Male,No relevent experience,Full time course,High School,,2,,,never,10,0
city_19,0.789,,Has relevent experience,no_enrollment,Masters,STEM,4,,,,179,0
city_103,0.924,Female,Has relevent experience,Part time course,Masters,STEM,5,50-99,Pvt Ltd,>4,59,<NA>
city_100,0.909,Male,Has relevent experience,Part time course,Graduate,STEM,6,,Early Stage Startup,1,2,0
city_21,0.911,Male,Has relevent experience,no_enrollment,Masters,STEM,11,100-500,Pvt Ltd,2,1,1
city_103,0.902,,Has relevent experience,Part time course,Graduate,STEM,10,100-500,Early Stage Startup,1,20,0
city_102,0.916,Male,Has relevent experience,no_enrollment,Graduate,STEM,4,50-99,Pvt Ltd,1,32,1
city_114,0.925,,No relevent experience,no_enrollment,High School,Arts,6,,,1,240,0
city_11,0.906,Male,No relevent experience,no_enrollment,Masters,STEM,>20,500-999,,4,201,1
city_71,0.624,,Has relevent experience,no_enrollment,Masters,STEM,12,50-99,Pvt Ltd,2,158,1
city_36,0.916,,Has relevent experience,no_enrollment,Graduate,STEM,>20,100-500,Funded Startup,1,89,1
city_33,0.914,Male,Has relevent experience,no_enrollment,Phd,STEM,6,50-99,NGO,2,19,<NA>
city_116,0.913,Male,Has relevent experience,Full time course,Masters,STEM,2,10000+,Pvt Ltd,>4,9,0
city_40,0.617,,No relevent experience,no_enrollment,High School,,4,,,never,80,0
city_114,0.912,Male,Has relevent experience,no_enrollment,Masters,STEM,2,50-99,Pvt Ltd,2,48,0
city_28,0.699,Male,No relevent experience,Full time course,High School,STEM,16,,,never,70,1
city_73,0.802,Other,No relevent experience,no_enrollment,Graduate,STEM,10,,,>4,97,0
city_41,0.89,Other,No relevent experience,no_enrollment,High School,,<1,,,>4,37,0
city_103,0.621,,Has relevent experience,Part time course,Graduate,STEM,11,10000+,Pvt Ltd,1,11,<NA>
city_103,0.909,,No relevent experience,no_enrollment,Graduate,STEM,11,100-500,Pvt Ltd,2,5,0
city_103,0.627,,Has relevent experience,no_enrollment,Masters,STEM,>20,500-999,Pvt Ltd,1,1,1
city_160,0.628,,No relevent experience,no_enrollment,Phd,STEM,17,,Funded Startup,1,12,1
city_103,0.928,,Has relevent experience,no_enrollment,Masters,STEM,9,,Pvt Ltd,1,52,<NA>
city_21,0.599,,No relevent experience,Full time course,High School,,2,,,1,152,0
city_103,0.716,Male,No relevent experience,Full time course,,,2,,,never,98,0
city_21,0.633,Male,Has relevent experience,no_enrollment,Masters,STEM,>20,100-500,Pvt Ltd,1,1,1
city_142,0.91,Male,Has relevent experience,no_enrollment,Graduate,STEM,6,5000-9999,Pvt Ltd,4,77,1
city_103,0.683,Male,Has relevent experience,,High School,,10,,,never,1,1
city_103,0.612,Male,Has relevent experience,no_enrollment,Graduate,Business Degree,>20,100-500,Pvt Ltd,>4,207,0
city_19,0.78,Other,No relevent experience,Full time course,High School,,>20,,,never,33,0
city_103,0.756,Male,No relevent experience,no_enrollment,High School,,>20,,,never,5,1
city_114,0.813,,No relevent experience,Full time course,Graduate,STEM,19,500-999,Pvt Ltd,1,96,1
city_11,0.9,Male,No relevent experience,,High School,,4,,,never,16,0
city_103,0.916,,Has relevent experience,Full time course,Graduate,STEM,10,100-500,Other,4,13,1
city_21,0.611,,Has relevent experience,no_enrollment,Graduate,STEM,2,50-99,Pvt Ltd,2,31,<NA>
city_61,0.912,Male,Has relevent experience,no_enrollment,Graduate,STEM,13,50-99,Pvt Ltd,4,13,0
city_16,0.605,,Has relevent experience,no_enrollment,Graduate,STEM,18,<10,Funded Startup,1,17,0
city_114,0.933,,Has relevent experience,Full time course,Masters,Humanities,7,10/49,Pvt Ltd,1,132,0
city_114,0.766,,Has relevent experience,Full time course,Graduate,STEM,3,<10,Pvt Ltd,1,41,1
city_103,0.61,Male,Has relevent experience,no_enrollment,Masters,STEM,17,50-99,Pvt Ltd,1,45,1
city_33,0.932,Male,Has relevent experience,no_enrollment,Graduate,STEM,4,50-99,,,50,0
city_123,0.889,,No relevent experience,no_enrollment,Graduate,STEM,>20,50-99,Pvt Ltd,1,85,0
city_73,0.882,,No relevent experience,Full time course,Graduate,STEM,10,,,never,143,0
city_71,0.907,Male,Has relevent experience,Full time course,Masters,STEM,13,10000+,Early Stage Startup,>4,74,0
city_103,0.615,Female,Has relevent experience,no_enrollment,Graduate,STEM,4,50-99,Pvt Ltd,1,105,0
city_104,0.606,,No relevent experience,Full time course,,STEM,9,,,1,47,0
city_103,0.916,,No relevent experience,,High School,STEM,>20,,,never,128,0
city_103,0.918,,Has relevent experience,no_enrollment,Masters,STEM,7,10/49,NGO,1,19,1
city_160,0.915,Other,No relevent experience,no_enrollment,Masters,STEM,3,50-99,,1,46,0
city_103,0.92,Male,Has relevent experience,Part time course,Phd,STEM,>20,100-500,Pvt Ltd,1,336,0
city_103,0.66,,Has relevent experience,Full time course,Graduate,STEM,>20,,,2,63,1
city_114,0.914,Female,Has relevent experience,Full time course,Masters,STEM,>20,,Pvt Ltd,1,11,1
city_128,0.861,Male,Has relevent experience,Part time course,Masters,STEM,18,,Pvt Ltd,,106,1
city_75,0.92,,Has relevent experience,no_enrollment,Masters,STEM,>20,500-999,Early Stage Startup,1,62,0
city_102,0.849,,Has relevent experience,Full time course,High School,STEM,19,,,2,1,1
city_103,0.699,Male,Has relevent experience,no_enrollment,Graduate,STEM,>20,10000+,Pvt Ltd,1,40,0
city_160,0.922,Male,Has relevent experience,no_enrollment,Masters,STEM,9,100-500,Pvt Ltd,1,56,<NA>
city_103,0.908,Male,Has relevent experience,Part time course,Graduate,STEM,>20,50-99,Pvt Ltd,1,159,1
city_175,0.65,Male,No relevent experience,Full time course,High School,,4,,,never,23,1
city_114,0.617,Male,Has relevent experience,no_enrollment,Graduate,STEM,7,50-99,Pvt Ltd,1,122,<NA>
city_103,0.801,,No relevent experience,Full time course,Graduate,STEM,11,,,never,113,1
city_26,0.645,Male,Has relevent experience,no_enrollment,Graduate,,5,<10,,never,224,0
city_103,0.922,Male,Has relevent experience,no_enrollment,Masters,STEM,8,500-999,Pvt Ltd,1,29,1
city_16,0.914,,Has relevent experience,no_enrollment,Graduate,STEM,>20,100-500,Pvt Ltd,3,11,1
city_64,0.943,Male,No relevent experience,no_enrollment,High School,,2,,,never,45,0
city_19,0.609,,Has relevent experience,no_enrollment,Graduate,STEM,<1,10/49,Pvt Ltd,1,18,<NA>
city_103,0.923,,Has relevent experience,Part time course,Graduate,STEM,9,5000-9999,Public Sector,1,288,<NA>
city_136,0.627,,Has relevent experience,Full time course,Graduate,Business Degree,6,10000+,Pvt Ltd,1,11,0
city_103,0.906,Male,Has relevent experience,no_enrollment,Masters,STEM,13,100-500,Pvt Ltd,>4,30,0
city_65,0.909,,Has relevent experience,no_enrollment,Masters,STEM,4,100-500,Other,1,19,1
city_103,0.857,Male,No relevent experience,no_enrollment,Primary School,STEM,>20,,,never,52,0
city_83,0.862,,Has relevent experience,,Masters,STEM,6,,Pvt Ltd,1,86,1
city_71,0.888,Male,No relevent experience,Full time course,Graduate,STEM,<1,,,never,23,1
city_103,0.694,Male,No relevent experience,Full time course,Graduate,Humanities,4,5000-9999,,1,33,<NA>
city_97,0.893,Male,Has relevent experience,no_enrollment,Masters,STEM,20,100-500,Pvt Ltd,2,73,1
city_114,0.881,Male,No relevent experience,no_enrollment,Graduate,STEM,5,,,never,6,0
city_103,0.927,,Has relevent experience,no_enrollment,Masters,STEM,>20,100-500,Pvt Ltd,2,19,1
city_73,0.918,,Has relevent experience,no_enrollment,Masters,STEM,7,50-99,Funded Startup,>4,32,0
city_116,0.616,Male,No relevent experience,Full time course,High School,,<1,,,never,30,0
city_99,0.903,Male,Has relevent experience,no_enrollment,Phd,STEM,>20,100-500,Pvt Ltd,>4,32,0
city_11,0.917,Male,No relevent experience,no_enrollment,,,2,,,>4,55,0
city_103,0.92,Male,Has relevent experience,Part time course,Graduate,STEM,12,5000-9999,Pvt Ltd,>4,24,<NA>
city_103,0.836,Male,Has relevent experience,no_enrollment,Masters,STEM,7,50-99,Pvt Ltd,2,48,0
city_67,0.9,,Has relevent experience,no_enrollment,Graduate,STEM,11,50-99,Pvt Ltd,1,11,1
city_103,0.937,Male,Has relevent experience,no_enrollment,Graduate,STEM,>20,100-500,Pvt Ltd,2,62,1
city_103,0.902,,Has relevent experience,no_enrollment,Graduate,Other,>20,,,2,15,0
city_103,0.926,Female,No relevent experience,no_enrollment,Masters,STEM,4,,,1,67,<NA>
city_118,0.924,,Has relevent experience,no_enrollment,High School,STEM,16,10000+,,2,26,0
city_103,0.92,Male,Has relevent experience,no_enrollment,Graduate,STEM,15,100-500,Pvt Ltd,1,14,0
city_128,0.896,Male,Has relevent experience,Part time course,Graduate,STEM,8,,Pvt Ltd,1,40,1
city_160,0.815,Male,Has relevent experience,no_enrollment,Graduate,STEM,6,5000-9999,Pvt Ltd,1,296,0
city_114,0.48,Male,No relevent experience,Full time course,High School,,6,,,never,30,1
city_114,0.715,Male,Has relevent experience,no_enrollment,Masters,STEM,8,50-99,Pvt Ltd,>4,25,0
city_21,0.931,Male,Has relevent experience,no_enrollment,Masters,STEM,>20,50-99,Pvt Ltd,4,21,<NA>
city_103,0.924,,Has relevent experience,no_enrollment,Graduate,STEM,>20,5000-9999,Pvt Ltd,>4,149,1
city_103,0.664,,Has relevent experience,no_enrollment,Masters,STEM,2,<10,Pvt Ltd,1,1,<NA>
city_57,0.916,,No relevent experience,Full time course,High School,,11,,,never,7,1
city_114,0.887,Male,Has relevent experience,no_enrollment,Graduate,Business Degree,10,50-99,Pvt Ltd,1,105,1
city_103,0.902,,Has relevent experience,no_enrollment,Masters,STEM,6,100-500,Pvt Ltd,1,98,0
city_16,0.731,,Has relevent experience,no_enrollment,Phd,STEM,6,10/49,Pvt Ltd,2,67,0
city_162,0.883,,No relevent experience,no_enrollment,Primary School,STEM,6,,,>4,112,0
city_21,0.905,,Has relevent experience,no_enrollment,Graduate,STEM,9,50-99,Other,1,1,<NA>
city_21,0.913,Male,Has relevent experience,no_enrollment,Masters,STEM,9,10000+,Pvt Ltd,>4,310,0
city_103,0.916,Male,No relevent experience,,Graduate,STEM,2,,,1,86,0
city_105,0.824,Male,Has relevent experience,Full time course,Graduate,STEM,19,50-99,Pvt Ltd,1,36,0
city_136,0.688,Male,Has relevent experience,no_enrollment,Masters,STEM,5,50-99,Pvt Ltd,1,40,0
city_160,0.908,Female,Has relevent experience,no_enrollment,Masters,STEM,2,100-500,Pvt Ltd,2,13,1
city_36,0.609,,No relevent experience,Full time course,High School,,2,,,never,2,0
city_73,0.881,,Has relevent experience,no_enrollment,Graduate,STEM,6,50-99,Pvt Ltd,4,83,1
city_103,0.931,,Has relevent experience,Full time course,Graduate,Other,10,50-99,Pvt Ltd,1,18,1
city_103,0.671,Male,No relevent experience,no_enrollment,Phd,STEM,2,,,never,18,1
city_103,0.632,,Has relevent experience,no_enrollment,Phd,STEM,6,10/49,Pvt Ltd,4,47,1
city_21,0.911,Male,Has relevent experience,no_enrollment,Graduate,Humanities,15,50-99,Pvt Ltd,>4,15,1
city_97,0.718,,Has relevent experience,no_enrollment,High School,Arts,8,50-99,Pvt Ltd,3,31,0
city_45,0.933,Female,Has relevent experience,no_enrollment,Graduate,STEM,12,50-99,,1,148,0
city_103,0.911,Male,Has relevent experience,no_enrollment,Graduate,STEM,8,5000-9999,Pvt Ltd,>4,81,1
city_116,0.925,Male,Has relevent experience,no_enrollment,Masters,STEM,18,500-999,Early Stage Startup,>4,105,0
city_37,0.67,Male,No relevent experience,Full time course,,,3,,,never,15,0
city_149,0.623,Male,Has relevent experience,no_enrollment,Masters,STEM,5,10/49,Pvt Ltd,>4,18,1
city_103,0.905,Male,Has relevent experience,no_enrollment,Masters,STEM,>20,100-500,Pvt Ltd,1,69,0
city_103,0.624,,Has relevent experience,no_enrollment,Graduate,STEM,>20,100-500,Pvt Ltd,>4,112,1
city_114,0.919,Male,Has relevent experience,no_enrollment,Masters,STEM,8,100-500,Pvt Ltd,2,82,<NA>
city_99,0.914,Female,No relevent experience,no_enrollment,High School,Humanities,2,,,1,30,0
city_123,0.911,Female,Has relevent experience,no_enrollment,Masters,STEM,>20,5000-9999,Pvt Ltd,4,16,0
city_98,0.923,Male,Has relevent experience,no_enrollment,High School,Business Degree,>20,,,never,45,0
city_103,0.802,,Has relevent experience,no_enrollment,Graduate,STEM,6,10/49,Pvt Ltd,1,46,<NA>
city_160,0.907,Male,Has relevent experience,no_enrollment,Graduate,STEM,>20,50-99,Pvt Ltd,>4,26,0
city_21,0.711,,No relevent experience,Part time course,High School,STEM,4,,,never,17,1
city_11,0.912,,No relevent experience,Full time course,,,2,,,1,43,0
city_160,0.692,Female,Has relevent experience,no_enrollment,Masters,STEM,14,,,,19,0
city_167,0.683,Male,Has relevent experience,no_enrollment,Graduate,STEM,15,50-99,Early Stage Startup,1,90,1
city_102,0.623,,Has relevent experience,Part time course,Graduate,STEM,11,10000+,,4,11,0
city_160,0.914,,Has relevent experience,no_enrollment,Masters,STEM,>20,1000-4999,Pvt Ltd,2,29,0
city_103,0.912,Other,Has relevent experience,no_enrollment,Masters,STEM,6,10/49,Pvt Ltd,4,5,0
city_103,0.926,Male,Has relevent experience,no_enrollment,Graduate,STEM,9,50-99,Pvt Ltd,2,23,<NA>
city_103,0.697,Male,Has relevent experience,no_enrollment,Graduate,Other,4,100-500,Pvt Ltd,>4,6,0
city_103,0.916,Male,Has relevent experience,no_enrollment,Graduate,STEM,>20,10000+,Pvt Ltd,1,15,0
city_116,0.92,Male,Has relevent experience,no_enrollment,Graduate,STEM,17,50-99,Pvt Ltd,2,48,1
city_103,0.629,Male,Has relevent experience,no_enrollment,Masters,STEM,>20,100-500,Pvt Ltd,>4,21,0
city_114,0.878,Female,Has relevent experience,no_enrollment,Masters,STEM,>20,50-99,Pvt Ltd,1,21,1
city_103,0.929,Male,Has relevent experience,Part time course,Phd,STEM,16,10000+,Pvt Ltd,>4,30,<NA>
city_16,0.906,Female,Has relevent experience,no_enrollment,Graduate,STEM,>20,10/49,Pvt Ltd,1,75,1
city_103,0.911,Male,Has relevent experience,no_enrollment,Graduate,STEM,7,50-99,Pvt Ltd,1,12,0
city_140,0.908,Male,Has relevent experience,no_enrollment,Masters,STEM,8,100-500,Pvt Ltd,1,27,0
city_114,0.913,,Has relevent experience,no_enrollment,Masters,STEM,3,500-999,Public Sector,1,24,0
city_145,0.847,,Has relevent experience,Full time course,Graduate,STEM,>20,100-500,Pvt Ltd,2,1,1
city_103,0.908,,Has relevent experience,no_enrollment,Graduate,STEM,2,100-500,Pvt Ltd,1,212,0
city_114,0.907,,No relevent experience,Full time course,Phd,STEM,7,,,1,42,0
city_36,0.78,,Has relevent experience,no_enrollment,Graduate,STEM,>20,10000+,Pvt Ltd,1,82,0
city_114,0.924,,No relevent experience,no_enrollment,,,3,,,never,43,0
city_16,0.907,Male,Has relevent experience,no_enrollment,Graduate,STEM,8,<10,Pvt Ltd,>4,10,0
city_103,0.913,,Has relevent experience,Full time course,Masters,STEM,10,50-99,Pvt Ltd,1,1,<NA>
city_70,0.874,Male,Has relevent experience,Part time course,Masters,STEM,18,,Early Stage Startup,1,19,0
city_103,0.859,,No relevent experience,Part time course,,STEM,7,,,never,9,1
city_16,0.723,Male,Has relevent experience,no_enrollment,Masters,Arts,2,<10,Pvt Ltd,2,12,0
city_103,0.911,,Has relevent experience,no_enrollment,Graduate,STEM,7,100-500,Pvt Ltd,2,4,1
city_103,0.895,Male,Has relevent experience,no_enrollment,Graduate,STEM,9,100-500,Pvt Ltd,>4,61,0
city_114,0.915,Male,No relevent experience,no_enrollment,Graduate,STEM,4,50-99,Pvt Ltd,>4,27,0
city_103,0.743,Male,Has relevent experience,no_enrollment,Graduate,STEM,15,10000+,Pvt Ltd,3,209,1
city_103,0.915,,Has relevent experience,Part time course,Masters,STEM,4,10000+,Pvt Ltd,1,253,0
city_142,0.916,,Has relevent experience,no_enrollment,Masters,STEM,16,5000-9999,Pvt Ltd,>4,134,0
city_103,0.905,Male,Has relevent experience,no_enrollment,Graduate,STEM,>20,<10,Pvt Ltd,1,44,0
city_21,0.915,,Has relevent experience,no_enrollment,Masters,STEM,>20,100-500,Pvt Ltd,>4,7,1
city_103,0.631,Female,Has relevent experience,no_enrollment,Masters,STEM,6,100-500,Pvt Ltd,2,120,1
city_114,0.925,Male,Has relevent experience,no_enrollment,Masters,STEM,1,100-500,Pvt Ltd,never,23,0
city_114,0.916,Male,Has relevent experience,no_enrollment,Masters,STEM,4,50-99,Pvt Ltd,>4,10,<NA>
city_16,0.912,Male,No relevent experience,Full time course,Graduate,No Major,>20,,,never,33,0
city_67,0.924,Other,No relevent experience,Part time course,Graduate,Other,9,100-500,Pvt Ltd,1,57,0
city_103,0.925,,Has relevent experience,Part time course,Phd,STEM,8,100-500,Public Sector,1,102,0
city_11,0.605,Male,No relevent experience,Full time course,Graduate,,2,,,never,30,1
city_103,0.922,,No relevent experience,no_enrollment,Phd,STEM,6,,,1,44,1
city_103,0.914,Male,Has relevent experience,no_enrollment,Graduate,STEM,11,100-500,Pvt Ltd,1,26,0
city_24,0.924,Male,Has relevent experience,no_enrollment,Phd,STEM,2,,Pvt Ltd,2,9,0
city_67,0.922,Male,Has relevent experience,no_enrollment,Masters,STEM,10,50-99,Other,>4,93,<NA>
city_126,0.675,Male,Has relevent experience,no_enrollment,Graduate,STEM,17,,Pvt Ltd,1,189,1
city_103,0.818,Female,No relevent experience,Full time course,Masters,STEM,2,,,1,25,0
city_27,0.621,,No relevent experience,Full time course,Graduate,STEM,2,5000-9999,,2,3,0
city_50,0.614,,Has relevent experience,no_enrollment,Graduate,STEM,10,100-500,NGO,1,18,0
city_127,0.742,,No relevent experience,Full time course,Graduate,STEM,<1,100-500,,2,53,1
city_24,0.728,,No relevent experience,no_enrollment,High School,STEM,1,,,1,29,0
city_67,0.755,Male,No relevent experience,Full time course,High School,,<1,,,1,58,0
city_1,0.912,,No relevent experience,,High School,,10,,,never,3,0
city_103,0.905,,Has relevent experience,no_enrollment,Graduate,STEM,8,1000-4999,,1,14,1
city_19,0.502,Male,No relevent experience,Full time course,High School,,9,,,never,35,0
city_136,0.916,,Has relevent experience,no_enrollment,Masters,Business Degree,6,50-99,Funded Startup,>4,14,0
city_73,0.64,Male,No relevent experience,Full time course,High School,,1,,,never,50,0
city_114,0.906,Male,Has relevent experience,no_enrollment,Phd,STEM,>20,100-500,Pvt Ltd,1,10,0
city_103,0.91,Male,Has relevent experience,no_enrollment,Graduate,STEM,12,10/49,Pvt Ltd,1,226,1
city_21,0.896,Male,Has relevent experience,no_enrollment,Graduate,STEM,>20,<10,Pvt Ltd,1,29,0
city_103,0.924,,Has relevent experience,no_enrollment,Masters,STEM,7,100-500,Pvt Ltd,2,94,0
city_103,0.625,Male,No relevent experience,no_enrollment,High School,STEM,4,,Pvt Ltd,,145,0
city_103,0.914,Female,Has relevent experience,no_enrollment,Graduate,STEM,11,<10,,4,13,<NA>
city_103,0.926,Male,Has relevent experience,no_enrollment,High School,,20,,,1,44,0
city_160,0.927,Male,Has relevent experience,no_enrollment,Masters,STEM,>20,100-500,Funded Startup,>4,42,<NA>
city_16,0.907,,Has relevent experience,no_enrollment,Graduate,Humanities,>20,10/49,Pvt Ltd,>4,76,0
city_160,0.915,Male,Has relevent experience,no_enrollment,Graduate,STEM,10,<10,NGO,1,40,1
city_103,0.921,Male,No relevent experience,no_enrollment,Masters,STEM,4,100-500,,never,23,0
city_16,0.622,Male,Has relevent experience,no_enrollment,Masters,STEM,20,5000-9999,Funded Startup,>4,40,0
city_160,0.919,Other,No relevent experience,no_enrollment,High School,,12,,,>4,19,0
city_21,0.775,Male,No relevent experience,Full time course,Graduate,STEM,20,<10,,1,90,<NA>
city_103,0.93,,Has relevent experience,no_enrollment,Graduate,STEM,>20,10000+,Pvt Ltd,>4,67,<NA>
city_103,0.919,Male,Has relevent experience,Full time course,Masters,STEM,17,10/49,Pvt Ltd,>4,71,0
city_160,0.897,,Has relevent experience,no_enrollment,Masters,STEM,9,10000+,Pvt Ltd,>4,237,1
city_21,0.912,Female,No relevent experience,Full time course,Graduate,STEM,>20,10000+,Pvt Ltd,>4,60,1
city_103,0.78,Female,Has relevent experience,no_enrollment,Graduate,Humanities,13,100-500,Pvt Ltd,4,119,0
city_103,0.63,,Has relevent experience,Part time course,Masters,STEM,4,1000-4999,Pvt Ltd,1,27,0
city_40,0.649,Male,Has relevent experience,no_enrollment,Masters,Humanities,4,50-99,Public Sector,>4,172,1
city_103,0.661,,Has relevent experience,Part time course,Graduate,STEM,>20,10/49,Pvt Ltd,1,166,1
city_11,0.622,,No relevent experience,Full time course,High School,,3,,,never,1,0
city_160,0.867,Male,No relevent experience,Full time course,Graduate,,4,,,1,17,1
city_61,0.921,,No relevent experience,no_enrollment,Masters,STEM,9,50-99,Pvt Ltd,1,20,0
city_65,0.907,Female,Has relevent experience,no_enrollment,Masters,Humanities,17,50-99,Pvt Ltd,>4,21,0
city_160,0.673,,No relevent experience,no_enrollment,Phd,STEM,13,10000+,Early Stage Startup,1,10,1
city_27,0.697,,No relevent experience,Full time course,Graduate,STEM,10,50-99,Funded Startup,>4,68,1
city_89,0.769,Male,No relevent experience,Full time course,High School,,2,,,never,53,0
city_91,0.579,Male,No relevent experience,Full time course,High School,,4,,,never,21,0
city_150,0.918,Female,Has relevent experience,no_enrollment,Primary School,,4,,,>4,9,0
city_21,0.915,Male,Has relevent experience,Full time course,Masters,Other,6,100-500,Other,1,14,0
city_11,0.568,Male,No relevent experience,,High School,,4,,,never,15,0
city_103,0.913,,Has relevent experience,no_enrollment,Graduate,STEM,6,100-500,Pvt Ltd,>4,13,1
city_133,0.922,Female,Has relevent experience,no_enrollment,Primary School,Other,17,,,4,102,0
city_103,0.927,Male,Has relevent experience,Part time course,Graduate,STEM,10,<10,Pvt Ltd,1,62,0
city_91,0.929,Male,No relevent experience,,Masters,STEM,>20,50-99,Pvt Ltd,4,15,1
city_160,0.903,Male,Has relevent experience,no_enrollment,Masters,STEM,10,10000+,Pvt Ltd,>4,17,1
city_150,0.92,,Has relevent experience,no_enrollment,Masters,STEM,17,1000-4999,Pvt Ltd,>4,10,0
city_115,0.923,,No relevent experience,Full time course,Graduate,Other,7,100-500,Pvt Ltd,1,106,1
city_65,0.694,Male,Has relevent experience,no_enrollment,Masters,Business Degree,>20,50-99,Pvt Ltd,1,93,0
city_103,0.908,Other,No relevent experience,no_enrollment,Masters,STEM,8,10000+,,1,40,0
city_103,0.902,Male,Has relevent experience,no_enrollment,Graduate,STEM,>20,10/49,Pvt Ltd,1,10,1
city_48,0.904,Male,Has relevent experience,no_enrollment,Graduate,STEM,>20,50-99,Pvt Ltd,2,11,0
city_103,0.607,,No relevent experience,Full time course,Graduate,STEM,2,100-500,NGO,2,119,1
city_12,0.901,Male,Has relevent experience,no_enrollment,Masters,No Major,4,10000+,,1,215,0
city_103,0.917,,Has relevent experience,Full time course,Graduate,STEM,>20,100-500,Pvt Ltd,1,129,1
city_103,0.918,,Has relevent experience,no_enrollment,Graduate,STEM,>20,10/49,Pvt Ltd,2,29,1
city_103,0.932,,Has relevent experience,Full time course,Graduate,STEM,19,<10,Pvt Ltd,1,7,0
city_11,0.614,,Has relevent experience,no_enrollment,Graduate,STEM,7,,Pvt Ltd,1,97,1
city_118,0.927,Male,No relevent experience,no_enrollment,Masters,STEM,5,5000-9999,Pvt Ltd,>4,21,0
city_21,0.918,Female,Has relevent experience,no_enrollment,Graduate,STEM,>20,50-99,Pvt Ltd,1,23,<NA>
city_103,0.925,Male,No relevent experience,,High School,,<1,,,never,24,0
city_103,0.913,Male,Has relevent experience,no_enrollment,Masters,STEM,12,<10,Pvt Ltd,1,14,0
city_160,0.592,Male,Has relevent experience,no_enrollment,Graduate,STEM,>20,10000+,NGO,2,3,1
city_24,0.918,Male,Has relevent experience,no_enrollment,Masters,STEM,17,100-500,Pvt Ltd,1,53,0
city_114,0.904,,Has relevent experience,Full time course,Masters,STEM,17,50-99,Pvt Ltd,1,1,0
city_103,0.724,,Has relevent experience,no_enrollment,Graduate,STEM,5,10/49,Pvt Ltd,2,28,<NA>
city_16,0.912,,Has relevent experience,no_enrollment,Graduate,STEM,12,100-500,Pvt Ltd,1,229,1
city_48,0.696,Male,Has relevent experience,Part time course,Graduate,STEM,6,500-999,Pvt Ltd,1,30,1
city_103,0.646,Male,No relevent experience,Full time course,Graduate,,<1,,,1,28,1
city_173,0.702,,Has relevent experience,no_enrollment,Masters,STEM,6,50-99,Pvt Ltd,2,77,1
city_136,0.906,,Has relevent experience,no_enrollment,Graduate,STEM,10,1000-4999,Public Sector,1,24,1
city_103,0.698,Male,Has relevent experience,Part time course,Graduate,STEM,15,100-500,Public Sector,1,49,0
city_61,0.903,Male,Has relevent experience,no_enrollment,Graduate,STEM,>20,1000-4999,Pvt Ltd,>4,11,0
city_103,0.768,Male,Has relevent experience,no_enrollment,Masters,Humanities,4,50-99,Pvt Ltd,1,12,0
city_16,0.898,,No relevent experience,Full time course,High School,,2,,,never,107,0
city_75,0.896,Male,No relevent experience,no_enrollment,High School,STEM,2,,,2,39,1
city_127,0.606,Male,No relevent experience,no_enrollment,High School,STEM,<1,,,>4,6,0
city_114,0.92,Male,Has relevent experience,no_enrollment,Graduate,STEM,>20,50-99,Pvt Ltd,>4,69,0
city_90,0.761,,No relevent experience,Full time course,,,1,,,never,38,0
city_37,0.923,,Has relevent experience,Full time course,Graduate,STEM,3,50-99,NGO,1,23,<NA>
city_101,0.919,,Has relevent experience,no_enrollment,Graduate,STEM,3,100-500,Early Stage Startup,3,74,1
city_103,0.916,Male,Has relevent experience,no_enrollment,Graduate,STEM,11,50-99,Pvt Ltd,1,14,1
city_160,0.868,Male,No relevent experience,no_enrollment,Graduate,STEM,14,100-500,Pvt Ltd,2,38,0
city_114,0.883,,Has relevent experience,no_enrollment,Graduate,STEM,6,10000+,Pvt Ltd,>4,2,1
city_103,0.91,Male,Has relevent experience,no_enrollment,Masters,STEM,>20,100-500,Pvt Ltd,>4,42,1
city_103,0.9,,Has relevent experience,no_enrollment,Masters,STEM,>20,10000+,Pvt Ltd,3,18,1
city_21,0.737,,Has relevent experience,Full time course,Graduate,STEM,4,10000+,Pvt Ltd,1,9,1
city_61,0.613,Male,Has relevent experience,no_enrollment,Masters,STEM,17,5000-9999,Pvt Ltd,>4,20,0
city_103,0.902,,Has relevent experience,no_enrollment,Graduate,STEM,>20,100-500,Funded Startup,2,158,1
city_103,0.88,Male,Has relevent experience,no_enrollment,Masters,STEM,11,100-500,Pvt Ltd,>4,14,1
city_103,0.606,,Has relevent experience,no_enrollment,Graduate,STEM,>20,50-99,Pvt Ltd,>4,134,1
city_28,0.91,Male,No relevent experience,Full time course,Graduate,STEM,<1,,,never,11,1
city_159,0.61,Male,No relevent experience,no_enrollment,Graduate,,4,,,1,1,1
city_103,0.92,Male,Has relevent experience,no_enrollment,Masters,STEM,11,,,2,129,0
city_37,0.913,Male,Has relevent experience,Part time course,Masters,STEM,4,100-500,Pvt Ltd,>4,63,0
city_50,0.911,Male,Has relevent experience,Full time course,Graduate,Other,6,<10,,>4,3,0
city_74,0.697,Male,Has relevent experience,no_enrollment,Graduate,STEM,>20,<10,Pvt Ltd,>4,81,1
city_93,0.912,Other,No relevent experience,Full time course,Graduate,Business Degree,>20,,,1,64,1
city_67,0.919,Male,No relevent experience,no_enrollment,Graduate,STEM,20,,,never,98,1
city_11,0.899,Male,No relevent experience,Full time course,High School,,2,,,,23,0
city_23,0.915,Male,No relevent experience,no_enrollment,High School,,>20,,,1,42,0
city_116,0.913,Male,No relevent experience,no_enrollment,,,4,,,,55,0
city_103,0.926,Male,Has relevent experience,no_enrollment,Masters,STEM,9,50-99,Pvt Ltd,2,30,0
city_103,0.713,,Has relevent experience,no_enrollment,Masters,STEM,7,<10,Pvt Ltd,>4,85,1
city_103,0.909,Male,Has relevent experience,no_enrollment,Masters,STEM,10,<10,Pvt Ltd,never,162,<NA>
city_103,0.907,Male,Has relevent experience,no_enrollment,Graduate,STEM,19,<10,Pvt Ltd,>4,20,0
city_155,0.91,,Has relevent experience,no_enrollment,Graduate,STEM,20,10/49,Pvt Ltd,1,30,0
city_103,0.916,Male,Has relevent experience,no_enrollment,Phd,STEM,10,50-99,Other,>4,16,1
city_103,0.925,Female,Has relevent experience,no_enrollment,Graduate,STEM,8,50-99,NGO,1,10,<NA>
city_114,0.923,Male,No relevent experience,Full time course,High School,,1,,,never,53,0
city_67,0.928,,No relevent experience,no_enrollment,Graduate,,5,,,1,44,1
city_21,0.848,Male,Has relevent experience,no_enrollment,Masters,STEM,>20,50-99,Pvt Ltd,2,69,0
city_160,0.81,Other,Has relevent experience,no_enrollment,Graduate,Humanities,16,5000-9999,,1,68,0
city_103,0.901,,No relevent experience,no_enrollment,Phd,,2,,,1,109,0
city_73,0.908,,Has relevent experience,no_enrollment,Phd,STEM,16,1000-4999,Public Sector,1,5,1
city_103,0.919,Male,Has relevent experience,Full time course,Graduate,STEM,12,<10,Pvt Ltd,1,35,0
city_102,0.619,,Has relevent experience,no_enrollment,Graduate,STEM,11,10000+,Pvt Ltd,4,33,1
city_103,0.929,Male,Has relevent experience,no_enrollment,Graduate,STEM,11,10000+,Pvt Ltd,>4,36,0
city_103,0.931,Male,Has relevent experience,no_enrollment,Graduate,STEM,10,<10,Pvt Ltd,1,19,<NA>
city_21,0.903,Female,Has relevent experience,no_enrollment,Masters,STEM,>20,100-500,Pvt Ltd,2,21,1
city_73,0.916,,Has relevent experience,no_enrollment,Graduate,STEM,4,50-99,Pvt Ltd,4,33,<NA>
city_106,0.728,Male,Has relevent experience,no_enrollment,Graduate,STEM,19,10000+,Other,>4,20,0
city_103,0.903,Male,Has relevent experience,Part time course,Masters,STEM,>20,,Pvt Ltd,1,36,0
city_74,0.913,Male,Has relevent experience,no_enrollment,Graduate,STEM,4,,Pvt Ltd,4,63,0
city_13,0.905,,Has relevent experience,no_enrollment,Graduate,STEM,>20,10000+,Pvt Ltd,3,1,0
city_99,0.919,,Has relevent experience,no_enrollment,Masters,STEM,5,100-500,Pvt Ltd,>4,81,<NA>
city_103,0.915,Male,Has relevent experience,no_enrollment,Graduate,STEM,11,,Pvt Ltd,3,91,1
city_114,0.913,Male,Has relevent experience,no_enrollment,Graduate,STEM,>20,50-99,Pvt Ltd,1,13,1
city_21,0.628,,No relevent experience,Full time course,Graduate,STEM,14,,,1,106,1
city_21,0.923,Male,No relevent experience,Part time course,High School,,1,,,never,71,1
city_28,0.907,Male,Has relevent experience,no_enrollment,Graduate,STEM,12,<10,Funded Startup,never,9,0
city_114,0.573,Male,Has relevent experience,no_enrollment,Masters,STEM,16,,Pvt Ltd,1,20,<NA>
city_103,0.777,Male,Has relevent experience,no_enrollment,Masters,STEM,10,10/49,Pvt Ltd,1,45,0
city_103,0.908,Male,Has relevent experience,no_enrollment,Graduate,STEM,19,50-99,Pvt Ltd,>4,182,1
city_103,0.891,Male,Has relevent experience,no_enrollment,Graduate,STEM,6,50-99,Pvt Ltd,2,104,0
city_73,0.921,Female,No relevent experience,Full time course,Graduate,STEM,4,5000-9999,Pvt Ltd,1,114,0
city_71,0.913,,Has relevent experience,no_enrollment,Masters,Humanities,9,100-500,Pvt Ltd,2,103,0
city_72,0.93,,No relevent experience,Full time course,,,2,,,1,82,0
city_100,0.924,Male,Has relevent experience,no_enrollment,Graduate,STEM,>20,50-99,Pvt Ltd,>4,47,<NA>
city_94,0.688,Male,No relevent experience,Full time course,Graduate,STEM,2,,,,11,1
city_16,0.554,Male,Has relevent experience,Part time course,,STEM,6,50-99,Pvt Ltd,2,20,0
city_75,0.914,Male,Has relevent experience,no_enrollment,Graduate,,6,,,,145,0
city_114,0.869,,Has relevent experience,no_enrollment,Masters,STEM,11,100-500,Pvt Ltd,1,15,0
city_67,0.925,,No relevent experience,no_enrollment,Graduate,STEM,2,,Pvt Ltd,1,76,1
city_117,0.678,Other,Has relevent experience,no_enrollment,Masters,STEM,>20,50-99,Pvt Ltd,2,5,1
city_103,0.918,,Has relevent experience,no_enrollment,Masters,STEM,>20,10000+,Pvt Ltd,1,39,0
city_103,0.905,Male,Has relevent experience,no_enrollment,Graduate,STEM,>20,50-99,Pvt Ltd,>4,17,0
city_71,0.909,,Has relevent experience,no_enrollment,Masters,STEM,13,100-500,Pvt Ltd,2,9,1
city_114,0.736,,Has relevent experience,Part time course,Masters,STEM,16,1000-4999,Pvt Ltd,2,17,0
city_73,0.932,Other,No relevent experience,Full time course,Graduate,STEM,4,,,1,191,<NA>
city_103,0.924,Male,Has relevent experience,,Graduate,STEM,10,50-99,Public Sector,1,74,0
city_11,0.723,Male,No relevent experience,no_enrollment,High School,,6,,,,82,0
city_41,0.653,Male,No relevent experience,Full time course,High School,,4,,,never,100,0
city_21,0.735,Male,No relevent experience,Part time course,Graduate,STEM,>20,,Pvt Ltd,1,97,1
city_28,0.916,Male,Has relevent experience,no_enrollment,Masters,STEM,17,1000-4999,Funded Startup,>4,89,0
city_103,0.907,,Has relevent experience,Part time course,Graduate,STEM,>20,500-999,Pvt Ltd,1,33,<NA>
city_160,0.712,Male,Has relevent experience,no_enrollment,Graduate,STEM,10,100-500,Pvt Ltd,2,135,0
city_103,0.926,Male,Has relevent experience,Full time course,Masters,,11,100-500,Pvt Ltd,1,60,0
city_61,0.909,Male,Has relevent experience,no_enrollment,Graduate,STEM,11,100-500,Pvt Ltd,1,15,1
city_103,0.929,,No relevent experience,Full time course,Graduate,STEM,,,,3,17,1
city_103,0.916,,Has relevent experience,no_enrollment,Masters,STEM,>20,500-999,Pvt Ltd,1,55,<NA>
city_160,0.915,Male,Has relevent experience,no_enrollment,Graduate,STEM,>20,100-500,Pvt Ltd,>4,82,1
city_103,0.923,Male,Has relevent experience,no_enrollment,Graduate,,13,,Pvt Ltd,never,70,1
city_11,0.615,Male,No relevent experience,Full time course,Graduate,STEM,<1,,,never,3,1
city_90,0.91,,No relevent experience,Full time course,High School,,2,,,never,10,0
city_21,0.916,Male,No relevent experience,Full time course,Graduate,STEM,5,,NGO,,20,1
city_103,0.912,,Has relevent experience,no_enrollment,Graduate,STEM,>20,50-99,Funded Startup,2,9,1
city_21,0.706,,Has relevent experience,no_enrollment,Graduate,STEM,>20,,Pvt Ltd,1,8,1
city_103,0.706,Male,Has relevent experience,no_enrollment,Graduate,STEM,>20,,Pvt Ltd,2,45,1
city_173,0.884,Male,Has relevent experience,Part time course,Masters,STEM,>20,50-99,Pvt Ltd,2,7,<NA>
city_16,0.918,Male,Has relevent experience,Full time course,Masters,STEM,6,10/49,Pvt Ltd,1,46,0
city_77,0.91,,Has relevent experience,Full time course,Graduate,STEM,>20,500-999,Early Stage Startup,1,37,1
city_114,0.727,Male,No relevent experience,Full time course,High School,,>20,,,never,4,0
city_103,0.62,,Has relevent experience,no_enrollment,Graduate,STEM,>20,50-99,Pvt Ltd,2,1,1
city_37,0.907,,Has relevent experience,no_enrollment,Phd,STEM,4,100-500,Pvt Ltd,2,28,0
city_136,0.66,Male,Has relevent experience,no_enrollment,Graduate,STEM,>20,10000+,Pvt Ltd,>4,93,0
city_159,0.922,,Has relevent experience,no_enrollment,Masters,,12,100-500,Pvt Ltd,3,16,1
city_73,0.734,Male,Has relevent experience,no_enrollment,Phd,STEM,9,<10,Pvt Ltd,1,75,1
city_103,0.84,Male,No relevent experience,no_enrollment,High School,STEM,20,,,never,11,1
city_21,0.683,Male,No relevent experience,Full time course,Graduate,STEM,5,,,1,76,1
city_116,0.918,Other,No relevent experience,,Graduate,,4,,Pvt Ltd,1,197,0
city_103,0.914,Male,No relevent experience,no_enrollment,Graduate,,3,,,1,113,0
city_114,0.785,Other,No relevent experience,,High School,,3,,,never,52,0
city_75,0.895,,Has relevent experience,no_enrollment,Masters,STEM,5,10000+,Pvt Ltd,>4,15,0
city_103,0.908,Male,Has relevent experience,no_enrollment,Masters,STEM,15,100-500,Pvt Ltd,2,89,1
city_114,0.92,Male,No relevent experience,no_enrollment,High School,No Major,<1,,,1,9,0
city_103,0.914,Male,Has relevent experience,no_enrollment,Masters,STEM,>20,1000-4999,Pvt Ltd,>4,119,1
city_126,0.909,Male,No relevent experience,,High School,,3,,,never,16,0
city_103,0.92,Male,No relevent experience,no_enrollment,Masters,,>20,,,never,43,0
city_160,0.912,Male,Has relevent experience,no_enrollment,Graduate,STEM,>20,100-500,Pvt Ltd,>4,137,1
city_114,0.915,Male,Has relevent experience,no_enrollment,Graduate,Other,6,5000-9999,Pvt Ltd,>4,25,0
city_160,0.907,,No relevent experience,no_enrollment,High School,,2,,,never,15,0
city_160,0.91,Male,Has relevent experience,no_enrollment,Graduate,STEM,>20,50-99,Funded Startup,1,37,0
city_73,0.903,,No relevent experience,no_enrollment,High School,Humanities,>20,,,1,196,0
city_114,0.906,Male,Has relevent experience,no_enrollment,Graduate,STEM,11,<10,Pvt Ltd,1,120,1
city_103,0.516,Male,Has relevent experience,no_enrollment,Masters,STEM,17,1000-4999,Pvt Ltd,2,81,1
city_103,0.859,,No relevent experience,no_enrollment,Graduate,Arts,10,,,never,50,0
city_59,0.616,,Has relevent experience,Full time course,Graduate,STEM,16,,Pvt Ltd,1,92,1
city_71,0.915,,Has relevent experience,Part time course,Graduate,STEM,10,50-99,Pvt Ltd,1,20,0
city_134,0.898,Male,No relevent experience,no_enrollment,Masters,STEM,2,,Pvt Ltd,never,9,0
city_103,0.919,,Has relevent experience,no_enrollment,Graduate,STEM,19,10000+,Pvt Ltd,>4,23,1
city_11,0.907,Male,No relevent experience,Full time course,High School,,2,,,never,1,0
city_21,0.926,Male,No relevent experience,Part time course,Graduate,STEM,5,,,2,23,<NA>
city_100,0.612,Male,Has relevent experience,no_enrollment,Graduate,STEM,9,1000-4999,Pvt Ltd,2,65,<NA>
city_21,0.628,,Has relevent experience,no_enrollment,Graduate,STEM,6,<10,,1,168,1
city_114,0.915,,Has relevent experience,no_enrollment,Graduate,STEM,>20,5000-9999,Pvt Ltd,1,99,<NA>
city_21,0.912,Male,No relevent experience,Full time course,Graduate,,4,,,1,44,0
city_90,0.661,Male,No relevent experience,,High School,,5,,,2,66,0
city_89,0.797,,No relevent experience,no_enrollment,Masters,,>20,,,1,29,0
city_114,0.935,,Has relevent experience,no_enrollment,Graduate,STEM,3,100-500,Pvt Ltd,3,70,<NA>
city_21,0.616,,Has relevent experience,no_enrollment,Masters,STEM,9,50-99,Public Sector,2,84,1
city_21,0.863,,Has relevent experience,Full time course,Graduate,STEM,5,,Pvt Ltd,1,11,1
city_83,0.91,Male,Has relevent experience,no_enrollment,Masters,STEM,15,100-500,Pvt Ltd,1,134,1
city_103,0.927,,Has relevent experience,no_enrollment,Graduate,STEM,4,5000-9999,Pvt Ltd,1,28,0
city_71,0.767,,Has relevent experience,no_enrollment,Graduate,STEM,17,<10,Pvt Ltd,2,7,1
city_16,0.611,Male,Has relevent experience,no_enrollment,Graduate,STEM,11,50-99,Pvt Ltd,1,37,1
city_11,0.908,,No relevent experience,Full time course,High School,,2,,,1,4,1
city_21,0.846,Male,No relevent experience,Full time course,High School,,2,,,never,49,0
city_103,0.911,Male,Has relevent experience,no_enrollment,Masters,STEM,>20,100-500,Pvt Ltd,>4,13,1
city_103,0.911,Male,Has relevent experience,no_enrollment,Graduate,STEM,>20,10000+,Pvt Ltd,1,33,0
city_103,0.905,Male,Has relevent experience,no_enrollment,Graduate,STEM,>20,100-500,Pvt Ltd,4,3,0
city_160,0.839,Male,Has relevent experience,no_enrollment,Graduate,STEM,>20,100-500,Pvt Ltd,1,8,0
city_114,0.611,Male,No relevent experience,no_enrollment,High School,,1,,,never,6,0
city_114,0.91,,Has relevent experience,no_enrollment,Graduate,Business Degree,8,100-500,Pvt Ltd,4,109,0
city_103,0.805,Male,Has relevent experience,Part time course,Graduate,STEM,3,10/49,Pvt Ltd,1,48,0
city_160,0.834,,Has relevent experience,no_enrollment,Graduate,STEM,13,5000-9999,Pvt Ltd,1,10,1
city_152,0.756,,Has relevent experience,no_enrollment,Primary School,STEM,9,10000+,Pvt Ltd,2,11,0
city_21,0.901,,No relevent experience,Full time course,Masters,No Major,>20,,Pvt Ltd,1,96,0
city_103,0.628,,Has relevent experience,no_enrollment,Graduate,Business Degree,14,50-99,Pvt Ltd,2,336,1
city_40,0.921,,No relevent experience,no_enrollment,Masters,STEM,6,50-99,Other,1,17,1
city_21,0.916,,Has relevent experience,no_enrollment,Graduate,Business Degree,5,50-99,Pvt Ltd,1,18,1
city_103,0.912,,Has relevent experience,no_enrollment,Graduate,STEM,>20,50-99,Pvt Ltd,1,119,0
city_160,0.929,Male,Has relevent experience,no_enrollment,Masters,STEM,>20,50-99,Funded Startup,4,20,0
city_160,0.913,,Has relevent experience,no_enrollment,Masters,STEM,11,<10,Pvt Ltd,2,2,<NA>
city_37,0.92,Male,No relevent experience,Full time course,,,2,,,never,51,0
city_179,0.929,Male,Has relevent experience,Part time course,Graduate,STEM,>20,10/49,Pvt Ltd,4,191,1
city_103,0.902,Other,No relevent experience,Full time course,,,3,,,1,98,0
city_16,0.714,,No relevent experience,,High School,No Major,13,,,never,21,0
city_173,0.727,Male,Has relevent experience,no_enrollment,Phd,STEM,5,10000+,Pvt Ltd,>4,34,1
city_128,0.911,Male,Has relevent experience,Part time course,Phd,STEM,10,,Pvt Ltd,1,66,1
city_103,0.904,Male,Has relevent experience,no_enrollment,Masters,STEM,6,50-99,Pvt Ltd,1,3,0
city_114,0.617,,Has relevent experience,no_enrollment,Graduate,STEM,15,,Pvt Ltd,1,12,<NA>
city_114,0.918,Male,Has relevent experience,no_enrollment,High School,Other,7,50-99,Pvt Ltd,4,89,0
city_21,0.605,,No relevent experience,Full time course,Graduate,,4,,,1,73,1
city_114,0.896,Male,Has relevent experience,Full time course,Graduate,Business Degree,17,,NGO,1,282,0
city_114,0.749,Male,No relevent experience,Full time course,High School,,2,,,never,73,0
city_103,0.904,Male,Has relevent experience,no_enrollment,Graduate,STEM,>20,100-500,Pvt Ltd,1,9,1
city_78,0.922,,Has relevent experience,no_enrollment,Masters,STEM,11,50-99,Pvt Ltd,1,8,1
city_103,0.696,Male,Has relevent experience,no_enrollment,High School,STEM,5,50-99,Pvt Ltd,2,7,<NA>
city_103,0.699,Male,Has relevent experience,no_enrollment,Masters,STEM,2,500-999,,1,12,0
city_103,0.934,Male,Has relevent experience,no_enrollment,Graduate,STEM,>20,100-500,Pvt Ltd,2,52,0
city_160,0.698,Male,Has relevent experience,no_enrollment,Masters,STEM,9,100-500,Pvt Ltd,,31,1
city_114,0.913,Male,No relevent experience,Full time course,High School,,2,,,never,10,0
city_23,0.768,,No relevent experience,Full time course,Masters,Business Degree,9,,Pvt Ltd,1,242,0
city_160,0.918,Male,Has relevent experience,no_enrollment,Graduate,STEM,>20,100-500,Pvt Ltd,>4,291,1
city_103,0.91,Female,Has relevent experience,no_enrollment,Graduate,STEM,>20,10/49,Pvt Ltd,1,42,1
city_59,0.882,,No relevent experience,Full time course,Graduate,,16,50-99,,,3,0
city_136,0.919,,Has relevent experience,no_enrollment,Masters,Humanities,>20,10000+,Pvt Ltd,>4,14,0
city_103,0.607,Male,Has relevent experience,no_enrollment,Graduate,STEM,6,100-500,Pvt Ltd,1,24,1
city_114,0.626,Male,Has relevent experience,no_enrollment,Graduate,STEM,<1,10/49,Pvt Ltd,1,74,<NA>
city_149,0.653,,No relevent experience,no_enrollment,Graduate,,12,,,never,32,0
city_16,0.61,Male,Has relevent experience,no_enrollment,Phd,STEM,5,10000+,,3,6,1
city_103,0.924,,Has relevent experience,no_enrollment,Masters,STEM,9,5000-9999,Pvt Ltd,>4,24,<NA>
city_71,0.635,,No relevent experience,no_enrollment,Masters,,4,,,2,15,1
city_71,0.907,,Has relevent experience,no_enrollment,Graduate,STEM,10,10000+,Pvt Ltd,1,31,1
city_100,0.91,,Has relevent experience,no_enrollment,Graduate,STEM,>20,,,1,8,<NA>
city_21,0.916,,Has relevent experience,no_enrollment,Graduate,STEM,>20,10/49,Pvt Ltd,1,1,1
city_114,0.74,Male,Has relevent experience,no_enrollment,Masters,STEM,7,100-500,Funded Startup,2,1,0
city_103,0.92,Female,Has relevent experience,no_enrollment,Masters,STEM,2,50-99,Pvt Ltd,2,123,0
city_30,0.845,,No relevent experience,no_enrollment,Graduate,Humanities,7,10000+,Pvt Ltd,1,154,0
city_16,0.918,Male,No relevent experience,no_enrollment,High School,STEM,8,,,1,14,1
city_75,0.907,,No relevent experience,no_enrollment,Graduate,STEM,3,,,1,10,1
city_103,0.6,Male,Has relevent experience,no_enrollment,Graduate,STEM,8,5000-9999,Pvt Ltd,4,58,1
city_78,0.928,Female,Has relevent experience,no_enrollment,Masters,STEM,13,50-99,Pvt Ltd,never,10,0
city_50,0.922,,Has relevent experience,no_enrollment,Graduate,STEM,11,,,1,109,1
city_103,0.914,,Has relevent experience,Part time course,Graduate,Humanities,>20,100-500,Early Stage Startup,3,155,0
city_114,0.851,Male,No relevent experience,Full time course,Masters,STEM,18,500-999,Other,1,13,0
city_21,0.724,Male,Has relevent experience,Part time course,Phd,STEM,>20,<10,Funded Startup,2,125,<NA>
city_116,0.834,,Has relevent experience,no_enrollment,Masters,STEM,12,1000-4999,Pvt Ltd,1,11,1
city_21,0.88,,Has relevent experience,no_enrollment,Masters,STEM,4,1000-4999,Other,1,81,0
city_103,0.637,,Has relevent experience,no_enrollment,Masters,STEM,>20,5000-9999,Pvt Ltd,>4,23,0
city_160,0.907,,Has relevent experience,no_enrollment,Masters,Humanities,5,100-500,Pvt Ltd,3,93,0
city_73,0.921,Male,Has relevent experience,no_enrollment,Masters,STEM,2,,Public Sector,1,43,0
city_114,0.854,Male,No relevent experience,Full time course,Graduate,,3,,,never,9,0
city_23,0.912,Male,Has relevent experience,no_enrollment,Graduate,Humanities,4,100-500,Pvt Ltd,4,42,0
city_136,0.914,,Has relevent experience,no_enrollment,Phd,STEM,4,1000-4999,Pvt Ltd,>4,39,0
city_136,0.705,Other,Has relevent experience,Full time course,Masters,STEM,>20,10/49,Pvt Ltd,2,5,0
city_114,0.909,,No relevent experience,no_enrollment,Phd,STEM,4,500-999,,1,11,<NA>
city_61,0.915,Male,Has relevent experience,no_enrollment,Masters,STEM,>20,50-99,Pvt Ltd,>4,25,0
city_16,0.905,,Has relevent experience,no_enrollment,Masters,STEM,11,5000-9999,Pvt Ltd,1,26,0
city_103,0.917,Male,Has relevent experience,Full time course,Masters,Humanities,16,5000-9999,Pvt Ltd,4,14,0
city_72,0.761,Male,No relevent experience,Full time course,Graduate,STEM,5,100-500,,1,54,1
city_61,0.906,Male,Has relevent experience,no_enrollment,Graduate,No Major,3,<10,,2,44,1
city_73,0.913,Male,Has relevent experience,no_enrollment,Masters,STEM,14,100-500,Pvt Ltd,2,48,1
city_67,0.677,,No relevent experience,Full time course,Graduate,STEM,6,,,1,73,1
city_114,0.664,,Has relevent experience,no_enrollment,Graduate,STEM,4,10/49,Pvt Ltd,1,17,1
city_114,0.735,,No relevent experience,Full time course,High School,STEM,1,,,>4,19,0
city_160,0.92,Male,Has relevent experience,no_enrollment,Graduate,STEM,6,100-500,Pvt Ltd,>4,180,0
city_103,0.912,,Has relevent experience,no_enrollment,Masters,STEM,18,10000+,Pvt Ltd,1,165,0
city_21,0.71,,Has relevent experience,Full time course,Graduate,STEM,>20,,Pvt Ltd,1,9,<NA>
city_103,0.881,Male,Has relevent experience,Part time course,Masters,Other,6,1000-4999,Pvt Ltd,1,74,0
city_103,0.612,,Has relevent experience,no_enrollment,Masters,STEM,8,100-500,Pvt Ltd,1,71,1
city_103,0.901,,No relevent experience,no_enrollment,Graduate,STEM,6,10/49,Pvt Ltd,1,18,<NA>
city_23,0.911,Male,No relevent experience,no_enrollment,Masters,STEM,9,10/49,Pvt Ltd,>4,29,0
city_103,0.912,Male,Has relevent experience,no_enrollment,Graduate,STEM,10,1000-4999,Pvt Ltd,4,21,0
city_114,0.913,Male,No relevent experience,Part time course,Graduate,STEM,19,,,1,60,1
city_143,0.656,,Has relevent experience,no_enrollment,High School,Humanities,8,,,3,60,1
city_103,0.911,Male,Has relevent experience,no_enrollment,Masters,STEM,17,100-500,Public Sector,>4,92,0
city_114,0.789,Male,No relevent experience,Full time course,Graduate,,2,,,never,9,1
city_71,0.917,,Has relevent experience,no_enrollment,Masters,STEM,>20,500-999,Pvt Ltd,>4,53,1
city_67,0.799,Male,Has relevent experience,no_enrollment,Masters,STEM,11,50-99,Pvt Ltd,2,59,1
city_42,0.91,,Has relevent experience,no_enrollment,Graduate,STEM,13,5000-9999,Public Sector,2,45,0
city_149,0.912,,Has relevent experience,no_enrollment,Graduate,STEM,14,,Other,>4,51,0
city_71,0.913,Female,Has relevent experience,no_enrollment,Graduate,STEM,13,100-500,Public Sector,1,105,0
city_103,0.913,Female,Has relevent experience,Part time course,Primary School,STEM,>20,10/49,NGO,2,28,0
city_11,0.549,,No relevent experience,Full time course,High School,,2,,,never,112,0
city_103,0.715,,Has relevent experience,no_enrollment,Masters,STEM,>20,,Early Stage Startup,2,17,0
city_21,0.697,Male,Has relevent experience,no_enrollment,Masters,STEM,>20,50-99,Pvt Ltd,1,143,1
city_114,0.909,,Has relevent experience,no_enrollment,Graduate,STEM,>20,100-500,Pvt Ltd,3,59,0
city_114,0.912,Male,Has relevent experience,no_enrollment,Graduate,Business Degree,16,100-500,Pvt Ltd,>4,167,1
city_2,0.788,Male,Has relevent experience,no_enrollment,Graduate,STEM,19,5000-9999,Pvt Ltd,1,39,1
city_160,0.859,Male,No relevent experience,no_enrollment,Graduate,STEM,1,,,,22,0
city_103,0.739,,No relevent experience,Part time course,Graduate,STEM,>20,,,1,33,0
city_103,0.916,,Has relevent experience,Full time course,Graduate,STEM,<1,10/49,Pvt Ltd,1,7,1
city_103,0.895,Male,Has relevent experience,no_enrollment,Masters,STEM,>20,10000+,Pvt Ltd,>4,22,1
city_103,0.639,Male,No relevent experience,Full time course,,,4,,,2,12,1
city_165,0.921,Male,Has relevent experience,no_enrollment,Masters,STEM,18,100-500,,4,139,1
city_136,0.898,Male,Has relevent experience,no_enrollment,Masters,STEM,16,10/49,Pvt Ltd,1,253,0
city_159,0.912,Female,Has relevent experience,no_enrollment,Masters,STEM,>20,<10,Pvt Ltd,1,140,0
city_21,0.67,Male,Has relevent experience,no_enrollment,Graduate,,6,,,never,31,1
city_127,0.921,,No relevent experience,Full time course,Primary School,,4,,,never,9,0
city_159,0.92,Male,No relevent experience,,Graduate,STEM,6,,,never,105,1
city_136,0.917,Male,Has relevent experience,Full time course,Masters,STEM,20,10000+,Early Stage Startup,2,9,0
city_89,0.914,Male,No relevent experience,no_enrollment,,,2,,,1,138,0
city_114,0.538,Male,Has relevent experience,,High School,STEM,4,,,>4,43,0
city_103,0.614,,Has relevent experience,Part time course,Graduate,STEM,5,100-500,Pvt Ltd,1,15,1
city_103,0.903,Male,Has relevent experience,no_enrollment,Graduate,STEM,4,,Early Stage Startup,>4,20,1
city_103,0.92,Male,Has relevent experience,no_enrollment,Masters,STEM,<1,500-999,Pvt Ltd,1,6,1
city_67,0.64,,No relevent experience,Part time course,Graduate,STEM,2,,,1,33,0
city_160,0.922,Male,Has relevent experience,Part time course,Masters,STEM,4,1000-4999,Public Sector,1,20,<NA>
city_103,0.676,,Has relevent experience,no_enrollment,Masters,STEM,17,50-99,Public Sector,>4,27,<NA>
city_103,0.91,Male,Has relevent experience,no_enrollment,Graduate,STEM,4,10000+,Pvt Ltd,>4,21,0
city_160,0.932,Female,Has relevent experience,Full time course,Masters,STEM,5,10000+,Pvt Ltd,2,24,<NA>
city_162,0.91,Other,No relevent experience,Part time course,Graduate,STEM,8,,,>4,31,0
city_103,0.919,,Has relevent experience,Full time course,Graduate,STEM,2,50-99,,1,50,0
city_160,0.668,,Has relevent experience,no_enrollment,High School,STEM,3,,,1,1,0
city_94,0.771,Male,No relevent experience,no_enrollment,Graduate,No Major,5,,,1,69,1
city_9,0.907,Male,Has relevent experience,Full time course,Masters,Arts,7,5000-9999,Early Stage Startup,3,59,0
city_21,0.686,,Has relevent experience,no_enrollment,Masters,STEM,7,100-500,Pvt Ltd,2,79,1
city_103,0.803,,Has relevent experience,no_enrollment,Graduate,STEM,5,50-99,Pvt Ltd,>4,16,1
city_103,0.917,,Has relevent experience,Full time course,Graduate,STEM,19,5000-9999,Pvt Ltd,>4,214,1
city_160,0.608,,Has relevent experience,no_enrollment,Phd,STEM,>20,50-99,NGO,>4,11,0
city_103,0.912,Male,Has relevent experience,no_enrollment,Masters,STEM,9,100-500,Pvt Ltd,>4,19,0
city_83,0.909,Male,No relevent experience,Part time course,Masters,STEM,>20,10000+,Pvt Ltd,,98,0
city_28,0.921,Other,No relevent experience,Full time course,Masters,Humanities,<1,,,1,28,0
city_94,0.774,,No relevent experience,Full time course,Graduate,STEM,9,,,2,27,1
city_103,0.823,Male,Has relevent experience,no_enrollment,Graduate,STEM,10,<10,Public Sector,1,101,0
city_114,0.908,,Has relevent experience,no_enrollment,Masters,STEM,17,1000-4999,Pvt Ltd,2,47,0
city_11,0.619,,Has relevent experience,no_enrollment,Graduate,STEM,>20,100-500,Pvt Ltd,1,31,1
city_21,0.701,,No relevent experience,Full time course,Graduate,STEM,4,,,never,1,1
city_14,0.675,Male,Has relevent experience,no_enrollment,Masters,Humanities,>20,,,>4,115,0
city_100,0.769,Male,No relevent experience,Full time course,Graduate,Arts,5,,,never,214,0
city_67,0.914,Male,Has relevent experience,no_enrollment,Masters,STEM,>20,1000-4999,Pvt Ltd,1,12,0
city_103,0.881,,Has relevent experience,no_enrollment,Graduate,STEM,>20,1000-4999,Pvt Ltd,4,28,1
city_103,0.674,Male,No relevent experience,Full time course,Graduate,,2,,,never,13,0
city_103,0.904,Male,Has relevent experience,no_enrollment,Masters,No Major,>20,10000+,Early Stage Startup,1,1,0
city_103,0.914,Male,No relevent experience,no_enrollment,Graduate,STEM,>20,100-500,Pvt Ltd,4,6,0
city_160,0.604,,No relevent experience,no_enrollment,Graduate,STEM,19,,Early Stage Startup,1,1,1
city_103,0.925,Male,Has relevent experience,no_enrollment,Masters,STEM,15,10000+,Pvt Ltd,>4,52,0
city_103,0.831,Male,Has relevent experience,no_enrollment,Primary School,STEM,10,,Other,>4,33,1
city_107,0.602,,Has relevent experience,no_enrollment,Masters,STEM,2,,,3,9,<NA>
city_97,0.844,Male,Has relevent experience,no_enrollment,Graduate,STEM,3,100-500,,>4,294,<NA>
city_41,0.521,Male,No relevent experience,Full time course,High School,,>20,,,never,59,0
city_103,0.904,Male,Has relevent experience,no_enrollment,Graduate,Humanities,>20,50-99,Funded Startup,>4,24,0
city_44,0.927,,No relevent experience,no_enrollment,High School,STEM,2,,Funded Startup,never,42,1
city_103,0.567,Male,No relevent experience,no_enrollment,Masters,STEM,4,,Pvt Ltd,never,193,0
city_33,0.915,,Has relevent experience,no_enrollment,Masters,STEM,7,1000-4999,Pvt Ltd,2,11,1
city_101,0.609,Male,No relevent experience,no_enrollment,Masters,No Major,2,,,1,3,0
city_160,0.928,,No relevent experience,Full time course,Graduate,Humanities,<1,,,,72,0
city_114,0.91,,Has relevent experience,no_enrollment,Masters,STEM,>20,10000+,Pvt Ltd,>4,30,1
city_19,0.9,Male,No relevent experience,no_enrollment,Graduate,STEM,4,100-500,Public Sector,1,97,0
city_103,0.923,Female,Has relevent experience,no_enrollment,Graduate,STEM,4,,Public Sector,>4,20,0
city_160,0.907,,Has relevent experience,no_enrollment,Masters,STEM,16,10000+,Pvt Ltd,>4,72,0
city_103,0.603,,No relevent experience,Full time course,High School,,3,,,1,33,0
city_103,0.53,Male,No relevent experience,no_enrollment,Graduate,,>20,,,1,12,0
city_103,0.913,Male,Has relevent experience,no_enrollment,Graduate,STEM,>20,10/49,Funded Startup,1,27,0
city_50,0.912,,Has relevent experience,Part time course,Masters,STEM,12,100-500,Public Sector,>4,10,0
city_71,0.907,,Has relevent experience,no_enrollment,Masters,STEM,>20,100-500,Funded Startup,1,78,1
city_167,0.742,Other,No relevent experience,Part time course,Masters,Humanities,4,,Pvt Ltd,2,69,0
city_105,0.781,,Has relevent experience,no_enrollment,Graduate,STEM,11,1000-4999,Pvt Ltd,>4,9,1
city_103,0.924,Male,Has relevent experience,no_enrollment,Masters,STEM,16,<10,Other,>4,200,0
city_103,0.599,Male,No relevent experience,Full time course,Graduate,STEM,2,,,never,16,0
city_16,0.902,,Has relevent experience,no_enrollment,Graduate,STEM,>20,100-500,Pvt Ltd,>4,25,0
city_115,0.916,,Has relevent experience,no_enrollment,Primary School,,<1,,,never,5,<NA>
city_21,0.916,Female,No relevent experience,no_enrollment,,,2,,,never,24,0
city_103,0.838,,No relevent experience,Full time course,Graduate,STEM,7,,,1,6,<NA>
city_103,0.91,Male,Has relevent experience,Full time course,Graduate,STEM,10,10/49,Pvt Ltd,1,25,1
city_103,0.534,Male,No relevent experience,Full time course,High School,,<1,,Early Stage Startup,1,33,1
city_160,0.84,Male,Has relevent experience,no_enrollment,Masters,STEM,11,100-500,Pvt Ltd,2,21,<NA>
city_114,0.668,Male,Has relevent experience,no_enrollment,Graduate,STEM,>20,100-500,Pvt Ltd,>4,9,1
city_99,0.913,Male,No relevent experience,Part time course,Phd,STEM,>20,,Pvt Ltd,never,21,1
city_103,0.844,Male,No relevent experience,Full time course,High School,STEM,1,,,never,39,1
city_75,0.92,,No relevent experience,no_enrollment,Graduate,,17,,,2,3,0
city_103,0.924,Male,No relevent experience,Full time course,,,2,,,never,22,0
city_114,0.926,Male,Has relevent experience,Part time course,Graduate,Other,>20,,Pvt Ltd,>4,17,0
city_162,0.924,Male,No relevent experience,no_enrollment,Primary School,STEM,18,,,never,52,1
city_90,0.7,,No relevent experience,Full time course,High School,,2,,,never,28,0
city_21,0.909,,No relevent experience,Full time course,Graduate,STEM,6,,,1,34,0
city_64,0.628,,Has relevent experience,no_enrollment,Graduate,STEM,16,50-99,Pvt Ltd,1,26,<NA>
city_21,0.591,,Has relevent experience,no_enrollment,Masters,STEM,>20,5000-9999,Pvt Ltd,2,1,0
city_11,0.92,Female,No relevent experience,no_enrollment,High School,,2,,,never,1,0
city_37,0.672,,No relevent experience,Full time course,Masters,,5,,,never,1,1
city_78,0.819,Male,Has relevent experience,no_enrollment,Masters,STEM,>20,,Pvt Ltd,1,176,0
city_103,0.571,Male,Has relevent experience,no_enrollment,Masters,STEM,9,10000+,Pvt Ltd,1,9,0
city_16,0.908,,Has relevent experience,no_enrollment,Graduate,STEM,>20,50-99,Pvt Ltd,>4,30,0
city_103,0.918,Male,Has relevent experience,no_enrollment,Graduate,STEM,>20,10000+,Pvt Ltd,1,191,0
city_16,0.916,,Has relevent experience,no_enrollment,Phd,,4,50-99,,>4,23,0
city_21,0.915,,Has relevent experience,no_enrollment,Graduate,,6,100-500,Pvt Ltd,1,14,1
city_136,0.613,Male,No relevent experience,,Graduate,STEM,10,50-99,,never,20,0
city_21,0.911,,Has relevent experience,no_enrollment,Graduate,STEM,12,100-500,Pvt Ltd,2,15,1
city_114,0.784,Male,Has relevent experience,no_enrollment,Graduate,Other,11,1000-4999,Pvt Ltd,>4,204,0
city_149,0.699,Male,Has relevent experience,no_enrollment,Graduate,STEM,4,100-500,Pvt Ltd,2,58,0
city_33,0.608,,No relevent experience,Full time course,Phd,STEM,2,,,1,51,1
city_83,0.761,Male,Has relevent experience,no_enrollment,Graduate,STEM,11,10000+,,>4,64,1
city_103,0.916,Male,Has relevent experience,Part time course,Masters,STEM,10,100-500,Other,1,45,0
city_103,0.615,Male,Has relevent experience,no_enrollment,Masters,STEM,10,1000-4999,Pvt Ltd,2,91,0
city_61,0.718,,Has relevent experience,no_enrollment,Graduate,STEM,9,,Pvt Ltd,1,19,0
city_114,0.802,Male,No relevent experience,Full time course,Graduate,Humanities,10,,,1,37,1
city_103,0.908,,No relevent experience,Full time course,High School,STEM,3,<10,NGO,1,29,1
city_114,0.899,Male,Has relevent experience,no_enrollment,Graduate,STEM,3,50-99,Pvt Ltd,2,43,0
city_103,0.632,,No relevent experience,no_enrollment,Graduate,STEM,7,,Pvt Ltd,1,250,1
city_45,0.926,Male,Has relevent experience,no_enrollment,Masters,STEM,6,100-500,Pvt Ltd,>4,87,1
city_103,0.896,Male,Has relevent experience,no_enrollment,Masters,STEM,7,10000+,Pvt Ltd,>4,15,0
city_160,0.705,,Has relevent experience,Part time course,Graduate,STEM,>20,100-500,Other,1,106,0
city_103,0.916,,Has relevent experience,no_enrollment,Graduate,STEM,19,100-500,Pvt Ltd,>4,10,1
city_136,0.899,Male,No relevent experience,Full time course,High School,,2,,,never,15,0
city_103,0.909,,Has relevent experience,no_enrollment,Masters,STEM,13,100-500,,>4,14,1
city_160,0.804,Male,Has relevent experience,no_enrollment,Graduate,STEM,13,5000-9999,NGO,1,98,1
city_13,0.915,Male,Has relevent experience,no_enrollment,Masters,STEM,>20,1000-4999,Early Stage Startup,1,95,1
city_171,0.919,,Has relevent experience,no_enrollment,Graduate,STEM,8,100-500,Public Sector,1,17,1
city_75,0.907,Female,Has relevent experience,no_enrollment,Masters,STEM,>20,50-99,Pvt Ltd,1,43,1
city_73,0.61,Male,No relevent experience,Full time course,,,2,,,never,17,1
city_21,0.899,,Has relevent experience,no_enrollment,Graduate,STEM,>20,10/49,Pvt Ltd,>4,206,1
city_73,0.615,,Has relevent experience,Part time course,Masters,STEM,6,,Pvt Ltd,1,14,1
city_73,0.922,Female,No relevent experience,no_enrollment,Masters,STEM,2,,,1,12,<NA>
city_144,0.915,Male,Has relevent experience,no_enrollment,Graduate,STEM,6,,Public Sector,1,89,0
city_28,0.545,Male,Has relevent experience,no_enrollment,Masters,STEM,9,5000-9999,Pvt Ltd,>4,54,0
city_103,0.916,Male,Has relevent experience,no_enrollment,Graduate,STEM,>20,50-99,Pvt Ltd,1,108,0
city_21,0.765,,Has relevent experience,no_enrollment,Graduate,Business Degree,4,,,4,17,0
city_82,0.776,Other,No relevent experience,no_enrollment,Masters,STEM,7,5000-9999,Pvt Ltd,2,10,0
city_114,0.913,Female,Has relevent experience,no_enrollment,Masters,STEM,6,100-500,Pvt Ltd,1,65,1
city_103,0.914,,Has relevent experience,no_enrollment,Graduate,STEM,>20,500-999,,1,12,0
city_134,0.903,Male,Has relevent experience,no_enrollment,Graduate,STEM,12,1000-4999,Early Stage Startup,2,29,0
city_103,0.923,,Has relevent experience,no_enrollment,Graduate,STEM,>20,,Pvt Ltd,1,44,1
city_114,0.545,,No relevent experience,no_enrollment,Phd,,6,,Pvt Ltd,>4,39,1
city_103,0.626,,Has relevent experience,no_enrollment,Graduate,STEM,10,50-99,NGO,>4,63,1
city_117,0.925,,Has relevent experience,no_enrollment,Graduate,STEM,5,100-500,NGO,1,66,0
city_103,0.617,Male,Has relevent experience,no_enrollment,Masters,STEM,16,100-500,Pvt Ltd,1,13,0
city_103,0.735,Male,No relevent experience,Part time course,Masters,STEM,6,50-99,Pvt Ltd,1,45,1
city_103,0.614,Male,Has relevent experience,no_enrollment,Masters,STEM,>20,100-500,Pvt Ltd,4,14,1
city_16,0.915,,No relevent experience,no_enrollment,Graduate,Arts,10,,,1,5,0
city_103,0.905,Male,Has relevent experience,no_enrollment,Masters,STEM,16,100-500,Pvt Ltd,>4,16,0
city_75,0.93,,Has relevent experience,Full time course,Masters,STEM,2,,NGO,1,15,0
city_160,0.9,,No relevent experience,no_enrollment,Masters,STEM,3,5000-9999,,3,40,1
city_114,0.64,,Has relevent experience,no_enrollment,Graduate,STEM,4,10/49,Pvt Ltd,1,18,1
city_103,0.911,Male,Has relevent experience,no_enrollment,Masters,STEM,10,100-500,Pvt Ltd,>4,19,0
city_116,0.908,Male,Has relevent experience,no_enrollment,Graduate,STEM,4,100-500,Pvt Ltd,>4,30,0
city_103,0.652,,Has relevent experience,no_enrollment,Masters,Humanities,>20,10000+,Pvt Ltd,>4,216,1
city_127,0.92,,No relevent experience,Full time course,,No Major,>20,,,2,179,0
city_74,0.919,,Has relevent experience,Full time course,Graduate,STEM,9,100-500,Pvt Ltd,,11,1
city_97,0.608,,No relevent experience,no_enrollment,Masters,STEM,6,,Pvt Ltd,1,16,1
city_114,0.619,Male,Has relevent experience,no_enrollment,Graduate,Humanities,4,5000-9999,Funded Startup,1,91,1
city_103,0.621,,Has relevent experience,Full time course,Graduate,STEM,3,,Pvt Ltd,1,83,1
city_99,0.625,Male,Has relevent experience,no_enrollment,Phd,STEM,10,500-999,Other,1,54,0
city_114,0.903,Male,Has relevent experience,no_enrollment,Masters,STEM,>20,<10,Pvt Ltd,2,67,<NA>
city_165,0.917,Other,Has relevent experience,Part time course,Masters,STEM,>20,500-999,Funded Startup,4,17,1
city_160,0.913,,No relevent experience,no_enrollment,Graduate,STEM,2,,,1,1,0
city_157,0.91,,No relevent experience,Full time course,Graduate,STEM,3,<10,NGO,1,21,1
city_114,0.913,,Has relevent experience,no_enrollment,Masters,STEM,9,500-999,Pvt Ltd,>4,21,1
city_114,0.688,Male,No relevent experience,,High School,,4,,,never,46,0
city_73,0.913,Other,No relevent experience,no_enrollment,Graduate,,2,,,never,66,1
city_173,0.603,,No relevent experience,Full time course,Masters,STEM,3,,Pvt Ltd,1,19,<NA>
city_103,0.872,Male,Has relevent experience,no_enrollment,Graduate,STEM,4,50-99,Public Sector,1,27,0
city_103,0.928,Male,Has relevent experience,no_enrollment,Masters,STEM,1,50-99,Pvt Ltd,1,56,0
city_103,0.933,Male,Has relevent experience,no_enrollment,Masters,STEM,>20,,Pvt Ltd,>4,198,0
city_67,0.861,Male,No relevent experience,no_enrollment,Masters,STEM,4,<10,Pvt Ltd,>4,14,0
city_41,0.906,Male,Has relevent experience,no_enrollment,Graduate,STEM,10,,Pvt Ltd,2,36,0
city_114,0.729,Male,Has relevent experience,no_enrollment,Graduate,STEM,2,50-99,Funded Startup,1,81,1
city_103,0.922,,Has relevent experience,no_enrollment,Masters,STEM,2,100-500,Pvt Ltd,1,97,0
city_103,0.719,Male,Has relevent experience,Full time course,Graduate,STEM,13,5000-9999,Pvt Ltd,1,77,0
city_160,0.919,,No relevent experience,Part time course,Graduate,STEM,13,<10,Pvt Ltd,1,111,1
city_103,0.933,,Has relevent experience,no_enrollment,Masters,STEM,>20,10000+,Pvt Ltd,>4,24,<NA>
city_23,0.793,Male,Has relevent experience,no_enrollment,Masters,STEM,16,50-99,Pvt Ltd,1,7,0
city_71,0.933,,Has relevent experience,no_enrollment,Graduate,STEM,6,10/49,Pvt Ltd,1,172,1
city_103,0.926,,Has relevent experience,no_enrollment,Masters,STEM,>20,100-500,Pvt Ltd,>4,48,1
city_114,0.917,Male,Has relevent experience,no_enrollment,Graduate,STEM,2,1000-4999,Early Stage Startup,2,21,0
city_103,0.605,Male,No relevent experience,Full time course,Graduate,STEM,6,,,1,12,1
city_21,0.688,Male,No relevent experience,Full time course,Graduate,STEM,2,,,never,32,0
city_21,0.595,,No relevent experience,no_enrollment,Graduate,STEM,15,,,1,12,<NA>
city_10,0.904,,Has relevent experience,no_enrollment,Graduate,STEM,12,5000-9999,Pvt Ltd,1,11,<NA>
city_143,0.598,Male,Has relevent experience,Full time course,Graduate,STEM,>20,5000-9999,NGO,1,14,1
city_103,0.731,Male,Has relevent experience,no_enrollment,Masters,STEM,>20,100-500,Public Sector,1,23,0
city_75,0.855,Male,Has relevent experience,Full time course,Graduate,STEM,2,50-99,Funded Startup,>4,14,0
city_19,0.903,,Has relevent experience,no_enrollment,Graduate,STEM,10,50-99,NGO,1,6,1
city_103,0.912,,Has relevent experience,no_enrollment,Graduate,STEM,12,10000+,Pvt Ltd,>4,41,<NA>
city_103,0.912,,Has relevent experience,no_enrollment,Graduate,STEM,16,100-500,Early Stage Startup,1,71,0
city_18,0.918,,No relevent experience,no_enrollment,High School,Humanities,11,,,>4,73,0
city_16,0.743,,Has relevent experience,Full time course,Graduate,STEM,<1,10000+,Pvt Ltd,>4,42,1
city_160,0.913,Female,Has relevent experience,no_enrollment,Graduate,STEM,6,10000+,Pvt Ltd,>4,157,0
city_179,0.913,Female,No relevent experience,no_enrollment,,STEM,2,,,never,134,1
city_167,0.912,Male,No relevent experience,no_enrollment,Graduate,Humanities,5,,,1,59,0
city_114,0.722,Male,No relevent experience,no_enrollment,Graduate,,2,,,never,11,1
city_104,0.924,Male,Has relevent experience,no_enrollment,Graduate,STEM,2,500-999,,1,86,0
city_21,0.849,,Has relevent experience,no_enrollment,Masters,STEM,18,10000+,Pvt Ltd,>4,13,1
city_114,0.904,Male,Has relevent experience,Part time course,Phd,Business Degree,10,,Pvt Ltd,1,197,0
city_103,0.918,,No relevent experience,no_enrollment,Graduate,STEM,>20,100-500,Pvt Ltd,1,175,1
city_103,0.764,Other,Has relevent experience,,Graduate,STEM,6,5000-9999,,1,1,0
city_103,0.846,Male,Has relevent experience,no_enrollment,Phd,STEM,4,100-500,Early Stage Startup,1,78,<NA>
city_21,0.912,Male,Has relevent experience,no_enrollment,Graduate,STEM,17,100-500,,1,167,<NA>
city_90,0.913,,Has relevent experience,Full time course,Masters,STEM,17,1000-4999,Pvt Ltd,1,51,0
city_114,0.632,Male,Has relevent experience,no_enrollment,Graduate,STEM,11,50-99,Pvt Ltd,4,46,1
city_160,0.91,Male,Has relevent experience,Full time course,Phd,STEM,11,,,1,46,<NA>
city_136,0.912,Male,Has relevent experience,no_enrollment,Graduate,STEM,5,100-500,Pvt Ltd,3,19,1
city_41,0.851,,No relevent experience,Full time course,High School,,3,,,never,57,0
city_16,0.765,Male,No relevent experience,Full time course,,,2,,,never,34,0
city_71,0.797,,No relevent experience,Full time course,Masters,STEM,3,10000+,,1,19,0
city_136,0.888,,No relevent experience,Full time course,Graduate,STEM,11,50-99,Funded Startup,2,1,0
city_149,0.777,Female,Has relevent experience,Full time course,Graduate,STEM,6,500-999,Pvt Ltd,2,14,<NA>
city_73,0.802,Male,Has relevent experience,Part time course,Graduate,STEM,<1,100-500,Public Sector,2,66,<NA>
city_158,0.744,Male,Has relevent experience,Full time course,Masters,STEM,19,500-999,Pvt Ltd,1,12,1
city_103,0.866,,No relevent experience,Full time course,Masters,STEM,<1,,Pvt Ltd,1,16,1
city_114,0.911,,Has relevent experience,no_enrollment,Masters,Humanities,17,1000-4999,Pvt Ltd,1,11,0
city_149,0.877,Male,Has relevent experience,no_enrollment,,Other,3,100-500,Pvt Ltd,1,17,0
city_103,0.918,,No relevent experience,no_enrollment,Graduate,STEM,>20,50-99,Funded Startup,>4,47,<NA>
city_162,0.917,,Has relevent experience,no_enrollment,Graduate,STEM,4,50-99,Pvt Ltd,>4,14,1
city_114,0.756,Female,No relevent experience,no_enrollment,Masters,STEM,2,,Pvt Ltd,1,10,0
city_114,0.908,,Has relevent experience,no_enrollment,Graduate,STEM,9,10000+,Pvt Ltd,1,8,1
city_90,0.55,Male,No relevent experience,Full time course,High School,,8,,,never,4,0
city_16,0.696,Male,Has relevent experience,Part time course,Graduate,STEM,14,,NGO,2,85,1
city_103,0.919,Male,No relevent experience,Full time course,Graduate,STEM,2,,Pvt Ltd,1,185,0
city_103,0.607,,Has relevent experience,no_enrollment,Graduate,STEM,7,100-500,Funded Startup,1,75,0
city_9,0.737,Male,No relevent experience,,Graduate,,3,,,never,145,1
city_103,0.652,Male,Has relevent experience,no_enrollment,Masters,STEM,4,100-500,Pvt Ltd,4,44,0
city_21,0.648,Other,Has relevent experience,Full time course,Graduate,STEM,18,10/49,Pvt Ltd,2,94,0
city_11,0.525,,No relevent experience,Full time course,High School,,4,,,never,29,0
city_103,0.915,,Has relevent experience,no_enrollment,Masters,STEM,4,100-500,Pvt Ltd,>4,45,0
city_173,0.922,Female,Has relevent experience,no_enrollment,Phd,STEM,11,10/49,Pvt Ltd,4,29,0
city_103,0.908,Male,Has relevent experience,no_enrollment,Graduate,STEM,5,100-500,NGO,1,120,1
city_103,0.904,,Has relevent experience,no_enrollment,Graduate,STEM,>20,50-99,Pvt Ltd,3,25,1
city_103,0.907,Male,Has relevent experience,no_enrollment,Masters,STEM,>20,50-99,Pvt Ltd,1,12,1
city_83,0.908,,No relevent experience,no_enrollment,Masters,STEM,2,,Pvt Ltd,1,104,<NA>
city_57,0.608,Male,Has relevent experience,no_enrollment,Graduate,STEM,12,10/49,Pvt Ltd,1,76,0
city_114,0.912,,Has relevent experience,no_enrollment,Graduate,STEM,>20,10/49,Pvt Ltd,4,127,1
