city,city_development_index,gender,relevent_experience,enrolled_university,education_level,major_discipline,experience,company_size,company_type,last_new_job,training_hours,target
city_114,0.92,Male,Has relevent experience,no_enrollment,Graduate,STEM,>20,,,1,24,0
city_11,0.625,,Has relevent experience,no_enrollment,Graduate,STEM,3,100-500,Pvt Ltd,1,51,1
city_16,0.914,Male,Has relevent experience,no_enrollment,Graduate,STEM,5,10000+,Pvt Ltd,1,28,0
city_12,0.78,Male,Has relevent experience,no_enrollment,Graduate,STEM,10,100-500,Pvt Ltd,>4,5,0
city_136,0.873,Male,Has relevent experience,no_enrollment,Masters,STEM,10,10000+,Pvt Ltd,2,3,0
city_160,0.916,Male,Has relevent experience,no_enrollment,Graduate,STEM,>20,100-500,Pvt Ltd,>4,22,0
city_21,0.62,Male,No relevent experience,Full time course,Graduate,STEM,4,,,1,26,1
city_114,0.912,Male,Has relevent experience,no_enrollment,Graduate,STEM,>20,100-500,Pvt Ltd,1,70,0
city_16,0.916,Male,No relevent experience,Full time course,Masters,STEM,2,50-99,Pvt Ltd,1,26,0
city_21,0.92,Male,Has relevent experience,no_enrollment,Graduate,STEM,3,50-99,Pvt Ltd,1,1,0
city_61,0.916,Male,Has relevent experience,no_enrollment,Masters,STEM,>20,,,>4,10,0
city_16,0.904,Male,Has relevent experience,no_enrollment,Graduate,STEM,4,100-500,Pvt Ltd,1,15,0
city_160,0.919,,Has relevent experience,no_enrollment,Graduate,STEM,5,10000+,Pvt Ltd,1,41,0
city_160,0.92,Male,Has relevent experience,no_enrollment,Graduate,STEM,5,100-500,Pvt Ltd,1,43,0
city_114,0.925,Male,Has relevent experience,no_enrollment,Graduate,STEM,>20,50-99,Pvt Ltd,1,55,0
city_77,0.802,Male,Has relevent experience,no_enrollment,High School,,3,,,1,32,0
city_50,0.899,Male,Has relevent experience,no_enrollment,Masters,STEM,>20,50-99,Pvt Ltd,>4,30,0
city_21,0.621,,No relevent experience,Full time course,Masters,STEM,1,10000+,Pvt Ltd,1,12,1
city_160,0.92,Male,Has relevent experience,no_enrollment,Graduate,STEM,>20,50-99,Pvt Ltd,4,74,0
city_19,0.669,Male,Has relevent experience,no_enrollment,Graduate,STEM,>20,100-500,Pvt Ltd,>4,43,0
city_83,0.921,Male,Has relevent experience,no_enrollment,Graduate,STEM,6,100-500,Pvt Ltd,1,23,0
city_21,0.615,,Has relevent experience,Full time course,Masters,STEM,8,1000-4999,Pvt Ltd,1,38,1
city_138,0.839,Male,Has relevent experience,no_enrollment,Masters,STEM,>20,,,>4,10,0
city_21,0.624,,No relevent experience,Full time course,Masters,STEM,1,50-99,Pvt Ltd,1,36,0
city_7,0.638,,No relevent experience,Full time course,Masters,STEM,1,50-99,Pvt Ltd,1,24,0
city_21,0.623,Male,No relevent experience,Full time course,Graduate,STEM,<1,,,never,23,1
city_160,0.9,,Has relevent experience,Full time course,Masters,STEM,10,10000+,Pvt Ltd,1,47,0
city_71,0.908,Male,Has relevent experience,no_enrollment,Phd,STEM,>20,10000+,Pvt Ltd,1,14,0
city_160,0.918,Male,Has relevent experience,no_enrollment,Graduate,STEM,13,100-500,Pvt Ltd,1,25,0
city_138,0.81,Male,No relevent experience,no_enrollment,Graduate,STEM,8,,,never,26,0
city_36,0.92,Male,Has relevent experience,no_enrollment,High School,,6,<10,Pvt Ltd,1,10,0
city_103,0.621,Male,Has relevent experience,no_enrollment,Graduate,STEM,7,10000+,Pvt Ltd,2,9,0
city_21,0.626,,No relevent experience,Full time course,High School,STEM,3,,,never,22,0
city_103,0.912,Male,Has relevent experience,no_enrollment,Masters,STEM,>20,,,1,3,0
city_103,0.919,Male,No relevent experience,no_enrollment,Masters,STEM,8,10000+,Pvt Ltd,1,16,0
city_16,0.916,Male,No relevent experience,Full time course,High School,,2,,,never,6,0
city_104,0.923,Male,Has relevent experience,no_enrollment,Graduate,STEM,>20,50-99,Pvt Ltd,>4,34,0
city_73,0.765,Male,Has relevent experience,no_enrollment,High School,,>20,,,>4,11,0
city_90,0.705,Male,Has relevent experience,Full time course,High School,,8,50-99,Pvt Ltd,1,6,0
city_21,0.628,Male,No relevent experience,Full time course,Graduate,STEM,1,,,never,64,0
city_162,0.764,Male,Has relevent experience,no_enrollment,Graduate,STEM,10,100-500,Pvt Ltd,1,52,0
city_104,0.623,Male,Has relevent experience,no_enrollment,Graduate,STEM,4,10000+,Pvt Ltd,1,62,0
city_71,0.884,Male,Has relevent experience,no_enrollment,Graduate,STEM,13,100-500,Pvt Ltd,1,47,0
city_89,0.927,Male,Has relevent experience,no_enrollment,Masters,STEM,9,50-99,Pvt Ltd,1,49,0
city_103,0.912,Male,Has relevent experience,no_enrollment,Masters,STEM,10,,,1,24,0
city_11,0.623,Male,Has relevent experience,Full time course,Graduate,STEM,3,50-99,Pvt Ltd,1,8,1
city_136,0.895,Male,Has relevent experience,Full time course,Graduate,STEM,2,100-500,Pvt Ltd,1,24,0
city_16,0.907,Male,Has relevent experience,no_enrollment,Graduate,STEM,6,50-99,Pvt Ltd,1,11,0
city_16,0.917,Male,Has relevent experience,no_enrollment,High School,,<1,,,1,8,0
city_104,0.925,Male,Has relevent experience,no_enrollment,Graduate,STEM,5,100-500,Pvt Ltd,2,53,0
city_75,0.927,Male,Has relevent experience,Full time course,Masters,STEM,7,50-99,Pvt Ltd,1,45,0
city_160,0.907,Male,Has relevent experience,no_enrollment,Graduate,STEM,>20,100-500,Pvt Ltd,2,20,0
city_103,0.919,Male,Has relevent experience,no_enrollment,Graduate,STEM,>20,,,>4,15,1
city_61,0.911,Male,Has relevent experience,no_enrollment,Masters,STEM,>20,1000-4999,Pvt Ltd,>4,23,1
city_21,0.917,Male,No relevent experience,Full time course,Graduate,STEM,2,,Pvt Ltd,1,5,0
city_136,0.927,Male,Has relevent experience,no_enrollment,High School,,>20,,Pvt Ltd,>4,13,0
city_21,0.912,Male,Has relevent experience,no_enrollment,Graduate,STEM,9,10/49,Pvt Ltd,1,27,0
city_160,0.92,Male,Has relevent experience,no_enrollment,Graduate,STEM,5,,,1,10,1
city_21,0.631,Male,No relevent experience,Full time course,High School,,1,,,never,25,0
city_21,0.625,Male,Has relevent experience,no_enrollment,Graduate,STEM,7,10000+,Pvt Ltd,4,61,0
city_21,0.624,Male,Has relevent experience,no_enrollment,Graduate,STEM,7,50-99,Pvt Ltd,4,149,0
city_21,0.63,Male,No relevent experience,Full time course,High School,,2,,,never,50,0
city_136,0.919,Male,Has relevent experience,no_enrollment,Masters,STEM,8,50-99,Pvt Ltd,1,40,0
city_16,0.914,Female,Has relevent experience,no_enrollment,Masters,STEM,4,50-99,Pvt Ltd,1,53,0
city_103,0.918,Male,Has relevent experience,no_enrollment,Graduate,STEM,5,10000+,Pvt Ltd,2,30,0
city_160,0.909,Male,Has relevent experience,no_enrollment,Graduate,STEM,>20,10/49,Funded Startup,1,15,0
city_99,0.92,Male,Has relevent experience,no_enrollment,Graduate,STEM,5,10000+,Pvt Ltd,1,9,0
city_114,0.918,Male,Has relevent experience,no_enrollment,Masters,STEM,>20,,,1,19,0
city_67,0.76,Male,Has relevent experience,no_enrollment,Graduate,STEM,4,<10,,1,7,0
city_136,0.866,Male,No relevent experience,Full time course,Graduate,STEM,5,,,1,5,0
city_21,0.56,Male,Has relevent experience,no_enrollment,Graduate,STEM,10,100-500,Pvt Ltd,>4,43,1
city_136,0.902,Male,No relevent experience,no_enrollment,Masters,STEM,>20,,,>4,7,0
city_21,0.92,Male,Has relevent experience,no_enrollment,Graduate,STEM,7,10/49,Early Stage Startup,1,19,1
city_21,0.627,Male,Has relevent experience,no_enrollment,Graduate,STEM,6,100-500,Pvt Ltd,4,55,0
city_128,0.618,Male,No relevent experience,no_enrollment,Graduate,STEM,3,10000+,Pvt Ltd,1,23,1
city_160,0.917,Male,Has relevent experience,no_enrollment,Masters,STEM,>20,100-500,Pvt Ltd,1,7,0
city_97,0.85,Male,No relevent experience,no_enrollment,,,<1,,,never,71,0
city_21,0.623,Male,Has relevent experience,no_enrollment,Graduate,STEM,>20,10/49,Pvt Ltd,>4,17,1
city_21,0.623,Male,Has relevent experience,no_enrollment,Graduate,STEM,10,100-500,Pvt Ltd,>4,10,1
city_114,0.924,,No relevent experience,Full time course,Masters,STEM,4,,,1,39,0
city_100,0.882,Male,Has relevent experience,no_enrollment,Graduate,STEM,10,10000+,Pvt Ltd,>4,102,0
city_103,0.921,Male,Has relevent experience,no_enrollment,Masters,STEM,>20,10000+,Pvt Ltd,>4,36,0
city_102,0.815,Male,Has relevent experience,no_enrollment,Graduate,STEM,6,100-500,Pvt Ltd,1,43,0
city_61,0.917,Male,No relevent experience,no_enrollment,Graduate,STEM,7,10000+,Pvt Ltd,1,24,0
city_21,0.625,Male,No relevent experience,Full time course,High School,,<1,,,never,14,1
city_98,0.937,Male,Has relevent experience,no_enrollment,High School,,>20,50-99,Pvt Ltd,>4,30,0
city_21,0.617,Male,Has relevent experience,no_enrollment,Graduate,STEM,<1,,Pvt Ltd,1,19,1
city_16,0.91,Male,Has relevent experience,no_enrollment,Graduate,STEM,4,,,1,28,1
city_104,0.919,Male,Has relevent experience,no_enrollment,Graduate,STEM,>20,10000+,Pvt Ltd,>4,32,0
city_16,0.829,Male,No relevent experience,no_enrollment,Graduate,STEM,3,,,1,7,0
city_71,0.884,Male,Has relevent experience,no_enrollment,Graduate,STEM,>20,100-500,Pvt Ltd,1,14,0
city_16,0.885,Male,No relevent experience,Full time course,High School,,4,,,never,12,0
city_18,0.714,Male,Has relevent experience,no_enrollment,Graduate,STEM,10,<10,Early Stage Startup,1,6,0
city_103,0.912,Male,Has relevent experience,no_enrollment,Graduate,STEM,4,50-99,Pvt Ltd,1,23,0
city_160,0.917,Male,No relevent experience,Full time course,Graduate,STEM,5,,,1,26,0
city_160,0.922,Male,Has relevent experience,no_enrollment,Graduate,STEM,10,10000+,Pvt Ltd,4,161,0
city_16,0.914,Male,Has relevent experience,no_enrollment,Graduate,STEM,4,10000+,Pvt Ltd,1,27,0
city_21,0.625,,No relevent experience,Full time course,Masters,STEM,<1,,Pvt Ltd,never,19,1
city_114,0.921,Male,Has relevent experience,no_enrollment,Graduate,STEM,4,50-99,Pvt Ltd,1,39,0
city_114,0.932,Male,No relevent experience,Full time course,Graduate,STEM,4,50-99,Pvt Ltd,1,5,0
city_116,0.732,Male,Has relevent experience,no_enrollment,Graduate,STEM,6,100-500,Pvt Ltd,1,18,0
city_99,0.921,Male,Has relevent experience,no_enrollment,Graduate,STEM,4,50-99,Pvt Ltd,1,156,1
city_46,0.753,Male,Has relevent experience,no_enrollment,Graduate,STEM,11,,,never,16,1
city_103,0.921,Male,No relevent experience,no_enrollment,Masters,STEM,>20,,,>4,38,0
city_74,0.573,Male,Has relevent experience,no_enrollment,Graduate,STEM,6,,,1,18,1
city_71,0.886,Male,Has relevent experience,no_enrollment,Graduate,STEM,13,50-99,Pvt Ltd,1,3,0
city_103,0.919,Male,Has relevent experience,no_enrollment,Graduate,STEM,>20,1000-4999,Pvt Ltd,>4,54,0
city_16,0.912,Male,No relevent experience,no_enrollment,Graduate,STEM,<1,,,never,20,1
city_21,0.624,Male,No relevent experience,Full time course,Graduate,STEM,<1,,,never,22,1
city_65,0.81,Male,Has relevent experience,no_enrollment,Graduate,STEM,>20,1000-4999,Pvt Ltd,>4,52,0
city_71,0.895,Male,Has relevent experience,no_enrollment,Graduate,STEM,>20,,,>4,6,1
city_136,0.907,Male,No relevent experience,no_enrollment,High School,,>20,,,1,17,0
city_103,0.919,Male,Has relevent experience,no_enrollment,Masters,STEM,15,1000-4999,Pvt Ltd,>4,29,0
city_21,0.624,,Has relevent experience,Full time course,Graduate,STEM,2,50-99,Pvt Ltd,1,30,0
city_99,0.916,Male,Has relevent experience,Full time course,Graduate,STEM,4,,,1,24,0
city_74,0.583,,No relevent experience,Full time course,Graduate,STEM,6,,,1,23,1
city_114,0.922,Male,No relevent experience,Full time course,Graduate,STEM,4,50-99,Pvt Ltd,1,40,0
city_16,0.914,Male,Has relevent experience,no_enrollment,Graduate,STEM,8,50-99,Funded Startup,1,44,0
city_64,0.695,Male,Has relevent experience,Full time course,Graduate,STEM,5,,,1,33,1
city_61,0.929,Male,Has relevent experience,no_enrollment,Graduate,STEM,>20,100-500,Pvt Ltd,2,21,0
city_21,0.616,Male,Has relevent experience,no_enrollment,Graduate,STEM,4,10000+,Pvt Ltd,1,25,0
city_136,0.877,Male,No relevent experience,no_enrollment,High School,,8,10000+,Pvt Ltd,1,26,0
city_83,0.92,Male,Has relevent experience,no_enrollment,Masters,STEM,6,10000+,Pvt Ltd,1,36,0
city_160,0.901,Male,No relevent experience,Full time course,High School,,2,,,never,40,0
city_103,0.922,Male,No relevent experience,no_enrollment,Phd,STEM,>20,1000-4999,Pvt Ltd,>4,25,0
city_21,0.805,,No relevent experience,Full time course,High School,,1,,,never,25,0
city_103,0.924,Male,Has relevent experience,no_enrollment,Masters,STEM,9,50-99,Pvt Ltd,1,24,0
city_116,0.705,Male,Has relevent experience,no_enrollment,Graduate,STEM,>20,,,1,18,0
city_19,0.689,Male,Has relevent experience,no_enrollment,Graduate,STEM,7,100-500,Pvt Ltd,2,42,0
city_28,0.933,Male,Has relevent experience,no_enrollment,Masters,STEM,8,50-99,Pvt Ltd,1,45,0
city_75,0.92,Male,Has relevent experience,no_enrollment,Masters,STEM,>20,50-99,Pvt Ltd,>4,41,0
city_21,0.626,,Has relevent experience,Full time course,Graduate,STEM,4,50-99,Pvt Ltd,1,47,0
city_159,0.753,Male,No relevent experience,Full time course,High School,,2,,,never,17,0
city_114,0.924,Male,Has relevent experience,no_enrollment,Graduate,STEM,9,50-99,Pvt Ltd,1,67,0
city_103,0.914,Male,Has relevent experience,no_enrollment,Graduate,STEM,7,10000+,Pvt Ltd,4,47,0
city_100,0.893,Male,No relevent experience,Full time course,Graduate,,5,,,never,21,0
city_104,0.923,Male,Has relevent experience,no_enrollment,Graduate,STEM,6,50-99,Pvt Ltd,1,62,0
city_136,0.915,Male,Has relevent experience,no_enrollment,Masters,STEM,>20,1000-4999,Pvt Ltd,>4,9,0
city_136,0.875,Male,Has relevent experience,no_enrollment,Masters,STEM,>20,,,1,18,0
city_61,0.913,Male,Has relevent experience,no_enrollment,Masters,STEM,>20,100-500,Pvt Ltd,1,17,0
city_160,0.921,Male,No relevent experience,Full time course,High School,,4,,,1,30,0
city_136,0.93,Male,Has relevent experience,no_enrollment,Masters,STEM,>20,,,1,71,0
city_103,0.922,Male,Has relevent experience,no_enrollment,High School,,>20,,Pvt Ltd,>4,16,0
city_103,0.879,Male,Has relevent experience,no_enrollment,Graduate,STEM,>20,100-500,Pvt Ltd,>4,22,0
city_136,0.911,,No relevent experience,Full time course,Graduate,STEM,4,,,1,40,0
city_21,0.614,Male,Has relevent experience,no_enrollment,Graduate,STEM,5,50-99,Pvt Ltd,1,13,0
city_21,0.616,Male,Has relevent experience,no_enrollment,Graduate,STEM,7,,Pvt Ltd,>4,40,1
city_64,0.524,Male,Has relevent experience,no_enrollment,Graduate,STEM,>20,,,>4,76,1
city_67,0.841,Male,No relevent experience,no_enrollment,High School,,3,,,never,18,0
city_160,0.92,Male,Has relevent experience,no_enrollment,Graduate,STEM,>20,100-500,NGO,1,18,0
city_160,0.92,Male,Has relevent experience,no_enrollment,Masters,STEM,10,,,1,20,1
city_114,0.928,Male,No relevent experience,Full time course,High School,,3,50-99,Pvt Ltd,1,7,0
city_104,0.922,Male,No relevent experience,Full time course,Graduate,STEM,5,,,never,13,1
city_21,0.921,Male,Has relevent experience,no_enrollment,Graduate,STEM,4,50-99,Pvt Ltd,1,20,0
city_98,0.931,Male,No relevent experience,no_enrollment,High School,,>20,,,never,7,0
city_16,0.912,Male,Has relevent experience,no_enrollment,Masters,STEM,>20,10000+,Pvt Ltd,>4,49,0
city_136,0.931,Male,Has relevent experience,no_enrollment,Masters,STEM,>20,10000+,Pvt Ltd,>4,42,0
city_160,0.924,Male,Has relevent experience,no_enrollment,Graduate,STEM,4,100-500,Pvt Ltd,1,46,0
city_103,0.914,Male,Has relevent experience,no_enrollment,Graduate,STEM,>20,10/49,Pvt Ltd,>4,22,0
city_97,0.925,Male,Has relevent experience,no_enrollment,Masters,STEM,6,50-99,Pvt Ltd,1,31,0
city_136,0.895,Male,Has relevent experience,no_enrollment,Masters,STEM,>20,10000+,Pvt Ltd,>4,110,0
city_160,0.918,Male,Has relevent experience,no_enrollment,Graduate,STEM,7,,,1,5,1
city_97,0.922,Male,Has relevent experience,no_enrollment,Graduate,STEM,5,50-99,Pvt Ltd,4,1,0
city_160,0.919,Male,Has relevent experience,no_enrollment,Graduate,STEM,13,10000+,Pvt Ltd,4,41,0
city_103,0.921,Male,Has relevent experience,no_enrollment,Graduate,STEM,10,50-99,Pvt Ltd,2,22,0
city_160,0.922,Male,Has relevent experience,no_enrollment,Graduate,STEM,5,10/49,Pvt Ltd,1,19,0
city_89,0.925,Male,No relevent experience,Full time course,High School,,3,,Pvt Ltd,never,24,0
city_103,0.921,Male,No relevent experience,no_enrollment,High School,,2,<10,Pvt Ltd,1,20,0
city_103,0.92,Male,Has relevent experience,no_enrollment,Graduate,STEM,4,50-99,Funded Startup,1,22,0
city_97,0.926,Male,No relevent experience,no_enrollment,Graduate,STEM,>20,,,never,23,1
city_16,0.906,Male,Has relevent experience,no_enrollment,Masters,STEM,>20,10000+,Pvt Ltd,>4,24,0
city_89,0.921,Male,Has relevent experience,no_enrollment,Graduate,STEM,>20,100-500,Pvt Ltd,4,40,0
city_142,0.794,Male,Has relevent experience,no_enrollment,Graduate,STEM,6,100-500,Pvt Ltd,1,35,0
city_114,0.928,Male,Has relevent experience,no_enrollment,Graduate,STEM,>20,<10,Pvt Ltd,>4,21,0
city_136,0.913,Male,No relevent experience,no_enrollment,High School,,6,,,1,13,0
city_71,0.878,Male,Has relevent experience,no_enrollment,Graduate,STEM,13,10000+,Pvt Ltd,1,63,0
city_114,0.926,Male,Has relevent experience,Full time course,Graduate,STEM,4,50-99,Pvt Ltd,1,30,0
city_16,0.912,Male,No relevent experience,Full time course,Graduate,STEM,5,10/49,Pvt Ltd,1,23,0
city_67,0.863,Male,Has relevent experience,no_enrollment,Graduate,STEM,10,50-99,Pvt Ltd,1,42,0
city_23,0.896,Male,Has relevent experience,no_enrollment,Graduate,STEM,>20,100-500,Pvt Ltd,>4,48,0
city_16,0.911,Male,Has relevent experience,no_enrollment,Graduate,STEM,>20,10000+,Pvt Ltd,>4,38,0
city_65,0.793,Male,Has relevent experience,no_enrollment,Graduate,STEM,6,100-500,Pvt Ltd,1,20,0
city_160,0.919,Male,Has relevent experience,no_enrollment,Graduate,STEM,>20,,,1,23,1
city_83,0.923,,No relevent experience,Full time course,High School,,5,,,never,22,0
city_16,0.911,Male,Has relevent experience,no_enrollment,Graduate,STEM,<1,,,1,28,1
city_103,0.92,Male,Has relevent experience,no_enrollment,Masters,STEM,>20,,,>4,15,0
city_71,0.887,Male,Has relevent experience,no_enrollment,Graduate,STEM,>20,100-500,Pvt Ltd,>4,14,0
city_97,0.925,Male,Has relevent experience,Full time course,Graduate,STEM,6,50-99,,1,24,0
city_67,0.87,Male,Has relevent experience,no_enrollment,Graduate,STEM,10,50-99,Pvt Ltd,1,43,0
city_103,0.802,Male,Has relevent experience,Full time course,Graduate,STEM,3,100-500,Pvt Ltd,1,16,0
city_100,0.886,Male,Has relevent experience,no_enrollment,Graduate,STEM,10,10000+,Pvt Ltd,>4,38,0
city_104,0.627,Male,No relevent experience,Full time course,Graduate,STEM,5,,,never,51,0
city_11,0.722,,Has relevent experience,no_enrollment,Masters,STEM,8,100-500,Pvt Ltd,1,26,0
city_61,0.922,Male,Has relevent experience,no_enrollment,Graduate,STEM,>20,100-500,Pvt Ltd,1,18,0
city_61,0.919,Male,Has relevent experience,no_enrollment,Graduate,STEM,>20,100-500,Pvt Ltd,1,26,0
city_67,0.831,Male,No relevent experience,no_enrollment,Graduate,STEM,8,,,2,25,0
city_23,0.915,Male,No relevent experience,no_enrollment,Primary School,,3,,Pvt Ltd,never,10,0
city_71,0.88,Male,Has relevent experience,Full time course,High School,,4,50-99,Funded Startup,1,20,0
city_114,0.923,Male,No relevent experience,no_enrollment,Masters,STEM,>20,1000-4999,Pvt Ltd,>4,17,0
city_142,0.716,Male,Has relevent experience,no_enrollment,Graduate,STEM,13,50-99,Pvt Ltd,1,9,0
city_75,0.796,Male,Has relevent experience,no_enrollment,Graduate,STEM,10,<10,Pvt Ltd,1,50,0
city_160,0.817,Male,Has relevent experience,no_enrollment,Graduate,STEM,>20,10/49,Pvt Ltd,>4,14,0
city_21,0.624,Male,Has relevent experience,no_enrollment,Graduate,STEM,7,50-99,Pvt Ltd,1,21,0
city_103,0.759,Male,Has relevent experience,no_enrollment,Graduate,STEM,17,,,1,61,0
city_16,0.914,Male,Has relevent experience,no_enrollment,Graduate,STEM,>20,,,>4,15,0
city_118,0.727,Male,Has relevent experience,no_enrollment,Graduate,STEM,3,<10,Early Stage Startup,1,14,0
city_71,0.887,Male,Has relevent experience,no_enrollment,Masters,STEM,>20,,,1,18,0
city_149,0.681,Male,Has relevent experience,no_enrollment,Graduate,STEM,6,,,1,20,0
city_103,0.917,Male,No relevent experience,no_enrollment,Graduate,STEM,>20,,,never,11,1
city_11,0.545,Male,No relevent experience,Full time course,High School,,1,,,1,14,0
city_136,0.907,Male,Has relevent experience,no_enrollment,High School,,8,100-500,,1,33,0
city_160,0.916,Male,Has relevent experience,no_enrollment,Graduate,STEM,9,100-500,Pvt Ltd,1,21,0
city_102,0.755,Male,No relevent experience,Full time course,Graduate,STEM,3,,,1,30,0
city_21,0.623,Male,Has relevent experience,Full time course,Graduate,STEM,4,50-99,Early Stage Startup,1,24,0
city_83,0.92,Male,No relevent experience,no_enrollment,High School,,6,,,never,16,0
city_16,0.901,Male,Has relevent experience,no_enrollment,Graduate,STEM,>20,100-500,Pvt Ltd,1,21,0
city_21,0.623,,Has relevent experience,Full time course,Graduate,STEM,4,,,1,46,1
city_136,0.899,Male,Has relevent experience,no_enrollment,Graduate,STEM,10,50-99,Pvt Ltd,1,18,0
city_21,0.699,,Has relevent experience,no_enrollment,Graduate,STEM,7,1000-4999,Pvt Ltd,>4,20,0
city_103,0.917,Male,No relevent experience,Full time course,High School,,2,,,1,8,0
city_90,0.665,,Has relevent experience,no_enrollment,Graduate,STEM,4,,,1,27,0
city_16,0.919,Male,No relevent experience,no_enrollment,High School,,3,,,never,25,0
city_70,0.702,Male,Has relevent experience,no_enrollment,Graduate,STEM,12,<10,,1,41,0
city_103,0.92,Male,Has relevent experience,no_enrollment,Graduate,STEM,7,10000+,Pvt Ltd,3,26,0
city_18,0.844,Male,Has relevent experience,no_enrollment,Graduate,STEM,5,,,1,6,0
city_160,0.909,Male,No relevent experience,Full time course,Graduate,STEM,3,50-99,Pvt Ltd,1,8,0
city_61,0.92,Male,Has relevent experience,no_enrollment,Graduate,STEM,>20,1000-4999,Pvt Ltd,>4,14,0
city_16,0.916,Male,Has relevent experience,no_enrollment,High School,,11,,,1,1,0
city_12,0.578,,Has relevent experience,no_enrollment,Masters,STEM,10,50-99,Pvt Ltd,>4,31,1
city_61,0.92,Male,Has relevent experience,no_enrollment,Graduate,STEM,4,,,1,17,0
city_21,0.912,Male,Has relevent experience,no_enrollment,Graduate,STEM,>20,10/49,Pvt Ltd,1,21,0
city_103,0.907,Male,No relevent experience,Full time course,Graduate,STEM,6,,,1,66,0
city_21,0.914,Male,Has relevent experience,no_enrollment,Graduate,STEM,7,1000-4999,Pvt Ltd,2,2,0
city_160,0.919,Male,Has relevent experience,no_enrollment,Graduate,STEM,5,100-500,Pvt Ltd,2,4,0
city_21,0.714,,No relevent experience,Full time course,High School,,2,,,never,9,1
city_75,0.923,Male,Has relevent experience,no_enrollment,Graduate,STEM,>20,,,2,20,0
city_103,0.913,Male,Has relevent experience,no_enrollment,Graduate,STEM,>20,50-99,Pvt Ltd,2,6,0
city_21,0.623,Male,No relevent experience,Full time course,Graduate,STEM,2,,,never,24,0
city_21,0.918,Male,Has relevent experience,no_enrollment,Graduate,STEM,7,,,1,56,1
city_103,0.918,Male,Has relevent experience,no_enrollment,Graduate,STEM,>20,,,>4,12,0
city_23,0.909,Male,Has relevent experience,no_enrollment,Graduate,STEM,>20,50-99,Pvt Ltd,1,24,0
city_103,0.92,Male,No relevent experience,no_enrollment,High School,,6,,,1,28,0
city_73,0.748,Male,No relevent experience,Full time course,Graduate,STEM,>20,,,never,1,1
city_11,0.626,,Has relevent experience,no_enrollment,Masters,STEM,3,50-99,Pvt Ltd,1,9,1
city_103,0.919,Male,Has relevent experience,no_enrollment,Graduate,STEM,>20,,,>4,93,1
city_102,0.818,,No relevent experience,Full time course,Graduate,STEM,2,,,1,25,0
city_102,0.811,,No relevent experience,Full time course,High School,,2,,,1,10,0
city_103,0.913,Male,Has relevent experience,no_enrollment,Graduate,STEM,11,,,2,19,1
city_16,0.918,Male,Has relevent experience,no_enrollment,Graduate,STEM,>20,500-999,Pvt Ltd,>4,27,0
city_61,0.924,Male,Has relevent experience,no_enrollment,Graduate,STEM,>20,100-500,Pvt Ltd,>4,37,0
city_61,0.917,Female,Has relevent experience,no_enrollment,Graduate,STEM,4,50-99,Pvt Ltd,1,151,0
city_103,0.92,Male,Has relevent experience,no_enrollment,Graduate,STEM,>20,,,1,15,0
city_41,0.801,Male,Has relevent experience,no_enrollment,Graduate,STEM,>20,50-99,NGO,>4,72,0
city_16,0.927,Male,No relevent experience,no_enrollment,High School,,6,,,never,16,0
city_90,0.704,Male,Has relevent experience,no_enrollment,Graduate,STEM,6,<10,Early Stage Startup,1,13,0
city_16,0.915,Male,Has relevent experience,no_enrollment,Masters,STEM,>20,<10,,1,17,0
city_97,0.928,Male,No relevent experience,no_enrollment,,,6,,,never,13,0
city_103,0.92,Male,No relevent experience,no_enrollment,Masters,STEM,>20,,,1,10,0
city_16,0.844,Male,Has relevent experience,no_enrollment,Graduate,STEM,9,10000+,Pvt Ltd,1,40,0
city_114,0.925,Male,Has relevent experience,no_enrollment,Graduate,STEM,15,10000+,Pvt Ltd,2,27,0
city_71,0.889,Male,Has relevent experience,no_enrollment,Masters,STEM,>20,100-500,Pvt Ltd,1,22,0
city_103,0.923,Male,Has relevent experience,no_enrollment,Graduate,STEM,>20,10/49,Pvt Ltd,>4,27,0
city_90,0.707,,Has relevent experience,Full time course,Masters,STEM,3,100-500,Pvt Ltd,1,51,0
city_73,0.787,Male,Has relevent experience,no_enrollment,Graduate,STEM,>20,,,1,5,0
city_21,0.623,Male,No relevent experience,Full time course,Graduate,STEM,<1,,,never,12,1
city_99,0.899,Male,Has relevent experience,no_enrollment,Graduate,STEM,>20,100-500,Funded Startup,1,21,0
city_103,0.919,,No relevent experience,Full time course,Graduate,STEM,4,50-99,Public Sector,1,21,0
city_100,0.891,Male,Has relevent experience,no_enrollment,Masters,STEM,10,,,1,24,0
city_103,0.92,Male,Has relevent experience,no_enrollment,Masters,STEM,9,50-99,Pvt Ltd,1,62,0
city_160,0.627,Male,Has relevent experience,no_enrollment,Graduate,STEM,10,10/49,,>4,19,1
city_150,0.706,,Has relevent experience,no_enrollment,Masters,STEM,8,100-500,Pvt Ltd,1,56,0
city_21,0.613,,No relevent experience,no_enrollment,High School,,<1,,Pvt Ltd,never,15,1
city_21,0.623,,Has relevent experience,no_enrollment,Graduate,STEM,7,10000+,Pvt Ltd,4,51,0
city_103,0.919,Male,No relevent experience,no_enrollment,Graduate,STEM,<1,,,never,19,1
city_23,0.903,Male,No relevent experience,Full time course,High School,,4,50-99,,1,16,0
city_114,0.927,Male,No relevent experience,Full time course,Graduate,STEM,5,50-99,,1,19,0
city_73,0.795,,No relevent experience,Full time course,Masters,STEM,8,,,1,1,0
city_160,0.787,Male,Has relevent experience,no_enrollment,Masters,STEM,>20,50-99,Pvt Ltd,>4,10,0
city_83,0.92,Male,No relevent experience,Full time course,Graduate,STEM,2,50-99,Pvt Ltd,1,20,0
city_67,0.87,Male,Has relevent experience,no_enrollment,High School,,10,10000+,Pvt Ltd,1,15,0
city_98,0.931,Male,Has relevent experience,no_enrollment,Masters,STEM,6,50-99,Pvt Ltd,1,52,0
city_20,0.771,Male,Has relevent experience,no_enrollment,Graduate,STEM,>20,100-500,Pvt Ltd,>4,51,0
city_16,0.912,Male,Has relevent experience,no_enrollment,High School,,4,10/49,Pvt Ltd,1,68,0
city_21,0.71,,No relevent experience,Full time course,Graduate,STEM,7,,,1,32,0
city_105,0.889,Male,Has relevent experience,Full time course,Graduate,STEM,4,50-99,Pvt Ltd,1,23,0
city_23,0.895,Male,Has relevent experience,Full time course,High School,,2,100-500,Pvt Ltd,1,29,0
city_71,0.887,Male,Has relevent experience,no_enrollment,High School,,>20,,,1,18,0
city_21,0.622,Male,Has relevent experience,no_enrollment,Graduate,STEM,<1,,,1,12,1
city_73,0.685,,No relevent experience,no_enrollment,Graduate,STEM,3,,,1,18,0
city_114,0.918,Male,Has relevent experience,no_enrollment,High School,,3,,,1,15,0
city_160,0.895,Male,Has relevent experience,no_enrollment,Graduate,STEM,>20,10/49,Pvt Ltd,2,24,0
city_21,0.621,,No relevent experience,no_enrollment,Graduate,STEM,7,,Pvt Ltd,1,24,1
city_61,0.919,Male,Has relevent experience,no_enrollment,Masters,STEM,>20,10000+,Pvt Ltd,1,12,0
city_102,0.774,,Has relevent experience,Full time course,Masters,STEM,2,10000+,Pvt Ltd,1,64,0
city_61,0.915,Male,Has relevent experience,no_enrollment,Graduate,STEM,>20,,,1,11,1
city_160,0.92,Male,Has relevent experience,no_enrollment,Graduate,STEM,17,,,1,61,0
city_103,0.922,Male,No relevent experience,no_enrollment,High School,,5,,,never,16,0
city_21,0.617,Male,No relevent experience,no_enrollment,Graduate,STEM,<1,,,1,12,1
city_16,0.91,Male,Has relevent experience,no_enrollment,Graduate,STEM,>20,10/49,Pvt Ltd,1,24,0
city_103,0.92,Male,No relevent experience,Full time course,Masters,STEM,2,,,1,40,0
city_71,0.882,Male,Has relevent experience,no_enrollment,Graduate,STEM,>20,10/49,Pvt Ltd,1,24,0
city_103,0.92,Male,No relevent experience,Full time course,Graduate,STEM,<1,,,1,15,1
city_16,0.916,Male,Has relevent experience,no_enrollment,Graduate,STEM,>20,1000-4999,Pvt Ltd,>4,40,0
city_73,0.813,Male,Has relevent experience,no_enrollment,High School,,3,,,1,18,0
city_103,0.922,,No relevent experience,Full time course,Graduate,STEM,7,,,,110,1
city_128,0.716,,No relevent experience,no_enrollment,High School,,<1,,,never,16,1
city_89,0.92,Male,Has relevent experience,no_enrollment,Graduate,STEM,>20,10000+,Pvt Ltd,>4,32,0
city_97,0.923,Male,Has relevent experience,no_enrollment,Masters,STEM,>20,,,>4,22,0
city_136,0.898,Male,Has relevent experience,no_enrollment,Masters,STEM,>20,100-500,Pvt Ltd,1,11,0
city_103,0.919,Male,Has relevent experience,no_enrollment,Graduate,STEM,>20,,,1,10,1
city_21,0.625,,No relevent experience,Full time course,Graduate,STEM,3,100-500,Pvt Ltd,1,11,0
city_21,0.919,Male,No relevent experience,Full time course,High School,,1,10/49,Pvt Ltd,1,22,0
city_16,0.924,Male,Has relevent experience,no_enrollment,Graduate,STEM,>20,1000-4999,Pvt Ltd,>4,45,0
city_103,0.926,Male,Has relevent experience,no_enrollment,Masters,STEM,>20,,,1,8,0
city_89,0.923,Male,Has relevent experience,no_enrollment,Graduate,STEM,16,50-99,Funded Startup,1,37,0
city_21,0.623,,No relevent experience,Full time course,High School,,3,50-99,Pvt Ltd,1,17,1
city_21,0.619,Male,No relevent experience,Full time course,Graduate,STEM,1,,Pvt Ltd,1,20,1
city_99,0.919,Male,No relevent experience,no_enrollment,Graduate,STEM,4,50-99,Pvt Ltd,1,8,0
city_114,0.922,Male,Has relevent experience,no_enrollment,Graduate,STEM,>20,50-99,Pvt Ltd,>4,54,0
city_116,0.8,Male,Has relevent experience,no_enrollment,Graduate,STEM,>20,,,>4,40,0
city_16,0.913,,No relevent experience,no_enrollment,High School,,9,1000-4999,Pvt Ltd,>4,51,1
city_83,0.926,Male,Has relevent experience,Full time course,Graduate,STEM,4,,,1,45,0
city_160,0.9,Male,Has relevent experience,no_enrollment,Graduate,STEM,10,50-99,Pvt Ltd,4,41,0
city_114,0.906,Male,Has relevent experience,no_enrollment,Graduate,STEM,>20,10/49,Funded Startup,1,28,0
city_103,0.921,Male,No relevent experience,Full time course,Graduate,STEM,5,10000+,Pvt Ltd,1,28,0
city_103,0.919,,No relevent experience,no_enrollment,,,7,,,>4,69,1
city_24,0.695,,No relevent experience,Full time course,High School,,8,,,1,3,1
city_64,0.713,Male,Has relevent experience,no_enrollment,Graduate,STEM,5,10/49,Early Stage Startup,1,21,0
city_28,0.916,Male,Has relevent experience,no_enrollment,Graduate,STEM,9,100-500,Pvt Ltd,1,20,0
city_61,0.882,Male,Has relevent experience,no_enrollment,Masters,STEM,>20,100-500,,1,11,0
city_16,0.911,Male,Has relevent experience,no_enrollment,Graduate,STEM,>20,,,1,20,0
city_104,0.92,Male,Has relevent experience,no_enrollment,Graduate,STEM,>20,100-500,Pvt Ltd,1,5,0
city_138,0.813,Male,Has relevent experience,no_enrollment,High School,,10,1000-4999,Pvt Ltd,2,20,0
city_23,0.879,Male,Has relevent experience,no_enrollment,High School,,10,10000+,Pvt Ltd,1,6,0
city_117,0.706,,No relevent experience,Full time course,Graduate,STEM,4,,,never,9,1
city_103,0.931,Male,Has relevent experience,no_enrollment,Graduate,STEM,10,,,1,10,1
city_171,0.753,Male,No relevent experience,no_enrollment,,,>20,,,never,16,0
city_61,0.916,Male,Has relevent experience,no_enrollment,Graduate,STEM,4,,,1,16,0
city_103,0.92,Male,Has relevent experience,no_enrollment,Graduate,STEM,5,,,1,19,1
city_16,0.917,Male,Has relevent experience,no_enrollment,Graduate,STEM,>20,10000+,Pvt Ltd,>4,32,0
city_103,0.919,Male,Has relevent experience,no_enrollment,Graduate,STEM,4,50-99,Pvt Ltd,1,44,0
city_114,0.924,Male,No relevent experience,Full time course,Masters,STEM,4,,,1,43,0
city_21,0.622,,No relevent experience,Full time course,Graduate,STEM,1,,Pvt Ltd,1,64,0
city_61,0.926,Male,Has relevent experience,no_enrollment,Graduate,STEM,>20,100-500,Pvt Ltd,>4,42,0
city_160,0.92,Male,Has relevent experience,no_enrollment,Graduate,STEM,4,50-99,Pvt Ltd,1,13,0
city_21,0.621,Male,No relevent experience,Full time course,Graduate,STEM,1,,,1,17,1
city_100,0.892,Male,Has relevent experience,no_enrollment,,,>20,,,never,31,0
city_75,0.932,Male,Has relevent experience,no_enrollment,Graduate,STEM,>20,1000-4999,Pvt Ltd,>4,50,0
city_16,0.919,Male,Has relevent experience,no_enrollment,Graduate,STEM,>20,10/49,Funded Startup,1,12,0
city_36,0.894,Male,Has relevent experience,no_enrollment,Masters,STEM,>20,50-99,Pvt Ltd,>4,35,0
city_11,0.718,Male,Has relevent experience,no_enrollment,Graduate,STEM,10,50-99,Pvt Ltd,>4,11,1
city_160,0.918,Male,No relevent experience,no_enrollment,Graduate,STEM,5,,,1,18,1
city_41,0.75,Male,Has relevent experience,no_enrollment,Graduate,STEM,>20,100-500,Pvt Ltd,>4,47,0
city_103,0.921,Male,Has relevent experience,no_enrollment,Graduate,STEM,13,100-500,Pvt Ltd,1,50,0
city_28,0.926,Male,Has relevent experience,no_enrollment,Phd,STEM,>20,,,>4,37,0
city_21,0.624,,No relevent experience,Full time course,Graduate,STEM,2,10000+,Pvt Ltd,1,52,0
city_103,0.921,Male,No relevent experience,no_enrollment,Phd,,>20,,,>4,25,0
city_103,0.623,Male,No relevent experience,no_enrollment,Graduate,STEM,3,10000+,Pvt Ltd,1,17,0
city_83,0.919,Male,Has relevent experience,no_enrollment,Phd,Humanities,>20,,Public Sector,>4,15,1
city_21,0.624,Male,Has relevent experience,no_enrollment,Graduate,STEM,7,,,1,11,1
city_21,0.625,Male,Has relevent experience,no_enrollment,Graduate,STEM,2,,,1,1,1
city_13,0.801,Male,Has relevent experience,no_enrollment,,,>20,,Pvt Ltd,>4,16,0
city_21,0.625,Male,No relevent experience,Full time course,Graduate,STEM,<1,,,never,68,1
city_103,0.92,Male,Has relevent experience,no_enrollment,Graduate,STEM,5,100-500,Pvt Ltd,1,15,0
city_160,0.919,Male,Has relevent experience,no_enrollment,Graduate,STEM,>20,50-99,,>4,19,0
city_36,0.917,Male,Has relevent experience,no_enrollment,Graduate,STEM,>20,100-500,Pvt Ltd,>4,17,0
city_103,0.921,Male,No relevent experience,no_enrollment,Phd,STEM,>20,,,>4,15,0
city_103,0.92,Male,Has relevent experience,no_enrollment,Graduate,STEM,>20,10/49,Pvt Ltd,>4,23,0
city_61,0.915,Male,Has relevent experience,no_enrollment,Graduate,STEM,>20,10/49,Pvt Ltd,1,19,0
city_21,0.709,Male,Has relevent experience,no_enrollment,Graduate,STEM,6,,,1,14,1
city_114,0.9,Male,Has relevent experience,no_enrollment,Masters,STEM,>20,,,>4,17,0
city_13,0.861,Male,Has relevent experience,no_enrollment,,,>20,,,>4,16,0
city_114,0.926,Male,Has relevent experience,no_enrollment,Graduate,STEM,>20,100-500,Public Sector,>4,8,1
city_21,0.624,Male,Has relevent experience,no_enrollment,Masters,STEM,3,,,1,23,1
city_103,0.906,Male,Has relevent experience,no_enrollment,Graduate,STEM,>20,,,1,17,0
city_102,0.783,Male,Has relevent experience,no_enrollment,Masters,STEM,>20,,,1,12,0
city_160,0.906,Male,Has relevent experience,no_enrollment,Graduate,STEM,>20,10/49,Pvt Ltd,>4,22,0
city_160,0.919,Male,Has relevent experience,no_enrollment,Graduate,STEM,13,50-99,Pvt Ltd,4,14,0
city_145,0.554,Male,Has relevent experience,no_enrollment,Graduate,STEM,4,,,1,1,1
city_138,0.843,Male,Has relevent experience,no_enrollment,Graduate,STEM,>20,50-99,Pvt Ltd,>4,39,0
city_16,0.917,Female,Has relevent experience,no_enrollment,Graduate,STEM,7,100-500,Pvt Ltd,1,146,0
city_116,0.713,Male,Has relevent experience,no_enrollment,Masters,STEM,10,50-99,,1,7,0
city_16,0.913,Male,Has relevent experience,no_enrollment,Masters,STEM,6,50-99,Pvt Ltd,1,32,0
city_75,0.919,Male,Has relevent experience,no_enrollment,Masters,STEM,3,,Pvt Ltd,1,15,0
city_160,0.817,Male,Has relevent experience,no_enrollment,Graduate,STEM,6,100-500,Pvt Ltd,2,53,0
city_103,0.917,Male,No relevent experience,no_enrollment,Masters,STEM,<1,,,1,105,0
city_21,0.619,Male,Has relevent experience,no_enrollment,Graduate,STEM,4,10/49,Early Stage Startup,1,17,1
city_16,0.921,Male,Has relevent experience,no_enrollment,Masters,STEM,>20,100-500,Pvt Ltd,>4,45,0
city_21,0.672,Male,Has relevent experience,no_enrollment,Graduate,STEM,17,100-500,Pvt Ltd,>4,67,0
city_136,0.888,Male,Has relevent experience,no_enrollment,Masters,STEM,>20,100-500,Pvt Ltd,1,25,0
city_84,0.665,Male,Has relevent experience,no_enrollment,Graduate,STEM,>20,,,1,13,0
city_23,0.908,Male,Has relevent experience,no_enrollment,Graduate,STEM,>20,50-99,Pvt Ltd,>4,13,0
city_103,0.625,Male,No relevent experience,no_enrollment,Graduate,STEM,5,10000+,Pvt Ltd,3,19,0
city_16,0.919,Male,Has relevent experience,no_enrollment,Graduate,STEM,4,10000+,Pvt Ltd,1,27,0
city_21,0.622,Male,Has relevent experience,no_enrollment,Graduate,STEM,7,,,1,21,1
city_103,0.913,Male,Has relevent experience,no_enrollment,Graduate,STEM,5,100-500,Pvt Ltd,2,10,0
city_36,0.89,Male,Has relevent experience,no_enrollment,High School,,>20,100-500,Pvt Ltd,1,23,0
city_16,0.914,Male,Has relevent experience,no_enrollment,Graduate,STEM,9,10000+,Pvt Ltd,2,40,0
city_26,0.71,,No relevent experience,Full time course,High School,,2,,Pvt Ltd,1,20,0
city_136,0.905,Male,No relevent experience,Full time course,High School,,1,,,never,53,0
city_36,0.92,Male,Has relevent experience,no_enrollment,Masters,STEM,9,10000+,Pvt Ltd,1,21,0
city_136,0.906,Male,Has relevent experience,no_enrollment,Graduate,STEM,10,100-500,Pvt Ltd,1,59,0
city_61,0.92,Male,Has relevent experience,no_enrollment,Graduate,STEM,5,100-500,Funded Startup,1,14,0
city_160,0.92,Male,Has relevent experience,no_enrollment,Graduate,STEM,>20,,,1,27,0
city_160,0.919,Male,Has relevent experience,Full time course,Graduate,STEM,4,100-500,Funded Startup,1,68,0
city_104,0.925,,No relevent experience,Full time course,Masters,STEM,7,,,,99,0
city_103,0.923,Male,Has relevent experience,no_enrollment,Graduate,STEM,10,100-500,Pvt Ltd,1,14,0
city_16,0.915,Male,Has relevent experience,no_enrollment,Masters,STEM,7,,,1,30,0
city_89,0.898,Male,Has relevent experience,no_enrollment,Graduate,STEM,>20,500-999,Pvt Ltd,1,15,0
city_16,0.927,Male,Has relevent experience,no_enrollment,Masters,STEM,6,50-99,,1,14,0
city_83,0.922,Male,Has relevent experience,no_enrollment,Graduate,STEM,16,,,1,73,1
city_103,0.919,Male,Has relevent experience,no_enrollment,Masters,STEM,>20,100-500,Pvt Ltd,>4,24,0
city_21,0.557,Male,Has relevent experience,no_enrollment,Graduate,STEM,5,10/49,Pvt Ltd,2,16,1
city_136,0.901,Male,No relevent experience,Full time course,Graduate,STEM,2,,,1,9,0
city_36,0.892,Male,Has relevent experience,no_enrollment,Graduate,STEM,>20,10000+,Pvt Ltd,1,9,0
city_21,0.627,Male,No relevent experience,Full time course,Graduate,,2,,Pvt Ltd,never,51,0
city_114,0.926,,Has relevent experience,Full time course,Graduate,STEM,7,50-99,Pvt Ltd,4,169,0
city_128,0.623,Male,Has relevent experience,no_enrollment,Graduate,STEM,5,10/49,Pvt Ltd,1,18,1
city_21,0.92,Male,Has relevent experience,no_enrollment,Graduate,STEM,4,50-99,Pvt Ltd,1,17,0
city_21,0.625,Male,No relevent experience,Full time course,Graduate,STEM,4,,,1,13,1
city_36,0.919,Male,Has relevent experience,no_enrollment,Masters,STEM,>20,100-500,Pvt Ltd,1,19,0
city_160,0.896,Male,Has relevent experience,no_enrollment,Graduate,STEM,5,100-500,Pvt Ltd,2,36,0
city_21,0.92,,No relevent experience,Full time course,Graduate,STEM,4,,,1,19,1
city_16,0.926,Male,No relevent experience,no_enrollment,Masters,STEM,9,10000+,Pvt Ltd,1,15,0
city_19,0.683,Male,Has relevent experience,no_enrollment,Graduate,STEM,5,,,1,14,0
city_11,0.559,,No relevent experience,Full time course,Graduate,STEM,4,50-99,Pvt Ltd,1,27,1
city_103,0.926,Male,No relevent experience,Full time course,Graduate,STEM,4,50-99,Pvt Ltd,1,14,0
city_160,0.625,Male,Has relevent experience,no_enrollment,Graduate,STEM,5,100-500,Pvt Ltd,1,48,0
city_74,0.563,Male,Has relevent experience,no_enrollment,Graduate,STEM,6,,,1,11,1
city_126,0.505,,No relevent experience,Full time course,Graduate,STEM,<1,,,never,13,1
city_160,0.921,Male,Has relevent experience,no_enrollment,Graduate,STEM,5,50-99,Pvt Ltd,1,15,0
city_103,0.919,Male,Has relevent experience,no_enrollment,Graduate,STEM,>20,50-99,Funded Startup,>4,106,0
city_21,0.621,Male,Has relevent experience,no_enrollment,Graduate,STEM,10,10000+,Pvt Ltd,>4,15,1
city_21,0.624,Male,Has relevent experience,no_enrollment,Graduate,STEM,17,,,>4,30,1
city_104,0.919,Male,Has relevent experience,no_enrollment,Graduate,STEM,5,10000+,Pvt Ltd,1,18,0
city_160,0.907,Male,Has relevent experience,no_enrollment,Graduate,STEM,>20,100-500,Pvt Ltd,>4,31,0
city_21,0.622,,No relevent experience,Full time course,High School,STEM,1,,,1,45,0
city_16,0.92,Male,Has relevent experience,no_enrollment,Graduate,STEM,20,10000+,Pvt Ltd,1,18,0
city_16,0.91,Male,Has relevent experience,no_enrollment,Graduate,STEM,4,10/49,Early Stage Startup,1,14,0
city_21,0.624,Male,No relevent experience,Full time course,Graduate,STEM,4,,,never,22,0
city_141,0.74,Male,Has relevent experience,no_enrollment,Graduate,STEM,10,10000+,Pvt Ltd,>4,37,0
city_16,0.911,Male,Has relevent experience,no_enrollment,Graduate,STEM,4,50-99,Pvt Ltd,1,41,0
city_99,0.917,Male,No relevent experience,Full time course,Graduate,STEM,2,,,1,19,0
city_114,0.929,Male,Has relevent experience,no_enrollment,Graduate,STEM,>20,10000+,Pvt Ltd,>4,52,0
city_21,0.625,Male,Has relevent experience,no_enrollment,Graduate,STEM,10,1000-4999,Pvt Ltd,>4,38,1
city_28,0.923,Male,Has relevent experience,no_enrollment,Graduate,STEM,5,10000+,Pvt Ltd,1,12,0
city_103,0.924,Male,Has relevent experience,no_enrollment,Graduate,STEM,9,10000+,Pvt Ltd,>4,33,0
city_21,0.625,Male,No relevent experience,no_enrollment,Graduate,STEM,5,,,never,60,0
city_16,0.915,Male,Has relevent experience,no_enrollment,Graduate,STEM,7,10/49,Early Stage Startup,1,21,0
city_103,0.916,Male,Has relevent experience,no_enrollment,Graduate,STEM,>20,50-99,Pvt Ltd,>4,53,0
city_104,0.926,Male,No relevent experience,Full time course,Graduate,STEM,5,,,never,11,0
city_21,0.623,Male,Has relevent experience,no_enrollment,Graduate,STEM,7,,,1,22,1
city_21,0.628,Male,Has relevent experience,no_enrollment,Graduate,STEM,7,100-500,Pvt Ltd,1,12,0
city_21,0.626,,Has relevent experience,Full time course,Masters,STEM,<1,,,never,19,1
city_21,0.621,Male,Has relevent experience,no_enrollment,Graduate,STEM,7,100-500,Pvt Ltd,1,30,1
city_123,0.744,Male,Has relevent experience,Full time course,Graduate,STEM,3,100-500,Pvt Ltd,1,6,0
city_103,0.918,Male,Has relevent experience,no_enrollment,Masters,STEM,>20,10000+,Pvt Ltd,>4,31,0
city_160,0.921,Male,No relevent experience,Full time course,Graduate,STEM,5,50-99,Pvt Ltd,1,31,1
city_123,0.746,Male,Has relevent experience,Full time course,Graduate,STEM,4,50-99,Early Stage Startup,1,16,0
city_160,0.895,Male,Has relevent experience,no_enrollment,Graduate,STEM,>20,,,>4,12,0
city_136,0.928,Male,No relevent experience,Full time course,High School,,3,,Pvt Ltd,1,5,0
city_21,0.612,Male,No relevent experience,no_enrollment,Graduate,,<1,,,never,20,1
city_90,0.691,,Has relevent experience,no_enrollment,Graduate,STEM,8,50-99,Pvt Ltd,1,34,0
city_75,0.932,Male,Has relevent experience,no_enrollment,Masters,,>20,1000-4999,Pvt Ltd,>4,43,0
city_114,0.921,Male,Has relevent experience,no_enrollment,Masters,STEM,>20,100-500,Pvt Ltd,1,9,0
city_159,0.862,Male,No relevent experience,Full time course,Graduate,STEM,4,,,never,24,0
city_11,0.621,Male,Has relevent experience,no_enrollment,Graduate,STEM,4,10/49,Pvt Ltd,1,18,1
city_160,0.92,Male,Has relevent experience,no_enrollment,Graduate,STEM,7,50-99,Pvt Ltd,4,24,0
city_136,0.909,Male,Has relevent experience,no_enrollment,Masters,STEM,>20,,,1,13,0
city_90,0.699,,No relevent experience,no_enrollment,Graduate,STEM,3,,,never,3,0
city_103,0.92,Male,Has relevent experience,no_enrollment,Masters,STEM,>20,<10,,1,17,0
city_103,0.921,Male,Has relevent experience,no_enrollment,Masters,STEM,15,500-999,Pvt Ltd,>4,42,0
city_102,0.777,Male,Has relevent experience,no_enrollment,Graduate,STEM,10,,,1,15,0
city_103,0.921,Male,Has relevent experience,no_enrollment,Graduate,STEM,4,<10,Early Stage Startup,1,28,0
city_160,0.92,Male,Has relevent experience,no_enrollment,Graduate,STEM,>20,,,>4,61,1
city_149,0.744,Male,No relevent experience,Full time course,Graduate,STEM,5,,,1,8,0
city_103,0.883,Male,No relevent experience,Full time course,Masters,STEM,7,,,never,8,0
city_160,0.92,Male,Has relevent experience,no_enrollment,Graduate,STEM,>20,50-99,Pvt Ltd,>4,39,0
city_21,0.623,Male,Has relevent experience,no_enrollment,Graduate,STEM,4,,,1,23,1
city_16,0.914,Male,Has relevent experience,no_enrollment,Graduate,STEM,>20,500-999,Pvt Ltd,1,12,0
city_114,0.926,Male,Has relevent experience,no_enrollment,Graduate,STEM,19,1000-4999,Pvt Ltd,>4,16,0
city_21,0.623,Male,No relevent experience,Full time course,Graduate,STEM,3,,,never,2,0
city_103,0.909,Male,Has relevent experience,no_enrollment,Graduate,STEM,6,100-500,Pvt Ltd,1,47,0
city_21,0.628,Male,No relevent experience,Full time course,Graduate,STEM,2,,,1,17,0
city_104,0.926,Male,No relevent experience,Full time course,High School,,5,,,never,7,0
city_40,0.76,Male,Has relevent experience,no_enrollment,Masters,STEM,10,1000-4999,Pvt Ltd,>4,55,0
city_21,0.622,Male,No relevent experience,no_enrollment,Graduate,STEM,<1,,,never,19,1
city_61,0.914,Male,Has relevent experience,no_enrollment,Graduate,STEM,>20,,,>4,30,0
city_83,0.925,Male,Has relevent experience,no_enrollment,Graduate,STEM,6,100-500,Pvt Ltd,1,74,0
city_160,0.92,Male,Has relevent experience,no_enrollment,Graduate,STEM,>20,50-99,Pvt Ltd,4,1,0
city_61,0.911,Male,Has relevent experience,no_enrollment,Graduate,STEM,13,10000+,Pvt Ltd,2,36,0
city_103,0.919,Male,Has relevent experience,no_enrollment,Masters,STEM,>20,500-999,Pvt Ltd,1,16,0
city_21,0.918,Male,No relevent experience,no_enrollment,Graduate,STEM,>20,,,>4,29,1
city_21,0.624,Male,No relevent experience,Full time course,Graduate,STEM,4,,,never,43,1
city_16,0.914,Male,No relevent experience,no_enrollment,Masters,STEM,<1,10000+,Pvt Ltd,2,15,0
city_36,0.918,Male,Has relevent experience,no_enrollment,Masters,STEM,>20,100-500,Funded Startup,1,7,0
city_73,0.748,Male,Has relevent experience,no_enrollment,Graduate,STEM,6,100-500,Pvt Ltd,1,14,1
city_21,0.624,Male,No relevent experience,Full time course,High School,,1,50-99,Pvt Ltd,1,33,0
city_140,0.912,Male,No relevent experience,no_enrollment,High School,,1,,,never,28,0
city_104,0.925,Male,Has relevent experience,no_enrollment,High School,,6,,Pvt Ltd,1,21,0
city_21,0.619,Male,Has relevent experience,no_enrollment,Graduate,STEM,<1,50-99,Pvt Ltd,1,15,1
city_21,0.918,Male,Has relevent experience,no_enrollment,Graduate,STEM,7,50-99,Pvt Ltd,1,15,1
city_114,0.924,Male,Has relevent experience,no_enrollment,Graduate,STEM,>20,50-99,Pvt Ltd,>4,11,0
city_160,0.919,Male,Has relevent experience,no_enrollment,Graduate,STEM,13,10000+,Pvt Ltd,1,46,0
city_160,0.91,Male,Has relevent experience,no_enrollment,Graduate,STEM,>20,,,1,28,0
city_103,0.92,Male,Has relevent experience,no_enrollment,Graduate,STEM,>20,100-500,Pvt Ltd,>4,10,0
city_21,0.618,,Has relevent experience,no_enrollment,Graduate,STEM,14,,,4,42,1
city_136,0.925,Male,No relevent experience,no_enrollment,Masters,STEM,>20,100-500,Public Sector,1,25,0
city_99,0.92,Male,Has relevent experience,no_enrollment,Graduate,STEM,>20,100-500,Pvt Ltd,1,10,0
city_103,0.915,Male,No relevent experience,Full time course,Graduate,,3,,,never,14,0
city_21,0.91,,No relevent experience,Full time course,High School,,4,,,1,11,0
city_103,0.92,Male,Has relevent experience,no_enrollment,Graduate,STEM,3,,,1,17,1
city_70,0.7,,No relevent experience,Full time course,High School,,1,,,never,6,0
city_21,0.617,Male,No relevent experience,Full time course,Masters,STEM,1,50-99,Pvt Ltd,1,46,0
city_16,0.866,Male,No relevent experience,Full time course,High School,,3,,,1,12,0
city_160,0.922,Male,Has relevent experience,Full time course,Graduate,STEM,6,50-99,,1,56,0
city_61,0.92,Male,Has relevent experience,no_enrollment,Graduate,STEM,>20,100-500,Pvt Ltd,2,20,0
city_16,0.916,Male,Has relevent experience,no_enrollment,Graduate,STEM,>20,100-500,Pvt Ltd,>4,14,0
city_103,0.922,Male,Has relevent experience,no_enrollment,Graduate,STEM,5,50-99,Pvt Ltd,4,7,1
city_103,0.922,Male,Has relevent experience,no_enrollment,Masters,STEM,>20,100-500,Pvt Ltd,1,15,0
city_40,0.794,Male,Has relevent experience,no_enrollment,Masters,STEM,7,,,1,5,0
city_21,0.626,Male,No relevent experience,no_enrollment,High School,,5,,,never,35,0
city_71,0.882,Male,Has relevent experience,no_enrollment,Graduate,STEM,>20,100-500,Pvt Ltd,>4,8,0
city_21,0.62,Male,No relevent experience,Full time course,Graduate,STEM,4,,,1,46,1
city_101,0.624,Male,No relevent experience,Full time course,Graduate,STEM,2,,,never,52,0
city_160,0.903,Male,Has relevent experience,no_enrollment,Masters,STEM,>20,100-500,Pvt Ltd,>4,26,0
city_21,0.622,,Has relevent experience,no_enrollment,Masters,STEM,7,10000+,Pvt Ltd,1,63,1
city_21,0.918,Male,Has relevent experience,no_enrollment,Graduate,STEM,5,,,1,13,1
city_21,0.551,,Has relevent experience,no_enrollment,Graduate,STEM,7,,Public Sector,>4,78,1
city_40,0.828,Male,Has relevent experience,no_enrollment,Masters,STEM,10,50-99,Pvt Ltd,1,2,0
city_114,0.928,Male,Has relevent experience,no_enrollment,Graduate,STEM,>20,10/49,Pvt Ltd,>4,57,0
city_114,0.92,Male,Has relevent experience,no_enrollment,Graduate,STEM,>20,100-500,Pvt Ltd,1,26,0
city_61,0.916,Male,Has relevent experience,no_enrollment,Graduate,STEM,>20,10/49,Pvt Ltd,>4,22,0
city_114,0.924,Male,No relevent experience,no_enrollment,Masters,STEM,>20,,,1,22,0
city_16,0.92,Male,Has relevent experience,no_enrollment,Masters,STEM,9,10000+,Pvt Ltd,>4,42,0
city_123,0.745,Male,Has relevent experience,Full time course,Graduate,STEM,3,10000+,Pvt Ltd,1,51,0
city_16,0.905,Male,No relevent experience,no_enrollment,,,>20,,,never,19,0
city_74,0.759,Male,Has relevent experience,no_enrollment,Graduate,STEM,6,,,1,18,1
city_136,0.923,Male,No relevent experience,Full time course,High School,STEM,4,,,never,30,0
city_16,0.918,Male,No relevent experience,no_enrollment,Masters,STEM,>20,,,1,14,0
city_36,0.918,Male,Has relevent experience,no_enrollment,Graduate,STEM,>20,100-500,Pvt Ltd,1,7,0
city_16,0.913,Male,Has relevent experience,no_enrollment,Graduate,STEM,>20,500-999,Pvt Ltd,>4,8,0
city_104,0.92,Male,Has relevent experience,no_enrollment,Graduate,STEM,>20,1000-4999,Pvt Ltd,>4,53,0
city_136,0.869,Male,No relevent experience,Full time course,Graduate,STEM,4,100-500,Pvt Ltd,1,34,0
city_152,0.702,,No relevent experience,Full time course,Graduate,STEM,<1,,,never,21,0
city_16,0.917,,No relevent experience,no_enrollment,Phd,STEM,>20,,,2,9,0
city_160,0.911,Male,Has relevent experience,no_enrollment,Graduate,STEM,>20,,,>4,17,0
city_41,0.901,Male,Has relevent experience,no_enrollment,Masters,STEM,9,,,1,20,0
city_75,0.928,Male,Has relevent experience,no_enrollment,Graduate,STEM,>20,50-99,Funded Startup,1,51,0
city_116,0.74,Male,Has relevent experience,no_enrollment,Graduate,STEM,>20,,,1,13,0
city_103,0.92,Male,Has relevent experience,no_enrollment,Graduate,STEM,4,50-99,Pvt Ltd,1,40,0
city_160,0.92,Male,Has relevent experience,no_enrollment,Graduate,STEM,3,,Pvt Ltd,1,15,1
city_100,0.894,Male,No relevent experience,no_enrollment,High School,,5,,,never,9,0
city_136,0.896,Male,No relevent experience,no_enrollment,Masters,STEM,>20,,,2,1,0
city_128,0.615,Male,Has relevent experience,no_enrollment,Graduate,STEM,7,100-500,Pvt Ltd,1,7,1
city_21,0.92,Male,Has relevent experience,no_enrollment,Graduate,STEM,2,50-99,Pvt Ltd,1,4,0
city_11,0.545,Male,No relevent experience,Full time course,Graduate,STEM,2,,Pvt Ltd,1,16,1
city_21,0.623,,Has relevent experience,no_enrollment,Masters,STEM,10,1000-4999,Pvt Ltd,>4,165,1
city_21,0.623,Male,Has relevent experience,no_enrollment,Graduate,STEM,9,10000+,Pvt Ltd,>4,44,0
city_99,0.919,Male,Has relevent experience,no_enrollment,Graduate,STEM,>20,100-500,Funded Startup,1,26,0
city_16,0.914,Male,Has relevent experience,no_enrollment,Graduate,STEM,9,10000+,Pvt Ltd,1,17,0
city_136,0.903,Male,Has relevent experience,no_enrollment,Masters,STEM,>20,10000+,Pvt Ltd,>4,29,0
city_160,0.904,Male,Has relevent experience,no_enrollment,High School,,2,50-99,Pvt Ltd,1,19,0
city_103,0.925,Male,Has relevent experience,no_enrollment,Masters,STEM,>20,<10,,1,21,0
city_16,0.909,Female,Has relevent experience,no_enrollment,Graduate,STEM,14,100-500,NGO,1,64,1
city_72,0.789,,No relevent experience,Full time course,High School,,1,,Pvt Ltd,1,39,0
city_103,0.903,Male,Has relevent experience,no_enrollment,Graduate,STEM,>20,50-99,Pvt Ltd,>4,22,0
city_104,0.925,,No relevent experience,no_enrollment,,,<1,,,never,6,1
city_21,0.918,Male,Has relevent experience,no_enrollment,Graduate,STEM,7,500-999,Pvt Ltd,1,16,1
city_21,0.621,Male,Has relevent experience,no_enrollment,Graduate,STEM,2,,,1,14,1
city_21,0.582,,No relevent experience,Full time course,High School,,3,,Pvt Ltd,never,15,0
city_103,0.914,Male,Has relevent experience,no_enrollment,Graduate,STEM,>20,100-500,Pvt Ltd,2,12,0
city_134,0.755,Male,No relevent experience,no_enrollment,,,>20,,,never,10,0
city_16,0.912,Male,Has relevent experience,no_enrollment,Masters,STEM,15,50-99,Pvt Ltd,1,49,0
city_102,0.84,Male,Has relevent experience,no_enrollment,Masters,STEM,>20,50-99,Pvt Ltd,1,26,0
city_16,0.915,Male,Has relevent experience,no_enrollment,Graduate,STEM,2,10000+,Pvt Ltd,1,44,0
city_142,0.736,Male,Has relevent experience,no_enrollment,Graduate,STEM,6,100-500,Pvt Ltd,1,49,0
city_103,0.844,Male,No relevent experience,no_enrollment,Graduate,STEM,5,,,never,10,0
city_16,0.921,Male,Has relevent experience,no_enrollment,Graduate,STEM,>20,100-500,Pvt Ltd,1,9,0
city_69,0.864,Male,Has relevent experience,no_enrollment,Graduate,STEM,4,50-99,Pvt Ltd,1,35,0
city_114,0.925,Male,Has relevent experience,no_enrollment,Graduate,STEM,9,50-99,Pvt Ltd,4,37,0
city_104,0.931,Male,Has relevent experience,no_enrollment,Graduate,STEM,5,10/49,Pvt Ltd,1,1,1
city_16,0.921,Male,Has relevent experience,no_enrollment,Masters,STEM,6,10000+,Pvt Ltd,1,27,0
city_160,0.918,Male,No relevent experience,no_enrollment,Graduate,STEM,5,,,1,13,1
city_100,0.879,Male,Has relevent experience,no_enrollment,Masters,STEM,>20,,,1,25,0
city_11,0.622,Male,Has relevent experience,no_enrollment,Graduate,STEM,3,10000+,Pvt Ltd,1,22,1
city_118,0.72,Male,Has relevent experience,no_enrollment,Graduate,STEM,6,100-500,Pvt Ltd,1,22,0
city_103,0.92,,No relevent experience,Full time course,Graduate,STEM,6,,,,57,0
city_11,0.56,,Has relevent experience,no_enrollment,Masters,STEM,3,50-99,Pvt Ltd,1,13,1
city_46,0.726,Male,Has relevent experience,no_enrollment,Masters,STEM,>20,,,>4,10,0
city_21,0.62,Male,Has relevent experience,no_enrollment,Graduate,STEM,6,100-500,Pvt Ltd,1,72,0
city_16,0.916,Male,Has relevent experience,no_enrollment,Masters,STEM,9,50-99,Pvt Ltd,1,53,0
city_10,0.916,Male,Has relevent experience,no_enrollment,Masters,STEM,>20,100-500,Pvt Ltd,>4,1,0
city_61,0.915,Male,Has relevent experience,no_enrollment,Masters,STEM,>20,100-500,Pvt Ltd,>4,18,0
city_114,0.925,Male,Has relevent experience,no_enrollment,High School,,>20,,,never,22,0
city_128,0.611,Male,Has relevent experience,no_enrollment,Graduate,STEM,7,1000-4999,Pvt Ltd,1,57,1
city_75,0.865,Male,Has relevent experience,no_enrollment,Masters,STEM,10,,,2,52,0
city_11,0.548,Male,No relevent experience,no_enrollment,Graduate,STEM,6,,,never,57,0
city_103,0.919,Male,Has relevent experience,no_enrollment,Graduate,STEM,>20,100-500,NGO,1,10,0
city_21,0.563,,No relevent experience,Full time course,Graduate,STEM,<1,,,never,14,1
city_99,0.921,Male,Has relevent experience,no_enrollment,Graduate,STEM,4,10000+,Pvt Ltd,1,25,0
city_21,0.914,Male,Has relevent experience,no_enrollment,Graduate,STEM,4,10000+,Pvt Ltd,1,17,1
city_18,0.895,Male,Has relevent experience,no_enrollment,Graduate,STEM,>20,10/49,Pvt Ltd,2,3,0
city_103,0.917,Male,Has relevent experience,no_enrollment,Graduate,STEM,>20,100-500,Pvt Ltd,2,16,0
city_16,0.915,Male,No relevent experience,no_enrollment,Masters,STEM,8,,,1,14,0
city_21,0.624,,No relevent experience,Full time course,High School,,1,50-99,Pvt Ltd,1,11,0
city_16,0.915,Male,Has relevent experience,no_enrollment,Masters,STEM,9,10000+,Pvt Ltd,2,36,0
city_133,0.741,Male,Has relevent experience,no_enrollment,Graduate,STEM,5,100-500,Pvt Ltd,1,46,0
city_21,0.622,,Has relevent experience,no_enrollment,Graduate,STEM,7,10000+,Pvt Ltd,1,67,0
city_136,0.908,Male,Has relevent experience,no_enrollment,Masters,STEM,>20,50-99,Pvt Ltd,1,92,0
city_16,0.92,Male,Has relevent experience,no_enrollment,Graduate,STEM,>20,100-500,Pvt Ltd,1,20,0
city_136,0.897,Male,Has relevent experience,no_enrollment,Masters,STEM,15,100-500,Pvt Ltd,1,95,0
city_19,0.517,Male,No relevent experience,no_enrollment,Graduate,STEM,<1,,,never,11,1
city_100,0.889,Male,Has relevent experience,no_enrollment,High School,,10,50-99,Pvt Ltd,1,15,0
city_71,0.878,Male,Has relevent experience,no_enrollment,Graduate,STEM,10,50-99,Pvt Ltd,1,4,0
city_160,0.918,Male,No relevent experience,Full time course,Graduate,STEM,7,,,1,136,1
city_75,0.937,Male,Has relevent experience,no_enrollment,Masters,STEM,>20,50-99,Pvt Ltd,1,20,0
city_10,0.917,Male,Has relevent experience,no_enrollment,Masters,STEM,>20,100-500,,1,12,0
city_136,0.92,Male,Has relevent experience,no_enrollment,High School,,10,50-99,Pvt Ltd,1,16,0
city_99,0.916,Male,No relevent experience,no_enrollment,Graduate,STEM,9,10000+,Pvt Ltd,1,22,0
city_101,0.558,,No relevent experience,Full time course,Graduate,STEM,3,50-99,Pvt Ltd,1,8,0
city_103,0.917,Male,Has relevent experience,no_enrollment,Masters,STEM,>20,10000+,Pvt Ltd,1,26,0
city_162,0.665,Male,Has relevent experience,no_enrollment,Graduate,STEM,>20,,,never,18,0
city_160,0.921,Male,Has relevent experience,no_enrollment,Graduate,STEM,>20,10/49,Pvt Ltd,>4,13,0
city_67,0.897,Male,Has relevent experience,no_enrollment,Masters,STEM,10,50-99,Pvt Ltd,1,3,0
city_21,0.621,Male,Has relevent experience,no_enrollment,Graduate,STEM,<1,50-99,Pvt Ltd,1,1,1
city_97,0.92,Male,Has relevent experience,no_enrollment,Graduate,STEM,>20,1000-4999,Pvt Ltd,>4,46,0
city_104,0.926,Male,Has relevent experience,no_enrollment,Masters,STEM,9,50-99,Pvt Ltd,1,70,0
city_114,0.919,Male,Has relevent experience,no_enrollment,Graduate,STEM,>20,,,>4,17,0
city_16,0.912,Male,Has relevent experience,no_enrollment,Graduate,STEM,>20,100-500,Pvt Ltd,1,11,0
city_21,0.624,,Has relevent experience,no_enrollment,Masters,,7,50-99,Pvt Ltd,4,17,1
city_160,0.92,Male,No relevent experience,Full time course,Graduate,STEM,4,,,1,48,0
city_74,0.576,Male,Has relevent experience,no_enrollment,Graduate,STEM,6,,,never,25,1
city_61,0.921,Male,Has relevent experience,no_enrollment,Graduate,STEM,>20,,,1,15,0
city_21,0.626,Male,Has relevent experience,no_enrollment,Graduate,STEM,7,100-500,Pvt Ltd,4,61,0
city_104,0.924,Male,No relevent experience,Full time course,Graduate,STEM,5,,,never,31,0
city_36,0.917,Male,Has relevent experience,no_enrollment,Masters,STEM,>20,10000+,Pvt Ltd,1,17,0
city_99,0.92,Male,Has relevent experience,no_enrollment,Graduate,STEM,4,100-500,Pvt Ltd,1,18,0
city_103,0.917,,No relevent experience,no_enrollment,Phd,STEM,>20,,Public Sector,>4,27,1
city_104,0.924,Male,No relevent experience,no_enrollment,Graduate,STEM,3,,,never,6,0
city_21,0.519,Male,Has relevent experience,no_enrollment,Graduate,STEM,5,,,1,26,1
city_75,0.928,Male,Has relevent experience,no_enrollment,Masters,STEM,>20,1000-4999,Pvt Ltd,2,65,0
city_21,0.625,Male,Has relevent experience,no_enrollment,Graduate,STEM,>20,,,>4,71,1
city_16,0.927,Male,Has relevent experience,no_enrollment,Graduate,STEM,5,10000+,Pvt Ltd,1,33,0
city_98,0.935,Male,Has relevent experience,no_enrollment,Masters,STEM,4,50-99,Pvt Ltd,1,37,0
city_21,0.625,,No relevent experience,Full time course,Graduate,STEM,1,,,never,52,0
city_160,0.896,,No relevent experience,Full time course,Graduate,STEM,4,,,,81,1
city_16,0.917,Male,Has relevent experience,no_enrollment,Masters,STEM,>20,50-99,,>4,12,0
city_97,0.923,Male,Has relevent experience,no_enrollment,Graduate,STEM,>20,50-99,Pvt Ltd,>4,23,0
city_16,0.917,Male,No relevent experience,no_enrollment,High School,,3,,,never,13,0
city_16,0.912,Male,Has relevent experience,no_enrollment,Graduate,STEM,7,50-99,Pvt Ltd,2,5,0
city_89,0.92,Male,Has relevent experience,no_enrollment,Graduate,STEM,5,50-99,Pvt Ltd,1,4,0
city_99,0.916,Male,Has relevent experience,no_enrollment,Graduate,STEM,>20,500-999,Pvt Ltd,1,32,0
city_90,0.708,,No relevent experience,Full time course,Graduate,STEM,3,10/49,Pvt Ltd,1,41,0
city_21,0.622,Male,Has relevent experience,no_enrollment,Graduate,STEM,7,50-99,Pvt Ltd,1,71,1
city_16,0.908,Male,No relevent experience,no_enrollment,High School,,<1,,,never,5,0
city_103,0.921,Male,Has relevent experience,no_enrollment,Graduate,STEM,5,100-500,Pvt Ltd,1,13,0
city_160,0.922,Male,Has relevent experience,no_enrollment,Masters,STEM,19,10000+,Pvt Ltd,4,71,0
city_16,0.914,Male,Has relevent experience,no_enrollment,Graduate,STEM,>20,100-500,Pvt Ltd,>4,1,0
city_16,0.913,Male,Has relevent experience,no_enrollment,Graduate,STEM,>20,,,>4,27,1
city_104,0.924,Male,No relevent experience,Full time course,Graduate,STEM,7,,,1,10,1
city_16,0.916,Male,No relevent experience,no_enrollment,High School,,<1,,Pvt Ltd,1,23,0
city_21,0.619,Male,Has relevent experience,no_enrollment,Graduate,STEM,5,10/49,Early Stage Startup,1,27,1
city_99,0.919,Male,Has relevent experience,no_enrollment,Graduate,STEM,4,50-99,Pvt Ltd,1,25,0
city_103,0.922,Male,Has relevent experience,no_enrollment,High School,,9,10000+,Pvt Ltd,1,2,0
city_136,0.897,Male,Has relevent experience,no_enrollment,Masters,STEM,>20,10000+,Pvt Ltd,>4,19,0
city_100,0.894,Male,Has relevent experience,no_enrollment,High School,,>20,,,1,37,0
city_103,0.928,Male,No relevent experience,Full time course,High School,,5,,,never,19,0
city_83,0.924,Male,Has relevent experience,Full time course,Masters,STEM,4,50-99,Pvt Ltd,1,36,0
city_103,0.919,Male,No relevent experience,no_enrollment,High School,,3,,,never,27,0
city_16,0.904,Male,Has relevent experience,no_enrollment,High School,,>20,100-500,Pvt Ltd,>4,15,0
city_16,0.914,Male,Has relevent experience,no_enrollment,Masters,STEM,>20,10000+,Pvt Ltd,>4,40,0
city_21,0.702,Male,No relevent experience,Full time course,Graduate,STEM,2,,,1,49,0
city_21,0.625,Male,No relevent experience,no_enrollment,Graduate,STEM,<1,,,1,34,1
city_104,0.92,Male,Has relevent experience,no_enrollment,Graduate,STEM,>20,50-99,Pvt Ltd,>4,44,0
city_136,0.906,Male,Has relevent experience,no_enrollment,Graduate,STEM,11,100-500,Pvt Ltd,1,4,0
city_103,0.92,Male,No relevent experience,no_enrollment,High School,,6,,,never,19,0
city_97,0.921,,Has relevent experience,no_enrollment,Masters,STEM,19,,,>4,46,0
city_160,0.923,Male,No relevent experience,no_enrollment,Graduate,STEM,<1,,,>4,2,1
city_11,0.616,Male,Has relevent experience,no_enrollment,Graduate,STEM,7,,,1,57,1
city_160,0.922,Male,Has relevent experience,no_enrollment,Graduate,STEM,>20,50-99,Pvt Ltd,>4,35,0
city_103,0.93,Male,Has relevent experience,no_enrollment,High School,,6,10/49,Pvt Ltd,2,24,0
city_114,0.921,Male,No relevent experience,no_enrollment,Masters,STEM,>20,,,never,11,0
city_103,0.919,Male,Has relevent experience,no_enrollment,Graduate,STEM,>20,10000+,Pvt Ltd,1,13,0
city_21,0.92,Male,Has relevent experience,no_enrollment,Graduate,STEM,7,10000+,Pvt Ltd,1,21,1
city_91,0.695,,Has relevent experience,Full time course,High School,,<1,,,1,8,0
city_21,0.623,Male,No relevent experience,Full time course,Graduate,STEM,2,,,1,20,1
city_107,0.623,,Has relevent experience,Full time course,Graduate,STEM,3,50-99,Pvt Ltd,1,15,1
city_115,0.766,Male,Has relevent experience,no_enrollment,Graduate,STEM,>20,,,>4,14,1
city_21,0.624,Male,No relevent experience,Full time course,Graduate,STEM,3,,Pvt Ltd,1,35,1
city_67,0.907,Male,Has relevent experience,no_enrollment,Masters,STEM,>20,,,2,5,0
city_11,0.544,,Has relevent experience,Full time course,Masters,STEM,7,50-99,Pvt Ltd,1,23,0
city_136,0.91,Male,Has relevent experience,no_enrollment,Graduate,STEM,>20,100-500,Pvt Ltd,1,18,0
city_160,0.92,Male,Has relevent experience,no_enrollment,Graduate,STEM,5,10/49,Pvt Ltd,1,11,0
city_155,0.569,,Has relevent experience,no_enrollment,Graduate,STEM,6,50-99,Pvt Ltd,1,33,1
city_103,0.921,,No relevent experience,Full time course,Graduate,STEM,4,,,1,35,0
city_104,0.901,Male,Has relevent experience,no_enrollment,Masters,STEM,>20,10000+,Pvt Ltd,>4,77,0
city_72,0.771,,Has relevent experience,Full time course,Masters,,8,50-99,Pvt Ltd,1,26,0
city_16,0.916,Male,Has relevent experience,no_enrollment,Graduate,STEM,9,100-500,Pvt Ltd,1,32,0
city_98,0.939,Male,Has relevent experience,no_enrollment,Masters,STEM,>20,,Pvt Ltd,2,56,0
city_19,0.684,Male,Has relevent experience,no_enrollment,Graduate,STEM,6,10/49,Pvt Ltd,1,41,0
city_103,0.915,Male,Has relevent experience,no_enrollment,Graduate,STEM,4,<10,Early Stage Startup,1,10,0
city_160,0.629,Male,Has relevent experience,no_enrollment,Graduate,STEM,5,10000+,Pvt Ltd,2,27,0
city_114,0.922,Male,Has relevent experience,no_enrollment,High School,,9,50-99,Pvt Ltd,1,11,0
city_16,0.911,Male,Has relevent experience,no_enrollment,Graduate,STEM,9,,,1,12,1
city_21,0.622,Male,Has relevent experience,Full time course,Graduate,STEM,4,50-99,Early Stage Startup,1,49,0
city_103,0.92,Male,Has relevent experience,no_enrollment,Graduate,STEM,10,50-99,Pvt Ltd,1,11,0
city_21,0.623,Male,Has relevent experience,no_enrollment,Graduate,STEM,5,100-500,Pvt Ltd,2,12,0
city_16,0.914,Male,Has relevent experience,no_enrollment,Graduate,STEM,>20,10/49,Pvt Ltd,1,14,0
city_123,0.742,Male,No relevent experience,Full time course,Graduate,STEM,3,100-500,Pvt Ltd,1,10,1
city_71,0.887,Male,Has relevent experience,no_enrollment,Graduate,STEM,5,100-500,Pvt Ltd,1,11,0
city_21,0.911,Male,Has relevent experience,no_enrollment,Graduate,STEM,4,10000+,Pvt Ltd,1,49,0
city_138,0.857,Male,No relevent experience,no_enrollment,High School,,3,,,never,11,0
city_104,0.922,Male,Has relevent experience,no_enrollment,Masters,STEM,>20,100-500,Funded Startup,>4,16,0
city_160,0.903,Male,Has relevent experience,no_enrollment,Graduate,STEM,9,100-500,Pvt Ltd,4,22,0
city_67,0.892,Male,No relevent experience,no_enrollment,High School,,2,,,1,23,0
city_21,0.623,,No relevent experience,Full time course,Graduate,STEM,2,,,never,11,0
city_103,0.93,Male,No relevent experience,no_enrollment,High School,,7,,,1,1,0
city_160,0.911,Male,Has relevent experience,Full time course,High School,,7,10000+,Pvt Ltd,1,19,0
city_128,0.616,Male,Has relevent experience,no_enrollment,Graduate,STEM,<1,,Pvt Ltd,1,13,1
city_21,0.622,Male,Has relevent experience,no_enrollment,Graduate,STEM,7,10000+,Pvt Ltd,>4,49,0
city_103,0.873,Male,No relevent experience,no_enrollment,,,<1,,,never,6,0
city_160,0.919,Male,Has relevent experience,no_enrollment,Graduate,STEM,10,50-99,Pvt Ltd,>4,29,0
city_97,0.925,Male,No relevent experience,no_enrollment,Masters,STEM,6,10000+,Pvt Ltd,1,21,0
city_18,0.727,Male,Has relevent experience,no_enrollment,Graduate,STEM,7,,,1,1,0
city_160,0.9,Male,No relevent experience,Full time course,Graduate,STEM,3,,,1,17,0
city_65,0.789,Male,No relevent experience,Full time course,High School,,2,,,1,21,0
city_103,0.919,Male,Has relevent experience,no_enrollment,Masters,STEM,9,10000+,Pvt Ltd,1,44,0
city_67,0.794,Male,Has relevent experience,no_enrollment,Masters,STEM,>20,50-99,Pvt Ltd,>4,77,0
city_100,0.887,Male,Has relevent experience,no_enrollment,Graduate,STEM,>20,50-99,Pvt Ltd,1,1,0
city_141,0.726,Male,Has relevent experience,no_enrollment,Graduate,STEM,10,10000+,Pvt Ltd,>4,25,0
city_102,0.888,Male,Has relevent experience,Full time course,Masters,STEM,8,50-99,Funded Startup,1,107,0
city_21,0.621,Male,Has relevent experience,no_enrollment,Graduate,STEM,4,50-99,Pvt Ltd,1,19,1
city_103,0.88,Male,Has relevent experience,no_enrollment,Masters,STEM,>20,500-999,Pvt Ltd,>4,15,0
city_67,0.757,Male,Has relevent experience,no_enrollment,High School,,8,100-500,Pvt Ltd,1,23,0
city_103,0.622,Male,Has relevent experience,no_enrollment,Graduate,STEM,5,50-99,Pvt Ltd,1,17,0
city_67,0.843,Male,Has relevent experience,no_enrollment,Masters,STEM,10,10000+,Pvt Ltd,1,30,0
city_116,0.724,Male,Has relevent experience,no_enrollment,Graduate,STEM,6,100-500,Pvt Ltd,1,8,0
city_173,0.866,Male,Has relevent experience,no_enrollment,Masters,,>20,50-99,,>4,16,0
city_114,0.923,Male,Has relevent experience,no_enrollment,Graduate,STEM,11,<10,Funded Startup,1,11,0
city_103,0.922,Male,Has relevent experience,no_enrollment,Masters,STEM,15,50-99,Pvt Ltd,1,19,0
city_149,0.662,Male,Has relevent experience,no_enrollment,Graduate,STEM,5,10/49,Pvt Ltd,1,35,0
city_136,0.924,Male,Has relevent experience,no_enrollment,Masters,STEM,>20,100-500,Pvt Ltd,1,16,0
city_160,0.919,Male,Has relevent experience,no_enrollment,Masters,STEM,>20,10000+,Pvt Ltd,>4,40,0
city_103,0.626,,Has relevent experience,no_enrollment,Masters,STEM,7,50-99,Pvt Ltd,1,114,1
city_67,0.858,Male,Has relevent experience,no_enrollment,Graduate,STEM,5,10000+,Pvt Ltd,1,40,0
city_36,0.896,Male,Has relevent experience,no_enrollment,Graduate,STEM,6,100-500,Pvt Ltd,1,27,0
city_160,0.922,Male,Has relevent experience,Full time course,Graduate,STEM,4,,,1,95,0
city_104,0.923,Male,No relevent experience,Full time course,High School,,5,,,never,32,0
city_83,0.92,Male,Has relevent experience,no_enrollment,Graduate,STEM,15,100-500,Pvt Ltd,4,76,0
city_134,0.715,,No relevent experience,Full time course,Graduate,STEM,4,,,1,32,1
city_114,0.927,Male,No relevent experience,Full time course,Masters,STEM,3,,,1,10,0
city_21,0.92,Male,Has relevent experience,no_enrollment,Graduate,STEM,10,50-99,Pvt Ltd,4,15,1
city_136,0.903,Male,Has relevent experience,no_enrollment,High School,,8,100-500,Pvt Ltd,1,14,0
city_142,0.728,Male,Has relevent experience,no_enrollment,Graduate,STEM,9,50-99,Pvt Ltd,1,71,0
city_103,0.92,Male,Has relevent experience,no_enrollment,Graduate,STEM,5,50-99,Pvt Ltd,1,29,0
city_67,0.82,Male,Has relevent experience,no_enrollment,Graduate,STEM,11,,,1,26,0
city_160,0.919,Male,Has relevent experience,no_enrollment,Graduate,STEM,>20,,,>4,15,1
city_100,0.884,Male,Has relevent experience,Full time course,High School,,8,10000+,Pvt Ltd,1,7,0
city_16,0.904,Male,Has relevent experience,no_enrollment,Masters,STEM,10,10000+,Pvt Ltd,1,35,0
city_160,0.92,Male,Has relevent experience,no_enrollment,Graduate,STEM,>20,100-500,Pvt Ltd,>4,49,0
city_103,0.918,Male,No relevent experience,no_enrollment,Graduate,STEM,>20,,,>4,43,1
city_61,0.917,Male,Has relevent experience,no_enrollment,Graduate,STEM,>20,100-500,Pvt Ltd,>4,7,0
city_102,0.805,Male,Has relevent experience,no_enrollment,Masters,STEM,>20,100-500,Pvt Ltd,>4,116,0
city_101,0.737,,No relevent experience,Full time course,Graduate,STEM,3,,Pvt Ltd,1,24,1
city_26,0.777,Male,No relevent experience,no_enrollment,High School,,2,,Pvt Ltd,1,20,0
city_114,0.926,Male,No relevent experience,no_enrollment,Masters,STEM,6,,,1,15,0
city_43,0.685,Male,Has relevent experience,Full time course,Graduate,STEM,4,,,1,34,1
city_103,0.92,Male,Has relevent experience,no_enrollment,Graduate,STEM,4,50-99,Pvt Ltd,1,11,1
city_160,0.908,Male,Has relevent experience,no_enrollment,Graduate,STEM,>20,,,>4,1,0
city_83,0.92,Male,Has relevent experience,no_enrollment,Graduate,STEM,>20,50-99,Pvt Ltd,>4,15,0
city_46,0.717,Male,Has relevent experience,no_enrollment,Masters,STEM,10,1000-4999,Public Sector,2,4,1
city_138,0.838,Male,No relevent experience,no_enrollment,Masters,STEM,8,,Public Sector,1,6,0
city_16,0.919,Male,Has relevent experience,no_enrollment,Graduate,STEM,>20,,,1,13,1
city_16,0.915,Male,Has relevent experience,no_enrollment,Masters,STEM,8,100-500,Pvt Ltd,1,27,0
city_21,0.502,,No relevent experience,no_enrollment,Graduate,STEM,<1,1000-4999,Public Sector,>4,45,1
city_160,0.919,Male,Has relevent experience,no_enrollment,Graduate,STEM,5,10000+,Pvt Ltd,1,18,0
city_64,0.674,Male,Has relevent experience,no_enrollment,Graduate,STEM,12,10/49,Pvt Ltd,1,13,0
city_74,0.567,,No relevent experience,Full time course,Graduate,STEM,<1,,,never,17,1
city_128,0.544,Male,Has relevent experience,no_enrollment,Graduate,STEM,7,,,1,64,1
city_21,0.625,,Has relevent experience,no_enrollment,Masters,STEM,3,50-99,Pvt Ltd,1,8,0
city_16,0.916,Male,Has relevent experience,no_enrollment,Graduate,STEM,7,50-99,Pvt Ltd,1,1,0
city_21,0.619,Male,Has relevent experience,no_enrollment,Graduate,STEM,7,50-99,Pvt Ltd,1,23,0
city_160,0.92,Male,No relevent experience,Full time course,High School,,3,,Pvt Ltd,never,13,0
city_136,0.914,Male,Has relevent experience,no_enrollment,Masters,STEM,6,10000+,Pvt Ltd,1,44,0
city_114,0.923,Male,No relevent experience,Full time course,Masters,,6,,,1,51,0
city_21,0.625,Male,Has relevent experience,no_enrollment,Graduate,STEM,7,10000+,Pvt Ltd,4,43,0
city_61,0.922,Male,Has relevent experience,no_enrollment,Graduate,STEM,>20,1000-4999,Pvt Ltd,>4,20,0
city_103,0.924,Male,No relevent experience,no_enrollment,Phd,STEM,>20,,Public Sector,>4,28,0
city_16,0.911,Male,Has relevent experience,no_enrollment,Graduate,STEM,>20,,Public Sector,>4,23,1
city_136,0.899,Male,Has relevent experience,no_enrollment,Masters,STEM,>20,100-500,Pvt Ltd,>4,101,0
city_11,0.617,,No relevent experience,Full time course,Masters,STEM,1,50-99,Pvt Ltd,1,32,0
city_21,0.62,Male,Has relevent experience,no_enrollment,Graduate,STEM,7,100-500,Pvt Ltd,2,9,1
city_73,0.749,Male,Has relevent experience,no_enrollment,Graduate,STEM,>20,100-500,Pvt Ltd,>4,13,0
city_16,0.914,,No relevent experience,Full time course,Graduate,STEM,1,,,1,26,0
city_36,0.891,Male,Has relevent experience,no_enrollment,Graduate,STEM,>20,100-500,Pvt Ltd,>4,3,0
city_75,0.929,Male,No relevent experience,no_enrollment,High School,,5,,,never,16,0
city_99,0.916,Male,No relevent experience,Full time course,High School,,1,,,1,24,0
city_21,0.92,Male,Has relevent experience,no_enrollment,Graduate,STEM,7,10000+,Pvt Ltd,4,166,1
city_114,0.924,Male,Has relevent experience,no_enrollment,Graduate,STEM,>20,10000+,Pvt Ltd,1,58,0
city_72,0.771,Male,No relevent experience,Full time course,Graduate,STEM,2,10/49,Pvt Ltd,1,60,0
city_11,0.548,Male,Has relevent experience,no_enrollment,Graduate,STEM,3,50-99,Pvt Ltd,1,36,0
city_83,0.624,Male,No relevent experience,no_enrollment,Graduate,STEM,<1,,,1,19,1
city_152,0.771,Male,Has relevent experience,no_enrollment,Graduate,STEM,>20,50-99,Pvt Ltd,>4,96,0
city_90,0.693,Male,No relevent experience,no_enrollment,Graduate,STEM,10,,,1,13,0
city_103,0.916,Male,No relevent experience,no_enrollment,Graduate,STEM,9,10000+,Pvt Ltd,3,23,0
city_160,0.922,Male,No relevent experience,no_enrollment,,,>20,,,never,61,1
city_101,0.565,Male,Has relevent experience,no_enrollment,Graduate,STEM,6,50-99,Early Stage Startup,1,9,1
city_90,0.711,,No relevent experience,Full time course,Graduate,STEM,8,,,1,17,0
city_40,0.766,Male,Has relevent experience,no_enrollment,Masters,STEM,10,50-99,Pvt Ltd,1,30,0
city_21,0.622,Male,No relevent experience,no_enrollment,High School,,4,,,1,19,0
city_160,0.92,Male,Has relevent experience,no_enrollment,Graduate,STEM,>20,1000-4999,Pvt Ltd,>4,63,0
city_41,0.831,,No relevent experience,Full time course,High School,,<1,,,never,1,0
city_128,0.529,Male,Has relevent experience,no_enrollment,Graduate,STEM,4,50-99,Pvt Ltd,1,37,1
city_61,0.923,Male,Has relevent experience,no_enrollment,Masters,STEM,>20,10000+,Pvt Ltd,1,44,0
city_103,0.92,Male,Has relevent experience,no_enrollment,Masters,STEM,>20,,,>4,19,0
city_158,0.719,Male,Has relevent experience,no_enrollment,Graduate,STEM,5,100-500,Pvt Ltd,1,42,0
city_102,0.793,Male,Has relevent experience,no_enrollment,Graduate,STEM,10,100-500,Pvt Ltd,1,53,0
city_74,0.732,,Has relevent experience,Full time course,Graduate,STEM,3,50-99,Pvt Ltd,1,49,0
city_74,0.622,Male,Has relevent experience,no_enrollment,Graduate,STEM,3,10/49,Pvt Ltd,1,8,1
city_21,0.623,Male,No relevent experience,no_enrollment,High School,,2,,,never,31,0
city_160,0.904,Male,Has relevent experience,no_enrollment,Graduate,STEM,>20,10/49,Pvt Ltd,>4,7,0
city_103,0.917,Male,No relevent experience,Full time course,Graduate,STEM,5,,,1,25,1
city_123,0.738,Male,Has relevent experience,no_enrollment,Graduate,STEM,6,100-500,Pvt Ltd,1,14,0
city_160,0.919,,No relevent experience,no_enrollment,Graduate,STEM,8,10000+,Pvt Ltd,1,33,0
city_16,0.883,,No relevent experience,Full time course,High School,,2,10000+,Pvt Ltd,1,15,0
city_18,0.827,Male,Has relevent experience,no_enrollment,Graduate,STEM,>20,10/49,Funded Startup,>4,2,1
city_102,0.79,Male,No relevent experience,Full time course,High School,,2,,,never,14,0
city_160,0.922,Male,No relevent experience,Full time course,High School,STEM,2,50-99,Pvt Ltd,1,48,0
city_103,0.919,Male,Has relevent experience,no_enrollment,Masters,STEM,>20,100-500,Pvt Ltd,>4,66,0
city_71,0.916,Male,Has relevent experience,no_enrollment,Graduate,STEM,>20,100-500,Pvt Ltd,>4,19,0
city_103,0.912,Male,No relevent experience,no_enrollment,Masters,STEM,>20,,,1,12,0
city_21,0.912,Male,Has relevent experience,Full time course,Graduate,STEM,4,50-99,Early Stage Startup,1,30,0
city_65,0.843,Male,No relevent experience,Full time course,High School,,3,,,1,11,0
city_16,0.917,Male,No relevent experience,no_enrollment,Graduate,STEM,>20,100-500,Public Sector,1,19,0
city_16,0.916,Male,Has relevent experience,no_enrollment,Graduate,STEM,>20,50-99,Pvt Ltd,2,2,0
city_50,0.85,Male,No relevent experience,no_enrollment,Graduate,STEM,>20,,,never,19,0
city_21,0.606,Male,No relevent experience,Full time course,Graduate,,4,,,never,12,1
city_89,0.926,Male,Has relevent experience,no_enrollment,Graduate,STEM,>20,100-500,Pvt Ltd,4,9,0
city_90,0.707,Male,Has relevent experience,Full time course,Graduate,STEM,3,50-99,Pvt Ltd,1,5,0
city_61,0.922,Male,No relevent experience,no_enrollment,Phd,STEM,>20,,Public Sector,>4,4,0
city_21,0.623,Male,Has relevent experience,no_enrollment,Graduate,STEM,10,10/49,Pvt Ltd,1,22,1
city_103,0.921,Male,No relevent experience,no_enrollment,High School,,6,,,1,24,0
city_65,0.798,Male,Has relevent experience,no_enrollment,Graduate,STEM,>20,100-500,Pvt Ltd,>4,10,0
city_23,0.905,Male,Has relevent experience,no_enrollment,High School,,>20,10000+,Pvt Ltd,>4,26,0
city_67,0.854,Male,No relevent experience,no_enrollment,High School,,3,,,never,26,0
city_114,0.907,Male,Has relevent experience,no_enrollment,Graduate,STEM,>20,,,>4,28,0
city_103,0.916,Male,Has relevent experience,no_enrollment,Graduate,STEM,>20,10000+,Pvt Ltd,2,20,0
city_103,0.921,Male,No relevent experience,no_enrollment,,,>20,,,>4,20,0
city_102,0.73,Male,Has relevent experience,no_enrollment,Graduate,STEM,9,100-500,Pvt Ltd,1,45,0
city_103,0.916,Male,Has relevent experience,no_enrollment,Graduate,STEM,4,50-99,Pvt Ltd,1,8,0
city_16,0.917,Male,No relevent experience,Full time course,Graduate,STEM,4,,,1,17,0
city_104,0.926,Male,Has relevent experience,no_enrollment,Graduate,STEM,5,100-500,Pvt Ltd,1,16,0
city_104,0.926,Male,Has relevent experience,no_enrollment,Graduate,STEM,11,10/49,Pvt Ltd,2,11,0
city_61,0.921,Male,Has relevent experience,no_enrollment,Graduate,STEM,>20,500-999,Pvt Ltd,1,27,0
city_149,0.649,,No relevent experience,Full time course,High School,,1,,,never,13,1
city_61,0.911,Male,Has relevent experience,no_enrollment,Graduate,STEM,13,100-500,Pvt Ltd,1,54,0
city_53,0.731,Male,Has relevent experience,no_enrollment,Graduate,STEM,>20,1000-4999,Pvt Ltd,>4,63,0
city_16,0.91,Male,No relevent experience,no_enrollment,Masters,STEM,1,10000+,Pvt Ltd,1,52,0
city_100,0.888,Male,Has relevent experience,no_enrollment,High School,,>20,10000+,Pvt Ltd,>4,26,0
city_103,0.92,Male,Has relevent experience,no_enrollment,Graduate,STEM,5,1000-4999,Pvt Ltd,4,46,0
city_16,0.916,Male,Has relevent experience,no_enrollment,Masters,STEM,>20,10000+,Pvt Ltd,1,5,0
city_2,0.806,Male,No relevent experience,no_enrollment,Graduate,STEM,4,,,1,14,0
city_21,0.624,,No relevent experience,Full time course,Graduate,STEM,4,,,1,43,1
city_21,0.629,Male,No relevent experience,Full time course,Graduate,STEM,<1,,,never,16,1
city_40,0.783,Male,Has relevent experience,no_enrollment,Masters,STEM,7,,,1,29,0
city_150,0.815,Male,Has relevent experience,no_enrollment,Graduate,STEM,3,50-99,Pvt Ltd,1,11,0
city_160,0.913,Male,Has relevent experience,no_enrollment,Graduate,STEM,6,100-500,Pvt Ltd,1,50,0
city_103,0.92,Male,Has relevent experience,no_enrollment,Graduate,STEM,4,50-99,Pvt Ltd,1,40,0
city_21,0.625,Male,No relevent experience,Full time course,Graduate,STEM,2,,,1,15,0
city_36,0.895,Male,Has relevent experience,no_enrollment,Graduate,STEM,6,100-500,Pvt Ltd,1,54,0
city_103,0.918,Male,Has relevent experience,no_enrollment,Graduate,STEM,9,10000+,Pvt Ltd,3,21,0
city_160,0.92,Male,Has relevent experience,no_enrollment,Graduate,STEM,>20,,,1,23,1
city_21,0.919,Male,Has relevent experience,no_enrollment,Graduate,STEM,4,10000+,Pvt Ltd,1,21,0
city_103,0.93,Male,Has relevent experience,no_enrollment,Masters,STEM,19,,,>4,61,0
city_16,0.922,Male,Has relevent experience,no_enrollment,Graduate,STEM,13,100-500,Pvt Ltd,2,8,0
city_67,0.761,Male,No relevent experience,Full time course,Masters,STEM,4,,,1,1,0
city_138,0.806,Male,No relevent experience,no_enrollment,High School,,<1,,,never,97,0
city_102,0.754,,No relevent experience,Full time course,High School,,4,,,1,15,0
city_16,0.909,Male,No relevent experience,Full time course,High School,,4,,,1,13,0
city_136,0.929,Male,Has relevent experience,no_enrollment,Masters,STEM,>20,100-500,Pvt Ltd,1,6,0
city_136,0.928,Male,Has relevent experience,no_enrollment,Masters,STEM,8,50-99,,1,62,0
city_160,0.918,Male,Has relevent experience,no_enrollment,Graduate,STEM,5,100-500,Pvt Ltd,1,50,0
city_21,0.621,Male,Has relevent experience,no_enrollment,Graduate,STEM,7,10/49,Pvt Ltd,1,26,1
city_16,0.914,Male,Has relevent experience,Full time course,Graduate,STEM,4,50-99,Pvt Ltd,1,51,0
city_75,0.918,Male,Has relevent experience,no_enrollment,Masters,STEM,>20,1000-4999,Pvt Ltd,1,15,0
city_136,0.9,Male,No relevent experience,Full time course,Masters,STEM,2,100-500,Pvt Ltd,1,17,0
city_142,0.888,Male,Has relevent experience,no_enrollment,Graduate,STEM,5,100-500,Pvt Ltd,1,53,0
city_23,0.919,Male,Has relevent experience,no_enrollment,,,9,,Pvt Ltd,2,23,0
city_61,0.919,Male,Has relevent experience,no_enrollment,Masters,STEM,>20,1000-4999,Pvt Ltd,>4,11,0
city_21,0.619,,No relevent experience,Full time course,Graduate,STEM,1,,,never,35,1
city_114,0.925,Male,Has relevent experience,no_enrollment,Graduate,STEM,11,50-99,,1,26,0
city_13,0.861,Male,No relevent experience,no_enrollment,,,<1,,,never,11,0
city_16,0.917,Male,Has relevent experience,no_enrollment,Masters,STEM,>20,,,>4,11,0
city_16,0.91,Male,No relevent experience,no_enrollment,Graduate,STEM,<1,,Public Sector,1,4,1
city_160,0.918,Male,Has relevent experience,no_enrollment,Graduate,STEM,5,100-500,Pvt Ltd,1,8,0
city_21,0.614,Male,Has relevent experience,no_enrollment,Graduate,STEM,17,10/49,Pvt Ltd,>4,20,1
city_105,0.792,Male,Has relevent experience,no_enrollment,Graduate,STEM,13,100-500,Pvt Ltd,2,31,0
city_116,0.738,Male,Has relevent experience,Full time course,Graduate,STEM,3,100-500,Pvt Ltd,1,53,0
city_114,0.922,,No relevent experience,Full time course,High School,,4,,,1,41,0
city_21,0.623,Male,Has relevent experience,no_enrollment,Graduate,STEM,4,50-99,Early Stage Startup,1,13,0
city_21,0.619,Male,Has relevent experience,no_enrollment,Graduate,STEM,5,10000+,Pvt Ltd,1,43,0
city_160,0.924,Male,No relevent experience,Full time course,High School,STEM,5,50-99,Pvt Ltd,1,13,0
city_16,0.912,Male,Has relevent experience,no_enrollment,Graduate,STEM,>20,10000+,Pvt Ltd,>4,60,0
city_21,0.523,Male,No relevent experience,no_enrollment,Graduate,,<1,,,never,43,1
city_73,0.768,Male,Has relevent experience,no_enrollment,Graduate,STEM,14,10/49,,1,26,0
city_152,0.741,Male,Has relevent experience,no_enrollment,Graduate,STEM,6,100-500,Pvt Ltd,1,69,0
city_116,0.717,Male,Has relevent experience,no_enrollment,Graduate,STEM,6,<10,Pvt Ltd,1,16,0
city_136,0.917,Male,Has relevent experience,no_enrollment,Graduate,STEM,8,100-500,Pvt Ltd,1,15,0
city_21,0.624,,No relevent experience,Full time course,Graduate,STEM,4,,,never,20,1
city_61,0.917,Male,Has relevent experience,no_enrollment,Graduate,STEM,>20,100-500,Pvt Ltd,>4,35,0
city_36,0.896,Male,Has relevent experience,no_enrollment,Masters,STEM,>20,<10,Pvt Ltd,>4,2,0
city_20,0.796,Male,Has relevent experience,no_enrollment,Graduate,STEM,9,10000+,Pvt Ltd,2,48,0
city_21,0.512,,No relevent experience,Full time course,Graduate,STEM,4,50-99,Pvt Ltd,1,25,0
city_103,0.922,Male,Has relevent experience,no_enrollment,Graduate,STEM,5,100-500,Pvt Ltd,1,44,0
city_21,0.623,Male,Has relevent experience,no_enrollment,Graduate,STEM,5,100-500,Pvt Ltd,2,41,0
city_16,0.624,Male,Has relevent experience,no_enrollment,Graduate,STEM,9,10000+,Pvt Ltd,1,19,0
city_28,0.931,Male,Has relevent experience,no_enrollment,Masters,,10,10000+,Pvt Ltd,>4,43,0
city_104,0.921,Male,Has relevent experience,no_enrollment,Masters,STEM,>20,,,>4,20,0
city_162,0.77,Male,Has relevent experience,no_enrollment,Graduate,STEM,5,50-99,Pvt Ltd,1,7,0
city_103,0.918,,No relevent experience,no_enrollment,High School,,6,,,,35,0
city_57,0.862,Male,Has relevent experience,no_enrollment,Graduate,STEM,4,50-99,Pvt Ltd,1,17,0
city_41,0.838,,No relevent experience,Full time course,High School,,4,,,1,10,1
city_100,0.882,Male,Has relevent experience,no_enrollment,Graduate,STEM,>20,50-99,Pvt Ltd,>4,16,0
city_152,0.761,,No relevent experience,Full time course,Graduate,STEM,3,,,1,20,0
city_21,0.625,Male,No relevent experience,Full time course,Graduate,STEM,4,50-99,Pvt Ltd,1,32,0
city_83,0.92,Male,Has relevent experience,no_enrollment,Graduate,STEM,5,100-500,Pvt Ltd,1,17,0
city_67,0.859,Male,Has relevent experience,no_enrollment,Graduate,STEM,>20,,,1,7,0
city_61,0.922,Male,Has relevent experience,no_enrollment,Masters,STEM,>20,100-500,Funded Startup,1,17,0
city_16,0.916,Male,Has relevent experience,no_enrollment,Graduate,STEM,>20,10/49,Pvt Ltd,1,19,0
city_160,0.624,Male,Has relevent experience,no_enrollment,Graduate,STEM,4,50-99,Pvt Ltd,1,15,0
city_136,0.913,Male,No relevent experience,Full time course,High School,,2,10000+,Pvt Ltd,1,36,0
city_11,0.555,,Has relevent experience,no_enrollment,Masters,STEM,<1,,,,53,1
city_24,0.701,,No relevent experience,Full time course,Masters,STEM,3,50-99,Pvt Ltd,1,1,0
city_103,0.904,Male,Has relevent experience,no_enrollment,Graduate,STEM,11,,,1,25,1
city_21,0.919,Male,No relevent experience,no_enrollment,,,3,,,never,15,0
city_102,0.791,Male,No relevent experience,no_enrollment,High School,,2,,,never,10,0
city_149,0.688,Male,Has relevent experience,no_enrollment,Graduate,STEM,5,100-500,Pvt Ltd,1,40,0
city_104,0.925,Male,No relevent experience,Full time course,Graduate,STEM,2,10000+,Pvt Ltd,1,44,0
city_73,0.712,Male,Has relevent experience,no_enrollment,Masters,STEM,15,,,1,21,0
city_149,0.692,Male,No relevent experience,Full time course,High School,,2,50-99,Pvt Ltd,1,8,0
city_100,0.886,Male,Has relevent experience,no_enrollment,High School,,8,50-99,Pvt Ltd,1,10,0
city_61,0.92,Male,Has relevent experience,no_enrollment,Graduate,STEM,2,10000+,Pvt Ltd,1,28,0
city_150,0.707,Male,Has relevent experience,no_enrollment,Masters,STEM,15,100-500,Pvt Ltd,>4,57,0
city_23,0.911,Male,No relevent experience,no_enrollment,Primary School,,3,,,never,17,0
city_16,0.921,Male,No relevent experience,no_enrollment,High School,,>20,10000+,Pvt Ltd,>4,16,0
city_103,0.92,Male,Has relevent experience,no_enrollment,Graduate,STEM,>20,10000+,Pvt Ltd,>4,42,0
city_16,0.928,Male,Has relevent experience,no_enrollment,Graduate,STEM,9,50-99,Pvt Ltd,1,30,0
city_67,0.893,Male,Has relevent experience,no_enrollment,Graduate,STEM,>20,50-99,Pvt Ltd,1,7,0
city_78,0.573,Male,Has relevent experience,no_enrollment,Graduate,STEM,10,,,>4,3,1
city_160,0.898,Male,No relevent experience,Full time course,High School,,2,,,never,52,0
city_16,0.91,Male,Has relevent experience,no_enrollment,Graduate,STEM,7,10/49,Pvt Ltd,1,13,0
city_158,0.782,Male,Has relevent experience,Full time course,Graduate,STEM,4,50-99,Pvt Ltd,1,38,0
city_102,0.819,Male,No relevent experience,no_enrollment,Graduate,STEM,5,,,1,15,1
city_83,0.921,Male,No relevent experience,no_enrollment,Graduate,STEM,4,10000+,Pvt Ltd,1,13,0
city_101,0.56,Male,Has relevent experience,no_enrollment,Graduate,STEM,5,,,1,12,0
city_136,0.895,Male,Has relevent experience,no_enrollment,Masters,STEM,8,100-500,Pvt Ltd,1,32,0
city_70,0.708,,No relevent experience,no_enrollment,Masters,STEM,<1,,,,8,0
city_160,0.906,Male,Has relevent experience,no_enrollment,Masters,STEM,9,10000+,Pvt Ltd,2,20,0
city_138,0.826,Male,Has relevent experience,no_enrollment,High School,,>20,,,never,11,0
city_103,0.92,Male,No relevent experience,Full time course,Graduate,STEM,<1,,,1,14,1
city_16,0.92,Male,Has relevent experience,no_enrollment,Masters,STEM,>20,1000-4999,Pvt Ltd,>4,30,0
city_83,0.928,Male,Has relevent experience,no_enrollment,Masters,STEM,15,1000-4999,Pvt Ltd,>4,72,0
city_103,0.923,Male,Has relevent experience,no_enrollment,Graduate,STEM,>20,,,1,28,0
city_157,0.788,Male,Has relevent experience,no_enrollment,Graduate,STEM,>20,,,>4,40,1
city_11,0.712,,No relevent experience,no_enrollment,High School,,3,,,never,18,0
city_16,0.913,Male,Has relevent experience,no_enrollment,Graduate,STEM,4,,,1,58,0
city_136,0.902,Male,Has relevent experience,no_enrollment,Masters,STEM,10,10000+,Pvt Ltd,2,48,0
city_16,0.917,Male,No relevent experience,no_enrollment,High School,,3,,,never,24,0
city_75,0.924,Male,Has relevent experience,no_enrollment,Graduate,STEM,4,50-99,Pvt Ltd,1,13,0
city_103,0.919,Male,Has relevent experience,no_enrollment,Masters,STEM,>20,50-99,Pvt Ltd,1,3,0
city_142,0.723,Male,No relevent experience,Full time course,High School,,1,,,never,17,0
city_71,0.871,Male,Has relevent experience,no_enrollment,Masters,STEM,>20,100-500,Pvt Ltd,>4,27,0
city_64,0.769,Male,Has relevent experience,no_enrollment,Graduate,STEM,5,,,1,13,0
city_104,0.921,Male,No relevent experience,Full time course,High School,,4,,,1,23,0
city_40,0.689,Male,No relevent experience,Full time course,Graduate,STEM,4,,,1,18,0
city_98,0.931,Male,No relevent experience,no_enrollment,Masters,STEM,>20,,,>4,7,0
city_67,0.866,Male,Has relevent experience,Full time course,Masters,STEM,8,50-99,,1,21,0
city_21,0.919,Male,Has relevent experience,no_enrollment,Graduate,STEM,5,,,1,16,1
city_21,0.621,Male,Has relevent experience,no_enrollment,Graduate,STEM,7,50-99,Pvt Ltd,1,76,0
city_136,0.914,Male,Has relevent experience,no_enrollment,Graduate,STEM,13,10000+,Pvt Ltd,1,35,0
city_136,0.9,Male,Has relevent experience,no_enrollment,Masters,STEM,>20,100-500,Pvt Ltd,>4,26,0
city_114,0.929,Male,Has relevent experience,no_enrollment,Masters,STEM,>20,,,>4,21,0
city_71,0.895,Male,No relevent experience,Full time course,Graduate,STEM,5,,,1,15,0
city_136,0.875,Male,Has relevent experience,no_enrollment,Graduate,STEM,4,,,1,5,0
city_99,0.921,Male,Has relevent experience,no_enrollment,Graduate,STEM,>20,500-999,Public Sector,>4,9,1
city_136,0.893,Male,Has relevent experience,Full time course,Graduate,STEM,2,50-99,Pvt Ltd,1,22,0
city_160,0.896,Male,Has relevent experience,no_enrollment,Graduate,STEM,13,10000+,Pvt Ltd,>4,52,0
city_138,0.744,Male,Has relevent experience,no_enrollment,High School,,10,,,1,15,0
city_11,0.537,Male,Has relevent experience,no_enrollment,Graduate,STEM,6,,,1,21,1
city_100,0.885,Male,Has relevent experience,no_enrollment,Masters,STEM,>20,100-500,Pvt Ltd,>4,25,0
city_103,0.92,Male,No relevent experience,no_enrollment,Graduate,STEM,3,,,1,15,1
city_83,0.923,Male,Has relevent experience,no_enrollment,Graduate,STEM,5,100-500,Pvt Ltd,1,31,0
city_103,0.919,Male,Has relevent experience,no_enrollment,Graduate,STEM,5,10000+,Pvt Ltd,1,44,0
city_19,0.693,,No relevent experience,Full time course,High School,,1,,,1,22,1
city_21,0.622,Male,Has relevent experience,no_enrollment,Graduate,STEM,3,10/49,Pvt Ltd,1,14,1
city_136,0.919,Male,Has relevent experience,no_enrollment,Masters,STEM,>20,100-500,Pvt Ltd,1,11,0
city_75,0.928,Male,Has relevent experience,no_enrollment,Graduate,STEM,14,50-99,Funded Startup,1,10,0
city_160,0.917,Male,Has relevent experience,no_enrollment,Graduate,STEM,>20,100-500,Pvt Ltd,1,18,0
city_21,0.92,Male,Has relevent experience,no_enrollment,Graduate,STEM,3,,,1,13,1
city_160,0.92,Male,Has relevent experience,no_enrollment,Graduate,STEM,7,100-500,Pvt Ltd,1,29,0
city_103,0.92,,No relevent experience,no_enrollment,Masters,STEM,7,,,1,44,0
city_142,0.622,Male,Has relevent experience,no_enrollment,Graduate,STEM,5,100-500,Pvt Ltd,1,46,0
city_162,0.742,Male,No relevent experience,Full time course,High School,,3,,,never,18,0
city_103,0.92,Male,No relevent experience,no_enrollment,Graduate,STEM,5,10000+,Pvt Ltd,1,18,0
city_61,0.914,Male,Has relevent experience,no_enrollment,Graduate,STEM,>20,100-500,Pvt Ltd,1,23,0
city_36,0.897,Male,Has relevent experience,no_enrollment,Graduate,STEM,>20,100-500,Funded Startup,1,23,0
city_16,0.912,Male,Has relevent experience,no_enrollment,Graduate,STEM,>20,100-500,Pvt Ltd,2,18,0
city_67,0.865,Male,No relevent experience,no_enrollment,High School,,3,,,never,20,0
city_67,0.885,Male,No relevent experience,no_enrollment,Graduate,STEM,4,,,1,14,0
city_104,0.919,Male,Has relevent experience,no_enrollment,Graduate,STEM,16,100-500,Pvt Ltd,1,13,0
city_136,0.919,Male,Has relevent experience,no_enrollment,Masters,STEM,>20,10000+,Pvt Ltd,>4,56,0
city_16,0.889,Male,Has relevent experience,no_enrollment,High School,,2,10000+,Pvt Ltd,1,29,0
city_14,0.695,Male,Has relevent experience,no_enrollment,Graduate,STEM,4,100-500,Pvt Ltd,1,48,0
city_71,0.889,Male,Has relevent experience,Full time course,Graduate,STEM,5,,,1,16,0
city_103,0.899,Male,Has relevent experience,no_enrollment,Masters,STEM,>20,100-500,Pvt Ltd,1,15,0
city_103,0.916,Male,Has relevent experience,no_enrollment,Masters,STEM,>20,10000+,Pvt Ltd,1,9,0
city_21,0.624,Male,Has relevent experience,no_enrollment,Graduate,STEM,13,100-500,Pvt Ltd,4,50,0
city_104,0.921,Male,Has relevent experience,no_enrollment,Graduate,STEM,13,100-500,Pvt Ltd,4,23,0
city_83,0.923,Male,Has relevent experience,no_enrollment,Graduate,STEM,19,50-99,Pvt Ltd,>4,51,0
city_84,0.678,Male,Has relevent experience,no_enrollment,Graduate,STEM,>20,,,1,13,0
city_16,0.621,Male,Has relevent experience,no_enrollment,Graduate,STEM,4,10000+,Pvt Ltd,1,13,0
city_18,0.802,Male,Has relevent experience,no_enrollment,Graduate,STEM,>20,10/49,Pvt Ltd,>4,6,0
city_11,0.544,,No relevent experience,Full time course,Graduate,STEM,<1,,,never,1,1
city_103,0.92,Male,Has relevent experience,no_enrollment,Graduate,STEM,16,,,1,10,1
city_36,0.919,Male,Has relevent experience,no_enrollment,Graduate,STEM,>20,100-500,Pvt Ltd,1,13,0
city_103,0.906,Male,Has relevent experience,no_enrollment,Graduate,STEM,>20,100-500,Pvt Ltd,>4,50,0
city_67,0.85,Male,Has relevent experience,no_enrollment,Masters,STEM,>20,50-99,Pvt Ltd,>4,53,0
city_21,0.625,,Has relevent experience,no_enrollment,Graduate,STEM,6,100-500,Pvt Ltd,1,23,1
city_103,0.919,Male,Has relevent experience,no_enrollment,Graduate,STEM,7,50-99,Funded Startup,1,28,1
city_103,0.92,Male,No relevent experience,Full time course,Graduate,STEM,5,,,never,26,1
city_104,0.921,Male,Has relevent experience,no_enrollment,Graduate,STEM,>20,100-500,Funded Startup,1,9,0
city_21,0.623,,Has relevent experience,no_enrollment,Masters,STEM,7,10000+,Pvt Ltd,>4,34,0
city_103,0.937,Male,No relevent experience,no_enrollment,Primary School,,<1,,,never,15,0
city_114,0.923,Male,Has relevent experience,no_enrollment,Graduate,STEM,9,1000-4999,Pvt Ltd,>4,43,0
city_21,0.911,Male,No relevent experience,Full time course,Graduate,STEM,4,,,1,27,1
city_103,0.92,Male,Has relevent experience,no_enrollment,Graduate,STEM,5,10000+,Pvt Ltd,1,13,0
city_83,0.923,Male,Has relevent experience,no_enrollment,High School,,6,,,1,17,0
city_103,0.919,Male,Has relevent experience,no_enrollment,Graduate,STEM,>20,100-500,Pvt Ltd,>4,44,0
city_90,0.694,,Has relevent experience,no_enrollment,Masters,STEM,8,100-500,Pvt Ltd,1,59,0
city_21,0.621,Male,Has relevent experience,no_enrollment,Graduate,STEM,3,50-99,Pvt Ltd,1,24,1
city_21,0.625,Male,Has relevent experience,Full time course,High School,,1,50-99,Pvt Ltd,1,65,0
city_21,0.919,Male,Has relevent experience,no_enrollment,Graduate,STEM,5,10000+,Pvt Ltd,1,20,0
city_21,0.914,Male,Has relevent experience,no_enrollment,Graduate,STEM,13,10000+,Pvt Ltd,>4,24,0
city_21,0.915,Male,No relevent experience,Full time course,Graduate,STEM,2,50-99,Pvt Ltd,1,39,0
city_162,0.82,Male,No relevent experience,no_enrollment,High School,,1,,,never,16,0
city_100,0.89,Male,Has relevent experience,no_enrollment,Graduate,STEM,5,10/49,Pvt Ltd,1,12,0
city_136,0.916,Male,Has relevent experience,no_enrollment,Masters,STEM,>20,10000+,Pvt Ltd,>4,52,0
city_101,0.565,Male,No relevent experience,Full time course,Graduate,STEM,4,,,1,5,1
city_114,0.933,Male,No relevent experience,no_enrollment,High School,,6,,Pvt Ltd,never,9,0
city_160,0.921,,Has relevent experience,no_enrollment,Masters,STEM,6,10000+,Pvt Ltd,1,70,0
city_136,0.859,Male,No relevent experience,Full time course,Graduate,STEM,3,,Public Sector,1,15,0
city_138,0.768,Male,Has relevent experience,no_enrollment,Masters,STEM,16,10000+,Pvt Ltd,2,13,0
city_21,0.622,Male,No relevent experience,Full time course,Graduate,STEM,<1,,,never,24,1
city_159,0.918,Male,Has relevent experience,no_enrollment,Graduate,STEM,>20,50-99,Pvt Ltd,>4,54,0
city_89,0.923,Male,Has relevent experience,no_enrollment,Graduate,STEM,6,100-500,Pvt Ltd,1,24,0
city_16,0.912,,No relevent experience,Full time course,High School,,1,,,never,11,1
city_71,0.87,Male,Has relevent experience,no_enrollment,Graduate,STEM,>20,100-500,Pvt Ltd,1,18,0
city_36,0.92,Male,Has relevent experience,no_enrollment,Graduate,STEM,>20,100-500,Pvt Ltd,1,10,0
city_16,0.91,Male,Has relevent experience,no_enrollment,Masters,STEM,>20,1000-4999,Pvt Ltd,>4,19,0
city_16,0.911,Male,Has relevent experience,Full time course,Graduate,STEM,4,,,1,45,1
city_71,0.895,Male,Has relevent experience,no_enrollment,Graduate,STEM,>20,10/49,,1,10,0
city_16,0.911,Male,Has relevent experience,no_enrollment,Graduate,STEM,>20,100-500,Pvt Ltd,>4,33,0
city_136,0.9,Male,No relevent experience,Full time course,Graduate,STEM,2,100-500,Pvt Ltd,1,34,0
city_21,0.626,,No relevent experience,Full time course,Masters,STEM,4,,,1,20,0
city_103,0.911,Male,Has relevent experience,Full time course,Graduate,STEM,8,,,1,113,0
city_103,0.92,Male,No relevent experience,Full time course,Graduate,STEM,4,50-99,Pvt Ltd,1,9,0
city_16,0.914,Male,No relevent experience,no_enrollment,Graduate,STEM,7,,,1,19,0
city_142,0.721,Male,Has relevent experience,Full time course,High School,,3,,,1,58,0
city_102,0.772,Male,Has relevent experience,no_enrollment,Masters,STEM,3,50-99,Pvt Ltd,1,52,0
city_16,0.905,Male,No relevent experience,no_enrollment,Masters,STEM,>20,,,never,7,0
city_103,0.911,Male,Has relevent experience,no_enrollment,Graduate,STEM,>20,50-99,Pvt Ltd,>4,6,0
city_104,0.924,Male,Has relevent experience,no_enrollment,Graduate,STEM,5,10/49,Pvt Ltd,3,24,0
city_21,0.62,Male,Has relevent experience,no_enrollment,Graduate,STEM,3,1000-4999,Pvt Ltd,1,10,1
city_105,0.773,Male,Has relevent experience,no_enrollment,Graduate,STEM,10,<10,,1,26,0
city_21,0.624,Male,Has relevent experience,no_enrollment,Graduate,STEM,5,50-99,Early Stage Startup,1,2,0
city_103,0.921,Male,No relevent experience,no_enrollment,Graduate,STEM,5,,,1,8,1
city_160,0.921,Male,No relevent experience,no_enrollment,,,6,,,never,57,0
city_16,0.918,Male,Has relevent experience,no_enrollment,Masters,STEM,8,10000+,Pvt Ltd,1,23,0
city_99,0.921,Male,Has relevent experience,no_enrollment,Masters,STEM,>20,100-500,Pvt Ltd,1,20,0
city_116,0.704,,No relevent experience,no_enrollment,Graduate,STEM,6,,,1,24,1
city_16,0.92,Male,Has relevent experience,no_enrollment,Graduate,STEM,>20,,,1,18,0
city_138,0.823,Male,No relevent experience,no_enrollment,High School,,>20,,,1,11,0
city_21,0.918,Male,No relevent experience,Full time course,Graduate,STEM,3,10000+,Pvt Ltd,1,16,0
city_21,0.622,,Has relevent experience,no_enrollment,Masters,STEM,<1,,,>4,55,1
city_30,0.703,Male,Has relevent experience,no_enrollment,Graduate,STEM,5,100-500,Pvt Ltd,1,12,0
city_100,0.887,Male,Has relevent experience,no_enrollment,High School,,>20,100-500,Pvt Ltd,1,27,0
city_160,0.901,Male,Has relevent experience,Full time course,Graduate,STEM,2,50-99,Pvt Ltd,1,20,0
city_78,0.598,Male,No relevent experience,Full time course,Graduate,STEM,4,,,1,18,1
city_103,0.923,Male,Has relevent experience,no_enrollment,Graduate,STEM,6,100-500,Pvt Ltd,4,59,0
city_114,0.92,Male,No relevent experience,Full time course,Graduate,STEM,4,50-99,Pvt Ltd,1,15,0
city_136,0.916,Male,No relevent experience,Full time course,High School,,4,,,1,18,0
city_11,0.623,Male,Has relevent experience,no_enrollment,Graduate,STEM,7,10/49,Pvt Ltd,>4,5,1
city_136,0.922,Male,Has relevent experience,no_enrollment,Masters,STEM,>20,50-99,Pvt Ltd,1,7,0
city_21,0.911,Male,No relevent experience,Full time course,High School,,1,,,never,19,0
city_21,0.618,Male,Has relevent experience,no_enrollment,Graduate,STEM,<1,1000-4999,Pvt Ltd,1,26,1
city_83,0.923,Male,Has relevent experience,no_enrollment,Graduate,STEM,>20,50-99,Funded Startup,>4,35,0
city_136,0.924,Male,Has relevent experience,no_enrollment,Masters,STEM,>20,1000-4999,Pvt Ltd,>4,41,0
city_21,0.623,Male,Has relevent experience,no_enrollment,Graduate,STEM,10,50-99,Pvt Ltd,4,27,1
city_114,0.916,Male,Has relevent experience,no_enrollment,Masters,STEM,10,50-99,Pvt Ltd,1,30,0
city_16,0.915,,Has relevent experience,no_enrollment,Masters,,8,10000+,Pvt Ltd,1,30,0
city_103,0.618,Male,Has relevent experience,no_enrollment,Graduate,STEM,7,50-99,Pvt Ltd,1,21,0
city_105,0.765,Male,Has relevent experience,no_enrollment,Graduate,STEM,5,,,1,11,0
city_103,0.92,Male,Has relevent experience,no_enrollment,Graduate,STEM,13,50-99,Pvt Ltd,1,4,0
city_16,0.916,Male,Has relevent experience,no_enrollment,Graduate,STEM,>20,100-500,Pvt Ltd,2,20,0
city_16,0.921,Male,Has relevent experience,no_enrollment,Graduate,STEM,11,10/49,Funded Startup,1,14,0
city_16,0.924,Male,Has relevent experience,no_enrollment,Graduate,STEM,14,50-99,NGO,1,22,0
city_103,0.924,Male,Has relevent experience,no_enrollment,Masters,STEM,>20,100-500,Pvt Ltd,1,28,0
city_89,0.92,Male,Has relevent experience,no_enrollment,Graduate,STEM,13,100-500,Pvt Ltd,4,43,0
city_16,0.923,Male,Has relevent experience,no_enrollment,Masters,STEM,>20,100-500,Pvt Ltd,1,19,0
city_123,0.713,,Has relevent experience,no_enrollment,Masters,STEM,8,100-500,Pvt Ltd,1,29,0
city_103,0.903,Male,Has relevent experience,no_enrollment,Masters,STEM,>20,50-99,Pvt Ltd,>4,21,0
city_160,0.919,Male,Has relevent experience,no_enrollment,Graduate,STEM,5,100-500,Pvt Ltd,1,33,0
city_57,0.871,Male,Has relevent experience,no_enrollment,Graduate,STEM,10,50-99,Pvt Ltd,1,13,0
city_103,0.911,Male,Has relevent experience,no_enrollment,Graduate,STEM,5,50-99,Pvt Ltd,1,7,0
city_160,0.919,Male,Has relevent experience,no_enrollment,Graduate,STEM,>20,,,1,114,1
city_13,0.827,Male,No relevent experience,no_enrollment,Primary School,,3,,,never,10,0
city_21,0.623,Male,Has relevent experience,no_enrollment,Graduate,STEM,9,10000+,Pvt Ltd,>4,45,0
city_16,0.913,Male,Has relevent experience,no_enrollment,Masters,STEM,9,1000-4999,Pvt Ltd,1,14,0
city_21,0.623,Male,Has relevent experience,no_enrollment,Graduate,STEM,7,500-999,Pvt Ltd,1,7,1
city_114,0.907,Male,Has relevent experience,no_enrollment,Graduate,STEM,>20,100-500,Pvt Ltd,>4,34,0
city_103,0.877,Male,No relevent experience,no_enrollment,Primary School,,<1,,,never,19,0
city_41,0.716,,No relevent experience,Full time course,High School,,4,,,never,34,0
city_16,0.914,Male,Has relevent experience,no_enrollment,Graduate,STEM,>20,,,1,18,1
city_99,0.917,Male,Has relevent experience,no_enrollment,Graduate,STEM,4,100-500,Pvt Ltd,1,70,0
city_102,0.882,Male,Has relevent experience,no_enrollment,High School,,>20,50-99,Pvt Ltd,>4,31,0
city_75,0.938,Male,Has relevent experience,no_enrollment,Graduate,STEM,9,50-99,Pvt Ltd,1,59,0
city_16,0.918,Male,Has relevent experience,no_enrollment,Graduate,STEM,>20,1000-4999,Pvt Ltd,>4,35,0
city_103,0.919,,No relevent experience,no_enrollment,Graduate,STEM,7,10000+,Pvt Ltd,3,23,0
city_99,0.916,Male,No relevent experience,Full time course,High School,,4,,,never,28,0
city_97,0.925,Male,Has relevent experience,no_enrollment,Graduate,STEM,>20,10/49,Pvt Ltd,>4,12,0
city_16,0.91,Male,Has relevent experience,no_enrollment,Graduate,STEM,>20,1000-4999,Pvt Ltd,>4,49,0
city_16,0.914,Male,Has relevent experience,no_enrollment,Graduate,STEM,4,<10,Early Stage Startup,1,14,0
city_150,0.705,Male,No relevent experience,no_enrollment,Graduate,STEM,3,,,1,25,0
city_67,0.826,Male,Has relevent experience,no_enrollment,Graduate,STEM,>20,,,1,11,0
city_21,0.624,Male,No relevent experience,Full time course,Graduate,STEM,2,,,1,57,0
city_23,0.897,Male,No relevent experience,no_enrollment,High School,,2,,,never,21,0
city_16,0.909,Male,Has relevent experience,no_enrollment,Graduate,STEM,13,100-500,Pvt Ltd,>4,42,0
city_103,0.92,Male,No relevent experience,no_enrollment,,,5,,,never,36,0
city_160,0.92,Male,Has relevent experience,no_enrollment,Graduate,STEM,>20,,,>4,39,0
city_160,0.92,Male,Has relevent experience,no_enrollment,Graduate,STEM,>20,,,1,23,1
city_103,0.92,Male,Has relevent experience,no_enrollment,Masters,STEM,>20,10000+,Pvt Ltd,>4,51,0
city_36,0.919,Male,Has relevent experience,no_enrollment,Graduate,STEM,>20,100-500,Pvt Ltd,1,24,0
city_84,0.645,Male,Has relevent experience,no_enrollment,Graduate,STEM,11,10/49,,1,21,0
city_160,0.922,Male,Has relevent experience,no_enrollment,Graduate,STEM,19,100-500,Pvt Ltd,>4,51,0
city_160,0.921,Male,No relevent experience,Full time course,Graduate,STEM,2,,,1,51,0
city_103,0.92,Male,Has relevent experience,no_enrollment,Graduate,STEM,7,10000+,Pvt Ltd,1,20,1
city_160,0.92,Male,Has relevent experience,no_enrollment,Graduate,STEM,>20,100-500,Pvt Ltd,>4,61,0
city_103,0.791,Male,Has relevent experience,no_enrollment,Graduate,STEM,>20,<10,Funded Startup,>4,5,1
city_21,0.615,Male,No relevent experience,Full time course,Graduate,STEM,4,100-500,Pvt Ltd,1,18,0
city_67,0.881,Male,Has relevent experience,no_enrollment,Masters,STEM,5,50-99,Pvt Ltd,1,45,0
city_160,0.817,Male,Has relevent experience,no_enrollment,Graduate,STEM,5,100-500,Pvt Ltd,1,42,0
city_103,0.922,Male,Has relevent experience,no_enrollment,Graduate,STEM,5,10000+,Pvt Ltd,1,16,0
city_103,0.906,Male,No relevent experience,no_enrollment,High School,,5,,,never,5,0
city_21,0.542,Male,No relevent experience,Full time course,High School,,1,,,never,17,1
city_136,0.896,Male,Has relevent experience,no_enrollment,Graduate,STEM,>20,,,1,14,0
city_136,0.922,Male,No relevent experience,no_enrollment,Masters,STEM,2,100-500,Pvt Ltd,1,19,0
city_70,0.703,Male,Has relevent experience,no_enrollment,Graduate,STEM,11,,,1,16,0
city_103,0.926,Male,No relevent experience,Full time course,High School,,5,,,never,34,0
city_103,0.917,Male,No relevent experience,no_enrollment,Graduate,STEM,3,10000+,Pvt Ltd,1,5,0
city_102,0.83,Male,No relevent experience,no_enrollment,High School,,3,,,never,8,0
city_75,0.925,Male,Has relevent experience,no_enrollment,Graduate,STEM,>20,,,>4,11,0
city_83,0.92,Male,Has relevent experience,no_enrollment,Graduate,STEM,>20,10000+,Pvt Ltd,>4,35,0
city_160,0.922,Male,Has relevent experience,no_enrollment,Graduate,STEM,>20,,,>4,68,0
city_101,0.565,Male,No relevent experience,Full time course,Graduate,STEM,2,,,1,12,1
city_21,0.621,Male,No relevent experience,Full time course,High School,,2,,,never,46,0
city_11,0.697,,No relevent experience,Full time course,Masters,STEM,3,1000-4999,Pvt Ltd,1,43,1
city_16,0.916,Male,Has relevent experience,no_enrollment,Graduate,STEM,13,10000+,Pvt Ltd,1,56,0
city_103,0.92,,No relevent experience,Full time course,Graduate,STEM,4,50-99,,1,23,0
city_16,0.915,Male,Has relevent experience,no_enrollment,Masters,STEM,15,10000+,Pvt Ltd,>4,24,0
city_61,0.914,Male,No relevent experience,Full time course,High School,,4,,,1,13,0
city_102,0.797,Male,Has relevent experience,no_enrollment,Masters,STEM,>20,,,>4,12,0
city_99,0.92,Male,Has relevent experience,no_enrollment,Graduate,STEM,>20,500-999,,1,24,0
city_103,0.924,Male,Has relevent experience,no_enrollment,Masters,STEM,15,100-500,Pvt Ltd,>4,2,0
city_114,0.911,Male,No relevent experience,Full time course,High School,,3,,Pvt Ltd,never,17,0
city_16,0.907,Male,Has relevent experience,no_enrollment,Graduate,STEM,11,<10,Early Stage Startup,1,14,0
city_42,0.739,,Has relevent experience,Full time course,Graduate,STEM,7,,,,7,1
city_21,0.624,,No relevent experience,Full time course,Graduate,STEM,3,50-99,Pvt Ltd,1,22,0
city_61,0.92,Male,Has relevent experience,no_enrollment,Graduate,STEM,>20,100-500,Pvt Ltd,1,34,0
city_98,0.934,Male,Has relevent experience,no_enrollment,Graduate,STEM,4,50-99,Pvt Ltd,1,51,0
city_16,0.912,Male,Has relevent experience,no_enrollment,Masters,STEM,10,10000+,Pvt Ltd,1,53,0
city_21,0.624,Male,Has relevent experience,no_enrollment,Graduate,STEM,5,100-500,Pvt Ltd,1,3,0
city_16,0.917,Male,Has relevent experience,no_enrollment,Masters,STEM,9,10000+,Pvt Ltd,1,26,0
city_16,0.908,Male,Has relevent experience,no_enrollment,Graduate,STEM,>20,50-99,Pvt Ltd,2,1,0
city_90,0.702,Male,No relevent experience,Full time course,High School,,1,,,never,13,0
city_136,0.901,Male,No relevent experience,no_enrollment,Masters,STEM,>20,,,never,23,0
city_160,0.9,Male,No relevent experience,Full time course,Masters,STEM,2,50-99,Pvt Ltd,1,54,0
city_75,0.926,Male,Has relevent experience,Full time course,Graduate,STEM,4,50-99,Public Sector,1,36,0
city_100,0.798,Male,Has relevent experience,no_enrollment,Masters,STEM,>20,100-500,Pvt Ltd,>4,6,0
city_21,0.624,Male,Has relevent experience,no_enrollment,Graduate,STEM,7,50-99,,1,16,1
city_144,0.737,Male,Has relevent experience,no_enrollment,Graduate,STEM,5,50-99,Pvt Ltd,1,8,0
city_73,0.799,Male,No relevent experience,no_enrollment,High School,,3,,,never,25,0
city_21,0.623,,Has relevent experience,no_enrollment,Masters,STEM,7,50-99,Pvt Ltd,1,71,0
city_103,0.921,Male,Has relevent experience,no_enrollment,Graduate,STEM,>20,10/49,Pvt Ltd,1,7,0
city_103,0.92,Male,Has relevent experience,no_enrollment,Masters,STEM,2,<10,Pvt Ltd,1,11,0
city_138,0.77,Male,Has relevent experience,no_enrollment,High School,,16,10000+,Pvt Ltd,2,9,0
city_152,0.783,Male,No relevent experience,Full time course,Graduate,STEM,2,,,never,19,1
city_16,0.901,Male,Has relevent experience,no_enrollment,Masters,,>20,100-500,Pvt Ltd,>4,27,0
city_16,0.917,Male,Has relevent experience,no_enrollment,Masters,STEM,>20,,,>4,9,0
city_64,0.66,Male,Has relevent experience,no_enrollment,Graduate,STEM,>20,,,1,22,0
city_16,0.914,Male,Has relevent experience,no_enrollment,Graduate,STEM,>20,,,1,7,0
city_21,0.62,,Has relevent experience,no_enrollment,Graduate,STEM,<1,1000-4999,Pvt Ltd,1,67,1
city_114,0.924,Male,Has relevent experience,no_enrollment,Graduate,STEM,>20,100-500,Funded Startup,1,23,0
city_103,0.931,Male,No relevent experience,Full time course,High School,,3,,,never,15,0
city_104,0.927,Male,Has relevent experience,no_enrollment,Masters,STEM,9,10000+,Pvt Ltd,1,41,0
city_16,0.912,Male,Has relevent experience,no_enrollment,Graduate,STEM,7,10/49,Early Stage Startup,1,19,0
city_104,0.925,Male,No relevent experience,Full time course,Graduate,STEM,5,,,1,7,1
city_21,0.625,,No relevent experience,Full time course,Graduate,STEM,4,,,never,44,1
city_104,0.922,Male,Has relevent experience,no_enrollment,Graduate,STEM,>20,50-99,Pvt Ltd,>4,40,0
city_100,0.783,Male,Has relevent experience,no_enrollment,Graduate,STEM,10,100-500,Pvt Ltd,1,14,0
city_103,0.927,Male,Has relevent experience,no_enrollment,Graduate,STEM,9,1000-4999,Pvt Ltd,2,45,0
city_67,0.847,Male,No relevent experience,Full time course,Graduate,STEM,8,,,1,14,0
city_16,0.909,Female,Has relevent experience,no_enrollment,Masters,STEM,7,10000+,Pvt Ltd,1,86,0
city_104,0.919,Male,Has relevent experience,no_enrollment,Graduate,STEM,>20,1000-4999,Pvt Ltd,>4,50,0
city_160,0.919,Male,Has relevent experience,no_enrollment,Graduate,STEM,>20,1000-4999,Pvt Ltd,>4,27,0
city_116,0.716,Male,Has relevent experience,no_enrollment,Masters,STEM,15,50-99,Pvt Ltd,>4,58,0
city_114,0.924,Male,No relevent experience,Full time course,Masters,STEM,4,,,1,38,0
city_103,0.918,Male,No relevent experience,Full time course,High School,,3,50-99,Pvt Ltd,1,1,0
city_101,0.734,Male,Has relevent experience,Full time course,Graduate,STEM,1,50-99,Pvt Ltd,1,60,0
city_21,0.544,,No relevent experience,no_enrollment,,,<1,,,never,15,1
city_103,0.922,Male,Has relevent experience,no_enrollment,Graduate,STEM,>20,100-500,Pvt Ltd,1,54,0
city_21,0.627,,Has relevent experience,no_enrollment,Masters,,6,,,1,60,0
city_21,0.625,Male,No relevent experience,Full time course,Graduate,STEM,<1,,,never,60,1
city_102,0.791,Male,Has relevent experience,no_enrollment,Graduate,STEM,10,100-500,Pvt Ltd,1,50,0
city_21,0.625,,Has relevent experience,no_enrollment,Graduate,STEM,7,10000+,Pvt Ltd,4,16,1
city_136,0.9,Male,Has relevent experience,no_enrollment,High School,,8,10000+,Pvt Ltd,1,28,0
city_160,0.918,Male,Has relevent experience,no_enrollment,Graduate,STEM,>20,50-99,Pvt Ltd,>4,54,0
city_104,0.92,Male,Has relevent experience,no_enrollment,Graduate,STEM,4,50-99,Pvt Ltd,1,44,0
city_21,0.624,Male,No relevent experience,Full time course,Graduate,STEM,1,,,1,37,0
city_21,0.623,Male,Has relevent experience,no_enrollment,Graduate,STEM,11,,,1,12,1
city_103,0.921,Male,Has relevent experience,no_enrollment,Masters,STEM,>20,,,1,14,0
city_16,0.913,Male,Has relevent experience,no_enrollment,Graduate,STEM,>20,100-500,Pvt Ltd,>4,16,0
city_103,0.92,Male,Has relevent experience,no_enrollment,Graduate,STEM,13,100-500,Pvt Ltd,1,150,0
city_100,0.885,Male,No relevent experience,Full time course,High School,,5,,,never,14,0
city_50,0.895,Male,Has relevent experience,no_enrollment,Graduate,STEM,>20,100-500,Pvt Ltd,>4,21,0
city_160,0.92,Male,Has relevent experience,no_enrollment,Graduate,STEM,5,100-500,Pvt Ltd,1,20,0
city_21,0.917,Male,Has relevent experience,no_enrollment,High School,,3,10000+,Pvt Ltd,1,17,0
city_160,0.922,Male,Has relevent experience,no_enrollment,Masters,STEM,15,50-99,Pvt Ltd,1,35,0
city_67,0.821,Male,Has relevent experience,no_enrollment,High School,,8,10000+,Pvt Ltd,1,17,0
city_21,0.623,Male,Has relevent experience,no_enrollment,Graduate,STEM,3,50-99,Pvt Ltd,1,52,0
city_100,0.896,,No relevent experience,Full time course,High School,,4,,,never,167,0
city_83,0.919,Male,No relevent experience,no_enrollment,Graduate,STEM,6,,Public Sector,1,23,0
city_103,0.918,Male,Has relevent experience,no_enrollment,Graduate,STEM,4,50-99,Pvt Ltd,1,10,1
city_61,0.912,Male,Has relevent experience,no_enrollment,Graduate,STEM,>20,10/49,Pvt Ltd,>4,18,0
city_57,0.867,Male,Has relevent experience,no_enrollment,Graduate,STEM,10,50-99,Funded Startup,1,9,0
city_136,0.827,Male,No relevent experience,Full time course,Masters,STEM,4,,,1,38,0
city_160,0.919,Male,Has relevent experience,no_enrollment,Graduate,STEM,13,10000+,Pvt Ltd,4,162,0
city_99,0.921,Male,Has relevent experience,no_enrollment,Graduate,STEM,>20,<10,Pvt Ltd,1,26,0
city_114,0.934,Male,Has relevent experience,no_enrollment,Masters,STEM,9,10000+,Pvt Ltd,1,30,0
city_104,0.922,Male,Has relevent experience,no_enrollment,Graduate,STEM,13,100-500,Pvt Ltd,4,46,0
city_100,0.891,Male,No relevent experience,no_enrollment,High School,,2,,,never,22,0
city_21,0.621,,No relevent experience,Full time course,Graduate,STEM,2,,Pvt Ltd,1,7,1
city_71,0.898,Male,Has relevent experience,no_enrollment,Masters,STEM,>20,,,>4,17,0
city_21,0.625,Male,Has relevent experience,no_enrollment,Graduate,STEM,7,10000+,Pvt Ltd,1,41,0
city_103,0.92,Male,Has relevent experience,no_enrollment,Graduate,STEM,6,100-500,Pvt Ltd,1,17,0
city_21,0.623,,Has relevent experience,no_enrollment,Masters,STEM,7,50-99,Pvt Ltd,1,59,0
city_99,0.624,Male,No relevent experience,Full time course,Graduate,STEM,3,,,1,22,0
city_21,0.628,Male,Has relevent experience,no_enrollment,Masters,STEM,3,50-99,,1,1,0
city_136,0.934,Male,No relevent experience,Full time course,Masters,STEM,3,,,1,25,0
city_103,0.922,Male,Has relevent experience,no_enrollment,Graduate,STEM,4,,,1,13,0
city_114,0.92,Male,Has relevent experience,no_enrollment,Graduate,STEM,>20,10000+,Pvt Ltd,1,3,0
city_150,0.781,Male,No relevent experience,no_enrollment,High School,,2,,,never,22,0
city_21,0.623,Male,Has relevent experience,no_enrollment,Graduate,STEM,5,50-99,Pvt Ltd,1,9,0
city_104,0.926,Male,Has relevent experience,no_enrollment,Graduate,STEM,3,50-99,Pvt Ltd,1,12,0
city_103,0.919,Male,No relevent experience,no_enrollment,Masters,STEM,3,,,1,1,0
city_21,0.622,Male,Has relevent experience,no_enrollment,Masters,STEM,15,1000-4999,Pvt Ltd,>4,47,0
city_97,0.925,,No relevent experience,no_enrollment,,STEM,>20,,,>4,35,0
city_83,0.923,Male,Has relevent experience,no_enrollment,High School,,6,,,1,20,0
city_128,0.694,Male,Has relevent experience,no_enrollment,Graduate,STEM,5,,,1,23,0
city_136,0.9,Male,Has relevent experience,no_enrollment,Masters,STEM,9,10000+,Pvt Ltd,1,33,0
city_21,0.919,Male,Has relevent experience,no_enrollment,Graduate,STEM,<1,10000+,Pvt Ltd,1,11,1
city_21,0.617,Male,Has relevent experience,no_enrollment,Graduate,STEM,17,10/49,Pvt Ltd,>4,39,0
city_103,0.918,Male,Has relevent experience,no_enrollment,Masters,STEM,7,,Pvt Ltd,1,14,1
city_99,0.919,Male,Has relevent experience,no_enrollment,Graduate,STEM,4,10000+,Pvt Ltd,1,5,0
city_136,0.876,Male,No relevent experience,no_enrollment,Masters,STEM,8,,,1,10,0
city_150,0.707,,Has relevent experience,no_enrollment,,,8,,,1,26,1
city_160,0.923,Male,Has relevent experience,no_enrollment,Graduate,STEM,14,10/49,,1,56,1
city_136,0.897,Male,No relevent experience,Full time course,High School,,3,,,1,1,0
city_142,0.701,Male,Has relevent experience,no_enrollment,Graduate,STEM,6,100-500,Pvt Ltd,>4,50,0
city_103,0.918,Male,No relevent experience,no_enrollment,Graduate,STEM,>20,,,1,30,0
city_61,0.931,Male,Has relevent experience,no_enrollment,Graduate,STEM,>20,100-500,Pvt Ltd,1,16,0
city_19,0.513,,Has relevent experience,no_enrollment,Masters,STEM,7,,,1,59,1
city_16,0.914,Male,Has relevent experience,no_enrollment,High School,,2,10000+,Pvt Ltd,1,10,0
city_103,0.909,Male,Has relevent experience,no_enrollment,Graduate,STEM,11,100-500,Pvt Ltd,1,18,0
city_136,0.882,,No relevent experience,Full time course,Graduate,STEM,4,,,1,26,0
city_128,0.623,Male,Has relevent experience,no_enrollment,Graduate,STEM,3,50-99,Pvt Ltd,1,2,1
city_21,0.616,Male,Has relevent experience,no_enrollment,Graduate,STEM,9,10000+,Pvt Ltd,2,48,0
city_160,0.92,Male,Has relevent experience,no_enrollment,Masters,STEM,>20,10000+,Pvt Ltd,>4,39,0
city_100,0.893,Male,Has relevent experience,no_enrollment,Masters,STEM,>20,10000+,Pvt Ltd,>4,104,0
city_61,0.915,Male,Has relevent experience,no_enrollment,Graduate,STEM,4,<10,Pvt Ltd,1,20,0
city_160,0.919,Male,No relevent experience,Full time course,Graduate,STEM,4,,,1,37,0
city_16,0.912,Male,Has relevent experience,no_enrollment,Masters,STEM,9,50-99,Pvt Ltd,1,41,0
city_160,0.92,Male,Has relevent experience,no_enrollment,Graduate,STEM,10,50-99,Pvt Ltd,4,1,1
city_75,0.934,Male,No relevent experience,no_enrollment,High School,,<1,,,never,11,0
city_114,0.897,Male,Has relevent experience,no_enrollment,Masters,STEM,>20,10000+,Pvt Ltd,1,16,0
city_21,0.621,,No relevent experience,Full time course,High School,,1,,,never,22,0
city_103,0.931,Male,Has relevent experience,no_enrollment,Masters,STEM,10,50-99,Pvt Ltd,1,50,0
city_21,0.625,,No relevent experience,Full time course,High School,,4,,,never,55,0
city_21,0.625,Male,Has relevent experience,no_enrollment,Graduate,STEM,7,,,1,70,0
city_75,0.932,Male,Has relevent experience,no_enrollment,Graduate,STEM,>20,50-99,Pvt Ltd,2,50,0
city_103,0.919,Male,Has relevent experience,no_enrollment,Graduate,STEM,>20,100-500,Pvt Ltd,>4,17,0
city_36,0.892,Male,Has relevent experience,no_enrollment,Masters,STEM,8,,,1,17,0
city_61,0.89,Male,Has relevent experience,no_enrollment,Graduate,STEM,6,100-500,Pvt Ltd,1,32,0
city_160,0.906,Male,No relevent experience,no_enrollment,Graduate,STEM,7,,,never,33,0
city_134,0.773,Male,Has relevent experience,no_enrollment,Graduate,STEM,>20,,,>4,19,0
city_104,0.923,Male,No relevent experience,Full time course,Graduate,STEM,7,,,never,19,1
city_144,0.812,Male,Has relevent experience,no_enrollment,Graduate,STEM,>20,,,1,13,0
city_21,0.633,Male,Has relevent experience,no_enrollment,Graduate,STEM,5,100-500,Pvt Ltd,1,30,0
city_46,0.841,Male,Has relevent experience,no_enrollment,Graduate,STEM,>20,,,>4,10,0
city_123,0.75,Male,Has relevent experience,no_enrollment,Graduate,STEM,7,100-500,Pvt Ltd,1,4,0
city_160,0.921,Male,No relevent experience,no_enrollment,Graduate,STEM,9,,,2,73,1
city_21,0.912,Male,Has relevent experience,no_enrollment,Graduate,STEM,9,10000+,Pvt Ltd,1,51,0
city_104,0.927,Male,Has relevent experience,no_enrollment,Graduate,STEM,5,,,1,20,1
city_75,0.932,Male,Has relevent experience,no_enrollment,Graduate,STEM,>20,50-99,Pvt Ltd,>4,62,0
city_114,0.925,Male,Has relevent experience,no_enrollment,Masters,STEM,>20,,,>4,61,0
city_114,0.925,Male,Has relevent experience,no_enrollment,Graduate,STEM,>20,,,1,17,0
city_114,0.926,Male,Has relevent experience,no_enrollment,Graduate,STEM,>20,100-500,Pvt Ltd,2,33,0
city_36,0.92,Male,Has relevent experience,no_enrollment,Masters,STEM,>20,10000+,Pvt Ltd,1,30,0
city_104,0.92,Male,Has relevent experience,no_enrollment,Graduate,STEM,5,100-500,Pvt Ltd,1,12,0
city_75,0.93,Male,No relevent experience,no_enrollment,Masters,STEM,5,,,never,9,0
city_103,0.848,Male,No relevent experience,no_enrollment,High School,,3,1000-4999,Pvt Ltd,never,10,0
city_160,0.902,Male,No relevent experience,no_enrollment,Graduate,STEM,5,,,never,14,1
city_11,0.542,Male,Has relevent experience,no_enrollment,Graduate,STEM,17,,,>4,30,1
city_103,0.911,Male,No relevent experience,Full time course,Graduate,STEM,6,,,1,46,0
city_160,0.92,Male,Has relevent experience,no_enrollment,Graduate,STEM,>20,,,>4,17,1
city_104,0.925,Male,Has relevent experience,no_enrollment,Graduate,STEM,5,50-99,Pvt Ltd,1,21,0
city_16,0.91,Male,Has relevent experience,no_enrollment,Graduate,STEM,14,50-99,Pvt Ltd,1,6,0
city_41,0.82,Male,No relevent experience,no_enrollment,Graduate,STEM,<1,,,never,5,1
city_65,0.729,Male,No relevent experience,no_enrollment,High School,,3,,,never,21,0
city_16,0.918,Male,Has relevent experience,no_enrollment,Graduate,STEM,9,10000+,Pvt Ltd,1,56,0
city_83,0.92,Male,Has relevent experience,no_enrollment,Masters,STEM,2,100-500,Pvt Ltd,1,21,0
city_114,0.925,Male,No relevent experience,no_enrollment,High School,,3,,,never,16,0
city_160,0.92,Male,No relevent experience,Full time course,Graduate,STEM,<1,,,never,18,0
city_104,0.92,Male,No relevent experience,no_enrollment,Graduate,STEM,8,,,1,26,0
city_116,0.719,Male,Has relevent experience,no_enrollment,Graduate,STEM,10,10/49,Pvt Ltd,1,16,0
city_100,0.82,Male,Has relevent experience,no_enrollment,Graduate,STEM,>20,50-99,Pvt Ltd,2,1,0
city_41,0.84,Male,Has relevent experience,no_enrollment,Graduate,STEM,>20,1000-4999,Pvt Ltd,>4,26,0
city_23,0.917,Male,Has relevent experience,Full time course,High School,,3,50-99,Pvt Ltd,1,21,0
city_101,0.625,Male,Has relevent experience,Full time course,Graduate,STEM,3,,,1,26,1
city_71,0.889,Male,Has relevent experience,no_enrollment,Graduate,STEM,14,100-500,Public Sector,1,93,0
city_21,0.624,Male,No relevent experience,Full time course,Graduate,STEM,1,,,never,13,1
city_100,0.804,Male,No relevent experience,no_enrollment,,,3,,,never,21,0
city_16,0.924,Male,Has relevent experience,no_enrollment,Graduate,STEM,>20,,,1,1,0
city_21,0.623,,Has relevent experience,no_enrollment,Graduate,STEM,7,1000-4999,Pvt Ltd,1,25,1
city_21,0.622,Male,No relevent experience,Full time course,Graduate,STEM,<1,,,1,17,1
city_103,0.918,Male,Has relevent experience,no_enrollment,Graduate,STEM,7,50-99,Pvt Ltd,1,19,1
city_103,0.916,Male,Has relevent experience,no_enrollment,Graduate,STEM,>20,1000-4999,Pvt Ltd,>4,68,0
city_138,0.821,Male,Has relevent experience,no_enrollment,Masters,STEM,>20,,,2,6,0
city_43,0.68,Male,Has relevent experience,no_enrollment,Graduate,STEM,4,,,1,8,0
city_103,0.92,Male,No relevent experience,no_enrollment,Masters,STEM,>20,,,1,7,0
city_61,0.916,Male,Has relevent experience,no_enrollment,Masters,STEM,>20,100-500,Pvt Ltd,1,11,0
city_65,0.778,Male,Has relevent experience,no_enrollment,Masters,STEM,10,10000+,Pvt Ltd,2,5,0
city_103,0.919,Male,No relevent experience,no_enrollment,Graduate,STEM,<1,,,1,26,1
city_101,0.623,,Has relevent experience,Full time course,Graduate,STEM,3,50-99,Pvt Ltd,1,19,1
city_21,0.623,,No relevent experience,Full time course,High School,,<1,,,never,18,1
city_103,0.919,Male,Has relevent experience,no_enrollment,Graduate,STEM,7,100-500,Pvt Ltd,1,29,0
city_16,0.919,Male,No relevent experience,no_enrollment,Graduate,STEM,<1,,,never,21,1
city_114,0.922,Male,Has relevent experience,no_enrollment,High School,,>20,10000+,Pvt Ltd,>4,11,0
city_73,0.743,,No relevent experience,Full time course,High School,STEM,4,,,never,6,0
city_16,0.916,Male,No relevent experience,Full time course,High School,STEM,2,,,1,7,0
city_104,0.924,Male,Has relevent experience,no_enrollment,Graduate,STEM,5,50-99,Pvt Ltd,1,14,1
city_138,0.825,Male,Has relevent experience,no_enrollment,Masters,STEM,10,,,1,5,0
city_67,0.849,Male,Has relevent experience,Full time course,Masters,STEM,8,50-99,Funded Startup,1,176,0
city_16,0.92,Male,Has relevent experience,no_enrollment,Masters,STEM,>20,1000-4999,Pvt Ltd,>4,10,0
city_16,0.923,Male,No relevent experience,no_enrollment,High School,,3,10000+,Public Sector,1,14,0
city_149,0.674,Male,Has relevent experience,no_enrollment,Graduate,STEM,3,50-99,Pvt Ltd,1,37,0
city_73,0.656,Male,Has relevent experience,no_enrollment,Graduate,STEM,10,1000-4999,Pvt Ltd,>4,37,0
city_11,0.709,,No relevent experience,no_enrollment,Graduate,STEM,>20,,,>4,23,1
city_160,0.921,Male,Has relevent experience,no_enrollment,Graduate,STEM,>20,100-500,Pvt Ltd,>4,37,0
city_162,0.762,Male,No relevent experience,Full time course,Graduate,STEM,4,,,1,7,0
city_10,0.886,Male,Has relevent experience,no_enrollment,Graduate,STEM,>20,1000-4999,Pvt Ltd,>4,4,0
city_67,0.88,Male,Has relevent experience,no_enrollment,Graduate,STEM,>20,,,>4,45,0
city_103,0.921,Male,Has relevent experience,no_enrollment,Graduate,STEM,>20,,,1,20,0
city_21,0.623,Male,Has relevent experience,no_enrollment,Graduate,STEM,5,10/49,Early Stage Startup,1,15,1
city_21,0.918,Male,No relevent experience,Full time course,Graduate,STEM,1,50-99,Pvt Ltd,1,10,0
city_100,0.889,Male,Has relevent experience,no_enrollment,Graduate,STEM,10,50-99,Pvt Ltd,1,24,0
city_16,0.913,Male,Has relevent experience,no_enrollment,Graduate,STEM,>20,100-500,Pvt Ltd,2,11,0
city_99,0.92,Male,Has relevent experience,Full time course,Graduate,STEM,2,50-99,Early Stage Startup,1,51,0
city_104,0.925,Male,No relevent experience,Full time course,Graduate,STEM,2,,,1,26,0
city_103,0.919,,Has relevent experience,no_enrollment,Graduate,STEM,7,50-99,Pvt Ltd,4,65,0
city_57,0.866,Male,Has relevent experience,no_enrollment,Masters,STEM,>20,100-500,Pvt Ltd,>4,19,0
city_103,0.92,Male,No relevent experience,no_enrollment,High School,,3,,,never,13,0
city_23,0.902,Male,Has relevent experience,no_enrollment,Graduate,STEM,>20,<10,Funded Startup,>4,10,0
city_102,0.822,Male,No relevent experience,no_enrollment,High School,,3,,,never,29,0
city_160,0.923,Male,Has relevent experience,no_enrollment,Graduate,STEM,>20,,,>4,20,1
city_97,0.919,Male,Has relevent experience,no_enrollment,Graduate,STEM,>20,100-500,Pvt Ltd,>4,26,0
city_21,0.622,Male,No relevent experience,Full time course,Graduate,STEM,2,50-99,Pvt Ltd,1,23,0
city_104,0.92,Male,Has relevent experience,no_enrollment,Graduate,STEM,4,50-99,Pvt Ltd,1,11,0
city_61,0.913,Male,Has relevent experience,no_enrollment,Graduate,STEM,4,50-99,Pvt Ltd,1,24,0
city_102,0.705,Male,No relevent experience,Full time course,High School,,1,,,never,28,0
city_103,0.92,Male,No relevent experience,no_enrollment,Masters,STEM,6,,,1,16,0
city_114,0.932,Male,No relevent experience,no_enrollment,Masters,STEM,>20,,,1,11,0
city_21,0.671,Male,No relevent experience,Full time course,Graduate,STEM,4,,,1,59,1
city_103,0.921,,Has relevent experience,no_enrollment,Graduate,STEM,9,10000+,Pvt Ltd,4,60,0
city_97,0.924,Male,Has relevent experience,no_enrollment,Masters,STEM,>20,,,>4,69,0
city_103,0.612,Male,No relevent experience,no_enrollment,Graduate,STEM,<1,,,1,16,0
city_138,0.82,Male,Has relevent experience,no_enrollment,Masters,STEM,10,50-99,Pvt Ltd,1,13,0
city_104,0.922,,Has relevent experience,Full time course,Masters,STEM,4,50-99,Pvt Ltd,1,42,0
city_21,0.92,Male,Has relevent experience,no_enrollment,Graduate,STEM,7,,,1,33,0
city_23,0.91,Male,Has relevent experience,no_enrollment,Primary School,,3,,Pvt Ltd,never,11,0
city_100,0.888,Male,Has relevent experience,no_enrollment,High School,,>20,,,>4,17,0
city_103,0.881,Male,No relevent experience,Full time course,Graduate,STEM,7,,,1,21,0
city_90,0.705,Male,No relevent experience,Full time course,High School,,3,,Pvt Ltd,1,7,0
city_160,0.921,Male,Has relevent experience,no_enrollment,Graduate,STEM,>20,,,>4,57,0
city_114,0.933,Male,Has relevent experience,no_enrollment,Masters,,>20,,,>4,29,0
city_114,0.925,Male,Has relevent experience,no_enrollment,Graduate,STEM,>20,100-500,Pvt Ltd,>4,14,0
city_21,0.624,Male,Has relevent experience,no_enrollment,Graduate,STEM,5,50-99,Pvt Ltd,1,1,0
city_16,0.914,Male,No relevent experience,no_enrollment,Graduate,STEM,1,50-99,Pvt Ltd,1,10,0
city_103,0.918,Male,No relevent experience,no_enrollment,Masters,STEM,7,,,1,29,0
city_12,0.637,Male,Has relevent experience,no_enrollment,Graduate,STEM,10,500-999,Pvt Ltd,>4,6,1
city_160,0.917,Male,Has relevent experience,no_enrollment,Graduate,STEM,>20,10/49,Early Stage Startup,1,11,0
city_136,0.9,Male,No relevent experience,no_enrollment,Graduate,STEM,>20,,,1,10,0
city_136,0.859,Male,Has relevent experience,no_enrollment,Masters,STEM,10,100-500,Pvt Ltd,1,12,0
city_21,0.615,Male,No relevent experience,no_enrollment,,,<1,,,never,44,1
city_162,0.651,Male,Has relevent experience,no_enrollment,Graduate,STEM,11,,,1,18,0
city_160,0.92,Male,Has relevent experience,no_enrollment,Graduate,STEM,19,10000+,Pvt Ltd,>4,44,0
city_75,0.938,Male,Has relevent experience,no_enrollment,Graduate,STEM,5,,,1,24,0
city_103,0.919,Male,No relevent experience,Full time course,Graduate,STEM,2,,,1,26,0
city_21,0.623,,Has relevent experience,no_enrollment,Masters,STEM,18,,,>4,31,1
city_99,0.922,Male,Has relevent experience,no_enrollment,Graduate,STEM,>20,100-500,Pvt Ltd,1,18,0
city_21,0.917,,No relevent experience,no_enrollment,,,<1,,Pvt Ltd,1,14,1
city_21,0.625,Male,No relevent experience,no_enrollment,Graduate,STEM,4,,,1,12,1
city_90,0.695,,Has relevent experience,no_enrollment,Masters,STEM,15,100-500,Public Sector,>4,9,0
city_74,0.624,,Has relevent experience,no_enrollment,Graduate,STEM,3,50-99,Pvt Ltd,never,22,1
city_21,0.624,Male,Has relevent experience,no_enrollment,Graduate,STEM,9,10000+,Pvt Ltd,>4,60,0
city_99,0.911,Male,Has relevent experience,no_enrollment,Graduate,STEM,5,10/49,Pvt Ltd,1,20,0
city_103,0.92,Male,Has relevent experience,no_enrollment,Masters,STEM,>20,10000+,Pvt Ltd,1,21,0
city_114,0.928,Male,No relevent experience,Full time course,High School,,3,,,never,6,0
city_46,0.751,Male,No relevent experience,Full time course,Graduate,STEM,4,,,1,8,1
city_101,0.581,Male,No relevent experience,Full time course,Graduate,,2,,,never,27,0
city_21,0.614,Male,Has relevent experience,Full time course,Graduate,STEM,4,10/49,,1,17,1
city_102,0.828,,No relevent experience,Full time course,Graduate,STEM,1,50-99,,1,30,0
city_100,0.88,Male,No relevent experience,Full time course,High School,,4,,,1,19,0
city_16,0.889,Male,No relevent experience,no_enrollment,High School,,>20,,,never,26,0
city_104,0.922,Male,No relevent experience,Full time course,Graduate,STEM,5,50-99,Public Sector,1,11,0
city_160,0.897,Male,No relevent experience,Full time course,Graduate,STEM,4,,,1,42,1
city_103,0.919,Male,Has relevent experience,no_enrollment,Graduate,STEM,14,100-500,Pvt Ltd,1,68,0
city_21,0.529,,No relevent experience,Full time course,High School,,3,,,1,25,1
city_21,0.62,Male,No relevent experience,no_enrollment,Graduate,STEM,<1,,,1,30,1
city_103,0.625,Male,No relevent experience,no_enrollment,Masters,STEM,3,50-99,Pvt Ltd,1,1,0
city_114,0.921,Male,Has relevent experience,no_enrollment,Graduate,STEM,>20,50-99,Pvt Ltd,>4,20,0
city_103,0.918,Male,Has relevent experience,no_enrollment,Graduate,STEM,>20,1000-4999,Pvt Ltd,>4,38,0
city_21,0.916,Male,No relevent experience,no_enrollment,Graduate,STEM,<1,,,1,34,1
city_11,0.558,,Has relevent experience,no_enrollment,Masters,,<1,,Pvt Ltd,1,22,1
city_16,0.911,Male,No relevent experience,no_enrollment,Masters,STEM,>20,,,1,8,0
city_99,0.914,Male,Has relevent experience,no_enrollment,Phd,STEM,>20,100-500,Public Sector,1,15,0
city_101,0.71,,No relevent experience,Full time course,Graduate,,1,,,never,12,0
city_19,0.687,Male,Has relevent experience,no_enrollment,Graduate,STEM,3,100-500,Pvt Ltd,1,36,0
city_21,0.625,,No relevent experience,Full time course,High School,,3,,Pvt Ltd,never,15,1
city_61,0.92,Male,Has relevent experience,no_enrollment,Graduate,STEM,13,100-500,Pvt Ltd,1,44,0
city_101,0.728,Male,No relevent experience,Full time course,Graduate,STEM,2,,Pvt Ltd,1,28,0
city_16,0.915,Male,Has relevent experience,no_enrollment,Graduate,STEM,>20,,,1,1,0
city_114,0.925,Male,Has relevent experience,no_enrollment,Graduate,STEM,>20,100-500,Pvt Ltd,>4,35,0
city_114,0.926,Male,No relevent experience,Full time course,High School,,3,10000+,Pvt Ltd,1,24,0
city_103,0.921,Male,Has relevent experience,no_enrollment,Graduate,STEM,19,10000+,Pvt Ltd,>4,49,0
city_16,0.909,Male,No relevent experience,no_enrollment,High School,,3,,,never,13,0
city_103,0.909,Male,Has relevent experience,no_enrollment,Graduate,STEM,4,10000+,Pvt Ltd,1,20,0
city_114,0.919,Male,Has relevent experience,no_enrollment,Graduate,STEM,>20,,,1,20,0
city_73,0.838,Male,Has relevent experience,no_enrollment,Graduate,STEM,>20,,,1,18,0
city_102,0.792,Male,Has relevent experience,no_enrollment,High School,,8,,,1,12,0
city_103,0.919,Male,No relevent experience,no_enrollment,High School,,3,,Pvt Ltd,1,13,0
city_24,0.654,Male,No relevent experience,no_enrollment,Graduate,STEM,11,,,never,15,1
city_36,0.92,Male,Has relevent experience,no_enrollment,Graduate,STEM,>20,100-500,Pvt Ltd,1,28,0
city_73,0.787,Male,Has relevent experience,no_enrollment,Masters,STEM,>20,50-99,Pvt Ltd,1,10,0
city_103,0.921,Male,No relevent experience,no_enrollment,Graduate,STEM,5,,,1,1,1
city_21,0.625,Male,No relevent experience,Full time course,Graduate,STEM,4,,,1,27,1
city_21,0.919,Male,Has relevent experience,no_enrollment,Graduate,STEM,3,,,1,11,1
city_103,0.916,Male,No relevent experience,no_enrollment,Phd,STEM,>20,,,1,20,0
city_23,0.911,Male,Has relevent experience,Full time course,High School,,8,,,1,143,0
city_114,0.917,Male,No relevent experience,Full time course,Graduate,STEM,3,50-99,,1,42,0
city_61,0.911,Male,Has relevent experience,no_enrollment,Graduate,STEM,>20,100-500,Pvt Ltd,1,7,0
city_71,0.895,Male,Has relevent experience,no_enrollment,Graduate,STEM,6,10/49,,1,26,0
city_75,0.928,Male,No relevent experience,no_enrollment,High School,,3,,,never,24,0
city_99,0.921,Male,Has relevent experience,no_enrollment,Graduate,STEM,5,100-500,Pvt Ltd,1,22,0
city_104,0.923,Male,No relevent experience,no_enrollment,,,6,,,never,18,0
city_136,0.876,Male,Has relevent experience,no_enrollment,Masters,STEM,>20,1000-4999,Pvt Ltd,>4,16,0
city_160,0.921,Male,Has relevent experience,no_enrollment,Graduate,STEM,2,,,1,27,0
city_61,0.909,Male,Has relevent experience,no_enrollment,Graduate,STEM,>20,10/49,Pvt Ltd,1,16,0
city_160,0.917,Male,Has relevent experience,no_enrollment,Graduate,STEM,13,100-500,Pvt Ltd,>4,31,0
city_21,0.916,Male,No relevent experience,Full time course,Graduate,STEM,4,,,1,32,1
city_1,0.812,Male,No relevent experience,Full time course,Graduate,STEM,2,,,1,37,0
city_109,0.705,Male,No relevent experience,Full time course,Graduate,STEM,2,,,1,23,0
city_103,0.92,Male,No relevent experience,no_enrollment,Graduate,STEM,5,10000+,Pvt Ltd,1,17,1
city_160,0.917,Male,Has relevent experience,no_enrollment,Masters,STEM,>20,10000+,Pvt Ltd,>4,25,0
city_104,0.922,Male,Has relevent experience,no_enrollment,Graduate,STEM,5,100-500,Pvt Ltd,1,22,0
city_103,0.918,Male,No relevent experience,no_enrollment,High School,,3,,,never,15,0
city_21,0.565,Male,No relevent experience,no_enrollment,Graduate,STEM,5,,,never,11,1
city_160,0.921,Male,Has relevent experience,no_enrollment,Graduate,STEM,>20,,,1,15,0
city_21,0.911,Male,Has relevent experience,no_enrollment,Graduate,STEM,4,,Public Sector,1,25,1
city_72,0.709,,No relevent experience,Full time course,Masters,STEM,3,50-99,Pvt Ltd,1,23,0
city_102,0.834,Male,No relevent experience,Full time course,Graduate,STEM,3,,,1,14,0
city_152,0.703,Male,Has relevent experience,no_enrollment,Graduate,STEM,>20,100-500,Pvt Ltd,>4,53,0
city_21,0.623,,Has relevent experience,no_enrollment,Graduate,STEM,6,100-500,Pvt Ltd,1,48,0
city_136,0.938,Male,No relevent experience,Full time course,Graduate,STEM,4,,,1,1,0
city_16,0.891,Male,No relevent experience,no_enrollment,High School,,>20,<10,Pvt Ltd,1,16,0
city_104,0.921,Male,Has relevent experience,no_enrollment,Graduate,STEM,>20,100-500,Pvt Ltd,>4,3,0
city_21,0.623,Male,Has relevent experience,no_enrollment,Graduate,STEM,10,50-99,Pvt Ltd,4,14,1
city_114,0.928,Male,Has relevent experience,no_enrollment,Masters,STEM,>20,100-500,Pvt Ltd,1,49,0
city_155,0.622,,Has relevent experience,no_enrollment,Graduate,STEM,3,,,1,52,1
city_103,0.919,Male,No relevent experience,no_enrollment,High School,,3,,,1,13,0
city_149,0.696,Male,Has relevent experience,no_enrollment,Graduate,STEM,6,100-500,Pvt Ltd,1,25,0
city_50,0.889,Male,Has relevent experience,no_enrollment,Graduate,STEM,10,1000-4999,Pvt Ltd,>4,18,0
city_21,0.623,,No relevent experience,Full time course,Graduate,STEM,<1,,,1,43,1
city_114,0.938,Male,Has relevent experience,no_enrollment,Graduate,STEM,10,50-99,Pvt Ltd,1,5,0
city_160,0.921,Male,No relevent experience,Full time course,High School,,1,50-99,Pvt Ltd,1,33,0
city_23,0.894,Male,Has relevent experience,no_enrollment,Graduate,STEM,>20,100-500,Pvt Ltd,>4,28,0
city_103,0.919,Male,Has relevent experience,no_enrollment,Masters,STEM,8,,,1,5,0
city_21,0.629,,No relevent experience,Full time course,High School,,4,,,never,43,0
city_114,0.929,Male,Has relevent experience,no_enrollment,Graduate,STEM,4,50-99,Pvt Ltd,1,47,0
city_160,0.628,Male,Has relevent experience,Full time course,Masters,STEM,4,,,1,26,0
city_71,0.902,Male,Has relevent experience,Full time course,Graduate,STEM,5,,,1,28,0
city_136,0.862,Male,Has relevent experience,no_enrollment,Masters,STEM,14,100-500,Pvt Ltd,1,14,0
city_103,0.921,Male,Has relevent experience,no_enrollment,Graduate,STEM,7,,,1,36,1
city_11,0.544,Male,Has relevent experience,no_enrollment,Graduate,STEM,10,50-99,Pvt Ltd,>4,19,0
city_114,0.923,Male,Has relevent experience,no_enrollment,Graduate,STEM,>20,,,1,27,0
city_61,0.92,Male,Has relevent experience,no_enrollment,Graduate,STEM,10,100-500,Pvt Ltd,1,13,0
city_61,0.909,Male,No relevent experience,no_enrollment,Masters,STEM,<1,,,1,115,0
city_61,0.916,Male,Has relevent experience,no_enrollment,Masters,STEM,8,100-500,Pvt Ltd,1,12,0
city_16,0.916,Male,No relevent experience,Full time course,High School,,3,,Public Sector,never,6,0
city_103,0.921,Male,No relevent experience,no_enrollment,Graduate,STEM,>20,,,1,21,0
city_103,0.927,Male,Has relevent experience,no_enrollment,Graduate,STEM,>20,1000-4999,Pvt Ltd,>4,66,0
city_21,0.619,Male,No relevent experience,Full time course,Graduate,STEM,4,,,1,53,0
city_136,0.884,Male,Has relevent experience,no_enrollment,Masters,STEM,>20,,,>4,16,0
city_41,0.809,Male,No relevent experience,Full time course,Graduate,STEM,3,50-99,Public Sector,1,6,1
city_160,0.904,Male,No relevent experience,no_enrollment,High School,,5,,,never,26,0
city_36,0.921,Male,Has relevent experience,no_enrollment,Masters,STEM,>20,10000+,Pvt Ltd,1,40,0
city_21,0.624,Male,Has relevent experience,no_enrollment,Graduate,STEM,3,50-99,Pvt Ltd,1,25,1
city_74,0.568,,No relevent experience,Full time course,Masters,STEM,3,50-99,Pvt Ltd,1,18,1
city_83,0.625,Male,Has relevent experience,no_enrollment,Graduate,STEM,2,500-999,Pvt Ltd,1,24,0
city_138,0.827,Male,Has relevent experience,no_enrollment,Masters,STEM,>20,50-99,Pvt Ltd,2,8,0
city_136,0.907,Male,Has relevent experience,no_enrollment,Graduate,STEM,8,100-500,Pvt Ltd,1,56,0
city_128,0.547,,Has relevent experience,no_enrollment,,,<1,,,1,56,1
city_101,0.624,Male,No relevent experience,Full time course,Graduate,STEM,2,,Pvt Ltd,1,24,1
city_136,0.92,Male,Has relevent experience,no_enrollment,Masters,STEM,>20,10000+,Pvt Ltd,1,28,0
city_160,0.922,Male,Has relevent experience,Full time course,Graduate,STEM,5,100-500,Pvt Ltd,1,47,0
city_103,0.92,Male,Has relevent experience,no_enrollment,Graduate,STEM,9,100-500,Public Sector,2,13,0
city_16,0.903,Male,No relevent experience,Full time course,High School,,3,,,never,33,0
city_160,0.92,Male,Has relevent experience,no_enrollment,Graduate,STEM,6,,,1,36,0
city_152,0.792,Male,No relevent experience,no_enrollment,High School,,<1,,,never,23,0
city_103,0.9,Male,Has relevent experience,no_enrollment,Graduate,STEM,>20,100-500,Pvt Ltd,1,27,0
city_103,0.919,,No relevent experience,no_enrollment,Graduate,STEM,7,10000+,Pvt Ltd,1,20,0
city_104,0.922,Male,No relevent experience,no_enrollment,High School,,6,,,never,24,0
city_100,0.878,Male,Has relevent experience,no_enrollment,Masters,STEM,10,100-500,Pvt Ltd,1,14,0
city_142,0.713,Male,Has relevent experience,no_enrollment,Graduate,STEM,6,100-500,Pvt Ltd,1,38,0
city_114,0.906,Male,Has relevent experience,no_enrollment,Graduate,STEM,9,10000+,Pvt Ltd,2,46,0
city_114,0.926,Male,Has relevent experience,no_enrollment,Graduate,STEM,5,50-99,Pvt Ltd,1,10,0
city_123,0.712,Male,No relevent experience,Full time course,Graduate,STEM,2,,Pvt Ltd,1,8,0
city_102,0.793,Male,Has relevent experience,no_enrollment,Graduate,STEM,>20,<10,Pvt Ltd,>4,13,0
city_74,0.579,,Has relevent experience,Full time course,Masters,STEM,3,50-99,,1,26,0
city_114,0.927,Male,No relevent experience,Full time course,Masters,STEM,4,50-99,Pvt Ltd,1,17,0
city_104,0.923,,No relevent experience,Full time course,High School,,4,50-99,Pvt Ltd,1,41,0
city_21,0.629,,Has relevent experience,no_enrollment,Masters,STEM,<1,,,1,13,1
city_23,0.844,Male,No relevent experience,Full time course,High School,,1,,,1,24,0
city_71,0.879,Male,Has relevent experience,no_enrollment,Graduate,STEM,6,100-500,Pvt Ltd,1,27,0
city_103,0.919,Male,No relevent experience,no_enrollment,Graduate,STEM,<1,,,1,10,1
city_101,0.557,Male,Has relevent experience,no_enrollment,High School,,3,,,1,22,0
city_103,0.921,Male,Has relevent experience,no_enrollment,Graduate,STEM,19,10000+,Pvt Ltd,>4,54,0
city_21,0.624,,No relevent experience,Full time course,Graduate,STEM,2,,,never,31,1
city_21,0.622,,Has relevent experience,no_enrollment,Graduate,STEM,3,10000+,Pvt Ltd,1,28,0
city_21,0.918,Male,No relevent experience,no_enrollment,High School,,<1,,,never,106,1
city_21,0.624,,Has relevent experience,no_enrollment,Graduate,STEM,>20,1000-4999,Pvt Ltd,>4,98,1
city_103,0.919,Male,No relevent experience,Full time course,Graduate,STEM,2,50-99,Pvt Ltd,1,14,0
city_71,0.869,Male,Has relevent experience,no_enrollment,Graduate,STEM,>20,100-500,Pvt Ltd,>4,12,0
city_21,0.542,Male,Has relevent experience,no_enrollment,Graduate,STEM,6,,,1,48,1
city_99,0.624,Male,No relevent experience,no_enrollment,High School,,4,,Pvt Ltd,1,18,0
city_136,0.907,Male,Has relevent experience,no_enrollment,Masters,STEM,>20,1000-4999,Pvt Ltd,>4,91,0
city_103,0.927,Male,No relevent experience,Full time course,Masters,STEM,4,,,1,12,0
city_16,0.877,Male,Has relevent experience,no_enrollment,Graduate,STEM,10,50-99,Pvt Ltd,1,12,0
city_136,0.906,Male,Has relevent experience,no_enrollment,Masters,STEM,8,10000+,Pvt Ltd,1,23,0
city_57,0.863,Male,Has relevent experience,no_enrollment,Graduate,STEM,>20,,,1,29,0
city_99,0.919,Male,Has relevent experience,no_enrollment,Graduate,STEM,7,50-99,Funded Startup,1,177,0
city_100,0.891,Male,Has relevent experience,no_enrollment,Masters,STEM,>20,50-99,Pvt Ltd,>4,12,0
city_21,0.622,Male,Has relevent experience,no_enrollment,Graduate,STEM,4,50-99,Pvt Ltd,1,67,0
city_16,0.626,Male,No relevent experience,no_enrollment,Graduate,STEM,5,,,1,23,1
city_155,0.544,,No relevent experience,Full time course,Graduate,STEM,4,,,1,29,1
city_73,0.741,Male,Has relevent experience,no_enrollment,High School,,3,,,1,14,0
city_102,0.719,Male,Has relevent experience,Full time course,Graduate,STEM,1,50-99,Pvt Ltd,1,62,0
city_21,0.621,,Has relevent experience,no_enrollment,Masters,STEM,3,50-99,Pvt Ltd,1,13,1
city_21,0.562,,Has relevent experience,Full time course,Graduate,STEM,3,50-99,Pvt Ltd,1,11,1
city_103,0.921,Male,No relevent experience,no_enrollment,Phd,STEM,>20,1000-4999,Public Sector,>4,51,0
city_103,0.921,Male,No relevent experience,Full time course,Graduate,STEM,4,,,1,20,0
city_160,0.626,Male,No relevent experience,Full time course,Graduate,STEM,5,,,1,18,1
city_101,0.565,Male,No relevent experience,Full time course,Graduate,STEM,3,50-99,Pvt Ltd,1,1,0
city_97,0.922,Male,Has relevent experience,no_enrollment,Masters,STEM,>20,1000-4999,Pvt Ltd,>4,7,0
city_16,0.921,Male,Has relevent experience,no_enrollment,Graduate,STEM,>20,100-500,Pvt Ltd,>4,23,0
city_160,0.92,,No relevent experience,no_enrollment,Graduate,STEM,5,,,never,35,1
city_16,0.907,Male,Has relevent experience,no_enrollment,Graduate,STEM,4,50-99,Pvt Ltd,1,36,1
city_102,0.809,Male,No relevent experience,Full time course,High School,,2,,,1,25,0
city_46,0.75,Male,Has relevent experience,no_enrollment,Graduate,STEM,14,100-500,Public Sector,>4,42,1
city_61,0.916,Male,Has relevent experience,no_enrollment,Masters,STEM,>20,500-999,Pvt Ltd,2,23,0
city_103,0.921,Male,Has relevent experience,no_enrollment,Graduate,STEM,10,50-99,Pvt Ltd,4,198,0
city_21,0.62,,No relevent experience,no_enrollment,High School,,<1,,,1,104,1
city_103,0.822,Male,No relevent experience,no_enrollment,Masters,STEM,<1,,,never,1,0
city_136,0.916,,No relevent experience,Full time course,High School,,4,,,1,32,0
city_116,0.689,,No relevent experience,Full time course,Graduate,STEM,3,,,1,18,0
city_160,0.92,Male,Has relevent experience,no_enrollment,Graduate,STEM,>20,500-999,Pvt Ltd,>4,17,1
city_160,0.92,Male,Has relevent experience,no_enrollment,Graduate,STEM,>20,10/49,Pvt Ltd,>4,12,0
city_105,0.799,Male,Has relevent experience,no_enrollment,Graduate,STEM,4,<10,Early Stage Startup,1,18,0
city_41,0.834,Male,Has relevent experience,no_enrollment,Graduate,STEM,>20,50-99,Pvt Ltd,>4,49,0
city_114,0.925,Male,No relevent experience,Full time course,Masters,STEM,3,50-99,Pvt Ltd,1,21,0
city_21,0.626,Male,Has relevent experience,no_enrollment,Graduate,STEM,6,,,1,19,1
city_165,0.938,Male,Has relevent experience,no_enrollment,Masters,STEM,>20,,Pvt Ltd,>4,12,0
city_65,0.763,Male,Has relevent experience,no_enrollment,Graduate,STEM,>20,50-99,Pvt Ltd,>4,11,0
city_116,0.737,Male,Has relevent experience,Full time course,Masters,STEM,8,100-500,Pvt Ltd,1,14,0
city_136,0.906,Male,Has relevent experience,no_enrollment,Masters,STEM,10,10000+,Pvt Ltd,1,36,0
city_103,0.912,Male,Has relevent experience,no_enrollment,Graduate,STEM,>20,100-500,Pvt Ltd,2,16,0
city_73,0.776,Male,Has relevent experience,no_enrollment,Graduate,STEM,10,100-500,Pvt Ltd,>4,8,0
city_21,0.61,Male,Has relevent experience,no_enrollment,Graduate,STEM,7,1000-4999,Pvt Ltd,3,24,1
city_103,0.919,Male,Has relevent experience,no_enrollment,Graduate,STEM,9,10000+,Pvt Ltd,1,53,0
city_21,0.623,Male,Has relevent experience,Full time course,Graduate,STEM,2,100-500,Pvt Ltd,1,52,0
city_16,0.914,Male,Has relevent experience,no_enrollment,High School,,8,10000+,Pvt Ltd,1,13,0
city_73,0.738,Male,Has relevent experience,no_enrollment,Masters,STEM,10,,,1,22,0
city_103,0.924,Male,Has relevent experience,no_enrollment,Graduate,STEM,5,10/49,Funded Startup,1,14,1
city_103,0.915,Male,Has relevent experience,no_enrollment,Graduate,STEM,>20,1000-4999,Pvt Ltd,1,13,0
city_16,0.896,Male,Has relevent experience,no_enrollment,Masters,,>20,50-99,Pvt Ltd,>4,85,0
city_134,0.671,,Has relevent experience,no_enrollment,Masters,STEM,>20,1000-4999,Pvt Ltd,>4,47,0
city_138,0.829,Male,No relevent experience,no_enrollment,High School,,3,,,never,22,0
city_40,0.692,Male,Has relevent experience,Full time course,Graduate,STEM,4,,,1,40,0
city_114,0.913,Male,Has relevent experience,no_enrollment,Graduate,STEM,>20,100-500,Pvt Ltd,>4,35,0
city_102,0.728,Male,No relevent experience,Full time course,Graduate,STEM,4,,,1,11,0
city_104,0.921,Male,Has relevent experience,no_enrollment,Graduate,STEM,10,50-99,Pvt Ltd,4,62,1
city_103,0.92,Male,No relevent experience,no_enrollment,Graduate,STEM,2,10000+,Pvt Ltd,1,27,0
city_21,0.623,,No relevent experience,Full time course,Graduate,STEM,<1,,,,36,1
city_16,0.912,Male,Has relevent experience,no_enrollment,Graduate,STEM,>20,1000-4999,Pvt Ltd,>4,19,0
city_73,0.713,Male,Has relevent experience,no_enrollment,Graduate,STEM,10,100-500,Pvt Ltd,1,2,0
city_160,0.92,Male,Has relevent experience,no_enrollment,Graduate,STEM,>20,10/49,Pvt Ltd,1,10,0
city_104,0.926,Male,No relevent experience,no_enrollment,High School,,2,,Pvt Ltd,1,23,0
city_160,0.921,,No relevent experience,no_enrollment,Masters,STEM,>20,,Public Sector,>4,45,1
city_104,0.626,Male,No relevent experience,Full time course,High School,,5,,,never,29,0
city_61,0.92,Male,Has relevent experience,no_enrollment,Masters,STEM,>20,10000+,Pvt Ltd,>4,59,0
city_136,0.898,Male,Has relevent experience,no_enrollment,Masters,STEM,2,10000+,Pvt Ltd,1,31,0
city_21,0.625,Male,No relevent experience,no_enrollment,High School,,3,,Pvt Ltd,never,12,1
city_43,0.507,Male,Has relevent experience,no_enrollment,Graduate,STEM,4,,Pvt Ltd,1,25,1
city_21,0.623,Male,Has relevent experience,no_enrollment,Graduate,STEM,3,10000+,Pvt Ltd,1,23,1
city_158,0.665,Male,Has relevent experience,no_enrollment,Graduate,STEM,5,10/49,Pvt Ltd,1,9,0
city_19,0.701,Male,Has relevent experience,Full time course,Graduate,STEM,5,10/49,,1,14,0
city_136,0.899,Male,No relevent experience,no_enrollment,Masters,STEM,>20,,,1,23,0
city_41,0.813,Male,Has relevent experience,no_enrollment,Graduate,STEM,>20,100-500,Pvt Ltd,>4,39,0
city_26,0.746,Male,Has relevent experience,Full time course,Masters,STEM,4,50-99,Pvt Ltd,1,29,0
city_160,0.919,,Has relevent experience,no_enrollment,Masters,STEM,7,10000+,Pvt Ltd,4,38,0
city_103,0.922,Male,Has relevent experience,no_enrollment,Masters,STEM,>20,1000-4999,Pvt Ltd,>4,44,0
city_114,0.92,Male,Has relevent experience,no_enrollment,Masters,STEM,4,50-99,Pvt Ltd,1,15,0
city_67,0.861,Male,No relevent experience,no_enrollment,Graduate,STEM,>20,,Public Sector,2,9,0
city_103,0.918,Male,No relevent experience,no_enrollment,Primary School,,3,,Pvt Ltd,never,19,1
city_103,0.901,Male,Has relevent experience,no_enrollment,Graduate,STEM,16,50-99,Funded Startup,1,17,0
city_138,0.887,Male,No relevent experience,no_enrollment,Masters,STEM,5,,,never,4,0
city_16,0.911,Male,Has relevent experience,no_enrollment,Graduate,STEM,>20,50-99,Pvt Ltd,>4,15,0
city_55,0.572,Male,Has relevent experience,no_enrollment,Graduate,STEM,11,,,1,7,1
city_16,0.914,Male,Has relevent experience,no_enrollment,Masters,STEM,>20,10000+,Pvt Ltd,>4,17,0
city_103,0.918,Male,Has relevent experience,no_enrollment,Graduate,STEM,10,1000-4999,Pvt Ltd,>4,18,1
city_16,0.909,Male,Has relevent experience,no_enrollment,Graduate,STEM,3,50-99,Pvt Ltd,1,45,0
city_16,0.91,Male,No relevent experience,no_enrollment,Graduate,STEM,4,,,1,17,0
city_138,0.821,Male,Has relevent experience,no_enrollment,Masters,STEM,>20,,,>4,20,0
city_136,0.903,Male,Has relevent experience,no_enrollment,Masters,STEM,8,,,1,18,0
city_21,0.625,,No relevent experience,Full time course,High School,,4,,,1,22,1
city_21,0.914,Male,Has relevent experience,no_enrollment,Graduate,STEM,6,50-99,Funded Startup,1,62,0
city_21,0.92,Male,No relevent experience,Full time course,Graduate,STEM,4,,,never,22,1
city_21,0.914,Male,Has relevent experience,no_enrollment,Graduate,STEM,5,50-99,Pvt Ltd,1,3,0
city_160,0.925,Male,Has relevent experience,no_enrollment,Masters,STEM,5,50-99,Pvt Ltd,1,1,0
city_16,0.887,Male,No relevent experience,Full time course,Graduate,STEM,2,,,never,17,0
city_21,0.62,Male,Has relevent experience,no_enrollment,Graduate,STEM,7,50-99,Pvt Ltd,1,14,0
city_103,0.921,Male,Has relevent experience,no_enrollment,Graduate,STEM,5,10000+,Pvt Ltd,1,29,1
city_16,0.901,Male,Has relevent experience,no_enrollment,Graduate,STEM,>20,10/49,Pvt Ltd,2,78,0
city_21,0.915,Male,Has relevent experience,no_enrollment,Graduate,STEM,7,10000+,Pvt Ltd,1,54,0
city_160,0.92,Male,No relevent experience,no_enrollment,Graduate,STEM,>20,,,never,11,1
city_36,0.893,Male,Has relevent experience,no_enrollment,Graduate,STEM,>20,10/49,Funded Startup,1,20,0
city_103,0.92,Male,Has relevent experience,no_enrollment,Graduate,STEM,>20,10000+,Pvt Ltd,1,54,0
city_103,0.92,Male,Has relevent experience,no_enrollment,Graduate,STEM,<1,500-999,Pvt Ltd,1,4,1
city_160,0.917,Male,Has relevent experience,no_enrollment,Graduate,STEM,7,10/49,Funded Startup,1,17,0
city_73,0.745,Male,No relevent experience,Full time course,Graduate,STEM,8,,,1,27,0
city_89,0.921,Male,Has relevent experience,no_enrollment,Graduate,STEM,>20,,,4,26,0
city_160,0.92,Male,Has relevent experience,no_enrollment,Graduate,STEM,>20,100-500,Pvt Ltd,>4,24,0
city_21,0.622,Male,No relevent experience,no_enrollment,Graduate,STEM,<1,,Pvt Ltd,1,21,1
city_16,0.91,Male,Has relevent experience,no_enrollment,Graduate,STEM,13,50-99,Pvt Ltd,1,49,0
city_136,0.877,,No relevent experience,Full time course,High School,,1,,,1,42,0
city_61,0.913,Male,Has relevent experience,no_enrollment,Graduate,STEM,4,,,1,9,0
city_105,0.795,Male,Has relevent experience,no_enrollment,Graduate,STEM,>20,,,1,22,0
city_136,0.911,Male,No relevent experience,Full time course,High School,,8,,,1,27,0
city_73,0.729,Male,Has relevent experience,no_enrollment,,,9,,,never,5,0
city_136,0.9,Male,Has relevent experience,no_enrollment,Masters,STEM,>20,,,1,30,0
city_103,0.929,Male,Has relevent experience,no_enrollment,Masters,STEM,11,50-99,Pvt Ltd,1,66,0
city_114,0.927,,Has relevent experience,Full time course,Masters,STEM,7,50-99,Pvt Ltd,4,54,0
city_103,0.919,Male,No relevent experience,no_enrollment,High School,,7,,Pvt Ltd,1,30,0
city_104,0.923,Male,No relevent experience,Full time course,High School,STEM,3,,,never,1,0
city_114,0.923,Male,Has relevent experience,no_enrollment,Masters,STEM,>20,50-99,Pvt Ltd,1,7,0
city_40,0.853,Male,No relevent experience,Full time course,Graduate,STEM,4,,,1,6,1
city_21,0.916,Male,Has relevent experience,no_enrollment,Graduate,STEM,4,10000+,Pvt Ltd,1,9,0
city_104,0.925,Male,Has relevent experience,no_enrollment,Graduate,STEM,5,50-99,Pvt Ltd,1,3,0
city_21,0.548,Male,Has relevent experience,no_enrollment,Graduate,STEM,6,,,1,62,1
city_21,0.624,Male,Has relevent experience,no_enrollment,Graduate,STEM,2,10/49,Early Stage Startup,1,20,0
city_21,0.626,,No relevent experience,Full time course,High School,,4,,,never,47,0
city_103,0.625,Male,Has relevent experience,no_enrollment,Graduate,STEM,5,100-500,Pvt Ltd,1,13,0
city_160,0.918,Male,Has relevent experience,no_enrollment,Graduate,STEM,2,100-500,Pvt Ltd,1,15,0
city_21,0.623,Male,No relevent experience,Full time course,Graduate,STEM,<1,,Pvt Ltd,1,5,1
city_103,0.919,Male,Has relevent experience,no_enrollment,Graduate,STEM,13,10000+,Pvt Ltd,1,55,0
city_143,0.756,Male,No relevent experience,Full time course,High School,,1,,,never,11,0
city_160,0.898,Male,Has relevent experience,no_enrollment,Graduate,STEM,6,<10,Early Stage Startup,1,18,0
city_21,0.625,Male,Has relevent experience,no_enrollment,Graduate,STEM,4,50-99,Pvt Ltd,1,16,1
city_73,0.725,Male,No relevent experience,no_enrollment,High School,,<1,,,never,20,0
city_11,0.541,,Has relevent experience,Full time course,High School,,3,,,1,16,1
city_21,0.624,Male,Has relevent experience,no_enrollment,Graduate,STEM,10,500-999,Pvt Ltd,>4,41,1
city_7,0.788,,Has relevent experience,Full time course,Graduate,STEM,6,100-500,Pvt Ltd,1,19,0
city_71,0.888,Male,Has relevent experience,no_enrollment,Graduate,STEM,>20,100-500,Pvt Ltd,2,10,0
city_104,0.901,Male,No relevent experience,no_enrollment,High School,,6,,,never,21,0
city_118,0.714,Male,No relevent experience,Full time course,High School,,2,50-99,Pvt Ltd,1,10,0
city_114,0.929,Male,Has relevent experience,no_enrollment,Graduate,STEM,4,50-99,Pvt Ltd,1,31,0
city_160,0.919,,Has relevent experience,no_enrollment,Graduate,STEM,5,10000+,Pvt Ltd,1,35,0
city_103,0.918,Male,Has relevent experience,no_enrollment,Graduate,STEM,>20,1000-4999,Public Sector,>4,18,1
city_21,0.624,Male,Has relevent experience,no_enrollment,Graduate,STEM,5,10000+,Pvt Ltd,1,51,0
city_21,0.917,Male,No relevent experience,no_enrollment,Masters,STEM,<1,,,1,19,1
city_75,0.942,Male,Has relevent experience,no_enrollment,Graduate,STEM,>20,<10,Funded Startup,1,49,0
city_16,0.914,Male,Has relevent experience,no_enrollment,Masters,STEM,10,10000+,Pvt Ltd,1,47,0
city_136,0.901,Male,Has relevent experience,no_enrollment,Masters,STEM,8,100-500,Pvt Ltd,1,16,0
city_21,0.625,Male,No relevent experience,Full time course,Graduate,STEM,4,,,never,28,1
city_160,0.922,Male,No relevent experience,Full time course,Graduate,STEM,3,,,never,6,0
city_41,0.735,Male,Has relevent experience,no_enrollment,Graduate,STEM,6,100-500,Pvt Ltd,1,50,0
city_21,0.624,Male,Has relevent experience,no_enrollment,Masters,STEM,>20,,,>4,38,1
city_73,0.779,Male,Has relevent experience,no_enrollment,Masters,STEM,>20,,,never,21,0
city_21,0.627,,Has relevent experience,no_enrollment,Masters,STEM,19,1000-4999,Pvt Ltd,>4,64,0
city_103,0.92,Male,Has relevent experience,no_enrollment,Graduate,STEM,>20,,Funded Startup,>4,17,0
city_16,0.914,Male,Has relevent experience,no_enrollment,Graduate,STEM,>20,50-99,Pvt Ltd,>4,62,0
city_73,0.796,Male,Has relevent experience,no_enrollment,Masters,STEM,>20,50-99,Pvt Ltd,>4,1,0
city_21,0.624,Male,Has relevent experience,no_enrollment,Graduate,STEM,>20,,,>4,40,1
city_103,0.902,Male,Has relevent experience,no_enrollment,Masters,STEM,8,,,1,25,0
city_134,0.713,Male,Has relevent experience,no_enrollment,Graduate,STEM,>20,,,>4,55,0
city_19,0.699,Male,Has relevent experience,no_enrollment,Graduate,STEM,11,,,1,14,1
city_104,0.917,Male,Has relevent experience,no_enrollment,Graduate,STEM,>20,1000-4999,Pvt Ltd,>4,9,0
city_67,0.838,Male,No relevent experience,Full time course,Graduate,STEM,4,50-99,Pvt Ltd,1,15,0
city_136,0.902,Male,No relevent experience,Full time course,Masters,STEM,8,,,1,20,0
city_114,0.923,Male,Has relevent experience,Full time course,Masters,STEM,6,10000+,Pvt Ltd,1,55,0
city_103,0.915,Male,No relevent experience,no_enrollment,Masters,Humanities,>20,,,1,15,0
city_103,0.625,Male,No relevent experience,Full time course,High School,,3,,,1,22,1
city_160,0.921,Male,Has relevent experience,no_enrollment,Graduate,STEM,>20,10000+,Pvt Ltd,>4,42,0
city_16,0.906,Male,No relevent experience,no_enrollment,Graduate,STEM,4,1000-4999,Pvt Ltd,1,18,1
city_103,0.921,Male,Has relevent experience,no_enrollment,Graduate,STEM,>20,,,>4,27,0
city_21,0.625,Male,No relevent experience,Full time course,High School,,<1,,,never,53,0
city_158,0.913,Male,Has relevent experience,no_enrollment,Graduate,STEM,5,100-500,Pvt Ltd,1,14,0
city_67,0.878,Male,No relevent experience,no_enrollment,High School,,>20,,,never,14,0
city_160,0.624,Female,Has relevent experience,no_enrollment,Graduate,STEM,4,50-99,Pvt Ltd,1,126,0
city_24,0.704,Male,Has relevent experience,no_enrollment,Masters,STEM,8,50-99,Pvt Ltd,1,30,0
city_103,0.921,Male,Has relevent experience,no_enrollment,Graduate,STEM,4,50-99,Pvt Ltd,1,13,0
city_21,0.707,Male,Has relevent experience,no_enrollment,Graduate,STEM,6,100-500,Pvt Ltd,1,20,1
city_114,0.922,Male,No relevent experience,no_enrollment,Masters,STEM,6,,,1,18,0
city_36,0.889,Male,Has relevent experience,no_enrollment,Graduate,STEM,>20,,,1,15,0
city_103,0.92,Male,Has relevent experience,no_enrollment,Masters,STEM,>20,10000+,Pvt Ltd,>4,38,0
city_73,0.754,Male,Has relevent experience,no_enrollment,High School,,9,,,1,21,0
city_11,0.554,Male,No relevent experience,Full time course,Graduate,STEM,5,,,1,17,1
city_136,0.891,Male,Has relevent experience,no_enrollment,Masters,STEM,>20,10000+,Pvt Ltd,>4,7,0
city_83,0.92,Male,Has relevent experience,no_enrollment,Graduate,STEM,>20,<10,,1,10,0
city_102,0.789,,Has relevent experience,Full time course,Graduate,STEM,8,,,1,21,0
city_114,0.933,Male,No relevent experience,no_enrollment,Masters,STEM,10,,,>4,1,0
city_73,0.795,Male,No relevent experience,Full time course,Graduate,STEM,1,,,never,24,0
city_179,0.617,Male,Has relevent experience,no_enrollment,Graduate,STEM,7,10/49,Pvt Ltd,1,35,1
city_114,0.931,Male,Has relevent experience,no_enrollment,Graduate,STEM,10,500-999,Pvt Ltd,>4,15,0
city_90,0.7,Male,Has relevent experience,Full time course,Masters,STEM,8,100-500,Public Sector,1,18,0
city_103,0.623,,Has relevent experience,Full time course,Masters,STEM,4,50-99,Pvt Ltd,1,185,0
city_136,0.913,Male,Has relevent experience,no_enrollment,High School,,8,10000+,Pvt Ltd,1,12,0
city_100,0.891,Male,Has relevent experience,no_enrollment,Graduate,STEM,>20,100-500,Pvt Ltd,>4,31,0
city_134,0.702,Male,No relevent experience,no_enrollment,,,<1,,,never,15,0
city_21,0.915,Male,No relevent experience,no_enrollment,Masters,STEM,3,10000+,Pvt Ltd,1,16,1
city_160,0.922,Male,Has relevent experience,no_enrollment,Graduate,STEM,13,50-99,Pvt Ltd,4,42,0
city_114,0.923,Male,Has relevent experience,no_enrollment,Masters,STEM,15,10000+,Pvt Ltd,4,65,0
city_16,0.915,Male,Has relevent experience,no_enrollment,Graduate,STEM,>20,10/49,Pvt Ltd,>4,19,0
city_103,0.92,Male,Has relevent experience,no_enrollment,Graduate,STEM,10,10000+,Pvt Ltd,>4,54,0
city_160,0.92,Male,Has relevent experience,no_enrollment,Graduate,STEM,9,10000+,Pvt Ltd,1,17,0
city_123,0.732,Male,No relevent experience,Full time course,Graduate,STEM,2,,Pvt Ltd,1,14,0
city_114,0.917,Male,Has relevent experience,no_enrollment,Masters,STEM,19,50-99,Pvt Ltd,1,11,0
city_10,0.721,Male,Has relevent experience,no_enrollment,Masters,STEM,10,50-99,Pvt Ltd,1,12,0
city_73,0.733,Male,Has relevent experience,no_enrollment,Graduate,STEM,6,100-500,Pvt Ltd,1,24,0
city_67,0.88,Male,Has relevent experience,no_enrollment,High School,,3,50-99,Pvt Ltd,1,16,0
city_102,0.801,Male,Has relevent experience,no_enrollment,Graduate,STEM,5,,,1,26,0
city_41,0.822,Male,Has relevent experience,no_enrollment,,,3,,,never,19,0
city_71,0.888,Male,Has relevent experience,no_enrollment,Graduate,STEM,>20,100-500,Pvt Ltd,>4,17,0
city_23,0.85,Male,Has relevent experience,no_enrollment,High School,,3,<10,Pvt Ltd,1,15,0
city_114,0.926,Male,Has relevent experience,no_enrollment,Masters,STEM,11,,,1,47,0
city_114,0.924,Male,Has relevent experience,no_enrollment,Masters,STEM,19,100-500,Pvt Ltd,1,43,0
city_103,0.921,Male,No relevent experience,Full time course,High School,,5,,,never,43,0
city_103,0.916,Male,No relevent experience,no_enrollment,Phd,STEM,>20,1000-4999,Public Sector,2,21,0
city_145,0.557,Male,Has relevent experience,Full time course,Graduate,STEM,4,,,1,4,1
city_21,0.912,Male,Has relevent experience,no_enrollment,Graduate,STEM,7,1000-4999,Pvt Ltd,1,17,1
city_104,0.925,Male,Has relevent experience,no_enrollment,Graduate,STEM,>20,1000-4999,Pvt Ltd,>4,27,0
city_21,0.624,Male,Has relevent experience,no_enrollment,Graduate,STEM,5,10/49,Pvt Ltd,1,16,0
city_114,0.93,Male,Has relevent experience,no_enrollment,Graduate,STEM,11,100-500,Pvt Ltd,1,51,0
city_74,0.581,Male,Has relevent experience,no_enrollment,Graduate,STEM,3,50-99,Pvt Ltd,1,52,0
city_21,0.616,,No relevent experience,Full time course,,,<1,,,never,21,0
city_159,0.847,Male,No relevent experience,Full time course,Graduate,STEM,3,,,1,62,0
city_16,0.915,Male,Has relevent experience,no_enrollment,Graduate,STEM,5,100-500,Pvt Ltd,1,11,0
city_136,0.916,Male,No relevent experience,no_enrollment,High School,,8,,,1,19,0
city_162,0.837,Male,Has relevent experience,no_enrollment,Masters,STEM,10,50-99,,1,15,0
city_16,0.902,Male,Has relevent experience,no_enrollment,Masters,STEM,>20,,,>4,21,0
city_103,0.918,,No relevent experience,Full time course,Graduate,STEM,4,50-99,Pvt Ltd,1,32,0
city_16,0.934,Male,Has relevent experience,no_enrollment,Graduate,STEM,>20,50-99,Pvt Ltd,1,6,0
city_100,0.886,Male,Has relevent experience,no_enrollment,High School,,8,50-99,,1,14,0
city_100,0.889,Male,Has relevent experience,no_enrollment,Graduate,STEM,10,100-500,Pvt Ltd,1,13,0
city_103,0.921,Male,Has relevent experience,no_enrollment,Graduate,STEM,>20,1000-4999,Pvt Ltd,2,19,0
city_100,0.893,Male,Has relevent experience,no_enrollment,Masters,STEM,10,,,1,11,0
city_103,0.923,Male,No relevent experience,no_enrollment,Masters,STEM,9,10000+,Pvt Ltd,1,8,0
city_19,0.668,Male,Has relevent experience,no_enrollment,Graduate,STEM,11,10/49,Pvt Ltd,>4,17,0
city_136,0.92,Male,Has relevent experience,no_enrollment,Graduate,STEM,>20,100-500,Funded Startup,1,8,0
city_103,0.919,Male,Has relevent experience,no_enrollment,Graduate,STEM,>20,,,1,9,1
city_157,0.764,Male,Has relevent experience,no_enrollment,Masters,STEM,>20,,Public Sector,>4,92,0
city_21,0.625,,No relevent experience,Full time course,Graduate,STEM,3,50-99,Pvt Ltd,never,10,0
city_16,0.901,Male,No relevent experience,no_enrollment,,,>20,,,never,12,0
city_16,0.907,Male,Has relevent experience,no_enrollment,Graduate,STEM,7,,,1,9,0
city_65,0.797,Male,No relevent experience,no_enrollment,Masters,STEM,8,,,never,8,0
city_16,0.622,Male,Has relevent experience,no_enrollment,Graduate,STEM,4,50-99,Pvt Ltd,1,17,0
city_160,0.903,Male,Has relevent experience,no_enrollment,Graduate,STEM,>20,10000+,Pvt Ltd,1,50,0
city_136,0.921,Male,Has relevent experience,no_enrollment,Masters,STEM,>20,100-500,Pvt Ltd,>4,91,0
city_101,0.621,,Has relevent experience,Full time course,Masters,STEM,3,100-500,Pvt Ltd,1,50,1
city_136,0.892,Male,Has relevent experience,no_enrollment,Masters,STEM,10,50-99,Pvt Ltd,1,16,0
city_103,0.921,Male,Has relevent experience,no_enrollment,Graduate,STEM,>20,100-500,Pvt Ltd,>4,47,0
city_167,0.926,Male,Has relevent experience,no_enrollment,Graduate,STEM,4,50-99,Pvt Ltd,1,1,0
city_136,0.88,Male,Has relevent experience,no_enrollment,Masters,STEM,8,50-99,Pvt Ltd,1,21,0
city_173,0.88,Male,Has relevent experience,Full time course,High School,,5,50-99,Pvt Ltd,1,2,0
city_21,0.624,Male,Has relevent experience,no_enrollment,Graduate,STEM,7,50-99,Pvt Ltd,2,6,0
city_21,0.624,Male,No relevent experience,Full time course,High School,,3,,,never,57,0
city_103,0.919,Male,Has relevent experience,no_enrollment,Graduate,STEM,4,50-99,Pvt Ltd,1,143,0
city_103,0.914,Male,Has relevent experience,no_enrollment,Masters,STEM,>20,,,1,24,0
city_43,0.623,Male,Has relevent experience,no_enrollment,Graduate,STEM,3,10/49,Pvt Ltd,1,15,1
city_160,0.89,Male,Has relevent experience,no_enrollment,Graduate,STEM,>20,100-500,Public Sector,>4,8,0
city_41,0.836,Male,No relevent experience,no_enrollment,High School,,<1,,,never,50,0
city_103,0.919,,No relevent experience,Full time course,Masters,STEM,4,,,,160,1
city_160,0.629,Male,Has relevent experience,no_enrollment,Graduate,STEM,17,100-500,Pvt Ltd,>4,57,0
city_136,0.878,Male,No relevent experience,Full time course,Graduate,STEM,8,,NGO,1,21,0
city_103,0.92,Male,Has relevent experience,no_enrollment,Graduate,STEM,13,10000+,Pvt Ltd,>4,65,0
city_16,0.91,Male,Has relevent experience,no_enrollment,Graduate,STEM,5,10000+,Pvt Ltd,1,54,0
city_104,0.925,Male,Has relevent experience,no_enrollment,Graduate,STEM,9,10000+,Pvt Ltd,never,34,0
city_103,0.92,Male,No relevent experience,no_enrollment,Graduate,STEM,<1,,,1,14,1
city_160,0.909,Male,Has relevent experience,no_enrollment,Graduate,STEM,5,100-500,Pvt Ltd,1,38,0
city_74,0.566,Male,Has relevent experience,no_enrollment,Masters,STEM,7,50-99,Pvt Ltd,>4,38,1
city_160,0.92,Male,No relevent experience,Full time course,High School,,1,,,1,41,0
city_16,0.912,Male,No relevent experience,no_enrollment,Graduate,STEM,4,,,1,16,1
city_160,0.914,Male,Has relevent experience,no_enrollment,Graduate,STEM,>20,,,>4,20,0
city_114,0.92,Male,Has relevent experience,Full time course,Graduate,STEM,4,50-99,Funded Startup,1,35,0
city_71,0.887,Male,No relevent experience,no_enrollment,Graduate,STEM,5,,,1,1,0
city_21,0.625,,Has relevent experience,Full time course,Graduate,STEM,3,10000+,Pvt Ltd,1,59,0
city_7,0.637,,Has relevent experience,Full time course,Graduate,STEM,3,10000+,Pvt Ltd,1,41,0
city_16,0.914,,No relevent experience,Full time course,Graduate,STEM,1,10000+,Pvt Ltd,1,37,0
city_104,0.924,Male,Has relevent experience,no_enrollment,Masters,STEM,19,10000+,Pvt Ltd,>4,54,0
city_100,0.886,Male,Has relevent experience,no_enrollment,High School,,6,,,1,25,0
city_100,0.891,Male,Has relevent experience,no_enrollment,Masters,STEM,14,100-500,Pvt Ltd,1,20,0
city_103,0.919,Male,Has relevent experience,no_enrollment,Graduate,STEM,16,,,1,17,1
city_21,0.625,Male,No relevent experience,Full time course,Graduate,STEM,2,,,1,12,1
city_105,0.815,Male,Has relevent experience,no_enrollment,Graduate,STEM,5,10/49,Early Stage Startup,1,13,0
city_136,0.881,Male,Has relevent experience,no_enrollment,Graduate,STEM,5,10000+,Pvt Ltd,1,2,0
city_160,0.919,Male,No relevent experience,no_enrollment,Graduate,STEM,2,,,1,35,0
city_21,0.623,Male,Has relevent experience,no_enrollment,Graduate,STEM,5,1000-4999,Pvt Ltd,1,16,0
city_102,0.764,Male,Has relevent experience,no_enrollment,Masters,STEM,10,50-99,Pvt Ltd,1,1,0
city_41,0.823,Male,Has relevent experience,no_enrollment,Graduate,STEM,>20,100-500,Pvt Ltd,>4,43,0
city_21,0.622,,Has relevent experience,Full time course,Masters,STEM,<1,,,1,33,1
city_16,0.912,Male,Has relevent experience,no_enrollment,Graduate,STEM,6,50-99,Pvt Ltd,1,40,0
city_104,0.922,Male,Has relevent experience,no_enrollment,Graduate,STEM,9,10000+,Pvt Ltd,>4,39,0
city_114,0.926,Male,Has relevent experience,no_enrollment,Graduate,STEM,>20,10000+,Pvt Ltd,>4,39,0
city_26,0.702,Male,No relevent experience,Full time course,High School,,2,10/49,Pvt Ltd,1,11,0
city_36,0.895,Male,Has relevent experience,no_enrollment,Masters,STEM,>20,,,1,17,0
city_106,0.78,Male,Has relevent experience,no_enrollment,Graduate,STEM,>20,,,1,17,0
city_160,0.911,Male,Has relevent experience,no_enrollment,Graduate,STEM,5,,,1,7,1
city_21,0.918,Female,No relevent experience,Full time course,Graduate,STEM,4,10000+,Pvt Ltd,1,180,1
city_21,0.502,Male,Has relevent experience,no_enrollment,Graduate,STEM,4,10/49,Pvt Ltd,1,24,1
city_42,0.552,,No relevent experience,Full time course,Masters,STEM,6,,,,37,1
city_149,0.762,Male,No relevent experience,Full time course,Graduate,STEM,2,,,1,62,0
city_16,0.916,Male,Has relevent experience,no_enrollment,Graduate,STEM,>20,,,1,11,1
city_73,0.596,Male,Has relevent experience,no_enrollment,Phd,STEM,<1,,,never,17,0
city_36,0.889,Male,Has relevent experience,no_enrollment,Graduate,STEM,>20,100-500,Pvt Ltd,>4,17,0
city_90,0.685,Male,Has relevent experience,no_enrollment,Masters,STEM,10,50-99,,1,11,0
city_21,0.918,Male,No relevent experience,no_enrollment,Graduate,STEM,<1,,,1,12,1
city_103,0.918,Male,Has relevent experience,no_enrollment,Graduate,STEM,>20,100-500,Pvt Ltd,1,21,0
city_160,0.899,Male,No relevent experience,Full time course,Graduate,STEM,11,,,never,9,1
city_100,0.89,Male,Has relevent experience,no_enrollment,Masters,STEM,>20,100-500,Pvt Ltd,>4,14,0
city_103,0.92,Male,Has relevent experience,no_enrollment,Graduate,STEM,5,50-99,Pvt Ltd,1,23,1
city_114,0.921,Male,No relevent experience,no_enrollment,Masters,STEM,4,50-99,Pvt Ltd,1,15,0
city_104,0.624,Male,Has relevent experience,Full time course,Graduate,STEM,4,50-99,Pvt Ltd,1,20,0
city_114,0.926,Male,No relevent experience,no_enrollment,High School,,3,,Pvt Ltd,never,18,0
city_99,0.917,Male,Has relevent experience,no_enrollment,Graduate,STEM,>20,1000-4999,Pvt Ltd,>4,12,0
city_114,0.923,Male,Has relevent experience,no_enrollment,Masters,STEM,>20,10000+,Pvt Ltd,1,24,0
city_16,0.91,Male,Has relevent experience,no_enrollment,Graduate,STEM,>20,100-500,Pvt Ltd,>4,16,0
city_21,0.558,,No relevent experience,no_enrollment,,,<1,,,never,21,1
city_104,0.92,Male,Has relevent experience,no_enrollment,Graduate,STEM,>20,10000+,Pvt Ltd,>4,47,0
city_104,0.926,Male,No relevent experience,Full time course,Graduate,STEM,5,,,never,16,1
city_75,0.925,Male,Has relevent experience,no_enrollment,Masters,STEM,>20,100-500,Pvt Ltd,1,13,0
city_16,0.917,Male,No relevent experience,no_enrollment,High School,,5,,,never,11,0
city_11,0.71,,Has relevent experience,no_enrollment,Masters,STEM,15,100-500,Pvt Ltd,>4,49,1
city_16,0.912,Male,Has relevent experience,Full time course,Graduate,STEM,4,100-500,Pvt Ltd,1,21,0
city_103,0.91,Male,No relevent experience,no_enrollment,High School,,<1,,,never,15,0
city_103,0.919,Male,Has relevent experience,no_enrollment,Graduate,STEM,4,50-99,Pvt Ltd,1,7,0
city_21,0.908,Male,No relevent experience,Full time course,Graduate,STEM,4,,,1,62,0
city_21,0.628,,No relevent experience,Full time course,High School,,<1,,,never,44,1
city_104,0.92,Male,Has relevent experience,no_enrollment,Graduate,STEM,10,10/49,,4,24,1
city_103,0.879,Male,Has relevent experience,Full time course,Masters,STEM,3,50-99,Pvt Ltd,1,42,0
city_103,0.922,Male,Has relevent experience,no_enrollment,Graduate,STEM,>20,10000+,Pvt Ltd,>4,44,0
city_116,0.799,Male,Has relevent experience,no_enrollment,Masters,STEM,8,,,1,13,0
city_103,0.92,Male,No relevent experience,no_enrollment,Masters,STEM,2,50-99,,1,5,0
city_160,0.919,Male,Has relevent experience,no_enrollment,Graduate,STEM,13,10000+,Pvt Ltd,>4,42,0
city_16,0.929,Male,Has relevent experience,no_enrollment,High School,,9,10000+,Pvt Ltd,1,41,0
city_160,0.629,Male,Has relevent experience,no_enrollment,Graduate,STEM,5,100-500,Pvt Ltd,2,24,0
city_103,0.921,Male,Has relevent experience,no_enrollment,Graduate,STEM,10,50-99,Pvt Ltd,4,14,1
city_21,0.624,,Has relevent experience,no_enrollment,Graduate,STEM,7,10000+,Pvt Ltd,1,45,0
city_71,0.869,Male,Has relevent experience,no_enrollment,Graduate,STEM,4,50-99,Pvt Ltd,1,44,0
city_103,0.92,Male,No relevent experience,Full time course,Graduate,STEM,2,,Pvt Ltd,1,58,0
city_21,0.624,Male,Has relevent experience,no_enrollment,Graduate,STEM,4,50-99,Pvt Ltd,1,39,0
city_16,0.92,Male,Has relevent experience,no_enrollment,Masters,STEM,8,,,1,14,0
city_55,0.559,Male,No relevent experience,Full time course,Graduate,STEM,2,,,never,9,1
city_21,0.548,,No relevent experience,Full time course,Graduate,STEM,1,,,1,26,0
city_23,0.897,Male,Has relevent experience,no_enrollment,Graduate,STEM,>20,100-500,Pvt Ltd,>4,54,0
city_21,0.625,Male,No relevent experience,Full time course,Graduate,STEM,3,50-99,Pvt Ltd,1,28,0
city_16,0.906,Male,Has relevent experience,no_enrollment,Masters,STEM,>20,50-99,,1,71,0
city_75,0.929,Male,Has relevent experience,no_enrollment,Graduate,STEM,10,50-99,Public Sector,2,6,0
city_59,0.791,Male,Has relevent experience,no_enrollment,Graduate,STEM,10,1000-4999,Pvt Ltd,3,45,0
city_103,0.919,Male,No relevent experience,Full time course,Graduate,STEM,3,50-99,Pvt Ltd,1,4,0
city_19,0.667,Male,Has relevent experience,no_enrollment,Graduate,STEM,11,,,1,11,1
city_16,0.917,Male,Has relevent experience,no_enrollment,Graduate,STEM,>20,,,1,11,1
city_41,0.724,Male,Has relevent experience,no_enrollment,Masters,STEM,>20,,,>4,46,0
city_136,0.899,Male,Has relevent experience,no_enrollment,Masters,STEM,8,<10,Early Stage Startup,1,9,0
city_16,0.627,Male,Has relevent experience,no_enrollment,Graduate,STEM,20,50-99,Pvt Ltd,4,149,0
city_21,0.788,Male,No relevent experience,Full time course,Graduate,STEM,2,,,never,56,0
city_160,0.924,Male,Has relevent experience,no_enrollment,Graduate,STEM,19,50-99,Pvt Ltd,4,41,0
city_103,0.934,Male,Has relevent experience,no_enrollment,Masters,STEM,>20,,,>4,9,0
city_114,0.92,Male,Has relevent experience,no_enrollment,Graduate,STEM,>20,100-500,Pvt Ltd,1,13,0
city_128,0.535,Male,Has relevent experience,no_enrollment,Graduate,STEM,7,50-99,Pvt Ltd,1,38,0
city_67,0.895,Male,No relevent experience,Full time course,High School,,1,,Pvt Ltd,1,24,0
city_78,0.58,Male,Has relevent experience,no_enrollment,Graduate,STEM,11,,,2,16,1
city_84,0.855,Male,Has relevent experience,no_enrollment,Graduate,STEM,>20,,,1,17,1
city_97,0.92,Male,Has relevent experience,no_enrollment,Graduate,STEM,4,100-500,Pvt Ltd,1,19,0
city_160,0.921,Male,Has relevent experience,no_enrollment,Graduate,STEM,9,10000+,Pvt Ltd,3,43,0
city_160,0.92,Male,Has relevent experience,no_enrollment,Graduate,STEM,10,50-99,Pvt Ltd,4,16,0
city_16,0.916,Male,Has relevent experience,no_enrollment,Graduate,STEM,4,10000+,Pvt Ltd,1,33,0
city_103,0.919,Male,No relevent experience,Full time course,Graduate,STEM,<1,,,1,19,1
city_21,0.692,Male,No relevent experience,Full time course,Graduate,STEM,2,,,1,63,0
city_128,0.62,Male,No relevent experience,no_enrollment,Graduate,STEM,3,50-99,Pvt Ltd,1,22,1
city_21,0.626,,No relevent experience,Full time course,High School,,<1,,Pvt Ltd,1,24,1
city_21,0.617,Male,No relevent experience,Full time course,Graduate,STEM,1,,Pvt Ltd,1,22,0
city_65,0.815,Male,Has relevent experience,no_enrollment,Graduate,STEM,>20,1000-4999,Pvt Ltd,>4,113,0
city_160,0.897,Male,Has relevent experience,Full time course,Graduate,STEM,2,,,1,4,0
city_103,0.92,Male,No relevent experience,no_enrollment,Graduate,STEM,5,,,never,22,1
city_114,0.928,Male,Has relevent experience,no_enrollment,Graduate,STEM,>20,100-500,Pvt Ltd,4,48,0
city_103,0.92,Male,No relevent experience,Full time course,High School,,2,10000+,Pvt Ltd,1,17,0
city_19,0.678,,Has relevent experience,Full time course,Graduate,STEM,3,100-500,Pvt Ltd,1,37,0
city_21,0.621,Male,Has relevent experience,no_enrollment,Graduate,STEM,5,50-99,Pvt Ltd,1,13,0
city_102,0.783,Male,Has relevent experience,no_enrollment,Graduate,STEM,>20,,,>4,17,0
city_160,0.836,Male,Has relevent experience,no_enrollment,,,,,,>4,75,0
city_103,0.626,Male,Has relevent experience,no_enrollment,Graduate,STEM,7,10000+,Pvt Ltd,1,174,0
city_83,0.918,Male,Has relevent experience,no_enrollment,Graduate,STEM,>20,500-999,Pvt Ltd,1,17,0
city_21,0.621,Male,Has relevent experience,no_enrollment,Graduate,STEM,7,100-500,Pvt Ltd,>4,7,0
city_114,0.926,Male,Has relevent experience,no_enrollment,Masters,STEM,>20,,,>4,3,1
city_21,0.623,Male,Has relevent experience,no_enrollment,Graduate,STEM,7,100-500,Pvt Ltd,>4,37,0
city_16,0.905,Male,No relevent experience,no_enrollment,High School,,6,,,never,10,0
city_61,0.913,Male,Has relevent experience,no_enrollment,Graduate,STEM,>20,,,1,7,0
city_21,0.919,Male,Has relevent experience,no_enrollment,Graduate,STEM,7,,,1,11,1
city_160,0.92,Male,No relevent experience,no_enrollment,Graduate,STEM,5,,,1,14,0
city_90,0.687,,No relevent experience,Full time course,Graduate,STEM,1,,,1,21,1
city_160,0.923,Male,No relevent experience,no_enrollment,Masters,STEM,>20,500-999,Public Sector,>4,14,0
city_16,0.874,Male,Has relevent experience,no_enrollment,Masters,STEM,>20,1000-4999,Pvt Ltd,>4,26,0
city_16,0.925,Male,Has relevent experience,no_enrollment,Graduate,STEM,>20,50-99,Pvt Ltd,>4,40,0
city_99,0.921,Male,No relevent experience,no_enrollment,Masters,STEM,4,10000+,Pvt Ltd,1,14,0
city_16,0.914,Male,Has relevent experience,no_enrollment,Graduate,STEM,>20,50-99,Pvt Ltd,>4,32,0
city_136,0.896,Male,Has relevent experience,no_enrollment,Masters,STEM,9,10000+,Pvt Ltd,1,44,0
city_21,0.62,Male,Has relevent experience,no_enrollment,Graduate,STEM,7,1000-4999,Pvt Ltd,2,6,1
city_114,0.923,Male,Has relevent experience,no_enrollment,Graduate,STEM,6,100-500,Pvt Ltd,4,59,0
city_16,0.914,Male,Has relevent experience,no_enrollment,Graduate,STEM,>20,100-500,Pvt Ltd,>4,34,0
city_104,0.925,Male,Has relevent experience,no_enrollment,Masters,STEM,9,10000+,Pvt Ltd,1,47,0
city_97,0.926,Male,Has relevent experience,no_enrollment,Graduate,STEM,5,50-99,Pvt Ltd,1,10,0
city_78,0.57,Male,Has relevent experience,no_enrollment,Graduate,STEM,5,,Pvt Ltd,never,19,1
city_114,0.935,Male,No relevent experience,no_enrollment,Graduate,STEM,5,50-99,Pvt Ltd,1,1,0
city_16,0.903,Male,Has relevent experience,no_enrollment,Graduate,STEM,5,100-500,Pvt Ltd,1,23,0
city_67,0.794,Male,Has relevent experience,no_enrollment,Masters,STEM,10,50-99,,1,18,0
city_16,0.924,Male,Has relevent experience,no_enrollment,Graduate,STEM,6,100-500,Pvt Ltd,1,23,0
city_11,0.548,,No relevent experience,Full time course,Graduate,STEM,2,10/49,Pvt Ltd,1,53,0
city_160,0.925,Male,Has relevent experience,no_enrollment,Graduate,STEM,11,10/49,Funded Startup,1,3,0
city_102,0.798,Male,No relevent experience,no_enrollment,Graduate,STEM,>20,,,never,25,0
city_16,0.913,Male,Has relevent experience,no_enrollment,Graduate,STEM,10,10000+,Pvt Ltd,>4,37,0
city_21,0.615,Male,Has relevent experience,Full time course,High School,,3,10/49,Pvt Ltd,1,14,0
city_67,0.848,Male,Has relevent experience,no_enrollment,Masters,STEM,10,50-99,Pvt Ltd,1,17,0
city_116,0.745,Male,Has relevent experience,no_enrollment,Graduate,STEM,>20,,,1,16,0
city_100,0.894,Male,Has relevent experience,no_enrollment,High School,,8,100-500,Pvt Ltd,1,19,0
city_160,0.91,Male,Has relevent experience,no_enrollment,Graduate,STEM,>20,10/49,Pvt Ltd,2,11,0
city_12,0.762,Male,Has relevent experience,no_enrollment,Graduate,STEM,7,100-500,Pvt Ltd,4,27,0
city_16,0.902,Male,Has relevent experience,no_enrollment,High School,,15,10000+,Pvt Ltd,>4,24,0
city_128,0.616,Male,No relevent experience,Full time course,Graduate,STEM,<1,,Pvt Ltd,1,24,1
city_103,0.935,Male,Has relevent experience,no_enrollment,Graduate,STEM,>20,1000-4999,Pvt Ltd,>4,57,0
city_149,0.69,Male,Has relevent experience,no_enrollment,Graduate,STEM,5,10/49,Pvt Ltd,1,12,0
city_50,0.895,Male,Has relevent experience,no_enrollment,Graduate,STEM,>20,10000+,Pvt Ltd,>4,28,0
city_100,0.885,Male,Has relevent experience,no_enrollment,High School,,2,10/49,Pvt Ltd,1,18,0
city_160,0.923,Male,Has relevent experience,no_enrollment,Graduate,STEM,>20,50-99,Pvt Ltd,>4,36,0
city_21,0.557,Male,Has relevent experience,no_enrollment,Graduate,STEM,10,10/49,Funded Startup,>4,18,1
city_136,0.915,Male,Has relevent experience,no_enrollment,Masters,STEM,10,10000+,Pvt Ltd,1,14,0
city_99,0.92,Male,Has relevent experience,no_enrollment,Graduate,STEM,>20,,,>4,25,1
city_136,0.916,Male,Has relevent experience,no_enrollment,Phd,STEM,>20,10000+,Pvt Ltd,1,17,0
city_160,0.921,Male,Has relevent experience,no_enrollment,Graduate,STEM,>20,50-99,Pvt Ltd,>4,39,0
city_100,0.806,Male,Has relevent experience,no_enrollment,Graduate,STEM,>20,100-500,Pvt Ltd,>4,10,0
city_136,0.924,Male,Has relevent experience,no_enrollment,Masters,STEM,>20,100-500,Pvt Ltd,1,37,0
city_21,0.624,,Has relevent experience,no_enrollment,Graduate,STEM,3,100-500,Pvt Ltd,1,66,1
city_16,0.916,Male,No relevent experience,Full time course,Graduate,STEM,<1,,,never,18,1
city_138,0.812,Male,No relevent experience,no_enrollment,High School,,9,,Pvt Ltd,never,14,0
city_21,0.626,Male,Has relevent experience,no_enrollment,Graduate,STEM,5,100-500,Pvt Ltd,1,26,0
city_160,0.917,Male,Has relevent experience,no_enrollment,Graduate,STEM,>20,,,>4,18,0
city_72,0.766,Male,No relevent experience,Full time course,High School,,2,10000+,Pvt Ltd,1,33,0
city_16,0.871,Male,Has relevent experience,no_enrollment,Graduate,STEM,>20,10/49,Pvt Ltd,>4,4,0
city_21,0.623,,Has relevent experience,no_enrollment,Graduate,STEM,3,100-500,Pvt Ltd,1,26,1
city_103,0.91,Male,Has relevent experience,no_enrollment,Graduate,STEM,>20,100-500,Funded Startup,1,11,0
city_61,0.929,Male,Has relevent experience,no_enrollment,Graduate,STEM,>20,100-500,Pvt Ltd,1,15,0
city_73,0.791,Male,Has relevent experience,no_enrollment,,,>20,,,1,11,0
city_103,0.92,Male,Has relevent experience,no_enrollment,Graduate,STEM,4,10000+,Pvt Ltd,1,19,0
city_103,0.919,Male,Has relevent experience,no_enrollment,Graduate,STEM,10,50-99,Pvt Ltd,4,84,1
city_21,0.623,,No relevent experience,Full time course,Graduate,STEM,1,50-99,Pvt Ltd,1,16,1
city_16,0.914,Male,Has relevent experience,no_enrollment,Graduate,STEM,9,10000+,Pvt Ltd,2,48,0
city_104,0.92,Male,Has relevent experience,no_enrollment,Graduate,STEM,6,10000+,Pvt Ltd,1,61,0
city_145,0.721,Male,Has relevent experience,no_enrollment,Graduate,STEM,5,100-500,Pvt Ltd,1,11,0
city_43,0.704,Male,Has relevent experience,no_enrollment,Graduate,STEM,5,,,1,27,1
city_61,0.92,Male,Has relevent experience,no_enrollment,Graduate,STEM,4,50-99,Pvt Ltd,1,16,0
city_21,0.541,Male,Has relevent experience,no_enrollment,Graduate,STEM,4,<10,Early Stage Startup,1,12,0
city_136,0.927,Male,Has relevent experience,no_enrollment,Masters,STEM,4,50-99,Pvt Ltd,1,37,0
city_36,0.918,Male,No relevent experience,no_enrollment,High School,,>20,10000+,Pvt Ltd,1,28,0
city_16,0.915,Male,Has relevent experience,no_enrollment,Graduate,STEM,7,50-99,Pvt Ltd,1,16,0
city_73,0.751,Male,Has relevent experience,no_enrollment,Graduate,STEM,>20,<10,Pvt Ltd,>4,14,0
city_103,0.921,,No relevent experience,Full time course,Masters,STEM,4,50-99,Pvt Ltd,1,129,0
city_136,0.907,Male,No relevent experience,no_enrollment,Graduate,STEM,>20,1000-4999,Public Sector,2,7,0
city_103,0.936,Male,No relevent experience,no_enrollment,Masters,STEM,3,1000-4999,Pvt Ltd,never,11,0
city_16,0.9,Male,Has relevent experience,no_enrollment,Graduate,STEM,15,50-99,Pvt Ltd,4,47,0
city_21,0.624,,Has relevent experience,Full time course,High School,,3,50-99,Pvt Ltd,1,12,0
city_103,0.92,Male,No relevent experience,Full time course,Graduate,STEM,4,,,1,15,1
city_21,0.623,,Has relevent experience,no_enrollment,Masters,STEM,<1,,,1,95,1
city_21,0.623,Male,Has relevent experience,no_enrollment,Graduate,STEM,4,10/49,Early Stage Startup,1,17,0
city_136,0.901,Male,Has relevent experience,no_enrollment,High School,,11,,,1,12,0
city_21,0.623,Male,Has relevent experience,no_enrollment,Graduate,STEM,11,,,1,12,1
city_67,0.865,Male,No relevent experience,no_enrollment,High School,,3,,,never,10,0
city_103,0.914,Female,Has relevent experience,no_enrollment,Graduate,STEM,7,50-99,Pvt Ltd,1,120,0
city_16,0.902,Male,Has relevent experience,no_enrollment,High School,,>20,,,1,10,0
city_136,0.914,Male,Has relevent experience,no_enrollment,Masters,STEM,>20,50-99,Pvt Ltd,2,12,0
city_16,0.926,Male,Has relevent experience,no_enrollment,Graduate,STEM,>20,100-500,Pvt Ltd,1,32,0
city_102,0.819,Male,Has relevent experience,no_enrollment,Graduate,STEM,10,10/49,,1,20,0
city_21,0.918,Male,No relevent experience,Full time course,High School,,1,,Pvt Ltd,1,9,0
city_136,0.905,Male,Has relevent experience,no_enrollment,Masters,STEM,>20,100-500,,>4,12,0
city_102,0.814,Male,Has relevent experience,Full time course,High School,,8,50-99,Pvt Ltd,1,48,0
city_61,0.919,Male,No relevent experience,Full time course,Graduate,STEM,2,50-99,,1,12,0
city_67,0.868,Male,Has relevent experience,no_enrollment,Graduate,STEM,10,100-500,Pvt Ltd,1,10,0
city_46,0.773,Male,Has relevent experience,no_enrollment,Graduate,STEM,>20,,,>4,19,1
city_118,0.675,Male,Has relevent experience,no_enrollment,Graduate,STEM,11,,,1,13,0
city_71,0.878,Male,Has relevent experience,no_enrollment,Graduate,STEM,6,50-99,Pvt Ltd,1,17,0
city_117,0.693,Male,No relevent experience,Full time course,Graduate,STEM,2,,,1,17,0
city_16,0.914,Male,Has relevent experience,Full time course,High School,,3,10000+,Pvt Ltd,1,1,0
city_71,0.893,Male,Has relevent experience,no_enrollment,Graduate,STEM,>20,,,>4,2,0
city_103,0.919,Male,Has relevent experience,no_enrollment,Graduate,STEM,7,,,1,32,1
city_114,0.917,Male,Has relevent experience,no_enrollment,Graduate,STEM,9,10000+,Pvt Ltd,>4,42,0
city_114,0.926,Male,Has relevent experience,no_enrollment,Graduate,STEM,>20,50-99,Pvt Ltd,>4,9,0
city_89,0.926,Male,Has relevent experience,no_enrollment,Graduate,STEM,5,100-500,Pvt Ltd,2,13,0
city_21,0.919,Male,Has relevent experience,no_enrollment,Graduate,STEM,3,10000+,Pvt Ltd,1,7,0
city_101,0.554,Male,No relevent experience,no_enrollment,High School,,1,,,never,12,0
city_16,0.919,Male,Has relevent experience,no_enrollment,Phd,STEM,>20,,Public Sector,>4,15,0
city_19,0.669,Male,Has relevent experience,no_enrollment,Masters,STEM,12,,,1,46,0
city_21,0.626,Male,No relevent experience,Full time course,Graduate,STEM,2,,,1,18,0
city_136,0.892,Male,No relevent experience,Full time course,Masters,STEM,4,,,1,11,0
city_21,0.624,,Has relevent experience,no_enrollment,Masters,STEM,<1,50-99,Pvt Ltd,1,11,1
city_136,0.923,Male,Has relevent experience,no_enrollment,Masters,STEM,>20,100-500,Pvt Ltd,1,37,0
city_136,0.919,Male,No relevent experience,no_enrollment,Masters,STEM,8,50-99,,1,14,0
city_21,0.915,Male,Has relevent experience,no_enrollment,Graduate,STEM,13,10/49,Pvt Ltd,1,9,0
city_102,0.78,Male,Has relevent experience,no_enrollment,Masters,STEM,15,100-500,Pvt Ltd,>4,107,0
city_103,0.918,Male,Has relevent experience,no_enrollment,Graduate,STEM,>20,,,1,13,0
city_67,0.875,Male,Has relevent experience,no_enrollment,Masters,STEM,>20,,,4,11,0
city_75,0.818,Male,No relevent experience,no_enrollment,Graduate,STEM,4,,,1,8,0
city_107,0.618,Male,Has relevent experience,no_enrollment,Graduate,STEM,4,,Pvt Ltd,1,16,1
city_61,0.903,Male,Has relevent experience,no_enrollment,Graduate,STEM,>20,100-500,Pvt Ltd,4,11,0
city_16,0.949,Male,Has relevent experience,no_enrollment,Graduate,STEM,4,100-500,Pvt Ltd,1,20,0
city_21,0.918,Male,Has relevent experience,no_enrollment,Graduate,STEM,4,10000+,Pvt Ltd,1,26,0
city_104,0.927,Male,Has relevent experience,no_enrollment,Graduate,STEM,11,100-500,Pvt Ltd,1,39,0
city_160,0.924,Male,Has relevent experience,no_enrollment,Graduate,STEM,>20,10/49,Funded Startup,1,16,0
city_136,0.868,Male,No relevent experience,Full time course,Graduate,STEM,4,,,1,47,0
city_101,0.566,Male,No relevent experience,no_enrollment,High School,,<1,,,never,18,0
city_16,0.897,Male,Has relevent experience,no_enrollment,Graduate,STEM,>20,100-500,Pvt Ltd,>4,17,0
city_155,0.626,,Has relevent experience,Full time course,Graduate,STEM,4,50-99,Pvt Ltd,1,8,1
city_116,0.707,Male,Has relevent experience,no_enrollment,Masters,STEM,>20,50-99,,1,1,0
city_103,0.924,Male,No relevent experience,no_enrollment,Masters,STEM,8,<10,,1,15,0
city_103,0.919,Male,Has relevent experience,no_enrollment,Masters,STEM,>20,1000-4999,Pvt Ltd,>4,60,0
city_28,0.936,Male,Has relevent experience,no_enrollment,Graduate,STEM,>20,1000-4999,Pvt Ltd,>4,69,0
city_11,0.624,,No relevent experience,Full time course,Masters,STEM,3,50-99,Pvt Ltd,,44,1
city_16,0.924,Male,Has relevent experience,no_enrollment,Masters,STEM,>20,10000+,Pvt Ltd,1,17,0
city_16,0.89,Male,Has relevent experience,no_enrollment,Masters,STEM,>20,100-500,Pvt Ltd,1,16,0
city_50,0.898,Male,Has relevent experience,no_enrollment,Graduate,STEM,>20,50-99,Pvt Ltd,1,19,0
city_136,0.9,Male,Has relevent experience,no_enrollment,Masters,STEM,>20,50-99,Pvt Ltd,1,3,0
city_136,0.903,Male,Has relevent experience,no_enrollment,Masters,STEM,>20,100-500,Pvt Ltd,>4,15,0
city_21,0.615,,No relevent experience,Full time course,Graduate,STEM,1,50-99,Pvt Ltd,1,59,0
city_103,0.926,Male,No relevent experience,Full time course,High School,,2,,Pvt Ltd,never,17,0
city_102,0.721,Male,Has relevent experience,no_enrollment,Graduate,STEM,5,,,1,11,1
city_89,0.922,,No relevent experience,Full time course,Graduate,STEM,4,50-99,Pvt Ltd,1,53,0
city_61,0.919,Male,Has relevent experience,no_enrollment,Graduate,STEM,>20,100-500,Pvt Ltd,1,29,0
city_136,0.903,Male,Has relevent experience,no_enrollment,Masters,STEM,>20,10000+,Pvt Ltd,>4,10,0
city_16,0.917,Male,No relevent experience,no_enrollment,High School,,>20,,,never,13,0
city_160,0.856,Male,No relevent experience,Full time course,High School,,3,,,1,1,0
city_61,0.92,Male,Has relevent experience,no_enrollment,Graduate,STEM,>20,100-500,Pvt Ltd,1,19,0
city_16,0.915,Male,Has relevent experience,no_enrollment,Masters,STEM,>20,,,>4,25,0
city_71,0.893,Male,Has relevent experience,no_enrollment,Masters,STEM,14,100-500,Funded Startup,1,43,0
city_64,0.668,Male,Has relevent experience,no_enrollment,Graduate,STEM,5,100-500,Pvt Ltd,1,49,0
city_160,0.915,Male,No relevent experience,Full time course,Graduate,STEM,5,,,never,20,1
city_16,0.912,Male,Has relevent experience,no_enrollment,Graduate,STEM,10,50-99,Pvt Ltd,1,50,0
city_114,0.896,Male,Has relevent experience,no_enrollment,Masters,STEM,>20,10000+,Pvt Ltd,1,17,0
city_103,0.93,Male,Has relevent experience,no_enrollment,Graduate,STEM,>20,,,>4,2,1
city_103,0.919,Male,No relevent experience,no_enrollment,,,6,,,never,14,0
city_103,0.921,Male,Has relevent experience,no_enrollment,Graduate,STEM,>20,,,1,8,1
city_136,0.91,Male,Has relevent experience,no_enrollment,Masters,STEM,>20,10000+,Pvt Ltd,2,25,0
city_103,0.921,Male,Has relevent experience,no_enrollment,Masters,STEM,>20,100-500,Pvt Ltd,1,9,0
city_19,0.525,Male,Has relevent experience,no_enrollment,Graduate,STEM,9,100-500,Pvt Ltd,1,54,0
city_103,0.923,Male,Has relevent experience,no_enrollment,Graduate,STEM,>20,50-99,Pvt Ltd,1,38,0
city_103,0.921,Male,No relevent experience,no_enrollment,Graduate,STEM,>20,,,>4,22,1
city_150,0.675,,No relevent experience,Full time course,Graduate,STEM,2,,,1,21,1
city_21,0.626,,No relevent experience,Full time course,High School,,4,,,1,63,1
city_18,0.792,Male,Has relevent experience,no_enrollment,Graduate,STEM,>20,10/49,Early Stage Startup,1,1,0
city_141,0.733,Male,Has relevent experience,no_enrollment,Masters,STEM,8,10000+,Pvt Ltd,2,23,0
city_16,0.923,Male,Has relevent experience,no_enrollment,Graduate,STEM,>20,10000+,Pvt Ltd,1,41,0
city_16,0.912,Male,No relevent experience,Full time course,High School,,1,,,never,54,0
city_103,0.919,Male,Has relevent experience,no_enrollment,Graduate,STEM,5,50-99,Pvt Ltd,1,11,0
city_21,0.624,Male,Has relevent experience,no_enrollment,Graduate,STEM,13,100-500,Pvt Ltd,>4,42,0
city_16,0.912,Male,Has relevent experience,no_enrollment,Graduate,STEM,13,100-500,Pvt Ltd,1,24,0
city_103,0.919,,Has relevent experience,no_enrollment,Graduate,STEM,<1,50-99,Pvt Ltd,1,12,1
city_107,0.514,Male,Has relevent experience,no_enrollment,Graduate,STEM,3,10/49,Pvt Ltd,1,1,1
city_100,0.886,Male,Has relevent experience,no_enrollment,Graduate,STEM,13,50-99,Pvt Ltd,1,21,0
city_11,0.551,,No relevent experience,no_enrollment,High School,,<1,,Pvt Ltd,never,24,1
city_150,0.714,Male,No relevent experience,no_enrollment,High School,,3,,,1,20,0
city_83,0.924,Male,Has relevent experience,no_enrollment,Masters,STEM,>20,10000+,Pvt Ltd,>4,34,0
city_21,0.91,Male,Has relevent experience,no_enrollment,Graduate,STEM,5,10000+,Pvt Ltd,1,43,0
city_114,0.923,Male,Has relevent experience,no_enrollment,Graduate,STEM,6,10000+,Pvt Ltd,1,41,0
city_83,0.92,Male,Has relevent experience,no_enrollment,Graduate,STEM,>20,1000-4999,Public Sector,>4,28,1
city_104,0.925,Male,Has relevent experience,no_enrollment,Masters,STEM,>20,50-99,Pvt Ltd,>4,67,0
city_23,0.904,Male,No relevent experience,no_enrollment,High School,,3,,Pvt Ltd,never,24,0
city_160,0.918,Male,Has relevent experience,no_enrollment,Graduate,STEM,10,10000+,Pvt Ltd,2,30,0
city_45,0.898,Male,Has relevent experience,no_enrollment,Graduate,STEM,>20,,,1,29,0
city_103,0.919,Male,Has relevent experience,no_enrollment,Graduate,STEM,>20,50-99,Pvt Ltd,>4,13,0
city_103,0.918,Male,No relevent experience,no_enrollment,Graduate,STEM,>20,,,1,19,0
city_16,0.909,Male,Has relevent experience,no_enrollment,Graduate,STEM,5,100-500,Pvt Ltd,1,18,0
city_21,0.624,Male,Has relevent experience,no_enrollment,Graduate,STEM,7,10000+,Pvt Ltd,4,59,0
city_100,0.891,Male,Has relevent experience,no_enrollment,Graduate,STEM,>20,1000-4999,Pvt Ltd,>4,32,0
city_64,0.727,Male,Has relevent experience,no_enrollment,Graduate,STEM,>20,10/49,,1,32,0
city_16,0.949,Male,Has relevent experience,no_enrollment,Masters,STEM,>20,<10,Pvt Ltd,1,42,0
city_71,0.884,Male,Has relevent experience,no_enrollment,Masters,STEM,10,50-99,,1,7,0
city_50,0.895,Male,Has relevent experience,no_enrollment,Masters,STEM,>20,1000-4999,Pvt Ltd,>4,1,0
city_16,0.914,Male,Has relevent experience,no_enrollment,Graduate,STEM,5,100-500,Pvt Ltd,1,20,0
city_73,0.738,Male,Has relevent experience,no_enrollment,Graduate,STEM,9,1000-4999,Pvt Ltd,>4,45,0
city_136,0.924,Male,No relevent experience,no_enrollment,High School,,3,,Pvt Ltd,1,7,0
city_11,0.624,,Has relevent experience,no_enrollment,Masters,STEM,<1,,Pvt Ltd,1,23,1
city_26,0.761,Male,No relevent experience,Full time course,High School,,2,,Pvt Ltd,1,5,0
city_61,0.917,Male,Has relevent experience,no_enrollment,Graduate,STEM,>20,100-500,Pvt Ltd,>4,21,0
city_16,0.916,Male,Has relevent experience,no_enrollment,High School,,8,10000+,Pvt Ltd,1,11,0
city_103,0.932,Male,Has relevent experience,no_enrollment,Graduate,STEM,15,50-99,Pvt Ltd,>4,15,0
city_21,0.62,Male,Has relevent experience,no_enrollment,Graduate,STEM,5,50-99,Pvt Ltd,1,12,0
city_160,0.889,Male,Has relevent experience,no_enrollment,Graduate,STEM,>20,,,1,13,1
city_160,0.623,Male,Has relevent experience,no_enrollment,Graduate,STEM,5,10/49,Pvt Ltd,1,29,0
city_21,0.919,Male,Has relevent experience,no_enrollment,Graduate,STEM,7,10000+,Pvt Ltd,4,5,0
city_36,0.917,Male,Has relevent experience,no_enrollment,High School,,8,100-500,Pvt Ltd,1,24,0
city_16,0.855,Male,Has relevent experience,no_enrollment,Masters,STEM,>20,,,>4,12,0
city_7,0.768,Male,Has relevent experience,no_enrollment,Masters,STEM,6,,,1,50,0
city_21,0.617,,Has relevent experience,no_enrollment,Masters,STEM,17,50-99,Pvt Ltd,>4,58,0
city_102,0.847,Male,Has relevent experience,no_enrollment,Masters,STEM,3,50-99,Pvt Ltd,1,9,0
city_149,0.752,Male,No relevent experience,Full time course,Graduate,STEM,2,,,1,10,0
city_90,0.534,,No relevent experience,no_enrollment,Graduate,STEM,6,,,never,13,1
city_75,0.932,Male,Has relevent experience,no_enrollment,Graduate,STEM,10,50-99,Pvt Ltd,1,10,0
city_41,0.788,,Has relevent experience,no_enrollment,Masters,STEM,>20,,,>4,36,0
city_64,0.698,Male,Has relevent experience,no_enrollment,Graduate,STEM,>20,,,>4,63,0
city_136,0.918,Male,Has relevent experience,no_enrollment,Masters,STEM,>20,100-500,Pvt Ltd,1,25,0
city_114,0.926,Male,Has relevent experience,no_enrollment,Graduate,STEM,>20,100-500,Pvt Ltd,>4,61,0
city_103,0.915,Male,Has relevent experience,no_enrollment,Graduate,STEM,>20,100-500,Pvt Ltd,>4,19,0
city_160,0.902,Male,Has relevent experience,no_enrollment,Graduate,STEM,>20,,,1,20,0
city_16,0.914,Male,No relevent experience,no_enrollment,High School,,3,50-99,Pvt Ltd,1,1,0
city_103,0.921,Male,No relevent experience,no_enrollment,High School,,2,<10,Pvt Ltd,1,20,0
city_21,0.53,Male,Has relevent experience,no_enrollment,Graduate,STEM,5,100-500,Pvt Ltd,1,18,1
city_133,0.743,Male,Has relevent experience,no_enrollment,Graduate,STEM,6,50-99,Pvt Ltd,1,55,0
city_21,0.625,Male,No relevent experience,Full time course,Graduate,STEM,3,50-99,Pvt Ltd,1,17,0
city_21,0.92,,No relevent experience,Full time course,Graduate,STEM,1,,,1,18,0
city_11,0.705,Male,Has relevent experience,no_enrollment,Graduate,STEM,6,50-99,Pvt Ltd,1,15,0
city_103,0.909,Male,Has relevent experience,Full time course,Masters,STEM,8,100-500,Pvt Ltd,1,47,0
city_61,0.916,Male,No relevent experience,no_enrollment,Masters,STEM,>20,,,1,12,0
city_136,0.889,Male,Has relevent experience,no_enrollment,Masters,STEM,>20,10000+,Pvt Ltd,>4,110,0
city_150,0.712,Male,No relevent experience,Full time course,High School,,2,,Pvt Ltd,1,35,0
city_155,0.617,,No relevent experience,Full time course,Graduate,STEM,<1,1000-4999,Pvt Ltd,1,17,1
city_36,0.89,Male,Has relevent experience,no_enrollment,Graduate,STEM,5,100-500,Pvt Ltd,1,6,0
city_16,0.927,Male,Has relevent experience,no_enrollment,Graduate,STEM,19,1000-4999,Pvt Ltd,>4,32,0
city_149,0.685,Male,No relevent experience,Full time course,Graduate,STEM,5,,,1,13,0
city_74,0.568,Male,No relevent experience,Full time course,Graduate,STEM,3,,,never,31,1
city_160,0.92,Male,Has relevent experience,no_enrollment,High School,,9,1000-4999,Pvt Ltd,1,43,0
city_16,0.901,Male,Has relevent experience,no_enrollment,Masters,STEM,>20,1000-4999,Pvt Ltd,>4,38,0
city_160,0.896,Male,Has relevent experience,no_enrollment,Graduate,STEM,>20,,,1,8,0
city_67,0.863,Male,Has relevent experience,no_enrollment,Masters,STEM,>20,50-99,Pvt Ltd,>4,85,0
city_21,0.626,Male,Has relevent experience,no_enrollment,Graduate,STEM,10,50-99,Pvt Ltd,4,20,1
city_103,0.919,Male,Has relevent experience,no_enrollment,,,>20,1000-4999,Pvt Ltd,>4,26,0
city_107,0.52,,No relevent experience,Full time course,Graduate,STEM,2,100-500,Pvt Ltd,1,53,0
city_70,0.707,Male,No relevent experience,Full time course,High School,,2,,,never,18,0
city_136,0.898,Male,No relevent experience,Full time course,Graduate,STEM,2,,,1,7,0
city_71,0.879,Male,Has relevent experience,no_enrollment,Masters,STEM,8,,,1,22,0
city_103,0.923,Male,No relevent experience,Full time course,Graduate,STEM,2,,,1,37,0
city_99,0.92,Male,Has relevent experience,no_enrollment,Graduate,STEM,>20,500-999,Pvt Ltd,>4,10,1
city_160,0.914,Male,Has relevent experience,no_enrollment,Graduate,STEM,5,100-500,Pvt Ltd,3,14,0
city_160,0.92,Male,No relevent experience,no_enrollment,Graduate,STEM,5,,,1,7,1
city_136,0.898,Male,Has relevent experience,no_enrollment,Masters,STEM,6,50-99,Pvt Ltd,1,62,0
city_136,0.92,Male,No relevent experience,no_enrollment,High School,STEM,6,,,1,11,0
city_16,0.917,Male,Has relevent experience,no_enrollment,High School,,2,,,1,22,0
city_28,0.915,Male,Has relevent experience,no_enrollment,Masters,STEM,15,10000+,Pvt Ltd,>4,28,0
city_98,0.942,Male,No relevent experience,no_enrollment,High School,,3,,,never,12,0
city_21,0.623,,No relevent experience,Full time course,High School,,<1,,,never,24,1
city_73,0.746,Male,Has relevent experience,no_enrollment,,,>20,,,>4,17,0
city_61,0.91,Male,Has relevent experience,no_enrollment,Graduate,STEM,>20,10/49,Pvt Ltd,1,17,0
city_103,0.92,Male,Has relevent experience,no_enrollment,Graduate,STEM,5,100-500,Pvt Ltd,1,59,0
city_103,0.916,Male,Has relevent experience,no_enrollment,Masters,STEM,>20,10000+,Pvt Ltd,1,9,0
city_103,0.921,Male,No relevent experience,Full time course,Graduate,STEM,5,,,never,35,1
city_41,0.809,Male,Has relevent experience,no_enrollment,Masters,STEM,>20,1000-4999,Pvt Ltd,>4,90,0
city_104,0.923,Male,Has relevent experience,no_enrollment,Graduate,STEM,6,100-500,Pvt Ltd,1,64,0
city_55,0.751,Male,Has relevent experience,no_enrollment,Graduate,STEM,11,,,1,12,1
city_103,0.754,Male,Has relevent experience,no_enrollment,Masters,STEM,7,50-99,Pvt Ltd,1,42,0
city_136,0.915,Male,Has relevent experience,no_enrollment,Masters,STEM,>20,100-500,Pvt Ltd,1,6,0
city_61,0.927,Male,Has relevent experience,no_enrollment,Graduate,STEM,>20,50-99,Funded Startup,1,4,0
city_160,0.893,Male,Has relevent experience,no_enrollment,Graduate,STEM,5,10/49,,1,17,0
city_136,0.896,Male,Has relevent experience,no_enrollment,Masters,STEM,10,10000+,Pvt Ltd,1,23,0
city_73,0.756,Male,Has relevent experience,no_enrollment,Masters,STEM,>20,,,1,66,0
city_21,0.624,,Has relevent experience,Full time course,Graduate,STEM,4,50-99,Pvt Ltd,1,24,0
city_160,0.92,Male,Has relevent experience,no_enrollment,Masters,STEM,>20,,,1,26,0
city_77,0.728,Male,Has relevent experience,Full time course,High School,,3,10000+,Pvt Ltd,1,59,0
city_21,0.619,Male,No relevent experience,no_enrollment,Graduate,STEM,<1,,,1,29,1
city_114,0.927,Male,No relevent experience,no_enrollment,Graduate,STEM,5,10000+,Pvt Ltd,1,45,0
city_103,0.922,Male,Has relevent experience,no_enrollment,Graduate,STEM,14,,,1,33,1
city_99,0.912,Male,Has relevent experience,no_enrollment,Graduate,STEM,9,10000+,Pvt Ltd,1,25,0
city_21,0.624,,No relevent experience,Full time course,Graduate,STEM,4,50-99,Pvt Ltd,1,15,0
city_136,0.882,Male,Has relevent experience,no_enrollment,Masters,STEM,8,10000+,Pvt Ltd,1,24,0
city_21,0.921,Male,Has relevent experience,no_enrollment,Graduate,STEM,5,50-99,Pvt Ltd,1,26,1
city_101,0.58,Male,Has relevent experience,no_enrollment,Graduate,STEM,6,,,1,10,1
city_16,0.912,Male,Has relevent experience,no_enrollment,Graduate,STEM,>20,100-500,Pvt Ltd,>4,18,0
city_21,0.624,Male,Has relevent experience,no_enrollment,Graduate,STEM,6,100-500,Pvt Ltd,2,13,0
city_103,0.622,Male,No relevent experience,no_enrollment,High School,,3,,Pvt Ltd,1,21,1
city_160,0.626,Male,Has relevent experience,no_enrollment,Graduate,STEM,5,100-500,Pvt Ltd,1,5,0
city_160,0.919,Male,Has relevent experience,no_enrollment,Masters,STEM,2,10000+,Pvt Ltd,1,9,0
city_21,0.916,Male,No relevent experience,no_enrollment,Graduate,STEM,2,,,1,11,1
city_21,0.623,Male,Has relevent experience,no_enrollment,Graduate,STEM,7,50-99,Pvt Ltd,4,26,1
city_103,0.626,Male,Has relevent experience,no_enrollment,Graduate,STEM,10,100-500,Pvt Ltd,4,184,1
city_70,0.709,Male,Has relevent experience,no_enrollment,Masters,STEM,10,1000-4999,Pvt Ltd,>4,29,0
city_101,0.558,,No relevent experience,Full time course,Graduate,STEM,<1,,,never,11,1
city_103,0.891,Male,No relevent experience,Full time course,High School,,3,,,never,30,0
city_159,0.844,Male,Has relevent experience,Full time course,Graduate,STEM,3,50-99,Pvt Ltd,1,48,0
city_114,0.925,Male,Has relevent experience,no_enrollment,Masters,STEM,>20,,,>4,28,0
city_73,0.721,Male,Has relevent experience,no_enrollment,Graduate,STEM,>20,,,never,28,0
city_160,0.63,Male,Has relevent experience,no_enrollment,Graduate,STEM,5,100-500,Pvt Ltd,1,29,0
city_36,0.916,Male,Has relevent experience,no_enrollment,Masters,STEM,>20,1000-4999,Pvt Ltd,>4,15,0
city_160,0.908,Male,Has relevent experience,no_enrollment,Graduate,STEM,>20,100-500,Pvt Ltd,>4,50,0
city_21,0.624,Male,Has relevent experience,no_enrollment,Graduate,STEM,3,50-99,Pvt Ltd,1,18,1
city_103,0.915,Male,Has relevent experience,no_enrollment,Graduate,STEM,5,1000-4999,Pvt Ltd,1,16,1
city_150,0.707,Male,No relevent experience,no_enrollment,,,3,,,never,20,0
city_104,0.921,Male,Has relevent experience,no_enrollment,Graduate,STEM,>20,,,1,18,0
city_160,0.924,Male,Has relevent experience,no_enrollment,Graduate,STEM,19,10000+,Pvt Ltd,4,56,0
city_97,0.922,Male,Has relevent experience,no_enrollment,Masters,STEM,15,,,>4,76,0
city_114,0.926,Male,No relevent experience,no_enrollment,,STEM,7,,,never,16,0
city_61,0.885,Male,Has relevent experience,no_enrollment,Graduate,STEM,>20,100-500,Pvt Ltd,>4,18,0
city_114,0.949,Male,Has relevent experience,no_enrollment,Graduate,STEM,4,50-99,Funded Startup,1,3,0
city_16,0.917,Male,Has relevent experience,no_enrollment,Graduate,STEM,2,<10,Early Stage Startup,1,19,0
city_16,0.913,Male,Has relevent experience,no_enrollment,Masters,,17,10000+,Pvt Ltd,>4,42,0
city_160,0.919,,Has relevent experience,Full time course,Masters,STEM,4,,,1,57,0
city_114,0.917,Male,No relevent experience,no_enrollment,Masters,STEM,>20,1000-4999,Pvt Ltd,>4,48,0
city_103,0.925,Male,Has relevent experience,no_enrollment,Graduate,STEM,14,10/49,,4,18,1
city_160,0.915,Male,Has relevent experience,no_enrollment,Graduate,STEM,>20,10/49,Pvt Ltd,>4,20,0
city_75,0.925,Male,Has relevent experience,no_enrollment,Graduate,STEM,>20,50-99,Pvt Ltd,>4,24,0
city_104,0.925,Male,No relevent experience,Full time course,Graduate,STEM,<1,,,never,12,0
city_103,0.921,Male,Has relevent experience,no_enrollment,Masters,STEM,>20,100-500,Pvt Ltd,>4,25,0
city_21,0.626,Male,Has relevent experience,no_enrollment,Graduate,STEM,7,10000+,Pvt Ltd,1,37,0
city_118,0.698,Male,Has relevent experience,no_enrollment,Graduate,STEM,5,,,1,12,0
city_103,0.921,,No relevent experience,no_enrollment,Masters,STEM,7,,,1,185,1
city_16,0.911,Male,Has relevent experience,no_enrollment,Graduate,STEM,5,10000+,Pvt Ltd,2,36,0
city_160,0.919,Male,Has relevent experience,no_enrollment,Graduate,STEM,>20,100-500,Pvt Ltd,1,4,0
city_103,0.92,Male,Has relevent experience,no_enrollment,Graduate,STEM,9,10000+,Pvt Ltd,1,38,0
city_21,0.626,,Has relevent experience,Full time course,Graduate,STEM,4,50-99,Pvt Ltd,1,19,1
city_21,0.625,Male,Has relevent experience,no_enrollment,Masters,STEM,10,50-99,Pvt Ltd,>4,8,1
city_114,0.92,Male,Has relevent experience,no_enrollment,Masters,STEM,6,10000+,Pvt Ltd,1,62,0
city_103,0.921,Male,Has relevent experience,no_enrollment,Graduate,STEM,10,10/49,Pvt Ltd,1,15,1
city_99,0.915,Male,No relevent experience,Full time course,Graduate,,1,,,1,45,0
city_16,0.909,,Has relevent experience,Full time course,Masters,STEM,1,50-99,Pvt Ltd,1,52,0
city_61,0.897,Male,Has relevent experience,no_enrollment,Phd,STEM,>20,100-500,Pvt Ltd,>4,30,0
city_16,0.84,Male,Has relevent experience,no_enrollment,Graduate,STEM,9,10000+,Pvt Ltd,>4,45,0
city_136,0.92,Male,Has relevent experience,no_enrollment,Masters,STEM,>20,10000+,Pvt Ltd,>4,4,0
city_74,0.573,Male,No relevent experience,Full time course,Graduate,STEM,3,,,1,24,0
city_46,0.794,Male,No relevent experience,no_enrollment,Graduate,STEM,>20,,,never,18,0
city_114,0.925,Male,Has relevent experience,no_enrollment,Graduate,STEM,>20,50-99,Pvt Ltd,1,21,0
city_73,0.756,Male,Has relevent experience,no_enrollment,High School,,8,100-500,Pvt Ltd,1,13,0
city_16,0.924,Male,Has relevent experience,no_enrollment,Graduate,STEM,>20,100-500,Pvt Ltd,>4,60,0
city_50,0.899,Male,No relevent experience,Full time course,Graduate,STEM,5,,,1,77,0
city_136,0.924,Male,Has relevent experience,no_enrollment,Masters,STEM,>20,10000+,Pvt Ltd,>4,43,0
city_136,0.888,Male,Has relevent experience,no_enrollment,Masters,STEM,>20,10000+,Pvt Ltd,1,14,0
city_103,0.909,Male,Has relevent experience,no_enrollment,Graduate,STEM,9,10000+,Pvt Ltd,1,14,0
city_90,0.704,Male,Has relevent experience,no_enrollment,Graduate,STEM,6,<10,Pvt Ltd,1,19,0
city_102,0.851,Male,Has relevent experience,no_enrollment,High School,,10,,,1,8,0
city_141,0.74,Male,Has relevent experience,no_enrollment,Graduate,STEM,5,10000+,Pvt Ltd,2,20,0
city_114,0.929,Male,Has relevent experience,no_enrollment,Graduate,STEM,>20,50-99,Pvt Ltd,>4,14,0
city_103,0.915,Male,No relevent experience,no_enrollment,Phd,STEM,8,10000+,Public Sector,1,27,0
city_75,0.894,Male,No relevent experience,no_enrollment,Graduate,STEM,5,,Pvt Ltd,never,9,0
city_103,0.922,Male,No relevent experience,no_enrollment,Graduate,STEM,>20,,,1,12,0
city_64,0.673,Male,Has relevent experience,no_enrollment,Graduate,STEM,7,50-99,Pvt Ltd,1,37,0
city_16,0.926,Male,Has relevent experience,no_enrollment,Masters,STEM,>20,10000+,Pvt Ltd,>4,49,0
city_16,0.916,Male,Has relevent experience,no_enrollment,Graduate,STEM,>20,100-500,Pvt Ltd,>4,28,0
city_43,0.674,Male,Has relevent experience,no_enrollment,Graduate,STEM,4,,,1,25,1
city_71,0.889,Male,Has relevent experience,no_enrollment,Graduate,STEM,>20,50-99,Pvt Ltd,>4,8,0
city_160,0.895,Male,Has relevent experience,no_enrollment,Graduate,STEM,6,100-500,Pvt Ltd,1,44,0
city_12,0.757,Male,Has relevent experience,no_enrollment,Graduate,STEM,10,1000-4999,Pvt Ltd,>4,8,0
city_102,0.795,,Has relevent experience,Full time course,Masters,STEM,2,10000+,Pvt Ltd,1,31,0
city_134,0.617,,No relevent experience,Full time course,Graduate,STEM,2,,,1,27,1
city_103,0.617,Male,Has relevent experience,no_enrollment,Graduate,STEM,5,10000+,Pvt Ltd,1,11,0
city_21,0.625,Male,No relevent experience,no_enrollment,Graduate,STEM,<1,,,never,52,1
city_136,0.911,Male,Has relevent experience,no_enrollment,Masters,STEM,>20,,,1,9,0
city_16,0.914,Male,No relevent experience,no_enrollment,Masters,STEM,4,,Public Sector,1,14,0
city_160,0.919,Male,Has relevent experience,no_enrollment,Graduate,STEM,>20,10/49,Pvt Ltd,>4,12,0
city_101,0.624,Male,No relevent experience,Full time course,High School,,2,,,never,54,0
city_103,0.918,Male,Has relevent experience,no_enrollment,Masters,STEM,>20,10000+,Pvt Ltd,>4,24,0
city_100,0.897,,No relevent experience,Full time course,High School,,5,,,never,16,0
city_16,0.922,Male,Has relevent experience,no_enrollment,Graduate,STEM,>20,<10,Pvt Ltd,1,28,0
city_116,0.746,Male,Has relevent experience,no_enrollment,Masters,STEM,3,100-500,Pvt Ltd,1,67,0
city_160,0.907,Male,Has relevent experience,no_enrollment,Graduate,STEM,11,10/49,,1,21,0
city_41,0.834,Male,Has relevent experience,no_enrollment,Graduate,STEM,>20,50-99,Pvt Ltd,>4,36,0
city_173,0.866,Male,Has relevent experience,no_enrollment,Masters,,>20,100-500,Pvt Ltd,2,11,0
city_67,0.884,Male,Has relevent experience,no_enrollment,Masters,STEM,10,50-99,Public Sector,1,7,0
city_103,0.625,Male,Has relevent experience,no_enrollment,Graduate,STEM,<1,1000-4999,Pvt Ltd,2,22,1
city_152,0.805,Male,Has relevent experience,no_enrollment,Graduate,STEM,>20,100-500,Pvt Ltd,1,15,0
city_21,0.623,,Has relevent experience,no_enrollment,Graduate,STEM,3,50-99,Pvt Ltd,1,55,0
city_138,0.791,Male,Has relevent experience,no_enrollment,Masters,STEM,>20,,,1,20,0
city_21,0.625,Male,Has relevent experience,no_enrollment,Graduate,STEM,3,50-99,Pvt Ltd,1,12,1
city_21,0.626,,No relevent experience,Full time course,Graduate,STEM,2,50-99,Pvt Ltd,1,27,0
city_16,0.921,Male,Has relevent experience,no_enrollment,Graduate,STEM,>20,10/49,Pvt Ltd,>4,10,0
city_160,0.918,Male,Has relevent experience,no_enrollment,Graduate,STEM,2,50-99,Pvt Ltd,1,23,0
city_16,0.92,Male,Has relevent experience,no_enrollment,Graduate,STEM,>20,50-99,Pvt Ltd,1,17,0
city_21,0.621,,No relevent experience,Full time course,Masters,STEM,2,,,1,28,0
city_114,0.92,Male,Has relevent experience,no_enrollment,Masters,STEM,>20,100-500,Public Sector,1,4,0
city_97,0.923,Male,No relevent experience,Full time course,Graduate,STEM,5,,,never,14,1
city_160,0.922,Male,Has relevent experience,no_enrollment,Graduate,STEM,>20,1000-4999,Pvt Ltd,>4,54,0
city_103,0.92,Male,Has relevent experience,no_enrollment,Graduate,STEM,5,50-99,Pvt Ltd,1,20,0
city_103,0.919,Male,Has relevent experience,no_enrollment,Graduate,STEM,7,1000-4999,Pvt Ltd,1,6,0
city_103,0.919,Male,Has relevent experience,no_enrollment,Masters,STEM,>20,1000-4999,Pvt Ltd,>4,61,1
city_103,0.921,Male,No relevent experience,no_enrollment,High School,,6,,,never,21,0
city_103,0.92,Male,Has relevent experience,no_enrollment,Masters,STEM,4,50-99,Pvt Ltd,1,26,0
city_103,0.917,Male,Has relevent experience,no_enrollment,Masters,STEM,10,50-99,Public Sector,1,86,0
city_16,0.913,Male,Has relevent experience,no_enrollment,Masters,STEM,9,50-99,Pvt Ltd,1,54,0
city_73,0.743,Male,Has relevent experience,no_enrollment,Masters,STEM,>20,1000-4999,Pvt Ltd,>4,11,0
city_114,0.921,Male,Has relevent experience,no_enrollment,Graduate,STEM,5,100-500,Pvt Ltd,1,35,0
city_136,0.888,Male,Has relevent experience,no_enrollment,Masters,STEM,10,10000+,Pvt Ltd,2,9,0
city_75,0.898,Male,No relevent experience,no_enrollment,Primary School,,3,,,never,17,0
city_21,0.623,Male,Has relevent experience,no_enrollment,Graduate,STEM,4,50-99,Pvt Ltd,1,27,1
city_160,0.92,Male,Has relevent experience,no_enrollment,Graduate,STEM,>20,1000-4999,Pvt Ltd,>4,5,1
city_21,0.622,,No relevent experience,Full time course,Graduate,STEM,2,50-99,Pvt Ltd,1,49,0
city_13,0.789,Male,No relevent experience,no_enrollment,,,>20,,,>4,1,0
city_16,0.907,Male,Has relevent experience,no_enrollment,Graduate,STEM,10,50-99,Pvt Ltd,1,42,0
city_97,0.926,Male,Has relevent experience,no_enrollment,Masters,STEM,>20,,,>4,58,0
city_103,0.92,Male,No relevent experience,no_enrollment,Masters,STEM,2,10000+,Pvt Ltd,1,16,0
city_103,0.919,Male,Has relevent experience,no_enrollment,Graduate,STEM,>20,1000-4999,Pvt Ltd,>4,46,0
city_103,0.92,Male,Has relevent experience,no_enrollment,Masters,STEM,9,10000+,Pvt Ltd,4,68,0
city_103,0.922,Male,No relevent experience,no_enrollment,,,>20,10000+,Pvt Ltd,>4,13,0
city_160,0.919,Male,Has relevent experience,no_enrollment,Masters,STEM,>20,,,>4,15,0
city_16,0.917,Male,Has relevent experience,no_enrollment,Masters,STEM,>20,,Pvt Ltd,>4,1,0
city_16,0.916,Male,Has relevent experience,no_enrollment,Graduate,STEM,>20,100-500,Pvt Ltd,1,20,0
city_21,0.626,,No relevent experience,Full time course,Graduate,STEM,<1,,,1,91,1
city_160,0.918,Male,No relevent experience,no_enrollment,Primary School,,3,,,never,19,0
city_42,0.762,Male,Has relevent experience,no_enrollment,Masters,STEM,7,100-500,Pvt Ltd,>4,2,0
city_16,0.923,Male,Has relevent experience,no_enrollment,Masters,STEM,>20,100-500,Pvt Ltd,1,18,0
city_36,0.895,Male,Has relevent experience,no_enrollment,Graduate,STEM,>20,100-500,Pvt Ltd,>4,47,0
city_160,0.925,Male,Has relevent experience,no_enrollment,Graduate,STEM,11,10/49,Pvt Ltd,1,25,0
city_11,0.543,,Has relevent experience,no_enrollment,Masters,STEM,7,,,1,23,1
city_160,0.919,Male,Has relevent experience,no_enrollment,Graduate,STEM,12,10/49,Pvt Ltd,2,24,0
city_61,0.92,Male,Has relevent experience,no_enrollment,Masters,STEM,6,100-500,Pvt Ltd,1,21,0
city_103,0.923,Male,Has relevent experience,no_enrollment,Graduate,STEM,11,100-500,Pvt Ltd,1,19,0
city_72,0.785,,No relevent experience,Full time course,High School,STEM,2,10000+,Pvt Ltd,1,43,0
city_21,0.919,,No relevent experience,Full time course,High School,,4,,,1,43,0
city_114,0.92,Male,Has relevent experience,no_enrollment,High School,,6,,Pvt Ltd,1,17,0
city_103,0.913,Male,Has relevent experience,no_enrollment,Graduate,STEM,>20,10000+,Pvt Ltd,1,8,0
city_103,0.919,Male,No relevent experience,no_enrollment,Graduate,STEM,>20,,,1,34,0
city_16,0.941,Male,Has relevent experience,no_enrollment,Masters,STEM,9,10000+,Pvt Ltd,1,43,0
city_103,0.928,Male,Has relevent experience,no_enrollment,Graduate,STEM,10,50-99,Pvt Ltd,>4,6,0
city_72,0.779,,Has relevent experience,Full time course,High School,,2,10000+,Pvt Ltd,1,34,0
city_100,0.879,Male,Has relevent experience,no_enrollment,Graduate,STEM,>20,,,1,9,0
city_21,0.554,Male,Has relevent experience,no_enrollment,Graduate,STEM,7,,,>4,32,1
city_126,0.514,Male,No relevent experience,no_enrollment,,,<1,,,never,23,1
city_158,0.762,Male,Has relevent experience,no_enrollment,Graduate,STEM,>20,10/49,Pvt Ltd,>4,19,0
city_67,0.869,Male,Has relevent experience,no_enrollment,Graduate,STEM,10,50-99,Early Stage Startup,1,25,0
city_160,0.919,Male,Has relevent experience,no_enrollment,Graduate,STEM,>20,10/49,Pvt Ltd,1,81,0
city_136,0.911,Male,No relevent experience,no_enrollment,High School,,3,,,never,9,0
city_21,0.618,Male,Has relevent experience,no_enrollment,Graduate,STEM,4,10/49,,1,47,1
city_160,0.623,Male,Has relevent experience,no_enrollment,Graduate,STEM,5,10/49,Early Stage Startup,1,12,0
city_136,0.896,Male,No relevent experience,no_enrollment,Masters,STEM,8,,,1,13,0
city_21,0.92,Male,No relevent experience,Full time course,Graduate,STEM,4,,,1,6,1
city_160,0.918,Male,Has relevent experience,no_enrollment,Graduate,STEM,5,10/49,Pvt Ltd,2,9,0
city_19,0.68,Male,No relevent experience,Full time course,High School,,1,,,1,19,0
city_136,0.932,Male,Has relevent experience,no_enrollment,Masters,STEM,9,1000-4999,Pvt Ltd,1,55,0
city_103,0.919,Male,Has relevent experience,no_enrollment,Graduate,STEM,>20,,Pvt Ltd,>4,77,1
city_103,0.916,Male,Has relevent experience,no_enrollment,Masters,STEM,>20,10000+,Pvt Ltd,>4,42,0
city_83,0.926,Male,Has relevent experience,no_enrollment,Masters,STEM,>20,<10,Early Stage Startup,1,11,0
city_103,0.922,Male,Has relevent experience,no_enrollment,Graduate,STEM,6,100-500,Funded Startup,1,44,0
city_21,0.623,Male,Has relevent experience,no_enrollment,Graduate,STEM,5,10/49,Early Stage Startup,1,18,1
city_103,0.921,Male,Has relevent experience,no_enrollment,Graduate,STEM,>20,,,>4,100,0
city_100,0.891,Male,No relevent experience,no_enrollment,Masters,STEM,>20,,,>4,13,0
city_100,0.872,Male,No relevent experience,Full time course,High School,,3,,,never,4,0
city_43,0.615,Male,Has relevent experience,no_enrollment,Graduate,STEM,4,,,1,24,0
city_16,0.913,Male,No relevent experience,no_enrollment,Masters,STEM,4,10000+,Pvt Ltd,1,31,0
city_103,0.919,Male,Has relevent experience,no_enrollment,Graduate,STEM,5,50-99,Pvt Ltd,1,10,0
city_13,0.836,Male,No relevent experience,Full time course,High School,,3,,,never,9,0
city_160,0.92,Male,Has relevent experience,no_enrollment,Graduate,STEM,5,50-99,Pvt Ltd,1,46,0
city_158,0.914,Male,Has relevent experience,no_enrollment,Graduate,STEM,4,100-500,Pvt Ltd,1,47,0
city_40,0.806,Male,No relevent experience,Full time course,Graduate,STEM,4,,,never,34,1
city_160,0.92,Male,Has relevent experience,no_enrollment,Graduate,STEM,>20,100-500,Pvt Ltd,>4,40,0
city_90,0.703,,Has relevent experience,no_enrollment,Masters,STEM,8,,,1,6,0
city_103,0.921,Male,Has relevent experience,no_enrollment,Graduate,STEM,15,10000+,Pvt Ltd,>4,44,0
city_76,0.682,Male,Has relevent experience,no_enrollment,Graduate,STEM,13,100-500,Pvt Ltd,>4,58,0
city_158,0.74,Male,Has relevent experience,no_enrollment,Graduate,STEM,5,100-500,Pvt Ltd,1,43,0
city_101,0.565,Male,Has relevent experience,no_enrollment,Graduate,STEM,3,<10,Pvt Ltd,1,24,0
city_90,0.707,Male,Has relevent experience,no_enrollment,Graduate,STEM,6,,,1,11,0
city_67,0.905,Male,Has relevent experience,no_enrollment,High School,,8,,,1,20,0
city_103,0.934,Male,Has relevent experience,no_enrollment,Graduate,STEM,>20,50-99,,1,2,0
city_67,0.921,Male,Has relevent experience,no_enrollment,Graduate,STEM,10,,,1,7,0
city_103,0.939,Male,Has relevent experience,no_enrollment,Masters,STEM,10,10000+,Pvt Ltd,>4,31,0
city_46,0.735,Male,Has relevent experience,no_enrollment,Graduate,STEM,9,10/49,Pvt Ltd,1,16,0
city_116,0.824,Male,Has relevent experience,no_enrollment,Masters,STEM,>20,,,never,28,0
city_21,0.624,Male,No relevent experience,no_enrollment,Graduate,STEM,3,50-99,Pvt Ltd,1,17,1
city_78,0.562,Male,Has relevent experience,no_enrollment,Graduate,STEM,10,,,>4,17,1
city_103,0.919,Male,Has relevent experience,no_enrollment,Graduate,STEM,7,,,1,75,1
city_114,0.924,Male,Has relevent experience,Full time course,Graduate,STEM,4,10000+,Pvt Ltd,1,30,0
city_103,0.852,,No relevent experience,Full time course,Graduate,STEM,4,,,never,16,1
city_28,0.93,Male,Has relevent experience,no_enrollment,Masters,STEM,15,50-99,Pvt Ltd,1,26,0
city_160,0.921,Male,No relevent experience,no_enrollment,Graduate,STEM,<1,,,never,70,1
city_103,0.922,Male,Has relevent experience,no_enrollment,Masters,STEM,9,10000+,Pvt Ltd,1,27,0
city_11,0.544,Male,Has relevent experience,Full time course,Graduate,STEM,2,,,1,18,0
city_99,0.892,Male,Has relevent experience,no_enrollment,Graduate,STEM,>20,100-500,Funded Startup,1,24,0
city_114,0.915,Male,Has relevent experience,Full time course,Graduate,STEM,7,50-99,NGO,1,21,0
city_41,0.89,Male,No relevent experience,no_enrollment,High School,,9,,,never,21,0
city_114,0.914,Male,Has relevent experience,no_enrollment,Masters,STEM,9,10000+,Pvt Ltd,1,61,0
city_21,0.916,Male,Has relevent experience,no_enrollment,Graduate,STEM,4,<10,Early Stage Startup,1,38,0
city_160,0.919,Male,Has relevent experience,no_enrollment,Graduate,STEM,6,50-99,Pvt Ltd,1,53,0
city_136,0.926,Male,Has relevent experience,no_enrollment,Masters,STEM,>20,,,>4,7,0
city_103,0.92,Male,Has relevent experience,no_enrollment,Masters,STEM,>20,1000-4999,Pvt Ltd,>4,26,0
city_67,0.81,Male,No relevent experience,no_enrollment,Masters,STEM,10,,,1,13,0
city_48,0.516,Male,No relevent experience,no_enrollment,High School,,3,,,never,14,0
city_103,0.918,Male,Has relevent experience,no_enrollment,Masters,,>20,1000-4999,Pvt Ltd,>4,98,0
city_21,0.623,,No relevent experience,Full time course,Masters,STEM,4,,,1,19,1
city_78,0.74,Male,Has relevent experience,Full time course,Graduate,STEM,7,100-500,NGO,4,8,1
city_103,0.919,Male,Has relevent experience,no_enrollment,Graduate,STEM,4,50-99,Funded Startup,1,53,0
city_11,0.546,,No relevent experience,Full time course,Graduate,STEM,6,,,1,9,1
city_103,0.921,,No relevent experience,no_enrollment,Masters,STEM,9,10000+,Pvt Ltd,>4,47,0
city_21,0.69,Male,No relevent experience,Full time course,Graduate,STEM,2,,,1,16,0
city_75,0.932,Male,Has relevent experience,no_enrollment,Graduate,STEM,5,,,1,22,1
city_16,0.913,Male,Has relevent experience,no_enrollment,Masters,STEM,>20,,,>4,11,0
city_21,0.623,,Has relevent experience,Full time course,Masters,STEM,4,50-99,Pvt Ltd,1,11,0
city_97,0.92,Male,Has relevent experience,no_enrollment,Masters,STEM,>20,50-99,Pvt Ltd,1,18,0
city_103,0.92,Male,No relevent experience,no_enrollment,High School,,2,10000+,Pvt Ltd,1,25,0
city_21,0.625,Male,Has relevent experience,Full time course,Graduate,STEM,2,50-99,Pvt Ltd,1,17,0
city_103,0.923,Male,No relevent experience,no_enrollment,High School,STEM,5,,,never,26,0
city_16,0.906,Male,Has relevent experience,no_enrollment,Graduate,STEM,9,10000+,Pvt Ltd,1,48,0
city_114,0.918,Male,Has relevent experience,no_enrollment,Masters,STEM,9,10000+,Pvt Ltd,2,46,0
city_104,0.92,,No relevent experience,Full time course,Masters,STEM,4,,,1,45,0
city_114,0.928,Male,Has relevent experience,no_enrollment,Graduate,STEM,>20,50-99,Pvt Ltd,>4,42,0
city_28,0.928,Male,Has relevent experience,no_enrollment,Graduate,STEM,9,50-99,Pvt Ltd,1,28,0
city_102,0.789,Male,Has relevent experience,no_enrollment,Masters,STEM,>20,,,>4,18,0
city_103,0.926,Male,No relevent experience,Full time course,Masters,STEM,5,,,never,20,0
city_103,0.625,Male,Has relevent experience,no_enrollment,Graduate,STEM,7,50-99,Pvt Ltd,1,11,1
city_160,0.921,Male,Has relevent experience,no_enrollment,Graduate,STEM,>20,50-99,Pvt Ltd,>4,40,0
city_21,0.551,,Has relevent experience,no_enrollment,Masters,STEM,<1,,,1,54,1
city_103,0.92,Male,Has relevent experience,no_enrollment,Masters,STEM,2,50-99,Pvt Ltd,1,30,0
city_21,0.623,Male,Has relevent experience,no_enrollment,Graduate,STEM,2,50-99,Pvt Ltd,1,6,0
city_136,0.89,Male,Has relevent experience,no_enrollment,Masters,STEM,10,10000+,Pvt Ltd,1,22,0
city_104,0.924,Male,No relevent experience,Full time course,High School,,5,,,never,37,0
city_160,0.92,,No relevent experience,Full time course,Graduate,STEM,7,,,1,92,1
city_143,0.731,Male,No relevent experience,no_enrollment,Graduate,STEM,<1,,,never,10,1
city_160,0.923,,No relevent experience,Full time course,Graduate,STEM,2,10000+,Pvt Ltd,1,45,0
city_28,0.925,Male,Has relevent experience,no_enrollment,Masters,STEM,>20,10000+,Pvt Ltd,1,61,0
city_71,0.881,Male,Has relevent experience,no_enrollment,Graduate,STEM,>20,10/49,Pvt Ltd,1,27,0
city_43,0.619,Male,Has relevent experience,no_enrollment,Graduate,STEM,3,,Pvt Ltd,1,11,1
city_73,0.761,Male,Has relevent experience,no_enrollment,Graduate,STEM,>20,,,>4,10,0
city_21,0.625,Male,Has relevent experience,no_enrollment,Graduate,STEM,6,,,3,26,1
city_100,0.884,Male,Has relevent experience,no_enrollment,Masters,STEM,>20,1000-4999,Pvt Ltd,>4,78,0
city_114,0.927,Male,No relevent experience,Full time course,Graduate,STEM,>20,,,never,13,1
city_46,0.764,Male,Has relevent experience,no_enrollment,Graduate,STEM,>20,1000-4999,Pvt Ltd,>4,98,0
city_103,0.919,Male,Has relevent experience,no_enrollment,Graduate,STEM,>20,1000-4999,Pvt Ltd,>4,14,1
city_16,0.917,Male,Has relevent experience,no_enrollment,High School,,>20,100-500,Pvt Ltd,>4,39,0
city_7,0.641,Male,Has relevent experience,no_enrollment,Graduate,STEM,5,100-500,Pvt Ltd,1,10,0
city_100,0.775,Male,No relevent experience,Full time course,High School,,2,,,never,30,0
city_160,0.921,Male,No relevent experience,no_enrollment,,,<1,,,never,41,0
city_70,0.685,Male,No relevent experience,no_enrollment,High School,,<1,,,never,6,0
city_103,0.92,Male,No relevent experience,no_enrollment,Masters,STEM,15,1000-4999,Pvt Ltd,2,21,0
city_16,0.921,Male,Has relevent experience,no_enrollment,Masters,STEM,4,50-99,Pvt Ltd,1,36,0
city_21,0.623,,No relevent experience,Full time course,Graduate,STEM,2,10000+,Pvt Ltd,1,8,0
city_11,0.543,Male,Has relevent experience,no_enrollment,Graduate,STEM,>20,,,>4,10,1
city_103,0.92,Male,Has relevent experience,no_enrollment,Graduate,STEM,10,,,1,30,1
city_55,0.742,Male,Has relevent experience,no_enrollment,Graduate,STEM,5,,,1,11,1
city_21,0.919,,No relevent experience,no_enrollment,,,6,,,never,32,0
city_16,0.908,Male,Has relevent experience,no_enrollment,Masters,STEM,>20,,,>4,20,0
city_160,0.92,Male,Has relevent experience,Full time course,Graduate,STEM,4,100-500,NGO,1,24,0
city_36,0.89,Male,Has relevent experience,no_enrollment,Graduate,STEM,5,10/49,Funded Startup,1,16,0
city_16,0.912,Male,Has relevent experience,no_enrollment,High School,,9,10000+,Pvt Ltd,1,25,0
city_71,0.914,Male,Has relevent experience,no_enrollment,Masters,STEM,>20,10000+,Pvt Ltd,>4,19,0
city_103,0.919,Male,Has relevent experience,no_enrollment,Graduate,STEM,5,100-500,Pvt Ltd,1,12,0
city_23,0.895,Male,Has relevent experience,no_enrollment,Graduate,STEM,>20,100-500,Pvt Ltd,>4,32,0
city_23,0.919,Male,Has relevent experience,no_enrollment,Graduate,STEM,>20,10/49,Pvt Ltd,2,18,0
city_16,0.903,Male,Has relevent experience,no_enrollment,Graduate,STEM,9,100-500,Pvt Ltd,1,50,0
city_75,0.941,Male,No relevent experience,no_enrollment,Masters,STEM,3,<10,Pvt Ltd,1,38,0
city_67,0.855,Male,Has relevent experience,no_enrollment,Masters,STEM,>20,1000-4999,Pvt Ltd,1,36,0
city_61,0.919,Male,Has relevent experience,no_enrollment,Graduate,STEM,>20,50-99,Funded Startup,1,19,0
city_16,0.916,Male,No relevent experience,no_enrollment,Masters,STEM,>20,,,1,7,0
city_103,0.92,Male,No relevent experience,no_enrollment,,,6,,,never,16,0
city_71,0.891,Male,Has relevent experience,no_enrollment,Graduate,STEM,14,10/49,NGO,1,18,0
city_26,0.768,Male,No relevent experience,Full time course,High School,,1,,,never,17,0
city_160,0.921,Male,Has relevent experience,no_enrollment,High School,,3,10000+,Pvt Ltd,1,30,0
city_21,0.621,Male,No relevent experience,no_enrollment,High School,,2,,,never,18,0
city_138,0.753,Male,Has relevent experience,no_enrollment,Graduate,STEM,>20,,,1,5,0
city_103,0.919,Male,Has relevent experience,no_enrollment,Masters,STEM,9,10000+,Pvt Ltd,1,53,0
city_16,0.91,Male,Has relevent experience,no_enrollment,Graduate,STEM,>20,100-500,Pvt Ltd,>4,22,0
city_67,0.837,Male,Has relevent experience,no_enrollment,Graduate,STEM,8,10000+,Pvt Ltd,1,58,0
city_102,0.716,,No relevent experience,Full time course,High School,,3,,,never,1,0
city_21,0.624,Male,Has relevent experience,no_enrollment,Graduate,STEM,5,100-500,Pvt Ltd,2,23,0
city_128,0.7,Male,Has relevent experience,no_enrollment,Graduate,STEM,2,,,1,51,0
city_21,0.63,Male,No relevent experience,Full time course,Graduate,STEM,<1,,,never,23,1
city_118,0.718,Male,Has relevent experience,no_enrollment,Graduate,STEM,10,<10,Early Stage Startup,1,9,0
city_103,0.92,Male,Has relevent experience,no_enrollment,Graduate,STEM,9,10000+,Pvt Ltd,1,53,0
city_136,0.914,Male,Has relevent experience,no_enrollment,Masters,STEM,>20,10000+,Pvt Ltd,1,44,0
city_103,0.918,Male,Has relevent experience,no_enrollment,Graduate,STEM,9,10000+,Pvt Ltd,1,32,0
city_16,0.914,Male,Has relevent experience,no_enrollment,Masters,STEM,>20,,,1,6,0
city_102,0.792,Male,No relevent experience,Full time course,Masters,STEM,4,,,1,4,0
city_21,0.617,Male,No relevent experience,Full time course,Graduate,STEM,2,,,never,16,1
city_160,0.92,Male,Has relevent experience,no_enrollment,Graduate,STEM,>20,50-99,Pvt Ltd,>4,174,1
city_159,0.861,Male,No relevent experience,Full time course,High School,,3,,,never,1,0
city_114,0.927,Male,Has relevent experience,no_enrollment,Graduate,STEM,10,,,1,23,0
city_104,0.922,Male,No relevent experience,no_enrollment,Graduate,STEM,5,,,never,23,0
city_103,0.897,Male,Has relevent experience,no_enrollment,Masters,STEM,10,10000+,Pvt Ltd,>4,27,0
city_61,0.908,Male,Has relevent experience,no_enrollment,Graduate,STEM,4,10/49,Pvt Ltd,1,14,0
city_103,0.617,Male,Has relevent experience,no_enrollment,Graduate,STEM,<1,,Pvt Ltd,1,118,1
city_16,0.909,Male,Has relevent experience,no_enrollment,Graduate,STEM,13,50-99,Pvt Ltd,1,21,0
city_16,0.913,Male,Has relevent experience,no_enrollment,Graduate,STEM,>20,10000+,Pvt Ltd,>4,46,0
city_103,0.921,Male,Has relevent experience,no_enrollment,Graduate,STEM,>20,,,1,13,1
city_16,0.912,Male,Has relevent experience,no_enrollment,Graduate,STEM,>20,100-500,Pvt Ltd,2,34,0
city_160,0.92,Male,Has relevent experience,no_enrollment,Graduate,STEM,5,50-99,Pvt Ltd,1,20,0
city_136,0.905,Male,Has relevent experience,no_enrollment,Graduate,STEM,>20,1000-4999,Pvt Ltd,1,15,0
city_21,0.625,Male,No relevent experience,no_enrollment,,,<1,,,never,42,0
city_136,0.89,Male,Has relevent experience,no_enrollment,Masters,STEM,10,50-99,Funded Startup,1,1,0
city_160,0.92,Male,No relevent experience,Full time course,Graduate,STEM,4,50-99,Pvt Ltd,1,38,0
city_98,0.926,Male,No relevent experience,no_enrollment,Masters,STEM,8,50-99,Pvt Ltd,1,18,0
city_103,0.92,Male,Has relevent experience,no_enrollment,Graduate,STEM,5,100-500,Pvt Ltd,1,21,0
city_160,0.891,Male,Has relevent experience,no_enrollment,Graduate,STEM,13,50-99,Pvt Ltd,4,38,0
city_114,0.923,Male,Has relevent experience,no_enrollment,Masters,STEM,>20,,,1,17,0
city_21,0.918,Male,No relevent experience,no_enrollment,Graduate,STEM,3,,Pvt Ltd,1,14,1
city_160,0.92,Male,Has relevent experience,no_enrollment,Graduate,STEM,10,,,1,6,1
city_103,0.868,Male,Has relevent experience,no_enrollment,Graduate,STEM,>20,10/49,Pvt Ltd,>4,54,0
city_102,0.833,Male,Has relevent experience,no_enrollment,Graduate,STEM,5,10/49,Early Stage Startup,1,26,0
city_136,0.877,Male,Has relevent experience,no_enrollment,Masters,STEM,9,10000+,Pvt Ltd,1,36,0
city_21,0.623,Male,Has relevent experience,no_enrollment,Graduate,STEM,7,100-500,Pvt Ltd,1,28,0
city_100,0.877,Male,Has relevent experience,no_enrollment,Graduate,STEM,10,100-500,Pvt Ltd,1,11,0
city_36,0.92,Male,Has relevent experience,no_enrollment,Graduate,STEM,>20,100-500,Pvt Ltd,1,19,0
city_75,0.933,Male,Has relevent experience,no_enrollment,Graduate,STEM,10,<10,Pvt Ltd,1,17,0
city_128,0.526,Male,Has relevent experience,no_enrollment,Graduate,STEM,9,,Pvt Ltd,>4,30,1
city_21,0.62,Male,Has relevent experience,no_enrollment,Graduate,STEM,17,50-99,Pvt Ltd,>4,6,0
city_160,0.92,Male,Has relevent experience,no_enrollment,Graduate,STEM,13,10000+,Pvt Ltd,4,37,0
city_160,0.892,Male,Has relevent experience,no_enrollment,Masters,STEM,10,10000+,Pvt Ltd,1,29,0
city_28,0.936,Male,Has relevent experience,no_enrollment,,,>20,,,>4,13,0
city_83,0.923,Male,No relevent experience,no_enrollment,Graduate,STEM,7,,,never,23,0
city_114,0.934,Male,Has relevent experience,no_enrollment,Masters,STEM,>20,,,>4,28,0
city_160,0.915,Male,Has relevent experience,no_enrollment,Graduate,Humanities,4,500-999,Pvt Ltd,1,19,0
city_21,0.622,Male,Has relevent experience,no_enrollment,Graduate,STEM,5,10/49,Early Stage Startup,1,18,0
city_114,0.92,Male,No relevent experience,no_enrollment,Masters,STEM,6,10000+,Pvt Ltd,1,16,0
city_67,0.866,Male,Has relevent experience,no_enrollment,Masters,STEM,>20,,,1,13,0
city_136,0.893,Male,No relevent experience,Full time course,Graduate,STEM,8,,,1,23,0
city_115,0.767,,No relevent experience,no_enrollment,Masters,STEM,>20,,,>4,3,1
city_21,0.624,,Has relevent experience,no_enrollment,Graduate,STEM,5,10000+,Pvt Ltd,1,48,0
city_136,0.899,Male,Has relevent experience,no_enrollment,Masters,STEM,>20,100-500,Pvt Ltd,>4,19,0
city_136,0.911,Male,No relevent experience,no_enrollment,Masters,STEM,8,10000+,Pvt Ltd,1,26,0
city_21,0.625,Male,Has relevent experience,no_enrollment,Graduate,STEM,6,50-99,Early Stage Startup,1,55,0
city_103,0.921,Male,No relevent experience,Full time course,Graduate,STEM,5,,,1,12,1
city_103,0.921,Male,Has relevent experience,no_enrollment,Graduate,STEM,7,50-99,Pvt Ltd,1,177,1
city_73,0.791,Male,Has relevent experience,no_enrollment,Graduate,STEM,10,100-500,Pvt Ltd,>4,14,0
city_103,0.616,Male,Has relevent experience,no_enrollment,Graduate,STEM,7,1000-4999,Pvt Ltd,1,15,1
city_162,0.711,Male,No relevent experience,Full time course,High School,,2,,,never,12,0
city_83,0.919,Male,Has relevent experience,no_enrollment,Graduate,STEM,>20,100-500,Pvt Ltd,1,11,0
city_103,0.92,Male,No relevent experience,no_enrollment,Phd,STEM,>20,1000-4999,Public Sector,>4,48,0
city_21,0.623,,No relevent experience,Full time course,Graduate,STEM,2,50-99,Pvt Ltd,1,23,0
city_103,0.917,Male,No relevent experience,no_enrollment,Graduate,STEM,<1,,,never,8,1
city_73,0.71,Male,Has relevent experience,no_enrollment,Graduate,STEM,>20,100-500,Pvt Ltd,>4,53,0
city_61,0.917,Male,Has relevent experience,no_enrollment,Masters,STEM,>20,100-500,Pvt Ltd,1,5,0
city_134,0.672,Male,Has relevent experience,no_enrollment,Masters,STEM,>20,,Pvt Ltd,>4,58,0
city_90,0.708,Male,Has relevent experience,no_enrollment,Graduate,STEM,6,100-500,Pvt Ltd,1,35,0
city_23,0.901,Male,Has relevent experience,no_enrollment,Graduate,STEM,>20,100-500,Pvt Ltd,>4,57,0
city_138,0.834,Male,Has relevent experience,no_enrollment,Masters,STEM,>20,,,>4,18,0
city_61,0.903,Male,Has relevent experience,no_enrollment,Masters,STEM,>20,100-500,Pvt Ltd,>4,62,0
city_21,0.625,,Has relevent experience,no_enrollment,Masters,STEM,7,50-99,Pvt Ltd,1,25,1
city_103,0.916,Male,Has relevent experience,no_enrollment,Graduate,STEM,>20,10000+,Pvt Ltd,>4,41,0
city_104,0.923,Male,Has relevent experience,no_enrollment,Graduate,STEM,7,50-99,,4,24,1
city_16,0.915,,No relevent experience,Full time course,Masters,STEM,3,,Pvt Ltd,1,14,0
city_160,0.917,Male,Has relevent experience,no_enrollment,Graduate,STEM,13,50-99,Pvt Ltd,4,47,0
city_89,0.924,Male,Has relevent experience,Full time course,Graduate,STEM,4,50-99,Pvt Ltd,1,35,0
city_103,0.92,Male,Has relevent experience,no_enrollment,Masters,STEM,>20,1000-4999,Pvt Ltd,>4,54,0
city_16,0.909,Male,Has relevent experience,no_enrollment,Graduate,STEM,5,100-500,Pvt Ltd,1,24,0
city_55,0.575,Male,Has relevent experience,no_enrollment,Graduate,STEM,11,,,1,18,1
city_50,0.92,Male,Has relevent experience,no_enrollment,Masters,STEM,>20,100-500,Pvt Ltd,>4,8,0
city_103,0.92,Male,Has relevent experience,no_enrollment,Graduate,STEM,10,1000-4999,Pvt Ltd,>4,182,1
city_103,0.92,Male,No relevent experience,Full time course,Graduate,STEM,5,,,never,21,1
city_21,0.621,,No relevent experience,Full time course,High School,,1,,,1,33,0
city_16,0.921,Male,Has relevent experience,no_enrollment,Masters,STEM,>20,100-500,Pvt Ltd,1,19,0
city_46,0.774,Male,No relevent experience,Full time course,Graduate,STEM,5,,,1,23,0
city_102,0.799,Male,Has relevent experience,no_enrollment,Graduate,STEM,5,50-99,Pvt Ltd,1,42,0
city_36,0.92,Male,Has relevent experience,no_enrollment,Graduate,STEM,>20,<10,Pvt Ltd,1,20,0
city_90,0.765,Male,Has relevent experience,no_enrollment,Masters,STEM,>20,,,1,13,0
city_160,0.832,Male,Has relevent experience,no_enrollment,Graduate,STEM,11,,,1,58,0
city_16,0.938,Male,Has relevent experience,no_enrollment,Graduate,STEM,>20,100-500,Pvt Ltd,>4,15,0
city_134,0.673,Male,Has relevent experience,no_enrollment,,,>20,,,>4,15,1
city_74,0.585,Male,No relevent experience,Full time course,Graduate,STEM,2,,,never,24,1
city_101,0.562,,No relevent experience,Full time course,Graduate,STEM,2,,,never,4,1
city_160,0.903,Male,Has relevent experience,no_enrollment,Graduate,STEM,>20,10/49,Pvt Ltd,2,19,0
city_104,0.923,Male,Has relevent experience,Full time course,Graduate,STEM,5,,,1,13,1
city_160,0.921,Male,Has relevent experience,no_enrollment,Graduate,STEM,>20,100-500,Pvt Ltd,>4,46,0
city_101,0.56,,Has relevent experience,Full time course,Graduate,STEM,3,50-99,Pvt Ltd,1,18,0
city_41,0.83,Male,Has relevent experience,no_enrollment,Graduate,STEM,9,100-500,Pvt Ltd,2,14,0
city_21,0.627,Male,Has relevent experience,no_enrollment,Graduate,STEM,9,1000-4999,Pvt Ltd,>4,54,1
city_21,0.916,Male,Has relevent experience,no_enrollment,Graduate,STEM,10,1000-4999,Pvt Ltd,>4,17,1
city_103,0.919,Male,Has relevent experience,no_enrollment,Graduate,STEM,>20,1000-4999,Pvt Ltd,>4,72,0
city_101,0.766,Male,No relevent experience,Full time course,High School,,1,,,never,26,0
city_21,0.798,Male,No relevent experience,Full time course,Graduate,STEM,6,,,never,69,0
city_36,0.884,Male,Has relevent experience,no_enrollment,Graduate,STEM,>20,100-500,Pvt Ltd,>4,10,0
city_42,0.606,,Has relevent experience,no_enrollment,Masters,STEM,7,,,>4,6,1
city_103,0.922,Male,Has relevent experience,no_enrollment,Masters,STEM,>20,<10,Funded Startup,>4,5,0
city_16,0.872,Male,Has relevent experience,no_enrollment,Graduate,STEM,10,100-500,Pvt Ltd,2,19,0
city_100,0.889,Male,Has relevent experience,no_enrollment,Graduate,STEM,>20,10000+,Pvt Ltd,>4,50,0
city_142,0.706,Male,Has relevent experience,no_enrollment,Graduate,STEM,7,10000+,Pvt Ltd,>4,44,0
city_24,0.681,,Has relevent experience,Full time course,Masters,STEM,8,1000-4999,Pvt Ltd,1,31,0
city_61,0.916,Male,Has relevent experience,no_enrollment,Graduate,STEM,>20,10000+,Pvt Ltd,2,8,0
city_114,0.92,Male,Has relevent experience,no_enrollment,Graduate,STEM,5,100-500,Pvt Ltd,1,18,0
city_160,0.921,Male,Has relevent experience,no_enrollment,Graduate,STEM,>20,10000+,Pvt Ltd,>4,46,0
city_136,0.899,Male,Has relevent experience,no_enrollment,Masters,STEM,15,100-500,Pvt Ltd,1,103,0
city_173,0.884,Male,Has relevent experience,Full time course,High School,,2,50-99,Pvt Ltd,1,25,0
city_23,0.857,Male,No relevent experience,no_enrollment,High School,,3,,,never,9,0
city_155,0.618,,No relevent experience,Full time course,Graduate,STEM,3,,,1,57,1
city_160,0.894,Male,Has relevent experience,no_enrollment,Graduate,STEM,>20,1000-4999,Pvt Ltd,>4,65,0
city_103,0.92,Male,Has relevent experience,no_enrollment,Graduate,STEM,5,1000-4999,Pvt Ltd,1,16,1
city_149,0.653,Male,No relevent experience,Full time course,Graduate,STEM,3,,,never,26,0
city_102,0.827,Male,Has relevent experience,no_enrollment,Graduate,STEM,11,,,1,1,0
city_13,0.832,Male,No relevent experience,Full time course,High School,,3,,Pvt Ltd,1,10,0
city_16,0.917,Male,Has relevent experience,no_enrollment,Graduate,STEM,4,,,1,9,0
city_103,0.922,Male,Has relevent experience,Full time course,Graduate,STEM,6,50-99,Pvt Ltd,1,64,0
city_16,0.891,Male,No relevent experience,no_enrollment,Graduate,STEM,>20,,,>4,27,0
city_160,0.916,Male,Has relevent experience,no_enrollment,Graduate,STEM,>20,10/49,Pvt Ltd,>4,17,0
city_103,0.903,Male,Has relevent experience,no_enrollment,Masters,STEM,>20,100-500,,1,86,0
city_103,0.923,Male,No relevent experience,no_enrollment,High School,,6,,,never,5,0
city_50,0.898,Male,Has relevent experience,no_enrollment,Masters,STEM,>20,1000-4999,Public Sector,>4,69,0
city_103,0.921,Male,Has relevent experience,no_enrollment,Graduate,STEM,>20,<10,Pvt Ltd,1,15,0
city_57,0.855,Male,Has relevent experience,no_enrollment,Graduate,STEM,10,50-99,Pvt Ltd,1,35,0
city_19,0.683,Male,No relevent experience,no_enrollment,High School,,3,,,1,20,0
city_102,0.819,Male,Has relevent experience,no_enrollment,Masters,STEM,>20,,,1,7,0
city_160,0.631,,Has relevent experience,Full time course,Graduate,STEM,2,50-99,Pvt Ltd,1,54,0
city_114,0.924,Male,Has relevent experience,no_enrollment,Graduate,STEM,>20,10000+,Pvt Ltd,>4,46,0
city_16,0.911,Male,No relevent experience,no_enrollment,High School,,4,,Pvt Ltd,1,35,0
city_99,0.912,Male,Has relevent experience,no_enrollment,Graduate,STEM,13,50-99,Pvt Ltd,1,20,0
city_160,0.919,Male,Has relevent experience,no_enrollment,Graduate,STEM,>20,,,1,13,0
city_11,0.564,,No relevent experience,Full time course,Masters,STEM,3,50-99,Pvt Ltd,1,16,1
city_103,0.94,Male,Has relevent experience,no_enrollment,Graduate,STEM,4,50-99,Pvt Ltd,1,6,0
city_36,0.895,Male,Has relevent experience,no_enrollment,High School,,>20,,,>4,20,0
city_61,0.912,Male,Has relevent experience,no_enrollment,Graduate,STEM,13,100-500,Pvt Ltd,1,16,0
city_72,0.753,Male,No relevent experience,Full time course,Graduate,STEM,1,10/49,Pvt Ltd,1,44,0
city_75,0.935,Male,Has relevent experience,no_enrollment,Graduate,STEM,>20,,,>4,14,0
city_75,0.932,Male,Has relevent experience,no_enrollment,Graduate,STEM,>20,100-500,Pvt Ltd,>4,48,0
city_150,0.79,Male,Has relevent experience,no_enrollment,High School,,3,,,1,17,0
city_23,0.912,Male,No relevent experience,no_enrollment,Primary School,,3,,Pvt Ltd,never,20,0
city_103,0.911,Male,No relevent experience,Full time course,Masters,STEM,6,,,1,8,0
city_16,0.912,Male,Has relevent experience,no_enrollment,Graduate,STEM,9,1000-4999,Pvt Ltd,>4,44,0
city_99,0.922,Male,Has relevent experience,no_enrollment,Masters,STEM,>20,100-500,Pvt Ltd,>4,14,0
city_136,0.92,Male,Has relevent experience,no_enrollment,Masters,STEM,>20,100-500,,1,12,0
city_103,0.915,Male,Has relevent experience,no_enrollment,Graduate,STEM,>20,,Pvt Ltd,1,6,1
city_114,0.924,Male,No relevent experience,Full time course,Graduate,STEM,5,,,1,23,0
city_21,0.92,Male,Has relevent experience,no_enrollment,Graduate,STEM,13,10000+,Pvt Ltd,>4,153,0
city_160,0.92,Male,Has relevent experience,no_enrollment,Graduate,STEM,13,100-500,Pvt Ltd,4,41,0
city_21,0.624,,Has relevent experience,no_enrollment,High School,,7,10000+,Pvt Ltd,1,42,0
city_64,0.674,Male,Has relevent experience,no_enrollment,Graduate,STEM,>20,,,>4,17,1
city_21,0.622,Male,Has relevent experience,no_enrollment,Graduate,STEM,10,1000-4999,Pvt Ltd,>4,21,1
city_21,0.627,Male,Has relevent experience,Full time course,High School,,3,10000+,Pvt Ltd,1,58,0
city_16,0.916,Male,Has relevent experience,no_enrollment,Graduate,STEM,>20,100-500,Pvt Ltd,2,15,0
city_97,0.921,Male,Has relevent experience,no_enrollment,Graduate,STEM,>20,,,1,10,0
city_61,0.92,Male,Has relevent experience,no_enrollment,Graduate,STEM,9,10000+,Pvt Ltd,2,26,0
city_104,0.923,Male,No relevent experience,no_enrollment,Graduate,STEM,10,,,>4,14,1
city_73,0.838,Male,No relevent experience,no_enrollment,Graduate,STEM,6,,,1,23,0
city_21,0.55,,No relevent experience,Full time course,High School,,2,50-99,Pvt Ltd,1,7,0
city_16,0.91,Male,Has relevent experience,Full time course,Graduate,STEM,4,50-99,Pvt Ltd,1,13,0
city_21,0.62,Male,Has relevent experience,no_enrollment,Graduate,STEM,7,,,>4,31,1
city_114,0.924,Male,No relevent experience,Full time course,High School,,4,,,never,59,0
city_36,0.893,Male,Has relevent experience,no_enrollment,Masters,STEM,>20,,,1,13,0
city_103,0.916,Male,Has relevent experience,no_enrollment,Phd,STEM,>20,10000+,Pvt Ltd,1,29,0
city_16,0.927,Male,No relevent experience,no_enrollment,Masters,STEM,6,,,1,23,0
city_97,0.924,Male,No relevent experience,no_enrollment,Graduate,,<1,,,never,55,0
city_21,0.625,Male,Has relevent experience,no_enrollment,Graduate,STEM,2,50-99,Pvt Ltd,1,16,0
city_16,0.915,Male,No relevent experience,no_enrollment,Graduate,STEM,>20,,,1,23,1
city_102,0.828,,Has relevent experience,Full time course,Masters,STEM,2,50-99,Pvt Ltd,1,44,0
city_16,0.909,Male,Has relevent experience,no_enrollment,High School,,8,10000+,Pvt Ltd,1,20,0
city_136,0.914,Male,Has relevent experience,no_enrollment,Masters,STEM,>20,10000+,Pvt Ltd,>4,14,0
city_104,0.632,Male,Has relevent experience,Full time course,Graduate,STEM,4,50-99,Pvt Ltd,1,35,0
city_103,0.926,Male,Has relevent experience,no_enrollment,Graduate,STEM,11,100-500,Pvt Ltd,1,6,0
city_16,0.912,Male,No relevent experience,Full time course,High School,,1,,,never,44,0
city_103,0.916,Male,No relevent experience,no_enrollment,Graduate,STEM,2,10000+,Pvt Ltd,1,18,0
city_102,0.806,Male,Has relevent experience,Full time course,Graduate,STEM,2,10000+,Pvt Ltd,1,36,0
city_16,0.913,Male,No relevent experience,no_enrollment,Masters,STEM,>20,,Pvt Ltd,1,15,0
city_103,0.92,Male,No relevent experience,Full time course,Graduate,STEM,5,,,never,26,1
city_97,0.921,Male,No relevent experience,no_enrollment,,,>20,,,>4,9,0
city_16,0.863,Male,No relevent experience,no_enrollment,Graduate,STEM,>20,,,1,30,0
city_21,0.92,Male,Has relevent experience,no_enrollment,Graduate,STEM,7,10000+,Pvt Ltd,4,44,0
city_16,0.924,Male,Has relevent experience,no_enrollment,Masters,STEM,6,100-500,Pvt Ltd,1,18,0
city_162,0.681,Male,Has relevent experience,Full time course,Graduate,STEM,5,100-500,Pvt Ltd,1,11,0
city_83,0.923,Male,Has relevent experience,Full time course,Graduate,STEM,14,,,1,20,1
city_77,0.813,,Has relevent experience,Full time course,High School,,1,50-99,Pvt Ltd,1,68,0
city_136,0.885,Male,Has relevent experience,no_enrollment,Masters,STEM,5,10000+,Pvt Ltd,1,31,0
city_160,0.92,Male,Has relevent experience,no_enrollment,Graduate,STEM,15,1000-4999,Pvt Ltd,>4,29,0
city_100,0.89,,No relevent experience,Full time course,High School,,1,,,1,24,0
city_21,0.624,Male,Has relevent experience,no_enrollment,Graduate,STEM,3,50-99,Pvt Ltd,1,14,0
city_16,0.912,,No relevent experience,Full time course,Masters,STEM,1,10000+,Pvt Ltd,1,39,0
city_97,0.925,Male,No relevent experience,,,,<1,,,never,57,0
city_61,0.92,Male,Has relevent experience,no_enrollment,Masters,STEM,>20,,,>4,12,0
city_65,0.777,Male,No relevent experience,no_enrollment,Graduate,STEM,11,,,1,9,0
city_103,0.921,Male,Has relevent experience,no_enrollment,Graduate,STEM,4,,,1,112,0
city_89,0.93,Male,Has relevent experience,no_enrollment,Masters,STEM,>20,,,>4,7,0
city_21,0.623,Male,No relevent experience,Full time course,Graduate,STEM,5,,,never,68,1
city_61,0.9,Male,Has relevent experience,no_enrollment,Graduate,STEM,>20,100-500,Pvt Ltd,>4,12,0
city_21,0.618,Male,Has relevent experience,Full time course,Graduate,STEM,4,50-99,Early Stage Startup,1,10,0
city_75,0.933,Male,No relevent experience,Full time course,High School,,3,,,never,10,0
city_160,0.631,Male,Has relevent experience,no_enrollment,Graduate,STEM,6,50-99,Pvt Ltd,1,42,0
city_103,0.923,Male,Has relevent experience,no_enrollment,Graduate,STEM,13,10000+,Pvt Ltd,>4,42,0
city_138,0.908,Male,Has relevent experience,no_enrollment,Graduate,STEM,10,50-99,Pvt Ltd,1,13,0
city_43,0.705,Male,Has relevent experience,no_enrollment,Graduate,STEM,5,,,1,8,1
city_103,0.922,Male,Has relevent experience,no_enrollment,Masters,STEM,>20,,Pvt Ltd,2,72,0
city_46,0.786,Male,Has relevent experience,no_enrollment,Graduate,STEM,>20,,,>4,25,0
city_21,0.92,Male,Has relevent experience,no_enrollment,Graduate,STEM,5,50-99,Pvt Ltd,1,32,0
city_50,0.897,Male,Has relevent experience,no_enrollment,Masters,STEM,>20,100-500,Pvt Ltd,>4,80,0
city_16,0.914,Male,Has relevent experience,no_enrollment,Graduate,STEM,>20,500-999,Pvt Ltd,>4,21,0
city_136,0.893,Male,Has relevent experience,no_enrollment,Masters,STEM,8,50-99,Funded Startup,1,14,0
city_16,0.916,Male,Has relevent experience,Full time course,Graduate,STEM,4,50-99,Early Stage Startup,1,37,0
city_61,0.917,Male,Has relevent experience,no_enrollment,Masters,STEM,>20,,,1,22,0
city_160,0.91,Male,Has relevent experience,no_enrollment,Graduate,STEM,5,10/49,Funded Startup,1,19,0
city_21,0.623,Male,Has relevent experience,no_enrollment,Graduate,STEM,7,50-99,Pvt Ltd,>4,26,0
city_160,0.921,Male,Has relevent experience,no_enrollment,Graduate,STEM,4,<10,Early Stage Startup,1,43,0
city_19,0.682,Male,Has relevent experience,no_enrollment,High School,,3,,,never,10,0
city_103,0.793,Male,Has relevent experience,no_enrollment,Graduate,STEM,>20,1000-4999,Pvt Ltd,>4,31,0
city_21,0.92,Male,Has relevent experience,no_enrollment,Graduate,STEM,4,50-99,Pvt Ltd,1,17,0
city_102,0.784,Male,No relevent experience,no_enrollment,High School,,3,,,never,24,0
city_21,0.623,Male,Has relevent experience,no_enrollment,Graduate,STEM,7,50-99,Pvt Ltd,1,9,1
city_103,0.915,Male,Has relevent experience,no_enrollment,Graduate,STEM,>20,100-500,Pvt Ltd,1,13,0
city_99,0.918,Male,Has relevent experience,no_enrollment,Graduate,STEM,4,100-500,Funded Startup,1,17,0
city_162,0.743,Male,Has relevent experience,no_enrollment,Graduate,STEM,5,50-99,Pvt Ltd,1,15,0
city_136,0.927,Male,Has relevent experience,no_enrollment,Graduate,STEM,4,100-500,Pvt Ltd,1,30,0
city_21,0.913,Male,Has relevent experience,no_enrollment,Graduate,STEM,13,10000+,Pvt Ltd,>4,29,0
city_116,0.741,Male,Has relevent experience,Full time course,Masters,STEM,8,50-99,Pvt Ltd,1,13,0
city_53,0.765,Male,Has relevent experience,no_enrollment,Graduate,STEM,14,100-500,Pvt Ltd,1,68,0
city_101,0.565,Male,No relevent experience,Full time course,High School,,3,,,never,15,0
city_136,0.917,Male,Has relevent experience,no_enrollment,Phd,STEM,>20,10000+,Pvt Ltd,1,13,0
city_16,0.906,Male,Has relevent experience,no_enrollment,Masters,STEM,>20,1000-4999,Pvt Ltd,>4,63,0
city_19,0.683,Male,No relevent experience,Full time course,Graduate,STEM,2,,,1,63,0
city_102,0.803,Male,Has relevent experience,no_enrollment,Graduate,STEM,>20,,,>4,24,0
city_103,0.926,Male,Has relevent experience,no_enrollment,Graduate,STEM,4,,,1,7,0
city_83,0.924,Male,Has relevent experience,no_enrollment,Graduate,STEM,9,100-500,Pvt Ltd,1,20,0
city_114,0.923,Male,Has relevent experience,no_enrollment,Masters,STEM,>20,100-500,Pvt Ltd,1,11,0
city_61,0.895,Male,Has relevent experience,no_enrollment,Graduate,STEM,>20,<10,Pvt Ltd,1,11,0
city_160,0.798,Male,Has relevent experience,no_enrollment,Masters,STEM,15,50-99,Pvt Ltd,>4,42,0
city_89,0.925,Male,Has relevent experience,Full time course,Graduate,STEM,5,10000+,Pvt Ltd,1,39,0
city_21,0.621,Male,Has relevent experience,no_enrollment,Graduate,STEM,5,100-500,Pvt Ltd,2,39,0
city_160,0.626,Male,No relevent experience,no_enrollment,Graduate,STEM,5,,,never,14,1
city_160,0.921,Male,Has relevent experience,no_enrollment,Graduate,STEM,>20,10000+,Pvt Ltd,>4,61,0
city_21,0.624,Male,No relevent experience,Full time course,Graduate,STEM,1,,Pvt Ltd,1,26,1
city_136,0.904,Male,Has relevent experience,no_enrollment,Masters,STEM,8,100-500,Pvt Ltd,1,15,0
city_16,0.913,Male,Has relevent experience,no_enrollment,Masters,STEM,>20,,,1,38,0
city_104,0.928,Male,Has relevent experience,no_enrollment,Graduate,STEM,>20,10/49,Pvt Ltd,2,72,0
city_104,0.922,Male,Has relevent experience,no_enrollment,Graduate,STEM,5,10000+,Pvt Ltd,1,43,0
city_114,0.921,Male,Has relevent experience,no_enrollment,Graduate,STEM,>20,1000-4999,Pvt Ltd,>4,8,0
city_114,0.913,Male,Has relevent experience,no_enrollment,Graduate,STEM,6,50-99,Funded Startup,1,24,0
city_11,0.543,Male,Has relevent experience,no_enrollment,Graduate,STEM,7,,,>4,1,1
city_123,0.699,Male,Has relevent experience,no_enrollment,Graduate,STEM,7,50-99,Pvt Ltd,1,25,0
city_160,0.627,Male,Has relevent experience,no_enrollment,Graduate,STEM,17,50-99,Funded Startup,4,62,0
city_128,0.542,Male,Has relevent experience,no_enrollment,Graduate,STEM,5,,Pvt Ltd,1,4,1
city_21,0.618,Male,No relevent experience,no_enrollment,Graduate,STEM,<1,,Pvt Ltd,1,9,1
city_103,0.933,Male,No relevent experience,Full time course,Masters,STEM,<1,,,1,1,0
city_13,0.896,Male,Has relevent experience,no_enrollment,,,>20,50-99,Pvt Ltd,>4,89,0
city_36,0.893,Male,Has relevent experience,no_enrollment,Graduate,STEM,11,,,1,1,0
city_160,0.921,Male,Has relevent experience,no_enrollment,Graduate,STEM,5,10/49,Pvt Ltd,2,17,0
city_21,0.625,,No relevent experience,Full time course,Masters,STEM,3,50-99,Pvt Ltd,1,8,0
city_103,0.921,Male,No relevent experience,no_enrollment,Masters,STEM,6,,,1,29,0
city_67,0.852,Male,Has relevent experience,no_enrollment,Graduate,STEM,8,10000+,Pvt Ltd,1,44,0
city_16,0.907,Male,Has relevent experience,no_enrollment,Graduate,STEM,4,,,1,11,0
city_102,0.779,Male,Has relevent experience,Full time course,Masters,STEM,10,100-500,Pvt Ltd,1,34,0
city_21,0.617,,No relevent experience,no_enrollment,High School,,<1,1000-4999,Pvt Ltd,1,25,1
city_16,0.91,Male,Has relevent experience,no_enrollment,Masters,STEM,10,50-99,Pvt Ltd,>4,34,0
city_21,0.921,Male,No relevent experience,Full time course,Primary School,,3,,,never,18,0
city_24,0.706,,No relevent experience,Full time course,Masters,STEM,8,1000-4999,Pvt Ltd,1,39,1
city_21,0.623,Male,Has relevent experience,no_enrollment,High School,,3,50-99,Pvt Ltd,1,10,0
city_103,0.848,Male,Has relevent experience,no_enrollment,Graduate,STEM,6,50-99,Pvt Ltd,1,46,0
city_176,0.755,Male,Has relevent experience,no_enrollment,Graduate,STEM,6,,,1,26,1
city_102,0.779,Male,No relevent experience,no_enrollment,Graduate,STEM,8,,,1,28,0
city_114,0.927,Male,No relevent experience,no_enrollment,High School,,3,,,never,9,0
city_114,0.915,Male,Has relevent experience,no_enrollment,High School,,11,<10,Pvt Ltd,1,20,0
city_67,0.874,Male,No relevent experience,Full time course,Masters,STEM,3,1000-4999,Public Sector,1,11,0
city_104,0.926,Male,No relevent experience,Full time course,High School,STEM,4,,,1,15,0
city_21,0.626,Male,Has relevent experience,no_enrollment,Graduate,STEM,5,50-99,Pvt Ltd,1,16,0
city_11,0.547,Male,Has relevent experience,no_enrollment,Graduate,STEM,3,100-500,Pvt Ltd,1,9,0
city_103,0.922,Male,Has relevent experience,no_enrollment,Graduate,STEM,13,50-99,Pvt Ltd,1,35,0
city_101,0.624,Male,Has relevent experience,no_enrollment,Graduate,STEM,3,50-99,Pvt Ltd,1,21,1
city_16,0.92,Male,Has relevent experience,no_enrollment,Graduate,STEM,>20,,,>4,4,1
city_103,0.919,Male,No relevent experience,no_enrollment,Graduate,STEM,<1,,,1,11,0
city_103,0.921,Male,No relevent experience,no_enrollment,High School,,6,,,1,30,0
city_41,0.803,Male,Has relevent experience,no_enrollment,Graduate,STEM,>20,,,>4,11,0
city_21,0.628,,Has relevent experience,Full time course,Graduate,STEM,3,50-99,Pvt Ltd,1,49,0
city_16,0.917,Male,Has relevent experience,no_enrollment,Masters,STEM,10,10000+,Pvt Ltd,1,159,0
city_21,0.626,,No relevent experience,Full time course,Graduate,STEM,2,50-99,Pvt Ltd,1,25,1
city_160,0.92,Male,Has relevent experience,no_enrollment,Graduate,STEM,4,<10,Early Stage Startup,1,41,0
city_103,0.921,Male,Has relevent experience,no_enrollment,Graduate,STEM,3,10000+,Pvt Ltd,1,1,1
city_21,0.622,Male,No relevent experience,no_enrollment,Graduate,STEM,<1,,,never,7,1
city_160,0.907,Male,Has relevent experience,no_enrollment,Graduate,STEM,5,,,1,2,0
city_11,0.618,Male,Has relevent experience,no_enrollment,Graduate,STEM,2,,,1,1,1
city_155,0.68,Male,Has relevent experience,no_enrollment,Graduate,STEM,6,10/49,Pvt Ltd,1,14,1
city_143,0.711,Male,No relevent experience,Full time course,Graduate,STEM,2,,,never,22,1
city_114,0.929,Male,Has relevent experience,no_enrollment,Masters,,>20,50-99,Pvt Ltd,>4,24,0
city_103,0.918,Male,Has relevent experience,no_enrollment,Masters,STEM,15,10000+,Pvt Ltd,>4,29,0
city_16,0.913,Male,Has relevent experience,no_enrollment,Masters,STEM,>20,10000+,Pvt Ltd,>4,40,0
city_136,0.946,Male,Has relevent experience,no_enrollment,Masters,STEM,>20,50-99,Pvt Ltd,1,44,0
city_103,0.919,Male,Has relevent experience,no_enrollment,Graduate,STEM,15,10000+,Pvt Ltd,>4,43,0
city_99,0.92,Male,Has relevent experience,no_enrollment,Graduate,STEM,>20,,,1,6,0
city_104,0.92,Male,No relevent experience,no_enrollment,Masters,STEM,>20,,,>4,27,1
city_155,0.549,,No relevent experience,Full time course,Masters,STEM,3,,,1,51,1
city_21,0.622,Male,Has relevent experience,no_enrollment,Graduate,STEM,10,10000+,Pvt Ltd,4,172,0
city_104,0.925,Male,Has relevent experience,no_enrollment,Graduate,STEM,>20,50-99,Pvt Ltd,>4,56,0
city_11,0.558,Male,No relevent experience,Full time course,High School,,3,,,never,64,0
city_61,0.925,Male,Has relevent experience,no_enrollment,Graduate,STEM,>20,100-500,Pvt Ltd,4,21,0
city_21,0.625,,No relevent experience,Full time course,Graduate,STEM,1,,Pvt Ltd,never,65,0
city_71,0.883,Male,Has relevent experience,no_enrollment,Graduate,STEM,>20,,,1,18,0
city_71,0.87,Male,Has relevent experience,no_enrollment,Graduate,STEM,>20,100-500,Pvt Ltd,1,11,0
city_114,0.923,,No relevent experience,Full time course,Masters,STEM,4,50-99,Pvt Ltd,1,34,0
city_10,0.935,Male,Has relevent experience,no_enrollment,Masters,STEM,>20,100-500,Pvt Ltd,1,38,0
city_142,0.72,Male,Has relevent experience,no_enrollment,Graduate,STEM,10,100-500,Pvt Ltd,>4,14,0
city_160,0.631,Male,Has relevent experience,no_enrollment,Graduate,STEM,5,10000+,Pvt Ltd,1,28,0
city_73,0.79,Male,Has relevent experience,no_enrollment,Masters,STEM,3,50-99,Pvt Ltd,1,8,0
city_114,0.924,Male,Has relevent experience,no_enrollment,Graduate,STEM,>20,1000-4999,Pvt Ltd,>4,3,0
city_160,0.918,Male,Has relevent experience,no_enrollment,High School,,8,10000+,Pvt Ltd,1,14,0
city_103,0.908,Male,Has relevent experience,Full time course,Graduate,STEM,4,50-99,Pvt Ltd,1,28,0
city_16,0.911,Male,No relevent experience,no_enrollment,Graduate,STEM,4,,,1,18,1
city_114,0.913,Male,Has relevent experience,no_enrollment,Graduate,STEM,>20,100-500,Pvt Ltd,2,15,0
city_160,0.625,Male,Has relevent experience,no_enrollment,Graduate,STEM,5,50-99,Pvt Ltd,1,5,0
city_45,0.816,Male,Has relevent experience,no_enrollment,Graduate,STEM,>20,,Pvt Ltd,2,23,0
city_102,0.81,Male,Has relevent experience,no_enrollment,Graduate,STEM,10,10000+,Pvt Ltd,1,43,0
city_160,0.903,Male,Has relevent experience,Full time course,Masters,,3,50-99,Pvt Ltd,1,25,0
city_103,0.92,Female,Has relevent experience,no_enrollment,Masters,STEM,>20,,Public Sector,>4,77,1
city_67,0.828,Male,Has relevent experience,no_enrollment,Graduate,STEM,10,50-99,Pvt Ltd,1,8,0
city_114,0.925,Male,Has relevent experience,Full time course,Masters,STEM,9,10000+,Pvt Ltd,1,67,0
city_16,0.866,Male,Has relevent experience,no_enrollment,Graduate,STEM,>20,,,2,61,0
city_103,0.921,Male,No relevent experience,no_enrollment,High School,,6,100-500,Pvt Ltd,1,21,0
city_133,0.749,,No relevent experience,Full time course,Graduate,STEM,3,10000+,Pvt Ltd,1,49,0
city_42,0.574,,No relevent experience,Full time course,Graduate,STEM,7,,Public Sector,>4,16,1
city_78,0.63,Male,Has relevent experience,no_enrollment,Graduate,STEM,5,10/49,Pvt Ltd,1,10,1
city_67,0.84,Male,Has relevent experience,no_enrollment,Masters,,>20,50-99,Pvt Ltd,>4,82,0
city_114,0.914,Male,Has relevent experience,no_enrollment,,,>20,,Pvt Ltd,>4,24,0
city_103,0.918,Male,Has relevent experience,no_enrollment,Graduate,STEM,5,500-999,Pvt Ltd,1,15,0
city_21,0.623,,No relevent experience,Full time course,Masters,STEM,4,,,1,27,0
city_103,0.621,Male,Has relevent experience,no_enrollment,Graduate,STEM,<1,500-999,Pvt Ltd,1,19,1
city_21,0.624,Male,Has relevent experience,no_enrollment,Graduate,STEM,5,100-500,Pvt Ltd,2,13,0
city_67,0.873,Male,Has relevent experience,no_enrollment,Masters,STEM,>20,50-99,,1,12,0
city_16,0.914,Male,Has relevent experience,no_enrollment,Graduate,STEM,7,,,1,88,0
city_90,0.701,,Has relevent experience,no_enrollment,Masters,STEM,8,,,1,15,0
city_100,0.877,Male,Has relevent experience,no_enrollment,Graduate,STEM,>20,100-500,Pvt Ltd,>4,19,0
city_21,0.626,,Has relevent experience,no_enrollment,,,7,,,,49,1
city_103,0.92,Male,Has relevent experience,no_enrollment,Graduate,STEM,>20,100-500,Pvt Ltd,>4,44,0
city_160,0.914,Male,Has relevent experience,no_enrollment,Graduate,STEM,4,50-99,Funded Startup,1,3,0
city_73,0.793,Male,Has relevent experience,no_enrollment,Graduate,STEM,>20,100-500,Pvt Ltd,>4,49,0
city_16,0.931,Male,Has relevent experience,no_enrollment,High School,,7,,,1,19,0
city_21,0.635,,Has relevent experience,Full time course,Masters,STEM,6,50-99,Pvt Ltd,1,12,1
city_103,0.917,,Has relevent experience,no_enrollment,Masters,STEM,>20,,,>4,150,0
city_103,0.92,,No relevent experience,no_enrollment,Graduate,STEM,>20,,,>4,120,1
city_97,0.922,Male,Has relevent experience,no_enrollment,Masters,STEM,>20,<10,Early Stage Startup,1,19,0
city_90,0.698,,No relevent experience,Full time course,Graduate,STEM,3,,Pvt Ltd,1,13,0
city_21,0.623,Male,Has relevent experience,no_enrollment,Graduate,STEM,5,10/49,Pvt Ltd,2,19,0
city_16,0.908,Male,Has relevent experience,no_enrollment,Graduate,STEM,>20,50-99,Pvt Ltd,>4,57,0
city_136,0.901,Male,Has relevent experience,no_enrollment,Masters,STEM,8,100-500,Pvt Ltd,1,6,0
city_160,0.736,Male,Has relevent experience,no_enrollment,Graduate,STEM,>20,50-99,Pvt Ltd,>4,1,1
city_16,0.846,Male,Has relevent experience,no_enrollment,Graduate,STEM,>20,10/49,Pvt Ltd,>4,53,0
city_21,0.531,,No relevent experience,Full time course,,,<1,,,never,54,1
city_103,0.921,Male,Has relevent experience,no_enrollment,Graduate,STEM,>20,1000-4999,Public Sector,>4,59,1
city_104,0.922,Male,Has relevent experience,no_enrollment,Graduate,STEM,7,1000-4999,Pvt Ltd,>4,44,0
city_71,0.875,Male,Has relevent experience,no_enrollment,Masters,STEM,>20,100-500,Pvt Ltd,1,27,0
city_21,0.622,Male,Has relevent experience,no_enrollment,Graduate,STEM,5,100-500,Pvt Ltd,1,21,0
city_102,0.806,,Has relevent experience,Full time course,Masters,STEM,4,50-99,,1,115,0
city_16,0.912,Male,Has relevent experience,no_enrollment,Masters,STEM,>20,50-99,Pvt Ltd,>4,19,0
city_136,0.899,Male,Has relevent experience,no_enrollment,Masters,STEM,>20,100-500,,1,20,0
city_103,0.923,Male,Has relevent experience,Full time course,Graduate,STEM,4,50-99,Pvt Ltd,1,30,0
city_102,0.894,Male,Has relevent experience,no_enrollment,Graduate,STEM,11,,,1,17,0
city_103,0.92,Male,Has relevent experience,no_enrollment,Graduate,STEM,5,1000-4999,Pvt Ltd,1,10,0
city_103,0.914,Male,Has relevent experience,no_enrollment,Graduate,STEM,>20,10000+,Pvt Ltd,>4,24,0
city_11,0.543,,No relevent experience,Full time course,Masters,STEM,<1,,,never,18,1
city_21,0.624,Male,Has relevent experience,no_enrollment,Graduate,STEM,5,10/49,Early Stage Startup,1,9,1
city_89,0.925,Male,Has relevent experience,no_enrollment,Graduate,STEM,5,100-500,Pvt Ltd,1,17,0
city_103,0.92,Male,No relevent experience,Full time course,Masters,STEM,4,,,1,144,0
city_16,0.912,Male,Has relevent experience,no_enrollment,Graduate,STEM,5,10/49,Pvt Ltd,1,11,0
city_19,0.521,Male,Has relevent experience,Full time course,Graduate,STEM,4,10/49,Pvt Ltd,1,41,1
city_99,0.917,Male,Has relevent experience,no_enrollment,Graduate,STEM,>20,10/49,Pvt Ltd,>4,28,0
city_128,0.544,Male,Has relevent experience,no_enrollment,Graduate,STEM,5,,,1,33,0
city_104,0.923,,No relevent experience,Full time course,High School,STEM,1,,Pvt Ltd,never,36,0
city_160,0.904,Male,Has relevent experience,no_enrollment,Graduate,STEM,>20,10/49,Funded Startup,1,59,0
city_103,0.921,Male,Has relevent experience,no_enrollment,Graduate,STEM,7,10000+,Pvt Ltd,1,44,0
city_160,0.629,Male,Has relevent experience,no_enrollment,Graduate,STEM,5,100-500,Pvt Ltd,3,13,0
city_103,0.924,Male,Has relevent experience,no_enrollment,Graduate,STEM,4,50-99,Pvt Ltd,1,57,0
city_100,0.87,Male,No relevent experience,Full time course,High School,,2,,,never,10,0
city_21,0.915,Male,Has relevent experience,no_enrollment,Graduate,STEM,4,10/49,Pvt Ltd,1,21,0
city_103,0.917,Male,No relevent experience,Full time course,Masters,STEM,4,,,1,36,0
city_28,0.916,Male,Has relevent experience,no_enrollment,Masters,STEM,>20,10000+,Pvt Ltd,>4,74,0
city_103,0.889,Male,Has relevent experience,no_enrollment,Graduate,STEM,4,10/49,Funded Startup,1,11,0
city_160,0.919,Male,Has relevent experience,no_enrollment,Graduate,STEM,9,10000+,Pvt Ltd,1,13,0
city_162,0.72,Male,Has relevent experience,no_enrollment,Graduate,STEM,10,10000+,Pvt Ltd,1,39,0
city_24,0.659,,No relevent experience,Full time course,Graduate,STEM,1,100-500,Pvt Ltd,1,49,0
city_136,0.851,Male,Has relevent experience,no_enrollment,Masters,STEM,10,50-99,Pvt Ltd,1,16,0
city_104,0.9,Male,Has relevent experience,no_enrollment,Masters,STEM,>20,100-500,Pvt Ltd,1,19,0
city_103,0.922,Male,No relevent experience,Full time course,High School,,2,,,1,7,0
city_71,0.877,Male,No relevent experience,Full time course,High School,,2,,Pvt Ltd,1,22,0
city_23,0.92,Male,Has relevent experience,no_enrollment,High School,,>20,50-99,Pvt Ltd,>4,8,0
city_83,0.919,Male,Has relevent experience,no_enrollment,Masters,STEM,>20,50-99,Pvt Ltd,>4,30,0
city_114,0.933,Male,Has relevent experience,no_enrollment,Masters,STEM,>20,<10,Pvt Ltd,1,18,0
city_102,0.808,Male,Has relevent experience,no_enrollment,Masters,,10,1000-4999,Pvt Ltd,>4,85,0
city_103,0.917,Male,No relevent experience,no_enrollment,High School,,<1,,,never,119,0
city_114,0.904,Male,Has relevent experience,no_enrollment,Masters,STEM,6,100-500,Pvt Ltd,1,41,0
city_136,0.926,Male,Has relevent experience,no_enrollment,Masters,,6,50-99,Pvt Ltd,1,12,0
city_16,0.912,Male,Has relevent experience,no_enrollment,Graduate,STEM,>20,100-500,Pvt Ltd,>4,42,0
city_136,0.922,Male,Has relevent experience,no_enrollment,Masters,STEM,>20,10000+,Pvt Ltd,>4,16,0
city_11,0.545,Male,Has relevent experience,no_enrollment,Graduate,STEM,7,10/49,Pvt Ltd,1,12,1
city_103,0.919,,Has relevent experience,no_enrollment,Masters,,7,,,1,149,0
city_21,0.632,,Has relevent experience,no_enrollment,Masters,STEM,,50-99,Pvt Ltd,>4,72,0
city_83,0.922,Male,No relevent experience,Full time course,,,5,,,never,43,0
city_102,0.809,Male,Has relevent experience,no_enrollment,Graduate,STEM,11,,,1,14,0
city_21,0.624,,Has relevent experience,no_enrollment,Masters,STEM,7,,,1,26,1
city_136,0.843,Male,Has relevent experience,no_enrollment,Masters,STEM,>20,10000+,Pvt Ltd,2,12,0
city_70,0.685,Male,No relevent experience,no_enrollment,High School,,1,,,never,15,0
city_103,0.918,Male,Has relevent experience,no_enrollment,Graduate,STEM,10,1000-4999,Pvt Ltd,>4,7,1
city_16,0.915,Male,Has relevent experience,no_enrollment,Graduate,STEM,>20,10/49,,1,34,1
city_103,0.919,Male,Has relevent experience,no_enrollment,Graduate,STEM,7,,,1,13,1
city_16,0.908,Male,Has relevent experience,no_enrollment,Masters,STEM,>20,50-99,Pvt Ltd,1,10,0
city_114,0.927,Male,Has relevent experience,no_enrollment,Graduate,STEM,>20,,,>4,8,0
city_11,0.562,,No relevent experience,Full time course,Graduate,STEM,3,,,never,19,1
city_21,0.623,Male,No relevent experience,Full time course,Graduate,STEM,4,,Public Sector,1,23,1
city_160,0.826,Male,No relevent experience,Full time course,Graduate,STEM,4,,,1,18,1
city_103,0.925,Male,Has relevent experience,no_enrollment,Masters,STEM,>20,,,1,1,0
city_36,0.92,Male,Has relevent experience,no_enrollment,Masters,STEM,>20,100-500,Pvt Ltd,>4,15,0
city_103,0.924,Male,Has relevent experience,no_enrollment,Masters,STEM,>20,100-500,Pvt Ltd,1,64,0
city_74,0.747,Male,Has relevent experience,no_enrollment,Graduate,STEM,7,,,never,14,0
city_23,0.903,Male,Has relevent experience,no_enrollment,Graduate,STEM,>20,100-500,Pvt Ltd,>4,38,0
city_103,0.923,Male,Has relevent experience,no_enrollment,Graduate,STEM,9,10000+,Pvt Ltd,1,30,0
city_103,0.92,Male,Has relevent experience,no_enrollment,Masters,STEM,6,<10,Pvt Ltd,1,30,0
city_158,0.663,Male,Has relevent experience,Full time course,Graduate,STEM,4,50-99,Pvt Ltd,1,28,0
city_21,0.617,Male,No relevent experience,Full time course,Graduate,STEM,4,100-500,Pvt Ltd,1,13,1
city_136,0.925,Male,No relevent experience,Full time course,Masters,STEM,4,,,1,13,0
city_136,0.913,Male,Has relevent experience,no_enrollment,Masters,STEM,14,10000+,Pvt Ltd,1,57,0
city_136,0.898,Male,Has relevent experience,no_enrollment,Masters,STEM,15,10000+,Pvt Ltd,1,56,0
city_21,0.625,Male,Has relevent experience,no_enrollment,Graduate,STEM,10,1000-4999,Pvt Ltd,>4,48,0
city_55,0.718,Male,Has relevent experience,no_enrollment,Graduate,STEM,>20,,,>4,23,1
city_16,0.912,Male,Has relevent experience,no_enrollment,Masters,STEM,>20,,,>4,21,0
city_103,0.921,Male,Has relevent experience,no_enrollment,Masters,STEM,4,50-99,Pvt Ltd,1,21,0
city_155,0.562,,No relevent experience,Full time course,Graduate,STEM,1,,,never,67,1
city_61,0.885,Male,Has relevent experience,no_enrollment,Masters,STEM,>20,100-500,Pvt Ltd,1,24,0
city_116,0.75,Male,Has relevent experience,no_enrollment,Graduate,STEM,3,50-99,Pvt Ltd,1,30,0
city_136,0.873,Male,No relevent experience,no_enrollment,Masters,STEM,10,10000+,Pvt Ltd,2,35,0
city_23,0.907,Male,Has relevent experience,no_enrollment,High School,,10,50-99,Pvt Ltd,1,13,0
city_61,0.913,Male,Has relevent experience,no_enrollment,Graduate,STEM,>20,10000+,Pvt Ltd,1,26,0
city_16,0.915,Male,Has relevent experience,no_enrollment,Graduate,STEM,>20,100-500,Pvt Ltd,>4,32,0
city_145,0.543,Male,Has relevent experience,no_enrollment,Graduate,STEM,6,10/49,Early Stage Startup,1,9,1
city_73,0.805,Male,Has relevent experience,no_enrollment,Masters,STEM,8,100-500,Pvt Ltd,1,21,0
city_160,0.911,Male,Has relevent experience,no_enrollment,Graduate,STEM,5,100-500,Pvt Ltd,1,39,0
city_128,0.614,Male,No relevent experience,no_enrollment,Graduate,STEM,3,,Pvt Ltd,1,26,1
city_160,0.899,Male,Has relevent experience,no_enrollment,Masters,STEM,>20,1000-4999,Pvt Ltd,>4,39,0
city_102,0.833,Male,Has relevent experience,no_enrollment,Masters,STEM,>20,,,2,6,0
city_16,0.92,Male,Has relevent experience,no_enrollment,Masters,STEM,>20,50-99,Pvt Ltd,1,15,0
city_155,0.623,,No relevent experience,Full time course,Graduate,,<1,,,never,23,1
city_21,0.624,Male,Has relevent experience,no_enrollment,Graduate,STEM,10,10/49,Pvt Ltd,>4,51,0
city_160,0.912,Male,No relevent experience,Full time course,Masters,STEM,3,50-99,Pvt Ltd,1,24,0
city_114,0.925,Male,Has relevent experience,no_enrollment,Masters,STEM,6,100-500,Pvt Ltd,1,41,0
city_43,0.541,Male,Has relevent experience,no_enrollment,Graduate,STEM,>20,,,>4,32,1
city_21,0.624,Male,Has relevent experience,no_enrollment,Graduate,STEM,7,50-99,Pvt Ltd,1,107,1
city_67,0.864,Male,No relevent experience,no_enrollment,Graduate,STEM,>20,,,never,24,0
city_102,0.752,Male,Has relevent experience,no_enrollment,Graduate,STEM,6,,,1,36,0
city_179,0.696,Male,Has relevent experience,no_enrollment,Graduate,STEM,15,1000-4999,Pvt Ltd,>4,29,0
city_64,0.912,Male,Has relevent experience,no_enrollment,Graduate,STEM,14,10/49,,1,30,1
city_16,0.92,Male,Has relevent experience,no_enrollment,Graduate,STEM,>20,<10,Funded Startup,1,31,0
city_104,0.919,Male,Has relevent experience,no_enrollment,Graduate,STEM,>20,10/49,Pvt Ltd,2,16,0
city_11,0.554,,Has relevent experience,no_enrollment,Graduate,STEM,3,100-500,Pvt Ltd,1,35,0
city_144,0.747,Male,Has relevent experience,Full time course,Graduate,STEM,4,50-99,Funded Startup,1,39,0
city_36,0.919,Male,Has relevent experience,no_enrollment,Graduate,STEM,>20,100-500,Pvt Ltd,>4,23,0
city_83,0.934,Male,No relevent experience,Full time course,Graduate,STEM,4,50-99,,1,2,1
city_11,0.539,Male,Has relevent experience,no_enrollment,Graduate,STEM,7,,,1,13,1
city_21,0.675,Male,No relevent experience,Full time course,Graduate,STEM,4,,,1,40,0
city_104,0.92,Male,Has relevent experience,no_enrollment,Graduate,STEM,13,100-500,Pvt Ltd,4,55,0
city_160,0.921,Male,Has relevent experience,no_enrollment,Graduate,STEM,5,100-500,Pvt Ltd,1,14,0
city_16,0.915,Male,Has relevent experience,no_enrollment,Masters,STEM,>20,10000+,Pvt Ltd,>4,7,0
city_21,0.624,,Has relevent experience,no_enrollment,High School,,15,1000-4999,Pvt Ltd,>4,55,0
city_100,0.886,Male,Has relevent experience,no_enrollment,Graduate,STEM,9,10000+,Pvt Ltd,2,35,0
city_136,0.892,Male,Has relevent experience,no_enrollment,Masters,STEM,>20,10000+,Pvt Ltd,>4,21,0
city_21,0.625,Male,Has relevent experience,no_enrollment,Graduate,STEM,7,50-99,Pvt Ltd,1,55,0
city_24,0.782,Male,No relevent experience,no_enrollment,Masters,STEM,8,,,1,20,0
city_103,0.919,Male,Has relevent experience,no_enrollment,Masters,STEM,8,10000+,Pvt Ltd,1,6,0
city_138,0.898,Male,No relevent experience,no_enrollment,,,>20,,,never,23,0
city_102,0.832,Male,Has relevent experience,Full time course,High School,,2,50-99,Pvt Ltd,1,52,0
city_16,0.914,Male,No relevent experience,no_enrollment,High School,,2,,,never,10,0
city_103,0.921,Male,Has relevent experience,no_enrollment,Graduate,STEM,10,10/49,Pvt Ltd,1,13,1
city_21,0.911,Male,No relevent experience,no_enrollment,Graduate,STEM,5,,,1,10,1
city_160,0.919,Male,Has relevent experience,no_enrollment,Graduate,STEM,>20,<10,Pvt Ltd,>4,34,0
city_21,0.625,,No relevent experience,Full time course,Masters,STEM,3,1000-4999,Pvt Ltd,never,29,1
city_55,0.746,Male,Has relevent experience,no_enrollment,Graduate,STEM,>20,10/49,Pvt Ltd,>4,12,0
city_75,0.922,Male,Has relevent experience,no_enrollment,Graduate,STEM,11,<10,Early Stage Startup,1,19,0
city_103,0.92,Male,Has relevent experience,no_enrollment,Graduate,STEM,4,50-99,Pvt Ltd,1,18,0
city_101,0.625,,Has relevent experience,Full time course,Graduate,STEM,3,,,1,58,1
city_159,0.832,Male,Has relevent experience,no_enrollment,Graduate,STEM,>20,10000+,Pvt Ltd,2,57,0
city_67,0.888,Male,Has relevent experience,no_enrollment,Graduate,STEM,10,,,1,16,0
city_16,0.914,Male,No relevent experience,no_enrollment,Graduate,STEM,<1,,,never,26,1
city_16,0.918,Male,Has relevent experience,no_enrollment,High School,,>20,100-500,Pvt Ltd,>4,26,0
city_71,0.893,Male,No relevent experience,no_enrollment,Masters,STEM,>20,,,>4,9,0
city_16,0.928,Male,Has relevent experience,no_enrollment,Graduate,STEM,>20,,,>4,4,1
city_73,0.753,Male,Has relevent experience,no_enrollment,Graduate,STEM,>20,100-500,Public Sector,>4,13,0
city_21,0.626,,Has relevent experience,Full time course,Graduate,STEM,4,50-99,,1,101,1
city_67,0.877,Male,Has relevent experience,no_enrollment,Masters,STEM,10,,,1,11,0
city_160,0.921,Male,Has relevent experience,no_enrollment,Graduate,STEM,6,50-99,Pvt Ltd,1,62,0
city_176,0.786,Male,Has relevent experience,no_enrollment,Graduate,STEM,6,,,1,24,0
city_21,0.626,Male,Has relevent experience,no_enrollment,Graduate,STEM,5,10000+,Pvt Ltd,1,51,0
city_21,0.615,Male,Has relevent experience,no_enrollment,Graduate,STEM,7,10/49,Pvt Ltd,1,7,0
city_114,0.924,Male,Has relevent experience,no_enrollment,High School,,>20,,,>4,7,0
city_152,0.701,Male,Has relevent experience,no_enrollment,Graduate,STEM,>20,,,>4,15,0
city_21,0.614,Male,Has relevent experience,no_enrollment,Masters,STEM,>20,,,>4,59,1
city_16,0.91,Male,No relevent experience,no_enrollment,Phd,,>20,,,>4,10,1
city_160,0.895,Male,No relevent experience,Full time course,High School,,1,,,1,70,0
city_136,0.875,Male,Has relevent experience,no_enrollment,Masters,STEM,>20,100-500,Pvt Ltd,>4,17,0
city_104,0.923,Male,No relevent experience,Full time course,Graduate,STEM,5,,,1,24,0
city_21,0.622,Male,No relevent experience,Full time course,Graduate,STEM,2,,,1,9,1
city_16,0.936,Male,Has relevent experience,no_enrollment,Masters,STEM,6,100-500,Pvt Ltd,1,10,0
city_103,0.921,Male,Has relevent experience,no_enrollment,Graduate,STEM,>20,100-500,Pvt Ltd,1,27,0
city_61,0.924,Male,Has relevent experience,no_enrollment,Graduate,STEM,>20,100-500,Pvt Ltd,1,32,0
city_16,0.901,Male,Has relevent experience,no_enrollment,Graduate,STEM,9,10000+,Pvt Ltd,2,24,0
city_16,0.924,Male,No relevent experience,no_enrollment,High School,,>20,,Pvt Ltd,>4,32,0
city_21,0.545,Male,Has relevent experience,no_enrollment,Graduate,STEM,7,,,1,29,1
city_21,0.62,Male,No relevent experience,Full time course,Graduate,STEM,2,,,never,21,0
city_103,0.92,Male,No relevent experience,no_enrollment,Graduate,STEM,>20,,,1,72,1
city_67,0.858,Male,Has relevent experience,no_enrollment,Masters,STEM,>20,,,>4,11,0
city_21,0.622,Male,Has relevent experience,no_enrollment,Graduate,STEM,5,50-99,Pvt Ltd,1,12,0
city_16,0.92,Male,Has relevent experience,no_enrollment,Masters,,>20,<10,Pvt Ltd,1,19,0
city_73,0.838,Male,Has relevent experience,no_enrollment,Masters,STEM,10,,,1,19,0
city_21,0.625,Male,No relevent experience,Full time course,Graduate,STEM,3,1000-4999,Pvt Ltd,1,29,0
city_136,0.926,Male,No relevent experience,no_enrollment,Masters,STEM,>20,100-500,Pvt Ltd,1,11,0
city_21,0.919,Male,Has relevent experience,no_enrollment,Graduate,STEM,3,50-99,Pvt Ltd,1,16,1
city_67,0.863,Male,Has relevent experience,no_enrollment,Masters,STEM,>20,50-99,,1,7,0
city_103,0.909,Male,Has relevent experience,no_enrollment,Graduate,STEM,>20,,,>4,12,0
city_90,0.695,Male,No relevent experience,Full time course,Graduate,STEM,2,50-99,Pvt Ltd,1,9,0
city_103,0.918,Male,Has relevent experience,no_enrollment,Graduate,STEM,10,10000+,Pvt Ltd,>4,47,0
city_128,0.539,,No relevent experience,Full time course,Graduate,STEM,<1,100-500,Pvt Ltd,1,18,1
city_16,0.919,Male,Has relevent experience,no_enrollment,Graduate,STEM,>20,,,1,8,1
city_11,0.62,Male,Has relevent experience,no_enrollment,Graduate,STEM,10,,,>4,59,1
city_16,0.918,Male,Has relevent experience,no_enrollment,Graduate,STEM,9,10/49,Pvt Ltd,1,32,0
city_103,0.92,Male,Has relevent experience,no_enrollment,Graduate,STEM,13,100-500,Pvt Ltd,1,49,0
city_160,0.919,Male,Has relevent experience,no_enrollment,Graduate,STEM,>20,,,>4,8,1
city_53,0.769,Male,Has relevent experience,no_enrollment,Graduate,STEM,9,1000-4999,Pvt Ltd,1,53,0
city_103,0.92,Male,Has relevent experience,no_enrollment,Graduate,STEM,>20,,,>4,58,0
city_16,0.905,Male,Has relevent experience,no_enrollment,Masters,STEM,>20,1000-4999,Pvt Ltd,>4,36,0
city_103,0.92,,Has relevent experience,no_enrollment,Graduate,STEM,7,10000+,Pvt Ltd,>4,162,1
city_89,0.925,Male,Has relevent experience,no_enrollment,Graduate,STEM,5,10/49,Pvt Ltd,2,25,0
city_160,0.92,Male,Has relevent experience,no_enrollment,Graduate,STEM,>20,,,>4,24,1
city_78,0.735,Male,Has relevent experience,no_enrollment,Graduate,STEM,11,,,1,17,1
city_19,0.677,,No relevent experience,Full time course,Graduate,STEM,1,50-99,Pvt Ltd,1,21,0
city_114,0.921,Male,Has relevent experience,no_enrollment,Masters,STEM,>20,<10,,1,20,0
city_78,0.576,Male,Has relevent experience,no_enrollment,Graduate,STEM,6,10/49,Funded Startup,1,17,1
city_46,0.873,Male,No relevent experience,no_enrollment,Graduate,STEM,9,,,never,26,0
city_67,0.877,Male,No relevent experience,Full time course,Graduate,STEM,3,,,never,24,0
city_21,0.621,Male,Has relevent experience,no_enrollment,Graduate,STEM,10,100-500,Pvt Ltd,>4,41,0
city_83,0.92,Male,Has relevent experience,no_enrollment,Graduate,STEM,>20,,,>4,20,0
city_61,0.887,Male,Has relevent experience,no_enrollment,Graduate,STEM,>20,100-500,Pvt Ltd,1,25,0
city_160,0.919,Male,Has relevent experience,no_enrollment,Graduate,STEM,9,10000+,Pvt Ltd,3,63,0
city_19,0.696,Male,Has relevent experience,no_enrollment,Graduate,STEM,<1,,,1,1,1
city_114,0.928,Male,Has relevent experience,no_enrollment,Graduate,STEM,>20,100-500,Pvt Ltd,1,18,0
city_40,0.802,Male,No relevent experience,Full time course,High School,,4,,,1,19,0
city_103,0.913,Male,No relevent experience,no_enrollment,Graduate,STEM,7,10000+,Pvt Ltd,1,38,0
city_65,0.817,Male,Has relevent experience,no_enrollment,Masters,STEM,10,50-99,Pvt Ltd,1,13,0
city_16,0.771,Male,Has relevent experience,no_enrollment,High School,,15,10000+,Pvt Ltd,>4,51,0
city_101,0.713,Male,No relevent experience,Full time course,Graduate,STEM,2,,,never,20,0
city_136,0.88,Male,No relevent experience,Full time course,High School,,4,,,1,10,0
city_103,0.906,Male,Has relevent experience,no_enrollment,Masters,STEM,>20,10000+,Pvt Ltd,>4,69,0
city_21,0.529,Male,Has relevent experience,no_enrollment,Graduate,STEM,4,10/49,Early Stage Startup,1,37,1
city_104,0.926,Male,Has relevent experience,no_enrollment,Graduate,STEM,14,,,1,13,0
city_136,0.9,Male,No relevent experience,Full time course,Graduate,STEM,2,,,never,10,0
city_159,0.906,Male,Has relevent experience,no_enrollment,Graduate,STEM,9,10000+,Pvt Ltd,1,55,0
city_99,0.91,Male,Has relevent experience,no_enrollment,Graduate,STEM,>20,1000-4999,Pvt Ltd,1,29,0
city_36,0.917,Male,Has relevent experience,no_enrollment,High School,,>20,100-500,Pvt Ltd,1,11,0
city_71,0.893,Male,No relevent experience,Full time course,Graduate,STEM,6,,,1,14,0
city_16,0.918,Male,Has relevent experience,no_enrollment,Graduate,STEM,7,10000+,Pvt Ltd,1,15,0
city_61,0.92,Male,Has relevent experience,no_enrollment,Masters,STEM,>20,100-500,Pvt Ltd,1,31,0
city_103,0.921,,No relevent experience,Full time course,High School,,3,,,1,21,0
city_21,0.626,Male,Has relevent experience,no_enrollment,Graduate,STEM,6,50-99,Pvt Ltd,1,12,1
city_89,0.922,Male,Has relevent experience,no_enrollment,Graduate,STEM,4,50-99,Funded Startup,1,50,0
city_136,0.912,Male,Has relevent experience,no_enrollment,Masters,,9,10000+,Pvt Ltd,2,26,0
city_118,0.721,Male,Has relevent experience,Full time course,High School,,3,50-99,Pvt Ltd,1,10,0
city_114,0.9,Male,Has relevent experience,no_enrollment,Graduate,STEM,>20,10000+,Pvt Ltd,>4,46,0
city_16,0.914,Male,Has relevent experience,no_enrollment,Graduate,STEM,>20,50-99,Pvt Ltd,>4,18,0
city_100,0.889,Male,Has relevent experience,no_enrollment,Masters,STEM,>20,1000-4999,Pvt Ltd,>4,101,0
city_67,0.844,Male,No relevent experience,no_enrollment,Phd,STEM,>20,,Public Sector,>4,19,1
city_103,0.919,Male,Has relevent experience,no_enrollment,Graduate,STEM,15,50-99,Pvt Ltd,4,46,0
city_143,0.763,Male,No relevent experience,Full time course,Graduate,STEM,<1,,,never,27,1
city_36,0.89,Male,Has relevent experience,no_enrollment,High School,,15,100-500,Pvt Ltd,1,16,0
city_21,0.912,Male,Has relevent experience,no_enrollment,Graduate,STEM,4,,,1,52,1
city_16,0.909,Female,Has relevent experience,no_enrollment,Graduate,STEM,9,10000+,Pvt Ltd,2,37,0
city_160,0.918,Male,Has relevent experience,no_enrollment,Graduate,STEM,4,50-99,Pvt Ltd,1,26,0
city_67,0.773,Male,Has relevent experience,no_enrollment,High School,,8,50-99,Pvt Ltd,1,21,0
city_160,0.917,Male,Has relevent experience,no_enrollment,Graduate,STEM,>20,10000+,Pvt Ltd,>4,29,0
city_103,0.92,Male,Has relevent experience,no_enrollment,Masters,STEM,15,10000+,Pvt Ltd,4,155,0
city_16,0.921,,No relevent experience,Full time course,,,<1,,,never,13,1
city_61,0.92,Male,Has relevent experience,no_enrollment,Graduate,STEM,13,100-500,Pvt Ltd,1,38,0
city_103,0.924,Male,Has relevent experience,no_enrollment,Graduate,STEM,13,50-99,Pvt Ltd,1,42,0
city_21,0.626,Male,No relevent experience,no_enrollment,Graduate,STEM,<1,,,>4,12,1
city_73,0.724,Male,No relevent experience,no_enrollment,Phd,STEM,<1,,,never,10,0
city_73,0.821,Male,Has relevent experience,no_enrollment,,,>20,,,>4,22,0
city_99,0.92,Male,No relevent experience,no_enrollment,Masters,STEM,6,10000+,Pvt Ltd,1,27,0
city_136,0.907,Male,No relevent experience,Full time course,Graduate,STEM,2,,,1,55,0
city_103,0.922,Male,No relevent experience,Full time course,Graduate,STEM,5,,,never,47,0
city_160,0.917,Male,Has relevent experience,no_enrollment,Graduate,STEM,>20,10/49,Early Stage Startup,1,20,0
city_103,0.917,Male,Has relevent experience,no_enrollment,Graduate,STEM,6,100-500,Pvt Ltd,1,32,0
city_136,0.899,Male,Has relevent experience,no_enrollment,Masters,STEM,>20,,,>4,20,0
city_114,0.919,Male,Has relevent experience,no_enrollment,Masters,STEM,>20,10000+,Pvt Ltd,1,13,0
city_19,0.702,Male,No relevent experience,no_enrollment,Graduate,STEM,9,,,1,16,0
city_103,0.919,Male,Has relevent experience,no_enrollment,Masters,STEM,>20,10000+,Pvt Ltd,>4,33,0
city_160,0.804,Male,Has relevent experience,no_enrollment,Graduate,STEM,5,10/49,Early Stage Startup,1,19,0
city_102,0.813,Male,Has relevent experience,no_enrollment,Masters,,8,,,1,17,0
city_123,0.806,Male,Has relevent experience,no_enrollment,Graduate,STEM,3,,,1,1,0
city_21,0.626,,No relevent experience,Full time course,High School,STEM,4,50-99,Pvt Ltd,1,32,0
city_103,0.911,Male,Has relevent experience,no_enrollment,Graduate,STEM,6,50-99,Pvt Ltd,1,16,0
city_145,0.555,Male,Has relevent experience,no_enrollment,Graduate,STEM,5,,,1,18,1
city_103,0.921,Male,Has relevent experience,Full time course,Graduate,STEM,4,50-99,Pvt Ltd,1,29,0
city_104,0.925,Male,Has relevent experience,Full time course,Graduate,STEM,5,100-500,Pvt Ltd,1,16,0
city_103,0.92,Male,No relevent experience,Full time course,Graduate,STEM,3,50-99,Pvt Ltd,1,22,0
city_149,0.693,,No relevent experience,Full time course,Graduate,STEM,3,,,1,18,1
city_116,0.726,Male,Has relevent experience,no_enrollment,Graduate,STEM,>20,,,>4,5,0
city_160,0.926,Male,Has relevent experience,no_enrollment,Graduate,STEM,6,100-500,Pvt Ltd,1,25,0
city_21,0.623,,No relevent experience,no_enrollment,Graduate,STEM,<1,10000+,Pvt Ltd,>4,15,1
city_149,0.666,Male,Has relevent experience,no_enrollment,Graduate,STEM,5,,,1,68,0
city_103,0.914,Male,No relevent experience,no_enrollment,Graduate,STEM,3,,Pvt Ltd,1,9,0
city_21,0.624,Male,Has relevent experience,no_enrollment,Graduate,STEM,5,10000+,Pvt Ltd,1,29,0
city_104,0.625,Male,No relevent experience,no_enrollment,Graduate,STEM,7,,,1,29,1
city_99,0.916,Male,Has relevent experience,no_enrollment,Masters,STEM,>20,10000+,Pvt Ltd,1,5,0
city_73,0.792,Male,Has relevent experience,no_enrollment,Graduate,STEM,>20,100-500,Pvt Ltd,>4,1,0
city_99,0.92,Male,Has relevent experience,no_enrollment,Graduate,STEM,4,50-99,Pvt Ltd,1,1,0
city_99,0.912,Male,Has relevent experience,no_enrollment,Graduate,STEM,9,10000+,Pvt Ltd,1,15,0
city_159,0.748,Male,Has relevent experience,no_enrollment,Graduate,STEM,9,50-99,Pvt Ltd,1,55,0
city_36,0.919,Male,Has relevent experience,no_enrollment,Graduate,STEM,>20,10/49,Pvt Ltd,>4,25,0
city_90,0.713,Male,Has relevent experience,no_enrollment,Graduate,STEM,3,100-500,Pvt Ltd,1,12,0
city_100,0.89,Male,No relevent experience,Full time course,High School,,3,,,never,11,0
city_152,0.69,Male,No relevent experience,no_enrollment,Graduate,STEM,8,,,1,10,0
city_102,0.713,Male,Has relevent experience,no_enrollment,Masters,STEM,>20,,,1,16,0
city_89,0.633,Male,Has relevent experience,no_enrollment,Graduate,STEM,5,100-500,Pvt Ltd,1,9,1
city_138,0.832,Male,Has relevent experience,no_enrollment,High School,,3,,,1,16,0
city_103,0.92,Male,Has relevent experience,no_enrollment,Graduate,STEM,>20,,,>4,5,0
city_16,0.891,Male,Has relevent experience,no_enrollment,Graduate,STEM,>20,100-500,Pvt Ltd,1,28,0
city_16,0.915,Male,Has relevent experience,no_enrollment,Graduate,STEM,>20,500-999,Pvt Ltd,1,28,0
city_19,0.668,Male,Has relevent experience,no_enrollment,Graduate,STEM,5,10/49,Pvt Ltd,1,36,0
city_71,0.887,Male,No relevent experience,no_enrollment,Graduate,STEM,5,,,1,21,0
city_21,0.625,Male,No relevent experience,Full time course,High School,,5,,,never,41,0
city_11,0.566,,Has relevent experience,no_enrollment,Masters,STEM,6,50-99,,1,10,0
city_76,0.711,Male,Has relevent experience,no_enrollment,Graduate,STEM,12,10/49,Pvt Ltd,>4,11,0
city_104,0.921,Male,Has relevent experience,no_enrollment,Graduate,STEM,10,50-99,Pvt Ltd,4,15,1
city_104,0.634,Male,No relevent experience,Full time course,High School,,1,,,never,31,0
city_21,0.915,Male,No relevent experience,no_enrollment,Masters,STEM,3,10000+,Pvt Ltd,1,12,0
city_71,0.883,Male,Has relevent experience,no_enrollment,Graduate,STEM,13,10000+,Pvt Ltd,1,58,0
city_136,0.912,Male,No relevent experience,no_enrollment,High School,,>20,,,never,4,0
city_103,0.92,Male,Has relevent experience,no_enrollment,Graduate,STEM,7,,,1,23,1
city_104,0.92,Male,Has relevent experience,no_enrollment,Masters,STEM,>20,50-99,,1,9,0
city_61,0.917,Male,No relevent experience,no_enrollment,High School,,<1,,,1,22,1
city_97,0.923,Male,No relevent experience,Full time course,Graduate,STEM,10,50-99,Pvt Ltd,4,57,0
city_160,0.918,Male,No relevent experience,Full time course,High School,,5,,,never,36,0
city_16,0.914,Male,Has relevent experience,no_enrollment,Graduate,STEM,>20,,,1,21,0
city_97,0.922,,Has relevent experience,no_enrollment,Masters,STEM,7,10000+,Pvt Ltd,4,20,0
city_16,0.917,Male,Has relevent experience,no_enrollment,Graduate,STEM,4,10000+,Pvt Ltd,1,49,0
city_114,0.942,Male,Has relevent experience,no_enrollment,Graduate,STEM,>20,,,>4,27,0
city_21,0.626,Male,Has relevent experience,no_enrollment,Graduate,STEM,10,10000+,Pvt Ltd,>4,69,0
city_21,0.624,Male,Has relevent experience,no_enrollment,Graduate,STEM,5,10/49,Pvt Ltd,1,22,1
city_114,0.923,Male,No relevent experience,no_enrollment,Masters,STEM,2,100-500,Pvt Ltd,1,15,0
city_103,0.923,Male,Has relevent experience,no_enrollment,Masters,STEM,>20,,,1,76,0
city_103,0.925,Male,Has relevent experience,no_enrollment,Masters,STEM,>20,,Pvt Ltd,>4,33,0
city_76,0.704,Male,Has relevent experience,no_enrollment,Graduate,STEM,11,,,1,16,0
city_103,0.919,Male,Has relevent experience,no_enrollment,Graduate,STEM,5,50-99,Pvt Ltd,1,35,0
city_61,0.902,Male,Has relevent experience,no_enrollment,Graduate,STEM,4,100-500,Pvt Ltd,1,41,0
city_159,0.844,Male,No relevent experience,Full time course,Graduate,STEM,1,,,1,56,0
city_16,0.915,Male,Has relevent experience,no_enrollment,,,6,,,1,17,0
city_21,0.626,Male,No relevent experience,Full time course,High School,,5,,,never,37,0
city_145,0.622,Male,Has relevent experience,no_enrollment,Graduate,STEM,3,50-99,Pvt Ltd,1,16,1
city_105,0.914,Male,Has relevent experience,no_enrollment,Graduate,STEM,7,10/49,Pvt Ltd,1,1,0
city_100,0.891,Male,No relevent experience,no_enrollment,,,>20,,,never,19,0
city_21,0.624,Male,Has relevent experience,no_enrollment,Graduate,STEM,3,100-500,Pvt Ltd,1,9,0
city_101,0.625,Male,Has relevent experience,no_enrollment,Graduate,STEM,3,10/49,Pvt Ltd,1,22,1
city_21,0.626,Male,Has relevent experience,no_enrollment,Graduate,STEM,10,500-999,Pvt Ltd,>4,11,1
city_103,0.931,Male,Has relevent experience,no_enrollment,Masters,STEM,>20,1000-4999,Pvt Ltd,>4,36,0
city_75,0.931,Male,No relevent experience,no_enrollment,Masters,STEM,10,,,never,18,0
city_160,0.904,Male,Has relevent experience,no_enrollment,Masters,STEM,>20,100-500,Pvt Ltd,1,36,0
city_75,0.922,Male,Has relevent experience,no_enrollment,Masters,STEM,>20,100-500,Pvt Ltd,1,16,0
city_21,0.626,Male,Has relevent experience,no_enrollment,Graduate,STEM,5,,,1,21,1
city_21,0.617,Male,No relevent experience,no_enrollment,High School,,1,,Pvt Ltd,never,13,1
city_114,0.939,Male,No relevent experience,no_enrollment,Masters,STEM,4,,,1,13,0
city_64,0.659,Male,Has relevent experience,no_enrollment,Graduate,STEM,>20,1000-4999,Pvt Ltd,>4,36,0
city_136,0.918,Male,Has relevent experience,no_enrollment,Masters,STEM,2,10000+,Pvt Ltd,1,4,0
city_11,0.55,,No relevent experience,Full time course,Graduate,STEM,2,50-99,Pvt Ltd,1,16,0
city_149,0.689,Male,Has relevent experience,no_enrollment,Graduate,STEM,3,50-99,Pvt Ltd,1,30,0
city_159,0.824,,No relevent experience,Full time course,Graduate,STEM,3,50-99,Pvt Ltd,1,18,0
city_16,0.916,Male,Has relevent experience,no_enrollment,Graduate,STEM,>20,100-500,Pvt Ltd,>4,45,0
city_114,0.919,Male,Has relevent experience,no_enrollment,High School,,9,50-99,Pvt Ltd,1,16,0
city_114,0.927,Male,Has relevent experience,no_enrollment,Graduate,STEM,>20,100-500,Pvt Ltd,>4,34,0
city_14,0.766,,No relevent experience,Full time course,High School,STEM,1,,,1,43,0
city_103,0.939,Male,Has relevent experience,no_enrollment,Graduate,STEM,9,1000-4999,Pvt Ltd,2,45,0
city_160,0.896,,No relevent experience,no_enrollment,,,6,,,never,33,0
city_136,0.9,Male,Has relevent experience,no_enrollment,Masters,STEM,>20,100-500,Pvt Ltd,2,25,0
city_144,0.844,Male,Has relevent experience,no_enrollment,Graduate,STEM,11,,,1,18,0
city_179,0.685,Male,Has relevent experience,no_enrollment,Masters,STEM,12,50-99,Pvt Ltd,1,48,0
city_114,0.919,Male,Has relevent experience,no_enrollment,Graduate,STEM,>20,10000+,Pvt Ltd,>4,12,0
city_114,0.905,Male,No relevent experience,no_enrollment,High School,,6,,,1,18,0
city_160,0.921,Male,Has relevent experience,no_enrollment,Graduate,STEM,>20,,,>4,48,0
city_160,0.92,Male,Has relevent experience,no_enrollment,Graduate,STEM,>20,<10,Pvt Ltd,1,60,0
city_50,0.893,Male,Has relevent experience,no_enrollment,Masters,STEM,>20,1000-4999,Pvt Ltd,>4,58,0
city_11,0.549,Male,Has relevent experience,no_enrollment,Graduate,STEM,6,,,never,11,1
city_103,0.92,Male,Has relevent experience,no_enrollment,Graduate,STEM,5,,,1,20,1
city_136,0.824,,No relevent experience,Full time course,High School,,4,,,1,3,0
city_114,0.924,Male,No relevent experience,no_enrollment,Masters,STEM,>20,,,2,26,0
city_136,0.892,Male,No relevent experience,no_enrollment,High School,,>20,100-500,Public Sector,1,16,0
city_21,0.609,Male,Has relevent experience,no_enrollment,Graduate,STEM,7,1000-4999,Pvt Ltd,1,6,1
city_114,0.922,Male,Has relevent experience,no_enrollment,Masters,STEM,8,100-500,Pvt Ltd,1,23,0
city_11,0.548,,No relevent experience,no_enrollment,Graduate,STEM,<1,,,,23,1
city_97,0.923,Male,Has relevent experience,no_enrollment,Graduate,STEM,11,50-99,Funded Startup,1,19,0
city_11,0.544,,Has relevent experience,no_enrollment,Masters,STEM,3,50-99,Pvt Ltd,1,41,1
city_102,0.896,Male,No relevent experience,Full time course,Graduate,STEM,8,,,1,29,0
city_103,0.921,Male,Has relevent experience,no_enrollment,Masters,STEM,6,50-99,Funded Startup,1,57,0
city_100,0.887,Male,Has relevent experience,no_enrollment,Graduate,STEM,>20,50-99,,>4,5,0
city_103,0.916,Male,Has relevent experience,no_enrollment,Graduate,STEM,13,50-99,Pvt Ltd,4,40,0
city_160,0.923,,No relevent experience,Full time course,High School,,1,,,1,46,0
city_103,0.916,Male,Has relevent experience,no_enrollment,Masters,STEM,7,10000+,Pvt Ltd,1,14,0
city_136,0.905,Male,Has relevent experience,no_enrollment,High School,,8,<10,Pvt Ltd,1,10,0
city_136,0.908,Male,Has relevent experience,no_enrollment,Masters,STEM,>20,100-500,Pvt Ltd,1,25,0
city_97,0.916,Male,Has relevent experience,no_enrollment,Graduate,STEM,>20,50-99,Pvt Ltd,>4,50,0
city_64,0.743,Male,Has relevent experience,no_enrollment,Graduate,STEM,5,10/49,Pvt Ltd,1,27,0
city_16,0.926,Male,Has relevent experience,no_enrollment,Masters,STEM,>20,100-500,Pvt Ltd,>4,43,0
city_103,0.861,Male,No relevent experience,Full time course,Masters,STEM,4,,,never,7,0
city_74,0.57,,Has relevent experience,,Masters,STEM,<1,,,,49,1
city_160,0.923,Male,No relevent experience,Full time course,High School,,6,,,1,20,0
city_11,0.548,Male,No relevent experience,Full time course,High School,,1,,,1,22,0
city_114,0.928,Male,No relevent experience,Full time course,Graduate,STEM,5,50-99,Pvt Ltd,1,12,0
city_136,0.922,Male,Has relevent experience,no_enrollment,Masters,STEM,9,10000+,Pvt Ltd,1,54,0
city_73,0.713,Male,Has relevent experience,no_enrollment,Graduate,STEM,5,100-500,Pvt Ltd,1,15,0
city_100,0.892,Male,Has relevent experience,no_enrollment,Masters,STEM,>20,100-500,Pvt Ltd,1,22,0
city_11,0.551,Male,Has relevent experience,no_enrollment,Graduate,STEM,<1,,,1,43,1
city_21,0.625,Male,Has relevent experience,no_enrollment,Graduate,STEM,5,,,1,11,1
city_11,0.548,,No relevent experience,Full time course,Graduate,STEM,1,,,1,63,1
city_41,0.818,Male,No relevent experience,no_enrollment,Graduate,STEM,>20,,,never,31,1
city_158,0.691,Male,Has relevent experience,no_enrollment,Graduate,STEM,7,10/49,Funded Startup,1,7,0
city_100,0.888,Male,No relevent experience,no_enrollment,High School,,>20,,,never,26,0
city_152,0.705,Male,Has relevent experience,no_enrollment,Graduate,STEM,>20,100-500,Pvt Ltd,>4,18,0
city_103,0.92,,Has relevent experience,no_enrollment,Masters,STEM,10,10000+,Pvt Ltd,4,52,0
city_98,0.926,Male,No relevent experience,no_enrollment,Masters,STEM,>20,50-99,Pvt Ltd,1,18,0
city_103,0.916,Male,Has relevent experience,no_enrollment,Masters,STEM,>20,1000-4999,Pvt Ltd,>4,25,0
city_41,0.789,Male,Has relevent experience,no_enrollment,Graduate,STEM,>20,100-500,Pvt Ltd,>4,19,0
city_103,0.917,Male,Has relevent experience,no_enrollment,Graduate,STEM,>20,,,1,23,1
city_103,0.918,,Has relevent experience,no_enrollment,Masters,STEM,10,10000+,Pvt Ltd,>4,43,0
city_16,0.91,Male,No relevent experience,Full time course,Masters,,4,50-99,,1,88,0
city_104,0.919,Male,Has relevent experience,no_enrollment,Graduate,STEM,>20,,,1,20,0
city_103,0.919,Male,Has relevent experience,no_enrollment,Graduate,STEM,>20,1000-4999,Pvt Ltd,>4,19,0
city_128,0.545,Male,Has relevent experience,no_enrollment,Graduate,STEM,4,,,1,19,0
city_21,0.624,Male,Has relevent experience,Full time course,Graduate,STEM,4,10/49,Pvt Ltd,1,20,1
city_123,0.745,Male,Has relevent experience,Full time course,Masters,STEM,3,50-99,Pvt Ltd,1,2,0
city_11,0.547,,Has relevent experience,no_enrollment,Graduate,STEM,6,100-500,Pvt Ltd,1,18,1
city_103,0.921,Male,Has relevent experience,no_enrollment,Graduate,STEM,7,,,1,31,1
city_16,0.913,Male,No relevent experience,Full time course,Graduate,STEM,4,,,1,14,1
city_21,0.622,,No relevent experience,no_enrollment,,,<1,,,,155,1
city_101,0.625,,No relevent experience,Full time course,Graduate,STEM,3,50-99,Pvt Ltd,1,12,1
city_160,0.91,Male,No relevent experience,no_enrollment,,,<1,,,never,38,0
city_103,0.921,Male,Has relevent experience,no_enrollment,Graduate,STEM,>20,<10,Pvt Ltd,1,23,0
city_28,0.915,Male,Has relevent experience,no_enrollment,Masters,STEM,10,10000+,Pvt Ltd,>4,36,0
city_67,0.807,Male,Has relevent experience,no_enrollment,Masters,STEM,10,,,1,48,0
city_21,0.624,Male,No relevent experience,Full time course,Graduate,STEM,4,,,1,15,1
city_160,0.928,Male,No relevent experience,no_enrollment,High School,,6,,,never,5,0
city_114,0.917,Male,Has relevent experience,no_enrollment,Masters,STEM,>20,,,2,69,0
city_136,0.893,Male,Has relevent experience,no_enrollment,Graduate,STEM,>20,10000+,Pvt Ltd,>4,48,0
city_160,0.629,Male,No relevent experience,no_enrollment,Graduate,STEM,5,,,1,6,1
city_89,0.923,,No relevent experience,Full time course,Graduate,STEM,4,50-99,,1,12,0
city_160,0.922,Male,Has relevent experience,no_enrollment,Graduate,STEM,9,1000-4999,Pvt Ltd,>4,50,0
city_103,0.92,Male,Has relevent experience,no_enrollment,Graduate,STEM,13,10000+,Pvt Ltd,4,7,0
city_141,0.762,Male,No relevent experience,Full time course,Masters,STEM,2,50-99,Pvt Ltd,1,7,0
city_21,0.686,Male,Has relevent experience,no_enrollment,Graduate,STEM,4,100-500,Pvt Ltd,1,48,0
city_103,0.861,Male,Has relevent experience,no_enrollment,Masters,STEM,>20,100-500,Pvt Ltd,1,11,0
city_67,0.868,Male,Has relevent experience,no_enrollment,Masters,STEM,>20,,,2,9,0
city_21,0.624,Male,Has relevent experience,no_enrollment,Graduate,STEM,7,50-99,Pvt Ltd,4,108,1
city_103,0.887,Male,Has relevent experience,no_enrollment,Graduate,STEM,7,100-500,Pvt Ltd,1,23,0
city_99,0.914,Male,Has relevent experience,no_enrollment,Graduate,STEM,4,10/49,Pvt Ltd,1,31,0
city_72,0.796,Male,No relevent experience,Full time course,Graduate,STEM,2,50-99,Pvt Ltd,1,36,0
city_104,0.922,Male,No relevent experience,no_enrollment,Graduate,STEM,5,,,1,57,0
city_102,0.735,Male,Has relevent experience,no_enrollment,High School,,8,,,1,14,0
city_106,0.708,Male,No relevent experience,no_enrollment,Graduate,STEM,>20,,,never,10,1
city_104,0.929,Male,No relevent experience,Full time course,Graduate,STEM,7,,,never,15,1
city_16,0.916,Male,Has relevent experience,no_enrollment,Masters,STEM,>20,1000-4999,Pvt Ltd,>4,40,0
city_102,0.796,Male,Has relevent experience,no_enrollment,Graduate,STEM,10,50-99,Pvt Ltd,1,34,0
city_11,0.543,,No relevent experience,Full time course,High School,,1,,,never,13,0
city_16,0.917,Male,Has relevent experience,no_enrollment,High School,,>20,<10,Pvt Ltd,1,21,0
city_70,0.527,Male,No relevent experience,no_enrollment,,,<1,,,never,23,0
city_173,0.866,,Has relevent experience,Full time course,Masters,STEM,4,10000+,Pvt Ltd,1,39,0
city_136,0.936,Male,Has relevent experience,no_enrollment,Masters,,>20,,Pvt Ltd,>4,18,0
city_103,0.92,Male,Has relevent experience,no_enrollment,Graduate,STEM,>20,,,1,10,1
city_61,0.917,Male,Has relevent experience,no_enrollment,Graduate,STEM,>20,,,1,11,0
city_21,0.618,Male,No relevent experience,Full time course,Graduate,STEM,4,,,1,10,1
city_21,0.552,Male,Has relevent experience,no_enrollment,Graduate,STEM,3,100-500,Pvt Ltd,1,16,0
city_83,0.926,Male,Has relevent experience,no_enrollment,Graduate,STEM,>20,50-99,Pvt Ltd,>4,13,0
city_103,0.925,Male,No relevent experience,no_enrollment,,,6,,,never,25,0
city_160,0.9,Male,Has relevent experience,no_enrollment,Graduate,STEM,5,10000+,Pvt Ltd,1,22,0
city_21,0.619,Male,No relevent experience,no_enrollment,Graduate,STEM,<1,,,never,28,1
city_99,0.882,Male,Has relevent experience,no_enrollment,Graduate,STEM,>20,100-500,Pvt Ltd,1,8,0
city_103,0.923,Male,Has relevent experience,no_enrollment,Graduate,STEM,>20,10/49,,>4,4,0
city_10,0.934,Male,Has relevent experience,no_enrollment,Graduate,STEM,11,<10,Funded Startup,1,15,0
city_97,0.922,Male,Has relevent experience,no_enrollment,Masters,STEM,>20,,,>4,57,0
city_160,0.925,Male,Has relevent experience,no_enrollment,Graduate,STEM,13,100-500,Pvt Ltd,1,30,0
city_71,0.889,Male,Has relevent experience,no_enrollment,Masters,STEM,>20,50-99,,>4,14,0
city_102,0.831,Male,No relevent experience,Full time course,Graduate,STEM,5,,,1,13,0
city_142,0.778,Male,Has relevent experience,no_enrollment,Graduate,STEM,5,10000+,Pvt Ltd,1,44,0
city_21,0.611,Male,Has relevent experience,no_enrollment,Graduate,STEM,5,10/49,Pvt Ltd,1,12,1
city_72,0.784,Male,Has relevent experience,Full time course,Masters,STEM,8,50-99,Pvt Ltd,1,13,0
city_160,0.917,Male,Has relevent experience,no_enrollment,Graduate,STEM,>20,10000+,Pvt Ltd,>4,49,0
city_36,0.892,Male,Has relevent experience,no_enrollment,Graduate,STEM,13,100-500,Pvt Ltd,1,37,0
city_99,0.915,Male,No relevent experience,no_enrollment,Graduate,STEM,<1,10000+,Pvt Ltd,1,5,0
city_61,0.92,Male,No relevent experience,no_enrollment,Graduate,,<1,,,1,29,0
city_21,0.7,Male,Has relevent experience,no_enrollment,Graduate,STEM,5,10/49,Pvt Ltd,1,22,0
city_104,0.923,Male,Has relevent experience,no_enrollment,Graduate,STEM,4,50-99,Funded Startup,1,6,0
city_61,0.916,Male,Has relevent experience,no_enrollment,Graduate,STEM,>20,100-500,Pvt Ltd,2,17,0
city_150,0.782,Male,No relevent experience,no_enrollment,,,<1,,,never,9,0
city_11,0.626,,No relevent experience,Full time course,Graduate,STEM,4,,,1,16,1
city_103,0.923,Male,Has relevent experience,no_enrollment,Graduate,STEM,14,50-99,Funded Startup,1,15,1
city_13,0.905,Male,No relevent experience,no_enrollment,High School,,3,,,never,16,0
city_160,0.915,Male,Has relevent experience,no_enrollment,Graduate,STEM,6,100-500,Pvt Ltd,4,43,0
city_107,0.617,,Has relevent experience,Full time course,High School,,4,,,1,20,1
city_103,0.914,Male,Has relevent experience,no_enrollment,Graduate,STEM,10,50-99,Pvt Ltd,1,9,0
city_21,0.624,Male,Has relevent experience,Full time course,Graduate,STEM,4,10/49,Pvt Ltd,1,46,1
city_103,0.903,Male,Has relevent experience,no_enrollment,Graduate,STEM,>20,10000+,Pvt Ltd,>4,50,0
city_21,0.913,Male,Has relevent experience,no_enrollment,Graduate,STEM,7,10/49,Early Stage Startup,1,23,0
city_67,0.866,Male,Has relevent experience,no_enrollment,Masters,STEM,8,,,1,26,0
city_103,0.916,Male,Has relevent experience,Full time course,Graduate,STEM,4,100-500,Pvt Ltd,1,32,0
city_75,0.925,Male,No relevent experience,Full time course,Graduate,STEM,4,,Public Sector,1,10,0
city_104,0.923,Male,Has relevent experience,no_enrollment,Graduate,STEM,7,100-500,Pvt Ltd,4,27,0
city_36,0.893,Male,Has relevent experience,no_enrollment,Graduate,STEM,5,100-500,Pvt Ltd,2,7,0
city_28,0.927,Male,Has relevent experience,no_enrollment,Graduate,STEM,5,50-99,Pvt Ltd,1,21,0
city_103,0.917,Male,No relevent experience,no_enrollment,High School,,3,,Pvt Ltd,1,3,0
city_103,0.932,Male,No relevent experience,Full time course,High School,,3,,Pvt Ltd,never,10,0
city_103,0.92,Male,Has relevent experience,no_enrollment,Graduate,STEM,>20,50-99,Pvt Ltd,>4,44,0
city_21,0.613,Male,Has relevent experience,Full time course,Graduate,STEM,4,10000+,Pvt Ltd,1,56,0
city_103,0.927,Male,No relevent experience,Full time course,Graduate,STEM,<1,,,never,17,0
city_103,0.92,Male,Has relevent experience,no_enrollment,Graduate,STEM,10,1000-4999,Pvt Ltd,1,24,0
city_21,0.621,Male,No relevent experience,Full time course,Graduate,STEM,<1,,,never,12,1
city_103,0.918,Male,Has relevent experience,no_enrollment,Masters,STEM,8,10000+,Pvt Ltd,1,14,0
city_160,0.918,Male,Has relevent experience,no_enrollment,Graduate,STEM,5,10/49,Pvt Ltd,1,21,0
city_21,0.922,,No relevent experience,no_enrollment,Graduate,STEM,3,10000+,Pvt Ltd,1,18,1
city_103,0.92,Male,Has relevent experience,no_enrollment,Graduate,STEM,10,,Pvt Ltd,>4,18,1
city_103,0.919,Male,Has relevent experience,no_enrollment,Graduate,STEM,5,,,1,18,1
city_21,0.547,,No relevent experience,Full time course,High School,,1,,,never,33,0
city_71,0.899,Male,Has relevent experience,no_enrollment,Graduate,STEM,>20,,,1,14,0
city_100,0.891,Male,No relevent experience,no_enrollment,Graduate,STEM,5,,,never,17,0
city_61,0.921,Male,Has relevent experience,no_enrollment,Graduate,STEM,>20,100-500,Pvt Ltd,1,23,0
city_103,0.916,Male,Has relevent experience,no_enrollment,Graduate,STEM,>20,100-500,Pvt Ltd,>4,14,0
city_160,0.918,Male,Has relevent experience,no_enrollment,Graduate,STEM,5,100-500,Pvt Ltd,1,29,0
city_11,0.706,Male,Has relevent experience,no_enrollment,Graduate,STEM,6,<10,,1,17,0
city_116,0.678,Male,Has relevent experience,no_enrollment,Masters,STEM,8,100-500,Pvt Ltd,1,28,0
city_152,0.803,Male,No relevent experience,no_enrollment,Masters,STEM,>20,,,never,8,0
city_160,0.915,Male,Has relevent experience,no_enrollment,Graduate,STEM,5,10/49,Pvt Ltd,1,9,0
city_21,0.623,,Has relevent experience,no_enrollment,Masters,STEM,7,50-99,Pvt Ltd,1,147,1
city_138,0.829,Male,Has relevent experience,no_enrollment,Masters,STEM,>20,,,>4,20,0
city_136,0.868,,No relevent experience,Full time course,Graduate,STEM,4,,,1,14,1
city_100,0.763,Male,No relevent experience,no_enrollment,High School,,3,,,never,20,0
city_67,0.836,Male,Has relevent experience,no_enrollment,Graduate,STEM,10,50-99,Early Stage Startup,1,16,0
city_103,0.92,Male,Has relevent experience,no_enrollment,,,>20,,Pvt Ltd,>4,35,0
city_103,0.921,Male,No relevent experience,Full time course,High School,,3,,,never,16,0
city_103,0.919,Male,No relevent experience,no_enrollment,Graduate,STEM,9,10000+,Pvt Ltd,>4,34,0
city_21,0.561,,No relevent experience,Full time course,Graduate,STEM,2,,,never,14,1
city_160,0.627,Male,Has relevent experience,no_enrollment,Graduate,STEM,5,50-99,Pvt Ltd,4,17,0
city_97,0.919,Male,Has relevent experience,no_enrollment,Graduate,STEM,5,100-500,Pvt Ltd,1,17,0
city_160,0.919,,No relevent experience,Full time course,High School,,4,,,1,22,0
city_16,0.912,Male,Has relevent experience,no_enrollment,Graduate,STEM,4,,Pvt Ltd,1,16,0
city_128,0.617,Male,No relevent experience,Full time course,Graduate,STEM,4,,,1,45,1
city_21,0.622,Male,No relevent experience,Full time course,High School,,2,,,never,28,0
city_100,0.884,Male,Has relevent experience,no_enrollment,Graduate,STEM,14,100-500,Funded Startup,1,27,0
city_103,0.917,Female,Has relevent experience,no_enrollment,Graduate,STEM,4,10000+,Pvt Ltd,1,189,0
city_98,0.929,Male,Has relevent experience,no_enrollment,Masters,STEM,>20,50-99,Pvt Ltd,1,13,0
city_50,0.897,Male,Has relevent experience,no_enrollment,Graduate,STEM,>20,100-500,Pvt Ltd,1,3,0
city_41,0.734,Male,Has relevent experience,no_enrollment,,,9,,,never,57,0
city_104,0.926,Male,Has relevent experience,no_enrollment,Graduate,STEM,10,1000-4999,Pvt Ltd,>4,6,1
city_103,0.918,Male,Has relevent experience,no_enrollment,Graduate,STEM,5,,,1,2,1
city_103,0.922,Male,Has relevent experience,no_enrollment,Graduate,STEM,10,100-500,Pvt Ltd,4,14,0
city_99,0.921,Male,Has relevent experience,no_enrollment,Graduate,STEM,>20,10000+,Pvt Ltd,>4,44,0
city_142,0.713,Male,Has relevent experience,no_enrollment,Graduate,STEM,10,50-99,Pvt Ltd,1,14,0
city_104,0.923,Male,No relevent experience,Full time course,Masters,STEM,7,,,1,26,0
city_114,0.93,Male,No relevent experience,no_enrollment,Primary School,,<1,,,never,20,0
city_21,0.624,Male,No relevent experience,Full time course,Graduate,STEM,4,,,never,18,1
city_16,0.912,Male,No relevent experience,Full time course,Graduate,STEM,<1,,,never,20,1
city_97,0.925,Male,Has relevent experience,no_enrollment,Masters,STEM,>20,100-500,Pvt Ltd,>4,66,0
city_103,0.916,Male,Has relevent experience,no_enrollment,Graduate,STEM,4,100-500,Pvt Ltd,1,40,0
city_67,0.755,Male,No relevent experience,Full time course,Graduate,STEM,5,,,1,5,0
city_97,0.902,Male,Has relevent experience,no_enrollment,Masters,STEM,6,100-500,Pvt Ltd,1,15,0
city_21,0.69,Male,Has relevent experience,no_enrollment,Graduate,STEM,3,10/49,Pvt Ltd,1,30,1
city_67,0.821,Male,Has relevent experience,no_enrollment,Masters,STEM,>20,,,1,11,0
city_61,0.919,Male,Has relevent experience,no_enrollment,Masters,STEM,>20,,,1,20,0
city_16,0.909,Male,Has relevent experience,no_enrollment,Masters,STEM,>20,50-99,Pvt Ltd,>4,45,0
city_101,0.569,,No relevent experience,Full time course,High School,,3,,,never,21,0
city_2,0.768,Male,No relevent experience,Full time course,Graduate,STEM,6,,,1,52,0
city_102,0.723,Male,No relevent experience,Full time course,High School,,2,,,never,19,0
city_150,0.7,,No relevent experience,Full time course,Graduate,STEM,6,,,1,13,0
city_16,0.911,Male,Has relevent experience,no_enrollment,Graduate,STEM,9,1000-4999,Pvt Ltd,>4,22,0
city_160,0.92,Male,Has relevent experience,no_enrollment,Graduate,STEM,9,10/49,Pvt Ltd,1,34,0
city_83,0.926,Male,Has relevent experience,no_enrollment,Graduate,STEM,>20,50-99,Pvt Ltd,>4,63,0
city_21,0.552,,No relevent experience,Full time course,High School,,<1,,,never,46,0
city_160,0.921,Male,No relevent experience,no_enrollment,Masters,STEM,6,100-500,Public Sector,1,21,0
city_67,0.857,Male,Has relevent experience,no_enrollment,Masters,STEM,>20,50-99,Pvt Ltd,>4,12,0
city_160,0.624,Male,Has relevent experience,no_enrollment,Graduate,STEM,10,,,1,18,1
city_136,0.901,Male,Has relevent experience,no_enrollment,Masters,STEM,8,100-500,Pvt Ltd,1,63,0
city_16,0.903,Male,Has relevent experience,no_enrollment,Masters,STEM,15,10000+,Pvt Ltd,4,48,0
city_21,0.918,,Has relevent experience,no_enrollment,Graduate,STEM,3,10000+,Pvt Ltd,1,19,1
city_21,0.916,Male,Has relevent experience,no_enrollment,Graduate,STEM,7,500-999,Pvt Ltd,1,15,1
city_21,0.622,Male,No relevent experience,Full time course,Graduate,STEM,<1,,,never,57,1
city_21,0.625,,No relevent experience,Full time course,Graduate,STEM,4,,,never,20,1
city_103,0.916,Male,Has relevent experience,no_enrollment,Graduate,STEM,>20,100-500,Pvt Ltd,1,10,0
city_102,0.794,Male,Has relevent experience,no_enrollment,Masters,STEM,10,50-99,Pvt Ltd,1,28,0
city_102,0.84,Male,Has relevent experience,no_enrollment,Masters,STEM,8,50-99,,1,22,0
city_21,0.624,Male,Has relevent experience,no_enrollment,Graduate,STEM,7,50-99,Pvt Ltd,4,20,1
city_103,0.92,Male,Has relevent experience,no_enrollment,Masters,STEM,8,<10,,1,21,0
city_21,0.623,Male,No relevent experience,Full time course,Graduate,STEM,4,,,1,13,1
city_21,0.625,Male,No relevent experience,no_enrollment,,,3,,,never,10,0
city_136,0.92,Male,Has relevent experience,no_enrollment,Masters,STEM,>20,,,1,54,0
city_21,0.618,Male,No relevent experience,no_enrollment,Graduate,STEM,7,1000-4999,Pvt Ltd,1,18,0
city_21,0.624,Male,Has relevent experience,no_enrollment,Graduate,STEM,7,,,1,22,1
city_16,0.915,Female,No relevent experience,no_enrollment,Graduate,STEM,1,10000+,Pvt Ltd,1,8,0
city_73,0.905,Male,Has relevent experience,no_enrollment,Masters,STEM,>20,1000-4999,Pvt Ltd,>4,43,0
city_104,0.919,Male,Has relevent experience,no_enrollment,Graduate,STEM,9,10000+,Pvt Ltd,>4,52,0
city_100,0.888,Male,Has relevent experience,no_enrollment,High School,,>20,10000+,Pvt Ltd,>4,12,0
city_160,0.905,Male,Has relevent experience,no_enrollment,Graduate,STEM,>20,10/49,Pvt Ltd,>4,12,0
city_136,0.878,Male,Has relevent experience,no_enrollment,High School,,>20,100-500,Pvt Ltd,1,13,0
city_160,0.858,Male,Has relevent experience,no_enrollment,Graduate,STEM,>20,1000-4999,Pvt Ltd,>4,49,0
city_104,0.938,Male,Has relevent experience,no_enrollment,Masters,STEM,9,10000+,Pvt Ltd,1,41,0
city_16,0.86,Male,Has relevent experience,no_enrollment,Graduate,STEM,5,10000+,Pvt Ltd,1,29,0
city_67,0.766,Male,No relevent experience,Full time course,High School,,4,,Pvt Ltd,1,1,0
city_103,0.915,Male,Has relevent experience,no_enrollment,Graduate,STEM,6,100-500,Pvt Ltd,1,68,0
city_136,0.905,Male,No relevent experience,Full time course,Graduate,STEM,2,,,1,13,0
city_103,0.923,Male,No relevent experience,Full time course,Masters,STEM,4,50-99,Pvt Ltd,1,34,0
city_71,0.881,Male,No relevent experience,no_enrollment,High School,,>20,,,never,5,0
city_103,0.921,Male,No relevent experience,no_enrollment,Primary School,,3,,,never,13,0
city_99,0.914,Male,Has relevent experience,Full time course,Graduate,STEM,4,10/49,,1,13,0
city_103,0.919,Male,Has relevent experience,no_enrollment,Graduate,STEM,5,50-99,Pvt Ltd,1,61,0
city_138,0.882,Male,Has relevent experience,no_enrollment,Masters,STEM,10,50-99,Pvt Ltd,1,54,0
city_21,0.625,Male,No relevent experience,Full time course,High School,,1,,,never,45,0
city_73,0.736,Male,Has relevent experience,no_enrollment,Graduate,STEM,8,1000-4999,Pvt Ltd,1,20,0
city_145,0.566,Male,Has relevent experience,Full time course,Graduate,STEM,4,50-99,,1,6,1
city_102,0.826,Male,Has relevent experience,no_enrollment,Graduate,STEM,6,10/49,Pvt Ltd,1,30,0
city_21,0.919,,No relevent experience,no_enrollment,High School,,<1,,Pvt Ltd,1,17,1
city_64,0.612,Male,No relevent experience,no_enrollment,Graduate,STEM,<1,,,1,42,1
city_67,0.841,Male,Has relevent experience,no_enrollment,Masters,STEM,10,,,1,10,0
city_160,0.925,Male,Has relevent experience,no_enrollment,Graduate,STEM,17,,,1,29,1
city_10,0.928,Male,Has relevent experience,no_enrollment,Masters,STEM,>20,10000+,Pvt Ltd,1,19,0
city_100,0.886,Male,Has relevent experience,no_enrollment,Graduate,STEM,10,50-99,Pvt Ltd,1,4,0
city_128,0.551,Male,Has relevent experience,no_enrollment,Graduate,STEM,3,50-99,Pvt Ltd,1,25,1
city_21,0.627,Male,Has relevent experience,no_enrollment,Graduate,STEM,3,100-500,Pvt Ltd,1,40,0
city_160,0.9,Male,Has relevent experience,no_enrollment,Graduate,STEM,>20,100-500,Pvt Ltd,>4,51,0
city_128,0.707,,Has relevent experience,no_enrollment,Masters,STEM,6,,,1,21,1
city_67,0.832,Male,Has relevent experience,no_enrollment,High School,,8,,Pvt Ltd,1,24,0
city_152,0.799,Male,No relevent experience,no_enrollment,Graduate,STEM,3,,,never,12,0
city_136,0.885,Male,Has relevent experience,no_enrollment,High School,,8,10000+,Pvt Ltd,1,23,0
city_71,0.821,Male,Has relevent experience,no_enrollment,Graduate,STEM,>20,,,1,19,0
city_114,0.926,Male,Has relevent experience,no_enrollment,Masters,STEM,>20,100-500,Pvt Ltd,1,52,0
city_103,0.895,Male,No relevent experience,no_enrollment,High School,,6,,,1,5,0
city_94,0.701,Male,Has relevent experience,no_enrollment,Graduate,STEM,>20,100-500,Pvt Ltd,>4,7,0
city_89,0.925,Male,Has relevent experience,Full time course,Graduate,STEM,14,100-500,NGO,2,7,1
city_21,0.622,Male,Has relevent experience,no_enrollment,Graduate,STEM,5,100-500,Pvt Ltd,2,10,1
city_16,0.909,Male,No relevent experience,Full time course,Graduate,STEM,4,,,1,14,0
city_21,0.617,Male,Has relevent experience,no_enrollment,Graduate,STEM,10,10000+,Pvt Ltd,>4,46,0
city_97,0.92,Male,Has relevent experience,Full time course,Graduate,STEM,4,50-99,Pvt Ltd,1,52,0
city_21,0.625,,Has relevent experience,Full time course,Masters,STEM,4,50-99,,1,63,0
city_123,0.726,Male,Has relevent experience,no_enrollment,Graduate,STEM,5,<10,Pvt Ltd,1,10,0
city_103,0.928,Male,Has relevent experience,no_enrollment,Graduate,STEM,11,,,1,21,1
city_104,0.926,,Has relevent experience,,Masters,STEM,19,,,>4,82,1
city_136,0.889,Male,No relevent experience,Full time course,Masters,STEM,4,,,1,21,0
city_36,0.922,Male,Has relevent experience,no_enrollment,Masters,STEM,>20,10000+,Pvt Ltd,>4,33,0
city_21,0.618,Male,Has relevent experience,no_enrollment,Graduate,STEM,5,,,1,15,1
city_103,0.917,Male,Has relevent experience,no_enrollment,Graduate,STEM,9,10000+,Pvt Ltd,1,50,0
city_99,0.91,Male,Has relevent experience,no_enrollment,High School,,4,10000+,Pvt Ltd,1,14,0
city_13,0.744,Male,Has relevent experience,no_enrollment,High School,,3,,Pvt Ltd,1,10,0
city_114,0.919,Male,Has relevent experience,no_enrollment,Phd,STEM,>20,,,>4,29,0
city_71,0.89,Male,No relevent experience,Full time course,Graduate,STEM,4,,,1,53,0
city_102,0.819,Male,No relevent experience,Full time course,High School,,2,,,never,4,0
city_11,0.706,,No relevent experience,Full time course,High School,,1,,,never,19,0
city_103,0.927,Male,Has relevent experience,no_enrollment,Graduate,STEM,9,50-99,Pvt Ltd,2,62,0
city_16,0.911,Male,Has relevent experience,no_enrollment,Graduate,STEM,>20,100-500,Pvt Ltd,>4,33,0
city_21,0.571,Male,No relevent experience,Full time course,Graduate,STEM,<1,,,never,39,1
city_160,0.574,Male,Has relevent experience,no_enrollment,Graduate,STEM,5,,,1,10,1
city_101,0.561,,No relevent experience,Full time course,Masters,STEM,4,,,1,6,1
city_64,0.645,Male,Has relevent experience,no_enrollment,Graduate,STEM,>20,100-500,Pvt Ltd,>4,36,0
city_43,0.521,Male,Has relevent experience,no_enrollment,Graduate,STEM,7,,,1,35,1
city_61,0.917,Male,Has relevent experience,no_enrollment,Graduate,STEM,>20,100-500,Pvt Ltd,1,9,0
city_71,0.897,Male,Has relevent experience,no_enrollment,Masters,STEM,>20,,,1,10,0
city_102,0.782,Male,Has relevent experience,no_enrollment,Masters,STEM,>20,,,>4,14,0
city_74,0.734,,Has relevent experience,no_enrollment,Masters,STEM,6,,,1,23,1
city_136,0.881,,No relevent experience,Full time course,High School,,4,100-500,Pvt Ltd,1,16,0
city_16,0.92,Male,Has relevent experience,no_enrollment,Masters,STEM,>20,100-500,Pvt Ltd,2,22,0
city_21,0.621,,No relevent experience,Full time course,Graduate,STEM,2,50-99,Pvt Ltd,1,11,0
city_21,0.622,,Has relevent experience,Full time course,Masters,STEM,3,10000+,Pvt Ltd,1,41,0
city_104,0.923,Male,Has relevent experience,no_enrollment,Graduate,STEM,>20,100-500,Pvt Ltd,>4,53,0
city_105,0.818,Male,Has relevent experience,no_enrollment,Graduate,STEM,11,,,1,13,0
city_149,0.694,Male,No relevent experience,Full time course,Graduate,STEM,2,,,1,19,0
city_99,0.921,Male,Has relevent experience,no_enrollment,Graduate,STEM,>20,1000-4999,Pvt Ltd,2,21,0
city_21,0.616,Male,Has relevent experience,no_enrollment,Graduate,STEM,5,100-500,Pvt Ltd,1,22,0
city_136,0.913,Male,Has relevent experience,no_enrollment,Masters,STEM,14,100-500,Pvt Ltd,1,20,0
city_84,0.652,Male,No relevent experience,no_enrollment,Graduate,STEM,5,,,1,4,1
city_16,0.917,Male,Has relevent experience,no_enrollment,Graduate,STEM,>20,1000-4999,Pvt Ltd,>4,47,0
city_26,0.773,Male,Has relevent experience,no_enrollment,High School,,2,10/49,Pvt Ltd,1,28,0
city_138,0.825,Male,Has relevent experience,no_enrollment,Graduate,STEM,11,,,1,20,0
city_103,0.92,Male,No relevent experience,no_enrollment,Masters,STEM,6,50-99,Pvt Ltd,1,32,0
city_101,0.556,Male,No relevent experience,Full time course,High School,,2,,,1,24,0
city_16,0.914,Male,Has relevent experience,no_enrollment,Graduate,STEM,>20,50-99,Funded Startup,1,3,0
city_160,0.92,Male,Has relevent experience,no_enrollment,Graduate,STEM,6,10/49,Funded Startup,1,33,0
city_67,0.827,Male,No relevent experience,Full time course,High School,,1,,,1,28,0
city_21,0.625,Male,Has relevent experience,Full time course,Graduate,STEM,2,50-99,Pvt Ltd,1,17,0
city_103,0.911,Male,No relevent experience,no_enrollment,High School,,6,,,1,3,0
city_16,0.92,Male,Has relevent experience,no_enrollment,Masters,STEM,>20,,,>4,21,0
