StartDate,ExitDate,Title,BusinessUnit,EmployeeStatus,EmployeeType,PayZone,EmployeeClassificationType,TerminationType,TerminationDescription,DepartmentType,Division,DOB,State,JobFunctionDescription,GenderCode,LocationCode,RaceDesc,MaritalDesc,Performance Score,Current Employee Rating
21-May-22,01-Jan-30,Production Technician II,NEL,Active,Full-Time,Zone A,Part-Time,Unk,,Production       ,Engineers,31-01-1998,MA,Lineman,Female,25280.0,Black,Single,Fully Meets,3
02-Dec-19,08-Aug-20,Sales Manager,BPC,Active,Part-Time,Zone A,Part-Time,Resignation,Upon budget class college now this trade.,Software Engineering,Field Operations,19-04-1994,TN,Administrative,Male,46317.0,White,Single,Fully Meets,3
15-Oct-21,23-Oct-23,Production Technician I,CCDR,Active,Part-Time,Zone C,Part-Time,Retirement,Natural event religious during article total.,Production       ,Engineers,09-07-1943,MA,Laborer,Female,90194.0,Asian,Married,Fully Meets,3
04-Mar-19,11-Sep-21,Production Technician I,TNS,Active,Full-Time,Zone B,Full-Time,Resignation,Win late significant throughout add.,Production       ,Wireline Construction,18-12-1967,MA,Driller,Female,47353.0,Asian,Married,Needs Improvement,3
25-May-21,10-Jun-21,Production Manager,EW,Active,Contract,Zone A,Part-Time,Retirement,Body move possible play. Relate husband Mrs.,Production       ,General - Eng,13-08-1981,MA,Manager,Female,23166.0,Black,Single,Fully Meets,3
05-Mar-19,01-Jan-30,Sr. Network Engineer,MSC,Active,Contract,Zone A,Full-Time,Unk,,Production       ,Splicing,12-10-1973,MA,Laborer,Male,64675.0,White,Widowed,Exceeds,3
04-Jul-20,23-Aug-25,Software Engineer,BPC,Active,Full-Time,Zone C,Full-Time,Voluntary,,Executive Office,Splicing,24-07-1961,MA,Laborer,Male,70469.0,Hispanic,Married,Fully Meets,1
05-Aug-23,13-Jan-29,Production Technician I,BPC,Active,Part-Time,Zone C,Temporary,Unk,,Software Engineering,Field Operations,08-06-1995,MA,Manager,Male,42732.0,White,Married,Fully Meets,2
15-Oct-20,16-Jun-25,Production Technician I,MSC,Active,Part-Time,Zone C,Part-Time,Unk,,Production       ,Engineers,20-01-1945,MA,Locator,Female,37608.0,Black,Married,Fully Meets,4
17-Apr-22,07-Mar-22,Production Technician II,TNS,Voluntarily Terminated,Part-Time,Zone C,Full-Time,Voluntary,Information race relate rich poor already make.,Software Engineering,General - Con,18-02-1953,MA,Driller,Male,72721.0,Black,Widowed,Fully Meets,3
26-Feb-21,27-Jun-23,BI Developer,SVG,Active,Part-Time,Zone A,Full-Time,Involuntary,Scientist strong team civil quality.,Executive Office,Yard (Material Handling),17-06-1961,MA,Attendant,Male,34330.0,Other,Divorced,Fully Meets,2
21-Jul-21,13-Nov-20,Production Technician I,SVG,Active,Full-Time,Zone A,Part-Time,Unk,Out always about must with ago here.,IT/IS,Engineers,26-12-1999,MA,Engineer,Male,46857.0,Asian,Widowed,Exceeds,3
11-Jul-19,01-Jan-30,Production Technician I,TNS,Active,Full-Time,Zone A,Part-Time,Unk,,Production       ,Catv,19-10-1965,MA,Technician,Male,44237.0,White,Single,Fully Meets,3
08-Sep-21,26-Jun-22,Production Technician I,SVG,Active,Part-Time,Zone A,Full-Time,Retirement,Fight look song material year happen.,Production       ,General - Eng,02-05-1963,MA,Foreman,Male,49791.0,Other,Single,Fully Meets,2
18-Aug-18,12-Feb-21,Production Technician I,MSC,Active,Part-Time,Zone C,Full-Time,Unk,,Production       ,General - Con,07-09-1957,MA,Technician,Female,22536.0,Asian,Single,Fully Meets,3
09-Jan-22,01-Jan-30,Production Technician I,SVG,Active,Contract,Zone B,Full-Time,Unk,,Production       ,General - Con,17-09-1954,MA,Laborer,Female,85369.0,White,Divorced,Exceeds,3
17-Mar-22,27-Sep-25,Production Technician I,SVG,Active,Part-Time,Zone C,Temporary,Voluntary,Professional military easy so.,Production       ,Project Management - Con,17-03-1960,MA,Coordinator,Female,49633.0,Black,Single,Fully Meets,3
24-Dec-20,02-Aug-26,Production Technician I,EW,Active,Contract,Zone A,Part-Time,Unk,,Production       ,Splicing,09-03-1979,MA,Lineman,Female,74901.0,Asian,Single,Fully Meets,3
20-Jan-21,26-Jan-23,Production Manager,SVG,Active,Full-Time,Zone C,Full-Time,Resignation,Occur tough thousand on recent.,Production       ,General - Con,28-05-1988,MA,Laborer,Female,41334.0,Hispanic,Divorced,Fully Meets,3
16-Dec-20,03-Mar-29,Area Sales Manager,CCDR,Active,Full-Time,Zone C,Full-Time,Unk,,Sales,Engineers,21-08-1973,CO,Laborer,Male,85429.0,Black,Married,Fully Meets,2
08-Mar-22,10-May-23,Production Technician I,PL,Active,Contract,Zone C,Temporary,Voluntary,Much try remember natural.,Production       ,Field Operations,22-03-1973,MA,Engineer,Female,32189.0,Asian,Married,Fully Meets,3
17-Nov-20,01-Jan-30,CIO,BPC,Active,Contract,Zone B,Part-Time,Unk,,IT/IS,Aerial,06-09-1946,MA,Laborer,Male,24520.0,Asian,Married,Fully Meets,3
15-Mar-23,12-Dec-22,BI Developer,PYZ,Voluntarily Terminated,Contract,Zone C,Part-Time,Resignation,Foot in theory minute recognize test.,Production       ,General - Sga,18-05-1991,MA,Engineer,Male,66950.0,Hispanic,Widowed,Needs Improvement,2
13-Mar-23,21-Oct-23,Production Technician II,BPC,Active,Contract,Zone B,Part-Time,Voluntary,Foreign friend policy green.,Production       ,Fielders,12-07-1949,MA,Flagger,Male,12388.0,Asian,Widowed,Fully Meets,3
04-Jul-21,16-Mar-23,Production Technician I,EW,Active,Contract,Zone C,Part-Time,Retirement,Amount particular answer show.,Production       ,Project Management - Con,24-05-1961,TX,Laborer,Female,83078.0,White,Married,Fully Meets,3
01-Dec-21,08-May-28,Area Sales Manager,MSC,Active,Contract,Zone B,Full-Time,Retirement,,Sales,Engineers,05-11-1995,MA,Program Manager,Female,27450.0,Other,Single,Fully Meets,4
21-Mar-23,05-Dec-22,Production Technician I,PL,Active,Full-Time,Zone A,Part-Time,Involuntary,,Production       ,Shop (Fleet),20-10-1991,MA,Foreman,Male,38802.0,Asian,Divorced,Fully Meets,3
04-May-20,05-Jul-23,Production Technician I,NEL,Active,Contract,Zone A,Part-Time,Involuntary,Strategy fear tough wife here now.,Production       ,Field Operations,22-08-1978,MA,Manager,Female,54580.0,White,Widowed,Fully Meets,1
01-Oct-20,16-Dec-23,Area Sales Manager,EW,Active,Part-Time,Zone B,Part-Time,Voluntary,,Sales,General - Con,25-01-1998,TX,Technician,Male,38452.0,Asian,Married,Fully Meets,2
20-Nov-20,26-Mar-25,Production Technician I,MSC,Active,Part-Time,Zone A,Temporary,Unk,Anyone include world claim up.,Production       ,General - Sga,24-08-1995,MA,Coordinator,Male,54370.0,Other,Married,Fully Meets,3
22-Jun-19,09-Nov-21,Production Technician I,EW,Leave of Absence,Part-Time,Zone B,Part-Time,Involuntary,Weight join evidence oil father.,Production       ,Field Operations,21-01-1950,MA,Laborer,Male,31748.0,Black,Widowed,Fully Meets,1
31-Mar-19,14-Oct-29,Production Technician I,NEL,Active,Contract,Zone C,Temporary,Unk,,Production       ,General - Sga,08-04-1986,MA,Administrator,Male,90862.0,Asian,Single,Fully Meets,3
28-Aug-22,14-Jun-29,Production Technician I,BPC,Active,Contract,Zone C,Temporary,Unk,,Production       ,Project Management - Con,25-04-1985,MA,Engineer,Female,60399.0,Other,Single,Exceeds,3
17-Jul-19,30-May-29,Production Technician I,CCDR,Active,Full-Time,Zone B,Full-Time,Unk,,Production       ,Engineers,10-02-1968,MA,Project Manager,Female,42009.0,Asian,Widowed,Needs Improvement,3
30-Dec-20,01-Jan-30,Production Technician I,PYZ,Active,Full-Time,Zone A,Full-Time,Unk,,Production       ,Aerial,14-07-1983,MA,Lineman,Male,84668.0,Asian,Married,Fully Meets,3
04-Mar-21,08-Jun-23,Production Manager,CCDR,Voluntarily Terminated,Part-Time,Zone C,Temporary,Resignation,Treatment power card almost pretty sister.,Production       ,Field Operations,14-06-1968,MA,Construction Manager,Female,57496.0,White,Divorced,Fully Meets,4
04-May-21,24-Nov-27,Production Technician I,EW,Active,Part-Time,Zone B,Full-Time,Resignation,Media move management if my.,Production       ,General - Con,16-09-1981,MA,Laborer,Male,51950.0,Asian,Married,Fully Meets,2
29-Oct-21,11-Mar-23,Production Manager,PYZ,Active,Part-Time,Zone A,Full-Time,Resignation,Order risk think. North born would might.,Production       ,Engineers,08-12-1983,MA,Laborer,Male,15298.0,Asian,Single,Fully Meets,3
31-Jan-23,09-Apr-28,Software Engineer,SVG,Active,Full-Time,Zone B,Temporary,Unk,Less boy reflect quickly health respond million.,Production       ,Field Operations,13-01-1950,MA,Driller,Female,78364.0,Other,Married,Fully Meets,4
05-Oct-20,25-Jun-21,Production Technician II,BPC,Active,Contract,Zone B,Temporary,Retirement,Miss onto none our discussion year.,Production       ,Field Operations,19-12-1981,TX,Laborer,Male,75943.0,Other,Divorced,Fully Meets,4
06-Jan-21,01-Feb-21,Production Technician II,PYZ,Active,Contract,Zone C,Part-Time,Unk,,Production       ,Splicing,13-11-1977,MA,Splicer,Female,5651.0,Other,Single,Needs Improvement,3
23-Dec-19,27-Feb-23,Production Manager,EW,Active,Part-Time,Zone B,Full-Time,Unk,,Production       ,Field Operations,12-12-1943,MA,Project Manager,Female,2489.0,Black,Widowed,Fully Meets,3
17-Nov-18,26-Apr-23,Production Technician I,MSC,Active,Contract,Zone B,Temporary,Voluntary,Yard charge week wait address.,Production       ,Field Operations,23-06-1985,MA,Runner,Female,90018.0,Other,Divorced,Fully Meets,5
30-Nov-18,23-Oct-20,Production Technician I,MSC,Active,Full-Time,Zone B,Full-Time,Voluntary,Despite expect democratic then affect toward.,Production       ,Field Operations,22-10-1979,NC,Engineer,Male,20874.0,Other,Married,Fully Meets,3
11-Dec-21,01-Jan-30,Production Technician I,MSC,Active,Full-Time,Zone B,Part-Time,Unk,,Production       ,Engineers,26-06-1965,MA,Laborer,Female,53507.0,Hispanic,Widowed,Fully Meets,3
15-Jun-21,02-Aug-25,Production Technician I,MSC,Leave of Absence,Contract,Zone C,Temporary,Voluntary,,Production       ,Finance & Accounting,12-08-1981,MA,Administration,Male,54531.0,White,Divorced,Needs Improvement,4
24-Jan-22,02-Apr-21,IT Support,BPC,Active,Contract,Zone A,Full-Time,Resignation,Will raise compare realize evidence most product.,IT/IS,Engineers,12-05-1979,MA,Administrator,Female,74008.0,Other,Married,Fully Meets,3
28-Apr-22,02-Jun-23,Production Technician I,PYZ,Active,Full-Time,Zone C,Part-Time,Involuntary,Remember teacher produce use voice.,Production       ,Wireline Construction,05-02-1992,MA,Coordinator,Male,54756.0,Hispanic,Divorced,Fully Meets,3
11-Jul-22,08-Jan-28,BI Developer,PYZ,Active,Part-Time,Zone A,Part-Time,Voluntary,,Production       ,General - Eng,03-04-1984,MA,Groundman,Female,81826.0,White,Married,Fully Meets,4
02-Mar-21,26-Jun-23,Production Technician I,CCDR,Leave of Absence,Contract,Zone B,Part-Time,Resignation,Trouble hot lead article guess travel.,Production       ,Field Operations,19-10-1945,MA,Supervisor,Female,41088.0,Asian,Single,Fully Meets,3
20-Jun-20,01-Jan-30,Production Technician I,PL,Active,Full-Time,Zone B,Full-Time,Unk,,Production       ,General - Con,09-07-1984,MA,Vp,Male,97159.0,White,Divorced,Fully Meets,3
27-Aug-19,06-Jan-20,Production Manager,CCDR,Voluntarily Terminated,Contract,Zone C,Part-Time,Voluntary,Improve center sure Mr respond for recent.,IT/IS,General - Con,19-04-1989,MA,Lineman,Female,50538.0,White,Single,Fully Meets,1
19-Jun-22,21-Sep-19,Production Technician II,EW,Leave of Absence,Contract,Zone B,Part-Time,Resignation,Thus whether read kitchen itself.,Production       ,Field Operations,16-01-1978,MA,Technician,Male,96133.0,Asian,Divorced,Fully Meets,2
12-Jan-21,17-Jan-28,Production Technician II,TNS,Active,Contract,Zone B,Full-Time,Unk,,Production       ,Wireline Construction,18-05-1960,MA,Technician,Male,43924.0,Other,Divorced,Fully Meets,3
03-Jun-21,01-Jan-30,Production Technician II,SVG,Active,Contract,Zone A,Full-Time,Unk,,Production       ,Finance & Accounting,01-07-1954,MA,Administrator,Male,2268.0,Other,Widowed,Fully Meets,3
25-Oct-20,09-Dec-21,Production Technician I,CCDR,Voluntarily Terminated,Contract,Zone C,Full-Time,Unk,Next explain account stay.,Production       ,Engineers,08-12-1960,MA,Engineer,Male,91972.0,White,Widowed,Fully Meets,3
13-Oct-18,26-Jul-24,Production Technician I,MSC,Active,Contract,Zone A,Part-Time,Resignation,Part officer father last trouble field.,Production       ,Catv,18-10-1979,MA,Engineer,Male,74492.0,Asian,Married,Fully Meets,4
23-Aug-19,23-Jul-25,Software Engineering Manager,MSC,Leave of Absence,Contract,Zone B,Part-Time,Voluntary,Anyone include world claim up.,Software Engineering,General - Eng,25-03-1995,MA,Lineman,Female,48670.0,Black,Married,Fully Meets,3
05-Nov-21,01-Jan-30,Data Analyst,BPC,Active,Part-Time,Zone B,Part-Time,Unk,,Sales,General - Sga,17-07-1953,MA,Engineer,Male,81545.0,Other,Divorced,Needs Improvement,2
15-Mar-21,26-Dec-29,Production Technician I,PYZ,Active,Full-Time,Zone B,Part-Time,Unk,,Production       ,Fielders,18-04-1953,MA,Construction Manager,Female,4558.0,Other,Single,Fully Meets,5
18-Nov-19,20-Jun-21,Production Technician I,TNS,Active,Full-Time,Zone A,Part-Time,Resignation,Report provide home follow price.,Production       ,Wireline Construction,12-11-1988,MA,Supervisor,Female,85058.0,White,Single,Fully Meets,2
01-Oct-19,05-Sep-24,Software Engineer,CCDR,Active,Contract,Zone C,Part-Time,Unk,Baby still now positive traditional head while.,Production       ,General - Sga,08-04-1992,MA,Lineman,Male,73428.0,Black,Married,Needs Improvement,3
21-Jun-22,15-Dec-21,Production Technician II,PYZ,Active,Contract,Zone C,Full-Time,Resignation,Type three hear court street sport key.,Production       ,General - Con,20-02-1984,MA,Foreman,Female,7837.0,Hispanic,Divorced,Fully Meets,3
23-Oct-18,19-Feb-24,Production Technician I,NEL,Voluntarily Terminated,Part-Time,Zone A,Temporary,Voluntary,Professor now audience lay box.,IT/IS,Wireline Construction,07-07-1957,MA,Laborer,Female,31534.0,Other,Married,Fully Meets,4
13-Jan-22,03-Apr-22,Production Technician I,NEL,Voluntarily Terminated,Part-Time,Zone C,Part-Time,Involuntary,Country as dream project office.,Production       ,Finance & Accounting,12-08-1946,MA,Laborer,Male,49939.0,Black,Single,Fully Meets,5
20-Jun-23,16-Apr-29,Network Engineer,MSC,Active,Contract,Zone C,Part-Time,Unk,,IT/IS,Field Operations,27-12-1985,MA,Foreman,Female,53795.0,Asian,Widowed,PIP,3
21-May-19,15-Oct-22,Production Technician I,PL,Voluntarily Terminated,Contract,Zone B,Part-Time,Retirement,Past agreement focus back.,Production       ,Project Management - Con,04-01-1983,MA,Mechanic,Male,63041.0,Asian,Single,PIP,4
04-Oct-19,12-Feb-29,Data Analyst,WBL,Active,Full-Time,Zone C,Full-Time,Unk,,Production       ,General - Con,08-11-1946,KY,Lineman,Female,74636.0,White,Married,Fully Meets,2
30-Dec-21,01-Jan-30,Production Technician II,NEL,Active,Part-Time,Zone A,Temporary,Unk,,Production       ,Field Operations,21-10-1971,MA,Cfo,Male,30141.0,Hispanic,Married,Fully Meets,1
24-Jan-23,01-Feb-29,Production Technician II,PL,Active,Full-Time,Zone B,Full-Time,Unk,Board industry once tough investment age.,Production       ,Field Operations,13-02-1949,MA,Engineer,Female,47218.0,Other,Divorced,Exceeds,3
10-Oct-22,01-Jan-30,Production Technician I,PL,Active,Full-Time,Zone C,Part-Time,Unk,,Production       ,Field Operations,04-09-1964,MA,Foreman,Female,7370.0,Black,Divorced,Fully Meets,5
09-Aug-20,20-Oct-29,Area Sales Manager,PYZ,Active,Full-Time,Zone A,Temporary,Unk,,Production       ,Project Management - Con,09-10-1945,MA,Operator,Male,47786.0,White,Widowed,Fully Meets,4
22-Oct-22,05-Sep-22,Software Engineer,PYZ,Voluntarily Terminated,Contract,Zone A,Part-Time,Voluntary,Cost high must body defense population.,Production       ,Field Operations,11-01-1982,MA,Technician,Male,78743.0,Black,Single,Fully Meets,3
08-Sep-18,23-Dec-29,Production Technician II,SVG,Active,Contract,Zone C,Part-Time,Unk,,Production       ,Field Operations,21-09-1967,MA,Tower Hand,Female,29907.0,Black,Married,Fully Meets,3
26-Jan-21,26-Sep-22,Production Technician I,BPC,Active,Contract,Zone A,Part-Time,Unk,,Production       ,Engineers,12-01-1969,MA,Program Manager,Male,10781.0,White,Married,Fully Meets,3
06-Sep-18,04-Dec-21,Sr. Network Engineer,BPC,Active,Contract,Zone B,Part-Time,Retirement,Drive feel its former end allow.,Production       ,Wireline Construction,11-10-1991,MA,Associate,Female,22184.0,Asian,Married,Exceeds,3
25-Mar-20,30-Apr-29,Production Technician I,EW,Active,Contract,Zone B,Full-Time,Involuntary,Fire necessary sing first traditional.,Production       ,Finance & Accounting,11-05-1990,MA,Manager,Male,32977.0,Hispanic,Single,Exceeds,4
05-Sep-21,01-Jan-30,Area Sales Manager,MSC,Active,Part-Time,Zone B,Full-Time,Unk,,Executive Office,Field Operations,10-02-1982,MA,Driver,Male,42369.0,Hispanic,Single,Fully Meets,3
08-Feb-20,18-Nov-24,Production Technician II,MSC,Active,Part-Time,Zone A,Full-Time,Unk,,Production       ,Wireline Construction,17-10-1953,MA,Safety,Female,30036.0,Other,Single,Fully Meets,3
17-Aug-22,01-Jan-30,Production Technician I,NEL,Active,Contract,Zone A,Full-Time,Unk,,Production       ,Wireline Construction,08-12-1983,MA,Supervisor,Female,45970.0,Hispanic,Divorced,Fully Meets,2
23-Apr-20,21-Mar-23,Production Technician I,MSC,Active,Part-Time,Zone A,Full-Time,Involuntary,Appear reality artist there understand.,Production       ,Shop (Fleet),25-12-1958,MA,Laborer,Female,82168.0,White,Single,Fully Meets,3
03-Oct-20,30-Jan-25,Production Manager,PYZ,Active,Full-Time,Zone C,Part-Time,Involuntary,,Production       ,Finance & Accounting,28-10-1974,MA,Director,Female,52057.0,White,Divorced,Fully Meets,2
14-Nov-19,30-May-23,Production Technician I,EW,Terminated for Cause,Contract,Zone A,Temporary,Resignation,Prepare simply play edge.,Production       ,Fielders,29-07-1955,MA,Technician,Female,22266.0,White,Single,PIP,5
26-Feb-20,31-Aug-28,Production Technician I,NEL,Active,Part-Time,Zone A,Full-Time,Unk,,Production       ,General - Con,03-03-1971,MA,Foreman,Male,28607.0,Other,Married,Fully Meets,3
26-Jan-21,28-Sep-22,Network Engineer,BPC,Active,Part-Time,Zone B,Temporary,Voluntary,Ok glass media learn grow.,IT/IS,Shop (Fleet),03-01-1968,MA,Laborer,Female,64276.0,Asian,Widowed,Exceeds,3
14-Apr-22,06-Oct-20,Area Sales Manager,EW,Active,Contract,Zone B,Part-Time,Involuntary,Her office place.,IT/IS,Engineers,26-02-1958,MA,Operator,Female,22015.0,Other,Divorced,Fully Meets,3
28-Mar-19,28-May-27,Production Manager,CCDR,Active,Contract,Zone A,Temporary,Unk,,Production       ,Technology / It,03-06-1987,MA,Lineman,Female,58771.0,White,Divorced,Fully Meets,2
09-Dec-19,01-Jul-22,Production Technician II,PYZ,Active,Full-Time,Zone A,Temporary,Retirement,Strategy word southern.,Production       ,General - Con,21-02-1978,MA,Runner,Female,10290.0,Asian,Married,Fully Meets,3
15-Jul-19,12-Oct-29,Production Technician I,PYZ,Active,Full-Time,Zone C,Full-Time,Unk,,Production       ,Underground,19-07-1954,MA,Manager,Female,72622.0,White,Widowed,Fully Meets,2
03-Dec-22,01-Jan-30,Area Sales Manager,PL,Active,Part-Time,Zone C,Full-Time,Unk,,IT/IS,Project Management - Con,17-09-1957,MA,Coordinator,Female,39659.0,Asian,Widowed,Fully Meets,3
25-Nov-22,25-Sep-22,Production Technician I,PL,Active,Contract,Zone C,Full-Time,Unk,Free town various cup. Animal may team hit.,Production       ,Field Operations,02-01-1977,MA,Operator,Female,74887.0,Asian,Single,Fully Meets,3
23-Jan-22,12-Sep-28,Production Technician I,PL,Active,Part-Time,Zone A,Part-Time,Unk,,IT/IS,General - Con,12-07-1971,MA,Technician,Female,83784.0,White,Divorced,PIP,4
06-Oct-18,17-Aug-23,Production Technician II,MSC,Active,Contract,Zone A,Part-Time,Unk,Not later mission use industry family at.,Production       ,Project Management - Con,06-05-1976,MA,Manager,Male,54463.0,Asian,Widowed,Fully Meets,3
15-Apr-21,01-Jan-30,IT Director,MSC,Active,Contract,Zone B,Full-Time,Unk,,Production       ,Field Operations,08-09-1961,MA,Engineer,Male,49726.0,White,Married,Fully Meets,4
14-Jan-23,26-Dec-28,BI Developer,BPC,Active,Contract,Zone B,Full-Time,Unk,,Production       ,Field Operations,10-09-1942,MA,Model Assistant,Male,22655.0,Asian,Widowed,Fully Meets,4
31-Jul-21,26-Mar-23,Production Technician I,SVG,Voluntarily Terminated,Full-Time,Zone C,Temporary,Voluntary,Size shake far example.,Production       ,Engineers,02-02-1959,MA,Coordinator,Male,38902.0,Asian,Divorced,Exceeds,3
29-Jun-22,30-Nov-24,Production Technician II,NEL,Active,Full-Time,Zone A,Full-Time,Resignation,,IT/IS,Splicing,12-06-1979,MA,Splicer,Male,27106.0,Other,Widowed,Fully Meets,3
18-Jul-21,31-Oct-23,President & CEO,TNS,Active,Full-Time,Zone A,Temporary,Retirement,Night office challenge several many.,Sales,General - Eng,11-12-1984,MA,Manager,Female,44222.0,Asian,Divorced,Fully Meets,1
27-Nov-22,12-May-25,Production Technician I,TNS,Active,Part-Time,Zone B,Full-Time,Unk,Gas group whose within step clear choose.,Production       ,Wireline Construction,08-06-1982,MA,Apprentice,Male,35814.0,Asian,Single,Fully Meets,3
09-Jul-19,01-Jun-21,Area Sales Manager,EW,Active,Contract,Zone B,Full-Time,Voluntary,Pattern son memory power citizen personal unit.,IT/IS,General - Con,27-04-1986,MA,Clerk,Female,87046.0,Other,Divorced,Fully Meets,3
17-Sep-20,26-May-27,Production Technician I,CCDR,Active,Full-Time,Zone A,Full-Time,Retirement,Page year stock own popular health.,Production       ,Field Operations,12-10-1973,MA,Top Hand,Female,10657.0,Asian,Single,Fully Meets,3
21-Oct-20,04-May-27,Production Technician I,MSC,Active,Contract,Zone A,Part-Time,Unk,,IT/IS,Aerial,28-05-1996,MA,Manager,Male,1861.0,White,Single,Fully Meets,3
19-Jun-21,06-Dec-22,Production Technician I,TNS,Active,Contract,Zone A,Temporary,Involuntary,Foot in theory minute recognize test.,Production       ,General - Sga,06-12-1979,MA,Operator,Female,45139.0,Other,Married,Fully Meets,1
12-Jan-23,24-Aug-22,BI Developer,BPC,Future Start,Full-Time,Zone B,Full-Time,Resignation,Television represent skill police.,Sales,General - Con,15-08-1979,NH,Laborer,Male,54718.0,Asian,Married,Fully Meets,3
13-Dec-21,13-Nov-22,Production Technician I,EW,Leave of Absence,Full-Time,Zone A,Part-Time,Voluntary,Onto site natural situation wear.,Production       ,General - Con,12-07-1975,MA,Manager,Female,77699.0,Black,Widowed,Fully Meets,5
02-Nov-19,30-Jun-21,Production Technician I,EW,Active,Contract,Zone C,Part-Time,Resignation,,Production       ,General - Con,21-06-1958,MA,Top Hand,Male,73474.0,Black,Single,Fully Meets,2
15-Jun-20,14-Oct-22,Production Technician I,EW,Voluntarily Terminated,Full-Time,Zone C,Temporary,Involuntary,Gas group whose within step clear choose.,Production       ,Engineers,05-09-1980,MA,Engineer,Female,55359.0,Black,Widowed,Exceeds,3
01-Feb-23,19-May-25,Production Technician I,SVG,Active,Part-Time,Zone B,Part-Time,Resignation,,Production       ,Field Operations,28-01-1966,MA,Foreman,Male,71568.0,Other,Single,Fully Meets,3
21-Mar-22,01-Jan-30,Production Technician II,BPC,Active,Part-Time,Zone B,Part-Time,Unk,,Production       ,Project Management - Con,07-01-1963,MA,Lineman,Female,6183.0,Hispanic,Divorced,Needs Improvement,3
11-Oct-21,25-Apr-25,Production Technician II,SVG,Active,Full-Time,Zone B,Part-Time,Unk,Majority executive plan imagine.,Production       ,Field Operations,15-06-1948,MA,Technician,Male,46361.0,Black,Married,Exceeds,3
29-Aug-20,18-Jun-22,Production Technician I,TNS,Active,Full-Time,Zone B,Full-Time,Resignation,Rule film know if eat hear.,Production       ,Wireline Construction,16-11-1960,MA,Laborer,Male,71957.0,Hispanic,Married,Needs Improvement,3
30-Apr-21,14-May-23,Software Engineer,PL,Active,Full-Time,Zone A,Part-Time,Retirement,Today situation minute figure friend opportunity.,Production       ,Wireless,18-01-1960,MA,Engineer,Male,67848.0,Asian,Divorced,Fully Meets,3
28-Oct-20,13-Aug-23,Production Technician I,PYZ,Voluntarily Terminated,Part-Time,Zone A,Full-Time,Retirement,Nation you bad daughter only huge them.,Production       ,General - Con,15-11-1970,MA,Technician,Male,9690.0,Black,Widowed,Fully Meets,3
21-Jul-22,10-Feb-23,Production Technician I,WBL,Active,Contract,Zone C,Part-Time,Involuntary,Administration away choose.,Production       ,General - Eng,18-10-1976,TN,Director,Male,58065.0,Other,Single,Fully Meets,2
11-Aug-21,02-Feb-24,Production Technician II,NEL,Active,Contract,Zone B,Full-Time,Resignation,,Production       ,Engineers,31-07-1943,MA,Engineer,Male,76953.0,Other,Widowed,Fully Meets,3
26-Oct-19,18-Nov-27,Production Technician II,PYZ,Voluntarily Terminated,Contract,Zone C,Part-Time,Retirement,Matter man skill produce poor.,Production       ,Wireline Construction,04-07-1974,MA,Manager,Female,58422.0,Other,Divorced,Exceeds,4
13-Jun-20,01-Jan-30,Production Manager,CCDR,Active,Full-Time,Zone A,Part-Time,Unk,,Production       ,General - Con,27-10-1949,MA,Laborer,Female,19939.0,Black,Divorced,Fully Meets,2
24-Jan-20,25-Jun-23,Sales Manager,NEL,Voluntarily Terminated,Part-Time,Zone B,Full-Time,Voluntary,Professional military easy so.,Production       ,General - Eng,15-02-1999,MA,Splicer,Male,79883.0,Asian,Single,Fully Meets,4
23-Dec-21,01-Jan-30,Network Engineer,NEL,Active,Full-Time,Zone A,Part-Time,Unk,,Sales,Engineers,19-02-1981,MA,Technician,Male,11963.0,Hispanic,Married,Fully Meets,4
22-Dec-20,01-Jan-30,Data Analyst,EW,Active,Part-Time,Zone A,Part-Time,Unk,,IT/IS,Finance & Accounting,06-05-1949,MA,Administrative,Female,36470.0,Other,Widowed,Fully Meets,5
16-May-20,08-Oct-21,Production Technician I,TNS,Active,Part-Time,Zone A,Temporary,Resignation,Size manager receive decide attention play plant.,Production       ,Splicing,16-06-1982,MA,Lineman,Female,59245.0,White,Single,Fully Meets,3
02-Feb-19,24-Sep-20,Production Technician I,NEL,Active,Full-Time,Zone A,Full-Time,Involuntary,Yourself book budget product.,IT/IS,Catv,05-07-1948,MA,Laborer,Female,25640.0,Hispanic,Divorced,PIP,3
19-Jan-22,01-Jan-30,Production Technician II,PYZ,Active,Full-Time,Zone B,Temporary,Unk,,Production       ,Field Operations,18-03-1969,MA,Supervisor,Male,74555.0,Hispanic,Divorced,Fully Meets,3
13-Aug-19,03-Jul-23,Production Technician II,NEL,Active,Full-Time,Zone C,Part-Time,Retirement,,Production       ,Field Operations,20-12-1944,MA,Technician,Female,74716.0,Black,Widowed,Exceeds,3
12-Mar-20,01-Jan-30,Accountant I,TNS,Active,Part-Time,Zone B,Part-Time,Unk,,Production       ,Field Operations,11-02-1959,MA,Project Manager,Female,50073.0,Asian,Widowed,Fully Meets,3
17-Dec-19,04-Oct-22,Production Technician I,SVG,Active,Part-Time,Zone A,Full-Time,Unk,Large relate work treatment Mrs.,Production       ,Field Operations,16-06-1943,MA,Groundman,Male,10414.0,Other,Married,Needs Improvement,5
21-Sep-19,22-Jul-26,Production Technician II,SVG,Active,Full-Time,Zone B,Part-Time,Unk,,Admin Offices,General - Con,23-10-1966,MA,Locator,Male,89911.0,Other,Divorced,Fully Meets,2
14-Nov-20,16-Jul-28,Production Technician I,TNS,Active,Part-Time,Zone B,Temporary,Unk,,Production       ,Field Operations,10-02-1974,MA,Manager,Female,22234.0,White,Married,Fully Meets,3
11-Jun-20,30-Nov-29,Production Technician I,MSC,Active,Full-Time,Zone A,Temporary,Retirement,,Sales,Engineers,22-09-1987,MA,Project Manager,Female,47576.0,Other,Widowed,Fully Meets,2
05-Dec-19,20-Nov-25,Production Technician I,SVG,Active,Contract,Zone C,Temporary,Retirement,Majority executive plan imagine.,Production       ,Field Operations,19-04-1951,MA,Technician,Female,49352.0,Black,Married,Fully Meets,2
19-Jan-22,05-Oct-24,Production Technician II,TNS,Active,Contract,Zone A,Temporary,Involuntary,,Production       ,Splicing,04-12-1965,MA,Groundman,Female,20934.0,Asian,Single,Exceeds,3
18-Feb-19,24-Mar-27,Production Manager,BPC,Active,Full-Time,Zone A,Full-Time,Resignation,,Production       ,Project Management - Eng,23-02-1986,MA,Administrative,Male,45995.0,Black,Married,Needs Improvement,2
01-Oct-20,08-May-29,IT Support,WBL,Active,Full-Time,Zone B,Temporary,Voluntary,,Production       ,Finance & Accounting,14-09-1950,MA,Cfo,Female,28450.0,Black,Widowed,Fully Meets,3
24-Mar-20,06-Jul-29,Production Technician II,TNS,Active,Full-Time,Zone A,Part-Time,Unk,,Production       ,Engineers,20-05-1949,MA,Technician,Male,58138.0,Other,Single,Fully Meets,3
26-Apr-19,04-Mar-25,Production Technician I,WBL,Terminated for Cause,Full-Time,Zone B,Part-Time,Retirement,History follow budget forget instead mind.,Production       ,Engineers,07-10-1947,KY,Foreman,Female,56497.0,Hispanic,Divorced,Fully Meets,3
27-Oct-21,08-May-26,Production Technician I,TNS,Active,Contract,Zone C,Full-Time,Unk,,Production       ,General - Con,05-07-1969,MA,Foreman,Female,38153.0,Black,Divorced,Fully Meets,3
20-Jan-20,15-Oct-20,Production Technician II,NEL,Active,Contract,Zone B,Part-Time,Involuntary,Summer begin quickly.,Production       ,Billable Consultants,01-12-1948,MA,Technician,Male,44331.0,White,Single,Fully Meets,3
16-Apr-21,02-May-26,Production Technician II,WBL,Active,Full-Time,Zone A,Full-Time,Retirement,,Production       ,Field Operations,02-09-1976,MA,Mechanic,Female,24064.0,Black,Single,Needs Improvement,3
12-Dec-19,06-Oct-24,Production Technician I,PL,Voluntarily Terminated,Part-Time,Zone A,Full-Time,Unk,In read day your stay she.,Production       ,Field Operations,14-02-1955,AZ,Technician,Male,97127.0,Hispanic,Married,Exceeds,3
25-Nov-22,20-Apr-23,Production Technician I,CCDR,Active,Part-Time,Zone B,Temporary,Involuntary,Little imagine career he produce program.,Production       ,General - Eng,05-01-1980,CO,Operator,Male,17338.0,Black,Widowed,Fully Meets,3
04-Oct-19,07-Mar-28,Production Technician II,WBL,Active,Part-Time,Zone C,Full-Time,Unk,,Production       ,General - Con,31-10-1990,MA,Splicer,Female,90270.0,Other,Divorced,Fully Meets,3
08-Oct-21,01-Jan-30,IT Support,BPC,Active,Contract,Zone B,Temporary,Unk,,Production       ,Yard (Material Handling),15-12-1988,MA,Supervisor,Male,33596.0,Black,Married,Fully Meets,3
22-Sep-20,04-Mar-23,Production Technician I,SVG,Active,Contract,Zone C,Temporary,Resignation,,Sales,Field Operations,12-08-1988,MA,Technician,Male,76122.0,Black,Divorced,Fully Meets,2
09-Jun-20,17-Oct-27,Area Sales Manager,WBL,Active,Full-Time,Zone A,Temporary,Resignation,,IT/IS,Field Operations,09-09-1943,MA,Supervisor,Male,77535.0,Black,Divorced,Fully Meets,2
29-Dec-19,23-Mar-19,Software Engineer,PL,Leave of Absence,Contract,Zone C,Temporary,Resignation,Issue teacher page true relate. Fight out learn.,Software Engineering,Underground,29-05-1975,MA,Laborer,Female,45160.0,Other,Divorced,Fully Meets,3
28-Jun-22,06-Jan-23,Production Technician I,EW,Active,Full-Time,Zone B,Part-Time,Involuntary,Summer personal bag.,Sales,Field Operations,25-10-1984,MA,Laborer,Female,31401.0,Asian,Married,Fully Meets,4
30-Jan-20,20-Aug-21,Production Technician I,CCDR,Active,Part-Time,Zone A,Part-Time,Involuntary,True system strong often experience.,Production       ,Field Operations,13-06-1955,MA,Driver,Female,59507.0,Asian,Married,Fully Meets,3
02-Dec-21,24-Apr-29,Network Engineer,NEL,Active,Full-Time,Zone A,Part-Time,Unk,Less boy reflect quickly health respond million.,Executive Office,Field Operations,02-06-1974,MA,Laborer,Male,68410.0,White,Single,Fully Meets,3
16-Sep-22,12-Sep-22,Production Technician I,MSC,Active,Full-Time,Zone B,Full-Time,Resignation,Occur tough thousand on recent.,Production       ,Field Operations,24-08-1975,MA,Laborer,Female,24832.0,Asian,Married,Fully Meets,3
03-Dec-20,01-Apr-25,Sr. Network Engineer,PYZ,Voluntarily Terminated,Contract,Zone A,Full-Time,Unk,Partner fact hand bag management woman.,Production       ,General - Con,10-10-1977,MA,Mechanic,Female,16960.0,Black,Married,Fully Meets,3
29-Mar-20,10-Sep-28,Production Technician I,TNS,Active,Part-Time,Zone C,Temporary,Voluntary,,Sales,People Services,20-08-1946,MA,Laborer,Female,21179.0,Black,Widowed,Exceeds,3
18-Feb-23,08-Oct-27,Production Technician II,WBL,Active,Contract,Zone C,Temporary,Unk,,Executive Office,Field Operations,24-11-1972,MA,Clerical,Male,71458.0,Black,Single,Fully Meets,3
16-Apr-20,01-Jan-30,Production Technician I,EW,Active,Contract,Zone B,Full-Time,Unk,,Sales,General - Con,25-08-1981,MA,Lineman,Male,42084.0,Hispanic,Widowed,Fully Meets,3
06-Dec-19,22-May-24,Production Technician I,BPC,Active,Part-Time,Zone C,Temporary,Unk,,Software Engineering,Splicing,18-09-1985,MA,Drafter,Female,40879.0,Hispanic,Widowed,Needs Improvement,1
21-Feb-21,12-May-27,BI Developer,NEL,Active,Full-Time,Zone A,Part-Time,Involuntary,,Production       ,Field Operations,02-09-1993,MA,Technician,Male,71640.0,Other,Married,Fully Meets,1
28-Dec-18,30-Mar-22,Production Technician II,TNS,Leave of Absence,Full-Time,Zone A,Temporary,Retirement,North help rock stage someone book.,Production       ,Field Operations,10-12-1984,MA,Technician,Female,61858.0,Asian,Divorced,Fully Meets,3
09-Mar-22,13-Jun-21,Production Technician I,MSC,Active,Full-Time,Zone C,Full-Time,Unk,Stage necessary although they.,Production       ,People Services,11-07-1988,MA,Engineer,Male,81320.0,Asian,Widowed,Exceeds,2
21-Nov-20,01-Jan-30,Production Technician I,PL,Active,Contract,Zone C,Full-Time,Unk,,Production       ,Finance & Accounting,24-03-1961,MA,Administrative,Female,56276.0,Black,Widowed,Fully Meets,4
12-Nov-21,26-Jun-27,Data Analyst,EW,Active,Part-Time,Zone A,Part-Time,Unk,,Production       ,General - Con,12-03-1945,MA,Driller,Male,94215.0,Asian,Single,Fully Meets,2
12-Jun-21,03-Jun-23,IT Support,PYZ,Active,Contract,Zone B,Temporary,Involuntary,Maybe establish real still.,IT/IS,Field Operations,28-10-1993,MA,Laborer,Female,9465.0,White,Divorced,Fully Meets,3
16-Nov-21,08-Mar-23,Production Manager,CCDR,Voluntarily Terminated,Contract,Zone A,Full-Time,Resignation,Too former relationship risk.,Production       ,Field Operations,10-03-1981,MA,Engineer,Female,23340.0,White,Married,Fully Meets,3
26-May-22,04-Oct-25,Production Technician I,CCDR,Active,Full-Time,Zone A,Temporary,Unk,Practice school PM her help open tough.,Production       ,General - Con,01-09-1973,MA,Laborer,Female,49933.0,Other,Divorced,Fully Meets,1
09-May-23,25-Aug-26,BI Developer,NEL,Active,Full-Time,Zone C,Part-Time,Unk,,Sales,Engineers,14-02-1957,MA,Groundman,Male,91529.0,Other,Divorced,Fully Meets,3
06-Oct-22,01-Jan-30,Production Technician I,BPC,Active,Full-Time,Zone C,Temporary,Unk,,IT/IS,General - Con,29-04-1948,MA,Laborer,Male,10700.0,Other,Divorced,Needs Improvement,1
08-Feb-21,06-Apr-23,Network Engineer,WBL,Active,Contract,Zone C,Full-Time,Voluntary,,Production       ,Fielders,22-09-1961,MA,Supervisor,Male,27771.0,Other,Widowed,Fully Meets,3
29-May-19,27-Mar-22,Production Technician II,BPC,Active,Part-Time,Zone B,Full-Time,Resignation,Maintain behavior project parent particular game.,Executive Office,Engineers,26-06-1995,MA,Construction Manager,Female,4168.0,Other,Single,Fully Meets,4
12-Dec-19,29-Aug-29,Production Technician II,WBL,Active,Part-Time,Zone A,Temporary,Unk,He four soldier employee central term.,Production       ,General - Con,17-07-1996,MA,Laborer,Female,49974.0,White,Widowed,Fully Meets,1
30-Nov-21,06-Mar-27,Production Technician II,SVG,Active,Full-Time,Zone C,Part-Time,Unk,Country as dream project office.,IT/IS,Field Operations,19-12-1994,MA,Laborer,Female,62163.0,Other,Single,Needs Improvement,3
12-Sep-18,31-May-28,Production Technician II,TNS,Active,Contract,Zone B,Temporary,Voluntary,,Production       ,Engineers,14-04-1962,MA,Laborer,Female,62351.0,Black,Widowed,Needs Improvement,2
18-Dec-19,27-Feb-22,Accountant I,EW,Active,Part-Time,Zone B,Temporary,Voluntary,Top whether good.,Production       ,Project Management - Con,14-01-1959,MA,Driller,Female,15904.0,Asian,Married,Fully Meets,2
07-May-23,10-Oct-29,Production Technician II,EW,Active,Full-Time,Zone A,Full-Time,Unk,,Production       ,General - Con,20-09-1949,MA,Laborer,Female,56577.0,Asian,Single,Fully Meets,1
12-Aug-21,15-Nov-23,Sales Manager,BPC,Active,Part-Time,Zone B,Temporary,Unk,Community probably bad day food place which loss.,Production       ,Field Operations,04-04-1970,MA,Foreman,Male,2560.0,White,Widowed,Fully Meets,1
08-Sep-22,08-Nov-25,Data Analyst,BPC,Active,Contract,Zone C,Temporary,Retirement,Beat hand ready reason development else doctor.,Production       ,Engineers,17-03-1991,MA,Supervisor,Female,92332.0,Other,Single,Fully Meets,5
18-Sep-20,28-Jun-27,Director of Sales,CCDR,Active,Contract,Zone C,Full-Time,Unk,Country as dream project office.,Production       ,Field Operations,12-02-1970,MA,Technician,Male,84649.0,Hispanic,Single,Fully Meets,1
31-Mar-20,09-Jun-29,Area Sales Manager,SVG,Active,Full-Time,Zone A,Part-Time,Unk,,Sales,Field Operations,30-08-1983,MA,Engineer,Male,71016.0,Asian,Married,Fully Meets,2
08-Apr-22,20-Apr-23,Production Technician I,BPC,Terminated for Cause,Full-Time,Zone B,Part-Time,Resignation,Past agreement focus back.,Production       ,Shop (Fleet),04-05-2001,MA,Administration,Male,73446.0,Asian,Widowed,Exceeds,2
22-Apr-22,27-Aug-21,Production Technician I,PYZ,Active,Part-Time,Zone B,Temporary,Resignation,Maintain behavior project parent particular game.,Admin Offices,Engineers,15-07-1961,MA,Laborer,Female,4899.0,Asian,Widowed,Needs Improvement,3
28-Mar-22,04-Oct-22,Production Technician I,BPC,Active,Contract,Zone A,Temporary,Voluntary,About allow court us.,IT/IS,Sales & Marketing,10-03-1988,MA,Engineer,Male,63246.0,Other,Single,Fully Meets,3
25-Sep-21,23-Apr-23,Production Technician I,TNS,Active,Contract,Zone C,Part-Time,Resignation,Member space player.,Production       ,Engineers,15-09-1983,MA,Foreman,Female,16202.0,Other,Married,Fully Meets,3
26-Jun-21,01-Jan-30,Production Technician I,CCDR,Active,Part-Time,Zone B,Temporary,Unk,,Production       ,Catv,05-01-1987,MA,Manager,Female,81897.0,White,Married,Fully Meets,2
20-May-20,10-Mar-24,Production Technician II,WBL,Voluntarily Terminated,Contract,Zone B,Temporary,Unk,Direction west appear son school anything.,Production       ,General - Con,24-11-1980,MA,Engineer,Male,46025.0,Black,Married,Fully Meets,3
18-Dec-19,01-Jan-30,Production Technician I,TNS,Active,Contract,Zone B,Temporary,Unk,,Production       ,General - Con,05-11-1957,MA,Laborer,Female,28476.0,Black,Divorced,PIP,3
20-Sep-22,01-Jan-30,Production Technician II,TNS,Active,Full-Time,Zone B,Temporary,Unk,,Production       ,Fielders,09-03-1968,MA,Engineer,Female,27123.0,Other,Divorced,Fully Meets,3
30-Sep-21,10-Dec-24,Area Sales Manager,CCDR,Active,Part-Time,Zone A,Temporary,Resignation,Inside week also so.,Sales,Aerial,11-08-1990,MA,Laborer,Male,6414.0,Asian,Single,Fully Meets,4
16-Jan-20,24-Aug-28,Production Technician II,SVG,Active,Contract,Zone B,Part-Time,Unk,,Production       ,Field Operations,21-09-1973,MA,Lineman,Female,73075.0,White,Single,Fully Meets,2
26-May-21,22-Apr-25,Area Sales Manager,EW,Active,Contract,Zone A,Temporary,Resignation,,Production       ,Project Management - Con,07-08-1978,CA,Coordinator,Female,19298.0,White,Single,Fully Meets,1
13-Oct-19,06-Mar-23,Production Manager,EW,Active,Contract,Zone C,Full-Time,Involuntary,Large relate work treatment Mrs.,Production       ,Splicing,09-05-1966,MA,Laborer,Female,10353.0,Black,Divorced,Fully Meets,3
22-Nov-19,19-Jul-24,Production Technician I,MSC,Active,Contract,Zone C,Full-Time,Unk,,Production       ,Executive,29-05-1986,MA,Technician,Male,28443.0,Asian,Single,Fully Meets,3
24-Sep-18,24-Jul-26,Database Administrator,CCDR,Active,Contract,Zone C,Temporary,Voluntary,,Production       ,Safety,04-08-1974,MA,Driller,Male,45533.0,Hispanic,Single,Fully Meets,4
19-Aug-20,01-Jan-23,Area Sales Manager,BPC,Active,Contract,Zone C,Temporary,Involuntary,Why development even.,Production       ,General - Con,28-04-1998,MA,Foreman,Female,88261.0,White,Divorced,Fully Meets,2
24-Apr-19,21-May-28,CIO,WBL,Voluntarily Terminated,Full-Time,Zone B,Temporary,Unk,,Production       ,General - Con,20-06-1955,MA,Foreman,Female,88768.0,White,Divorced,Fully Meets,3
17-May-20,30-Nov-21,Production Technician I,MSC,Active,Contract,Zone A,Part-Time,Involuntary,Technology eight stage hold chance after police.,Production       ,Project Management - Con,04-06-1990,MA,Runner,Female,75458.0,Hispanic,Divorced,Fully Meets,4
09-Sep-21,01-Jan-30,Production Technician I,NEL,Active,Full-Time,Zone A,Temporary,Unk,,IT/IS,Technology / It,15-10-2000,CT,Manager,Female,81417.0,Asian,Single,Needs Improvement,3
11-Jul-21,10-Sep-26,Production Technician I,PL,Active,Contract,Zone C,Part-Time,Unk,,Production       ,Aerial,11-01-1970,MA,Foreman,Female,75453.0,Black,Married,Exceeds,4
09-Jun-23,01-Jan-30,Production Technician I,BPC,Active,Contract,Zone A,Part-Time,Unk,,Production       ,Field Operations,21-09-1968,MA,Driller,Female,39511.0,Asian,Single,Fully Meets,3
28-Dec-21,24-Oct-21,Area Sales Manager,MSC,Active,Contract,Zone B,Temporary,Involuntary,Speak high idea reach both. Many policy rock six.,IT/IS,Project Management - Con,02-09-1949,MA,Tower Hand,Male,60061.0,White,Divorced,Fully Meets,1
19-Oct-22,24-Aug-22,Production Manager,EW,Active,Full-Time,Zone C,Part-Time,Unk,Off part culture choose strong public.,Production       ,Aerial,13-07-1973,MA,Laborer,Female,66339.0,Asian,Widowed,Fully Meets,1
08-Apr-22,01-Jan-30,Production Technician I,PL,Active,Part-Time,Zone C,Part-Time,Unk,,Sales,Field Operations,26-02-1983,MA,Engineer,Male,35309.0,Asian,Single,Fully Meets,4
17-Dec-21,05-Oct-22,Production Technician II,PL,Voluntarily Terminated,Part-Time,Zone A,Full-Time,Resignation,Teach human market real upon.,Production       ,General - Con,16-03-1964,MA,Director,Male,39794.0,Other,Divorced,Fully Meets,1
01-Mar-22,06-Sep-23,Production Technician II,WBL,Active,Part-Time,Zone A,Temporary,Voluntary,Window paper dark power knowledge must current.,Production       ,Field Operations,17-06-1972,MA,Laborer,Female,72519.0,Other,Divorced,Fully Meets,2
05-Jul-23,25-Apr-26,Senior BI Developer,BPC,Active,Full-Time,Zone A,Part-Time,Voluntary,,Production       ,General - Con,13-06-1948,MA,Laborer,Male,93095.0,Asian,Widowed,Fully Meets,1
24-Feb-21,26-Mar-20,Production Technician II,PYZ,Active,Full-Time,Zone C,Part-Time,Voluntary,Only movie ability wait according.,Production       ,General - Eng,28-12-2000,MA,Laborer,Female,64587.0,Hispanic,Divorced,Fully Meets,3
26-Nov-20,18-Apr-23,Production Technician II,MSC,Voluntarily Terminated,Contract,Zone C,Part-Time,Involuntary,Third cost above management anything.,Production       ,Catv,23-04-1988,MA,Lineman,Female,3333.0,White,Married,Fully Meets,3
17-Aug-22,07-Jan-27,Production Technician II,BPC,Active,Full-Time,Zone B,Temporary,Voluntary,Say operation national race.,Production       ,Aerial,20-02-1986,MA,Lineman,Male,34739.0,Black,Widowed,Fully Meets,3
27-Jul-19,01-Jan-30,Production Technician I,BPC,Active,Contract,Zone B,Temporary,Unk,,Production       ,General - Con,16-01-1969,MA,Manager,Female,53071.0,White,Single,Fully Meets,2
23-Apr-22,09-Jul-28,Production Technician I,WBL,Active,Contract,Zone B,Part-Time,Unk,Order risk think. North born would might.,Production       ,General - Eng,16-06-1962,MA,Drafter,Female,25411.0,Hispanic,Widowed,Fully Meets,3
20-May-20,05-Mar-29,Production Technician I,EW,Leave of Absence,Part-Time,Zone A,Temporary,Voluntary,,Production       ,Fielders,28-02-1962,MA,Laborer,Female,93071.0,Other,Married,Fully Meets,4
13-Feb-20,24-Aug-19,Production Technician I,SVG,Active,Contract,Zone C,Temporary,Resignation,Not later mission use industry family at.,Production       ,Isp,29-09-1994,MA,Technician,Male,43238.0,Hispanic,Divorced,Exceeds,1
19-Aug-19,01-Jan-30,Area Sales Manager,MSC,Active,Full-Time,Zone B,Full-Time,Unk,,Production       ,Field Operations,31-12-1964,MA,Laborer,Female,22572.0,Other,Single,Fully Meets,4
14-Jan-21,31-Mar-23,Production Technician I,NEL,Active,Part-Time,Zone A,Full-Time,Involuntary,,Production       ,Finance & Accounting,26-10-1987,MA,Intern,Male,68473.0,Hispanic,Widowed,Fully Meets,3
13-Jul-20,15-Sep-21,CIO,SVG,Terminated for Cause,Full-Time,Zone C,Full-Time,Involuntary,Audience deal cost figure student might let.,IT/IS,Splicing,23-07-1969,MA,Foreman,Male,92315.0,Black,Widowed,Fully Meets,5
24-Apr-22,31-Jan-23,Production Technician II,CCDR,Active,Full-Time,Zone B,Full-Time,Involuntary,Once type here really.,Production       ,Field Operations,24-01-1984,MA,Runner,Female,20725.0,Black,Widowed,Needs Improvement,3
26-Apr-22,15-Sep-22,Production Manager,NEL,Voluntarily Terminated,Contract,Zone B,Part-Time,Retirement,Much already above care than.,Production       ,Field Operations,03-07-1944,MA,Manager,Male,60315.0,Asian,Married,Fully Meets,2
20-Apr-20,17-Jun-23,Production Technician I,WBL,Active,Contract,Zone A,Temporary,Voluntary,Audience board south. Per state model beat.,Production       ,Engineers,27-05-1974,MA,Engineer,Female,92929.0,Asian,Single,Needs Improvement,3
22-Nov-18,01-Jan-30,Data Analyst,CCDR,Active,Full-Time,Zone B,Temporary,Unk,,Production       ,Catv,03-05-1974,MA,Cfo,Female,25910.0,Black,Divorced,Fully Meets,5
02-May-21,09-Feb-27,Area Sales Manager,CCDR,Active,Contract,Zone B,Full-Time,Unk,,IT/IS,Field Operations,23-06-1956,MA,Laborer,Female,38327.0,Black,Married,Fully Meets,5
10-Oct-18,02-Apr-20,IT Support,MSC,Active,Part-Time,Zone A,Part-Time,Resignation,End trouble tonight amount page reach debate.,Sales,General - Con,16-10-1980,MA,Manager,Female,14814.0,White,Married,Fully Meets,5
17-Jun-21,25-Jul-24,Production Technician I,NEL,Active,Full-Time,Zone B,Part-Time,Unk,,IT/IS,Project Management - Con,11-07-1995,CT,Coordinator,Female,8029.0,Black,Divorced,Fully Meets,4
24-Oct-20,10-Mar-22,Production Technician I,PYZ,Active,Full-Time,Zone C,Full-Time,Involuntary,Once type here really.,Software Engineering,Field Operations,21-11-1965,MA,Laborer,Male,25741.0,Asian,Single,Fully Meets,3
05-May-21,20-Mar-21,Software Engineer,PYZ,Voluntarily Terminated,Contract,Zone C,Part-Time,Voluntary,Guy ten dream. Thing he care series.,Software Engineering,Executive,17-03-1996,MA,Foreman,Male,75072.0,Asian,Single,Fully Meets,3
12-Jul-20,22-Jul-28,Production Technician I,EW,Active,Full-Time,Zone A,Temporary,Involuntary,Amount particular answer show.,Production       ,Technology / It,25-09-1959,MA,Manager,Male,63676.0,Black,Single,Fully Meets,3
08-Jan-22,01-Jan-30,Production Technician II,PYZ,Active,Full-Time,Zone A,Temporary,Unk,,Sales,Field Operations,28-09-1980,MA,Manager,Male,46994.0,Asian,Married,Fully Meets,2
18-Dec-22,28-Feb-21,Production Technician I,WBL,Active,Full-Time,Zone C,Full-Time,Unk,Stand cut knowledge staff course than class.,IT/IS,Aerial,03-12-1960,MA,Foreman,Female,34776.0,Black,Widowed,Fully Meets,3
20-Nov-20,04-Mar-28,Production Technician II,EW,Voluntarily Terminated,Contract,Zone A,Full-Time,Unk,,Production       ,General - Con,19-09-2000,MA,Splicer,Male,29849.0,White,Single,Fully Meets,2
10-Jun-20,20-Apr-24,Production Technician II,PL,Active,Contract,Zone A,Temporary,Involuntary,,Production       ,Field Operations,12-01-1981,MA,Laborer,Male,59250.0,Asian,Single,Fully Meets,2
25-Jun-20,01-Jan-30,Production Technician I,SVG,Active,Part-Time,Zone C,Temporary,Unk,,Production       ,General - Con,05-01-1978,MA,Laborer,Female,84290.0,Hispanic,Divorced,Fully Meets,3
19-May-20,17-Jun-25,Data Analyst,PL,Active,Contract,Zone A,Full-Time,Involuntary,,Production       ,Fielders,19-11-1993,MA,Laborer,Male,86999.0,Asian,Divorced,Fully Meets,2
08-Apr-21,31-Mar-25,Production Technician I,TNS,Active,Contract,Zone A,Part-Time,Retirement,,IT/IS,General - Con,08-02-1998,MA,Administrator,Female,85770.0,Hispanic,Single,Exceeds,3
30-Aug-20,07-Mar-28,Production Technician I,PYZ,Active,Full-Time,Zone B,Full-Time,Unk,,Production       ,Aerial,18-06-1973,MA,Lineman,Female,19379.0,Hispanic,Divorced,Fully Meets,4
04-Sep-21,24-Aug-22,Production Technician I,NEL,Active,Full-Time,Zone A,Temporary,Involuntary,Risk test morning lawyer.,Production       ,Engineers,02-05-1967,MA,Operator,Female,72322.0,Other,Married,Fully Meets,4
05-Dec-21,01-Jan-30,Production Technician I,SVG,Active,Part-Time,Zone A,Part-Time,Unk,,Production       ,Yard (Material Handling),11-01-1981,MA,Supervisor,Female,36849.0,Other,Divorced,Fully Meets,1
24-Apr-21,21-Oct-29,Production Manager,TNS,Active,Contract,Zone B,Temporary,Unk,,Production       ,Engineers,30-05-1946,MA,Engineer,Male,89655.0,Hispanic,Married,Fully Meets,4
24-Nov-21,01-Jan-30,Production Technician II,BPC,Active,Part-Time,Zone B,Temporary,Unk,,Production       ,General - Con,17-02-1963,MA,Administrative,Female,32414.0,Black,Single,Fully Meets,1
21-Jun-20,09-Dec-21,Production Technician I,PL,Active,Full-Time,Zone C,Part-Time,Retirement,Necessary account office.,Software Engineering,General - Con,03-06-1977,MA,Project Manager,Female,85444.0,Hispanic,Divorced,Fully Meets,3
09-Aug-21,18-Jan-21,Production Technician II,SVG,Active,Part-Time,Zone B,Full-Time,Involuntary,Degree wish science when thing week old.,IT/IS,General - Con,13-07-1951,MA,Driller,Female,66899.0,White,Widowed,Fully Meets,3
20-Aug-19,04-Nov-22,Production Technician I,SVG,Leave of Absence,Contract,Zone A,Full-Time,Voluntary,Save interest factor training.,Sales,General - Con,24-09-1968,MA,Administration,Male,13055.0,White,Divorced,Fully Meets,3
17-Dec-21,03-Jun-23,Production Technician I,NEL,Active,Full-Time,Zone B,Full-Time,Voluntary,Smile most around.,Sales,Yard (Material Handling),09-04-1995,NH,Engineer,Male,51527.0,White,Married,Fully Meets,2
30-Aug-22,19-Apr-27,Production Technician I,SVG,Active,Contract,Zone A,Part-Time,Unk,,Software Engineering,Field Operations,10-02-1975,MA,Administrator,Female,58144.0,Hispanic,Divorced,Exceeds,3
19-Mar-21,20-Oct-24,Production Manager,PL,Active,Full-Time,Zone C,Temporary,Unk,Me local somebody method away choose hit truth.,Sales,Wireline Construction,28-09-1988,MA,Manager,Male,10954.0,Asian,Widowed,Fully Meets,4
14-Jan-20,09-Jun-27,Production Technician I,WBL,Active,Part-Time,Zone B,Full-Time,Voluntary,,Production       ,Field Operations,17-01-1984,MA,Driver,Male,81392.0,Asian,Married,Needs Improvement,5
25-May-22,29-Sep-27,Production Technician II,SVG,Active,Contract,Zone A,Full-Time,Unk,Partner fact hand bag management woman.,Production       ,Aerial,23-03-1992,MA,Foreman,Male,40306.0,Hispanic,Widowed,Fully Meets,1
01-Jun-23,21-Feb-21,Data Analyst,MSC,Active,Part-Time,Zone A,Part-Time,Voluntary,Scientist become a become value cell policy.,IT/IS,Field Operations,31-01-1959,MA,Laborer,Female,12925.0,White,Married,Fully Meets,3
05-Aug-19,04-Feb-20,Production Technician I,EW,Active,Contract,Zone A,Part-Time,Resignation,Rather which writer family.,Production       ,General - Con,03-03-1979,MA,Coordinator,Male,55801.0,Other,Single,Fully Meets,3
02-Nov-21,14-Sep-20,Production Technician I,SVG,Active,Contract,Zone C,Full-Time,Voluntary,Stage necessary although they.,Production       ,Wireline Construction,30-11-1974,MA,Project Manager,Female,83107.0,White,Single,PIP,3
28-Jan-22,01-Jan-30,Production Technician I,CCDR,Active,Part-Time,Zone B,Temporary,Unk,,Production       ,Field Operations,22-05-1959,MA,Technician,Female,88128.0,Black,Widowed,Fully Meets,2
31-May-20,28-Jan-20,Area Sales Manager,NEL,Active,Full-Time,Zone A,Part-Time,Voluntary,Decision example see low someone. Ball week that.,Production       ,General - Con,27-03-1993,MA,Clerical,Male,5184.0,Asian,Divorced,Fully Meets,3
25-Feb-22,14-Nov-26,Production Technician I,WBL,Active,Contract,Zone C,Part-Time,Unk,,Production       ,Billable Consultants,09-07-1945,MA,Engineer,Male,50039.0,Black,Single,Fully Meets,4
09-Dec-19,11-May-28,Production Technician I,EW,Active,Part-Time,Zone C,Full-Time,Voluntary,,Production       ,General - Con,23-05-1984,MA,Groundman,Female,38373.0,Black,Widowed,Fully Meets,5
02-Jul-20,15-Sep-25,BI Developer,EW,Active,Contract,Zone C,Part-Time,Unk,Stand cut knowledge staff course than class.,IT/IS,Yard (Material Handling),28-06-1961,MA,Groundman,Female,28449.0,Other,Widowed,Fully Meets,3
22-Apr-20,28-Sep-21,Production Manager,SVG,Active,Contract,Zone A,Part-Time,Voluntary,This focus strategy behind among this.,Production       ,Wireline Construction,24-04-1973,MA,Vp,Female,60168.0,Black,Single,Fully Meets,3
24-Jan-20,25-Aug-21,Production Technician I,WBL,Active,Full-Time,Zone C,Temporary,Voluntary,Talk into between trip final.,Production       ,Sales & Marketing,01-10-1952,MA,Manager,Female,24358.0,Asian,Divorced,Fully Meets,4
18-Aug-22,01-Jan-30,Software Engineer,CCDR,Active,Full-Time,Zone A,Full-Time,Unk,,Production       ,Field Operations,07-02-1959,MA,Groundman,Female,86486.0,White,Divorced,Fully Meets,3
30-Dec-18,26-Aug-27,Production Technician II,PL,Active,Full-Time,Zone C,Full-Time,Unk,,Production       ,Engineers,15-07-1944,MA,Engineer,Female,77847.0,Black,Single,PIP,3
29-Dec-19,31-Jul-27,IT Manager - DB,CCDR,Voluntarily Terminated,Contract,Zone B,Full-Time,Voluntary,,IT/IS,General - Con,25-03-1995,MA,Flagger,Female,25276.0,White,Divorced,Fully Meets,4
29-Sep-22,19-Sep-29,Production Technician I,NEL,Active,Full-Time,Zone C,Part-Time,Resignation,,Production       ,Field Operations,16-07-1988,MA,Manager,Female,4176.0,Black,Single,Fully Meets,4
05-Aug-19,08-Apr-21,IT Support,NEL,Voluntarily Terminated,Full-Time,Zone A,Part-Time,Retirement,Compare factor only together.,Software Engineering,Field Operations,18-09-1969,MA,Driller,Male,16505.0,Asian,Divorced,Fully Meets,3
07-Jul-19,01-Jan-30,Production Technician I,TNS,Active,Contract,Zone B,Part-Time,Unk,,Production       ,Field Operations,01-05-1970,MA,Tower Hand,Female,1953.0,Other,Widowed,Fully Meets,5
10-Feb-22,03-Jan-27,Production Technician I,PYZ,Active,Contract,Zone A,Part-Time,Unk,Industry majority population final. Bit go deal.,Sales,Field Operations,29-05-1959,MA,Supervisor,Female,50850.0,White,Married,Fully Meets,2
20-Oct-20,01-Jan-30,Production Technician I,NEL,Active,Contract,Zone A,Temporary,Unk,,Production       ,Field Operations,12-05-1945,MA,Laborer,Female,66705.0,White,Divorced,Fully Meets,5
18-Oct-18,04-May-22,Production Technician I,BPC,Active,Contract,Zone B,Temporary,Voluntary,Community probably bad day food place which loss.,Production       ,Engineers,19-08-1978,MA,Splicer,Female,54131.0,White,Married,Fully Meets,4
30-Sep-20,20-Apr-29,Production Technician I,PYZ,Active,Full-Time,Zone B,Part-Time,Unk,,Production       ,Field Operations,13-06-1985,MA,Laborer,Male,80723.0,Other,Married,PIP,1
26-Feb-22,11-Nov-27,Production Technician II,CCDR,Active,Contract,Zone C,Part-Time,Unk,,Production       ,Field Operations,28-10-1969,MA,Lineman,Female,29677.0,Other,Single,Needs Improvement,3
13-Mar-23,01-Jan-30,Production Technician I,PL,Active,Full-Time,Zone B,Temporary,Unk,,IT/IS,Engineers,18-12-1952,MA,Driver,Male,24481.0,White,Married,Fully Meets,2
11-Nov-19,19-Mar-22,Production Technician I,BPC,Voluntarily Terminated,Full-Time,Zone A,Full-Time,Voluntary,Nation you bad daughter only huge them.,Production       ,Shop (Fleet),29-03-1994,MA,Flagger,Male,77799.0,White,Married,Fully Meets,3
28-Aug-19,01-Jan-30,Production Manager,MSC,Active,Contract,Zone B,Part-Time,Unk,,IT/IS,Field Operations,25-05-1983,MA,Driver,Male,21108.0,White,Single,Fully Meets,5
04-Nov-21,05-Mar-22,Production Manager,BPC,Active,Contract,Zone B,Temporary,Unk,According if detail quality difficult.,Production       ,Fielders,13-08-1982,MA,Lineman,Female,17270.0,Other,Single,Fully Meets,2
01-Dec-21,14-Mar-29,Production Technician I,BPC,Active,Full-Time,Zone B,Temporary,Unk,,Production       ,Aerial,07-01-1947,MA,Driller,Female,89868.0,White,Widowed,Fully Meets,2
04-Dec-18,08-Dec-27,Production Technician I,CCDR,Active,Contract,Zone C,Temporary,Retirement,Lot as card response consumer.,Production       ,Wireline Construction,29-11-1951,MA,Planner,Male,80087.0,Black,Single,Fully Meets,5
09-Jul-22,19-Nov-22,Production Manager,MSC,Active,Contract,Zone B,Temporary,Voluntary,Administration away choose.,Production       ,Field Operations,11-03-1978,MA,Foreman,Female,38030.0,Black,Married,Needs Improvement,1
26-Feb-21,17-Sep-22,Area Sales Manager,TNS,Active,Contract,Zone B,Full-Time,Resignation,Somebody great could yet.,Sales,General - Sga,20-08-1965,TX,Laborer,Female,95995.0,Black,Divorced,Fully Meets,2
19-Aug-20,21-Feb-22,Production Technician II,PL,Active,Part-Time,Zone A,Temporary,Resignation,Soon walk early star.,Production       ,Wireline Construction,08-10-1987,MA,Engineer,Male,13339.0,Other,Married,Needs Improvement,5
10-Feb-20,20-May-22,Production Technician I,TNS,Voluntarily Terminated,Full-Time,Zone A,Temporary,Unk,Board industry once tough investment age.,Production       ,Field Operations,29-05-1949,MA,Foreman,Male,72541.0,Other,Widowed,Fully Meets,1
04-Jun-20,11-Oct-23,Area Sales Manager,PL,Active,Full-Time,Zone A,Full-Time,Resignation,,Production       ,General - Sga,03-02-1948,MA,Laborer,Male,3926.0,Asian,Married,Fully Meets,4
05-Dec-18,08-Oct-27,Data Analyst,BPC,Active,Contract,Zone C,Temporary,Unk,Very research level send picture pressure our.,Sales,People Services,16-09-1949,ID,Supervisor,Male,57998.0,Black,Divorced,Exceeds,1
11-Jan-23,06-May-21,Production Technician I,PYZ,Active,Full-Time,Zone C,Temporary,Retirement,Dinner level write land effort.,Production       ,Splicing,23-08-1964,MA,Foreman,Female,31048.0,Other,Single,Fully Meets,3
30-Nov-19,10-Feb-23,Accountant I,WBL,Active,Part-Time,Zone C,Temporary,Voluntary,Information step name three choose.,Production       ,General - Eng,11-10-1964,MA,Shop,Female,57485.0,Black,Married,Fully Meets,2
29-Aug-21,04-Sep-21,Software Engineer,PL,Leave of Absence,Part-Time,Zone A,Full-Time,Resignation,Big large training region.,Production       ,Engineers,11-01-1982,MA,Laborer,Female,64801.0,Black,Single,Exceeds,3
17-Apr-20,06-Jul-28,Production Technician I,PL,Active,Contract,Zone B,Full-Time,Unk,,Production       ,General - Con,27-05-1950,MA,Driver,Male,3177.0,White,Divorced,Fully Meets,4
18-Feb-20,20-Feb-29,Production Technician II,PYZ,Voluntarily Terminated,Part-Time,Zone B,Temporary,Unk,,Production       ,Engineers,09-11-1972,MA,Laborer,Female,69077.0,White,Widowed,Fully Meets,3
25-Oct-21,20-Jul-22,Production Technician II,NEL,Active,Contract,Zone A,Temporary,Resignation,,IT/IS,Engineers,11-05-1992,MA,Technician,Male,22950.0,Other,Married,Fully Meets,3
01-Nov-21,14-May-29,Production Technician I,PL,Future Start,Contract,Zone A,Temporary,Voluntary,Natural event religious during article total.,Sales,Shop (Fleet),29-07-1989,MA,Splicer,Male,68549.0,Other,Divorced,Fully Meets,2
17-Nov-21,29-Apr-23,Production Technician II,WBL,Active,Part-Time,Zone B,Temporary,Retirement,Official minute everyone level thing economic.,Production       ,Aerial,16-03-1993,MA,Technician,Male,34239.0,White,Divorced,Fully Meets,4
24-Sep-21,10-Jun-29,Production Technician I,EW,Active,Contract,Zone C,Temporary,Retirement,Know blue difficult let black choice require.,Executive Office,Wireline Construction,29-07-1994,MA,Groundman,Male,80644.0,White,Married,Fully Meets,2
23-Aug-19,25-Jun-27,Production Technician I,EW,Active,Contract,Zone C,Part-Time,Involuntary,Stay word behavior financial.,Production       ,Field Operations,12-10-1946,MA,Project Manager,Male,55405.0,Other,Widowed,Needs Improvement,3
03-Sep-20,01-Jan-30,Production Technician II,MSC,Active,Full-Time,Zone B,Temporary,Unk,,Production       ,Finance & Accounting,03-03-1993,MA,Technician,Female,40512.0,White,Widowed,PIP,3
07-Feb-22,30-Dec-22,Senior BI Developer,PYZ,Active,Full-Time,Zone B,Full-Time,Resignation,Man fall nature back church.,Production       ,Project Management - Con,26-02-1955,MA,Technician,Female,46179.0,Hispanic,Widowed,Fully Meets,4
24-Dec-22,01-Jan-30,Production Technician II,MSC,Active,Contract,Zone C,Part-Time,Unk,,Production       ,General - Con,19-10-1951,MA,Groundman,Female,92246.0,Black,Single,Fully Meets,3
22-Jul-19,16-Oct-19,Area Sales Manager,WBL,Active,Part-Time,Zone C,Part-Time,Voluntary,Value class especially.,Production       ,Finance & Accounting,20-02-1969,MA,Laborer,Male,28768.0,Other,Married,Fully Meets,4
02-Oct-21,15-Dec-20,Production Technician I,WBL,Active,Contract,Zone A,Part-Time,Resignation,,Production       ,General - Con,29-08-1973,MA,Laborer,Female,68619.0,Other,Divorced,Fully Meets,3
16-Feb-20,01-Jan-30,Production Technician II,BPC,Active,Contract,Zone B,Full-Time,Unk,,Sales,Field Operations,29-12-1950,MA,Laborer,Male,16275.0,Other,Divorced,Fully Meets,1
15-Jun-21,15-Oct-28,Senior BI Developer,CCDR,Active,Contract,Zone B,Part-Time,Involuntary,,Software Engineering,General - Con,05-05-1958,MA,Flagger,Male,17324.0,Other,Married,Fully Meets,3
22-Nov-19,01-Jan-30,Software Engineer,MSC,Active,Contract,Zone A,Full-Time,Unk,,Production       ,General - Con,09-12-1965,MA,Manager,Female,53882.0,Black,Widowed,Exceeds,2
06-Jan-21,19-Sep-26,Production Manager,PL,Active,Full-Time,Zone A,Full-Time,Unk,Reflect off growth mouth have.,Production       ,Catv,16-10-1988,MA,Project Manager,Female,1755.0,White,Single,Fully Meets,3
12-Sep-22,15-Nov-23,Production Technician II,PL,Voluntarily Terminated,Contract,Zone B,Full-Time,Involuntary,Certainly those above eye ball.,Software Engineering,Engineers,12-08-1952,MA,Supervisor,Female,34079.0,Other,Divorced,Fully Meets,4
29-Sep-22,31-Jan-24,Production Technician I,NEL,Active,Full-Time,Zone C,Part-Time,Unk,,Production       ,Engineers,10-06-1974,MA,Splicer,Male,76583.0,Other,Divorced,Fully Meets,3
11-May-23,01-Jan-30,Software Engineer,BPC,Active,Part-Time,Zone A,Temporary,Unk,,Production       ,Executive,22-09-1945,MA,Laborer,Male,35787.0,Asian,Widowed,Exceeds,3
05-Aug-21,01-Jan-30,Production Technician II,PL,Active,Contract,Zone A,Part-Time,Unk,,Production       ,Field Operations,25-07-1953,MA,Laborer,Female,38704.0,Hispanic,Single,Fully Meets,3
20-Mar-21,12-Mar-29,Sr. Network Engineer,PL,Active,Part-Time,Zone C,Full-Time,Resignation,,Production       ,Engineers,11-02-2000,MA,Project Manager,Male,37392.0,Asian,Divorced,Exceeds,2
20-Apr-21,09-Aug-29,Production Technician I,MSC,Active,Contract,Zone C,Temporary,Unk,,Production       ,General - Sga,11-10-1981,TN,Administrator,Male,48211.0,Black,Divorced,Fully Meets,1
27-Apr-22,05-Nov-22,Production Technician II,BPC,Active,Full-Time,Zone A,Part-Time,Voluntary,Car book street pull try brother.,Production       ,Field Operations,08-02-1991,MA,Engineer,Female,1905.0,Asian,Divorced,Fully Meets,4
15-Jun-22,04-May-25,Production Technician I,PL,Active,Part-Time,Zone C,Part-Time,Resignation,,IT/IS,Field Operations,04-04-1965,MA,Engineer,Female,38175.0,Other,Widowed,Exceeds,2
25-Nov-21,20-Sep-26,BI Developer,BPC,Active,Full-Time,Zone A,Temporary,Unk,,Production       ,Billable Consultants,24-04-1962,MA,Engineer,Female,55064.0,Hispanic,Single,Fully Meets,3
27-Jan-21,06-May-23,Production Technician I,NEL,Terminated for Cause,Full-Time,Zone A,Full-Time,Involuntary,Year ever end drive.,Production       ,Engineers,23-05-1950,MA,Lineman,Female,54607.0,Other,Widowed,Needs Improvement,3
31-Dec-20,23-Jun-22,Production Technician II,WBL,Active,Full-Time,Zone A,Part-Time,Unk,,IT/IS,Shop (Fleet),20-04-1987,MA,Coordinator,Male,51286.0,Asian,Single,Fully Meets,3
10-Jul-19,01-Jan-30,Production Technician I,NEL,Active,Full-Time,Zone C,Part-Time,Unk,,Production       ,Billable Consultants,16-07-1988,MA,Laborer,Female,53130.0,Other,Married,Exceeds,3
20-Nov-20,28-May-22,Production Technician I,PL,Active,Full-Time,Zone B,Part-Time,Resignation,Everybody list to. Green best stock yes happen.,Admin Offices,Field Operations,24-10-1963,MA,Engineer,Male,41063.0,Black,Single,Fully Meets,4
12-Oct-21,25-Jun-23,Software Engineer,CCDR,Voluntarily Terminated,Full-Time,Zone C,Part-Time,Voluntary,Man issue never strategy will maintain resource.,Production       ,General - Sga,11-03-1964,MA,Technician,Female,23149.0,White,Married,Fully Meets,1
25-Aug-19,01-Jan-30,Production Technician I,WBL,Active,Contract,Zone A,Full-Time,Unk,,IT/IS,General - Con,13-10-1948,MA,Groundman,Female,35926.0,White,Widowed,Fully Meets,3
14-Jun-21,01-Jan-30,Production Technician I,PL,Active,Part-Time,Zone C,Part-Time,Unk,,Production       ,Aerial,09-10-1999,MA,Engineer,Male,40541.0,White,Single,Exceeds,3
21-Nov-18,03-Apr-22,Area Sales Manager,SVG,Future Start,Contract,Zone B,Temporary,Resignation,Weight join evidence oil father.,Sales,General - Con,10-09-1964,TX,Laborer,Male,40924.0,Asian,Widowed,Fully Meets,2
11-Dec-22,06-Apr-25,Production Technician I,PL,Active,Full-Time,Zone A,Temporary,Unk,,Production       ,Underground,25-08-1982,MA,Attendant,Female,78307.0,Black,Divorced,Fully Meets,3
29-May-19,27-Apr-22,Director of Sales,NEL,Active,Contract,Zone A,Full-Time,Voluntary,Stage necessary although they.,Production       ,General - Con,26-02-1978,ID,Flagger,Female,42568.0,Hispanic,Married,Fully Meets,2
21-Sep-22,01-Jan-30,Production Technician I,BPC,Active,Part-Time,Zone B,Temporary,Unk,,Production       ,General - Con,07-04-1996,MA,Supervisor,Female,52734.0,Asian,Married,Fully Meets,2
15-Nov-20,29-Mar-26,Production Technician I,TNS,Active,Full-Time,Zone B,Part-Time,Unk,,Production       ,Field Operations,01-04-1956,MA,Shop,Male,35292.0,Asian,Single,Fully Meets,3
13-Oct-21,17-Jul-23,Production Technician I,EW,Active,Contract,Zone B,Full-Time,Voluntary,Need either go.,Production       ,Field Operations,05-04-1997,MA,Project Manager,Male,31718.0,Other,Married,Exceeds,5
30-Jun-22,13-May-23,Production Manager,MSC,Voluntarily Terminated,Contract,Zone A,Full-Time,Retirement,In read day your stay she.,Production       ,Yard (Material Handling),02-04-1965,MA,Laborer,Female,42027.0,Black,Married,Needs Improvement,2
30-Dec-19,10-Mar-25,Production Technician I,TNS,Active,Contract,Zone A,Full-Time,Unk,,Production       ,General - Con,21-04-1974,MA,Clerk,Female,52039.0,Hispanic,Single,Fully Meets,3
16-Jan-21,03-Dec-26,Production Technician I,PL,Active,Contract,Zone A,Temporary,Resignation,,Production       ,Field Operations,23-01-1998,MA,Technician,Female,27196.0,White,Single,Fully Meets,5
21-Jun-19,13-Oct-22,Principal Data Architect,TNS,Active,Contract,Zone A,Full-Time,Retirement,Soon walk early star.,Production       ,General - Eng,23-09-1966,MA,Foreman,Female,36787.0,Asian,Divorced,Fully Meets,4
14-Sep-20,30-Jul-21,Production Technician II,MSC,Leave of Absence,Full-Time,Zone A,Part-Time,Resignation,Majority executive plan imagine.,Production       ,Project Management - Con,22-09-1969,MA,Technician,Female,79376.0,Black,Widowed,PIP,1
14-May-21,01-Jan-30,Production Technician I,MSC,Active,Part-Time,Zone B,Part-Time,Unk,,Production       ,Field Operations,02-12-1944,MA,Technician,Female,48831.0,Asian,Married,Fully Meets,5
22-Apr-23,18-Dec-22,Production Technician I,MSC,Active,Contract,Zone A,Part-Time,Involuntary,Prepare simply play edge.,Production       ,Field Operations,19-10-1944,MA,Laborer,Female,54756.0,Asian,Divorced,Fully Meets,3
23-Nov-21,02-Jun-29,Production Technician I,CCDR,Active,Full-Time,Zone B,Temporary,Unk,,Production       ,Field Operations,22-06-1990,MA,Technician,Female,53019.0,White,Married,Exceeds,5
23-Nov-20,25-Apr-29,Production Technician II,CCDR,Active,Contract,Zone B,Full-Time,Involuntary,,IT/IS,Field Operations,26-07-1942,MA,Laborer,Male,25878.0,Hispanic,Single,Fully Meets,3
08-Jan-23,01-Jan-30,Production Technician I,EW,Active,Part-Time,Zone A,Part-Time,Unk,,IT/IS,Field Operations,21-05-1982,MA,Technician,Male,19378.0,Hispanic,Divorced,Fully Meets,2
15-Jun-19,01-May-21,Production Technician I,TNS,Voluntarily Terminated,Full-Time,Zone C,Full-Time,Involuntary,Treatment power card almost pretty sister.,Production       ,Aerial,14-11-1990,MA,Foreman,Female,27948.0,White,Divorced,Fully Meets,3
02-Jan-22,13-Aug-23,Production Technician I,TNS,Active,Full-Time,Zone C,Temporary,Involuntary,Administration away choose.,Production       ,Splicing,31-05-1980,MA,Runner,Female,26179.0,Other,Divorced,Fully Meets,3
04-Feb-22,18-Jul-27,Production Technician I,BPC,Active,Part-Time,Zone B,Temporary,Unk,,Production       ,General - Con,27-11-1973,ID,Lineman,Male,18677.0,White,Single,Fully Meets,3
26-Dec-18,06-Jul-22,Production Technician II,MSC,Active,Full-Time,Zone C,Temporary,Retirement,Particularly box maybe.,Sales,Isp,28-07-1984,MA,Model Assistant,Male,33088.0,Other,Married,Fully Meets,3
01-Jul-22,29-Mar-26,Production Manager,BPC,Active,Full-Time,Zone A,Temporary,Unk,Listen cover book.,Production       ,Splicing,23-06-1974,MA,Technician,Female,22013.0,White,Widowed,Needs Improvement,3
01-Dec-22,17-Nov-26,Data Analyst,SVG,Active,Contract,Zone B,Full-Time,Unk,,IT/IS,General - Con,26-07-1997,MA,Administrator,Male,19332.0,Black,Widowed,Needs Improvement,3
07-Apr-21,21-Jan-23,IT Support,EW,Active,Contract,Zone B,Full-Time,Resignation,Here employee minute officer southern.,Sales,General - Con,10-05-1984,MA,Engineer,Female,8243.0,White,Single,Needs Improvement,3
26-May-23,01-Jan-30,Production Technician I,PL,Active,Full-Time,Zone C,Temporary,Unk,,IT/IS,General - Con,08-11-1956,MA,Administrative,Female,34351.0,Black,Widowed,Fully Meets,2
03-Jul-22,13-Dec-27,Production Manager,CCDR,Active,Full-Time,Zone B,Temporary,Unk,,Production       ,General - Con,17-07-1964,MA,Foreman,Female,92297.0,White,Single,Exceeds,3
26-Mar-19,15-Sep-23,Production Technician I,WBL,Active,Contract,Zone A,Full-Time,Unk,Few attorney all campaign town reflect behavior.,Production       ,Field Operations,30-12-1989,MA,Lineman,Female,36517.0,Asian,Divorced,Fully Meets,5
05-Jan-19,19-Dec-27,Production Technician I,CCDR,Active,Contract,Zone A,Part-Time,Unk,Fast glass machine compare after check.,Production       ,Field Operations,11-05-1990,MA,Laborer,Male,82387.0,Black,Widowed,Fully Meets,4
06-Feb-21,01-Jan-30,Production Technician II,TNS,Active,Contract,Zone B,Full-Time,Unk,,IT/IS,Field Operations,10-01-1984,MA,Operator,Male,62892.0,White,Married,Fully Meets,5
24-Nov-22,13-Dec-22,Area Sales Manager,PYZ,Active,Part-Time,Zone C,Full-Time,Voluntary,More next spring around television million media.,Production       ,General - Con,06-05-1942,CO,Engineer,Female,32864.0,Asian,Widowed,Exceeds,2
23-May-22,01-Jan-30,Production Technician II,NEL,Active,Contract,Zone A,Temporary,Unk,,Production       ,Finance & Accounting,15-08-1964,MA,Administrative,Male,21931.0,Other,Single,Fully Meets,4
28-Aug-19,28-Sep-28,Production Technician II,TNS,Active,Full-Time,Zone C,Full-Time,Unk,Direction west appear son school anything.,Production       ,General - Eng,22-04-1965,MA,Estimator,Male,52750.0,Asian,Single,Fully Meets,1
09-Aug-19,16-Feb-21,Software Engineer,PL,Active,Full-Time,Zone B,Temporary,Voluntary,Health section option interview.,Production       ,Field Operations,23-06-1972,MA,Laborer,Male,30872.0,Black,Married,Fully Meets,3
29-Jun-21,24-Dec-22,Production Technician I,CCDR,Active,Part-Time,Zone C,Temporary,Resignation,Foreign friend policy green.,Production       ,Fielders,10-12-1968,MA,Engineer,Male,77484.0,Hispanic,Widowed,Fully Meets,5
16-Jul-20,07-Jun-22,Senior BI Developer,PYZ,Active,Full-Time,Zone A,Temporary,Unk,Describe current question quite coach.,Production       ,Aerial,15-07-1964,MA,Laborer,Female,11525.0,Black,Single,Fully Meets,4
17-Jun-21,13-Jul-23,Production Technician II,PL,Active,Part-Time,Zone B,Full-Time,Unk,Deep sea improve miss they nearly measure.,Production       ,Field Operations,27-06-1957,MA,Engineer,Female,92259.0,Asian,Divorced,Fully Meets,3
26-Oct-19,08-Oct-28,Production Technician I,WBL,Active,Part-Time,Zone C,Temporary,Unk,,Production       ,Project Management - Con,27-10-1981,MA,Technician,Male,29011.0,Black,Single,Fully Meets,2
20-Aug-19,07-Aug-21,Production Manager,PL,Leave of Absence,Full-Time,Zone A,Temporary,Involuntary,Issue teacher page true relate. Fight out learn.,Production       ,Catv,29-06-1951,MA,Laborer,Female,25168.0,Other,Widowed,Fully Meets,3
03-Dec-18,13-Aug-24,Software Engineer,CCDR,Active,Contract,Zone B,Part-Time,Unk,Above fight animal support beautiful.,Software Engineering,Catv,19-03-1997,MA,Technician,Female,26882.0,White,Widowed,Fully Meets,3
27-Feb-21,01-Sep-22,Production Technician II,TNS,Active,Full-Time,Zone C,Part-Time,Involuntary,Professional military easy so.,Production       ,Wireless,15-10-1953,MA,Foreman,Female,9554.0,Black,Single,PIP,3
11-Mar-21,19-Sep-22,Production Technician I,NEL,Voluntarily Terminated,Full-Time,Zone A,Part-Time,Resignation,Order protect raise exist by behind dream memory.,Production       ,Field Operations,15-08-1949,MA,Groundman,Male,64633.0,Asian,Married,Fully Meets,1
31-Dec-20,04-Nov-21,Production Technician II,NEL,Active,Part-Time,Zone B,Full-Time,Unk,Per record feeling bed tax education.,Production       ,Wireline Construction,02-12-1964,MA,Laborer,Female,8105.0,White,Divorced,Fully Meets,2
03-Feb-21,13-Dec-26,BI Developer,PYZ,Terminated for Cause,Contract,Zone A,Full-Time,Unk,,Sales,Engineers,16-07-1992,MA,Executive Assistant,Female,72681.0,White,Divorced,Fully Meets,3
03-Oct-18,08-May-21,Production Technician I,NEL,Active,Full-Time,Zone A,Part-Time,Involuntary,Very research level send picture pressure our.,Production       ,Splicing,12-11-1944,MA,Runner,Male,55214.0,Hispanic,Widowed,Fully Meets,3
28-May-19,05-Jan-24,Production Technician II,EW,Leave of Absence,Full-Time,Zone A,Full-Time,Involuntary,Thus whether read kitchen itself.,Production       ,Field Operations,07-05-1967,MA,Operator,Female,57964.0,Asian,Married,Needs Improvement,3
17-Feb-20,26-Jun-23,Sr. Network Engineer,BPC,Voluntarily Terminated,Contract,Zone A,Temporary,Voluntary,First choose again themselves thing however.,IT/IS,Shop (Fleet),03-01-1961,MA,Laborer,Female,28999.0,Asian,Single,Fully Meets,3
13-Jul-22,11-Oct-22,Production Technician I,CCDR,Leave of Absence,Full-Time,Zone A,Full-Time,Voluntary,Win late significant throughout add.,IT/IS,Engineers,19-12-1974,MA,Program Manager,Female,95364.0,Asian,Married,Fully Meets,4
27-Aug-20,01-Sep-26,Production Technician II,NEL,Active,Full-Time,Zone A,Part-Time,Unk,That commercial east message peace.,IT/IS,Field Operations,13-02-1985,MA,Manager,Male,2011.0,Other,Married,Fully Meets,3
25-Mar-21,28-Dec-27,Production Technician I,NEL,Active,Contract,Zone B,Part-Time,Voluntary,Reason stock professional clear allow two town.,Production       ,General - Con,09-07-1952,MA,Program Manager,Female,15305.0,White,Widowed,Fully Meets,5
04-Nov-20,01-Jan-30,Software Engineer,PL,Active,Part-Time,Zone B,Full-Time,Unk,,Production       ,General - Sga,12-08-1950,MA,Administrative,Male,7043.0,Other,Divorced,Fully Meets,3
13-May-20,12-Nov-20,Sales Manager,PYZ,Terminated for Cause,Contract,Zone C,Part-Time,Involuntary,Improve center sure Mr respond for recent.,IT/IS,Wireline Construction,13-02-1980,MA,Specialist,Female,47334.0,Asian,Single,Fully Meets,3
05-Sep-19,04-Mar-22,Production Technician I,PL,Active,Contract,Zone C,Part-Time,Involuntary,Visit you let sort amount visit.,Production       ,Field Operations,13-11-1980,MA,Engineer,Male,22676.0,Other,Widowed,Fully Meets,3
16-Jun-19,14-Dec-28,BI Developer,EW,Active,Part-Time,Zone A,Part-Time,Unk,,Production       ,Engineers,01-08-1991,MA,Technician,Male,87153.0,Asian,Divorced,Fully Meets,2
29-Sep-21,19-Mar-23,Production Manager,EW,Future Start,Part-Time,Zone C,Part-Time,Resignation,Smile most around.,Production       ,General - Con,29-06-1943,MA,Manager,Male,67960.0,Asian,Widowed,Exceeds,4
07-Mar-20,15-Dec-29,Area Sales Manager,MSC,Active,Part-Time,Zone B,Full-Time,Unk,Worker medical commercial participant tough leg.,Sales,General - Con,05-02-1957,TX,Laborer,Male,38532.0,White,Widowed,Fully Meets,5
23-Nov-21,29-Jan-29,Production Technician I,PYZ,Active,Contract,Zone B,Full-Time,Unk,,IT/IS,Aerial,17-10-1983,TX,Technician,Female,71951.0,Hispanic,Widowed,Fully Meets,3
25-Oct-21,26-Jul-23,Administrative Assistant,EW,Active,Full-Time,Zone C,Part-Time,Involuntary,Visit you let sort amount visit.,Production       ,Engineers,31-10-2000,MA,Specialist,Male,86448.0,White,Widowed,Fully Meets,5
02-Jun-22,01-Jan-30,Production Manager,CCDR,Active,Contract,Zone B,Temporary,Unk,,Production       ,Field Operations,30-08-1993,MA,Project Manager,Male,12899.0,White,Single,Fully Meets,2
02-Nov-22,05-Jul-22,Production Manager,MSC,Voluntarily Terminated,Part-Time,Zone C,Part-Time,Voluntary,Food few generation seek outside.,Production       ,General - Con,19-11-1956,MA,Engineer,Female,63413.0,White,Married,PIP,5
08-Feb-20,29-Jun-23,Production Technician II,WBL,Active,Contract,Zone C,Temporary,Voluntary,,Production       ,Field Operations,09-06-1945,MA,Technician,Male,18127.0,Black,Divorced,Fully Meets,3
23-Sep-20,05-Oct-28,Production Technician I,PL,Active,Full-Time,Zone A,Full-Time,Unk,,Production       ,General - Con,17-06-1972,MA,Coordinator,Female,40338.0,Hispanic,Married,Fully Meets,4
04-Jul-21,14-Feb-28,Production Technician II,EW,Active,Full-Time,Zone B,Full-Time,Voluntary,,Production       ,General - Con,20-02-1982,MA,Foreman,Female,9932.0,White,Widowed,Fully Meets,3
13-Nov-22,01-Jan-30,Production Technician I,MSC,Active,Contract,Zone C,Full-Time,Unk,,Software Engineering,Field Operations,29-07-1983,MA,Laborer,Female,22994.0,Asian,Widowed,Exceeds,3
19-Apr-22,23-Jul-22,Production Technician II,BPC,Voluntarily Terminated,Full-Time,Zone C,Temporary,Retirement,Easy film last fact discuss. Enough worker wall.,Software Engineering,Field Operations,16-02-1984,MA,Laborer,Male,70568.0,Other,Widowed,Fully Meets,3
08-Jun-22,20-Sep-27,Production Technician I,PL,Voluntarily Terminated,Contract,Zone B,Temporary,Resignation,Human box wish natural student staff.,IT/IS,Wireline Construction,02-02-1978,MA,Groundman,Male,6828.0,Hispanic,Divorced,Fully Meets,3
09-Apr-23,10-Nov-29,Production Technician I,PL,Active,Contract,Zone C,Full-Time,Unk,,Sales,Executive,19-12-1966,AZ,Laborer,Male,17309.0,White,Widowed,Fully Meets,5
27-Jun-20,04-Dec-20,Production Technician I,NEL,Active,Contract,Zone A,Temporary,Retirement,Reflect off growth mouth have.,Production       ,Engineers,15-09-1970,MA,Laborer,Female,44575.0,Black,Single,Exceeds,4
24-Jul-20,17-Aug-27,Area Sales Manager,MSC,Active,Part-Time,Zone C,Temporary,Unk,,IT/IS,Project Management - Con,05-03-1956,MA,Engineer,Male,64531.0,White,Divorced,Fully Meets,4
04-Mar-21,14-Jun-25,Production Technician II,EW,Active,Contract,Zone B,Full-Time,Unk,Administration field require.,IT/IS,Field Operations,17-11-1955,MA,Model Assistant,Female,30241.0,Asian,Widowed,Fully Meets,3
15-Oct-20,06-Dec-22,Production Manager,PYZ,Active,Full-Time,Zone C,Part-Time,Voluntary,Strategy fear tough wife here now.,Production       ,General - Con,05-02-1990,MA,Technician,Female,26767.0,Asian,Married,Fully Meets,3
18-Aug-22,25-Feb-24,Data Analyst,PL,Active,Part-Time,Zone B,Part-Time,Unk,,IT/IS,Field Operations,26-10-1995,MA,Manager,Female,53243.0,Other,Married,Fully Meets,1
24-Sep-21,01-Jan-30,Production Technician I,MSC,Active,Contract,Zone A,Temporary,Unk,,Software Engineering,General - Con,07-01-1944,MA,Coordinator,Male,23999.0,Hispanic,Married,Fully Meets,3
18-Mar-22,30-Sep-23,Production Manager,CCDR,Active,Full-Time,Zone A,Temporary,Voluntary,Too former relationship risk.,Production       ,Finance & Accounting,18-02-1968,MA,Operator,Female,11723.0,Asian,Divorced,Fully Meets,5
02-Dec-20,05-Jul-29,CIO,TNS,Active,Part-Time,Zone B,Part-Time,Unk,,Production       ,Project Management - Con,01-11-1960,MA,Laborer,Male,88651.0,White,Single,Fully Meets,3
13-Nov-21,17-Nov-22,BI Developer,PL,Active,Contract,Zone A,Full-Time,Unk,,Sales,Field Operations,13-05-1966,MA,Technician,Female,91979.0,Hispanic,Divorced,Needs Improvement,1
23-Feb-19,02-Jun-22,Production Technician I,CCDR,Active,Part-Time,Zone C,Full-Time,Retirement,Stuff different color how.,Production       ,Field Operations,04-04-1992,MA,Engineer,Female,58907.0,Black,Widowed,Exceeds,1
05-Jul-20,01-Jan-30,Production Technician I,MSC,Active,Contract,Zone C,Full-Time,Unk,,Sales,Wireline Construction,09-08-1978,MA,Laborer,Female,27405.0,Asian,Married,Fully Meets,3
03-Sep-18,14-Feb-28,IT Manager - Support,PYZ,Active,Full-Time,Zone B,Part-Time,Unk,,Production       ,Aerial,14-07-1958,MA,Foreman,Male,1023.0,Other,Married,Fully Meets,4
31-May-20,25-Jul-23,Area Sales Manager,PYZ,Active,Full-Time,Zone B,Full-Time,Voluntary,Happen ability as term fish.,Sales,General - Con,22-12-1968,MA,Foreman,Female,45964.0,Asian,Widowed,Fully Meets,3
21-Jun-19,13-Oct-23,Accountant I,TNS,Active,Full-Time,Zone C,Full-Time,Unk,Young risk quality natural foreign claim.,Production       ,Aerial,13-05-1958,MA,Technician,Female,21844.0,Other,Married,Fully Meets,3
17-Aug-22,15-Jun-23,Production Technician I,PL,Voluntarily Terminated,Contract,Zone C,Temporary,Involuntary,Herself Mr office bed.,IT/IS,Field Operations,14-01-1944,MA,Drafter,Male,38359.0,Other,Widowed,Fully Meets,2
11-Jan-23,06-Sep-22,Production Technician I,TNS,Active,Full-Time,Zone A,Temporary,Voluntary,Risk management money field.,Sales,Field Operations,22-01-1977,MA,Technician,Female,62011.0,Asian,Divorced,Exceeds,3
15-Aug-21,08-Oct-23,IT Director,PYZ,Leave of Absence,Part-Time,Zone C,Full-Time,Resignation,Type three hear court street sport key.,Production       ,Engineers,24-12-1959,MA,Engineer,Male,59850.0,White,Divorced,Fully Meets,2
18-Oct-20,09-Jan-23,Area Sales Manager,MSC,Voluntarily Terminated,Contract,Zone A,Temporary,Resignation,Take most future.,Production       ,Yard (Material Handling),06-10-1964,MA,Foreman,Female,71931.0,Hispanic,Married,Fully Meets,2
25-Mar-21,22-Jan-23,Production Technician I,PYZ,Active,Contract,Zone C,Full-Time,Voluntary,To prevent method stand decision.,Production       ,Wireline Construction,18-12-1969,MA,Safety,Female,48764.0,Hispanic,Married,Fully Meets,4
31-Dec-20,30-Jul-27,Production Technician I,EW,Active,Contract,Zone A,Temporary,Unk,,Production       ,General - Sga,23-02-1969,MA,Supervisor,Male,71939.0,Asian,Single,Fully Meets,2
30-Sep-22,01-Jan-30,Software Engineering Manager,SVG,Active,Contract,Zone C,Temporary,Unk,,Production       ,General - Con,12-05-1961,MA,Locator,Male,60952.0,White,Single,Fully Meets,3
01-Nov-20,06-Dec-21,Production Technician II,TNS,Active,Part-Time,Zone A,Temporary,Involuntary,Popular west moment natural step activity.,Production       ,Wireless,15-05-1958,MA,Operator,Male,27259.0,Black,Widowed,Fully Meets,4
23-Dec-20,14-Dec-22,Production Technician I,MSC,Active,Part-Time,Zone A,Temporary,Retirement,Listen cover book.,Production       ,Underground,18-08-1984,MA,Clerk,Female,2037.0,White,Widowed,Fully Meets,3
26-Jun-20,21-Jan-23,Area Sales Manager,MSC,Active,Full-Time,Zone B,Full-Time,Voluntary,Worker medical commercial participant tough leg.,Sales,General - Con,26-01-1958,NH,Foreman,Male,54941.0,Asian,Widowed,Fully Meets,2
23-Jun-20,01-Jan-30,Production Technician I,WBL,Active,Full-Time,Zone A,Part-Time,Unk,,Sales,Project Management - Con,02-08-1952,MA,Operator,Male,23415.0,Hispanic,Divorced,Fully Meets,1
27-Mar-19,07-May-27,Production Technician II,BPC,Active,Part-Time,Zone B,Full-Time,Voluntary,Half nice continue serious move lay itself.,Production       ,General - Sga,13-08-1989,MA,Engineer,Female,80184.0,Hispanic,Single,Fully Meets,5
29-Jan-21,31-Jul-29,Production Technician II,BPC,Active,Full-Time,Zone C,Full-Time,Unk,,Production       ,Project Management - Con,15-10-1963,MA,Specialist,Female,20959.0,Black,Married,Fully Meets,2
04-Nov-20,01-Jan-30,Area Sales Manager,PYZ,Active,Contract,Zone A,Full-Time,Unk,,Production       ,General - Con,29-01-1972,MA,Support,Male,18009.0,Other,Single,Fully Meets,2
04-Oct-22,28-May-22,Software Engineer,PYZ,Active,Part-Time,Zone A,Temporary,Involuntary,Ok glass media learn grow.,Production       ,General - Con,30-01-1970,MA,Project Manager,Male,17263.0,Black,Married,Fully Meets,4
10-Sep-22,15-Jan-29,Production Technician II,PL,Active,Full-Time,Zone C,Temporary,Unk,,Production       ,Field Operations,17-07-2000,MA,Lineman,Female,3868.0,Black,Single,PIP,3
11-Apr-20,01-Jan-30,Production Technician I,CCDR,Active,Full-Time,Zone A,Full-Time,Unk,,Production       ,Project Management - Con,23-06-1957,MA,Safety,Male,37226.0,White,Married,Fully Meets,3
07-Jan-23,07-Aug-23,Production Technician II,PL,Active,Part-Time,Zone B,Temporary,Involuntary,Very research level send picture pressure our.,Production       ,Engineers,26-11-1951,MA,Technician,Male,22316.0,Other,Widowed,PIP,2
16-Jan-19,27-Feb-20,Production Technician I,EW,Active,Part-Time,Zone A,Temporary,Involuntary,North rise until plan join.,Production       ,Aerial,13-03-1969,MA,Foreman,Female,36436.0,Hispanic,Single,Fully Meets,5
19-Mar-20,25-Sep-21,Production Technician I,MSC,Leave of Absence,Full-Time,Zone C,Temporary,Retirement,On sport growth now general.,Production       ,General - Con,20-03-1985,MA,Groundman,Female,53762.0,Other,Married,Exceeds,5
16-Sep-19,02-Sep-20,Production Technician II,SVG,Active,Contract,Zone C,Part-Time,Involuntary,Rather which writer family.,Production       ,Field Operations,01-11-2000,MA,Laborer,Male,91637.0,Black,Single,Fully Meets,4
08-Aug-19,08-Jul-26,Production Technician I,PL,Active,Part-Time,Zone A,Part-Time,Unk,Natural event religious during article total.,Production       ,Aerial,24-01-1997,MA,Technician,Female,78353.0,White,Divorced,Fully Meets,3
04-Aug-20,01-Oct-22,Production Technician I,SVG,Active,Contract,Zone B,Temporary,Involuntary,Fund nor half early miss follow.,Production       ,Field Operations,06-07-1961,MA,Technician,Female,65802.0,Black,Married,Fully Meets,2
29-Jan-22,29-Mar-28,Production Technician I,CCDR,Active,Contract,Zone B,Full-Time,Unk,,Sales,General - Eng,01-04-1990,MA,Technician,Female,37994.0,Hispanic,Widowed,Fully Meets,3
04-May-20,17-Jan-22,Production Technician I,WBL,Active,Part-Time,Zone A,Temporary,Retirement,Wonder worry life stand.,Executive Office,Aerial,07-07-1945,MA,Manager,Male,51364.0,Hispanic,Single,Fully Meets,3
19-Feb-22,30-Nov-21,IT Support,EW,Active,Full-Time,Zone C,Part-Time,Resignation,To prevent method stand decision.,Production       ,Wireline Construction,18-11-1949,MA,Administrative,Female,50788.0,Hispanic,Divorced,Fully Meets,3
06-Jan-21,25-May-22,Production Technician I,TNS,Active,Contract,Zone A,Temporary,Voluntary,Then sing son.,IT/IS,Billable Consultants,24-01-1946,MA,Engineer,Female,58823.0,Black,Married,Fully Meets,2
25-Nov-19,05-Jul-29,Production Technician II,NEL,Active,Part-Time,Zone B,Full-Time,Unk,,Production       ,General - Con,11-12-1988,MA,Laborer,Female,33311.0,Other,Married,Fully Meets,1
05-Jul-22,22-Dec-28,Production Technician II,MSC,Active,Full-Time,Zone A,Full-Time,Unk,,IT/IS,Project Management - Con,04-12-1977,MA,Model Assistant,Female,27871.0,Other,Married,Fully Meets,1
02-Jul-21,01-Jan-30,Production Technician II,TNS,Active,Full-Time,Zone B,Full-Time,Unk,,Production       ,General - Sga,28-01-1979,MA,Assistant,Female,71273.0,Asian,Widowed,Fully Meets,2
22-Jun-20,26-Dec-21,Accountant I,MSC,Active,Contract,Zone C,Part-Time,Voluntary,After draw carry north federal region recently.,Admin Offices,General - Con,13-09-1991,MA,Intern,Male,47844.0,Asian,Widowed,Fully Meets,3
12-Feb-21,01-Jan-30,Production Technician I,CCDR,Active,Full-Time,Zone A,Temporary,Unk,,Production       ,Underground,02-10-1974,MA,Manager,Female,47011.0,Black,Single,Fully Meets,3
18-Mar-20,11-Feb-24,Production Technician II,NEL,Active,Part-Time,Zone C,Part-Time,Voluntary,,Production       ,General - Con,03-04-1971,MA,Model Assistant,Female,6501.0,Other,Divorced,Fully Meets,4
25-Nov-20,13-Feb-23,Network Engineer,PYZ,Active,Full-Time,Zone A,Temporary,Resignation,Scientist strong team civil quality.,Software Engineering,People Services,07-08-1979,MA,Lineman,Male,35247.0,Other,Widowed,Fully Meets,3
15-Jan-20,18-Sep-22,Area Sales Manager,MSC,Active,Full-Time,Zone A,Full-Time,Resignation,Little imagine career he produce program.,Production       ,Underground,07-06-1945,MA,Labor,Female,10371.0,Hispanic,Married,Exceeds,4
01-Sep-19,13-May-29,Production Technician I,PL,Active,Contract,Zone C,Full-Time,Unk,,Production       ,Catv,14-08-1968,MA,Technician,Male,46097.0,Black,Single,Fully Meets,3
24-Jul-22,18-Oct-21,Production Technician I,EW,Voluntarily Terminated,Contract,Zone A,Full-Time,Involuntary,Message firm social daughter third ready.,Production       ,Field Operations,11-10-1969,MA,Laborer,Female,22955.0,Black,Married,Fully Meets,3
10-Mar-19,07-Oct-21,Accountant I,SVG,Active,Contract,Zone A,Full-Time,Retirement,,Production       ,Wireline Construction,05-02-1950,MA,Manager,Female,61697.0,Other,Single,Fully Meets,2
12-Jun-20,18-Mar-25,Production Technician II,SVG,Active,Full-Time,Zone C,Full-Time,Voluntary,,Production       ,Wireline Construction,08-06-1980,MA,Foreman,Female,31404.0,Asian,Single,Exceeds,3
14-Jul-21,14-Apr-21,Production Manager,BPC,Active,Contract,Zone C,Part-Time,Retirement,Television represent skill police.,Production       ,Wireless,30-08-1983,MA,Engineer,Female,22639.0,Black,Divorced,Fully Meets,3
02-Aug-21,09-Nov-28,Area Sales Manager,EW,Active,Contract,Zone A,Full-Time,Retirement,Yourself book budget product.,Sales,Engineers,21-03-1966,CO,Splicer,Female,53676.0,White,Widowed,Fully Meets,5
02-Apr-22,24-Mar-28,Production Technician I,PYZ,Leave of Absence,Full-Time,Zone A,Part-Time,Resignation,,Software Engineering,Field Operations,04-03-1992,MA,Foreman,Male,86327.0,Asian,Divorced,Fully Meets,3
07-Sep-19,29-Nov-27,Area Sales Manager,MSC,Active,Contract,Zone C,Temporary,Involuntary,Radio fight consumer senior traditional himself.,Software Engineering,Aerial,04-06-1977,AZ,Manager,Male,42415.0,White,Single,Fully Meets,3
29-Oct-19,01-Aug-22,Production Technician I,WBL,Active,Contract,Zone B,Temporary,Involuntary,,Production       ,Wireline Construction,30-06-1992,MA,Administrator,Male,96050.0,White,Divorced,PIP,5
04-Jul-19,15-Sep-19,Sales Manager,CCDR,Future Start,Full-Time,Zone B,Temporary,Involuntary,,Sales,Field Operations,30-08-1992,TN,Technician,Male,29576.0,Black,Widowed,Fully Meets,4
16-Feb-22,01-Dec-26,Software Engineer,NEL,Active,Part-Time,Zone A,Temporary,Voluntary,Board industry once tough investment age.,Software Engineering,Finance & Accounting,03-06-1945,TX,Safety,Female,30601.0,Black,Divorced,Fully Meets,2
25-Mar-21,07-Feb-23,Production Technician I,WBL,Voluntarily Terminated,Full-Time,Zone A,Full-Time,Retirement,Participant create society method tough team.,IT/IS,Wireline Construction,23-10-1973,MA,Engineer,Male,44379.0,Other,Married,Fully Meets,1
24-Mar-19,17-Jan-29,Area Sales Manager,CCDR,Active,Full-Time,Zone C,Full-Time,Voluntary,,Sales,Yard (Material Handling),05-10-1995,KY,Supervisor,Female,43373.0,Hispanic,Single,Fully Meets,2
07-Mar-20,01-Oct-21,Production Technician I,BPC,Active,Part-Time,Zone B,Temporary,Involuntary,Less boy reflect quickly health respond million.,Executive Office,Field Operations,20-06-1976,MA,Laborer,Female,42861.0,White,Married,Fully Meets,3
28-May-19,11-Aug-20,Production Technician I,NEL,Terminated for Cause,Part-Time,Zone B,Temporary,Resignation,Brother election movie born enough.,Production       ,Field Operations,04-07-1984,MA,Project Manager,Female,82310.0,White,Single,Fully Meets,4
15-Jun-21,31-Jan-21,Production Technician II,CCDR,Voluntarily Terminated,Full-Time,Zone B,Part-Time,Resignation,Describe current question quite coach.,Production       ,Field Operations,15-11-1969,MA,Ceo,Male,74822.0,Hispanic,Divorced,Exceeds,2
21-Jan-22,01-Oct-21,Production Manager,SVG,Active,Part-Time,Zone A,Temporary,Unk,,IT/IS,General - Con,06-03-1955,MA,Laborer,Male,50456.0,White,Married,Fully Meets,1
30-Nov-20,13-Dec-26,Area Sales Manager,PYZ,Active,Part-Time,Zone C,Full-Time,Resignation,Medical message face development moment because.,Sales,General - Con,24-12-1994,CT,Operator,Male,50758.0,Other,Married,Fully Meets,2
09-Jul-23,09-Mar-22,Production Technician I,CCDR,Voluntarily Terminated,Part-Time,Zone A,Temporary,Involuntary,Order protect raise exist by behind dream memory.,Production       ,Engineers,07-08-1957,MA,Laborer,Male,37677.0,Hispanic,Single,Fully Meets,2
08-Nov-18,19-Oct-28,Production Technician I,SVG,Active,Contract,Zone B,Temporary,Unk,,Production       ,Project Management - Con,11-09-1962,MA,Tower Hand,Male,67565.0,Hispanic,Widowed,Fully Meets,4
08-Oct-20,05-Apr-22,Production Technician I,MSC,Voluntarily Terminated,Contract,Zone A,Temporary,Voluntary,Big large training region.,Production       ,Underground,18-03-1998,MA,Groundman,Female,27551.0,Other,Divorced,Fully Meets,5
11-Aug-22,17-Sep-22,Production Technician I,PYZ,Voluntarily Terminated,Contract,Zone B,Temporary,Retirement,Soon glass reveal Republican could.,Production       ,Shop (Fleet),05-02-1955,MA,Laborer,Male,76366.0,Other,Married,PIP,4
07-Feb-21,01-Jan-30,Production Technician I,SVG,Active,Contract,Zone A,Full-Time,Unk,,Production       ,Yard (Material Handling),02-09-1973,MA,Engineer,Male,72871.0,White,Single,Fully Meets,3
05-Jan-22,22-Nov-22,Production Technician I,CCDR,Voluntarily Terminated,Part-Time,Zone B,Temporary,Retirement,Without production religious.,Production       ,Field Operations,05-09-1982,MA,Laborer,Male,94140.0,Asian,Married,Fully Meets,2
11-Oct-20,28-Jul-27,Administrative Assistant,SVG,Active,Contract,Zone A,Temporary,Involuntary,,Sales,Shop (Fleet),07-12-1955,MA,Foreman,Female,60345.0,White,Divorced,Fully Meets,4
16-Sep-19,24-Apr-22,Network Engineer,PYZ,Future Start,Part-Time,Zone A,Part-Time,Voluntary,Will raise compare realize evidence most product.,Production       ,General - Con,01-08-1969,MA,Supervisor,Male,9178.0,Asian,Married,Needs Improvement,3
21-Jul-20,16-Jun-22,Production Technician I,BPC,Voluntarily Terminated,Full-Time,Zone A,Temporary,Voluntary,Design laugh top music policy.,Production       ,Wireline Construction,04-01-1985,MA,Driller,Male,66268.0,Other,Married,PIP,4
26-Mar-22,28-Feb-28,Production Technician II,TNS,Active,Contract,Zone B,Full-Time,Unk,In read day your stay she.,Production       ,Field Operations,12-03-1978,MA,Technician,Male,30722.0,Hispanic,Married,Fully Meets,3
24-Jul-22,25-Jul-22,IT Support,PYZ,Active,Contract,Zone B,Part-Time,Voluntary,Buy become improve guess business know.,Sales,Finance & Accounting,30-05-1967,MA,Laborer,Female,52984.0,Hispanic,Divorced,Fully Meets,3
31-May-20,08-Feb-26,Production Technician I,PL,Active,Full-Time,Zone C,Full-Time,Unk,Fire necessary sing first traditional.,Production       ,Fielders,16-11-1957,MA,Apprentice,Female,47325.0,Hispanic,Single,Fully Meets,3
07-Jan-20,01-Jan-30,Sr. Network Engineer,PYZ,Active,Contract,Zone A,Full-Time,Unk,,Production       ,Field Operations,13-01-1946,MA,Laborer,Female,79725.0,White,Married,Fully Meets,3
15-Nov-18,05-Jul-19,Production Technician II,NEL,Voluntarily Terminated,Full-Time,Zone B,Part-Time,Resignation,Few attorney all campaign town reflect behavior.,Software Engineering,Field Operations,22-10-1969,MA,Project Manager,Female,20377.0,White,Widowed,Fully Meets,4
13-Feb-19,21-Jan-21,Production Technician I,PYZ,Active,Full-Time,Zone A,Full-Time,Retirement,Remember teacher produce use voice.,Production       ,Wireless,18-07-1972,MA,Laborer,Female,21534.0,Other,Married,Fully Meets,1
30-Dec-18,21-Dec-25,Software Engineer,TNS,Active,Part-Time,Zone C,Part-Time,Unk,,Software Engineering,Engineers,23-01-1977,MA,Project Manager,Male,61883.0,Asian,Widowed,Fully Meets,3
04-Feb-22,21-Jul-22,Area Sales Manager,CCDR,Active,Part-Time,Zone B,Part-Time,Retirement,Design laugh top music policy.,Production       ,Splicing,26-07-1964,MA,Engineer,Female,91731.0,Hispanic,Divorced,Fully Meets,2
10-Oct-21,29-Jun-21,Production Manager,CCDR,Terminated for Cause,Part-Time,Zone A,Temporary,Resignation,Stock true summer together social.,Production       ,Wireline Construction,04-01-1958,MA,Laborer,Male,5523.0,Other,Divorced,Fully Meets,3
08-Mar-20,18-Jun-26,Accountant I,BPC,Active,Full-Time,Zone A,Part-Time,Unk,,IT/IS,Field Operations,06-04-1954,MA,Manager,Female,31087.0,Hispanic,Widowed,Exceeds,3
22-Feb-20,08-Mar-23,Production Technician I,WBL,Voluntarily Terminated,Contract,Zone B,Temporary,Voluntary,Before room than city she.,Production       ,General - Eng,27-03-1980,MA,Foreman,Female,9568.0,White,Single,Fully Meets,5
15-Oct-22,01-Jan-30,IT Director,PL,Active,Part-Time,Zone C,Full-Time,Unk,,Production       ,Field Operations,13-02-1971,MA,Engineer,Female,40105.0,White,Widowed,Fully Meets,4
10-Aug-20,22-Aug-24,Area Sales Manager,PYZ,Active,Part-Time,Zone A,Full-Time,Unk,,Sales,Field Operations,04-05-1996,MA,Model Assistant,Male,48990.0,Black,Single,Fully Meets,5
04-Aug-19,12-Jul-28,BI Developer,CCDR,Active,Full-Time,Zone C,Full-Time,Unk,By small force myself team industry.,IT/IS,General - Con,31-01-1979,MA,Accounting,Female,69731.0,White,Single,Fully Meets,3
08-Nov-19,20-Jul-22,Production Technician I,TNS,Leave of Absence,Part-Time,Zone B,Full-Time,Retirement,Herself Mr office bed.,Production       ,Engineers,15-04-1986,MA,Engineer,Male,51141.0,Other,Single,Needs Improvement,3
24-May-22,16-Sep-21,Data Analyst ,EW,Active,Contract,Zone A,Part-Time,Voluntary,If require particularly civil.,Executive Office,Wireless,22-04-1951,TX,Groundman,Male,29310.0,Other,Single,Fully Meets,3
28-Jan-22,14-Oct-23,Data Analyst,PYZ,Active,Contract,Zone B,Temporary,Involuntary,Behind bar item management.,IT/IS,Aerial,23-11-1950,MA,Manager,Female,51826.0,Asian,Widowed,Exceeds,3
05-Jan-21,14-Dec-22,Production Technician I,MSC,Leave of Absence,Full-Time,Zone A,Part-Time,Unk,Gas group whose within step clear choose.,Production       ,Yard (Material Handling),02-05-1985,MA,Splicer,Female,32826.0,Black,Married,Fully Meets,1
08-Mar-21,25-May-22,Production Technician I,PL,Active,Contract,Zone B,Part-Time,Involuntary,Type three hear court street sport key.,Admin Offices,Engineers,11-04-1994,MA,Supervisor,Male,63462.0,Other,Divorced,Fully Meets,3
30-Dec-22,01-Dec-22,Data Analyst,CCDR,Active,Contract,Zone C,Part-Time,Voluntary,,IT/IS,Wireline Construction,24-07-1968,MA,Director,Male,26826.0,Hispanic,Married,Fully Meets,3
13-May-20,04-May-21,Area Sales Manager,MSC,Active,Full-Time,Zone C,Temporary,Involuntary,Issue teacher page true relate. Fight out learn.,Production       ,Wireline Construction,12-06-1957,MA,Driver,Female,47542.0,Other,Single,Fully Meets,3
17-Jul-22,24-Oct-23,BI Developer,MSC,Active,Full-Time,Zone A,Full-Time,Involuntary,Technology eight stage hold chance after police.,IT/IS,Yard (Material Handling),13-12-1977,MA,Laborer,Male,27846.0,Hispanic,Single,Fully Meets,3
24-May-20,12-Oct-25,Area Sales Manager,PYZ,Voluntarily Terminated,Part-Time,Zone C,Temporary,Unk,Lot as card response consumer.,Sales,Field Operations,09-05-1984,MA,Project Controls,Male,80177.0,Asian,Single,Fully Meets,2
07-Apr-21,05-Jun-22,Production Technician I,TNS,Active,Full-Time,Zone A,Part-Time,Retirement,Tell its wind child more though.,Production       ,Aerial,03-11-1969,TX,Technician,Male,45357.0,Asian,Divorced,Fully Meets,4
14-Jun-21,01-Jan-30,Production Technician II,PL,Active,Full-Time,Zone A,Part-Time,Unk,,IT/IS,Engineers,09-06-1986,MA,Lineman,Female,49690.0,Other,Married,Fully Meets,3
25-May-19,20-Mar-23,Software Engineering Manager,EW,Voluntarily Terminated,Full-Time,Zone B,Part-Time,Resignation,Who few sport business various.,Sales,Splicing,17-11-1983,MA,Manager,Male,8370.0,White,Widowed,Fully Meets,2
16-Feb-22,23-Sep-28,Production Technician II,SVG,Active,Part-Time,Zone B,Temporary,Unk,Strategy fear tough wife here now.,Production       ,Engineers,17-03-1963,MA,Technician,Female,70054.0,Black,Divorced,Exceeds,3
05-Sep-22,16-Mar-22,Production Technician I,EW,Active,Contract,Zone C,Full-Time,Resignation,Yourself book budget product.,Production       ,General - Con,17-06-1972,MA,Administrative,Male,46471.0,Hispanic,Divorced,Exceeds,3
27-May-23,22-Sep-24,Production Technician II,TNS,Active,Full-Time,Zone B,Full-Time,Unk,,Production       ,Aerial,24-10-1991,MA,Foreman,Female,9446.0,Black,Widowed,Fully Meets,3
26-Oct-19,18-Dec-21,Production Technician I,PYZ,Active,Part-Time,Zone B,Part-Time,Retirement,,Software Engineering,Field Operations,13-05-1980,MA,Engineer,Male,51027.0,Asian,Widowed,Needs Improvement,3
21-Jul-20,16-Jun-20,Production Technician I,MSC,Active,Contract,Zone A,Full-Time,Involuntary,Great parent relate growth summer.,Production       ,Wireline Construction,06-05-1985,MA,Engineer,Female,37720.0,Black,Divorced,Exceeds,3
22-May-23,02-Mar-25,Production Technician I,SVG,Active,Contract,Zone A,Full-Time,Retirement,Too former relationship risk.,Production       ,Field Operations,27-11-1961,MA,Foreman,Female,74798.0,White,Divorced,Fully Meets,3
30-Mar-20,31-May-26,Production Technician I,NEL,Active,Full-Time,Zone C,Full-Time,Retirement,Direction west appear son school anything.,Production       ,General - Con,18-11-1980,MA,Engineer,Male,14592.0,Black,Divorced,Fully Meets,3
02-Apr-23,01-Nov-28,Production Technician II,NEL,Terminated for Cause,Part-Time,Zone A,Part-Time,Retirement,Some others lot miss land similar.,Production       ,General - Eng,17-06-1979,MA,Technician,Male,68378.0,Asian,Married,Fully Meets,1
17-Apr-22,24-Feb-24,Software Engineer,WBL,Active,Contract,Zone C,Temporary,Unk,,Production       ,General - Con,04-05-1995,MA,Engineer,Female,42184.0,Other,Divorced,Fully Meets,2
20-Aug-22,30-Apr-27,Production Technician II,WBL,Active,Contract,Zone A,Full-Time,Unk,,Production       ,General - Sga,17-11-1967,MA,Technician,Female,90156.0,White,Single,Fully Meets,1
22-Apr-19,01-Jan-30,Area Sales Manager,PYZ,Active,Contract,Zone A,Temporary,Unk,,Production       ,General - Sga,08-07-1966,MA,Laborer,Female,32586.0,White,Single,Fully Meets,2
27-Sep-21,11-Dec-21,Production Technician II,MSC,Voluntarily Terminated,Part-Time,Zone B,Temporary,Resignation,Key real fill never sing feeling.,Production       ,Field Operations,20-09-1977,MA,Director,Female,23642.0,Black,Divorced,Fully Meets,3
09-Sep-21,01-Jan-30,Production Technician II,WBL,Active,Full-Time,Zone C,Temporary,Unk,,Production       ,General - Con,04-11-1962,MA,Safety,Female,10060.0,Black,Widowed,Exceeds,1
14-Aug-19,22-Apr-20,Production Technician II,WBL,Leave of Absence,Contract,Zone B,Temporary,Voluntary,Guy present clear.,Sales,Field Operations,10-06-1945,MA,Drafter,Female,71815.0,Hispanic,Divorced,Fully Meets,4
29-May-20,29-May-28,Production Manager,SVG,Active,Part-Time,Zone C,Temporary,Retirement,,Production       ,Finance & Accounting,21-02-1979,MA,Technician,Male,72536.0,Hispanic,Married,Fully Meets,4
25-May-21,02-Jul-27,Production Technician I,NEL,Leave of Absence,Part-Time,Zone B,Full-Time,Unk,Scientist strong team civil quality.,Production       ,Project Management - Con,27-04-1989,MA,Coordinator,Female,29213.0,Black,Single,Fully Meets,2
24-Apr-23,14-Dec-19,President & CEO,PL,Active,Full-Time,Zone B,Full-Time,Resignation,Upon writer black.,IT/IS,Field Operations,29-05-2000,MA,Laborer,Female,9912.0,Black,Single,Fully Meets,3
01-Jul-22,25-Nov-20,Production Technician II,WBL,Active,Contract,Zone B,Temporary,Retirement,,Production       ,Wireline Construction,16-12-1982,MA,Laborer,Male,13388.0,Hispanic,Divorced,Fully Meets,3
12-Mar-22,14-Oct-22,Production Technician I,BPC,Leave of Absence,Full-Time,Zone A,Part-Time,Voluntary,Keep position nature most anything eat blue.,IT/IS,Yard (Material Handling),07-04-1969,MA,Administration,Male,83746.0,Other,Widowed,Fully Meets,3
07-Aug-22,08-May-23,Production Technician I,PL,Active,Contract,Zone C,Full-Time,Retirement,Occur tough thousand on recent.,Production       ,Field Operations,05-04-1977,MA,Laborer,Female,45318.0,Asian,Married,Fully Meets,3
28-Jul-19,04-Sep-28,Data Analyst,PL,Active,Full-Time,Zone B,Full-Time,Voluntary,,Software Engineering,General - Con,20-10-1971,MA,Administration,Male,7442.0,Black,Divorced,Fully Meets,3
18-May-23,22-Nov-27,BI Developer,TNS,Active,Part-Time,Zone C,Full-Time,Unk,Visit you let sort amount visit.,Production       ,Wireline Construction,14-02-1967,MA,Generalist,Male,3123.0,Asian,Divorced,Fully Meets,5
14-Oct-20,01-Jan-30,Production Manager,PYZ,Active,Contract,Zone B,Full-Time,Unk,,Production       ,Field Operations,23-03-1998,CT,Project Manager,Male,4748.0,Black,Single,Fully Meets,4
25-May-21,28-Sep-22,Production Technician II,CCDR,Active,Full-Time,Zone B,Temporary,Retirement,If require particularly civil.,IT/IS,Wireline Construction,13-09-1965,MA,Technician,Female,81990.0,Hispanic,Married,Fully Meets,5
16-Mar-20,01-Jan-30,Data Analyst,EW,Active,Full-Time,Zone C,Full-Time,Unk,,Production       ,General - Con,06-06-1964,MA,Safety,Male,55847.0,Black,Single,Fully Meets,3
22-Jan-23,19-Jan-29,Production Technician II,EW,Active,Part-Time,Zone A,Part-Time,Unk,,Production       ,Field Operations,03-11-1987,MA,Technician,Female,77308.0,Hispanic,Single,Fully Meets,4
02-Jul-22,30-Jun-28,Production Technician I,MSC,Voluntarily Terminated,Part-Time,Zone B,Temporary,Resignation,,Production       ,Field Operations,01-10-1985,MA,Engineer,Male,58765.0,White,Divorced,Fully Meets,3
12-Mar-23,15-Nov-28,Production Technician I,PL,Active,Part-Time,Zone B,Temporary,Resignation,,Production       ,Field Operations,24-05-1971,MA,Administrative,Female,42189.0,Hispanic,Single,Fully Meets,3
04-Oct-19,18-Jun-22,Production Technician II,CCDR,Active,Part-Time,Zone B,Full-Time,Voluntary,Exactly vote including easy.,Admin Offices,Field Operations,26-07-1968,MA,Model Assistant,Female,5332.0,Asian,Single,Fully Meets,3
26-Apr-19,07-Nov-20,Production Technician II,MSC,Voluntarily Terminated,Contract,Zone B,Part-Time,Resignation,On sport growth now general.,Production       ,Aerial,15-06-1959,MA,Technician,Female,44489.0,Hispanic,Divorced,PIP,1
13-Jun-21,01-Jan-30,Production Technician I,NEL,Active,Contract,Zone C,Temporary,Unk,,Production       ,General - Con,12-05-1991,MA,Supervisor,Male,52761.0,Black,Widowed,Fully Meets,5
13-Jul-19,25-Dec-20,Production Technician II,EW,Voluntarily Terminated,Part-Time,Zone A,Full-Time,Unk,Room that ahead sound work short right.,IT/IS,Field Operations,15-10-1957,TX,Foreman,Female,66370.0,Black,Married,Fully Meets,3
26-May-20,31-Aug-24,Production Technician I,MSC,Active,Contract,Zone B,Full-Time,Involuntary,,Sales,Engineers,13-06-1978,MA,Specialist,Female,38419.0,Black,Widowed,Fully Meets,1
09-Jul-20,11-Aug-19,Area Sales Manager,NEL,Active,Full-Time,Zone A,Part-Time,Involuntary,,Sales,Field Operations,03-09-1980,WA,Foreman,Male,30744.0,Asian,Widowed,Fully Meets,1
11-Jun-20,01-Jan-30,Production Technician I,PL,Active,Full-Time,Zone B,Full-Time,Unk,,Production       ,Field Operations,06-03-1993,MA,Laborer,Female,61374.0,White,Divorced,Fully Meets,3
09-Mar-21,05-Oct-23,Sales Manager,BPC,Active,Contract,Zone B,Part-Time,Unk,,Production       ,Aerial,13-07-1982,MA,Lineman,Male,86483.0,Other,Divorced,Fully Meets,3
30-Dec-21,01-Jan-30,Production Technician I,TNS,Active,Part-Time,Zone B,Temporary,Unk,,Production       ,Field Operations,12-01-1991,MA,Laborer,Female,27896.0,Asian,Married,Fully Meets,2
18-Dec-19,01-Jan-30,Data Analyst,EW,Active,Contract,Zone C,Part-Time,Unk,,Production       ,Field Operations,23-08-1983,MA,Engineer,Male,56831.0,Black,Divorced,Needs Improvement,3
11-Nov-19,02-Dec-21,Production Technician I,SVG,Active,Contract,Zone A,Part-Time,Retirement,Television represent skill police.,Production       ,Field Operations,25-10-1971,MA,Intern,Female,63492.0,Asian,Widowed,Fully Meets,3
16-Jan-22,26-Jan-22,Shared Services Manager,PYZ,Active,Contract,Zone A,Part-Time,Retirement,Information step name three choose.,Sales,General - Con,16-04-1973,MA,Foreman,Female,18333.0,White,Married,Fully Meets,1
29-Jun-21,22-Dec-22,IT Support,PL,Active,Full-Time,Zone B,Part-Time,Unk,Natural event religious during article total.,IT/IS,Shop (Fleet),23-09-1980,MA,Mechanic,Female,85675.0,Other,Single,Fully Meets,1
23-Nov-19,20-Jan-22,Production Technician II,PL,Active,Part-Time,Zone A,Part-Time,Retirement,Who few sport business various.,Production       ,General - Con,26-04-1967,MA,Model Assistant,Female,18026.0,Black,Single,Fully Meets,3
27-Nov-20,30-Dec-21,Production Technician I,TNS,Future Start,Full-Time,Zone C,Part-Time,Involuntary,Fill outside then discuss table.,Production       ,Field Operations,27-06-1964,MA,Technician,Male,43556.0,Other,Married,Fully Meets,3
05-Oct-18,22-Nov-21,Area Sales Manager,BPC,Voluntarily Terminated,Contract,Zone A,Temporary,Voluntary,Majority executive plan imagine.,Software Engineering,Project Management - Con,10-03-1965,MA,Technician,Male,36738.0,White,Married,Needs Improvement,3
31-Aug-20,03-Apr-21,Area Sales Manager,EW,Active,Part-Time,Zone B,Part-Time,Resignation,Theory grow future week house.,Executive Office,Finance & Accounting,26-07-1970,KY,Laborer,Female,57207.0,Hispanic,Divorced,Fully Meets,3
21-Jun-21,15-Dec-22,Software Engineer,CCDR,Active,Part-Time,Zone A,Part-Time,Unk,,Production       ,Engineers,24-12-1968,MA,Engineer,Female,83955.0,Black,Married,Fully Meets,3
06-Apr-21,28-Jul-22,Area Sales Manager,TNS,Active,Contract,Zone A,Temporary,Resignation,Prevent involve hundred price.,Sales,Field Operations,01-02-1958,CA,Splicer,Female,3430.0,Other,Divorced,Fully Meets,2
15-Apr-23,01-Jan-30,Production Technician I,PYZ,Active,Part-Time,Zone B,Temporary,Unk,,Software Engineering,Fielders,24-01-1966,MA,Groundman,Male,80543.0,White,Divorced,PIP,3
18-Dec-18,01-Jan-30,Production Technician I,BPC,Active,Part-Time,Zone A,Temporary,Unk,,Production       ,Billable Consultants,30-03-1976,MA,Engineer,Female,46024.0,Hispanic,Widowed,PIP,1
30-Dec-21,03-Mar-28,Area Sales Manager,TNS,Active,Contract,Zone A,Full-Time,Unk,,Production       ,Wireline Construction,22-10-1984,MA,Administrator,Female,56841.0,Black,Single,Fully Meets,3
15-May-19,26-Nov-23,Area Sales Manager,TNS,Active,Contract,Zone B,Part-Time,Involuntary,,Sales,Field Operations,07-06-1950,MA,Laborer,Male,29156.0,Asian,Single,Fully Meets,3
16-Feb-20,27-Jun-22,Production Technician I,CCDR,Active,Full-Time,Zone A,Temporary,Resignation,Condition control raise.,Sales,Wireline Construction,30-04-1994,MA,Clerk,Female,38101.0,White,Widowed,Fully Meets,4
23-Jan-20,11-Apr-22,Network Engineer,PL,Terminated for Cause,Full-Time,Zone B,Full-Time,Resignation,Teacher door money tend song.,Production       ,Field Operations,17-03-1989,MA,Engineer,Male,74647.0,White,Married,Fully Meets,2
10-Mar-21,19-Nov-24,Production Technician I,NEL,Active,Full-Time,Zone C,Full-Time,Unk,,Production       ,Aerial,03-11-1973,MA,Flagger,Male,24965.0,Other,Single,Fully Meets,3
24-Nov-19,22-Oct-19,Production Technician I,NEL,Active,Full-Time,Zone C,Part-Time,Voluntary,Black civil room chance. This mind find adult.,Production       ,Splicing,06-06-1950,MA,Billing,Male,40967.0,Black,Single,Exceeds,2
05-Apr-23,31-Jan-23,Production Technician I,PL,Active,Contract,Zone A,Part-Time,Unk,Know blue difficult let black choice require.,Production       ,Field Operations,14-08-1973,MA,Engineer,Female,76662.0,Other,Single,Fully Meets,3
02-Dec-19,01-Jan-30,Production Technician I,EW,Active,Full-Time,Zone A,Full-Time,Unk,,Production       ,General - Con,25-10-1975,MA,Vp,Female,7346.0,Hispanic,Widowed,Fully Meets,3
23-Aug-20,16-Jun-25,Area Sales Manager,BPC,Active,Contract,Zone C,Full-Time,Resignation,,Sales,Engineers,24-09-1957,MA,Engineer,Male,19176.0,Hispanic,Widowed,Fully Meets,5
01-May-21,29-Nov-24,Production Technician I,SVG,Active,Part-Time,Zone B,Temporary,Unk,,Production       ,Engineers,29-04-1980,MA,Engineer,Male,25771.0,Hispanic,Widowed,Exceeds,3
14-Jan-21,05-Aug-25,Production Manager,CCDR,Active,Part-Time,Zone A,Temporary,Resignation,,Production       ,Field Operations,09-10-1991,MA,Groundman,Male,57451.0,Black,Single,Fully Meets,3
09-Aug-19,09-Dec-22,Administrative Assistant,BPC,Active,Part-Time,Zone A,Part-Time,Voluntary,Very research level send picture pressure our.,Production       ,General - Con,07-07-1947,MA,Project Manager,Male,27094.0,Black,Single,Needs Improvement,3
17-Apr-19,19-Jan-24,Production Technician II,EW,Active,Contract,Zone C,Part-Time,Involuntary,Risk test morning lawyer.,Admin Offices,Catv,21-10-1961,MA,Manager,Female,60958.0,White,Divorced,Fully Meets,4
05-Jul-22,23-May-22,BI Developer,SVG,Active,Contract,Zone C,Full-Time,Involuntary,Scientist become a become value cell policy.,Software Engineering,General - Con,15-04-1972,MA,Foreman,Male,27586.0,Asian,Divorced,Fully Meets,5
20-Dec-20,30-May-27,Production Technician II,CCDR,Voluntarily Terminated,Part-Time,Zone A,Full-Time,Unk,,Software Engineering,Engineers,21-09-1987,MA,Engineer,Male,48374.0,Asian,Married,Fully Meets,2
18-Mar-23,01-Jan-30,Production Technician I,EW,Active,Contract,Zone C,Full-Time,Unk,,Production       ,Project Management - Con,21-04-1954,MA,Laborer,Male,37434.0,Black,Single,Exceeds,3
08-May-21,29-Sep-24,Production Technician I,EW,Active,Contract,Zone B,Full-Time,Resignation,,Production       ,Field Operations,17-11-1978,MA,Technician,Male,64075.0,Other,Divorced,Fully Meets,5
05-May-20,31-Aug-28,Production Technician I,WBL,Active,Full-Time,Zone C,Temporary,Involuntary,Only alone imagine. Loss minute girl.,Production       ,Field Operations,08-08-1958,MA,Construction Manager,Male,28453.0,Black,Single,Exceeds,3
29-Jul-20,20-Jan-23,Software Engineer,SVG,Active,Contract,Zone C,Part-Time,Resignation,Everybody list to. Green best stock yes happen.,Production       ,Field Operations,09-01-1991,MA,Engineer,Male,13332.0,Hispanic,Married,Fully Meets,3
16-Jun-21,01-Jan-30,Production Manager,WBL,Active,Full-Time,Zone B,Temporary,Unk,,Production       ,Fielders,20-08-1989,MA,Groundman,Female,79131.0,Other,Single,Fully Meets,3
26-Mar-22,16-Oct-25,Production Technician I,BPC,Active,Contract,Zone C,Temporary,Unk,Administration field require.,Production       ,Field Operations,23-07-1953,MA,Intern,Male,43328.0,Asian,Single,Fully Meets,3
03-Mar-19,11-Jun-23,Production Technician I,TNS,Active,Part-Time,Zone A,Part-Time,Voluntary,Yard charge week wait address.,Production       ,Wireline Construction,01-11-1965,MA,Technician,Female,78821.0,Other,Divorced,Fully Meets,2
08-Sep-21,01-Jan-30,Accountant I,EW,Active,Part-Time,Zone B,Temporary,Unk,,Admin Offices,Field Operations,28-09-1987,MA,Technician,Female,24217.0,Hispanic,Single,Exceeds,5
21-May-23,26-Dec-22,Production Technician I,PYZ,Active,Part-Time,Zone C,Full-Time,Involuntary,Officer thus service.,Production       ,Field Operations,15-11-1990,MA,Runner,Female,24205.0,Other,Widowed,Fully Meets,3
30-Nov-19,01-Jan-30,Data Analyst ,WBL,Active,Full-Time,Zone B,Full-Time,Unk,,Production       ,Engineers,28-05-1969,MA,Foreman,Female,87720.0,White,Married,Fully Meets,3
31-Oct-20,17-Jun-23,Production Technician I,BPC,Voluntarily Terminated,Contract,Zone C,Temporary,Resignation,Easy film last fact discuss. Enough worker wall.,Production       ,General - Con,06-05-1984,MA,Laborer,Female,36607.0,Hispanic,Widowed,Exceeds,5
17-Aug-21,18-Mar-23,Production Technician II,WBL,Active,Contract,Zone B,Part-Time,Resignation,Audience deal cost figure student might let.,Production       ,Field Operations,15-05-1958,MA,Model Assistant,Male,8398.0,Black,Divorced,Fully Meets,3
05-Jan-21,11-Mar-25,Production Technician I,BPC,Active,Full-Time,Zone C,Part-Time,Unk,,Production       ,Project Management - Con,07-12-1993,MA,Technician,Female,68746.0,Black,Single,Fully Meets,3
04-Dec-22,17-Sep-23,Software Engineer,NEL,Voluntarily Terminated,Part-Time,Zone A,Temporary,Retirement,Catch issue water night recognize mention.,Production       ,Field Operations,18-07-1991,MA,Laborer,Male,70532.0,Asian,Widowed,Fully Meets,2
02-Dec-21,08-Mar-23,Area Sales Manager,EW,Active,Full-Time,Zone A,Full-Time,Involuntary,Lead throw others.,IT/IS,Aerial,14-05-1978,CO,Specialist,Female,78684.0,Other,Divorced,Needs Improvement,3
01-Oct-21,05-Aug-23,Production Technician II,BPC,Voluntarily Terminated,Part-Time,Zone A,Temporary,Involuntary,Majority executive plan imagine.,Production       ,General - Con,07-05-1974,MA,Foreman,Male,39910.0,Black,Divorced,Fully Meets,3
01-Feb-22,12-Sep-27,Administrative Assistant,BPC,Active,Contract,Zone C,Full-Time,Resignation,Customer front detail bed say suddenly here.,Sales,Engineers,11-05-1946,MA,Technician,Male,76315.0,Black,Married,Fully Meets,3
11-May-22,22-Sep-24,Production Manager,BPC,Active,Contract,Zone A,Part-Time,Unk,,Production       ,Field Operations,07-04-1982,MA,Lineman,Female,92815.0,Black,Married,Fully Meets,3
27-Mar-23,15-Sep-21,Area Sales Manager,MSC,Active,Contract,Zone B,Part-Time,Voluntary,Miss onto none our discussion year.,Sales,Field Operations,03-05-1963,TX,Supervisor,Male,62769.0,Black,Widowed,Fully Meets,5
25-Oct-20,18-Oct-24,Administrative Assistant,NEL,Active,Full-Time,Zone A,Temporary,Voluntary,,Admin Offices,Billable Consultants,28-04-1962,MA,Assistant,Male,1774.0,Black,Married,Exceeds,3
22-Jan-20,20-Nov-20,BI Developer,PYZ,Active,Contract,Zone B,Temporary,Resignation,Talk into between trip final.,Production       ,Fielders,02-11-1978,MA,Technician,Female,38752.0,Black,Single,Fully Meets,3
16-Jun-22,19-Apr-24,Production Technician I,CCDR,Active,Full-Time,Zone A,Temporary,Unk,,Production       ,Field Operations,15-05-1973,MA,Driller,Female,33134.0,Black,Single,Fully Meets,1
30-Apr-20,31-May-29,Production Technician II,CCDR,Active,Contract,Zone C,Full-Time,Unk,,Production       ,Field Operations,14-07-1993,MA,Lineman,Female,29299.0,Other,Widowed,Fully Meets,3
05-Jul-22,17-Feb-27,Production Technician II,WBL,Active,Part-Time,Zone B,Full-Time,Unk,Baby still now positive traditional head while.,Production       ,Field Operations,14-05-1987,MA,Technician,Female,27641.0,Hispanic,Married,Fully Meets,3
10-Nov-20,21-Jul-23,Production Technician I,MSC,Terminated for Cause,Contract,Zone A,Full-Time,Resignation,Program deal run.,Production       ,Yard (Material Handling),16-12-1960,TX,Coordinator,Female,44808.0,Black,Single,Fully Meets,5
30-Nov-22,14-Apr-23,Production Technician I,NEL,Leave of Absence,Contract,Zone A,Part-Time,Resignation,Then foot not.,Production       ,Aerial,23-09-1941,MA,Technician,Male,39935.0,Black,Widowed,Fully Meets,5
25-Apr-19,01-Jan-30,Production Technician I,NEL,Active,Part-Time,Zone A,Temporary,Unk,,Production       ,Fielders,13-06-1949,MA,Foreman,Female,68211.0,Other,Single,Fully Meets,3
15-Apr-23,01-Jan-30,Production Technician I,TNS,Active,Contract,Zone A,Full-Time,Unk,,Sales,Wireline Construction,16-03-1991,MA,Supervisor,Female,16405.0,Other,Divorced,Fully Meets,3
12-Jan-22,13-Mar-26,Production Technician I,MSC,Active,Full-Time,Zone C,Temporary,Voluntary,,Production       ,Field Operations,21-03-1980,MA,Engineer,Female,67130.0,Black,Widowed,Exceeds,2
24-Jun-19,20-Apr-23,Production Technician II,PYZ,Voluntarily Terminated,Contract,Zone A,Full-Time,Voluntary,Sense station management factor.,Production       ,Field Operations,19-10-1976,MA,Estimator,Female,7884.0,Other,Married,Fully Meets,3
03-Jun-21,26-May-22,Production Technician II,CCDR,Active,Contract,Zone C,Full-Time,Resignation,Stuff different color how.,Production       ,Wireless,12-11-1974,MA,Manager,Male,75856.0,White,Single,Exceeds,3
22-Jul-21,12-Mar-28,Production Manager,PL,Active,Full-Time,Zone A,Full-Time,Unk,,Sales,Finance & Accounting,03-01-1991,MA,Clerk,Male,22796.0,White,Single,Fully Meets,4
04-Mar-19,10-Nov-23,Production Technician II,PL,Voluntarily Terminated,Part-Time,Zone A,Part-Time,Unk,,IT/IS,Wireline Construction,13-03-1964,MA,Laborer,Male,35014.0,White,Widowed,Fully Meets,3
21-Sep-20,02-Apr-26,Production Technician II,PL,Active,Part-Time,Zone C,Full-Time,Unk,,Production       ,Sales & Marketing,17-09-1941,CT,Splicer,Female,41165.0,White,Divorced,Fully Meets,3
16-Nov-19,04-Jul-24,Production Technician I,EW,Active,Full-Time,Zone C,Temporary,Unk,,Production       ,Field Operations,21-12-1992,MA,Foreman,Male,61620.0,White,Single,Fully Meets,4
01-Sep-20,01-Jan-30,Production Technician I,EW,Active,Part-Time,Zone C,Temporary,Unk,,Production       ,People Services,03-01-1957,MA,Splicer,Female,45990.0,Black,Widowed,Fully Meets,4
27-Oct-21,08-Dec-20,Area Sales Manager,TNS,Active,Contract,Zone C,Temporary,Unk,Deep sea improve miss they nearly measure.,Production       ,General - Con,04-03-1978,MA,Manager,Female,94672.0,Asian,Single,Fully Meets,3
02-Aug-22,13-Jun-27,CIO,TNS,Voluntarily Terminated,Part-Time,Zone B,Part-Time,Unk,Learn whatever million.,Production       ,Field Operations,31-07-1944,MA,Laborer,Male,24745.0,Black,Divorced,Fully Meets,3
12-Nov-18,05-Sep-27,Production Technician I,TNS,Active,Part-Time,Zone A,Temporary,Unk,,Production       ,General - Con,10-09-1968,MA,Laborer,Female,10969.0,Other,Married,Fully Meets,2
15-Mar-20,04-Jul-22,Production Technician I,EW,Voluntarily Terminated,Full-Time,Zone C,Part-Time,Involuntary,Large relate work treatment Mrs.,Production       ,General - Con,26-05-1970,MA,Shop,Female,10325.0,Hispanic,Divorced,Fully Meets,2
13-Oct-20,18-Jun-25,Software Engineer,MSC,Voluntarily Terminated,Part-Time,Zone C,Part-Time,Voluntary,Radio fight consumer senior traditional himself.,Software Engineering,Aerial,16-11-1967,MA,Laborer,Female,29897.0,Asian,Widowed,Fully Meets,3
28-Feb-21,01-Jan-30,Production Technician I,NEL,Active,Contract,Zone A,Full-Time,Unk,,Production       ,General - Sga,19-12-1984,MA,Controller,Male,4825.0,Black,Widowed,Exceeds,4
15-Jan-20,02-Nov-25,Production Technician I,CCDR,Voluntarily Terminated,Contract,Zone C,Temporary,Voluntary,Control store point.,Production       ,Field Operations,20-05-1963,MA,Ceo,Female,43312.0,White,Divorced,Fully Meets,3
02-Feb-20,01-Jan-30,Production Technician I,CCDR,Active,Full-Time,Zone C,Part-Time,Unk,,Sales,Engineers,13-04-1978,MA,Assistant,Male,59965.0,White,Single,Exceeds,5
11-Jun-19,01-Jan-30,Production Technician I,MSC,Active,Contract,Zone C,Full-Time,Unk,,Production       ,General - Con,01-04-1963,MA,Laborer,Female,40249.0,White,Widowed,Fully Meets,3
16-Oct-21,19-Feb-22,Production Technician I,TNS,Voluntarily Terminated,Part-Time,Zone B,Temporary,Resignation,Human box wish natural student staff.,Production       ,Fielders,22-08-1961,MA,Laborer,Female,22613.0,White,Divorced,Needs Improvement,2
18-Sep-20,31-Aug-25,Software Engineer,EW,Active,Part-Time,Zone A,Full-Time,Unk,Firm national vote result.,Production       ,Engineers,25-01-1982,NY,Project Manager,Male,25752.0,Black,Single,Fully Meets,3
17-Aug-20,01-Jan-30,Production Technician I,PYZ,Active,Full-Time,Zone C,Temporary,Unk,,Production       ,Field Operations,01-09-1986,MA,Director,Female,80921.0,Asian,Widowed,Fully Meets,3
09-Feb-20,14-Jul-22,Production Technician I,TNS,Active,Part-Time,Zone A,Full-Time,Unk,Can last meet shake imagine he.,Production       ,Engineers,22-02-1957,TN,Engineer,Male,60886.0,Hispanic,Widowed,Fully Meets,3
09-Nov-20,19-Oct-26,Data Analyst,CCDR,Active,Contract,Zone A,Part-Time,Unk,,Production       ,Field Operations,23-05-1981,MA,Technician,Male,88038.0,Asian,Single,Fully Meets,3
31-Jul-20,17-Mar-27,Production Technician I,MSC,Active,Full-Time,Zone B,Part-Time,Unk,Site least knowledge right every.,Production       ,Field Operations,28-01-1979,MA,Supervisor,Female,69264.0,White,Widowed,Fully Meets,2
05-Apr-23,05-Dec-28,Production Technician II,PYZ,Active,Contract,Zone C,Full-Time,Unk,,Production       ,Aerial,04-09-1998,MA,Lineman,Female,27130.0,White,Married,Fully Meets,2
12-Mar-22,15-Jul-22,Production Technician I,MSC,Terminated for Cause,Contract,Zone A,Temporary,Involuntary,Program deal run.,Admin Offices,Field Operations,25-10-1947,MA,Driller,Female,71766.0,Asian,Single,Fully Meets,4
19-Nov-19,05-Feb-28,Data Analyst,CCDR,Active,Contract,Zone B,Temporary,Involuntary,,Admin Offices,Catv,05-02-1961,MA,Technician,Female,10939.0,Black,Divorced,Fully Meets,3
16-Jan-21,01-Jan-30,Accountant I,PYZ,Active,Part-Time,Zone A,Temporary,Unk,,IT/IS,General - Con,23-01-1958,MA,Laborer,Male,21296.0,Other,Single,Fully Meets,4
16-Aug-21,26-Jan-23,Production Technician I,CCDR,Active,Contract,Zone A,Temporary,Involuntary,Opportunity upon apply and world.,Sales,Wireline Construction,06-02-1980,MA,Operator,Female,47418.0,Other,Widowed,Fully Meets,3
23-Jan-21,16-Mar-24,Production Technician I,CCDR,Active,Full-Time,Zone C,Full-Time,Unk,,Production       ,Project Management - Con,05-05-1952,MA,Technician,Female,93362.0,Other,Married,Needs Improvement,3
17-Oct-18,07-Aug-21,Production Technician I,TNS,Voluntarily Terminated,Part-Time,Zone A,Temporary,Resignation,End trouble tonight amount page reach debate.,Software Engineering,General - Con,19-01-1996,CT,Laborer,Female,85766.0,Other,Divorced,Fully Meets,3
03-May-21,06-Dec-20,Production Technician I,PL,Active,Full-Time,Zone A,Full-Time,Unk,Only alone imagine. Loss minute girl.,Production       ,Wireline Construction,08-04-1943,MA,Engineer,Female,51082.0,Asian,Divorced,Fully Meets,3
04-Aug-23,09-Jul-22,Network Engineer,NEL,Active,Full-Time,Zone B,Temporary,Voluntary,Establish go so someone might none stop citizen.,Production       ,Wireline Construction,28-05-1982,MA,Manager,Male,76801.0,White,Married,Fully Meets,5
12-Jun-22,28-May-26,Production Technician I,EW,Active,Part-Time,Zone C,Temporary,Voluntary,Body move possible play. Relate husband Mrs.,Production       ,Field Operations,14-02-1968,MA,Technician,Female,28416.0,Other,Married,Fully Meets,3
13-Apr-20,02-Aug-28,Production Technician I,CCDR,Voluntarily Terminated,Contract,Zone A,Full-Time,Unk,,Production       ,General - Con,26-06-1952,MA,Laborer,Female,80033.0,Other,Divorced,Fully Meets,3
12-Dec-21,17-Nov-28,Production Technician II,EW,Active,Contract,Zone A,Part-Time,Unk,Take most future.,Production       ,Aerial,29-09-1994,MA,Associate,Male,39546.0,Asian,Married,Exceeds,1
29-Aug-22,04-Aug-21,Production Technician I,PYZ,Active,Contract,Zone B,Part-Time,Resignation,From continue left eye.,Production       ,Project Management - Con,23-07-1988,MA,Foreman,Female,38465.0,Hispanic,Married,Fully Meets,3
19-Nov-22,05-Mar-23,Production Technician I,MSC,Active,Full-Time,Zone A,Temporary,Voluntary,Size manager receive decide attention play plant.,Production       ,Wireline Construction,07-11-1949,MA,Driver,Female,74249.0,Hispanic,Married,Needs Improvement,3
09-Jun-21,04-May-28,Software Engineer,MSC,Active,Full-Time,Zone B,Full-Time,Unk,,Software Engineering,Project Management - Con,26-05-1995,MA,Coordinator,Female,45253.0,Black,Married,Fully Meets,2
17-Aug-20,13-Jul-24,Area Sales Manager,WBL,Active,Part-Time,Zone B,Part-Time,Involuntary,,Production       ,Field Operations,03-01-1947,MA,Model Assistant,Male,42715.0,Black,Single,Fully Meets,4
28-Jul-22,31-Jul-22,Production Manager,PL,Leave of Absence,Part-Time,Zone A,Part-Time,Resignation,Pretty he matter south treat benefit.,IT/IS,Aerial,17-06-1949,MA,Engineer,Female,89263.0,Asian,Married,Fully Meets,2
07-May-20,21-Jun-20,Software Engineer,TNS,Leave of Absence,Full-Time,Zone C,Part-Time,Involuntary,Off part culture choose strong public.,Sales,General - Con,01-01-1965,MA,Engineer,Female,70381.0,Asian,Divorced,Fully Meets,3
16-May-21,08-Jun-27,Production Technician I,CCDR,Active,Contract,Zone B,Full-Time,Unk,,Production       ,People Services,06-09-1981,MA,Safety,Female,56492.0,Other,Widowed,Fully Meets,3
10-Oct-18,13-Apr-24,Production Technician I,EW,Active,Part-Time,Zone A,Temporary,Unk,,Production       ,Engineers,02-06-1946,MA,Supervisor,Female,38994.0,Hispanic,Single,Exceeds,2
11-Oct-21,18-Jun-22,IT Manager - Support,PYZ,Active,Full-Time,Zone B,Temporary,Resignation,Somebody air turn. Dark civil any serious.,IT/IS,Engineers,28-10-1999,MA,Lineman,Male,43732.0,White,Widowed,Fully Meets,2
16-Sep-19,29-Apr-28,Area Sales Manager,EW,Active,Full-Time,Zone A,Full-Time,Unk,Doctor statement she rule order wind.,Sales,General - Sga,22-11-1953,MA,Project Manager,Male,89981.0,White,Widowed,Fully Meets,1
01-Sep-22,01-Jul-22,Production Technician I,BPC,Terminated for Cause,Contract,Zone A,Full-Time,Voluntary,North next animal laugh threat no.,Production       ,Billable Consultants,31-07-1980,MA,Engineer,Female,93507.0,Hispanic,Single,Fully Meets,1
11-Jan-21,26-Mar-28,Production Technician I,PL,Active,Part-Time,Zone A,Temporary,Unk,,Production       ,Project Management - Con,27-10-1960,CA,Lineman,Female,52298.0,Asian,Single,Fully Meets,3
23-Sep-20,05-Jun-25,Production Technician I,MSC,Active,Full-Time,Zone B,Part-Time,Unk,Much try remember natural.,Production       ,General - Con,06-03-1976,MA,Lineman,Female,77209.0,Hispanic,Widowed,Fully Meets,5
13-Jun-21,07-Oct-26,Production Manager,CCDR,Active,Part-Time,Zone C,Part-Time,Unk,,Production       ,General - Con,08-05-1972,MA,Administrative,Male,84687.0,Other,Married,Fully Meets,1
17-Apr-20,13-Mar-25,Administrative Assistant,NEL,Terminated for Cause,Part-Time,Zone C,Full-Time,Unk,,IT/IS,General - Sga,16-12-1962,MA,Project Controls,Female,59161.0,Other,Married,Fully Meets,1
07-Aug-21,05-Aug-23,Production Technician I,PL,Active,Contract,Zone A,Full-Time,Unk,,Production       ,Underground,01-01-1958,MA,Manager,Female,39370.0,White,Divorced,Fully Meets,5
11-May-20,10-Apr-28,Production Technician I,PYZ,Voluntarily Terminated,Contract,Zone A,Part-Time,Unk,,IT/IS,Field Operations,10-11-1975,MA,Foreman,Female,7057.0,Black,Divorced,Fully Meets,4
11-Jul-20,01-Jan-30,Network Engineer,PYZ,Active,Full-Time,Zone C,Full-Time,Unk,,Production       ,Field Operations,17-06-1969,MA,Technician,Male,66921.0,Other,Single,PIP,3
26-Jul-21,08-Feb-23,Production Technician I,TNS,Terminated for Cause,Full-Time,Zone C,Part-Time,Involuntary,Past agreement focus back.,Production       ,Project Management - Con,19-12-1954,MA,Supervisor,Male,95438.0,Other,Widowed,Fully Meets,2
08-Jun-19,27-Aug-22,Shared Services Manager,CCDR,Active,Full-Time,Zone A,Full-Time,Voluntary,Particularly box maybe.,Production       ,Aerial,30-08-1972,MA,Clerk,Female,9376.0,Asian,Married,Fully Meets,2
10-May-21,17-Nov-21,Production Manager,WBL,Active,Contract,Zone C,Temporary,Voluntary,Stage necessary although they.,Executive Office,General - Con,29-03-1970,MA,Laborer,Female,28446.0,Other,Single,Fully Meets,3
02-Apr-21,12-Nov-23,Production Technician I,NEL,Active,Full-Time,Zone A,Full-Time,Voluntary,,IT/IS,General - Eng,18-10-1994,MA,Clerk,Male,70128.0,Asian,Married,Exceeds,4
13-Aug-20,30-Jun-22,Production Technician I,MSC,Voluntarily Terminated,Contract,Zone B,Part-Time,Retirement,Late least forward bill realize camera.,IT/IS,Engineers,22-12-1974,MA,Field Project Manager,Male,25047.0,Black,Divorced,Fully Meets,3
08-Mar-22,18-Apr-26,IT Support,CCDR,Voluntarily Terminated,Full-Time,Zone A,Full-Time,Voluntary,Car book street pull try brother.,Production       ,General - Con,30-01-1969,MA,Technician,Female,2250.0,White,Married,Fully Meets,3
11-Jun-22,19-Mar-24,Production Technician II,WBL,Active,Part-Time,Zone C,Temporary,Resignation,,Production       ,Field Operations,09-02-1957,MA,Technician,Male,18314.0,Black,Divorced,Fully Meets,4
25-Dec-22,10-May-25,President & CEO,EW,Active,Contract,Zone C,Temporary,Voluntary,Then foot not.,Sales,Splicing,11-05-1981,MA,Splicer,Male,62658.0,Black,Widowed,PIP,2
01-Nov-20,14-Dec-24,Area Sales Manager,EW,Active,Part-Time,Zone A,Temporary,Unk,,Sales,Finance & Accounting,27-03-1962,MA,Foreman,Female,4913.0,White,Single,Fully Meets,3
26-Sep-21,11-Apr-25,Production Technician I,MSC,Active,Contract,Zone A,Full-Time,Retirement,,Production       ,General - Sga,25-02-1976,MA,Administrator,Female,10809.0,White,Divorced,Fully Meets,3
05-May-21,01-Jan-30,Production Technician I,NEL,Active,Full-Time,Zone B,Part-Time,Unk,,Production       ,Field Operations,05-04-1955,MA,Foreman,Female,26903.0,White,Single,Exceeds,1
10-Feb-20,03-May-21,Production Technician I,NEL,Active,Full-Time,Zone B,Part-Time,Resignation,Take nice into true side job.,Sales,Billable Consultants,13-04-1948,MA,Director,Female,27251.0,Black,Divorced,Exceeds,3
11-Aug-18,04-Sep-22,Area Sales Manager,NEL,Future Start,Contract,Zone C,Temporary,Involuntary,,Sales,Executive,22-06-1987,TX,Engineer,Male,53689.0,Asian,Married,Fully Meets,5
01-Jan-23,09-Aug-29,Production Technician II,EW,Active,Full-Time,Zone A,Temporary,Unk,Half nice continue serious move lay itself.,Production       ,Catv,30-06-1994,MA,Engineer,Female,95179.0,Asian,Widowed,Fully Meets,3
02-Mar-22,28-Jul-29,Production Technician II,WBL,Active,Contract,Zone C,Full-Time,Retirement,,Production       ,Shop (Fleet),23-10-1947,MA,Manager,Male,46539.0,Hispanic,Widowed,Exceeds,3
14-Jun-19,24-Dec-21,Production Technician II,CCDR,Voluntarily Terminated,Full-Time,Zone B,Full-Time,Resignation,Large relate work treatment Mrs.,Production       ,Wireline Construction,20-08-1951,MA,Lineman,Female,16350.0,Hispanic,Divorced,Fully Meets,3
03-Jan-21,01-Jan-30,Production Technician II,NEL,Active,Part-Time,Zone A,Part-Time,Unk,,IT/IS,Aerial,21-05-1987,MA,Laborer,Female,3165.0,Asian,Divorced,Exceeds,3
26-Jun-22,03-May-27,Production Technician II,TNS,Active,Contract,Zone C,Part-Time,Unk,,Admin Offices,Engineers,03-12-1955,MA,Driller,Female,17334.0,Asian,Single,Fully Meets,3
10-Mar-23,18-Apr-25,Production Technician II,PYZ,Active,Full-Time,Zone B,Part-Time,Unk,Official minute everyone level thing economic.,Production       ,Field Operations,30-11-1979,MA,Manager,Male,74684.0,Black,Married,Fully Meets,3
03-Dec-20,14-Sep-23,Production Technician I,NEL,Active,Full-Time,Zone B,Part-Time,Resignation,Above fight animal support beautiful.,Production       ,Engineers,09-08-1991,MA,Construction Manager,Male,50332.0,Black,Married,Exceeds,4
23-Feb-22,21-Mar-23,Production Technician I,EW,Active,Part-Time,Zone C,Full-Time,Retirement,Leader specific wife appear art they.,Software Engineering,Engineers,25-10-1966,MA,Shop,Female,56110.0,Asian,Married,Exceeds,4
21-Jul-20,21-Jun-29,Production Technician I,MSC,Active,Part-Time,Zone C,Temporary,Unk,,Production       ,Splicing,20-11-1984,MA,Groundman,Male,63969.0,Hispanic,Widowed,Fully Meets,3
30-Nov-19,09-Apr-21,Production Technician I,CCDR,Active,Contract,Zone C,Full-Time,Retirement,Six agreement take. Newspaper back land health.,Production       ,Project Management - Con,20-09-1998,MA,Technician,Female,38307.0,Black,Divorced,Fully Meets,3
10-Dec-21,10-Oct-21,Production Technician I,BPC,Active,Full-Time,Zone B,Part-Time,Voluntary,Foreign friend policy green.,Production       ,Field Operations,28-06-1945,MA,Engineer,Female,97623.0,White,Divorced,Fully Meets,4
11-May-20,12-Jun-24,Production Technician I,TNS,Active,Part-Time,Zone B,Temporary,Unk,Control store point.,Production       ,Finance & Accounting,26-11-1949,MA,Intern,Female,12826.0,White,Widowed,Fully Meets,4
22-Sep-21,27-Feb-29,Area Sales Manager,MSC,Active,Contract,Zone C,Full-Time,Unk,,Sales,Wireline Construction,05-01-1980,MA,Lineman,Male,18619.0,Black,Divorced,Fully Meets,2
07-Nov-21,08-Oct-29,Production Technician I,CCDR,Active,Full-Time,Zone A,Full-Time,Voluntary,Site least knowledge right every.,Production       ,Fielders,17-01-1973,AZ,Laborer,Female,78755.0,Asian,Divorced,Fully Meets,2
09-Nov-21,29-Jun-28,Sr. Network Engineer,NEL,Active,Full-Time,Zone B,Part-Time,Resignation,,Software Engineering,Wireless,01-03-1953,MA,Manager,Female,96376.0,Other,Widowed,Fully Meets,4
07-Oct-19,19-Sep-24,Production Technician II,PL,Active,Full-Time,Zone A,Full-Time,Involuntary,Reflect off growth mouth have.,Production       ,General - Con,07-04-1994,MA,Program Manager,Female,18359.0,Hispanic,Married,Exceeds,4
04-May-21,04-May-21,Production Technician I,TNS,Active,Full-Time,Zone C,Temporary,Unk,Expert challenge education air none money wide.,Production       ,General - Con,15-01-1947,MA,Coordinator,Male,88313.0,Asian,Divorced,Fully Meets,2
01-Jan-20,14-Jun-27,Production Technician II,EW,Active,Full-Time,Zone C,Temporary,Unk,,Production       ,General - Con,23-10-1975,MA,Laborer,Male,29485.0,Hispanic,Divorced,Fully Meets,2
23-Dec-18,05-Oct-23,Principal Data Architect,PYZ,Active,Contract,Zone C,Full-Time,Unk,,Production       ,Finance & Accounting,16-04-1965,MA,Coordinator,Female,50882.0,Asian,Married,Fully Meets,3
21-Mar-22,03-Jun-29,Production Technician I,TNS,Active,Part-Time,Zone A,Part-Time,Retirement,,Production       ,Fielders,02-03-1968,MA,Laborer,Female,1038.0,White,Widowed,Exceeds,3
31-May-19,03-Mar-28,Production Technician II,MSC,Active,Part-Time,Zone B,Temporary,Retirement,Space long most area product drug tree.,Production       ,General - Con,06-08-1950,MA,Laborer,Male,46431.0,White,Widowed,Fully Meets,3
23-Sep-20,24-Oct-26,Production Technician I,MSC,Active,Contract,Zone A,Temporary,Voluntary,Treatment power card almost pretty sister.,Production       ,General - Con,24-12-1972,MA,Laborer,Female,13322.0,Other,Widowed,Fully Meets,3
12-Apr-23,16-Jul-23,Production Technician I,PL,Active,Part-Time,Zone A,Full-Time,Unk,,Production       ,Shop (Fleet),15-12-1967,MA,Operator,Female,30183.0,White,Married,Fully Meets,3
20-Jun-22,21-Jun-25,Production Technician I,MSC,Active,Contract,Zone C,Part-Time,Unk,,Production       ,Field Operations,25-03-1989,MA,Laborer,Female,9652.0,Black,Single,Exceeds,1
10-Jan-22,24-Dec-23,Production Technician I,EW,Active,Part-Time,Zone A,Temporary,Voluntary,Chance ever laugh sign indicate.,Production       ,Safety,08-06-1949,MA,Lineman,Female,44071.0,White,Married,Fully Meets,2
09-Dec-21,04-Jul-27,Database Administrator,SVG,Active,Contract,Zone C,Part-Time,Unk,Next explain account stay.,IT/IS,General - Eng,29-01-1974,TX,Foreman,Male,74884.0,Other,Single,Fully Meets,3
16-May-20,15-Feb-23,Production Technician I,BPC,Voluntarily Terminated,Full-Time,Zone B,Temporary,Involuntary,Key real fill never sing feeling.,Production       ,Field Operations,26-05-1997,MA,Groundman,Male,20975.0,Black,Single,Exceeds,3
09-May-23,12-May-23,Sr. Network Engineer,EW,Future Start,Part-Time,Zone C,Part-Time,Voluntary,From continue left eye.,Production       ,Field Operations,15-11-1978,MA,Laborer,Male,25541.0,Black,Single,Fully Meets,2
20-Nov-20,01-Jan-30,Production Technician I,WBL,Active,Full-Time,Zone A,Full-Time,Unk,,IT/IS,General - Con,13-12-1954,MA,Assistant,Female,55166.0,Black,Married,Fully Meets,3
23-Oct-19,01-Jan-30,Data Analyst,WBL,Active,Full-Time,Zone B,Full-Time,Unk,,IT/IS,Aerial,08-02-1998,MA,Laborer,Female,28922.0,Black,Widowed,Needs Improvement,5
04-Jun-20,01-Jan-30,Production Technician I,CCDR,Active,Part-Time,Zone C,Temporary,Unk,,Production       ,General - Con,03-08-1965,MA,Laborer,Male,32654.0,Black,Single,Fully Meets,3
06-Dec-22,17-Jul-25,Production Technician II,NEL,Active,Part-Time,Zone C,Part-Time,Voluntary,Shake war over young like anything order.,IT/IS,Field Operations,01-05-1990,MA,Laborer,Male,47338.0,Asian,Single,PIP,3
24-May-21,01-Jan-30,Production Technician I,SVG,Active,Part-Time,Zone B,Full-Time,Unk,,Production       ,General - Sga,25-01-1984,MA,Lineman,Male,13963.0,White,Single,PIP,4
25-Jul-19,01-Jan-30,Area Sales Manager,SVG,Active,Full-Time,Zone C,Part-Time,Unk,,Sales,Engineers,30-07-1960,MA,Engineer,Male,81637.0,Other,Married,Fully Meets,2
02-Oct-20,12-Oct-22,Production Technician II,TNS,Voluntarily Terminated,Part-Time,Zone A,Temporary,Retirement,Choose system picture one party decision.,Production       ,General - Con,11-05-2000,MA,Technician,Male,50271.0,Hispanic,Divorced,Fully Meets,5
03-Mar-19,08-Aug-26,Production Technician II,EW,Active,Full-Time,Zone A,Part-Time,Unk,,Production       ,Field Operations,17-02-1977,MA,Laborer,Female,72233.0,White,Single,Fully Meets,3
15-Feb-23,04-Apr-23,Production Technician I,TNS,Voluntarily Terminated,Part-Time,Zone A,Full-Time,Retirement,That commercial east message peace.,Sales,Fielders,18-11-1973,MA,Technician,Male,39183.0,Asian,Divorced,Needs Improvement,2
28-Mar-21,01-Jan-30,Area Sales Manager,CCDR,Active,Full-Time,Zone A,Full-Time,Unk,,Sales,Engineers,15-09-1947,CT,Driver,Male,27418.0,Hispanic,Married,Fully Meets,2
19-Nov-21,02-Sep-22,Area Sales Manager,TNS,Active,Part-Time,Zone B,Part-Time,Unk,,IT/IS,Field Operations,17-04-1969,NY,Project Manager,Male,18608.0,White,Married,Fully Meets,1
02-Jul-20,14-Mar-28,Data Analyst,NEL,Active,Part-Time,Zone B,Temporary,Unk,,Production       ,General - Con,12-08-1987,TX,Coordinator,Female,62315.0,Black,Divorced,Fully Meets,3
03-Mar-22,20-Sep-21,Production Technician II,NEL,Active,Contract,Zone A,Part-Time,Involuntary,True system strong often experience.,Sales,Splicing,03-09-1950,MA,Splicer,Male,82035.0,Black,Single,Fully Meets,5
25-Aug-21,01-Jan-30,Database Administrator,NEL,Active,Part-Time,Zone A,Full-Time,Unk,,Production       ,Engineers,27-02-1979,MA,Foreman,Male,36831.0,Black,Married,Fully Meets,1
15-Sep-20,31-Dec-22,BI Developer,EW,Active,Contract,Zone C,Full-Time,Involuntary,Smile most around.,Production       ,Field Operations,13-11-1976,MA,Engineer,Female,12231.0,Black,Single,Fully Meets,1
06-Oct-19,08-Jun-23,Production Technician I,MSC,Active,Contract,Zone B,Full-Time,Involuntary,Keep position nature most anything eat blue.,IT/IS,Fielders,25-07-1979,MA,Technician,Female,35748.0,Hispanic,Married,Fully Meets,3
25-Aug-21,01-Jan-30,Production Technician II,SVG,Active,Full-Time,Zone C,Temporary,Unk,,Production       ,Engineers,12-08-1953,MA,Laborer,Male,27555.0,White,Widowed,Fully Meets,3
16-Aug-20,20-Jul-23,Area Sales Manager,CCDR,Active,Contract,Zone A,Part-Time,Involuntary,Who few sport business various.,Sales,General - Sga,14-02-1952,MT,Director,Male,33632.0,Asian,Widowed,Fully Meets,2
11-Oct-21,30-May-21,BI Developer,TNS,Active,Contract,Zone B,Temporary,Retirement,Administration field require.,IT/IS,General - Eng,28-02-1944,MA,Administrative,Female,41515.0,Hispanic,Divorced,Fully Meets,4
24-Apr-20,01-Jan-30,Production Technician I,PYZ,Active,Part-Time,Zone B,Temporary,Unk,,Production       ,Field Operations,01-09-1982,MA,Laborer,Female,39601.0,Black,Married,Needs Improvement,1
12-May-19,10-Apr-20,Area Sales Manager,WBL,Active,Part-Time,Zone A,Part-Time,Voluntary,Keep many else little argue full the.,Production       ,Project Management - Con,17-03-1981,MA,Clerk,Female,74161.0,White,Single,Fully Meets,4
06-Apr-20,29-Oct-28,Area Sales Manager,PYZ,Active,Contract,Zone A,Temporary,Unk,,Sales,Finance & Accounting,26-06-1976,ID,Groundman,Male,52872.0,Other,Single,Exceeds,4
07-Feb-22,22-Apr-22,Production Technician I,BPC,Voluntarily Terminated,Full-Time,Zone C,Part-Time,Voluntary,Manage expert such rate stand.,Production       ,Sales & Marketing,18-11-1955,MA,Supervisor,Female,77048.0,Asian,Married,Fully Meets,1
16-Jun-22,23-Apr-23,Software Engineer,TNS,Active,Part-Time,Zone B,Part-Time,Involuntary,Officer thus service.,Sales,Engineers,25-04-1961,MA,Director,Male,42384.0,Black,Divorced,Fully Meets,3
11-May-20,01-Jan-30,Production Technician I,SVG,Active,Contract,Zone A,Full-Time,Unk,,Production       ,Project Management - Con,07-07-1988,MA,Laborer,Male,50619.0,Black,Married,Fully Meets,2
14-Jun-23,06-Jan-22,Production Technician I,CCDR,Voluntarily Terminated,Part-Time,Zone B,Part-Time,Retirement,Success realize political move adult new.,IT/IS,Engineers,03-04-1986,MA,Driller,Male,83454.0,Asian,Divorced,Fully Meets,2
14-Oct-19,28-Mar-22,Area Sales Manager,EW,Active,Full-Time,Zone B,Part-Time,Involuntary,Who few sport business various.,Sales,Project Management - Con,06-05-1993,NC,Laborer,Female,81278.0,Asian,Divorced,Fully Meets,1
13-Jun-21,13-Jan-23,Production Technician I,MSC,Active,Full-Time,Zone B,Full-Time,Resignation,Thing stock near question mouth.,Production       ,Engineers,24-02-1986,MA,Laborer,Male,14496.0,Asian,Single,Fully Meets,3
08-Sep-22,22-Jul-29,Production Technician I,BPC,Active,Full-Time,Zone B,Full-Time,Unk,,Production       ,General - Sga,21-11-1964,MA,Clerk,Female,32260.0,Hispanic,Married,Fully Meets,2
26-Jul-22,24-Sep-22,Database Administrator,PL,Active,Part-Time,Zone B,Temporary,Retirement,If require particularly civil.,Sales,Engineers,09-04-1978,MA,Engineer,Female,58918.0,Asian,Divorced,Fully Meets,2
29-Dec-20,15-Feb-26,Area Sales Manager,PYZ,Active,Contract,Zone B,Temporary,Unk,,Production       ,Aerial,14-12-1963,MA,Foreman,Male,57109.0,Black,Single,Fully Meets,1
27-Nov-19,14-Apr-28,Production Technician II,WBL,Active,Part-Time,Zone C,Full-Time,Unk,,Production       ,General - Con,27-01-1975,MA,Foreman,Female,53589.0,Hispanic,Divorced,Exceeds,3
23-Jul-22,27-Apr-29,Production Technician I,NEL,Active,Contract,Zone A,Temporary,Resignation,,Production       ,General - Sga,01-05-1976,MA,Splicer,Male,3204.0,White,Married,Fully Meets,4
12-Aug-21,16-Sep-25,Production Technician I,EW,Active,Part-Time,Zone A,Temporary,Resignation,Need either go.,Production       ,Engineers,22-02-1952,MA,Operator,Male,74299.0,Other,Married,Fully Meets,3
09-May-20,01-Jan-22,Area Sales Manager,PL,Active,Full-Time,Zone B,Full-Time,Unk,,Sales,General - Con,06-02-2000,MA,Technician,Male,22905.0,Other,Widowed,Fully Meets,3
28-Mar-20,02-May-29,Production Technician I,SVG,Active,Part-Time,Zone A,Temporary,Voluntary,,Production       ,Splicing,16-01-1963,MA,Lineman,Male,2271.0,Hispanic,Single,Exceeds,3
15-May-20,06-Sep-19,Production Technician I,BPC,Active,Full-Time,Zone A,Full-Time,Resignation,Summer begin quickly.,IT/IS,General - Sga,12-04-1969,PA,Specialist,Female,18068.0,Asian,Widowed,Fully Meets,4
26-Jun-20,28-May-27,IT Support,PL,Active,Full-Time,Zone B,Part-Time,Unk,Out always about must with ago here.,Production       ,Fielders,27-07-2000,MA,Laborer,Male,88344.0,Other,Divorced,PIP,3
23-Feb-20,20-Dec-21,Network Engineer,WBL,Active,Part-Time,Zone C,Full-Time,Retirement,Who few sport business various.,Production       ,Field Operations,20-08-1974,MA,Splicer,Male,24525.0,Hispanic,Married,Fully Meets,3
04-May-21,11-Feb-28,Software Engineer,TNS,Active,Contract,Zone A,Temporary,Unk,,Production       ,Field Operations,11-02-1961,MA,Runner,Male,46748.0,White,Widowed,Fully Meets,2
15-Oct-21,12-Jul-23,Production Technician II,PYZ,Active,Full-Time,Zone A,Temporary,Involuntary,Expert challenge education air none money wide.,Sales,General - Con,07-01-1959,MA,Lineman,Female,79158.0,Asian,Divorced,Fully Meets,5
27-Mar-22,20-Sep-25,Data Analyst,BPC,Active,Contract,Zone C,Full-Time,Unk,,IT/IS,General - Con,06-12-1952,KY,Laborer,Female,56613.0,Asian,Married,Fully Meets,5
04-Sep-21,15-Aug-22,Production Technician I,BPC,Active,Full-Time,Zone C,Temporary,Resignation,A parent bit rich. Reflect north sometimes card.,Production       ,General - Con,12-09-1960,MA,Operator,Female,70044.0,White,Widowed,Needs Improvement,4
17-Sep-18,21-Jul-27,Production Technician I,WBL,Active,Part-Time,Zone C,Full-Time,Unk,,Production       ,Executive,02-11-1965,MA,Laborer,Male,21170.0,White,Married,Needs Improvement,3
09-Dec-19,29-Jul-27,Data Analyst,MSC,Active,Part-Time,Zone A,Temporary,Voluntary,,Production       ,General - Con,25-05-1952,MA,Construction Manager,Male,5010.0,Black,Divorced,Fully Meets,1
18-May-21,04-Apr-27,Production Technician I,NEL,Active,Part-Time,Zone B,Full-Time,Unk,,Production       ,Field Operations,16-06-1957,MA,Splicer,Male,68236.0,Black,Widowed,PIP,5
23-Feb-22,15-Aug-22,Area Sales Manager,EW,Future Start,Part-Time,Zone B,Full-Time,Resignation,Miss onto none our discussion year.,Production       ,Field Operations,04-02-1995,TX,Technician,Male,11947.0,Asian,Divorced,Fully Meets,2
21-Mar-21,18-Jun-28,Production Technician II,PL,Active,Part-Time,Zone B,Temporary,Involuntary,,Production       ,Field Operations,09-10-1941,MA,Lineman,Female,9147.0,Hispanic,Married,Fully Meets,1
21-Sep-22,01-Jan-30,Production Technician I,NEL,Active,Part-Time,Zone A,Full-Time,Unk,,Production       ,Engineers,10-10-1945,MA,Engineer,Female,66939.0,Black,Single,Needs Improvement,5
03-Aug-21,01-Jan-30,Production Technician II,EW,Active,Contract,Zone B,Part-Time,Unk,,Production       ,Field Operations,21-05-1992,MA,Engineer,Male,57368.0,Black,Married,Fully Meets,3
13-May-21,15-Oct-21,BI Developer,PYZ,Active,Part-Time,Zone C,Full-Time,Retirement,Listen cover book.,IT/IS,General - Sga,27-03-1980,MA,Foreman,Female,63608.0,White,Single,Fully Meets,3
14-Jul-22,28-Dec-26,Data Analyst,EW,Active,Contract,Zone B,Full-Time,Unk,,Production       ,Field Operations,03-01-1989,MA,Technician,Male,25074.0,White,Single,Fully Meets,5
14-Oct-21,17-Dec-28,Production Technician I,NEL,Active,Contract,Zone C,Part-Time,Unk,,IT/IS,Field Operations,25-07-1997,MA,Engineer,Male,23030.0,White,Widowed,PIP,3
28-May-21,11-Dec-27,BI Developer,EW,Active,Full-Time,Zone A,Part-Time,Unk,,IT/IS,Yard (Material Handling),31-01-1953,MA,Associate,Male,51673.0,Asian,Single,Fully Meets,5
23-Feb-20,29-Nov-26,Production Technician I,PYZ,Active,Part-Time,Zone A,Part-Time,Unk,,Production       ,Field Operations,05-10-1989,MA,Driver,Female,19271.0,Other,Divorced,Fully Meets,3
04-Nov-19,09-Dec-25,IT Manager - Support,MSC,Active,Part-Time,Zone B,Part-Time,Unk,,Production       ,Aerial,10-06-1971,MA,Driver,Male,47725.0,Asian,Divorced,Fully Meets,3
18-Feb-21,23-Jul-22,Production Technician II,PYZ,Active,Contract,Zone C,Part-Time,Retirement,Dream enough treatment knowledge area.,Production       ,General - Con,19-02-1948,MA,Operator,Female,53839.0,White,Single,Fully Meets,3
27-Jun-20,09-Jan-25,Production Technician I,PL,Active,Full-Time,Zone C,Temporary,Unk,,Production       ,General - Con,29-05-1952,MA,Technician,Female,57201.0,Hispanic,Divorced,Fully Meets,3
17-Jul-21,01-Jan-30,Production Technician I,BPC,Active,Full-Time,Zone B,Full-Time,Unk,,Production       ,General - Con,04-09-1991,MA,Laborer,Male,76034.0,White,Single,Fully Meets,3
18-Nov-21,01-Jan-30,Production Technician I,WBL,Active,Contract,Zone B,Temporary,Unk,,Production       ,Field Operations,17-09-1955,CO,Engineer,Male,16954.0,White,Married,Fully Meets,3
02-Nov-22,03-Aug-27,Production Technician I,MSC,Terminated for Cause,Full-Time,Zone A,Part-Time,Voluntary,,Production       ,General - Con,01-04-1942,MA,Foreman,Male,35748.0,White,Married,Fully Meets,4
25-May-22,01-Jan-30,Production Technician I,WBL,Active,Contract,Zone B,Full-Time,Unk,,Production       ,Shop (Fleet),22-10-1961,KY,Technician,Male,64501.0,White,Single,Fully Meets,1
01-Jul-23,30-Jan-28,Data Analyst,CCDR,Active,Full-Time,Zone C,Full-Time,Voluntary,,IT/IS,Engineers,26-11-1957,MA,Model Assistant,Male,68212.0,White,Single,Fully Meets,1
12-Feb-22,29-Jul-27,Area Sales Manager,PL,Active,Contract,Zone C,Full-Time,Voluntary,,Production       ,Field Operations,25-08-1945,MA,Laborer,Female,4812.0,White,Married,Fully Meets,5
20-Feb-23,20-Dec-23,Production Technician I,EW,Leave of Absence,Part-Time,Zone A,Temporary,Voluntary,Sound there everybody anything.,Production       ,General - Con,18-11-1997,MA,Engineer,Male,65988.0,Other,Widowed,Fully Meets,3
11-Dec-21,15-Feb-27,Production Technician I,CCDR,Active,Full-Time,Zone C,Temporary,Unk,,Production       ,Aerial,04-07-1968,MA,Foreman,Female,2214.0,Hispanic,Divorced,Fully Meets,3
01-Mar-22,01-Jan-30,Production Technician I,TNS,Active,Part-Time,Zone A,Temporary,Unk,,Production       ,General - Con,08-05-1962,MA,Laborer,Female,48794.0,White,Widowed,Fully Meets,3
16-Apr-21,06-Oct-22,BI Developer,BPC,Voluntarily Terminated,Full-Time,Zone B,Part-Time,Resignation,Stock true summer together social.,IT/IS,General - Con,24-10-1983,MA,Laborer,Male,90001.0,White,Divorced,Fully Meets,5
26-Jul-21,18-Aug-23,Production Technician II,SVG,Active,Contract,Zone B,Part-Time,Unk,,Production       ,Wireline Construction,12-04-1962,MA,Technician,Male,59453.0,Hispanic,Divorced,Fully Meets,2
12-Jun-22,12-Aug-23,Production Technician II,CCDR,Active,Contract,Zone C,Temporary,Voluntary,Establish go so someone might none stop citizen.,Production       ,Fielders,09-12-1970,MA,Director,Female,22668.0,Other,Divorced,Fully Meets,3
06-Apr-22,18-Aug-27,Production Technician I,WBL,Active,Contract,Zone B,Temporary,Unk,,Production       ,Executive,20-09-1999,MA,Administrator,Male,53717.0,White,Single,Fully Meets,4
18-May-22,01-Jan-30,Production Technician I,NEL,Active,Part-Time,Zone A,Part-Time,Unk,,Production       ,Field Operations,03-05-1974,MA,Laborer,Female,29275.0,Black,Divorced,Fully Meets,3
10-Oct-22,12-Oct-22,Software Engineer,BPC,Active,Contract,Zone C,Part-Time,Unk,Sort blue time total.,IT/IS,Aerial,23-11-1965,MA,Laborer,Female,18003.0,Hispanic,Widowed,Exceeds,2
03-Jun-20,01-Jan-30,Production Technician I,SVG,Active,Contract,Zone C,Part-Time,Unk,,Production       ,Field Operations,17-07-1953,MA,Laborer,Female,81375.0,White,Divorced,Exceeds,3
17-Jul-19,04-Mar-28,Production Technician I,PL,Active,Full-Time,Zone A,Full-Time,Unk,,Production       ,Field Operations,01-02-1954,MA,Technician,Female,88405.0,Hispanic,Married,Fully Meets,3
13-Oct-19,25-Oct-21,IT Support,WBL,Active,Full-Time,Zone A,Temporary,Unk,,IT/IS,Technology / It,10-11-1980,MA,Laborer,Male,40963.0,Black,Single,Fully Meets,3
16-Sep-20,07-Apr-28,Production Technician II,PYZ,Active,Full-Time,Zone C,Full-Time,Unk,,Software Engineering,Splicing,27-07-1952,MA,Manager,Female,39953.0,Black,Married,Fully Meets,3
18-Mar-21,01-Jan-30,IT Support,WBL,Active,Full-Time,Zone B,Full-Time,Unk,,Production       ,Field Operations,26-10-1984,MA,Manager,Female,3533.0,Black,Married,Fully Meets,4
08-May-23,18-Aug-23,Production Manager,CCDR,Voluntarily Terminated,Contract,Zone B,Full-Time,Involuntary,Surface vote old picture.,Software Engineering,General - Sga,04-08-1976,TX,Laborer,Female,35975.0,Black,Married,Fully Meets,2
23-Nov-22,26-Jul-23,Production Technician I,SVG,Active,Part-Time,Zone B,Temporary,Unk,,Production       ,Finance & Accounting,29-10-1953,MA,Administration,Male,37540.0,Other,Divorced,Fully Meets,4
08-Feb-22,24-Jul-29,Production Technician I,MSC,Active,Full-Time,Zone A,Full-Time,Unk,,IT/IS,People Services,25-02-1996,TN,Laborer,Male,9363.0,Asian,Widowed,Fully Meets,3
02-Sep-22,18-Feb-23,Area Sales Manager,PYZ,Active,Full-Time,Zone A,Temporary,Voluntary,Politics suggest company trade treat region.,Sales,Field Operations,25-12-1953,MA,Manager,Male,90172.0,Asian,Single,Fully Meets,2
03-Sep-22,19-May-23,Area Sales Manager,TNS,Active,Contract,Zone C,Part-Time,Involuntary,Somebody air turn. Dark civil any serious.,Production       ,Field Operations,30-05-1956,MA,Laborer,Male,60536.0,Other,Widowed,Fully Meets,3
14-Jul-22,05-Oct-21,Area Sales Manager,PL,Active,Full-Time,Zone A,Temporary,Retirement,Light free he rest thought.,Production       ,Field Operations,03-11-1956,MA,Laborer,Female,45697.0,Other,Single,Fully Meets,2
04-Oct-20,07-Aug-25,Production Technician I,NEL,Active,Full-Time,Zone C,Temporary,Voluntary,Herself Mr office bed.,IT/IS,General - Con,18-04-1984,MA,Director,Female,83301.0,Asian,Widowed,Fully Meets,2
21-Apr-21,30-Aug-26,Production Technician II,PYZ,Active,Part-Time,Zone C,Temporary,Unk,Strategy fear tough wife here now.,Production       ,General - Eng,06-12-1950,MA,Technician,Female,62682.0,Black,Divorced,Fully Meets,3
26-Jul-19,27-Mar-21,Area Sales Manager,EW,Voluntarily Terminated,Contract,Zone A,Temporary,Retirement,Remember teacher produce use voice.,IT/IS,Wireline Construction,11-06-1963,MA,Ceo,Male,33116.0,White,Divorced,Fully Meets,4
18-Mar-19,26-Oct-26,Production Technician II,CCDR,Active,Full-Time,Zone C,Part-Time,Involuntary,,Production       ,General - Con,20-01-1972,MA,Laborer,Female,18945.0,Hispanic,Divorced,Fully Meets,3
