StartDate,ExitDate,Title,BusinessUnit,EmployeeStatus,EmployeeType,PayZone,EmployeeClassificationType,TerminationType,TerminationDescription,DepartmentType,Division,DOB,State,JobFunctionDescription,GenderCode,LocationCode,RaceDesc,MaritalDesc,Performance Score,Current Employee Rating
12-Jan-19,01-Jan-30,Production Technician I,CCDR,Active,Full-Time,Zone A,Full-Time,Unk,,IT/IS,General - Con,24-04-1999,MA,Laborer,Male,46191,White,Single,Fully Meets,3
20-Jun-23,12-Aug-22,Production Technician I,NEL,Active,Full-Time,Zone A,Full-Time,Unk,,Production       ,Project Management - Con,20-07-1959,MA,Coordinator,Female,30332,Asian,Married,Fully Meets,3
13-Jul-19,12-Nov-29,Production Technician I,BPC,Active,Full-Time,Zone B,Part-Time,Unk,,Production       ,Field Operations,27-02-1951,MA,Laborer,Female,11057,Black,Single,Fully Meets,3
31-May-19,10-Nov-21,Production Technician I,PYZ,Active,Full-Time,Zone C,Temporary,Involuntary,Teacher door money tend song.,IT/IS,Field Operations,21-07-1996,MA,Manager,Male,90020,Other,Divorced,Fully Meets,3
02-Jan-19,11-Dec-29,Area Sales Manager,CCDR,Active,Full-Time,Zone A,Temporary,Unk,,IT/IS,General - Con,10-06-1999,MA,Laborer,Male,87791,Black,Single,Fully Meets,3
22-Jul-19,28-Jul-22,Production Technician I,WBL,Active,Part-Time,Zone A,Full-Time,Voluntary,,Production       ,Field Operations,08-12-1974,MA,Laborer,Female,7017,Black,Widowed,Fully Meets,3
18-May-19,16-Nov-29,Production Technician I,WBL,Active,Part-Time,Zone B,Temporary,Unk,,Production       ,General - Con,28-03-1968,MA,Laborer,Female,74925,White,Single,Fully Meets,3
04-Jan-20,15-Dec-22,Area Sales Manager,PYZ,Active,Full-Time,Zone C,Temporary,Resignation,Miss onto none our discussion year.,Sales,Field Operations,04-10-1955,MA,Engineer,Male,95265,Asian,Divorced,Fully Meets,2
21-Jun-22,01-Jan-30,Production Technician I,SVG,Active,Full-Time,Zone A,Full-Time,Unk,,Production       ,Field Operations,26-01-1951,MA,Laborer,Female,41417,Asian,Divorced,Fully Meets,3
10-Oct-19,01-Jan-30,Production Technician I,BPC,Active,Contract,Zone B,Full-Time,Unk,,Production       ,Field Operations,18-12-1959,MA,Laborer,Female,78007,Other,Married,Fully Meets,3
20-Sep-19,01-Jan-30,Production Technician I,PL,Active,Full-Time,Zone A,Full-Time,Unk,,Production       ,Engineers,24-10-1957,MA,Engineer,Male,11518,Asian,Divorced,Fully Meets,3
17-Jun-23,14-Mar-23,Area Sales Manager,PYZ,Active,Contract,Zone C,Temporary,Resignation,Inside week also so.,Sales,Field Operations,02-02-1989,TX,Laborer,Male,88912,Other,Married,Fully Meets,2
09-Dec-22,13-Aug-23,Production Technician I,TNS,Active,Contract,Zone B,Full-Time,Voluntary,Production several care various seek.,Production       ,Field Operations,24-03-1958,MA,Laborer,Female,74594,Asian,Married,Fully Meets,3
15-Aug-21,27-Feb-23,Area Sales Manager,MSC,Active,Full-Time,Zone C,Full-Time,Unk,,IT/IS,Field Operations,17-10-1948,MA,Laborer,Male,6399,Black,Single,Fully Meets,3
29-Oct-19,08-Dec-29,Production Technician I,CCDR,Active,Full-Time,Zone A,Temporary,Unk,,Production       ,Field Operations,29-04-1948,MA,Laborer,Male,18167,White,Single,Fully Meets,3
27-Nov-21,23-Apr-23,Production Technician I,SVG,Active,Part-Time,Zone B,Temporary,Resignation,Too former relationship risk.,Production       ,Field Operations,23-09-1954,MA,Laborer,Female,65827,Other,Divorced,Fully Meets,3
16-Nov-18,06-Oct-20,Production Technician I,MSC,Active,Part-Time,Zone B,Part-Time,Voluntary,Nature here wrong why.,IT/IS,Field Operations,21-04-1993,MA,Laborer,Male,5213,Black,Single,Fully Meets,3
29-Oct-22,08-Feb-23,Production Technician I,PYZ,Active,Full-Time,Zone A,Temporary,Resignation,Much try remember natural.,Production       ,Field Operations,18-01-1989,MA,Engineer,Female,76549,Asian,Married,Fully Meets,3
30-Apr-19,01-Jan-30,Production Technician I,BPC,Active,Contract,Zone B,Temporary,Unk,,Production       ,Field Operations,14-08-1957,MA,Laborer,Female,71612,Other,Married,Fully Meets,3
07-Sep-22,20-Feb-23,Production Technician I,TNS,Active,Contract,Zone A,Temporary,Voluntary,,Production       ,Field Operations,26-03-1996,MA,Laborer,Female,55276,Other,Married,Fully Meets,3
11-Nov-19,30-Dec-29,Software Engineer,CCDR,Active,Full-Time,Zone A,Temporary,Unk,,IT/IS,Field Operations,23-01-1947,MA,Laborer,Male,1015,Asian,Single,Fully Meets,3
29-Sep-22,30-Jun-23,Production Technician I,PYZ,Active,Full-Time,Zone A,Temporary,Involuntary,,Production       ,Field Operations,01-04-1989,MA,Engineer,Male,72911,Other,Married,Fully Meets,3
28-Dec-22,18-Apr-23,Production Technician I,PYZ,Active,Full-Time,Zone C,Temporary,Retirement,,IT/IS,Field Operations,23-11-1948,MA,Laborer,Male,89892,Asian,Single,Fully Meets,3
28-May-23,24-Mar-23,Area Sales Manager,NEL,Active,Full-Time,Zone C,Temporary,Retirement,,Sales,Field Operations,12-04-1947,MA,Foreman,Male,82314,Asian,Widowed,Fully Meets,2
04-Apr-22,27-Feb-23,Production Technician I,PYZ,Active,Full-Time,Zone A,Temporary,Voluntary,Much try remember natural.,Production       ,Field Operations,30-04-2000,MA,Engineer,Female,79201,Asian,Married,Fully Meets,3
19-Jun-22,01-Jan-30,Production Technician I,CCDR,Active,Part-Time,Zone A,Temporary,Unk,,Production       ,General - Con,10-09-1997,MA,Laborer,Female,85352,Black,Single,Fully Meets,3
22-Nov-19,01-Aug-22,Production Technician I,WBL,Active,Full-Time,Zone B,Temporary,Retirement,Information step name three choose.,Production       ,Field Operations,13-01-1951,MA,Laborer,Female,6254,Asian,Divorced,Fully Meets,3
20-Apr-19,09-Dec-29,Production Technician I,TNS,Active,Part-Time,Zone A,Temporary,Unk,,Production       ,General - Con,08-06-1955,MA,Laborer,Female,74845,White,Single,Fully Meets,3
18-Jan-21,25-Dec-29,Production Technician I,CCDR,Active,Part-Time,Zone B,Temporary,Unk,,Production       ,Field Operations,08-11-1951,MA,Laborer,Female,51201,Black,Single,Fully Meets,3
14-Jul-22,01-Jan-30,Production Technician I,EW,Active,Contract,Zone A,Temporary,Unk,,Production       ,Field Operations,12-09-1946,MA,Laborer,Female,53713,Black,Single,Fully Meets,3
26-Sep-19,01-Jan-30,Production Technician I,CCDR,Active,Part-Time,Zone A,Part-Time,Unk,,Production       ,Field Operations,08-04-1948,MA,Laborer,Female,89580,Black,Single,Fully Meets,3
29-May-19,27-Mar-23,Area Sales Manager,PYZ,Active,Contract,Zone A,Temporary,Voluntary,,IT/IS,Field Operations,16-03-1952,MA,Laborer,Male,5327,Black,Single,Fully Meets,3
01-May-19,03-May-22,BI Developer,MSC,Active,Full-Time,Zone A,Full-Time,Retirement,Brother election movie born enough.,IT/IS,Field Operations,15-01-1954,MA,Laborer,Male,12696,Asian,Divorced,Fully Meets,3
19-Dec-22,30-Nov-22,Production Technician I,SVG,Active,Full-Time,Zone A,Temporary,Resignation,Participant create society method tough team.,Production       ,Field Operations,16-01-1950,MA,Laborer,Female,65437,Asian,Married,Fully Meets,3
11-Aug-18,27-Oct-20,Production Technician I,WBL,Active,Part-Time,Zone C,Part-Time,Unk,,Production       ,General - Con,12-01-1995,MA,Laborer,Female,10052,Black,Single,Fully Meets,3
01-Apr-19,21-Dec-29,Production Technician I,CCDR,Active,Part-Time,Zone B,Part-Time,Unk,,Production       ,Field Operations,05-06-1994,MA,Technician,Female,20257,Black,Single,Fully Meets,3
22-Mar-22,01-Jan-30,Production Technician I,EW,Active,Contract,Zone C,Full-Time,Unk,,Production       ,Field Operations,25-09-1944,MA,Laborer,Female,56371,Black,Married,Fully Meets,3
13-Feb-23,09-Sep-23,Production Technician I,TNS,Active,Part-Time,Zone A,Temporary,Resignation,,Production       ,Field Operations,01-12-1952,MA,Laborer,Female,72003,Other,Married,Fully Meets,3
17-Aug-18,15-Oct-21,Production Technician I,PYZ,Active,Contract,Zone A,Temporary,Involuntary,Shake hold standard team seat word.,Production       ,General - Con,07-04-1994,MA,Technician,Female,76643,Other,Divorced,Fully Meets,3
02-Jul-21,01-Jan-30,Production Technician I,CCDR,Active,Contract,Zone A,Full-Time,Unk,,Production       ,Field Operations,23-10-1945,MA,Laborer,Female,69050,Other,Divorced,Fully Meets,3
05-Sep-19,01-Nov-22,Production Technician I,NEL,Active,Full-Time,Zone A,Full-Time,Unk,,Production       ,Field Operations,14-08-1951,MA,Laborer,Female,76688,Asian,Divorced,Fully Meets,3
31-Oct-20,14-Jan-23,Production Technician I,SVG,Active,Full-Time,Zone A,Full-Time,Voluntary,,Production       ,Field Operations,27-12-1958,MA,Laborer,Female,76740,Asian,Divorced,Fully Meets,3
19-Sep-19,01-Dec-29,Production Technician I,TNS,Active,Part-Time,Zone A,Temporary,Unk,,Production       ,Field Operations,29-10-1961,MA,Laborer,Male,20932,White,Widowed,Fully Meets,3
16-May-22,29-Dec-29,Production Technician I,PYZ,Active,Part-Time,Zone B,Temporary,Unk,,Production       ,Field Operations,02-09-1943,MA,Laborer,Male,32115,Black,Married,Fully Meets,3
05-Feb-22,01-Jan-30,Production Technician I,BPC,Active,Full-Time,Zone C,Part-Time,Unk,,Production       ,Engineers,03-09-1941,MA,Engineer,Male,8989,Asian,Single,Fully Meets,3
31-Jul-19,13-Dec-29,Production Technician I,PL,Active,Full-Time,Zone A,Temporary,Unk,,Production       ,Field Operations,18-07-1963,MA,Laborer,Female,85305,White,Widowed,Fully Meets,3
16-Mar-19,01-Jan-30,Production Technician I,CCDR,Active,Contract,Zone A,Temporary,Unk,,Production       ,Field Operations,28-04-1996,MA,Engineer,Female,96210,White,Married,Fully Meets,3
23-Apr-19,05-Jun-22,Production Technician I,BPC,Active,Part-Time,Zone B,Part-Time,Retirement,Keep position nature most anything eat blue.,Production       ,Field Operations,03-09-1941,MA,Laborer,Male,1015,Asian,Single,Fully Meets,3
10-Sep-19,06-Oct-22,Production Technician I,NEL,Active,Contract,Zone A,Full-Time,Voluntary,Hold season meeting voice.,Production       ,Field Operations,16-09-1963,MA,Laborer,Female,63001,White,Divorced,Fully Meets,3
09-Jun-19,01-Jan-30,Production Technician I,NEL,Active,Contract,Zone A,Full-Time,Unk,,Production       ,Field Operations,19-09-1990,MA,Laborer,Female,84674,Black,Married,Fully Meets,3
01-Feb-19,01-Jan-30,Production Technician I,CCDR,Active,Full-Time,Zone B,Temporary,Unk,,Production       ,Field Operations,16-02-1956,MA,Technician,Female,83871,Other,Married,Fully Meets,3
11-Mar-19,24-Nov-22,Production Technician I,PYZ,Active,Full-Time,Zone A,Full-Time,Retirement,,Production       ,General - Con,16-07-1995,MA,Laborer,Female,85572,Asian,Married,Fully Meets,3
09-May-19,14-Dec-29,Production Technician I,TNS,Active,Contract,Zone B,Temporary,Unk,,Production       ,Field Operations,10-02-1958,MA,Laborer,Female,88635,White,Married,Fully Meets,3
03-Jul-21,01-Jan-30,Production Technician I,PL,Active,Full-Time,Zone A,Full-Time,Unk,,Production       ,Engineers,02-10-1945,MA,Engineer,Male,80772,Asian,Married,Fully Meets,3
20-Feb-22,01-Jan-30,Production Technician I,CCDR,Active,Contract,Zone A,Full-Time,Unk,,Production       ,Field Operations,24-10-1949,MA,Engineer,Male,45418,White,Married,Fully Meets,3
14-Jun-19,18-Oct-29,Production Technician I,PL,Active,Full-Time,Zone B,Full-Time,Unk,,Production       ,Field Operations,11-12-1994,MA,Laborer,Female,69444,White,Married,Fully Meets,3
19-Aug-19,01-Jan-30,Production Technician I,WBL,Active,Contract,Zone A,Full-Time,Unk,,Production       ,Field Operations,28-03-1949,MA,Laborer,Female,74341,Black,Widowed,Fully Meets,3
25-Feb-19,14-Jun-22,Production Technician I,BPC,Active,Contract,Zone A,Part-Time,Voluntary,Issue teacher page true relate. Fight out learn.,Production       ,Field Operations,05-03-1948,MA,Laborer,Female,14729,Black,Divorced,Fully Meets,3
06-Aug-23,01-Jan-30,Production Technician I,CCDR,Active,Contract,Zone A,Full-Time,Unk,,Production       ,Field Operations,03-09-1941,MA,Laborer,Female,87241,Asian,Married,Fully Meets,3
24-Sep-22,05-Dec-29,Production Technician I,EW,Active,Part-Time,Zone B,Temporary,Unk,,Production       ,Field Operations,03-09-1941,MA,Laborer,Male,46101,Black,Divorced,Fully Meets,3
05-Sep-19,21-Oct-29,Production Technician I,BPC,Active,Full-Time,Zone A,Part-Time,Unk,,Production       ,Engineers,13-04-1958,MA,Engineer,Female,87342,Asian,Divorced,Fully Meets,3
24-Mar-20,12-Aug-22,Production Technician I,BPC,Active,Full-Time,Zone B,Temporary,Retirement,,Production       ,Field Operations,03-09-1941,MA,Laborer,Female,10891,Asian,Single,Fully Meets,3
20-Jul-19,21-Apr-22,Production Technician I,CCDR,Voluntarily Terminated,Full-Time,Zone A,Temporary,Voluntary,Key real fill never sing feeling.,Production       ,Field Operations,21-10-1946,MA,Laborer,Female,77776,Asian,Divorced,Fully Meets,3
09-Sep-18,06-Nov-29,Production Technician I,NEL,Active,Full-Time,Zone A,Full-Time,Unk,,Production       ,Field Operations,05-03-1951,MA,Laborer,Female,15514,White,Married,Fully Meets,3
06-Aug-23,01-Jan-30,Production Technician I,CCDR,Active,Full-Time,Zone C,Full-Time,Unk,,Production       ,Field Operations,04-11-1952,MA,Laborer,Female,89580,Asian,Divorced,Fully Meets,3
08-Sep-22,19-Feb-23,Production Technician I,CCDR,Active,Full-Time,Zone A,Temporary,Voluntary,,Production       ,Field Operations,23-07-1997,MA,Engineer,Female,77051,Asian,Married,Fully Meets,3
31-Aug-18,08-Aug-20,Production Technician I,WBL,Active,Part-Time,Zone C,Part-Time,Unk,,Production       ,Field Operations,24-10-1990,MA,Technician,Female,1478,Black,Single,Fully Meets,3
02-Jul-19,08-Sep-22,Production Technician I,CCDR,Active,Full-Time,Zone A,Temporary,Unk,,Production       ,Engineers,16-07-1951,MA,Engineer,Male,13140,Asian,Single,Fully Meets,3
26-Jul-22,12-Oct-22,Production Technician I,CCDR,Active,Contract,Zone A,Temporary,Involuntary,,Production       ,General - Con,01-06-1957,MA,Technician,Female,66312,White,Widowed,Fully Meets,3
23-Jul-19,12-Dec-29,Production Technician I,CCDR,Active,Full-Time,Zone B,Temporary,Unk,,Production       ,Field Operations,11-12-1943,MA,Laborer,Female,10946,Black,Single,Fully Meets,3
06-Aug-19,01-Mar-21,Production Technician I,PYZ,Voluntarily Terminated,Contract,Zone A,Part-Time,Involuntary,Describe current question quite coach.,Production       ,General - Con,03-06-1957,MA,Laborer,Female,76370,Black,Divorced,Fully Meets,3
26-Jun-22,01-Jan-30,Production Technician I,CCDR,Active,Contract,Zone A,Full-Time,Unk,,Production       ,Engineers,19-06-1994,MA,Engineer,Female,97767,White,Married,Fully Meets,3
29-Sep-19,25-Nov-29,Production Technician I,TNS,Active,Part-Time,Zone A,Part-Time,Unk,,IT/IS,General - Con,28-04-1947,MA,Laborer,Male,2656,Black,Single,Fully Meets,3
11-Mar-23,31-Jul-23,Production Manager,PYZ,Voluntarily Terminated,Contract,Zone C,Temporary,Involuntary,Beat hand ready reason development else doctor.,Production       ,Field Operations,08-03-1956,MA,Engineer,Female,84601,Other,Married,Fully Meets,2
12-Mar-20,17-Nov-29,Production Technician I,PL,Active,Full-Time,Zone A,Full-Time,Unk,,Production       ,Field Operations,13-07-1952,MA,Laborer,Female,13318,Asian,Married,Fully Meets,3
06-Jun-22,01-Jan-30,Software Engineer,CCDR,Active,Part-Time,Zone A,Temporary,Unk,,IT/IS,Field Operations,18-09-1991,MA,Laborer,Male,90608,Black,Single,Fully Meets,3
16-Feb-19,01-Jan-30,Production Technician I,CCDR,Active,Full-Time,Zone A,Temporary,Unk,,Production       ,Field Operations,07-06-1949,MA,Laborer,Female,1015,Hispanic,Widowed,Fully Meets,3
01-Nov-22,08-Mar-23,Production Technician I,TNS,Active,Contract,Zone C,Temporary,Voluntary,Until reason late off training situation.,Production       ,Field Operations,07-09-1980,MA,Laborer,Female,74149,Other,Married,Fully Meets,3
13-Feb-19,09-Jun-22,Production Technician I,BPC,Active,Part-Time,Zone B,Part-Time,Voluntary,Television represent skill police.,Production       ,Field Operations,22-05-1946,MA,Laborer,Male,6416,Asian,Single,Fully Meets,3
09-May-22,17-Dec-29,Production Technician I,PYZ,Active,Part-Time,Zone B,Temporary,Unk,,IT/IS,Field Operations,30-06-1955,MA,Laborer,Male,71472,Black,Single,Fully Meets,3
23-Oct-22,17-May-23,Production Technician I,CCDR,Active,Full-Time,Zone C,Temporary,Voluntary,Sit energy consider voice director.,Production       ,Field Operations,21-05-1953,MA,Engineer,Male,85725,Asian,Single,Fully Meets,3
14-Jan-23,06-May-23,Production Technician I,CCDR,Active,Contract,Zone C,Temporary,Voluntary,,Production       ,Field Operations,04-01-1990,MA,Laborer,Female,74608,White,Married,Fully Meets,3
05-Sep-18,17-Oct-22,Production Technician I,WBL,Active,Part-Time,Zone B,Temporary,Involuntary,Week degree party available measure.,Production       ,Field Operations,17-08-1997,MA,Laborer,Female,70663,White,Married,Fully Meets,3
06-Jul-22,01-Jan-30,Production Technician I,CCDR,Active,Contract,Zone B,Full-Time,Unk,,Production       ,Field Operations,09-04-1992,MA,Engineer,Female,97893,White,Married,Fully Meets,3
06-Sep-22,18-Dec-29,Production Technician I,CCDR,Active,Full-Time,Zone C,Temporary,Unk,,Production       ,Field Operations,21-10-1993,MA,Technician,Female,90380,White,Married,Fully Meets,3
02-Oct-19,03-Dec-29,Production Technician I,BPC,Active,Part-Time,Zone B,Temporary,Unk,,Production       ,Field Operations,06-11-1977,MA,Laborer,Female,61632,Hispanic,Widowed,Fully Meets,3
02-Feb-19,28-Oct-22,Production Technician I,WBL,Active,Full-Time,Zone A,Full-Time,Unk,,Production       ,Field Operations,02-01-1998,MA,Technician,Female,91005,White,Widowed,Fully Meets,3
17-Oct-18,16-Oct-29,Production Technician I,CCDR,Active,Part-Time,Zone A,Full-Time,Unk,,IT/IS,General - Con,09-07-2001,MA,Laborer,Male,1015,White,Single,Fully Meets,3
26-Sep-19,26-Nov-22,Production Technician I,PL,Active,Full-Time,Zone A,Full-Time,Retirement,,Production       ,Engineers,21-04-1960,MA,Laborer,Female,88499,Asian,Divorced,Fully Meets,3
10-Aug-22,22-Jul-23,Production Technician I,TNS,Active,Contract,Zone A,Temporary,Voluntary,,Production       ,Field Operations,25-01-1949,MA,Laborer,Female,78578,White,Married,Fully Meets,3
23-Aug-19,11-Dec-29,Area Sales Manager,MSC,Active,Full-Time,Zone A,Temporary,Unk,,Sales,General - Con,09-07-2001,MA,Laborer,Male,31930,Asian,Widowed,Fully Meets,2
08-May-19,25-Nov-29,Production Technician I,WBL,Active,Full-Time,Zone C,Full-Time,Unk,,Production       ,Field Operations,31-08-1986,MA,Laborer,Female,81853,White,Single,Fully Meets,3
05-Jun-19,25-Dec-22,Production Technician I,NEL,Active,Full-Time,Zone A,Temporary,Retirement,,Production       ,General - Con,11-09-2000,MA,Laborer,Female,96763,White,Widowed,Fully Meets,3
09-Jan-19,01-Jan-30,Production Technician I,CCDR,Active,Full-Time,Zone A,Temporary,Unk,,Production       ,Field Operations,02-03-1961,MA,Laborer,Female,12293,Black,Divorced,Fully Meets,3
27-Dec-18,23-Dec-29,Software Engineer,PYZ,Active,Full-Time,Zone A,Full-Time,Unk,,Software Engineering,Engineers,10-06-1988,MA,Engineer,Male,17258,White,Widowed,Fully Meets,2
06-Aug-23,11-May-23,Production Technician I,NEL,Active,Full-Time,Zone C,Temporary,Retirement,Southern alone father state.,IT/IS,Field Operations,19-03-1956,MA,Laborer,Male,75601,Asian,Divorced,Fully Meets,3
17-Feb-19,23-May-20,Production Technician I,CCDR,Active,Contract,Zone A,Full-Time,Voluntary,Unit computer what age career.,Production       ,General - Con,20-11-1994,MA,Laborer,Female,23714,Black,Divorced,Fully Meets,3
02-Aug-21,07-Nov-29,Production Technician I,EW,Active,Contract,Zone A,Full-Time,Unk,,Production       ,Field Operations,02-10-1945,MA,Laborer,Male,8680,Black,Divorced,Fully Meets,3
03-Jul-22,07-Mar-23,Production Technician I,BPC,Active,Full-Time,Zone A,Temporary,Retirement,,Production       ,Engineers,03-09-1941,MA,Engineer,Male,92215,Asian,Single,Fully Meets,3
18-Sep-21,23-Dec-29,Production Technician I,BPC,Active,Contract,Zone A,Part-Time,Unk,,Production       ,Field Operations,23-05-1946,MA,Laborer,Male,73131,Black,Divorced,Fully Meets,3
24-Jan-23,27-Jan-23,Production Technician I,PYZ,Voluntarily Terminated,Part-Time,Zone A,Temporary,Involuntary,Hot stage record listen cost against.,Production       ,Field Operations,21-12-1995,MA,Technician,Female,71877,Other,Married,Fully Meets,3
17-Feb-23,01-Jan-30,Production Technician I,PL,Active,Full-Time,Zone A,Temporary,Unk,,Production       ,General - Con,05-03-1956,MA,Laborer,Female,72936,White,Widowed,Fully Meets,3
30-Jun-23,01-Jan-30,Area Sales Manager,CCDR,Active,Full-Time,Zone A,Temporary,Unk,,Sales,Field Operations,11-04-1993,MA,Engineer,Male,36002,White,Married,Fully Meets,2
14-Oct-18,01-Jan-30,Production Technician I,CCDR,Active,Contract,Zone A,Full-Time,Unk,,Production       ,Field Operations,23-12-1986,MA,Technician,Female,80938,White,Married,Fully Meets,3
27-Mar-21,08-Jan-23,Production Technician I,BPC,Active,Full-Time,Zone A,Temporary,Resignation,According term along ago leave.,Production       ,Engineers,03-09-1941,MA,Engineer,Female,89441,Asian,Single,Fully Meets,3
22-Oct-22,02-Oct-22,Production Technician I,CCDR,Active,Full-Time,Zone C,Temporary,Voluntary,Night official cut director seven.,Production       ,Field Operations,25-06-1952,MA,Engineer,Female,85936,Asian,Divorced,Fully Meets,3
04-Nov-21,01-Jan-30,BI Developer,NEL,Active,Full-Time,Zone A,Full-Time,Unk,,IT/IS,Field Operations,03-10-1958,MA,Laborer,Male,39468,Asian,Divorced,Fully Meets,3
12-Feb-19,23-Dec-29,Production Technician I,CCDR,Active,Part-Time,Zone A,Temporary,Unk,,IT/IS,Field Operations,09-07-2001,MA,Laborer,Male,3032,White,Single,Fully Meets,3
06-Jul-21,01-Jan-30,Production Technician I,CCDR,Active,Contract,Zone A,Full-Time,Unk,,Production       ,Engineers,10-06-1958,MA,Engineer,Female,78666,Asian,Divorced,Fully Meets,3
27-Mar-20,01-Jan-30,Production Technician I,TNS,Active,Full-Time,Zone A,Temporary,Unk,,Production       ,Field Operations,22-06-1957,MA,Laborer,Male,80014,White,Single,Fully Meets,3
19-Apr-20,05-Oct-22,Production Technician I,CCDR,Active,Full-Time,Zone A,Temporary,Retirement,,Production       ,General - Con,08-12-1992,MA,Engineer,Male,83274,Asian,Divorced,Fully Meets,3
29-Dec-19,01-Jan-30,Database Administrator,CCDR,Active,Part-Time,Zone A,Temporary,Unk,,IT/IS,Field Operations,18-02-1957,MA,Laborer,Male,18184,Black,Single,Fully Meets,3
21-Sep-18,30-Mar-22,Production Technician I,WBL,Active,Contract,Zone B,Temporary,Voluntary,Week degree party available measure.,Production       ,Field Operations,03-07-1945,MA,Laborer,Female,64045,Black,Widowed,Fully Meets,3
17-Oct-19,02-Jul-22,Production Technician I,BPC,Voluntarily Terminated,Full-Time,Zone B,Temporary,Voluntary,Too within that room.,Production       ,Field Operations,03-09-1941,MA,Laborer,Male,82016,Asian,Divorced,Fully Meets,3
30-Oct-18,12-Nov-22,Production Technician I,CCDR,Active,Full-Time,Zone A,Temporary,Involuntary,First peace oil more last us. Front product many.,Production       ,Engineers,30-01-1991,MA,Engineer,Female,96630,Asian,Divorced,Fully Meets,2
14-Jan-19,14-Dec-20,Production Technician I,PYZ,Active,Part-Time,Zone B,Temporary,Voluntary,,Production       ,Field Operations,22-10-1985,MA,Laborer,Female,3959,Other,Single,Fully Meets,3
17-Nov-19,15-Dec-29,Production Technician I,PL,Active,Full-Time,Zone A,Full-Time,Unk,,Production       ,Field Operations,04-03-1956,MA,Laborer,Female,17070,Asian,Widowed,Fully Meets,3
01-Aug-23,27-Dec-29,Production Technician I,EW,Active,Full-Time,Zone C,Temporary,Unk,,Production       ,Engineers,04-09-1944,MA,Engineer,Male,61682,Black,Single,Fully Meets,3
14-Jan-23,01-Jan-30,Production Technician I,PYZ,Active,Part-Time,Zone A,Temporary,Unk,,Production       ,Field Operations,18-04-1992,MA,Technician,Female,6957,White,Widowed,Fully Meets,3
08-Oct-22,01-Jan-30,Production Technician I,EW,Active,Contract,Zone C,Temporary,Unk,,Production       ,Field Operations,05-08-1947,MA,Engineer,Female,85235,Asian,Divorced,Fully Meets,3
16-Jan-19,01-Jan-30,Production Technician I,CCDR,Active,Part-Time,Zone A,Full-Time,Unk,,Production       ,Field Operations,12-10-1953,MA,Laborer,Female,79230,White,Married,Fully Meets,3
07-Jan-19,08-Nov-29,Production Technician I,CCDR,Active,Full-Time,Zone B,Full-Time,Unk,,Production       ,Field Operations,20-06-1956,MA,Laborer,Female,76773,White,Married,Fully Meets,3
05-Sep-19,01-Jan-30,Production Technician I,PL,Active,Contract,Zone A,Temporary,Unk,,Production       ,Field Operations,18-03-1956,MA,Laborer,Female,77260,White,Married,Fully Meets,3
30-Dec-19,01-Jan-30,Production Technician I,CCDR,Active,Full-Time,Zone A,Full-Time,Unk,,Production       ,Field Operations,07-12-1944,MA,Laborer,Male,10160,Black,Single,Fully Meets,3
25-Jun-23,29-Nov-29,Area Sales Manager,CCDR,Active,Full-Time,Zone C,Temporary,Unk,,Sales,Field Operations,22-06-1994,MA,Engineer,Male,92484,White,Married,Fully Meets,2
17-Sep-20,06-Oct-22,Network Engineer,MSC,Active,Contract,Zone B,Temporary,Involuntary,Window paper dark power knowledge must current.,IT/IS,Field Operations,06-12-1956,MA,Laborer,Male,2593,Hispanic,Single,Fully Meets,3
27-Feb-23,18-Aug-23,Production Technician I,NEL,Active,Contract,Zone A,Full-Time,Voluntary,From continue left eye.,Production       ,Field Operations,26-02-1954,MA,Engineer,Female,78520,Asian,Divorced,Fully Meets,3
17-May-22,10-Dec-29,Production Technician I,PYZ,Active,Full-Time,Zone A,Full-Time,Unk,,Production       ,General - Con,17-12-1998,MA,Laborer,Female,17751,Other,Widowed,Fully Meets,3
19-Jun-19,03-Nov-29,Production Technician I,BPC,Active,Part-Time,Zone B,Temporary,Unk,,Production       ,Field Operations,07-04-1956,MA,Laborer,Female,1015,Black,Divorced,Fully Meets,3
23-Jun-23,08-Jan-23,Production Technician I,NEL,Active,Full-Time,Zone A,Full-Time,Voluntary,,Production       ,Field Operations,15-12-1947,MA,Laborer,Female,89408,Asian,Divorced,Fully Meets,3
16-Feb-19,05-Dec-29,Production Technician I,PL,Active,Full-Time,Zone B,Part-Time,Unk,,Production       ,Field Operations,15-10-1943,MA,Laborer,Male,35542,Black,Single,Fully Meets,3
15-Aug-22,23-Dec-29,Production Technician I,CCDR,Active,Full-Time,Zone A,Temporary,Unk,,Production       ,Field Operations,25-06-1996,MA,Technician,Female,86869,White,Married,Fully Meets,3
09-Jan-20,25-Oct-29,Production Technician I,CCDR,Active,Full-Time,Zone B,Temporary,Unk,,Production       ,Field Operations,04-09-1945,MA,Laborer,Male,4269,Black,Single,Fully Meets,3
24-Feb-23,27-Apr-23,Production Technician I,TNS,Active,Contract,Zone A,Temporary,Voluntary,,Production       ,Field Operations,26-06-1952,MA,Technician,Female,75383,Other,Married,Fully Meets,3
31-Oct-19,07-Oct-22,Production Technician I,PYZ,Active,Full-Time,Zone A,Temporary,Retirement,Too within that room.,IT/IS,Field Operations,12-03-1987,MA,Laborer,Male,78141,Asian,Divorced,Fully Meets,3
27-Jan-20,25-Dec-29,Production Technician I,TNS,Active,Part-Time,Zone A,Temporary,Unk,,Production       ,Field Operations,02-02-1979,MA,Laborer,Female,1015,Other,Married,Fully Meets,3
27-Mar-19,15-May-22,Production Technician I,CCDR,Active,Full-Time,Zone A,Part-Time,Voluntary,,Production       ,Field Operations,24-06-1996,MA,Technician,Female,14710,Black,Single,Fully Meets,3
20-Aug-20,04-Dec-29,Production Technician I,WBL,Active,Full-Time,Zone A,Temporary,Unk,,Production       ,Field Operations,03-01-1987,MA,Technician,Female,15827,White,Widowed,Fully Meets,3
27-Jan-19,17-Dec-29,Production Technician I,TNS,Active,Part-Time,Zone A,Temporary,Unk,,Production       ,Field Operations,14-04-1976,MA,Laborer,Female,60510,White,Married,Fully Meets,3
27-Feb-19,02-Sep-21,Production Technician I,PYZ,Active,Contract,Zone A,Temporary,Voluntary,,Production       ,Field Operations,15-02-1991,MA,Technician,Female,85979,Other,Married,Fully Meets,3
13-Aug-22,13-May-23,Area Sales Manager,PYZ,Future Start,Contract,Zone B,Temporary,Involuntary,President site student thank community.,Sales,General - Con,13-12-1956,MA,Foreman,Female,87781,Asian,Married,Fully Meets,3
29-Aug-22,17-Mar-23,Production Technician I,TNS,Active,Contract,Zone A,Full-Time,Voluntary,,Production       ,Field Operations,05-12-1953,MA,Laborer,Female,21065,White,Married,Fully Meets,3
09-Jan-23,01-Jan-30,Production Technician I,CCDR,Active,Contract,Zone A,Full-Time,Unk,,Production       ,Field Operations,30-12-1944,MA,Engineer,Male,96639,White,Married,Fully Meets,3
10-Sep-20,01-Jan-30,Production Technician I,PYZ,Active,Part-Time,Zone A,Temporary,Unk,,IT/IS,Field Operations,08-07-1947,MA,Laborer,Male,42718,Black,Single,Fully Meets,3
21-Dec-21,30-Oct-22,Production Technician I,BPC,Active,Full-Time,Zone A,Temporary,Retirement,Past agreement focus back.,Production       ,Field Operations,30-03-1950,MA,Laborer,Male,82126,Asian,Divorced,Fully Meets,3
22-Sep-19,23-Dec-21,IT Support,WBL,Active,Part-Time,Zone A,Part-Time,Voluntary,Car book street pull try brother.,IT/IS,Field Operations,24-12-1949,MA,Laborer,Male,1015,Black,Single,Fully Meets,3
11-Aug-18,15-Feb-23,Production Technician I,BPC,Voluntarily Terminated,Full-Time,Zone A,Temporary,Resignation,Here relationship possible purpose instead.,Production       ,Field Operations,04-06-1949,MA,Laborer,Female,65181,Asian,Married,Fully Meets,3
17-Mar-19,22-Sep-20,Production Technician I,WBL,Active,Contract,Zone A,Temporary,Voluntary,He four soldier employee central term.,Production       ,General - Con,10-12-1995,MA,Laborer,Female,10696,Black,Widowed,Fully Meets,3
05-Sep-19,11-Nov-29,Production Technician I,BPC,Active,Contract,Zone A,Full-Time,Unk,,Production       ,Field Operations,02-09-1946,MA,Laborer,Female,87550,Asian,Married,Fully Meets,3
27-Sep-22,10-Jan-23,Production Technician I,CCDR,Active,Full-Time,Zone A,Temporary,Retirement,,Production       ,Project Management - Con,15-11-1990,MA,Engineer,Male,39148,White,Married,Fully Meets,2
01-Aug-22,16-Nov-29,Production Technician I,PL,Active,Contract,Zone A,Full-Time,Unk,,Production       ,Field Operations,27-04-1953,MA,Laborer,Female,86465,White,Single,Fully Meets,3
27-Aug-22,25-Dec-29,Production Technician I,TNS,Active,Full-Time,Zone A,Temporary,Unk,,Production       ,Field Operations,03-02-1954,MA,Laborer,Female,93808,White,Married,Fully Meets,3
05-Apr-20,08-Dec-22,Production Technician I,PYZ,Active,Full-Time,Zone B,Temporary,Resignation,,Production       ,Field Operations,18-02-1985,MA,Laborer,Female,87523,White,Married,Fully Meets,3
25-Apr-22,21-Nov-29,Production Technician I,BPC,Active,Contract,Zone A,Temporary,Unk,,Production       ,Field Operations,25-01-1953,MA,Laborer,Female,75142,Asian,Married,Fully Meets,3
12-Mar-23,01-Jan-30,Software Engineer,PYZ,Active,Full-Time,Zone C,Temporary,Unk,,Software Engineering,Field Operations,26-01-1990,MA,Laborer,Male,17483,Black,Married,Fully Meets,3
06-Oct-19,17-Dec-22,Production Technician I,TNS,Active,Contract,Zone B,Temporary,Unk,,Production       ,General - Con,14-10-1957,MA,Laborer,Female,72938,Hispanic,Widowed,Fully Meets,3
29-Sep-19,01-Jan-30,Production Technician I,PYZ,Active,Part-Time,Zone A,Temporary,Unk,,Production       ,Field Operations,17-07-1977,MA,Laborer,Female,72450,Other,Widowed,Fully Meets,3
27-Apr-21,01-Jan-30,BI Developer,CCDR,Active,Full-Time,Zone C,Temporary,Unk,,IT/IS,Field Operations,11-11-1945,MA,Laborer,Male,41383,Black,Single,Fully Meets,3
06-Aug-23,15-Dec-29,Production Technician I,CCDR,Active,Part-Time,Zone B,Temporary,Unk,,Production       ,Field Operations,04-07-1951,MA,Laborer,Male,44690,Black,Single,Fully Meets,3
23-Nov-22,30-Dec-29,Production Technician I,CCDR,Active,Full-Time,Zone A,Temporary,Unk,,Production       ,Field Operations,03-02-1992,MA,Laborer,Female,43511,Other,Single,Fully Meets,3
06-May-22,17-Dec-22,Production Technician I,PYZ,Active,Part-Time,Zone A,Temporary,Resignation,Somebody air turn. Dark civil any serious.,Production       ,Field Operations,12-11-1954,MA,Laborer,Male,61340,White,Married,Fully Meets,3
28-Sep-22,21-Apr-23,Production Technician I,CCDR,Active,Contract,Zone A,Part-Time,Voluntary,,Production       ,Engineers,15-07-1962,MA,Engineer,Female,92554,Asian,Divorced,Fully Meets,3
02-Feb-20,19-May-22,Production Technician I,BPC,Active,Full-Time,Zone A,Part-Time,Retirement,Issue teacher page true relate. Fight out learn.,IT/IS,Field Operations,03-09-1941,MA,Laborer,Male,19225,Asian,Divorced,Fully Meets,3
20-Apr-19,18-May-22,Production Technician I,BPC,Voluntarily Terminated,Part-Time,Zone B,Part-Time,Retirement,Big large training region.,Production       ,Field Operations,01-09-1944,MA,Laborer,Female,14837,Black,Single,Fully Meets,3
03-Nov-22,01-Feb-23,Production Technician I,MSC,Active,Contract,Zone A,Temporary,Voluntary,,Production       ,Field Operations,11-02-1949,MA,Laborer,Female,69476,Asian,Married,Fully Meets,3
07-Nov-22,25-Sep-22,Production Technician I,BPC,Active,Part-Time,Zone A,Temporary,Resignation,Learn staff above address.,Production       ,Field Operations,03-09-1941,MA,Laborer,Female,71603,Asian,Divorced,Fully Meets,3
05-Jun-19,01-Jan-30,Software Engineer,CCDR,Active,Full-Time,Zone A,Full-Time,Unk,,IT/IS,Field Operations,21-12-1947,MA,Laborer,Male,17884,White,Single,Fully Meets,3
15-Apr-20,19-Dec-29,Production Technician I,BPC,Active,Full-Time,Zone A,Full-Time,Unk,,Production       ,Engineers,15-12-1945,MA,Laborer,Female,66849,Asian,Single,Fully Meets,3
06-Jan-19,01-Jan-30,Production Technician I,WBL,Active,Contract,Zone B,Temporary,Unk,,Production       ,Field Operations,03-10-1967,MA,Technician,Female,2720,Hispanic,Single,Fully Meets,3
07-Dec-22,03-Nov-29,Production Technician I,TNS,Active,Contract,Zone A,Temporary,Unk,,Production       ,Field Operations,11-10-1948,MA,Laborer,Female,1015,Hispanic,Married,Fully Meets,3
10-Nov-18,12-Oct-29,Production Technician I,PYZ,Active,Part-Time,Zone A,Full-Time,Unk,,Production       ,Field Operations,20-07-1981,MA,Technician,Female,3369,Black,Single,Fully Meets,3
18-Nov-18,01-Jan-30,Production Technician I,TNS,Active,Part-Time,Zone A,Temporary,Unk,,Production       ,Aerial,14-05-1977,MA,Laborer,Female,1015,Hispanic,Widowed,Fully Meets,3
21-Nov-19,28-May-22,BI Developer,CCDR,Active,Full-Time,Zone A,Part-Time,Retirement,Brother election movie born enough.,IT/IS,Field Operations,27-06-1953,MA,Laborer,Male,69966,Asian,Divorced,Fully Meets,3
08-Dec-19,14-Dec-29,Production Technician I,PL,Active,Contract,Zone A,Full-Time,Unk,,Production       ,Field Operations,17-07-1951,MA,Laborer,Female,85706,Asian,Divorced,Fully Meets,3
23-Sep-19,08-Nov-29,Software Engineer,WBL,Active,Full-Time,Zone C,Temporary,Unk,,IT/IS,Field Operations,12-09-1972,MA,Laborer,Male,5383,Black,Single,Fully Meets,3
11-Aug-18,10-Sep-20,Production Technician I,WBL,Active,Contract,Zone C,Part-Time,Voluntary,Guy ten dream. Thing he care series.,Production       ,General - Con,13-07-1986,MA,Laborer,Female,1015,Black,Single,Fully Meets,3
13-Feb-23,01-Jan-30,Production Technician I,BPC,Active,Part-Time,Zone C,Temporary,Unk,,Production       ,Field Operations,29-04-1989,MA,Engineer,Female,77454,Other,Married,Fully Meets,3
01-May-19,13-Dec-29,Production Technician I,CCDR,Active,Full-Time,Zone A,Full-Time,Unk,,Production       ,Field Operations,17-08-1952,MA,Laborer,Female,80543,White,Single,Fully Meets,3
12-May-19,07-Sep-22,Network Engineer,MSC,Active,Contract,Zone B,Temporary,Involuntary,Baby still now positive traditional head while.,IT/IS,General - Con,16-11-1952,MA,Foreman,Female,6121,Hispanic,Single,Fully Meets,3
26-Nov-21,25-Mar-23,Production Technician I,PYZ,Active,Part-Time,Zone A,Temporary,Retirement,,Production       ,Field Operations,05-11-1951,MA,Laborer,Male,71107,Other,Single,Fully Meets,3
29-Oct-21,16-Dec-29,Production Technician I,CCDR,Active,Full-Time,Zone A,Full-Time,Unk,,Production       ,General - Con,10-06-2000,MA,Laborer,Female,77615,White,Widowed,Fully Meets,3
31-Oct-21,19-Apr-23,Production Technician I,CCDR,Active,Full-Time,Zone A,Full-Time,Unk,,Production       ,Field Operations,19-01-1955,MA,Laborer,Female,12410,Asian,Divorced,Fully Meets,3
21-Nov-18,03-Jan-23,Production Technician I,TNS,Active,Contract,Zone A,Temporary,Voluntary,,Production       ,Field Operations,28-08-1951,MA,Laborer,Female,68707,Hispanic,Married,Fully Meets,3
12-Aug-19,29-May-22,Production Technician I,WBL,Active,Contract,Zone A,Temporary,Voluntary,Interest again main describe end charge.,Production       ,Field Operations,03-09-1941,MA,Laborer,Female,17856,Asian,Divorced,Fully Meets,3
11-Nov-22,28-Dec-29,Area Sales Manager,CCDR,Active,Contract,Zone A,Full-Time,Unk,,Sales,General - Con,15-09-1997,MA,Laborer,Male,78101,White,Single,Fully Meets,3
11-Oct-22,01-Jan-30,Software Engineer,CCDR,Active,Full-Time,Zone A,Temporary,Unk,,Software Engineering,Field Operations,06-11-1981,MA,Engineer,Male,82762,White,Married,Fully Meets,2
22-Nov-18,01-Jan-30,Production Technician I,CCDR,Active,Part-Time,Zone A,Part-Time,Unk,,Production       ,General - Con,03-08-1949,MA,Laborer,Male,73758,Black,Single,Fully Meets,3
19-Aug-19,15-Dec-29,Production Technician I,CCDR,Active,Part-Time,Zone A,Full-Time,Unk,,Production       ,Field Operations,29-06-1951,MA,Laborer,Female,11172,White,Married,Fully Meets,3
29-Sep-22,09-Oct-23,Production Technician I,NEL,Active,Full-Time,Zone A,Full-Time,Voluntary,Much try remember natural.,Production       ,Field Operations,12-12-1955,MA,Laborer,Female,81734,Asian,Married,Fully Meets,3
13-Nov-22,24-Mar-23,Production Technician I,TNS,Active,Contract,Zone B,Temporary,Involuntary,,Production       ,Field Operations,22-03-1952,MA,Laborer,Female,81409,Hispanic,Married,Fully Meets,3
27-Sep-22,31-Dec-22,Production Technician I,TNS,Active,Contract,Zone B,Temporary,Voluntary,,Production       ,Field Operations,14-11-1954,MA,Laborer,Female,85686,Hispanic,Married,Fully Meets,3
05-Jul-22,01-Jan-30,Accountant I,MSC,Active,Contract,Zone A,Temporary,Unk,,IT/IS,General - Con,06-04-1958,MA,Foreman,Male,68917,Black,Single,Fully Meets,3
03-Apr-20,01-Jan-30,Production Technician I,CCDR,Active,Part-Time,Zone A,Full-Time,Unk,,Production       ,Field Operations,19-03-1945,MA,Laborer,Female,92341,White,Married,Fully Meets,3
05-Mar-21,29-Jan-23,Production Technician I,CCDR,Active,Part-Time,Zone A,Temporary,Voluntary,Radio fight consumer senior traditional himself.,Production       ,Field Operations,16-08-1944,MA,Laborer,Male,88253,Asian,Divorced,Fully Meets,3
18-Feb-22,16-Feb-23,Production Technician I,CCDR,Active,Full-Time,Zone A,Temporary,Voluntary,,Production       ,Engineers,23-11-1942,MA,Engineer,Male,85965,Asian,Divorced,Fully Meets,3
19-Apr-19,21-Dec-22,Network Engineer,MSC,Active,Part-Time,Zone A,Part-Time,Unk,,IT/IS,General - Con,06-09-1954,MA,Laborer,Male,1015,Hispanic,Single,Fully Meets,3
17-Dec-22,21-Mar-23,Production Technician I,CCDR,Active,Full-Time,Zone A,Temporary,Unk,,Production       ,Field Operations,12-12-1990,MA,Laborer,Female,87311,Asian,Married,Fully Meets,3
20-Mar-22,01-Jan-30,Production Technician I,TNS,Active,Part-Time,Zone A,Temporary,Unk,,Production       ,Field Operations,17-02-1956,MA,Laborer,Female,9958,Black,Single,Fully Meets,3
04-Nov-19,10-Nov-22,Production Technician I,BPC,Active,Full-Time,Zone B,Part-Time,Retirement,,Production       ,Field Operations,04-10-1948,MA,Laborer,Female,6483,Black,Divorced,Fully Meets,3
10-Jan-22,15-Mar-23,Production Technician I,BPC,Active,Part-Time,Zone A,Temporary,Retirement,,Production       ,Field Operations,24-02-1952,MA,Laborer,Female,80925,Asian,Divorced,Fully Meets,3
01-Jul-19,16-Apr-23,Production Technician I,BPC,Active,Part-Time,Zone B,Temporary,Resignation,Less boy reflect quickly health respond million.,Production       ,Field Operations,14-08-1991,MA,Laborer,Female,69474,Other,Widowed,Fully Meets,3
06-Dec-22,01-Jan-30,Production Technician I,TNS,Active,Part-Time,Zone A,Temporary,Unk,,Production       ,Field Operations,11-04-1952,MA,Laborer,Female,44295,White,Married,Fully Meets,3
05-Jul-19,01-May-22,Production Technician I,CCDR,Active,Full-Time,Zone A,Part-Time,Voluntary,Issue teacher page true relate. Fight out learn.,IT/IS,Field Operations,15-11-1944,MA,Laborer,Female,26438,Asian,Divorced,Fully Meets,3
20-Mar-19,27-Aug-22,Production Technician I,BPC,Active,Contract,Zone B,Temporary,Resignation,Big large training region.,Production       ,Field Operations,20-08-1951,MA,Laborer,Female,2996,Asian,Divorced,Fully Meets,3
07-Oct-18,11-Oct-22,Production Technician I,MSC,Active,Part-Time,Zone A,Part-Time,Voluntary,Rather which writer family.,Production       ,General - Con,06-11-1960,MA,Laborer,Female,78961,Hispanic,Single,Fully Meets,3
06-Aug-19,01-Jan-30,Production Technician I,PL,Active,Full-Time,Zone A,Full-Time,Unk,,Production       ,Field Operations,13-04-1955,MA,Laborer,Female,20041,White,Married,Fully Meets,3
13-Jun-19,30-Jan-22,Production Technician I,BPC,Active,Full-Time,Zone A,Temporary,Retirement,Issue teacher page true relate. Fight out learn.,Software Engineering,Field Operations,03-09-1941,MA,Laborer,Male,6462,Asian,Single,Fully Meets,3
28-Jan-22,23-Aug-22,Production Technician I,PYZ,Active,Part-Time,Zone C,Temporary,Voluntary,Somebody air turn. Dark civil any serious.,Production       ,Field Operations,11-03-1983,MA,Technician,Male,80525,Other,Married,Fully Meets,3
02-Apr-22,01-Jan-30,Production Technician I,PL,Active,Full-Time,Zone B,Temporary,Unk,,Production       ,Field Operations,05-09-1954,MA,Laborer,Female,73895,Black,Married,Fully Meets,3
24-Mar-19,28-Jun-22,Production Technician I,CCDR,Active,Contract,Zone A,Full-Time,Voluntary,,Production       ,Field Operations,26-08-1944,MA,Laborer,Female,13631,Black,Divorced,Fully Meets,3
24-Apr-20,19-Dec-22,Area Sales Manager,MSC,Active,Full-Time,Zone A,Temporary,Retirement,,Sales,Field Operations,08-10-1998,MA,Laborer,Male,17311,Asian,Single,Fully Meets,3
20-Dec-22,01-Jan-30,Software Engineer,CCDR,Active,Full-Time,Zone A,Temporary,Unk,,Software Engineering,Engineers,27-06-1990,MA,Engineer,Male,66753,Black,Single,Fully Meets,3
13-May-23,30-Apr-23,Production Technician I,TNS,Active,Contract,Zone B,Temporary,Resignation,,Production       ,Field Operations,29-11-1980,MA,Laborer,Female,75749,Other,Married,Fully Meets,3
07-Mar-19,08-Sep-22,Production Technician I,CCDR,Active,Full-Time,Zone A,Temporary,Voluntary,,Production       ,Field Operations,15-05-1956,MA,Laborer,Female,65315,Other,Married,Fully Meets,3
06-Jan-23,01-Jan-30,Production Technician I,PYZ,Active,Contract,Zone C,Temporary,Unk,,IT/IS,Field Operations,18-08-1992,MA,Laborer,Male,42077,White,Married,Fully Meets,3
22-May-23,24-Mar-23,Production Technician I,TNS,Active,Part-Time,Zone A,Temporary,Retirement,,Production       ,Field Operations,18-04-1957,MA,Laborer,Male,80501,Asian,Divorced,Fully Meets,3
21-Jan-22,29-Dec-21,Production Technician I,WBL,Active,Part-Time,Zone A,Temporary,Voluntary,,Production       ,General - Con,16-10-1988,MA,Technician,Female,37296,White,Married,Fully Meets,3
22-Apr-19,29-Sep-22,Production Technician I,BPC,Active,Part-Time,Zone B,Temporary,Resignation,Explain happen heavy wall hot year ability.,Production       ,Field Operations,28-07-1942,MA,Lineman,Female,1015,Black,Widowed,Fully Meets,3
11-Oct-19,01-Jan-30,Production Technician I,CCDR,Active,Full-Time,Zone A,Part-Time,Unk,,Production       ,Engineers,04-06-1988,MA,Engineer,Female,87728,Asian,Divorced,Fully Meets,3
15-Aug-18,23-Dec-29,Data Analyst,CCDR,Active,Part-Time,Zone A,Part-Time,Unk,,IT/IS,General - Con,08-01-1993,MA,Laborer,Male,65426,Black,Single,Fully Meets,3
15-Oct-19,18-Dec-22,Production Technician I,NEL,Active,Full-Time,Zone A,Temporary,Retirement,Only alone imagine. Loss minute girl.,Production       ,Project Management - Con,17-01-1957,MA,Engineer,Female,91229,Asian,Divorced,Fully Meets,2
05-Oct-22,01-Jan-30,Production Technician I,PL,Active,Full-Time,Zone A,Temporary,Unk,,Production       ,Field Operations,18-05-1947,MA,Laborer,Female,70428,White,Married,Fully Meets,3
03-Feb-21,04-Dec-22,BI Developer,PYZ,Active,Part-Time,Zone A,Full-Time,Unk,,IT/IS,Field Operations,25-01-1950,MA,Laborer,Male,71598,Black,Single,Fully Meets,3
16-Aug-19,03-Dec-29,Production Technician I,BPC,Active,Contract,Zone B,Temporary,Unk,,Production       ,Field Operations,26-10-1968,MA,Technician,Female,84902,Other,Married,Fully Meets,3
13-Nov-22,18-Feb-23,Production Technician I,CCDR,Active,Contract,Zone A,Temporary,Voluntary,Then sing son.,Production       ,Field Operations,19-04-1953,MA,Engineer,Female,80847,Asian,Married,Fully Meets,3
25-Jul-19,23-Nov-29,Production Technician I,CCDR,Active,Part-Time,Zone A,Temporary,Unk,,Production       ,Field Operations,04-08-1993,MA,Laborer,Female,75690,Other,Married,Fully Meets,3
03-Jun-22,31-Dec-29,Production Technician I,CCDR,Active,Contract,Zone B,Temporary,Unk,,Production       ,Field Operations,16-05-1948,MA,Laborer,Female,92080,Other,Married,Fully Meets,3
15-Apr-19,29-Sep-22,Production Technician I,MSC,Active,Contract,Zone A,Temporary,Involuntary,Candidate fact event level several onto store.,Production       ,General - Con,10-01-1952,MA,Laborer,Female,85699,Hispanic,Widowed,Fully Meets,3
09-May-23,23-Apr-23,BI Developer,PYZ,Active,Full-Time,Zone C,Temporary,Resignation,Prevent entire business ask meeting contain tree.,IT/IS,Field Operations,17-05-1960,MA,Laborer,Male,84941,Asian,Married,Fully Meets,3
02-Dec-22,17-Oct-29,Production Technician I,EW,Active,Contract,Zone B,Temporary,Unk,,Production       ,Field Operations,01-02-1984,MA,Technician,Female,72222,Other,Single,Fully Meets,3
05-Apr-19,01-Jan-30,Production Technician I,CCDR,Active,Full-Time,Zone A,Full-Time,Unk,,Production       ,Field Operations,30-05-1950,MA,Laborer,Male,16931,White,Single,Fully Meets,3
16-Mar-19,03-Aug-22,Production Technician I,WBL,Active,Full-Time,Zone A,Part-Time,Voluntary,,Production       ,Field Operations,30-06-1952,MA,Laborer,Female,16842,Asian,Divorced,Fully Meets,3
06-Sep-22,16-Feb-23,Production Technician I,NEL,Voluntarily Terminated,Full-Time,Zone A,Temporary,Voluntary,Country as dream project office.,Production       ,Engineers,16-12-1958,MA,Engineer,Female,83398,Asian,Divorced,Fully Meets,2
21-Jul-22,01-Jan-30,Software Engineer,CCDR,Active,Full-Time,Zone A,Temporary,Unk,,IT/IS,Field Operations,09-01-1949,MA,Laborer,Male,47451,Black,Single,Fully Meets,3
24-Oct-19,24-Jun-22,Production Technician I,PL,Active,Full-Time,Zone A,Full-Time,Retirement,,Production       ,Field Operations,13-05-1955,MA,Laborer,Female,26705,Asian,Divorced,Fully Meets,3
18-Nov-21,31-May-23,Production Technician I,TNS,Active,Contract,Zone A,Temporary,Voluntary,,Production       ,Field Operations,04-11-1959,MA,Laborer,Female,93464,Hispanic,Married,Fully Meets,3
02-Apr-19,19-Aug-22,Production Technician I,WBL,Active,Full-Time,Zone A,Full-Time,Voluntary,,Production       ,General - Con,10-06-1961,MA,Laborer,Female,86527,White,Widowed,Fully Meets,3
01-Nov-21,01-Jan-30,Production Technician I,PL,Active,Full-Time,Zone A,Full-Time,Unk,,Production       ,Field Operations,06-05-1957,MA,Laborer,Male,54146,White,Widowed,Fully Meets,3
07-Apr-19,11-Dec-29,Production Technician I,TNS,Active,Part-Time,Zone C,Part-Time,Unk,,Production       ,Field Operations,14-10-1953,MA,Laborer,Female,69453,Hispanic,Single,Fully Meets,3
24-Jul-22,11-May-23,Production Technician I,PYZ,Active,Full-Time,Zone A,Temporary,Involuntary,Prevent entire business ask meeting contain tree.,Production       ,Field Operations,06-09-1952,MA,Laborer,Male,86252,Asian,Married,Fully Meets,3
03-Sep-19,01-Jan-30,Production Technician I,BPC,Active,Contract,Zone A,Full-Time,Unk,,Production       ,Field Operations,05-03-1957,MA,Laborer,Female,91923,Black,Married,Fully Meets,3
28-Dec-19,01-Jan-30,Production Technician I,PL,Active,Full-Time,Zone A,Full-Time,Unk,,Production       ,Engineers,08-01-1953,MA,Engineer,Male,81052,Asian,Divorced,Fully Meets,3
03-Oct-19,30-Dec-29,Production Technician I,WBL,Active,Part-Time,Zone A,Part-Time,Unk,,IT/IS,Field Operations,19-11-1950,MA,Laborer,Male,69406,Black,Single,Fully Meets,3
01-Jul-21,25-Feb-23,Production Technician I,BPC,Voluntarily Terminated,Full-Time,Zone A,Temporary,Voluntary,Hour range a country focus.,Production       ,Field Operations,03-09-1941,MA,Laborer,Male,80312,Asian,Single,Fully Meets,3
12-Jan-19,01-Mar-23,Production Technician I,CCDR,Voluntarily Terminated,Full-Time,Zone A,Temporary,Involuntary,Country as dream project office.,Production       ,Project Management - Con,23-09-1954,MA,Engineer,Female,83092,Asian,Divorced,Fully Meets,3
08-Nov-22,06-Feb-22,Production Technician I,PYZ,Active,Full-Time,Zone A,Temporary,Involuntary,Design and respond dog true knowledge.,Production       ,Fielders,03-09-1994,MA,Engineer,Female,94227,Other,Married,Fully Meets,3
19-Jan-22,29-Dec-29,Production Technician I,PL,Active,Full-Time,Zone A,Full-Time,Unk,,Production       ,Engineers,21-10-1956,MA,Engineer,Female,92015,Asian,Divorced,Fully Meets,3
16-Feb-21,01-Jan-30,Production Technician I,PL,Active,Full-Time,Zone A,Full-Time,Unk,,Production       ,Engineers,14-11-1946,MA,Engineer,Female,72765,Asian,Divorced,Fully Meets,3
23-Dec-18,28-Oct-29,Production Technician I,CCDR,Active,Part-Time,Zone B,Part-Time,Unk,,Production       ,Field Operations,23-07-1973,MA,Technician,Female,1015,Black,Single,Fully Meets,3
16-Jun-23,30-Nov-22,Area Sales Manager,PYZ,Active,Contract,Zone A,Temporary,Retirement,,Sales,Field Operations,18-03-1996,MA,Engineer,Male,86777,Asian,Married,Fully Meets,2
27-Jan-19,01-Jan-30,Production Technician I,CCDR,Active,Part-Time,Zone B,Temporary,Unk,,Production       ,Field Operations,11-01-1991,MA,Technician,Female,82437,White,Widowed,Fully Meets,3
17-Feb-23,25-Dec-29,Production Technician I,EW,Active,Contract,Zone A,Full-Time,Unk,,Production       ,Engineers,03-03-1942,MA,Engineer,Female,83720,Asian,Single,Fully Meets,3
21-Sep-22,05-Jul-23,Production Technician I,PYZ,Voluntarily Terminated,Full-Time,Zone A,Temporary,Involuntary,Beat hand ready reason development else doctor.,Production       ,Field Operations,16-01-1943,MA,Engineer,Female,85208,Asian,Married,Fully Meets,3
21-Jan-19,01-Jan-30,Production Technician I,CCDR,Active,Full-Time,Zone B,Temporary,Unk,,Production       ,Field Operations,01-03-1996,MA,Technician,Female,14841,Black,Single,Fully Meets,3
16-Mar-23,03-Jun-23,Production Technician I,PYZ,Active,Full-Time,Zone C,Temporary,Resignation,President site student thank community.,Production       ,Field Operations,28-02-1950,MA,Laborer,Male,85119,Asian,Divorced,Fully Meets,3
30-Jan-22,09-Dec-22,Production Technician I,BPC,Active,Full-Time,Zone A,Temporary,Unk,,Production       ,Engineers,30-03-1982,MA,Engineer,Female,91025,Asian,Single,Fully Meets,3
28-Jul-19,01-Jan-30,Production Technician I,PL,Active,Part-Time,Zone A,Full-Time,Unk,,Production       ,Field Operations,16-11-1957,MA,Laborer,Female,73166,White,Single,Fully Meets,3
27-Nov-22,28-Dec-29,Production Technician I,TNS,Active,Contract,Zone A,Temporary,Unk,,Production       ,Field Operations,23-08-1958,MA,Laborer,Female,92492,Black,Single,Fully Meets,3
14-Jun-22,21-Jan-23,Production Technician I,PYZ,Active,Part-Time,Zone A,Temporary,Resignation,,Production       ,Field Operations,19-06-1990,MA,Technician,Female,85422,Other,Married,Fully Meets,3
01-Dec-22,25-Mar-21,Production Technician I,PYZ,Active,Contract,Zone A,Temporary,Voluntary,,Production       ,General - Con,14-07-1997,MA,Technician,Female,69769,White,Married,Fully Meets,3
17-Sep-22,03-Dec-29,Production Technician I,CCDR,Active,Part-Time,Zone A,Temporary,Unk,,Production       ,Field Operations,24-07-1994,MA,Laborer,Female,85153,White,Married,Fully Meets,3
13-Aug-22,21-Jan-23,Production Technician I,NEL,Active,Full-Time,Zone A,Full-Time,Voluntary,,Production       ,Field Operations,08-09-1957,MA,Engineer,Female,74035,Asian,Married,Fully Meets,3
30-Aug-19,01-Jan-30,Production Technician I,BPC,Active,Contract,Zone B,Full-Time,Unk,,Production       ,Field Operations,03-05-1957,MA,Laborer,Female,1543,White,Divorced,Fully Meets,3
29-Nov-19,19-Nov-22,Production Technician I,WBL,Active,Contract,Zone A,Temporary,Voluntary,Work around personal cover reflect including.,Production       ,Field Operations,17-03-1953,MA,Laborer,Female,77948,Asian,Divorced,Fully Meets,3
06-Nov-18,12-Nov-29,Production Technician I,BPC,Active,Full-Time,Zone A,Full-Time,Unk,,Production       ,Field Operations,27-08-1949,MA,Laborer,Female,86151,Black,Widowed,Fully Meets,3
26-Jun-19,31-Dec-29,Production Technician I,CCDR,Active,Full-Time,Zone B,Temporary,Unk,,Production       ,Field Operations,26-05-1951,MA,Laborer,Male,5811,Black,Single,Fully Meets,3
27-Oct-22,24-Nov-29,Production Technician I,CCDR,Active,Contract,Zone A,Full-Time,Unk,,Production       ,Field Operations,20-12-1951,MA,Engineer,Female,91324,White,Married,Fully Meets,3
23-Jun-19,03-Oct-22,Production Technician I,CCDR,Active,Full-Time,Zone A,Full-Time,Voluntary,,Production       ,General - Con,26-11-1989,MA,Engineer,Female,77083,Black,Single,Fully Meets,3
04-Dec-18,01-Jan-30,Production Technician I,BPC,Active,Part-Time,Zone B,Part-Time,Unk,,Production       ,Aerial,28-07-1973,MA,Laborer,Female,2639,Hispanic,Married,Fully Meets,3
02-Oct-22,19-Apr-23,Production Technician I,NEL,Active,Full-Time,Zone A,Full-Time,Voluntary,,Production       ,Project Management - Con,26-02-1999,MA,Engineer,Female,91067,Asian,Married,Fully Meets,3
05-Jan-20,07-May-22,Production Technician I,NEL,Active,Full-Time,Zone A,Temporary,Involuntary,Country as dream project office.,Production       ,General - Con,19-03-1951,MA,Laborer,Female,86468,Asian,Divorced,Fully Meets,3
12-Aug-18,24-Dec-29,Production Technician I,WBL,Active,Part-Time,Zone A,Temporary,Unk,,Production       ,Field Operations,10-09-1996,MA,Laborer,Female,82489,White,Single,Fully Meets,3
09-Jan-19,02-Sep-22,Production Technician I,MSC,Active,Full-Time,Zone A,Temporary,Involuntary,Brother election movie born enough.,Production       ,General - Con,09-02-1953,MA,Laborer,Female,85397,Hispanic,Widowed,Fully Meets,3
16-Apr-23,16-Dec-29,Production Technician I,PL,Active,Contract,Zone C,Full-Time,Unk,,Production       ,Engineers,12-12-1941,MA,Project Manager,Female,87491,Asian,Divorced,Fully Meets,3
11-Aug-18,06-Jul-22,Production Technician I,WBL,Active,Contract,Zone A,Full-Time,Voluntary,,Production       ,General - Con,04-07-1954,MA,Laborer,Female,92295,Black,Divorced,Fully Meets,3
14-Sep-19,29-Sep-22,Production Technician I,WBL,Active,Part-Time,Zone B,Temporary,Voluntary,,Production       ,Field Operations,22-12-1991,MA,Laborer,Male,76692,Other,Single,Fully Meets,3
22-Jun-19,12-Dec-22,Production Technician I,BPC,Active,Part-Time,Zone A,Temporary,Retirement,West run alone address week wear.,Production       ,Field Operations,13-07-1951,MA,Laborer,Female,74017,Asian,Widowed,Fully Meets,3
20-Mar-19,14-Nov-20,Production Technician I,CCDR,Active,Full-Time,Zone C,Part-Time,Voluntary,,Software Engineering,Field Operations,27-06-1991,MA,Laborer,Female,19110,Black,Divorced,Fully Meets,3
17-Jul-19,01-Jan-30,Production Technician I,PL,Active,Full-Time,Zone B,Full-Time,Unk,,Production       ,Engineers,20-05-1992,MA,Engineer,Female,94272,White,Single,Fully Meets,3
28-Aug-21,13-Dec-22,Production Technician I,CCDR,Active,Full-Time,Zone A,Temporary,Voluntary,Dark meeting play room head join truth involve.,Production       ,Engineers,31-07-1981,MA,Engineer,Female,97524,Asian,Divorced,Fully Meets,3
14-Jan-23,07-May-23,Production Technician I,PYZ,Active,Part-Time,Zone B,Temporary,Resignation,,Production       ,Field Operations,04-10-1994,MA,Technician,Female,74993,Other,Married,Fully Meets,3
11-Sep-20,19-Feb-23,Production Technician I,SVG,Active,Part-Time,Zone B,Temporary,Retirement,,Production       ,Field Operations,02-10-1975,MA,Laborer,Female,68082,Other,Widowed,Fully Meets,3
04-Feb-19,13-Oct-29,Production Technician I,WBL,Active,Contract,Zone C,Full-Time,Unk,,Production       ,General - Con,28-09-1993,MA,Laborer,Female,14463,Black,Single,Fully Meets,3
20-Aug-19,01-Oct-22,Production Technician I,BPC,Active,Full-Time,Zone A,Temporary,Voluntary,Guy present clear.,Production       ,Engineers,23-02-1946,MA,Laborer,Female,90837,Black,Divorced,Fully Meets,3
22-Dec-18,04-Jun-22,Production Technician I,WBL,Active,Part-Time,Zone B,Part-Time,Voluntary,Material agency modern degree general.,Production       ,Field Operations,17-05-1949,MA,Laborer,Female,1015,Hispanic,Widowed,Fully Meets,3
06-Mar-21,24-Dec-29,Production Technician I,TNS,Active,Contract,Zone A,Temporary,Unk,,Production       ,Field Operations,12-01-1955,MA,Laborer,Female,74027,Hispanic,Married,Fully Meets,3
25-Aug-19,26-Nov-22,Production Technician I,BPC,Active,Part-Time,Zone A,Temporary,Resignation,Keep position nature most anything eat blue.,Production       ,Field Operations,15-12-1988,MA,Laborer,Female,71780,Asian,Single,Fully Meets,3
22-Aug-20,05-Apr-23,Production Technician I,PYZ,Active,Full-Time,Zone A,Temporary,Voluntary,Much try remember natural.,Production       ,Field Operations,23-07-1955,MA,Laborer,Female,92543,Asian,Divorced,Fully Meets,3
27-May-19,22-Nov-29,Production Technician I,BPC,Active,Part-Time,Zone B,Temporary,Unk,,Production       ,Field Operations,16-07-1970,MA,Laborer,Female,6641,Other,Widowed,Fully Meets,3
10-Oct-21,01-Apr-23,Production Technician I,PYZ,Voluntarily Terminated,Part-Time,Zone A,Temporary,Resignation,Hour range a country focus.,Production       ,Field Operations,05-12-1985,MA,Laborer,Male,70078,Asian,Single,Fully Meets,3
15-Feb-19,20-Dec-29,Production Technician I,EW,Active,Contract,Zone B,Part-Time,Unk,,Production       ,Field Operations,10-02-1961,MA,Technician,Female,87880,Black,Single,Fully Meets,3
11-Jun-19,24-Nov-29,Production Technician I,PL,Active,Contract,Zone A,Full-Time,Unk,,Production       ,Field Operations,27-01-1952,MA,Laborer,Female,89807,White,Married,Fully Meets,3
05-Oct-18,12-Oct-29,Data Analyst,CCDR,Active,Part-Time,Zone A,Part-Time,Unk,,IT/IS,General - Con,12-04-1973,MA,Laborer,Female,1679,Black,Single,Fully Meets,3
08-Nov-22,16-Dec-29,Production Technician I,EW,Active,Contract,Zone C,Full-Time,Unk,,Production       ,Field Operations,17-04-1942,MA,Laborer,Female,76498,Black,Married,Fully Meets,3
08-Mar-19,03-Jan-23,Area Sales Manager,PYZ,Active,Contract,Zone A,Temporary,Resignation,Compare factor only together.,Sales,Engineers,20-04-2001,MA,Engineer,Male,92039,Asian,Divorced,Fully Meets,2
29-Jan-23,14-Oct-22,Production Technician I,CCDR,Active,Contract,Zone A,Full-Time,Voluntary,,Production       ,Field Operations,03-12-1948,MA,Engineer,Female,83074,Asian,Married,Fully Meets,3
15-Sep-19,11-Sep-22,Production Technician I,WBL,Active,Contract,Zone A,Full-Time,Voluntary,Window paper dark power knowledge must current.,Production       ,Field Operations,24-09-1948,MA,Laborer,Female,2842,Asian,Divorced,Fully Meets,3
21-Aug-22,01-Jan-30,Production Technician I,CCDR,Active,Contract,Zone A,Full-Time,Unk,,Production       ,Engineers,26-09-1996,MA,Technician,Female,80873,White,Widowed,Fully Meets,3
09-Oct-19,10-Dec-29,Production Technician I,TNS,Active,Part-Time,Zone A,Temporary,Unk,,Production       ,General - Con,02-03-1948,MA,Laborer,Female,72509,White,Single,Fully Meets,3
14-Jan-22,02-Dec-29,Production Technician I,BPC,Active,Full-Time,Zone A,Full-Time,Unk,,IT/IS,Field Operations,03-09-1941,MA,Laborer,Male,32752,Black,Divorced,Fully Meets,3
12-May-19,28-Apr-23,Production Technician I,BPC,Active,Part-Time,Zone A,Temporary,Retirement,,IT/IS,Field Operations,17-04-1946,MA,Laborer,Male,5047,Black,Single,Fully Meets,3
01-Apr-22,23-Nov-29,Production Technician I,WBL,Active,Contract,Zone C,Full-Time,Unk,,Production       ,Field Operations,07-10-1987,MA,Technician,Female,14594,White,Single,Fully Meets,3
06-Mar-23,20-Nov-29,Production Technician I,CCDR,Active,Part-Time,Zone B,Temporary,Unk,,Production       ,Field Operations,02-12-1946,MA,Laborer,Female,74405,White,Widowed,Fully Meets,3
17-Dec-22,02-Nov-22,Production Technician I,NEL,Active,Contract,Zone C,Full-Time,Unk,,Production       ,Engineers,01-04-1948,MA,Engineer,Female,87456,Asian,Divorced,Fully Meets,3
19-Sep-22,01-Jan-30,Production Technician I,PL,Active,Full-Time,Zone B,Temporary,Unk,,Production       ,Field Operations,22-02-1961,MA,Foreman,Female,72076,White,Married,Fully Meets,3
06-Aug-23,06-Mar-23,Production Technician I,EW,Active,Contract,Zone C,Temporary,Resignation,Hold parent PM claim star seek.,Production       ,Field Operations,03-09-1941,MA,Engineer,Female,87875,Asian,Single,Fully Meets,3
01-Jan-22,18-Jan-23,Production Technician I,CCDR,Active,Full-Time,Zone A,Temporary,Unk,,Production       ,Field Operations,18-06-1942,MA,Laborer,Female,78296,Asian,Divorced,Fully Meets,3
06-Apr-19,21-Oct-22,Production Technician I,TNS,Active,Contract,Zone A,Temporary,Voluntary,According crime none method effort.,Production       ,Field Operations,01-11-1950,MA,Laborer,Female,88126,Hispanic,Married,Fully Meets,3
26-Jul-19,01-Jan-30,Production Technician I,TNS,Active,Contract,Zone A,Temporary,Unk,,Production       ,Field Operations,23-09-1960,MA,Laborer,Female,73212,White,Married,Fully Meets,3
05-May-19,19-Dec-22,Production Technician I,WBL,Active,Contract,Zone A,Full-Time,Voluntary,,Production       ,Field Operations,09-11-1948,MA,Laborer,Female,7182,Black,Single,Fully Meets,3
29-Apr-19,27-Oct-29,Production Technician I,CCDR,Active,Part-Time,Zone A,Temporary,Unk,,Production       ,General - Con,19-05-1953,MA,Laborer,Male,32298,White,Single,Fully Meets,3
07-Jan-20,01-Jan-30,Production Technician I,PL,Active,Contract,Zone A,Full-Time,Unk,,Production       ,Field Operations,02-08-1948,MA,Laborer,Male,82329,Black,Divorced,Fully Meets,3
19-Nov-22,17-Oct-22,Production Technician I,BPC,Active,Full-Time,Zone A,Full-Time,Retirement,,Production       ,Engineers,01-05-1947,MA,Laborer,Female,74079,Asian,Divorced,Fully Meets,3
23-Jul-22,27-Nov-29,Production Technician I,TNS,Active,Part-Time,Zone A,Temporary,Unk,,Production       ,Field Operations,09-11-1947,MA,Laborer,Male,24659,Black,Single,Fully Meets,3
22-Feb-19,02-Dec-29,Production Technician I,CCDR,Active,Part-Time,Zone A,Full-Time,Unk,,Production       ,General - Con,28-07-1950,MA,Laborer,Female,1015,Black,Single,Fully Meets,3
21-Sep-22,23-Dec-29,Software Engineer,PYZ,Active,Contract,Zone A,Full-Time,Unk,,IT/IS,Field Operations,20-05-1991,MA,Engineer,Male,82329,Black,Married,Fully Meets,3
24-May-19,20-Oct-22,Area Sales Manager,MSC,Active,Contract,Zone A,Full-Time,Resignation,,Sales,General - Con,01-05-1950,MA,Laborer,Male,10838,Black,Single,Fully Meets,3
11-Aug-18,15-Nov-22,Network Engineer,WBL,Active,Contract,Zone A,Temporary,Voluntary,Church happen network dog kid thought.,Production       ,General - Con,26-08-1959,MA,Laborer,Female,10458,Hispanic,Single,Fully Meets,3
19-Apr-20,10-Dec-22,Production Technician I,CCDR,Active,Full-Time,Zone A,Full-Time,Unk,,Production       ,Field Operations,17-06-1957,MA,Laborer,Female,73798,Asian,Married,Fully Meets,3
13-Dec-22,19-Dec-29,Area Sales Manager,NEL,Active,Full-Time,Zone A,Temporary,Unk,,Sales,Engineers,22-02-1985,MA,Engineer,Male,91947,Asian,Married,Fully Meets,2
13-May-19,26-Dec-29,Production Technician I,CCDR,Active,Full-Time,Zone B,Part-Time,Unk,,Production       ,Field Operations,22-07-1985,MA,Technician,Female,14953,Black,Single,Fully Meets,3
07-Jan-23,07-Nov-29,Production Technician I,BPC,Active,Contract,Zone B,Temporary,Unk,,Production       ,Field Operations,30-11-1946,MA,Technician,Female,26980,Other,Married,Fully Meets,3
22-Apr-22,29-Dec-21,Production Technician I,TNS,Active,Contract,Zone B,Temporary,Voluntary,,Production       ,Field Operations,30-01-1993,MA,Laborer,Female,77826,White,Married,Fully Meets,3
27-Oct-20,01-Jan-30,Production Technician I,TNS,Active,Full-Time,Zone A,Temporary,Unk,,Production       ,Field Operations,10-01-1951,MA,Laborer,Female,74583,White,Divorced,Fully Meets,3
25-Nov-19,06-Dec-29,Production Technician I,WBL,Active,Part-Time,Zone B,Temporary,Unk,,Production       ,Field Operations,04-07-1973,MA,Laborer,Female,7078,Black,Single,Fully Meets,3
23-Sep-18,25-Aug-22,Network Engineer,MSC,Active,Contract,Zone A,Part-Time,Voluntary,Condition control raise.,Production       ,General - Con,02-05-1959,MA,Laborer,Female,2031,Hispanic,Single,Fully Meets,3
22-Feb-22,13-Dec-22,Production Technician I,PYZ,Active,Full-Time,Zone A,Temporary,Retirement,Lot as card response consumer.,Production       ,General - Con,03-04-1955,MA,Technician,Male,75580,Asian,Married,Fully Meets,2
21-Dec-18,25-Mar-23,Production Technician I,PYZ,Active,Contract,Zone A,Temporary,Voluntary,,Production       ,Field Operations,18-10-1988,MA,Engineer,Male,67968,Other,Widowed,Fully Meets,3
19-Mar-23,01-Jan-30,Production Technician I,TNS,Active,Part-Time,Zone A,Temporary,Unk,,Production       ,General - Con,15-10-1978,MA,Laborer,Female,78578,Black,Single,Fully Meets,3
01-Jul-19,02-Dec-29,Production Technician I,PL,Active,Contract,Zone A,Full-Time,Unk,,Production       ,Field Operations,30-06-1948,MA,Engineer,Female,83242,White,Married,Fully Meets,3
09-Nov-19,07-Dec-29,Production Technician I,PL,Active,Full-Time,Zone A,Full-Time,Unk,,Production       ,Field Operations,12-01-1961,MA,Laborer,Male,51783,Asian,Divorced,Fully Meets,3
18-Oct-19,09-Aug-22,Production Technician I,NEL,Active,Full-Time,Zone A,Temporary,Retirement,,Production       ,Field Operations,08-11-1952,MA,Laborer,Female,76291,Hispanic,Divorced,Fully Meets,3
13-Jul-19,17-Jan-23,Production Technician I,WBL,Active,Full-Time,Zone A,Full-Time,Unk,,Production       ,Field Operations,13-11-2000,MA,Laborer,Female,84615,Asian,Divorced,Fully Meets,3
24-Dec-22,06-Dec-29,Production Technician I,PL,Active,Contract,Zone B,Full-Time,Unk,,Production       ,Field Operations,02-08-1988,MA,Technician,Female,91168,White,Married,Fully Meets,3
30-Sep-22,09-Jan-23,Production Technician I,CCDR,Active,Contract,Zone A,Temporary,Resignation,Risk management money field.,Production       ,Engineers,02-03-1995,MA,Engineer,Female,78704,Asian,Married,Fully Meets,3
15-Dec-18,01-Jan-30,Production Technician I,WBL,Active,Part-Time,Zone B,Temporary,Unk,,Production       ,Field Operations,23-05-1974,MA,Laborer,Female,23172,Black,Single,Fully Meets,3
25-Mar-23,01-Jan-30,Production Technician I,PL,Active,Full-Time,Zone C,Full-Time,Unk,,Production       ,Field Operations,10-07-1997,MA,Laborer,Female,78656,White,Married,Fully Meets,3
14-May-19,01-Jan-30,Production Technician I,WBL,Active,Part-Time,Zone B,Part-Time,Unk,,Production       ,Field Operations,31-08-1986,MA,Lineman,Female,1015,Black,Single,Fully Meets,3
29-Dec-22,08-Dec-22,Production Technician I,NEL,Active,Full-Time,Zone C,Full-Time,Retirement,,Production       ,Project Management - Con,26-01-1952,MA,Coordinator,Male,97893,Asian,Married,Fully Meets,3
26-May-23,12-Jan-23,Production Technician I,TNS,Active,Full-Time,Zone C,Temporary,Unk,,Production       ,Field Operations,22-09-1950,MA,Laborer,Female,73074,Black,Divorced,Fully Meets,3
04-Jan-19,01-Jan-30,Production Technician I,CCDR,Active,Part-Time,Zone A,Full-Time,Unk,,Production       ,Field Operations,04-08-1950,MA,Technician,Female,79229,Black,Married,Fully Meets,3
11-Aug-20,15-Oct-22,Production Technician I,PYZ,Active,Part-Time,Zone B,Temporary,Retirement,Exactly vote including easy.,IT/IS,Field Operations,24-05-1980,MA,Laborer,Male,6281,Black,Single,Fully Meets,3
07-May-19,01-Jan-30,Production Technician I,PL,Active,Full-Time,Zone B,Full-Time,Unk,,Production       ,Field Operations,16-11-1955,MA,Laborer,Female,4869,Black,Married,Fully Meets,3
07-Feb-19,01-Jan-21,Production Technician I,WBL,Active,Part-Time,Zone C,Part-Time,Voluntary,Simply game everyone despite line.,Production       ,General - Con,02-07-1959,MA,Laborer,Female,20961,Black,Single,Fully Meets,3
05-Jan-23,09-Feb-23,Production Technician I,PL,Active,Contract,Zone A,Temporary,Involuntary,Pretty he matter south treat benefit.,Production       ,General - Con,01-01-1955,MA,Laborer,Female,84879,Asian,Married,Fully Meets,2
25-Dec-22,24-May-23,Area Sales Manager,PYZ,Active,Contract,Zone C,Temporary,Resignation,Very research level send picture pressure our.,Sales,Field Operations,05-12-1987,MA,Engineer,Male,90252,Asian,Widowed,Fully Meets,2
25-Oct-20,01-May-23,Software Engineer,MSC,Active,Part-Time,Zone C,Temporary,Resignation,,IT/IS,Field Operations,22-11-1990,MA,Laborer,Male,72444,Black,Single,Fully Meets,3
31-Oct-19,20-Dec-29,Production Technician I,BPC,Active,Contract,Zone B,Full-Time,Unk,,Production       ,Field Operations,29-07-1948,MA,Laborer,Female,64370,Asian,Divorced,Fully Meets,3
17-Mar-22,19-Nov-22,BI Developer,BPC,Active,Part-Time,Zone B,Temporary,Retirement,Customer front detail bed say suddenly here.,IT/IS,Field Operations,09-10-1992,MA,Intern,Male,1015,Asian,Single,Fully Meets,3
08-Nov-22,10-Jan-23,Production Technician I,CCDR,Terminated for Cause,Full-Time,Zone A,Temporary,Retirement,Nation you bad daughter only huge them.,Production       ,Engineers,19-10-1944,MA,Engineer,Male,79952,Asian,Divorced,Fully Meets,3
26-Mar-21,19-Sep-22,Production Technician I,PYZ,Active,Part-Time,Zone B,Temporary,Resignation,Somebody air turn. Dark civil any serious.,Production       ,Field Operations,06-03-1990,MA,Laborer,Male,50435,Other,Widowed,Fully Meets,3
22-May-22,15-May-23,Software Engineer,BPC,Active,Part-Time,Zone C,Temporary,Resignation,,Production       ,Field Operations,10-04-1945,MA,Laborer,Male,85703,Asian,Single,Fully Meets,3
03-Aug-19,10-May-22,Production Technician I,WBL,Active,Full-Time,Zone A,Full-Time,Voluntary,,Production       ,General - Con,18-08-1988,MA,Laborer,Female,91919,White,Divorced,Fully Meets,3
13-Jun-19,01-Jan-30,Production Technician I,WBL,Active,Part-Time,Zone B,Temporary,Unk,,Production       ,Field Operations,05-07-1973,MA,Laborer,Female,13729,Hispanic,Single,Fully Meets,3
30-Nov-18,03-Sep-21,Production Technician I,CCDR,Active,Part-Time,Zone A,Temporary,Voluntary,,Production       ,Field Operations,23-05-1988,MA,Technician,Male,20500,Black,Married,Fully Meets,3
06-Feb-19,21-Oct-21,Production Technician I,PYZ,Active,Contract,Zone A,Full-Time,Involuntary,Crime west best industry right alone begin.,IT/IS,General - Con,02-03-1948,MA,Laborer,Female,80955,Black,Widowed,Fully Meets,3
17-Dec-22,29-Nov-29,Production Technician I,CCDR,Active,Full-Time,Zone B,Temporary,Unk,,Production       ,Field Operations,15-07-1990,MA,Technician,Female,51942,White,Widowed,Fully Meets,3
15-Apr-19,19-Dec-29,Production Technician I,CCDR,Active,Full-Time,Zone A,Full-Time,Unk,,Production       ,Field Operations,20-07-1990,MA,Engineer,Male,17948,Black,Married,Fully Meets,3
28-Jul-23,22-Dec-29,Production Technician I,CCDR,Active,Full-Time,Zone C,Full-Time,Unk,,Production       ,Field Operations,05-03-1945,MA,Laborer,Female,86929,White,Married,Fully Meets,3
28-Aug-21,01-Dec-22,Production Technician I,CCDR,Active,Full-Time,Zone A,Temporary,Voluntary,Board from heart ago allow list.,Production       ,Engineers,07-04-1944,MA,Engineer,Female,97893,Asian,Married,Fully Meets,3
20-Nov-19,22-Oct-22,Production Technician I,CCDR,Active,Full-Time,Zone A,Temporary,Retirement,Too within that room.,IT/IS,Field Operations,19-10-1945,MA,Laborer,Male,80558,Asian,Divorced,Fully Meets,3
10-Aug-19,20-Apr-23,Area Sales Manager,PYZ,Active,Contract,Zone C,Temporary,Resignation,Miss onto none our discussion year.,Sales,General - Con,24-08-1993,MA,Laborer,Male,73134,Black,Married,Fully Meets,2
31-Aug-18,15-Dec-22,Production Technician I,PYZ,Active,Full-Time,Zone A,Temporary,Involuntary,,Production       ,Field Operations,13-10-1953,MA,Technician,Female,76918,White,Married,Fully Meets,3
28-Mar-19,18-Oct-29,Production Technician I,WBL,Active,Part-Time,Zone C,Part-Time,Unk,,IT/IS,General - Con,05-07-1942,MA,Laborer,Male,4363,Black,Single,Fully Meets,3
11-Jan-19,09-Nov-29,Production Technician I,WBL,Active,Part-Time,Zone B,Temporary,Unk,,Production       ,Field Operations,18-07-1945,MA,Laborer,Male,82210,Black,Single,Fully Meets,3
29-Jun-22,20-Nov-29,Data Analyst,TNS,Active,Part-Time,Zone A,Temporary,Unk,,IT/IS,General - Con,20-05-1957,MA,Laborer,Male,48597,Black,Single,Fully Meets,3
29-Jun-22,01-Jan-30,Area Sales Manager,PYZ,Active,Contract,Zone A,Temporary,Unk,,Production       ,Field Operations,16-09-1992,MA,Engineer,Male,68853,White,Married,Fully Meets,1
13-Dec-22,28-Dec-29,Production Technician I,CCDR,Active,Full-Time,Zone A,Full-Time,Unk,,Production       ,Engineers,13-02-1994,MA,Engineer,Male,84744,White,Married,Fully Meets,3
15-Mar-19,20-Mar-22,Production Technician I,WBL,Active,Contract,Zone C,Part-Time,Voluntary,Perform question beyond article.,Production       ,Field Operations,15-08-1954,MA,Laborer,Female,1534,Hispanic,Divorced,Fully Meets,3
11-Jan-22,02-Nov-22,Production Technician I,SVG,Active,Full-Time,Zone A,Temporary,Retirement,Report provide home follow price.,Production       ,Field Operations,27-02-1950,MA,Laborer,Female,74873,Asian,Divorced,Fully Meets,3
02-Jul-19,29-Dec-29,Production Technician I,PL,Active,Full-Time,Zone A,Full-Time,Unk,,Production       ,Field Operations,16-09-1963,MA,Laborer,Female,43551,Asian,Married,Fully Meets,3
16-Nov-22,17-Jun-23,Production Technician I,TNS,Voluntarily Terminated,Contract,Zone A,Temporary,Involuntary,Some others lot miss land similar.,Production       ,Field Operations,12-10-1953,MA,Technician,Female,81638,Other,Married,Fully Meets,3
26-Aug-19,14-Dec-29,Production Technician I,CCDR,Active,Part-Time,Zone A,Full-Time,Unk,,Production       ,General - Con,11-04-1951,MA,Laborer,Female,11922,White,Single,Fully Meets,3
16-Jul-21,22-Oct-22,BI Developer,PYZ,Active,Part-Time,Zone C,Full-Time,Unk,,IT/IS,Field Operations,08-10-1950,MA,Laborer,Male,1015,Black,Divorced,Fully Meets,3
30-Dec-22,14-May-23,Production Technician I,PYZ,Active,Contract,Zone C,Full-Time,Retirement,Black civil room chance. This mind find adult.,IT/IS,Field Operations,10-12-1996,MA,Engineer,Male,40203,Asian,Married,Fully Meets,3
22-Aug-22,08-Jul-23,Production Technician I,PYZ,Active,Full-Time,Zone C,Full-Time,Resignation,,Production       ,Field Operations,10-09-1988,MA,Technician,Female,75343,Other,Married,Fully Meets,3
02-Jun-23,28-Oct-21,Production Technician I,MSC,Voluntarily Terminated,Contract,Zone B,Temporary,Involuntary,Build very significant imagine cell doctor.,Production       ,Field Operations,07-06-1998,MA,Manager,Female,73570,Other,Widowed,Fully Meets,3
14-Dec-21,01-Jan-30,Production Technician I,EW,Active,Full-Time,Zone C,Part-Time,Unk,,Production       ,Field Operations,17-01-1958,MA,Technician,Female,88014,White,Married,Fully Meets,3
27-Feb-19,16-Jun-22,Production Technician I,WBL,Active,Full-Time,Zone A,Temporary,Voluntary,,Production       ,Field Operations,09-04-1955,MA,Laborer,Female,79537,Asian,Divorced,Fully Meets,3
20-Jan-19,24-Feb-22,Production Technician I,BPC,Active,Full-Time,Zone A,Temporary,Retirement,Nor director yard within car into final.,Production       ,Engineers,22-06-1943,MA,Laborer,Female,74861,Asian,Divorced,Fully Meets,3
14-Apr-19,04-Jan-21,Production Technician I,CCDR,Active,Part-Time,Zone B,Temporary,Voluntary,,Production       ,Field Operations,12-07-1993,MA,Laborer,Female,8977,Black,Widowed,Fully Meets,3
13-Feb-19,17-Sep-22,Production Technician I,BPC,Active,Full-Time,Zone B,Temporary,Unk,,Production       ,Field Operations,12-05-1951,MA,Laborer,Female,83258,Black,Single,Fully Meets,3
17-Mar-23,11-Apr-23,Production Technician I,CCDR,Active,Contract,Zone C,Part-Time,Voluntary,,Production       ,Engineers,18-11-1990,MA,Engineer,Female,84115,Asian,Divorced,Fully Meets,3
06-Jul-22,01-Jan-30,Production Technician I,TNS,Active,Part-Time,Zone A,Temporary,Unk,,Production       ,Field Operations,11-09-1965,MA,Laborer,Female,77070,Hispanic,Single,Fully Meets,3
17-Jan-23,20-Feb-23,Production Technician I,PL,Active,Full-Time,Zone A,Part-Time,Unk,,Production       ,Engineers,09-01-1947,MA,Engineer,Female,82662,Asian,Divorced,Fully Meets,3
11-Mar-21,01-Jan-30,Production Technician I,WBL,Active,Full-Time,Zone C,Temporary,Unk,,Production       ,Field Operations,06-12-1983,MA,Laborer,Female,97893,Black,Single,Fully Meets,3
15-Nov-22,01-Jan-30,Production Technician I,CCDR,Active,Full-Time,Zone A,Full-Time,Unk,,Production       ,Field Operations,29-12-1993,MA,Laborer,Male,74612,White,Married,Fully Meets,3
22-Jun-19,20-Dec-29,Production Technician I,CCDR,Active,Part-Time,Zone A,Full-Time,Unk,,Production       ,Field Operations,04-04-1953,MA,Laborer,Female,11559,Black,Single,Fully Meets,3
15-Oct-22,26-Apr-23,Production Technician I,CCDR,Voluntarily Terminated,Full-Time,Zone A,Temporary,Involuntary,Beat hand ready reason development else doctor.,Production       ,Field Operations,14-04-1952,MA,Engineer,Female,97893,Asian,Married,Fully Meets,2
27-Nov-22,28-Jan-23,Production Technician I,CCDR,Active,Full-Time,Zone A,Full-Time,Unk,,Production       ,Field Operations,22-11-1989,MA,Engineer,Female,37820,White,Married,Fully Meets,3
02-Aug-19,17-Aug-22,Production Technician I,NEL,Active,Full-Time,Zone A,Temporary,Involuntary,Pretty he matter south treat benefit.,Production       ,General - Con,13-11-1959,MA,Laborer,Female,97893,Hispanic,Widowed,Fully Meets,3
29-Apr-19,19-Nov-29,Production Technician I,CCDR,Active,Full-Time,Zone A,Temporary,Unk,,Production       ,Field Operations,17-05-1974,MA,Laborer,Female,94647,Other,Married,Fully Meets,3
26-Aug-22,20-May-23,Production Technician I,PYZ,Active,Contract,Zone A,Temporary,Resignation,Risk management money field.,Production       ,Fielders,05-03-1990,MA,Engineer,Female,84656,Other,Married,Fully Meets,2
03-Dec-21,01-Jan-30,Production Technician I,WBL,Active,Part-Time,Zone A,Full-Time,Unk,,Production       ,Field Operations,07-09-1999,MA,Laborer,Male,72755,White,Single,Fully Meets,3
11-Jan-19,06-Apr-20,Area Sales Manager,WBL,Active,Contract,Zone A,Full-Time,Voluntary,Yourself book budget product.,Sales,General - Con,04-09-1993,MA,Laborer,Male,13812,Black,Divorced,Fully Meets,3
10-Feb-19,26-Dec-22,Network Engineer,MSC,Active,Contract,Zone B,Temporary,Involuntary,Window paper dark power knowledge must current.,Executive Office,Field Operations,09-01-1963,MA,Foreman,Female,78324,Hispanic,Single,Fully Meets,3
26-Nov-18,16-Dec-22,Production Technician I,BPC,Active,Full-Time,Zone A,Part-Time,Retirement,,Production       ,Field Operations,24-01-1946,MA,Laborer,Female,13435,Asian,Single,Fully Meets,3
19-Aug-19,30-Dec-29,Production Technician I,PL,Active,Full-Time,Zone B,Full-Time,Unk,,Production       ,Field Operations,29-01-1952,MA,Laborer,Female,94483,White,Single,Fully Meets,3
03-Jun-21,01-Jan-30,Production Technician I,TNS,Active,Part-Time,Zone A,Temporary,Unk,,Production       ,Field Operations,22-06-1948,MA,Laborer,Male,43720,Black,Single,Fully Meets,3
05-Apr-19,27-Dec-22,Area Sales Manager,PYZ,Active,Part-Time,Zone A,Temporary,Retirement,,Sales,General - Con,02-11-1992,MA,Engineer,Male,6540,White,Married,Fully Meets,2
12-Oct-22,04-Feb-23,Production Technician I,CCDR,Active,Full-Time,Zone A,Temporary,Resignation,Ok though floor sense want future.,Production       ,Field Operations,02-04-1988,MA,Technician,Female,85936,Asian,Married,Fully Meets,3
30-Jul-20,05-Oct-22,Production Technician I,CCDR,Active,Full-Time,Zone A,Temporary,Voluntary,Half nice continue serious move lay itself.,Production       ,Field Operations,17-02-1989,MA,Laborer,Female,79302,Asian,Married,Fully Meets,3
17-Apr-23,06-Jun-23,Area Sales Manager,PYZ,Active,Full-Time,Zone C,Temporary,Resignation,Summer personal bag.,Sales,Field Operations,04-06-1948,MA,Engineer,Male,94121,Asian,Married,Fully Meets,2
08-Aug-19,17-Dec-29,Production Technician I,PL,Active,Contract,Zone B,Full-Time,Unk,,Production       ,Field Operations,20-06-1988,MA,Laborer,Female,9609,White,Married,Fully Meets,3
20-Jan-19,09-Feb-22,Production Technician I,BPC,Active,Contract,Zone B,Part-Time,Voluntary,Few attorney all campaign town reflect behavior.,Production       ,Field Operations,18-12-1952,MA,Laborer,Female,1015,Black,Single,Fully Meets,3
03-Jan-22,10-Oct-22,BI Developer,PYZ,Active,Part-Time,Zone B,Temporary,Resignation,Sort blue time total.,IT/IS,Field Operations,01-11-1948,MA,Laborer,Male,73563,Other,Widowed,Fully Meets,3
17-Mar-19,01-Feb-23,BI Developer,MSC,Active,Part-Time,Zone A,Temporary,Retirement,Open test message part risk.,IT/IS,Field Operations,24-09-1949,MA,Laborer,Male,8719,Black,Single,Fully Meets,3
20-Apr-19,10-Aug-21,Production Technician I,BPC,Active,Part-Time,Zone A,Temporary,Resignation,Exactly vote including easy.,Production       ,Field Operations,21-08-1989,MA,Laborer,Male,71601,Other,Single,Fully Meets,3
22-Oct-19,19-Dec-29,Production Technician I,CCDR,Active,Full-Time,Zone A,Full-Time,Unk,,IT/IS,Field Operations,15-07-1942,MA,Laborer,Male,1015,Black,Single,Fully Meets,3
28-Feb-20,26-Nov-29,Production Technician I,BPC,Active,Contract,Zone A,Temporary,Unk,,Production       ,Field Operations,17-05-1958,MA,Laborer,Female,87849,Asian,Widowed,Fully Meets,3
27-Dec-19,01-Jan-30,Production Technician I,EW,Active,Contract,Zone B,Full-Time,Unk,,Production       ,Field Operations,21-11-1969,MA,Laborer,Female,76630,Other,Widowed,Fully Meets,3
29-Sep-18,01-Jan-30,Production Technician I,CCDR,Active,Full-Time,Zone A,Temporary,Unk,,Production       ,Field Operations,30-03-1949,MA,Technician,Female,6285,White,Widowed,Fully Meets,3
18-Jan-20,01-Jan-30,Area Sales Manager,CCDR,Active,Full-Time,Zone A,Full-Time,Unk,,Sales,Field Operations,29-06-1953,MA,Laborer,Male,16731,Asian,Single,Fully Meets,3
31-Aug-19,11-Nov-22,Production Technician I,BPC,Active,Full-Time,Zone A,Part-Time,Voluntary,,Production       ,Field Operations,18-04-1956,MA,Laborer,Female,16035,Black,Divorced,Fully Meets,3
02-May-19,03-Nov-22,Production Technician I,MSC,Active,Contract,Zone B,Temporary,Involuntary,Gas also suffer air support size make.,Production       ,Field Operations,25-11-1950,MA,Laborer,Female,73844,Hispanic,Widowed,Fully Meets,3
08-Apr-19,13-Dec-29,Production Technician I,PYZ,Active,Part-Time,Zone B,Temporary,Unk,,Production       ,Field Operations,08-06-1971,MA,Laborer,Female,4693,Other,Widowed,Fully Meets,3
22-May-23,07-Dec-29,Production Technician I,BPC,Active,Contract,Zone B,Full-Time,Unk,,Production       ,Field Operations,18-09-1951,MA,Laborer,Female,83537,Black,Divorced,Fully Meets,3
22-Feb-19,04-Apr-22,Production Technician I,PL,Active,Full-Time,Zone A,Part-Time,Voluntary,Capital course trade.,Production       ,Engineers,04-02-1956,MA,Laborer,Female,7998,Asian,Divorced,Fully Meets,3
25-May-19,22-Dec-29,Software Engineer,BPC,Active,Full-Time,Zone A,Full-Time,Unk,,Software Engineering,Field Operations,03-11-1985,MA,Engineer,Female,15508,Black,Single,Fully Meets,3
09-Jun-22,29-Mar-23,Production Technician I,PL,Active,Full-Time,Zone A,Temporary,Retirement,Board from heart ago allow list.,Production       ,Engineers,15-10-1949,MA,Engineer,Female,97893,Asian,Married,Fully Meets,2
30-Aug-19,04-Dec-29,Network Engineer,TNS,Active,Part-Time,Zone A,Temporary,Unk,,IT/IS,General - Con,21-08-1957,MA,Laborer,Female,3570,Hispanic,Single,Fully Meets,3
06-Aug-20,16-Feb-23,Production Technician I,MSC,Active,Part-Time,Zone B,Temporary,Resignation,,IT/IS,Field Operations,07-05-1946,MA,Laborer,Male,72823,Black,Single,Fully Meets,3
22-Feb-23,01-Jan-30,Area Sales Manager,CCDR,Active,Full-Time,Zone A,Temporary,Unk,,IT/IS,Field Operations,23-07-1952,MA,Laborer,Male,11056,White,Single,Fully Meets,3
27-Jan-20,29-Dec-29,Software Engineer,BPC,Active,Part-Time,Zone A,Full-Time,Unk,,IT/IS,Field Operations,15-10-1951,MA,Laborer,Male,37711,Black,Single,Fully Meets,3
21-Oct-18,12-May-21,Production Technician I,MSC,Active,Part-Time,Zone B,Full-Time,Voluntary,Guy ten dream. Thing he care series.,Production       ,Field Operations,01-01-1992,MA,Laborer,Female,13769,Black,Divorced,Fully Meets,3
09-Dec-20,13-Sep-21,Production Technician I,WBL,Active,Part-Time,Zone A,Temporary,Resignation,Control head ground agreement check ever.,Production       ,Field Operations,21-01-1988,MA,Technician,Female,91421,Other,Single,Fully Meets,3
06-Nov-18,12-Nov-22,Production Technician I,CCDR,Active,Full-Time,Zone A,Part-Time,Unk,,Production       ,Engineers,26-01-1988,MA,Engineer,Female,21409,Asian,Widowed,Fully Meets,3
24-May-22,01-Jan-30,Production Technician I,CCDR,Active,Full-Time,Zone A,Temporary,Unk,,Production       ,Field Operations,03-08-1953,MA,Laborer,Male,36241,White,Married,Fully Meets,3
25-Feb-23,27-Apr-23,Production Technician I,TNS,Active,Full-Time,Zone A,Temporary,Voluntary,,Production       ,Field Operations,24-10-1953,MA,Laborer,Female,72248,White,Married,Fully Meets,3
31-Jan-22,19-Apr-23,Production Technician I,TNS,Active,Contract,Zone A,Full-Time,Voluntary,Half nice continue serious move lay itself.,Production       ,Field Operations,22-06-1960,MA,Engineer,Female,92914,Asian,Married,Fully Meets,3
06-Apr-23,29-Jun-23,Production Technician I,NEL,Active,Full-Time,Zone A,Temporary,Involuntary,Lot as card response consumer.,Production       ,Project Management - Con,01-01-1989,MA,Engineer,Male,90270,Asian,Married,Fully Meets,2
19-Jun-19,01-Jan-30,Production Technician I,NEL,Active,Contract,Zone A,Full-Time,Unk,,Production       ,General - Con,09-08-1959,MA,Laborer,Female,73005,Hispanic,Married,Fully Meets,3
10-Dec-18,01-Jan-30,Production Technician I,PL,Active,Full-Time,Zone A,Full-Time,Unk,,Production       ,Engineers,08-05-1952,MA,Laborer,Male,88660,Asian,Divorced,Fully Meets,3
15-Sep-19,10-Dec-29,Production Technician I,PL,Active,Full-Time,Zone A,Full-Time,Unk,,Production       ,Field Operations,29-05-1950,MA,Laborer,Male,4348,Black,Single,Fully Meets,3
15-Feb-22,01-Jan-30,Production Technician I,WBL,Active,Part-Time,Zone A,Temporary,Unk,,Production       ,Field Operations,07-12-1994,MA,Laborer,Female,8891,White,Married,Fully Meets,3
27-Jan-19,26-Dec-22,BI Developer,MSC,Active,Full-Time,Zone A,Temporary,Retirement,,IT/IS,Field Operations,07-08-1958,MA,Laborer,Male,86301,Black,Married,Fully Meets,3
28-Apr-22,01-Jan-30,Production Technician I,CCDR,Active,Contract,Zone C,Full-Time,Unk,,Production       ,Field Operations,01-10-1989,MA,Technician,Female,81855,White,Married,Fully Meets,3
16-Jul-19,01-Jan-30,Production Technician I,CCDR,Active,Contract,Zone A,Full-Time,Unk,,Production       ,Engineers,24-02-1993,MA,Engineer,Female,86912,Asian,Married,Fully Meets,3
17-Apr-22,12-Jan-23,Production Technician I,CCDR,Active,Contract,Zone A,Full-Time,Unk,,Production       ,Engineers,14-05-1991,MA,Engineer,Female,92875,White,Married,Fully Meets,3
16-Jun-19,01-Jan-30,Production Technician I,TNS,Active,Contract,Zone A,Temporary,Unk,,Production       ,Field Operations,12-12-1957,MA,Laborer,Female,71115,White,Married,Fully Meets,3
13-Jun-22,20-Dec-29,Network Engineer,MSC,Active,Full-Time,Zone A,Temporary,Unk,,IT/IS,Field Operations,24-07-1958,MA,Laborer,Male,47943,Black,Single,Fully Meets,3
12-Jan-19,26-Oct-29,Production Technician I,TNS,Active,Part-Time,Zone B,Part-Time,Unk,,Production       ,General - Con,21-08-1950,MA,Laborer,Female,63368,Hispanic,Single,Fully Meets,3
16-Nov-22,28-Nov-29,Production Technician I,PYZ,Active,Part-Time,Zone A,Temporary,Unk,,Production       ,Field Operations,26-04-1984,MA,Laborer,Female,13570,Black,Single,Fully Meets,3
14-Jan-23,12-Mar-23,Production Technician I,PYZ,Active,Full-Time,Zone A,Temporary,Retirement,Much try remember natural.,Production       ,Field Operations,17-02-1954,MA,Laborer,Female,91127,Asian,Married,Fully Meets,3
18-Feb-22,07-Dec-29,Production Technician I,CCDR,Active,Full-Time,Zone A,Temporary,Unk,,Production       ,Field Operations,15-10-1954,MA,Laborer,Male,41089,Asian,Widowed,Fully Meets,3
30-Dec-18,11-Sep-22,Production Technician I,CCDR,Active,Full-Time,Zone A,Part-Time,Retirement,Nation you bad daughter only huge them.,Production       ,Engineers,22-08-1950,MA,Engineer,Male,82280,Asian,Divorced,Fully Meets,3
29-May-19,01-Jan-30,IT Support,WBL,Active,Part-Time,Zone A,Part-Time,Unk,,IT/IS,Field Operations,22-03-1954,MA,Laborer,Male,2844,Black,Single,Fully Meets,3
05-Oct-22,28-Feb-23,Production Technician I,TNS,Active,Contract,Zone A,Temporary,Voluntary,,Production       ,Field Operations,02-06-1953,MA,Laborer,Female,75883,Hispanic,Married,Fully Meets,3
11-Aug-18,29-Aug-22,Production Technician I,CCDR,Active,Full-Time,Zone A,Temporary,Involuntary,Key real fill never sing feeling.,Production       ,Field Operations,18-05-1989,MA,Laborer,Female,81166,Black,Divorced,Fully Meets,3
11-Nov-22,16-Nov-29,Production Technician I,CCDR,Active,Full-Time,Zone A,Temporary,Unk,,Production       ,Engineers,23-04-1993,MA,Engineer,Male,95031,White,Single,Fully Meets,3
08-Aug-22,01-Apr-22,Production Technician I,PYZ,Active,Contract,Zone A,Full-Time,Involuntary,,Production       ,Field Operations,04-06-1992,MA,Technician,Female,77456,White,Married,Fully Meets,3
22-Jan-19,06-Jan-23,Production Technician I,PYZ,Active,Part-Time,Zone A,Temporary,Voluntary,,Production       ,Field Operations,24-05-1995,MA,Laborer,Female,42465,White,Married,Fully Meets,3
14-Oct-22,25-Dec-29,Production Technician I,MSC,Active,Contract,Zone A,Temporary,Unk,,Production       ,General - Con,09-07-2001,MA,Laborer,Male,88569,White,Single,Fully Meets,3
29-Jul-22,05-Nov-29,Production Technician I,CCDR,Active,Part-Time,Zone C,Temporary,Unk,,Production       ,Field Operations,08-03-1995,MA,Laborer,Male,26923,Black,Married,Fully Meets,3
14-Feb-22,03-Jan-23,BI Developer,MSC,Active,Full-Time,Zone B,Temporary,Retirement,,IT/IS,Field Operations,28-12-1950,MA,Laborer,Male,83669,Black,Single,Fully Meets,3
30-Jul-22,19-Dec-22,Production Technician I,BPC,Active,Part-Time,Zone A,Temporary,Retirement,,Production       ,Field Operations,14-09-1943,MA,Laborer,Male,78823,Asian,Single,Fully Meets,3
29-May-19,19-Nov-29,Production Technician I,TNS,Active,Part-Time,Zone A,Part-Time,Unk,,IT/IS,Field Operations,31-07-1953,MA,Laborer,Male,1015,Hispanic,Single,Fully Meets,3
28-Jan-23,18-Aug-23,Software Engineer,PYZ,Active,Full-Time,Zone C,Temporary,Resignation,Buy become improve guess business know.,Software Engineering,Engineers,23-11-1949,MA,Engineer,Male,97893,Asian,Married,Fully Meets,2
05-Dec-18,05-Mar-22,Area Sales Manager,CCDR,Active,Full-Time,Zone A,Part-Time,Voluntary,Compare factor only together.,Sales,Project Management - Con,20-11-1986,MA,Engineer,Male,48178,Asian,Divorced,Fully Meets,2
09-Dec-19,01-Jan-30,Production Technician I,BPC,Active,Contract,Zone B,Full-Time,Unk,,Production       ,Field Operations,07-08-1952,MA,Laborer,Female,9872,Black,Divorced,Fully Meets,3
14-May-20,08-Feb-23,Network Engineer,MSC,Active,Contract,Zone A,Full-Time,Voluntary,Particularly box maybe.,IT/IS,General - Con,12-07-1954,MA,Laborer,Male,6140,Black,Single,Fully Meets,3
09-Sep-18,12-Jul-22,Production Technician I,CCDR,Active,Contract,Zone A,Full-Time,Voluntary,Unit computer what age career.,Production       ,General - Con,06-05-1989,MA,Laborer,Female,15819,Black,Divorced,Fully Meets,3
19-Mar-20,19-Nov-22,Production Technician I,BPC,Active,Full-Time,Zone A,Temporary,Retirement,Without production religious.,Production       ,Field Operations,23-06-1944,MA,Laborer,Female,75494,Asian,Single,Fully Meets,3
14-Jan-23,27-Nov-29,Production Technician I,CCDR,Active,Part-Time,Zone B,Temporary,Unk,,Production       ,Field Operations,22-08-1986,MA,Technician,Female,42309,Black,Single,Fully Meets,3
11-Aug-18,17-May-21,Production Technician I,MSC,Active,Part-Time,Zone B,Temporary,Voluntary,,IT/IS,Field Operations,22-06-1994,MA,Laborer,Male,5978,Black,Single,Fully Meets,3
08-Jul-19,09-Dec-29,Software Engineer,BPC,Active,Full-Time,Zone A,Full-Time,Unk,,IT/IS,Engineers,01-01-1946,MA,Laborer,Male,16028,Asian,Single,Fully Meets,3
12-Apr-19,01-Jan-30,Production Technician I,CCDR,Active,Full-Time,Zone A,Temporary,Unk,,Production       ,General - Con,13-05-1999,MA,Engineer,Male,93075,Asian,Widowed,Fully Meets,3
27-Aug-19,05-Jan-23,Production Technician I,CCDR,Active,Full-Time,Zone A,Temporary,Retirement,Country as dream project office.,Production       ,Engineers,08-06-1954,MA,Engineer,Female,97893,Asian,Divorced,Fully Meets,2
13-Mar-23,30-Sep-23,Production Technician I,TNS,Active,Full-Time,Zone A,Temporary,Involuntary,,Production       ,Field Operations,15-03-1963,MA,Laborer,Female,82290,White,Widowed,Fully Meets,3
11-Jan-21,01-Jan-30,Production Technician I,BPC,Active,Part-Time,Zone B,Temporary,Unk,,Production       ,Field Operations,14-06-1988,MA,Laborer,Female,72713,Other,Widowed,Fully Meets,3
19-May-19,27-Nov-29,Production Technician I,BPC,Active,Full-Time,Zone B,Temporary,Unk,,Production       ,Field Operations,19-07-1958,MA,Technician,Female,31150,Black,Single,Fully Meets,3
04-Feb-20,01-Jan-30,Data Analyst,NEL,Active,Full-Time,Zone A,Full-Time,Unk,,IT/IS,Field Operations,09-04-1946,MA,Laborer,Male,58665,Black,Single,Fully Meets,3
26-Apr-22,22-Jul-23,Production Technician I,TNS,Active,Part-Time,Zone A,Temporary,Voluntary,,Production       ,Field Operations,21-05-1994,MA,Laborer,Female,84284,White,Married,Fully Meets,3
20-Oct-19,30-Sep-22,Network Engineer,MSC,Active,Part-Time,Zone C,Full-Time,Voluntary,,IT/IS,Field Operations,03-09-1951,MA,Laborer,Male,11533,Black,Single,Fully Meets,3
12-Dec-22,28-May-23,Area Sales Manager,CCDR,Active,Full-Time,Zone A,Temporary,Unk,,Sales,Engineers,14-02-1993,MA,Engineer,Male,97549,Asian,Married,Fully Meets,2
05-Jun-19,18-Dec-22,Production Technician I,EW,Active,Full-Time,Zone A,Temporary,Resignation,Guy present clear.,Production       ,Engineers,02-09-1993,MA,Technician,Female,91734,Other,Married,Fully Meets,3
15-Oct-22,21-Nov-29,Production Technician I,CCDR,Active,Full-Time,Zone B,Temporary,Unk,,Production       ,Field Operations,24-07-1992,MA,Technician,Female,75350,White,Married,Fully Meets,3
11-Jul-19,10-Dec-29,Production Technician I,PYZ,Active,Full-Time,Zone B,Temporary,Unk,,Production       ,Field Operations,11-01-1966,MA,Technician,Male,11220,Black,Single,Fully Meets,3
21-Jul-21,01-Jan-30,Production Technician I,BPC,Active,Full-Time,Zone A,Temporary,Unk,,IT/IS,Field Operations,03-07-1946,MA,Laborer,Male,69296,Asian,Single,Fully Meets,3
02-Feb-20,14-Nov-22,Area Sales Manager,CCDR,Active,Full-Time,Zone A,Temporary,Unk,,Sales,Engineers,30-03-1995,MA,Engineer,Male,14157,Asian,Widowed,Fully Meets,2
21-Sep-21,01-Jan-30,IT Manager - Support,PYZ,Active,Part-Time,Zone B,Temporary,Unk,,IT/IS,Field Operations,23-06-1947,MA,Laborer,Male,9148,Black,Single,Fully Meets,3
07-Aug-22,15-May-23,Production Technician I,TNS,Active,Contract,Zone A,Temporary,Unk,,Production       ,Field Operations,17-02-1950,MA,Technician,Female,91438,Other,Married,Fully Meets,3
01-Dec-22,29-Jan-23,Production Technician I,CCDR,Active,Contract,Zone A,Temporary,Involuntary,,Production       ,General - Con,23-09-1997,MA,Technician,Female,97893,Other,Married,Fully Meets,3
27-Jun-19,08-Nov-29,Production Technician I,BPC,Active,Part-Time,Zone B,Temporary,Unk,,Production       ,Field Operations,04-01-1979,MA,Laborer,Female,83140,Other,Widowed,Fully Meets,3
02-Sep-22,24-Dec-29,Production Technician I,PYZ,Active,Part-Time,Zone A,Full-Time,Unk,,Production       ,Field Operations,04-06-1944,MA,Technician,Female,1815,White,Single,Fully Meets,3
16-Oct-19,03-Sep-22,Production Technician I,CCDR,Voluntarily Terminated,Full-Time,Zone A,Temporary,Voluntary,Information race relate rich poor already make.,Production       ,Field Operations,23-05-1952,MA,Laborer,Female,81117,Asian,Divorced,Fully Meets,3
04-Jun-19,24-Dec-29,Production Technician I,PL,Active,Full-Time,Zone A,Full-Time,Unk,,Production       ,Field Operations,17-08-1962,MA,Laborer,Male,88250,Black,Married,Fully Meets,3
19-Feb-22,01-Jan-30,Production Technician I,WBL,Active,Contract,Zone C,Temporary,Unk,,Production       ,Field Operations,27-08-1993,MA,Laborer,Female,81278,White,Widowed,Fully Meets,3
06-Aug-23,11-Apr-23,Production Technician I,NEL,Active,Full-Time,Zone C,Part-Time,Voluntary,,Production       ,Engineers,20-08-1955,MA,Engineer,Male,90556,Asian,Divorced,Fully Meets,3
27-Jul-22,23-Dec-29,Production Technician I,PYZ,Active,Contract,Zone A,Full-Time,Unk,,Production       ,Field Operations,27-05-1994,MA,Engineer,Male,59082,White,Married,Fully Meets,2
11-Aug-18,13-May-22,Production Technician I,WBL,Active,Contract,Zone B,Temporary,Voluntary,Administration away choose.,Production       ,General - Con,01-07-1953,MA,Laborer,Female,4304,Hispanic,Single,Fully Meets,3
19-Feb-21,23-Sep-22,Production Technician I,CCDR,Active,Full-Time,Zone B,Temporary,Resignation,,Production       ,Field Operations,02-07-1983,MA,Laborer,Male,71585,Asian,Divorced,Fully Meets,3
20-Mar-19,19-Mar-22,Production Technician I,BPC,Voluntarily Terminated,Full-Time,Zone A,Temporary,Voluntary,Too within that room.,Production       ,Engineers,06-07-1945,MA,Engineer,Female,78719,Asian,Divorced,Fully Meets,3
07-Nov-22,15-Feb-23,Software Engineer,PYZ,Active,Part-Time,Zone C,Temporary,Retirement,,IT/IS,Field Operations,08-03-1985,MA,Laborer,Male,73219,Black,Single,Fully Meets,3
25-Jun-19,28-Oct-21,Area Sales Manager,PYZ,Active,Contract,Zone A,Full-Time,Unk,,Sales,General - Con,03-04-1989,MA,Technician,Male,5406,Black,Married,Fully Meets,1
12-Aug-18,16-Feb-20,Software Engineer,PYZ,Active,Part-Time,Zone B,Full-Time,Voluntary,Open test message part risk.,IT/IS,Field Operations,09-03-1985,MA,Laborer,Male,4788,Black,Single,Fully Meets,3
04-Oct-21,16-Jan-23,Production Technician I,PL,Active,Full-Time,Zone A,Full-Time,Retirement,,Production       ,Engineers,01-04-1954,MA,Laborer,Male,47359,Asian,Divorced,Fully Meets,3
13-Jan-19,04-Jan-23,Production Technician I,WBL,Active,Part-Time,Zone C,Part-Time,Unk,,Production       ,General - Con,20-11-1953,MA,Laborer,Female,11079,Black,Divorced,Fully Meets,3
29-Mar-19,06-Aug-22,Production Technician I,TNS,Active,Full-Time,Zone A,Temporary,Involuntary,,Production       ,Field Operations,02-06-1952,MA,Laborer,Female,82417,Hispanic,Married,Fully Meets,3
07-May-19,05-Nov-29,Software Engineer,CCDR,Active,Full-Time,Zone A,Full-Time,Unk,,Software Engineering,Engineers,02-02-1992,MA,Engineer,Male,24588,Asian,Single,Fully Meets,3
28-Jan-19,31-Dec-29,Production Technician I,PL,Active,Full-Time,Zone B,Full-Time,Unk,,Production       ,Field Operations,03-12-1959,MA,Laborer,Female,3976,White,Widowed,Fully Meets,3
02-May-19,26-Dec-29,Production Technician I,PL,Active,Contract,Zone A,Part-Time,Unk,,Production       ,Engineers,11-10-1994,MA,Engineer,Female,97893,Asian,Divorced,Fully Meets,3
16-Apr-21,01-Jan-30,Production Technician I,SVG,Active,Contract,Zone A,Full-Time,Unk,,Production       ,Field Operations,24-11-1948,MA,Laborer,Female,86685,Asian,Married,Fully Meets,3
02-Jun-19,16-Feb-23,Production Technician I,BPC,Active,Part-Time,Zone A,Temporary,Retirement,Ball total direction school.,Production       ,Field Operations,20-03-1988,MA,Laborer,Female,77935,Asian,Married,Fully Meets,3
09-Aug-20,01-Jan-30,Production Technician I,PL,Active,Contract,Zone A,Full-Time,Unk,,Production       ,Engineers,06-07-1946,MA,Engineer,Female,88432,Asian,Single,Fully Meets,3
09-Feb-20,01-Jan-30,Production Technician I,PL,Active,Contract,Zone B,Full-Time,Unk,,Production       ,Field Operations,21-10-1943,MA,Laborer,Female,83894,White,Single,Fully Meets,3
11-Aug-18,22-Dec-29,Production Technician I,CCDR,Active,Full-Time,Zone C,Part-Time,Unk,,Production       ,Field Operations,08-09-1993,MA,Engineer,Female,3326,Black,Divorced,Fully Meets,3
04-Aug-22,18-Dec-29,Production Technician I,PL,Active,Contract,Zone B,Full-Time,Unk,,Production       ,Field Operations,14-05-1998,MA,Laborer,Female,80185,White,Single,Fully Meets,3
12-Jul-19,31-Dec-29,Production Technician I,CCDR,Active,Full-Time,Zone B,Temporary,Unk,,Production       ,Field Operations,30-11-1970,MA,Technician,Female,4031,Other,Married,Fully Meets,3
11-Sep-22,04-May-22,Production Technician I,CCDR,Active,Contract,Zone A,Temporary,Resignation,,Production       ,Fielders,28-06-1989,MA,Technician,Female,79794,White,Married,Fully Meets,1
28-Jan-20,13-Dec-29,Production Technician I,WBL,Active,Contract,Zone B,Temporary,Unk,,Production       ,Field Operations,07-06-1946,MA,Laborer,Female,77214,Other,Married,Fully Meets,3
11-Aug-19,22-May-20,Area Sales Manager,PYZ,Active,Contract,Zone A,Full-Time,Resignation,Upon budget class college now this trade.,Sales,General - Con,09-10-1988,TN,Laborer,Male,8177,Asian,Divorced,Fully Meets,2
22-Jun-22,12-Dec-29,Production Technician I,CCDR,Active,Contract,Zone A,Full-Time,Unk,,Production       ,Field Operations,01-02-1994,MA,Laborer,Female,84479,White,Married,Fully Meets,3
21-Jun-19,01-Jan-30,Production Technician I,PL,Active,Full-Time,Zone A,Full-Time,Unk,,Production       ,Engineers,24-08-1963,MA,Engineer,Female,79490,Asian,Divorced,Fully Meets,3
04-Mar-19,03-Oct-20,Production Technician I,PYZ,Active,Part-Time,Zone B,Part-Time,Voluntary,,Production       ,Field Operations,09-10-1989,MA,Laborer,Female,9167,Black,Single,Fully Meets,3
17-May-21,12-Nov-22,Production Technician I,CCDR,Active,Full-Time,Zone A,Temporary,Retirement,,Production       ,Field Operations,03-03-1957,MA,Laborer,Male,92543,Asian,Divorced,Fully Meets,2
17-Jun-21,29-Apr-23,Production Technician I,PYZ,Voluntarily Terminated,Full-Time,Zone A,Temporary,Voluntary,Know blue difficult let black choice require.,Production       ,Field Operations,20-09-1948,MA,Laborer,Male,38913,Asian,Divorced,Fully Meets,3
07-Nov-18,28-Dec-29,Production Technician I,PYZ,Active,Full-Time,Zone A,Temporary,Unk,,Production       ,Field Operations,20-09-1986,MA,Technician,Female,8673,Black,Widowed,Fully Meets,3
25-Sep-22,20-Feb-23,Production Technician I,NEL,Active,Contract,Zone A,Full-Time,Voluntary,,Production       ,Field Operations,17-07-1950,MA,Laborer,Female,78683,Asian,Married,Fully Meets,3
05-Jan-20,06-Sep-22,Area Sales Manager,PYZ,Active,Full-Time,Zone A,Full-Time,Retirement,After draw carry north federal region recently.,Sales,Engineers,03-12-1992,ID,Engineer,Male,13630,Asian,Widowed,Fully Meets,2
18-Feb-23,01-Jul-23,Production Technician I,NEL,Active,Full-Time,Zone A,Temporary,Voluntary,Much try remember natural.,Production       ,Field Operations,12-06-1947,MA,Laborer,Female,78349,Asian,Married,Fully Meets,3
05-May-22,01-Jan-30,Production Technician I,BPC,Active,Contract,Zone C,Temporary,Unk,,Production       ,Field Operations,16-02-1945,MA,Laborer,Male,51659,Black,Divorced,Fully Meets,3
19-Apr-23,16-Jun-23,Production Technician I,TNS,Active,Full-Time,Zone A,Temporary,Unk,,Production       ,Field Operations,16-12-1952,MA,Laborer,Male,80444,White,Married,Fully Meets,3
06-Feb-20,05-Nov-29,Production Technician I,PL,Active,Full-Time,Zone A,Full-Time,Unk,,Production       ,Field Operations,17-01-1949,MA,Laborer,Female,16976,Asian,Divorced,Fully Meets,3
18-Jun-19,15-Nov-29,Production Technician I,CCDR,Active,Full-Time,Zone A,Full-Time,Unk,,Production       ,Field Operations,20-01-1948,MA,Laborer,Female,14172,Black,Single,Fully Meets,3
02-Mar-19,29-Dec-29,Production Technician I,CCDR,Active,Full-Time,Zone A,Temporary,Unk,,Production       ,Field Operations,04-06-1995,MA,Laborer,Male,91162,Asian,Married,Fully Meets,3
01-Oct-19,01-Jan-30,Production Technician I,PL,Active,Full-Time,Zone B,Full-Time,Unk,,Production       ,Field Operations,03-09-1941,MA,Laborer,Female,8249,Asian,Widowed,Fully Meets,3
28-Oct-18,01-Jan-30,Production Technician I,WBL,Active,Part-Time,Zone C,Full-Time,Unk,,Production       ,Field Operations,04-07-1985,MA,Laborer,Female,16695,Black,Single,Fully Meets,3
24-Jan-22,06-Dec-29,Production Technician I,TNS,Active,Part-Time,Zone A,Temporary,Unk,,Production       ,Field Operations,25-08-1958,MA,Laborer,Male,33005,White,Single,Fully Meets,3
29-Jan-22,04-Aug-21,Production Technician I,PYZ,Active,Part-Time,Zone A,Temporary,Resignation,Majority executive plan imagine.,Production       ,Field Operations,09-07-1987,MA,Laborer,Female,91966,Other,Single,Fully Meets,3
13-Feb-22,07-Mar-23,Production Technician I,NEL,Active,Full-Time,Zone A,Temporary,Retirement,,Production       ,Field Operations,11-12-1959,MA,Laborer,Male,41991,Asian,Divorced,Fully Meets,3
24-Feb-21,30-Jul-22,Area Sales Manager,MSC,Active,Full-Time,Zone A,Temporary,Unk,,IT/IS,Field Operations,29-06-1956,MA,Laborer,Male,18410,Black,Widowed,Fully Meets,3
27-Dec-21,23-Dec-29,Data Analyst,CCDR,Active,Part-Time,Zone A,Temporary,Unk,,IT/IS,Field Operations,05-01-1998,MA,Laborer,Male,82250,Black,Single,Fully Meets,3
22-Apr-22,11-Aug-21,Production Technician I,PYZ,Active,Part-Time,Zone A,Temporary,Voluntary,,Production       ,Field Operations,05-05-1984,MA,Technician,Female,4019,Other,Widowed,Fully Meets,3
06-Sep-22,01-Mar-23,Production Technician I,TNS,Active,Contract,Zone A,Temporary,Resignation,,Production       ,Field Operations,03-09-1941,MA,Laborer,Female,84694,Other,Married,Fully Meets,3
11-Apr-21,16-Dec-22,BI Developer,PYZ,Active,Full-Time,Zone B,Temporary,Resignation,Prevent entire business ask meeting contain tree.,IT/IS,Field Operations,24-01-1954,MA,Foreman,Male,78861,Black,Divorced,Fully Meets,3
03-Mar-19,11-Aug-22,Production Technician I,WBL,Active,Part-Time,Zone A,Temporary,Voluntary,Guy ten dream. Thing he care series.,Production       ,Field Operations,05-11-1992,MA,Laborer,Male,6678,Black,Single,Fully Meets,3
15-Nov-18,27-Nov-29,Production Technician I,CCDR,Active,Part-Time,Zone A,Full-Time,Unk,,Production       ,Field Operations,27-12-1995,MA,Laborer,Female,11256,Black,Single,Fully Meets,3
26-Oct-19,18-Dec-29,Production Technician I,PL,Active,Full-Time,Zone A,Full-Time,Unk,,Production       ,Field Operations,24-10-1951,MA,Laborer,Female,69222,White,Widowed,Fully Meets,3
20-Sep-22,19-Feb-23,Production Technician I,CCDR,Active,Contract,Zone A,Full-Time,Voluntary,,Production       ,Engineers,20-06-1989,MA,Engineer,Female,89612,White,Married,Fully Meets,4
13-Aug-18,28-Oct-29,Production Technician I,WBL,Active,Part-Time,Zone C,Full-Time,Unk,,Production       ,General - Con,19-03-2000,MA,Laborer,Female,68420,Black,Single,Fully Meets,3
11-Jul-22,02-Jun-22,BI Developer,MSC,Active,Contract,Zone C,Temporary,Resignation,Prevent entire business ask meeting contain tree.,IT/IS,Field Operations,29-03-1989,MA,Technician,Male,97893,Other,Married,Fully Meets,3
31-Oct-22,01-Jan-30,Production Technician I,CCDR,Active,Part-Time,Zone A,Temporary,Unk,,Production       ,Field Operations,01-02-1985,MA,Technician,Male,11941,White,Married,Fully Meets,3
22-Oct-22,09-Jun-23,Production Technician I,NEL,Active,Full-Time,Zone A,Temporary,Involuntary,Officer thus service.,Production       ,Field Operations,27-11-1957,MA,Foreman,Female,91165,White,Married,Fully Meets,3
01-May-20,18-Oct-22,Software Engineer,BPC,Active,Part-Time,Zone C,Temporary,Retirement,,Software Engineering,Engineers,09-08-1947,MA,Laborer,Male,80905,Asian,Single,Fully Meets,3
15-Jan-19,05-Jul-21,Production Technician I,WBL,Active,Contract,Zone A,Temporary,Voluntary,,Production       ,Field Operations,07-05-1997,MA,Technician,Female,75942,White,Married,Fully Meets,3
27-Jun-19,16-Feb-23,Network Engineer,MSC,Active,Part-Time,Zone B,Temporary,Voluntary,Scientist become a become value cell policy.,IT/IS,Field Operations,27-09-1955,MA,Laborer,Male,69700,Hispanic,Single,Fully Meets,3
08-Sep-22,01-Jan-30,Production Technician I,CCDR,Active,Contract,Zone A,Temporary,Unk,,Production       ,Field Operations,09-11-1990,MA,Technician,Female,82841,White,Married,Fully Meets,3
19-Nov-18,07-Dec-29,Production Technician I,BPC,Active,Part-Time,Zone B,Temporary,Unk,,Production       ,Field Operations,27-09-1968,MA,Laborer,Female,1015,Other,Widowed,Fully Meets,3
03-Jul-23,28-Apr-23,Production Technician I,NEL,Active,Contract,Zone A,Part-Time,Retirement,Foreign friend policy green.,Production       ,Engineers,15-03-1958,MA,Engineer,Female,87515,Asian,Divorced,Fully Meets,2
12-Jan-22,01-Jan-30,Production Technician I,CCDR,Active,Full-Time,Zone A,Full-Time,Unk,,Production       ,Field Operations,06-03-1951,MA,Laborer,Female,79075,Asian,Divorced,Fully Meets,3
04-Apr-19,01-Jan-30,Production Technician I,PL,Active,Part-Time,Zone A,Full-Time,Unk,,Production       ,Field Operations,31-10-1994,MA,Laborer,Female,11225,White,Single,Fully Meets,3
06-Mar-19,01-Jan-30,Production Technician I,PYZ,Active,Full-Time,Zone B,Temporary,Unk,,Production       ,Field Operations,16-06-1974,MA,Technician,Female,1015,Black,Single,Fully Meets,3
21-Apr-21,18-Nov-29,Production Technician I,WBL,Active,Part-Time,Zone B,Temporary,Unk,,Production       ,Field Operations,10-02-1963,MA,Laborer,Male,16359,Other,Single,Fully Meets,3
21-Jan-23,01-Jan-30,Production Technician I,NEL,Active,Full-Time,Zone A,Full-Time,Unk,,Production       ,Field Operations,08-08-1957,MA,Laborer,Female,80270,Asian,Divorced,Fully Meets,3
20-Aug-19,08-Nov-29,Production Technician I,PL,Active,Full-Time,Zone A,Full-Time,Unk,,Production       ,Field Operations,30-07-1952,MA,Laborer,Female,16367,Asian,Divorced,Fully Meets,3
24-Oct-22,01-Jan-30,Production Technician I,CCDR,Active,Contract,Zone A,Temporary,Unk,,Production       ,Field Operations,21-08-1989,MA,Technician,Female,72143,Black,Married,Fully Meets,3
28-Jun-22,01-Jan-30,Production Technician I,CCDR,Active,Full-Time,Zone A,Temporary,Unk,,Production       ,Field Operations,27-06-1990,MA,Technician,Male,1164,White,Married,Fully Meets,3
12-Jul-21,01-Jan-30,Production Technician I,CCDR,Active,Part-Time,Zone B,Temporary,Unk,,Production       ,Field Operations,11-01-1942,MA,Laborer,Female,73103,Black,Single,Fully Meets,3
07-May-19,21-Dec-29,Production Technician I,BPC,Active,Contract,Zone A,Temporary,Unk,,Production       ,Field Operations,19-06-1962,MA,Laborer,Female,91116,Other,Married,Fully Meets,3
07-Oct-19,28-Dec-29,Software Engineer,CCDR,Active,Part-Time,Zone C,Temporary,Unk,,IT/IS,Field Operations,17-04-1989,MA,Laborer,Male,41559,Black,Single,Fully Meets,3
13-Jul-19,31-Aug-22,Area Sales Manager,CCDR,Active,Contract,Zone C,Full-Time,Voluntary,,Sales,Field Operations,10-05-2000,MA,Laborer,Male,89018,Other,Married,Fully Meets,3
30-Oct-22,01-Jan-30,Production Technician I,EW,Active,Contract,Zone C,Temporary,Unk,,Production       ,Field Operations,25-10-1965,MA,Laborer,Female,89921,Black,Married,Fully Meets,3
18-Feb-22,01-Jan-30,Production Technician I,BPC,Active,Part-Time,Zone C,Part-Time,Unk,,Production       ,Field Operations,09-01-1944,MA,Laborer,Male,22619,Black,Single,Fully Meets,3
30-Mar-19,22-Nov-22,Production Technician I,CCDR,Active,Full-Time,Zone A,Temporary,Unk,,Production       ,Field Operations,25-10-1995,MA,Technician,Female,64453,White,Widowed,Fully Meets,3
23-Jul-22,17-Mar-23,Production Technician I,PYZ,Active,Part-Time,Zone A,Temporary,Voluntary,,Production       ,Field Operations,17-09-1986,MA,Laborer,Male,87638,Other,Married,Fully Meets,3
04-Feb-19,27-Oct-21,Production Technician I,MSC,Voluntarily Terminated,Contract,Zone A,Temporary,Involuntary,Begin mind time similar night travel.,Production       ,Field Operations,13-04-1992,MA,Technician,Female,71772,Other,Widowed,Fully Meets,3
14-Apr-19,23-Nov-29,Production Technician I,NEL,Active,Contract,Zone A,Full-Time,Unk,,Production       ,General - Con,09-06-1954,MA,Laborer,Female,87955,White,Widowed,Fully Meets,3
27-Sep-19,14-Dec-29,Production Technician I,WBL,Active,Full-Time,Zone A,Full-Time,Unk,,Production       ,Field Operations,21-06-1958,MA,Laborer,Female,91133,White,Single,Fully Meets,3
12-Aug-18,10-Oct-29,Production Technician I,CCDR,Active,Part-Time,Zone A,Full-Time,Unk,,Production       ,Field Operations,05-01-1996,MA,Laborer,Female,18868,Black,Married,Fully Meets,3
17-Dec-20,06-Oct-22,Production Technician I,PYZ,Active,Contract,Zone B,Temporary,Resignation,,Production       ,Field Operations,21-08-1983,MA,Laborer,Male,18396,Other,Married,Fully Meets,3
23-Oct-19,15-Aug-22,Area Sales Manager,MSC,Active,Contract,Zone C,Temporary,Involuntary,Glass effort however relate partner lay what.,Sales,General - Con,16-04-1949,CO,Laborer,Male,1015,Black,Single,Fully Meets,3
08-Jul-22,24-Dec-29,Production Technician I,TNS,Active,Full-Time,Zone A,Temporary,Unk,,Production       ,General - Con,27-03-1953,MA,Laborer,Male,31132,White,Single,Fully Meets,3
15-Dec-19,01-Jan-30,Production Technician I,BPC,Active,Contract,Zone A,Full-Time,Unk,,Production       ,Field Operations,20-09-1948,MA,Laborer,Female,93342,Black,Single,Fully Meets,3
18-May-23,18-Mar-23,Production Technician I,NEL,Active,Full-Time,Zone A,Temporary,Retirement,Take most future.,Production       ,Project Management - Con,14-02-1963,MA,Engineer,Male,97893,Asian,Widowed,Fully Meets,2
02-Sep-18,01-Jan-30,Production Technician I,CCDR,Active,Part-Time,Zone B,Part-Time,Unk,,Production       ,Field Operations,02-01-1984,MA,Technician,Female,60297,Black,Single,Fully Meets,3
16-Oct-19,01-Jan-30,Production Technician I,TNS,Active,Full-Time,Zone B,Temporary,Unk,,Production       ,Field Operations,04-10-1952,MA,Laborer,Female,73230,Hispanic,Married,Fully Meets,3
21-Jun-23,12-Jun-23,Production Technician I,PYZ,Active,Full-Time,Zone C,Full-Time,Voluntary,,Production       ,Field Operations,22-04-1954,MA,Engineer,Male,28556,Asian,Divorced,Fully Meets,3
06-Sep-19,01-May-23,Area Sales Manager,PYZ,Active,Full-Time,Zone A,Temporary,Retirement,,Sales,General - Con,24-07-1994,MA,Laborer,Male,95689,Asian,Married,Fully Meets,2
07-Jul-19,08-Jan-23,Production Technician I,BPC,Voluntarily Terminated,Full-Time,Zone A,Temporary,Voluntary,Cost high must body defense population.,Production       ,Field Operations,15-02-1942,MA,Laborer,Female,91011,Asian,Divorced,Fully Meets,3
04-Oct-21,13-Feb-23,Production Technician I,SVG,Active,Contract,Zone C,Temporary,Unk,,Production       ,Field Operations,19-05-1991,MA,Laborer,Female,77529,Asian,Divorced,Fully Meets,3
06-Nov-18,01-Jan-30,Production Technician I,PYZ,Active,Contract,Zone B,Temporary,Unk,,Production       ,General - Con,03-08-1972,MA,Laborer,Female,1015,Hispanic,Widowed,Fully Meets,3
28-Aug-20,14-Dec-22,Production Technician I,BPC,Active,Part-Time,Zone B,Temporary,Resignation,Exactly vote including easy.,Production       ,Field Operations,11-09-1990,MA,Laborer,Male,8832,Other,Single,Fully Meets,3
07-May-22,01-Jan-30,Production Technician I,PL,Active,Full-Time,Zone A,Full-Time,Unk,,Production       ,Project Management - Con,05-11-1992,MA,Engineer,Male,97893,Asian,Married,Fully Meets,3
05-Jul-19,28-Nov-20,Production Technician I,BPC,Active,Part-Time,Zone A,Part-Time,Voluntary,Nature here wrong why.,IT/IS,Field Operations,08-09-1948,MA,Laborer,Female,1015,Black,Divorced,Fully Meets,3
03-Feb-20,01-Jan-30,Production Technician I,PL,Active,Contract,Zone B,Full-Time,Unk,,Production       ,Field Operations,04-08-1978,MA,Laborer,Female,68690,White,Divorced,Fully Meets,3
28-Mar-20,05-May-23,Production Technician I,PL,Active,Full-Time,Zone A,Temporary,Involuntary,Year color woman become year scene very.,Production       ,General - Con,21-01-1965,MA,Laborer,Female,88076,Asian,Divorced,Fully Meets,3
10-Sep-22,01-Jan-30,Production Technician I,EW,Active,Contract,Zone A,Full-Time,Unk,,Production       ,Engineers,20-08-1957,MA,Engineer,Female,81168,Asian,Married,Fully Meets,3
26-Dec-19,05-Feb-23,Production Technician I,PL,Active,Full-Time,Zone A,Temporary,Retirement,Pretty he matter south treat benefit.,Production       ,General - Con,14-11-1960,MA,Laborer,Female,96938,Asian,Married,Fully Meets,3
26-Sep-19,24-May-22,Production Technician I,BPC,Active,Full-Time,Zone A,Part-Time,Unk,,Production       ,Field Operations,30-09-1952,MA,Laborer,Female,9011,Asian,Divorced,Fully Meets,3
04-Nov-19,05-Nov-22,Production Technician I,CCDR,Active,Full-Time,Zone A,Temporary,Retirement,Opportunity upon apply and world.,Production       ,Project Management - Con,23-11-1957,MA,Engineer,Female,50336,Asian,Divorced,Fully Meets,3
03-May-19,01-Jan-30,Production Technician I,NEL,Active,Contract,Zone A,Full-Time,Unk,,Production       ,Field Operations,24-01-1961,MA,Laborer,Female,76111,Other,Married,Fully Meets,3
12-Sep-22,14-Nov-29,Production Technician I,TNS,Active,Full-Time,Zone A,Temporary,Unk,,Production       ,Field Operations,30-09-1953,MA,Laborer,Male,30748,Black,Single,Fully Meets,3
14-Aug-19,01-Jan-30,Production Technician I,TNS,Active,Contract,Zone A,Temporary,Unk,,Production       ,Field Operations,12-04-1949,MA,Laborer,Female,74564,White,Married,Fully Meets,3
27-May-19,01-Jan-30,Production Technician I,PL,Active,Full-Time,Zone A,Temporary,Unk,,Production       ,Field Operations,04-02-1955,MA,Laborer,Male,27294,White,Single,Fully Meets,3
21-Nov-18,16-Dec-29,Production Technician I,TNS,Active,Contract,Zone A,Temporary,Unk,,Production       ,General - Con,18-12-1963,MA,Laborer,Female,65895,Hispanic,Widowed,Fully Meets,3
09-Oct-21,01-Jan-30,Production Technician I,BPC,Active,Part-Time,Zone B,Temporary,Unk,,Production       ,Field Operations,20-06-1952,MA,Laborer,Male,12652,Asian,Divorced,Fully Meets,3
30-Oct-19,01-Jan-30,Production Technician I,CCDR,Active,Contract,Zone A,Full-Time,Unk,,Production       ,Field Operations,15-12-1950,MA,Technician,Female,65821,Asian,Married,Fully Meets,3
12-Nov-18,28-Dec-29,Production Technician I,BPC,Active,Contract,Zone A,Temporary,Unk,,Production       ,Engineers,24-07-1993,MA,Engineer,Male,20349,Other,Married,Fully Meets,2
22-Jun-23,13-Feb-23,Production Technician I,MSC,Active,Contract,Zone C,Full-Time,Voluntary,,Production       ,Field Operations,01-01-1957,MA,Foreman,Male,79866,Black,Married,Fully Meets,3
08-Jul-23,01-Jan-30,Production Technician I,CCDR,Active,Full-Time,Zone A,Temporary,Unk,,Production       ,Field Operations,03-11-1963,MA,Laborer,Male,49608,White,Married,Fully Meets,3
11-Aug-19,02-Jul-22,Production Technician I,NEL,Active,Full-Time,Zone A,Full-Time,Involuntary,First peace oil more last us. Front product many.,Production       ,Engineers,02-02-1986,MA,Engineer,Female,57159,Asian,Divorced,Fully Meets,2
14-Feb-19,14-Nov-29,Production Technician I,CCDR,Active,Part-Time,Zone A,Temporary,Unk,,Production       ,Field Operations,14-06-1942,MA,Laborer,Female,4714,Black,Single,Fully Meets,3
24-Aug-19,17-Dec-29,Production Technician I,PL,Active,Full-Time,Zone A,Full-Time,Unk,,Production       ,Field Operations,12-03-1967,MA,Laborer,Female,82300,White,Married,Fully Meets,3
15-Apr-19,25-Dec-29,Production Technician I,BPC,Active,Part-Time,Zone B,Temporary,Unk,,Production       ,Field Operations,19-03-1975,MA,Laborer,Female,12017,Other,Single,Fully Meets,3
25-Jul-21,01-Jan-30,Production Technician I,EW,Active,Full-Time,Zone A,Full-Time,Unk,,Production       ,Field Operations,26-05-1952,MA,Laborer,Male,26856,Black,Single,Fully Meets,3
28-Apr-19,17-May-21,Production Technician I,WBL,Active,Part-Time,Zone C,Part-Time,Voluntary,,Production       ,General - Con,18-03-1990,MA,Laborer,Female,3733,Black,Single,Fully Meets,3
12-Dec-22,27-Mar-23,Production Technician I,EW,Active,Part-Time,Zone C,Temporary,Resignation,,Production       ,Field Operations,02-08-1985,MA,Laborer,Female,68565,Asian,Single,Fully Meets,3
12-Apr-19,16-Nov-22,Production Technician I,PYZ,Voluntarily Terminated,Full-Time,Zone B,Temporary,Involuntary,Year color woman become year scene very.,Production       ,Field Operations,01-06-1947,MA,Laborer,Female,75908,Asian,Divorced,Fully Meets,3
03-Apr-23,01-Jan-30,Production Technician I,EW,Active,Contract,Zone C,Temporary,Unk,,Production       ,Field Operations,13-06-1950,MA,Laborer,Male,85469,Asian,Single,Fully Meets,3
31-Jul-20,01-Jan-30,Production Technician I,PYZ,Active,Part-Time,Zone B,Temporary,Unk,,Production       ,Field Operations,02-03-1953,MA,Laborer,Male,22295,Other,Widowed,Fully Meets,3
09-Sep-19,06-Oct-22,Production Technician I,BPC,Active,Part-Time,Zone B,Part-Time,Retirement,,Production       ,Field Operations,26-09-1963,MA,Laborer,Male,1015,Asian,Single,Fully Meets,3
15-Mar-19,26-Nov-29,Production Technician I,WBL,Active,Full-Time,Zone A,Temporary,Unk,,Production       ,General - Con,21-09-1946,MA,Laborer,Female,93820,Hispanic,Widowed,Fully Meets,3
04-May-20,24-Feb-23,Production Technician I,CCDR,Voluntarily Terminated,Full-Time,Zone B,Temporary,Retirement,Hold season meeting voice.,Production       ,Field Operations,23-05-1953,MA,Laborer,Female,92880,Asian,Divorced,Fully Meets,3
28-Nov-19,01-Jan-30,Production Technician I,BPC,Active,Full-Time,Zone B,Full-Time,Unk,,Production       ,Field Operations,26-07-1951,MA,Laborer,Female,89021,Black,Single,Fully Meets,3
18-Apr-21,11-Oct-22,Production Technician I,PYZ,Active,Part-Time,Zone B,Temporary,Resignation,,Production       ,Field Operations,29-08-1984,MA,Laborer,Female,89333,Other,Widowed,Fully Meets,3
29-May-22,23-Mar-23,Production Technician I,TNS,Active,Part-Time,Zone B,Temporary,Resignation,Figure third where boy.,Production       ,Field Operations,04-03-1955,MA,Laborer,Female,83186,Other,Married,Fully Meets,3
19-Mar-20,08-Jul-21,Production Technician I,WBL,Active,Part-Time,Zone B,Temporary,Voluntary,,Production       ,Field Operations,25-10-1987,MA,Laborer,Male,1437,Other,Single,Fully Meets,3
18-Jan-19,01-Jan-30,Production Technician I,CCDR,Active,Full-Time,Zone B,Full-Time,Unk,,Production       ,Field Operations,20-08-1987,MA,Laborer,Male,40533,Black,Single,Fully Meets,3
29-Nov-18,06-Dec-29,Production Technician I,CCDR,Active,Full-Time,Zone A,Temporary,Unk,,Production       ,Field Operations,15-08-1991,MA,Technician,Female,21284,White,Married,Fully Meets,3
26-Nov-19,01-Jan-30,Production Technician I,PL,Active,Contract,Zone B,Full-Time,Unk,,Production       ,Field Operations,11-11-1942,MA,Laborer,Female,1015,Black,Divorced,Fully Meets,3
11-Aug-18,01-May-23,Production Technician I,PYZ,Voluntarily Terminated,Full-Time,Zone A,Temporary,Resignation,Factor strategy defense citizen.,Production       ,Field Operations,15-08-1988,MA,Engineer,Female,87794,Asian,Divorced,Fully Meets,3
03-Jun-22,16-Sep-22,Production Technician I,BPC,Active,Full-Time,Zone A,Part-Time,Unk,,Production       ,Engineers,30-05-1947,MA,Laborer,Female,74859,Asian,Single,Fully Meets,3
15-Jun-19,23-Mar-21,Production Technician I,PYZ,Active,Part-Time,Zone A,Full-Time,Voluntary,,Production       ,General - Con,27-09-1992,MA,Laborer,Female,9829,Other,Single,Fully Meets,3
09-Mar-23,06-Oct-29,Production Technician I,TNS,Active,Contract,Zone B,Temporary,Unk,,Production       ,Field Operations,27-09-1959,MA,Laborer,Female,63258,White,Married,Fully Meets,3
11-Aug-18,01-Jan-30,Production Technician I,CCDR,Active,Part-Time,Zone A,Temporary,Unk,,Production       ,Field Operations,09-08-1989,MA,Laborer,Female,73646,White,Married,Fully Meets,3
06-Aug-23,26-Dec-29,Production Technician I,TNS,Active,Full-Time,Zone A,Full-Time,Unk,,Production       ,Field Operations,03-09-1951,MA,Laborer,Female,25873,White,Married,Fully Meets,3
06-Jan-23,13-Jul-23,Production Technician I,EW,Active,Contract,Zone C,Temporary,Unk,,Production       ,Field Operations,26-10-1991,MA,Technician,Female,77038,Other,Married,Fully Meets,3
05-Mar-22,14-Dec-29,Production Technician I,WBL,Active,Contract,Zone B,Temporary,Unk,,Production       ,Field Operations,14-04-1960,MA,Technician,Female,91512,Other,Married,Fully Meets,3
18-May-23,08-Dec-29,Production Technician I,CCDR,Active,Full-Time,Zone A,Temporary,Unk,,Production       ,Field Operations,18-04-1945,MA,Laborer,Female,83295,Asian,Married,Fully Meets,3
17-Oct-20,01-Jan-30,Production Technician I,CCDR,Active,Part-Time,Zone A,Full-Time,Unk,,IT/IS,Field Operations,27-06-1968,MA,Laborer,Male,40622,Black,Single,Fully Meets,3
01-Jan-22,13-Dec-29,Production Technician I,BPC,Active,Part-Time,Zone A,Full-Time,Unk,,Production       ,Field Operations,16-12-1951,MA,Laborer,Female,69243,Asian,Divorced,Fully Meets,3
23-Oct-20,21-Dec-29,Production Technician I,TNS,Active,Part-Time,Zone A,Temporary,Unk,,IT/IS,Field Operations,18-09-1949,MA,Laborer,Male,3012,Black,Single,Fully Meets,3
18-Jul-19,22-Nov-29,Production Technician I,TNS,Active,Part-Time,Zone A,Temporary,Unk,,Production       ,General - Con,10-06-1946,MA,Laborer,Female,13945,Hispanic,Single,Fully Meets,3
10-Mar-20,21-Dec-29,Production Technician I,CCDR,Active,Full-Time,Zone A,Full-Time,Unk,,Production       ,General - Con,25-08-1995,MA,Laborer,Male,58566,White,Single,Fully Meets,3
30-Jun-22,26-Oct-29,Production Technician I,CCDR,Active,Part-Time,Zone A,Full-Time,Unk,,Production       ,General - Con,09-07-2001,MA,Laborer,Female,83754,White,Single,Fully Meets,3
14-Apr-23,12-Dec-29,Production Technician I,NEL,Active,Full-Time,Zone A,Full-Time,Unk,,Production       ,Field Operations,18-05-1956,MA,Coordinator,Female,45399,White,Married,Fully Meets,2
30-Apr-22,13-Dec-29,Production Technician I,PYZ,Active,Part-Time,Zone B,Temporary,Unk,,Production       ,Field Operations,15-05-1995,MA,Technician,Female,39772,Other,Married,Fully Meets,3
22-Jul-22,08-Dec-29,Production Technician I,MSC,Active,Contract,Zone A,Temporary,Unk,,Production       ,General - Con,03-04-1956,MA,Laborer,Female,75957,Hispanic,Widowed,Fully Meets,3
29-Dec-19,27-Nov-29,Production Technician I,EW,Active,Full-Time,Zone B,Temporary,Unk,,Production       ,Field Operations,04-11-1947,MA,Laborer,Female,1015,Black,Single,Fully Meets,3
08-Aug-19,30-Jan-23,Network Engineer,MSC,Active,Part-Time,Zone A,Temporary,Unk,,IT/IS,Aerial,05-12-1957,MA,Laborer,Male,3211,Hispanic,Single,Fully Meets,3
28-Feb-23,14-Sep-23,Production Technician I,TNS,Active,Full-Time,Zone C,Temporary,Resignation,Then foot not.,Production       ,Field Operations,21-11-1946,MA,Laborer,Female,63556,Asian,Married,Fully Meets,3
13-Jan-23,01-Jan-30,Production Technician I,WBL,Active,Contract,Zone A,Full-Time,Unk,,Production       ,Field Operations,21-12-1989,MA,Laborer,Female,13655,White,Married,Fully Meets,3
05-May-19,08-Nov-22,Production Technician I,CCDR,Active,Full-Time,Zone A,Temporary,Retirement,,Production       ,Field Operations,10-04-1949,MA,Laborer,Female,83498,White,Widowed,Fully Meets,3
11-Oct-21,29-Oct-22,Production Technician I,TNS,Active,Full-Time,Zone A,Temporary,Retirement,,Production       ,Field Operations,29-01-1948,MA,Laborer,Female,61705,Hispanic,Widowed,Fully Meets,3
23-Jul-19,23-Jan-23,Area Sales Manager,PYZ,Active,Full-Time,Zone A,Temporary,Retirement,Radio fight consumer senior traditional himself.,Sales,Field Operations,08-10-1942,MA,Engineer,Male,14992,Asian,Single,Fully Meets,3
26-Apr-21,26-Nov-29,Production Technician I,WBL,Active,Contract,Zone A,Temporary,Unk,,Production       ,Field Operations,24-08-1945,MA,Laborer,Male,69568,White,Single,Fully Meets,3
31-Oct-19,07-Jan-23,Production Technician I,BPC,Active,Contract,Zone A,Part-Time,Voluntary,,Production       ,Engineers,05-07-1944,MA,Engineer,Female,89987,Asian,Divorced,Fully Meets,3
22-May-19,01-Jan-30,Sr. Network Engineer,PYZ,Active,Part-Time,Zone A,Full-Time,Unk,,IT/IS,Field Operations,12-05-1947,MA,Laborer,Male,9138,Black,Single,Fully Meets,3
07-Jan-23,14-Jan-23,Software Engineer,CCDR,Active,Full-Time,Zone A,Temporary,Resignation,,Production       ,Engineers,21-02-1987,MA,Engineer,Female,83008,White,Married,Fully Meets,2
26-Jan-23,28-Apr-23,Production Technician I,CCDR,Active,Contract,Zone A,Temporary,Voluntary,,Production       ,Field Operations,05-11-1988,MA,Technician,Female,71097,Other,Married,Fully Meets,3
23-Apr-19,01-Jan-30,Production Technician I,TNS,Active,Part-Time,Zone A,Full-Time,Unk,,Production       ,General - Con,22-02-1952,MA,Laborer,Female,91411,White,Single,Fully Meets,3
13-Mar-19,12-Jun-22,Production Technician I,WBL,Active,Contract,Zone C,Full-Time,Unk,,Production       ,General - Con,09-07-1996,MA,Laborer,Female,75394,Black,Single,Fully Meets,3
14-Dec-22,06-Dec-22,Production Technician I,TNS,Active,Contract,Zone A,Full-Time,Voluntary,,Production       ,Field Operations,10-08-1950,MA,Laborer,Female,71053,White,Married,Fully Meets,3
02-Nov-22,07-Apr-23,Production Technician I,NEL,Terminated for Cause,Full-Time,Zone A,Temporary,Involuntary,President site student thank community.,Production       ,General - Con,12-03-1952,MA,Engineer,Male,96769,Asian,Divorced,Fully Meets,2
13-Mar-19,06-Sep-22,Software Engineer,CCDR,Active,Part-Time,Zone A,Temporary,Resignation,,IT/IS,Field Operations,16-11-1993,MA,Laborer,Male,8897,Asian,Single,Fully Meets,3
06-Aug-23,15-Jun-23,Production Technician I,NEL,Active,Full-Time,Zone C,Full-Time,Voluntary,Night official cut director seven.,Production       ,Field Operations,02-11-1958,MA,Engineer,Male,71569,White,Married,Fully Meets,3
29-Jan-23,18-Aug-23,Production Technician I,CCDR,Active,Full-Time,Zone C,Temporary,Voluntary,,Production       ,Engineers,10-11-1997,MA,Engineer,Female,97406,Asian,Widowed,Fully Meets,3
30-Aug-22,27-Dec-29,Production Technician I,TNS,Active,Contract,Zone B,Temporary,Unk,,Production       ,Field Operations,31-12-1991,MA,Technician,Female,74476,White,Widowed,Fully Meets,3
01-Jan-19,25-Nov-20,Area Sales Manager,PYZ,Active,Full-Time,Zone A,Full-Time,Resignation,First peace oil more last us. Front product many.,Sales,Engineers,05-10-1964,MA,Engineer,Male,56348,Asian,Divorced,Fully Meets,2
26-Mar-23,01-Jan-30,Production Technician I,CCDR,Active,Part-Time,Zone A,Temporary,Unk,,Production       ,Field Operations,26-01-1972,MA,Laborer,Female,1015,Other,Single,Fully Meets,3
13-Jan-23,14-Oct-23,Production Technician I,PYZ,Active,Full-Time,Zone C,Temporary,Voluntary,Program deal run.,Production       ,Field Operations,26-04-1956,MA,Engineer,Female,97765,Asian,Divorced,Fully Meets,3
13-Jul-19,08-Jun-22,Production Technician I,CCDR,Active,Full-Time,Zone A,Temporary,Unk,,Production       ,Field Operations,22-06-1953,MA,Laborer,Female,6735,Asian,Single,Fully Meets,3
06-Feb-19,31-Aug-22,Production Technician I,CCDR,Active,Full-Time,Zone A,Temporary,Voluntary,,Production       ,Field Operations,03-10-1996,MA,Engineer,Female,85418,White,Married,Fully Meets,3
26-Dec-22,01-Jan-30,Production Technician I,PL,Active,Contract,Zone A,Temporary,Unk,,Production       ,Field Operations,09-11-1957,MA,Foreman,Female,38893,White,Married,Fully Meets,3
25-Sep-19,27-Oct-22,Production Technician I,MSC,Active,Part-Time,Zone B,Temporary,Voluntary,,Production       ,Field Operations,14-05-1955,MA,Laborer,Female,74731,Other,Widowed,Fully Meets,3
29-Apr-22,05-Dec-29,Production Technician I,PYZ,Active,Full-Time,Zone A,Temporary,Unk,,Production       ,General - Con,27-04-1959,MA,Laborer,Male,9210,Black,Married,Fully Meets,3
02-Mar-19,19-May-22,Production Technician I,NEL,Active,Contract,Zone A,Full-Time,Involuntary,,Production       ,General - Con,21-12-1997,MA,Laborer,Female,92124,White,Widowed,Fully Meets,3
07-Apr-19,03-Nov-29,Production Technician I,NEL,Active,Contract,Zone A,Full-Time,Unk,,Production       ,Field Operations,14-08-1960,MA,Laborer,Female,81693,Hispanic,Married,Fully Meets,3
31-May-19,01-Jan-30,Production Technician I,TNS,Active,Contract,Zone A,Temporary,Unk,,Production       ,General - Con,16-08-1951,MA,Laborer,Female,63434,Hispanic,Widowed,Fully Meets,3
03-Jan-22,01-Jan-30,Production Technician I,CCDR,Active,Full-Time,Zone A,Temporary,Unk,,Production       ,Field Operations,18-05-1950,MA,Laborer,Male,46287,Asian,Single,Fully Meets,3
17-Feb-23,01-Jan-30,Production Technician I,NEL,Active,Full-Time,Zone A,Full-Time,Unk,,Production       ,Field Operations,31-03-1953,MA,Laborer,Male,54871,White,Married,Fully Meets,3
13-Aug-22,21-Jan-23,Production Technician I,PYZ,Active,Contract,Zone A,Temporary,Voluntary,,Production       ,Field Operations,18-11-1992,MA,Laborer,Male,73435,White,Married,Fully Meets,3
05-Dec-22,01-Jan-30,Production Technician I,PYZ,Active,Full-Time,Zone A,Temporary,Unk,,IT/IS,General - Con,08-02-1951,MA,Laborer,Male,41464,White,Single,Fully Meets,3
24-Feb-20,05-Oct-22,Area Sales Manager,MSC,Active,Full-Time,Zone A,Full-Time,Retirement,Say operation national race.,Sales,Field Operations,08-08-1949,MA,Laborer,Male,16241,Asian,Single,Fully Meets,3
14-Feb-23,01-Mar-23,Production Technician I,BPC,Active,Contract,Zone C,Temporary,Resignation,Look dark travel herself election college what.,Production       ,Engineers,27-06-1947,MA,Engineer,Male,86268,Asian,Divorced,Fully Meets,3
03-Dec-18,01-Jan-30,Production Technician I,CCDR,Active,Part-Time,Zone B,Temporary,Unk,,Production       ,Field Operations,22-08-1944,MA,Laborer,Female,69788,Black,Single,Fully Meets,3
15-Jan-23,01-Jan-30,Area Sales Manager,NEL,Active,Full-Time,Zone A,Temporary,Unk,,Sales,Engineers,02-03-1949,MA,Engineer,Male,54921,Asian,Married,Fully Meets,2
24-Nov-19,01-Jan-30,Production Technician I,CCDR,Active,Full-Time,Zone A,Full-Time,Unk,,Production       ,Field Operations,21-07-1990,MA,Laborer,Female,80261,White,Married,Fully Meets,3
18-Dec-22,01-Dec-22,Production Technician I,TNS,Active,Full-Time,Zone A,Temporary,Involuntary,Establish go so someone might none stop citizen.,Production       ,Field Operations,24-01-1954,MA,Laborer,Female,67136,Hispanic,Married,Fully Meets,3
01-Mar-23,20-Jul-23,Production Technician I,PYZ,Active,Part-Time,Zone C,Temporary,Resignation,Me local somebody method away choose hit truth.,Production       ,Field Operations,16-04-1990,MA,Laborer,Male,50663,Asian,Single,Fully Meets,3
06-Sep-19,05-Oct-22,Software Engineer,CCDR,Active,Part-Time,Zone A,Full-Time,Voluntary,,Software Engineering,Engineers,15-07-1981,MA,Engineer,Male,23202,Asian,Single,Fully Meets,3
25-Jun-19,01-Jan-30,Production Technician I,BPC,Active,Part-Time,Zone A,Part-Time,Unk,,Production       ,Field Operations,19-05-1950,MA,Laborer,Female,13513,Black,Divorced,Fully Meets,3
14-Oct-22,01-Jan-30,Production Technician I,CCDR,Active,Part-Time,Zone B,Temporary,Unk,,Production       ,Field Operations,05-11-1987,MA,Technician,Female,19754,Other,Married,Fully Meets,3
06-Oct-22,01-Jan-30,Production Technician I,CCDR,Active,Contract,Zone A,Full-Time,Unk,,Production       ,Field Operations,12-02-1990,MA,Engineer,Female,91924,White,Widowed,Fully Meets,3
04-May-19,20-Oct-22,Production Technician I,MSC,Active,Contract,Zone A,Temporary,Involuntary,Soon walk early star.,Production       ,General - Con,26-11-1963,MA,Laborer,Female,87538,Hispanic,Widowed,Fully Meets,3
26-Feb-22,23-Dec-29,Production Technician I,CCDR,Active,Part-Time,Zone C,Temporary,Unk,,Production       ,General - Con,23-05-1991,MA,Engineer,Male,77941,White,Married,Fully Meets,3
15-Sep-19,27-Dec-21,Sr. Network Engineer,BPC,Active,Full-Time,Zone A,Temporary,Retirement,Say operation national race.,IT/IS,Field Operations,26-05-1951,MA,Laborer,Male,5112,Asian,Single,Fully Meets,3
01-Oct-22,06-Nov-29,Production Technician I,TNS,Active,Part-Time,Zone A,Temporary,Unk,,Production       ,General - Con,19-03-1957,MA,Laborer,Female,80514,Hispanic,Single,Fully Meets,3
12-May-19,14-Sep-22,Network Engineer,WBL,Active,Contract,Zone B,Part-Time,Voluntary,,Production       ,General - Con,26-04-1951,MA,Laborer,Female,8772,Hispanic,Single,Fully Meets,3
03-Sep-22,21-Nov-22,Production Technician I,CCDR,Active,Part-Time,Zone C,Temporary,Voluntary,,Production       ,Engineers,22-09-1993,MA,Engineer,Male,44625,White,Married,Fully Meets,3
04-Feb-19,24-Aug-22,Production Technician I,WBL,Active,Contract,Zone B,Temporary,Voluntary,Week degree party available measure.,Production       ,Field Operations,05-02-1992,MA,Laborer,Female,1015,Asian,Married,Fully Meets,3
18-Oct-18,09-Oct-22,Area Sales Manager,CCDR,Active,Full-Time,Zone A,Full-Time,Retirement,,Sales,General - Con,03-07-1994,MA,Engineer,Male,9395,Asian,Married,Fully Meets,3
09-Nov-19,01-Jan-30,Production Technician I,BPC,Active,Contract,Zone B,Full-Time,Unk,,Production       ,Field Operations,20-01-1951,MA,Laborer,Female,87147,Asian,Divorced,Fully Meets,3
14-Sep-20,01-Jun-22,Production Technician I,NEL,Active,Full-Time,Zone A,Full-Time,Retirement,,Production       ,General - Con,07-06-1952,MA,Laborer,Female,16747,Asian,Divorced,Fully Meets,3
16-Jun-23,04-Jun-23,Production Manager,PYZ,Voluntarily Terminated,Full-Time,Zone A,Temporary,Involuntary,Factor strategy defense citizen.,Production       ,Engineers,19-10-1952,MA,Engineer,Male,60510,Asian,Divorced,Fully Meets,2
10-Feb-21,20-Sep-22,Production Technician I,PYZ,Active,Part-Time,Zone C,Temporary,Resignation,Future where and.,Production       ,Field Operations,14-09-1952,MA,Laborer,Male,62950,Asian,Single,Fully Meets,3
28-Jan-23,12-Dec-22,Production Technician I,TNS,Active,Full-Time,Zone A,Temporary,Voluntary,,Production       ,Field Operations,26-04-1951,MA,Laborer,Female,75414,Other,Married,Fully Meets,3
24-Sep-19,18-Jan-23,Area Sales Manager,MSC,Active,Full-Time,Zone C,Temporary,Retirement,Type three hear court street sport key.,Sales,Field Operations,02-03-1946,MA,Laborer,Male,12061,Asian,Divorced,Fully Meets,3
27-Feb-20,01-Jan-30,Production Technician I,PYZ,Active,Contract,Zone B,Full-Time,Unk,,Production       ,Field Operations,03-01-1976,MA,Laborer,Female,1015,Black,Widowed,Fully Meets,3
18-May-19,08-Jan-23,Production Technician I,SVG,Active,Full-Time,Zone A,Temporary,Involuntary,According crime none method effort.,Production       ,Field Operations,17-04-1955,MA,Laborer,Female,81148,Asian,Widowed,Fully Meets,3
04-May-19,14-Oct-22,Area Sales Manager,CCDR,Active,Full-Time,Zone A,Full-Time,Retirement,Where forward evening huge cost share eat.,Sales,Engineers,29-07-1958,MA,Engineer,Male,16813,Asian,Divorced,Fully Meets,2
03-Feb-19,30-Sep-21,Software Engineer,PYZ,Active,Part-Time,Zone C,Full-Time,Voluntary,Guy ten dream. Thing he care series.,IT/IS,General - Eng,19-04-1991,MA,Manager,Male,3830,Other,Single,Fully Meets,3
29-Jul-21,17-Dec-29,Area Sales Manager,PYZ,Active,Part-Time,Zone C,Temporary,Unk,,Sales,Field Operations,15-12-1984,MA,Laborer,Male,8013,Black,Single,Fully Meets,3
13-May-22,01-Jan-30,Production Technician I,CCDR,Active,Contract,Zone A,Full-Time,Unk,,Production       ,Engineers,27-06-1987,MA,Engineer,Female,84353,White,Married,Fully Meets,3
07-Mar-19,24-Nov-22,Production Technician I,BPC,Active,Full-Time,Zone A,Temporary,Voluntary,,Production       ,Engineers,26-04-1943,MA,Engineer,Female,96793,Asian,Divorced,Fully Meets,3
04-Dec-19,27-Aug-22,Production Technician I,PL,Active,Contract,Zone A,Full-Time,Unk,,Production       ,Field Operations,23-01-1954,MA,Laborer,Male,39074,Asian,Divorced,Fully Meets,3
11-Aug-18,19-Nov-29,Production Technician I,CCDR,Active,Contract,Zone B,Temporary,Unk,,Production       ,Field Operations,08-05-1998,MA,Laborer,Female,68528,White,Married,Fully Meets,3
27-Sep-18,30-Aug-21,Production Technician I,MSC,Active,Contract,Zone B,Temporary,Involuntary,,Production       ,General - Con,09-07-2001,MA,Technician,Female,80448,Other,Widowed,Fully Meets,3
24-Jul-23,21-Dec-29,Production Technician I,EW,Active,Contract,Zone A,Full-Time,Unk,,Production       ,Field Operations,29-11-1953,MA,Laborer,Female,81073,Asian,Divorced,Fully Meets,3
17-Mar-23,08-Apr-23,Production Technician I,CCDR,Active,Contract,Zone A,Temporary,Voluntary,,Production       ,Field Operations,16-11-1952,MA,Engineer,Female,92673,Asian,Married,Fully Meets,2
25-Dec-18,01-Jan-30,Production Technician I,BPC,Active,Part-Time,Zone B,Part-Time,Unk,,Production       ,Field Operations,25-07-1962,MA,Laborer,Female,8945,Other,Widowed,Fully Meets,3
04-Mar-23,27-Apr-23,Production Manager,PYZ,Voluntarily Terminated,Full-Time,Zone C,Temporary,Involuntary,Visit you let sort amount visit.,Production       ,Fielders,03-09-1941,MA,Engineer,Female,85814,Asian,Widowed,Fully Meets,1
10-Apr-19,06-Nov-29,Production Technician I,CCDR,Active,Full-Time,Zone B,Full-Time,Unk,,Production       ,Field Operations,07-12-1952,MA,Laborer,Female,45751,White,Married,Fully Meets,3
05-Aug-20,01-Jan-30,Production Technician I,CCDR,Active,Full-Time,Zone A,Temporary,Unk,,Production       ,Field Operations,04-08-1956,MA,Laborer,Male,31647,Asian,Widowed,Fully Meets,3
11-Aug-18,01-Jan-30,Production Technician I,CCDR,Active,Part-Time,Zone A,Temporary,Unk,,IT/IS,General - Con,16-11-1956,MA,Laborer,Male,11919,Black,Single,Fully Meets,3
15-Jun-23,01-Jan-30,Production Technician I,TNS,Active,Full-Time,Zone A,Temporary,Unk,,Production       ,Field Operations,26-02-1953,MA,Laborer,Female,12642,Black,Single,Fully Meets,3
28-Apr-19,28-Nov-22,Production Technician I,WBL,Active,Part-Time,Zone B,Temporary,Voluntary,Partner fact hand bag management woman.,Production       ,Field Operations,12-04-1986,MA,Lineman,Male,6137,Other,Single,Fully Meets,3
24-Sep-21,01-Jan-30,Production Technician I,NEL,Active,Full-Time,Zone A,Temporary,Unk,,IT/IS,Field Operations,25-04-1957,MA,Foreman,Male,45950,Asian,Married,Fully Meets,3
14-Apr-19,19-Sep-22,Production Technician I,BPC,Active,Full-Time,Zone A,Part-Time,Retirement,,Production       ,Field Operations,20-11-1948,MA,Laborer,Male,6209,Asian,Single,Fully Meets,3
12-Jan-23,01-Apr-23,Production Technician I,TNS,Active,Contract,Zone B,Temporary,Involuntary,,Production       ,Field Operations,15-08-1948,MA,Technician,Female,58221,Hispanic,Married,Fully Meets,3
24-Jan-23,01-Jan-30,Production Technician I,TNS,Active,Full-Time,Zone A,Temporary,Unk,,Production       ,Field Operations,14-12-1955,MA,Laborer,Female,76386,White,Widowed,Fully Meets,3
01-May-21,26-Dec-29,Production Technician I,TNS,Active,Part-Time,Zone A,Temporary,Unk,,Production       ,Field Operations,26-03-1946,MA,Laborer,Female,53795,Black,Divorced,Fully Meets,3
12-Oct-18,01-Jan-30,Production Technician I,CCDR,Active,Part-Time,Zone A,Temporary,Unk,,Production       ,Field Operations,11-10-1992,MA,Technician,Female,9525,Other,Widowed,Fully Meets,3
08-Feb-20,01-Jan-30,Production Technician I,WBL,Active,Part-Time,Zone B,Temporary,Unk,,Production       ,Field Operations,30-08-1948,MA,Laborer,Male,13232,Black,Single,Fully Meets,3
08-Oct-20,20-Jun-21,Production Technician I,PYZ,Active,Part-Time,Zone B,Temporary,Resignation,,Production       ,Field Operations,11-11-1986,MA,Technician,Female,5329,Black,Widowed,Fully Meets,3
05-Jun-19,01-Jan-30,Production Technician I,CCDR,Active,Part-Time,Zone A,Full-Time,Unk,,Production       ,General - Con,02-12-1948,MA,Laborer,Female,1015,Hispanic,Single,Fully Meets,3
20-May-23,09-Jan-23,Production Technician I,CCDR,Active,Full-Time,Zone A,Temporary,Resignation,,Production       ,Field Operations,17-11-1996,MA,Technician,Female,61105,White,Married,Fully Meets,2
03-Feb-23,01-Jan-30,Production Technician I,CCDR,Active,Full-Time,Zone C,Temporary,Unk,,Production       ,Field Operations,08-07-1990,MA,Engineer,Female,89300,White,Widowed,Fully Meets,3
09-Nov-18,14-Aug-22,Software Engineer,PYZ,Active,Part-Time,Zone A,Full-Time,Voluntary,,IT/IS,Field Operations,30-11-1994,MA,Laborer,Male,6898,Other,Single,Fully Meets,3
04-Oct-18,17-Dec-29,Production Technician I,CCDR,Active,Full-Time,Zone A,Temporary,Unk,,Production       ,Field Operations,24-05-1946,MA,Laborer,Female,28194,White,Married,Fully Meets,3
03-Sep-18,23-Jun-22,Production Technician I,BPC,Active,Full-Time,Zone A,Part-Time,Resignation,Top whether good.,Production       ,Engineers,27-01-1985,MA,Laborer,Female,22136,Black,Single,Fully Meets,3
25-Apr-19,18-Aug-21,Production Technician I,MSC,Active,Part-Time,Zone A,Part-Time,Voluntary,Guy ten dream. Thing he care series.,IT/IS,Field Operations,19-11-1983,MA,Laborer,Male,1855,Black,Single,Fully Meets,3
23-Apr-19,06-Nov-29,Production Technician I,PL,Active,Part-Time,Zone B,Full-Time,Unk,,Production       ,Field Operations,09-08-1945,MA,Laborer,Female,84998,White,Single,Fully Meets,3
25-Mar-22,21-Jun-22,Production Technician I,CCDR,Active,Full-Time,Zone A,Temporary,Retirement,,Production       ,Field Operations,24-06-1950,MA,Laborer,Male,70996,Asian,Divorced,Fully Meets,3
10-May-22,07-Dec-29,Production Technician I,PYZ,Active,Part-Time,Zone A,Temporary,Unk,,Production       ,Field Operations,06-01-1942,MA,Laborer,Female,23737,Other,Married,Fully Meets,3
28-Dec-22,06-Dec-29,Production Technician I,TNS,Active,Contract,Zone A,Temporary,Unk,,Production       ,Field Operations,28-12-1959,MA,Laborer,Female,77594,Hispanic,Single,Fully Meets,3
11-Jan-20,01-Jan-30,Production Technician I,PL,Active,Contract,Zone A,Full-Time,Unk,,Production       ,Engineers,27-02-1951,MA,Laborer,Female,93147,Asian,Divorced,Fully Meets,3
11-Aug-18,18-Jan-21,Production Technician I,CCDR,Active,Part-Time,Zone C,Part-Time,Voluntary,,Software Engineering,Field Operations,05-09-1990,MA,Laborer,Male,12903,Black,Divorced,Fully Meets,3
19-Jan-22,24-Dec-29,Production Technician I,CCDR,Active,Part-Time,Zone C,Temporary,Unk,,Production       ,Field Operations,22-08-1989,MA,Laborer,Male,8177,Black,Single,Fully Meets,3
06-Dec-19,17-Dec-29,Production Technician I,WBL,Active,Contract,Zone A,Full-Time,Unk,,Production       ,Field Operations,18-01-1955,MA,Laborer,Female,95488,Black,Single,Fully Meets,3
30-Sep-19,25-Nov-29,Production Technician I,TNS,Active,Full-Time,Zone A,Full-Time,Unk,,Production       ,Field Operations,02-06-1958,MA,Laborer,Female,47623,White,Married,Fully Meets,3
12-Jul-19,17-Sep-22,Area Sales Manager,PYZ,Active,Contract,Zone A,Temporary,Unk,,Sales,General - Con,03-12-1947,MA,Laborer,Male,86792,Black,Married,Fully Meets,3
31-Aug-18,01-Jan-30,Production Technician I,CCDR,Active,Part-Time,Zone C,Full-Time,Unk,,Production       ,Field Operations,21-07-1990,MA,Technician,Female,1471,Black,Single,Fully Meets,3
20-Feb-23,19-Mar-23,Production Technician I,TNS,Active,Contract,Zone B,Full-Time,Unk,,Production       ,Field Operations,01-10-1993,MA,Technician,Female,80774,Other,Married,Fully Meets,3
14-Jun-21,19-Apr-23,Production Technician I,WBL,Active,Part-Time,Zone B,Temporary,Resignation,Central baby moment benefit do.,Production       ,Field Operations,06-06-1983,MA,Laborer,Male,11087,Black,Single,Fully Meets,3
20-May-21,29-Nov-29,Production Technician I,BPC,Active,Contract,Zone C,Full-Time,Unk,,Production       ,Engineers,20-05-1956,MA,Laborer,Female,88962,Black,Divorced,Fully Meets,3
22-Oct-19,01-Jan-30,Production Technician I,EW,Active,Contract,Zone A,Part-Time,Unk,,Production       ,Engineers,28-09-1954,MA,Technician,Female,86015,Other,Single,Fully Meets,3
17-Sep-19,15-Dec-29,Production Technician I,PL,Active,Contract,Zone A,Full-Time,Unk,,Production       ,Field Operations,04-05-1952,MA,Laborer,Female,97893,White,Married,Fully Meets,3
21-Feb-19,02-Dec-29,Production Technician I,CCDR,Active,Part-Time,Zone A,Full-Time,Unk,,Production       ,Field Operations,25-11-1996,MA,Laborer,Female,12923,White,Single,Fully Meets,3
