Unnamed: 0,Age,Attrition,BusinessTravel,DailyRate,Department,DistanceFromHome,Education,EducationField,EmployeeCount,EnvironmentSatisfaction,Gender,HourlyRate,JobInvolvement,JobLevel,JobRole,JobSatisfaction,MaritalStatus,MonthlyIncome,MonthlyRate,NumCompaniesWorked,Over18,OverTime,PercentSalaryHike,PerformanceRating,RelationshipSatisfaction,StandardHours,StockOptionLevel,TotalWorkingYears,TrainingTimesLastYear,WorkLifeBalance,YearsAtCompany,YearsInCurrentRole,YearsSinceLastPromotion,YearsWithCurrManager
0,30,No,Travel_Rarely,1189,Research & Development,9,2,Life Sciences,1,1,Female,39,4,1,Laboratory Technician,1,Divorced,4064,3289,1,Y,No,17,4,3,80,2,6,3,3,5,0,0,0
1,18,Yes,Travel_Rarely,102,Sales,29,2,Medical,1,1,Male,100,1,2,Sales Executive,1,Married,1009,2094,7,Y,Yes,25,3,1,80,0,40,2,1,0,0,0,0
2,60,Yes,Travel_Rarely,1499,Sales,29,1,Medical,1,1,Female,30,3,2,Research Scientist,3,Married,1009,26999,3,Y,Yes,25,3,2,80,1,40,3,1,0,0,0,0
3,32,No,Travel_Rarely,1314,Sales,10,2,Medical,1,1,Male,50,3,1,Sales Representative,3,Single,2906,5751,1,Y,No,22,4,4,80,0,5,2,3,6,2,3,2
4,60,No,Travel_Rarely,102,Research & Development,29,4,Life Sciences,1,3,Male,30,4,5,Manager,4,Divorced,19999,2094,2,Y,No,11,3,4,80,1,40,3,2,40,18,15,17
5,60,No,Travel_Rarely,1499,Research & Development,29,3,Medical,1,4,Male,30,3,2,Manufacturing Director,4,Divorced,19999,2094,2,Y,No,11,3,3,80,1,40,2,2,0,0,15,0
6,60,No,Travel_Rarely,1499,Sales,1,4,Life Sciences,1,1,Male,100,3,4,Manager,4,Divorced,19999,2094,2,Y,No,11,3,3,80,1,40,2,2,32,0,15,0
7,60,Yes,Travel_Rarely,102,Sales,29,1,Medical,1,4,Male,100,3,2,Manufacturing Director,3,Married,1009,2094,7,Y,Yes,11,3,2,80,1,40,3,1,0,0,0,0
8,60,Yes,Travel_Rarely,102,Research & Development,29,4,Medical,1,1,Male,30,3,2,Manufacturing Director,3,Married,19999,2094,3,Y,No,11,3,2,80,1,40,3,1,0,0,0,0
9,32,No,Non-Travel,313,Sales,8,2,Life Sciences,1,3,Female,79,3,2,Sales Executive,1,Married,5113,19639,1,Y,No,13,3,2,80,2,8,2,2,7,4,11,7
10,60,Yes,Travel_Frequently,102,Research & Development,29,3,Medical,1,4,Male,30,3,2,Manufacturing Director,4,Divorced,19999,2094,2,Y,No,11,3,2,80,1,40,2,3,0,0,0,0
11,60,Yes,Travel_Rarely,102,Sales,29,1,Medical,1,1,Female,100,3,2,Manufacturing Director,3,Married,1009,2094,3,Y,Yes,11,3,2,80,1,40,3,1,0,0,0,0
12,60,No,Non-Travel,1499,Research & Development,1,4,Medical,1,3,Female,100,3,3,Healthcare Representative,4,Married,19999,26999,1,Y,No,25,4,1,80,1,40,3,1,40,18,0,17
13,60,Yes,Travel_Rarely,102,Research & Development,1,4,Medical,1,4,Female,30,3,3,Healthcare Representative,4,Married,1009,2094,1,Y,No,11,3,4,80,1,40,3,2,40,18,15,17
14,18,Yes,Travel_Rarely,102,Sales,29,4,Medical,1,1,Male,100,3,2,Sales Executive,1,Married,1009,2094,7,Y,Yes,11,3,1,80,0,40,2,1,0,0,0,0
15,18,Yes,Non-Travel,1499,Sales,29,3,Medical,1,4,Female,100,4,2,Research Scientist,3,Divorced,19999,2094,4,Y,No,11,3,1,80,1,40,2,2,0,0,0,0
16,60,No,Travel_Rarely,102,Research & Development,29,4,Life Sciences,1,4,Male,30,3,4,Manufacturing Director,4,Divorced,19999,2094,2,Y,No,11,3,4,80,1,40,2,2,40,0,15,0
17,60,Yes,Travel_Rarely,102,Research & Development,29,4,Medical,1,4,Female,30,4,4,Research Director,4,Single,1009,2094,2,Y,No,11,3,3,80,0,40,3,3,40,18,15,17
18,60,Yes,Travel_Rarely,1498,Sales,29,1,Medical,1,1,Female,30,1,1,Laboratory Technician,3,Married,1009,26999,3,Y,No,25,4,2,80,1,40,3,1,0,0,0,0
19,18,Yes,Travel_Rarely,102,Sales,29,1,Medical,1,1,Male,100,1,1,Sales Executive,1,Married,1009,2094,7,Y,Yes,11,3,1,80,0,40,2,1,0,0,0,0
20,41,No,Travel_Rarely,1149,Research & Development,1,3,Medical,1,3,Female,61,3,4,Healthcare Representative,4,Divorced,10457,14223,6,Y,No,16,3,2,80,1,18,2,2,6,5,2,2
21,60,Yes,Travel_Rarely,1499,Sales,29,1,Medical,1,1,Female,100,3,2,Research Scientist,3,Married,1009,26999,3,Y,Yes,11,4,2,80,1,40,3,1,0,0,0,0
22,60,Yes,Travel_Rarely,102,Sales,29,1,Medical,1,4,Male,100,3,2,Research Scientist,3,Married,1009,2094,7,Y,Yes,11,3,2,80,1,40,3,1,0,0,0,0
23,59,Yes,Travel_Frequently,102,Research & Development,29,1,Medical,1,4,Female,88,3,3,Manufacturing Director,4,Single,6978,2094,3,Y,No,11,3,2,80,1,40,3,2,40,18,15,17
24,18,Yes,Travel_Rarely,102,Sales,29,4,Medical,1,1,Male,99,3,2,Sales Executive,1,Married,1009,2094,7,Y,Yes,11,3,1,80,1,40,2,1,0,0,0,0
25,60,Yes,Travel_Rarely,102,Sales,29,1,Medical,1,4,Male,100,3,2,Manufacturing Director,3,Married,1009,2154,7,Y,Yes,11,3,2,80,1,40,3,1,0,0,0,0
26,28,No,Travel_Rarely,1259,Research & Development,1,4,Medical,1,3,Female,56,4,1,Research Scientist,3,Divorced,2526,10641,1,Y,No,13,3,3,80,3,6,3,2,4,3,5,3
27,60,Yes,Travel_Rarely,1499,Sales,29,1,Medical,1,1,Female,100,3,2,Manufacturing Director,3,Married,1009,26999,3,Y,No,11,3,2,80,1,40,3,1,0,0,0,0
28,60,Yes,Travel_Rarely,102,Research & Development,29,4,Medical,1,4,Female,30,4,3,Healthcare Representative,4,Married,1009,2094,1,Y,No,11,3,4,80,0,40,3,2,40,18,15,17
29,60,No,Travel_Rarely,102,Research & Development,29,3,Medical,1,1,Male,30,3,3,Manufacturing Director,3,Single,1009,26999,1,Y,Yes,25,4,2,80,0,40,2,3,40,0,0,0
30,60,Yes,Travel_Rarely,102,Research & Development,29,4,Medical,1,4,Female,30,3,3,Healthcare Representative,4,Married,1009,2094,1,Y,No,11,3,4,80,1,40,3,2,40,18,15,17
31,60,Yes,Travel_Rarely,102,Research & Development,29,3,Medical,1,4,Male,30,3,2,Manufacturing Director,4,Divorced,19999,2094,2,Y,No,11,3,4,80,1,40,2,2,0,0,15,0
32,18,Yes,Travel_Rarely,102,Research & Development,29,1,Medical,1,1,Male,100,3,3,Laboratory Technician,3,Single,1009,26999,1,Y,Yes,25,3,2,80,1,40,0,3,40,0,0,17
33,30,No,Travel_Rarely,645,Sales,15,3,Technical Degree,1,3,Female,57,2,2,Sales Executive,3,Divorced,6697,23599,1,Y,Yes,11,3,4,80,2,9,2,3,8,6,0,7
34,60,Yes,Travel_Rarely,102,Sales,29,1,Medical,1,4,Male,100,3,2,Laboratory Technician,3,Married,1009,2094,3,Y,Yes,11,3,2,80,1,40,3,1,0,0,0,0
35,60,No,Travel_Rarely,102,Research & Development,29,4,Life Sciences,1,3,Male,30,3,4,Manager,4,Divorced,19999,2094,1,Y,No,11,3,4,80,1,40,3,2,40,18,15,17
36,60,Yes,Travel_Rarely,102,Research & Development,29,4,Medical,1,4,Female,30,4,4,Healthcare Representative,4,Single,1009,2094,1,Y,No,25,4,4,80,0,40,3,3,40,18,15,17
37,37,No,Travel_Rarely,188,Sales,11,4,Marketing,1,3,Female,31,3,2,Sales Executive,3,Single,5255,23671,7,Y,No,19,4,3,80,0,7,3,3,2,1,0,1
38,60,Yes,Travel_Rarely,102,Research & Development,1,4,Medical,1,4,Male,100,3,3,Healthcare Representative,4,Divorced,1009,2094,2,Y,No,11,3,4,80,1,40,2,2,40,0,15,0
39,33,Yes,Travel_Frequently,723,Research & Development,23,3,Life Sciences,1,3,Female,71,2,1,Laboratory Technician,4,Married,2875,17130,1,Y,Yes,20,4,1,80,1,6,0,3,5,3,0,4
40,60,Yes,Travel_Rarely,1499,Sales,29,1,Medical,1,1,Female,100,3,2,Manufacturing Director,3,Married,1009,2094,3,Y,Yes,25,4,2,80,1,40,3,1,0,0,0,0
41,60,No,Travel_Rarely,1499,Research & Development,1,2,Medical,1,2,Male,100,3,3,Research Scientist,1,Married,1009,2094,1,Y,Yes,25,4,3,80,1,40,2,3,40,18,0,0
42,18,Yes,Travel_Frequently,1499,Sales,1,1,Technical Degree,1,3,Female,100,1,1,Sales Representative,3,Single,1009,2094,0,Y,No,25,3,1,80,0,0,2,3,0,0,0,0
43,38,No,Non-Travel,128,Research & Development,28,1,Life Sciences,1,3,Male,73,3,4,Healthcare Representative,3,Married,9321,21203,1,Y,No,14,3,2,80,1,16,2,3,20,10,2,13
44,60,No,Travel_Rarely,1499,Research & Development,1,3,Medical,1,4,Male,30,3,2,Manufacturing Director,4,Divorced,19999,2094,2,Y,No,11,3,2,80,1,40,2,2,0,0,0,0
45,60,No,Travel_Rarely,1499,Research & Development,29,3,Life Sciences,1,4,Male,30,3,2,Manufacturing Director,4,Divorced,19999,2094,2,Y,No,11,3,3,80,1,40,2,2,0,0,0,0
46,60,No,Travel_Rarely,1499,Research & Development,1,2,Medical,1,2,Male,30,2,2,Research Scientist,4,Married,1009,2094,2,Y,Yes,25,4,3,80,1,40,2,3,40,18,0,17
47,60,Yes,Travel_Rarely,102,Sales,29,1,Medical,1,4,Female,100,3,2,Manufacturing Director,3,Married,1009,2094,3,Y,Yes,11,3,2,80,1,40,3,1,0,0,0,0
48,60,No,Travel_Rarely,102,Sales,1,4,Medical,1,4,Female,30,2,5,Manager,4,Married,19999,26999,0,Y,No,11,3,3,80,0,40,3,3,40,18,15,17
49,60,No,Travel_Rarely,1499,Research & Development,1,2,Medical,1,2,Male,100,3,3,Research Scientist,4,Divorced,1009,2094,1,Y,No,25,4,3,80,1,40,2,3,40,18,15,0
50,18,Yes,Travel_Rarely,102,Research & Development,29,3,Medical,1,1,Male,30,3,2,Laboratory Technician,3,Married,19999,2094,2,Y,No,11,3,2,80,1,40,2,3,0,0,0,0
51,37,No,Travel_Rarely,316,Research & Development,10,4,Life Sciences,1,4,Female,47,2,2,Research Scientist,1,Married,4257,25378,6,Y,Yes,14,3,1,80,1,10,3,3,5,4,0,3
52,60,Yes,Travel_Rarely,102,Sales,29,1,Medical,1,4,Male,100,3,2,Laboratory Technician,1,Married,1009,25814,7,Y,Yes,11,3,1,80,1,40,2,1,0,0,0,0
53,18,Yes,Travel_Rarely,102,Sales,29,1,Medical,1,1,Male,100,3,2,Sales Executive,1,Married,1009,2113,7,Y,Yes,25,3,1,80,0,40,2,1,0,0,0,0
54,60,Yes,Travel_Rarely,102,Sales,29,1,Medical,1,1,Female,30,3,3,Manufacturing Director,3,Married,1009,26999,3,Y,Yes,11,4,2,80,0,40,3,1,0,0,0,0
55,18,Yes,Travel_Rarely,102,Research & Development,29,1,Medical,1,1,Male,100,3,2,Laboratory Technician,3,Single,1009,26999,1,Y,Yes,25,3,4,80,0,40,2,3,40,0,0,17
56,60,No,Travel_Rarely,102,Research & Development,1,4,Technical Degree,1,3,Male,100,2,5,Research Director,3,Married,19999,2094,0,Y,No,25,3,1,80,0,40,2,3,40,18,15,17
57,60,No,Non-Travel,1499,Research & Development,1,4,Life Sciences,1,4,Male,30,3,3,Manager,4,Married,19999,26999,2,Y,No,11,3,1,80,1,40,3,4,0,0,0,7
58,60,Yes,Travel_Rarely,102,Sales,29,1,Medical,1,4,Male,100,3,2,Manufacturing Director,3,Married,1009,2094,3,Y,Yes,11,3,2,80,1,40,3,1,0,0,0,0
59,60,No,Travel_Rarely,102,Sales,1,4,Life Sciences,1,3,Female,30,2,5,Manager,3,Married,19999,26999,0,Y,No,25,3,4,80,0,40,2,3,40,18,15,17
60,60,No,Travel_Rarely,102,Research & Development,1,2,Medical,1,2,Male,30,2,3,Research Scientist,4,Married,1009,2094,2,Y,Yes,25,4,3,80,1,40,2,3,40,18,0,17
61,41,No,Travel_Frequently,279,Sales,2,4,Medical,1,1,Female,53,3,2,Sales Executive,4,Single,5879,9751,0,Y,Yes,11,3,3,80,0,7,2,3,6,2,0,3
62,49,No,Travel_Rarely,1267,Research & Development,13,2,Life Sciences,1,4,Female,85,3,2,Manufacturing Director,4,Married,7157,2342,7,Y,No,11,3,4,80,1,20,4,3,5,7,0,4
63,60,No,Travel_Rarely,102,Research & Development,1,3,Medical,1,1,Male,30,4,2,Research Scientist,4,Married,1009,2094,1,Y,Yes,25,4,3,80,1,40,2,3,40,18,0,17
64,42,No,Travel_Rarely,762,Research & Development,9,5,Medical,1,4,Male,74,3,2,Manufacturing Director,3,Married,6797,17413,2,Y,No,14,3,2,80,1,10,2,3,2,0,0,2
65,42,No,Travel_Rarely,1283,Research & Development,22,4,Medical,1,4,Male,55,1,1,Research Scientist,2,Divorced,3045,4597,1,Y,No,14,3,2,80,3,10,1,3,10,8,12,8
66,18,Yes,Travel_Rarely,102,Sales,29,1,Medical,1,4,Male,100,3,1,Laboratory Technician,3,Married,1009,2094,7,Y,No,11,3,1,80,0,0,3,1,0,0,0,0
67,60,No,Travel_Rarely,102,Research & Development,29,3,Life Sciences,1,4,Male,30,3,4,Manufacturing Director,4,Divorced,19999,2094,2,Y,No,11,3,4,80,1,40,2,2,40,0,15,0
68,60,No,Travel_Rarely,102,Sales,1,4,Medical,1,4,Male,30,4,5,Research Director,4,Single,19999,26999,1,Y,No,11,3,1,80,0,40,2,3,40,18,15,17
69,60,Yes,Travel_Rarely,102,Research & Development,29,3,Medical,1,4,Male,30,3,2,Manufacturing Director,4,Divorced,19999,2094,2,Y,No,11,3,2,80,1,40,2,3,0,0,0,0
70,60,No,Travel_Rarely,1499,Sales,1,4,Medical,1,4,Male,30,3,3,Manufacturing Director,3,Married,19999,26999,4,Y,No,11,3,4,80,0,40,2,3,40,18,15,0
71,18,Yes,Travel_Rarely,490,Sales,4,1,Other,1,4,Female,30,3,1,Sales Representative,2,Single,1178,16416,1,Y,No,21,3,4,80,0,0,3,3,0,0,0,0
72,18,Yes,Travel_Rarely,1499,Sales,29,2,Medical,1,1,Male,30,3,1,Laboratory Technician,3,Single,1009,26998,7,Y,No,11,3,1,80,0,40,2,1,0,0,0,0
73,60,Yes,Travel_Rarely,102,Research & Development,28,4,Medical,1,4,Female,100,3,3,Healthcare Representative,4,Married,1009,2094,1,Y,No,11,3,4,80,1,40,3,2,40,18,15,17
74,60,Yes,Travel_Rarely,102,Research & Development,29,4,Medical,1,4,Female,30,4,4,Healthcare Representative,4,Single,1009,2094,2,Y,No,11,3,2,80,0,40,3,3,40,18,15,17
75,18,Yes,Travel_Rarely,143,Sales,29,2,Medical,1,1,Male,55,1,1,Laboratory Technician,3,Single,1009,8479,7,Y,No,19,3,1,80,0,0,2,3,0,0,0,0
76,36,No,Travel_Rarely,1493,Research & Development,1,3,Life Sciences,1,3,Female,30,3,1,Research Scientist,2,Married,4111,26984,1,Y,Yes,12,3,1,80,2,17,3,3,9,13,0,16
77,31,No,Travel_Rarely,1238,Sales,1,4,Medical,1,1,Male,46,1,3,Sales Executive,4,Single,6260,14342,1,Y,No,24,4,2,80,0,20,2,3,20,12,3,7
78,60,No,Travel_Rarely,102,Research & Development,1,4,Technical Degree,1,3,Male,100,2,5,Research Director,3,Married,19999,2094,0,Y,No,25,3,3,80,1,40,2,3,40,18,15,17
79,60,Yes,Travel_Rarely,102,Sales,29,1,Medical,1,1,Male,100,3,2,Manufacturing Director,3,Married,1009,2094,7,Y,Yes,11,3,2,80,1,40,3,1,0,0,0,0
80,60,No,Non-Travel,102,Sales,1,1,Medical,1,3,Male,100,2,3,Research Director,4,Divorced,1009,2094,0,Y,No,25,4,1,80,1,40,2,3,40,18,15,17
81,60,No,Travel_Rarely,102,Sales,1,4,Life Sciences,1,3,Female,30,2,5,Manager,1,Married,19999,2094,0,Y,No,25,3,1,80,0,40,2,3,40,18,15,17
82,18,Yes,Travel_Rarely,102,Research & Development,29,3,Medical,1,1,Male,30,3,2,Manufacturing Director,3,Married,19999,2094,3,Y,No,11,3,2,80,1,40,3,1,0,0,0,0
83,60,Yes,Travel_Rarely,102,Research & Development,29,4,Medical,1,4,Female,30,4,4,Healthcare Representative,4,Single,1009,2094,1,Y,No,11,3,4,80,0,40,3,3,40,18,15,17
84,60,No,Travel_Rarely,1499,Research & Development,1,3,Life Sciences,1,1,Male,30,2,5,Manager,3,Married,19999,2094,4,Y,No,11,3,3,80,0,40,5,3,40,18,15,17
85,18,Yes,Travel_Rarely,102,Sales,29,1,Medical,1,4,Male,100,1,1,Research Scientist,1,Married,1009,2094,7,Y,Yes,11,3,1,80,0,0,2,1,0,0,0,0
86,60,Yes,Travel_Rarely,102,Sales,29,1,Medical,1,4,Male,100,3,2,Manufacturing Director,3,Married,1009,2094,3,Y,Yes,11,3,2,80,0,40,3,1,0,0,0,0
87,55,No,Travel_Rarely,1499,Research & Development,1,4,Medical,1,4,Female,30,3,4,Manager,1,Married,19999,26999,1,Y,No,12,3,1,80,1,40,3,3,5,18,0,17
88,60,Yes,Travel_Rarely,102,Sales,29,1,Medical,1,1,Male,100,3,2,Manufacturing Director,1,Married,1009,2094,7,Y,Yes,11,3,1,80,1,40,3,1,0,0,0,0
89,18,Yes,Travel_Rarely,102,Research & Development,29,1,Medical,1,1,Male,100,3,2,Laboratory Technician,3,Single,1009,26999,1,Y,Yes,25,3,2,80,1,40,2,3,40,0,0,17
90,60,Yes,Travel_Rarely,102,Research & Development,1,4,Medical,1,4,Female,100,3,3,Healthcare Representative,4,Married,1009,2094,1,Y,No,11,3,4,80,1,40,3,2,40,17,15,17
91,60,Yes,Travel_Rarely,102,Research & Development,29,4,Medical,1,4,Female,30,4,4,Healthcare Representative,4,Single,1009,2094,1,Y,No,11,3,4,80,0,40,3,2,40,18,15,17
92,60,Yes,Travel_Rarely,102,Sales,29,4,Medical,1,1,Male,100,3,2,Sales Executive,1,Married,1009,2094,7,Y,Yes,11,3,1,80,1,40,3,1,0,0,0,0
93,60,No,Travel_Rarely,102,Sales,1,4,Life Sciences,1,3,Male,30,2,5,Manager,4,Married,19999,26999,0,Y,No,25,3,1,80,0,40,3,3,40,18,15,17
94,52,No,Non-Travel,451,Research & Development,1,4,Medical,1,4,Male,56,3,4,Manager,4,Married,16667,4233,1,Y,Yes,12,3,4,80,1,14,2,2,20,7,13,8
95,60,Yes,Travel_Rarely,1499,Sales,29,1,Medical,1,4,Male,36,3,2,Laboratory Technician,3,Married,1009,26999,7,Y,No,25,3,1,80,1,39,2,1,0,0,0,0
96,60,Yes,Travel_Rarely,102,Sales,29,1,Medical,1,1,Female,100,3,2,Laboratory Technician,3,Married,1009,2094,3,Y,Yes,13,3,2,80,1,40,3,1,0,0,0,0
97,32,No,Travel_Frequently,1398,Sales,28,3,Medical,1,2,Male,85,4,3,Sales Executive,2,Married,6197,5746,0,Y,No,14,3,2,80,1,10,5,3,8,8,13,8
98,48,No,Travel_Rarely,1289,Research & Development,26,4,Medical,1,4,Male,53,1,3,Manufacturing Director,2,Divorced,10512,18997,3,Y,Yes,15,3,3,80,2,29,3,2,20,8,14,10
99,29,No,Travel_Rarely,570,Research & Development,25,4,Life Sciences,1,4,Female,98,2,1,Research Scientist,4,Married,2640,12020,1,Y,No,17,3,2,80,1,2,3,3,3,2,12,1
100,60,No,Travel_Rarely,1490,Research & Development,1,1,Medical,1,1,Male,30,3,3,Manufacturing Director,3,Married,1010,26999,3,Y,No,25,4,3,80,1,40,2,4,36,0,0,0
101,60,No,Travel_Rarely,1499,Research & Development,29,3,Medical,1,4,Male,30,3,2,Manufacturing Director,4,Divorced,19999,2094,2,Y,No,11,3,2,80,1,40,2,2,0,0,0,0
102,59,Yes,Travel_Rarely,821,Sales,29,1,Medical,1,1,Female,30,3,1,Laboratory Technician,3,Married,1009,26998,3,Y,No,24,3,2,80,1,39,3,1,0,0,0,0
103,60,No,Travel_Rarely,102,Sales,1,4,Life Sciences,1,3,Female,30,2,5,Manager,3,Married,19999,2094,0,Y,No,25,3,3,80,0,40,3,3,40,18,15,17
104,60,No,Non-Travel,1499,Sales,29,4,Medical,1,1,Male,30,3,3,Manufacturing Director,3,Married,19999,26999,2,Y,No,11,3,2,80,1,40,2,3,40,18,15,0
105,18,Yes,Travel_Rarely,102,Sales,29,3,Medical,1,1,Male,30,3,2,Manufacturing Director,3,Married,19999,2094,3,Y,No,11,3,2,80,1,40,3,1,0,0,0,0
106,60,No,Travel_Rarely,102,Research & Development,1,3,Medical,1,4,Male,30,3,2,Manufacturing Director,4,Divorced,19999,2094,2,Y,No,11,3,2,80,1,40,2,2,0,0,0,0
107,60,No,Travel_Rarely,102,Sales,1,4,Life Sciences,1,2,Female,30,2,5,Manager,1,Married,19999,2094,0,Y,No,25,3,1,80,0,40,2,3,40,18,15,17
108,60,Yes,Travel_Rarely,102,Research & Development,29,4,Medical,1,4,Female,30,4,4,Manager,4,Single,1009,2094,2,Y,No,11,3,3,80,0,40,3,3,40,18,15,17
109,18,Yes,Travel_Rarely,102,Sales,29,1,Medical,1,4,Male,100,3,1,Laboratory Technician,3,Married,1009,2094,7,Y,Yes,11,3,1,80,0,0,3,1,0,0,0,0
110,36,No,Travel_Frequently,1009,Research & Development,10,3,Medical,1,1,Female,66,2,1,Research Scientist,2,Married,2431,2659,1,Y,No,15,3,1,80,0,6,3,3,4,3,0,0
111,18,Yes,Travel_Rarely,1499,Research & Development,29,1,Medical,1,1,Male,100,2,2,Laboratory Technician,3,Married,1009,2094,1,Y,Yes,25,3,2,80,1,40,2,1,40,0,0,0
112,57,Yes,Travel_Rarely,102,Research & Development,28,4,Medical,1,4,Male,49,3,5,Research Director,4,Single,19271,2373,1,Y,No,14,3,4,80,0,40,3,3,40,18,15,17
113,60,Yes,Travel_Rarely,102,Sales,29,1,Medical,1,4,Male,100,3,2,Manufacturing Director,1,Married,1009,2094,7,Y,Yes,11,3,2,80,1,40,3,1,0,0,0,0
114,60,Yes,Travel_Rarely,102,Sales,29,1,Medical,1,1,Male,100,3,2,Manufacturing Director,3,Married,1009,2094,7,Y,Yes,11,3,1,80,1,40,3,1,0,0,0,0
115,60,Yes,Travel_Rarely,102,Sales,29,1,Medical,1,1,Male,100,3,2,Manufacturing Director,3,Married,19999,2094,3,Y,Yes,11,3,2,80,1,40,3,1,0,0,0,0
116,60,No,Travel_Rarely,102,Research & Development,27,3,Medical,1,4,Male,30,3,2,Manufacturing Director,4,Divorced,19999,2094,2,Y,No,11,3,3,80,1,40,2,2,0,0,0,0
117,60,No,Travel_Rarely,1443,Research & Development,29,3,Life Sciences,1,4,Male,30,3,4,Manufacturing Director,4,Divorced,19999,2094,2,Y,No,11,3,4,80,1,40,2,2,40,0,15,0
118,60,Yes,Travel_Rarely,1499,Sales,29,1,Medical,1,4,Male,99,3,2,Laboratory Technician,3,Married,1009,26999,7,Y,No,11,3,1,80,1,40,2,1,0,0,0,0
119,18,Yes,Travel_Rarely,102,Sales,29,1,Medical,1,1,Male,100,3,1,Laboratory Technician,1,Married,1009,2094,7,Y,Yes,11,3,1,80,0,0,2,1,0,0,0,0
120,60,Yes,Travel_Rarely,102,Sales,29,1,Medical,1,4,Male,100,3,1,Research Scientist,1,Married,1009,2094,7,Y,Yes,11,3,1,80,0,40,3,1,0,0,0,0
121,60,Yes,Travel_Rarely,102,Research & Development,29,4,Medical,1,4,Female,30,4,4,Healthcare Representative,4,Single,1009,2094,1,Y,No,11,3,2,80,0,40,3,3,40,18,15,17
122,19,No,Travel_Rarely,1281,Research & Development,1,3,Life Sciences,1,4,Female,38,3,2,Research Scientist,1,Married,8043,26999,1,Y,No,24,3,1,80,2,33,3,3,20,17,0,17
123,18,Yes,Travel_Frequently,1499,Sales,1,1,Medical,1,2,Male,100,1,1,Sales Executive,3,Single,1009,2094,0,Y,No,11,3,1,80,0,0,2,3,0,0,0,0
124,60,Yes,Travel_Rarely,102,Research & Development,1,4,Medical,1,3,Female,100,3,3,Healthcare Representative,4,Married,2395,2097,1,Y,No,24,3,4,80,1,40,2,2,40,17,15,0
125,18,Yes,Travel_Rarely,102,Research & Development,29,3,Medical,1,4,Male,30,3,2,Laboratory Technician,3,Divorced,19999,2094,2,Y,No,11,3,2,80,1,40,2,3,0,0,0,0
126,58,No,Travel_Rarely,153,Research & Development,13,1,Medical,1,3,Female,33,3,4,Manager,3,Married,18647,21179,3,Y,No,13,3,1,80,1,36,3,1,11,6,5,9
127,60,No,Travel_Rarely,102,Research & Development,1,2,Medical,1,3,Male,100,2,3,Research Scientist,4,Married,1009,2094,1,Y,Yes,25,4,3,80,1,40,2,3,40,18,15,17
128,60,Yes,Travel_Rarely,1499,Sales,28,4,Life Sciences,1,3,Male,30,3,2,Manufacturing Director,4,Divorced,19999,2094,4,Y,No,11,3,3,80,1,40,2,2,0,0,0,0
129,60,Yes,Travel_Rarely,102,Research & Development,29,4,Medical,1,4,Female,30,4,4,Healthcare Representative,4,Single,1009,26999,2,Y,No,11,3,2,80,0,40,3,3,40,18,15,17
130,60,Yes,Travel_Rarely,102,Research & Development,1,4,Medical,1,4,Female,100,3,3,Healthcare Representative,4,Married,1009,2094,1,Y,No,11,3,4,80,1,40,3,2,40,18,15,17
131,60,No,Non-Travel,1499,Research & Development,1,3,Life Sciences,1,4,Female,30,3,3,Research Director,4,Married,19999,26999,1,Y,No,25,4,1,80,1,40,3,4,0,0,0,17
132,41,No,Travel_Rarely,539,Research & Development,1,3,Medical,1,3,Male,84,2,1,Laboratory Technician,3,Married,2772,17504,4,Y,No,21,4,2,80,1,6,4,2,1,0,0,0
133,60,Yes,Non-Travel,102,Research & Development,1,4,Medical,1,3,Male,100,3,3,Healthcare Representative,4,Divorced,19999,2094,1,Y,No,25,3,4,80,1,40,2,1,40,18,15,17
134,18,Yes,Travel_Rarely,102,Sales,29,2,Medical,1,1,Male,97,1,2,Sales Executive,1,Single,1009,7614,7,Y,No,24,3,1,80,0,40,2,1,0,0,0,0
135,60,No,Travel_Rarely,1499,Sales,1,4,Life Sciences,1,3,Female,30,2,5,Manager,1,Married,19999,2094,0,Y,No,25,4,1,80,1,40,3,3,40,18,15,17
136,60,No,Travel_Rarely,102,Research & Development,1,4,Technical Degree,1,1,Male,100,3,5,Manager,1,Divorced,19999,2094,0,Y,No,11,3,3,80,1,40,3,3,40,18,15,17
137,60,No,Travel_Rarely,102,Sales,1,4,Technical Degree,1,3,Male,100,2,3,Research Director,3,Divorced,19999,2094,0,Y,No,25,3,1,80,1,40,2,1,40,18,15,17
138,60,Yes,Travel_Rarely,102,Sales,29,1,Medical,1,1,Female,30,3,2,Research Scientist,3,Married,1009,26999,7,Y,Yes,11,3,2,80,1,40,3,1,0,0,0,0
139,18,Yes,Travel_Frequently,102,Research & Development,29,3,Medical,1,4,Male,30,3,2,Laboratory Technician,3,Divorced,19999,2094,2,Y,No,11,3,2,80,1,40,2,3,0,0,0,0
140,60,Yes,Travel_Rarely,102,Sales,29,1,Medical,1,4,Male,100,3,1,Laboratory Technician,3,Married,1009,2094,3,Y,No,11,3,1,80,0,0,3,1,0,0,0,0
141,30,No,Travel_Rarely,297,Research & Development,28,1,Life Sciences,1,1,Female,90,3,1,Laboratory Technician,4,Divorced,2377,26965,1,Y,No,24,4,4,80,1,0,0,3,0,0,0,0
142,60,Yes,Travel_Rarely,102,Sales,29,1,Medical,1,4,Male,100,3,2,Laboratory Technician,1,Married,1009,2094,7,Y,Yes,11,3,1,80,0,40,3,1,0,0,0,0
143,60,Yes,Travel_Rarely,102,Sales,29,1,Medical,1,4,Male,100,3,2,Manufacturing Director,3,Married,1009,2094,7,Y,Yes,11,3,1,80,1,40,3,1,0,0,0,0
144,59,No,Travel_Frequently,102,Research & Development,1,4,Life Sciences,1,4,Male,30,4,4,Research Director,4,Single,19440,6152,1,Y,Yes,25,4,1,80,0,40,0,3,40,18,15,17
145,60,Yes,Travel_Rarely,102,Sales,29,1,Medical,1,4,Male,30,3,2,Laboratory Technician,3,Married,19999,2094,7,Y,Yes,11,3,2,80,1,40,3,1,0,0,0,0
146,60,No,Non-Travel,102,Sales,1,4,Marketing,1,3,Male,97,4,3,Research Director,4,Divorced,4955,2094,1,Y,No,25,3,1,80,1,40,2,3,40,18,15,17
147,60,Yes,Non-Travel,102,Research & Development,1,4,Medical,1,3,Male,100,3,3,Healthcare Representative,4,Divorced,1009,26999,3,Y,No,25,4,3,80,1,40,2,1,40,0,15,0
148,60,Yes,Travel_Rarely,102,Research & Development,1,2,Medical,1,4,Male,30,1,3,Healthcare Representative,3,Divorced,19999,26999,1,Y,No,25,4,4,80,1,40,2,4,40,0,0,17
149,47,No,Travel_Rarely,373,Research & Development,28,4,Medical,1,4,Male,60,3,2,Research Scientist,2,Single,5490,9387,3,Y,No,12,3,2,80,0,10,3,3,4,2,0,9
150,60,No,Non-Travel,1499,Research & Development,1,4,Life Sciences,1,4,Male,30,2,1,Laboratory Technician,4,Divorced,16761,26999,3,Y,No,11,3,4,80,1,40,3,4,0,0,0,0
151,60,Yes,Travel_Rarely,102,Sales,29,1,Medical,1,4,Male,100,3,2,Laboratory Technician,3,Married,1009,2094,7,Y,Yes,11,3,2,80,1,40,3,1,0,0,0,0
152,18,Yes,Travel_Rarely,1499,Sales,1,1,Medical,1,4,Female,30,3,1,Sales Representative,2,Single,1156,26999,1,Y,No,25,3,1,80,0,0,3,4,0,0,0,0
153,18,Yes,Travel_Rarely,102,Sales,29,1,Medical,1,1,Male,100,3,1,Sales Executive,1,Married,1009,2094,7,Y,Yes,11,3,1,80,0,40,2,1,0,0,0,0
154,28,No,Travel_Rarely,1318,Sales,22,3,Marketing,1,3,Male,64,3,2,Sales Executive,1,Divorced,4013,14685,5,Y,No,11,3,4,80,1,9,5,2,5,3,0,2
155,60,Yes,Travel_Rarely,102,Sales,29,1,Medical,1,4,Male,100,3,2,Laboratory Technician,3,Married,1009,2094,7,Y,No,11,3,2,80,1,0,3,1,0,0,0,0
156,47,No,Non-Travel,1499,Research & Development,1,3,Life Sciences,1,3,Female,30,3,3,Manager,2,Married,19999,26999,1,Y,No,25,3,1,80,2,40,3,3,40,18,14,17
157,60,Yes,Travel_Rarely,102,Research & Development,29,4,Medical,1,4,Female,30,4,4,Healthcare Representative,4,Single,1009,2094,1,Y,No,11,3,3,80,0,40,3,3,40,18,15,17
158,60,Yes,Travel_Rarely,102,Sales,29,4,Medical,1,1,Male,30,3,3,Manufacturing Director,3,Married,1009,26999,3,Y,Yes,11,4,2,80,1,40,2,1,0,0,0,0
159,18,Yes,Travel_Rarely,1499,Sales,29,1,Medical,1,1,Male,31,3,1,Laboratory Technician,3,Married,1059,26997,3,Y,No,23,3,1,80,0,16,2,3,0,0,0,0
160,60,No,Travel_Rarely,131,Research & Development,29,3,Life Sciences,1,4,Male,30,3,4,Manufacturing Director,4,Divorced,19999,2094,2,Y,No,11,3,3,80,1,40,2,2,40,0,15,0
161,22,No,Travel_Rarely,1499,Research & Development,1,4,Medical,1,3,Female,30,1,3,Sales Executive,1,Married,19991,26993,1,Y,No,25,3,1,80,2,40,3,3,40,18,0,16
162,54,No,Non-Travel,481,Sales,28,4,Life Sciences,1,4,Female,37,3,4,Sales Executive,1,Divorced,6323,4487,1,Y,Yes,18,3,4,80,1,19,3,3,30,17,12,0
163,60,Yes,Travel_Frequently,102,Research & Development,29,4,Medical,1,4,Male,30,3,2,Manufacturing Director,3,Divorced,19999,2094,2,Y,No,11,3,2,80,1,40,2,1,0,0,15,0
164,60,Yes,Travel_Rarely,102,Research & Development,29,4,Medical,1,4,Male,30,4,4,Research Director,4,Single,19999,2094,1,Y,No,11,3,3,80,0,40,3,3,40,18,15,17
165,60,Yes,Travel_Rarely,102,Sales,29,1,Medical,1,4,Female,100,3,2,Research Scientist,3,Married,1009,2094,3,Y,Yes,11,3,2,80,1,40,3,1,0,0,0,0
166,59,No,Travel_Rarely,210,Research & Development,1,4,Life Sciences,1,4,Male,99,3,5,Research Director,1,Divorced,19998,2101,1,Y,No,11,3,4,80,1,40,2,3,40,17,15,15
167,60,No,Travel_Rarely,1499,Research & Development,1,4,Medical,1,4,Male,100,3,3,Healthcare Representative,3,Divorced,19999,26999,3,Y,No,11,3,3,80,1,40,2,4,0,0,0,0
168,51,No,Travel_Rarely,765,Research & Development,23,4,Life Sciences,1,3,Female,94,3,3,Manufacturing Director,3,Married,15514,14407,3,Y,Yes,11,3,2,80,0,15,3,3,2,5,0,0
169,60,Yes,Travel_Rarely,1499,Sales,29,1,Medical,1,1,Male,100,3,2,Laboratory Technician,3,Married,1009,7059,7,Y,No,25,3,1,80,1,40,2,1,0,0,0,0
170,60,No,Non-Travel,1489,Research & Development,1,4,Life Sciences,1,3,Female,100,3,3,Research Director,1,Married,19999,26999,0,Y,No,25,4,1,80,1,40,3,1,39,0,0,17
171,60,No,Travel_Rarely,102,Sales,1,4,Technical Degree,1,3,Male,100,2,5,Research Director,1,Married,19999,2094,0,Y,No,25,3,1,80,0,40,3,3,40,18,15,17
172,18,Yes,Travel_Rarely,102,Sales,29,2,Medical,1,1,Male,99,1,1,Sales Executive,3,Single,1009,6851,7,Y,Yes,25,3,1,80,0,40,2,1,0,0,0,0
173,60,Yes,Travel_Rarely,102,Research & Development,1,4,Medical,1,4,Female,30,4,3,Healthcare Representative,4,Single,1009,2094,1,Y,No,11,3,4,80,0,40,3,2,40,18,15,17
174,18,Yes,Travel_Rarely,102,Sales,29,4,Medical,1,1,Male,30,3,3,Sales Executive,1,Married,1010,2138,7,Y,No,11,3,1,80,0,25,2,1,0,0,0,0
175,60,No,Travel_Rarely,102,Sales,1,4,Life Sciences,1,3,Female,30,2,5,Manager,3,Married,19999,2094,0,Y,No,25,3,1,80,0,40,2,3,40,18,15,17
176,57,No,Travel_Rarely,102,Human Resources,19,4,Human Resources,1,4,Male,30,4,5,Manager,2,Married,19906,19951,4,Y,Yes,13,3,1,80,1,39,0,3,39,17,15,17
177,60,Yes,Travel_Rarely,102,Sales,29,1,Medical,1,1,Male,100,3,2,Sales Executive,1,Married,1009,2094,7,Y,Yes,11,3,1,80,1,40,2,1,0,0,0,0
178,60,Yes,Travel_Rarely,102,Sales,29,1,Medical,1,1,Male,100,3,2,Manufacturing Director,1,Married,1009,2094,7,Y,Yes,11,3,1,80,0,40,2,1,0,0,0,0
179,18,Yes,Travel_Frequently,1264,Sales,28,2,Medical,1,1,Female,48,2,2,Sales Executive,1,Married,4087,12052,5,Y,No,16,3,1,80,0,4,5,1,0,0,0,0
180,60,No,Travel_Rarely,102,Sales,1,2,Medical,1,3,Male,100,2,3,Healthcare Representative,1,Divorced,1009,2094,1,Y,No,25,4,3,80,1,40,2,3,40,18,15,17
181,32,Yes,Travel_Frequently,543,Research & Development,7,2,Life Sciences,1,3,Female,87,2,1,Laboratory Technician,1,Married,3004,13950,6,Y,Yes,15,3,2,80,1,10,2,3,1,0,0,0
182,60,Yes,Travel_Rarely,102,Sales,29,1,Medical,1,1,Male,100,3,2,Manufacturing Director,1,Married,1009,2094,7,Y,Yes,11,3,1,80,0,40,3,1,0,0,0,0
183,29,No,Travel_Rarely,1498,Research & Development,28,4,Medical,1,4,Male,30,3,1,Laboratory Technician,3,Married,19962,26999,7,Y,No,11,3,4,80,1,0,2,4,0,0,0,0
184,56,No,Travel_Frequently,669,Research & Development,1,2,Life Sciences,1,1,Male,87,2,4,Manufacturing Director,1,Single,10786,10600,3,Y,No,20,4,4,80,0,34,2,2,0,0,0,0
185,60,No,Travel_Rarely,1499,Research & Development,1,4,Life Sciences,1,3,Female,30,1,4,Manager,1,Married,19999,26998,0,Y,No,25,3,1,80,1,40,3,1,40,18,0,17
186,60,No,Travel_Rarely,1499,Sales,28,4,Medical,1,1,Male,30,3,1,Laboratory Technician,3,Single,1009,26999,4,Y,No,11,3,1,80,0,40,2,3,0,0,0,0
187,60,No,Travel_Rarely,102,Sales,29,2,Life Sciences,1,1,Male,100,3,2,Laboratory Technician,3,Married,1009,26999,1,Y,Yes,24,3,4,80,0,40,3,1,40,0,0,17
188,60,Yes,Travel_Rarely,102,Sales,29,1,Medical,1,4,Male,100,3,2,Laboratory Technician,1,Married,1009,2094,7,Y,Yes,11,3,1,80,0,40,2,1,0,0,0,0
189,18,Yes,Travel_Rarely,1498,Sales,29,2,Medical,1,1,Male,100,1,1,Sales Executive,3,Single,1009,2094,0,Y,No,11,3,1,80,0,0,2,1,0,0,0,0
190,60,Yes,Travel_Rarely,102,Research & Development,29,3,Medical,1,1,Male,30,3,2,Manufacturing Director,3,Married,19999,2094,3,Y,No,11,3,2,80,1,40,3,1,0,0,0,0
191,60,Yes,Travel_Rarely,102,Research & Development,29,4,Medical,1,4,Female,100,3,3,Healthcare Representative,4,Married,1009,2094,1,Y,No,11,3,4,80,1,40,3,2,40,18,15,17
192,60,No,Travel_Rarely,102,Sales,1,4,Medical,1,4,Female,30,2,5,Manager,4,Married,19999,26999,0,Y,No,25,3,3,80,0,40,3,3,40,18,15,17
193,60,No,Travel_Rarely,102,Sales,29,4,Medical,1,4,Female,30,2,5,Manager,4,Married,19999,2094,1,Y,No,11,3,3,80,0,40,3,3,40,18,15,17
194,60,No,Travel_Rarely,102,Sales,1,4,Medical,1,4,Male,30,4,5,Manager,4,Married,19999,26999,2,Y,Yes,11,3,4,80,0,40,2,2,40,18,15,17
195,60,Yes,Travel_Rarely,1101,Sales,29,1,Medical,1,1,Male,30,3,3,Laboratory Technician,3,Married,1009,26999,3,Y,No,11,3,2,80,1,40,2,1,0,0,0,0
196,18,Yes,Travel_Rarely,102,Sales,29,1,Medical,1,1,Male,100,1,1,Laboratory Technician,1,Married,1009,2094,7,Y,No,11,3,1,80,0,0,2,1,0,0,0,0
197,60,Yes,Travel_Rarely,102,Sales,29,1,Medical,1,1,Female,100,3,2,Manufacturing Director,3,Married,1009,2094,3,Y,No,11,3,2,80,1,40,3,1,0,0,0,0
198,60,Yes,Travel_Rarely,914,Sales,29,1,Medical,1,1,Male,30,3,2,Manufacturing Director,3,Divorced,2467,2094,2,Y,No,11,3,2,80,1,40,2,3,40,18,15,0
199,60,Yes,Travel_Rarely,102,Research & Development,1,4,Medical,1,4,Female,30,3,3,Healthcare Representative,4,Married,1009,2094,1,Y,No,11,3,4,80,1,40,3,2,40,0,15,17
200,18,Yes,Travel_Rarely,106,Sales,29,2,Medical,1,1,Male,60,1,1,Sales Executive,1,Single,1009,3096,7,Y,No,25,3,1,80,0,40,2,3,0,0,0,0
201,29,No,Travel_Frequently,205,Research & Development,7,3,Life Sciences,1,2,Male,65,2,2,Research Scientist,2,Single,5730,16783,7,Y,No,12,3,2,80,0,10,2,3,5,4,6,2
202,40,No,Travel_Rarely,1185,Sales,7,3,Life Sciences,1,3,Female,85,3,2,Sales Executive,4,Married,7040,11824,2,Y,No,11,3,4,80,1,9,2,2,5,7,3,2
203,60,Yes,Travel_Rarely,102,Research & Development,29,4,Medical,1,4,Female,100,3,3,Healthcare Representative,4,Married,1009,2094,1,Y,No,11,3,4,80,1,40,3,2,40,18,15,0
204,60,Yes,Travel_Rarely,102,Sales,29,4,Medical,1,4,Female,30,3,3,Manufacturing Director,3,Single,19999,26999,2,Y,No,11,3,2,80,1,40,3,3,40,18,15,0
205,60,No,Travel_Rarely,1499,Research & Development,29,4,Medical,1,1,Male,30,3,3,Manufacturing Director,3,Married,1009,26999,3,Y,No,11,4,2,80,1,40,2,3,40,0,0,0
206,60,No,Travel_Rarely,102,Sales,1,3,Life Sciences,1,4,Male,100,3,3,Human Resources,3,Single,19767,2094,1,Y,Yes,25,3,3,80,0,40,0,3,40,0,0,17
207,59,Yes,Travel_Frequently,102,Research & Development,29,3,Medical,1,4,Male,30,3,2,Laboratory Technician,3,Divorced,19999,2094,2,Y,No,11,3,2,80,1,40,2,3,0,0,0,0
208,60,No,Travel_Rarely,107,Sales,1,4,Medical,1,3,Female,30,2,3,Manager,1,Married,19999,26997,0,Y,No,25,4,1,80,1,40,3,3,40,18,15,17
209,60,Yes,Travel_Rarely,1499,Sales,29,1,Medical,1,1,Female,100,3,2,Research Scientist,3,Married,1009,26999,3,Y,Yes,24,4,2,80,1,40,3,1,0,0,0,0
210,29,Yes,Travel_Rarely,702,Research & Development,18,3,Life Sciences,1,1,Male,65,3,1,Research Scientist,1,Single,2204,13404,1,Y,No,19,3,1,80,0,4,2,3,1,0,0,0
211,18,Yes,Travel_Rarely,1499,Sales,29,1,Medical,1,1,Male,100,1,1,Sales Executive,3,Single,1009,2094,0,Y,No,11,3,1,80,0,0,2,1,0,0,0,0
212,42,No,Travel_Rarely,964,Research & Development,1,3,Medical,1,4,Male,51,4,1,Research Scientist,3,Married,2673,16632,3,Y,No,12,3,4,80,0,5,2,3,1,0,0,0
213,60,Yes,Travel_Rarely,1499,Sales,29,1,Medical,1,4,Female,100,3,2,Research Scientist,3,Married,1009,26999,3,Y,No,25,3,2,80,1,40,3,1,0,0,0,0
214,60,No,Travel_Rarely,1499,Research & Development,1,2,Medical,1,3,Male,100,3,3,Research Scientist,1,Divorced,1009,2094,1,Y,No,25,4,3,80,1,40,2,3,40,18,15,17
215,32,No,Travel_Rarely,198,Research & Development,16,1,Other,1,4,Male,42,3,1,Research Scientist,3,Single,2637,19679,4,Y,No,21,4,1,80,0,9,2,3,0,0,0,0
216,60,No,Travel_Rarely,1499,Research & Development,29,3,Medical,1,4,Male,30,3,2,Manufacturing Director,4,Divorced,19999,2094,2,Y,No,11,3,3,80,1,40,2,2,0,0,0,0
217,18,Yes,Travel_Rarely,102,Sales,29,2,Medical,1,1,Male,100,1,1,Sales Executive,1,Single,1009,2094,7,Y,No,14,3,1,80,0,40,2,1,0,0,0,0
218,60,Yes,Travel_Rarely,102,Research & Development,29,4,Medical,1,4,Female,30,4,4,Research Director,4,Single,1009,2094,2,Y,No,11,3,2,80,0,40,3,3,40,18,15,17
219,60,No,Travel_Rarely,1499,Sales,1,4,Marketing,1,2,Female,30,2,5,Manager,1,Married,19999,2094,0,Y,Yes,25,4,3,80,1,40,2,3,40,18,15,17
220,60,No,Travel_Rarely,102,Research & Development,1,4,Medical,1,4,Male,98,4,3,Research Scientist,4,Married,1009,2094,1,Y,Yes,25,4,3,80,1,40,2,3,40,18,15,17
221,40,No,Travel_Rarely,411,Research & Development,1,4,Life Sciences,1,3,Male,30,1,4,Manager,1,Married,19998,15132,0,Y,No,22,3,1,80,2,39,3,3,39,18,15,17
222,60,Yes,Travel_Rarely,106,Sales,29,1,Medical,1,1,Female,30,3,2,Research Scientist,3,Married,1009,26999,3,Y,No,11,3,2,80,1,40,3,1,0,0,0,0
223,60,Yes,Travel_Rarely,102,Sales,29,1,Medical,1,4,Male,100,3,2,Laboratory Technician,3,Married,1009,2094,7,Y,Yes,11,3,1,80,1,40,3,1,0,0,0,0
224,60,Yes,Travel_Rarely,102,Sales,1,3,Technical Degree,1,1,Male,100,4,2,Sales Executive,4,Divorced,19999,2094,2,Y,No,11,3,1,80,1,40,3,3,40,18,0,17
225,60,No,Travel_Rarely,1499,Sales,1,4,Life Sciences,1,2,Female,30,2,3,Manager,1,Married,19999,2094,0,Y,Yes,25,4,1,80,1,40,3,3,40,18,15,17
226,58,No,Non-Travel,111,Research & Development,1,4,Life Sciences,1,4,Male,30,3,4,Research Director,4,Divorced,19966,21589,2,Y,No,15,3,4,80,1,39,3,2,4,0,0,1
227,60,No,Travel_Rarely,102,Research & Development,1,4,Life Sciences,1,1,Male,30,2,5,Manager,1,Divorced,19999,2094,0,Y,No,11,3,1,80,0,40,3,3,40,18,15,17
228,60,Yes,Travel_Rarely,1499,Sales,29,1,Medical,1,1,Male,30,3,3,Laboratory Technician,3,Married,1009,26999,3,Y,No,11,3,2,80,1,40,2,1,0,0,0,0
229,31,No,Travel_Rarely,363,Sales,1,3,Life Sciences,1,3,Male,87,3,2,Sales Executive,1,Single,5713,21201,4,Y,No,14,3,2,80,0,9,3,4,1,1,0,2
230,25,No,Travel_Rarely,584,Research & Development,15,1,Medical,1,4,Male,66,3,1,Research Scientist,4,Single,2289,8494,1,Y,No,12,3,3,80,0,1,2,3,2,0,0,0
231,21,Yes,Travel_Rarely,749,Research & Development,18,3,Medical,1,4,Male,30,1,1,Laboratory Technician,1,Single,2283,3343,2,Y,Yes,14,3,1,80,0,6,2,2,0,0,0,0
232,60,Yes,Travel_Rarely,102,Research & Development,29,3,Medical,1,4,Male,30,3,2,Laboratory Technician,4,Divorced,19999,2094,2,Y,No,11,3,3,80,1,40,2,2,0,0,15,0
233,18,Yes,Travel_Rarely,102,Research & Development,29,1,Medical,1,1,Male,100,3,2,Laboratory Technician,3,Single,1009,26999,1,Y,Yes,25,3,4,80,0,40,2,3,40,0,15,17
234,60,No,Non-Travel,586,Sales,1,4,Medical,1,3,Female,66,3,3,Research Director,1,Married,19999,26999,0,Y,No,25,4,1,80,1,40,3,1,40,18,0,17
235,59,Yes,Travel_Rarely,1499,Sales,29,1,Medical,1,1,Male,30,3,1,Laboratory Technician,3,Married,1009,26999,3,Y,No,24,3,2,80,0,0,2,1,0,0,0,0
236,60,Yes,Travel_Rarely,102,Research & Development,29,4,Medical,1,4,Female,30,3,3,Healthcare Representative,4,Married,1009,2094,1,Y,No,11,3,4,80,0,40,3,3,40,18,15,17
237,60,Yes,Travel_Frequently,103,Research & Development,29,3,Medical,1,4,Male,30,3,2,Laboratory Technician,4,Divorced,19999,2094,2,Y,No,11,3,2,80,1,40,2,2,0,0,15,0
238,36,No,Travel_Rarely,548,Research & Development,1,4,Life Sciences,1,2,Male,63,3,1,Research Scientist,4,Divorced,4488,21365,1,Y,No,14,3,2,80,1,8,6,2,6,3,0,4
239,18,No,Travel_Rarely,488,Research & Development,26,4,Medical,1,2,Male,72,3,1,Research Scientist,3,Single,2556,9524,0,Y,No,14,3,3,80,0,2,2,3,0,0,0,0
240,60,No,Travel_Rarely,102,Research & Development,29,1,Medical,1,1,Female,30,3,2,Research Scientist,4,Married,1009,2094,1,Y,Yes,25,4,3,80,1,40,2,3,40,18,0,17
241,18,Yes,Travel_Rarely,1378,Sales,28,4,Medical,1,1,Male,57,3,3,Sales Executive,1,Single,2340,10031,2,Y,No,22,3,1,80,0,39,2,3,0,0,0,0
242,18,Yes,Travel_Rarely,102,Research & Development,29,1,Medical,1,1,Male,30,3,3,Laboratory Technician,3,Single,1009,26999,1,Y,Yes,25,3,4,80,0,40,2,3,40,0,15,17
243,60,No,Travel_Frequently,1499,Research & Development,29,4,Medical,1,1,Male,30,3,3,Manufacturing Director,3,Married,1009,26999,3,Y,Yes,25,3,2,80,0,40,3,3,40,0,0,17
244,60,No,Travel_Rarely,102,Sales,1,3,Marketing,1,3,Female,30,4,3,Research Director,1,Married,19998,2094,0,Y,No,25,4,1,80,2,40,3,3,40,18,15,17
245,36,No,Travel_Frequently,733,Research & Development,16,3,Life Sciences,1,3,Female,65,4,4,Healthcare Representative,1,Single,7897,16759,7,Y,No,16,3,3,80,0,27,3,4,10,3,5,13
246,40,No,Travel_Rarely,486,Research & Development,3,3,Medical,1,2,Male,66,3,1,Research Scientist,4,Single,2473,10475,1,Y,No,12,3,2,80,0,5,2,3,4,2,0,2
247,60,No,Travel_Rarely,102,Research & Development,1,4,Life Sciences,1,3,Male,42,3,4,Manager,4,Divorced,19999,2094,2,Y,No,11,3,3,80,1,40,2,2,21,0,14,0
248,60,No,Travel_Rarely,162,Research & Development,29,4,Life Sciences,1,4,Male,30,3,4,Manufacturing Director,4,Divorced,19999,2094,2,Y,No,11,3,3,80,1,40,2,2,5,0,12,0
249,18,Yes,Travel_Rarely,102,Sales,29,1,Medical,1,1,Male,100,1,1,Laboratory Technician,3,Married,1009,2094,7,Y,No,11,3,1,80,0,0,2,1,0,0,0,0
250,60,No,Travel_Rarely,1498,Sales,29,3,Life Sciences,1,3,Male,100,3,3,Research Director,3,Single,19999,2094,1,Y,Yes,25,3,4,80,0,40,2,3,40,0,0,17
251,18,Yes,Travel_Rarely,105,Sales,29,2,Medical,1,1,Male,85,1,2,Sales Executive,1,Single,1009,2094,7,Y,No,25,3,1,80,0,40,2,3,0,0,0,0
252,60,Yes,Travel_Rarely,102,Research & Development,1,4,Medical,1,4,Female,30,3,5,Healthcare Representative,4,Married,1009,2094,1,Y,No,11,3,4,80,1,40,3,2,40,18,15,17
253,60,Yes,Travel_Rarely,231,Sales,29,1,Medical,1,1,Female,30,3,3,Laboratory Technician,3,Married,1009,26999,3,Y,Yes,11,3,2,80,1,40,3,1,0,0,0,0
254,60,No,Travel_Rarely,1499,Sales,1,4,Life Sciences,1,2,Female,30,2,3,Manager,1,Married,19999,26999,0,Y,No,25,4,1,80,1,40,3,3,40,18,15,17
255,55,No,Travel_Rarely,112,Research & Development,28,3,Medical,1,3,Male,46,3,2,Laboratory Technician,3,Married,2341,11455,8,Y,No,22,3,3,80,1,10,3,3,2,0,0,0
256,29,No,Travel_Rarely,1380,Sales,1,3,Medical,1,2,Female,45,4,1,Sales Representative,2,Single,3195,16563,1,Y,No,20,3,4,80,0,3,3,3,3,3,0,3
257,60,Yes,Travel_Rarely,102,Research & Development,1,4,Medical,1,4,Female,30,3,4,Healthcare Representative,4,Married,1009,2094,1,Y,No,11,3,4,80,1,40,3,2,40,18,15,17
258,22,No,Travel_Rarely,1370,Research & Development,9,3,Technical Degree,1,3,Male,91,3,1,Research Scientist,3,Married,3270,16479,1,Y,Yes,11,3,4,80,1,2,2,3,2,2,0,2
259,60,No,Travel_Rarely,102,Sales,1,2,Medical,1,2,Male,30,2,3,Research Director,1,Divorced,1009,2094,0,Y,No,25,4,1,80,1,40,3,3,40,18,15,17
260,60,No,Travel_Rarely,102,Sales,1,4,Technical Degree,1,3,Female,30,2,5,Manager,3,Married,19999,26999,0,Y,No,25,3,3,80,0,40,3,3,40,18,15,17
261,18,No,Travel_Rarely,1499,Research & Development,1,3,Medical,1,4,Female,30,3,1,Research Scientist,2,Single,5041,26999,1,Y,Yes,25,3,4,80,0,23,3,4,1,4,0,17
262,18,Yes,Travel_Rarely,102,Sales,29,1,Medical,1,1,Male,100,1,1,Laboratory Technician,3,Single,1009,2094,7,Y,No,11,3,1,80,0,0,2,1,0,0,0,0
263,25,No,Travel_Rarely,1363,Research & Development,24,4,Life Sciences,1,2,Male,43,3,1,Research Scientist,3,Married,2274,8577,1,Y,No,20,4,4,80,1,4,4,2,5,4,0,1
264,21,No,Travel_Frequently,1370,Sales,28,3,Other,1,4,Female,31,3,1,Sales Representative,4,Divorced,1938,17236,1,Y,No,25,4,2,80,1,2,3,2,7,2,0,0
265,32,Yes,Travel_Rarely,490,Sales,8,2,Marketing,1,1,Male,43,3,2,Sales Executive,2,Married,4706,5765,1,Y,Yes,16,3,3,80,3,6,2,2,5,2,0,3
266,60,No,Travel_Rarely,102,Sales,1,4,Life Sciences,1,3,Female,30,2,5,Manager,3,Married,19999,2094,0,Y,No,25,3,3,80,0,40,2,3,40,18,15,17
267,60,No,Travel_Rarely,102,Research & Development,1,4,Technical Degree,1,3,Male,100,2,3,Research Director,3,Married,19999,2094,0,Y,No,25,3,1,80,1,40,2,1,40,18,15,17
268,60,No,Non-Travel,1499,Research & Development,1,4,Medical,1,3,Female,100,3,3,Healthcare Representative,2,Married,19995,26999,0,Y,No,25,4,1,80,1,40,3,1,40,18,0,17
269,60,No,Travel_Rarely,102,Sales,1,4,Technical Degree,1,3,Female,30,2,5,Manager,3,Married,19999,2094,0,Y,No,25,3,3,80,0,40,3,3,40,18,15,17
270,60,No,Travel_Rarely,1499,Research & Development,1,3,Life Sciences,1,3,Male,30,3,4,Manager,4,Divorced,19999,2094,2,Y,No,11,3,4,80,1,40,2,2,0,0,15,0
271,60,Yes,Travel_Rarely,102,Sales,29,1,Medical,1,1,Male,30,3,2,Manufacturing Director,3,Divorced,19999,2094,3,Y,No,11,3,2,80,1,40,3,1,0,0,0,0
272,60,Yes,Travel_Rarely,102,Sales,29,1,Medical,1,4,Male,30,3,2,Laboratory Technician,3,Married,1009,26999,7,Y,No,11,3,1,80,1,40,2,1,0,0,0,0
273,35,No,Travel_Rarely,1390,Sales,1,3,Medical,1,4,Male,43,2,1,Sales Executive,2,Married,2786,20597,0,Y,No,11,3,4,80,1,6,5,3,4,2,0,2
274,25,No,Travel_Rarely,1296,Sales,1,3,Medical,1,3,Female,45,4,3,Sales Executive,1,Married,7477,22971,1,Y,No,17,3,3,80,2,10,2,3,8,8,1,7
275,60,Yes,Travel_Rarely,102,Sales,29,1,Medical,1,4,Male,100,3,2,Research Scientist,3,Married,1009,2094,7,Y,Yes,11,3,1,80,0,0,3,1,0,0,0,0
276,18,Yes,Travel_Rarely,103,Sales,29,2,Medical,1,1,Male,30,1,1,Laboratory Technician,3,Single,1029,3007,7,Y,No,11,3,1,80,0,10,2,2,0,0,0,0
277,60,No,Travel_Rarely,1486,Research & Development,1,4,Life Sciences,1,3,Male,30,2,4,Manager,1,Married,19999,24027,0,Y,No,24,3,1,80,1,40,3,3,40,18,15,17
278,60,No,Travel_Rarely,102,Research & Development,1,4,Technical Degree,1,3,Male,100,2,4,Manager,4,Married,1009,2094,0,Y,No,25,3,3,80,0,40,2,3,40,18,15,17
279,60,Yes,Travel_Rarely,1499,Sales,29,1,Medical,1,1,Male,30,3,3,Laboratory Technician,3,Married,1009,26999,3,Y,No,11,3,2,80,1,40,3,1,0,0,0,0
280,60,Yes,Travel_Frequently,102,Sales,29,1,Medical,1,1,Male,30,3,3,Manufacturing Director,3,Married,2106,26999,7,Y,Yes,11,3,2,80,1,40,3,1,0,0,0,0
281,60,No,Travel_Rarely,228,Research & Development,20,4,Medical,1,4,Male,30,3,2,Sales Executive,4,Divorced,19999,2094,2,Y,No,11,3,4,80,1,40,2,2,0,0,15,0
282,53,No,Travel_Rarely,160,Research & Development,21,3,Medical,1,4,Female,52,3,4,Research Director,3,Married,13472,3661,3,Y,No,11,3,2,80,1,27,3,3,13,17,10,9
283,60,No,Non-Travel,1499,Research & Development,1,4,Medical,1,3,Female,100,3,3,Research Director,2,Married,19999,26999,1,Y,No,25,4,1,80,2,40,3,1,40,18,15,17
284,60,Yes,Travel_Rarely,102,Research & Development,1,4,Medical,1,4,Male,100,3,3,Healthcare Representative,4,Married,1009,2094,1,Y,No,25,3,4,80,1,40,2,2,40,18,15,0
285,48,No,Travel_Rarely,144,Research & Development,1,4,Life Sciences,1,4,Male,80,4,5,Manager,2,Divorced,19865,16889,7,Y,No,11,3,3,80,1,37,4,3,23,9,15,14
286,31,No,Travel_Frequently,1066,Research & Development,1,4,Technical Degree,1,3,Male,81,3,2,Manufacturing Director,4,Married,6619,6367,1,Y,No,14,3,3,80,2,10,1,4,9,7,0,7
287,60,Yes,Travel_Rarely,102,Research & Development,29,4,Medical,1,4,Female,30,3,3,Healthcare Representative,4,Single,1009,2094,1,Y,No,11,3,4,80,1,40,3,2,40,18,15,0
288,60,No,Travel_Rarely,102,Research & Development,1,4,Life Sciences,1,3,Male,30,3,5,Manager,1,Married,19999,2094,2,Y,No,11,3,3,80,1,40,2,2,0,0,15,17
289,18,No,Travel_Rarely,1499,Sales,29,1,Medical,1,1,Male,30,3,1,Laboratory Technician,3,Single,1009,26999,1,Y,No,25,3,1,80,0,0,2,3,0,0,0,0
290,60,No,Travel_Rarely,1499,Research & Development,1,2,Medical,1,2,Male,100,3,3,Research Scientist,4,Married,1009,2094,1,Y,Yes,25,4,3,80,1,40,2,3,40,18,0,17
291,60,Yes,Travel_Rarely,102,Research & Development,1,4,Medical,1,4,Female,30,4,3,Healthcare Representative,4,Married,1009,2094,1,Y,No,11,3,4,80,0,40,3,2,40,18,15,17
292,60,Yes,Travel_Rarely,102,Sales,29,1,Medical,1,4,Male,100,3,2,Laboratory Technician,1,Married,1009,2094,7,Y,Yes,11,3,1,80,1,40,3,1,0,0,0,0
293,18,No,Travel_Rarely,102,Research & Development,29,4,Life Sciences,1,4,Male,30,3,4,Manager,4,Divorced,19999,2094,1,Y,No,11,3,4,80,1,40,3,2,40,18,15,17
294,59,No,Travel_Rarely,1499,Research & Development,29,3,Medical,1,1,Male,30,3,1,Laboratory Technician,3,Married,1009,26999,2,Y,No,25,4,2,80,1,39,2,3,0,0,0,0
295,60,Yes,Travel_Rarely,102,Research & Development,1,4,Medical,1,4,Female,30,3,3,Healthcare Representative,4,Married,1009,2094,1,Y,No,25,3,4,80,1,40,3,2,40,18,15,17
296,55,No,Travel_Rarely,1157,Sales,19,1,Marketing,1,2,Female,41,3,4,Manager,1,Divorced,13181,10019,0,Y,No,13,3,2,80,1,18,3,3,11,8,5,0
297,18,Yes,Travel_Rarely,102,Research & Development,29,3,Medical,1,1,Male,30,3,2,Laboratory Technician,3,Married,19999,2094,3,Y,No,11,3,2,80,1,40,2,1,0,0,0,0
298,60,Yes,Travel_Rarely,102,Research & Development,29,4,Medical,1,4,Female,30,4,3,Healthcare Representative,4,Single,1009,2094,1,Y,No,11,3,4,80,0,40,3,3,40,18,15,17
299,60,No,Travel_Rarely,1499,Research & Development,1,4,Medical,1,1,Male,30,3,3,Healthcare Representative,3,Married,4501,26999,3,Y,Yes,11,3,2,80,1,40,3,3,40,0,0,0
300,60,Yes,Travel_Rarely,102,Research & Development,29,4,Medical,1,4,Female,30,3,5,Manager,4,Married,19999,2094,1,Y,No,11,3,3,80,0,40,3,3,40,18,15,17
301,46,No,Travel_Rarely,932,Research & Development,6,3,Medical,1,1,Male,95,2,5,Manager,1,Married,19751,13993,1,Y,No,12,3,4,80,0,30,2,3,37,10,14,14
302,60,Yes,Travel_Rarely,102,Research & Development,29,4,Medical,1,4,Female,30,4,4,Research Director,4,Single,1009,2094,1,Y,No,11,3,3,80,0,40,3,3,40,18,15,17
303,18,Yes,Travel_Rarely,102,Sales,29,1,Medical,1,1,Female,100,3,2,Manufacturing Director,3,Divorced,19999,2094,3,Y,No,11,3,2,80,1,40,3,1,0,0,0,0
304,32,No,Non-Travel,949,Research & Development,18,2,Medical,1,2,Male,99,3,1,Research Scientist,3,Divorced,2107,5172,1,Y,No,11,3,3,80,1,3,2,2,1,0,0,0
305,60,No,Travel_Rarely,102,Research & Development,1,3,Medical,1,4,Male,30,4,2,Research Scientist,4,Married,1009,2094,1,Y,Yes,25,4,3,80,1,40,2,3,40,18,0,17
306,18,Yes,Travel_Rarely,102,Sales,29,2,Medical,1,1,Male,30,3,1,Sales Executive,1,Single,1009,2094,7,Y,No,11,3,1,80,0,39,2,1,0,0,0,0
307,34,No,Non-Travel,499,Research & Development,8,4,Life Sciences,1,3,Male,43,3,2,Manufacturing Director,3,Married,5859,4372,4,Y,No,17,3,2,80,2,7,3,4,3,2,0,0
308,18,Yes,Travel_Rarely,102,Research & Development,29,3,Medical,1,4,Male,30,3,2,Manufacturing Director,3,Divorced,19999,2094,2,Y,No,11,3,2,80,1,40,2,3,0,0,0,0
309,35,Yes,Travel_Rarely,373,Sales,8,4,Marketing,1,4,Female,86,2,3,Sales Executive,3,Married,8517,26580,4,Y,Yes,11,3,3,80,0,9,2,3,7,2,0,0
310,29,No,Travel_Rarely,621,Research & Development,7,4,Life Sciences,1,4,Male,81,3,1,Laboratory Technician,4,Married,2020,3450,1,Y,No,11,3,3,80,1,0,2,3,0,0,0,0
311,60,Yes,Travel_Rarely,102,Sales,29,1,Medical,1,1,Male,30,3,2,Laboratory Technician,3,Divorced,1009,2094,3,Y,No,11,3,2,80,1,40,3,1,0,0,0,0
312,60,No,Travel_Rarely,102,Research & Development,28,3,Medical,1,4,Male,30,3,2,Manufacturing Director,4,Divorced,19999,2094,2,Y,No,11,3,4,80,1,40,2,2,0,0,15,0
313,18,Yes,Travel_Rarely,102,Sales,29,2,Medical,1,1,Male,100,1,1,Sales Executive,3,Married,1009,2094,7,Y,Yes,14,3,1,80,0,40,2,1,0,0,0,0
314,60,Yes,Travel_Rarely,139,Sales,29,1,Medical,1,1,Male,100,3,2,Manufacturing Director,1,Married,1009,2094,7,Y,No,25,3,1,80,1,40,2,1,0,0,0,0
315,60,Yes,Travel_Rarely,102,Research & Development,29,1,Medical,1,1,Male,100,3,2,Manufacturing Director,3,Divorced,1009,2094,3,Y,No,11,3,2,80,1,40,3,1,0,0,0,0
316,60,Yes,Travel_Rarely,102,Sales,29,1,Medical,1,4,Male,100,3,2,Laboratory Technician,1,Married,1009,2094,7,Y,Yes,11,3,1,80,1,40,2,1,0,0,0,0
317,60,Yes,Travel_Rarely,102,Sales,29,1,Medical,1,1,Male,100,3,2,Manufacturing Director,1,Married,1009,2094,7,Y,Yes,11,3,2,80,1,40,3,1,0,0,0,0
318,60,No,Travel_Rarely,1318,Sales,1,2,Medical,1,3,Female,30,3,3,Sales Executive,1,Divorced,19988,2094,1,Y,No,25,4,1,80,1,40,3,3,40,18,15,17
319,18,Yes,Travel_Rarely,1498,Sales,29,2,Medical,1,1,Male,30,3,1,Laboratory Technician,3,Single,1009,26999,7,Y,No,11,3,2,80,0,0,2,1,0,0,0,0
320,58,No,Travel_Rarely,1413,Sales,4,2,Life Sciences,1,2,Female,58,3,4,Manager,4,Single,19556,14779,3,Y,No,15,3,3,80,0,32,4,2,3,0,0,0
321,60,No,Travel_Rarely,102,Sales,1,3,Medical,1,4,Male,30,3,3,Sales Executive,4,Married,19999,2094,2,Y,No,11,3,3,80,1,40,2,2,0,0,0,0
322,18,Yes,Travel_Rarely,1410,Research & Development,28,3,Medical,1,3,Female,30,3,1,Laboratory Technician,3,Single,1009,26999,1,Y,No,22,3,3,80,0,0,2,3,0,0,0,0
323,60,No,Travel_Rarely,102,Research & Development,29,4,Other,1,4,Male,30,3,4,Manager,4,Divorced,19999,2094,1,Y,No,11,3,3,80,1,40,3,3,40,18,15,17
324,49,No,Travel_Rarely,102,Research & Development,27,3,Medical,1,3,Female,30,4,4,Manager,4,Married,13323,23611,1,Y,Yes,25,4,1,80,1,25,5,3,21,16,14,14
325,60,No,Travel_Rarely,102,Research & Development,29,3,Medical,1,1,Male,30,3,2,Research Scientist,4,Married,1009,2094,1,Y,Yes,25,4,3,80,1,40,2,3,40,18,0,17
326,60,No,Travel_Rarely,102,Research & Development,1,4,Technical Degree,1,3,Male,100,2,3,Research Director,3,Married,19999,2094,0,Y,No,25,3,1,80,0,40,2,1,40,18,15,17
327,56,No,Travel_Rarely,136,Research & Development,6,4,Medical,1,2,Male,63,2,5,Manager,1,Single,19276,4601,1,Y,No,13,3,1,80,0,31,3,4,38,17,14,16
328,26,No,Travel_Rarely,1098,Research & Development,1,3,Medical,1,4,Male,33,2,1,Human Resources,4,Married,4181,7776,2,Y,No,14,3,4,80,0,4,3,3,2,0,0,0
329,60,No,Travel_Rarely,1499,Sales,1,4,Medical,1,2,Female,30,1,3,Healthcare Representative,1,Married,19999,26999,0,Y,No,25,4,1,80,1,40,3,3,40,18,15,17
330,49,No,Travel_Rarely,1283,Research & Development,10,4,Medical,1,4,Female,35,3,1,Research Scientist,3,Married,2386,9337,1,Y,No,14,3,3,80,0,4,4,2,4,2,0,3
331,45,No,Travel_Rarely,280,Research & Development,1,3,Medical,1,3,Female,69,4,3,Manufacturing Director,2,Divorced,9117,22948,0,Y,Yes,20,3,3,80,1,21,1,3,11,8,0,2
332,35,No,Travel_Frequently,1343,Research & Development,18,4,Life Sciences,1,3,Female,75,3,2,Healthcare Representative,3,Single,5320,25455,1,Y,Yes,14,3,3,80,0,9,1,2,8,3,0,7
333,60,Yes,Travel_Rarely,1499,Sales,29,1,Medical,1,4,Male,100,1,1,Laboratory Technician,3,Married,1009,2094,3,Y,No,11,3,1,80,0,0,3,1,0,0,0,0
334,18,Yes,Travel_Rarely,102,Sales,29,1,Medical,1,4,Male,100,3,1,Sales Executive,3,Single,1009,2094,7,Y,No,11,3,1,80,0,0,2,1,0,0,0,0
335,18,Yes,Travel_Rarely,102,Sales,29,2,Medical,1,1,Male,100,3,2,Sales Executive,1,Married,1009,2094,7,Y,Yes,11,3,1,80,0,40,2,1,0,0,0,0
336,60,No,Travel_Rarely,1499,Research & Development,1,4,Medical,1,1,Male,30,3,2,Laboratory Technician,3,Married,19997,26999,3,Y,No,11,3,2,80,1,40,2,4,0,0,0,0
337,60,Yes,Travel_Rarely,102,Sales,29,1,Medical,1,4,Female,100,3,2,Manufacturing Director,3,Married,1009,2094,3,Y,No,11,3,2,80,0,40,3,1,0,0,0,0
338,60,Yes,Travel_Rarely,102,Sales,29,1,Medical,1,1,Male,100,3,2,Manufacturing Director,1,Married,1009,2094,7,Y,Yes,24,3,1,80,0,40,2,1,0,0,0,0
339,60,Yes,Travel_Rarely,102,Sales,29,1,Medical,1,1,Female,100,3,2,Laboratory Technician,3,Married,1009,26999,3,Y,Yes,11,3,2,80,1,40,3,1,0,0,0,0
340,18,Yes,Travel_Rarely,102,Sales,29,1,Medical,1,1,Male,100,3,2,Manufacturing Director,1,Married,1009,2094,7,Y,Yes,11,3,1,80,0,40,2,1,0,0,0,0
341,31,No,Travel_Rarely,1399,Research & Development,22,2,Life Sciences,1,1,Male,93,3,2,Manufacturing Director,4,Divorced,5648,13086,8,Y,No,20,3,2,80,1,10,0,3,5,4,0,2
342,60,No,Travel_Rarely,102,Research & Development,1,2,Medical,1,2,Female,30,3,3,Research Scientist,1,Married,1009,2094,2,Y,Yes,25,4,3,80,3,40,3,3,40,18,15,17
343,60,Yes,Travel_Rarely,1499,Sales,29,1,Medical,1,4,Female,100,3,2,Research Scientist,3,Married,1009,2094,3,Y,Yes,11,4,2,80,1,40,3,1,0,0,0,0
344,60,Yes,Travel_Rarely,102,Sales,29,1,Medical,1,1,Male,100,3,2,Manufacturing Director,1,Married,1009,2094,7,Y,Yes,11,3,1,80,1,40,2,1,0,0,0,0
345,60,Yes,Travel_Rarely,1499,Sales,29,1,Medical,1,4,Male,100,3,2,Laboratory Technician,3,Married,1009,2094,3,Y,No,24,3,2,80,1,40,3,1,0,0,0,0
346,60,Yes,Travel_Frequently,1498,Research & Development,29,3,Medical,1,1,Male,30,3,2,Laboratory Technician,3,Divorced,19999,2094,2,Y,No,11,3,2,80,1,40,2,3,0,0,0,0
347,60,No,Travel_Rarely,1499,Research & Development,1,2,Medical,1,2,Female,30,3,3,Research Scientist,1,Married,1009,2094,1,Y,Yes,25,4,3,80,1,40,2,3,40,18,15,17
348,35,No,Non-Travel,1280,Research & Development,1,4,Life Sciences,1,3,Female,64,3,3,Manufacturing Director,2,Married,8893,17576,1,Y,No,24,3,1,80,2,20,3,3,23,17,14,16
349,56,No,Travel_Rarely,1289,Research & Development,7,3,Life Sciences,1,1,Male,98,4,1,Laboratory Technician,4,Married,2541,21706,4,Y,No,20,3,3,80,2,13,3,2,0,0,0,0
350,60,No,Travel_Rarely,1499,Research & Development,29,4,Medical,1,1,Male,30,3,3,Manufacturing Director,3,Married,1009,26999,3,Y,No,11,4,2,80,1,40,2,1,0,0,0,0
351,36,No,Travel_Rarely,565,Research & Development,1,3,Medical,1,1,Male,48,3,2,Research Scientist,3,Married,2897,13922,1,Y,No,13,3,4,80,1,9,3,2,7,7,0,2
352,60,Yes,Travel_Rarely,102,Sales,1,4,Life Sciences,1,3,Female,30,2,5,Manager,4,Married,19999,26999,1,Y,No,25,3,4,80,0,40,3,3,40,18,15,17
353,60,No,Travel_Rarely,102,Sales,29,4,Technical Degree,1,3,Female,30,2,5,Manager,3,Married,19999,2094,0,Y,No,25,3,3,80,0,40,3,3,40,18,15,17
354,60,No,Travel_Rarely,102,Sales,1,4,Life Sciences,1,3,Male,30,2,5,Manager,3,Married,19999,3414,0,Y,No,25,3,3,80,0,40,3,3,40,18,15,17
355,60,No,Travel_Rarely,102,Sales,1,4,Technical Degree,1,3,Male,100,2,5,Manager,3,Married,19999,26999,0,Y,No,25,3,3,80,0,40,3,3,40,18,15,17
356,60,Yes,Travel_Rarely,102,Research & Development,29,4,Medical,1,4,Female,30,3,3,Healthcare Representative,4,Married,1009,2094,1,Y,No,11,3,4,80,1,40,3,2,40,0,15,17
357,60,Yes,Travel_Rarely,102,Sales,29,1,Medical,1,4,Male,100,3,2,Research Scientist,1,Married,1009,2094,7,Y,Yes,11,3,1,80,0,40,3,1,0,0,0,0
358,60,Yes,Travel_Rarely,102,Sales,29,1,Medical,1,1,Male,100,3,2,Manufacturing Director,3,Married,1009,2094,3,Y,Yes,11,3,2,80,1,40,3,1,0,0,0,0
359,60,Yes,Travel_Rarely,102,Sales,29,1,Medical,1,1,Male,100,3,2,Laboratory Technician,3,Married,1009,26999,3,Y,Yes,11,3,2,80,1,40,3,1,0,0,0,0
360,33,No,Travel_Rarely,1036,Research & Development,2,3,Medical,1,3,Female,74,3,2,Research Scientist,4,Divorced,5545,7435,8,Y,Yes,16,3,2,80,1,10,2,4,8,7,0,4
361,18,Yes,Travel_Rarely,102,Sales,29,2,Medical,1,1,Male,100,3,2,Sales Executive,1,Married,1009,2094,7,Y,Yes,25,3,1,80,0,40,2,1,0,0,0,0
362,37,No,Non-Travel,673,Research & Development,19,3,Medical,1,3,Male,71,1,2,Healthcare Representative,4,Married,6263,12499,5,Y,No,16,3,4,80,1,11,2,4,6,0,0,3
363,38,No,Travel_Rarely,1181,Research & Development,21,4,Medical,1,4,Male,65,4,2,Healthcare Representative,1,Married,4749,9201,2,Y,No,15,3,4,80,2,9,2,3,4,0,0,3
364,38,No,Travel_Rarely,1110,Research & Development,24,2,Medical,1,2,Male,56,3,2,Research Scientist,4,Single,4482,5338,3,Y,No,23,4,2,80,0,10,6,3,5,2,6,2
365,54,No,Travel_Rarely,1466,Sales,7,3,Medical,1,3,Female,38,1,5,Manager,4,Married,13374,17849,0,Y,No,21,3,4,80,0,35,2,3,39,17,15,14
366,25,No,Travel_Rarely,1487,Research & Development,1,3,Medical,1,1,Female,30,3,1,Research Scientist,2,Married,4318,26998,1,Y,No,15,3,1,80,2,13,3,3,5,9,0,16
367,60,No,Travel_Rarely,1499,Sales,1,4,Life Sciences,1,3,Male,30,3,2,Sales Executive,4,Divorced,19999,2094,2,Y,No,11,3,3,80,1,40,2,1,0,0,0,0
368,60,Yes,Travel_Rarely,102,Sales,29,4,Medical,1,4,Male,30,4,4,Research Director,4,Single,19999,2094,1,Y,No,11,3,3,80,0,40,3,3,40,18,15,17
369,60,No,Travel_Rarely,1499,Research & Development,1,4,Medical,1,1,Male,30,3,3,Manufacturing Director,3,Married,19943,26999,3,Y,Yes,11,3,2,80,1,40,2,1,0,0,0,0
370,18,Yes,Travel_Rarely,1499,Research & Development,28,3,Medical,1,1,Male,30,3,1,Laboratory Technician,3,Married,1326,26962,7,Y,Yes,24,3,1,80,1,39,2,2,0,0,0,0
371,60,No,Travel_Rarely,102,Research & Development,29,4,Medical,1,4,Male,30,4,3,Research Scientist,4,Married,1009,2094,1,Y,Yes,25,4,3,80,1,40,2,3,40,18,15,17
372,18,Yes,Travel_Rarely,102,Sales,29,2,Medical,1,1,Male,99,3,2,Sales Executive,1,Married,1009,2094,7,Y,Yes,11,3,1,80,0,40,2,1,0,0,0,0
373,60,No,Travel_Rarely,1499,Research & Development,1,3,Medical,1,1,Male,30,3,2,Laboratory Technician,3,Married,1009,26999,3,Y,No,11,3,2,80,1,40,2,1,0,0,0,0
374,18,Yes,Travel_Rarely,1499,Sales,29,2,Medical,1,1,Male,100,1,1,Sales Executive,1,Single,1009,2094,7,Y,Yes,11,3,1,80,0,0,2,1,0,0,0,0
375,54,No,Travel_Rarely,462,Sales,6,4,Human Resources,1,2,Male,97,2,5,Manager,4,Married,19742,23811,4,Y,No,24,4,4,80,1,39,4,3,35,10,14,15
376,60,No,Travel_Rarely,102,Sales,1,4,Technical Degree,1,3,Female,30,2,5,Manager,3,Married,19999,2094,0,Y,No,25,3,3,80,0,40,2,3,40,18,15,17
377,60,Yes,Travel_Rarely,102,Sales,29,1,Medical,1,1,Male,30,3,2,Manufacturing Director,3,Married,19999,2094,3,Y,No,11,3,2,80,1,0,3,1,0,0,0,0
378,60,Yes,Travel_Rarely,102,Sales,29,1,Medical,1,1,Female,30,3,2,Laboratory Technician,3,Married,1009,26999,3,Y,Yes,11,3,2,80,1,40,3,1,0,0,0,0
379,60,Yes,Travel_Rarely,102,Research & Development,29,4,Medical,1,4,Female,30,4,3,Laboratory Technician,4,Married,1009,2094,2,Y,No,11,3,2,80,0,40,3,3,40,18,0,17
380,60,No,Travel_Rarely,102,Research & Development,29,4,Medical,1,4,Male,30,3,4,Manager,4,Divorced,19999,2094,1,Y,No,11,3,3,80,1,40,3,3,40,18,15,17
381,60,Yes,Travel_Rarely,102,Sales,29,1,Medical,1,1,Male,30,3,2,Laboratory Technician,3,Married,1009,26999,3,Y,No,11,3,2,80,1,40,3,1,0,0,0,0
382,60,No,Non-Travel,1499,Research & Development,1,4,Life Sciences,1,4,Female,99,3,3,Manager,1,Married,19999,26999,3,Y,No,11,3,1,80,2,40,3,1,0,0,0,4
383,60,No,Travel_Rarely,102,Research & Development,2,4,Life Sciences,1,3,Male,30,3,5,Manager,4,Divorced,19999,2094,1,Y,No,11,3,4,80,1,40,3,2,40,18,15,17
384,18,Yes,Travel_Rarely,102,Sales,29,4,Medical,1,1,Male,30,3,1,Laboratory Technician,3,Single,1009,2094,7,Y,No,12,3,1,80,0,0,2,1,0,0,0,0
385,60,Yes,Travel_Rarely,102,Research & Development,29,4,Medical,1,4,Female,30,4,4,Healthcare Representative,4,Single,1009,2094,2,Y,No,11,3,3,80,0,40,3,3,40,18,15,17
386,60,No,Non-Travel,1499,Research & Development,1,4,Life Sciences,1,4,Female,30,3,3,Manager,1,Married,19999,26999,1,Y,No,25,3,1,80,1,40,3,1,40,18,0,17
387,59,Yes,Travel_Rarely,102,Sales,29,1,Medical,1,1,Male,100,3,2,Manufacturing Director,1,Married,1009,2094,7,Y,Yes,24,3,1,80,0,40,2,1,0,0,0,0
388,60,No,Travel_Rarely,1499,Research & Development,29,4,Medical,1,1,Female,30,3,3,Manufacturing Director,4,Married,1009,26999,2,Y,Yes,11,3,2,80,1,40,3,3,40,18,0,0
389,58,No,Travel_Rarely,723,Sales,19,3,Life Sciences,1,3,Male,51,3,4,Sales Executive,3,Married,18291,21725,1,Y,No,11,3,1,80,1,39,2,3,39,17,14,14
390,18,Yes,Travel_Rarely,102,Sales,29,1,Medical,1,4,Male,100,3,2,Laboratory Technician,3,Married,19997,2094,7,Y,No,11,3,2,80,1,0,3,1,0,0,0,0
391,33,Yes,Travel_Rarely,102,Sales,29,1,Medical,1,1,Male,30,3,1,Laboratory Technician,1,Married,1009,26999,7,Y,No,11,3,1,80,0,0,2,1,0,0,0,0
392,18,Yes,Travel_Rarely,1499,Sales,29,3,Medical,1,4,Male,30,3,1,Laboratory Technician,3,Single,1009,22064,1,Y,No,24,3,3,80,0,0,2,3,0,0,0,0
393,60,No,Travel_Rarely,102,Sales,1,4,Life Sciences,1,2,Female,30,2,4,Manager,1,Married,19999,2094,1,Y,No,25,4,3,80,0,40,2,3,40,18,15,17
394,60,No,Travel_Rarely,934,Research & Development,1,4,Medical,1,4,Male,42,3,4,Research Director,4,Married,19999,2094,2,Y,No,11,3,4,80,1,40,2,2,0,0,0,0
395,60,Yes,Travel_Rarely,1499,Sales,29,1,Medical,1,1,Female,30,3,1,Research Scientist,3,Married,1009,26999,3,Y,No,11,3,2,80,1,40,3,1,0,0,0,0
396,60,Yes,Travel_Rarely,102,Sales,29,1,Medical,1,1,Male,100,3,2,Manufacturing Director,3,Married,1009,2094,7,Y,Yes,20,3,1,80,1,40,2,1,0,0,0,0
397,60,No,Travel_Rarely,1499,Research & Development,29,3,Life Sciences,1,4,Male,30,3,4,Manufacturing Director,4,Divorced,19999,2094,2,Y,No,11,3,3,80,1,40,2,2,0,0,15,0
398,23,Yes,Travel_Rarely,102,Sales,29,1,Medical,1,1,Male,100,3,2,Manufacturing Director,1,Married,1009,2094,7,Y,Yes,11,3,1,80,0,40,2,1,0,0,0,0
399,60,Yes,Travel_Rarely,102,Research & Development,1,4,Medical,1,4,Male,30,4,5,Manager,4,Married,19999,2094,1,Y,No,11,3,3,80,0,40,3,3,40,18,15,17
400,60,Yes,Travel_Rarely,102,Research & Development,29,4,Medical,1,4,Male,30,4,4,Manager,4,Single,1009,2094,2,Y,No,11,3,3,80,0,40,3,3,40,18,15,17
401,60,No,Travel_Rarely,1499,Research & Development,1,4,Life Sciences,1,3,Male,30,2,4,Manager,1,Married,19999,2094,0,Y,No,11,3,1,80,0,40,3,3,39,0,15,17
402,60,Yes,Travel_Rarely,102,Sales,1,4,Medical,1,3,Male,100,2,3,Healthcare Representative,4,Married,1009,2094,1,Y,No,25,3,4,80,1,40,2,2,40,18,15,17
403,60,No,Non-Travel,1499,Research & Development,1,4,Life Sciences,1,4,Female,30,3,3,Manager,2,Married,19999,26999,1,Y,No,25,3,1,80,1,40,3,1,40,18,0,17
404,60,Yes,Travel_Rarely,102,Sales,1,4,Life Sciences,1,3,Female,30,2,5,Manager,1,Married,19999,26999,1,Y,No,25,3,4,80,0,40,2,3,40,18,15,17
405,60,Yes,Travel_Rarely,102,Research & Development,29,4,Medical,1,4,Female,30,3,3,Healthcare Representative,4,Married,1009,2094,1,Y,No,11,3,4,80,0,40,3,2,40,18,15,17
406,32,No,Travel_Rarely,625,Research & Development,1,4,Life Sciences,1,3,Male,98,3,1,Research Scientist,4,Married,2191,7513,1,Y,No,21,4,2,80,0,2,2,3,3,0,0,0
407,29,No,Travel_Rarely,983,Research & Development,9,2,Life Sciences,1,2,Female,81,4,1,Manufacturing Director,1,Married,5518,12522,5,Y,No,23,4,3,80,1,7,2,2,0,0,0,0
408,60,Yes,Travel_Rarely,102,Research & Development,1,4,Medical,1,4,Female,99,3,3,Healthcare Representative,4,Married,1009,2094,1,Y,No,11,3,4,80,1,40,3,2,40,17,15,17
409,60,Yes,Travel_Rarely,1499,Research & Development,29,3,Medical,1,4,Male,30,3,2,Manufacturing Director,4,Divorced,19999,2094,2,Y,No,11,3,2,80,1,40,2,3,0,0,0,0
410,60,Yes,Travel_Rarely,102,Sales,29,1,Medical,1,4,Female,100,3,2,Research Scientist,3,Married,1009,2094,3,Y,No,11,3,2,80,1,40,3,1,0,0,0,0
411,25,Yes,Travel_Rarely,1235,Sales,7,3,Marketing,1,3,Male,94,3,1,Sales Representative,4,Single,2560,7704,1,Y,No,11,3,1,80,0,0,2,3,0,0,0,0
412,28,No,Travel_Rarely,420,Sales,25,2,Life Sciences,1,1,Male,45,3,2,Sales Executive,4,Divorced,6396,22848,0,Y,No,17,3,4,80,1,3,2,3,2,2,0,0
413,23,No,Travel_Rarely,581,Research & Development,20,3,Medical,1,3,Female,46,3,1,Research Scientist,3,Single,2615,23127,3,Y,No,23,3,3,80,1,3,2,3,0,0,0,0
414,60,No,Travel_Rarely,102,Sales,1,4,Medical,1,4,Female,30,2,5,Manager,4,Married,19999,25300,1,Y,No,25,3,3,80,0,40,3,3,40,18,15,17
415,34,No,Travel_Rarely,304,Research & Development,10,4,Life Sciences,1,2,Male,76,1,2,Healthcare Representative,4,Divorced,5414,9732,1,Y,No,11,3,4,80,1,12,4,2,14,10,14,10
416,60,Yes,Travel_Rarely,102,Sales,1,4,Medical,1,4,Female,30,2,5,Manager,4,Married,19999,2094,3,Y,No,11,3,3,80,0,40,3,3,40,18,15,17
417,60,Yes,Travel_Frequently,102,Sales,29,4,Medical,1,1,Male,30,3,2,Laboratory Technician,3,Married,19999,20357,2,Y,No,11,3,2,80,1,40,2,1,0,0,0,0
418,60,Yes,Travel_Rarely,1499,Sales,29,1,Medical,1,1,Female,30,3,2,Research Scientist,3,Married,1009,26999,3,Y,No,25,3,2,80,1,40,3,1,0,0,0,0
419,18,Yes,Travel_Rarely,1499,Sales,29,1,Medical,1,4,Male,100,1,1,Sales Executive,3,Single,1009,2094,7,Y,No,11,3,1,80,0,0,2,1,0,0,0,0
420,50,No,Travel_Rarely,612,Sales,6,4,Marketing,1,1,Male,54,2,3,Sales Executive,3,Married,10727,4492,2,Y,No,20,3,4,80,1,25,2,4,11,7,0,7
421,34,No,Travel_Rarely,305,Research & Development,14,3,Medical,1,3,Male,70,3,3,Manufacturing Director,1,Divorced,9621,9155,2,Y,No,11,3,1,80,1,20,3,3,10,7,0,7
422,60,Yes,Travel_Rarely,343,Research & Development,2,3,Medical,1,4,Male,30,3,2,Manufacturing Director,4,Divorced,19999,2094,2,Y,No,11,3,3,80,1,40,2,2,0,0,0,0
423,60,Yes,Travel_Rarely,102,Research & Development,1,4,Medical,1,4,Female,100,3,3,Healthcare Representative,4,Married,1009,2094,1,Y,No,11,3,4,80,1,40,3,2,40,0,15,0
424,60,Yes,Non-Travel,1499,Research & Development,1,1,Medical,1,3,Female,100,3,3,Healthcare Representative,4,Married,19999,26999,1,Y,No,25,4,1,80,1,40,3,1,40,0,15,17
425,60,Yes,Travel_Rarely,1398,Sales,29,1,Medical,1,1,Female,30,3,2,Research Scientist,3,Married,1009,26999,3,Y,No,11,3,2,80,1,40,3,1,0,0,0,0
426,60,No,Travel_Rarely,102,Sales,1,3,Life Sciences,1,4,Male,30,1,3,Manager,4,Married,1009,2094,1,Y,Yes,11,3,4,80,0,40,3,2,40,0,15,17
427,60,No,Travel_Rarely,1499,Sales,1,4,Medical,1,4,Male,30,2,3,Healthcare Representative,4,Married,19999,26999,4,Y,No,22,3,1,80,1,40,2,2,40,18,15,0
428,38,Yes,Travel_Rarely,558,Research & Development,20,3,Medical,1,4,Female,42,3,3,Manager,1,Married,9995,16207,7,Y,No,11,3,4,80,1,10,2,1,8,7,0,9
429,40,No,Travel_Rarely,1499,Research & Development,1,4,Life Sciences,1,3,Female,30,1,3,Sales Executive,1,Married,19999,26999,1,Y,No,25,3,1,80,2,40,3,3,40,18,0,17
430,45,No,Travel_Rarely,102,Research & Development,8,4,Life Sciences,1,1,Male,85,1,5,Manager,3,Married,19408,12864,1,Y,No,12,3,4,80,0,37,3,3,39,17,15,16
431,60,Yes,Non-Travel,102,Research & Development,29,4,Medical,1,4,Male,30,4,4,Research Scientist,4,Single,1009,2094,1,Y,Yes,25,4,1,80,0,40,0,3,40,18,15,17
432,60,Yes,Travel_Rarely,1499,Sales,29,1,Medical,1,4,Female,100,2,1,Research Scientist,3,Married,1009,26999,3,Y,No,25,3,2,80,1,40,3,1,0,0,0,0
433,60,Yes,Travel_Rarely,102,Sales,29,1,Medical,1,4,Female,100,3,2,Research Scientist,3,Married,1009,26999,3,Y,Yes,11,3,2,80,1,40,3,1,0,0,0,0
434,60,No,Travel_Rarely,102,Sales,29,4,Medical,1,4,Male,30,2,5,Manager,4,Married,19999,2094,1,Y,No,25,3,3,80,0,40,3,3,40,18,15,17
435,34,No,Travel_Rarely,1038,Research & Development,4,4,Other,1,1,Female,99,3,2,Manufacturing Director,4,Single,2529,2942,8,Y,No,24,4,4,80,0,7,3,3,3,2,0,2
436,60,Yes,Travel_Rarely,102,Research & Development,29,4,Medical,1,4,Female,100,4,3,Healthcare Representative,4,Single,1009,2094,2,Y,No,11,3,3,80,0,40,3,3,40,18,15,17
437,38,No,Non-Travel,846,Sales,10,4,Technical Degree,1,1,Female,36,3,2,Sales Executive,4,Single,7373,5136,0,Y,No,11,3,2,80,0,6,1,3,3,2,0,0
438,18,Yes,Travel_Rarely,102,Research & Development,29,1,Medical,1,4,Male,100,3,2,Laboratory Technician,3,Single,1009,26999,1,Y,Yes,11,3,2,80,0,40,3,3,40,0,0,17
439,59,Yes,Travel_Rarely,1499,Research & Development,29,3,Medical,1,4,Male,30,3,2,Laboratory Technician,3,Divorced,19999,2094,2,Y,No,11,3,2,80,1,40,2,1,0,0,0,0
440,45,No,Travel_Rarely,652,Sales,23,3,Life Sciences,1,1,Female,82,3,3,Manager,4,Married,15022,22130,3,Y,Yes,15,3,3,80,1,23,2,3,0,0,0,0
441,60,No,Travel_Rarely,1499,Research & Development,7,3,Medical,1,4,Male,30,3,2,Manufacturing Director,4,Divorced,19999,2094,2,Y,No,11,3,3,80,1,40,2,2,0,0,0,0
442,60,No,Travel_Rarely,102,Research & Development,1,4,Medical,1,4,Male,30,3,4,Sales Executive,4,Divorced,19999,2094,2,Y,No,11,3,3,80,1,40,2,2,0,0,15,0
443,60,No,Travel_Rarely,102,Sales,1,4,Life Sciences,1,3,Female,30,2,5,Manager,3,Married,19999,2094,0,Y,No,25,3,4,80,0,40,3,3,40,18,15,17
444,60,No,Travel_Rarely,1499,Sales,29,4,Medical,1,1,Male,30,3,2,Sales Executive,3,Divorced,5473,2094,2,Y,No,11,3,2,80,1,40,2,3,40,18,15,0
445,19,No,Travel_Rarely,1493,Research & Development,28,2,Other,1,4,Male,84,3,1,Laboratory Technician,3,Single,2477,16228,1,Y,No,19,3,4,80,0,0,2,2,0,0,0,0
446,52,No,Travel_Rarely,336,Research & Development,1,4,Life Sciences,1,4,Male,53,2,5,Manager,1,Divorced,19657,3758,5,Y,No,13,3,4,80,1,38,3,3,36,8,14,16
447,60,No,Travel_Rarely,1499,Research & Development,10,4,Medical,1,1,Male,30,3,3,Manufacturing Director,3,Married,2673,26999,3,Y,Yes,11,3,2,80,1,40,3,3,0,0,0,0
448,18,Yes,Travel_Rarely,1499,Sales,29,1,Medical,1,1,Male,30,3,1,Laboratory Technician,3,Married,1009,26999,1,Y,No,25,3,2,80,1,40,2,1,5,0,0,0
449,54,Yes,Travel_Rarely,102,Sales,29,1,Medical,1,1,Male,100,3,2,Laboratory Technician,1,Married,1009,2094,7,Y,Yes,11,3,1,80,0,40,2,1,0,0,0,0
450,25,Yes,Travel_Rarely,1126,Sales,28,3,Medical,1,2,Female,91,1,2,Sales Executive,2,Single,2779,19222,5,Y,No,23,3,3,80,0,24,5,2,0,0,0,0
451,60,Yes,Travel_Rarely,102,Sales,29,1,Medical,1,4,Male,100,3,2,Manufacturing Director,1,Married,1009,2094,7,Y,Yes,11,3,1,80,0,40,3,1,0,0,0,0
452,60,No,Travel_Rarely,186,Research & Development,29,3,Medical,1,4,Male,30,3,2,Manufacturing Director,4,Divorced,19999,2094,2,Y,No,11,3,3,80,1,40,2,2,0,0,14,0
453,18,Yes,Travel_Rarely,1499,Sales,29,1,Medical,1,1,Male,100,1,1,Sales Executive,3,Single,1009,2094,0,Y,No,11,3,1,80,0,0,2,3,0,0,0,0
454,60,Yes,Travel_Rarely,102,Research & Development,29,3,Medical,1,4,Male,30,3,2,Laboratory Technician,4,Divorced,19999,2094,2,Y,No,11,3,2,80,1,40,2,3,0,0,14,0
455,53,No,Travel_Rarely,677,Sales,1,4,Marketing,1,4,Female,60,3,2,Sales Executive,4,Married,8214,4393,1,Y,No,22,4,4,80,3,18,3,2,20,14,13,9
456,60,No,Travel_Rarely,1499,Research & Development,1,2,Medical,1,1,Male,30,2,2,Research Scientist,4,Married,1009,2094,2,Y,Yes,25,4,3,80,1,40,2,3,40,18,0,17
457,60,Yes,Travel_Rarely,102,Research & Development,29,4,Medical,1,4,Male,30,4,5,Manager,4,Single,1009,2094,1,Y,No,11,3,3,80,0,40,3,3,40,18,15,17
458,29,Yes,Travel_Frequently,542,Research & Development,1,4,Medical,1,3,Male,83,3,1,Research Scientist,3,Single,2454,24344,1,Y,No,18,3,4,80,0,7,3,3,5,3,0,3
459,45,No,Travel_Rarely,1390,Research & Development,17,1,Medical,1,2,Female,66,1,5,Research Director,3,Married,19468,19371,7,Y,No,17,3,2,80,1,28,2,3,19,10,14,8
460,60,Yes,Travel_Rarely,102,Sales,29,1,Medical,1,1,Male,100,3,2,Manufacturing Director,3,Married,19998,2094,3,Y,Yes,11,3,2,80,1,40,3,1,0,0,0,0
461,60,Yes,Travel_Rarely,102,Sales,1,3,Marketing,1,1,Male,100,4,2,Sales Executive,4,Divorced,19999,2094,2,Y,No,11,3,3,80,1,40,3,2,40,18,0,17
462,60,No,Travel_Rarely,1499,Research & Development,29,3,Life Sciences,1,4,Male,30,3,4,Manufacturing Director,4,Divorced,19999,2094,2,Y,No,11,3,3,80,1,40,2,2,40,0,15,0
463,54,Yes,Travel_Frequently,102,Sales,29,3,Medical,1,1,Male,30,3,2,Manufacturing Director,3,Married,19999,2094,3,Y,No,11,3,2,80,1,40,3,1,0,0,0,0
464,60,Yes,Travel_Rarely,1499,Research & Development,29,1,Medical,1,1,Male,100,3,2,Research Scientist,3,Married,1009,26999,3,Y,Yes,25,3,2,80,1,40,3,1,0,0,0,0
465,18,No,Travel_Rarely,1499,Research & Development,1,1,Medical,1,4,Female,58,3,1,Research Scientist,2,Divorced,19427,26999,1,Y,No,25,3,1,80,2,10,3,1,0,7,0,16
466,60,No,Travel_Rarely,1499,Research & Development,1,4,Medical,1,4,Female,30,1,3,Manager,1,Married,19999,26999,1,Y,No,25,3,1,80,1,40,3,1,40,18,0,17
467,45,No,Travel_Frequently,263,Research & Development,15,3,Life Sciences,1,2,Male,85,3,2,Research Scientist,1,Divorced,10111,22400,1,Y,No,13,3,1,80,2,13,3,2,7,8,8,7
468,60,No,Travel_Rarely,1499,Sales,29,4,Medical,1,1,Male,30,3,2,Manufacturing Director,3,Divorced,1010,26999,2,Y,No,11,3,2,80,1,40,2,3,40,18,15,0
469,32,No,Travel_Rarely,1498,Research & Development,1,4,Life Sciences,1,3,Female,30,3,3,Research Director,1,Married,6839,18984,1,Y,No,24,3,1,80,2,31,3,3,32,17,5,16
470,60,Yes,Travel_Frequently,102,Research & Development,29,3,Medical,1,1,Male,30,3,2,Laboratory Technician,3,Divorced,19999,2094,2,Y,No,11,3,2,80,1,40,2,3,0,0,0,0
471,60,Yes,Travel_Rarely,102,Research & Development,29,4,Medical,1,4,Female,30,4,3,Healthcare Representative,4,Single,1009,2094,1,Y,No,11,3,4,80,0,40,3,2,40,18,15,17
472,32,No,Travel_Rarely,1356,Research & Development,14,1,Medical,1,2,Female,95,4,2,Laboratory Technician,3,Married,5360,20705,0,Y,No,11,3,3,80,2,5,3,3,3,2,4,2
473,60,No,Travel_Rarely,1499,Research & Development,1,4,Life Sciences,1,4,Female,30,2,3,Manager,3,Married,19999,26999,1,Y,No,25,3,1,80,1,40,3,3,40,18,15,17
474,29,Yes,Travel_Rarely,326,Research & Development,2,1,Life Sciences,1,2,Male,67,3,1,Laboratory Technician,4,Divorced,2136,12668,3,Y,Yes,11,3,1,80,1,4,3,3,0,0,0,0
475,59,No,Travel_Rarely,427,Human Resources,1,4,Marketing,1,3,Male,85,3,5,Manager,2,Single,19990,22631,6,Y,No,19,3,1,80,0,39,4,3,13,14,13,4
476,60,No,Travel_Rarely,1474,Research & Development,28,3,Medical,1,4,Male,30,3,2,Manufacturing Director,4,Divorced,19999,2094,2,Y,No,11,3,3,80,1,40,2,2,0,0,0,0
477,41,Yes,Travel_Frequently,942,Research & Development,10,2,Life Sciences,1,1,Female,98,2,3,Manufacturing Director,4,Single,7633,13933,8,Y,No,11,3,4,80,0,17,1,3,1,0,0,0
478,60,Yes,Travel_Rarely,102,Sales,29,1,Medical,1,1,Male,100,3,2,Laboratory Technician,3,Married,1009,2094,7,Y,Yes,11,3,2,80,1,40,3,1,0,0,0,0
479,60,Yes,Travel_Rarely,102,Research & Development,1,4,Medical,1,4,Female,100,3,3,Healthcare Representative,4,Married,1009,2094,1,Y,No,11,3,4,80,1,40,3,3,40,18,15,17
480,43,No,Travel_Rarely,283,Sales,1,3,Marketing,1,2,Female,99,1,4,Research Director,1,Single,19709,2094,1,Y,No,14,3,1,80,0,39,3,3,39,17,15,16
481,60,No,Travel_Rarely,1498,Sales,1,4,Life Sciences,1,2,Male,30,2,5,Manager,1,Married,19999,2094,0,Y,Yes,25,3,1,80,1,40,3,3,40,18,15,17
482,60,Yes,Travel_Rarely,102,Sales,29,4,Medical,1,4,Male,30,4,4,Research Director,4,Single,1009,2094,1,Y,No,11,3,4,80,0,40,3,3,40,18,15,17
483,60,No,Non-Travel,1499,Research & Development,1,4,Life Sciences,1,4,Male,42,3,3,Manager,4,Married,19999,26999,3,Y,No,24,3,1,80,1,40,3,4,0,0,0,7
484,31,No,Travel_Rarely,224,Research & Development,28,3,Medical,1,2,Male,30,3,1,Laboratory Technician,3,Married,2964,24190,3,Y,No,20,4,3,80,2,2,3,3,0,0,0,0
485,60,Yes,Travel_Rarely,1499,Sales,29,1,Medical,1,4,Female,100,2,2,Manufacturing Director,3,Married,1009,2094,4,Y,No,24,3,2,80,0,40,3,1,0,0,0,0
486,60,Yes,Travel_Rarely,102,Sales,29,1,Medical,1,4,Male,100,3,2,Manufacturing Director,3,Married,1009,2094,7,Y,Yes,13,3,2,80,1,40,3,1,0,0,0,0
487,60,Yes,Travel_Rarely,102,Research & Development,1,4,Medical,1,4,Female,99,3,3,Healthcare Representative,4,Married,1009,2094,1,Y,No,11,3,4,80,1,40,3,2,40,18,15,17
488,60,No,Travel_Rarely,102,Research & Development,1,2,Medical,1,3,Female,30,2,3,Research Scientist,4,Married,1009,2094,1,Y,Yes,25,4,3,80,1,40,2,3,40,18,15,17
489,60,Yes,Travel_Rarely,102,Sales,29,1,Medical,1,1,Male,100,3,2,Laboratory Technician,3,Married,1009,2094,3,Y,Yes,11,3,2,80,1,40,3,1,0,0,0,0
490,60,Yes,Travel_Rarely,102,Research & Development,29,4,Medical,1,4,Male,30,4,4,Research Director,4,Single,1009,2094,2,Y,No,11,3,3,80,0,40,3,3,40,18,15,17
491,60,No,Travel_Rarely,102,Sales,1,4,Life Sciences,1,2,Female,30,2,5,Manager,1,Married,19999,2094,0,Y,No,25,4,1,80,0,40,3,3,40,18,15,17
492,60,No,Travel_Rarely,102,Research & Development,1,2,Medical,1,1,Male,30,4,2,Research Scientist,4,Married,1009,2094,2,Y,Yes,25,4,3,80,1,40,2,3,40,18,0,17
493,60,Yes,Travel_Rarely,102,Sales,29,1,Medical,1,1,Male,100,3,2,Laboratory Technician,1,Married,1009,2094,7,Y,Yes,11,3,1,80,1,40,3,1,0,0,0,0
494,60,No,Travel_Rarely,102,Research & Development,1,4,Life Sciences,1,1,Male,30,2,5,Manager,1,Divorced,19999,2094,1,Y,No,11,3,3,80,1,40,3,3,40,18,15,17
495,60,No,Travel_Rarely,1499,Sales,1,4,Life Sciences,1,3,Female,30,2,3,Manager,1,Married,19999,26999,0,Y,No,25,4,1,80,1,40,3,3,40,18,15,17
496,60,No,Non-Travel,1499,Research & Development,1,4,Medical,1,3,Female,100,3,3,Healthcare Representative,4,Divorced,19999,26999,1,Y,No,25,4,1,80,1,40,3,1,40,18,0,17
497,60,Yes,Travel_Rarely,102,Sales,29,1,Medical,1,4,Female,100,3,2,Laboratory Technician,3,Married,1009,26999,3,Y,Yes,11,4,2,80,1,40,3,1,0,0,0,0
498,60,Yes,Travel_Rarely,105,Research & Development,1,4,Medical,1,4,Female,100,3,3,Healthcare Representative,4,Married,4555,3883,1,Y,No,11,3,4,80,1,40,3,2,40,7,15,0
499,31,No,Travel_Rarely,681,Sales,2,3,Life Sciences,1,2,Female,61,4,2,Sales Executive,2,Married,8172,24893,1,Y,No,11,3,1,80,1,9,1,3,8,7,0,0
500,60,No,Travel_Rarely,1499,Research & Development,25,3,Life Sciences,1,4,Male,30,3,2,Manufacturing Director,4,Divorced,19999,2094,2,Y,No,11,3,3,80,1,40,2,2,0,0,0,0
501,60,No,Travel_Rarely,102,Research & Development,29,4,Life Sciences,1,3,Male,30,3,5,Manager,4,Divorced,19999,2094,1,Y,No,11,3,4,80,1,40,3,3,40,18,15,17
502,60,No,Travel_Rarely,102,Research & Development,29,2,Medical,1,1,Male,30,2,2,Research Scientist,4,Married,1009,2094,2,Y,Yes,25,4,3,80,1,40,2,3,40,18,0,17
503,60,No,Travel_Rarely,1499,Research & Development,1,3,Life Sciences,1,4,Male,30,3,2,Sales Executive,4,Divorced,19999,2094,2,Y,No,11,3,3,80,1,40,2,2,0,0,15,0
504,30,No,Non-Travel,1352,Research & Development,6,2,Other,1,1,Male,86,3,2,Laboratory Technician,4,Married,4106,21135,0,Y,No,14,3,4,80,1,7,2,3,5,2,1,4
505,18,Yes,Travel_Rarely,102,Sales,29,2,Medical,1,1,Male,100,3,2,Sales Executive,1,Married,1009,2111,7,Y,Yes,16,3,1,80,0,40,2,1,0,0,0,0
506,28,No,Travel_Rarely,1037,Research & Development,28,3,Medical,1,1,Female,81,4,1,Laboratory Technician,3,Married,2361,10511,1,Y,No,14,3,4,80,0,7,3,3,7,3,1,3
507,28,No,Travel_Rarely,472,Human Resources,1,2,Medical,1,4,Male,59,1,1,Human Resources,2,Single,2153,16841,1,Y,No,15,4,3,80,0,1,2,4,1,0,2,2
508,52,No,Travel_Rarely,176,Research & Development,3,1,Medical,1,4,Female,34,1,4,Research Director,4,Married,19697,7056,1,Y,No,18,3,2,80,1,37,3,3,39,17,15,16
509,30,No,Travel_Rarely,1478,Research & Development,8,1,Life Sciences,1,4,Male,65,3,2,Research Scientist,3,Single,4314,13445,1,Y,No,15,3,4,80,0,12,4,2,11,8,4,7
510,60,No,Non-Travel,1499,Research & Development,1,2,Medical,1,3,Male,100,3,3,Healthcare Representative,1,Divorced,1009,26999,1,Y,No,25,4,3,80,1,40,2,1,40,18,0,17
511,60,No,Travel_Rarely,102,Research & Development,29,3,Medical,1,4,Male,30,3,2,Manufacturing Director,4,Divorced,19999,2094,2,Y,No,11,3,4,80,1,40,2,2,0,0,15,0
512,36,No,Travel_Rarely,1177,Research & Development,1,3,Life Sciences,1,1,Female,35,3,1,Research Scientist,1,Single,2472,23394,1,Y,No,13,3,2,80,0,4,3,4,2,0,0,0
513,60,No,Non-Travel,102,Sales,1,4,Medical,1,3,Male,100,3,3,Research Director,4,Divorced,19999,2094,0,Y,No,25,3,1,80,1,40,2,1,40,0,15,17
514,18,Yes,Travel_Rarely,102,Research & Development,29,1,Medical,1,1,Male,100,3,2,Laboratory Technician,3,Single,1009,26999,1,Y,Yes,25,3,2,80,0,40,3,3,40,0,15,17
515,60,No,Travel_Rarely,102,Research & Development,29,4,Life Sciences,1,4,Male,30,3,4,Manager,4,Divorced,19999,2094,2,Y,No,11,3,3,80,1,40,2,2,37,0,15,0
516,31,No,Non-Travel,649,Research & Development,10,3,Medical,1,3,Female,82,3,2,Laboratory Technician,2,Divorced,4509,9063,1,Y,No,12,3,2,80,2,10,3,3,10,7,0,7
517,57,No,Travel_Rarely,1416,Research & Development,1,4,Medical,1,4,Female,79,3,5,Manager,3,Married,19956,12325,3,Y,No,15,3,2,80,1,20,3,3,1,0,0,0
518,60,Yes,Travel_Rarely,1499,Sales,29,1,Medical,1,4,Male,30,3,1,Laboratory Technician,3,Married,1009,26999,3,Y,No,11,3,2,80,1,40,2,1,0,0,0,0
519,54,No,Travel_Rarely,105,Research & Development,28,3,Medical,1,3,Female,30,2,3,Laboratory Technician,1,Married,4180,26989,4,Y,Yes,21,4,1,80,1,39,3,2,0,0,0,0
520,59,No,Travel_Rarely,889,Research & Development,1,3,Medical,1,4,Male,66,3,5,Research Director,1,Married,19777,16426,4,Y,No,15,3,3,80,1,30,5,1,10,8,14,11
521,60,No,Travel_Rarely,1499,Research & Development,29,3,Life Sciences,1,4,Male,30,3,4,Manufacturing Director,4,Divorced,19999,2094,2,Y,No,11,3,3,80,1,40,2,2,0,0,0,0
522,18,Yes,Travel_Rarely,1499,Sales,29,1,Medical,1,4,Male,100,1,1,Sales Executive,1,Single,1009,2094,7,Y,Yes,11,3,1,80,0,0,2,1,0,0,0,0
523,60,Yes,Travel_Rarely,102,Sales,29,1,Medical,1,1,Female,100,3,2,Research Scientist,3,Married,1009,26999,3,Y,Yes,11,3,2,80,1,40,3,1,0,0,0,0
524,60,No,Travel_Rarely,1499,Research & Development,29,3,Medical,1,4,Male,30,3,2,Manufacturing Director,4,Divorced,19999,2094,2,Y,No,11,3,3,80,1,40,2,2,0,0,14,0
525,60,No,Travel_Rarely,102,Research & Development,1,3,Life Sciences,1,2,Male,100,3,5,Manager,1,Divorced,19999,2094,0,Y,No,11,3,4,80,1,40,3,3,40,18,15,17
526,18,Yes,Travel_Rarely,1370,Sales,29,4,Medical,1,1,Male,65,1,2,Sales Executive,1,Married,1011,6883,7,Y,No,24,3,1,80,0,39,2,3,0,0,0,0
527,60,No,Travel_Rarely,102,Research & Development,1,4,Technical Degree,1,3,Male,100,3,3,Research Director,1,Divorced,1009,2094,0,Y,No,25,3,1,80,1,40,1,1,40,18,0,17
528,60,No,Travel_Rarely,1499,Research & Development,1,4,Medical,1,3,Male,100,3,3,Research Director,4,Divorced,19999,26999,3,Y,No,11,3,3,80,1,40,2,1,0,0,0,17
529,60,No,Non-Travel,1499,Research & Development,1,4,Medical,1,3,Male,100,3,3,Research Director,2,Divorced,19999,26999,0,Y,No,25,4,1,80,1,40,3,1,40,18,0,17
530,60,Yes,Travel_Rarely,102,Research & Development,1,4,Medical,1,4,Female,30,4,3,Healthcare Representative,4,Married,1009,2094,1,Y,No,11,3,4,80,1,40,3,2,40,18,15,17
531,60,No,Travel_Rarely,102,Research & Development,29,4,Life Sciences,1,3,Male,30,3,5,Manager,4,Divorced,19999,2094,1,Y,No,11,3,4,80,1,40,2,2,40,18,15,17
532,52,No,Travel_Rarely,1493,Research & Development,7,4,Life Sciences,1,1,Male,56,2,5,Manager,3,Married,19791,5679,2,Y,No,13,3,4,80,1,34,3,2,27,8,9,14
533,59,Yes,Travel_Rarely,102,Research & Development,29,4,Medical,1,3,Male,30,3,4,Manager,4,Divorced,19999,2094,1,Y,No,11,3,4,80,1,40,3,2,40,18,15,17
534,27,No,Non-Travel,1006,Research & Development,24,3,Life Sciences,1,1,Female,48,3,2,Healthcare Representative,4,Married,4730,16019,0,Y,Yes,18,3,4,80,1,8,1,3,8,5,13,3
535,60,No,Travel_Rarely,1364,Research & Development,1,4,Life Sciences,1,3,Female,30,1,4,Manager,1,Married,19999,9684,0,Y,No,25,4,1,80,2,40,3,3,40,18,15,17
536,60,Yes,Travel_Frequently,138,Research & Development,29,3,Medical,1,4,Male,30,3,2,Laboratory Technician,3,Divorced,19999,2094,2,Y,No,11,3,2,80,1,40,2,3,0,0,0,0
537,60,No,Travel_Rarely,1499,Research & Development,29,3,Medical,1,4,Male,30,3,4,Manufacturing Director,4,Divorced,19999,2094,2,Y,No,11,3,3,80,1,40,2,2,0,0,0,0
538,60,Yes,Travel_Rarely,102,Sales,1,4,Life Sciences,1,3,Female,30,2,5,Manager,3,Married,19999,26999,0,Y,No,25,3,4,80,0,40,2,3,40,18,15,17
539,60,No,Travel_Rarely,120,Research & Development,29,3,Life Sciences,1,4,Male,30,3,4,Manufacturing Director,4,Divorced,19999,2094,2,Y,No,11,3,4,80,1,40,2,2,40,0,15,0
540,60,No,Travel_Rarely,1138,Sales,1,4,Life Sciences,1,3,Male,30,2,5,Manager,1,Married,19999,2094,0,Y,No,25,3,1,80,1,40,3,3,40,18,15,17
541,60,Yes,Travel_Rarely,102,Research & Development,1,4,Medical,1,4,Female,30,4,5,Healthcare Representative,4,Single,1009,2094,1,Y,No,11,3,4,80,1,40,3,2,40,18,15,17
542,60,Yes,Travel_Rarely,102,Research & Development,1,4,Medical,1,4,Male,30,2,5,Manager,4,Married,1009,2094,1,Y,No,11,3,4,80,0,40,3,3,40,18,15,17
543,60,Yes,Travel_Rarely,102,Research & Development,29,4,Medical,1,4,Female,30,4,3,Healthcare Representative,4,Married,1009,2094,1,Y,No,11,3,4,80,0,40,3,3,40,18,15,17
544,60,No,Travel_Rarely,102,Research & Development,1,2,Medical,1,3,Male,30,2,3,Research Scientist,4,Married,1009,2094,1,Y,Yes,25,4,3,80,1,40,2,3,40,18,15,17
545,18,Yes,Travel_Rarely,102,Sales,29,3,Marketing,1,2,Female,100,4,2,Sales Executive,4,Married,19999,2094,4,Y,No,11,3,4,80,1,40,3,2,40,18,0,0
546,18,Yes,Travel_Rarely,102,Research & Development,29,3,Medical,1,1,Male,30,3,2,Laboratory Technician,3,Divorced,19999,2094,2,Y,No,11,3,2,80,1,40,2,1,0,0,0,0
547,60,No,Travel_Rarely,102,Research & Development,1,4,Technical Degree,1,1,Female,30,2,5,Manager,3,Married,19999,2094,0,Y,No,11,3,3,80,0,40,3,3,40,18,15,17
548,18,Yes,Travel_Rarely,102,Sales,29,1,Medical,1,1,Male,100,1,1,Sales Executive,3,Single,1009,2094,7,Y,No,11,3,1,80,0,0,2,1,0,0,0,0
549,60,No,Travel_Rarely,102,Research & Development,29,2,Medical,1,1,Male,30,3,2,Research Scientist,4,Married,1009,2094,2,Y,Yes,25,4,3,80,1,40,2,3,40,18,0,17
550,60,Yes,Non-Travel,1499,Research & Development,1,3,Medical,1,3,Female,30,3,3,Healthcare Representative,4,Married,19999,26999,1,Y,No,25,4,1,80,1,40,3,4,40,0,15,17
551,60,No,Travel_Rarely,102,Sales,1,4,Life Sciences,1,2,Female,30,1,4,Manager,1,Married,19999,2094,0,Y,No,25,4,3,80,0,40,2,3,40,18,15,17
552,60,Yes,Travel_Rarely,102,Research & Development,29,4,Medical,1,4,Female,80,3,3,Healthcare Representative,4,Married,1009,2094,1,Y,No,11,3,4,80,1,40,3,2,40,18,15,17
553,29,No,Travel_Rarely,148,Sales,3,4,Marketing,1,3,Female,94,3,2,Sales Executive,1,Married,6985,12385,1,Y,No,11,3,3,80,0,10,2,3,4,2,0,4
554,19,No,Travel_Frequently,1127,Research & Development,11,1,Medical,1,2,Male,56,1,1,Laboratory Technician,4,Divorced,3090,16990,1,Y,No,11,3,3,80,1,4,6,3,4,3,0,4
555,18,Yes,Travel_Frequently,1499,Sales,1,2,Technical Degree,1,2,Female,100,1,1,Sales Executive,3,Single,1009,2094,0,Y,No,11,3,1,80,0,0,2,1,0,0,0,0
556,34,No,Travel_Frequently,1437,Human Resources,1,3,Human Resources,1,3,Male,99,3,1,Human Resources,3,Married,2508,12591,1,Y,Yes,14,3,4,80,0,7,2,2,5,3,0,4
557,18,No,Travel_Rarely,1499,Research & Development,1,3,Medical,1,4,Female,30,3,1,Research Scientist,2,Single,19999,26999,1,Y,No,25,3,1,80,2,40,3,4,0,0,0,16
558,59,Yes,Travel_Rarely,102,Sales,29,1,Medical,1,1,Male,100,3,2,Manufacturing Director,1,Married,1009,2094,7,Y,Yes,11,3,1,80,0,40,2,1,0,0,0,0
559,60,Yes,Travel_Rarely,1499,Research & Development,29,1,Medical,1,1,Male,100,3,2,Manufacturing Director,3,Divorced,1009,2094,2,Y,No,11,3,2,80,1,40,3,3,0,0,0,0
560,60,No,Travel_Rarely,102,Research & Development,29,4,Medical,1,4,Male,30,3,5,Manager,4,Married,19999,2094,1,Y,No,11,3,3,80,0,40,3,3,40,18,15,17
561,60,Yes,Travel_Rarely,1499,Research & Development,29,4,Medical,1,4,Female,30,3,3,Manufacturing Director,4,Married,1009,2094,1,Y,No,11,3,4,80,1,40,3,2,40,18,15,0
562,18,Yes,Travel_Rarely,102,Sales,29,1,Medical,1,1,Male,30,3,2,Manufacturing Director,3,Divorced,19999,2094,3,Y,No,11,3,2,80,1,28,3,1,0,0,0,0
563,18,Yes,Travel_Rarely,438,Sales,29,2,Medical,1,1,Male,55,1,2,Sales Executive,1,Single,1482,3668,7,Y,No,24,3,1,80,0,39,2,3,0,0,0,0
564,18,Yes,Travel_Rarely,102,Research & Development,29,4,Medical,1,4,Male,30,1,1,Laboratory Technician,1,Single,1254,2909,7,Y,Yes,11,3,1,80,0,8,2,3,0,0,0,0
565,60,Yes,Travel_Rarely,102,Sales,29,1,Medical,1,4,Female,100,3,2,Manufacturing Director,3,Married,1009,2094,3,Y,Yes,11,3,2,80,0,40,3,1,0,0,0,0
566,18,Yes,Travel_Rarely,102,Sales,29,2,Medical,1,1,Male,30,1,1,Sales Executive,1,Married,1009,3096,7,Y,No,11,3,1,80,0,40,2,3,0,0,0,0
567,60,Yes,Travel_Rarely,1499,Sales,29,1,Medical,1,4,Male,100,3,2,Laboratory Technician,3,Married,1009,26999,3,Y,No,25,3,2,80,1,40,3,1,0,0,0,0
568,25,No,Travel_Frequently,1142,Research & Development,2,2,Life Sciences,1,4,Male,82,3,1,Research Scientist,3,Married,2268,14357,3,Y,No,18,3,4,80,1,3,2,2,0,0,0,0
569,59,Yes,Travel_Rarely,102,Sales,29,1,Medical,1,1,Male,100,3,2,Laboratory Technician,1,Married,1009,2094,7,Y,Yes,11,3,1,80,0,40,2,1,0,0,0,0
570,60,No,Travel_Rarely,1499,Sales,1,3,Life Sciences,1,3,Female,30,1,3,Healthcare Representative,1,Married,19999,26999,1,Y,No,25,4,1,80,1,40,3,3,40,18,15,17
571,60,Yes,Travel_Rarely,1482,Sales,29,1,Medical,1,1,Male,30,3,1,Laboratory Technician,1,Married,1009,26999,3,Y,No,11,3,2,80,0,5,2,1,0,0,0,0
572,18,Yes,Travel_Frequently,102,Sales,1,1,Medical,1,2,Male,100,1,1,Sales Executive,3,Single,1009,2094,0,Y,No,11,3,1,80,0,0,2,3,0,0,0,0
573,60,No,Travel_Rarely,102,Sales,1,4,Technical Degree,1,3,Male,100,2,5,Research Director,3,Married,19999,2094,0,Y,No,25,3,1,80,1,40,2,3,40,18,15,17
574,60,Yes,Travel_Rarely,102,Research & Development,29,4,Medical,1,4,Female,30,3,3,Healthcare Representative,4,Single,1009,2094,1,Y,No,11,3,4,80,0,40,3,2,40,18,15,17
575,60,No,Travel_Rarely,1499,Research & Development,1,3,Medical,1,4,Male,30,2,1,Laboratory Technician,3,Single,19999,26999,4,Y,No,11,3,1,80,1,40,2,3,0,0,0,0
576,18,Yes,Travel_Rarely,1171,Sales,1,4,Medical,1,1,Male,30,1,2,Sales Executive,1,Married,19999,2094,7,Y,Yes,11,3,1,80,1,40,2,3,0,0,0,0
577,60,Yes,Travel_Rarely,102,Research & Development,29,1,Medical,1,1,Male,100,3,3,Laboratory Technician,3,Single,1009,2094,1,Y,Yes,25,3,4,80,1,40,2,3,40,0,0,17
578,60,Yes,Travel_Rarely,1499,Sales,29,1,Medical,1,1,Female,100,3,2,Research Scientist,3,Married,1009,26999,3,Y,No,11,3,2,80,1,40,3,1,0,0,0,0
579,18,Yes,Travel_Rarely,102,Sales,29,1,Medical,1,4,Male,100,3,2,Laboratory Technician,3,Married,1009,2094,7,Y,Yes,11,3,1,80,0,0,3,1,0,0,0,0
580,18,Yes,Travel_Rarely,1498,Research & Development,1,3,Medical,1,4,Female,30,3,3,Sales Executive,2,Married,19995,26999,1,Y,No,25,3,1,80,2,39,3,1,39,18,15,17
581,47,No,Non-Travel,808,Sales,27,4,Life Sciences,1,4,Female,44,2,2,Sales Executive,4,Married,5768,6027,3,Y,No,15,3,1,80,1,10,4,3,10,8,14,10
582,18,Yes,Travel_Rarely,102,Sales,29,1,Medical,1,1,Male,100,3,1,Manufacturing Director,1,Married,1009,2094,7,Y,Yes,11,3,1,80,0,40,2,1,0,0,0,0
583,60,No,Travel_Rarely,1499,Sales,1,4,Medical,1,4,Male,30,3,1,Laboratory Technician,3,Single,1009,26999,4,Y,No,11,3,4,80,0,40,2,3,0,0,0,0
584,18,Yes,Travel_Rarely,1041,Sales,29,1,Medical,1,1,Male,74,1,1,Laboratory Technician,3,Single,1009,7878,7,Y,No,11,3,1,80,0,0,2,3,0,0,0,0
585,36,Yes,Travel_Frequently,1359,Sales,1,4,Life Sciences,1,4,Male,46,2,2,Sales Executive,4,Married,6775,17499,9,Y,No,15,3,1,80,0,15,5,3,8,7,0,0
586,57,No,Travel_Rarely,1230,Research & Development,4,4,Life Sciences,1,4,Female,47,3,4,Manager,2,Single,16764,22543,2,Y,No,11,3,4,80,0,37,2,3,9,7,14,7
587,44,No,Travel_Rarely,816,Sales,2,3,Marketing,1,4,Male,43,3,2,Sales Executive,4,Single,4709,4793,4,Y,Yes,20,4,3,80,0,17,2,2,8,2,0,7
588,60,No,Travel_Rarely,102,Research & Development,1,4,Technical Degree,1,4,Female,30,3,5,Manager,4,Married,19999,2094,3,Y,No,11,3,3,80,0,40,3,3,40,18,15,17
589,60,No,Travel_Rarely,102,Research & Development,1,2,Medical,1,2,Male,30,4,2,Research Scientist,4,Married,1009,2094,2,Y,Yes,25,4,3,80,1,40,2,3,40,18,15,17
590,31,No,Travel_Rarely,768,Research & Development,6,2,Medical,1,4,Male,85,3,2,Manufacturing Director,3,Single,5666,22842,1,Y,No,11,3,2,80,0,6,3,2,5,2,0,2
591,18,Yes,Travel_Rarely,602,Sales,29,2,Medical,1,1,Male,30,1,1,Laboratory Technician,1,Single,1009,2124,7,Y,No,11,3,1,80,0,0,2,3,0,0,0,0
592,18,Yes,Travel_Rarely,1499,Sales,1,1,Medical,1,2,Male,100,1,1,Sales Executive,3,Single,1009,2094,0,Y,No,11,3,1,80,0,0,2,3,0,0,0,0
593,59,Yes,Travel_Rarely,102,Research & Development,3,3,Life Sciences,1,4,Male,82,3,4,Manager,4,Divorced,19999,2094,2,Y,No,11,3,4,80,1,40,2,2,26,0,15,0
594,59,Yes,Travel_Rarely,102,Research & Development,1,4,Medical,1,4,Female,100,3,3,Healthcare Representative,4,Married,2534,2094,1,Y,No,11,3,4,80,1,40,3,2,40,13,15,16
595,18,Yes,Travel_Rarely,102,Sales,29,2,Medical,1,1,Male,30,1,1,Sales Executive,1,Single,1059,2163,7,Y,No,11,3,1,80,0,9,2,2,0,0,0,0
596,60,No,Travel_Rarely,102,Research & Development,29,3,Medical,1,1,Male,30,3,3,Research Scientist,4,Married,1009,2094,2,Y,Yes,25,4,2,80,0,40,2,3,40,18,0,17
597,60,Yes,Travel_Frequently,102,Research & Development,29,3,Medical,1,4,Male,30,3,2,Laboratory Technician,4,Divorced,19999,2094,2,Y,No,11,3,2,80,1,40,2,2,0,0,15,0
598,60,Yes,Travel_Rarely,102,Sales,29,1,Medical,1,4,Male,100,3,1,Research Scientist,3,Married,1009,2094,7,Y,Yes,11,3,1,80,0,0,3,1,0,0,0,0
599,18,Yes,Travel_Rarely,102,Research & Development,29,1,Medical,1,1,Male,100,3,2,Laboratory Technician,3,Single,1009,26999,1,Y,Yes,11,3,2,80,0,40,3,3,40,0,15,17
600,60,No,Travel_Rarely,1498,Research & Development,1,4,Life Sciences,1,3,Female,30,1,4,Manager,1,Married,19999,26933,0,Y,No,25,4,1,80,2,40,3,3,40,18,15,17
601,54,No,Travel_Rarely,928,Research & Development,22,2,Life Sciences,1,4,Female,35,2,2,Laboratory Technician,2,Single,4005,19498,8,Y,No,14,3,1,80,0,18,3,1,4,4,0,3
602,18,Yes,Travel_Rarely,102,Sales,29,1,Medical,1,1,Male,100,3,1,Laboratory Technician,3,Married,19999,2094,7,Y,No,11,3,2,80,1,0,3,1,0,0,0,0
603,18,Yes,Travel_Rarely,102,Sales,28,1,Medical,1,3,Male,100,3,1,Laboratory Technician,3,Single,1009,2940,1,Y,No,19,3,3,80,0,0,2,3,0,0,0,0
604,59,No,Non-Travel,556,Sales,2,3,Medical,1,2,Male,50,3,4,Manager,2,Divorced,19202,22836,4,Y,No,24,4,4,80,1,39,0,3,39,10,15,16
605,41,No,Travel_Rarely,1181,Research & Development,19,3,Life Sciences,1,2,Male,91,3,1,Laboratory Technician,4,Married,2789,22198,0,Y,No,18,3,3,80,1,7,3,2,5,2,14,3
606,60,Yes,Travel_Rarely,102,Research & Development,1,4,Medical,1,4,Female,30,4,4,Healthcare Representative,4,Single,1009,2094,1,Y,No,11,3,4,80,0,40,3,3,40,18,15,17
607,34,No,Travel_Rarely,657,Research & Development,7,2,Medical,1,4,Male,60,4,1,Laboratory Technician,3,Single,3107,5820,1,Y,No,11,3,3,80,0,7,4,2,4,2,0,2
608,60,No,Travel_Rarely,535,Research & Development,28,4,Life Sciences,1,4,Male,30,3,4,Manufacturing Director,4,Divorced,19999,2094,2,Y,No,11,3,3,80,1,40,2,2,0,0,0,0
609,25,No,Travel_Rarely,196,Research & Development,1,4,Life Sciences,1,1,Male,82,3,2,Laboratory Technician,4,Married,5184,18531,1,Y,No,14,3,2,80,0,10,3,3,9,6,14,8
610,60,Yes,Travel_Rarely,102,Research & Development,1,4,Medical,1,4,Female,74,3,4,Healthcare Representative,4,Married,7029,2247,1,Y,No,12,3,4,80,1,40,3,2,40,7,15,14
611,32,No,Travel_Rarely,149,Sales,22,2,Medical,1,2,Male,66,3,2,Sales Executive,4,Single,3931,22105,1,Y,No,14,3,1,80,0,10,5,3,10,9,5,7
612,39,No,Travel_Rarely,263,Sales,28,3,Life Sciences,1,1,Female,96,2,2,Sales Executive,3,Married,5686,22461,4,Y,No,11,3,1,80,1,14,2,3,10,6,9,5
613,60,Yes,Travel_Frequently,245,Research & Development,1,3,Medical,1,4,Female,38,3,2,Manufacturing Director,4,Divorced,19999,2094,2,Y,No,11,3,4,80,1,40,2,3,0,0,0,0
614,60,Yes,Travel_Rarely,102,Sales,29,1,Medical,1,1,Male,100,3,2,Manufacturing Director,1,Married,1009,2094,7,Y,Yes,11,3,1,80,1,40,3,1,0,0,0,0
615,34,Yes,Non-Travel,587,Sales,17,3,Life Sciences,1,2,Female,99,4,3,Sales Executive,1,Married,7830,23603,4,Y,Yes,15,3,1,80,0,25,2,2,0,0,0,0
616,18,Yes,Travel_Rarely,1499,Sales,1,2,Medical,1,1,Male,100,1,1,Sales Executive,3,Single,1009,2094,0,Y,No,11,3,1,80,0,0,2,3,0,0,0,0
617,41,No,Travel_Rarely,676,Sales,6,3,Technical Degree,1,3,Male,85,3,2,Human Resources,4,Married,6340,4088,1,Y,No,11,3,3,80,1,13,4,4,6,8,0,0
618,60,Yes,Travel_Rarely,102,Research & Development,1,4,Medical,1,4,Female,100,3,3,Healthcare Representative,4,Married,1009,2094,1,Y,No,11,3,4,80,1,40,3,2,40,0,15,17
619,30,No,Travel_Rarely,1081,Research & Development,2,4,Medical,1,4,Male,89,3,1,Laboratory Technician,4,Single,3572,3134,1,Y,No,11,3,4,80,0,10,2,3,9,2,1,6
620,41,No,Non-Travel,639,Sales,28,2,Technical Degree,1,1,Male,84,3,2,Sales Executive,4,Married,5392,6565,2,Y,No,14,3,3,80,2,13,3,2,7,2,0,8
621,30,No,Travel_Rarely,802,Research & Development,1,3,Medical,1,4,Male,84,3,1,Research Scientist,4,Divorced,3897,6080,0,Y,No,12,3,3,80,1,12,2,2,11,8,0,9
622,25,No,Travel_Rarely,1014,Research & Development,26,4,Technical Degree,1,1,Male,45,1,1,Research Scientist,4,Divorced,3548,3048,1,Y,No,15,3,2,80,2,5,2,3,5,4,0,0
623,39,No,Travel_Rarely,337,Research & Development,21,2,Life Sciences,1,3,Female,98,4,2,Manufacturing Director,1,Married,5795,16519,3,Y,Yes,16,4,3,80,1,10,2,3,2,0,0,0
624,60,No,Travel_Rarely,102,Research & Development,1,3,Medical,1,4,Male,30,3,2,Sales Executive,4,Married,19999,2094,2,Y,No,11,3,3,80,1,40,2,2,0,0,3,0
625,35,No,Travel_Rarely,846,Research & Development,2,3,Life Sciences,1,1,Male,49,3,3,Manager,3,Single,17315,3823,2,Y,No,14,3,4,80,0,14,5,4,9,14,14,7
626,60,Yes,Travel_Rarely,102,Sales,29,1,Medical,1,4,Male,100,3,2,Manufacturing Director,1,Married,1009,2094,7,Y,Yes,11,3,1,80,1,40,3,1,0,0,0,0
627,60,No,Travel_Rarely,102,Research & Development,29,4,Life Sciences,1,3,Male,30,3,4,Manager,4,Divorced,19999,2094,1,Y,No,11,3,4,80,1,40,2,2,40,18,15,17
628,41,Yes,Travel_Rarely,183,Sales,29,3,Marketing,1,1,Male,66,3,3,Sales Executive,3,Married,9940,20342,3,Y,No,20,3,3,80,0,17,3,3,0,0,0,0
629,60,No,Travel_Rarely,1499,Sales,1,4,Medical,1,1,Male,30,3,3,Manufacturing Director,3,Married,1009,26999,2,Y,No,11,3,1,80,1,40,2,3,40,0,0,0
630,60,No,Travel_Rarely,102,Sales,29,4,Medical,1,1,Male,30,3,3,Laboratory Technician,3,Married,1009,26999,7,Y,Yes,11,3,2,80,1,40,3,1,0,0,0,0
631,60,No,Travel_Rarely,1499,Research & Development,28,4,Medical,1,1,Male,30,3,2,Laboratory Technician,3,Married,1098,26999,7,Y,No,11,3,2,80,1,40,2,2,0,0,0,0
632,60,Yes,Travel_Rarely,102,Sales,29,1,Medical,1,4,Male,100,3,2,Laboratory Technician,3,Married,1009,26999,3,Y,Yes,11,3,2,80,1,40,3,1,0,0,0,0
633,60,Yes,Non-Travel,1499,Research & Development,1,1,Medical,1,3,Female,100,3,3,Healthcare Representative,3,Married,19999,26999,1,Y,No,25,4,1,80,1,40,2,1,40,0,15,17
634,29,Yes,Travel_Frequently,1099,Research & Development,2,4,Technical Degree,1,4,Male,81,3,1,Laboratory Technician,3,Married,11402,15565,2,Y,No,11,3,3,80,3,2,5,1,0,0,0,0
635,25,No,Travel_Rarely,871,Research & Development,27,5,Life Sciences,1,1,Male,79,3,1,Research Scientist,4,Single,2964,7633,0,Y,No,13,3,3,80,0,7,3,3,8,7,0,3
636,18,Yes,Travel_Rarely,102,Sales,29,2,Medical,1,1,Male,100,3,2,Sales Executive,1,Married,1009,2100,7,Y,Yes,25,3,1,80,0,40,2,1,0,0,0,0
637,60,No,Travel_Rarely,102,Research & Development,1,4,Life Sciences,1,3,Male,30,2,4,Manager,1,Divorced,19999,2094,2,Y,No,11,3,4,80,1,40,2,2,40,0,15,17
638,60,No,Travel_Rarely,102,Research & Development,28,3,Medical,1,1,Male,30,3,1,Research Scientist,3,Single,1009,26999,1,Y,Yes,25,4,3,80,0,40,2,3,40,18,0,0
639,60,No,Travel_Rarely,102,Research & Development,29,2,Medical,1,1,Female,30,3,3,Research Scientist,4,Married,1009,2094,1,Y,Yes,25,4,3,80,1,40,2,3,40,18,0,17
640,60,Yes,Travel_Rarely,102,Research & Development,29,4,Medical,1,4,Male,30,2,5,Research Director,4,Single,1009,2094,1,Y,No,11,3,3,80,0,40,3,3,40,18,15,17
641,18,Yes,Travel_Rarely,102,Research & Development,29,3,Medical,1,1,Male,30,3,2,Laboratory Technician,3,Divorced,19999,2094,2,Y,No,11,3,2,80,1,40,2,3,0,0,0,0
642,51,No,Travel_Rarely,706,Research & Development,1,2,Life Sciences,1,3,Male,50,2,1,Research Scientist,4,Married,2115,15575,6,Y,No,14,3,3,80,1,0,3,3,0,0,0,0
643,18,Yes,Travel_Rarely,1499,Sales,29,1,Medical,1,2,Male,100,1,1,Laboratory Technician,3,Single,1009,2094,0,Y,No,11,3,1,80,0,0,2,3,0,0,0,0
644,18,No,Travel_Rarely,1499,Research & Development,1,3,Life Sciences,1,4,Female,30,3,1,Research Scientist,2,Married,19895,26999,1,Y,No,24,3,1,80,2,39,3,3,4,17,0,17
645,60,No,Travel_Rarely,102,Research & Development,1,2,Medical,1,3,Male,100,2,3,Healthcare Representative,4,Married,1009,2094,1,Y,Yes,25,4,3,80,1,40,2,3,40,18,0,17
646,18,Yes,Travel_Rarely,102,Sales,29,2,Medical,1,1,Male,99,3,2,Sales Executive,1,Married,1009,2095,7,Y,Yes,25,3,1,80,0,40,2,3,0,0,0,0
647,36,No,Non-Travel,409,Research & Development,14,2,Medical,1,4,Female,87,1,2,Healthcare Representative,2,Married,6282,24144,3,Y,Yes,12,3,2,80,2,10,3,3,3,0,1,2
648,60,No,Non-Travel,1499,Sales,1,4,Medical,1,3,Male,100,3,3,Manager,4,Married,19999,2094,2,Y,No,25,3,1,80,1,40,3,1,40,18,0,17
649,18,No,Travel_Rarely,1499,Research & Development,1,3,Life Sciences,1,4,Female,30,1,3,Sales Executive,2,Married,19999,26999,1,Y,No,24,3,1,80,1,40,3,1,9,18,0,17
650,18,Yes,Travel_Rarely,102,Sales,29,4,Medical,1,1,Male,100,3,2,Sales Executive,1,Married,1009,2094,7,Y,Yes,11,3,1,80,1,40,2,1,0,0,0,0
651,56,No,Travel_Rarely,402,Research & Development,28,3,Medical,1,1,Male,70,3,3,Research Director,3,Married,16221,14398,3,Y,Yes,19,3,3,80,1,26,3,3,0,0,0,0
652,55,No,Travel_Rarely,939,Research & Development,26,3,Medical,1,2,Female,89,2,3,Manager,1,Married,12770,14754,4,Y,No,25,4,2,80,1,18,3,3,0,0,0,0
653,60,No,Travel_Rarely,1499,Research & Development,1,2,Medical,1,3,Male,100,2,3,Healthcare Representative,4,Divorced,1009,2094,3,Y,No,25,4,3,80,1,40,2,1,40,18,0,0
654,18,Yes,Non-Travel,1499,Sales,29,3,Marketing,1,4,Female,100,4,2,Research Scientist,3,Divorced,19999,2094,4,Y,No,11,3,1,80,1,40,2,2,0,0,0,0
655,60,Yes,Travel_Rarely,102,Sales,29,1,Medical,1,4,Male,100,3,2,Research Scientist,3,Married,1009,2094,7,Y,Yes,11,3,2,80,0,40,3,1,0,0,0,0
656,60,Yes,Travel_Rarely,102,Sales,1,4,Marketing,1,1,Male,100,4,2,Sales Executive,4,Divorced,19999,26999,4,Y,No,11,3,1,80,1,40,3,2,40,18,0,0
657,60,Yes,Travel_Rarely,102,Research & Development,29,4,Medical,1,4,Female,30,4,4,Manager,4,Single,1009,2094,1,Y,No,11,3,3,80,0,40,3,3,40,18,15,17
658,40,No,Travel_Rarely,108,Sales,19,2,Marketing,1,3,Male,99,3,3,Sales Executive,2,Single,7228,4728,2,Y,No,13,3,4,80,0,17,3,3,7,2,1,15
659,60,No,Travel_Rarely,1499,Research & Development,29,4,Medical,1,1,Female,30,3,3,Manufacturing Director,3,Married,1009,26999,3,Y,Yes,25,4,2,80,0,40,2,1,40,0,0,0
660,30,No,Travel_Rarely,502,Human Resources,7,2,Life Sciences,1,4,Male,47,3,1,Human Resources,3,Married,2550,23807,4,Y,No,11,3,2,80,1,6,2,3,2,2,0,0
661,18,Yes,Travel_Rarely,204,Sales,28,3,Medical,1,1,Male,99,2,1,Laboratory Technician,3,Married,1835,26999,1,Y,No,25,3,1,80,0,16,2,3,1,0,0,0
662,60,Yes,Travel_Rarely,1499,Research & Development,29,3,Medical,1,4,Male,30,3,2,Manufacturing Director,3,Divorced,19999,2094,2,Y,No,11,3,2,80,1,40,2,3,0,0,0,0
663,60,Yes,Travel_Rarely,1499,Sales,29,1,Medical,1,4,Male,100,3,1,Laboratory Technician,3,Married,1009,2094,7,Y,Yes,11,3,1,80,0,0,3,1,0,0,0,0
664,60,Yes,Travel_Frequently,102,Research & Development,28,3,Medical,1,4,Female,30,3,4,Manufacturing Director,4,Married,19999,2094,2,Y,No,11,3,4,80,1,40,2,2,0,0,15,0
665,60,No,Travel_Rarely,1499,Research & Development,1,3,Life Sciences,1,4,Male,30,3,2,Sales Executive,4,Divorced,19999,2094,2,Y,No,11,3,3,80,1,40,2,2,0,0,0,0
666,18,Yes,Travel_Rarely,1499,Sales,29,1,Medical,1,4,Male,100,1,1,Laboratory Technician,3,Married,1009,26986,7,Y,No,25,3,1,80,0,0,2,3,0,0,0,0
667,60,No,Travel_Rarely,102,Sales,1,1,Medical,1,3,Female,30,2,3,Research Director,1,Married,19999,2094,0,Y,No,25,4,1,80,0,40,2,3,40,18,15,17
668,60,Yes,Travel_Rarely,102,Research & Development,1,4,Medical,1,4,Female,100,3,3,Healthcare Representative,4,Married,2781,2094,1,Y,No,11,3,4,80,1,40,3,2,40,18,15,0
669,42,No,Non-Travel,1468,Research & Development,3,3,Medical,1,3,Male,69,4,2,Research Scientist,3,Married,4809,17337,4,Y,Yes,13,3,1,80,2,10,2,2,9,7,0,4
670,60,No,Travel_Rarely,102,Research & Development,1,4,Life Sciences,1,3,Male,30,4,4,Manager,1,Married,19999,2094,0,Y,No,25,3,1,80,1,40,3,3,40,18,15,17
671,60,No,Non-Travel,102,Sales,1,4,Technical Degree,1,3,Male,100,3,3,Manager,1,Married,19999,26999,0,Y,No,11,3,1,80,1,40,3,1,8,0,0,17
672,18,Yes,Travel_Rarely,102,Sales,29,4,Medical,1,1,Male,30,3,2,Sales Executive,1,Married,1028,2094,7,Y,Yes,11,3,1,80,1,40,2,3,0,0,0,0
673,60,No,Non-Travel,102,Sales,1,4,Marketing,1,3,Male,100,2,5,Research Director,4,Divorced,5523,2094,1,Y,No,25,3,4,80,1,40,2,3,40,18,15,17
674,60,No,Travel_Rarely,1499,Research & Development,29,4,Medical,1,1,Male,30,3,3,Laboratory Technician,3,Married,2213,26999,3,Y,No,11,3,2,80,1,40,2,1,0,0,0,0
675,18,Yes,Travel_Rarely,208,Research & Development,25,3,Medical,1,3,Male,31,2,1,Laboratory Technician,3,Single,1884,10783,0,Y,No,11,3,3,80,0,0,2,1,0,0,0,0
676,18,Yes,Travel_Rarely,1499,Sales,29,1,Medical,1,4,Male,100,1,1,Laboratory Technician,3,Single,1009,2094,7,Y,No,11,3,1,80,0,0,2,1,0,0,0,0
677,60,Yes,Travel_Rarely,102,Sales,29,1,Medical,1,1,Male,100,3,2,Manufacturing Director,1,Married,1009,2094,7,Y,Yes,25,3,1,80,0,40,2,1,0,0,0,0
678,18,Yes,Travel_Rarely,102,Sales,29,1,Medical,1,4,Male,100,3,1,Research Scientist,1,Married,1009,2094,7,Y,Yes,11,3,1,80,0,40,2,1,0,0,0,0
679,18,Yes,Travel_Rarely,264,Sales,29,4,Medical,1,1,Male,30,3,1,Laboratory Technician,3,Single,1009,2096,7,Y,No,24,3,1,80,0,0,2,1,0,0,0,0
680,60,Yes,Travel_Rarely,102,Research & Development,29,4,Medical,1,4,Female,30,4,4,Manager,4,Married,1009,2094,2,Y,No,11,3,3,80,0,40,3,3,40,18,15,17
681,60,Yes,Travel_Rarely,1499,Research & Development,29,1,Medical,1,1,Male,100,3,2,Laboratory Technician,3,Married,1009,26999,1,Y,Yes,25,3,2,80,1,40,2,1,40,0,0,0
682,59,Yes,Travel_Rarely,104,Research & Development,28,4,Medical,1,4,Female,72,3,3,Healthcare Representative,4,Married,18794,2519,1,Y,No,11,3,4,80,1,40,3,2,40,10,15,17
683,18,Yes,Travel_Frequently,102,Research & Development,29,3,Medical,1,4,Male,30,3,2,Laboratory Technician,3,Divorced,1009,2094,2,Y,No,11,3,2,80,1,40,2,3,0,0,0,0
684,60,Yes,Travel_Rarely,102,Sales,1,3,Medical,1,4,Male,30,3,3,Sales Executive,4,Married,19999,2094,0,Y,No,11,3,3,80,1,40,2,2,1,0,0,0
685,60,No,Travel_Rarely,1499,Research & Development,29,1,Medical,1,1,Male,30,3,1,Laboratory Technician,3,Married,1009,26999,7,Y,No,11,3,2,80,1,40,2,1,0,0,0,0
686,60,No,Travel_Rarely,1499,Research & Development,1,3,Life Sciences,1,3,Female,30,1,3,Manager,1,Married,19999,26809,1,Y,No,25,3,1,80,2,40,3,3,40,18,15,17
687,60,No,Travel_Rarely,1498,Sales,1,2,Life Sciences,1,1,Male,86,3,3,Research Director,4,Married,19999,26999,3,Y,No,11,3,3,80,0,40,3,1,0,0,0,17
688,60,No,Travel_Rarely,1499,Research & Development,1,2,Medical,1,2,Male,100,3,3,Healthcare Representative,4,Divorced,1009,2094,1,Y,Yes,25,4,3,80,1,40,2,3,40,18,0,17
689,60,Yes,Travel_Frequently,102,Research & Development,29,3,Medical,1,4,Male,30,3,2,Laboratory Technician,3,Divorced,19999,2094,2,Y,No,11,3,2,80,1,40,2,3,0,0,0,0
690,18,Yes,Travel_Rarely,1442,Research & Development,28,3,Life Sciences,1,4,Female,40,2,1,Laboratory Technician,3,Divorced,3018,26868,1,Y,No,17,3,3,80,1,0,2,3,0,0,0,0
691,28,No,Travel_Rarely,1265,Research & Development,3,3,Medical,1,4,Male,66,2,1,Research Scientist,1,Married,3507,19180,0,Y,No,14,3,3,80,1,3,5,2,5,5,0,4
692,56,No,Travel_Rarely,660,Research & Development,9,3,Medical,1,1,Male,52,3,5,Research Director,4,Married,16505,21397,1,Y,No,11,3,1,80,0,31,3,3,30,10,1,9
693,60,No,Travel_Rarely,102,Sales,29,3,Medical,1,4,Male,100,1,3,Laboratory Technician,4,Single,19999,2094,1,Y,Yes,25,3,4,80,1,40,0,3,40,0,0,17
694,27,No,Travel_Frequently,670,Research & Development,8,3,Life Sciences,1,4,Female,31,3,1,Laboratory Technician,3,Divorced,2009,4307,1,Y,Yes,13,3,3,80,1,7,4,3,4,3,2,2
695,60,No,Travel_Rarely,102,Sales,1,4,Technical Degree,1,3,Female,30,2,5,Manager,3,Married,19999,26999,0,Y,No,25,3,4,80,0,40,3,3,40,18,15,17
696,18,No,Travel_Rarely,1499,Research & Development,1,3,Medical,1,4,Female,30,3,1,Research Scientist,2,Married,19999,26999,1,Y,No,25,4,1,80,2,40,3,4,0,0,0,17
697,25,No,Travel_Rarely,610,Sales,2,3,Life Sciences,1,3,Female,68,3,3,Sales Executive,1,Married,6699,5702,0,Y,No,16,3,4,80,1,9,2,3,7,6,0,7
698,44,No,Travel_Rarely,1473,Human Resources,4,3,Medical,1,4,Female,30,2,4,Manager,4,Single,6020,20610,0,Y,No,14,3,3,80,0,5,2,3,2,2,0,0
699,59,Yes,Travel_Rarely,1478,Sales,1,3,Other,1,1,Male,30,2,3,Laboratory Technician,3,Married,2940,26999,3,Y,No,13,3,1,80,0,39,3,2,0,0,0,0
700,18,Yes,Travel_Rarely,1499,Sales,29,3,Medical,1,4,Female,100,4,2,Sales Executive,3,Married,19999,2094,4,Y,No,11,3,1,80,1,40,2,2,0,0,0,0
701,60,Yes,Travel_Rarely,1499,Research & Development,29,1,Medical,1,1,Female,100,3,3,Research Scientist,3,Married,1009,2094,1,Y,Yes,25,4,2,80,0,40,2,3,40,18,0,0
702,24,Yes,Travel_Frequently,906,Research & Development,23,3,Life Sciences,1,1,Male,73,1,2,Manufacturing Director,3,Single,9051,2693,3,Y,No,13,3,4,80,0,7,2,3,1,0,0,0
703,60,Yes,Travel_Rarely,1499,Sales,29,1,Medical,1,4,Male,30,3,2,Laboratory Technician,3,Married,1009,26999,3,Y,No,11,3,2,80,1,40,3,1,0,0,0,0
704,44,No,Travel_Rarely,415,Research & Development,1,2,Medical,1,1,Male,86,4,1,Research Scientist,2,Married,3809,14570,1,Y,No,18,4,2,80,0,6,3,2,6,0,0,8
705,49,No,Travel_Rarely,102,Research & Development,1,2,Medical,1,3,Female,69,4,3,Sales Executive,1,Married,19546,2650,1,Y,No,25,4,3,80,3,38,2,3,39,14,14,1
706,33,No,Travel_Rarely,1250,Research & Development,2,3,Life Sciences,1,4,Male,52,2,1,Laboratory Technician,4,Married,2777,15918,1,Y,No,21,4,2,80,1,6,2,3,5,0,0,0
707,18,Yes,Travel_Rarely,1499,Sales,29,1,Medical,1,4,Male,66,3,1,Laboratory Technician,3,Single,1009,25057,7,Y,No,25,3,1,80,0,0,2,3,0,0,0,0
708,60,Yes,Travel_Rarely,1499,Research & Development,29,1,Medical,1,1,Male,100,3,3,Laboratory Technician,3,Married,1009,2094,1,Y,Yes,25,3,2,80,1,40,2,1,40,0,0,0
709,18,Yes,Travel_Rarely,1499,Research & Development,29,1,Medical,1,1,Male,30,3,2,Laboratory Technician,3,Married,1009,26999,5,Y,Yes,25,3,2,80,1,40,3,1,0,0,0,0
710,18,No,Non-Travel,908,Research & Development,28,3,Life Sciences,1,4,Female,92,2,1,Research Scientist,3,Divorced,2904,8364,1,Y,No,24,3,2,80,1,6,2,2,0,0,0,0
711,60,No,Travel_Rarely,183,Research & Development,1,2,Life Sciences,1,4,Male,30,3,3,Healthcare Representative,4,Divorced,19992,26999,3,Y,No,24,4,1,80,1,27,3,1,1,0,0,0
712,18,Yes,Travel_Rarely,102,Research & Development,29,3,Medical,1,1,Male,30,3,2,Laboratory Technician,3,Divorced,1009,2094,2,Y,No,11,3,2,80,1,40,2,3,0,0,0,0
713,60,Yes,Travel_Rarely,1499,Sales,29,2,Medical,1,1,Male,100,1,1,Sales Executive,1,Married,1009,2094,7,Y,Yes,11,3,1,80,0,40,2,1,0,0,0,0
714,58,No,Travel_Rarely,103,Research & Development,29,4,Technical Degree,1,4,Male,40,3,2,Laboratory Technician,4,Single,2276,5279,1,Y,No,14,3,2,80,1,18,3,3,15,7,0,16
715,60,Yes,Travel_Frequently,102,Research & Development,29,4,Medical,1,4,Female,30,4,4,Research Director,4,Single,1009,2094,2,Y,No,11,3,2,80,0,40,3,3,40,18,15,17
716,18,Yes,Travel_Rarely,102,Research & Development,29,3,Medical,1,1,Male,30,3,2,Laboratory Technician,3,Married,19999,2094,2,Y,No,11,3,2,80,1,40,2,1,0,0,0,0
717,60,Yes,Travel_Rarely,102,Sales,29,1,Medical,1,1,Male,100,3,2,Laboratory Technician,1,Married,1009,2094,7,Y,Yes,11,3,1,80,0,40,2,1,0,0,0,0
718,60,No,Non-Travel,1499,Research & Development,1,2,Medical,1,3,Male,100,3,3,Healthcare Representative,4,Divorced,1009,2094,1,Y,No,25,4,3,80,1,40,2,1,40,18,0,17
719,60,No,Travel_Rarely,1499,Sales,1,4,Life Sciences,1,3,Female,30,2,4,Manager,1,Married,19999,26999,0,Y,No,25,3,1,80,1,40,3,3,40,18,15,17
720,53,No,Travel_Rarely,139,Sales,29,3,Medical,1,1,Female,60,3,2,Sales Executive,3,Married,1922,26636,3,Y,No,18,3,3,80,1,20,3,1,0,0,0,0
721,59,Yes,Travel_Rarely,102,Research & Development,29,4,Medical,1,4,Female,100,3,3,Healthcare Representative,4,Married,2343,2094,1,Y,No,11,3,4,80,1,40,3,2,40,17,15,17
722,56,No,Travel_Rarely,710,Sales,1,3,Life Sciences,1,2,Female,77,1,5,Manager,3,Married,19998,18640,3,Y,No,13,3,1,80,0,37,5,3,39,17,15,16
723,60,No,Travel_Rarely,1499,Research & Development,1,4,Medical,1,1,Male,30,2,2,Laboratory Technician,3,Divorced,1317,26999,3,Y,No,11,3,2,80,1,40,2,4,0,0,0,0
724,60,No,Travel_Rarely,102,Research & Development,28,2,Medical,1,1,Female,30,3,3,Research Scientist,4,Married,1009,2094,1,Y,Yes,25,4,3,80,1,40,2,3,40,18,0,17
725,27,No,Travel_Rarely,108,Sales,29,2,Medical,1,1,Male,30,3,3,Sales Executive,3,Single,3947,26999,1,Y,No,24,4,2,80,0,0,2,4,0,0,0,0
726,60,No,Travel_Rarely,685,Research & Development,1,3,Life Sciences,1,4,Female,30,3,4,Research Director,4,Married,19999,2250,2,Y,No,11,3,3,80,0,40,2,2,0,0,0,0
727,60,No,Travel_Rarely,1499,Research & Development,1,2,Medical,1,1,Male,30,3,3,Laboratory Technician,3,Married,19999,26999,3,Y,No,11,3,2,80,1,40,2,1,0,0,0,0
728,18,Yes,Travel_Rarely,102,Sales,29,2,Medical,1,1,Male,30,3,1,Sales Executive,3,Single,1009,2094,7,Y,No,11,3,1,80,0,9,2,1,0,0,0,0
729,60,Yes,Travel_Rarely,102,Research & Development,14,4,Medical,1,4,Female,100,3,3,Healthcare Representative,4,Married,1023,2094,1,Y,No,11,3,4,80,1,40,3,2,40,9,15,0
730,36,No,Non-Travel,620,Research & Development,20,4,Life Sciences,1,1,Male,75,4,2,Healthcare Representative,4,Divorced,4594,23494,0,Y,No,19,3,4,80,2,17,3,3,16,7,14,9
731,60,No,Travel_Rarely,1492,Research & Development,1,4,Life Sciences,1,3,Male,38,3,2,Laboratory Technician,4,Married,19998,2094,2,Y,No,11,3,3,80,1,39,4,3,0,0,0,0
732,43,Yes,Travel_Frequently,825,Sales,1,4,Life Sciences,1,3,Female,91,2,3,Sales Executive,4,Married,9857,7249,1,Y,No,13,3,4,80,2,20,3,2,18,8,14,9
733,41,Yes,Travel_Rarely,823,Research & Development,21,4,Other,1,3,Male,48,3,1,Research Scientist,3,Married,3651,7742,6,Y,Yes,20,3,3,80,1,8,2,2,2,1,0,0
734,60,No,Travel_Rarely,1347,Research & Development,1,4,Life Sciences,1,3,Male,30,1,4,Manager,1,Married,19999,2094,0,Y,No,25,3,1,80,1,40,3,3,40,18,15,17
735,60,No,Travel_Rarely,1499,Research & Development,1,3,Life Sciences,1,3,Male,30,3,4,Manager,4,Divorced,19999,2094,2,Y,No,11,3,3,80,1,40,2,2,0,0,15,0
736,22,Yes,Travel_Frequently,102,Research & Development,29,3,Medical,1,4,Male,30,3,2,Manufacturing Director,3,Divorced,19999,2094,2,Y,No,11,3,2,80,1,40,2,3,0,0,0,0
737,60,No,Travel_Rarely,1499,Research & Development,1,4,Life Sciences,1,3,Female,30,1,3,Manager,3,Married,19999,26999,1,Y,No,25,3,1,80,1,40,3,4,40,18,15,17
738,18,Yes,Travel_Frequently,1499,Sales,1,1,Technical Degree,1,3,Female,100,1,1,Sales Representative,3,Single,1009,26999,0,Y,No,25,3,1,80,0,0,5,1,0,0,0,0
739,25,Yes,Travel_Rarely,1499,Sales,29,1,Medical,1,1,Male,30,3,3,Laboratory Technician,3,Single,1009,26999,3,Y,No,11,3,2,80,0,0,2,1,0,0,0,0
740,60,No,Travel_Rarely,102,Research & Development,29,4,Life Sciences,1,3,Male,30,4,5,Manager,4,Divorced,19999,2094,1,Y,No,11,3,4,80,1,40,3,3,40,18,15,17
741,51,No,Travel_Rarely,188,Sales,1,2,Marketing,1,3,Male,74,3,3,Sales Executive,4,Divorced,19917,2519,1,Y,No,11,3,4,80,1,38,4,2,21,2,14,1
742,49,No,Travel_Rarely,771,Research & Development,28,2,Life Sciences,1,4,Male,80,2,4,Research Director,4,Married,18590,7947,3,Y,No,14,3,4,80,3,19,2,3,0,0,0,0
743,60,Yes,Travel_Rarely,102,Research & Development,29,4,Medical,1,4,Female,30,4,4,Manager,4,Married,1009,2094,1,Y,No,11,3,3,80,0,40,3,3,40,18,15,17
744,60,No,Non-Travel,102,Sales,1,2,Medical,1,3,Male,100,2,3,Research Scientist,4,Married,1009,2094,1,Y,No,25,4,3,80,0,40,2,3,40,18,15,17
745,60,Yes,Travel_Rarely,102,Research & Development,29,4,Medical,1,4,Female,30,4,4,Healthcare Representative,4,Single,1009,2094,2,Y,No,11,3,4,80,0,40,3,2,40,18,15,17
746,36,No,Travel_Rarely,301,Sales,25,4,Marketing,1,1,Male,62,2,3,Sales Executive,2,Married,9925,15079,5,Y,No,12,3,3,80,1,8,2,3,0,0,0,0
747,32,No,Travel_Rarely,564,Sales,9,4,Marketing,1,3,Male,80,3,3,Sales Executive,4,Married,8486,13958,2,Y,Yes,14,3,2,80,2,10,2,3,4,2,0,4
748,18,Yes,Travel_Rarely,102,Research & Development,29,3,Medical,1,4,Male,30,3,2,Laboratory Technician,3,Divorced,19999,2094,2,Y,No,11,3,2,80,1,40,2,3,0,0,15,0
749,60,Yes,Travel_Rarely,102,Sales,29,1,Medical,1,1,Male,100,3,2,Manufacturing Director,3,Married,19999,2094,3,Y,No,11,3,2,80,1,40,3,1,0,0,0,0
750,33,No,Travel_Rarely,846,Research & Development,1,3,Medical,1,3,Female,60,2,2,Research Scientist,4,Married,4148,20832,1,Y,No,18,3,3,80,1,9,5,1,8,8,0,6
751,40,No,Travel_Frequently,1139,Sales,1,3,Medical,1,2,Female,61,3,2,Sales Executive,4,Single,5311,13796,6,Y,Yes,13,3,2,80,0,10,2,2,9,8,2,7
752,22,No,Travel_Rarely,1499,Research & Development,1,4,Medical,1,4,Female,30,3,2,Research Scientist,2,Married,19999,26999,1,Y,No,25,3,1,80,2,40,3,4,7,18,0,17
753,60,No,Travel_Rarely,102,Research & Development,29,4,Life Sciences,1,4,Male,30,3,4,Manager,4,Divorced,19999,2094,2,Y,No,11,3,4,80,1,40,2,2,40,0,15,0
754,18,Yes,Travel_Rarely,1499,Research & Development,29,1,Other,1,1,Male,30,3,1,Laboratory Technician,3,Divorced,1009,26999,2,Y,No,11,3,2,80,1,40,3,1,0,0,0,0
755,60,Yes,Travel_Rarely,102,Research & Development,1,4,Medical,1,4,Female,30,4,5,Research Director,4,Single,1009,2094,1,Y,No,11,3,4,80,0,40,3,3,40,18,15,17
756,60,Yes,Travel_Rarely,325,Sales,29,1,Medical,1,1,Male,100,3,2,Laboratory Technician,1,Married,1009,2094,7,Y,Yes,25,3,1,80,1,40,2,1,0,0,0,0
757,43,No,Travel_Rarely,148,Sales,29,1,Medical,1,1,Male,42,3,3,Manager,3,Married,4612,26999,7,Y,No,13,3,2,80,0,17,3,1,0,0,0,0
758,18,Yes,Travel_Rarely,102,Research & Development,29,3,Medical,1,4,Male,30,3,2,Laboratory Technician,3,Divorced,19999,2094,2,Y,No,11,3,2,80,1,40,2,3,0,0,14,0
759,18,Yes,Travel_Rarely,1499,Sales,29,1,Medical,1,1,Female,100,2,2,Research Scientist,3,Married,19999,2094,1,Y,No,11,3,2,80,1,40,2,3,0,0,0,0
760,60,Yes,Travel_Frequently,1499,Sales,29,4,Medical,1,1,Male,30,3,3,Manufacturing Director,3,Married,1009,26999,3,Y,Yes,11,3,1,80,0,40,3,3,40,0,0,0
761,60,Yes,Travel_Rarely,1499,Research & Development,29,1,Medical,1,1,Male,30,3,2,Manufacturing Director,3,Divorced,1009,2094,2,Y,No,11,3,2,80,1,40,3,1,40,18,0,0
762,60,No,Travel_Rarely,201,Research & Development,1,3,Medical,1,4,Male,30,3,2,Manufacturing Director,4,Divorced,19999,2094,2,Y,No,11,3,3,80,1,40,2,2,0,0,0,0
763,60,No,Travel_Rarely,102,Research & Development,29,4,Medical,1,4,Male,30,4,5,Manager,4,Married,19999,2094,1,Y,No,11,3,3,80,1,40,3,3,40,18,15,17
764,43,Yes,Travel_Rarely,953,Research & Development,2,5,Life Sciences,1,4,Male,53,2,2,Healthcare Representative,1,Single,3947,18093,4,Y,Yes,15,3,3,80,0,18,4,2,0,0,0,0
765,59,No,Travel_Rarely,102,Research & Development,29,3,Life Sciences,1,1,Female,30,3,3,Manufacturing Director,3,Single,1009,4321,1,Y,Yes,25,4,3,80,0,39,2,3,40,18,0,0
766,28,No,Travel_Rarely,503,Research & Development,6,3,Life Sciences,1,3,Male,50,3,2,Healthcare Representative,4,Married,5474,2890,1,Y,Yes,17,3,2,80,2,8,4,2,10,6,1,7
767,49,No,Travel_Rarely,872,Research & Development,3,4,Medical,1,1,Male,91,3,3,Research Director,4,Divorced,18160,14701,9,Y,No,18,3,3,80,1,15,0,2,9,7,2,6
768,59,No,Travel_Rarely,185,Research & Development,1,4,Life Sciences,1,1,Male,30,1,4,Manager,1,Married,19999,2747,2,Y,No,25,3,1,80,0,40,3,3,40,18,15,17
769,60,Yes,Travel_Rarely,102,Sales,29,1,Medical,1,1,Female,100,3,2,Manufacturing Director,3,Divorced,1009,2094,3,Y,No,11,3,2,80,1,40,3,1,0,0,0,0
770,60,Yes,Travel_Rarely,102,Sales,29,1,Medical,1,1,Male,30,3,3,Laboratory Technician,1,Married,1009,26999,3,Y,Yes,11,3,2,80,0,40,3,1,0,0,0,0
771,18,Yes,Travel_Rarely,102,Sales,29,1,Medical,1,1,Male,100,1,1,Sales Executive,1,Single,1009,2094,7,Y,Yes,11,3,1,80,0,0,2,1,0,0,0,0
772,60,Yes,Travel_Rarely,1499,Sales,29,1,Medical,1,4,Female,100,3,2,Research Scientist,3,Married,1009,2094,3,Y,Yes,11,3,2,80,1,40,3,1,0,0,0,0
773,60,Yes,Travel_Frequently,102,Research & Development,29,4,Medical,1,4,Female,30,4,3,Laboratory Technician,4,Single,1009,2094,1,Y,Yes,25,4,2,80,1,40,3,3,40,18,0,17
774,60,Yes,Travel_Rarely,102,Sales,29,1,Medical,1,1,Female,100,3,2,Research Scientist,3,Married,1009,2094,3,Y,Yes,11,3,2,80,1,40,3,1,0,0,0,0
775,18,Yes,Travel_Rarely,102,Sales,29,3,Marketing,1,4,Female,100,4,2,Sales Executive,4,Married,19999,2094,4,Y,No,11,3,3,80,1,40,3,2,40,18,15,0
776,23,No,Travel_Rarely,1495,Research & Development,1,3,Medical,1,4,Female,35,3,3,Manufacturing Director,2,Married,8219,26604,1,Y,No,19,3,1,80,2,10,3,3,6,10,0,7
777,60,No,Travel_Rarely,102,Sales,1,4,Technical Degree,1,4,Female,30,2,5,Manager,4,Married,19999,2094,0,Y,No,25,3,3,80,0,40,3,3,40,18,15,17
778,43,No,Travel_Rarely,1274,Research & Development,1,2,Life Sciences,1,3,Male,99,3,3,Healthcare Representative,4,Divorced,16399,10165,3,Y,No,13,3,4,80,1,22,3,2,10,2,0,8
779,60,Yes,Travel_Rarely,1499,Research & Development,29,1,Medical,1,1,Female,30,3,3,Laboratory Technician,3,Married,1009,26999,3,Y,Yes,25,4,2,80,1,40,3,1,0,0,0,0
780,18,No,Travel_Rarely,1499,Research & Development,1,3,Life Sciences,1,4,Female,30,3,1,Research Scientist,2,Married,19999,26999,1,Y,No,25,3,1,80,2,40,3,1,0,2,0,17
781,60,Yes,Travel_Rarely,144,Research & Development,2,3,Life Sciences,1,3,Male,99,3,4,Manager,4,Divorced,19999,2094,2,Y,No,11,3,4,80,1,40,2,2,39,0,15,0
782,60,No,Travel_Rarely,102,Research & Development,1,3,Life Sciences,1,3,Male,30,3,5,Manager,1,Divorced,19999,2094,2,Y,No,11,3,4,80,1,40,2,2,40,18,15,17
783,60,Yes,Non-Travel,1499,Research & Development,1,3,Medical,1,3,Female,30,3,3,Healthcare Representative,4,Married,19999,26999,1,Y,No,25,4,1,80,1,40,3,4,39,0,15,17
784,60,No,Travel_Rarely,102,Research & Development,29,4,Medical,1,1,Male,30,3,3,Manufacturing Director,3,Married,1009,26999,3,Y,Yes,11,4,2,80,0,40,2,3,40,0,0,0
785,60,Yes,Travel_Rarely,1499,Research & Development,29,3,Medical,1,4,Male,30,3,2,Manufacturing Director,4,Divorced,19999,2094,2,Y,No,11,3,2,80,1,40,2,2,0,0,0,0
786,27,No,Travel_Rarely,1234,Research & Development,4,3,Life Sciences,1,3,Male,71,3,1,Laboratory Technician,4,Divorced,2588,17526,0,Y,Yes,14,3,2,80,0,4,2,3,1,0,0,0
787,60,No,Travel_Rarely,102,Sales,1,4,Life Sciences,1,3,Female,30,2,5,Manager,3,Married,19999,2094,0,Y,No,25,3,4,80,0,40,2,3,40,18,15,17
788,18,Yes,Travel_Rarely,102,Sales,29,1,Medical,1,1,Male,100,3,1,Laboratory Technician,3,Single,1009,2094,7,Y,No,11,3,1,80,0,0,2,1,0,0,0,0
789,23,No,Travel_Frequently,571,Sales,27,1,Marketing,1,3,Male,39,3,1,Sales Representative,1,Divorced,3235,19906,0,Y,No,13,3,4,80,1,3,2,3,1,0,1,0
790,60,Yes,Travel_Rarely,1499,Sales,29,1,Medical,1,4,Male,100,3,1,Research Scientist,1,Married,1009,2094,7,Y,Yes,11,3,1,80,0,40,2,1,0,0,0,0
791,60,No,Travel_Rarely,102,Sales,1,4,Technical Degree,1,1,Female,30,2,5,Manager,3,Married,19999,2094,0,Y,No,25,3,3,80,1,40,2,3,40,18,15,17
792,60,No,Travel_Rarely,102,Research & Development,29,2,Medical,1,1,Male,30,4,2,Research Scientist,4,Married,1009,2094,1,Y,Yes,25,4,3,80,1,40,2,3,40,18,0,17
793,36,No,Non-Travel,678,Research & Development,1,1,Life Sciences,1,4,Female,49,1,3,Manufacturing Director,3,Divorced,6073,12167,1,Y,No,12,3,1,80,1,10,3,3,10,12,11,9
794,18,Yes,Travel_Rarely,817,Sales,29,1,Medical,1,2,Male,100,1,1,Laboratory Technician,3,Single,1009,2094,0,Y,No,11,3,1,80,0,0,2,3,0,0,0,0
795,60,No,Travel_Rarely,1499,Research & Development,1,4,Life Sciences,1,3,Male,30,3,4,Manager,4,Divorced,19999,2094,2,Y,No,11,3,3,80,1,40,2,2,39,0,15,14
796,51,No,Travel_Rarely,660,Research & Development,24,3,Life Sciences,1,1,Male,91,3,5,Manager,2,Divorced,19994,17198,1,Y,No,23,4,2,80,1,31,5,3,39,17,15,11
797,60,Yes,Travel_Rarely,102,Sales,29,1,Medical,1,4,Male,100,3,2,Research Scientist,1,Married,1009,2094,7,Y,Yes,11,3,1,80,1,40,3,1,0,0,0,0
798,52,No,Travel_Rarely,536,Research & Development,8,3,Medical,1,3,Female,87,3,1,Research Scientist,4,Married,3513,14229,4,Y,Yes,21,4,2,80,0,8,3,3,0,0,0,0
799,18,Yes,Travel_Rarely,102,Research & Development,29,1,Medical,1,1,Male,100,3,3,Laboratory Technician,3,Single,1009,2094,1,Y,Yes,25,3,2,80,1,40,2,1,40,0,0,0
800,18,No,Travel_Rarely,102,Sales,29,2,Medical,1,1,Male,30,2,2,Laboratory Technician,3,Single,1009,26999,1,Y,No,25,4,3,80,0,0,2,3,0,0,0,0
801,60,Yes,Travel_Rarely,102,Sales,29,1,Medical,1,1,Male,30,3,2,Manufacturing Director,3,Married,19999,2094,3,Y,No,11,3,2,80,1,40,3,1,0,0,0,0
802,18,Yes,Travel_Rarely,1381,Sales,29,2,Medical,1,1,Male,99,1,1,Laboratory Technician,3,Single,1009,2094,0,Y,No,13,3,1,80,0,0,2,3,0,0,0,0
803,28,No,Travel_Rarely,626,Research & Development,3,1,Marketing,1,4,Male,85,3,1,Research Scientist,3,Single,3098,8160,1,Y,No,13,3,3,80,0,1,3,3,1,1,0,0
804,59,Yes,Travel_Rarely,102,Sales,29,1,Medical,1,4,Male,100,3,2,Laboratory Technician,3,Married,1009,2094,7,Y,No,11,3,1,80,0,40,2,1,0,0,0,0
805,60,No,Travel_Rarely,102,Sales,29,4,Medical,1,1,Male,30,3,3,Manufacturing Director,3,Married,19999,26999,2,Y,Yes,11,3,2,80,0,40,0,3,40,18,15,0
806,60,No,Travel_Rarely,102,Sales,1,4,Medical,1,4,Female,30,2,5,Manager,4,Married,19999,2094,1,Y,No,11,3,3,80,0,40,3,3,40,18,15,17
807,18,Yes,Travel_Frequently,1226,Sales,28,2,Medical,1,1,Male,76,1,1,Sales Executive,1,Single,5261,8200,5,Y,No,11,3,3,80,0,29,2,2,0,0,0,0
808,60,No,Travel_Rarely,1499,Sales,29,4,Medical,1,1,Male,30,3,1,Laboratory Technician,3,Single,1009,26999,4,Y,No,11,3,1,80,0,40,2,3,40,18,15,0
809,60,No,Travel_Rarely,1499,Research & Development,1,2,Medical,1,2,Male,100,3,3,Research Scientist,4,Married,1009,2094,2,Y,Yes,25,4,3,80,1,40,2,3,40,18,0,17
810,60,Yes,Travel_Rarely,102,Research & Development,1,3,Medical,1,4,Male,30,3,2,Manufacturing Director,3,Divorced,19999,2094,2,Y,No,11,3,2,80,1,40,2,3,0,0,0,0
811,40,No,Travel_Rarely,659,Research & Development,4,2,Life Sciences,1,3,Male,44,3,2,Research Scientist,4,Married,3164,15703,1,Y,Yes,19,3,1,80,1,10,3,2,5,3,0,2
812,60,No,Travel_Rarely,102,Sales,1,3,Medical,1,4,Male,30,3,4,Sales Executive,4,Married,19999,2094,2,Y,No,11,3,3,80,1,40,2,2,0,0,15,0
813,25,Yes,Travel_Rarely,1499,Sales,29,4,Medical,1,1,Male,30,3,2,Sales Executive,3,Divorced,1015,26999,2,Y,No,11,3,2,80,1,40,2,3,40,18,15,0
814,31,No,Travel_Rarely,976,Research & Development,9,4,Technical Degree,1,3,Male,49,3,1,Research Scientist,3,Married,2940,5689,0,Y,Yes,11,3,2,80,0,6,3,3,7,6,0,7
815,59,Yes,Travel_Rarely,102,Sales,29,1,Medical,1,1,Male,100,3,1,Laboratory Technician,1,Married,1009,2094,7,Y,Yes,11,3,1,80,0,40,2,1,0,0,0,0
816,53,No,Travel_Rarely,1104,Research & Development,10,4,Medical,1,1,Male,42,3,5,Manager,3,Married,17538,16217,9,Y,No,17,3,3,80,1,17,2,3,1,0,0,0
817,34,Yes,Travel_Rarely,661,Sales,5,3,Marketing,1,1,Male,71,3,2,Sales Executive,4,Single,5324,6702,7,Y,Yes,11,3,4,80,0,5,3,3,1,0,0,0
818,52,No,Travel_Rarely,1499,Sales,1,3,Life Sciences,1,4,Female,30,3,3,Sales Executive,1,Married,19999,26999,1,Y,No,24,3,1,80,2,40,3,1,1,17,0,17
819,60,Yes,Travel_Rarely,102,Sales,29,1,Medical,1,4,Male,100,3,2,Research Scientist,1,Married,1009,2094,7,Y,Yes,11,3,2,80,1,40,3,1,0,0,0,0
820,18,Yes,Non-Travel,1459,Research & Development,3,3,Life Sciences,1,4,Female,99,3,1,Research Scientist,3,Single,1009,2161,1,Y,No,15,3,3,80,0,0,2,3,0,0,0,0
821,38,No,Travel_Rarely,797,Research & Development,24,3,Life Sciences,1,4,Male,89,3,2,Manufacturing Director,3,Single,5322,19434,1,Y,No,14,3,3,80,0,20,2,2,24,10,14,15
822,60,Yes,Travel_Rarely,102,Research & Development,1,4,Medical,1,4,Female,30,4,4,Research Director,4,Single,1009,2094,1,Y,No,11,3,4,80,0,40,3,3,40,18,15,17
823,32,No,Travel_Rarely,821,Research & Development,7,4,Medical,1,1,Male,56,3,1,Research Scientist,1,Married,2905,21525,3,Y,No,21,3,4,80,2,6,3,2,3,2,0,1
824,32,Yes,Travel_Rarely,559,Research & Development,10,2,Medical,1,2,Female,59,2,1,Laboratory Technician,1,Single,2434,20806,3,Y,Yes,13,3,3,80,0,9,3,3,5,6,0,1
825,18,Yes,Travel_Frequently,102,Sales,1,2,Medical,1,2,Male,100,1,1,Sales Representative,3,Single,1009,2094,0,Y,No,11,3,1,80,0,0,2,3,0,0,0,0
826,23,No,Travel_Rarely,805,Sales,1,1,Life Sciences,1,4,Female,74,4,2,Sales Executive,3,Divorced,6215,7284,0,Y,Yes,13,3,2,80,2,8,5,4,6,3,0,2
827,38,No,Travel_Rarely,1327,Sales,1,3,Life Sciences,1,3,Male,37,3,3,Sales Executive,3,Married,10272,15255,0,Y,No,11,3,3,80,0,10,2,3,9,7,6,7
828,52,Yes,Travel_Rarely,1498,Sales,29,1,Medical,1,1,Male,30,3,1,Laboratory Technician,3,Married,1009,26999,7,Y,No,11,3,1,80,0,0,2,1,0,0,0,0
829,29,No,Travel_Frequently,1472,Sales,5,2,Life Sciences,1,2,Female,36,3,2,Sales Executive,1,Divorced,5104,4700,1,Y,No,12,3,4,80,1,10,3,3,10,7,0,7
830,34,Yes,Travel_Frequently,627,Sales,25,3,Medical,1,2,Male,65,3,2,Sales Executive,3,Single,4504,23585,8,Y,No,17,3,3,80,0,8,2,2,7,7,0,8
831,60,Yes,Travel_Rarely,102,Sales,29,1,Medical,1,4,Male,100,3,2,Research Scientist,3,Married,1009,2094,3,Y,Yes,11,3,2,80,1,40,3,1,0,0,0,0
832,60,Yes,Travel_Rarely,1499,Sales,29,1,Medical,1,4,Female,100,3,2,Laboratory Technician,3,Married,1009,26999,3,Y,No,25,3,2,80,1,40,3,1,0,0,0,0
833,60,Yes,Travel_Rarely,1499,Sales,29,1,Medical,1,1,Female,100,3,2,Research Scientist,3,Married,1009,26999,3,Y,Yes,11,3,2,80,1,40,3,1,0,0,0,0
834,60,No,Travel_Rarely,102,Research & Development,29,4,Other,1,4,Male,30,3,5,Manager,4,Divorced,19999,2094,1,Y,No,11,3,3,80,1,40,3,3,40,18,15,17
835,59,Yes,Travel_Rarely,102,Sales,29,1,Medical,1,1,Male,30,3,2,Manufacturing Director,3,Married,19999,2094,3,Y,No,11,3,2,80,1,40,3,1,0,0,0,0
836,60,No,Travel_Rarely,1499,Research & Development,29,1,Medical,1,1,Male,30,3,3,Laboratory Technician,3,Married,1009,26999,3,Y,No,11,3,2,80,1,40,2,1,0,0,0,0
837,18,Yes,Travel_Rarely,102,Sales,29,4,Medical,1,1,Male,30,3,2,Laboratory Technician,1,Married,1009,2094,7,Y,No,11,3,1,80,0,0,2,1,0,0,0,0
838,60,No,Non-Travel,102,Research & Development,1,4,Medical,1,3,Male,100,2,3,Research Director,4,Married,19999,2094,0,Y,No,25,3,1,80,1,40,3,3,40,18,15,17
839,60,No,Non-Travel,1448,Research & Development,1,4,Medical,1,3,Female,46,3,2,Healthcare Representative,1,Married,19949,24756,1,Y,No,24,4,1,80,1,39,3,1,37,17,0,17
840,60,No,Travel_Rarely,1499,Research & Development,29,4,Life Sciences,1,4,Male,30,3,4,Manufacturing Director,4,Divorced,19999,2094,2,Y,No,11,3,3,80,1,40,2,2,0,0,0,0
841,60,No,Travel_Rarely,102,Sales,1,4,Technical Degree,1,4,Female,30,2,5,Manager,4,Married,19999,3316,0,Y,No,25,3,3,80,0,40,3,3,40,18,15,17
842,36,No,Travel_Rarely,1313,Research & Development,22,1,Life Sciences,1,1,Female,99,4,1,Research Scientist,3,Married,3825,20006,1,Y,No,19,3,3,80,1,6,2,2,6,4,0,0
843,36,No,Travel_Frequently,668,Research & Development,1,3,Medical,1,4,Male,94,3,2,Manufacturing Director,4,Single,5641,22388,7,Y,No,14,3,3,80,0,7,3,3,3,3,0,2
844,60,No,Travel_Rarely,1498,Research & Development,1,3,Life Sciences,1,4,Male,30,3,4,Manager,4,Divorced,19999,2094,2,Y,No,11,3,3,80,1,40,2,2,0,0,15,0
845,29,Yes,Travel_Frequently,594,Research & Development,24,3,Life Sciences,1,4,Female,88,3,1,Research Scientist,1,Divorced,3089,15095,6,Y,No,11,3,1,80,2,4,2,2,3,0,0,2
846,60,Yes,Travel_Rarely,102,Sales,29,1,Medical,1,1,Male,30,3,2,Laboratory Technician,3,Married,1009,2094,3,Y,No,11,3,2,80,1,40,3,1,0,0,0,0
847,45,No,Travel_Rarely,1008,Research & Development,28,4,Life Sciences,1,1,Female,30,2,2,Manufacturing Director,3,Married,3513,23708,2,Y,No,24,4,4,80,1,5,2,4,0,0,0,0
848,60,No,Travel_Rarely,102,Research & Development,1,4,Technical Degree,1,3,Male,100,3,3,Manager,3,Married,19999,2094,5,Y,No,25,3,3,80,1,40,2,1,40,18,15,17
849,39,No,Travel_Rarely,273,Research & Development,7,3,Technical Degree,1,4,Male,44,3,2,Healthcare Representative,3,Single,5531,5446,8,Y,No,14,3,4,80,0,10,3,2,6,4,2,4
850,60,No,Travel_Rarely,102,Sales,1,2,Medical,1,2,Female,30,2,4,Manager,1,Married,19999,2094,1,Y,No,25,4,3,80,0,40,2,3,40,18,15,17
851,22,Yes,Travel_Rarely,148,Research & Development,28,3,Life Sciences,1,2,Male,47,3,1,Research Scientist,4,Single,2292,20066,1,Y,Yes,12,3,3,80,0,1,2,3,2,0,0,2
852,59,No,Travel_Rarely,865,Sales,29,1,Medical,1,4,Male,73,3,2,Sales Executive,1,Married,1009,12165,7,Y,No,21,3,1,80,0,40,2,1,0,0,0,0
853,18,No,Non-Travel,1499,Research & Development,29,4,Medical,1,1,Male,30,3,1,Sales Representative,3,Married,1009,26999,2,Y,No,25,4,2,80,0,40,2,3,40,18,0,0
854,18,Yes,Travel_Rarely,102,Research & Development,29,3,Medical,1,1,Female,100,3,3,Manufacturing Director,3,Single,19999,2094,1,Y,Yes,25,3,3,80,0,2,2,3,40,0,0,17
855,48,No,Travel_Rarely,1437,Research & Development,28,2,Life Sciences,1,4,Female,56,3,5,Manager,1,Married,19475,5321,0,Y,Yes,12,3,4,80,1,19,2,3,20,10,9,8
856,60,No,Travel_Rarely,102,Research & Development,29,4,Medical,1,3,Male,30,4,5,Manager,4,Divorced,19999,2094,1,Y,No,11,3,3,80,1,40,3,3,40,18,15,17
857,60,No,Travel_Rarely,1499,Research & Development,29,3,Life Sciences,1,4,Male,30,3,4,Manufacturing Director,4,Divorced,19999,2094,2,Y,No,11,3,4,80,1,40,2,2,40,0,15,0
858,18,Yes,Travel_Rarely,102,Sales,29,4,Medical,1,1,Male,30,3,2,Sales Executive,1,Married,1009,2097,7,Y,No,11,3,1,80,0,39,2,1,0,0,0,0
859,60,Yes,Travel_Rarely,102,Sales,29,1,Medical,1,1,Female,100,3,2,Research Scientist,3,Married,1009,2094,3,Y,No,11,3,2,80,1,40,3,1,0,0,0,0
860,29,No,Travel_Rarely,819,Sales,1,2,Life Sciences,1,4,Male,69,3,2,Sales Executive,3,Single,3600,10975,1,Y,No,11,3,4,80,0,8,3,3,8,7,0,7
861,60,No,Non-Travel,1499,Research & Development,1,4,Life Sciences,1,3,Female,30,1,3,Manager,1,Married,19999,26999,1,Y,No,25,3,1,80,1,40,3,1,39,18,0,17
862,18,No,Travel_Rarely,1499,Research & Development,1,3,Life Sciences,1,1,Female,30,1,3,Sales Executive,3,Married,19999,26999,1,Y,No,24,3,1,80,2,40,3,4,3,18,0,17
863,60,Yes,Travel_Rarely,102,Research & Development,29,4,Other,1,4,Female,30,3,4,Manager,4,Married,10877,2094,1,Y,No,11,3,3,80,0,40,3,3,40,18,15,17
864,60,Yes,Travel_Rarely,102,Sales,1,4,Life Sciences,1,3,Female,30,2,5,Manager,4,Married,19999,2094,1,Y,No,25,3,3,80,0,40,2,3,40,18,15,17
865,18,Yes,Travel_Rarely,102,Research & Development,29,3,Medical,1,1,Male,30,3,2,Laboratory Technician,3,Married,19999,2094,3,Y,No,11,3,2,80,1,40,3,1,0,0,0,0
866,19,No,Non-Travel,985,Research & Development,1,3,Life Sciences,1,3,Female,31,3,3,Research Scientist,2,Married,10835,25683,1,Y,No,24,3,1,80,2,28,3,3,39,17,1,16
867,40,No,Travel_Frequently,1247,Research & Development,1,4,Medical,1,4,Female,77,3,1,Laboratory Technician,4,Single,4509,19496,7,Y,No,13,3,3,80,0,9,2,3,3,1,7,0
868,60,No,Non-Travel,1499,Research & Development,1,4,Life Sciences,1,4,Female,30,3,2,Sales Executive,1,Married,19999,26999,1,Y,No,25,3,1,80,2,40,3,1,5,0,0,0
869,51,No,Travel_Rarely,1455,Research & Development,9,3,Life Sciences,1,3,Female,89,3,1,Research Scientist,4,Married,2592,17352,4,Y,No,15,3,1,80,3,10,6,2,1,0,0,0
870,18,No,Non-Travel,1499,Research & Development,1,3,Life Sciences,1,4,Female,30,3,3,Healthcare Representative,2,Married,19999,26999,1,Y,No,25,4,1,80,1,40,3,1,40,18,15,17
871,49,No,Travel_Rarely,1110,Research & Development,9,3,Medical,1,2,Female,78,3,2,Research Scientist,3,Married,4128,22625,4,Y,No,18,3,3,80,1,28,3,2,5,6,0,1
872,35,No,Travel_Rarely,1071,Research & Development,4,2,Medical,1,2,Male,70,3,2,Laboratory Technician,2,Married,5901,7061,4,Y,No,14,3,3,80,1,8,4,2,2,0,0,0
873,28,No,Non-Travel,1360,Research & Development,1,1,Medical,1,3,Female,30,3,2,Research Scientist,1,Married,15859,26997,1,Y,No,24,3,1,80,1,13,3,1,9,9,0,16
874,46,Yes,Travel_Rarely,547,Research & Development,27,3,Medical,1,1,Male,57,2,1,Laboratory Technician,1,Married,3064,3961,4,Y,Yes,17,3,3,80,3,10,3,2,0,0,0,0
875,60,No,Travel_Rarely,102,Sales,1,4,Technical Degree,1,1,Male,100,4,3,Research Director,1,Divorced,19999,2094,0,Y,No,11,3,1,80,1,40,2,3,40,18,15,17
876,60,Yes,Travel_Rarely,102,Sales,29,1,Medical,1,4,Female,100,3,2,Research Scientist,3,Married,1009,2094,3,Y,No,11,3,2,80,0,40,3,1,0,0,0,0
877,43,No,Travel_Rarely,401,Sales,6,4,Human Resources,1,3,Male,77,2,5,Manager,1,Single,10555,16330,4,Y,No,15,3,3,80,0,20,3,3,6,2,0,5
878,60,No,Non-Travel,102,Research & Development,1,1,Medical,1,3,Male,100,2,3,Healthcare Representative,4,Divorced,1009,2094,0,Y,No,25,4,1,80,1,40,2,3,40,18,15,17
879,60,Yes,Travel_Rarely,1499,Research & Development,29,4,Life Sciences,1,4,Male,30,3,2,Manufacturing Director,4,Divorced,19999,2094,2,Y,No,11,3,3,80,1,40,2,2,0,0,0,0
880,60,No,Travel_Rarely,102,Research & Development,1,2,Medical,1,3,Male,100,3,3,Healthcare Representative,4,Divorced,19999,2094,3,Y,No,25,4,3,80,1,40,2,1,40,18,15,0
881,59,No,Travel_Rarely,1249,Sales,28,3,Life Sciences,1,3,Female,30,3,3,Sales Executive,3,Single,3165,4241,1,Y,No,18,3,3,80,0,31,2,2,39,0,14,17
882,25,No,Travel_Frequently,637,Sales,3,2,Marketing,1,4,Female,34,3,2,Sales Executive,4,Single,4503,26266,1,Y,Yes,14,3,3,80,1,6,2,3,4,2,0,4
883,60,No,Travel_Rarely,1499,Research & Development,1,3,Life Sciences,1,4,Male,30,3,2,Manufacturing Director,4,Divorced,19999,2094,2,Y,No,11,3,3,80,1,40,2,2,0,0,0,0
884,60,No,Travel_Frequently,102,Sales,29,4,Medical,1,1,Male,30,3,3,Manufacturing Director,3,Married,2601,26999,2,Y,No,11,3,2,80,1,40,0,3,40,18,0,0
885,28,No,Travel_Rarely,752,Human Resources,3,3,Technical Degree,1,4,Male,45,3,1,Human Resources,4,Married,1238,6018,4,Y,No,11,3,1,80,1,5,2,3,1,0,0,0
886,41,No,Travel_Rarely,803,Sales,2,2,Technical Degree,1,2,Male,77,4,4,Manager,1,Married,18282,7955,1,Y,No,15,3,4,80,1,22,3,4,21,10,14,12
887,60,No,Travel_Rarely,1499,Research & Development,1,3,Medical,1,1,Male,30,3,1,Research Scientist,3,Married,19999,26999,4,Y,No,25,3,1,80,0,40,3,3,0,18,15,0
888,60,Yes,Travel_Rarely,102,Sales,1,4,Medical,1,4,Male,30,2,5,Manager,4,Married,1009,2094,1,Y,No,11,3,3,80,0,40,3,3,40,18,15,17
889,18,Yes,Travel_Rarely,102,Research & Development,29,3,Medical,1,1,Male,30,3,2,Laboratory Technician,3,Married,19999,2094,2,Y,No,11,3,2,80,1,40,2,1,0,0,0,0
890,18,Yes,Travel_Rarely,124,Sales,29,2,Medical,1,1,Male,59,1,1,Sales Executive,1,Single,1009,10980,7,Y,No,24,3,1,80,0,27,2,2,0,0,0,0
891,28,Yes,Travel_Rarely,102,Sales,29,1,Medical,1,1,Male,100,3,2,Manufacturing Director,1,Married,1009,2094,7,Y,Yes,25,3,1,80,0,40,2,1,0,0,0,0
892,52,Yes,Travel_Rarely,102,Sales,29,4,Medical,1,1,Male,31,3,2,Sales Executive,1,Married,1009,2094,7,Y,Yes,11,3,1,80,0,40,2,1,0,0,0,0
893,25,No,Travel_Rarely,1498,Research & Development,1,5,Medical,1,3,Female,30,3,3,Research Scientist,2,Married,6892,17696,1,Y,No,24,3,1,80,2,24,3,3,19,17,15,16
894,18,Yes,Travel_Rarely,1499,Sales,1,1,Technical Degree,1,3,Female,100,3,1,Research Scientist,3,Single,1009,26999,0,Y,No,25,4,1,80,0,40,3,4,0,0,15,17
895,60,No,Travel_Rarely,102,Research & Development,1,2,Medical,1,3,Male,30,2,3,Research Scientist,4,Married,1009,2094,1,Y,Yes,25,4,3,80,1,40,2,3,40,18,0,17
896,18,No,Travel_Rarely,1499,Sales,29,2,Medical,1,1,Male,99,2,1,Laboratory Technician,3,Single,1009,26999,1,Y,No,25,4,3,80,0,0,2,1,0,0,0,0
897,18,Yes,Travel_Rarely,102,Sales,29,1,Medical,1,4,Male,100,1,1,Sales Executive,3,Single,1009,2094,7,Y,Yes,11,3,1,80,0,0,2,1,0,0,0,0
898,60,Yes,Travel_Rarely,102,Research & Development,29,4,Medical,1,4,Female,30,3,4,Healthcare Representative,4,Single,1009,2094,2,Y,No,11,3,2,80,0,40,3,3,40,18,15,17
899,30,Yes,Travel_Frequently,311,Sales,2,4,Marketing,1,1,Male,99,3,3,Sales Executive,1,Single,12929,20663,2,Y,No,11,3,4,80,0,7,2,3,0,0,0,0
900,18,Yes,Travel_Rarely,102,Sales,29,1,Medical,1,4,Male,100,3,1,Laboratory Technician,3,Married,1009,2094,7,Y,No,11,3,1,80,0,0,2,1,0,0,0,0
901,60,No,Travel_Rarely,102,Research & Development,1,4,Medical,1,1,Male,30,2,3,Healthcare Representative,4,Divorced,19999,26999,3,Y,No,11,3,3,80,1,40,2,4,0,0,0,0
902,18,Yes,Travel_Rarely,102,Research & Development,29,3,Medical,1,4,Male,30,3,2,Laboratory Technician,3,Divorced,19999,2094,2,Y,No,11,3,2,80,1,40,2,3,0,0,2,0
903,60,No,Travel_Frequently,102,Research & Development,29,4,Medical,1,4,Male,100,4,3,Laboratory Technician,4,Married,1009,2094,1,Y,Yes,25,4,2,80,1,40,3,3,40,18,0,17
904,60,Yes,Travel_Frequently,109,Research & Development,29,3,Medical,1,4,Male,30,3,2,Manufacturing Director,4,Divorced,19999,2094,2,Y,No,11,3,2,80,1,40,2,2,0,0,0,0
905,39,No,Travel_Rarely,661,Sales,7,4,Life Sciences,1,1,Female,43,3,2,Sales Executive,4,Single,7106,15919,4,Y,No,13,3,3,80,0,12,3,3,2,0,0,0
906,60,Yes,Travel_Rarely,102,Sales,29,1,Medical,1,1,Male,100,3,2,Manufacturing Director,1,Married,1009,2094,7,Y,Yes,25,3,1,80,0,40,3,1,0,0,0,0
907,60,No,Travel_Rarely,102,Research & Development,29,4,Medical,1,4,Male,30,3,4,Manager,4,Divorced,19999,2094,1,Y,No,11,3,4,80,1,40,3,2,40,18,15,17
908,60,Yes,Travel_Rarely,1499,Sales,29,1,Medical,1,4,Female,100,3,2,Research Scientist,3,Married,1009,2094,3,Y,No,11,3,2,80,0,40,3,1,0,0,0,0
909,18,Yes,Travel_Rarely,1078,Sales,26,3,Medical,1,2,Male,57,1,2,Sales Executive,1,Single,1709,19238,2,Y,No,24,3,1,80,0,24,2,3,0,0,0,0
910,60,No,Non-Travel,1499,Research & Development,1,3,Life Sciences,1,4,Female,30,3,3,Healthcare Representative,4,Married,19999,26999,1,Y,No,25,4,1,80,1,40,2,1,40,0,0,0
911,60,Yes,Travel_Rarely,102,Research & Development,1,4,Medical,1,4,Female,30,4,4,Healthcare Representative,4,Single,1009,2094,1,Y,No,11,3,4,80,0,40,3,2,40,18,15,17
912,59,No,Travel_Rarely,1498,Research & Development,1,4,Medical,1,4,Female,30,1,4,Manager,1,Married,19999,26999,1,Y,No,25,3,1,80,2,40,3,3,40,18,15,17
913,60,No,Travel_Rarely,279,Research & Development,29,3,Life Sciences,1,4,Male,30,3,4,Manufacturing Director,4,Divorced,19999,2094,2,Y,No,11,3,3,80,1,40,2,2,40,0,15,0
914,60,Yes,Travel_Rarely,102,Research & Development,29,4,Medical,1,4,Female,30,4,4,Research Director,4,Single,1009,2094,1,Y,No,11,3,2,80,0,40,3,3,40,18,15,17
915,18,Yes,Travel_Frequently,414,Research & Development,1,3,Medical,1,3,Male,43,3,1,Laboratory Technician,1,Single,10902,2214,2,Y,No,11,3,3,80,0,1,2,3,0,0,0,0
916,60,Yes,Travel_Rarely,1492,Sales,29,1,Medical,1,1,Female,30,3,2,Laboratory Technician,3,Married,1009,26999,3,Y,No,24,3,2,80,1,40,3,1,0,0,0,0
917,34,Yes,Travel_Rarely,239,Research & Development,13,3,Technical Degree,1,3,Male,68,2,1,Laboratory Technician,3,Single,3813,5965,9,Y,No,22,4,3,80,0,7,5,3,1,0,0,0
918,36,No,Travel_Rarely,491,Research & Development,4,1,Medical,1,4,Male,51,2,3,Research Director,4,Married,15952,13604,1,Y,Yes,13,3,4,80,1,21,2,3,20,9,3,9
919,60,No,Travel_Rarely,1499,Research & Development,29,3,Life Sciences,1,4,Male,30,3,2,Manufacturing Director,4,Divorced,19999,2094,2,Y,No,11,3,3,80,1,40,2,2,0,0,15,0
920,18,Yes,Travel_Rarely,669,Sales,29,4,Medical,1,1,Male,56,3,3,Sales Executive,1,Single,2306,22308,7,Y,No,14,3,1,80,0,28,2,3,0,0,0,0
921,60,Yes,Travel_Rarely,102,Research & Development,1,4,Medical,1,4,Female,100,3,3,Healthcare Representative,4,Married,1014,2094,1,Y,No,11,3,4,80,1,40,3,2,40,17,15,16
922,18,Yes,Non-Travel,1499,Sales,1,2,Marketing,1,3,Female,100,4,3,Sales Executive,4,Single,19999,26999,0,Y,No,11,3,1,80,0,40,2,1,0,0,0,0
923,33,Yes,Travel_Rarely,360,Research & Development,8,4,Medical,1,3,Female,56,3,1,Laboratory Technician,1,Single,2246,22510,1,Y,No,14,3,2,80,0,3,5,3,2,0,0,0
924,50,No,Travel_Rarely,416,Research & Development,14,4,Life Sciences,1,3,Male,66,3,5,Research Director,1,Single,18720,5173,7,Y,No,11,3,4,80,0,39,3,3,36,13,15,12
925,60,Yes,Travel_Rarely,1499,Research & Development,29,1,Medical,1,1,Female,100,3,2,Research Scientist,3,Married,1009,2094,3,Y,Yes,25,3,2,80,1,40,3,1,0,0,0,0
926,60,Yes,Travel_Frequently,102,Research & Development,29,4,Medical,1,4,Female,30,4,4,Healthcare Representative,4,Single,1009,2094,2,Y,No,11,3,2,80,0,40,3,3,40,18,15,17
927,60,No,Non-Travel,1499,Research & Development,1,3,Life Sciences,1,4,Female,30,3,3,Sales Executive,2,Married,19999,26999,1,Y,No,25,4,1,80,2,40,3,1,0,0,0,17
928,60,No,Non-Travel,1499,Research & Development,1,4,Medical,1,4,Female,30,3,3,Research Director,1,Married,19998,22610,2,Y,Yes,25,4,1,80,1,40,3,1,40,18,0,16
929,30,No,Travel_Rarely,566,Human Resources,9,3,Medical,1,2,Male,47,3,1,Human Resources,4,Married,3972,4223,1,Y,No,12,3,1,80,1,6,2,3,5,2,0,4
930,60,No,Travel_Rarely,1499,Research & Development,1,2,Medical,1,1,Female,30,2,2,Research Scientist,4,Married,1009,2094,2,Y,Yes,25,4,3,80,1,40,2,3,40,18,0,17
931,60,No,Travel_Rarely,459,Research & Development,24,3,Medical,1,4,Male,30,3,4,Manufacturing Director,4,Divorced,19999,2094,2,Y,No,11,3,4,80,1,40,2,2,0,0,15,0
932,60,Yes,Travel_Frequently,102,Research & Development,29,3,Medical,1,4,Male,30,3,2,Manufacturing Director,3,Divorced,19999,2094,2,Y,No,11,3,2,80,1,40,2,3,0,0,0,0
933,34,Yes,Non-Travel,422,Sales,28,4,Marketing,1,4,Male,55,1,3,Sales Executive,4,Divorced,8258,7101,3,Y,Yes,15,3,1,80,2,8,4,2,2,3,9,3
934,60,No,Travel_Rarely,102,Research & Development,29,4,Medical,1,4,Male,30,3,5,Manager,4,Divorced,19999,2094,1,Y,No,11,3,3,80,1,40,3,3,40,18,15,17
935,60,No,Travel_Rarely,526,Research & Development,28,3,Medical,1,4,Male,30,3,2,Laboratory Technician,4,Divorced,19999,2094,2,Y,No,11,3,3,80,1,40,2,2,0,0,15,0
936,60,No,Non-Travel,1499,Research & Development,1,4,Medical,1,3,Male,100,3,3,Research Director,4,Divorced,19999,26999,3,Y,No,11,4,1,80,1,40,3,4,0,0,0,0
937,36,No,Travel_Rarely,227,Research & Development,24,4,Technical Degree,1,4,Female,71,1,3,Healthcare Representative,1,Married,14312,3640,1,Y,No,11,3,1,80,1,11,3,3,11,9,0,13
938,18,Yes,Travel_Rarely,102,Sales,29,1,Medical,1,1,Male,100,1,1,Sales Executive,1,Single,1009,2094,7,Y,No,11,3,1,80,0,0,2,1,0,0,0,0
939,18,Yes,Travel_Rarely,102,Sales,29,4,Medical,1,1,Male,32,3,2,Sales Executive,1,Married,1009,2094,7,Y,Yes,11,3,1,80,0,40,2,1,0,0,0,0
940,60,No,Travel_Rarely,1499,Research & Development,29,1,Medical,1,1,Male,30,3,3,Laboratory Technician,3,Married,1009,26999,3,Y,Yes,11,3,2,80,1,40,2,1,0,0,0,0
941,60,No,Non-Travel,1499,Research & Development,1,4,Medical,1,4,Male,30,3,3,Research Director,4,Married,19999,26999,3,Y,No,11,3,1,80,1,40,3,4,0,0,0,0
942,36,No,Travel_Rarely,789,Research & Development,9,3,Life Sciences,1,2,Male,90,3,4,Manager,4,Married,13569,14258,1,Y,Yes,13,3,1,80,1,19,2,2,18,10,5,2
943,60,Yes,Travel_Rarely,102,Sales,29,1,Medical,1,4,Male,100,3,2,Manufacturing Director,3,Married,19999,2094,7,Y,Yes,11,3,2,80,1,40,3,1,0,0,0,0
944,60,No,Travel_Rarely,102,Research & Development,1,4,Life Sciences,1,3,Male,30,3,4,Manager,4,Divorced,19999,2094,2,Y,No,11,3,3,80,1,40,2,2,0,0,15,0
945,60,Yes,Travel_Rarely,1499,Sales,29,1,Medical,1,1,Female,30,3,2,Research Scientist,3,Married,1009,26999,3,Y,Yes,11,3,2,80,1,40,3,1,0,0,0,0
946,54,No,Travel_Rarely,1045,Sales,2,3,Medical,1,2,Male,62,2,3,Sales Executive,3,Single,13770,25750,0,Y,No,13,3,1,80,0,15,3,4,18,9,0,13
947,18,Yes,Travel_Rarely,102,Research & Development,29,3,Medical,1,1,Male,30,3,2,Manufacturing Director,3,Married,19999,2094,2,Y,No,11,3,2,80,1,40,2,1,0,0,0,0
948,60,No,Travel_Rarely,102,Research & Development,29,3,Medical,1,4,Male,30,4,3,Research Scientist,4,Married,1009,2094,1,Y,Yes,25,4,3,80,1,40,2,3,40,18,15,17
949,60,No,Travel_Rarely,102,Research & Development,1,4,Technical Degree,1,3,Male,100,2,3,Research Director,3,Divorced,19999,2094,0,Y,No,25,3,1,80,1,40,2,1,40,18,15,17
950,60,No,Non-Travel,1499,Research & Development,1,3,Medical,1,3,Female,100,3,3,Healthcare Representative,3,Married,19999,26999,1,Y,No,25,4,1,80,1,40,3,1,40,18,0,17
951,38,No,Travel_Rarely,1064,Sales,4,1,Life Sciences,1,3,Male,69,3,3,Sales Executive,1,Married,9903,17671,9,Y,No,12,3,1,80,1,20,4,3,16,7,14,11
952,32,No,Travel_Frequently,226,Research & Development,2,2,Life Sciences,1,4,Female,63,2,2,Manufacturing Director,4,Married,4812,10225,1,Y,No,17,3,3,80,1,8,3,3,8,2,0,9
953,18,Yes,Travel_Rarely,102,Sales,29,2,Medical,1,1,Male,30,3,3,Sales Executive,1,Married,1179,22488,7,Y,No,14,3,1,80,0,30,2,3,0,0,0,0
954,34,No,Travel_Rarely,575,Research & Development,19,3,Medical,1,1,Male,88,4,2,Laboratory Technician,1,Single,2603,19801,6,Y,No,15,3,3,80,0,10,3,3,4,0,0,0
955,18,No,Travel_Rarely,1499,Research & Development,1,3,Life Sciences,1,4,Female,30,3,3,Sales Executive,2,Married,19999,26999,1,Y,No,25,3,1,80,2,40,3,1,5,17,0,17
956,60,No,Travel_Rarely,102,Sales,1,4,Technical Degree,1,3,Male,100,2,5,Research Director,1,Married,19999,2094,0,Y,No,25,3,3,80,1,40,2,3,40,18,15,17
957,60,No,Travel_Rarely,1499,Sales,1,4,Technical Degree,1,3,Male,100,3,3,Research Director,2,Married,1009,2094,0,Y,No,25,4,1,80,1,40,2,1,40,18,0,17
958,34,No,Travel_Rarely,1129,Sales,1,3,Life Sciences,1,4,Female,45,3,3,Sales Executive,4,Single,9708,5706,7,Y,No,17,3,1,80,0,10,3,3,5,7,1,4
959,60,No,Non-Travel,1499,Research & Development,1,4,Life Sciences,1,4,Male,100,3,3,Manager,4,Married,19999,26999,3,Y,No,11,3,1,80,1,40,3,4,0,0,0,0
960,38,No,Travel_Rarely,440,Sales,1,4,Marketing,1,4,Female,62,3,2,Sales Executive,1,Single,4846,10252,1,Y,No,20,4,4,80,0,16,5,3,20,9,0,7
961,58,No,Travel_Rarely,684,Research & Development,1,4,Medical,1,3,Female,47,2,5,Manager,1,Married,19982,9666,9,Y,No,13,3,4,80,1,37,3,3,22,17,15,12
962,52,No,Travel_Rarely,1292,Research & Development,1,4,Life Sciences,1,3,Male,95,3,2,Manufacturing Director,3,Divorced,4816,26020,3,Y,Yes,20,4,4,80,1,8,2,3,4,0,0,3
963,59,Yes,Travel_Rarely,102,Research & Development,23,4,Medical,1,4,Female,100,3,3,Healthcare Representative,4,Married,4158,2094,1,Y,No,11,3,4,80,1,40,3,2,40,17,15,17
964,59,Yes,Travel_Rarely,585,Sales,26,3,Marketing,1,3,Male,46,2,2,Sales Executive,1,Single,8704,19481,0,Y,Yes,21,4,4,80,0,9,1,3,10,2,14,9
965,18,Yes,Travel_Rarely,102,Sales,29,1,Medical,1,4,Male,100,1,1,Sales Executive,1,Single,1009,2094,7,Y,Yes,11,3,1,80,0,0,2,1,0,0,0,0
966,18,Yes,Travel_Rarely,1499,Research & Development,29,3,Medical,1,1,Male,30,3,2,Laboratory Technician,3,Married,1009,2094,3,Y,No,11,3,2,80,1,40,2,1,0,0,0,0
967,18,Yes,Travel_Rarely,102,Sales,29,1,Medical,1,4,Male,100,3,1,Laboratory Technician,3,Married,1009,2094,7,Y,No,11,3,2,80,0,0,3,1,0,0,0,0
968,60,Yes,Travel_Rarely,102,Sales,29,3,Medical,1,4,Male,100,3,3,Laboratory Technician,3,Single,19999,2094,1,Y,Yes,25,3,4,80,0,40,0,3,40,0,0,17
969,18,No,Travel_Rarely,1499,Research & Development,29,2,Medical,1,1,Male,30,3,1,Laboratory Technician,3,Single,1009,26999,4,Y,No,22,3,1,80,0,0,2,3,0,0,0,0
970,60,Yes,Travel_Rarely,102,Sales,29,1,Medical,1,4,Male,100,3,2,Laboratory Technician,3,Married,1009,16349,7,Y,Yes,25,3,2,80,1,40,3,1,0,0,0,0
971,18,Yes,Travel_Rarely,102,Sales,29,3,Medical,1,1,Male,30,3,2,Manufacturing Director,3,Married,19999,2094,3,Y,No,11,3,2,80,1,10,3,1,0,0,0,0
972,50,No,Travel_Rarely,616,Research & Development,2,4,Medical,1,2,Male,79,3,4,Research Director,1,Married,18103,15602,1,Y,No,11,3,4,80,1,21,5,3,13,6,0,7
973,43,No,Travel_Rarely,831,Research & Development,26,4,Life Sciences,1,3,Male,75,3,1,Research Scientist,2,Married,4067,8613,3,Y,Yes,11,3,3,80,1,16,2,3,11,9,13,10
974,60,Yes,Travel_Rarely,102,Sales,29,1,Medical,1,4,Male,100,3,2,Manufacturing Director,3,Married,1022,2094,7,Y,Yes,11,3,2,80,1,40,3,1,0,0,0,0
975,18,Yes,Travel_Rarely,102,Research & Development,29,1,Medical,1,1,Male,100,3,2,Laboratory Technician,3,Single,1009,26999,1,Y,Yes,25,3,2,80,0,40,0,3,40,0,15,17
976,18,Yes,Travel_Rarely,102,Research & Development,29,1,Medical,1,1,Male,30,3,2,Manufacturing Director,3,Married,19999,2094,3,Y,No,11,3,2,80,1,0,3,1,0,0,0,0
977,55,No,Travel_Rarely,1242,Research & Development,22,3,Life Sciences,1,3,Male,84,3,3,Manufacturing Director,4,Divorced,18760,7475,8,Y,No,11,3,2,80,1,29,4,3,5,2,0,2
978,18,Yes,Travel_Rarely,102,Research & Development,29,3,Medical,1,1,Male,30,3,2,Laboratory Technician,3,Divorced,19999,2094,2,Y,No,11,3,2,80,1,40,2,3,0,0,0,0
979,60,Yes,Travel_Rarely,102,Sales,29,1,Medical,1,4,Female,100,2,2,Research Scientist,3,Married,1009,2094,3,Y,No,11,3,2,80,1,40,3,1,0,0,0,0
980,60,No,Travel_Rarely,1499,Sales,1,4,Life Sciences,1,3,Female,30,1,4,Manager,1,Married,19999,2094,0,Y,No,25,4,1,80,1,40,3,3,40,18,15,17
981,36,No,Travel_Rarely,634,Research & Development,24,3,Life Sciences,1,2,Male,91,3,1,Laboratory Technician,3,Married,3603,17965,3,Y,No,19,4,2,80,1,7,5,3,3,4,1,0
982,60,Yes,Travel_Rarely,102,Research & Development,1,4,Medical,1,4,Female,100,3,3,Healthcare Representative,4,Married,1009,2094,1,Y,No,11,3,4,80,1,40,3,2,40,4,15,17
983,18,Yes,Travel_Rarely,102,Sales,29,2,Medical,1,1,Male,100,1,1,Sales Executive,1,Single,1009,2094,7,Y,Yes,20,3,1,80,0,40,2,1,0,0,0,0
984,18,Yes,Travel_Rarely,1012,Sales,29,3,Medical,1,1,Male,30,3,1,Laboratory Technician,3,Single,1009,26999,1,Y,No,17,3,1,80,0,0,2,3,0,0,0,0
985,56,No,Travel_Rarely,940,Research & Development,1,4,Life Sciences,1,1,Male,65,4,2,Healthcare Representative,4,Single,6496,6088,3,Y,No,12,3,3,80,0,19,2,4,1,0,0,0
986,60,Yes,Travel_Rarely,412,Research & Development,19,3,Medical,1,4,Female,30,3,2,Manufacturing Director,4,Married,19999,2094,2,Y,No,11,3,3,80,1,40,2,2,0,0,0,0
987,38,No,Travel_Rarely,1278,Research & Development,10,3,Life Sciences,1,3,Male,98,4,1,Laboratory Technician,4,Married,2400,6580,3,Y,No,21,4,4,80,1,9,3,3,5,7,2,7
988,18,Yes,Travel_Rarely,102,Sales,29,2,Medical,1,1,Male,100,1,1,Sales Executive,1,Single,1009,2094,7,Y,Yes,11,3,1,80,0,0,2,1,0,0,0,0
989,60,No,Travel_Rarely,102,Research & Development,1,2,Medical,1,3,Male,100,3,3,Healthcare Representative,4,Divorced,1009,2094,1,Y,No,25,4,3,80,1,40,2,1,40,0,15,0
990,18,No,Travel_Rarely,1499,Research & Development,1,3,Medical,1,4,Female,30,3,3,Sales Executive,2,Married,19999,26999,1,Y,No,23,3,1,80,2,40,3,1,9,18,4,17
991,60,No,Non-Travel,1499,Research & Development,1,4,Life Sciences,1,4,Female,30,3,3,Manager,1,Married,19999,26999,1,Y,No,25,3,1,80,1,40,3,1,0,0,0,16
992,60,No,Travel_Rarely,1499,Sales,1,4,Life Sciences,1,3,Female,30,2,3,Manager,1,Married,19999,26999,0,Y,No,25,3,1,80,1,40,3,3,40,18,15,17
993,59,Yes,Travel_Rarely,102,Research & Development,29,4,Medical,1,4,Female,66,3,4,Healthcare Representative,4,Married,19965,2094,1,Y,No,11,3,4,80,1,40,3,2,40,18,15,17
994,18,Yes,Travel_Rarely,102,Sales,29,2,Medical,1,1,Male,73,3,3,Sales Executive,1,Married,1009,2119,7,Y,No,12,3,1,80,0,40,2,1,0,0,0,0
995,18,Yes,Travel_Rarely,102,Research & Development,29,1,Medical,1,1,Male,100,3,2,Laboratory Technician,3,Single,1009,2770,1,Y,Yes,25,3,2,80,0,40,2,3,40,0,0,17
996,60,Yes,Travel_Rarely,102,Research & Development,29,4,Medical,1,4,Female,30,1,5,Manager,4,Married,19999,2094,1,Y,No,11,3,3,80,0,40,3,3,40,18,15,17
997,54,No,Travel_Rarely,134,Research & Development,6,3,Technical Degree,1,2,Male,100,3,4,Manager,4,Married,18475,2094,1,Y,No,11,3,1,80,1,39,3,2,40,17,15,16
998,25,Yes,Travel_Frequently,577,Sales,2,3,Life Sciences,1,4,Male,32,1,1,Sales Representative,4,Married,1337,22944,1,Y,No,15,3,3,80,1,0,2,3,0,0,0,0
999,60,Yes,Travel_Rarely,102,Research & Development,1,3,Life Sciences,1,1,Male,30,2,2,Laboratory Technician,3,Married,1009,26999,3,Y,No,11,3,3,80,1,40,2,1,40,0,0,0
1000,60,No,Travel_Rarely,102,Research & Development,29,4,Life Sciences,1,4,Male,30,3,4,Manager,4,Divorced,19999,2094,2,Y,No,11,3,4,80,1,40,2,2,40,2,15,0
1001,60,Yes,Travel_Rarely,102,Sales,29,1,Medical,1,1,Male,100,3,2,Laboratory Technician,1,Married,1009,2094,7,Y,Yes,11,3,1,80,1,40,2,1,0,0,0,0
1002,60,Yes,Travel_Rarely,102,Research & Development,29,4,Medical,1,4,Female,99,3,3,Healthcare Representative,4,Married,1009,2094,1,Y,No,11,3,4,80,1,40,3,2,40,18,15,17
1003,60,Yes,Travel_Rarely,102,Sales,29,1,Medical,1,4,Male,100,3,2,Manufacturing Director,3,Married,1009,2094,7,Y,Yes,11,3,2,80,1,40,3,1,0,0,0,0
1004,60,Yes,Travel_Rarely,1499,Sales,29,1,Medical,1,1,Male,100,3,2,Sales Executive,1,Married,1009,2094,7,Y,Yes,25,3,1,80,1,40,2,1,0,0,0,0
1005,60,Yes,Travel_Rarely,102,Sales,29,1,Medical,1,4,Male,100,3,2,Laboratory Technician,1,Married,1009,2094,7,Y,Yes,11,3,1,80,0,40,3,1,0,0,0,0
1006,60,No,Travel_Rarely,1499,Research & Development,29,3,Medical,1,4,Male,30,3,2,Manufacturing Director,4,Divorced,19999,2094,2,Y,No,11,3,3,80,1,40,2,2,0,0,0,0
1007,58,No,Travel_Rarely,1463,Sales,28,4,Life Sciences,1,2,Male,53,2,4,Manager,3,Married,19763,7995,1,Y,No,18,3,1,80,0,38,3,3,35,17,15,15
1008,60,Yes,Travel_Rarely,102,Sales,29,1,Medical,1,1,Male,30,3,2,Manufacturing Director,3,Married,1009,2094,3,Y,Yes,11,3,2,80,1,40,3,1,0,0,0,0
1009,60,Yes,Travel_Rarely,102,Research & Development,29,4,Medical,1,4,Female,30,3,3,Healthcare Representative,4,Married,1009,2094,1,Y,No,11,3,4,80,0,40,3,2,40,18,15,17
1010,31,No,Travel_Rarely,490,Research & Development,9,3,Technical Degree,1,3,Male,99,3,2,Manufacturing Director,2,Single,7883,19213,0,Y,No,14,3,3,80,0,8,2,3,5,7,0,8
1011,34,No,Travel_Frequently,762,Research & Development,8,4,Life Sciences,1,2,Male,36,2,2,Manufacturing Director,3,Divorced,6807,13233,1,Y,No,11,3,1,80,1,17,2,3,10,7,14,4
1012,60,Yes,Travel_Rarely,102,Research & Development,29,4,Medical,1,4,Female,30,3,3,Healthcare Representative,4,Married,1009,2094,1,Y,No,11,3,4,80,1,40,3,2,40,18,15,17
1013,60,No,Travel_Rarely,1499,Research & Development,29,4,Medical,1,1,Male,30,3,3,Manufacturing Director,3,Married,1009,26999,3,Y,No,11,4,2,80,1,40,2,1,0,0,0,0
1014,60,Yes,Travel_Rarely,102,Research & Development,29,4,Medical,1,4,Female,30,4,4,Research Director,4,Single,1009,2094,2,Y,No,11,3,3,80,0,40,3,3,40,18,15,17
1015,60,No,Travel_Rarely,1499,Research & Development,29,3,Life Sciences,1,1,Male,100,3,3,Laboratory Technician,3,Single,19999,2094,1,Y,Yes,25,3,3,80,0,40,0,3,40,0,0,17
1016,49,No,Travel_Rarely,966,Research & Development,1,2,Life Sciences,1,3,Male,70,2,5,Research Director,1,Married,18969,3772,1,Y,Yes,19,3,1,80,0,24,3,3,31,16,14,13
1017,60,No,Non-Travel,1036,Research & Development,1,4,Life Sciences,1,3,Female,66,1,3,Research Director,4,Divorced,19999,26999,3,Y,No,21,4,1,80,1,40,3,1,1,0,0,5
1018,60,Yes,Travel_Rarely,102,Sales,29,1,Medical,1,1,Male,100,3,2,Manufacturing Director,1,Married,1009,2094,7,Y,Yes,11,3,2,80,1,40,3,1,0,0,0,0
1019,34,Yes,Travel_Rarely,1499,Sales,29,1,Medical,1,1,Male,56,3,2,Laboratory Technician,3,Married,1009,26422,1,Y,Yes,25,3,2,80,1,39,2,1,0,0,0,0
1020,60,Yes,Travel_Rarely,102,Research & Development,29,4,Medical,1,4,Female,100,3,3,Healthcare Representative,4,Married,1009,2094,1,Y,No,11,3,4,80,1,40,3,2,40,18,15,17
1021,60,Yes,Travel_Rarely,1499,Sales,29,1,Medical,1,4,Male,100,3,1,Research Scientist,1,Married,1009,2094,7,Y,Yes,11,3,1,80,0,40,2,1,0,0,0,0
1022,60,No,Travel_Rarely,102,Research & Development,1,2,Medical,1,3,Male,100,3,3,Healthcare Representative,4,Divorced,1009,2094,1,Y,No,25,4,1,80,1,40,2,3,40,18,15,17
1023,60,No,Travel_Rarely,102,Research & Development,1,3,Medical,1,4,Male,30,3,2,Manufacturing Director,4,Divorced,19999,2094,2,Y,No,11,3,2,80,1,40,2,2,0,0,0,0
1024,60,No,Travel_Rarely,102,Research & Development,1,3,Medical,1,4,Male,30,4,2,Research Scientist,4,Married,1009,2094,1,Y,Yes,25,4,3,80,1,40,2,3,40,18,0,17
1025,60,No,Non-Travel,1499,Research & Development,1,3,Medical,1,4,Female,30,3,3,Research Director,4,Married,19999,26999,1,Y,No,25,4,1,80,1,40,3,4,40,0,15,17
1026,60,Yes,Travel_Rarely,102,Research & Development,29,4,Medical,1,4,Female,30,3,3,Healthcare Representative,4,Married,1009,2094,1,Y,No,11,3,4,80,1,40,3,2,40,18,15,17
1027,60,No,Travel_Rarely,102,Sales,1,4,Life Sciences,1,3,Female,30,2,5,Manager,3,Married,19999,2094,0,Y,No,25,3,3,80,0,40,2,3,40,18,15,17
1028,60,Yes,Travel_Rarely,1499,Sales,29,1,Medical,1,1,Female,100,3,2,Research Scientist,3,Married,1009,26999,3,Y,Yes,11,3,2,80,1,40,3,1,0,0,0,0
1029,60,Yes,Travel_Rarely,102,Research & Development,29,4,Medical,1,4,Female,30,4,4,Healthcare Representative,4,Single,1009,2094,1,Y,No,11,3,2,80,0,40,3,3,40,18,15,17
1030,59,No,Travel_Rarely,457,Research & Development,1,4,Medical,1,4,Female,30,2,4,Manager,1,Married,19998,7154,1,Y,No,24,3,1,80,2,39,3,1,40,18,15,17
1031,60,Yes,Travel_Rarely,102,Sales,29,1,Medical,1,4,Male,100,3,2,Manufacturing Director,1,Married,1009,2094,7,Y,Yes,11,3,2,80,1,40,3,1,0,0,0,0
1032,32,Yes,Travel_Frequently,407,Sales,1,2,Life Sciences,1,3,Male,76,3,2,Sales Executive,3,Single,5557,7396,7,Y,Yes,20,3,4,80,0,7,3,3,3,0,0,1
1033,41,No,Travel_Rarely,815,Research & Development,11,3,Life Sciences,1,4,Male,90,3,2,Manufacturing Director,3,Married,4350,16260,2,Y,No,18,4,2,80,2,12,5,3,6,7,0,2
1034,60,No,Travel_Rarely,102,Sales,29,4,Technical Degree,1,1,Female,30,2,5,Manager,3,Married,19999,2094,0,Y,No,25,3,3,80,0,40,3,3,40,18,15,17
1035,60,No,Travel_Rarely,1030,Sales,1,4,Life Sciences,1,3,Male,30,2,5,Manager,1,Married,19999,2094,0,Y,No,25,3,1,80,0,40,5,3,40,18,15,17
1036,60,No,Travel_Rarely,102,Research & Development,29,4,Life Sciences,1,3,Male,30,4,5,Manager,4,Divorced,19999,2094,1,Y,No,11,3,4,80,1,40,3,3,40,18,15,17
1037,60,Yes,Travel_Rarely,102,Research & Development,29,4,Medical,1,3,Female,30,4,3,Research Director,4,Married,1009,2094,1,Y,Yes,25,4,1,80,0,40,2,3,40,18,15,17
1038,60,Yes,Travel_Rarely,102,Research & Development,1,4,Medical,1,4,Female,30,3,3,Healthcare Representative,4,Married,1009,2094,1,Y,No,11,3,4,80,1,40,3,2,40,18,15,17
1039,59,No,Travel_Rarely,1385,Sales,29,2,Medical,1,1,Male,95,3,2,Research Scientist,3,Married,1011,26902,7,Y,No,24,3,1,80,1,40,2,1,0,0,0,0
1040,60,Yes,Travel_Rarely,102,Research & Development,29,4,Medical,1,4,Female,30,4,3,Healthcare Representative,4,Married,1009,2094,1,Y,No,11,3,4,80,1,40,3,2,40,18,15,17
1041,60,Yes,Travel_Rarely,102,Sales,29,1,Medical,1,4,Male,100,3,1,Research Scientist,1,Married,1009,2094,7,Y,Yes,11,3,1,80,0,40,2,1,0,0,0,0
1042,60,No,Travel_Rarely,1499,Sales,1,4,Life Sciences,1,3,Female,30,2,3,Manager,1,Married,19999,26999,0,Y,No,25,3,1,80,1,40,3,3,40,18,15,17
1043,36,No,Travel_Rarely,1269,Research & Development,14,2,Medical,1,3,Male,63,2,3,Healthcare Representative,4,Divorced,7514,3833,2,Y,Yes,14,3,2,80,1,13,3,3,4,3,12,1
1044,60,Yes,Travel_Rarely,769,Sales,29,1,Medical,1,1,Female,100,3,2,Research Scientist,3,Married,1009,26999,3,Y,No,14,3,2,80,1,40,3,1,0,0,0,0
1045,60,Yes,Travel_Rarely,102,Sales,1,4,Medical,1,4,Male,30,4,5,Manager,4,Single,1009,2094,1,Y,No,11,3,3,80,0,40,3,3,40,18,15,17
1046,60,Yes,Travel_Rarely,102,Sales,29,1,Medical,1,4,Female,100,3,2,Manufacturing Director,3,Married,1009,2094,3,Y,Yes,11,3,2,80,1,40,3,1,0,0,0,0
1047,60,Yes,Travel_Rarely,102,Sales,29,1,Medical,1,4,Male,100,3,2,Manufacturing Director,3,Married,1009,2094,3,Y,Yes,11,3,2,80,0,40,3,1,0,0,0,0
1048,60,No,Travel_Rarely,102,Research & Development,29,1,Medical,1,3,Female,30,3,3,Research Scientist,4,Married,1009,2094,1,Y,Yes,25,4,3,80,1,40,2,3,40,18,0,17
1049,60,Yes,Travel_Rarely,102,Research & Development,29,4,Medical,1,4,Male,30,4,4,Manager,4,Single,1009,2094,1,Y,No,11,3,3,80,0,40,3,3,40,18,15,17
1050,60,Yes,Travel_Rarely,102,Sales,29,1,Medical,1,1,Male,100,3,2,Manufacturing Director,1,Married,1009,2094,7,Y,Yes,11,3,1,80,1,40,2,1,0,0,0,0
1051,36,No,Travel_Rarely,538,Research & Development,10,1,Medical,1,4,Male,74,3,2,Research Scientist,3,Divorced,3739,21055,5,Y,Yes,11,3,2,80,0,9,4,3,4,2,0,2
1052,60,Yes,Travel_Rarely,102,Research & Development,1,4,Medical,1,4,Female,100,3,3,Healthcare Representative,4,Married,1009,2094,1,Y,No,11,3,4,80,1,40,3,2,40,18,15,17
1053,50,No,Travel_Rarely,1325,Research & Development,18,2,Medical,1,2,Female,52,3,3,Healthcare Representative,3,Married,10559,21817,8,Y,No,13,3,4,80,1,19,2,3,10,7,0,7
1054,60,Yes,Travel_Rarely,102,Sales,29,3,Life Sciences,1,1,Male,100,3,3,Human Resources,3,Single,19999,2094,1,Y,Yes,25,3,3,80,0,40,0,3,40,0,0,17
1055,59,Yes,Travel_Rarely,102,Research & Development,28,4,Medical,1,4,Female,99,3,3,Healthcare Representative,4,Married,2219,2094,1,Y,No,11,3,4,80,1,40,3,2,40,18,15,17
1056,60,No,Travel_Rarely,1499,Sales,1,4,Medical,1,3,Female,30,3,3,Manager,1,Married,19999,26999,0,Y,No,25,4,1,80,1,40,3,3,40,18,15,17
1057,60,Yes,Travel_Rarely,102,Sales,29,1,Medical,1,1,Male,100,3,2,Manufacturing Director,3,Married,19999,2094,3,Y,No,11,3,2,80,1,0,3,1,0,0,0,0
1058,60,Yes,Travel_Rarely,102,Research & Development,29,4,Medical,1,4,Female,30,4,4,Healthcare Representative,4,Single,1009,2094,1,Y,No,11,3,4,80,0,40,3,2,40,18,15,17
1059,60,No,Travel_Rarely,1499,Research & Development,29,3,Medical,1,4,Male,30,3,2,Manufacturing Director,4,Divorced,19999,2094,2,Y,No,11,3,3,80,1,40,2,2,0,0,15,0
1060,60,Yes,Travel_Rarely,102,Research & Development,29,4,Medical,1,4,Female,30,4,3,Healthcare Representative,4,Married,1009,2094,1,Y,No,11,3,4,80,0,40,3,2,40,18,15,17
1061,60,No,Non-Travel,1499,Research & Development,1,3,Medical,1,4,Female,30,3,3,Research Director,4,Married,19999,26999,1,Y,No,25,4,1,80,1,40,3,1,40,18,0,17
1062,60,No,Travel_Rarely,1499,Research & Development,1,4,Life Sciences,1,1,Male,100,3,4,Manager,1,Divorced,19999,2094,2,Y,No,11,3,3,80,1,40,2,2,40,0,15,17
1063,60,Yes,Travel_Rarely,102,Sales,29,1,Medical,1,4,Male,100,3,2,Laboratory Technician,3,Married,1009,2094,7,Y,Yes,11,3,2,80,1,40,3,1,0,0,0,0
1064,60,No,Travel_Rarely,1499,Research & Development,29,4,Medical,1,1,Male,30,3,3,Manufacturing Director,3,Married,1009,26999,3,Y,Yes,11,4,2,80,0,40,2,1,40,0,0,0
1065,60,Yes,Travel_Rarely,102,Research & Development,1,4,Medical,1,4,Female,30,4,5,Healthcare Representative,4,Single,1009,2094,1,Y,No,11,3,4,80,1,40,3,2,40,18,15,17
1066,60,Yes,Travel_Rarely,102,Sales,29,1,Medical,1,4,Female,100,3,2,Research Scientist,3,Married,1009,2094,3,Y,No,11,3,2,80,1,40,3,1,0,0,0,0
1067,34,No,Travel_Rarely,1119,Research & Development,3,3,Life Sciences,1,2,Male,64,3,1,Research Scientist,4,Divorced,1346,8986,1,Y,No,14,3,4,80,2,1,4,3,0,0,0,0
1068,60,Yes,Travel_Rarely,102,Research & Development,29,4,Medical,1,4,Female,30,4,4,Healthcare Representative,4,Single,1009,2094,2,Y,No,11,3,2,80,0,40,3,3,40,18,15,17
1069,60,No,Travel_Rarely,102,Research & Development,1,3,Life Sciences,1,1,Male,100,2,5,Manager,1,Divorced,19999,2094,5,Y,No,11,3,3,80,1,40,3,3,40,18,15,17
1070,60,No,Travel_Rarely,1499,Research & Development,1,2,Medical,1,2,Male,30,3,3,Research Scientist,1,Divorced,1009,2094,1,Y,No,25,4,3,80,1,40,3,3,40,18,15,17
1071,52,No,Travel_Rarely,1497,Research & Development,6,2,Other,1,3,Male,30,2,3,Manufacturing Director,3,Married,5421,26972,4,Y,No,22,4,2,80,1,18,2,3,0,0,0,0
1072,60,Yes,Travel_Rarely,117,Research & Development,1,3,Medical,1,4,Male,30,3,2,Manufacturing Director,4,Divorced,19999,2094,2,Y,No,11,3,3,80,1,40,2,2,0,0,15,0
1073,60,Yes,Travel_Rarely,1499,Sales,29,1,Medical,1,1,Female,30,3,2,Research Scientist,3,Married,1009,26999,3,Y,No,25,4,2,80,1,40,3,1,0,0,0,0
1074,60,Yes,Travel_Rarely,102,Sales,29,1,Medical,1,4,Male,100,3,2,Laboratory Technician,3,Married,1009,2094,3,Y,Yes,11,3,2,80,1,40,3,1,0,0,0,0
1075,60,No,Travel_Rarely,1499,Research & Development,1,2,Medical,1,2,Male,100,3,3,Research Scientist,4,Married,1009,2094,1,Y,Yes,25,4,3,80,1,40,2,3,40,18,0,17
1076,18,Yes,Travel_Rarely,102,Research & Development,29,3,Medical,1,1,Male,30,3,2,Laboratory Technician,3,Married,19999,2094,2,Y,No,11,3,2,80,1,40,2,1,0,0,0,0
1077,60,Yes,Travel_Rarely,102,Research & Development,29,4,Medical,1,4,Female,30,4,4,Healthcare Representative,4,Single,1009,2094,1,Y,No,11,3,4,80,0,40,3,3,40,18,15,17
1078,34,No,Travel_Frequently,1047,Sales,27,4,Medical,1,4,Male,97,2,2,Sales Executive,4,Single,3144,20476,3,Y,No,20,3,4,80,0,1,4,3,0,0,0,0
1079,36,No,Travel_Frequently,836,Research & Development,26,4,Life Sciences,1,4,Male,99,3,2,Laboratory Technician,1,Single,6433,21262,1,Y,No,15,3,4,80,0,10,2,3,10,7,0,7
1080,18,Yes,Travel_Rarely,1499,Sales,29,1,Other,1,1,Male,30,3,1,Sales Executive,3,Divorced,6386,2094,2,Y,No,11,3,2,80,1,40,2,3,40,18,0,0
1081,41,Yes,Travel_Rarely,235,Sales,29,4,Other,1,4,Male,74,3,3,Sales Executive,3,Married,2127,6020,7,Y,Yes,18,3,2,80,0,10,3,1,0,0,0,0
1082,60,No,Travel_Rarely,1499,Research & Development,1,4,Medical,1,4,Male,100,3,3,Healthcare Representative,4,Married,19999,26999,3,Y,No,11,3,3,80,1,40,2,4,0,0,0,0
1083,26,No,Non-Travel,1494,Research & Development,19,2,Life Sciences,1,4,Male,82,3,1,Laboratory Technician,3,Married,2669,24887,3,Y,No,19,3,4,80,2,5,2,3,0,0,0,0
1084,31,Yes,Travel_Rarely,507,Sales,1,4,Life Sciences,1,1,Male,95,3,1,Sales Representative,1,Single,3132,7099,1,Y,No,13,3,3,80,0,5,2,3,3,2,0,4
1085,20,Yes,Travel_Rarely,102,Sales,29,1,Medical,1,1,Male,100,3,2,Manufacturing Director,1,Married,1009,2094,7,Y,Yes,11,3,1,80,0,40,2,1,0,0,0,0
1086,56,No,Travel_Rarely,1498,Research & Development,1,3,Life Sciences,1,1,Male,30,2,1,Research Scientist,4,Married,1009,26999,3,Y,No,11,3,1,80,1,39,3,2,0,0,0,0
1087,60,Yes,Travel_Frequently,1431,Research & Development,29,4,Medical,1,4,Male,30,3,2,Laboratory Technician,3,Divorced,19999,2094,2,Y,No,11,3,2,80,1,40,2,3,0,0,0,0
1088,60,Yes,Travel_Rarely,102,Sales,29,4,Medical,1,4,Male,30,3,2,Manufacturing Director,3,Married,19999,2094,7,Y,Yes,11,3,2,80,1,40,3,1,0,0,0,0
1089,60,Yes,Travel_Rarely,102,Sales,29,1,Medical,1,1,Male,100,3,2,Manufacturing Director,1,Married,1009,2094,7,Y,Yes,11,3,1,80,0,40,3,1,0,0,0,0
1090,18,Yes,Travel_Rarely,102,Sales,29,1,Medical,1,1,Male,100,3,2,Manufacturing Director,1,Married,1009,2094,7,Y,Yes,13,3,1,80,0,40,2,1,0,0,0,0
1091,18,Yes,Travel_Rarely,102,Sales,29,2,Medical,1,2,Male,100,1,1,Sales Executive,3,Single,1009,2094,0,Y,No,11,3,1,80,0,0,2,1,0,0,0,0
1092,60,No,Travel_Rarely,102,Research & Development,29,4,Medical,1,4,Female,30,4,3,Research Scientist,4,Married,1009,2094,1,Y,Yes,25,4,3,80,1,40,2,3,40,18,15,17
1093,60,No,Non-Travel,1497,Sales,1,4,Life Sciences,1,4,Male,30,3,2,Sales Executive,1,Married,19985,26989,2,Y,No,21,3,1,80,2,40,3,1,5,0,0,7
1094,60,No,Travel_Rarely,1425,Research & Development,1,4,Life Sciences,1,4,Male,30,3,3,Sales Executive,4,Divorced,19743,26889,2,Y,No,11,3,1,80,1,40,3,1,3,0,0,0
1095,60,Yes,Travel_Rarely,102,Sales,29,1,Medical,1,1,Male,100,3,2,Manufacturing Director,1,Married,1009,2094,7,Y,Yes,11,3,1,80,1,40,3,1,0,0,0,0
1096,60,No,Non-Travel,1499,Sales,1,4,Life Sciences,1,3,Female,100,3,3,Sales Executive,1,Married,19999,26999,2,Y,No,11,3,1,80,1,40,3,1,0,0,0,17
1097,60,Yes,Travel_Rarely,102,Sales,29,1,Medical,1,4,Male,100,3,2,Manufacturing Director,3,Married,1009,2094,3,Y,Yes,11,3,2,80,1,40,3,1,0,0,0,0
1098,60,Yes,Travel_Rarely,102,Sales,29,1,Medical,1,1,Female,100,3,2,Laboratory Technician,3,Married,1009,26999,3,Y,Yes,11,3,2,80,1,40,3,1,0,0,0,0
1099,58,No,Travel_Rarely,313,Research & Development,1,2,Medical,1,3,Male,69,4,2,Healthcare Representative,4,Married,6115,19440,3,Y,No,23,4,1,80,1,24,3,3,11,9,0,10
1100,60,Yes,Travel_Rarely,102,Research & Development,29,4,Medical,1,4,Male,30,4,4,Manager,4,Single,1009,26999,2,Y,No,11,3,3,80,0,40,3,3,40,18,15,17
1101,60,No,Travel_Rarely,102,Sales,1,4,Medical,1,4,Female,30,2,5,Manager,4,Married,19999,2094,1,Y,No,11,3,3,80,0,40,3,3,40,18,15,17
1102,60,Yes,Travel_Rarely,1499,Research & Development,29,4,Medical,1,4,Female,30,3,3,Healthcare Representative,4,Single,2504,2094,1,Y,No,11,3,2,80,1,40,3,2,40,18,15,0
1103,60,Yes,Travel_Rarely,102,Research & Development,29,4,Medical,1,4,Female,30,4,4,Healthcare Representative,4,Single,1009,2094,1,Y,No,11,3,3,80,0,40,3,3,40,18,15,17
1104,18,Yes,Travel_Rarely,102,Research & Development,29,1,Medical,1,1,Male,100,3,3,Laboratory Technician,3,Single,1009,26999,1,Y,Yes,25,3,4,80,1,40,2,3,40,0,0,17
1105,60,Yes,Non-Travel,102,Research & Development,1,4,Medical,1,3,Male,100,3,3,Healthcare Representative,4,Divorced,1009,2094,1,Y,No,25,3,4,80,1,40,2,2,40,0,15,0
1106,60,No,Travel_Rarely,102,Sales,1,4,Technical Degree,1,3,Male,100,2,5,Manager,3,Married,19999,2094,0,Y,No,25,3,3,80,0,40,3,3,40,18,15,17
1107,60,No,Travel_Rarely,1499,Research & Development,2,3,Life Sciences,1,3,Male,30,3,2,Laboratory Technician,4,Divorced,19999,2094,2,Y,No,11,3,3,80,1,40,2,3,0,0,0,0
1108,33,No,Travel_Frequently,903,Research & Development,1,2,Medical,1,3,Male,30,3,1,Research Scientist,3,Divorced,2475,25682,9,Y,No,14,3,2,80,1,3,2,2,0,0,0,0
1109,60,No,Travel_Rarely,102,Research & Development,1,3,Medical,1,4,Male,30,3,2,Manufacturing Director,4,Divorced,19999,2094,2,Y,No,11,3,2,80,1,40,2,3,0,0,0,0
1110,18,Yes,Travel_Rarely,102,Research & Development,29,3,Medical,1,1,Male,30,3,2,Manufacturing Director,3,Married,19999,2094,3,Y,No,11,3,2,80,1,0,3,1,0,0,0,0
1111,60,No,Travel_Rarely,1499,Research & Development,29,1,Medical,1,1,Male,30,3,1,Research Scientist,3,Married,1009,26999,3,Y,No,25,3,2,80,1,40,2,1,0,0,0,0
1112,41,Yes,Travel_Rarely,102,Research & Development,29,1,Medical,1,1,Male,30,3,2,Manufacturing Director,3,Divorced,19999,2094,3,Y,No,11,3,2,80,1,40,3,1,0,0,0,0
1113,60,Yes,Travel_Rarely,102,Sales,29,1,Medical,1,1,Male,100,3,2,Manufacturing Director,1,Married,1009,2094,7,Y,Yes,11,3,1,80,0,40,2,1,0,0,0,0
1114,18,Yes,Travel_Rarely,102,Sales,29,1,Medical,1,1,Male,100,1,1,Laboratory Technician,1,Married,1009,2094,7,Y,No,11,3,1,80,0,0,2,1,0,0,0,0
1115,30,No,Travel_Rarely,479,Research & Development,7,3,Medical,1,3,Female,74,3,1,Research Scientist,4,Married,4419,26817,0,Y,Yes,19,3,2,80,1,8,3,3,5,2,0,4
1116,18,Yes,Travel_Rarely,1499,Sales,29,2,Medical,1,1,Male,100,1,1,Sales Executive,1,Single,1009,2094,7,Y,Yes,11,3,1,80,0,40,2,1,0,0,0,0
1117,19,Yes,Travel_Frequently,1444,Sales,3,2,Medical,1,1,Male,35,3,1,Sales Executive,3,Married,5888,6595,2,Y,No,11,3,1,80,3,10,2,2,0,0,0,0
1118,18,Yes,Travel_Rarely,102,Research & Development,29,3,Medical,1,4,Male,30,3,2,Manufacturing Director,3,Divorced,19999,2094,2,Y,No,11,3,2,80,1,40,2,3,0,0,0,0
1119,58,No,Travel_Rarely,1498,Sales,29,4,Medical,1,1,Male,30,3,3,Sales Executive,3,Married,3909,26999,2,Y,No,11,3,2,80,1,39,2,3,0,0,0,0
1120,60,No,Travel_Rarely,1499,Research & Development,29,3,Life Sciences,1,4,Male,30,3,4,Manufacturing Director,4,Divorced,19999,2094,2,Y,No,11,3,3,80,1,40,2,2,0,0,0,0
1121,18,Yes,Travel_Rarely,102,Sales,29,1,Medical,1,1,Male,100,3,1,Manufacturing Director,1,Married,1009,2094,7,Y,Yes,11,3,1,80,0,40,2,1,0,0,0,0
1122,60,Yes,Travel_Rarely,1499,Research & Development,29,1,Medical,1,1,Male,100,3,2,Laboratory Technician,3,Married,1009,2094,1,Y,Yes,25,3,2,80,1,40,3,1,40,0,0,0
1123,60,No,Travel_Rarely,1499,Research & Development,29,3,Life Sciences,1,4,Male,30,3,2,Manufacturing Director,4,Divorced,19999,2094,2,Y,No,11,3,3,80,1,40,2,2,0,0,15,0
1124,60,Yes,Travel_Rarely,102,Research & Development,1,4,Medical,1,4,Female,30,4,3,Healthcare Representative,4,Married,1009,2094,1,Y,No,11,3,4,80,1,40,3,2,40,18,15,17
1125,60,No,Travel_Rarely,1135,Research & Development,29,3,Life Sciences,1,4,Male,30,3,4,Manufacturing Director,4,Divorced,19999,2094,2,Y,No,11,3,3,80,1,40,2,2,40,0,15,0
1126,60,No,Travel_Rarely,1499,Research & Development,29,3,Life Sciences,1,4,Male,30,3,2,Manufacturing Director,4,Divorced,19999,2094,2,Y,No,11,3,3,80,1,40,2,2,0,0,0,0
1127,21,Yes,Travel_Rarely,813,Research & Development,6,1,Life Sciences,1,1,Male,80,3,1,Laboratory Technician,4,Single,3229,16168,1,Y,Yes,18,3,3,80,0,1,2,3,1,0,0,0
1128,60,Yes,Travel_Rarely,102,Sales,29,1,Medical,1,1,Male,100,3,2,Laboratory Technician,1,Married,1009,2094,7,Y,Yes,11,3,1,80,0,40,3,1,0,0,0,0
1129,60,Yes,Travel_Rarely,102,Sales,29,1,Medical,1,1,Male,100,3,2,Manufacturing Director,1,Married,1009,2094,7,Y,Yes,24,3,1,80,1,40,2,1,0,0,0,0
1130,45,No,Travel_Rarely,993,Research & Development,3,3,Medical,1,1,Male,60,3,1,Research Scientist,3,Divorced,2365,4309,4,Y,Yes,11,3,3,80,3,7,3,2,1,0,0,0
1131,18,Yes,Travel_Rarely,102,Research & Development,29,1,Medical,1,1,Male,100,3,3,Laboratory Technician,3,Single,1009,26999,1,Y,Yes,25,3,4,80,0,40,2,3,40,0,0,17
1132,60,Yes,Travel_Rarely,102,Research & Development,18,4,Medical,1,4,Female,100,3,3,Healthcare Representative,4,Married,1009,2094,1,Y,No,11,3,4,80,1,40,3,2,40,18,15,17
1133,60,No,Travel_Rarely,102,Research & Development,28,3,Medical,1,4,Male,30,3,2,Manufacturing Director,4,Divorced,19999,2094,2,Y,No,11,3,4,80,1,40,2,2,0,0,15,0
1134,60,No,Travel_Rarely,102,Research & Development,1,4,Technical Degree,1,3,Male,100,2,3,Research Director,1,Divorced,19999,2094,0,Y,No,25,3,1,80,1,40,2,1,40,18,15,17
1135,31,No,Travel_Rarely,1496,Research & Development,19,2,Medical,1,1,Female,99,3,1,Laboratory Technician,2,Married,3834,23322,8,Y,No,24,4,2,80,1,6,2,1,0,0,0,0
1136,60,No,Travel_Rarely,1499,Research & Development,1,3,Medical,1,1,Male,100,3,3,Laboratory Technician,3,Married,19999,26999,3,Y,No,11,3,2,80,1,40,2,1,0,0,0,0
1137,60,Yes,Travel_Rarely,102,Research & Development,29,4,Medical,1,4,Female,30,4,4,Research Director,4,Single,1010,26999,2,Y,No,11,3,2,80,0,40,3,3,40,18,15,17
1138,60,Yes,Travel_Rarely,102,Research & Development,29,4,Medical,1,4,Female,30,4,4,Research Director,4,Single,1009,2094,1,Y,No,11,3,3,80,0,40,3,3,40,18,15,17
1139,60,No,Travel_Rarely,102,Sales,29,4,Medical,1,4,Male,39,3,3,Laboratory Technician,1,Married,1009,26999,7,Y,Yes,16,3,1,80,1,40,2,1,0,0,0,0
1140,60,Yes,Travel_Rarely,102,Sales,29,1,Medical,1,1,Male,100,3,2,Manufacturing Director,3,Married,1009,2094,3,Y,Yes,11,3,2,80,1,40,3,1,0,0,0,0
1141,60,Yes,Travel_Rarely,1497,Research & Development,29,3,Life Sciences,1,4,Male,30,3,2,Manufacturing Director,4,Divorced,19999,2094,2,Y,No,11,3,3,80,1,40,2,2,0,0,0,0
1142,60,No,Travel_Rarely,102,Research & Development,29,4,Medical,1,1,Male,30,3,3,Manufacturing Director,3,Married,1009,26999,3,Y,Yes,11,4,2,80,1,40,0,2,40,0,0,0
1143,52,No,Travel_Rarely,716,Research & Development,1,3,Life Sciences,1,3,Female,30,1,4,Manager,1,Married,19999,2099,1,Y,No,25,3,1,80,2,40,3,3,40,18,15,17
1144,18,Yes,Travel_Rarely,102,Sales,29,4,Medical,1,4,Male,30,3,2,Laboratory Technician,1,Married,1009,2094,7,Y,No,11,3,1,80,1,0,2,1,0,0,0,0
1145,60,Yes,Travel_Rarely,102,Research & Development,29,4,Medical,1,4,Female,30,4,3,Healthcare Representative,4,Single,1009,2094,2,Y,No,11,3,2,80,0,40,3,3,40,18,15,17
1146,25,No,Travel_Frequently,1448,Sales,1,3,Life Sciences,1,3,Male,30,3,3,Sales Executive,1,Married,10505,2543,1,Y,No,12,3,1,80,1,11,5,3,20,9,1,9
1147,60,No,Travel_Rarely,102,Research & Development,29,4,Life Sciences,1,3,Male,30,3,4,Manager,4,Divorced,19999,2094,2,Y,No,11,3,4,80,1,40,2,2,40,18,15,17
1148,36,No,Travel_Rarely,1062,Research & Development,23,3,Life Sciences,1,4,Male,94,2,1,Research Scientist,4,Married,4443,8030,3,Y,No,11,3,4,80,0,10,6,3,6,6,1,7
1149,60,Yes,Travel_Rarely,1499,Sales,29,1,Medical,1,1,Female,100,3,2,Research Scientist,3,Married,1009,26999,3,Y,Yes,25,3,2,80,1,40,3,1,0,0,0,0
1150,59,Yes,Travel_Rarely,109,Research & Development,28,4,Medical,1,4,Female,88,3,3,Healthcare Representative,4,Married,19978,2094,1,Y,No,11,3,4,80,1,40,3,2,40,17,15,15
1151,60,Yes,Travel_Rarely,1499,Sales,29,1,Medical,1,1,Female,100,3,1,Research Scientist,3,Married,1009,26999,3,Y,No,24,3,2,80,1,40,3,1,0,0,0,0
1152,60,No,Travel_Rarely,102,Sales,1,4,Medical,1,3,Male,100,3,3,Research Director,1,Divorced,10051,2094,0,Y,No,25,4,1,80,1,40,2,3,40,18,15,17
1153,48,No,Travel_Rarely,191,Sales,14,3,Marketing,1,4,Male,83,2,3,Sales Executive,4,Divorced,12808,17440,4,Y,No,14,3,3,80,1,12,2,2,0,0,0,0
1154,18,Yes,Travel_Rarely,102,Sales,1,2,Medical,1,1,Male,100,1,1,Sales Executive,3,Single,1009,2094,7,Y,Yes,11,3,1,80,0,0,2,1,0,0,0,0
1155,18,Yes,Travel_Rarely,102,Sales,29,4,Medical,1,1,Male,30,3,2,Sales Executive,1,Married,1009,2155,7,Y,No,11,3,1,80,0,38,2,3,0,0,0,0
1156,60,Yes,Travel_Rarely,102,Sales,29,1,Medical,1,4,Male,100,3,2,Research Scientist,3,Married,1009,2094,7,Y,Yes,11,3,2,80,1,40,3,1,0,0,0,0
1157,60,No,Non-Travel,1499,Research & Development,1,4,Medical,1,4,Female,30,3,3,Manager,1,Married,19999,26999,1,Y,No,24,3,1,80,1,40,3,1,1,0,0,13
1158,60,Yes,Travel_Rarely,143,Sales,29,1,Medical,1,1,Female,100,3,2,Research Scientist,3,Married,1009,26999,3,Y,No,11,3,2,80,1,40,3,1,0,0,0,0
1159,45,No,Travel_Rarely,1499,Research & Development,1,3,Life Sciences,1,4,Female,81,3,3,Sales Executive,1,Married,19981,4026,1,Y,No,21,3,1,80,2,39,3,1,38,18,0,17
1160,60,Yes,Travel_Rarely,1499,Research & Development,29,3,Medical,1,4,Male,30,3,2,Manufacturing Director,3,Divorced,19999,2094,2,Y,No,11,3,2,80,1,40,2,3,0,0,0,0
1161,60,No,Travel_Rarely,102,Sales,1,4,Technical Degree,1,3,Male,100,2,5,Manager,3,Married,19999,26999,0,Y,No,25,3,3,80,0,40,3,3,40,18,15,17
1162,60,Yes,Travel_Rarely,102,Research & Development,29,3,Medical,1,4,Male,30,3,2,Laboratory Technician,4,Divorced,19999,2094,2,Y,No,11,3,2,80,1,40,2,2,0,0,15,0
1163,30,No,Travel_Rarely,1088,Research & Development,3,3,Life Sciences,1,4,Female,70,3,2,Healthcare Representative,3,Married,6786,16084,4,Y,No,20,4,1,80,1,8,1,3,2,2,0,0
1164,60,No,Travel_Rarely,1499,Research & Development,29,3,Life Sciences,1,4,Male,30,3,4,Manufacturing Director,4,Divorced,19999,2094,2,Y,No,11,3,3,80,1,40,2,2,0,0,15,0
1165,60,No,Travel_Rarely,102,Research & Development,1,4,Life Sciences,1,3,Male,30,2,5,Manager,1,Married,19999,2094,1,Y,No,11,3,1,80,0,40,5,3,40,18,15,17
1166,60,No,Travel_Rarely,1499,Research & Development,1,2,Medical,1,2,Male,100,3,3,Research Scientist,1,Divorced,1009,2094,1,Y,Yes,25,4,3,80,1,40,2,3,40,18,15,17
1167,60,No,Non-Travel,1499,Research & Development,1,3,Medical,1,4,Female,30,3,3,Healthcare Representative,3,Married,19999,26999,1,Y,No,25,4,1,80,1,40,3,4,40,18,15,17
1168,60,Yes,Travel_Rarely,102,Research & Development,28,4,Medical,1,4,Female,100,3,3,Healthcare Representative,4,Married,13199,2094,1,Y,No,11,3,4,80,1,40,3,2,40,18,15,17
1169,60,Yes,Travel_Rarely,102,Research & Development,1,4,Medical,1,4,Female,30,4,3,Healthcare Representative,4,Married,1009,2094,1,Y,No,11,3,4,80,0,40,3,2,40,18,15,17
1170,60,No,Travel_Rarely,1499,Research & Development,29,2,Medical,1,2,Male,30,4,2,Sales Representative,4,Married,1009,2094,2,Y,Yes,25,4,3,80,1,40,2,3,40,18,0,17
1171,60,No,Travel_Frequently,121,Research & Development,29,4,Medical,1,1,Male,30,3,3,Manufacturing Director,3,Married,1009,26999,2,Y,Yes,11,3,2,80,0,40,3,3,0,0,0,0
1172,60,No,Non-Travel,106,Research & Development,1,2,Medical,1,3,Male,100,3,3,Research Scientist,1,Divorced,1009,2094,1,Y,No,25,4,1,80,1,40,2,3,40,18,15,17
1173,60,Yes,Travel_Rarely,102,Research & Development,29,4,Medical,1,4,Female,30,4,3,Healthcare Representative,4,Single,1009,2094,2,Y,No,11,3,2,80,0,40,3,3,40,18,15,17
1174,60,No,Travel_Rarely,102,Research & Development,1,4,Life Sciences,1,1,Male,100,3,5,Manager,1,Divorced,19999,2094,5,Y,No,11,3,3,80,1,40,3,3,40,18,15,17
1175,33,No,Travel_Rarely,514,Research & Development,1,4,Life Sciences,1,3,Male,77,3,2,Manufacturing Director,1,Divorced,7323,4651,0,Y,No,11,3,3,80,1,10,2,4,8,7,0,3
1176,60,Yes,Travel_Rarely,102,Sales,29,1,Medical,1,1,Male,30,3,2,Manufacturing Director,3,Divorced,19999,2094,3,Y,No,11,3,2,80,1,40,3,1,0,0,0,0
1177,60,Yes,Travel_Rarely,1499,Research & Development,29,3,Medical,1,1,Male,100,3,3,Laboratory Technician,3,Single,19999,2094,1,Y,Yes,25,3,3,80,0,40,2,3,40,0,0,17
1178,60,No,Travel_Rarely,1499,Sales,1,4,Life Sciences,1,3,Female,30,2,3,Manager,1,Married,19999,26999,1,Y,No,25,4,1,80,1,40,3,3,40,18,15,17
1179,60,Yes,Travel_Rarely,102,Sales,29,1,Medical,1,1,Male,100,3,2,Manufacturing Director,3,Married,1009,2094,7,Y,Yes,11,3,2,80,1,40,3,1,0,0,0,0
1180,49,No,Travel_Rarely,102,Research & Development,29,4,Life Sciences,1,3,Male,30,3,4,Manager,4,Divorced,19999,2094,1,Y,No,11,3,4,80,1,40,2,2,40,18,15,17
1181,60,No,Travel_Rarely,102,Research & Development,29,1,Medical,1,1,Female,30,3,2,Research Scientist,4,Married,1009,2094,1,Y,Yes,25,4,3,80,1,40,2,3,40,18,0,17
1182,18,Yes,Travel_Rarely,102,Research & Development,29,3,Medical,1,1,Male,30,3,2,Manufacturing Director,3,Married,19999,2094,3,Y,No,11,3,2,80,1,40,3,1,0,0,0,0
1183,60,Yes,Travel_Rarely,1499,Sales,29,1,Medical,1,4,Female,100,3,2,Research Scientist,3,Married,1009,26999,3,Y,Yes,24,4,2,80,1,40,3,1,0,0,0,0
1184,60,No,Travel_Rarely,102,Research & Development,29,4,Life Sciences,1,3,Male,30,3,4,Manager,4,Divorced,19999,2094,0,Y,No,11,3,4,80,1,40,2,2,40,18,15,17
1185,60,No,Travel_Rarely,102,Sales,1,4,Medical,1,4,Male,30,2,5,Research Director,4,Married,19999,26999,1,Y,No,11,3,4,80,0,40,2,3,40,18,15,17
1186,18,Yes,Travel_Rarely,1091,Sales,28,3,Medical,1,1,Male,30,3,1,Sales Executive,3,Single,1941,6167,2,Y,Yes,22,3,1,80,0,1,2,2,0,0,0,0
1187,60,Yes,Travel_Rarely,102,Sales,29,1,Medical,1,1,Female,100,3,2,Research Scientist,3,Married,1009,26999,3,Y,Yes,11,3,2,80,1,40,3,1,0,0,0,0
1188,60,No,Travel_Rarely,1499,Sales,1,4,Medical,1,4,Male,30,2,1,Laboratory Technician,3,Married,19998,26999,4,Y,No,11,3,1,80,0,40,2,3,40,0,0,0
1189,60,No,Travel_Rarely,1499,Research & Development,1,2,Medical,1,2,Male,30,3,1,Research Scientist,1,Married,1009,2094,1,Y,No,25,4,3,80,1,40,3,3,40,18,0,0
1190,59,No,Travel_Rarely,1499,Research & Development,1,4,Life Sciences,1,3,Female,30,1,4,Manager,1,Married,19999,22285,1,Y,No,25,3,1,80,2,40,3,3,40,18,15,17
1191,60,Yes,Travel_Rarely,102,Sales,29,1,Medical,1,4,Male,100,3,2,Research Scientist,3,Married,1009,2094,3,Y,Yes,11,3,2,80,1,40,3,1,0,0,0,0
1192,43,No,Travel_Rarely,1215,Research & Development,17,4,Medical,1,2,Male,66,2,4,Research Director,4,Single,19369,13328,0,Y,No,14,3,1,80,0,16,2,3,20,8,13,8
1193,60,No,Travel_Rarely,1499,Research & Development,1,3,Medical,1,1,Male,30,3,3,Research Scientist,3,Single,1009,26999,2,Y,Yes,25,4,2,80,0,40,2,3,40,18,0,0
1194,35,No,Travel_Rarely,1377,Research & Development,1,2,Life Sciences,1,3,Male,85,2,1,Research Scientist,3,Married,2288,20428,1,Y,No,12,3,2,80,1,2,2,1,1,0,1,0
1195,60,Yes,Travel_Rarely,1499,Sales,1,4,Medical,1,1,Male,100,1,2,Sales Executive,1,Married,1009,2094,7,Y,Yes,11,3,1,80,2,40,2,1,0,0,0,0
1196,60,No,Travel_Rarely,102,Research & Development,1,2,Medical,1,1,Male,30,2,2,Research Scientist,4,Married,1009,2094,1,Y,Yes,25,4,3,80,1,40,2,3,40,18,0,17
1197,60,No,Travel_Rarely,102,Research & Development,29,4,Medical,1,4,Female,30,2,5,Manager,4,Married,19999,2094,1,Y,No,11,3,3,80,0,40,3,3,40,18,15,17
1198,59,Yes,Travel_Frequently,102,Research & Development,28,3,Medical,1,4,Male,30,3,2,Laboratory Technician,3,Divorced,19999,2094,2,Y,No,11,3,2,80,1,40,2,3,0,0,0,0
1199,60,Yes,Travel_Rarely,102,Sales,29,1,Medical,1,1,Male,100,3,2,Manufacturing Director,3,Married,19999,2094,3,Y,Yes,11,3,2,80,1,40,3,1,0,0,0,0
1200,25,No,Travel_Rarely,1352,Sales,13,3,Other,1,3,Female,37,3,1,Sales Representative,2,Single,2570,25678,0,Y,No,12,3,4,80,0,2,3,3,1,0,0,0
1201,60,Yes,Travel_Rarely,102,Sales,29,1,Medical,1,4,Male,100,3,2,Manufacturing Director,1,Married,1009,2094,7,Y,Yes,11,3,1,80,0,40,3,1,0,0,0,0
1202,60,No,Travel_Rarely,1498,Research & Development,1,4,Life Sciences,1,3,Female,30,1,4,Manager,1,Married,19999,2094,0,Y,No,25,3,1,80,1,40,3,3,40,18,15,17
1203,37,No,Non-Travel,983,Research & Development,1,5,Medical,1,3,Female,65,3,1,Research Scientist,2,Single,3594,13181,1,Y,Yes,19,3,1,80,0,8,3,3,10,9,14,8
1204,60,Yes,Travel_Rarely,1499,Sales,29,1,Medical,1,1,Female,100,3,2,Manufacturing Director,3,Married,1009,2094,3,Y,Yes,11,3,2,80,1,40,3,1,0,0,0,0
1205,18,Yes,Travel_Rarely,1499,Sales,28,1,Medical,1,4,Male,100,1,1,Laboratory Technician,3,Single,1009,26999,0,Y,No,11,3,1,80,0,0,2,3,0,0,0,0
1206,60,No,Travel_Rarely,102,Research & Development,1,4,Medical,1,4,Male,30,4,5,Manager,4,Married,19999,2094,1,Y,No,11,3,3,80,0,40,3,3,40,18,15,17
1207,60,No,Travel_Rarely,102,Sales,1,4,Life Sciences,1,3,Female,30,2,5,Manager,3,Married,19999,26998,1,Y,No,25,3,4,80,0,40,2,3,40,18,15,17
1208,18,Yes,Travel_Frequently,102,Sales,1,1,Medical,1,3,Female,99,1,1,Laboratory Technician,3,Single,1009,26999,0,Y,No,11,3,3,80,0,0,5,4,0,0,0,0
1209,60,Yes,Travel_Rarely,102,Sales,29,1,Medical,1,1,Female,100,3,2,Manufacturing Director,3,Married,1009,2094,3,Y,Yes,11,3,2,80,1,40,3,1,0,0,0,0
1210,31,Yes,Travel_Rarely,1389,Research & Development,28,1,Other,1,4,Male,94,3,2,Laboratory Technician,4,Married,5490,9927,1,Y,Yes,11,3,4,80,0,10,3,3,12,7,0,9
1211,59,No,Travel_Rarely,115,Human Resources,1,4,Human Resources,1,3,Male,30,2,5,Manager,4,Married,19999,25533,1,Y,No,14,3,4,80,1,40,5,3,40,18,15,16
1212,45,No,Travel_Rarely,706,Sales,1,2,Marketing,1,1,Male,67,3,2,Sales Representative,2,Married,4577,13569,1,Y,No,16,3,3,80,1,11,3,3,7,10,13,3
1213,60,Yes,Travel_Frequently,102,Research & Development,29,4,Medical,1,4,Female,30,4,4,Research Director,4,Single,1009,2094,2,Y,No,11,3,2,80,0,40,3,3,40,18,15,17
1214,60,No,Travel_Rarely,102,Research & Development,1,3,Medical,1,4,Male,30,3,2,Manufacturing Director,4,Divorced,19999,2094,2,Y,No,11,3,3,80,1,40,2,2,0,0,0,0
1215,43,No,Travel_Frequently,357,Research & Development,7,3,Life Sciences,1,1,Male,95,3,5,Manager,3,Divorced,19387,10907,1,Y,No,14,3,4,80,1,31,3,2,39,10,15,16
1216,60,Yes,Travel_Rarely,102,Sales,1,4,Medical,1,4,Male,30,2,5,Manager,4,Single,1009,2094,1,Y,No,11,3,3,80,0,40,3,3,40,18,15,17
1217,60,No,Travel_Rarely,102,Sales,29,4,Medical,1,1,Female,30,1,5,Manager,3,Married,19999,2094,0,Y,No,25,3,3,80,0,40,2,3,40,18,15,17
1218,60,Yes,Travel_Rarely,1499,Sales,29,1,Medical,1,4,Female,100,3,2,Research Scientist,3,Married,1009,2094,3,Y,No,25,3,2,80,1,40,3,1,0,0,0,0
1219,60,Yes,Travel_Rarely,102,Sales,1,3,Technical Degree,1,1,Male,100,4,2,Sales Executive,4,Divorced,19999,2094,2,Y,No,11,3,1,80,1,40,3,2,40,18,0,17
1220,60,Yes,Travel_Frequently,102,Research & Development,29,3,Medical,1,4,Male,30,3,2,Laboratory Technician,3,Divorced,19999,2094,2,Y,No,11,3,2,80,1,40,2,3,0,0,0,0
1221,60,No,Travel_Rarely,102,Research & Development,1,3,Medical,1,1,Male,30,4,2,Research Scientist,4,Married,1009,2094,1,Y,Yes,25,4,3,80,1,40,2,3,40,18,0,17
1222,59,No,Travel_Rarely,213,Research & Development,4,4,Life Sciences,1,4,Female,74,2,4,Research Director,2,Married,17385,11736,3,Y,Yes,11,3,4,80,0,37,3,3,24,12,2,11
1223,25,Yes,Travel_Rarely,1284,Research & Development,28,4,Life Sciences,1,1,Male,89,2,1,Research Scientist,3,Single,5810,25956,1,Y,No,22,3,1,80,0,2,2,3,1,0,0,0
1224,43,No,Travel_Rarely,1245,Research & Development,28,3,Life Sciences,1,3,Male,84,3,4,Manufacturing Director,3,Married,10052,10333,0,Y,No,11,3,4,80,2,17,3,4,21,9,15,15
1225,18,Yes,Travel_Frequently,102,Research & Development,29,3,Medical,1,4,Male,30,3,2,Laboratory Technician,3,Divorced,19999,2094,2,Y,No,11,3,2,80,1,40,2,3,0,0,0,0
1226,60,Yes,Travel_Rarely,1499,Sales,29,1,Medical,1,4,Female,100,3,2,Laboratory Technician,3,Married,1009,26999,3,Y,No,25,3,2,80,1,40,3,1,0,0,0,0
1227,47,Yes,Travel_Frequently,102,Research & Development,29,4,Life Sciences,1,4,Male,46,3,4,Manager,4,Married,19804,2761,1,Y,Yes,14,4,1,80,1,39,2,2,40,18,15,17
1228,60,Yes,Travel_Rarely,1499,Sales,29,1,Medical,1,1,Female,30,3,1,Research Scientist,3,Married,1009,26999,3,Y,No,25,3,2,80,1,40,3,1,0,0,0,0
1229,60,No,Travel_Rarely,1499,Sales,29,4,Medical,1,1,Male,30,3,2,Manufacturing Director,3,Divorced,1009,26999,2,Y,No,11,3,2,80,1,40,2,3,40,18,15,0
1230,18,Yes,Travel_Rarely,479,Sales,29,2,Medical,1,1,Male,94,3,1,Laboratory Technician,3,Married,1009,2094,7,Y,No,11,3,1,80,0,37,2,1,0,0,0,0
1231,38,No,Travel_Rarely,454,Research & Development,24,4,Life Sciences,1,3,Male,54,3,2,Manufacturing Director,3,Married,5646,16973,6,Y,No,17,3,1,80,1,10,3,3,5,4,0,2
1232,18,Yes,Travel_Rarely,102,Research & Development,29,1,Medical,1,1,Male,100,3,2,Laboratory Technician,3,Single,1009,26999,1,Y,Yes,25,3,4,80,0,40,2,3,40,0,0,17
1233,60,Yes,Travel_Rarely,102,Sales,29,1,Medical,1,1,Male,30,3,2,Laboratory Technician,3,Married,1009,2094,3,Y,Yes,11,3,2,80,0,40,3,1,0,0,0,0
1234,18,Yes,Travel_Rarely,102,Research & Development,29,1,Medical,1,1,Male,100,3,2,Laboratory Technician,3,Single,1009,26999,1,Y,Yes,25,3,4,80,0,40,2,3,40,0,15,17
1235,60,No,Travel_Rarely,102,Research & Development,1,4,Life Sciences,1,1,Male,30,2,5,Manager,1,Married,19999,2094,1,Y,No,11,3,1,80,0,40,3,3,40,18,15,17
1236,60,Yes,Travel_Rarely,102,Sales,29,1,Medical,1,4,Male,100,3,2,Manufacturing Director,1,Married,1009,2094,7,Y,Yes,11,3,1,80,1,40,3,1,0,0,0,0
1237,60,Yes,Travel_Rarely,102,Research & Development,29,4,Medical,1,4,Female,100,4,3,Healthcare Representative,4,Single,1009,2094,1,Y,No,11,3,3,80,1,40,3,3,40,18,15,17
1238,58,Yes,Travel_Rarely,520,Sales,2,3,Life Sciences,1,3,Male,71,3,2,Sales Executive,4,Single,6721,26262,2,Y,Yes,12,3,3,80,0,14,0,2,8,8,1,7
1239,49,No,Travel_Rarely,1328,Sales,3,3,Life Sciences,1,2,Male,75,3,5,Manager,1,Divorced,19866,10164,1,Y,Yes,14,3,1,80,1,31,3,3,38,16,14,14
1240,31,Yes,Travel_Rarely,1499,Research & Development,29,1,Medical,1,1,Male,57,3,2,Manufacturing Director,3,Divorced,1009,15564,2,Y,No,11,3,2,80,2,40,3,3,0,0,0,0
1241,60,No,Travel_Rarely,102,Sales,1,4,Technical Degree,1,3,Male,100,2,5,Research Director,1,Married,19999,2094,0,Y,No,25,3,1,80,1,40,3,3,40,18,15,17
1242,18,Yes,Travel_Rarely,102,Sales,29,1,Medical,1,2,Male,100,1,1,Laboratory Technician,3,Single,1009,2094,0,Y,No,11,3,1,80,0,0,2,3,0,0,0,0
1243,60,No,Travel_Rarely,102,Research & Development,1,2,Medical,1,2,Male,30,4,2,Research Scientist,4,Married,1009,2094,2,Y,Yes,25,4,3,80,1,40,2,3,40,18,0,17
1244,60,Yes,Travel_Frequently,1499,Sales,29,4,Medical,1,1,Male,30,3,2,Manufacturing Director,3,Divorced,19999,26999,2,Y,No,11,3,2,80,1,40,2,1,0,0,0,0
1245,36,No,Travel_Rarely,1099,Research & Development,10,3,Life Sciences,1,4,Female,99,3,2,Healthcare Representative,4,Married,6794,22870,4,Y,No,13,3,3,80,2,9,5,2,5,3,0,7
1246,60,Yes,Travel_Rarely,102,Research & Development,29,4,Medical,1,4,Female,100,3,3,Healthcare Representative,4,Married,1009,2094,1,Y,No,11,3,4,80,1,40,3,3,40,18,15,17
1247,60,No,Travel_Rarely,1499,Sales,1,4,Life Sciences,1,3,Female,30,1,3,Manager,1,Married,19999,2094,0,Y,No,25,4,1,80,1,40,3,3,40,18,15,17
1248,19,Yes,Travel_Rarely,102,Sales,29,2,Medical,1,1,Male,100,3,2,Sales Executive,1,Married,1009,2094,7,Y,Yes,25,3,1,80,0,40,2,1,0,0,0,0
1249,60,No,Non-Travel,1499,Research & Development,1,4,Medical,1,3,Female,100,3,3,Healthcare Representative,2,Divorced,19999,26999,1,Y,No,25,4,1,80,1,40,3,1,40,18,0,17
1250,60,Yes,Travel_Rarely,102,Research & Development,1,4,Medical,1,4,Female,100,3,3,Healthcare Representative,4,Married,1009,2094,1,Y,No,11,3,4,80,1,40,3,2,40,17,15,17
1251,60,Yes,Travel_Rarely,102,Research & Development,29,4,Medical,1,4,Female,99,3,3,Healthcare Representative,4,Married,1009,2094,1,Y,No,11,3,4,80,0,40,3,2,40,18,15,17
1252,60,Yes,Travel_Rarely,102,Research & Development,29,4,Medical,1,4,Female,30,4,3,Healthcare Representative,4,Single,1009,2094,1,Y,No,11,3,2,80,0,40,3,3,40,18,15,17
1253,60,Yes,Travel_Rarely,1499,Sales,29,1,Medical,1,4,Male,100,3,2,Laboratory Technician,3,Married,1009,26999,7,Y,No,24,3,2,80,1,40,3,1,0,0,0,0
1254,60,Yes,Travel_Rarely,1499,Sales,29,1,Medical,1,1,Male,30,3,1,Laboratory Technician,3,Married,1009,26999,7,Y,No,24,3,2,80,0,8,2,1,0,0,0,0
1255,60,Yes,Travel_Rarely,102,Research & Development,29,3,Medical,1,4,Male,30,3,2,Laboratory Technician,3,Divorced,19999,2094,2,Y,No,11,3,2,80,1,40,2,3,0,0,0,0
1256,60,Yes,Travel_Rarely,102,Sales,29,1,Medical,1,1,Male,100,3,2,Manufacturing Director,3,Married,7987,2094,7,Y,Yes,11,3,2,80,1,40,3,1,0,0,0,0
1257,46,No,Non-Travel,1499,Research & Development,1,3,Life Sciences,1,3,Female,30,3,3,Sales Executive,2,Married,19999,26999,0,Y,No,25,4,1,80,1,40,3,1,40,18,0,17
1258,18,Yes,Travel_Rarely,102,Sales,29,1,Medical,1,1,Male,30,3,2,Manufacturing Director,3,Married,19999,2094,3,Y,No,11,3,2,80,1,0,3,1,0,0,0,0
1259,60,Yes,Travel_Frequently,102,Research & Development,29,3,Medical,1,4,Male,30,3,2,Laboratory Technician,4,Divorced,19999,2094,2,Y,No,11,3,2,80,1,40,2,3,0,0,0,0
1260,60,No,Travel_Rarely,102,Sales,1,4,Technical Degree,1,3,Male,100,2,5,Manager,3,Married,19999,7283,0,Y,No,25,3,3,80,0,40,3,3,40,18,15,17
1261,18,Yes,Travel_Rarely,102,Sales,29,4,Medical,1,1,Male,99,3,2,Sales Executive,1,Married,1009,2094,7,Y,Yes,11,3,1,80,0,40,2,1,0,0,0,0
1262,60,No,Travel_Rarely,102,Research & Development,1,4,Technical Degree,1,3,Male,100,2,5,Research Director,4,Divorced,19999,2094,0,Y,No,11,3,3,80,1,40,2,3,40,18,15,17
1263,60,Yes,Travel_Rarely,1499,Research & Development,29,1,Medical,1,1,Female,100,3,2,Manufacturing Director,3,Married,1009,2094,1,Y,Yes,25,3,2,80,1,40,2,1,40,0,0,0
1264,60,No,Travel_Rarely,102,Research & Development,29,4,Life Sciences,1,3,Male,30,4,5,Manager,4,Divorced,19999,2094,1,Y,No,11,3,3,80,1,40,3,3,40,18,15,17
1265,18,Yes,Travel_Rarely,1209,Sales,29,2,Medical,1,4,Male,30,3,1,Laboratory Technician,1,Single,1011,26990,7,Y,No,11,3,1,80,0,0,2,3,0,0,0,0
1266,29,Yes,Travel_Rarely,1498,Sales,29,3,Medical,1,2,Male,100,1,2,Sales Executive,1,Single,2462,24268,5,Y,No,24,3,3,80,0,10,2,2,0,0,0,0
1267,60,Yes,Travel_Rarely,102,Sales,1,3,Medical,1,1,Male,30,3,3,Sales Executive,3,Married,1009,26999,3,Y,Yes,11,3,3,80,0,40,3,2,40,0,15,17
1268,60,No,Travel_Rarely,102,Research & Development,29,4,Medical,1,4,Male,30,3,5,Manager,4,Divorced,19999,2094,1,Y,No,11,3,3,80,1,40,3,3,40,18,15,17
1269,52,No,Travel_Rarely,944,Research & Development,13,3,Life Sciences,1,2,Male,49,2,4,Laboratory Technician,3,Married,6306,20217,3,Y,Yes,12,3,1,80,0,20,2,3,11,16,14,11
1270,52,No,Travel_Rarely,638,Research & Development,1,4,Life Sciences,1,3,Female,47,3,1,Laboratory Technician,3,Married,2277,12937,4,Y,No,13,3,4,80,1,7,2,3,1,0,0,0
1271,60,Yes,Travel_Rarely,1499,Sales,29,1,Medical,1,1,Male,30,3,2,Laboratory Technician,3,Married,1009,26999,3,Y,No,11,3,2,80,1,40,3,1,0,0,0,0
1272,47,No,Travel_Rarely,596,Research & Development,9,4,Medical,1,1,Female,97,3,3,Healthcare Representative,3,Married,14556,15399,5,Y,No,13,3,4,80,0,19,2,4,9,2,14,7
1273,18,Yes,Travel_Frequently,102,Sales,29,1,Technical Degree,1,2,Male,100,1,1,Sales Representative,3,Single,1009,2094,1,Y,No,11,3,1,80,0,0,2,3,0,0,0,0
1274,60,No,Travel_Rarely,1499,Research & Development,1,3,Life Sciences,1,4,Male,30,3,2,Manufacturing Director,4,Divorced,19999,2094,2,Y,No,11,3,3,80,1,40,2,2,0,0,0,0
1275,40,Yes,Travel_Rarely,288,Research & Development,24,4,Other,1,1,Male,71,3,1,Manufacturing Director,2,Divorced,4769,6009,2,Y,No,19,3,4,80,1,10,2,4,2,0,0,0
1276,40,No,Travel_Rarely,1215,Research & Development,1,1,Life Sciences,1,1,Male,33,3,5,Manager,3,Married,19348,13018,0,Y,No,17,3,3,80,0,23,3,1,23,13,0,11
1277,60,Yes,Travel_Rarely,102,Sales,29,1,Medical,1,1,Male,30,3,2,Research Scientist,3,Married,1009,26999,3,Y,No,11,3,2,80,1,40,3,1,0,0,0,0
1278,60,No,Travel_Rarely,1499,Sales,1,4,Life Sciences,1,3,Female,30,1,3,Manager,1,Married,19999,22923,1,Y,No,25,3,1,80,1,40,3,3,40,18,15,17
1279,18,Yes,Travel_Rarely,102,Sales,29,2,Medical,1,1,Male,30,1,1,Sales Executive,3,Single,1319,6899,7,Y,No,11,3,1,80,1,0,2,1,0,0,0,0
1280,60,Yes,Travel_Rarely,102,Research & Development,29,3,Medical,1,4,Male,30,3,2,Laboratory Technician,4,Divorced,19999,2094,2,Y,No,11,3,2,80,1,40,2,3,0,0,0,0
1281,59,No,Travel_Rarely,1499,Research & Development,29,3,Medical,1,1,Male,30,3,3,Manufacturing Director,3,Single,1009,26999,1,Y,No,25,4,2,80,1,38,2,3,2,0,0,0
1282,60,Yes,Travel_Rarely,102,Research & Development,1,4,Medical,1,3,Male,100,2,5,Healthcare Representative,4,Divorced,1009,2094,1,Y,No,25,3,4,80,1,40,2,3,40,18,15,17
1283,32,No,Travel_Rarely,647,Research & Development,28,4,Life Sciences,1,3,Female,56,3,2,Laboratory Technician,4,Married,4682,22973,7,Y,No,11,3,4,80,1,10,2,3,7,2,13,7
1284,18,Yes,Travel_Rarely,698,Sales,1,2,Medical,1,1,Male,100,1,1,Sales Executive,3,Single,1009,2094,0,Y,No,11,3,1,80,0,0,2,3,0,0,0,0
1285,40,No,Travel_Frequently,1383,Sales,1,1,Medical,1,4,Female,56,3,2,Sales Executive,3,Single,4522,10071,6,Y,No,20,4,4,80,0,12,6,3,2,0,0,0
1286,60,Yes,Travel_Rarely,102,Research & Development,29,4,Medical,1,4,Female,30,3,3,Healthcare Representative,4,Married,1009,2094,1,Y,No,11,3,4,80,1,40,3,2,40,18,15,0
1287,58,No,Travel_Rarely,231,Human Resources,1,4,Life Sciences,1,3,Male,57,4,5,Manager,2,Single,19996,24799,4,Y,No,18,3,1,80,0,39,0,3,39,17,15,16
1288,60,No,Travel_Rarely,102,Sales,1,4,Life Sciences,1,3,Female,30,2,5,Manager,3,Married,19999,2094,0,Y,No,25,3,1,80,0,40,2,3,40,18,15,17
1289,60,No,Travel_Rarely,1499,Research & Development,1,4,Medical,1,3,Male,100,3,3,Healthcare Representative,3,Divorced,19999,2094,3,Y,No,11,3,3,80,1,40,2,1,40,18,0,0
1290,60,No,Travel_Rarely,102,Research & Development,1,4,Technical Degree,1,1,Male,100,2,5,Manager,1,Divorced,19999,2094,0,Y,No,11,3,1,80,1,40,3,3,40,18,15,17
1291,45,Yes,Travel_Frequently,687,Research & Development,23,3,Medical,1,4,Male,96,3,2,Research Scientist,4,Married,18826,2109,2,Y,No,11,3,2,80,1,31,3,2,5,2,0,0
1292,60,Yes,Travel_Rarely,1484,Sales,29,1,Medical,1,1,Female,100,3,2,Research Scientist,3,Married,1009,2094,3,Y,No,11,3,2,80,1,40,3,1,0,0,0,0
1293,60,Yes,Travel_Frequently,102,Research & Development,29,3,Medical,1,4,Male,30,3,2,Manufacturing Director,3,Divorced,19999,2094,2,Y,No,11,3,2,80,1,40,2,3,0,0,0,0
1294,60,Yes,Travel_Rarely,102,Sales,29,1,Medical,1,1,Male,30,3,2,Manufacturing Director,3,Married,19999,2094,3,Y,No,11,3,2,80,1,40,3,1,0,0,0,0
1295,36,No,Travel_Rarely,418,Research & Development,21,4,Life Sciences,1,2,Male,81,3,1,Research Scientist,4,Married,3866,4250,1,Y,Yes,14,3,2,80,1,7,4,3,5,3,2,3
1296,18,Yes,Travel_Rarely,102,Sales,29,1,Medical,1,1,Male,100,3,1,Sales Executive,1,Married,1009,2094,7,Y,Yes,11,3,1,80,0,40,2,1,0,0,0,0
1297,30,No,Non-Travel,1497,Research & Development,1,4,Medical,1,4,Female,30,3,3,Manager,1,Married,19999,26999,1,Y,No,24,3,1,80,2,40,3,1,20,17,0,17
1298,60,No,Travel_Rarely,1499,Research & Development,1,4,Medical,1,1,Male,100,3,3,Healthcare Representative,3,Married,19999,26999,3,Y,No,11,3,2,80,1,40,2,4,0,0,0,0
1299,60,Yes,Travel_Rarely,1499,Sales,29,1,Medical,1,1,Female,30,3,2,Laboratory Technician,3,Married,1009,26999,3,Y,No,25,3,2,80,1,40,3,1,0,0,0,0
1300,18,Yes,Travel_Rarely,1499,Sales,29,3,Medical,1,1,Female,100,4,2,Research Scientist,3,Married,19999,2094,4,Y,No,11,3,1,80,1,40,2,2,0,0,0,0
1301,18,No,Travel_Rarely,1496,Research & Development,28,3,Life Sciences,1,4,Female,75,3,1,Research Scientist,3,Married,1194,19563,1,Y,No,21,3,4,80,0,0,2,3,0,0,0,0
1302,18,Yes,Travel_Rarely,102,Sales,29,1,Medical,1,1,Male,100,3,1,Laboratory Technician,3,Married,1009,2094,7,Y,No,11,3,1,80,1,40,2,1,0,0,0,0
1303,45,No,Travel_Rarely,780,Sales,6,4,Life Sciences,1,3,Male,60,3,3,Sales Executive,3,Single,14829,13494,0,Y,No,11,3,4,80,0,22,4,4,10,3,14,7
1304,60,No,Travel_Rarely,102,Research & Development,28,4,Life Sciences,1,3,Male,30,3,5,Manager,1,Married,19999,2094,1,Y,No,11,3,4,80,1,40,3,3,40,18,15,17
1305,60,Yes,Travel_Rarely,102,Sales,1,4,Marketing,1,2,Male,100,4,2,Sales Executive,4,Divorced,19999,26999,4,Y,No,11,3,1,80,1,40,3,2,40,18,0,0
1306,60,Yes,Travel_Rarely,1499,Research & Development,29,1,Medical,1,1,Male,30,3,2,Manufacturing Director,3,Divorced,1009,26999,2,Y,No,11,3,2,80,1,40,3,1,0,0,0,0
1307,60,Yes,Travel_Rarely,1499,Sales,29,1,Medical,1,4,Female,100,3,1,Laboratory Technician,3,Married,1009,26999,3,Y,No,11,3,2,80,1,40,3,1,0,0,0,0
1308,60,Yes,Travel_Rarely,102,Sales,29,4,Medical,1,4,Female,30,2,5,Manager,4,Married,19999,2094,1,Y,No,11,3,3,80,0,40,3,3,40,18,15,17
1309,60,Yes,Travel_Rarely,102,Research & Development,29,4,Medical,1,4,Female,30,4,4,Research Director,4,Single,1009,2094,2,Y,No,11,3,2,80,0,40,3,3,40,18,15,17
1310,60,Yes,Travel_Rarely,102,Sales,29,1,Medical,1,1,Male,100,3,2,Research Scientist,1,Married,1009,2094,7,Y,Yes,11,3,1,80,0,40,3,1,0,0,0,0
1311,60,No,Travel_Rarely,1442,Research & Development,29,3,Medical,1,4,Male,30,3,2,Manufacturing Director,4,Divorced,19999,2094,2,Y,No,11,3,3,80,1,40,2,2,0,0,15,0
1312,60,No,Travel_Rarely,102,Research & Development,29,4,Life Sciences,1,3,Male,30,3,4,Manager,4,Divorced,19999,2094,1,Y,No,11,3,4,80,1,40,3,2,40,18,15,17
1313,59,No,Travel_Rarely,102,Sales,26,2,Life Sciences,1,1,Male,30,2,2,Laboratory Technician,3,Married,1009,26999,4,Y,No,24,4,4,80,0,3,3,1,10,0,0,13
1314,34,Yes,Travel_Rarely,126,Sales,22,3,Marketing,1,1,Male,38,3,3,Sales Executive,1,Single,6761,21530,1,Y,Yes,19,4,1,80,0,11,2,3,13,12,13,11
1315,59,No,Non-Travel,102,Research & Development,1,4,Life Sciences,1,3,Male,56,1,5,Manager,1,Single,19999,24146,1,Y,No,25,4,1,80,0,40,3,3,40,18,15,17
1316,60,No,Travel_Rarely,243,Research & Development,1,4,Life Sciences,1,3,Male,100,2,3,Research Director,4,Married,19999,26999,3,Y,No,11,3,3,80,0,40,3,1,0,0,0,17
1317,18,Yes,Travel_Rarely,1499,Sales,29,4,Medical,1,4,Male,100,2,2,Sales Executive,3,Divorced,19999,2094,2,Y,No,11,3,2,80,1,40,2,3,40,0,15,0
1318,29,No,Travel_Rarely,1499,Research & Development,1,3,Life Sciences,1,4,Female,30,3,1,Research Scientist,2,Married,19999,26999,1,Y,No,25,3,1,80,2,40,3,4,0,0,0,17
1319,60,No,Travel_Rarely,102,Sales,29,4,Medical,1,4,Female,30,2,5,Manager,3,Married,19999,2094,0,Y,No,25,3,3,80,0,40,3,3,40,18,15,17
1320,60,No,Travel_Rarely,102,Research & Development,1,2,Medical,1,1,Male,30,2,2,Research Scientist,4,Married,1009,2094,2,Y,Yes,25,4,3,80,1,40,2,3,40,18,0,17
1321,60,No,Travel_Rarely,102,Research & Development,29,4,Medical,1,1,Male,30,3,3,Manufacturing Director,3,Married,1009,26999,2,Y,Yes,11,3,2,80,1,40,0,2,0,0,0,0
1322,60,No,Travel_Rarely,1499,Research & Development,1,2,Medical,1,1,Male,30,3,3,Laboratory Technician,3,Married,19999,26999,3,Y,No,11,3,2,80,1,40,2,4,0,0,0,0
1323,60,Yes,Travel_Rarely,102,Research & Development,1,4,Medical,1,4,Female,30,4,4,Healthcare Representative,4,Single,1009,2094,1,Y,No,11,3,4,80,1,40,3,2,40,18,15,17
1324,34,No,Non-Travel,1346,Research & Development,1,4,Life Sciences,1,3,Female,43,2,2,Manufacturing Director,4,Single,6354,20133,4,Y,No,14,3,4,80,0,10,1,3,7,2,0,8
1325,18,No,Travel_Rarely,1499,Sales,29,4,Other,1,1,Female,30,3,2,Sales Executive,3,Divorced,19999,2094,2,Y,No,11,3,2,80,1,40,2,3,40,15,15,0
1326,41,No,Travel_Rarely,860,Sales,7,3,Life Sciences,1,3,Female,98,3,1,Sales Representative,3,Married,2251,23552,1,Y,No,16,3,3,80,1,2,5,3,2,2,0,2
1327,58,No,Travel_Rarely,145,Research & Development,1,3,Medical,1,1,Male,30,3,5,Manager,3,Married,19926,26045,1,Y,No,11,3,4,80,0,37,2,1,34,8,14,7
1328,60,Yes,Travel_Rarely,1499,Sales,1,4,Medical,1,4,Male,30,3,2,Sales Executive,4,Married,19999,26999,1,Y,No,11,3,1,80,3,40,2,3,40,0,15,0
1329,38,No,Travel_Rarely,157,Sales,14,2,Marketing,1,3,Female,42,3,3,Sales Executive,4,Married,6052,22743,1,Y,No,15,3,1,80,2,13,3,3,10,6,0,7
1330,18,Yes,Travel_Rarely,1327,Sales,29,3,Medical,1,4,Male,45,1,1,Laboratory Technician,3,Single,1009,2459,0,Y,No,24,3,1,80,0,0,2,3,0,0,0,0
1331,60,Yes,Travel_Rarely,102,Research & Development,1,4,Medical,1,4,Female,30,3,5,Healthcare Representative,4,Married,1009,2094,1,Y,No,11,3,4,80,1,40,3,2,40,18,15,17
1332,41,No,Travel_Rarely,117,Sales,28,3,Medical,1,2,Male,33,3,2,Sales Executive,3,Married,4189,13434,4,Y,No,16,3,1,80,1,11,4,3,0,0,0,0
1333,60,Yes,Travel_Rarely,102,Sales,29,1,Medical,1,4,Female,100,3,2,Research Scientist,3,Married,1009,26999,3,Y,Yes,11,4,2,80,1,40,3,1,0,0,0,0
1334,60,Yes,Travel_Rarely,102,Sales,1,4,Life Sciences,1,3,Female,30,2,5,Manager,3,Married,19999,26999,1,Y,No,25,3,4,80,0,40,2,3,40,18,15,17
1335,35,No,Travel_Rarely,239,Sales,1,3,Life Sciences,1,1,Female,30,3,2,Manufacturing Director,3,Single,5679,26998,1,Y,Yes,24,4,3,80,0,8,2,3,20,7,0,8
1336,56,No,Travel_Rarely,276,Sales,28,3,Marketing,1,2,Male,46,4,4,Sales Executive,4,Married,16427,16027,1,Y,No,17,3,1,80,1,31,2,3,38,17,15,16
1337,18,No,Travel_Rarely,1482,Research & Development,1,3,Life Sciences,1,4,Female,30,3,1,Research Scientist,1,Divorced,11172,26999,1,Y,No,23,3,1,80,2,26,3,3,1,1,0,16
1338,60,No,Travel_Rarely,1499,Sales,1,4,Life Sciences,1,4,Female,30,2,3,Manager,1,Married,19999,26999,1,Y,No,25,3,1,80,1,40,3,3,40,18,15,17
1339,52,No,Non-Travel,1415,Research & Development,1,2,Medical,1,3,Male,32,3,2,Sales Executive,4,Married,5914,2141,1,Y,No,24,3,1,80,2,37,3,2,39,17,0,10
1340,60,No,Travel_Rarely,102,Research & Development,29,4,Technical Degree,1,1,Female,30,2,5,Manager,4,Married,19999,2094,0,Y,No,11,3,3,80,0,40,3,3,40,18,15,17
1341,59,Yes,Travel_Rarely,890,Research & Development,28,4,Medical,1,4,Female,44,3,3,Healthcare Representative,4,Married,9943,2475,1,Y,No,11,3,4,80,1,40,3,2,40,7,15,16
1342,60,Yes,Travel_Rarely,1499,Sales,29,1,Medical,1,4,Female,100,2,1,Research Scientist,3,Married,1009,26999,1,Y,No,25,3,2,80,1,40,2,2,0,0,0,0
1343,18,Yes,Travel_Rarely,102,Sales,29,1,Medical,1,4,Male,100,3,1,Sales Executive,1,Married,1009,2094,7,Y,Yes,11,3,1,80,0,18,2,1,0,0,0,0
1344,60,No,Travel_Rarely,102,Research & Development,1,4,Life Sciences,1,3,Male,30,4,5,Manager,4,Divorced,19999,2094,1,Y,No,11,3,4,80,1,40,3,3,40,18,15,17
1345,37,No,Travel_Frequently,965,Research & Development,3,4,Other,1,4,Male,64,3,1,Laboratory Technician,4,Married,4217,9314,6,Y,Yes,14,3,3,80,1,9,2,3,3,2,0,2
1346,23,No,Travel_Rarely,484,Research & Development,23,3,Medical,1,3,Female,41,1,1,Laboratory Technician,3,Single,2267,21551,1,Y,No,11,3,3,80,1,2,3,3,1,0,0,2
1347,38,No,Travel_Rarely,681,Research & Development,11,1,Technical Degree,1,1,Female,53,3,1,Research Scientist,3,Married,4214,10229,5,Y,No,14,3,1,80,0,6,3,3,2,0,0,3
1348,56,No,Travel_Rarely,102,Research & Development,29,3,Medical,1,1,Male,30,3,3,Manufacturing Director,3,Single,1009,26999,7,Y,No,16,3,1,80,0,1,2,3,0,0,0,0
1349,60,No,Non-Travel,102,Sales,1,1,Marketing,1,3,Male,100,3,3,Healthcare Representative,1,Divorced,4669,2094,1,Y,No,25,4,1,80,1,40,2,3,40,18,15,17
1350,31,No,Travel_Rarely,1217,Research & Development,4,3,Other,1,4,Female,74,3,1,Research Scientist,3,Divorced,4917,17442,6,Y,Yes,16,3,4,80,1,7,2,2,3,3,0,2
1351,18,No,Travel_Rarely,1499,Research & Development,29,4,Medical,1,1,Male,30,3,2,Manufacturing Director,3,Divorced,19999,2094,2,Y,No,11,3,2,80,1,40,2,3,0,0,0,0
1352,60,Yes,Travel_Rarely,102,Sales,29,1,Medical,1,4,Male,100,3,2,Research Scientist,1,Married,1009,2094,7,Y,Yes,11,3,2,80,1,40,3,1,0,0,0,0
1353,60,Yes,Travel_Frequently,1499,Research & Development,29,3,Medical,1,4,Male,30,3,2,Manufacturing Director,3,Divorced,19999,2094,2,Y,No,11,3,2,80,1,40,2,3,0,0,0,0
1354,34,No,Non-Travel,1499,Research & Development,1,3,Life Sciences,1,3,Female,30,1,3,Sales Executive,1,Married,19999,26999,1,Y,No,25,3,1,80,2,40,3,3,40,18,15,17
1355,21,No,Travel_Rarely,1017,Research & Development,27,2,Other,1,4,Female,84,3,1,Laboratory Technician,3,Married,3147,24260,1,Y,No,15,3,4,80,1,6,5,3,7,0,0,8
1356,60,No,Travel_Rarely,102,Research & Development,1,2,Medical,1,2,Male,100,3,3,Research Scientist,4,Married,1009,2094,1,Y,Yes,25,4,3,80,1,40,2,3,40,18,15,17
1357,60,Yes,Travel_Rarely,102,Research & Development,1,1,Medical,1,4,Male,46,4,3,Research Scientist,4,Married,1009,2094,1,Y,Yes,25,4,3,80,1,40,2,3,40,0,15,17
1358,60,Yes,Travel_Rarely,102,Sales,1,4,Medical,1,4,Male,30,2,5,Manager,4,Married,19999,2094,1,Y,No,11,3,4,80,0,40,3,3,40,18,15,17
1359,60,Yes,Travel_Rarely,1499,Sales,1,1,Medical,1,1,Male,100,3,2,Laboratory Technician,3,Married,1009,2094,7,Y,No,11,3,1,80,1,40,2,1,0,0,0,0
1360,60,No,Travel_Rarely,102,Research & Development,1,4,Life Sciences,1,3,Male,30,3,4,Manager,4,Divorced,19999,2094,2,Y,No,11,3,4,80,1,40,2,2,40,0,15,17
1361,18,Yes,Travel_Rarely,300,Research & Development,28,3,Life Sciences,1,4,Male,70,1,1,Laboratory Technician,1,Single,1009,7832,0,Y,No,20,3,3,80,0,0,2,3,0,0,0,0
1362,46,No,Travel_Rarely,1230,Sales,6,4,Medical,1,3,Male,42,3,3,Sales Executive,3,Single,6559,14116,4,Y,No,22,4,3,80,0,10,2,3,2,0,0,0
1363,26,No,Travel_Rarely,300,Research & Development,1,4,Medical,1,1,Male,36,4,1,Research Scientist,3,Divorced,2688,26983,9,Y,Yes,14,3,4,80,1,4,2,3,4,2,0,4
1364,60,Yes,Travel_Rarely,102,Research & Development,29,4,Medical,1,4,Female,30,4,3,Laboratory Technician,4,Single,1009,2094,2,Y,Yes,11,3,2,80,0,40,3,3,40,18,0,17
1365,60,No,Travel_Rarely,783,Research & Development,29,3,Life Sciences,1,4,Male,30,3,4,Manufacturing Director,4,Divorced,19999,2094,2,Y,No,11,3,3,80,1,40,2,2,0,0,15,0
1366,25,No,Travel_Rarely,1498,Research & Development,1,1,Medical,1,4,Female,73,2,1,Laboratory Technician,3,Married,2248,24983,1,Y,No,11,3,4,80,0,1,3,3,0,0,0,0
1367,60,No,Travel_Rarely,102,Research & Development,29,2,Medical,1,1,Male,30,4,2,Research Scientist,4,Married,1009,2094,2,Y,Yes,25,4,3,80,1,40,2,3,40,18,0,17
1368,60,No,Travel_Rarely,102,Sales,1,4,Technical Degree,1,3,Female,30,2,5,Manager,3,Married,19999,26999,0,Y,No,25,3,3,80,0,40,3,3,40,18,15,17
1369,60,Yes,Travel_Rarely,102,Sales,29,1,Medical,1,1,Male,30,3,2,Manufacturing Director,3,Married,1009,2094,3,Y,No,11,3,2,80,1,40,3,1,0,0,0,0
1370,60,No,Travel_Rarely,102,Research & Development,29,2,Medical,1,1,Male,30,2,2,Research Scientist,4,Married,1009,2094,2,Y,Yes,25,4,3,80,1,40,2,3,40,18,0,17
1371,60,Yes,Travel_Rarely,1499,Sales,29,1,Medical,1,1,Female,30,3,2,Research Scientist,3,Married,1009,26999,3,Y,Yes,25,3,2,80,1,40,3,1,0,0,0,0
1372,60,Yes,Travel_Rarely,1499,Research & Development,29,4,Medical,1,4,Female,100,3,3,Healthcare Representative,4,Married,1009,2094,2,Y,No,11,3,4,80,1,40,3,2,40,0,0,0
1373,18,Yes,Travel_Rarely,102,Sales,29,4,Medical,1,1,Male,100,3,2,Sales Executive,1,Married,1009,2094,7,Y,Yes,11,3,1,80,0,40,2,1,0,0,0,0
1374,60,Yes,Travel_Rarely,102,Sales,29,1,Medical,1,1,Male,100,3,2,Manufacturing Director,3,Married,19999,2094,3,Y,No,11,3,2,80,1,40,3,1,0,0,0,0
1375,60,Yes,Travel_Rarely,1499,Research & Development,29,3,Medical,1,4,Male,30,3,2,Manufacturing Director,3,Divorced,19999,2094,2,Y,No,11,3,2,80,1,40,2,2,0,0,0,0
1376,60,Yes,Travel_Rarely,1499,Sales,29,1,Medical,1,1,Female,30,3,2,Laboratory Technician,3,Married,1009,26999,3,Y,Yes,15,4,2,80,1,40,3,1,0,0,0,0
1377,18,Yes,Travel_Frequently,102,Sales,1,2,Medical,1,2,Male,100,1,1,Sales Executive,3,Single,1009,2094,0,Y,Yes,11,3,1,80,0,0,2,1,0,0,0,0
1378,18,Yes,Travel_Rarely,102,Sales,29,4,Medical,1,1,Male,30,3,1,Sales Executive,3,Single,1009,2852,7,Y,No,11,3,1,80,0,36,2,3,0,0,0,0
1379,60,Yes,Travel_Rarely,1499,Research & Development,29,1,Medical,1,1,Male,100,3,3,Laboratory Technician,3,Married,1009,2094,1,Y,Yes,25,3,2,80,1,40,2,1,40,0,0,0
1380,60,No,Travel_Rarely,986,Research & Development,1,4,Life Sciences,1,4,Male,30,3,4,Sales Executive,4,Married,19999,2094,2,Y,No,11,3,3,80,1,40,2,2,0,0,15,0
1381,60,Yes,Travel_Rarely,102,Sales,29,1,Medical,1,4,Female,100,3,2,Manufacturing Director,3,Married,1009,2094,3,Y,Yes,11,3,2,80,0,40,3,1,0,0,0,0
1382,60,Yes,Travel_Rarely,102,Research & Development,29,4,Medical,1,4,Female,30,4,3,Healthcare Representative,4,Married,1009,2094,1,Y,No,11,3,4,80,0,40,3,3,40,18,15,17
1383,60,Yes,Travel_Rarely,102,Sales,29,1,Medical,1,1,Female,100,3,2,Research Scientist,3,Married,1009,26999,3,Y,Yes,18,3,2,80,1,40,3,1,0,0,0,0
1384,44,No,Travel_Rarely,886,Research & Development,8,3,Life Sciences,1,4,Female,66,2,3,Manufacturing Director,1,Divorced,13552,20328,3,Y,Yes,14,3,2,80,1,15,2,3,5,7,13,7
1385,24,Yes,Travel_Rarely,949,Research & Development,20,2,Life Sciences,1,1,Male,86,2,1,Laboratory Technician,1,Single,2470,13847,1,Y,Yes,24,4,3,80,0,1,2,4,1,0,0,0
1386,44,Yes,Travel_Rarely,1402,Sales,4,2,Marketing,1,2,Male,51,3,1,Sales Representative,2,Single,2134,12755,1,Y,Yes,16,3,2,80,0,2,3,3,1,0,0,0
1387,60,No,Travel_Rarely,102,Sales,1,4,Technical Degree,1,3,Male,100,2,5,Research Director,3,Married,19999,2094,0,Y,No,25,3,1,80,0,40,3,3,40,18,15,17
1388,34,No,Non-Travel,143,Sales,19,4,Life Sciences,1,1,Female,53,2,2,Sales Executive,4,Married,5547,20451,1,Y,No,20,4,4,80,1,8,0,2,8,3,14,7
1389,60,Yes,Travel_Rarely,102,Research & Development,29,4,Medical,1,4,Female,100,4,3,Healthcare Representative,4,Single,1009,2094,2,Y,No,11,3,3,80,0,40,3,3,40,18,15,17
1390,60,Yes,Travel_Rarely,102,Sales,29,1,Medical,1,1,Male,100,3,2,Manufacturing Director,1,Married,1009,2094,7,Y,Yes,24,3,1,80,1,40,3,1,0,0,0,0
1391,34,No,Travel_Rarely,373,Sales,9,2,Medical,1,1,Female,56,3,2,Sales Executive,3,Single,4813,23470,1,Y,No,13,3,1,80,0,6,2,2,3,2,0,4
1392,18,Yes,Travel_Rarely,1146,Sales,28,2,Medical,1,1,Male,99,1,1,Sales Executive,3,Single,1009,2094,7,Y,No,13,3,1,80,0,39,2,3,0,0,0,0
1393,60,Yes,Travel_Rarely,1499,Sales,29,2,Medical,1,4,Female,100,4,2,Research Scientist,3,Married,1009,2094,4,Y,No,11,3,2,80,0,40,3,2,0,0,0,0
1394,60,No,Travel_Rarely,102,Sales,1,4,Technical Degree,1,3,Female,30,2,5,Manager,3,Married,19999,26999,0,Y,No,25,3,4,80,0,40,3,3,40,18,15,17
1395,18,Yes,Travel_Rarely,102,Research & Development,29,3,Medical,1,4,Male,30,3,2,Laboratory Technician,3,Divorced,19999,2094,2,Y,No,11,3,2,80,1,40,2,3,0,0,15,0
1396,60,No,Travel_Rarely,1499,Sales,1,4,Technical Degree,1,1,Male,100,4,2,Healthcare Representative,2,Divorced,19999,26999,0,Y,No,11,3,1,80,1,40,2,1,40,18,0,17
1397,30,No,Travel_Rarely,449,Sales,1,3,Marketing,1,2,Male,73,3,2,Sales Executive,2,Married,5102,18782,1,Y,No,19,3,2,80,2,9,3,3,9,7,0,6
1398,41,No,Travel_Rarely,1400,Research & Development,7,2,Life Sciences,1,3,Male,43,3,3,Manufacturing Director,2,Divorced,17587,23396,6,Y,No,14,3,2,80,1,18,2,4,16,14,15,1
1399,52,No,Travel_Rarely,492,Research & Development,5,1,Medical,1,4,Male,53,2,5,Manager,4,Divorced,19425,13608,3,Y,No,21,4,2,80,1,34,3,3,31,15,14,15
1400,19,Yes,Travel_Rarely,102,Research & Development,29,4,Medical,1,1,Male,30,3,2,Manufacturing Director,3,Married,19999,2094,3,Y,No,11,3,2,80,1,1,5,1,0,0,0,0
1401,33,No,Travel_Rarely,1085,Sales,1,5,Marketing,1,4,Male,50,2,2,Sales Executive,1,Divorced,5186,13967,1,Y,No,15,3,3,80,3,10,2,3,7,7,0,4
1402,18,Yes,Travel_Rarely,967,Sales,1,2,Medical,1,1,Male,100,1,1,Sales Executive,3,Single,1009,2094,0,Y,Yes,11,3,1,80,0,0,2,1,0,0,0,0
1403,31,No,Travel_Rarely,250,Research & Development,21,2,Life Sciences,1,1,Male,98,3,2,Healthcare Representative,3,Single,6312,26162,1,Y,No,15,3,1,80,0,10,2,3,10,7,0,10
1404,18,Yes,Travel_Rarely,1499,Sales,29,1,Medical,1,4,Male,100,3,1,Laboratory Technician,3,Married,1009,2094,7,Y,No,25,3,1,80,0,0,2,3,0,0,0,0
1405,60,Yes,Travel_Rarely,1499,Research & Development,29,1,Medical,1,1,Male,30,3,2,Research Scientist,3,Married,1009,26999,1,Y,Yes,25,3,2,80,1,40,3,1,40,0,0,0
1406,45,No,Travel_Rarely,840,Research & Development,2,4,Life Sciences,1,1,Male,42,3,5,Research Director,1,Married,19794,22756,4,Y,No,15,3,4,80,1,24,3,2,3,0,1,2
1407,60,No,Travel_Rarely,102,Research & Development,29,3,Medical,1,1,Female,30,3,3,Manufacturing Director,3,Married,1009,2094,1,Y,Yes,25,4,2,80,0,40,2,3,40,0,0,0
1408,18,Yes,Travel_Rarely,102,Sales,29,2,Medical,1,4,Male,100,1,1,Sales Executive,1,Single,1009,2094,7,Y,Yes,11,3,1,80,0,40,2,1,0,0,0,0
1409,60,Yes,Travel_Rarely,1499,Sales,29,1,Medical,1,1,Male,100,3,2,Manufacturing Director,3,Married,1009,2094,7,Y,Yes,25,3,1,80,1,40,2,1,0,0,0,0
1410,59,Yes,Travel_Rarely,102,Sales,29,1,Medical,1,1,Male,100,3,2,Manufacturing Director,1,Married,1009,2094,7,Y,Yes,24,3,1,80,1,40,2,1,0,0,0,0
1411,60,No,Travel_Rarely,102,Research & Development,1,4,Life Sciences,1,1,Male,100,2,5,Manager,1,Divorced,19999,2094,0,Y,No,11,3,3,80,1,40,3,3,40,18,15,17
1412,43,No,Travel_Rarely,1144,Research & Development,5,2,Life Sciences,1,4,Male,99,3,2,Research Scientist,1,Divorced,4994,24688,6,Y,No,17,3,2,80,2,10,2,3,2,0,0,0
1413,25,Yes,Travel_Rarely,639,Research & Development,24,3,Life Sciences,1,4,Male,42,3,1,Research Scientist,2,Single,2298,12435,1,Y,No,14,3,1,80,0,4,2,2,4,2,0,5
1414,60,No,Travel_Rarely,1499,Research & Development,29,3,Life Sciences,1,4,Male,30,3,2,Manufacturing Director,4,Divorced,19999,2094,2,Y,No,11,3,3,80,1,40,2,2,0,0,8,0
1415,18,Yes,Travel_Rarely,1178,Sales,29,2,Medical,1,1,Male,30,1,1,Sales Executive,1,Single,2121,24038,7,Y,No,24,3,2,80,1,37,2,2,0,0,0,0
1416,18,Yes,Travel_Rarely,102,Sales,29,1,Medical,1,2,Male,100,1,1,Sales Executive,3,Single,1009,2094,0,Y,No,11,3,1,80,0,0,2,1,0,0,0,0
1417,60,Yes,Non-Travel,102,Research & Development,1,1,Medical,1,3,Male,100,1,3,Sales Executive,4,Married,19999,26999,1,Y,No,25,3,1,80,2,40,2,3,40,18,15,0
1418,36,No,Travel_Rarely,546,Research & Development,6,2,Life Sciences,1,4,Male,76,2,3,Research Scientist,3,Married,7252,16091,0,Y,No,15,3,1,80,1,14,2,2,10,8,14,8
1419,60,No,Non-Travel,102,Sales,1,1,Medical,1,3,Male,100,2,3,Research Director,4,Married,19999,2094,0,Y,No,25,4,1,80,0,40,2,3,40,18,15,17
1420,60,Yes,Travel_Rarely,1499,Research & Development,29,1,Medical,1,1,Male,99,3,3,Manufacturing Director,3,Married,1009,26999,1,Y,Yes,25,4,2,80,1,40,2,1,40,0,0,0
1421,38,No,Travel_Rarely,210,Research & Development,21,3,Medical,1,3,Male,30,2,2,Manufacturing Director,4,Married,4305,26997,9,Y,Yes,22,4,4,80,1,7,6,3,6,2,0,0
1422,60,No,Travel_Rarely,102,Research & Development,1,4,Life Sciences,1,3,Male,30,4,5,Manager,1,Divorced,19999,2094,1,Y,No,11,3,4,80,1,40,3,3,40,18,15,17
1423,18,Yes,Travel_Rarely,146,Research & Development,28,4,Medical,1,1,Male,30,1,1,Laboratory Technician,1,Single,1058,6017,7,Y,Yes,11,3,3,80,0,22,2,2,0,0,0,0
1424,60,Yes,Travel_Rarely,441,Research & Development,29,1,Medical,1,1,Male,100,3,2,Manufacturing Director,3,Divorced,1009,2094,2,Y,No,11,3,2,80,1,40,3,3,0,0,0,0
1425,60,No,Travel_Rarely,1499,Research & Development,1,3,Medical,1,4,Male,30,3,2,Manufacturing Director,4,Divorced,19999,2094,2,Y,No,11,3,3,80,1,40,2,2,0,0,0,0
1426,60,Yes,Travel_Rarely,102,Research & Development,29,3,Medical,1,4,Male,30,3,4,Manufacturing Director,4,Divorced,19999,2094,2,Y,No,11,3,4,80,1,40,2,2,40,0,15,0
1427,18,Yes,Travel_Rarely,1498,Research & Development,29,1,Medical,1,1,Male,63,3,2,Laboratory Technician,3,Single,1009,26999,1,Y,Yes,25,3,4,80,0,40,2,3,40,0,15,17
1428,18,No,Non-Travel,233,Research & Development,2,3,Medical,1,4,Male,56,2,1,Research Scientist,4,Single,1968,6731,1,Y,No,15,3,3,80,0,0,2,1,0,0,0,0
1429,60,Yes,Travel_Rarely,102,Research & Development,29,1,Medical,1,1,Male,30,3,3,Manufacturing Director,3,Single,1009,26999,3,Y,No,11,4,2,80,0,40,2,1,0,0,0,0
1430,22,Yes,Travel_Rarely,278,Sales,5,3,Marketing,1,2,Male,86,3,1,Sales Representative,2,Single,2359,3026,1,Y,Yes,15,3,1,80,0,0,2,3,1,0,0,0
1431,60,No,Travel_Rarely,1499,Research & Development,1,3,Medical,1,4,Male,30,3,2,Manufacturing Director,4,Divorced,19999,2094,2,Y,No,11,3,2,80,1,40,2,3,0,0,0,0
1432,34,No,Travel_Rarely,108,Sales,10,1,Technical Degree,1,4,Female,37,3,2,Sales Executive,1,Married,5258,19976,1,Y,No,13,3,1,80,1,13,2,4,9,7,14,5
1433,60,No,Travel_Rarely,102,Sales,1,4,Technical Degree,1,3,Male,100,2,5,Research Director,1,Married,19999,2094,0,Y,No,25,3,1,80,0,40,3,3,40,18,15,17
1434,60,No,Travel_Rarely,578,Research & Development,1,4,Life Sciences,1,3,Male,30,3,4,Manager,4,Married,19999,2094,2,Y,No,11,3,3,80,1,40,2,2,0,0,0,0
1435,60,No,Travel_Rarely,1499,Research & Development,1,4,Life Sciences,1,3,Male,30,3,4,Manager,4,Divorced,19999,2094,2,Y,No,11,3,3,80,1,40,2,2,0,0,15,0
1436,32,No,Travel_Rarely,1199,Research & Development,23,3,Life Sciences,1,1,Female,99,4,3,Manufacturing Director,2,Single,6856,13575,6,Y,No,14,3,2,80,0,10,3,2,4,0,0,6
1437,18,Yes,Travel_Rarely,102,Sales,29,3,Medical,1,1,Male,30,3,2,Manufacturing Director,3,Married,19999,2094,3,Y,No,11,3,2,80,1,40,3,1,0,0,0,0
1438,60,No,Travel_Rarely,102,Sales,1,2,Medical,1,2,Female,30,2,3,Research Scientist,1,Married,1009,2094,0,Y,No,25,4,3,80,1,40,3,3,40,18,15,17
1439,60,No,Travel_Rarely,102,Sales,1,4,Life Sciences,1,3,Female,30,2,5,Manager,3,Married,19999,2094,0,Y,No,25,3,4,80,0,40,2,3,40,18,15,17
1440,33,No,Travel_Rarely,1433,Sales,2,4,Life Sciences,1,1,Male,41,2,3,Sales Executive,4,Single,7275,15078,1,Y,No,11,3,4,80,0,10,3,3,7,3,10,8
1441,28,No,Non-Travel,321,Research & Development,6,3,Life Sciences,1,4,Male,83,2,1,Laboratory Technician,4,Single,1307,17266,1,Y,No,11,3,3,80,0,0,6,3,0,0,0,0
1442,31,No,Travel_Rarely,1093,Research & Development,2,3,Technical Degree,1,4,Male,47,2,1,Research Scientist,2,Married,2554,5119,6,Y,No,17,3,3,80,3,7,0,2,4,2,0,2
1443,60,Yes,Travel_Rarely,1499,Sales,29,1,Medical,1,1,Female,100,3,2,Research Scientist,3,Married,1009,26999,3,Y,No,20,4,2,80,1,40,3,1,0,0,0,0
1444,60,No,Travel_Rarely,102,Research & Development,1,2,Medical,1,3,Male,30,2,3,Research Scientist,4,Married,1009,2094,1,Y,Yes,25,4,3,80,1,40,2,3,40,18,15,17
1445,60,No,Travel_Rarely,1499,Sales,29,1,Medical,1,1,Male,100,2,2,Sales Executive,3,Married,1009,26999,4,Y,No,25,3,1,80,1,40,2,1,0,0,0,0
1446,60,No,Travel_Rarely,102,Research & Development,29,4,Life Sciences,1,3,Male,30,3,4,Manager,4,Divorced,19999,2094,1,Y,No,11,3,4,80,1,40,2,2,40,18,15,17
1447,60,No,Travel_Rarely,102,Sales,1,3,Life Sciences,1,4,Male,100,2,3,Research Director,4,Married,19999,2094,1,Y,No,25,3,3,80,0,40,2,1,40,0,0,17
1448,42,No,Travel_Rarely,1498,Sales,10,2,Life Sciences,1,4,Male,57,3,2,Sales Executive,2,Single,3520,24958,3,Y,No,11,3,1,80,0,13,3,3,0,0,0,0
1449,45,No,Travel_Rarely,1106,Research & Development,22,2,Life Sciences,1,3,Male,83,2,3,Manufacturing Director,4,Divorced,6802,24162,1,Y,No,13,3,3,80,2,13,3,2,13,6,14,10
1450,60,No,Travel_Rarely,102,Sales,1,2,Medical,1,3,Female,30,3,3,Research Scientist,1,Married,1009,2094,1,Y,No,25,4,3,80,1,40,3,3,40,18,15,17
1451,60,Yes,Travel_Rarely,102,Sales,29,1,Medical,1,1,Female,100,3,2,Research Scientist,3,Married,1009,2094,3,Y,Yes,11,3,2,80,1,40,3,1,0,0,0,0
1452,60,Yes,Travel_Rarely,102,Sales,29,1,Medical,1,4,Male,100,3,2,Laboratory Technician,3,Married,1009,2094,7,Y,Yes,11,3,1,80,1,40,3,1,0,0,0,0
1453,59,No,Non-Travel,1499,Research & Development,1,3,Life Sciences,1,4,Female,30,3,2,Research Scientist,2,Married,19989,26998,2,Y,Yes,19,3,1,80,2,39,3,1,2,0,0,16
1454,43,No,Travel_Rarely,706,Research & Development,27,3,Medical,1,3,Female,53,4,3,Research Director,1,Divorced,10653,7657,1,Y,No,16,3,3,80,1,20,3,3,21,16,1,14
1455,60,No,Travel_Rarely,1499,Research & Development,1,3,Life Sciences,1,1,Male,100,3,5,Manager,1,Divorced,19999,2094,5,Y,No,11,3,3,80,1,40,3,3,40,18,15,17
1456,60,Yes,Travel_Frequently,102,Research & Development,29,4,Medical,1,4,Male,30,4,4,Research Director,4,Single,1009,2094,1,Y,Yes,25,3,2,80,0,40,3,3,40,18,15,17
1457,60,No,Travel_Rarely,102,Sales,1,2,Marketing,1,3,Male,100,3,3,Healthcare Representative,1,Divorced,1080,2094,1,Y,No,25,4,3,80,1,40,2,3,40,18,15,17
1458,60,No,Travel_Rarely,1499,Research & Development,1,4,Medical,1,1,Male,30,2,1,Laboratory Technician,3,Divorced,1009,26999,2,Y,No,11,3,2,80,1,40,2,1,40,0,0,0
1459,60,Yes,Travel_Rarely,102,Research & Development,1,4,Medical,1,4,Female,30,1,5,Healthcare Representative,4,Married,1009,2094,1,Y,No,11,3,4,80,0,40,2,2,40,18,15,17
1460,26,No,Travel_Rarely,1499,Research & Development,1,3,Medical,1,4,Female,30,3,3,Research Scientist,2,Married,19999,26999,1,Y,No,25,3,1,80,2,40,3,1,11,18,0,17
1461,60,Yes,Travel_Rarely,102,Research & Development,1,4,Medical,1,3,Male,30,4,3,Research Scientist,4,Married,1009,2094,1,Y,Yes,25,4,1,80,1,40,2,3,40,18,15,17
1462,60,No,Travel_Rarely,102,Research & Development,1,4,Life Sciences,1,3,Male,30,1,4,Manager,1,Married,19999,2094,0,Y,No,11,3,1,80,0,40,3,3,40,18,15,17
1463,40,Yes,Travel_Rarely,102,Sales,29,1,Medical,1,1,Male,48,3,2,Manufacturing Director,3,Married,1009,2094,7,Y,Yes,21,3,1,80,0,40,3,1,0,0,0,0
1464,60,Yes,Travel_Rarely,102,Sales,1,4,Medical,1,3,Male,100,2,4,Manager,4,Married,1009,2094,1,Y,Yes,25,4,1,80,1,40,2,3,40,18,15,17
1465,60,No,Non-Travel,1485,Sales,1,4,Medical,1,4,Male,100,3,3,Manager,4,Married,19999,26999,2,Y,No,11,3,1,80,1,40,3,1,0,0,0,16
1466,60,Yes,Travel_Rarely,1435,Sales,29,1,Medical,1,1,Male,30,3,1,Laboratory Technician,3,Married,1009,26999,3,Y,No,11,3,2,80,0,0,2,1,0,0,0,0
1467,18,Yes,Travel_Rarely,509,Research & Development,29,3,Medical,1,1,Male,99,3,3,Laboratory Technician,3,Single,1624,26901,1,Y,Yes,25,3,2,80,0,28,2,3,40,0,0,0
1468,18,No,Non-Travel,844,Research & Development,28,3,Life Sciences,1,1,Female,30,3,2,Manufacturing Director,3,Single,2322,26999,4,Y,No,24,4,4,80,0,1,2,4,4,0,0,0
1469,60,No,Travel_Rarely,102,Sales,1,4,Life Sciences,1,3,Female,30,2,5,Manager,4,Married,19999,2736,0,Y,No,25,3,3,80,0,40,3,3,40,18,15,17
