,Age,Attrition,BusinessTravel,DailyRate,Department,DistanceFromHome,Education,EducationField,EmployeeCount,EmployeeNumber,EnvironmentSatisfaction,Gender,HourlyRate,JobInvolvement,JobLevel,JobRole,JobSatisfaction,MaritalStatus,MonthlyIncome,MonthlyRate,NumCompaniesWorked,Over18,OverTime,PercentSalaryHike,PerformanceRating,RelationshipSatisfaction,StandardHours,StockOptionLevel,TotalWorkingYears,TrainingTimesLastYear,WorkLifeBalance,YearsAtCompany,YearsInCurrentRole,YearsSinceLastPromotion,YearsWithCurrManager
0,36,No,Travel_Rarely,1295,Sales,5,4,Life Sciences,1,9495477,2,Male,31,2,4,Research Scientist,3,Married,11498,10918,1,Y,No,13,3,1,80,0,15,1,3,20,3,4,4
1,31,No,Travel_Rarely,512,Research & Development,2,3,Medical,1,16402638,3,Female,88,2,3,Sales Executive,2,Single,12294,12894,1,Y,No,22,3,3,80,2,13,5,3,27,6,3,5
2,41,No,Travel_Rarely,955,Research & Development,6,3,Life Sciences,1,10704509,3,Male,42,3,2,Laboratory Technician,4,Single,2516,12634,1,Y,No,23,3,2,80,1,10,4,3,10,0,0,1
3,32,Yes,Travel_Rarely,292,Sales,2,4,Medical,1,16065069,4,Female,30,3,1,Laboratory Technician,4,Married,1225,23139,0,Y,Yes,24,3,3,80,1,4,2,2,2,0,0,0
4,35,Yes,Travel_Frequently,295,Sales,7,3,Life Sciences,1,7069501,3,Male,55,2,1,Sales Executive,1,Single,2176,5985,0,Y,No,12,3,3,80,0,6,2,2,3,0,3,2
5,48,No,Travel_Rarely,191,Research & Development,3,4,Medical,1,10107295,4,Female,47,2,5,Sales Executive,1,Single,8683,2632,9,Y,No,13,3,3,80,0,11,1,3,0,0,1,1
6,50,No,Travel_Rarely,1371,Research & Development,3,4,Life Sciences,1,7973523,4,Female,39,3,1,Manufacturing Director,3,Married,8086,8932,3,Y,No,13,3,3,80,0,21,6,3,19,9,12,1
7,50,No,Travel_Frequently,1358,Research & Development,10,4,Life Sciences,1,6751000,2,Male,93,3,1,Healthcare Representative,3,Married,3602,6122,3,Y,Yes,20,3,4,80,0,3,3,3,0,0,1,0
8,36,No,Travel_Rarely,1392,Sales,14,4,Medical,1,12227347,1,Female,49,3,4,Human Resources,4,Single,7461,11631,1,Y,No,12,3,3,80,3,21,2,3,8,0,5,0
9,30,No,Travel_Frequently,403,Research & Development,23,4,Life Sciences,1,2572772,2,Female,77,3,5,Sales Executive,4,Divorced,6758,7230,0,Y,Yes,15,3,4,80,1,13,5,2,8,0,0,1
10,43,No,Travel_Rarely,291,Human Resources,5,2,Life Sciences,1,1899692,2,Male,71,1,2,Sales Representative,4,Divorced,7241,22216,6,Y,Yes,15,3,4,80,2,10,2,4,6,1,0,3
11,44,No,Travel_Rarely,748,Research & Development,7,3,Technical Degree,1,3809100,3,Male,79,3,5,Manufacturing Director,2,Married,9918,26298,1,Y,No,22,3,3,80,1,17,2,3,6,1,0,4
12,46,No,Travel_Rarely,1062,Sales,25,4,Technical Degree,1,3573101,1,Male,80,3,1,Research Scientist,2,Divorced,2622,9409,1,Y,No,20,3,1,80,1,6,6,2,9,2,9,6
13,32,No,Non-Travel,776,Research & Development,16,3,Technical Degree,1,14346009,3,Male,100,2,1,Sales Executive,3,Married,2490,26868,1,Y,No,12,3,4,80,1,5,3,3,0,0,0,1
14,31,No,Travel_Frequently,140,Research & Development,17,3,Technical Degree,1,12532822,2,Male,67,3,2,Sales Executive,1,Single,2248,6907,4,Y,Yes,13,3,3,80,0,5,4,2,2,1,0,4
15,27,No,Travel_Rarely,573,Research & Development,5,2,Technical Degree,1,10154545,2,Male,57,2,1,Laboratory Technician,4,Single,1385,25174,1,Y,No,12,3,3,80,0,1,2,3,1,0,1,0
16,57,No,Travel_Rarely,957,Sales,19,3,Medical,1,10597068,4,Female,48,2,3,Sales Representative,4,Single,13259,17390,1,Y,No,19,3,1,80,0,33,3,2,33,10,2,6
17,26,Yes,Travel_Frequently,1317,Research & Development,12,4,Life Sciences,1,3181125,4,Female,87,3,1,Sales Executive,2,Married,3503,9210,2,Y,Yes,15,3,3,80,1,4,5,2,0,0,1,0
18,35,No,Travel_Frequently,1294,Research & Development,2,4,Life Sciences,1,14936855,1,Female,95,3,1,Research Scientist,3,Married,2333,2926,0,Y,No,15,3,4,80,0,5,3,2,22,4,1,5
19,39,No,Travel_Rarely,1394,Research & Development,20,3,Medical,1,13674702,4,Male,65,4,2,Research Scientist,1,Divorced,2469,6101,2,Y,Yes,16,3,2,80,0,7,3,2,15,8,0,8
20,31,No,Travel_Rarely,512,Sales,26,4,Marketing,1,5704972,1,Female,55,2,1,Research Scientist,1,Single,1797,8443,1,Y,No,14,3,3,80,0,3,3,2,10,2,2,1
21,46,No,Travel_Rarely,1173,Research & Development,20,5,Medical,1,2557903,3,Male,90,2,3,Healthcare Representative,4,Married,19999,20756,8,Y,No,18,4,4,80,1,37,4,2,13,0,1,1
22,44,No,Travel_Frequently,996,Research & Development,5,3,Life Sciences,1,1235304,1,Female,52,2,3,Sales Executive,3,Married,5880,26411,0,Y,No,25,3,3,80,0,18,2,3,10,1,0,1
23,56,No,Travel_Rarely,1126,Research & Development,16,3,Other,1,14246208,4,Female,77,3,3,Sales Representative,3,Divorced,15434,4640,6,Y,No,13,3,4,80,1,21,2,3,4,0,5,0
24,60,No,Travel_Rarely,752,Sales,14,2,Medical,1,8522429,1,Male,40,3,3,Sales Representative,4,Single,14654,21544,3,Y,No,13,3,3,80,1,22,2,3,16,4,0,2
25,32,No,Travel_Rarely,1162,Research & Development,2,4,Life Sciences,1,12270894,3,Male,50,2,1,Laboratory Technician,1,Single,1431,2785,2,Y,No,13,3,4,80,3,5,2,3,0,0,4,0
26,42,No,Travel_Frequently,352,Research & Development,8,2,Medical,1,6983994,2,Male,84,3,3,Sales Executive,4,Single,7966,23596,1,Y,No,12,3,1,80,2,12,6,2,6,1,0,2
27,33,Yes,Travel_Rarely,581,Sales,4,1,Human Resources,1,16198395,3,Male,67,2,1,Manager,2,Married,5843,25185,8,Y,Yes,13,3,2,80,3,6,3,3,3,0,0,0
28,22,No,Travel_Rarely,581,Research & Development,25,2,Life Sciences,1,8430209,4,Male,48,3,1,Sales Executive,2,Married,1902,7876,1,Y,Yes,20,4,4,80,1,4,2,4,3,0,8,3
29,44,No,Travel_Rarely,1194,Sales,6,4,Life Sciences,1,2468450,2,Male,49,2,2,Sales Executive,3,Single,3492,16786,1,Y,No,13,4,1,80,0,7,2,3,8,4,3,8
30,48,No,Travel_Rarely,722,Research & Development,8,3,Life Sciences,1,5498992,2,Female,61,3,4,Research Scientist,2,Married,17639,22866,3,Y,Yes,12,3,3,80,0,25,2,3,23,4,5,2
31,39,No,Travel_Frequently,1181,Research & Development,26,3,Other,1,1374396,4,Female,54,4,2,Sales Executive,3,Married,4064,18111,7,Y,No,16,3,4,80,0,15,3,2,3,0,5,2
32,56,No,Travel_Frequently,864,Research & Development,8,1,Medical,1,12982686,1,Male,41,4,3,Healthcare Representative,3,Married,13510,23002,3,Y,No,20,3,3,80,2,28,4,1,6,1,8,1
33,32,No,Travel_Rarely,689,Sales,8,4,Other,1,2954816,1,Male,62,3,5,Healthcare Representative,2,Married,13940,21248,1,Y,Yes,15,4,2,80,1,7,2,3,4,0,0,0
34,26,No,Travel_Frequently,658,Research & Development,21,3,Medical,1,9750913,2,Female,71,3,1,Research Scientist,3,Married,2792,19039,8,Y,No,13,3,3,80,0,6,2,4,2,0,2,1
35,43,Yes,Travel_Rarely,1001,Sales,6,4,Medical,1,15829700,1,Male,90,3,3,Manager,2,Single,7683,17752,9,Y,No,12,3,3,80,0,11,0,3,2,0,0,6
36,30,No,Travel_Rarely,1194,Research & Development,24,4,Medical,1,7835859,4,Male,31,3,1,Laboratory Technician,4,Single,2022,26620,5,Y,No,12,3,3,80,3,4,6,3,2,0,0,1
37,28,No,Travel_Rarely,837,Sales,17,3,Marketing,1,450598,3,Female,54,3,2,Sales Executive,3,Divorced,5247,10715,1,Y,No,14,3,3,80,0,7,2,4,3,0,2,1
38,33,No,Travel_Rarely,402,Research & Development,16,2,Life Sciences,1,6563883,1,Male,56,3,1,Sales Executive,2,Divorced,3014,18585,1,Y,No,13,3,1,80,0,8,5,3,5,0,8,3
39,29,No,Travel_Rarely,1012,Sales,17,3,Life Sciences,1,4648146,1,Male,99,3,1,Research Scientist,2,Single,3692,6858,0,Y,Yes,23,4,3,80,0,7,2,1,12,0,0,2
40,31,No,Travel_Rarely,163,Human Resources,2,3,Technical Degree,1,3864251,2,Male,89,3,1,Laboratory Technician,3,Married,1658,12432,1,Y,No,18,3,3,80,3,5,5,3,11,0,9,2
41,52,Yes,Travel_Rarely,583,Research & Development,10,5,Medical,1,135579,4,Male,89,4,4,Sales Executive,3,Divorced,5738,16419,6,Y,No,12,3,4,80,1,28,3,3,10,1,4,2
42,46,No,Travel_Rarely,753,Research & Development,9,4,Medical,1,716328,1,Male,66,3,2,Laboratory Technician,3,Married,3008,21686,3,Y,No,25,3,4,80,0,17,3,3,4,0,2,0
43,29,Yes,Travel_Rarely,777,Research & Development,2,3,Life Sciences,1,9164856,3,Male,43,2,2,Sales Executive,4,Single,3018,12149,5,Y,No,25,4,1,80,0,8,3,2,0,0,0,0
44,36,No,Travel_Rarely,1451,Research & Development,4,4,Medical,1,5232908,3,Male,42,3,1,Healthcare Representative,3,Married,4081,22471,8,Y,No,12,3,4,80,0,12,6,4,26,18,11,16
45,41,No,Non-Travel,1166,Research & Development,15,4,Life Sciences,1,12365145,4,Male,44,4,2,Research Scientist,3,Divorced,9556,4096,1,Y,Yes,16,3,3,80,1,17,3,2,14,0,9,0
46,33,No,Non-Travel,353,Research & Development,3,2,Life Sciences,1,3175343,2,Female,60,3,1,Manager,1,Married,3895,7076,1,Y,Yes,13,4,4,80,3,6,1,3,10,2,4,4
47,53,No,Travel_Rarely,1183,Sales,4,2,Medical,1,12779945,3,Female,76,2,4,Manager,4,Married,9772,15026,1,Y,No,16,4,4,80,1,21,2,2,3,4,1,3
48,50,No,Travel_Frequently,312,Research & Development,9,4,Marketing,1,11424412,1,Female,52,3,1,Sales Representative,2,Married,7186,2702,4,Y,Yes,12,3,4,80,0,12,3,3,2,4,0,3
49,34,No,Travel_Frequently,708,Sales,24,4,Life Sciences,1,363902,3,Female,38,3,2,Manager,3,Married,4862,22519,0,Y,Yes,20,3,1,80,0,6,4,3,2,0,9,0
50,24,No,Travel_Rarely,587,Sales,13,1,Marketing,1,9110371,1,Male,72,3,4,Sales Executive,2,Married,2889,11497,2,Y,No,13,3,2,80,0,3,0,2,1,0,1,0
51,25,Yes,Travel_Rarely,1261,Research & Development,13,4,Life Sciences,1,15015388,1,Male,34,4,1,Research Scientist,2,Single,4738,8597,1,Y,No,19,4,4,80,0,5,5,2,6,2,2,3
52,49,Yes,Travel_Rarely,294,Sales,11,3,Medical,1,13035356,3,Female,87,1,2,Sales Executive,1,Divorced,6191,20847,1,Y,No,12,3,3,80,0,7,4,4,2,2,1,1
53,36,No,Travel_Rarely,877,Sales,23,3,Life Sciences,1,13976584,2,Female,34,3,3,Research Director,2,Married,17009,24222,4,Y,No,16,4,3,80,1,18,5,3,22,1,6,0
54,39,Yes,Travel_Frequently,924,Research & Development,15,3,Life Sciences,1,16709153,4,Male,92,3,1,Manufacturing Director,4,Single,6172,19150,3,Y,No,12,3,1,80,3,9,2,3,1,0,3,0
55,30,No,Travel_Rarely,1265,Research & Development,8,4,Medical,1,11027338,2,Male,83,2,1,Research Scientist,2,Married,3880,25028,1,Y,Yes,13,3,2,80,0,4,4,3,1,0,4,0
56,24,Yes,Travel_Rarely,671,Research & Development,11,3,Life Sciences,1,14332324,3,Male,62,3,1,Research Scientist,1,Single,3648,14431,1,Y,No,24,3,3,80,2,7,2,2,3,0,3,1
57,24,No,Travel_Rarely,617,Research & Development,26,4,Life Sciences,1,1502829,4,Female,39,2,1,Sales Executive,2,Single,5273,16276,0,Y,Yes,15,4,1,80,1,4,3,3,10,2,0,1
58,35,No,Travel_Rarely,655,Research & Development,3,4,Medical,1,9312758,3,Male,44,4,2,Manager,4,Divorced,12052,7017,1,Y,Yes,19,3,3,80,3,10,3,3,8,3,1,4
59,36,No,Travel_Rarely,826,Research & Development,28,3,Medical,1,10229233,3,Female,64,4,1,Sales Executive,4,Married,6144,6856,0,Y,No,15,4,3,80,0,8,4,2,4,0,10,0
60,32,No,Travel_Rarely,333,Research & Development,6,2,Medical,1,3556922,1,Male,46,3,1,Research Scientist,2,Single,2898,11863,4,Y,Yes,12,3,1,80,1,4,2,3,0,0,0,0
61,31,Yes,Travel_Rarely,160,Research & Development,2,4,Marketing,1,3028668,2,Female,84,3,1,Research Scientist,3,Single,1980,18887,0,Y,No,13,3,2,80,1,3,3,4,9,0,1,2
62,40,No,Travel_Rarely,926,Human Resources,16,3,Life Sciences,1,412056,2,Female,31,3,3,Manager,4,Single,10734,12060,1,Y,No,12,3,3,80,0,14,1,3,25,4,0,10
63,47,No,Travel_Rarely,529,Sales,21,3,Medical,1,9832840,4,Female,77,2,3,Research Director,4,Married,15359,24630,4,Y,No,13,3,2,80,1,22,2,3,7,1,4,0
64,56,Yes,Travel_Rarely,715,Research & Development,2,3,Life Sciences,1,7651945,2,Female,79,2,3,Manager,1,Single,15260,16718,6,Y,No,13,3,3,80,1,27,3,3,13,0,13,2
65,39,No,Travel_Rarely,524,Sales,27,3,Medical,1,2927237,1,Male,37,2,4,Manufacturing Director,4,Divorced,11039,9892,8,Y,Yes,12,3,4,80,0,19,3,3,3,0,0,1
66,26,No,Travel_Rarely,778,Research & Development,11,1,Life Sciences,1,2843213,4,Male,87,2,2,Healthcare Representative,2,Single,6508,20550,3,Y,No,25,3,3,80,2,6,2,2,1,0,3,1
67,31,No,Travel_Frequently,293,Research & Development,8,4,Life Sciences,1,3478744,3,Female,99,3,1,Laboratory Technician,4,Married,1820,8444,1,Y,No,17,4,1,80,0,6,2,4,3,0,4,0
68,47,No,Non-Travel,509,Sales,9,3,Medical,1,6423896,3,Female,77,3,2,Sales Executive,3,Married,7934,19072,1,Y,Yes,16,3,3,80,1,16,3,3,22,1,3,3
69,25,No,Travel_Frequently,878,Sales,12,3,Medical,1,1170497,2,Female,100,2,1,Sales Executive,1,Married,3395,24494,3,Y,No,22,3,3,80,0,4,4,3,0,0,0,0
70,41,No,Travel_Frequently,407,Research & Development,15,3,Medical,1,10911313,3,Male,99,2,2,Sales Executive,2,Single,3590,21797,2,Y,Yes,13,3,3,80,0,11,2,2,3,0,1,5
71,40,No,Travel_Rarely,878,Research & Development,19,3,Medical,1,11346423,2,Female,99,3,4,Healthcare Representative,1,Married,7340,18040,7,Y,No,12,3,3,80,1,15,2,3,7,8,2,2
72,33,No,Travel_Frequently,1051,Research & Development,4,1,Marketing,1,5495940,2,Male,59,4,2,Sales Executive,4,Divorced,3837,3852,6,Y,No,13,3,1,80,3,10,2,3,9,4,2,3
73,33,No,Travel_Frequently,1454,Research & Development,12,5,Other,1,5799880,2,Male,75,3,5,Sales Executive,4,Married,7782,13607,1,Y,No,22,4,4,80,1,15,2,2,14,5,13,7
74,38,No,Travel_Rarely,917,Sales,5,4,Human Resources,1,15920860,4,Male,56,3,2,Human Resources,2,Married,6959,9789,3,Y,Yes,17,3,3,80,1,7,2,2,1,0,1,0
75,28,No,Travel_Rarely,860,Sales,15,3,Medical,1,14694544,2,Male,48,3,2,Sales Executive,2,Married,5549,13337,6,Y,No,18,3,3,80,0,9,2,3,6,1,13,1
76,50,No,Travel_Rarely,1378,Research & Development,2,2,Life Sciences,1,332392,3,Female,77,2,2,Sales Representative,3,Married,9184,7994,9,Y,No,13,3,4,80,2,16,4,3,12,0,14,2
77,48,No,Travel_Rarely,126,Sales,4,3,Life Sciences,1,9294770,2,Male,95,2,2,Manager,1,Single,8803,18103,3,Y,No,12,3,2,80,0,17,2,1,18,3,0,1
78,27,No,Travel_Rarely,1300,Sales,2,1,Medical,1,5494402,2,Male,90,3,1,Research Scientist,4,Married,2100,16835,1,Y,No,14,3,4,80,3,4,3,2,2,0,0,0
79,41,No,Travel_Rarely,918,Research & Development,19,4,Technical Degree,1,4908605,2,Female,65,3,2,Sales Executive,4,Married,7024,22135,3,Y,Yes,15,3,4,80,1,16,2,3,8,0,1,4
80,46,No,Travel_Rarely,852,Sales,10,3,Life Sciences,1,5304148,3,Male,48,4,1,Sales Executive,3,Single,2847,10374,2,Y,No,15,3,2,80,1,12,3,4,18,6,6,15
81,30,Yes,Non-Travel,1312,Sales,5,1,Life Sciences,1,6594696,4,Female,82,2,3,Sales Representative,2,Single,10857,24308,1,Y,No,12,3,2,80,0,14,3,3,8,1,1,1
82,45,No,Travel_Frequently,199,Sales,11,2,Other,1,1047462,1,Male,45,3,1,Human Resources,4,Single,15269,10857,1,Y,Yes,17,3,4,80,0,22,2,3,14,1,4,7
83,35,No,Travel_Rarely,1307,Research & Development,7,3,Technical Degree,1,8518707,3,Female,80,4,2,Sales Executive,2,Married,2941,15229,1,Y,No,14,4,4,80,3,4,2,3,15,4,3,9
84,49,No,Travel_Rarely,269,Research & Development,9,3,Medical,1,6073212,3,Male,69,3,4,Human Resources,2,Married,12986,17465,2,Y,Yes,13,3,3,80,0,14,6,4,5,0,0,1
85,28,No,Travel_Rarely,1370,Sales,4,4,Marketing,1,10219534,2,Female,31,3,5,Human Resources,2,Single,9354,15470,6,Y,Yes,19,3,4,80,0,11,3,3,1,0,0,0
86,34,No,Travel_Rarely,970,Human Resources,4,3,Medical,1,2703295,4,Female,55,3,1,Laboratory Technician,4,Married,2153,3721,1,Y,No,16,3,1,80,0,4,3,3,2,0,0,2
87,37,No,Travel_Rarely,1358,Sales,7,4,Medical,1,8497292,2,Female,47,3,1,Healthcare Representative,1,Single,5258,21955,5,Y,No,24,3,3,80,0,3,3,3,8,1,3,3
88,50,No,Travel_Rarely,1017,Research & Development,6,1,Medical,1,6876427,1,Male,44,3,5,Research Scientist,4,Married,5327,6193,3,Y,Yes,25,3,3,80,0,14,6,3,2,0,0,0
89,23,No,Travel_Frequently,447,Sales,3,1,Life Sciences,1,1909934,2,Male,40,2,2,Manager,4,Single,5988,22946,1,Y,Yes,17,3,3,80,0,5,2,3,11,1,7,8
90,55,No,Travel_Rarely,1420,Sales,13,3,Medical,1,388989,4,Male,56,1,2,Manager,2,Single,7486,16239,1,Y,No,15,3,3,80,2,17,3,1,18,1,0,4
91,30,No,Travel_Rarely,199,Sales,3,4,Medical,1,13759287,4,Male,90,1,2,Sales Representative,4,Single,3934,9363,7,Y,No,22,4,2,80,0,5,2,3,4,4,1,0
92,33,Yes,Travel_Rarely,1441,Research & Development,6,4,Life Sciences,1,12820580,3,Male,45,2,2,Manager,3,Single,10136,22366,2,Y,No,17,3,3,80,1,12,2,3,3,0,0,0
93,32,No,Travel_Rarely,577,Sales,2,3,Marketing,1,944350,3,Female,55,3,1,Healthcare Representative,1,Single,4969,4944,3,Y,No,19,4,1,80,0,11,6,2,1,0,0,0
94,41,No,Travel_Rarely,299,Human Resources,2,3,Other,1,14450914,3,Male,49,2,2,Sales Executive,3,Divorced,5014,20288,4,Y,Yes,14,3,2,80,1,7,1,3,3,0,0,1
95,40,No,Travel_Rarely,206,Sales,4,4,Medical,1,6918029,2,Female,87,3,1,Manufacturing Director,2,Divorced,3764,22657,3,Y,No,21,3,2,80,1,10,2,2,3,0,1,0
96,37,No,Travel_Frequently,670,Sales,10,3,Marketing,1,14233528,1,Male,65,2,3,Sales Executive,4,Married,6197,2960,1,Y,No,12,3,1,80,1,13,2,3,17,4,1,3
97,45,No,Travel_Rarely,1486,Research & Development,8,2,Life Sciences,1,15224053,2,Male,32,3,2,Research Scientist,3,Single,9679,20128,3,Y,No,13,3,4,80,0,19,4,3,32,18,12,14
98,25,Yes,Travel_Rarely,221,Research & Development,27,3,Marketing,1,7039811,1,Male,48,2,1,Laboratory Technician,2,Divorced,1635,5499,1,Y,Yes,13,3,3,80,0,1,2,2,1,0,0,0
99,44,No,Travel_Frequently,1215,Research & Development,12,3,Life Sciences,1,15481287,4,Female,51,3,2,Sales Executive,1,Married,5371,7068,1,Y,No,18,3,1,80,1,7,2,3,3,0,0,0
100,57,No,Travel_Rarely,1020,Sales,16,3,Technical Degree,1,3793110,1,Female,54,3,4,Manager,4,Single,15522,25486,9,Y,No,16,3,4,80,1,23,0,3,14,4,0,8
101,47,No,Travel_Rarely,1325,Research & Development,6,3,Life Sciences,1,7732964,4,Female,45,3,2,Research Scientist,3,Divorced,5648,3586,2,Y,No,13,3,2,80,1,23,3,2,14,0,6,1
102,29,No,Travel_Rarely,221,Sales,15,3,Marketing,1,9223638,1,Male,87,4,1,Healthcare Representative,1,Divorced,2893,23640,2,Y,Yes,19,3,3,80,0,5,2,3,12,6,4,6
103,53,No,Travel_Rarely,995,Research & Development,26,3,Other,1,14600272,4,Male,94,4,3,Sales Executive,4,Single,8809,4097,2,Y,No,13,3,2,80,1,20,2,3,8,0,0,0
104,41,Yes,Travel_Rarely,1471,Research & Development,2,4,Life Sciences,1,4689936,3,Female,96,2,3,Research Director,3,Married,15359,17760,5,Y,No,13,3,4,80,0,18,3,3,5,1,4,4
105,48,Yes,Travel_Frequently,468,Research & Development,2,3,Life Sciences,1,14070303,3,Male,56,3,2,Sales Executive,1,Divorced,3304,10981,1,Y,Yes,22,4,2,80,1,13,2,3,2,0,1,0
106,24,No,Travel_Rarely,402,Sales,11,3,Medical,1,5091562,1,Male,93,3,1,Research Scientist,4,Married,2872,20465,3,Y,No,18,4,4,80,3,4,2,4,1,0,0,1
107,40,No,Travel_Rarely,1283,Sales,4,2,Medical,1,7393441,3,Male,53,3,1,Sales Executive,2,Married,2603,8451,4,Y,No,14,4,1,80,1,6,2,4,11,4,1,2
108,31,No,Travel_Rarely,1467,Sales,6,1,Medical,1,7807188,1,Male,69,3,4,Sales Representative,3,Single,11280,4139,3,Y,No,13,3,3,80,0,15,5,2,3,5,0,5
109,29,No,Travel_Rarely,667,Sales,16,2,Life Sciences,1,7765714,4,Female,67,3,2,Research Scientist,2,Single,3436,10008,5,Y,No,13,3,4,80,1,4,1,3,0,0,0,0
110,24,Yes,Travel_Frequently,633,Sales,25,4,Marketing,1,15247478,1,Female,77,2,2,Sales Executive,2,Divorced,3933,7775,1,Y,No,13,3,1,80,0,2,3,3,1,0,0,0
111,39,No,Travel_Rarely,895,Research & Development,29,3,Life Sciences,1,2497867,3,Female,63,1,2,Manufacturing Director,3,Married,7907,24870,1,Y,Yes,12,4,4,80,0,15,3,2,14,0,12,6
112,50,Yes,Travel_Rarely,222,Sales,7,3,Life Sciences,1,8822371,4,Male,96,3,1,Healthcare Representative,3,Single,3720,23599,1,Y,No,20,3,4,80,0,14,2,3,12,0,2,1
113,40,Yes,Travel_Rarely,967,Research & Development,5,3,Life Sciences,1,4209766,1,Male,49,2,5,Research Scientist,1,Married,6666,21798,7,Y,No,14,3,2,80,1,19,6,3,10,0,3,11
114,36,No,Travel_Rarely,299,Research & Development,2,4,Marketing,1,15652961,4,Male,41,3,2,Healthcare Representative,1,Single,7751,24290,6,Y,No,14,3,4,80,1,16,5,2,6,4,2,2
115,36,No,Travel_Rarely,779,Sales,18,1,Life Sciences,1,922044,3,Male,59,3,2,Laboratory Technician,1,Married,2557,18229,1,Y,No,14,4,2,80,1,6,3,3,4,1,4,1
116,26,No,Travel_Rarely,1280,Research & Development,21,3,Medical,1,2661165,4,Male,85,3,2,Research Scientist,2,Single,8334,3924,1,Y,Yes,13,4,3,80,0,10,3,4,7,1,0,0
117,37,No,Travel_Rarely,1233,Sales,29,3,Technical Degree,1,3833581,2,Female,94,3,1,Sales Representative,4,Single,6522,15933,3,Y,No,12,3,4,80,1,5,2,3,6,4,1,1
118,51,No,Non-Travel,1203,Research & Development,3,3,Life Sciences,1,11831285,3,Male,44,4,2,Laboratory Technician,4,Divorced,6729,25567,0,Y,No,22,4,4,80,1,14,3,2,10,0,8,5
119,37,No,Travel_Frequently,941,Research & Development,26,3,Technical Degree,1,500795,3,Female,87,3,1,Sales Representative,4,Single,3646,6307,9,Y,Yes,16,3,2,80,1,10,2,3,3,0,2,0
120,39,No,Travel_Rarely,1459,Research & Development,26,3,Marketing,1,12331091,1,Male,50,4,3,Research Director,4,Single,8951,19988,5,Y,Yes,12,3,3,80,0,12,2,3,2,1,0,1
121,37,No,Travel_Rarely,240,Sales,14,4,Life Sciences,1,5658473,2,Male,90,3,1,Laboratory Technician,2,Single,3818,9561,1,Y,Yes,12,3,2,80,1,7,3,3,7,0,1,0
122,36,No,Travel_Rarely,923,Sales,17,3,Technical Degree,1,14024174,4,Female,84,2,3,Sales Executive,1,Married,11962,10700,9,Y,No,16,3,1,80,1,16,2,2,1,1,4,0
123,44,No,Travel_Rarely,776,Research & Development,12,4,Medical,1,11666295,4,Male,48,3,2,Sales Representative,3,Single,12622,21329,5,Y,No,15,3,3,80,0,17,3,1,2,0,5,2
124,35,No,Travel_Frequently,346,Sales,8,4,Marketing,1,14500940,1,Male,58,3,2,Healthcare Representative,4,Single,7652,10313,3,Y,Yes,13,3,4,80,3,6,2,3,2,0,0,0
125,55,No,Travel_Rarely,1016,Research & Development,4,3,Medical,1,3257043,1,Female,37,3,2,Human Resources,4,Divorced,6021,6129,9,Y,No,23,3,2,80,1,15,2,3,4,1,0,2
126,39,No,Travel_Rarely,472,Sales,5,3,Other,1,16616176,2,Male,65,4,2,Manufacturing Director,4,Married,6181,19923,4,Y,Yes,18,3,3,80,2,7,1,2,3,1,2,1
127,37,No,Travel_Rarely,346,Research & Development,6,3,Technical Degree,1,7274882,4,Male,32,3,2,Research Director,3,Married,13458,4992,4,Y,No,12,3,3,80,0,26,2,3,21,5,8,4
128,57,No,Travel_Rarely,1016,Research & Development,20,4,Medical,1,13223044,2,Female,60,3,2,Human Resources,3,Single,11463,10662,9,Y,Yes,19,3,3,80,0,27,2,3,12,1,4,3
129,46,No,Non-Travel,745,Research & Development,6,3,Life Sciences,1,3716693,4,Male,68,2,3,Manufacturing Director,1,Divorced,14016,8416,8,Y,No,13,3,2,80,0,24,2,2,15,2,0,3
130,37,No,Travel_Rarely,341,Sales,28,2,Life Sciences,1,12972524,1,Female,43,2,3,Laboratory Technician,1,Divorced,4807,4473,1,Y,No,17,3,1,80,0,16,1,3,4,0,3,2
131,43,No,Travel_Frequently,1247,Sales,23,4,Life Sciences,1,9704311,4,Female,37,3,2,Research Scientist,3,Married,4465,25567,1,Y,Yes,12,3,3,80,0,9,3,3,3,0,1,0
132,26,No,Travel_Rarely,1354,Research & Development,27,1,Medical,1,11654550,4,Female,97,2,2,Manufacturing Director,4,Single,6070,9456,1,Y,Yes,21,3,2,80,0,6,2,3,0,0,5,0
133,57,No,Travel_Rarely,1115,Research & Development,2,3,Life Sciences,1,12678400,2,Male,54,2,3,Healthcare Representative,3,Divorced,9738,15229,8,Y,No,21,3,4,80,1,23,2,2,1,0,1,0
134,57,No,Travel_Rarely,400,Research & Development,8,3,Life Sciences,1,15095725,2,Male,44,2,2,Sales Representative,1,Married,14441,5454,2,Y,Yes,20,3,2,80,1,24,4,3,20,2,11,3
135,37,No,Travel_Rarely,947,Research & Development,5,4,Life Sciences,1,7905685,3,Male,72,3,5,Sales Executive,1,Divorced,7766,7675,3,Y,No,13,3,2,80,0,15,2,3,7,5,5,9
136,35,No,Travel_Rarely,1305,Research & Development,10,2,Life Sciences,1,945947,3,Female,74,3,2,Research Scientist,3,Married,4784,17802,0,Y,No,14,3,4,80,2,7,3,3,3,2,11,1
137,23,No,Non-Travel,1373,Sales,27,2,Medical,1,15650668,3,Male,76,2,1,Research Scientist,4,Divorced,3922,23481,3,Y,No,12,3,1,80,0,9,1,3,3,1,0,1
138,37,No,Travel_Frequently,489,Research & Development,11,4,Life Sciences,1,11060329,1,Female,93,3,1,Sales Representative,1,Single,7794,14443,2,Y,No,12,3,1,80,1,13,0,4,6,0,2,2
139,43,No,Travel_Rarely,1188,Sales,7,3,Life Sciences,1,7094608,1,Female,55,2,2,Sales Executive,3,Single,5223,12207,5,Y,Yes,21,4,2,80,0,14,2,3,6,0,3,0
140,34,Yes,Travel_Rarely,1411,Sales,5,3,Medical,1,12302710,1,Female,99,1,4,Sales Representative,4,Single,6629,8449,2,Y,No,22,4,3,80,0,13,2,2,3,4,1,0
141,36,No,Travel_Rarely,492,Research & Development,11,1,Life Sciences,1,10737483,3,Female,65,2,1,Research Scientist,1,Single,6955,10473,3,Y,Yes,19,3,3,80,1,9,6,2,5,0,6,2
142,32,No,Travel_Frequently,513,Research & Development,15,3,Marketing,1,10432451,2,Male,91,4,5,Research Scientist,4,Divorced,11024,21026,1,Y,No,15,3,2,80,0,7,2,3,2,0,0,0
143,34,No,Travel_Rarely,799,Sales,10,2,Medical,1,1098993,4,Female,72,2,2,Research Director,2,Single,3581,18604,1,Y,No,25,4,4,80,1,7,3,3,3,0,0,0
144,41,Yes,Non-Travel,125,Research & Development,13,3,Life Sciences,1,7210239,1,Male,53,3,2,Manufacturing Director,4,Divorced,2186,17640,8,Y,No,14,3,3,80,0,5,3,3,2,0,0,0
145,42,Yes,Travel_Rarely,297,Research & Development,17,3,Medical,1,11702488,4,Female,65,3,2,Laboratory Technician,1,Married,2954,26571,2,Y,Yes,17,3,4,80,0,5,5,2,0,0,0,0
146,37,No,Travel_Rarely,1380,Human Resources,3,2,Marketing,1,12620637,2,Female,38,2,3,Human Resources,4,Married,16208,3785,0,Y,No,12,3,4,80,1,23,3,3,18,7,13,3
147,25,No,Travel_Rarely,486,Research & Development,7,3,Medical,1,14492435,2,Female,86,4,4,Manufacturing Director,4,Divorced,3393,22693,1,Y,No,15,3,4,80,1,6,3,2,2,1,2,0
148,28,Yes,Travel_Rarely,1409,Sales,19,2,Marketing,1,11711661,2,Male,36,3,1,Laboratory Technician,2,Divorced,1627,26288,1,Y,Yes,13,3,4,80,1,2,5,1,2,0,0,0
149,39,No,Non-Travel,510,Sales,26,4,Life Sciences,1,7297876,4,Male,50,3,1,Research Scientist,3,Married,1429,6031,7,Y,No,14,3,1,80,0,6,2,3,6,0,8,3
150,53,No,Travel_Rarely,1409,Sales,3,1,Medical,1,15478512,4,Male,32,2,3,Sales Executive,4,Divorced,19999,9176,3,Y,No,15,3,3,80,1,36,4,3,19,1,0,1
151,33,No,Travel_Rarely,247,Human Resources,3,4,Medical,1,35016,3,Male,56,3,3,Healthcare Representative,2,Divorced,7591,10183,1,Y,Yes,12,3,4,80,1,9,3,3,19,8,10,16
152,48,No,Travel_Frequently,483,Research & Development,3,4,Other,1,6271866,1,Female,53,3,2,Manufacturing Director,3,Divorced,8223,9124,3,Y,No,20,3,3,80,1,30,5,2,0,0,0,0
153,35,Yes,Travel_Rarely,562,Research & Development,23,3,Life Sciences,1,215903,1,Female,75,3,2,Research Scientist,1,Divorced,2254,14640,0,Y,No,13,3,1,80,2,4,0,3,9,0,0,2
154,56,No,Travel_Rarely,1224,Research & Development,14,3,Life Sciences,1,14543746,4,Female,83,3,2,Healthcare Representative,1,Married,15356,18672,7,Y,Yes,16,3,2,80,2,29,6,4,6,3,5,2
155,32,No,Travel_Rarely,733,Research & Development,11,1,Other,1,7014073,3,Female,45,2,1,Laboratory Technician,4,Single,2845,20023,1,Y,No,14,3,1,80,0,5,4,3,1,0,4,0
156,39,No,Travel_Rarely,839,Sales,5,4,Life Sciences,1,6059252,4,Male,41,2,1,Sales Executive,4,Single,4199,23623,9,Y,No,12,3,4,80,0,7,5,3,2,3,0,10
157,31,Yes,Travel_Rarely,1486,Sales,16,4,Medical,1,15592868,3,Male,38,3,1,Sales Executive,2,Married,4341,5220,8,Y,No,23,3,4,80,0,4,2,3,1,5,4,8
158,45,No,Travel_Rarely,372,Research & Development,4,1,Life Sciences,1,13888125,1,Male,87,2,1,Human Resources,1,Married,3322,18123,1,Y,No,15,4,2,80,1,14,4,3,2,0,2,1
159,31,No,Travel_Rarely,1080,Human Resources,17,3,Other,1,8677371,3,Male,64,3,1,Manufacturing Director,3,Divorced,4400,8624,3,Y,No,15,4,4,80,0,7,3,3,0,0,7,1
160,22,No,Travel_Frequently,572,Research & Development,5,2,Technical Degree,1,15366304,2,Male,76,3,1,Sales Executive,4,Divorced,2879,11565,0,Y,Yes,12,3,4,80,1,2,4,1,0,0,0,1
161,59,No,Travel_Rarely,190,Sales,25,2,Life Sciences,1,3224710,2,Male,46,4,2,Manufacturing Director,3,Divorced,10207,3689,8,Y,No,17,3,2,80,0,32,2,3,15,0,2,1
162,31,Yes,Travel_Frequently,257,Sales,11,3,Life Sciences,1,6649245,1,Male,34,3,3,Research Scientist,3,Divorced,6159,13995,1,Y,No,12,3,3,80,1,12,3,3,9,2,3,2
163,34,No,Travel_Rarely,704,Sales,14,3,Medical,1,13820318,3,Male,43,2,2,Manufacturing Director,2,Married,6644,19670,1,Y,No,13,3,3,80,0,17,4,3,11,0,2,1
164,40,Yes,Travel_Rarely,274,Research & Development,19,3,Medical,1,7632803,3,Female,60,3,2,Sales Executive,3,Divorced,2809,26924,0,Y,Yes,23,3,2,80,0,8,2,3,1,0,0,0
165,29,No,Travel_Rarely,1081,Sales,7,2,Other,1,16509609,2,Male,97,3,2,Laboratory Technician,1,Single,1954,23721,0,Y,No,12,3,2,80,1,4,2,2,2,0,1,1
166,34,No,Travel_Rarely,509,Sales,2,2,Human Resources,1,5755678,4,Male,63,1,4,Manager,2,Divorced,9522,2272,6,Y,No,19,3,3,80,1,16,3,4,5,3,4,1
167,41,No,Travel_Rarely,801,Human Resources,19,1,Life Sciences,1,8254238,1,Female,83,3,2,Manager,1,Single,7029,2316,4,Y,No,19,3,2,80,0,12,3,4,2,0,8,0
168,34,No,Travel_Rarely,247,Research & Development,21,3,Life Sciences,1,7872527,1,Female,65,3,1,Laboratory Technician,4,Single,4514,18947,0,Y,Yes,12,3,3,80,0,6,5,3,5,0,0,3
169,28,No,Travel_Rarely,1151,Research & Development,9,2,Marketing,1,16102451,3,Male,90,3,1,Manufacturing Director,2,Single,2867,15810,0,Y,No,15,3,1,80,1,9,2,3,2,3,2,3
170,25,No,Travel_Rarely,489,Research & Development,3,2,Other,1,3390396,3,Female,55,3,1,Sales Executive,2,Married,2110,25508,0,Y,Yes,17,4,1,80,1,2,0,3,3,0,6,3
171,41,No,Non-Travel,624,Research & Development,10,3,Life Sciences,1,12202326,4,Male,40,3,3,Human Resources,2,Married,11733,16445,1,Y,No,21,3,3,80,1,19,2,3,3,0,5,1
172,38,No,Travel_Rarely,537,Sales,7,3,Medical,1,1803312,3,Male,77,3,5,Manager,4,Married,13222,12043,0,Y,No,13,3,3,80,1,22,4,1,22,2,13,4
173,34,No,Travel_Rarely,1060,Research & Development,13,3,Medical,1,7387107,1,Male,44,4,2,Research Scientist,4,Married,3680,20607,1,Y,Yes,15,3,3,80,0,8,3,2,9,0,1,1
174,57,Yes,Travel_Rarely,284,Research & Development,3,5,Medical,1,14194515,1,Female,70,3,1,Manufacturing Director,2,Married,6701,12111,2,Y,No,15,4,1,80,1,24,5,2,9,0,11,2
175,39,Yes,Travel_Rarely,878,Sales,4,3,Life Sciences,1,6093525,3,Male,90,1,1,Research Scientist,1,Married,10278,26276,0,Y,No,14,3,4,80,0,12,2,3,6,0,0,1
176,37,No,Travel_Rarely,1071,Human Resources,20,4,Medical,1,14039317,2,Female,71,3,3,Research Director,4,Divorced,9038,12658,1,Y,Yes,13,3,4,80,0,15,2,3,5,4,2,6
177,34,No,Travel_Rarely,1155,Human Resources,28,4,Medical,1,11603106,1,Female,44,3,2,Sales Executive,4,Married,3508,17251,1,Y,No,21,4,1,80,0,7,3,3,3,2,1,0
178,39,Yes,Travel_Rarely,1287,Sales,23,3,Life Sciences,1,14821140,1,Male,86,3,1,Research Scientist,3,Single,4093,13548,1,Y,No,19,3,2,80,1,8,3,3,9,0,0,4
179,42,No,Travel_Rarely,1029,Sales,6,2,Marketing,1,9728169,3,Male,35,3,2,Human Resources,3,Single,4101,24254,8,Y,Yes,14,3,4,80,0,4,2,3,3,0,0,0
180,44,No,Travel_Rarely,140,Sales,28,3,Marketing,1,13166957,2,Male,77,3,2,Manager,2,Divorced,7746,25894,1,Y,No,13,4,4,80,3,9,3,3,2,0,0,0
181,26,Yes,Travel_Rarely,1221,Human Resources,27,2,Medical,1,10279179,1,Male,88,3,3,Manager,4,Single,7339,23488,1,Y,Yes,17,3,4,80,3,8,2,3,10,0,0,1
182,42,No,Travel_Rarely,885,Research & Development,22,3,Life Sciences,1,6307266,1,Male,52,3,3,Manufacturing Director,2,Married,19999,10831,8,Y,No,19,3,2,80,1,27,0,3,16,4,4,9
183,45,Yes,Travel_Frequently,698,Human Resources,19,3,Medical,1,2638855,2,Male,94,1,3,Research Director,2,Divorced,7151,15513,1,Y,No,18,3,4,80,2,9,2,3,8,1,0,0
184,30,No,Travel_Rarely,174,Sales,22,2,Life Sciences,1,4409652,2,Male,61,3,5,Manufacturing Director,2,Single,9063,12056,9,Y,No,13,3,3,80,2,22,2,3,4,0,6,0
185,30,No,Travel_Rarely,1162,Sales,7,2,Life Sciences,1,7004902,2,Female,94,4,2,Manager,3,Married,7617,22443,1,Y,No,12,3,3,80,1,6,3,3,2,0,9,1
186,44,No,Travel_Rarely,827,Sales,27,3,Medical,1,2713698,3,Male,80,3,1,Sales Executive,4,Single,4576,21881,1,Y,Yes,22,3,4,80,0,15,2,3,6,8,4,8
187,25,Yes,Travel_Frequently,561,Research & Development,26,2,Medical,1,6937426,4,Female,66,2,4,Research Scientist,4,Single,4841,2851,0,Y,No,19,3,4,80,3,2,3,4,4,0,0,0
188,22,No,Travel_Rarely,363,Research & Development,2,1,Medical,1,7744292,4,Male,78,1,2,Research Scientist,3,Married,2380,15967,1,Y,Yes,23,4,1,80,0,3,2,3,1,0,1,0
189,39,No,Non-Travel,706,Research & Development,3,2,Medical,1,16584671,3,Female,56,2,2,Healthcare Representative,2,Married,5659,20647,1,Y,No,14,3,4,80,1,12,3,3,5,4,1,1
190,38,No,Travel_Rarely,200,Research & Development,6,2,Life Sciences,1,15068100,2,Male,73,3,1,Laboratory Technician,4,Married,3556,6413,6,Y,No,23,3,3,80,0,18,3,3,2,0,9,3
191,42,No,Travel_Rarely,665,Sales,2,4,Medical,1,225195,3,Male,37,3,2,Sales Representative,3,Divorced,17943,17520,1,Y,No,17,3,3,80,0,22,1,4,19,5,3,5
192,43,No,Travel_Rarely,1066,Research & Development,15,4,Medical,1,3502833,4,Female,54,3,5,Research Scientist,3,Single,8711,17581,8,Y,No,19,3,3,80,1,23,0,2,7,2,0,1
193,54,No,Travel_Frequently,373,Research & Development,2,4,Life Sciences,1,5170316,4,Female,62,2,5,Research Director,3,Single,17326,5883,3,Y,No,13,3,1,80,2,24,3,1,10,3,2,3
194,25,No,Travel_Rarely,1241,Sales,5,3,Medical,1,2930909,2,Male,76,1,2,Sales Executive,4,Single,4697,15791,8,Y,No,22,3,4,80,0,11,3,1,19,2,7,7
195,33,No,Travel_Rarely,712,Research & Development,14,4,Medical,1,14391719,3,Female,67,3,2,Research Scientist,4,Single,4225,10811,9,Y,No,16,3,3,80,1,7,2,3,1,1,3,1
196,31,No,Travel_Rarely,1367,Research & Development,11,3,Life Sciences,1,6691391,4,Male,84,2,2,Laboratory Technician,1,Married,4086,7709,1,Y,No,13,3,4,80,1,9,2,2,1,0,2,2
197,26,Yes,Travel_Rarely,813,Sales,13,3,Medical,1,11648308,3,Female,54,3,1,Manager,4,Single,2799,12944,1,Y,Yes,14,3,4,80,0,4,3,3,5,0,0,2
198,34,Yes,Travel_Rarely,154,Research & Development,3,3,Medical,1,7695534,1,Female,58,2,1,Laboratory Technician,3,Divorced,3462,10622,1,Y,No,12,3,2,80,0,4,6,3,10,1,1,1
199,52,No,Travel_Rarely,372,Research & Development,12,3,Medical,1,15332241,3,Male,77,3,2,Laboratory Technician,4,Married,4120,26216,5,Y,No,13,3,4,80,0,17,2,2,4,0,0,0
200,36,No,Travel_Rarely,108,Sales,2,4,Technical Degree,1,12602741,1,Male,95,3,2,Laboratory Technician,1,Divorced,5416,12516,4,Y,Yes,12,3,2,80,0,7,1,3,4,0,1,8
201,40,Yes,Non-Travel,454,Human Resources,22,3,Medical,1,8395831,1,Male,91,2,1,Laboratory Technician,1,Single,2111,2366,0,Y,No,12,3,4,80,0,10,3,2,8,2,7,8
202,35,No,Travel_Rarely,1273,Research & Development,25,3,Medical,1,12433640,3,Male,62,2,4,Healthcare Representative,2,Single,9481,11165,2,Y,Yes,16,3,4,80,0,9,5,1,2,0,0,1
203,21,No,Travel_Rarely,533,Research & Development,19,3,Life Sciences,1,961263,1,Female,60,2,4,Research Scientist,2,Married,5169,10820,1,Y,No,12,3,1,80,2,1,2,3,3,0,9,1
204,35,Yes,Non-Travel,1229,Human Resources,3,3,Life Sciences,1,11511920,4,Male,67,3,4,Laboratory Technician,4,Single,6827,12491,1,Y,Yes,14,3,3,80,0,18,3,3,18,4,14,10
205,44,Yes,Travel_Rarely,569,Research & Development,8,2,Life Sciences,1,825985,1,Male,36,2,1,Manufacturing Director,2,Single,12508,23878,3,Y,Yes,14,3,3,80,1,16,6,2,4,0,0,0
206,36,No,Travel_Rarely,1152,Research & Development,6,3,Medical,1,6422569,2,Male,91,1,2,Manufacturing Director,1,Single,2515,13973,1,Y,Yes,21,3,1,80,2,3,5,3,0,0,5,0
207,26,No,Travel_Rarely,527,Research & Development,26,3,Medical,1,13140028,1,Male,59,3,3,Sales Executive,3,Married,5748,20741,5,Y,No,21,3,3,80,0,6,2,3,0,0,0,0
208,31,No,Travel_Rarely,325,Human Resources,11,4,Marketing,1,4499523,2,Female,34,2,1,Manufacturing Director,2,Single,4271,8624,3,Y,Yes,14,3,3,80,3,6,3,3,13,1,0,1
209,32,No,Travel_Rarely,791,Research & Development,20,3,Life Sciences,1,7228182,3,Male,82,3,4,Human Resources,3,Single,4891,10953,2,Y,Yes,13,3,4,80,0,6,1,3,14,1,0,2
210,22,No,Travel_Rarely,489,Research & Development,18,4,Life Sciences,1,5313792,3,Female,47,1,1,Laboratory Technician,1,Married,1267,6781,1,Y,No,17,4,4,80,1,2,2,2,0,0,0,0
211,48,No,Travel_Frequently,1249,Sales,6,2,Life Sciences,1,10755460,3,Male,71,3,5,Sales Representative,3,Married,8721,13182,9,Y,No,21,4,3,80,0,12,3,3,2,1,3,0
212,46,No,Travel_Rarely,1480,Research & Development,17,3,Life Sciences,1,16243518,3,Female,46,1,1,Research Scientist,3,Married,4260,11293,1,Y,No,23,4,1,80,0,17,3,1,12,10,11,8
213,48,No,Travel_Frequently,1229,Research & Development,23,4,Marketing,1,10102985,3,Male,77,1,1,Sales Executive,4,Married,4646,10647,3,Y,No,14,3,4,80,3,21,4,2,15,0,2,1
214,21,No,Travel_Rarely,780,Research & Development,9,2,Medical,1,13809975,3,Male,91,3,1,Laboratory Technician,4,Married,1321,25097,4,Y,Yes,20,3,1,80,1,1,4,2,1,0,0,0
215,43,No,Travel_Frequently,107,Research & Development,8,3,Life Sciences,1,8280098,4,Female,48,2,1,Sales Executive,4,Divorced,4738,12693,0,Y,Yes,13,3,4,80,2,10,2,3,8,0,1,7
216,30,No,Travel_Rarely,233,Research & Development,3,3,Other,1,15352427,1,Male,98,3,2,Research Scientist,2,Married,4962,22220,2,Y,No,15,3,3,80,2,5,3,3,3,0,1,1
217,31,No,Travel_Rarely,839,Research & Development,19,3,Life Sciences,1,2987000,2,Male,97,3,2,Research Director,3,Married,13839,17984,3,Y,No,15,3,4,80,2,16,0,3,16,0,4,2
218,33,Yes,Travel_Rarely,623,Research & Development,24,1,Medical,1,5056094,1,Male,100,3,1,Laboratory Technician,2,Divorced,1262,11320,4,Y,No,18,3,3,80,1,0,3,3,0,0,0,0
219,34,No,Travel_Rarely,1490,Research & Development,4,3,Life Sciences,1,12446086,4,Male,74,2,1,Laboratory Technician,2,Divorced,3648,15086,2,Y,No,12,4,2,80,3,9,5,3,7,0,0,0
220,46,No,Travel_Frequently,1291,Sales,9,3,Medical,1,16005851,4,Female,45,3,3,Research Director,3,Single,11250,24204,3,Y,No,21,4,2,80,0,15,4,1,3,1,1,0
221,23,Yes,Travel_Rarely,531,Research & Development,26,2,Life Sciences,1,8394323,3,Female,68,3,2,Research Director,2,Married,3249,23275,0,Y,Yes,16,3,3,80,1,2,3,3,2,3,6,1
222,41,No,Travel_Frequently,639,Research & Development,7,3,Life Sciences,1,3721257,2,Female,34,4,2,Manager,1,Single,16898,15641,0,Y,Yes,12,3,4,80,0,31,0,3,33,13,11,15
223,42,No,Travel_Rarely,758,Research & Development,10,3,Medical,1,755066,4,Male,91,3,1,Sales Executive,2,Married,5040,14614,1,Y,No,12,3,4,80,1,12,0,3,18,14,7,15
224,29,No,Travel_Rarely,597,Sales,11,4,Other,1,14375455,4,Male,33,2,1,Manager,3,Married,3146,17869,4,Y,No,17,4,4,80,3,4,2,2,0,0,0,0
225,37,No,Travel_Rarely,1377,Research & Development,7,1,Marketing,1,15059968,2,Male,38,3,2,Research Scientist,2,Single,1810,8114,7,Y,No,13,3,2,80,0,2,4,2,0,0,1,0
226,37,No,Travel_Frequently,256,Research & Development,20,3,Medical,1,9727385,2,Male,68,3,1,Manufacturing Director,2,Married,4603,18944,1,Y,Yes,21,3,2,80,0,9,2,3,3,1,5,0
227,38,No,Travel_Frequently,1443,Research & Development,20,3,Life Sciences,1,14821433,1,Female,46,3,2,Sales Executive,1,Single,6666,16849,1,Y,No,13,3,2,80,1,20,2,3,5,1,1,5
228,37,No,Travel_Frequently,927,Research & Development,5,2,Life Sciences,1,12877733,4,Male,83,3,1,Sales Executive,2,Married,2569,8982,6,Y,No,22,3,3,80,2,6,4,3,0,0,0,0
229,43,No,Travel_Rarely,349,Sales,6,3,Medical,1,12831937,3,Male,82,3,1,Laboratory Technician,1,Divorced,6996,10488,2,Y,No,19,4,4,80,1,14,3,3,2,0,1,0
230,41,No,Travel_Rarely,1323,Research & Development,3,3,Marketing,1,1661163,2,Male,76,2,1,Research Director,1,Married,9667,2337,1,Y,No,19,3,4,80,0,15,3,3,2,0,0,0
231,32,No,Travel_Rarely,1227,Research & Development,3,3,Life Sciences,1,10119386,4,Male,85,3,1,Research Scientist,1,Married,4372,14658,1,Y,No,21,3,2,80,1,9,3,2,12,1,6,8
232,35,No,Travel_Rarely,1143,Research & Development,5,3,Life Sciences,1,10676404,4,Female,40,3,4,Manufacturing Director,2,Single,11550,3339,4,Y,No,14,3,3,80,0,10,5,3,7,3,8,6
233,23,No,Travel_Rarely,365,Sales,8,4,Life Sciences,1,4386644,3,Female,90,3,1,Manager,2,Single,2342,4217,2,Y,No,15,3,2,80,0,8,4,4,5,0,2,0
234,28,No,Travel_Rarely,691,Sales,24,2,Life Sciences,1,7289342,4,Male,88,2,4,Sales Representative,4,Married,5300,22894,8,Y,No,18,3,3,80,1,9,3,4,4,0,0,1
235,43,No,Travel_Rarely,689,Human Resources,26,3,Marketing,1,12526125,3,Female,64,3,2,Human Resources,4,Married,7485,25361,3,Y,Yes,13,3,4,80,1,10,6,3,19,0,4,4
236,33,No,Travel_Rarely,394,Research & Development,2,1,Life Sciences,1,9703432,1,Male,31,3,2,Sales Representative,4,Married,4608,20441,1,Y,No,25,3,3,80,3,10,2,2,6,3,3,3
237,38,Yes,Non-Travel,1024,Research & Development,17,3,Medical,1,14217627,4,Female,49,3,2,Laboratory Technician,2,Single,2707,25563,5,Y,No,14,3,1,80,0,8,2,3,0,0,0,0
238,29,Yes,Travel_Rarely,827,Research & Development,8,2,Human Resources,1,9298266,1,Male,42,3,1,Research Scientist,2,Single,3068,22466,1,Y,Yes,14,3,2,80,1,3,3,4,6,1,0,1
239,44,No,Travel_Rarely,1072,Research & Development,17,1,Life Sciences,1,10638018,4,Female,80,4,1,Laboratory Technician,4,Married,4012,26428,2,Y,No,12,4,1,80,1,12,3,3,7,7,4,4
240,37,No,Travel_Rarely,1032,Research & Development,9,3,Life Sciences,1,113287,2,Male,77,3,2,Research Scientist,3,Single,2604,22316,0,Y,Yes,15,3,1,80,1,5,4,1,0,0,0,0
241,45,No,Travel_Rarely,1442,Research & Development,24,4,Other,1,16092725,4,Female,87,3,4,Sales Executive,4,Divorced,10247,7769,2,Y,No,20,3,2,80,1,13,5,1,1,0,1,2
242,45,No,Travel_Rarely,1255,Sales,26,2,Life Sciences,1,13165624,4,Male,77,3,5,Manufacturing Director,3,Married,7780,17909,5,Y,No,14,3,2,80,1,21,3,3,1,2,8,1
243,29,No,Travel_Rarely,533,Research & Development,4,3,Life Sciences,1,15651523,2,Male,83,3,1,Laboratory Technician,2,Divorced,1363,10758,3,Y,No,20,3,3,80,2,1,3,2,2,0,0,0
244,37,Yes,Travel_Frequently,742,Sales,10,4,Life Sciences,1,5073842,1,Male,100,3,2,Healthcare Representative,3,Married,2885,4114,1,Y,No,12,3,1,80,2,6,4,3,4,0,0,2
245,53,No,Travel_Rarely,470,Research & Development,20,4,Medical,1,3027887,4,Female,37,3,2,Manufacturing Director,1,Married,7046,22139,5,Y,Yes,17,3,4,80,3,15,3,3,1,0,3,0
246,46,No,Travel_Rarely,1445,Research & Development,14,4,Life Sciences,1,15632303,4,Female,75,3,2,Research Scientist,3,Married,4026,21941,4,Y,Yes,24,3,3,80,0,11,2,2,3,4,7,4
247,40,No,Travel_Frequently,1238,Sales,6,5,Technical Degree,1,14068247,3,Female,40,1,1,Research Director,3,Divorced,9012,5694,1,Y,No,21,3,3,80,3,10,1,3,16,4,10,0
248,39,No,Travel_Rarely,1150,Research & Development,18,3,Life Sciences,1,453285,1,Male,75,3,1,Research Scientist,3,Married,2567,2329,9,Y,Yes,23,3,4,80,0,9,2,3,2,0,1,0
249,55,Yes,Non-Travel,1017,Research & Development,25,1,Medical,1,3390367,4,Male,76,3,1,Healthcare Representative,2,Married,6306,15907,3,Y,No,18,3,2,80,0,13,1,3,6,0,0,0
250,54,No,Travel_Rarely,514,Research & Development,10,1,Marketing,1,4247307,1,Male,50,2,1,Research Scientist,2,Married,4783,19006,3,Y,No,18,4,4,80,0,15,2,3,3,1,0,0
251,44,No,Travel_Rarely,1243,Research & Development,8,3,Medical,1,7088268,3,Male,72,3,1,Sales Executive,4,Married,6706,25594,0,Y,Yes,12,3,3,80,2,10,2,3,18,5,8,3
252,35,No,Travel_Rarely,139,Sales,20,2,Life Sciences,1,15005897,1,Male,86,2,1,Research Scientist,2,Divorced,1497,6126,0,Y,No,20,3,3,80,0,3,5,3,6,0,1,2
253,26,No,Travel_Frequently,638,Research & Development,5,1,Life Sciences,1,5983052,2,Male,73,3,2,Research Scientist,3,Married,4309,25149,4,Y,No,14,4,2,80,0,7,3,3,3,3,1,3
254,22,Yes,Travel_Frequently,332,Research & Development,6,3,Life Sciences,1,10098245,2,Male,95,3,1,Laboratory Technician,2,Divorced,1802,20868,0,Y,Yes,25,4,2,80,0,1,2,2,1,1,2,0
255,35,No,Travel_Frequently,649,Research & Development,28,3,Life Sciences,1,13670666,3,Male,56,2,2,Research Scientist,2,Divorced,3860,6412,4,Y,No,14,3,4,80,2,4,3,3,5,2,0,0
256,32,No,Travel_Rarely,970,Research & Development,6,3,Life Sciences,1,7704388,2,Male,80,2,3,Manager,4,Married,9064,9657,6,Y,Yes,13,3,2,80,0,10,3,3,6,4,3,5
257,57,No,Travel_Rarely,466,Sales,6,4,Marketing,1,5268380,4,Female,37,3,2,Manufacturing Director,1,Married,5681,12008,0,Y,No,20,3,3,80,0,16,3,3,3,0,8,1
258,45,No,Travel_Rarely,253,Research & Development,4,4,Life Sciences,1,3165631,4,Male,69,2,2,Research Scientist,4,Divorced,3790,2170,5,Y,No,15,3,4,80,1,19,3,3,9,0,5,5
259,34,No,Travel_Rarely,1049,Sales,15,3,Technical Degree,1,1462443,1,Male,74,3,2,Manager,3,Married,14078,16528,5,Y,Yes,19,3,1,80,2,6,3,3,2,0,6,2
260,29,Yes,Non-Travel,1235,Research & Development,29,3,Life Sciences,1,9868429,1,Female,97,2,2,Laboratory Technician,4,Married,2443,23072,1,Y,No,21,3,3,80,1,5,2,3,2,0,0,0
261,48,Yes,Travel_Rarely,408,Research & Development,10,3,Medical,1,9590413,1,Male,36,2,5,Sales Representative,4,Divorced,11309,13495,3,Y,No,23,3,2,80,1,21,3,2,16,3,9,5
262,26,No,Non-Travel,1400,Research & Development,10,2,Medical,1,8415286,4,Female,79,3,1,Research Scientist,4,Married,2422,5351,0,Y,No,22,3,3,80,1,2,3,3,6,0,0,1
263,22,No,Non-Travel,1371,Human Resources,5,3,Medical,1,1804647,4,Male,82,3,1,Research Scientist,4,Single,1179,11763,4,Y,Yes,12,3,2,80,0,0,1,3,0,0,0,0
264,25,No,Travel_Rarely,1413,Sales,24,1,Life Sciences,1,3584659,3,Male,49,3,1,Laboratory Technician,4,Married,1832,6795,1,Y,No,13,3,4,80,1,3,2,3,4,0,0,2
265,31,No,Travel_Rarely,1017,Sales,28,3,Other,1,7215332,2,Male,83,2,3,Healthcare Representative,2,Divorced,7007,14903,1,Y,Yes,18,3,4,80,1,10,3,3,9,1,13,2
266,37,No,Travel_Rarely,1127,Research & Development,15,3,Medical,1,7118513,4,Female,93,3,2,Research Scientist,2,Divorced,7668,7642,3,Y,Yes,12,3,1,80,1,9,2,4,2,0,0,0
267,44,No,Non-Travel,597,Sales,12,4,Medical,1,15005888,4,Male,88,4,5,Healthcare Representative,3,Married,19357,24719,4,Y,No,16,4,1,80,0,21,4,2,9,1,7,1
268,39,No,Travel_Frequently,1419,Research & Development,16,2,Medical,1,89354,1,Female,48,2,1,Sales Executive,1,Single,3808,15021,1,Y,No,15,3,4,80,2,5,3,2,6,3,13,6
269,47,No,Travel_Rarely,1106,Research & Development,11,3,Technical Degree,1,756518,4,Female,76,2,3,Research Scientist,1,Married,14207,25304,3,Y,No,13,3,1,80,0,15,2,3,4,0,0,0
270,37,No,Travel_Frequently,1128,Research & Development,10,3,Life Sciences,1,2770085,4,Female,94,3,1,Laboratory Technician,3,Married,1804,12821,3,Y,Yes,25,4,4,80,1,5,2,3,2,0,6,0
271,36,No,Travel_Rarely,158,Sales,3,3,Life Sciences,1,5437701,1,Female,56,3,4,Sales Executive,4,Married,5239,12656,2,Y,No,24,3,1,80,1,13,2,1,8,2,8,2
272,29,No,Travel_Rarely,413,Research & Development,23,3,Medical,1,2187213,3,Female,32,3,1,Research Scientist,4,Divorced,2005,21616,1,Y,No,12,3,3,80,0,9,2,3,8,4,0,0
273,51,No,Travel_Rarely,953,Research & Development,25,3,Life Sciences,1,3200780,3,Male,62,3,2,Sales Representative,2,Divorced,6171,12272,2,Y,Yes,20,3,4,80,2,20,3,3,8,0,1,5
274,23,Yes,Non-Travel,395,Research & Development,3,2,Medical,1,806262,3,Female,36,2,1,Healthcare Representative,1,Single,2994,6908,1,Y,Yes,14,3,4,80,1,4,3,4,1,0,0,0
275,28,Yes,Travel_Rarely,1393,Research & Development,2,1,Medical,1,6024036,1,Female,97,3,1,Sales Executive,2,Divorced,4321,18168,2,Y,Yes,15,3,1,80,0,2,2,3,0,0,0,0
276,28,Yes,Non-Travel,1010,Research & Development,6,2,Marketing,1,15153080,1,Male,50,3,1,Laboratory Technician,4,Single,1389,25364,0,Y,Yes,16,3,3,80,0,4,2,3,1,0,0,0
277,37,Yes,Travel_Rarely,631,Research & Development,13,1,Life Sciences,1,11040449,4,Female,78,2,1,Research Scientist,1,Divorced,2664,15597,1,Y,Yes,12,3,2,80,1,6,6,3,3,3,0,2
278,22,No,Travel_Frequently,459,Sales,22,2,Medical,1,9247802,2,Male,41,2,1,Laboratory Technician,3,Married,1009,12609,1,Y,No,12,3,2,80,1,0,3,3,0,0,0,0
279,29,No,Travel_Rarely,682,Research & Development,13,3,Life Sciences,1,15718387,2,Female,87,2,1,Laboratory Technician,3,Married,2418,20139,3,Y,No,13,4,3,80,0,12,5,2,8,0,0,1
280,31,No,Travel_Rarely,927,Research & Development,3,4,Medical,1,9539922,4,Male,44,3,2,Sales Executive,3,Single,2814,5391,0,Y,Yes,12,3,2,80,0,3,2,3,7,0,9,0
281,41,No,Non-Travel,535,Sales,4,3,Life Sciences,1,5438148,4,Male,51,3,1,Sales Executive,3,Married,4507,3562,3,Y,Yes,14,4,3,80,0,11,3,3,16,0,3,1
282,35,No,Non-Travel,271,Research & Development,14,3,Life Sciences,1,8349983,1,Male,91,4,5,Sales Executive,3,Married,6993,21606,3,Y,No,12,3,4,80,1,4,3,4,10,1,0,1
283,35,No,Travel_Rarely,443,Sales,27,3,Marketing,1,10032240,2,Male,54,3,2,Manufacturing Director,4,Married,8838,3697,0,Y,No,15,3,3,80,0,12,2,2,23,1,1,8
284,25,No,Travel_Rarely,954,Research & Development,8,2,Life Sciences,1,358983,3,Male,54,2,2,Research Scientist,2,Single,3196,20425,1,Y,Yes,20,3,3,80,1,4,4,3,12,0,0,0
285,39,No,Travel_Rarely,997,Research & Development,9,3,Medical,1,14437455,1,Female,96,2,2,Research Scientist,4,Single,10332,9931,0,Y,No,13,3,4,80,2,16,2,4,18,9,3,4
286,44,No,Travel_Rarely,126,Research & Development,8,3,Human Resources,1,7048202,4,Male,78,2,2,Research Scientist,4,Single,5767,9101,4,Y,No,13,3,4,80,0,6,3,3,1,0,5,1
287,50,No,Travel_Rarely,136,Human Resources,5,3,Medical,1,6557915,4,Male,74,3,4,Research Director,4,Single,19999,24483,1,Y,Yes,21,3,2,80,0,38,3,3,23,2,9,11
288,27,Yes,Travel_Rarely,999,Research & Development,17,3,Technical Degree,1,12242527,3,Male,63,2,1,Laboratory Technician,4,Married,2537,12224,1,Y,No,14,3,2,80,0,2,2,3,1,5,1,1
289,51,No,Travel_Rarely,727,Sales,13,3,Medical,1,599426,1,Male,71,3,1,Research Scientist,3,Married,3788,16005,3,Y,Yes,14,3,4,80,1,18,4,3,2,0,0,1
290,30,No,Travel_Rarely,1308,Sales,27,3,Life Sciences,1,5930874,3,Female,91,3,2,Sales Executive,3,Divorced,5930,13975,4,Y,No,12,3,4,80,0,13,2,3,10,9,5,10
291,40,No,Travel_Rarely,1098,Research & Development,18,4,Medical,1,12293057,1,Male,76,3,4,Human Resources,2,Single,1723,4399,2,Y,No,23,3,2,80,0,8,1,4,5,0,4,1
292,44,No,Travel_Rarely,392,Sales,4,4,Life Sciences,1,11367718,4,Male,81,2,4,Sales Executive,1,Divorced,13952,3351,0,Y,No,13,3,3,80,1,28,2,3,12,0,3,2
293,55,No,Travel_Frequently,372,Research & Development,4,3,Marketing,1,7996677,4,Male,78,3,3,Manager,2,Divorced,15917,10210,4,Y,No,13,3,1,80,2,33,3,2,17,8,12,4
294,30,No,Travel_Frequently,211,Research & Development,19,2,Other,1,14176124,1,Male,53,2,2,Laboratory Technician,4,Single,5699,19450,4,Y,No,13,3,3,80,1,8,2,3,10,1,1,3
295,45,No,Travel_Rarely,935,Sales,21,3,Medical,1,5929848,1,Male,44,2,2,Research Scientist,4,Married,3599,4144,2,Y,Yes,13,3,4,80,0,7,3,3,1,0,0,0
296,37,No,Travel_Rarely,1114,Research & Development,7,3,Technical Degree,1,1870398,3,Female,73,4,1,Human Resources,4,Married,4956,24327,4,Y,No,14,3,3,80,3,13,0,3,4,1,0,2
297,38,Yes,Travel_Rarely,570,Sales,15,2,Medical,1,6227966,2,Male,95,2,1,Sales Representative,4,Divorced,4512,16290,1,Y,No,19,4,4,80,0,3,2,3,0,0,0,0
298,25,Yes,Travel_Rarely,588,Research & Development,2,3,Medical,1,5137742,3,Male,31,3,2,Sales Executive,4,Single,3941,26575,3,Y,No,14,3,1,80,0,3,3,3,1,0,0,0
299,41,No,Travel_Rarely,611,Research & Development,22,4,Life Sciences,1,1456285,4,Male,71,3,1,Sales Executive,2,Divorced,4819,19799,4,Y,Yes,12,3,1,80,1,9,4,3,4,0,0,0
300,23,Yes,Travel_Rarely,291,Research & Development,10,3,Other,1,4561789,4,Male,56,2,3,Research Director,2,Single,8516,10822,1,Y,No,14,3,3,80,1,11,2,3,7,4,3,9
301,35,No,Travel_Rarely,1164,Research & Development,24,2,Medical,1,11123126,3,Female,51,2,4,Research Scientist,2,Single,4393,22628,2,Y,No,12,3,4,80,0,9,2,2,1,1,8,2
302,54,No,Travel_Rarely,848,Research & Development,4,4,Life Sciences,1,4806937,1,Female,55,2,4,Manager,3,Married,13413,7007,4,Y,Yes,14,3,1,80,0,17,2,3,13,2,2,1
303,44,No,Travel_Frequently,1124,Research & Development,13,4,Life Sciences,1,7591979,1,Female,86,3,3,Sales Executive,2,Married,6496,21288,3,Y,Yes,12,3,4,80,1,20,2,3,6,0,0,1
304,41,No,Travel_Frequently,386,Human Resources,11,3,Medical,1,12274010,3,Male,73,4,2,Laboratory Technician,1,Divorced,6763,26849,1,Y,No,22,3,1,80,0,15,2,3,16,7,1,8
305,50,No,Travel_Rarely,1401,Research & Development,24,3,Medical,1,13120,3,Male,54,2,1,Laboratory Technician,2,Divorced,5273,5579,6,Y,Yes,14,3,1,80,0,9,3,3,1,0,0,0
306,45,No,Travel_Frequently,462,Research & Development,4,3,Technical Degree,1,10719303,3,Female,60,4,1,Sales Executive,3,Single,6883,22456,3,Y,No,17,3,4,80,0,14,2,3,16,3,6,7
307,36,No,Travel_Rarely,1480,Sales,10,3,Life Sciences,1,13276517,3,Male,79,4,1,Research Scientist,3,Single,6918,8383,7,Y,No,13,3,4,80,1,21,5,2,10,1,9,2
308,30,No,Travel_Frequently,673,Research & Development,3,3,Marketing,1,958000,4,Female,30,4,1,Healthcare Representative,3,Married,2807,7631,1,Y,Yes,12,3,4,80,0,3,2,4,4,0,6,0
309,27,No,Travel_Rarely,1193,Sales,29,4,Medical,1,2222355,1,Female,65,3,1,Sales Representative,3,Divorced,2639,24317,2,Y,No,13,3,4,80,0,4,1,2,10,2,6,6
310,38,No,Travel_Frequently,190,Sales,16,4,Marketing,1,5684981,4,Male,95,4,1,Manufacturing Director,4,Married,3714,24056,1,Y,No,22,4,2,80,0,7,3,3,5,2,0,0
311,37,No,Travel_Rarely,1452,Research & Development,18,3,Life Sciences,1,10887653,2,Female,64,3,1,Laboratory Technician,4,Married,5599,13044,3,Y,Yes,17,4,4,80,1,19,3,2,7,0,4,1
312,52,No,Travel_Rarely,950,Sales,18,2,Medical,1,11781660,2,Female,63,3,4,Sales Executive,2,Single,12592,16567,4,Y,No,14,3,3,80,1,35,6,3,15,1,9,5
313,41,No,Travel_Frequently,1473,Research & Development,8,4,Technical Degree,1,14781951,3,Female,64,2,4,Human Resources,4,Single,5571,25027,1,Y,No,14,3,3,80,1,14,3,1,11,1,2,4
314,42,No,Travel_Rarely,857,Sales,19,2,Life Sciences,1,8622845,3,Female,60,3,3,Laboratory Technician,1,Married,11166,5271,7,Y,No,20,3,3,80,1,17,5,2,12,0,0,0
315,39,No,Travel_Frequently,296,Sales,20,1,Marketing,1,11892001,3,Male,31,3,1,Manager,3,Divorced,4690,5506,3,Y,No,12,3,1,80,0,10,2,3,4,1,9,1
316,56,No,Travel_Rarely,325,Research & Development,8,2,Life Sciences,1,3728849,1,Male,52,2,5,Sales Executive,3,Married,14674,4749,3,Y,No,16,3,3,80,2,16,5,3,15,1,4,4
317,36,No,Travel_Rarely,1330,Sales,3,2,Medical,1,8804222,3,Male,34,3,1,Manufacturing Director,2,Married,3525,23280,1,Y,No,13,3,1,80,0,3,5,3,1,0,0,0
318,45,Yes,Travel_Rarely,541,Sales,7,2,Medical,1,14244733,3,Male,87,4,3,Laboratory Technician,3,Single,12710,21314,9,Y,No,13,4,4,80,1,19,3,3,1,0,1,0
319,49,No,Travel_Frequently,584,Sales,25,3,Medical,1,6135259,4,Female,47,1,3,Research Director,1,Married,19999,22629,1,Y,No,20,3,3,80,1,29,6,3,20,5,2,8
320,38,No,Travel_Frequently,1187,Sales,3,2,Medical,1,4086044,3,Female,89,2,4,Research Director,4,Divorced,7050,23708,1,Y,No,16,3,4,80,2,2,3,2,1,0,0,0
321,34,No,Travel_Frequently,644,Human Resources,5,3,Human Resources,1,94715,2,Female,70,3,1,Research Scientist,4,Single,3546,8269,1,Y,Yes,21,3,3,80,1,6,3,2,17,7,6,0
322,34,Yes,Travel_Frequently,548,Research & Development,10,3,Life Sciences,1,16319072,1,Male,85,2,2,Research Scientist,4,Single,3794,17975,0,Y,No,15,4,2,80,0,6,5,3,7,1,0,1
323,22,Yes,Travel_Rarely,1251,Sales,19,3,Life Sciences,1,11096952,2,Female,100,3,1,Research Scientist,4,Married,1906,14811,1,Y,No,14,3,2,80,0,5,3,2,1,0,0,1
324,23,No,Travel_Rarely,1334,Research & Development,2,3,Life Sciences,1,4699697,3,Male,50,3,2,Research Scientist,1,Married,3734,18662,1,Y,No,12,3,1,80,1,5,2,2,7,0,1,0
325,36,No,Travel_Rarely,796,Research & Development,3,4,Medical,1,10699556,4,Male,59,3,1,Healthcare Representative,2,Single,1834,12154,1,Y,No,19,3,2,80,0,4,2,2,7,2,10,2
326,27,No,Non-Travel,1369,Sales,7,3,Medical,1,7558110,2,Female,93,2,1,Research Scientist,3,Married,1505,17751,1,Y,No,15,4,3,80,0,2,3,1,2,1,1,4
327,38,No,Travel_Rarely,1418,Sales,14,3,Marketing,1,15143302,2,Female,83,2,2,Sales Executive,3,Married,7238,11159,3,Y,No,15,3,4,80,0,11,3,3,9,2,11,3
328,31,Yes,Travel_Frequently,261,Sales,12,4,Technical Degree,1,6370493,4,Male,63,2,1,Laboratory Technician,1,Single,4678,6156,1,Y,Yes,13,3,2,80,1,6,3,3,7,0,12,1
329,37,No,Travel_Rarely,403,Sales,6,4,Life Sciences,1,6133415,4,Male,100,3,1,Laboratory Technician,2,Married,2518,17626,1,Y,Yes,12,3,2,80,0,5,3,3,13,0,8,1
330,25,Yes,Non-Travel,1076,Research & Development,7,4,Life Sciences,1,6934347,1,Male,66,3,2,Laboratory Technician,4,Married,3689,19977,1,Y,Yes,12,3,3,80,1,3,0,3,1,0,2,2
331,56,No,Travel_Rarely,1398,Research & Development,6,3,Life Sciences,1,6509797,1,Male,87,2,2,Human Resources,3,Married,12097,12720,8,Y,No,19,3,1,80,2,31,2,3,11,2,0,1
332,42,Yes,Travel_Rarely,1000,Research & Development,5,4,Other,1,15805057,2,Male,96,4,1,Manufacturing Director,1,Divorced,5056,8736,4,Y,No,13,3,4,80,3,9,3,3,3,0,0,1
333,54,No,Non-Travel,881,Research & Development,2,3,Life Sciences,1,14571941,4,Male,33,3,3,Manager,1,Married,15698,14158,2,Y,No,15,3,3,80,0,33,2,3,16,2,7,3
334,47,No,Travel_Frequently,940,Sales,13,3,Medical,1,14976806,3,Male,93,1,1,Sales Executive,4,Single,8014,16987,1,Y,Yes,19,3,3,80,0,14,0,1,8,0,0,0
335,23,No,Travel_Frequently,625,Research & Development,14,1,Life Sciences,1,9540426,1,Male,48,4,4,Sales Executive,1,Single,6026,16465,2,Y,No,13,3,1,80,1,7,3,2,3,1,4,8
336,22,No,Travel_Rarely,1157,Research & Development,3,4,Medical,1,9244650,3,Male,38,2,1,Laboratory Technician,2,Married,1664,23526,1,Y,No,16,3,3,80,0,3,3,2,13,2,2,4
337,33,No,Travel_Rarely,469,Human Resources,23,4,Medical,1,12941496,1,Male,46,2,5,Sales Representative,3,Married,4521,18327,1,Y,Yes,23,4,3,80,1,10,5,3,4,0,3,0
338,30,No,Travel_Rarely,833,Research & Development,27,2,Life Sciences,1,824406,2,Male,59,2,1,Research Scientist,1,Single,1706,21382,1,Y,No,12,3,4,80,1,7,3,2,2,0,1,0
339,34,No,Travel_Rarely,184,Research & Development,3,4,Life Sciences,1,13789541,3,Male,52,3,2,Sales Executive,3,Married,5916,14569,1,Y,Yes,15,3,4,80,1,12,6,3,5,0,0,0
340,39,Yes,Travel_Frequently,1462,Sales,15,3,Life Sciences,1,14729041,2,Male,94,4,5,Research Director,2,Married,3031,8620,8,Y,No,18,4,3,80,0,11,2,3,2,0,4,0
341,39,Yes,Travel_Frequently,438,Sales,13,4,Life Sciences,1,5026856,3,Male,56,3,2,Sales Executive,3,Married,8088,25915,1,Y,No,14,3,4,80,0,14,3,3,15,2,0,1
342,39,No,Travel_Frequently,1423,Research & Development,5,3,Marketing,1,16751711,3,Male,69,2,1,Healthcare Representative,3,Single,2837,16751,4,Y,No,14,3,4,80,1,13,3,2,4,0,0,0
343,46,No,Travel_Rarely,473,Research & Development,3,4,Life Sciences,1,5311989,3,Male,82,2,5,Research Director,4,Married,16683,6750,1,Y,No,20,4,3,80,1,22,3,1,17,3,1,7
344,38,No,Travel_Frequently,1458,Research & Development,6,2,Other,1,15163901,1,Male,90,3,2,Research Scientist,3,Single,2342,12985,0,Y,No,14,3,4,80,0,8,2,3,1,0,1,1
345,33,No,Travel_Rarely,460,Research & Development,4,5,Life Sciences,1,13313258,4,Male,53,3,1,Research Scientist,2,Married,3208,16683,4,Y,No,18,3,2,80,0,2,1,1,0,1,1,0
346,29,Yes,Non-Travel,728,Research & Development,25,2,Life Sciences,1,7315295,4,Male,56,3,2,Research Scientist,2,Single,5342,19153,1,Y,No,12,3,4,80,0,7,2,3,10,4,9,7
347,31,No,Travel_Rarely,228,Sales,11,2,Marketing,1,4058167,1,Male,39,3,2,Laboratory Technician,2,Married,5410,25758,1,Y,Yes,21,3,1,80,2,11,3,3,10,5,2,3
348,43,Yes,Travel_Rarely,879,Research & Development,13,4,Life Sciences,1,14843617,1,Male,81,3,1,Laboratory Technician,3,Married,5848,12405,1,Y,No,23,3,4,80,1,8,2,1,10,2,3,3
349,23,No,Travel_Rarely,1188,Human Resources,7,2,Technical Degree,1,10087934,4,Male,52,3,1,Laboratory Technician,4,Married,1697,25585,0,Y,No,15,3,1,80,1,1,5,3,3,0,0,0
350,26,No,Travel_Frequently,983,Research & Development,24,2,Medical,1,3228945,2,Male,39,2,1,Sales Executive,4,Divorced,2325,18239,1,Y,Yes,21,3,4,80,0,3,2,3,1,0,2,0
351,49,Yes,Travel_Frequently,1158,Sales,23,4,Life Sciences,1,11772793,2,Male,42,3,2,Laboratory Technician,3,Married,4905,12358,5,Y,Yes,13,3,3,80,1,10,2,2,6,0,4,0
352,37,No,Travel_Rarely,1434,Sales,21,1,Life Sciences,1,15457007,4,Female,40,3,2,Manager,3,Divorced,11327,25590,1,Y,No,18,3,2,80,0,15,3,1,10,0,8,6
353,54,No,Travel_Rarely,701,Research & Development,4,5,Medical,1,16486246,2,Male,61,3,1,Manufacturing Director,1,Married,3161,15269,8,Y,Yes,19,3,4,80,1,11,2,1,11,1,14,1
354,31,No,Travel_Rarely,1382,Human Resources,21,4,Life Sciences,1,5328915,3,Male,53,3,2,Sales Executive,4,Single,4234,6261,1,Y,Yes,13,3,3,80,1,10,3,3,8,0,1,0
355,32,No,Travel_Rarely,778,Sales,8,3,Medical,1,9268961,4,Male,34,3,1,Research Scientist,1,Married,5154,6210,1,Y,Yes,21,3,2,80,1,13,3,3,15,0,2,1
356,37,Yes,Travel_Rarely,118,Sales,10,4,Medical,1,15300088,1,Male,86,3,2,Sales Executive,4,Single,3111,14703,7,Y,Yes,18,3,3,80,1,8,5,2,0,0,1,0
357,33,No,Travel_Frequently,656,Sales,21,4,Medical,1,16539027,4,Male,76,3,2,Laboratory Technician,2,Divorced,4050,22962,7,Y,No,19,3,3,80,1,11,2,2,1,0,0,0
358,32,Yes,Travel_Rarely,1302,Sales,19,5,Medical,1,16175332,4,Female,99,4,1,Healthcare Representative,1,Married,6078,19296,1,Y,Yes,17,3,2,80,2,10,2,3,3,10,0,8
359,52,Yes,Travel_Rarely,360,Sales,4,3,Life Sciences,1,12868809,3,Male,38,1,4,Research Scientist,3,Single,8564,2823,5,Y,No,13,3,3,80,0,20,4,2,15,12,12,3
360,45,Yes,Travel_Rarely,1192,Sales,15,3,Life Sciences,1,8462833,2,Male,68,2,3,Healthcare Representative,1,Married,9875,4866,8,Y,No,14,3,4,80,1,11,2,2,11,0,1,0
361,38,No,Travel_Frequently,407,Human Resources,8,3,Medical,1,15062456,3,Female,80,3,2,Manufacturing Director,4,Married,6309,4386,0,Y,No,13,4,3,80,1,10,3,3,13,3,10,4
362,44,No,Travel_Rarely,1479,Sales,6,2,Technical Degree,1,1510880,1,Male,44,3,2,Sales Executive,3,Single,5855,11245,7,Y,No,23,3,2,80,0,9,3,2,4,0,0,0
363,36,No,Travel_Rarely,628,Research & Development,6,4,Medical,1,9346897,1,Female,68,3,2,Laboratory Technician,4,Married,8167,17145,6,Y,No,24,4,2,80,1,17,1,3,4,0,1,6
364,34,No,Travel_Rarely,664,Sales,17,3,Medical,1,8823201,4,Male,66,3,1,Sales Executive,3,Married,1806,21578,4,Y,No,17,4,4,80,1,5,4,2,2,1,0,0
365,42,No,Travel_Rarely,885,Research & Development,21,4,Medical,1,4833564,2,Male,89,4,3,Laboratory Technician,3,Single,4889,9551,1,Y,Yes,16,4,3,80,1,13,2,1,12,8,2,1
366,39,No,Travel_Rarely,626,Sales,13,3,Technical Degree,1,546409,2,Male,60,3,2,Sales Executive,3,Divorced,3087,25166,0,Y,No,16,3,2,80,0,10,2,3,19,7,4,4
367,42,No,Travel_Rarely,416,Research & Development,16,3,Life Sciences,1,8114687,4,Female,77,3,1,Laboratory Technician,4,Married,5235,4870,2,Y,No,16,4,3,80,1,28,2,3,9,3,2,4
368,28,No,Travel_Rarely,1485,Research & Development,3,1,Technical Degree,1,11870669,1,Female,67,3,1,Sales Executive,1,Married,8802,22883,1,Y,Yes,14,3,1,80,0,4,3,3,7,1,7,3
369,32,Yes,Travel_Rarely,119,Research & Development,5,4,Medical,1,14673251,4,Male,52,3,1,Laboratory Technician,3,Single,3333,23884,8,Y,No,17,3,2,80,0,9,3,1,8,4,1,2
370,50,No,Travel_Rarely,1127,Sales,23,2,Life Sciences,1,1870396,4,Female,51,3,3,Research Director,3,Married,19999,11566,1,Y,No,15,3,3,80,1,40,3,3,30,0,3,5
371,38,No,Travel_Frequently,974,Research & Development,8,4,Life Sciences,1,6703743,2,Female,75,3,1,Laboratory Technician,3,Single,3165,7259,1,Y,No,24,4,1,80,1,6,2,3,8,2,4,0
372,47,No,Travel_Rarely,355,Sales,15,3,Life Sciences,1,13203806,4,Male,78,3,4,Research Scientist,4,Married,6504,5412,1,Y,No,12,3,4,80,1,27,3,3,27,13,11,10
373,23,No,Travel_Rarely,501,Research & Development,5,3,Life Sciences,1,3205189,3,Male,74,1,1,Laboratory Technician,1,Married,5246,26503,2,Y,No,13,3,3,80,2,15,1,3,7,2,0,1
374,51,No,Travel_Frequently,593,Sales,12,3,Medical,1,15098403,1,Male,92,2,2,Manager,1,Married,9789,14424,1,Y,No,13,3,2,80,0,16,5,3,16,8,1,5
375,38,No,Travel_Rarely,941,Research & Development,25,1,Life Sciences,1,10232313,2,Male,56,3,2,Healthcare Representative,3,Married,11983,26348,8,Y,No,17,3,2,80,2,15,3,3,16,13,11,10
376,45,No,Travel_Frequently,873,Research & Development,13,3,Other,1,6533996,3,Male,65,4,3,Manager,2,Single,11681,7577,3,Y,Yes,17,3,1,80,0,24,3,3,6,2,0,1
377,39,No,Non-Travel,499,Research & Development,19,1,Life Sciences,1,10942753,3,Female,75,3,2,Manager,4,Single,4725,16161,1,Y,Yes,22,3,4,80,0,4,2,3,7,0,0,0
378,43,No,Travel_Rarely,1080,Research & Development,5,4,Marketing,1,1061564,4,Male,96,1,2,Research Scientist,1,Married,5086,15198,1,Y,Yes,12,3,4,80,0,13,3,3,3,0,13,0
379,52,Yes,Non-Travel,947,Research & Development,25,3,Medical,1,6426996,2,Male,71,2,2,Healthcare Representative,3,Single,2317,17835,3,Y,No,15,3,2,80,0,9,3,3,5,0,7,0
380,34,Yes,Travel_Rarely,590,Sales,7,3,Technical Degree,1,6202670,4,Male,41,2,2,Sales Executive,3,Married,6942,25566,1,Y,No,19,3,3,80,2,14,3,3,9,5,9,3
381,47,No,Travel_Frequently,1493,Research & Development,4,4,Medical,1,13467220,2,Female,74,3,4,Sales Representative,4,Married,14268,10342,1,Y,No,17,3,1,80,0,29,2,3,13,4,4,9
382,36,No,Travel_Rarely,416,Research & Development,26,2,Other,1,3702321,2,Male,38,2,2,Manufacturing Director,4,Married,6502,13429,0,Y,No,12,3,4,80,1,13,2,4,25,1,6,3
383,46,No,Travel_Frequently,958,Research & Development,2,3,Medical,1,12634615,3,Male,31,3,3,Research Director,4,Divorced,11531,24066,0,Y,No,12,3,3,80,3,13,3,3,25,1,7,1
384,24,No,Travel_Rarely,277,Sales,2,3,Technical Degree,1,13816271,3,Male,82,3,1,Healthcare Representative,4,Married,4160,21206,8,Y,No,13,3,3,80,3,5,3,3,2,0,1,1
385,40,No,Travel_Rarely,1112,Research & Development,16,3,Life Sciences,1,4878672,1,Male,38,2,1,Laboratory Technician,3,Divorced,2836,16230,1,Y,No,15,3,3,80,0,6,2,3,18,7,6,6
386,23,No,Travel_Rarely,919,Sales,23,3,Other,1,15499323,4,Female,57,4,2,Research Scientist,3,Single,2698,22345,1,Y,No,12,3,2,80,0,3,6,3,2,2,2,3
387,38,No,Travel_Rarely,229,Sales,22,4,Life Sciences,1,7007994,3,Male,63,3,5,Laboratory Technician,1,Single,9107,23424,3,Y,No,13,4,4,80,1,8,3,3,5,2,7,1
388,27,No,Travel_Rarely,376,Research & Development,3,3,Medical,1,8331348,2,Female,87,2,3,Research Director,1,Married,7272,13489,2,Y,Yes,16,3,4,80,2,5,2,3,2,0,0,2
389,47,No,Travel_Rarely,1194,Sales,7,1,Life Sciences,1,15135003,3,Male,66,2,4,Manager,3,Married,8094,8499,1,Y,No,13,3,4,80,0,16,2,3,14,6,8,9
390,26,No,Travel_Rarely,1401,Research & Development,15,2,Life Sciences,1,7085734,2,Female,67,3,2,Manufacturing Director,3,Married,6136,26114,0,Y,No,21,3,3,80,0,5,3,2,2,1,5,1
391,44,No,Travel_Frequently,783,Research & Development,10,3,Other,1,11547979,4,Female,34,4,2,Manufacturing Director,3,Divorced,6289,2368,3,Y,Yes,15,3,2,80,0,18,3,3,5,0,0,1
392,34,No,Travel_Rarely,773,Sales,12,1,Life Sciences,1,11049910,3,Male,71,3,5,Laboratory Technician,3,Divorced,6783,18930,1,Y,No,13,3,3,80,1,6,3,2,9,4,2,9
393,32,Yes,Travel_Rarely,1297,Research & Development,13,2,Life Sciences,1,2824678,4,Female,46,4,2,Manager,4,Married,11347,25139,1,Y,Yes,12,3,4,80,2,8,2,3,14,7,10,5
394,35,No,Travel_Rarely,128,Research & Development,2,3,Life Sciences,1,15038370,3,Male,96,3,1,Sales Executive,1,Single,4637,2732,1,Y,Yes,16,4,3,80,3,19,3,3,6,2,0,3
395,60,No,Travel_Rarely,663,Research & Development,21,3,Medical,1,15041870,1,Male,32,2,3,Healthcare Representative,3,Married,17191,23701,1,Y,No,14,3,4,80,1,37,2,3,16,0,13,0
396,34,No,Travel_Rarely,1089,Sales,24,3,Life Sciences,1,2625200,1,Female,41,2,2,Healthcare Representative,3,Married,8174,25367,1,Y,No,13,3,1,80,0,8,6,1,8,0,9,1
397,50,Yes,Travel_Rarely,1440,Human Resources,6,1,Life Sciences,1,5047204,3,Male,44,1,1,Healthcare Representative,1,Married,6735,16686,4,Y,No,12,3,3,80,2,12,0,2,10,2,0,4
398,31,Yes,Travel_Frequently,363,Sales,19,1,Other,1,12874007,1,Female,57,2,2,Manufacturing Director,4,Married,5350,19474,8,Y,No,14,3,2,80,1,11,3,3,9,2,1,4
399,29,Yes,Travel_Rarely,969,Research & Development,23,1,Medical,1,998222,4,Male,87,1,1,Sales Executive,3,Single,2171,24420,6,Y,No,15,3,2,80,0,7,0,3,14,6,2,12
400,44,No,Travel_Rarely,717,Sales,13,2,Medical,1,2126676,2,Male,87,3,2,Sales Executive,4,Single,5680,11160,1,Y,No,12,3,3,80,3,9,2,3,1,0,7,0
401,27,No,Travel_Frequently,1493,Sales,26,2,Medical,1,4414494,3,Male,32,3,2,Human Resources,2,Divorced,2976,26037,6,Y,Yes,12,4,3,80,1,8,0,3,2,0,10,2
402,43,No,Travel_Rarely,424,Research & Development,6,3,Technical Degree,1,10311113,4,Male,75,4,3,Sales Executive,3,Married,8764,5316,1,Y,No,13,3,3,80,2,16,3,3,6,5,4,10
403,52,No,Travel_Rarely,648,Research & Development,5,4,Medical,1,6146645,4,Male,37,4,2,Research Scientist,4,Divorced,2791,2437,1,Y,No,19,3,3,80,0,15,2,3,12,2,8,4
404,28,No,Travel_Frequently,653,Research & Development,5,1,Life Sciences,1,4034701,3,Male,63,3,1,Sales Executive,2,Married,1992,9883,4,Y,No,13,3,4,80,1,6,5,3,4,4,8,0
405,47,No,Non-Travel,1394,Research & Development,2,2,Life Sciences,1,7595366,1,Male,65,3,2,Research Director,2,Single,10378,20977,4,Y,No,21,3,4,80,1,27,3,2,1,0,13,3
406,59,No,Travel_Rarely,836,Sales,13,1,Marketing,1,13034896,2,Male,96,4,3,Sales Executive,3,Married,14519,20381,1,Y,No,18,3,3,80,1,27,2,3,12,2,0,0
407,41,No,Travel_Rarely,629,Research & Development,3,4,Technical Degree,1,15610937,4,Male,49,2,3,Manufacturing Director,4,Married,11304,2300,1,Y,Yes,13,3,2,80,0,17,4,3,2,0,3,2
408,33,No,Travel_Rarely,1045,Research & Development,2,2,Life Sciences,1,6566536,3,Male,72,3,1,Laboratory Technician,1,Married,2567,16911,0,Y,Yes,21,3,3,80,2,8,3,2,0,0,0,0
409,30,No,Travel_Frequently,1217,Sales,4,2,Medical,1,10963501,1,Male,66,3,2,Sales Executive,4,Single,5638,19728,2,Y,Yes,21,3,2,80,1,6,2,3,1,0,0,0
410,39,No,Travel_Frequently,650,Research & Development,25,3,Life Sciences,1,10646782,3,Male,60,3,3,Research Scientist,4,Single,2988,15934,1,Y,Yes,13,3,1,80,0,6,0,2,1,0,0,0
411,58,Yes,Travel_Rarely,1156,Sales,28,3,Life Sciences,1,1699982,1,Female,60,3,2,Healthcare Representative,2,Single,5916,4164,2,Y,No,25,3,4,80,1,21,3,3,4,0,2,1
412,43,No,Travel_Rarely,939,Research & Development,17,3,Life Sciences,1,16363396,3,Male,79,3,3,Sales Representative,3,Single,9323,3785,2,Y,Yes,22,3,1,80,0,7,2,4,8,0,0,1
413,46,No,Travel_Rarely,1186,Research & Development,21,4,Medical,1,11653437,4,Male,91,3,1,Sales Executive,3,Divorced,11515,6695,1,Y,No,13,3,3,80,1,20,5,2,1,0,3,0
414,25,Yes,Travel_Rarely,1284,Research & Development,21,3,Marketing,1,16247034,3,Female,60,2,2,Sales Executive,4,Single,3477,13212,3,Y,No,17,3,3,80,1,7,2,1,4,0,0,0
415,41,Yes,Travel_Rarely,530,Research & Development,9,5,Life Sciences,1,15702888,3,Male,40,3,1,Laboratory Technician,1,Married,3796,22472,3,Y,No,17,3,4,80,1,10,0,2,5,0,4,0
416,41,No,Travel_Rarely,1176,Sales,5,1,Life Sciences,1,2043609,2,Male,53,4,2,Human Resources,3,Single,6813,22548,3,Y,No,20,3,2,80,0,8,2,3,1,0,0,0
417,27,No,Travel_Rarely,958,Sales,5,4,Life Sciences,1,12679516,1,Male,94,3,1,Healthcare Representative,4,Married,4438,6037,7,Y,No,18,3,1,80,3,2,3,2,1,0,0,0
418,32,No,Travel_Frequently,957,Human Resources,25,3,Human Resources,1,10972526,4,Male,93,3,1,Research Scientist,4,Married,4787,20907,1,Y,No,15,3,3,80,1,10,3,3,10,2,0,2
419,44,No,Travel_Rarely,894,Human Resources,4,3,Technical Degree,1,14890748,3,Female,74,3,3,Research Director,1,Single,13009,3241,6,Y,Yes,19,3,3,80,0,21,2,4,5,3,0,6
420,46,Yes,Travel_Frequently,1360,Human Resources,10,4,Life Sciences,1,7118602,3,Female,56,3,3,Research Director,4,Married,18235,19801,3,Y,No,16,4,3,80,1,24,3,3,21,10,12,15
421,48,Yes,Travel_Rarely,177,Research & Development,11,3,Marketing,1,14335615,1,Male,54,3,5,Sales Representative,3,Married,11533,9289,2,Y,Yes,21,3,4,80,1,24,2,4,7,2,6,0
422,43,No,Non-Travel,695,Research & Development,27,1,Other,1,8879285,3,Female,59,3,3,Healthcare Representative,4,Married,8149,24066,2,Y,No,13,3,3,80,0,14,3,3,6,0,0,1
423,47,No,Travel_Rarely,424,Research & Development,7,2,Life Sciences,1,581817,4,Female,38,2,3,Research Director,2,Divorced,13735,6046,4,Y,No,17,3,4,80,1,13,3,3,8,0,0,0
424,29,No,Travel_Frequently,1024,Research & Development,3,4,Marketing,1,526625,3,Male,78,3,1,Laboratory Technician,4,Single,1950,24411,3,Y,No,15,3,4,80,0,2,2,2,0,0,2,0
425,39,Yes,Travel_Rarely,874,Research & Development,10,1,Human Resources,1,8627159,4,Male,73,4,1,Sales Executive,2,Married,2679,24116,0,Y,No,19,3,3,80,0,2,3,2,7,0,0,1
426,36,No,Travel_Rarely,877,Research & Development,9,4,Technical Degree,1,4314316,1,Female,89,2,1,Laboratory Technician,3,Single,1639,7076,0,Y,Yes,15,3,3,80,1,6,3,2,14,3,5,6
427,39,Yes,Travel_Rarely,329,Research & Development,27,1,Life Sciences,1,14019069,3,Female,43,2,1,Sales Executive,4,Single,4043,19197,3,Y,Yes,18,3,4,80,0,4,3,2,4,1,8,1
428,42,No,Travel_Rarely,367,Sales,4,2,Medical,1,9626413,2,Male,77,2,3,Research Director,1,Married,18382,20058,2,Y,No,20,3,4,80,1,14,3,2,10,1,7,5
429,37,No,Travel_Rarely,967,Sales,13,3,Medical,1,12525680,4,Male,64,3,1,Laboratory Technician,2,Divorced,2497,21915,3,Y,No,14,3,2,80,0,9,2,1,5,0,2,1
430,30,No,Travel_Rarely,194,Research & Development,2,4,Medical,1,7947012,1,Male,61,1,3,Research Director,2,Married,9044,11018,2,Y,No,18,3,1,80,0,15,2,2,11,1,0,7
431,38,No,Travel_Rarely,1011,Sales,2,3,Medical,1,9839608,2,Female,86,2,1,Sales Executive,1,Single,3475,15255,2,Y,No,17,4,3,80,2,10,2,3,5,0,0,0
432,35,No,Travel_Rarely,873,Research & Development,22,4,Life Sciences,1,4700182,3,Female,44,2,3,Laboratory Technician,1,Married,4004,11415,1,Y,Yes,14,3,4,80,1,4,2,3,0,0,1,0
433,36,No,Travel_Rarely,166,Research & Development,24,3,Other,1,8139619,3,Female,31,2,2,Manager,3,Divorced,4405,15586,1,Y,No,13,3,4,80,0,9,3,3,5,0,11,1
434,46,No,Travel_Frequently,751,Research & Development,6,4,Human Resources,1,10313611,4,Male,72,1,2,Healthcare Representative,1,Married,9174,3660,3,Y,No,13,3,2,80,2,16,3,3,1,0,4,1
435,30,No,Non-Travel,773,Research & Development,16,3,Life Sciences,1,464393,4,Male,81,3,1,Research Scientist,2,Married,2096,20093,0,Y,No,20,3,2,80,0,3,3,3,3,0,0,0
436,32,No,Travel_Rarely,1324,Research & Development,17,3,Life Sciences,1,6285180,4,Male,85,3,2,Laboratory Technician,4,Married,3400,3358,6,Y,Yes,16,3,2,80,0,5,3,2,3,0,4,1
437,44,No,Travel_Rarely,705,Research & Development,10,4,Medical,1,7277731,1,Male,64,3,1,Research Scientist,1,Married,1950,26078,7,Y,No,18,4,3,80,1,9,4,3,1,1,0,2
438,35,No,Travel_Rarely,1308,Research & Development,6,4,Medical,1,9313325,3,Male,76,3,4,Sales Representative,4,Single,5179,5650,1,Y,No,12,3,3,80,0,19,3,3,40,8,12,16
439,39,No,Travel_Rarely,435,Research & Development,12,3,Life Sciences,1,13942951,2,Female,81,3,5,Sales Executive,4,Divorced,6869,25832,6,Y,No,21,3,2,80,0,8,3,3,5,0,6,2
440,33,Yes,Travel_Rarely,934,Sales,4,4,Medical,1,13255006,1,Male,59,3,1,Human Resources,4,Married,8400,3215,1,Y,Yes,24,3,2,80,2,9,6,3,2,0,5,0
441,44,No,Travel_Rarely,219,Research & Development,24,3,Other,1,12252213,1,Male,70,2,2,Manager,4,Divorced,13137,12766,1,Y,No,15,3,4,80,1,21,2,3,7,2,8,3
442,29,No,Travel_Rarely,1036,Sales,3,3,Medical,1,11137063,2,Male,52,3,1,Manufacturing Director,4,Married,3033,9948,1,Y,No,22,3,3,80,0,6,3,2,7,0,0,1
443,31,Yes,Travel_Rarely,265,Research & Development,6,1,Medical,1,11920683,2,Male,71,3,1,Sales Executive,1,Single,2500,9592,7,Y,No,17,3,3,80,0,3,2,2,0,0,0,0
444,34,No,Travel_Rarely,1075,Research & Development,9,4,Medical,1,13830113,4,Female,64,3,2,Research Director,1,Single,7699,5022,6,Y,Yes,12,3,4,80,0,7,1,3,6,2,0,0
445,29,No,Travel_Rarely,1450,Sales,11,5,Life Sciences,1,1644403,4,Male,98,3,2,Manager,1,Married,13526,19848,1,Y,No,13,4,1,80,0,11,2,3,2,1,11,3
446,35,Yes,Travel_Rarely,1338,Research & Development,4,3,Life Sciences,1,3373707,3,Male,73,3,2,Research Scientist,1,Divorced,4678,23982,7,Y,Yes,17,3,3,80,0,3,6,3,1,0,2,0
447,30,No,Travel_Rarely,782,Research & Development,3,2,Life Sciences,1,5563561,3,Male,74,2,4,Research Scientist,1,Married,4690,11380,4,Y,Yes,16,3,4,80,1,3,5,3,19,3,8,8
448,52,No,Travel_Rarely,767,Research & Development,13,1,Other,1,14994753,3,Male,97,3,3,Manager,4,Married,19212,24350,3,Y,No,17,3,4,80,1,25,2,3,2,0,4,1
449,25,No,Travel_Rarely,776,Sales,2,3,Other,1,3265097,4,Male,65,2,1,Research Scientist,3,Single,1470,26206,1,Y,No,21,3,2,80,0,4,2,3,1,0,1,0
450,46,No,Travel_Frequently,550,Research & Development,13,3,Human Resources,1,2741822,4,Male,32,3,2,Healthcare Representative,1,Divorced,15335,11059,5,Y,No,22,4,1,80,0,33,2,3,6,0,0,3
451,35,No,Travel_Rarely,685,Research & Development,27,4,Technical Degree,1,11365606,4,Male,35,3,2,Manufacturing Director,3,Single,7051,23049,7,Y,Yes,20,3,4,80,0,11,3,2,5,1,0,1
452,30,Yes,Travel_Rarely,205,Sales,3,1,Life Sciences,1,1415379,4,Male,44,2,4,Healthcare Representative,4,Divorced,5123,6997,1,Y,No,13,3,4,80,0,9,4,3,4,0,2,0
453,30,Yes,Travel_Rarely,1062,Research & Development,25,3,Marketing,1,15553997,2,Male,71,1,4,Laboratory Technician,4,Divorced,4222,16926,7,Y,No,13,3,1,80,1,8,5,1,3,1,2,1
454,26,No,Travel_Rarely,1206,Research & Development,8,2,Life Sciences,1,10804201,4,Male,79,4,3,Sales Executive,4,Married,8928,17094,8,Y,Yes,14,3,3,80,1,15,3,2,5,0,0,1
455,31,Yes,Travel_Frequently,167,Research & Development,16,3,Other,1,3461440,3,Male,66,3,5,Laboratory Technician,1,Divorced,5172,4859,0,Y,Yes,21,3,3,80,1,9,1,3,8,1,0,2
456,24,No,Travel_Rarely,1300,Research & Development,6,4,Life Sciences,1,5493501,1,Male,51,3,1,Laboratory Technician,1,Married,2193,6550,1,Y,Yes,23,3,2,80,0,2,3,2,2,0,0,0
457,30,No,Travel_Rarely,863,Sales,6,3,Medical,1,15782981,2,Female,90,3,1,Sales Executive,4,Married,2826,11808,3,Y,No,22,4,1,80,1,4,3,3,2,0,2,0
458,51,No,Travel_Rarely,870,Research & Development,3,3,Medical,1,16384192,4,Male,80,2,2,Research Scientist,4,Single,5551,3052,6,Y,No,19,3,2,80,1,15,2,3,2,0,0,0
459,30,Yes,Travel_Rarely,1416,Sales,21,4,Life Sciences,1,15641032,3,Male,94,3,1,Manager,3,Divorced,8317,2141,6,Y,Yes,14,3,2,80,3,5,4,3,2,0,0,1
460,36,No,Travel_Rarely,947,Sales,20,2,Medical,1,1596836,4,Female,97,2,4,Manager,4,Single,11100,13023,4,Y,No,15,3,4,80,1,16,3,3,6,1,7,7
461,36,No,Travel_Rarely,1053,Research & Development,3,3,Medical,1,4779531,4,Male,45,2,3,Human Resources,4,Divorced,18726,20912,1,Y,No,15,3,2,80,0,19,2,3,14,0,0,3
462,26,Yes,Travel_Rarely,836,Research & Development,4,3,Medical,1,293710,2,Male,44,3,3,Sales Executive,2,Married,13001,18303,7,Y,No,23,3,3,80,0,16,3,3,14,2,3,7
463,32,No,Travel_Frequently,730,Research & Development,7,3,Life Sciences,1,8880458,2,Male,55,2,2,Research Scientist,4,Married,4977,5967,4,Y,Yes,20,3,2,80,1,13,5,3,11,1,2,1
464,44,No,Travel_Rarely,172,Sales,27,2,Life Sciences,1,12311030,1,Male,39,3,2,Research Scientist,3,Single,5475,23897,1,Y,No,24,4,4,80,2,19,2,3,1,0,1,1
465,26,Yes,Travel_Rarely,262,Sales,28,1,Medical,1,11343358,2,Female,83,3,1,Laboratory Technician,4,Single,1127,7574,0,Y,No,21,4,3,80,1,1,5,3,0,0,1,0
466,30,No,Travel_Rarely,1221,Sales,25,3,Medical,1,1433770,3,Female,54,4,3,Healthcare Representative,1,Divorced,7898,3234,1,Y,Yes,17,3,1,80,0,15,5,1,16,5,1,4
467,49,No,Travel_Rarely,1079,Sales,3,1,Other,1,6083167,3,Female,88,3,3,Manager,3,Married,13823,20146,2,Y,Yes,12,3,1,80,1,21,2,3,8,0,1,0
468,25,No,Travel_Rarely,792,Sales,2,3,Medical,1,6774078,4,Female,59,2,4,Laboratory Technician,1,Married,6238,26554,8,Y,No,15,3,4,80,1,5,3,3,4,5,0,2
469,39,No,Travel_Rarely,1246,Research & Development,5,3,Technical Degree,1,2293559,4,Female,97,2,1,Manufacturing Director,4,Single,7058,5998,1,Y,No,15,3,2,80,0,11,3,2,3,0,0,0
470,33,No,Travel_Frequently,1328,Sales,12,4,Life Sciences,1,14935017,3,Male,77,3,2,Human Resources,1,Married,3497,15482,1,Y,Yes,25,3,2,80,0,17,2,3,27,9,15,6
471,48,No,Travel_Rarely,830,Research & Development,22,4,Other,1,14625488,4,Male,66,2,2,Research Director,3,Married,12765,9614,5,Y,No,17,3,4,80,0,16,2,2,3,1,8,3
472,46,No,Travel_Rarely,1430,Research & Development,4,2,Medical,1,13719164,2,Female,90,1,2,Healthcare Representative,4,Married,11679,21645,1,Y,No,13,3,3,80,0,20,3,3,11,1,8,1
473,48,No,Travel_Frequently,418,Sales,2,1,Life Sciences,1,14032205,3,Male,31,3,2,Research Director,2,Married,13233,5108,4,Y,No,14,3,3,80,1,19,3,2,17,1,10,6
474,43,No,Travel_Frequently,450,Research & Development,2,3,Marketing,1,10209172,1,Female,47,3,4,Human Resources,2,Divorced,10321,11375,2,Y,Yes,15,3,3,80,2,22,6,3,16,11,4,7
475,51,No,Travel_Rarely,319,Research & Development,10,3,Marketing,1,998548,3,Female,57,3,2,Sales Executive,1,Divorced,9002,22429,3,Y,Yes,12,3,3,80,0,16,2,3,9,0,0,1
476,48,No,Travel_Rarely,1359,Research & Development,26,5,Medical,1,11687284,1,Male,86,2,1,Laboratory Technician,1,Divorced,5400,25374,1,Y,No,21,3,3,80,1,11,2,3,8,1,0,3
477,27,No,Travel_Rarely,214,Research & Development,15,2,Life Sciences,1,14845092,4,Female,63,1,1,Laboratory Technician,3,Married,1911,23959,1,Y,No,14,3,3,80,1,8,2,2,13,3,0,4
478,33,No,Travel_Rarely,1243,Research & Development,5,3,Life Sciences,1,1442227,3,Female,66,3,2,Healthcare Representative,4,Married,2489,17319,6,Y,Yes,13,3,1,80,0,6,1,2,0,0,0,0
479,24,No,Travel_Frequently,874,Sales,14,1,Life Sciences,1,11142091,3,Female,66,3,1,Research Scientist,1,Married,1952,23001,1,Y,No,14,3,4,80,1,3,2,3,0,4,0,14
480,57,No,Travel_Rarely,430,Human Resources,6,4,Other,1,2662373,2,Male,68,2,3,Research Director,3,Married,19999,4092,3,Y,No,16,3,4,80,1,31,3,4,30,1,10,6
481,40,No,Travel_Frequently,558,Research & Development,28,2,Life Sciences,1,2167655,4,Female,68,3,4,Sales Executive,4,Divorced,12002,26765,2,Y,No,14,4,1,80,1,8,0,3,4,1,14,1
482,38,No,Travel_Rarely,1108,Sales,10,3,Marketing,1,15885439,4,Male,34,3,2,Sales Representative,3,Single,5289,19234,1,Y,No,15,3,2,80,1,8,0,3,10,1,0,6
483,59,No,Travel_Rarely,1256,Human Resources,28,3,Medical,1,5381329,1,Female,64,3,3,Manufacturing Director,3,Married,8574,12765,3,Y,No,12,3,4,80,1,34,4,2,5,0,0,4
484,49,No,Travel_Rarely,965,Research & Development,10,3,Life Sciences,1,16496023,4,Male,53,3,2,Sales Representative,3,Single,9878,26054,9,Y,No,13,3,4,80,2,21,3,3,2,0,0,1
485,20,No,Travel_Rarely,262,Research & Development,5,2,Life Sciences,1,16364544,2,Male,52,4,1,Laboratory Technician,4,Divorced,1191,8776,0,Y,No,22,3,4,80,1,0,3,3,1,0,0,0
486,44,Yes,Non-Travel,1056,Sales,4,4,Life Sciences,1,7431028,4,Female,91,3,1,Sales Representative,4,Single,4674,3222,1,Y,No,23,3,3,80,1,8,2,2,3,0,3,0
487,35,No,Travel_Rarely,1088,Research & Development,11,4,Medical,1,14293373,1,Female,71,2,4,Human Resources,1,Married,10070,4459,2,Y,No,15,3,3,80,0,18,2,3,23,10,14,9
488,48,No,Travel_Rarely,1085,Research & Development,22,4,Other,1,16314171,1,Male,96,2,1,Research Scientist,3,Married,2060,23385,8,Y,No,16,3,4,80,1,6,2,3,6,2,0,2
489,32,No,Travel_Rarely,1353,Research & Development,25,4,Life Sciences,1,3771953,3,Male,55,3,1,Research Scientist,3,Married,2514,26903,8,Y,No,12,3,4,80,3,3,4,3,3,3,1,4
490,35,No,Travel_Rarely,107,Research & Development,14,4,Medical,1,4985493,4,Female,68,3,2,Human Resources,4,Divorced,10397,24596,0,Y,No,13,3,4,80,0,7,3,3,4,0,0,2
491,34,Yes,Travel_Frequently,894,Sales,18,3,Life Sciences,1,10267973,3,Male,40,3,4,Research Scientist,4,Married,5146,10028,3,Y,No,16,3,2,80,1,9,3,3,4,2,3,3
492,33,Yes,Travel_Rarely,173,Research & Development,16,2,Medical,1,16193058,1,Male,83,3,2,Research Scientist,1,Divorced,6524,7046,2,Y,No,21,3,1,80,0,11,2,2,11,2,1,1
493,43,No,Travel_Rarely,777,Research & Development,14,4,Technical Degree,1,9223117,1,Male,82,2,2,Healthcare Representative,4,Single,6080,5743,1,Y,No,18,4,2,80,1,8,2,3,12,7,12,2
494,29,No,Travel_Rarely,1200,Sales,26,5,Life Sciences,1,1504711,3,Male,34,4,1,Manager,4,Single,3037,8407,4,Y,No,16,4,4,80,1,4,3,3,0,0,0,0
495,46,No,Travel_Rarely,904,Research & Development,17,3,Medical,1,6862795,3,Male,43,2,2,Manufacturing Director,1,Married,6838,9434,7,Y,No,15,3,1,80,2,4,3,3,2,6,1,5
496,18,No,Travel_Rarely,413,Human Resources,6,3,Marketing,1,3741013,4,Male,59,3,1,Laboratory Technician,4,Married,1582,10010,0,Y,Yes,14,3,4,80,1,1,0,2,0,0,0,0
497,29,No,Travel_Rarely,1043,Research & Development,6,1,Life Sciences,1,1611155,3,Male,57,3,3,Manufacturing Director,3,Single,3568,10579,1,Y,No,18,3,2,80,0,5,3,3,4,0,2,0
498,39,No,Travel_Frequently,1398,Research & Development,26,1,Medical,1,3296720,1,Female,74,3,3,Manufacturing Director,2,Divorced,9977,9646,1,Y,No,23,3,4,80,1,14,3,3,9,5,1,10
499,38,No,Travel_Rarely,279,Research & Development,12,1,Life Sciences,1,16544596,3,Female,56,3,3,Healthcare Representative,1,Divorced,16874,24672,4,Y,No,19,3,3,80,1,25,6,3,18,9,0,4
500,42,No,Travel_Rarely,258,Sales,10,2,Life Sciences,1,8557556,3,Male,48,3,2,Sales Executive,4,Married,5184,14809,0,Y,No,25,3,2,80,1,10,3,3,7,1,3,3
501,41,No,Travel_Frequently,1405,Research & Development,2,3,Marketing,1,66650,4,Female,97,2,3,Manufacturing Director,4,Married,14853,15977,1,Y,No,13,3,3,80,1,15,2,3,6,0,4,0
502,32,No,Travel_Rarely,511,Research & Development,27,1,Life Sciences,1,5897938,3,Male,97,3,2,Sales Executive,4,Single,8086,14958,4,Y,Yes,18,4,2,80,0,16,2,3,26,8,3,7
503,26,Yes,Travel_Rarely,1253,Human Resources,9,2,Medical,1,10267784,3,Female,32,4,2,Manufacturing Director,3,Married,9096,9170,3,Y,No,12,3,1,80,1,15,2,2,1,0,0,0
504,42,No,Travel_Frequently,1082,Research & Development,3,3,Medical,1,16374311,3,Female,64,3,2,Healthcare Representative,3,Married,5115,15909,1,Y,No,23,3,1,80,0,17,2,3,13,3,3,8
505,46,No,Travel_Rarely,563,Sales,5,4,Marketing,1,3875419,3,Male,52,3,2,Sales Executive,1,Married,4165,23538,4,Y,Yes,16,3,2,80,0,23,3,2,14,1,2,3
506,36,No,Travel_Rarely,183,Research & Development,20,2,Medical,1,10809583,4,Female,38,2,1,Research Scientist,4,Single,3121,24650,8,Y,No,15,3,3,80,2,5,2,3,2,0,1,1
507,33,Yes,Travel_Rarely,938,Sales,5,1,Other,1,14510490,4,Male,39,3,1,Research Scientist,3,Married,2105,3286,2,Y,No,19,3,4,80,1,3,3,4,2,0,0,0
508,24,Yes,Travel_Rarely,859,Sales,26,2,Medical,1,15845066,3,Female,64,3,1,Laboratory Technician,2,Divorced,1312,3108,1,Y,No,17,4,1,80,0,1,3,3,9,1,1,3
509,19,No,Travel_Rarely,332,Research & Development,16,2,Other,1,777947,2,Male,83,3,1,Laboratory Technician,3,Single,1067,15841,1,Y,No,22,3,4,80,0,0,3,2,0,0,0,0
510,37,No,Travel_Rarely,393,Sales,21,4,Medical,1,10217798,3,Male,31,3,2,Research Scientist,3,Single,5947,10795,1,Y,Yes,14,3,4,80,1,11,2,2,12,0,2,6
511,38,No,Travel_Rarely,1346,Research & Development,4,2,Medical,1,2817982,4,Male,32,3,2,Laboratory Technician,3,Single,2803,23740,1,Y,No,19,3,1,80,2,8,2,3,4,0,8,1
512,38,No,Travel_Rarely,1421,Research & Development,10,2,Technical Degree,1,6422806,1,Male,59,3,2,Sales Executive,3,Single,5081,9957,1,Y,No,15,3,4,80,1,12,1,3,8,1,0,3
513,57,No,Travel_Rarely,631,Research & Development,6,4,Medical,1,9212524,4,Male,96,3,2,Manager,3,Single,7429,22858,3,Y,No,13,3,2,80,0,17,2,3,3,0,1,1
514,35,No,Travel_Rarely,1162,Sales,21,3,Life Sciences,1,4334914,3,Male,33,4,5,Manufacturing Director,4,Divorced,6870,16304,7,Y,Yes,12,3,3,80,1,10,2,3,3,0,0,1
515,35,No,Travel_Frequently,1298,Research & Development,26,3,Medical,1,5776161,4,Male,56,4,2,Sales Representative,4,Married,7373,23513,1,Y,No,17,3,3,80,1,14,0,3,1,0,8,0
516,51,No,Non-Travel,1350,Sales,18,1,Medical,1,10377122,1,Male,48,4,1,Sales Executive,1,Married,3192,11690,6,Y,No,23,3,3,80,1,17,2,3,9,9,1,1
517,29,No,Travel_Rarely,1135,Research & Development,5,3,Medical,1,4560738,4,Male,96,3,1,Research Scientist,2,Single,1889,17893,3,Y,Yes,16,3,4,80,0,3,3,4,0,0,0,0
518,33,No,Non-Travel,242,Research & Development,28,4,Medical,1,6280479,4,Male,59,2,3,Sales Executive,4,Single,7540,21819,0,Y,No,12,3,4,80,0,12,2,3,8,0,11,0
519,42,No,Travel_Rarely,500,Research & Development,26,4,Life Sciences,1,8765794,3,Female,68,3,5,Sales Executive,4,Married,8261,7360,4,Y,No,13,3,4,80,1,11,2,3,12,2,10,2
520,47,No,Travel_Frequently,657,Research & Development,2,1,Medical,1,12460352,2,Female,98,3,2,Healthcare Representative,4,Married,10221,23222,2,Y,No,12,4,2,80,1,14,2,3,3,0,2,0
521,36,No,Travel_Rarely,473,Sales,6,1,Life Sciences,1,14033143,1,Male,75,3,1,Sales Executive,1,Married,2758,20160,0,Y,No,12,3,3,80,1,4,2,3,3,1,0,2
522,39,No,Non-Travel,1045,Research & Development,13,4,Medical,1,11004479,1,Male,39,2,2,Sales Executive,2,Divorced,9674,9496,2,Y,No,19,4,2,80,0,17,5,1,7,2,6,4
523,35,Yes,Travel_Rarely,696,Research & Development,27,2,Other,1,7220690,3,Male,48,3,2,Research Scientist,2,Single,4780,4010,2,Y,No,12,3,3,80,1,17,2,2,7,0,0,0
524,34,No,Travel_Rarely,543,Research & Development,8,4,Marketing,1,1628938,2,Male,91,3,1,Laboratory Technician,4,Single,1578,18589,0,Y,No,25,3,4,80,1,3,3,3,10,4,2,6
525,49,No,Travel_Frequently,1062,Research & Development,6,4,Life Sciences,1,5916129,3,Female,87,4,2,Research Scientist,3,Married,6456,18387,0,Y,Yes,18,3,1,80,1,18,6,3,4,0,4,0
526,30,Yes,Travel_Frequently,434,Sales,18,3,Life Sciences,1,15179989,3,Female,64,2,1,Manufacturing Director,4,Divorced,3882,21366,1,Y,No,13,3,1,80,1,5,3,2,3,1,1,0
527,26,Yes,Travel_Rarely,510,Sales,5,4,Life Sciences,1,13697676,1,Male,40,3,2,Laboratory Technician,1,Married,2484,16275,0,Y,No,13,3,4,80,1,7,2,1,7,0,0,2
528,60,No,Travel_Rarely,354,Research & Development,2,4,Life Sciences,1,14173247,3,Male,37,2,5,Manufacturing Director,1,Married,13795,3136,6,Y,No,13,3,2,80,0,28,3,3,4,0,3,0
529,20,No,Travel_Rarely,512,Research & Development,17,2,Life Sciences,1,5130049,4,Male,92,1,2,Sales Executive,4,Divorced,2177,18588,1,Y,Yes,21,3,1,80,1,1,3,3,0,0,0,0
530,23,No,Travel_Frequently,1246,Sales,9,4,Other,1,14331682,1,Male,44,4,1,Research Scientist,3,Single,2274,9227,1,Y,Yes,20,3,4,80,1,7,5,3,6,2,6,8
531,26,No,Travel_Rarely,1374,Sales,22,2,Life Sciences,1,2411378,2,Female,62,3,1,Laboratory Technician,1,Married,2310,12677,0,Y,Yes,21,3,1,80,3,3,3,3,3,0,0,0
532,46,No,Travel_Rarely,1275,Research & Development,26,1,Other,1,1324671,1,Female,95,3,3,Research Director,3,Married,16494,13079,3,Y,No,13,3,2,80,0,24,5,3,21,2,2,3
533,44,No,Travel_Frequently,679,Sales,21,4,Life Sciences,1,9985909,1,Female,96,1,2,Research Scientist,2,Divorced,1985,24748,2,Y,No,14,3,2,80,1,3,3,3,0,0,6,0
534,28,No,Non-Travel,1128,Research & Development,22,2,Life Sciences,1,8872790,3,Male,74,4,1,Laboratory Technician,3,Divorced,1594,20791,8,Y,No,13,4,3,80,2,2,3,3,0,0,0,0
535,45,No,Travel_Rarely,501,Research & Development,4,5,Technical Degree,1,5468312,3,Female,65,2,2,Research Scientist,4,Married,7282,5046,3,Y,Yes,16,4,3,80,2,21,2,4,7,0,0,0
536,34,No,Travel_Rarely,537,Research & Development,8,4,Life Sciences,1,15147655,1,Male,77,2,1,Research Scientist,3,Married,4628,4619,0,Y,No,12,3,3,80,1,5,5,2,9,0,9,3
537,29,No,Travel_Rarely,435,Sales,15,5,Marketing,1,1969890,1,Male,79,1,2,Research Scientist,3,Married,2182,15878,0,Y,No,12,3,2,80,1,13,2,3,31,18,9,17
538,34,Yes,Travel_Rarely,1111,Sales,18,2,Technical Degree,1,9163680,1,Female,64,3,2,Sales Executive,2,Married,6339,25898,3,Y,Yes,15,3,4,80,0,12,3,3,8,11,1,1
539,39,No,Travel_Rarely,747,Research & Development,19,3,Medical,1,3767756,2,Female,83,3,4,Sales Executive,1,Single,4704,9510,0,Y,Yes,14,3,3,80,1,10,6,3,2,0,3,0
540,31,No,Non-Travel,1279,Research & Development,25,2,Life Sciences,1,1782637,3,Female,60,2,1,Research Scientist,1,Single,5884,19991,2,Y,No,14,3,1,80,1,9,2,3,8,2,0,3
541,41,No,Travel_Rarely,934,Sales,10,3,Medical,1,5360618,3,Female,72,4,5,Manager,4,Married,8804,25470,4,Y,Yes,13,3,3,80,1,15,3,2,24,1,6,13
542,23,No,Travel_Rarely,650,Research & Development,11,4,Life Sciences,1,8745673,4,Male,59,1,1,Laboratory Technician,1,Divorced,1144,11255,1,Y,No,12,3,3,80,3,3,1,1,1,0,0,0
543,44,No,Travel_Rarely,557,Sales,21,3,Technical Degree,1,16110133,4,Male,89,1,3,Sales Representative,4,Divorced,18115,7599,2,Y,No,19,3,2,80,0,30,5,3,23,5,15,7
544,28,No,Travel_Rarely,238,Research & Development,7,2,Medical,1,6483372,1,Male,36,2,4,Research Scientist,1,Divorced,3458,16577,1,Y,No,24,3,3,80,1,5,2,3,1,0,1,0
545,39,No,Travel_Frequently,1123,Research & Development,3,2,Technical Degree,1,5074127,1,Male,78,4,1,Laboratory Technician,4,Divorced,2019,12102,1,Y,No,16,3,2,80,3,8,2,3,3,1,1,2
546,26,No,Travel_Rarely,983,Research & Development,11,3,Medical,1,5918055,3,Male,38,2,4,Manager,1,Single,9311,19558,1,Y,No,17,3,3,80,0,8,3,3,7,2,5,4
547,30,No,Travel_Frequently,519,Research & Development,16,1,Technical Degree,1,9283470,3,Male,99,3,1,Research Scientist,4,Married,3139,17044,1,Y,No,12,3,4,80,3,2,4,3,2,0,2,3
548,35,No,Travel_Rarely,814,Research & Development,5,1,Other,1,2336516,2,Male,66,1,2,Human Resources,4,Single,4350,20682,1,Y,No,16,3,1,80,1,6,1,4,1,0,0,0
549,31,No,Travel_Rarely,1248,Research & Development,5,1,Other,1,6244868,2,Male,32,2,1,Sales Executive,4,Divorced,2917,18864,1,Y,Yes,21,3,1,80,0,4,2,3,2,0,1,0
550,41,No,Travel_Rarely,1218,Sales,26,3,Medical,1,15662147,4,Female,58,3,3,Sales Representative,2,Married,9604,23529,2,Y,No,13,3,1,80,0,11,3,3,4,0,0,0
551,38,No,Travel_Frequently,136,Research & Development,6,4,Medical,1,11605380,4,Male,93,3,1,Healthcare Representative,2,Married,1426,9685,1,Y,No,21,3,4,80,0,7,4,4,1,0,1,0
552,29,No,Travel_Rarely,300,Research & Development,14,3,Medical,1,2321047,1,Female,32,3,2,Research Director,2,Married,12725,25813,3,Y,Yes,17,3,4,80,1,19,2,3,12,4,6,1
553,34,No,Travel_Rarely,935,Research & Development,8,3,Life Sciences,1,7684440,2,Male,36,2,2,Sales Executive,4,Married,3651,8349,0,Y,No,20,4,2,80,1,5,6,3,4,0,1,1
554,35,No,Travel_Rarely,1288,Research & Development,14,2,Life Sciences,1,1883230,3,Male,38,2,2,Research Scientist,2,Married,8398,21192,8,Y,No,12,3,1,80,0,11,1,3,6,0,0,1
555,50,No,Travel_Rarely,432,Research & Development,5,4,Medical,1,8754388,1,Female,89,3,3,Manufacturing Director,4,Divorced,15094,23442,7,Y,No,13,3,1,80,0,18,4,3,6,1,4,1
556,27,No,Travel_Rarely,847,Sales,5,4,Medical,1,2482322,3,Female,64,3,1,Manager,3,Married,3246,6593,1,Y,Yes,23,3,1,80,0,8,2,3,5,1,1,4
557,34,No,Travel_Rarely,975,Research & Development,24,3,Medical,1,3434786,3,Male,59,3,4,Research Scientist,4,Married,3687,6059,1,Y,Yes,18,3,2,80,1,5,3,3,1,0,0,0
558,26,No,Travel_Rarely,670,Sales,19,1,Medical,1,4005613,1,Female,82,3,1,Healthcare Representative,4,Single,7225,2969,3,Y,No,22,3,2,80,1,8,2,3,4,0,0,2
559,21,No,Travel_Rarely,116,Research & Development,6,4,Marketing,1,2731584,1,Male,39,3,1,Laboratory Technician,1,Married,1290,14416,0,Y,No,14,4,1,80,0,1,3,3,1,0,0,0
560,31,No,Travel_Rarely,855,Sales,3,3,Life Sciences,1,2250315,3,Male,49,2,4,Manufacturing Director,3,Divorced,5448,18466,4,Y,Yes,12,3,3,80,0,9,3,3,7,0,3,0
561,47,No,Travel_Rarely,774,Human Resources,17,1,Life Sciences,1,7153422,3,Female,95,3,1,Human Resources,1,Married,7752,3620,4,Y,No,14,3,4,80,1,19,2,3,11,0,3,1
562,53,No,Travel_Frequently,635,Sales,11,3,Marketing,1,9678840,1,Male,50,2,2,Manufacturing Director,4,Single,4106,10715,1,Y,No,12,3,3,80,0,9,2,3,19,0,8,1
563,39,No,Non-Travel,677,Sales,14,1,Marketing,1,16126602,2,Female,86,2,2,Research Director,1,Married,4118,8048,2,Y,No,13,3,2,80,0,6,2,3,10,0,0,0
564,48,No,Travel_Rarely,1390,Human Resources,3,3,Other,1,4598721,1,Male,96,3,2,Manufacturing Director,4,Single,8185,22985,1,Y,Yes,23,3,2,80,1,11,2,3,6,0,2,0
565,52,No,Travel_Frequently,774,Research & Development,7,1,Medical,1,12488806,2,Male,62,2,1,Sales Executive,3,Single,7026,17993,1,Y,Yes,15,3,4,80,0,19,0,3,7,0,3,0
566,38,Yes,Travel_Rarely,524,Research & Development,29,2,Life Sciences,1,3244629,3,Female,94,4,1,Research Scientist,1,Single,1623,21176,4,Y,No,12,3,3,80,1,5,3,4,13,1,5,0
567,27,Yes,Travel_Rarely,119,Research & Development,14,4,Other,1,5829859,4,Female,94,3,2,Research Scientist,1,Married,5040,6456,4,Y,Yes,17,3,3,80,1,8,3,1,14,2,4,5
568,55,No,Travel_Rarely,713,Research & Development,2,2,Life Sciences,1,8579358,1,Male,42,3,3,Manager,3,Single,17001,7923,3,Y,No,13,3,1,80,2,36,2,3,32,7,5,5
569,21,Yes,Travel_Rarely,399,Research & Development,18,2,Life Sciences,1,10445095,1,Female,55,3,1,Laboratory Technician,3,Married,5006,3839,1,Y,Yes,12,3,1,80,3,7,1,3,30,9,5,15
570,23,No,Travel_Rarely,1380,Sales,25,3,Life Sciences,1,11131643,2,Female,39,2,3,Research Director,2,Married,2127,14932,0,Y,No,16,3,3,80,0,7,2,3,0,0,1,0
571,40,No,Travel_Rarely,1146,Sales,16,3,Medical,1,5946218,3,Male,56,1,1,Research Scientist,4,Divorced,3356,2368,7,Y,No,18,3,1,80,0,7,4,2,0,0,4,0
572,22,No,Travel_Rarely,893,Research & Development,3,1,Marketing,1,7940701,2,Male,36,1,2,Healthcare Representative,4,Single,2563,26785,5,Y,No,22,4,1,80,0,3,3,3,0,0,0,0
573,50,No,Travel_Rarely,518,Sales,8,4,Life Sciences,1,6451639,3,Male,79,3,1,Research Scientist,3,Single,7561,23122,1,Y,No,12,3,3,80,1,28,2,3,27,3,1,2
574,24,No,Travel_Rarely,658,Research & Development,8,1,Medical,1,12861531,4,Female,76,3,2,Sales Executive,3,Single,6347,14065,0,Y,Yes,20,4,1,80,1,2,2,2,1,0,0,0
575,27,Yes,Travel_Frequently,150,Sales,25,3,Medical,1,8590426,3,Female,73,3,2,Research Director,4,Divorced,10481,21469,0,Y,Yes,13,3,3,80,2,10,3,3,12,0,7,1
576,26,No,Travel_Rarely,1006,Human Resources,6,1,Medical,1,9800779,3,Female,52,4,4,Sales Representative,4,Divorced,3804,23108,1,Y,Yes,19,3,2,80,0,3,5,3,5,1,1,1
577,34,No,Travel_Rarely,265,Research & Development,5,1,Life Sciences,1,10889721,3,Female,32,3,5,Research Scientist,1,Married,7874,7790,0,Y,No,18,3,2,80,1,8,2,3,1,0,1,1
578,23,No,Travel_Rarely,706,Research & Development,6,2,Technical Degree,1,12737930,2,Male,93,1,1,Sales Executive,3,Divorced,3375,8130,7,Y,No,16,3,4,80,0,3,6,3,0,0,1,0
579,37,No,Non-Travel,236,Research & Development,15,2,Life Sciences,1,10868773,2,Male,32,3,1,Laboratory Technician,1,Single,1156,19702,1,Y,No,18,3,1,80,0,5,3,3,22,1,0,4
580,25,Yes,Travel_Rarely,1440,Research & Development,20,2,Marketing,1,3839657,3,Male,50,2,2,Manager,3,Divorced,6619,8651,4,Y,Yes,15,3,3,80,0,8,3,4,9,2,2,4
581,45,No,Travel_Rarely,220,Research & Development,17,4,Life Sciences,1,6330489,4,Female,75,2,2,Manufacturing Director,4,Married,4665,2805,1,Y,Yes,13,3,2,80,0,13,2,3,1,0,2,0
582,54,No,Travel_Rarely,934,Sales,22,4,Life Sciences,1,2475913,3,Male,91,3,3,Sales Representative,4,Single,12786,2770,1,Y,No,14,3,2,80,2,29,2,3,20,7,0,7
583,41,Yes,Travel_Rarely,413,Research & Development,7,3,Other,1,8681453,4,Male,99,2,1,Research Scientist,3,Married,2049,2208,8,Y,Yes,12,3,1,80,3,9,5,3,2,2,0,2
584,22,No,Travel_Rarely,908,Research & Development,5,3,Life Sciences,1,2658162,1,Female,90,1,1,Laboratory Technician,4,Married,1908,14345,1,Y,No,15,3,3,80,0,9,4,4,8,0,6,9
585,23,No,Travel_Rarely,296,Research & Development,28,3,Life Sciences,1,15220595,2,Female,70,3,3,Research Scientist,1,Married,8122,3254,3,Y,Yes,17,3,3,80,3,8,2,3,14,3,0,2
586,44,No,Travel_Rarely,770,Sales,8,1,Life Sciences,1,8446737,3,Female,61,3,1,Sales Executive,3,Divorced,4780,11597,3,Y,No,16,4,2,80,1,8,3,1,3,1,1,3
587,34,No,Travel_Rarely,276,Research & Development,24,3,Medical,1,723353,4,Male,37,2,1,Research Scientist,4,Single,2730,22025,2,Y,No,14,3,4,80,3,11,2,3,2,0,0,4
588,34,No,Travel_Rarely,590,Human Resources,17,3,Medical,1,777283,3,Male,72,3,3,Manufacturing Director,4,Divorced,15656,23450,3,Y,Yes,19,3,2,80,1,20,3,1,29,1,6,6
589,23,Yes,Travel_Frequently,271,Sales,4,4,Medical,1,13909114,4,Male,94,1,1,Research Scientist,3,Divorced,1141,4455,1,Y,Yes,15,3,4,80,2,1,4,3,1,1,0,2
590,32,No,Non-Travel,747,Research & Development,10,1,Life Sciences,1,16146270,2,Female,51,3,1,Laboratory Technician,3,Single,4364,17767,3,Y,Yes,14,4,4,80,1,12,2,3,11,9,1,6
591,50,No,Travel_Rarely,658,Research & Development,16,4,Medical,1,6821613,3,Male,80,2,2,Manufacturing Director,4,Divorced,8273,21376,2,Y,No,12,4,3,80,0,30,3,3,12,0,8,8
592,38,No,Travel_Frequently,1070,Sales,8,3,Life Sciences,1,1809915,4,Male,70,3,3,Healthcare Representative,4,Single,11820,8729,5,Y,No,15,3,3,80,3,17,2,3,1,0,0,0
593,35,No,Travel_Rarely,485,Research & Development,20,1,Life Sciences,1,4798066,1,Female,51,2,2,Healthcare Representative,3,Single,6480,11133,6,Y,No,13,3,2,80,0,13,2,3,5,2,3,1
594,45,No,Travel_Frequently,1443,Research & Development,18,4,Medical,1,12015998,4,Female,55,2,1,Research Scientist,1,Married,6809,2340,6,Y,No,12,3,4,80,0,16,3,3,3,0,2,1
595,24,No,Travel_Rarely,300,Research & Development,13,3,Medical,1,6749738,4,Male,95,1,1,Laboratory Technician,1,Single,1344,15733,1,Y,No,13,3,3,80,1,2,4,2,5,0,1,0
596,26,No,Travel_Rarely,1055,Sales,15,3,Life Sciences,1,7298926,2,Male,98,3,1,Healthcare Representative,3,Married,2607,16246,1,Y,Yes,14,4,4,80,0,7,4,3,7,3,10,0
597,30,No,Travel_Frequently,833,Research & Development,13,4,Life Sciences,1,2908399,4,Male,99,3,1,Research Scientist,2,Single,4254,6296,9,Y,No,12,3,3,80,1,17,2,3,4,0,0,1
598,27,No,Travel_Rarely,175,Research & Development,2,3,Technical Degree,1,7800510,3,Female,44,3,1,Laboratory Technician,1,Married,1716,18990,0,Y,No,14,3,4,80,2,1,2,1,5,2,0,2
599,39,No,Travel_Frequently,275,Research & Development,2,3,Life Sciences,1,16248028,1,Female,79,2,1,Healthcare Representative,2,Divorced,2498,5281,1,Y,No,16,3,3,80,1,4,3,3,4,0,0,2
600,41,No,Travel_Rarely,698,Research & Development,10,5,Technical Degree,1,6981765,3,Female,41,3,2,Manager,4,Divorced,12753,24689,5,Y,Yes,18,4,2,80,1,24,2,3,23,4,1,8
601,46,No,Travel_Rarely,321,Research & Development,2,3,Life Sciences,1,10335748,3,Male,91,3,1,Research Scientist,1,Single,4815,20732,1,Y,No,19,3,2,80,0,13,3,3,16,0,4,1
602,22,No,Travel_Frequently,558,Research & Development,7,2,Medical,1,10419832,1,Female,31,2,1,Manager,3,Married,4068,6588,3,Y,No,17,3,3,80,1,5,1,2,5,0,13,1
603,49,No,Travel_Rarely,1092,Research & Development,13,4,Marketing,1,2576357,1,Male,35,1,1,Laboratory Technician,3,Married,4957,18050,3,Y,No,15,3,1,80,1,10,2,3,3,0,0,1
604,34,Yes,Travel_Rarely,1277,Research & Development,4,3,Medical,1,1407130,3,Male,97,4,1,Laboratory Technician,3,Married,1766,13913,0,Y,No,12,3,1,80,0,4,6,2,1,0,1,2
605,32,No,Travel_Rarely,1146,Sales,7,4,Life Sciences,1,512793,2,Female,61,3,3,Sales Executive,4,Divorced,14083,24921,1,Y,No,16,3,2,80,0,13,2,3,6,8,5,7
606,42,No,Travel_Rarely,1237,Sales,21,4,Technical Degree,1,11553075,1,Female,95,1,2,Human Resources,4,Married,10334,2722,3,Y,Yes,13,4,4,80,0,19,3,3,16,7,10,2
607,36,No,Travel_Rarely,942,Sales,26,1,Medical,1,6544738,3,Female,87,4,2,Healthcare Representative,3,Married,8899,24955,8,Y,No,12,3,3,80,2,11,3,4,6,0,2,0
608,44,No,Travel_Rarely,475,Research & Development,2,1,Medical,1,10612720,3,Male,59,3,2,Laboratory Technician,4,Divorced,2608,5595,6,Y,Yes,19,3,2,80,1,20,2,3,9,3,1,9
609,27,No,Travel_Frequently,1041,Research & Development,16,3,Life Sciences,1,10305077,1,Male,88,2,1,Research Scientist,1,Divorced,1660,14407,2,Y,No,24,3,4,80,1,2,5,2,1,0,0,1
610,37,No,Travel_Frequently,1172,Research & Development,4,3,Medical,1,462514,2,Male,35,1,2,Manager,4,Single,10310,23260,1,Y,Yes,13,3,1,80,0,7,3,3,0,0,4,0
611,24,Yes,Travel_Rarely,1237,Research & Development,18,4,Life Sciences,1,5810573,1,Female,76,3,1,Research Scientist,2,Married,2578,22409,4,Y,Yes,12,3,3,80,3,4,1,2,3,0,1,1
612,25,No,Non-Travel,1424,Research & Development,14,4,Life Sciences,1,13900565,3,Male,47,3,5,Manufacturing Director,3,Married,4507,24082,1,Y,No,21,4,1,80,1,16,2,2,9,0,1,0
613,46,No,Travel_Rarely,553,Research & Development,4,3,Marketing,1,716449,1,Female,64,2,3,Research Scientist,3,Single,9242,4732,0,Y,No,12,3,3,80,1,10,4,3,9,0,9,1
614,26,Yes,Travel_Rarely,1073,Sales,16,2,Medical,1,9092633,3,Male,34,3,2,Research Scientist,2,Divorced,1815,21667,3,Y,No,23,4,1,80,1,2,1,3,1,0,0,0
615,39,No,Travel_Rarely,1046,Research & Development,2,3,Technical Degree,1,8331507,3,Male,92,2,1,Sales Executive,3,Married,2094,2941,2,Y,No,13,3,1,80,0,2,3,3,4,6,5,6
616,27,No,Travel_Rarely,1426,Sales,5,1,Medical,1,5299941,3,Female,81,3,1,Research Scientist,3,Single,2729,19144,1,Y,Yes,25,3,2,80,2,4,4,3,3,0,1,0
617,23,No,Non-Travel,672,Research & Development,11,4,Medical,1,7548791,2,Male,52,2,2,Healthcare Representative,2,Divorced,5949,23985,3,Y,Yes,18,4,2,80,0,3,3,2,2,1,0,0
618,53,No,Travel_Frequently,206,Research & Development,16,1,Human Resources,1,2564107,2,Male,88,3,2,Laboratory Technician,2,Single,3300,26134,0,Y,No,19,3,3,80,1,7,4,3,3,0,2,1
619,53,No,Travel_Rarely,220,Research & Development,3,5,Marketing,1,13207081,2,Male,78,3,2,Manager,4,Divorced,7623,13671,8,Y,No,19,3,4,80,0,20,3,3,10,3,4,3
620,31,No,Non-Travel,1495,Sales,4,3,Life Sciences,1,4097947,2,Male,99,2,2,Healthcare Representative,3,Single,7202,4203,7,Y,Yes,13,3,2,80,0,15,2,2,11,1,1,3
621,29,No,Travel_Rarely,755,Research & Development,4,2,Life Sciences,1,8561673,3,Male,97,2,1,Research Scientist,4,Married,1978,6698,1,Y,No,25,3,2,80,0,2,3,3,0,0,2,0
622,47,No,Travel_Rarely,1120,Research & Development,17,3,Life Sciences,1,6395219,4,Female,63,3,2,Sales Representative,3,Married,3247,24539,2,Y,No,22,4,3,80,1,12,3,4,5,0,4,0
623,22,Yes,Travel_Rarely,997,Sales,22,4,Technical Degree,1,1196874,3,Male,74,3,1,Sales Executive,1,Married,4628,25438,2,Y,No,13,3,1,80,1,2,6,3,2,0,1,1
624,48,Yes,Travel_Rarely,946,Sales,22,4,Life Sciences,1,9593786,3,Female,97,2,1,Research Director,1,Divorced,11978,25760,4,Y,No,18,3,1,80,0,18,4,3,1,0,1,0
625,28,No,Travel_Rarely,1246,Research & Development,27,2,Life Sciences,1,3211620,2,Female,98,2,1,Laboratory Technician,3,Single,1370,14494,1,Y,No,22,3,4,80,0,3,2,3,0,0,0,0
626,33,No,Travel_Rarely,813,Research & Development,21,1,Medical,1,10243451,3,Female,72,2,1,Research Scientist,1,Married,2002,21201,1,Y,No,19,4,4,80,1,4,2,2,2,1,0,0
627,42,No,Travel_Rarely,1066,Sales,4,4,Life Sciences,1,1857458,4,Male,92,3,1,Research Scientist,1,Single,4451,12348,8,Y,No,20,3,2,80,1,11,6,3,7,3,2,1
628,24,No,Travel_Frequently,977,Sales,4,1,Medical,1,2037266,2,Female,92,3,2,Sales Executive,2,Married,5261,12641,1,Y,No,13,3,3,80,0,3,3,3,7,7,9,5
629,32,No,Travel_Rarely,1236,Research & Development,3,2,Medical,1,4166372,3,Male,61,2,2,Sales Executive,2,Divorced,4196,6614,0,Y,No,13,3,3,80,0,9,2,2,3,0,0,1
630,23,No,Non-Travel,1094,Research & Development,7,4,Marketing,1,711149,3,Male,57,3,1,Laboratory Technician,1,Married,2047,9100,6,Y,No,12,3,3,80,0,2,2,3,0,3,1,3
631,35,No,Travel_Frequently,997,Sales,13,4,Technical Degree,1,2463873,2,Male,35,3,1,Laboratory Technician,3,Divorced,1467,8920,2,Y,No,13,3,2,80,1,3,3,2,3,0,0,0
632,44,No,Travel_Rarely,1493,Research & Development,17,4,Life Sciences,1,6469910,3,Female,56,2,1,Healthcare Representative,4,Divorced,2892,15344,2,Y,Yes,18,3,1,80,0,9,2,3,1,0,1,0
633,21,Yes,Travel_Rarely,205,Sales,8,2,Marketing,1,12316345,3,Male,38,3,1,Laboratory Technician,4,Divorced,1402,10396,4,Y,Yes,12,3,4,80,0,1,2,3,2,0,0,0
634,35,No,Travel_Rarely,1414,Sales,6,3,Medical,1,3681244,1,Female,75,2,2,Manager,4,Single,4529,15293,1,Y,Yes,17,3,2,80,0,12,3,4,10,4,2,8
635,43,No,Travel_Rarely,471,Research & Development,5,3,Life Sciences,1,8070204,3,Female,89,3,4,Research Scientist,1,Married,4107,19660,0,Y,No,18,3,3,80,0,6,4,2,2,0,1,0
636,25,No,Travel_Rarely,553,Research & Development,2,3,Life Sciences,1,11800395,4,Male,90,3,1,Sales Executive,3,Married,5466,17153,0,Y,No,15,4,3,80,1,3,5,3,1,0,0,0
637,19,No,Travel_Rarely,258,Sales,19,1,Marketing,1,16484789,1,Female,33,3,1,Research Scientist,2,Single,1747,2195,0,Y,Yes,13,3,3,80,1,1,3,3,6,0,3,3
638,32,No,Travel_Rarely,651,Research & Development,18,3,Marketing,1,6793046,4,Male,51,2,3,Research Director,3,Married,9740,14803,2,Y,No,17,4,1,80,3,13,1,2,12,2,2,2
639,57,No,Travel_Rarely,570,Research & Development,10,4,Medical,1,14911095,4,Male,33,3,4,Manager,2,Married,16585,3042,6,Y,No,12,4,3,80,1,37,3,3,27,7,8,4
640,33,No,Travel_Frequently,954,Sales,23,4,Medical,1,925393,1,Female,97,2,1,Research Scientist,4,Married,2697,25342,3,Y,No,19,3,2,80,2,8,3,4,2,0,1,0
641,41,Yes,Travel_Rarely,1379,Research & Development,28,4,Medical,1,15329402,1,Female,94,3,2,Sales Executive,2,Married,3875,23375,7,Y,No,16,3,2,80,1,6,3,2,1,0,1,0
642,56,No,Travel_Rarely,1125,Research & Development,22,3,Medical,1,14431342,1,Male,93,3,5,Sales Executive,4,Single,8467,9544,2,Y,Yes,13,3,3,80,0,18,5,3,11,5,2,3
643,41,Yes,Non-Travel,605,Research & Development,21,3,Life Sciences,1,9679713,2,Female,58,1,1,Sales Executive,2,Married,4759,16606,8,Y,No,20,4,2,80,2,9,2,3,15,0,0,0
644,37,No,Travel_Frequently,565,Research & Development,5,2,Medical,1,13698572,3,Female,99,3,3,Human Resources,2,Married,19999,15569,1,Y,No,12,3,3,80,1,14,0,3,0,0,0,0
645,33,No,Travel_Frequently,1262,Research & Development,28,2,Life Sciences,1,5226098,4,Female,47,2,3,Sales Executive,3,Married,8274,23607,1,Y,No,21,3,2,80,1,9,2,2,11,1,12,8
646,22,Yes,Travel_Rarely,978,Sales,29,3,Technical Degree,1,10864972,2,Male,91,3,1,Laboratory Technician,3,Divorced,1563,14711,2,Y,No,13,3,4,80,0,1,4,3,0,0,0,1
647,35,Yes,Travel_Rarely,154,Research & Development,21,4,Life Sciences,1,15236347,3,Male,96,3,1,Sales Executive,1,Divorced,1660,17604,0,Y,No,16,3,2,80,0,2,3,4,1,0,1,3
648,25,No,Travel_Rarely,1403,Sales,22,3,Life Sciences,1,4979070,1,Female,48,2,1,Laboratory Technician,2,Divorced,3022,8574,0,Y,No,12,3,2,80,2,10,2,3,28,12,7,9
649,37,No,Travel_Rarely,125,Research & Development,13,1,Marketing,1,2480250,4,Female,35,2,1,Sales Executive,4,Single,4804,18635,1,Y,Yes,25,4,2,80,1,14,3,3,10,0,8,2
650,39,No,Non-Travel,1052,Research & Development,8,2,Life Sciences,1,8410868,3,Female,56,4,1,Manufacturing Director,4,Single,3497,5607,9,Y,No,15,3,1,80,3,11,6,2,3,0,1,0
651,32,No,Travel_Rarely,613,Research & Development,13,2,Marketing,1,7427531,3,Male,66,3,2,Sales Executive,1,Single,6799,16343,2,Y,No,14,3,3,80,2,9,3,4,2,2,13,6
652,43,No,Travel_Rarely,159,Research & Development,28,3,Other,1,928234,2,Female,88,2,1,Research Scientist,3,Married,2309,17820,2,Y,No,13,3,2,80,0,6,2,3,2,2,1,0
653,32,No,Travel_Rarely,637,Research & Development,21,2,Medical,1,5004991,4,Male,90,2,1,Sales Executive,2,Married,5816,24039,1,Y,Yes,21,3,3,80,1,8,3,3,14,4,3,0
654,35,No,Travel_Frequently,865,Sales,7,2,Life Sciences,1,15396303,4,Male,64,3,1,Research Scientist,4,Divorced,1898,20634,0,Y,Yes,12,3,3,80,1,4,5,3,7,1,1,0
655,35,No,Travel_Rarely,585,Research & Development,10,3,Life Sciences,1,9516277,1,Female,94,2,2,Laboratory Technician,4,Married,4914,17414,2,Y,No,18,4,3,80,1,9,3,2,10,1,0,1
656,42,No,Travel_Frequently,1457,Research & Development,25,3,Life Sciences,1,16417851,4,Male,69,3,2,Laboratory Technician,3,Married,5724,10993,1,Y,No,12,3,2,80,0,13,5,2,2,0,1,1
657,28,No,Travel_Rarely,405,Research & Development,16,3,Life Sciences,1,15047291,2,Male,88,3,1,Sales Representative,1,Divorced,2790,7138,2,Y,Yes,15,3,2,80,1,1,3,2,0,0,0,0
658,39,No,Travel_Rarely,1401,Sales,19,3,Medical,1,128121,1,Male,95,4,3,Manager,3,Single,12769,3031,1,Y,No,16,4,3,80,1,16,0,3,22,3,8,14
659,36,No,Travel_Rarely,1261,Research & Development,19,1,Life Sciences,1,14454960,3,Male,94,3,1,Sales Executive,4,Divorced,4505,16038,0,Y,No,24,3,3,80,1,10,3,3,17,3,2,1
660,23,Yes,Travel_Frequently,444,Research & Development,7,3,Medical,1,9472338,4,Female,49,3,1,Sales Executive,4,Divorced,2190,20934,1,Y,No,18,3,4,80,0,1,2,3,2,0,3,0
661,48,No,Travel_Frequently,1209,Sales,17,3,Medical,1,5497342,4,Male,38,3,3,Sales Executive,4,Married,9304,3026,3,Y,No,13,3,3,80,0,23,2,3,3,0,3,3
662,26,No,Travel_Rarely,936,Research & Development,18,3,Life Sciences,1,15416115,4,Female,68,2,2,Sales Executive,2,Divorced,2740,12812,2,Y,No,12,3,3,80,1,5,2,3,4,1,0,1
663,27,No,Travel_Rarely,278,Sales,25,3,Medical,1,12409610,1,Male,33,3,3,Sales Representative,1,Single,7010,7316,1,Y,Yes,16,4,4,80,0,11,2,2,1,0,5,1
664,30,No,Travel_Rarely,319,Research & Development,9,3,Technical Degree,1,10985661,3,Female,93,2,5,Sales Representative,2,Married,9891,10847,2,Y,No,17,3,3,80,0,6,3,3,1,0,1,1
665,35,Yes,Travel_Rarely,1487,Sales,12,3,Life Sciences,1,5303372,3,Male,33,3,1,Research Scientist,4,Married,8636,17123,1,Y,No,14,3,4,80,3,9,2,2,8,1,12,2
666,34,No,Non-Travel,218,Sales,18,1,Other,1,7841427,2,Female,85,1,1,Manufacturing Director,3,Married,1224,24712,1,Y,No,15,3,1,80,1,0,5,3,1,0,0,0
667,53,No,Travel_Rarely,342,Research & Development,2,1,Human Resources,1,8529474,1,Male,85,3,3,Sales Representative,3,Divorced,15731,21730,3,Y,Yes,14,3,3,80,1,16,4,3,1,0,5,0
668,22,No,Travel_Rarely,1343,Research & Development,26,4,Life Sciences,1,15967257,4,Male,44,3,1,Sales Executive,3,Married,3629,7058,2,Y,No,17,3,2,80,0,2,3,2,4,1,2,1
669,24,No,Travel_Rarely,144,Sales,2,4,Medical,1,7023127,4,Male,94,2,1,Research Scientist,2,Married,4640,2314,1,Y,No,22,3,2,80,2,5,3,2,6,1,6,9
670,25,No,Travel_Rarely,679,Sales,21,3,Life Sciences,1,6393206,1,Male,68,2,2,Research Director,1,Divorced,7832,2264,9,Y,No,15,3,4,80,1,9,3,3,1,0,6,0
671,49,No,Travel_Rarely,1335,Research & Development,7,2,Life Sciences,1,809746,4,Female,67,1,5,Healthcare Representative,2,Single,13421,11805,7,Y,No,16,3,1,80,0,24,2,4,6,1,0,2
672,40,No,Travel_Frequently,1258,Research & Development,8,1,Marketing,1,10837605,4,Male,78,3,1,Research Scientist,4,Married,4652,11650,1,Y,Yes,14,3,1,80,2,5,2,3,3,0,6,0
673,43,Yes,Travel_Frequently,642,Research & Development,28,4,Life Sciences,1,14584807,2,Male,89,3,1,Laboratory Technician,1,Married,2865,8728,9,Y,No,15,3,1,80,0,9,2,3,7,1,8,5
674,29,No,Travel_Frequently,437,Research & Development,23,3,Life Sciences,1,6398264,3,Female,44,3,3,Research Director,4,Married,12442,10726,6,Y,No,20,3,4,80,1,15,2,3,7,1,3,1
675,42,No,Travel_Rarely,990,Research & Development,25,3,Life Sciences,1,13290718,4,Male,98,2,1,Research Scientist,2,Single,2626,9356,3,Y,No,17,3,3,80,0,8,2,3,1,0,0,2
676,45,No,Travel_Rarely,424,Research & Development,10,3,Marketing,1,10113247,3,Male,100,2,1,Sales Executive,1,Married,8153,3654,4,Y,No,13,3,4,80,1,16,3,1,10,3,1,9
677,35,No,Travel_Rarely,1071,Human Resources,17,4,Life Sciences,1,2164786,4,Female,72,2,3,Sales Executive,2,Single,6710,9056,4,Y,Yes,12,3,3,80,1,9,3,4,9,0,1,1
678,45,No,Travel_Rarely,896,Sales,20,1,Medical,1,1913204,3,Male,100,3,1,Sales Executive,4,Single,8451,15414,1,Y,No,25,3,3,80,2,16,4,2,13,2,1,0
679,30,No,Non-Travel,724,Research & Development,12,3,Life Sciences,1,2202695,4,Male,90,4,1,Research Scientist,3,Single,4130,4824,3,Y,No,22,3,1,80,0,4,3,3,1,0,1,0
680,42,No,Travel_Frequently,301,Research & Development,11,2,Medical,1,7240587,2,Male,51,4,2,Manufacturing Director,4,Single,2730,14419,1,Y,No,22,3,2,80,0,21,1,4,20,6,3,10
681,34,No,Non-Travel,856,Research & Development,5,3,Life Sciences,1,165322,4,Male,73,4,3,Research Scientist,4,Married,10863,2497,1,Y,Yes,21,3,3,80,1,12,2,3,5,0,3,1
682,60,No,Travel_Frequently,686,Research & Development,6,4,Medical,1,12423651,2,Female,63,2,3,Research Director,4,Single,10077,9842,9,Y,No,15,3,3,80,0,25,3,3,1,0,3,1
683,40,No,Travel_Rarely,1348,Sales,21,4,Medical,1,12919395,4,Male,76,3,3,Research Director,4,Married,8453,7836,3,Y,Yes,20,3,4,80,1,12,3,3,8,0,0,2
684,31,No,Travel_Frequently,1336,Research & Development,14,4,Medical,1,7277558,4,Female,72,3,2,Research Scientist,4,Divorced,3696,8300,8,Y,No,20,3,1,80,0,9,3,2,1,0,0,0
685,56,No,Travel_Rarely,245,Research & Development,4,4,Marketing,1,13195230,2,Female,77,4,3,Human Resources,3,Married,19999,2900,1,Y,No,24,3,3,80,1,35,3,3,15,1,11,1
686,26,No,Travel_Frequently,450,Research & Development,3,1,Medical,1,4738606,3,Male,94,4,2,Research Scientist,4,Married,4144,14261,0,Y,No,12,3,1,80,1,8,2,2,2,0,0,7
687,41,Yes,Travel_Frequently,992,Sales,10,4,Technical Degree,1,10068356,3,Male,47,1,4,Healthcare Representative,2,Married,7356,14788,0,Y,Yes,19,3,3,80,3,12,3,3,5,1,1,0
688,35,No,Travel_Frequently,1196,Research & Development,7,4,Life Sciences,1,15603904,3,Female,95,3,1,Research Scientist,4,Single,3331,14943,1,Y,No,25,3,4,80,2,2,5,2,4,0,3,5
689,33,No,Travel_Rarely,1172,Research & Development,26,2,Medical,1,31190,3,Male,39,3,1,Research Scientist,3,Divorced,1851,18969,2,Y,No,15,3,4,80,1,4,4,3,3,0,1,3
690,31,No,Travel_Rarely,276,Research & Development,2,2,Medical,1,13003277,4,Male,53,2,1,Healthcare Representative,4,Divorced,2454,18686,0,Y,Yes,23,3,4,80,1,6,0,3,14,3,9,2
691,34,No,Travel_Rarely,155,Research & Development,17,4,Medical,1,14343319,4,Male,50,3,2,Laboratory Technician,3,Married,2576,12526,0,Y,No,14,3,4,80,1,10,6,3,21,7,3,14
692,42,No,Travel_Rarely,502,Research & Development,12,4,Marketing,1,10275051,2,Female,87,3,1,Research Scientist,4,Married,3533,24504,1,Y,No,13,3,1,80,1,7,4,4,5,2,0,1
693,34,No,Travel_Frequently,918,Research & Development,27,2,Medical,1,8038584,4,Female,84,4,1,Sales Executive,2,Single,4913,12207,1,Y,No,13,3,4,80,1,6,3,2,1,0,1,0
694,34,No,Travel_Rarely,482,Sales,21,1,Life Sciences,1,3854663,2,Female,34,4,3,Sales Representative,2,Divorced,9840,24475,7,Y,No,12,3,2,80,1,11,2,3,8,3,11,7
695,50,No,Travel_Rarely,1080,Human Resources,2,4,Medical,1,12206331,1,Male,62,4,2,Manager,3,Married,4313,18516,1,Y,No,12,3,2,80,2,7,5,3,4,0,7,1
696,30,No,Travel_Rarely,720,Sales,20,3,Life Sciences,1,7647651,4,Male,80,3,2,Research Scientist,2,Single,2823,21767,4,Y,No,20,3,1,80,0,2,3,3,0,0,0,0
697,40,No,Travel_Rarely,492,Research & Development,14,2,Life Sciences,1,13677433,4,Female,32,2,1,Research Scientist,3,Married,4427,10721,1,Y,No,13,3,4,80,0,5,2,3,0,0,0,0
698,25,Yes,Travel_Rarely,440,Sales,24,2,Medical,1,15707318,3,Male,99,4,1,Research Scientist,1,Single,1693,7932,0,Y,Yes,16,4,1,80,0,3,2,1,2,0,0,0
699,47,No,Travel_Rarely,604,Research & Development,6,3,Other,1,8870867,2,Male,32,3,1,Research Scientist,2,Single,3545,5947,6,Y,No,15,4,1,80,1,9,3,3,3,0,5,0
700,45,No,Non-Travel,572,Research & Development,11,3,Life Sciences,1,15893649,3,Male,80,2,2,Research Scientist,4,Single,4004,13979,6,Y,Yes,25,3,2,80,1,19,3,3,13,4,1,4
701,26,No,Travel_Frequently,334,Research & Development,3,2,Medical,1,13064368,2,Male,60,3,1,Laboratory Technician,1,Single,1819,6255,0,Y,No,15,3,3,80,2,7,3,1,6,1,0,0
702,23,Yes,Travel_Rarely,974,Research & Development,19,2,Life Sciences,1,6695057,4,Male,88,2,1,Laboratory Technician,3,Married,2659,10192,1,Y,No,12,3,4,80,1,2,2,4,1,0,7,1
703,35,No,Travel_Rarely,639,Human Resources,13,4,Other,1,7146928,3,Female,39,2,2,Laboratory Technician,4,Divorced,2766,3315,2,Y,No,15,3,2,80,0,5,2,2,2,0,1,0
704,24,Yes,Travel_Frequently,1384,Research & Development,13,2,Medical,1,3581746,3,Female,81,3,1,Healthcare Representative,2,Single,1178,25101,5,Y,No,13,3,3,80,0,1,5,2,1,0,0,0
705,33,No,Travel_Rarely,933,Sales,19,4,Other,1,1619187,1,Female,99,1,1,Sales Executive,3,Married,4135,18985,1,Y,Yes,12,3,1,80,3,6,1,3,5,3,0,2
706,54,No,Travel_Frequently,786,Research & Development,19,5,Medical,1,12079569,4,Male,52,1,3,Sales Representative,4,Married,16546,8004,7,Y,No,13,3,1,80,0,29,3,3,4,1,13,0
707,34,No,Travel_Rarely,983,Sales,4,4,Technical Degree,1,1567106,1,Male,37,3,1,Research Scientist,4,Divorced,4567,14425,1,Y,No,25,4,4,80,0,5,3,2,14,1,4,2
708,23,No,Travel_Rarely,1476,Research & Development,19,1,Life Sciences,1,9262849,3,Male,35,3,2,Laboratory Technician,3,Single,5100,8634,3,Y,No,13,3,3,80,0,7,3,3,7,7,0,10
709,45,No,Travel_Frequently,423,Research & Development,8,2,Life Sciences,1,15776203,1,Female,78,3,2,Manufacturing Director,3,Married,6679,7115,3,Y,No,16,3,4,80,1,12,2,3,3,0,2,0
710,31,No,Travel_Rarely,1299,Research & Development,12,5,Life Sciences,1,11001907,4,Female,87,4,1,Sales Representative,2,Divorced,4855,16943,3,Y,No,16,4,4,80,0,7,3,3,4,0,0,0
711,49,No,Travel_Rarely,749,Research & Development,7,4,Other,1,4774366,1,Male,40,4,2,Healthcare Representative,3,Divorced,19999,21993,1,Y,No,19,3,4,80,1,39,3,3,8,13,5,7
712,26,Yes,Travel_Rarely,601,Sales,7,2,Life Sciences,1,310778,3,Female,50,3,2,Research Scientist,3,Divorced,2411,22820,5,Y,No,13,3,4,80,0,10,5,3,21,10,12,8
713,39,No,Travel_Rarely,182,Research & Development,12,3,Life Sciences,1,4309296,2,Male,73,2,2,Research Scientist,2,Married,9086,18874,2,Y,Yes,13,3,4,80,1,10,3,2,6,0,1,1
714,32,No,Travel_Rarely,403,Sales,15,2,Life Sciences,1,1276630,2,Male,67,3,4,Healthcare Representative,1,Divorced,16292,2836,2,Y,Yes,12,3,3,80,0,14,3,3,18,5,5,10
715,21,No,Travel_Frequently,1305,Research & Development,6,4,Medical,1,3907983,4,Male,75,3,1,Healthcare Representative,4,Married,2787,25607,1,Y,No,13,3,4,80,0,4,2,3,11,3,8,4
716,44,No,Travel_Rarely,1402,Research & Development,7,2,Life Sciences,1,9120210,4,Female,98,3,1,Sales Executive,3,Single,5476,10767,4,Y,Yes,16,3,3,80,0,7,3,3,0,0,0,0
717,46,No,Travel_Rarely,967,Sales,11,2,Life Sciences,1,11799198,4,Male,53,3,4,Research Scientist,4,Divorced,7357,22822,9,Y,No,13,3,4,80,1,10,2,2,1,0,0,0
718,26,No,Travel_Rarely,1247,Sales,20,4,Other,1,7718383,4,Male,47,3,5,Manager,1,Single,8055,21732,0,Y,No,23,3,4,80,1,8,4,3,4,2,0,1
719,22,No,Travel_Frequently,758,Research & Development,12,3,Medical,1,9544643,3,Male,35,3,1,Laboratory Technician,2,Married,1135,19318,5,Y,No,16,3,3,80,0,0,5,3,0,0,0,1
720,27,No,Travel_Rarely,693,Sales,28,2,Life Sciences,1,15866571,3,Female,86,4,1,Manufacturing Director,4,Divorced,4428,25927,0,Y,Yes,22,3,4,80,1,5,6,3,3,4,1,0
721,26,No,Travel_Rarely,1349,Sales,19,3,Medical,1,6821791,2,Male,95,3,1,Sales Executive,2,Single,2366,18526,0,Y,Yes,13,3,3,80,2,3,3,3,11,1,11,1
722,30,No,Travel_Rarely,909,Sales,7,3,Medical,1,4789643,4,Female,49,3,1,Sales Representative,1,Divorced,4050,18379,0,Y,No,19,3,3,80,1,7,2,3,1,0,0,0
723,29,No,Travel_Rarely,1087,Sales,21,3,Medical,1,8568728,3,Male,87,3,2,Manufacturing Director,4,Divorced,3830,26200,2,Y,No,25,4,1,80,1,6,2,3,2,0,2,3
724,26,Yes,Travel_Rarely,402,Research & Development,4,4,Medical,1,8651877,3,Male,66,2,1,Laboratory Technician,1,Single,1318,3797,1,Y,Yes,25,3,3,80,0,3,2,2,2,0,4,1
725,34,No,Travel_Rarely,502,Research & Development,6,2,Life Sciences,1,11212578,4,Male,41,3,1,Research Scientist,4,Married,2000,5016,1,Y,Yes,14,3,4,80,2,9,3,3,10,1,5,13
726,34,No,Travel_Frequently,332,Research & Development,19,3,Medical,1,12281578,3,Female,50,1,1,Laboratory Technician,3,Married,2377,15671,4,Y,No,14,3,1,80,0,3,0,3,3,1,3,3
727,46,No,Travel_Rarely,292,Sales,2,3,Technical Degree,1,15257183,3,Male,91,3,1,Research Scientist,2,Married,4966,11834,1,Y,No,12,3,2,80,0,16,4,1,11,1,1,1
728,30,Yes,Non-Travel,370,Sales,9,4,Technical Degree,1,1428233,2,Male,95,2,1,Human Resources,4,Single,4522,14108,2,Y,No,18,3,1,80,3,8,6,3,14,0,0,0
729,35,No,Travel_Rarely,1153,Sales,21,4,Medical,1,7043782,4,Female,71,2,1,Research Scientist,1,Single,2888,20463,1,Y,No,12,3,4,80,1,6,3,2,3,0,1,2
730,38,No,Travel_Rarely,1297,Sales,7,3,Life Sciences,1,2819568,3,Male,88,3,1,Sales Executive,3,Single,11453,5655,5,Y,No,14,3,4,80,1,11,2,4,2,0,5,0
731,28,No,Travel_Rarely,1011,Human Resources,23,3,Life Sciences,1,15755878,4,Female,32,2,2,Manufacturing Director,4,Married,5229,14348,5,Y,No,17,4,4,80,0,9,2,3,8,7,9,9
732,32,No,Travel_Rarely,947,Sales,10,2,Life Sciences,1,9800037,4,Male,47,2,3,Research Scientist,3,Divorced,4253,5920,4,Y,No,19,3,3,80,0,9,2,1,16,1,5,7
733,46,No,Travel_Rarely,153,Human Resources,9,3,Human Resources,1,1921905,2,Male,52,3,3,Manager,1,Married,10714,15851,0,Y,No,19,3,3,80,1,10,5,3,25,6,10,13
734,29,Yes,Travel_Rarely,554,Research & Development,27,4,Life Sciences,1,4744333,2,Male,64,1,1,Laboratory Technician,2,Single,1799,23320,0,Y,No,16,4,1,80,0,4,2,2,2,0,0,1
735,35,No,Non-Travel,468,Research & Development,18,1,Marketing,1,13755063,3,Male,33,2,2,Research Scientist,1,Divorced,7566,9795,1,Y,Yes,12,3,1,80,2,9,1,2,25,12,13,7
736,40,Yes,Travel_Frequently,979,Research & Development,8,4,Life Sciences,1,10345177,3,Male,95,3,2,Research Scientist,4,Divorced,7053,15677,0,Y,No,13,4,4,80,1,12,6,3,18,6,5,6
737,37,Yes,Travel_Rarely,1047,Human Resources,24,2,Other,1,14719217,4,Male,96,2,1,Sales Executive,1,Single,2625,19866,2,Y,Yes,17,3,2,80,3,8,3,3,1,0,1,0
738,35,No,Travel_Rarely,1317,Research & Development,17,4,Medical,1,10725676,3,Male,37,3,3,Manufacturing Director,1,Divorced,4981,21829,2,Y,No,24,4,2,80,0,13,3,3,1,1,6,0
739,29,No,Travel_Frequently,466,Research & Development,3,3,Life Sciences,1,3541952,3,Male,81,3,1,Laboratory Technician,3,Married,2242,24899,1,Y,No,24,3,1,80,0,5,2,3,1,0,0,0
740,26,No,Travel_Rarely,408,Research & Development,17,1,Medical,1,1828292,3,Male,86,3,2,Sales Executive,2,Married,4046,7318,2,Y,No,14,4,2,80,2,4,2,3,7,0,2,1
741,44,No,Travel_Rarely,1314,Sales,27,1,Life Sciences,1,4639494,3,Male,56,3,3,Healthcare Representative,2,Divorced,6308,21822,3,Y,No,15,4,2,80,0,16,2,3,13,1,3,2
742,37,No,Travel_Rarely,516,Sales,8,4,Medical,1,12182007,4,Female,50,3,1,Research Scientist,1,Single,5509,5584,0,Y,Yes,13,3,2,80,1,12,2,4,11,3,9,1
743,35,No,Travel_Rarely,961,Sales,14,1,Marketing,1,5228287,1,Male,41,3,2,Manager,1,Single,4437,15011,1,Y,No,16,4,4,80,1,8,5,3,29,5,14,5
744,50,No,Travel_Rarely,889,Sales,2,3,Technical Degree,1,2425169,4,Female,33,3,2,Sales Executive,2,Single,7865,13388,9,Y,No,12,3,1,80,0,17,2,1,0,0,6,0
745,51,No,Travel_Rarely,756,Sales,6,4,Life Sciences,1,8060974,4,Female,62,2,2,Healthcare Representative,4,Married,10581,3106,7,Y,No,13,3,4,80,1,21,3,3,7,1,2,3
746,51,No,Travel_Rarely,917,Research & Development,6,1,Life Sciences,1,7175386,2,Male,59,3,2,Research Director,2,Married,9428,20594,3,Y,No,14,3,2,80,2,21,5,2,15,3,9,4
747,38,No,Travel_Frequently,1212,Sales,3,3,Medical,1,4370079,1,Male,34,2,5,Laboratory Technician,2,Divorced,5548,26675,3,Y,No,13,3,2,80,1,13,2,2,4,6,1,2
748,34,No,Travel_Rarely,616,Research & Development,2,3,Life Sciences,1,4481124,2,Male,37,3,1,Laboratory Technician,1,Married,1739,4984,0,Y,Yes,16,3,4,80,1,5,3,4,2,0,1,0
749,41,Yes,Travel_Rarely,1423,Research & Development,6,4,Life Sciences,1,9033711,3,Female,97,2,1,Research Scientist,2,Married,1480,2582,1,Y,No,19,3,3,80,1,1,2,4,0,0,0,0
750,50,No,Travel_Frequently,1308,Sales,7,4,Medical,1,7871605,4,Female,47,2,2,Manager,1,Single,6861,16068,3,Y,Yes,19,4,1,80,3,12,3,2,3,0,0,0
751,28,Yes,Travel_Frequently,375,Human Resources,3,3,Technical Degree,1,2725844,1,Male,95,1,2,Healthcare Representative,1,Divorced,9936,4184,2,Y,No,16,3,4,80,0,13,2,2,6,0,0,0
752,28,No,Non-Travel,1296,Sales,22,2,Medical,1,5328220,4,Female,72,3,3,Manufacturing Director,2,Married,6612,21544,1,Y,No,16,3,4,80,1,13,2,3,1,0,0,1
753,31,No,Travel_Frequently,843,Sales,20,1,Medical,1,4430048,3,Female,74,3,2,Manufacturing Director,2,Married,4004,20080,1,Y,No,19,4,3,80,0,4,3,3,0,0,0,0
754,25,Yes,Travel_Rarely,677,Sales,3,1,Life Sciences,1,15572752,2,Female,44,3,2,Sales Executive,3,Married,6001,18851,0,Y,No,14,3,2,80,0,7,3,3,8,1,11,7
755,53,No,Travel_Frequently,1217,Research & Development,9,3,Marketing,1,9863674,1,Male,88,2,3,Research Scientist,1,Single,6042,5158,9,Y,Yes,16,4,1,80,1,18,5,3,14,2,0,3
756,29,No,Travel_Frequently,722,Sales,17,3,Medical,1,12107138,2,Female,52,3,2,Research Scientist,3,Divorced,3066,19942,0,Y,No,12,3,1,80,0,4,3,2,12,6,1,1
757,52,No,Non-Travel,1177,Research & Development,7,5,Medical,1,15608441,3,Male,41,2,1,Laboratory Technician,4,Married,3621,19623,1,Y,No,13,3,3,80,1,10,2,3,2,0,0,0
758,32,No,Travel_Rarely,1217,Sales,15,3,Marketing,1,16394819,4,Male,83,3,2,Healthcare Representative,4,Married,4516,2236,1,Y,No,16,3,4,80,0,3,3,3,2,0,0,0
759,41,No,Travel_Rarely,1366,Research & Development,3,1,Medical,1,7650822,3,Male,41,3,2,Manufacturing Director,3,Married,8659,2587,1,Y,Yes,12,3,2,80,0,14,2,2,4,1,0,2
760,26,No,Travel_Rarely,531,Sales,14,4,Life Sciences,1,974766,3,Female,75,3,2,Healthcare Representative,3,Married,7440,15677,4,Y,No,15,3,4,80,1,8,3,2,4,0,4,2
761,47,No,Travel_Rarely,1137,Research & Development,19,1,Medical,1,6523533,1,Male,59,3,2,Research Scientist,3,Single,4843,12915,5,Y,No,18,3,3,80,1,21,2,3,5,0,3,2
762,51,No,Travel_Rarely,232,Sales,5,2,Life Sciences,1,9729738,1,Male,96,3,2,Laboratory Technician,4,Divorced,4618,4002,3,Y,No,13,3,1,80,0,16,5,2,30,6,11,9
763,51,No,Travel_Rarely,991,Sales,2,3,Life Sciences,1,4554482,4,Female,91,4,2,Sales Executive,2,Married,6323,25659,4,Y,No,13,3,3,80,2,12,2,3,4,0,0,3
764,40,No,Travel_Rarely,137,Research & Development,6,1,Technical Degree,1,16411840,2,Female,98,3,2,Laboratory Technician,2,Married,4259,12962,0,Y,Yes,13,4,4,80,0,13,5,3,1,0,0,0
765,43,No,Travel_Frequently,992,Sales,19,2,Medical,1,16358916,2,Male,93,2,3,Healthcare Representative,2,Single,18916,22125,7,Y,No,12,3,3,80,2,31,6,3,7,0,1,6
766,32,No,Travel_Rarely,229,Sales,8,3,Medical,1,12766787,4,Female,86,3,2,Healthcare Representative,3,Married,10549,2827,4,Y,No,19,3,3,80,0,12,3,4,6,8,3,0
767,28,No,Travel_Frequently,860,Research & Development,16,3,Life Sciences,1,5506370,2,Female,37,2,1,Sales Representative,4,Married,3173,24095,1,Y,No,13,4,3,80,1,11,3,4,6,0,11,1
768,41,No,Travel_Rarely,1063,Sales,9,4,Life Sciences,1,2087513,3,Female,67,2,2,Sales Executive,3,Married,13239,6672,1,Y,No,12,3,3,80,0,12,3,4,13,2,1,2
769,37,Yes,Travel_Frequently,1034,Human Resources,5,3,Life Sciences,1,519595,1,Female,53,2,1,Research Scientist,4,Married,3587,16986,0,Y,Yes,13,3,4,80,1,6,2,2,12,3,3,4
770,45,No,Non-Travel,1241,Research & Development,11,3,Medical,1,13215969,3,Male,69,3,2,Sales Executive,3,Married,3976,15225,3,Y,Yes,13,4,3,80,2,8,5,1,4,0,0,1
771,26,No,Travel_Rarely,697,Research & Development,3,3,Life Sciences,1,8603908,2,Male,58,4,2,Laboratory Technician,1,Single,3024,11561,4,Y,No,20,3,2,80,2,3,0,2,0,0,2,0
772,31,No,Travel_Rarely,214,Research & Development,7,3,Life Sciences,1,16760854,2,Female,79,2,2,Human Resources,3,Divorced,4863,11730,1,Y,Yes,14,3,4,80,1,5,3,2,4,2,10,7
773,19,No,Non-Travel,719,Sales,20,3,Human Resources,1,6593790,4,Male,82,3,2,Manager,4,Married,6707,21659,1,Y,No,16,3,3,80,1,1,3,3,0,0,9,1
774,58,No,Travel_Rarely,1268,Research & Development,21,3,Human Resources,1,6843632,3,Female,88,3,3,Sales Representative,3,Divorced,8549,16300,1,Y,No,15,3,3,80,0,24,2,3,5,1,0,1
775,47,No,Travel_Rarely,1344,Research & Development,28,3,Life Sciences,1,14613189,2,Male,77,3,1,Laboratory Technician,4,Married,2179,12141,5,Y,No,15,3,4,80,2,9,2,3,4,0,0,2
776,29,Yes,Travel_Rarely,1167,Research & Development,7,3,Medical,1,4857181,3,Male,96,3,1,Laboratory Technician,1,Married,1424,15270,6,Y,No,15,3,4,80,0,3,2,2,0,3,6,1
777,28,No,Travel_Rarely,961,Research & Development,3,4,Other,1,469700,2,Male,78,3,1,Sales Executive,1,Married,1726,22930,1,Y,No,24,3,1,80,0,2,4,3,2,0,1,0
778,32,No,Non-Travel,728,Sales,27,3,Medical,1,3244618,4,Female,34,2,4,Manufacturing Director,2,Divorced,6532,18072,1,Y,Yes,12,3,4,80,0,12,2,2,7,0,0,3
779,18,No,Travel_Rarely,1282,Sales,2,4,Marketing,1,9429334,4,Male,33,3,1,Research Scientist,4,Divorced,3034,6213,1,Y,No,13,3,2,80,1,1,1,3,1,0,0,1
780,30,No,Travel_Rarely,1476,Research & Development,24,3,Life Sciences,1,3241175,3,Female,31,3,2,Research Scientist,4,Single,3567,16213,1,Y,No,23,4,3,80,1,6,2,3,3,0,5,1
781,18,No,Travel_Frequently,313,Research & Development,11,3,Life Sciences,1,265714,4,Female,35,4,2,Human Resources,3,Divorced,3198,4588,1,Y,No,25,3,3,80,0,2,1,3,16,2,0,8
782,25,No,Travel_Rarely,1289,Research & Development,3,4,Technical Degree,1,2736580,3,Female,73,2,2,Research Director,4,Divorced,3523,25276,3,Y,Yes,13,3,3,80,1,9,3,3,1,0,2,0
783,50,Yes,Travel_Rarely,882,Research & Development,21,3,Life Sciences,1,4288049,3,Male,75,2,1,Manager,3,Single,10369,5598,1,Y,Yes,13,3,4,80,0,27,2,1,18,2,4,0
784,21,No,Travel_Rarely,788,Research & Development,7,1,Medical,1,7107326,4,Female,66,2,1,Healthcare Representative,4,Single,3437,20974,1,Y,No,14,3,1,80,0,3,4,3,3,2,10,0
785,42,No,Travel_Rarely,1188,Research & Development,11,3,Other,1,4660443,4,Male,78,2,3,Manager,4,Married,19967,6835,2,Y,No,23,3,4,80,2,24,3,3,13,0,1,7
786,37,No,Travel_Rarely,1254,Sales,24,4,Medical,1,424118,2,Female,94,3,4,Manufacturing Director,1,Divorced,8027,6517,1,Y,No,14,3,1,80,0,15,5,3,3,0,6,2
787,32,Yes,Travel_Rarely,1280,Research & Development,10,4,Life Sciences,1,14707915,1,Female,79,3,3,Sales Executive,4,Divorced,7131,10336,1,Y,No,22,3,1,80,1,12,0,2,2,0,0,0
788,36,No,Travel_Rarely,879,Research & Development,2,4,Life Sciences,1,14884074,3,Male,82,3,4,Manufacturing Director,4,Divorced,8115,5297,5,Y,No,14,3,2,80,1,12,3,2,14,2,4,3
789,28,No,Non-Travel,1197,Research & Development,16,3,Life Sciences,1,1926861,4,Female,31,2,2,Research Scientist,3,Married,2612,9768,4,Y,No,13,3,3,80,0,4,2,3,6,3,3,3
790,37,Yes,Travel_Rarely,409,Sales,13,2,Human Resources,1,2433899,1,Male,68,4,2,Healthcare Representative,3,Divorced,5851,12691,1,Y,Yes,14,3,3,80,2,8,3,4,3,0,0,3
791,38,No,Travel_Rarely,1277,Sales,25,2,Medical,1,10035101,2,Male,32,2,1,Healthcare Representative,3,Married,8703,5450,1,Y,No,18,4,4,80,2,27,2,2,13,4,0,1
792,33,No,Travel_Frequently,1344,Research & Development,24,3,Life Sciences,1,4136963,1,Male,81,3,1,Laboratory Technician,2,Divorced,1369,24111,1,Y,No,19,3,3,80,0,1,2,3,0,0,0,0
793,38,Yes,Travel_Rarely,1371,Sales,4,4,Life Sciences,1,9321462,2,Female,100,3,3,Manager,2,Married,11117,26836,1,Y,Yes,12,3,3,80,0,15,3,2,3,4,10,4
794,48,No,Travel_Rarely,1196,Sales,4,3,Medical,1,6443204,1,Female,64,3,5,Research Director,3,Single,8938,2639,1,Y,Yes,22,3,2,80,1,12,3,3,7,2,2,2
795,23,No,Travel_Frequently,492,Research & Development,10,5,Life Sciences,1,12549691,3,Male,38,2,4,Research Scientist,1,Married,4909,16812,0,Y,No,19,3,2,80,0,3,2,3,1,0,0,0
796,27,No,Travel_Rarely,1100,Sales,2,3,Life Sciences,1,7203879,4,Female,61,2,5,Sales Representative,2,Married,10793,19578,5,Y,No,17,3,1,80,0,13,0,3,10,0,4,3
797,44,Yes,Travel_Frequently,1044,Research & Development,5,4,Life Sciences,1,15366994,2,Female,71,3,3,Manager,2,Single,13077,25109,1,Y,No,14,4,4,80,0,29,3,2,15,1,3,3
798,31,No,Non-Travel,814,Research & Development,3,3,Technical Degree,1,9258755,2,Male,75,1,1,Research Scientist,4,Divorced,1273,8554,1,Y,No,23,3,4,80,1,4,3,2,4,0,9,0
799,40,No,Travel_Rarely,780,Sales,22,2,Life Sciences,1,16644084,2,Male,83,2,2,Manager,1,Married,6853,23281,1,Y,No,12,3,3,80,1,13,4,3,6,0,4,1
800,24,Yes,Travel_Rarely,571,Sales,4,4,Life Sciences,1,15037994,1,Female,38,2,2,Laboratory Technician,3,Married,4675,4117,0,Y,Yes,21,3,4,80,3,4,6,3,10,0,0,1
801,23,No,Travel_Rarely,364,Research & Development,19,4,Medical,1,4015462,2,Male,54,3,1,Research Scientist,4,Married,3141,9673,0,Y,Yes,18,3,4,80,0,1,2,3,4,2,4,6
802,30,No,Travel_Rarely,1353,Research & Development,24,2,Life Sciences,1,11475848,2,Male,89,4,1,Manufacturing Director,4,Divorced,3301,10733,4,Y,No,14,4,4,80,0,4,6,2,0,0,0,1
803,18,Yes,Travel_Rarely,656,Research & Development,5,3,Human Resources,1,5876201,4,Male,78,1,1,Research Scientist,3,Divorced,1091,19266,0,Y,Yes,18,3,1,80,0,2,0,4,2,1,0,0
804,29,No,Travel_Rarely,478,Research & Development,3,4,Medical,1,14811298,4,Male,99,3,1,Sales Executive,2,Married,2035,16686,1,Y,Yes,22,3,4,80,0,4,3,2,1,0,0,1
805,29,Yes,Travel_Rarely,887,Sales,28,3,Life Sciences,1,2341751,2,Male,93,3,2,Research Scientist,3,Single,7033,23711,1,Y,No,13,3,2,80,1,9,1,3,18,6,0,7
806,37,No,Travel_Rarely,1348,Sales,15,2,Life Sciences,1,11649132,3,Female,77,3,1,Sales Executive,4,Married,4555,22878,0,Y,No,17,3,1,80,0,4,2,3,21,0,2,1
807,37,Yes,Travel_Frequently,585,Research & Development,15,1,Medical,1,4090048,3,Female,51,3,1,Laboratory Technician,4,Married,1718,4541,2,Y,Yes,13,3,3,80,1,3,3,2,0,0,1,0
808,54,No,Travel_Rarely,1419,Research & Development,5,1,Marketing,1,7529509,1,Female,45,2,4,Sales Executive,3,Single,14926,4181,6,Y,No,13,3,4,80,2,40,2,1,27,9,3,7
809,26,No,Travel_Frequently,1063,Research & Development,5,4,Technical Degree,1,10832544,2,Male,61,3,1,Laboratory Technician,3,Married,3507,21712,1,Y,No,25,4,3,80,0,5,2,4,9,1,4,3
810,33,No,Travel_Rarely,1183,Research & Development,5,5,Life Sciences,1,13343189,2,Male,67,3,5,Sales Executive,4,Married,4355,5671,5,Y,No,23,3,2,80,0,5,5,4,4,0,2,2
811,23,No,Travel_Rarely,203,Research & Development,15,3,Medical,1,13521382,1,Female,94,3,1,Laboratory Technician,3,Married,1466,21034,1,Y,Yes,12,3,1,80,0,3,3,3,5,0,0,0
812,47,No,Non-Travel,597,Research & Development,3,3,Life Sciences,1,5207115,3,Male,82,2,2,Manufacturing Director,2,Divorced,11409,17992,1,Y,No,17,3,2,80,1,20,3,2,10,1,1,0
813,40,No,Travel_Rarely,204,Sales,27,3,Marketing,1,12284283,2,Male,35,3,3,Manager,1,Single,18250,23571,1,Y,No,24,3,1,80,1,19,3,3,2,0,6,2
814,50,No,Travel_Rarely,787,Research & Development,3,1,Medical,1,14403958,2,Male,55,4,3,Manager,3,Married,11214,25534,9,Y,No,13,3,3,80,0,10,2,3,1,0,4,0
815,35,No,Travel_Frequently,252,Research & Development,3,2,Medical,1,15151157,1,Male,78,3,5,Manufacturing Director,2,Divorced,14921,24195,2,Y,No,12,3,1,80,0,22,3,3,10,0,1,4
816,52,No,Travel_Frequently,1423,Sales,14,1,Medical,1,12273680,4,Male,40,3,4,Healthcare Representative,2,Single,5934,2461,3,Y,No,18,3,3,80,3,13,2,2,5,0,4,1
817,28,No,Travel_Rarely,586,Research & Development,23,4,Life Sciences,1,6939614,1,Male,65,2,2,Healthcare Representative,2,Single,7814,5669,1,Y,Yes,18,3,4,80,0,16,2,4,20,8,0,12
818,23,No,Travel_Rarely,451,Sales,13,4,Medical,1,1499050,3,Male,66,2,1,Research Scientist,1,Single,2718,5206,3,Y,No,14,4,3,80,1,3,1,2,7,1,4,4
819,44,No,Non-Travel,277,Research & Development,20,2,Life Sciences,1,17978,3,Male,94,2,3,Manufacturing Director,3,Divorced,7883,12393,8,Y,Yes,13,3,2,80,1,17,3,3,8,0,0,1
820,45,No,Non-Travel,976,Sales,5,1,Life Sciences,1,9555059,4,Male,66,2,2,Manufacturing Director,2,Married,3544,10807,1,Y,Yes,15,4,1,80,2,12,2,3,7,1,2,3
821,50,Yes,Travel_Rarely,934,Sales,5,4,Medical,1,11205140,3,Female,57,4,3,Research Director,4,Married,18821,17780,5,Y,No,18,3,1,80,3,23,2,3,3,0,8,3
822,36,Yes,Travel_Rarely,125,Research & Development,26,2,Life Sciences,1,994279,4,Male,94,1,2,Manufacturing Director,2,Single,9482,21515,6,Y,No,12,3,4,80,0,6,2,2,14,4,0,6
823,30,No,Travel_Rarely,598,Research & Development,2,2,Marketing,1,4342256,2,Male,54,2,1,Sales Executive,1,Divorced,2473,3322,1,Y,Yes,12,3,4,80,0,4,2,3,0,0,0,0
824,42,No,Travel_Rarely,1020,Research & Development,29,3,Medical,1,16568627,3,Male,80,2,1,Laboratory Technician,1,Married,2752,11744,9,Y,Yes,12,3,2,80,1,15,0,3,12,1,0,4
825,23,No,Travel_Rarely,204,Research & Development,19,3,Life Sciences,1,13859879,3,Male,35,2,2,Sales Executive,4,Single,3261,15413,0,Y,No,24,4,4,80,1,10,5,3,4,0,0,7
826,42,No,Travel_Rarely,1225,Research & Development,17,2,Other,1,1513958,3,Male,40,2,4,Research Director,1,Married,12897,12158,3,Y,Yes,12,4,3,80,1,19,5,3,3,1,1,1
827,49,No,Non-Travel,1197,Sales,21,4,Medical,1,8549201,1,Male,39,2,2,Research Scientist,3,Married,14935,4921,1,Y,No,17,3,3,80,0,25,3,3,40,0,11,9
828,28,No,Travel_Rarely,397,Research & Development,7,1,Life Sciences,1,6848080,4,Female,76,3,5,Laboratory Technician,4,Single,8360,15691,7,Y,No,12,3,4,80,2,14,3,3,4,0,1,0
829,21,No,Travel_Rarely,1120,Research & Development,24,3,Medical,1,3482129,3,Male,48,3,1,Laboratory Technician,4,Divorced,1041,15619,1,Y,No,18,3,3,80,1,2,3,3,0,0,0,1
830,42,Yes,Travel_Rarely,708,Sales,4,3,Life Sciences,1,16485496,4,Male,88,3,2,Manager,3,Divorced,3793,3527,1,Y,No,16,3,3,80,1,11,1,4,2,0,5,0
831,33,No,Travel_Rarely,574,Research & Development,8,2,Life Sciences,1,8944113,2,Male,61,3,1,Laboratory Technician,3,Married,1345,21889,1,Y,Yes,14,4,2,80,1,3,5,3,0,0,0,0
832,27,Yes,Travel_Rarely,1171,Research & Development,21,2,Life Sciences,1,8765538,2,Male,98,2,1,Research Scientist,3,Single,2366,19025,2,Y,Yes,13,3,3,80,0,4,6,3,3,1,0,2
833,39,No,Travel_Rarely,744,Research & Development,14,3,Life Sciences,1,14614798,2,Female,94,3,1,Research Scientist,4,Married,3243,15856,4,Y,No,12,3,2,80,0,7,4,3,1,0,0,0
834,53,No,Travel_Rarely,1325,Research & Development,14,3,Marketing,1,15899711,1,Male,34,3,3,Research Scientist,4,Married,10708,6468,5,Y,Yes,18,3,2,80,0,22,4,3,6,0,0,3
835,31,No,Travel_Rarely,668,Research & Development,5,4,Medical,1,8220897,1,Female,39,3,2,Sales Executive,3,Single,4854,9302,1,Y,No,13,3,3,80,0,10,2,3,12,3,6,5
836,22,No,Travel_Frequently,840,Sales,25,3,Medical,1,7446692,3,Male,52,3,1,Laboratory Technician,2,Divorced,2672,20474,1,Y,No,17,3,4,80,0,2,2,3,8,5,6,8
837,20,No,Travel_Frequently,397,Research & Development,28,3,Marketing,1,11970486,2,Male,84,3,1,Healthcare Representative,3,Single,4288,9561,1,Y,Yes,13,3,4,80,1,3,2,3,8,1,8,6
838,28,Yes,Travel_Rarely,878,Research & Development,4,3,Life Sciences,1,8439946,2,Female,49,4,2,Research Director,3,Married,5024,2951,0,Y,No,19,3,4,80,0,7,3,3,14,0,14,7
839,27,No,Travel_Frequently,1222,Research & Development,16,4,Life Sciences,1,7597816,3,Female,55,3,1,Research Scientist,3,Single,6338,17790,3,Y,No,13,3,4,80,1,9,5,3,6,0,0,3
840,30,No,Travel_Rarely,557,Research & Development,16,4,Life Sciences,1,6893348,1,Male,85,2,1,Laboratory Technician,4,Single,1496,20080,1,Y,No,17,3,3,80,1,2,4,4,1,0,0,0
841,34,No,Travel_Rarely,860,Sales,22,3,Life Sciences,1,14083673,3,Male,34,2,1,Sales Representative,1,Single,3827,16970,1,Y,Yes,12,3,4,80,0,5,2,4,15,4,5,7
842,30,No,Travel_Frequently,793,Sales,19,3,Marketing,1,9677401,3,Female,35,4,2,Sales Executive,2,Single,5504,17064,0,Y,Yes,12,3,3,80,0,7,1,2,3,1,14,4
843,47,No,Travel_Rarely,1306,Research & Development,15,2,Marketing,1,2035485,4,Female,62,2,5,Sales Executive,3,Single,10236,21837,3,Y,No,14,3,1,80,1,30,1,3,15,11,7,6
844,39,No,Travel_Frequently,430,Research & Development,3,4,Medical,1,11001458,3,Male,70,3,1,Research Scientist,4,Married,4989,7735,3,Y,No,17,3,1,80,3,9,3,3,2,0,1,1
845,55,Yes,Travel_Rarely,478,Sales,13,3,Life Sciences,1,7503989,4,Male,62,2,1,Manufacturing Director,2,Divorced,4787,26249,7,Y,Yes,14,3,3,80,0,17,3,2,1,0,0,0
846,47,No,Travel_Rarely,694,Sales,21,4,Life Sciences,1,11374042,4,Male,53,3,4,Research Scientist,1,Married,11958,21185,3,Y,No,22,3,4,80,0,16,0,3,11,5,1,1
847,25,No,Non-Travel,1003,Research & Development,3,2,Medical,1,13440227,3,Female,81,3,1,Sales Executive,2,Divorced,2418,8086,2,Y,Yes,14,3,1,80,0,3,3,4,2,0,0,1
848,36,No,Travel_Rarely,653,Research & Development,16,3,Life Sciences,1,14253192,4,Female,36,2,2,Sales Representative,4,Single,9217,10744,1,Y,Yes,23,3,2,80,0,15,4,3,1,0,1,0
849,59,No,Travel_Rarely,836,Sales,25,5,Life Sciences,1,12580468,4,Male,31,2,3,Sales Representative,3,Married,10017,10605,7,Y,No,18,4,2,80,2,25,3,2,12,0,7,0
850,37,No,Travel_Rarely,650,Research & Development,6,3,Life Sciences,1,15003857,3,Female,53,2,2,Laboratory Technician,2,Married,3190,24451,1,Y,No,13,3,3,80,1,8,2,3,4,0,0,1
851,25,No,Travel_Rarely,191,Sales,6,4,Other,1,3321475,1,Male,75,2,2,Sales Representative,3,Divorced,5455,8584,0,Y,Yes,12,3,1,80,3,5,3,3,0,0,0,0
852,33,No,Travel_Rarely,1078,Research & Development,24,4,Life Sciences,1,1730060,1,Female,100,3,1,Research Scientist,3,Divorced,3824,25819,0,Y,No,20,3,4,80,1,5,4,3,6,4,9,2
853,28,No,Travel_Rarely,232,Sales,9,3,Medical,1,9050667,3,Female,56,2,1,Sales Representative,3,Married,2894,23912,1,Y,Yes,14,3,1,80,1,7,3,3,1,0,0,0
854,38,No,Travel_Rarely,233,Research & Development,7,4,Life Sciences,1,15472571,4,Male,70,2,2,Research Scientist,2,Married,3614,2430,4,Y,No,15,3,2,80,0,10,3,1,2,1,5,0
855,45,Yes,Travel_Rarely,416,Research & Development,3,4,Medical,1,5129547,2,Male,93,3,1,Research Scientist,4,Single,4781,26256,5,Y,Yes,25,3,4,80,1,9,0,3,1,0,2,0
856,29,No,Travel_Rarely,732,Research & Development,9,4,Medical,1,10166312,3,Male,82,2,2,Research Scientist,3,Single,4092,17447,1,Y,No,21,3,4,80,3,5,6,3,8,1,1,0
857,25,No,Non-Travel,1054,Research & Development,17,5,Medical,1,10068351,4,Male,40,3,1,Manufacturing Director,4,Divorced,1506,7098,2,Y,No,25,4,4,80,1,2,2,2,0,0,0,0
858,43,No,Travel_Rarely,1035,Research & Development,7,4,Life Sciences,1,12571347,3,Male,97,2,5,Healthcare Representative,1,Single,9622,23532,1,Y,No,25,3,4,80,1,25,2,2,18,2,8,6
859,21,No,Travel_Rarely,1052,Research & Development,15,3,Marketing,1,11014408,3,Male,41,2,1,Laboratory Technician,2,Single,2551,18919,1,Y,No,14,3,3,80,0,2,3,4,9,4,2,2
860,22,No,Travel_Rarely,150,Sales,6,1,Marketing,1,8762152,3,Male,57,4,1,Sales Executive,4,Divorced,1915,11169,4,Y,Yes,18,3,3,80,3,1,1,4,0,0,1,0
861,23,No,Travel_Rarely,1116,Sales,10,4,Medical,1,271498,2,Male,49,3,2,Sales Executive,1,Married,2900,19413,1,Y,Yes,25,4,3,80,1,3,3,1,2,0,0,0
862,30,No,Travel_Rarely,344,Research & Development,2,3,Technical Degree,1,1750996,1,Male,73,3,1,Research Scientist,1,Divorced,3478,5422,3,Y,No,13,3,3,80,1,3,2,3,5,0,2,2
863,24,No,Travel_Rarely,1156,Research & Development,17,2,Life Sciences,1,5517660,2,Male,97,2,3,Sales Executive,4,Married,4786,13609,8,Y,No,14,3,2,80,1,7,6,4,1,0,1,1
864,45,No,Travel_Rarely,474,Sales,18,4,Medical,1,8785476,4,Male,42,2,1,Healthcare Representative,3,Married,8745,14313,1,Y,No,13,3,4,80,1,8,5,3,6,0,2,5
865,22,No,Travel_Rarely,1394,Sales,7,2,Medical,1,8537778,3,Male,95,3,1,Laboratory Technician,1,Married,2882,16530,0,Y,No,13,3,3,80,0,7,2,3,2,0,0,4
866,43,Yes,Travel_Rarely,343,Research & Development,12,1,Technical Degree,1,15478332,3,Female,96,1,1,Research Scientist,4,Divorced,2795,13375,3,Y,Yes,14,3,3,80,0,9,3,2,21,0,2,0
867,35,No,Travel_Rarely,1010,Research & Development,11,1,Medical,1,10577468,2,Male,79,3,2,Sales Executive,4,Married,7700,3274,1,Y,No,21,3,3,80,1,11,2,3,9,2,2,2
868,31,No,Non-Travel,317,Research & Development,3,2,Life Sciences,1,8264230,3,Male,35,3,2,Sales Executive,1,Married,3411,10303,1,Y,Yes,13,3,3,80,0,3,2,2,4,0,0,1
869,35,Yes,Travel_Rarely,1426,Research & Development,7,3,Life Sciences,1,2183374,1,Female,92,2,1,Research Scientist,3,Divorced,2501,10094,6,Y,Yes,13,3,3,80,0,9,3,3,5,12,1,3
870,39,No,Travel_Rarely,1151,Research & Development,2,2,Marketing,1,3825175,1,Male,53,2,1,Manager,3,Single,6032,5809,3,Y,No,12,3,3,80,0,8,3,3,5,0,10,0
871,41,No,Travel_Frequently,915,Research & Development,3,3,Life Sciences,1,14131296,2,Female,48,1,2,Research Scientist,1,Single,5028,14061,8,Y,No,13,3,3,80,0,17,3,4,7,10,3,1
872,31,No,Travel_Rarely,1204,Sales,4,3,Medical,1,800481,4,Male,34,3,3,Healthcare Representative,1,Single,11269,17745,0,Y,No,14,3,3,80,3,8,5,2,11,0,6,0
873,24,No,Travel_Frequently,286,Human Resources,7,3,Life Sciences,1,400569,4,Male,53,3,1,Research Scientist,4,Married,1634,3158,0,Y,Yes,15,3,2,80,0,1,3,1,9,3,8,2
874,37,No,Travel_Rarely,1123,Research & Development,2,2,Life Sciences,1,9941506,4,Male,48,3,1,Laboratory Technician,1,Married,1445,3170,0,Y,No,14,3,3,80,0,5,4,3,6,0,5,1
875,46,No,Travel_Rarely,1376,Research & Development,27,4,Life Sciences,1,3424636,2,Male,93,1,1,Sales Executive,4,Married,2897,15064,5,Y,Yes,12,3,4,80,1,28,5,3,7,2,1,13
876,31,Yes,Travel_Rarely,951,Sales,11,3,Life Sciences,1,6560541,3,Female,38,4,1,Sales Executive,3,Married,1978,15170,4,Y,No,23,3,3,80,0,5,3,3,5,0,2,6
877,43,No,Travel_Frequently,1024,Research & Development,11,5,Life Sciences,1,8638725,1,Male,49,3,1,Laboratory Technician,1,Divorced,2062,22232,6,Y,No,17,4,4,80,0,17,3,3,6,0,5,1
878,30,No,Travel_Frequently,396,Sales,2,4,Life Sciences,1,13404869,4,Female,52,3,5,Manager,1,Divorced,7204,19041,0,Y,Yes,12,3,4,80,0,9,2,3,4,2,1,0
879,36,No,Travel_Frequently,525,Research & Development,2,1,Medical,1,12599170,4,Male,36,3,3,Sales Executive,3,Single,12467,10318,8,Y,No,17,3,2,80,1,13,3,2,1,0,0,0
880,44,No,Travel_Rarely,867,Research & Development,5,4,Technical Degree,1,9741904,2,Male,60,2,1,Laboratory Technician,3,Single,4574,22470,9,Y,No,23,3,3,80,2,14,2,4,12,0,2,0
881,35,No,Travel_Rarely,1493,Sales,26,3,Marketing,1,13376517,1,Male,100,2,3,Sales Executive,3,Divorced,6647,25967,1,Y,No,19,3,1,80,0,18,1,3,13,10,0,6
882,32,No,Travel_Rarely,1253,Research & Development,8,3,Marketing,1,12291589,4,Male,54,2,1,Laboratory Technician,2,Married,2105,13185,0,Y,No,22,3,4,80,0,3,0,3,6,0,7,0
883,34,No,Travel_Rarely,629,Human Resources,11,3,Life Sciences,1,14707269,3,Female,35,3,2,Research Scientist,4,Married,3287,6676,1,Y,No,16,4,3,80,0,14,2,3,12,0,9,1
884,46,Yes,Travel_Rarely,705,Research & Development,10,1,Medical,1,14397889,2,Female,35,3,2,Sales Executive,1,Married,5897,22080,1,Y,No,13,3,3,80,1,20,2,3,13,1,1,2
885,34,No,Travel_Rarely,569,Sales,13,3,Other,1,12255298,4,Male,84,4,2,Manufacturing Director,4,Married,10870,20872,1,Y,No,17,3,1,80,2,6,3,1,2,1,0,1
886,39,No,Travel_Rarely,309,Human Resources,3,2,Other,1,1285610,3,Female,41,2,2,Sales Representative,1,Single,7251,12723,6,Y,No,13,3,4,80,1,17,3,4,11,0,6,2
887,32,No,Non-Travel,537,Research & Development,27,2,Medical,1,6074481,1,Female,63,3,1,Research Scientist,4,Married,1234,15264,1,Y,Yes,22,4,4,80,0,5,3,3,1,0,3,0
888,29,No,Travel_Frequently,871,Research & Development,22,1,Medical,1,8567293,3,Female,88,3,1,Sales Executive,3,Married,2261,24537,5,Y,No,13,3,2,80,1,5,4,3,2,0,2,0
889,47,No,Travel_Rarely,211,Research & Development,5,1,Life Sciences,1,16442764,4,Male,78,2,2,Research Scientist,4,Single,8610,16830,4,Y,No,24,3,3,80,0,9,4,3,5,0,7,1
890,30,No,Travel_Frequently,119,Research & Development,2,3,Life Sciences,1,9297802,2,Male,77,4,2,Manager,1,Single,9302,5465,1,Y,No,22,3,2,80,2,6,5,3,14,1,3,2
891,34,No,Travel_Frequently,1371,Human Resources,12,1,Medical,1,13395370,4,Female,41,2,2,Sales Executive,2,Single,5852,14100,1,Y,No,22,4,4,80,1,9,5,3,4,0,1,3
892,38,Yes,Travel_Rarely,1079,Research & Development,5,3,Medical,1,14645533,3,Male,100,3,2,Research Scientist,2,Single,7922,23542,1,Y,No,15,3,3,80,0,7,4,4,6,0,2,0
893,23,No,Travel_Rarely,1198,Research & Development,3,2,Medical,1,3309111,4,Female,90,3,1,Laboratory Technician,3,Divorced,1248,14816,1,Y,No,16,3,1,80,1,1,3,2,6,1,4,0
894,30,No,Travel_Rarely,364,Research & Development,16,2,Medical,1,7649735,2,Female,32,2,2,Laboratory Technician,3,Single,4473,11313,8,Y,No,18,3,1,80,1,8,3,2,1,0,0,0
895,33,No,Travel_Rarely,1177,Research & Development,3,3,Medical,1,12240487,4,Male,36,3,1,Laboratory Technician,2,Married,2388,2701,1,Y,No,24,4,2,80,3,8,5,1,0,0,0,0
896,28,No,Travel_Rarely,1296,Research & Development,21,3,Life Sciences,1,16652062,4,Male,61,3,1,Laboratory Technician,3,Married,1397,26682,3,Y,No,21,3,3,80,0,5,3,3,9,1,1,4
897,30,No,Travel_Rarely,1422,Research & Development,3,4,Medical,1,3193320,1,Male,78,2,1,Laboratory Technician,3,Single,1698,14104,7,Y,No,13,3,4,80,1,4,3,1,0,0,0,0
898,33,No,Travel_Rarely,192,Research & Development,13,3,Marketing,1,3755381,4,Male,58,3,1,Research Scientist,3,Single,2623,6268,8,Y,No,20,4,4,80,1,5,5,2,0,0,0,0
899,54,No,Travel_Rarely,309,Research & Development,7,4,Medical,1,12313520,3,Female,70,3,2,Manufacturing Director,4,Single,8149,13966,1,Y,Yes,15,3,2,80,1,23,3,3,10,0,8,1
900,27,No,Travel_Rarely,1080,Research & Development,5,3,Life Sciences,1,3734924,2,Male,46,2,4,Healthcare Representative,4,Married,3807,7829,0,Y,No,13,3,4,80,0,10,2,2,7,2,1,6
901,47,No,Travel_Rarely,1435,Research & Development,2,3,Marketing,1,5977715,2,Female,66,4,1,Laboratory Technician,3,Married,4800,21894,4,Y,No,12,3,1,80,0,31,3,3,20,4,3,12
902,25,No,Travel_Rarely,1475,Research & Development,7,3,Other,1,12813959,1,Male,74,1,1,Sales Executive,4,Divorced,3046,18196,1,Y,No,14,3,1,80,0,2,5,2,3,4,9,7
903,35,No,Non-Travel,505,Sales,22,1,Medical,1,6265676,1,Male,49,4,1,Research Scientist,1,Single,1810,14688,0,Y,No,22,3,4,80,0,6,2,3,4,0,2,0
904,39,Yes,Travel_Rarely,919,Research & Development,4,1,Life Sciences,1,740588,3,Male,96,3,1,Laboratory Technician,2,Married,2746,11901,4,Y,Yes,12,3,3,80,0,12,2,1,4,0,0,0
905,38,No,Non-Travel,961,Sales,17,2,Life Sciences,1,6719771,3,Female,63,3,3,Human Resources,3,Married,19999,24916,1,Y,No,12,3,4,80,0,27,3,3,12,1,5,1
906,27,No,Travel_Frequently,211,Research & Development,2,2,Medical,1,14568999,4,Female,44,3,1,Research Scientist,4,Married,3053,24624,0,Y,No,25,3,3,80,0,0,5,2,0,0,0,0
907,38,No,Travel_Frequently,266,Research & Development,6,4,Human Resources,1,5276160,3,Male,78,3,1,Laboratory Technician,4,Married,3275,8403,1,Y,No,16,3,1,80,2,9,3,3,22,7,5,6
908,39,No,Travel_Rarely,276,Sales,11,1,Life Sciences,1,13946086,3,Male,91,2,3,Manager,3,Married,13273,3643,1,Y,No,13,3,1,80,2,13,5,3,14,7,8,3
909,28,No,Travel_Rarely,385,Sales,19,4,Life Sciences,1,15206651,4,Female,89,3,2,Sales Representative,1,Married,3797,13845,4,Y,No,12,4,1,80,0,1,1,4,0,0,6,0
910,35,No,Travel_Rarely,577,Research & Development,3,2,Other,1,259050,1,Male,69,3,1,Sales Executive,3,Married,1298,18861,4,Y,Yes,12,3,4,80,2,2,6,4,0,0,7,5
911,60,No,Travel_Rarely,509,Research & Development,3,4,Life Sciences,1,11098511,1,Male,68,3,5,Sales Representative,4,Married,7525,17585,1,Y,No,16,4,2,80,2,26,3,3,18,1,0,2
912,20,No,Travel_Rarely,266,Sales,25,2,Marketing,1,10037562,2,Female,63,1,1,Research Scientist,4,Divorced,3454,17396,1,Y,Yes,20,3,2,80,1,2,2,3,0,0,0,0
913,35,Yes,Travel_Rarely,729,Research & Development,4,1,Life Sciences,1,1103353,4,Female,32,3,3,Manager,1,Divorced,9072,14617,0,Y,Yes,14,3,3,80,0,8,3,2,1,0,7,0
914,52,No,Travel_Rarely,196,Research & Development,21,3,Medical,1,16100532,4,Male,56,4,2,Manager,3,Single,19481,16199,1,Y,No,13,3,3,80,0,35,2,3,29,9,9,10
915,23,No,Travel_Rarely,779,Sales,9,3,Medical,1,11479222,2,Male,39,2,4,Sales Representative,4,Divorced,3897,12359,4,Y,Yes,20,3,4,80,1,2,1,2,2,0,0,1
916,26,Yes,Travel_Frequently,112,Research & Development,21,4,Medical,1,2544765,1,Male,43,3,1,Research Scientist,4,Married,1354,17655,1,Y,Yes,14,4,3,80,3,3,3,2,1,1,0,8
917,33,No,Travel_Rarely,144,Sales,9,1,Other,1,10575119,3,Male,77,3,4,Human Resources,4,Single,15101,22603,0,Y,Yes,13,3,3,80,1,11,2,2,5,0,2,0
918,49,Yes,Travel_Rarely,1162,Sales,20,2,Medical,1,15919533,4,Female,32,3,2,Laboratory Technician,3,Married,5147,24909,1,Y,No,22,4,3,80,2,24,2,3,8,1,7,0
919,25,No,Travel_Rarely,1388,Sales,14,3,Technical Degree,1,7245765,4,Male,46,3,2,Manufacturing Director,4,Married,6205,4434,4,Y,No,22,3,3,80,2,5,4,3,5,0,1,0
920,36,No,Travel_Rarely,231,Research & Development,24,3,Life Sciences,1,291217,1,Male,80,3,2,Research Scientist,4,Single,3257,3742,7,Y,No,19,3,4,80,1,11,2,3,2,5,6,6
921,43,No,Travel_Rarely,1350,Research & Development,3,3,Life Sciences,1,3298311,1,Male,95,2,3,Sales Executive,4,Married,12113,5775,6,Y,No,15,3,4,80,2,18,4,3,3,0,1,1
922,31,Yes,Travel_Rarely,1349,Sales,4,4,Medical,1,14693150,2,Male,41,4,2,Manager,2,Married,8483,5446,3,Y,No,24,3,1,80,0,4,2,3,6,0,5,0
923,18,Yes,Travel_Rarely,712,Sales,20,3,Life Sciences,1,12512660,3,Female,40,2,2,Healthcare Representative,2,Married,2172,3857,0,Y,No,15,3,1,80,0,1,3,3,1,0,0,0
924,47,No,Travel_Frequently,802,Research & Development,5,1,Life Sciences,1,5638062,4,Male,65,3,2,Manager,4,Married,9549,3439,0,Y,Yes,14,3,3,80,1,17,2,3,2,0,11,0
925,38,No,Travel_Rarely,1456,Research & Development,18,4,Life Sciences,1,12047280,3,Female,92,2,2,Healthcare Representative,1,Married,6579,3664,3,Y,No,17,3,2,80,0,8,3,3,3,0,0,0
926,35,No,Travel_Rarely,1223,Research & Development,12,2,Life Sciences,1,10112664,4,Female,66,3,4,Sales Executive,4,Single,5711,3226,6,Y,No,13,3,1,80,1,6,3,3,9,1,0,2
927,40,No,Travel_Rarely,331,Research & Development,13,3,Technical Degree,1,14703767,2,Female,75,3,1,Research Scientist,1,Single,3916,10838,4,Y,No,12,3,1,80,0,11,3,3,5,0,0,0
928,38,Yes,Travel_Frequently,104,Sales,3,2,Medical,1,16317311,1,Male,66,4,3,Research Director,1,Married,12551,18202,3,Y,No,22,3,2,80,0,10,6,3,0,0,0,0
929,40,No,Travel_Rarely,296,Sales,23,5,Technical Degree,1,16304512,1,Male,39,3,2,Laboratory Technician,3,Single,3444,12547,3,Y,No,16,4,3,80,0,8,3,3,3,1,1,0
930,36,No,Travel_Rarely,593,Sales,10,1,Life Sciences,1,1218175,3,Female,43,2,2,Sales Representative,1,Divorced,7134,5424,2,Y,No,16,3,3,80,1,12,2,3,0,0,0,0
931,45,No,Travel_Rarely,1321,Research & Development,3,4,Marketing,1,13838138,4,Female,31,3,3,Manufacturing Director,4,Single,5848,5415,1,Y,No,16,3,3,80,0,16,5,3,11,1,5,6
932,29,Yes,Travel_Rarely,192,Research & Development,21,3,Human Resources,1,14184735,4,Male,51,3,2,Sales Executive,3,Single,8029,16266,3,Y,No,15,4,3,80,0,14,0,3,5,0,0,0
933,29,No,Travel_Rarely,759,Sales,28,3,Life Sciences,1,9651325,1,Female,59,1,1,Laboratory Technician,4,Divorced,1990,6827,1,Y,No,17,3,4,80,1,2,3,3,2,0,0,0
934,30,No,Travel_Frequently,547,Research & Development,21,3,Life Sciences,1,621109,3,Male,38,3,4,Sales Representative,2,Divorced,9964,4048,1,Y,No,14,3,2,80,1,15,3,3,15,4,0,6
935,48,No,Travel_Rarely,800,Research & Development,3,4,Marketing,1,7542726,3,Male,54,1,2,Healthcare Representative,4,Married,5359,23248,7,Y,No,14,3,4,80,1,13,6,3,12,5,14,4
936,51,No,Travel_Rarely,268,Sales,14,3,Life Sciences,1,12481384,1,Female,60,3,4,Human Resources,4,Married,12709,11738,9,Y,No,22,4,4,80,1,23,5,3,4,0,0,0
937,27,No,Travel_Rarely,610,Sales,9,2,Life Sciences,1,4080944,4,Male,34,3,2,Research Scientist,3,Single,3740,13097,8,Y,No,18,3,4,80,2,5,2,1,2,0,0,0
938,36,No,Non-Travel,1464,Sales,19,3,Medical,1,2739068,3,Female,30,2,2,Research Director,4,Single,4731,23402,1,Y,No,13,3,4,80,2,1,2,3,0,0,6,0
939,31,No,Travel_Rarely,748,Research & Development,17,3,Medical,1,7632765,3,Male,30,3,2,Sales Representative,4,Divorced,4580,3934,6,Y,Yes,12,3,3,80,0,5,3,3,4,0,9,0
940,41,No,Non-Travel,270,Research & Development,4,4,Life Sciences,1,12726022,2,Male,100,3,1,Sales Executive,4,Married,3283,9444,5,Y,No,24,3,3,80,2,25,3,2,17,9,0,5
941,49,No,Travel_Rarely,1158,Research & Development,7,3,Medical,1,7051085,4,Male,61,3,1,Laboratory Technician,1,Married,3086,20512,6,Y,Yes,15,3,4,80,0,5,3,3,2,0,4,0
942,43,No,Travel_Rarely,907,Research & Development,12,3,Human Resources,1,1424291,1,Male,65,3,1,Research Scientist,3,Single,4511,22879,6,Y,Yes,13,3,3,80,0,16,2,3,4,0,11,2
943,48,Yes,Travel_Rarely,1152,Sales,3,3,Life Sciences,1,3856595,1,Male,34,3,1,Sales Representative,3,Divorced,5454,6168,1,Y,Yes,15,3,3,80,2,19,2,3,25,3,13,13
944,47,No,Travel_Rarely,112,Research & Development,25,1,Medical,1,4309679,4,Male,87,2,2,Research Scientist,2,Married,4476,14719,0,Y,Yes,19,3,4,80,1,17,3,3,17,1,4,1
945,34,No,Travel_Rarely,328,Sales,4,3,Life Sciences,1,12078362,1,Male,90,4,2,Healthcare Representative,3,Married,7590,7404,1,Y,No,17,4,2,80,1,10,3,3,3,1,0,0
946,38,No,Travel_Frequently,740,Research & Development,29,4,Medical,1,4345921,4,Male,74,2,1,Sales Executive,3,Married,2913,9399,2,Y,No,17,3,1,80,0,4,2,3,1,0,0,0
947,57,No,Travel_Rarely,1091,Research & Development,15,4,Medical,1,7833984,3,Male,93,3,4,Manufacturing Director,2,Married,5508,23105,6,Y,No,14,3,4,80,0,22,3,2,4,1,3,0
948,40,Yes,Travel_Rarely,1128,Research & Development,2,2,Life Sciences,1,6303211,4,Male,48,4,1,Sales Executive,3,Divorced,4071,13288,2,Y,No,14,3,3,80,3,5,4,3,2,0,1,0
949,25,No,Travel_Rarely,1084,Research & Development,3,3,Medical,1,16720713,1,Male,46,3,1,Sales Executive,3,Divorced,8461,17396,1,Y,No,12,3,2,80,3,18,2,4,12,1,9,4
950,31,No,Non-Travel,1000,Sales,7,4,Technical Degree,1,2534728,4,Male,94,3,1,Manufacturing Director,4,Married,2376,23247,1,Y,No,19,4,3,80,0,3,1,3,9,0,0,1
951,39,No,Travel_Rarely,125,Research & Development,4,4,Life Sciences,1,13055197,1,Male,75,3,3,Sales Executive,4,Single,8139,15908,9,Y,No,13,3,3,80,0,19,3,3,6,4,5,1
952,34,Yes,Travel_Rarely,830,Research & Development,3,4,Human Resources,1,965275,3,Female,89,4,2,Research Director,4,Married,15938,10642,4,Y,No,18,3,3,80,1,27,2,3,3,0,1,3
953,33,No,Travel_Frequently,916,Human Resources,3,3,Human Resources,1,16425320,3,Male,96,1,1,Laboratory Technician,4,Married,3377,8644,1,Y,Yes,14,3,3,80,3,7,6,3,10,1,2,2
954,45,No,Travel_Rarely,819,Sales,9,3,Marketing,1,11953239,1,Male,87,3,3,Healthcare Representative,3,Married,10448,7249,3,Y,No,15,3,1,80,0,23,3,3,6,0,6,2
955,34,No,Travel_Rarely,615,Research & Development,13,1,Medical,1,14404142,2,Male,91,2,1,Research Scientist,1,Single,8715,11386,0,Y,No,25,4,1,80,1,9,2,1,9,0,5,0
956,29,No,Travel_Rarely,790,Research & Development,11,3,Medical,1,10866695,4,Male,71,3,1,Sales Executive,4,Married,2275,23733,4,Y,Yes,24,4,4,80,3,4,5,3,1,0,0,1
957,24,No,Travel_Frequently,943,Research & Development,18,2,Other,1,23066,3,Female,91,3,1,Research Scientist,2,Married,2527,19699,4,Y,No,17,3,1,80,0,4,2,3,4,1,6,3
958,31,No,Travel_Rarely,1337,Research & Development,10,2,Life Sciences,1,6789283,1,Male,62,4,2,Laboratory Technician,4,Divorced,3604,12802,1,Y,No,16,3,2,80,0,4,2,4,3,0,5,1
959,40,Yes,Travel_Rarely,1159,Sales,15,2,Life Sciences,1,16570852,2,Female,94,2,2,Healthcare Representative,2,Married,6380,16621,7,Y,No,15,3,1,80,1,3,6,3,2,0,2,1
960,31,No,Travel_Rarely,1035,Human Resources,18,4,Medical,1,1705267,2,Male,60,3,1,Laboratory Technician,3,Single,1937,14791,1,Y,No,12,3,4,80,1,6,3,3,1,0,0,0
961,40,Yes,Non-Travel,1395,Research & Development,25,3,Life Sciences,1,3218570,2,Female,64,3,1,Manager,4,Married,5311,18465,4,Y,Yes,24,3,3,80,1,11,6,3,1,0,4,0
962,28,Yes,Travel_Frequently,585,Sales,4,4,Life Sciences,1,16723330,2,Male,91,4,4,Sales Representative,1,Single,2775,15451,6,Y,No,17,4,4,80,0,7,3,3,1,0,0,0
963,44,No,Travel_Rarely,1294,Sales,4,4,Other,1,173046,1,Male,90,3,2,Sales Representative,3,Divorced,9037,4539,1,Y,Yes,15,3,4,80,0,21,1,4,3,1,4,3
964,27,No,Travel_Rarely,1158,Research & Development,14,2,Other,1,10891051,4,Male,32,2,1,Laboratory Technician,2,Married,1252,17682,0,Y,No,12,3,1,80,1,1,3,3,1,0,0,0
965,45,No,Travel_Rarely,1181,Research & Development,28,4,Life Sciences,1,909668,3,Male,91,2,3,Research Scientist,2,Married,6347,21580,3,Y,No,14,3,4,80,2,29,3,1,13,3,1,2
966,39,No,Travel_Frequently,425,Sales,2,3,Medical,1,7492565,4,Male,92,4,1,Sales Executive,1,Married,5193,2837,2,Y,No,19,3,3,80,1,7,0,3,2,1,4,0
967,20,No,Travel_Rarely,1038,Human Resources,3,3,Medical,1,14115656,2,Male,47,2,1,Research Scientist,3,Married,1956,14932,2,Y,No,21,4,4,80,0,1,5,3,0,0,0,0
968,41,Yes,Travel_Rarely,261,Research & Development,13,4,Life Sciences,1,8524195,2,Male,43,3,2,Laboratory Technician,1,Single,8451,26497,2,Y,Yes,13,3,2,80,0,8,3,4,4,0,8,0
969,52,No,Travel_Rarely,491,Human Resources,16,2,Medical,1,10362831,4,Male,53,2,2,Research Scientist,1,Single,5289,6273,1,Y,No,12,3,4,80,1,16,4,2,10,2,4,5
970,29,No,Travel_Frequently,813,Sales,23,2,Life Sciences,1,11068349,3,Female,78,3,1,Manager,4,Married,7450,23235,2,Y,No,25,4,2,80,1,10,3,3,7,6,10,6
971,32,No,Travel_Rarely,398,Research & Development,22,3,Technical Degree,1,16767479,1,Female,89,1,2,Healthcare Representative,1,Married,12462,18317,1,Y,No,12,3,4,80,0,16,6,3,14,1,4,13
972,39,Yes,Travel_Frequently,1316,Human Resources,25,3,Life Sciences,1,9571137,3,Male,99,3,3,Manufacturing Director,3,Single,8573,13231,1,Y,No,14,3,4,80,1,18,4,4,7,0,3,2
973,31,No,Travel_Rarely,951,Research & Development,14,3,Marketing,1,9984196,3,Male,39,1,2,Sales Executive,1,Married,3722,3874,0,Y,No,18,4,3,80,1,9,3,3,3,0,4,1
974,42,No,Travel_Frequently,696,Research & Development,24,3,Medical,1,4867427,4,Female,50,3,5,Sales Executive,3,Divorced,7109,6294,3,Y,No,21,3,1,80,0,8,3,3,18,0,0,0
975,47,No,Travel_Rarely,1419,Research & Development,28,1,Marketing,1,1859263,1,Female,80,3,2,Sales Executive,2,Single,8890,5944,9,Y,Yes,12,3,4,80,3,23,3,3,1,0,4,0
976,30,No,Travel_Rarely,1460,Research & Development,29,3,Medical,1,12571796,3,Female,52,2,2,Sales Executive,1,Married,5195,20608,3,Y,No,12,3,3,80,0,5,3,2,4,0,0,2
977,53,No,Travel_Rarely,1333,Research & Development,6,3,Medical,1,8988015,3,Male,32,2,2,Sales Representative,3,Married,5829,6342,7,Y,Yes,25,4,4,80,0,8,2,3,1,0,8,0
978,26,No,Travel_Rarely,992,Sales,22,4,Medical,1,14678250,4,Male,78,3,3,Healthcare Representative,4,Single,13611,9001,0,Y,Yes,22,3,1,80,0,6,5,3,10,0,0,1
979,27,No,Travel_Rarely,1373,Research & Development,8,4,Medical,1,9543112,2,Female,94,3,1,Laboratory Technician,2,Single,1826,6245,1,Y,No,12,3,4,80,1,6,3,4,7,0,1,0
980,24,No,Travel_Rarely,527,Research & Development,2,5,Medical,1,2916757,2,Female,65,1,1,Laboratory Technician,3,Married,2709,26989,3,Y,Yes,12,3,3,80,0,2,6,2,1,0,0,0
981,46,Yes,Travel_Rarely,172,Research & Development,8,4,Medical,1,4316891,4,Female,70,2,2,Healthcare Representative,1,Single,13911,7027,7,Y,Yes,13,4,2,80,0,22,2,1,9,2,0,3
982,39,No,Travel_Rarely,1464,Research & Development,2,4,Life Sciences,1,104358,1,Male,89,2,3,Research Director,3,Single,6040,12978,1,Y,No,19,3,4,80,0,23,2,2,17,2,7,6
983,41,No,Travel_Rarely,1083,Sales,16,3,Technical Degree,1,7101271,3,Male,65,1,3,Research Director,3,Divorced,16657,18008,1,Y,No,18,4,3,80,0,24,5,2,2,0,0,0
984,32,No,Travel_Rarely,735,Research & Development,10,3,Medical,1,3283847,4,Male,51,3,3,Research Scientist,4,Married,12942,5077,1,Y,No,14,3,4,80,0,23,3,2,16,2,13,16
985,43,No,Non-Travel,1252,Research & Development,6,3,Medical,1,11101892,2,Female,45,3,2,Research Scientist,2,Divorced,7317,9052,7,Y,No,22,3,3,80,1,10,2,3,1,0,0,1
986,48,No,Travel_Frequently,1146,Human Resources,2,3,Life Sciences,1,9224138,2,Male,92,3,3,Research Director,1,Single,18885,8634,1,Y,Yes,17,4,3,80,1,40,3,3,40,11,8,16
987,31,No,Travel_Rarely,124,Research & Development,13,3,Medical,1,6562983,2,Male,83,2,2,Sales Executive,2,Married,5777,18826,3,Y,No,23,3,4,80,1,14,3,2,6,0,9,1
988,50,No,Travel_Rarely,288,Research & Development,2,4,Other,1,11346822,3,Male,72,3,2,Manager,3,Married,15282,9663,2,Y,Yes,13,3,3,80,1,29,2,4,28,11,5,5
989,44,No,Travel_Rarely,1364,Research & Development,7,1,Medical,1,7008219,4,Male,36,4,3,Manufacturing Director,1,Divorced,11398,15925,6,Y,No,17,4,3,80,1,20,2,4,9,1,0,1
990,33,No,Travel_Frequently,832,Research & Development,16,3,Technical Degree,1,16363292,4,Male,74,3,1,Research Scientist,4,Married,1843,6279,2,Y,No,14,3,3,80,0,4,3,3,3,5,1,1
991,37,No,Travel_Rarely,839,Research & Development,9,4,Life Sciences,1,13183468,3,Male,54,2,2,Healthcare Representative,4,Married,7405,6480,0,Y,No,19,3,1,80,1,7,2,3,5,8,2,7
992,42,No,Travel_Rarely,1038,Sales,18,2,Life Sciences,1,8622456,1,Male,84,3,2,Research Scientist,3,Single,8668,14656,1,Y,No,14,3,3,80,2,15,6,3,16,5,0,4
993,32,Yes,Travel_Rarely,779,Research & Development,20,2,Medical,1,10097739,3,Male,84,1,3,Healthcare Representative,3,Single,9759,12295,0,Y,No,14,3,1,80,1,13,4,2,10,5,9,2
994,34,Yes,Travel_Rarely,1447,Sales,11,4,Technical Degree,1,7400031,4,Male,47,4,2,Research Director,2,Single,6427,7217,1,Y,No,12,3,4,80,0,6,2,3,8,1,1,0
995,50,No,Travel_Rarely,187,Research & Development,10,2,Medical,1,3485551,1,Male,69,3,3,Healthcare Representative,4,Married,16709,2366,9,Y,No,13,3,3,80,0,30,3,3,25,8,9,7
996,48,No,Travel_Frequently,349,Research & Development,16,2,Technical Degree,1,14353491,2,Female,50,4,3,Manufacturing Director,1,Married,6258,4225,3,Y,No,12,4,3,80,1,19,2,2,15,3,14,5
997,34,No,Travel_Frequently,1015,Research & Development,2,1,Life Sciences,1,5079621,3,Female,43,4,1,Laboratory Technician,3,Divorced,1336,2366,1,Y,Yes,12,3,4,80,3,3,2,3,12,3,0,1
998,32,Yes,Travel_Rarely,366,Research & Development,21,2,Life Sciences,1,7195626,1,Female,42,2,1,Sales Executive,2,Single,3177,24200,2,Y,No,14,3,3,80,1,4,2,2,2,1,0,0
999,35,No,Travel_Rarely,225,Research & Development,2,3,Marketing,1,5521452,1,Female,97,4,1,Laboratory Technician,4,Married,2569,3166,0,Y,No,14,3,2,80,2,5,5,1,7,5,0,4
1000,32,No,Non-Travel,993,Research & Development,2,3,Life Sciences,1,1809233,4,Male,48,4,2,Healthcare Representative,4,Single,4874,4603,1,Y,Yes,22,3,4,80,0,7,1,2,13,2,0,6
1001,35,No,Travel_Rarely,729,Sales,27,3,Medical,1,3387465,4,Male,62,4,1,Sales Executive,3,Married,7052,18352,1,Y,No,17,3,2,80,1,7,2,4,21,8,13,10
1002,32,No,Travel_Frequently,1101,Research & Development,25,2,Life Sciences,1,6987814,1,Male,50,2,2,Research Director,2,Married,7488,16111,1,Y,No,15,3,4,80,0,16,0,3,11,0,3,3
1003,35,No,Non-Travel,1074,Sales,4,1,Medical,1,13427404,3,Male,99,2,2,Sales Representative,1,Single,7709,2268,9,Y,No,12,3,2,80,3,14,3,3,6,0,2,0
1004,36,No,Travel_Rarely,328,Human Resources,3,1,Life Sciences,1,12156483,4,Male,90,3,2,Laboratory Technician,1,Single,2229,19640,1,Y,No,13,3,4,80,0,7,2,3,19,0,0,1
1005,33,No,Travel_Rarely,1016,Research & Development,4,4,Technical Degree,1,3840484,3,Male,98,3,4,Research Scientist,4,Married,4145,26763,1,Y,Yes,15,3,3,80,0,9,5,3,6,5,0,11
1006,37,No,Travel_Rarely,654,Research & Development,14,4,Life Sciences,1,13561029,3,Male,49,2,5,Sales Executive,4,Married,4535,14526,0,Y,No,22,3,3,80,1,10,3,2,0,0,0,0
1007,33,No,Travel_Rarely,704,Research & Development,27,3,Other,1,12011994,3,Male,52,2,4,Research Scientist,3,Single,7867,23079,4,Y,No,14,4,4,80,0,13,0,2,8,4,1,0
1008,42,Yes,Travel_Rarely,396,Sales,12,3,Life Sciences,1,7515911,2,Female,44,3,1,Sales Executive,1,Divorced,2828,19248,8,Y,Yes,16,3,2,80,1,11,0,3,3,0,0,0
1009,41,No,Travel_Rarely,785,Sales,5,3,Medical,1,4992393,3,Male,35,2,1,Research Scientist,4,Single,1800,19699,0,Y,No,18,3,1,80,1,6,3,3,5,6,4,5
1010,22,Yes,Travel_Rarely,876,Sales,9,2,Human Resources,1,14728226,3,Male,52,3,1,Laboratory Technician,2,Single,1719,12619,7,Y,No,14,3,4,80,2,3,4,3,1,0,0,0
1011,47,No,Non-Travel,397,Research & Development,10,2,Human Resources,1,7369332,4,Male,72,3,1,Research Scientist,2,Single,7686,23579,1,Y,No,14,3,2,80,1,21,2,1,10,5,1,4
1012,37,No,Travel_Rarely,1393,Research & Development,4,2,Life Sciences,1,2877188,4,Female,94,2,1,Manufacturing Director,4,Divorced,5130,2851,3,Y,No,14,3,2,80,3,9,3,3,4,1,1,2
1013,24,Yes,Travel_Rarely,1103,Sales,2,3,Technical Degree,1,11045207,3,Female,50,2,2,Sales Executive,1,Divorced,2414,21640,4,Y,Yes,12,3,1,80,0,1,5,3,3,0,0,0
1014,41,No,Travel_Rarely,1341,Sales,16,3,Life Sciences,1,7198812,3,Female,55,2,3,Research Director,2,Married,8284,16471,1,Y,No,17,3,3,80,0,10,3,3,15,1,0,1
1015,29,No,Travel_Rarely,571,Research & Development,2,3,Life Sciences,1,10767078,4,Male,81,2,1,Research Scientist,1,Single,3529,2183,7,Y,No,19,3,3,80,2,8,2,3,4,6,8,3
1016,41,No,Travel_Frequently,843,Research & Development,10,2,Life Sciences,1,15114035,4,Male,74,3,1,Sales Executive,3,Single,4232,15141,8,Y,No,14,3,4,80,1,19,2,3,7,1,0,3
1017,39,No,Travel_Rarely,1376,Research & Development,5,4,Medical,1,9704264,4,Male,30,3,1,Research Scientist,1,Married,3456,8539,1,Y,Yes,13,3,1,80,0,6,3,3,6,3,9,10
1018,32,No,Travel_Frequently,874,Research & Development,4,4,Life Sciences,1,6696456,4,Male,35,3,5,Human Resources,4,Married,8447,20258,0,Y,Yes,13,3,2,80,0,14,3,2,9,1,12,9
1019,38,No,Travel_Rarely,827,Research & Development,22,4,Life Sciences,1,14825463,4,Male,60,3,2,Sales Executive,1,Single,4672,23949,8,Y,No,13,3,2,80,0,7,2,3,3,0,0,0
1020,18,No,Travel_Rarely,712,Research & Development,25,2,Life Sciences,1,2592837,1,Male,73,3,1,Laboratory Technician,3,Married,1598,18852,1,Y,No,14,3,3,80,1,1,1,3,7,3,13,2
1021,21,No,Travel_Rarely,761,Sales,2,1,Life Sciences,1,1970166,2,Male,83,3,1,Laboratory Technician,3,Married,3288,11224,1,Y,No,21,3,1,80,1,4,2,4,4,0,0,0
1022,54,No,Travel_Rarely,1357,Sales,4,5,Medical,1,13357456,4,Male,100,2,5,Manager,4,Single,16502,18469,4,Y,No,12,3,3,80,1,23,1,3,5,3,4,4
1023,25,Yes,Travel_Frequently,900,Sales,10,2,Medical,1,7767689,3,Female,87,3,1,Research Scientist,1,Married,2139,2873,7,Y,Yes,13,3,1,80,3,2,6,3,0,0,0,0
1024,37,Yes,Travel_Rarely,660,Research & Development,17,2,Medical,1,8923547,1,Male,71,1,1,Research Scientist,4,Married,2693,22376,1,Y,Yes,24,3,2,80,3,3,0,2,5,0,3,4
1025,33,Yes,Travel_Frequently,132,Research & Development,23,4,Medical,1,10766245,2,Female,99,3,1,Research Scientist,4,Married,4395,18995,3,Y,Yes,24,3,2,80,3,12,2,2,14,1,4,1
1026,38,No,Travel_Rarely,482,Sales,18,1,Human Resources,1,13294631,1,Male,83,3,2,Manufacturing Director,4,Divorced,10947,15089,1,Y,Yes,23,3,4,80,1,14,1,1,16,0,6,0
1027,32,Yes,Travel_Rarely,962,Sales,3,4,Marketing,1,356331,3,Female,51,3,2,Sales Executive,4,Divorced,6125,10460,1,Y,Yes,19,3,2,80,0,20,2,4,19,2,6,4
1028,46,No,Travel_Rarely,491,Research & Development,8,3,Marketing,1,14236481,3,Female,32,1,1,Research Scientist,1,Divorced,4056,26633,0,Y,No,15,3,4,80,1,5,2,1,1,0,0,0
1029,40,No,Travel_Rarely,765,Research & Development,2,1,Medical,1,3779602,2,Male,88,3,1,Laboratory Technician,3,Married,6920,6013,1,Y,No,18,3,4,80,1,10,2,3,15,6,6,4
1030,42,No,Travel_Rarely,361,Sales,4,3,Life Sciences,1,13400648,2,Male,80,3,1,Sales Executive,3,Single,3089,18730,5,Y,No,19,3,3,80,1,4,2,2,2,0,0,0
1031,52,No,Travel_Frequently,969,Research & Development,2,5,Life Sciences,1,4977864,4,Female,55,2,3,Sales Executive,3,Married,16196,17455,2,Y,Yes,13,3,1,80,0,18,2,3,7,1,0,2
1032,44,No,Travel_Rarely,306,Sales,19,4,Medical,1,10344138,3,Male,89,1,4,Research Director,4,Single,8873,5724,1,Y,Yes,17,3,4,80,0,11,3,2,1,0,0,2
1033,55,Yes,Travel_Rarely,1354,Sales,5,3,Life Sciences,1,1281328,2,Male,73,3,1,Healthcare Representative,4,Married,7527,16216,2,Y,Yes,20,3,2,80,1,21,3,3,10,1,10,3
1034,28,No,Travel_Rarely,558,Research & Development,24,4,Other,1,4476644,1,Female,64,3,1,Research Scientist,3,Married,1971,20674,8,Y,Yes,12,3,1,80,3,4,2,2,0,0,0,0
1035,32,No,Travel_Rarely,1233,Sales,3,3,Marketing,1,1402520,1,Male,39,3,1,Research Scientist,2,Divorced,3835,7742,1,Y,No,20,4,2,80,1,9,2,3,9,0,6,2
1036,28,No,Travel_Rarely,804,Sales,11,2,Life Sciences,1,14337253,4,Male,52,4,2,Manufacturing Director,4,Divorced,5052,16547,1,Y,No,16,3,4,80,1,7,2,3,3,0,0,0
1037,24,No,Travel_Rarely,843,Research & Development,7,5,Medical,1,5178733,2,Male,84,1,1,Laboratory Technician,2,Single,1066,20953,0,Y,Yes,21,3,1,80,0,1,4,2,3,1,4,3
1038,50,No,Travel_Rarely,485,Sales,20,1,Life Sciences,1,3782852,3,Female,50,3,4,Manager,2,Married,17464,21775,1,Y,No,18,3,3,80,1,38,3,3,30,8,5,9
1039,32,Yes,Travel_Rarely,1115,Sales,10,3,Life Sciences,1,7955192,3,Male,62,3,1,Healthcare Representative,1,Married,3179,22987,6,Y,No,22,3,3,80,1,9,3,3,3,3,0,0
1040,39,No,Travel_Rarely,1374,Sales,3,2,Marketing,1,16592951,3,Female,42,3,2,Sales Executive,3,Married,4855,20460,9,Y,No,16,3,1,80,0,12,2,3,8,0,1,0
1041,51,No,Non-Travel,1350,Sales,13,3,Medical,1,4211918,4,Female,100,2,5,Sales Representative,4,Single,9541,2799,1,Y,No,13,4,3,80,2,19,5,2,18,4,9,5
1042,28,No,Travel_Rarely,545,Research & Development,4,4,Marketing,1,2813253,4,Male,99,3,1,Sales Executive,4,Single,3412,24274,4,Y,Yes,21,4,3,80,1,7,4,3,8,0,5,6
1043,50,No,Travel_Rarely,446,Sales,5,5,Life Sciences,1,11609567,4,Male,68,3,2,Healthcare Representative,4,Married,10573,26421,1,Y,No,13,3,3,80,0,9,1,3,3,0,1,1
1044,30,No,Travel_Rarely,1263,Research & Development,7,3,Medical,1,3535281,4,Male,40,2,1,Laboratory Technician,3,Single,6671,15658,0,Y,No,16,3,4,80,1,11,2,3,5,0,3,3
1045,54,No,Travel_Rarely,181,Sales,16,1,Other,1,10830616,4,Male,49,3,1,Research Scientist,3,Married,1727,10327,0,Y,No,22,3,4,80,0,15,2,3,12,3,8,11
1046,28,No,Travel_Frequently,1372,Research & Development,3,2,Medical,1,1509278,4,Male,80,3,1,Laboratory Technician,4,Married,3355,8159,5,Y,No,25,3,4,80,2,8,4,3,6,0,0,2
1047,47,No,Travel_Rarely,598,Sales,9,1,Human Resources,1,16647288,3,Female,99,3,2,Sales Executive,3,Divorced,5293,23545,0,Y,Yes,16,3,2,80,1,20,4,2,10,0,0,0
1048,30,No,Travel_Rarely,1317,Sales,7,4,Life Sciences,1,12427008,2,Male,70,2,2,Manager,2,Married,3408,9704,9,Y,No,19,4,1,80,1,6,5,2,2,0,0,0
1049,27,No,Travel_Rarely,729,Research & Development,23,4,Marketing,1,10528735,3,Female,95,2,1,Research Scientist,4,Married,2707,25446,1,Y,No,14,3,1,80,0,3,2,3,0,0,0,0
1050,37,Yes,Travel_Rarely,1287,Human Resources,25,3,Medical,1,13693914,4,Male,92,1,2,Research Scientist,4,Single,2555,4068,9,Y,Yes,12,3,3,80,0,1,2,3,0,0,0,0
1051,32,No,Travel_Rarely,690,Sales,9,1,Medical,1,10621807,2,Male,48,3,4,Manager,3,Married,7566,13226,0,Y,No,12,3,4,80,0,13,2,3,17,13,7,17
1052,26,No,Travel_Frequently,1318,Research & Development,4,1,Medical,1,13753440,1,Male,49,4,1,Sales Representative,3,Single,4366,17060,7,Y,No,14,3,4,80,0,7,3,2,11,2,2,5
1053,27,No,Travel_Rarely,116,Research & Development,3,3,Marketing,1,10218726,2,Male,66,3,2,Sales Executive,2,Married,3479,25799,1,Y,Yes,13,3,4,80,0,4,3,3,3,0,0,1
1054,47,No,Travel_Rarely,789,Sales,5,3,Life Sciences,1,14835090,2,Male,49,3,2,Sales Representative,2,Divorced,8227,9426,5,Y,No,21,3,4,80,0,20,2,3,4,1,1,0
1055,24,No,Travel_Rarely,1312,Research & Development,28,2,Life Sciences,1,1025541,3,Female,99,3,1,Laboratory Technician,4,Married,2362,13931,1,Y,Yes,15,3,3,80,1,4,3,3,4,0,0,0
1056,26,No,Travel_Rarely,225,Sales,8,3,Marketing,1,11501274,4,Male,86,3,4,Research Scientist,3,Married,8470,26819,1,Y,No,13,3,3,80,2,8,5,3,8,5,0,1
1057,31,No,Travel_Rarely,612,Research & Development,2,3,Marketing,1,11952069,2,Male,64,3,1,Research Scientist,1,Single,1967,22026,0,Y,Yes,15,3,3,80,3,6,1,4,0,0,6,0
1058,32,No,Travel_Rarely,778,Research & Development,21,3,Life Sciences,1,9390740,3,Female,89,2,2,Sales Executive,1,Divorced,6228,13880,7,Y,No,18,4,2,80,1,10,4,3,2,0,1,0
1059,30,No,Travel_Rarely,1169,Human Resources,2,3,Medical,1,7723967,2,Male,89,3,2,Laboratory Technician,4,Married,3534,18498,2,Y,Yes,12,4,3,80,3,6,2,3,2,0,0,0
1060,47,No,Travel_Frequently,418,Sales,29,4,Other,1,14821247,4,Male,85,3,2,Research Director,3,Single,10081,20132,4,Y,No,19,3,2,80,3,17,2,3,2,0,7,2
1061,26,No,Travel_Rarely,320,Sales,7,3,Medical,1,10480570,1,Female,74,3,1,Research Scientist,4,Divorced,3437,19537,1,Y,No,15,3,3,80,1,5,0,3,9,0,3,0
1062,43,Yes,Travel_Rarely,1325,Research & Development,8,3,Life Sciences,1,8568429,4,Male,57,4,2,Research Director,1,Married,8074,6765,4,Y,Yes,15,4,3,80,0,22,5,1,6,1,3,8
1063,31,No,Travel_Rarely,502,Sales,27,2,Life Sciences,1,10299469,4,Female,35,2,2,Manager,4,Married,6622,4515,4,Y,No,15,3,1,80,1,8,4,3,4,0,0,1
1064,31,No,Travel_Rarely,1106,Sales,6,3,Technical Degree,1,10914898,4,Male,51,3,4,Laboratory Technician,2,Married,4376,11445,1,Y,No,20,4,3,80,1,6,5,4,4,0,2,0
1065,30,No,Travel_Rarely,764,Research & Development,17,4,Life Sciences,1,6683731,2,Female,39,3,2,Human Resources,3,Divorced,2564,12601,1,Y,No,22,4,4,80,1,4,2,3,6,1,6,0
1066,21,No,Travel_Rarely,821,Research & Development,7,2,Life Sciences,1,13541764,4,Male,51,3,1,Laboratory Technician,3,Divorced,1674,26660,1,Y,No,14,3,2,80,0,0,3,3,1,0,0,0
1067,23,No,Travel_Rarely,1458,Research & Development,2,3,Life Sciences,1,5868335,3,Male,39,3,2,Healthcare Representative,1,Single,2674,13067,0,Y,No,12,3,3,80,2,3,2,3,7,0,0,7
1068,43,No,Travel_Frequently,367,Sales,11,3,Marketing,1,12596026,3,Male,89,3,1,Research Scientist,2,Single,2441,4329,4,Y,Yes,19,3,4,80,0,10,0,1,1,0,4,0
1069,32,No,Travel_Rarely,162,Sales,20,2,Life Sciences,1,6489062,1,Female,87,2,3,Healthcare Representative,2,Divorced,6966,4673,1,Y,No,21,4,2,80,0,20,3,2,25,8,2,8
1070,32,No,Travel_Rarely,1169,Research & Development,22,3,Medical,1,6893511,1,Male,71,3,1,Laboratory Technician,4,Married,2330,2499,0,Y,No,14,3,2,80,1,6,1,3,1,0,2,3
1071,26,No,Travel_Rarely,169,Research & Development,4,4,Technical Degree,1,5701508,4,Male,46,3,1,Sales Executive,3,Single,3961,4885,2,Y,No,21,3,2,80,0,5,3,2,6,5,3,2
1072,29,No,Travel_Rarely,1452,Research & Development,10,3,Life Sciences,1,15220460,3,Female,33,1,2,Research Scientist,2,Single,16382,2875,1,Y,No,16,3,3,80,1,19,2,1,14,9,9,8
1073,27,No,Non-Travel,1191,Sales,10,3,Human Resources,1,5417205,2,Male,88,3,1,Sales Representative,2,Married,5687,19783,0,Y,No,18,3,3,80,0,8,3,4,20,3,13,9
1074,50,No,Travel_Rarely,1494,Research & Development,20,2,Marketing,1,6808569,2,Male,99,3,2,Sales Representative,3,Married,9244,20524,1,Y,No,25,3,1,80,1,20,3,3,8,0,0,2
1075,55,No,Travel_Rarely,922,Research & Development,16,2,Life Sciences,1,4700158,3,Male,100,3,3,Sales Executive,2,Single,10710,16325,7,Y,No,15,3,1,80,3,16,2,3,4,0,0,0
1076,51,No,Travel_Rarely,416,Sales,22,3,Medical,1,13379405,3,Male,95,3,5,Sales Executive,3,Single,7541,15572,2,Y,Yes,12,3,2,80,1,16,3,3,2,0,5,0
1077,42,No,Travel_Rarely,279,Sales,4,2,Life Sciences,1,3242465,1,Male,55,3,2,Manufacturing Director,1,Single,6760,20997,3,Y,No,16,3,4,80,2,16,3,3,12,1,0,2
1078,45,Yes,Travel_Frequently,283,Sales,7,4,Other,1,1779773,3,Male,49,3,2,Sales Representative,4,Married,6212,2551,0,Y,Yes,21,3,1,80,0,8,2,3,4,1,12,2
1079,47,No,Travel_Rarely,1271,Research & Development,2,2,Life Sciences,1,9018808,3,Male,43,3,1,Laboratory Technician,2,Single,2750,6142,2,Y,No,20,3,3,80,1,15,3,4,4,0,0,0
1080,22,No,Travel_Rarely,560,Research & Development,7,3,Life Sciences,1,11386321,3,Male,31,2,2,Healthcare Representative,1,Single,2798,10730,1,Y,No,13,3,4,80,0,4,0,3,6,0,8,0
1081,27,No,Travel_Rarely,1035,Research & Development,6,1,Life Sciences,1,8864609,3,Female,64,3,2,Sales Executive,2,Married,3432,5580,2,Y,No,13,3,3,80,2,14,2,2,6,1,9,8
1082,47,No,Travel_Rarely,666,Research & Development,12,3,Human Resources,1,12614796,1,Male,48,2,1,Sales Executive,1,Married,3607,26869,2,Y,Yes,24,4,1,80,2,6,0,2,1,3,3,0
1083,52,No,Travel_Rarely,254,Sales,11,4,Life Sciences,1,8069919,1,Male,54,3,3,Human Resources,1,Single,16338,11483,5,Y,No,21,3,2,80,3,37,3,2,12,3,1,2
1084,22,No,Travel_Rarely,1301,Research & Development,27,2,Life Sciences,1,2841429,3,Female,41,3,1,Healthcare Representative,3,Married,4958,16766,2,Y,No,18,3,3,80,0,6,1,3,1,0,0,0
1085,42,No,Travel_Rarely,795,Research & Development,5,1,Technical Degree,1,14218496,3,Female,75,2,2,Research Scientist,4,Single,5130,25028,0,Y,Yes,20,4,3,80,2,6,2,3,6,0,1,1
1086,41,No,Travel_Rarely,1468,Sales,4,3,Medical,1,2366530,3,Male,78,3,1,Laboratory Technician,4,Married,2960,24538,9,Y,No,25,4,3,80,1,8,5,3,1,0,0,0
1087,46,No,Travel_Rarely,1394,Research & Development,21,4,Other,1,8038347,4,Male,97,1,1,Healthcare Representative,3,Single,10589,6115,7,Y,No,13,3,3,80,0,26,2,2,3,0,0,0
1088,31,No,Travel_Rarely,1022,Sales,28,3,Medical,1,10191022,4,Male,46,2,2,Research Scientist,4,Single,7964,20968,0,Y,No,19,3,2,80,0,10,3,3,8,0,3,0
1089,36,No,Travel_Rarely,946,Research & Development,26,4,Life Sciences,1,3441813,1,Female,39,3,2,Sales Representative,2,Divorced,6506,15256,1,Y,No,13,3,4,80,1,10,1,4,1,0,0,0
1090,33,No,Travel_Rarely,932,Sales,18,3,Medical,1,14565999,3,Female,54,2,4,Research Scientist,4,Married,4328,11523,8,Y,Yes,14,3,2,80,2,12,1,3,2,0,1,0
1091,39,Yes,Travel_Rarely,656,Research & Development,12,2,Medical,1,2709317,2,Female,35,3,1,Sales Executive,1,Married,5059,13660,4,Y,No,15,3,1,80,0,9,4,3,2,2,0,4
1092,29,No,Travel_Rarely,503,Research & Development,12,4,Life Sciences,1,12988029,1,Male,87,1,3,Sales Executive,3,Single,11889,16872,3,Y,No,21,3,4,80,1,15,2,3,16,0,1,2
1093,25,No,Travel_Frequently,1054,Research & Development,20,3,Life Sciences,1,13083223,1,Male,90,3,1,Research Scientist,1,Married,1087,5411,0,Y,No,13,3,2,80,0,1,2,2,1,0,0,0
1094,48,Yes,Travel_Rarely,1191,Research & Development,17,4,Life Sciences,1,3255750,3,Female,86,4,3,Healthcare Representative,3,Married,18046,22329,1,Y,No,17,3,4,80,0,22,2,1,4,1,4,5
1095,53,No,Travel_Rarely,250,Research & Development,10,3,Life Sciences,1,14408688,1,Male,99,3,3,Healthcare Representative,3,Single,17634,9734,5,Y,No,12,3,2,80,1,14,2,2,2,1,0,0
1096,22,No,Travel_Rarely,161,Sales,3,3,Technical Degree,1,3749809,4,Female,71,3,2,Laboratory Technician,3,Single,2942,24692,1,Y,No,15,4,4,80,1,2,2,3,10,1,1,0
1097,48,No,Travel_Rarely,743,Research & Development,15,4,Life Sciences,1,14025934,1,Male,74,3,2,Sales Executive,1,Single,6516,23079,5,Y,No,15,3,1,80,0,12,2,3,1,0,4,2
1098,26,No,Travel_Rarely,599,Human Resources,4,4,Life Sciences,1,15238482,1,Female,98,4,1,Sales Executive,1,Divorced,2354,7571,1,Y,No,16,3,2,80,2,1,0,3,1,0,0,0
1099,38,Yes,Travel_Rarely,352,Sales,4,2,Medical,1,7446570,1,Male,82,3,4,Laboratory Technician,1,Single,3197,15489,1,Y,No,24,3,2,80,0,4,6,3,3,0,0,0
1100,39,No,Travel_Rarely,179,Research & Development,22,2,Other,1,10151693,1,Male,56,4,1,Manufacturing Director,1,Single,7405,19993,4,Y,Yes,18,3,2,80,2,13,5,3,2,0,1,1
1101,51,No,Travel_Frequently,363,Research & Development,5,4,Life Sciences,1,2197686,3,Male,43,2,2,Sales Executive,4,Single,4252,8947,1,Y,No,12,3,3,80,2,8,5,2,4,0,2,1
1102,40,No,Travel_Rarely,203,Sales,13,3,Life Sciences,1,733949,1,Male,89,2,2,Manager,1,Married,7393,12852,5,Y,No,15,4,1,80,1,20,6,3,14,4,3,7
1103,30,No,Travel_Rarely,898,Research & Development,19,2,Life Sciences,1,4601442,4,Male,33,3,1,Laboratory Technician,1,Single,3469,21214,0,Y,Yes,12,3,3,80,2,5,3,3,7,13,5,12
1104,35,No,Travel_Rarely,353,Sales,9,4,Marketing,1,10033626,1,Male,39,2,1,Research Scientist,2,Married,2834,23987,4,Y,No,18,3,2,80,2,6,2,2,3,0,4,3
1105,50,No,Travel_Rarely,809,Sales,15,4,Medical,1,11849778,4,Female,45,2,2,Research Director,3,Married,12456,4793,3,Y,No,12,3,3,80,1,14,5,3,2,0,2,1
1106,38,Yes,Travel_Frequently,167,Research & Development,8,4,Marketing,1,3697910,4,Female,60,1,1,Research Scientist,1,Single,2862,22654,2,Y,No,16,4,4,80,1,5,2,3,3,0,0,0
1107,53,No,Travel_Frequently,1186,Sales,5,1,Marketing,1,15278023,2,Male,69,2,1,Manufacturing Director,1,Single,6920,9276,8,Y,No,13,3,1,80,0,11,2,2,9,4,1,7
1108,21,No,Travel_Rarely,1076,Sales,3,3,Medical,1,13964024,1,Male,38,2,1,Laboratory Technician,3,Single,3142,9055,1,Y,No,15,3,2,80,1,1,0,4,2,0,2,0
1109,31,No,Travel_Frequently,1154,Research & Development,2,2,Life Sciences,1,3400769,4,Female,95,3,1,Research Scientist,1,Married,3128,26974,0,Y,No,18,4,2,80,1,5,4,3,12,8,2,11
1110,37,No,Travel_Rarely,1266,Research & Development,26,3,Life Sciences,1,2038301,4,Male,49,3,1,Research Scientist,4,Married,4892,25188,1,Y,No,25,3,3,80,1,6,2,3,2,0,6,1
1111,31,No,Travel_Rarely,537,Research & Development,22,3,Marketing,1,6124371,2,Male,74,3,1,Healthcare Representative,2,Single,5255,12346,0,Y,Yes,17,3,2,80,0,8,3,3,2,0,2,0
1112,21,No,Travel_Rarely,175,Sales,9,4,Medical,1,10355165,1,Female,39,4,1,Healthcare Representative,2,Divorced,3609,13538,1,Y,No,12,3,2,80,3,3,2,3,1,0,5,1
1113,47,Yes,Travel_Frequently,360,Sales,24,3,Other,1,722876,4,Male,30,3,3,Healthcare Representative,1,Married,8863,5169,0,Y,No,14,3,3,80,1,19,3,2,31,4,6,10
1114,26,No,Travel_Rarely,1376,Research & Development,5,4,Marketing,1,11939442,4,Male,47,2,1,Research Scientist,2,Single,3551,23103,0,Y,No,13,4,2,80,0,6,4,3,3,1,1,0
1115,35,No,Travel_Rarely,905,Research & Development,3,4,Life Sciences,1,571904,4,Male,35,2,3,Healthcare Representative,2,Single,14236,14589,0,Y,Yes,22,4,1,80,0,27,3,3,15,9,4,16
1116,47,No,Travel_Rarely,561,Research & Development,12,4,Life Sciences,1,13188129,3,Female,83,3,1,Laboratory Technician,1,Married,3154,12630,4,Y,No,12,3,4,80,1,14,3,4,12,0,4,5
1117,40,No,Travel_Frequently,899,Research & Development,19,1,Medical,1,6903144,3,Female,39,3,5,Manager,3,Married,11725,4680,3,Y,Yes,12,3,3,80,2,29,3,2,2,0,1,0
1118,41,No,Travel_Rarely,386,Research & Development,2,2,Life Sciences,1,202518,4,Female,67,3,1,Research Scientist,4,Married,4417,15012,9,Y,No,16,3,2,80,1,13,3,3,3,0,0,0
1119,32,No,Travel_Rarely,934,Research & Development,7,2,Technical Degree,1,3638945,3,Female,69,3,1,Research Scientist,3,Married,1884,10650,0,Y,Yes,15,4,4,80,0,2,3,3,2,0,0,1
1120,21,No,Travel_Rarely,1052,Human Resources,21,2,Life Sciences,1,9494377,4,Male,55,3,1,Manager,1,Divorced,3763,25421,0,Y,No,13,4,3,80,2,2,3,3,5,7,1,3
1121,27,No,Travel_Rarely,872,Human Resources,4,4,Life Sciences,1,6710960,3,Female,79,2,1,Research Scientist,3,Married,3302,12451,4,Y,No,13,3,2,80,0,12,3,3,5,0,6,1
1122,50,No,Non-Travel,1458,Research & Development,8,1,Other,1,11844136,1,Male,62,2,3,Manager,2,Married,19999,23017,2,Y,No,12,3,1,80,2,25,1,3,28,1,2,6
1123,31,Yes,Travel_Rarely,463,Research & Development,14,4,Medical,1,7280614,3,Male,62,3,2,Sales Executive,4,Divorced,6711,24269,4,Y,No,15,3,1,80,1,8,5,3,13,1,12,0
1124,36,No,Travel_Rarely,396,Research & Development,20,3,Marketing,1,616982,3,Female,97,3,2,Research Scientist,2,Divorced,6781,8667,2,Y,No,13,3,3,80,3,8,2,3,7,1,1,1
1125,38,No,Travel_Rarely,355,Research & Development,10,3,Marketing,1,1546590,4,Male,35,1,2,Laboratory Technician,3,Married,2572,2786,3,Y,No,21,4,4,80,0,10,2,4,0,0,0,0
1126,33,No,Travel_Rarely,1263,Sales,6,3,Medical,1,11455505,4,Female,64,3,3,Research Director,3,Married,9471,3981,6,Y,No,14,3,4,80,1,12,3,3,11,3,3,6
1127,60,No,Travel_Rarely,267,Sales,13,4,Human Resources,1,4335503,4,Female,81,2,3,Healthcare Representative,2,Married,9308,10045,1,Y,No,13,4,2,80,1,22,6,1,17,2,7,3
1128,40,No,Travel_Rarely,1127,Sales,3,2,Medical,1,11481982,4,Male,54,2,2,Manufacturing Director,1,Married,5045,2814,1,Y,No,14,4,2,80,0,7,0,4,7,0,4,2
1129,48,Yes,Travel_Rarely,635,Sales,23,3,Life Sciences,1,16245590,1,Male,87,3,2,Laboratory Technician,2,Married,5328,6332,9,Y,No,16,3,4,80,0,10,3,2,1,0,0,0
1130,30,No,Travel_Rarely,241,Research & Development,23,3,Medical,1,5756651,1,Female,92,4,2,Research Scientist,3,Married,4783,26945,3,Y,No,15,3,3,80,1,12,2,4,11,7,0,11
1131,51,No,Travel_Rarely,785,Research & Development,4,3,Life Sciences,1,5310297,3,Male,42,3,2,Manager,1,Married,4259,9132,1,Y,No,14,3,1,80,2,12,1,3,6,2,5,4
1132,33,No,Travel_Frequently,1051,Human Resources,9,4,Medical,1,5500397,1,Female,49,2,3,Research Director,3,Single,8186,10230,1,Y,No,15,3,3,80,1,10,2,3,2,1,0,0
1133,49,No,Travel_Rarely,1307,Research & Development,3,5,Life Sciences,1,1446311,1,Female,35,3,3,Manufacturing Director,3,Married,11371,15580,9,Y,No,20,4,4,80,0,16,3,1,4,0,5,0
1134,48,No,Travel_Rarely,1043,Sales,9,4,Marketing,1,7949165,1,Female,98,4,4,Research Director,3,Married,10641,2767,1,Y,No,17,3,2,80,1,16,2,4,9,2,2,1
1135,21,No,Travel_Rarely,890,Research & Development,2,3,Life Sciences,1,4885607,4,Male,87,2,1,Research Scientist,1,Married,3416,15234,1,Y,No,20,3,3,80,1,2,2,3,4,0,1,0
1136,52,No,Non-Travel,510,Research & Development,12,3,Life Sciences,1,15433354,2,Female,57,3,3,Healthcare Representative,2,Divorced,9590,9416,9,Y,Yes,13,3,4,80,0,26,2,4,2,0,7,0
1137,36,No,Travel_Frequently,1190,Research & Development,3,3,Life Sciences,1,5455836,1,Male,64,1,3,Research Scientist,3,Married,9968,5823,2,Y,No,14,3,3,80,2,11,2,1,16,0,1,3
1138,26,No,Travel_Rarely,882,Sales,14,4,Technical Degree,1,15896376,3,Female,44,2,3,Sales Executive,2,Single,5382,23412,0,Y,No,20,3,2,80,1,11,2,2,2,0,3,2
1139,49,No,Travel_Frequently,1347,Research & Development,15,5,Human Resources,1,14186861,4,Male,99,3,2,Sales Representative,2,Married,4412,12753,8,Y,No,13,3,3,80,0,18,2,4,4,2,1,1
1140,32,No,Travel_Rarely,1111,Sales,18,3,Medical,1,13801567,4,Male,71,2,2,Laboratory Technician,3,Divorced,3573,26793,6,Y,No,16,3,4,80,2,8,2,4,0,0,2,0
1141,38,No,Travel_Rarely,1339,Sales,9,2,Marketing,1,2530381,2,Male,37,3,2,Research Director,4,Married,16450,23696,6,Y,No,15,4,4,80,0,14,2,3,1,0,0,0
1142,37,No,Travel_Frequently,302,Sales,23,3,Life Sciences,1,4404180,3,Female,55,3,2,Healthcare Representative,4,Married,4231,5043,4,Y,Yes,12,3,3,80,0,5,2,3,0,0,0,1
1143,51,No,Travel_Rarely,1173,Research & Development,22,2,Life Sciences,1,10782994,2,Female,66,3,1,Sales Executive,3,Single,2903,15174,8,Y,No,22,3,4,80,2,5,5,3,2,0,0,3
1144,30,No,Travel_Rarely,931,Sales,16,2,Technical Degree,1,4367537,2,Male,72,4,1,Laboratory Technician,3,Married,4285,3530,1,Y,Yes,12,3,4,80,0,5,1,4,24,1,1,2
1145,24,No,Travel_Rarely,857,Research & Development,6,4,Marketing,1,15226828,4,Male,51,3,3,Human Resources,3,Single,8329,17930,0,Y,Yes,13,3,4,80,0,5,3,3,1,0,2,0
1146,34,No,Travel_Frequently,421,Research & Development,10,3,Medical,1,11798707,3,Female,40,2,1,Laboratory Technician,4,Divorced,2103,8407,1,Y,Yes,18,4,4,80,1,3,2,1,1,1,2,1
1147,39,No,Travel_Frequently,1438,Research & Development,6,3,Medical,1,987357,3,Female,53,1,2,Research Scientist,4,Divorced,4113,11375,5,Y,Yes,16,3,4,80,2,14,3,3,4,3,13,0
1148,42,Yes,Non-Travel,408,Research & Development,10,3,Medical,1,7244696,4,Female,72,2,3,Manager,2,Single,15317,10815,1,Y,Yes,12,3,2,80,1,13,6,3,5,0,0,0
1149,53,No,Travel_Rarely,957,Research & Development,2,3,Life Sciences,1,286412,4,Male,69,2,4,Sales Executive,2,Divorced,6562,5736,1,Y,No,12,3,4,80,0,11,2,2,0,0,0,0
1150,55,No,Travel_Rarely,758,Research & Development,26,2,Other,1,6697788,4,Female,48,4,3,Manager,4,Divorced,19999,14396,1,Y,No,19,3,3,80,1,36,3,3,30,4,3,5
1151,37,No,Travel_Frequently,1302,Research & Development,18,2,Life Sciences,1,15917571,2,Male,49,2,2,Research Scientist,2,Married,1869,4533,7,Y,No,16,4,3,80,2,4,2,4,0,0,0,0
1152,47,No,Non-Travel,263,Sales,23,4,Medical,1,60641,1,Male,89,3,1,Research Scientist,2,Married,2524,7790,2,Y,No,18,4,2,80,1,6,2,2,5,0,0,5
1153,45,No,Travel_Rarely,732,Research & Development,3,3,Life Sciences,1,14667263,1,Female,44,3,4,Sales Executive,4,Single,9590,11646,3,Y,No,25,3,2,80,0,11,3,4,13,6,8,7
1154,34,No,Travel_Rarely,800,Research & Development,9,4,Medical,1,13400880,4,Male,99,3,1,Sales Executive,1,Married,10282,19986,1,Y,Yes,23,3,2,80,1,9,2,1,12,1,10,2
1155,32,No,Travel_Rarely,204,Research & Development,8,3,Marketing,1,14148367,3,Male,71,4,1,Laboratory Technician,1,Married,1842,12534,1,Y,Yes,15,3,2,80,1,4,6,2,8,0,7,1
1156,38,No,Travel_Rarely,316,Sales,3,1,Medical,1,1151030,4,Male,37,3,2,Laboratory Technician,3,Divorced,2057,22298,1,Y,Yes,12,3,3,80,1,14,2,3,10,3,1,4
1157,43,No,Non-Travel,945,Sales,17,2,Other,1,5510906,4,Male,96,2,1,Manufacturing Director,2,Single,7203,17484,1,Y,Yes,18,4,3,80,0,11,2,3,8,0,3,1
1158,33,No,Travel_Rarely,1398,Research & Development,2,3,Life Sciences,1,14537936,3,Male,74,2,1,Sales Executive,3,Married,9113,12172,7,Y,No,18,3,1,80,0,5,1,3,11,0,1,3
1159,37,Yes,Travel_Rarely,1341,Research & Development,3,3,Medical,1,1737885,2,Male,46,2,2,Sales Representative,1,Single,4939,19483,1,Y,Yes,13,3,1,80,2,10,2,2,9,3,14,5
1160,38,No,Travel_Rarely,607,Research & Development,19,2,Technical Degree,1,16767862,3,Male,58,4,3,Research Scientist,4,Divorced,18820,23448,1,Y,No,13,3,3,80,1,13,3,3,18,8,0,2
1161,28,No,Travel_Rarely,1061,Research & Development,17,3,Life Sciences,1,2586656,2,Female,70,3,2,Sales Representative,4,Divorced,9538,3643,1,Y,No,19,4,3,80,1,6,2,2,12,1,1,0
1162,29,No,Travel_Frequently,873,Sales,14,2,Medical,1,14722043,2,Female,30,3,1,Healthcare Representative,4,Married,2927,10895,1,Y,No,24,3,3,80,0,8,3,3,0,1,2,0
1163,29,No,Non-Travel,1316,Sales,2,3,Medical,1,8222628,1,Female,51,3,2,Research Scientist,2,Married,6021,5881,1,Y,Yes,14,3,1,80,1,7,2,1,11,6,1,9
1164,35,Yes,Travel_Frequently,1155,Research & Development,15,1,Medical,1,15177011,3,Male,41,3,1,Laboratory Technician,4,Married,1972,16863,1,Y,No,15,4,4,80,1,9,2,4,4,0,1,1
1165,33,No,Travel_Rarely,153,Research & Development,15,1,Life Sciences,1,170953,1,Male,83,4,1,Laboratory Technician,1,Divorced,1802,7138,8,Y,No,14,3,2,80,0,4,4,3,0,0,0,0
1166,38,No,Travel_Rarely,1049,Research & Development,12,3,Life Sciences,1,791810,2,Female,62,1,3,Healthcare Representative,4,Married,17004,8537,6,Y,No,15,3,4,80,0,25,3,3,11,1,9,1
1167,25,No,Travel_Rarely,938,Sales,22,3,Medical,1,2815267,3,Male,56,3,1,Laboratory Technician,2,Divorced,4105,23742,3,Y,No,13,3,1,80,1,1,2,3,1,0,0,1
1168,39,No,Travel_Rarely,640,Research & Development,16,3,Life Sciences,1,12785872,3,Male,89,3,2,Research Scientist,4,Single,4033,3569,1,Y,No,13,3,4,80,0,10,2,3,2,0,1,0
1169,29,No,Travel_Rarely,495,Sales,8,4,Life Sciences,1,2774728,4,Female,80,3,2,Sales Executive,2,Married,5126,7074,0,Y,Yes,13,3,3,80,0,5,5,2,0,0,0,0
1170,53,No,Travel_Frequently,832,Research & Development,3,4,Marketing,1,8038190,1,Male,98,2,3,Healthcare Representative,1,Married,10233,7516,2,Y,Yes,20,4,1,80,0,29,3,4,32,13,1,16
1171,32,Yes,Travel_Rarely,927,Sales,7,4,Medical,1,6947679,1,Female,92,3,1,Manager,4,Divorced,2904,25271,4,Y,No,14,3,3,80,0,2,2,3,1,0,0,0
1172,32,No,Travel_Frequently,1438,Research & Development,10,4,Technical Degree,1,7390766,4,Male,96,2,3,Research Scientist,4,Married,3499,3819,0,Y,No,13,3,2,80,0,15,2,3,6,1,11,2
1173,33,No,Non-Travel,1492,Research & Development,22,2,Life Sciences,1,11478612,3,Female,70,3,1,Research Scientist,4,Divorced,2205,8395,0,Y,No,20,3,2,80,3,3,2,3,0,0,0,0
1174,32,No,Travel_Rarely,732,Sales,4,1,Life Sciences,1,9940172,2,Male,45,3,1,Laboratory Technician,3,Married,2118,7205,7,Y,No,20,4,1,80,0,5,3,2,2,0,0,0
1175,57,No,Travel_Rarely,230,Human Resources,4,2,Life Sciences,1,3832931,3,Female,58,1,3,Sales Representative,3,Single,16419,9860,3,Y,No,25,3,4,80,0,36,2,3,15,9,7,4
