,Age,Attrition,BusinessTravel,DailyRate,Department,DistanceFromHome,Education,EducationField,EmployeeCount,EmployeeNumber,EnvironmentSatisfaction,Gender,HourlyRate,JobInvolvement,JobLevel,JobRole,JobSatisfaction,MaritalStatus,MonthlyIncome,MonthlyRate,NumCompaniesWorked,Over18,OverTime,PercentSalaryHike,PerformanceRating,RelationshipSatisfaction,StandardHours,StockOptionLevel,TotalWorkingYears,TrainingTimesLastYear,WorkLifeBalance,YearsAtCompany,YearsInCurrentRole,YearsSinceLastPromotion,YearsWithCurrManager
0,48.34,No,Non-Travel,1346.58,Research & Development,8.538,2,Marketing,1,2102.046,1,Male,0.534,2,2,Laboratory Technician,1,Single,9389.73,22445.922,7,Y,No,10.913,3,2,80,2,18.19,1,2,6.073,7.763,7.619,10.86
1,24.598,Yes,Travel_Frequently,807.312,Sales,5.002,4,Life Sciences,1,738.398,4,Female,108.533,3,2,Sales Executive,2,Divorced,3806.449,16302.71,1,Y,Yes,16.203,3,3,80,1,11.539,3,3,17.374,9.986,9.699,4.132
2,42.304,No,Travel_Rarely,-207.81,Sales,-1.159,4,Medical,1,859.131,3,Female,73.703,3,2,Research Director,4,Single,8901.307,10497.309,0,Y,No,12.161,3,4,80,0,17.016,0,2,4.384,5.002,-0.099,7.189
3,42.832,Yes,Travel_Frequently,1334.743,Research & Development,8.439,3,Technical Degree,1,1115.88,4,Male,55.728,3,4,Laboratory Technician,1,Married,1226.413,19374.896,8,Y,No,6.943,3,1,80,0,10.331,2,4,8.308,0.818,-0.163,3.643
4,33.104,No,Travel_Frequently,683.582,Sales,0.08,3,Marketing,1,1090.108,3,Female,40.606,3,2,Sales Executive,3,Married,2645.416,10546.475,4,Y,No,13.52,3,3,80,1,5.993,3,1,2.918,1.946,-3.051,4.313
5,42.038,No,Travel_Rarely,523.364,Sales,-5.913,4,Medical,1,105.748,4,Male,48.394,3,3,Sales Executive,3,Single,4419.442,10292.704,9,Y,No,15.016,3,2,80,0,10.05,2,3,5.157,2.57,-1.266,1.848
6,38.826,No,Travel_Rarely,1624.032,Research & Development,15.275,4,Life Sciences,1,749.045,3,Female,74.659,3,1,Manufacturing Director,3,Married,6653.624,12334.514,3,Y,Yes,13.337,3,2,80,2,20.371,2,3,6.435,3.546,3.021,3.417
7,32.913,No,Travel_Frequently,401.766,Research & Development,18.151,3,Medical,1,1783.496,1,Male,72.494,3,4,Manufacturing Director,3,Divorced,9825.451,12414.634,1,Y,No,10.908,3,1,80,1,13.896,4,4,20.812,14.568,7.846,12.241
8,53.639,No,Travel_Rarely,748.396,Research & Development,0.234,3,Life Sciences,1,1696.297,3,Male,61.155,3,5,Laboratory Technician,1,Single,17042.514,-2487.854,2,Y,No,13.685,3,4,80,0,37.755,6,4,24.77,8.269,6.164,11.652
9,38.991,Yes,Travel_Rarely,800.531,Research & Development,7.553,3,Medical,1,1696.128,4,Female,55.227,3,1,Sales Executive,1,Married,6779.322,17211.238,2,Y,Yes,14.856,3,1,80,0,9.238,2,2,-0.988,0.173,-2.845,-0.574
10,38.178,No,Travel_Rarely,1146.153,Research & Development,5.328,5,Life Sciences,1,956.866,4,Female,30.926,3,2,Sales Executive,1,Divorced,8696.347,24934.441,0,Y,Yes,16.184,3,4,80,1,17.111,3,3,5.02,5.097,3.083,-0.519
11,35.431,No,Non-Travel,424.014,Research & Development,5.622,2,Life Sciences,1,937.899,4,Male,66.197,4,5,Human Resources,4,Married,11029.779,34095.477,6,Y,No,16.888,3,3,80,2,21.792,2,2,12.733,4.527,6.83,3.674
12,45.888,No,Travel_Frequently,1361.662,Research & Development,5.305,1,Marketing,1,1092.579,3,Male,59.664,3,1,Laboratory Technician,2,Divorced,11135.519,3899.665,7,Y,No,10.738,3,2,80,1,3.792,4,3,-4.865,-2.653,1.074,-1.75
13,35.412,No,Travel_Rarely,300.025,Sales,5.583,4,Medical,1,2305.322,2,Male,73.792,3,2,Sales Executive,2,Married,11899.402,13717.053,1,Y,No,20.206,3,3,80,2,16.022,5,3,10.928,6.315,2.643,6.111
14,46.647,No,Travel_Frequently,544.468,Sales,6.223,5,Marketing,1,1423.359,1,Female,72.883,3,5,Research Director,1,Single,16307.174,436.373,1,Y,No,16.565,3,2,80,1,31.423,2,3,13.125,12.788,7.013,7.701
15,42.627,Yes,Travel_Rarely,41.548,Research & Development,9.942,3,Medical,1,1308.551,3,Female,62.685,2,1,Research Scientist,4,Single,3428.06,14137.511,2,Y,No,17.658,4,3,80,0,15.911,3,3,3.756,1.248,2.579,-1.196
16,37.211,No,Travel_Rarely,578.384,Research & Development,-1.524,4,Marketing,1,1971.513,4,Male,49.938,2,1,Manager,4,Married,-685.882,2583.184,3,Y,No,21.075,4,4,80,0,5.601,6,3,-0.851,2.228,0.646,0.571
17,22.981,No,Travel_Rarely,521.078,Research & Development,2.346,2,Technical Degree,1,1036.213,3,Male,82.766,3,2,Sales Executive,2,Single,1753.762,8728.11,3,Y,No,20.047,4,1,80,0,4.602,3,3,8.45,8.047,1.284,5.285
18,46.515,No,Travel_Rarely,883.602,Research & Development,16.315,2,Human Resources,1,1648.739,2,Male,82.809,3,2,Laboratory Technician,3,Divorced,1504.406,17142.105,1,Y,No,13.697,3,2,80,0,9.411,2,4,-1.818,3.763,-1.449,1.502
19,58.217,No,Travel_Rarely,690.386,Research & Development,-8.956,2,Human Resources,1,-302.144,2,Male,68.318,1,2,Healthcare Representative,2,Married,25096.02,40158.766,2,Y,Yes,9.362,4,1,80,1,24.203,6,4,5.707,8.479,-1.263,-4.336
20,31.812,No,Travel_Rarely,209.123,Research & Development,5.484,3,Marketing,1,587.392,4,Female,11.426,3,2,Research Scientist,4,Single,1704.795,7938.665,0,Y,No,15.505,3,4,80,1,8.947,2,3,8.274,8.061,3.079,9.892
21,36.907,No,Travel_Frequently,1046.778,Sales,-10.355,4,Medical,1,1273.136,2,Female,69.953,3,2,Sales Executive,1,Married,6979.297,10978.573,1,Y,No,10.079,3,4,80,0,8.79,5,3,4.231,7.257,2.261,6.111
22,44.277,Yes,Travel_Frequently,548.951,Research & Development,19.634,3,Marketing,1,2808.518,1,Female,86.913,3,2,Laboratory Technician,4,Divorced,7067.336,13247.549,3,Y,Yes,17.153,4,3,80,1,13.57,6,3,21.147,6.935,-1.096,3.085
23,26.431,No,Travel_Rarely,113.822,Human Resources,4.163,3,Life Sciences,1,96.449,2,Male,96.788,3,4,Research Scientist,1,Married,5103.281,7151.494,3,Y,Yes,5.081,3,3,80,0,15.586,2,1,7.377,5.766,-0.345,5.441
24,23.686,No,Non-Travel,114.821,Research & Development,11.195,5,Medical,1,1853.468,4,Male,96.857,2,4,Manufacturing Director,2,Single,12306.332,28986.285,7,Y,No,26.841,4,4,80,1,-1.243,1,2,9.404,3.023,-3.046,6.514
25,45.715,No,Travel_Rarely,745.937,Human Resources,-1.671,3,Life Sciences,1,928.794,3,Male,73.808,2,4,Manager,2,Married,5443.448,18972.172,2,Y,Yes,13.249,3,3,80,0,6.138,2,4,-4.179,-0.954,-2.77,-2.826
26,37.982,Yes,Travel_Rarely,1116.38,Research & Development,8.06,2,Medical,1,321.259,4,Male,61.065,3,1,Manager,1,Divorced,-526.211,7227.2,0,Y,No,11.513,3,3,80,0,5.351,3,2,4.099,2.313,-3.817,3.338
27,37.088,No,Travel_Rarely,778.261,Research & Development,-4.305,2,Medical,1,724.771,1,Male,62.434,2,2,Healthcare Representative,1,Divorced,10748.977,21387.66,5,Y,No,14.04,3,2,80,1,15.18,3,3,0.855,2.602,-2.828,0.614
28,18.174,Yes,Travel_Frequently,561.528,Research & Development,23.722,3,Life Sciences,1,1502.134,3,Male,56.553,3,1,Research Scientist,2,Single,-8039.969,16455.512,1,Y,Yes,21.591,4,2,80,1,-6.847,0,3,5.242,6.573,-1.912,0.749
29,19.123,No,Travel_Rarely,829.634,Sales,7.223,2,Marketing,1,906.424,3,Male,51.769,2,5,Healthcare Representative,3,Single,5220.163,20859.793,1,Y,No,20.576,4,4,80,0,9.206,0,3,14.401,10.119,4.286,8.416
30,35.754,No,Travel_Frequently,653.919,Research & Development,9.317,2,Life Sciences,1,1296.134,4,Female,70.264,3,2,Research Scientist,1,Married,6396.432,19731.123,3,Y,Yes,18.099,4,3,80,1,19.98,3,2,10.293,7.314,4.309,7.722
31,42.428,No,Travel_Frequently,552.894,Research & Development,1.202,4,Medical,1,1024.586,4,Female,58.785,3,1,Research Scientist,4,Single,2755.409,-351.163,2,Y,No,16.532,3,2,80,0,7.167,3,3,6.135,2.92,-0.223,3.735
32,14.489,No,Travel_Rarely,397.59,Research & Development,17.525,3,Human Resources,1,1087.428,4,Male,117.117,3,2,Research Scientist,4,Single,-514.22,13080.573,1,Y,No,12.975,3,3,80,0,3.621,0,3,2.361,4.646,3.65,5.098
33,42.056,No,Travel_Frequently,388.703,Research & Development,3.765,3,Life Sciences,1,1319.0,4,Male,93.68,3,1,Laboratory Technician,1,Married,4954.406,7855.632,6,Y,Yes,7.693,3,3,80,1,8.829,3,3,-0.965,-1.146,2.313,-0.186
34,43.466,Yes,Travel_Frequently,608.464,Sales,16.017,4,Life Sciences,1,1763.111,2,Female,30.148,3,1,Research Director,1,Single,-1404.401,25397.15,2,Y,Yes,10.605,3,4,80,2,13.316,0,1,27.243,9.804,11.854,11.733
35,23.133,No,Travel_Rarely,282.086,Sales,2.298,1,Life Sciences,1,1513.528,4,Female,85.623,3,2,Research Scientist,3,Single,1321.914,13675.656,0,Y,No,14.269,3,3,80,0,-3.302,4,2,0.987,0.149,2.136,-2.311
36,36.637,No,Travel_Rarely,725.87,Research & Development,4.779,2,Technical Degree,1,1097.546,1,Male,53.604,3,1,Laboratory Technician,3,Divorced,1750.0,8570.717,3,Y,No,14.572,3,1,80,2,11.961,6,3,7.173,1.951,0.741,5.419
37,52.77,No,Travel_Rarely,821.43,Sales,32.764,4,Marketing,1,1428.157,4,Male,42.475,4,3,Research Scientist,3,Married,8456.545,16251.014,0,Y,No,24.868,4,1,80,3,28.918,3,3,22.819,13.246,4.595,12.01
38,22.782,Yes,Travel_Rarely,493.157,Research & Development,28.071,1,Life Sciences,1,702.173,3,Male,105.591,3,1,Research Scientist,1,Single,-100.541,24070.367,1,Y,No,13.03,3,2,80,0,0.529,3,3,4.421,4.365,-2.744,7.185
39,30.564,No,Travel_Rarely,859.368,Research & Development,17.497,4,Life Sciences,1,1550.039,4,Female,73.268,2,2,Human Resources,1,Divorced,1261.23,21105.588,1,Y,No,13.602,3,2,80,1,8.466,2,3,1.632,3.429,-1.762,-1.498
40,41.469,Yes,Travel_Rarely,151.438,Research & Development,15.198,3,Marketing,1,2025.008,2,Male,79.11,3,5,Healthcare Representative,2,Single,7060.17,5517.381,9,Y,No,18.503,4,3,80,1,15.041,4,4,13.704,8.253,5.538,6.632
41,39.681,No,Travel_Rarely,881.875,Research & Development,8.695,4,Medical,1,920.207,3,Male,53.4,3,1,Research Scientist,4,Married,4486.273,10517.713,1,Y,No,15.811,3,4,80,2,12.504,3,2,12.504,5.854,1.058,4.308
42,29.706,No,Travel_Frequently,481.416,Research & Development,9.961,3,Life Sciences,1,1225.502,4,Male,57.686,1,5,Manufacturing Director,2,Married,2982.235,25375.172,1,Y,Yes,17.465,3,2,80,2,7.403,3,2,2.626,6.121,0.671,4.721
43,34.238,No,Non-Travel,635.01,Research & Development,18.06,1,Medical,1,1715.133,4,Male,75.091,3,4,Sales Executive,1,Single,5329.618,15331.481,2,Y,Yes,13.394,3,4,80,2,15.136,4,3,14.076,7.521,5.637,11.293
44,28.726,No,Travel_Rarely,543.426,Sales,4.75,3,Medical,1,890.681,4,Male,26.394,2,1,Research Scientist,1,Married,1444.446,15796.052,1,Y,No,19.02,4,2,80,0,1.672,3,3,2.56,4.117,1.024,-1.022
45,6.448,No,Travel_Rarely,188.284,Sales,10.392,3,Other,1,1011.929,4,Female,69.771,4,1,Laboratory Technician,1,Married,-8737.385,7265.179,5,Y,No,5.178,3,4,80,1,-3.944,5,3,1.367,0.717,0.01,0.325
46,33.637,No,Travel_Rarely,418.478,Sales,12.082,1,Marketing,1,1128.701,1,Female,82.951,3,2,Sales Executive,3,Single,11184.379,17378.285,3,Y,No,11.535,3,3,80,0,24.23,2,4,4.096,3.588,4.045,7.171
47,34.211,Yes,Travel_Rarely,923.016,Research & Development,25.243,2,Life Sciences,1,1517.781,4,Male,53.309,4,1,Healthcare Representative,3,Married,7207.325,12668.732,1,Y,No,10.075,3,3,80,3,10.68,2,4,10.879,8.68,0.657,1.669
48,37.265,No,Travel_Rarely,724.256,Research & Development,13.066,2,Life Sciences,1,942.288,1,Male,42.915,2,4,Healthcare Representative,3,Single,8117.486,12610.221,1,Y,No,18.739,4,2,80,0,19.388,2,3,16.804,10.308,6.011,9.647
49,57.791,No,Travel_Frequently,1555.743,Research & Development,6.565,4,Medical,1,-571.869,3,Female,90.203,3,1,Research Scientist,1,Single,6057.012,32632.371,9,Y,No,16.752,4,3,80,2,18.189,3,2,13.546,8.782,4.43,6.095
50,45.859,No,Travel_Frequently,318.304,Sales,16.867,2,Human Resources,1,968.911,4,Male,50.183,4,4,Sales Representative,4,Married,14978.445,33099.41,3,Y,No,10.331,3,4,80,0,21.922,3,3,14.298,9.813,8.054,8.091
51,43.84,No,Travel_Rarely,710.326,Sales,15.306,3,Medical,1,1910.401,4,Female,90.412,1,3,Manager,3,Divorced,10865.754,16365.49,1,Y,Yes,14.785,3,3,80,1,22.897,4,2,18.578,10.203,5.89,6.014
52,19.836,No,Travel_Rarely,-179.649,Research & Development,2.897,4,Life Sciences,1,105.152,4,Male,63.914,3,1,Human Resources,4,Married,1581.44,8083.852,1,Y,No,13.859,3,1,80,0,5.278,3,3,12.563,7.957,1.876,8.507
53,35.771,Yes,Travel_Rarely,500.356,Research & Development,10.017,2,Medical,1,2244.133,3,Female,73.283,3,5,Healthcare Representative,3,Single,7486.7,1833.947,3,Y,Yes,23.921,4,4,80,0,9.095,1,1,3.808,5.254,1.309,0.845
54,49.632,Yes,Travel_Rarely,192.956,Sales,5.752,3,Life Sciences,1,2095.827,1,Male,-5.983,2,2,Healthcare Representative,1,Divorced,10810.41,33828.01,7,Y,No,14.624,3,4,80,1,15.318,4,3,17.023,5.425,3.255,4.352
55,32.663,No,Non-Travel,1360.058,Human Resources,21.306,1,Other,1,2085.268,3,Female,63.905,3,2,Human Resources,2,Married,5201.102,29703.469,1,Y,No,10.441,3,3,80,0,2.997,3,4,1.851,3.665,-3.893,3.386
56,39.663,Yes,Travel_Rarely,730.564,Research & Development,15.341,5,Life Sciences,1,1054.74,3,Female,67.789,3,2,Healthcare Representative,3,Married,10177.494,1009.663,1,Y,Yes,11.26,3,2,80,2,3.257,3,2,1.221,-2.689,-0.538,2.254
57,41.563,Yes,Travel_Rarely,904.938,Sales,-13.705,4,Medical,1,1585.45,3,Female,98.547,2,2,Sales Executive,3,Married,2736.177,6049.108,1,Y,Yes,17.562,3,1,80,1,6.139,3,2,12.921,9.253,4.538,8.792
58,12.171,No,Travel_Rarely,804.093,Research & Development,4.296,3,Medical,1,2073.98,3,Female,46.87,3,1,Research Scientist,3,Single,4277.156,9977.506,3,Y,Yes,18.522,4,3,80,0,-4.779,2,2,1.128,1.532,0.811,4.801
59,44.878,No,Travel_Rarely,61.929,Sales,13.645,3,Marketing,1,1945.951,4,Female,65.863,3,2,Sales Executive,2,Married,6739.984,26566.117,0,Y,No,13.947,3,3,80,1,14.534,3,3,11.998,5.967,3.787,2.403
60,39.849,No,Non-Travel,1558.41,Research & Development,-7.695,2,Medical,1,672.364,3,Female,52.973,2,2,Healthcare Representative,3,Married,8368.259,5209.612,2,Y,No,9.012,3,4,80,1,14.752,4,3,11.789,4.527,4.35,6.05
61,29.828,Yes,Non-Travel,863.572,Research & Development,4.296,1,Medical,1,445.334,2,Male,64.511,2,1,Research Director,4,Divorced,4790.226,10652.954,1,Y,No,11.359,3,1,80,1,5.622,3,3,6.639,4.015,3.837,5.31
62,48.391,No,Travel_Rarely,1247.045,Research & Development,11.159,2,Medical,1,1386.26,4,Female,51.653,3,2,Manufacturing Director,1,Single,1773.639,16942.264,2,Y,Yes,16.401,3,2,80,3,21.998,5,4,15.155,5.867,4.763,9.06
63,27.696,No,Travel_Rarely,-209.525,Sales,17.836,1,Life Sciences,1,1672.114,4,Male,48.543,3,2,Sales Executive,4,Married,3184.083,5807.037,3,Y,Yes,13.779,3,1,80,2,18.556,3,3,8.736,3.514,0.445,1.282
64,36.979,No,Travel_Rarely,432.61,Sales,21.371,3,Technical Degree,1,2030.88,1,Male,80.532,3,2,Sales Executive,3,Single,189.821,15199.883,1,Y,No,16.233,3,4,80,0,10.414,5,3,9.499,4.748,-2.217,7.347
65,14.821,No,Travel_Frequently,344.075,Research & Development,4.942,2,Life Sciences,1,400.871,2,Male,37.467,3,1,Sales Executive,3,Single,3999.05,7171.858,1,Y,No,8.817,3,3,80,1,-3.115,1,3,-6.679,-3.532,-4.762,2.0
66,68.747,Yes,Non-Travel,199.921,Sales,-21.791,4,Medical,1,2677.047,3,Male,101.514,3,5,Laboratory Technician,1,Single,20904.18,20013.08,8,Y,Yes,12.858,3,4,80,2,15.61,1,4,12.977,10.408,-2.183,11.293
67,30.914,No,Travel_Rarely,557.605,Sales,12.662,2,Marketing,1,943.966,4,Female,78.513,3,2,Sales Executive,4,Married,13041.709,13024.26,1,Y,Yes,17.192,4,4,80,2,19.341,3,3,18.975,4.365,2.908,7.541
68,32.427,No,Non-Travel,480.874,Sales,-3.272,3,Medical,1,997.818,4,Male,58.106,3,2,Sales Executive,4,Divorced,5151.789,17176.68,5,Y,No,13.581,4,1,80,1,8.674,3,4,7.618,3.555,1.571,4.881
69,39.408,No,Travel_Rarely,-470.924,Sales,11.108,4,Human Resources,1,1682.976,2,Male,83.305,3,5,Sales Executive,2,Married,11685.539,12507.481,3,Y,Yes,14.356,3,3,80,1,16.675,3,3,10.986,5.658,2.897,7.223
70,29.051,No,Travel_Frequently,1533.567,Research & Development,7.224,2,Technical Degree,1,129.582,3,Female,74.307,3,2,Research Scientist,2,Single,-3462.75,14288.221,2,Y,No,13.232,3,3,80,0,0.229,3,3,-3.714,-1.643,-4.606,-1.719
71,38.894,Yes,Non-Travel,214.693,Sales,17.156,3,Medical,1,802.068,2,Female,51.342,3,2,Manufacturing Director,3,Single,4352.544,23829.29,2,Y,Yes,17.843,3,2,80,0,10.816,3,3,0.631,4.013,-0.763,-1.961
72,45.627,No,Travel_Rarely,1534.793,Sales,4.316,3,Marketing,1,1585.177,4,Male,74.899,3,2,Sales Executive,3,Married,10356.566,1594.654,8,Y,Yes,19.008,4,3,80,1,17.682,3,2,20.298,7.072,4.687,7.35
73,33.989,No,Non-Travel,953.614,Human Resources,18.661,4,Life Sciences,1,1295.426,3,Male,70.55,3,5,Manager,4,Married,7767.409,16576.154,1,Y,No,18.017,4,1,80,0,21.338,3,3,18.499,13.63,8.692,9.53
74,43.864,No,Travel_Rarely,616.345,Sales,-1.99,2,Marketing,1,796.942,4,Female,47.498,2,5,Laboratory Technician,3,Married,6437.268,7354.161,4,Y,No,19.658,3,2,80,3,11.715,1,3,2.883,3.824,2.969,1.382
75,20.004,No,Travel_Rarely,932.536,Research & Development,13.345,2,Medical,1,585.488,3,Female,58.629,3,2,Manager,4,Married,12500.925,25307.02,6,Y,No,16.225,3,2,80,1,11.482,2,3,7.964,3.079,-0.922,-0.402
76,41.01,No,Travel_Rarely,972.333,Research & Development,10.253,4,Medical,1,566.098,3,Male,31.041,4,1,Human Resources,3,Single,1647.544,-4405.083,2,Y,No,18.988,4,4,80,2,14.392,0,2,3.205,4.455,-1.595,2.44
77,33.794,No,Travel_Rarely,1181.16,Research & Development,-3.411,4,Life Sciences,1,1275.424,2,Male,53.976,3,1,Research Scientist,4,Married,2454.89,3950.192,7,Y,Yes,14.124,3,2,80,0,5.617,3,3,3.255,-0.562,5.487,1.113
78,23.792,No,Travel_Rarely,977.815,Research & Development,14.863,5,Life Sciences,1,929.333,3,Male,68.538,4,1,Healthcare Representative,4,Married,-2105.927,7205.78,1,Y,Yes,16.031,3,2,80,2,-2.322,4,3,-5.841,-1.58,-2.124,-0.878
79,27.451,No,Travel_Rarely,25.366,Research & Development,15.99,3,Medical,1,1704.106,3,Female,75.771,3,1,Research Scientist,1,Married,4325.352,21705.68,1,Y,No,16.759,3,3,80,0,8.446,3,3,11.38,8.942,4.782,9.166
80,41.142,No,Travel_Frequently,123.124,Sales,0.722,4,Life Sciences,1,1635.9,1,Female,20.658,3,2,Sales Executive,3,Single,12167.004,18077.832,3,Y,No,10.036,3,2,80,1,12.869,3,3,2.087,3.452,4.598,1.703
81,25.773,Yes,Travel_Rarely,113.85,Sales,7.839,2,Medical,1,642.853,1,Male,81.083,2,1,Research Scientist,2,Married,6905.212,2858.967,5,Y,Yes,13.23,3,2,80,0,12.502,3,2,8.146,1.115,1.242,-0.404
82,26.761,No,Non-Travel,-87.134,Sales,0.934,4,Marketing,1,1456.469,1,Male,119.311,2,2,Sales Executive,1,Married,4407.138,11664.041,3,Y,No,14.45,3,4,80,3,3.988,2,1,2.489,-8.131,-1.31,-0.243
83,49.018,Yes,Travel_Rarely,486.612,Research & Development,25.447,4,Life Sciences,1,2325.61,1,Female,77.984,3,2,Manufacturing Director,4,Married,8406.184,17054.266,1,Y,Yes,19.741,4,2,80,0,13.972,2,2,8.781,3.574,3.4,4.948
84,40.836,No,Travel_Frequently,1087.207,Research & Development,6.001,3,Technical Degree,1,340.434,3,Female,18.17,1,3,Sales Executive,4,Married,18723.729,27944.234,1,Y,No,27.424,4,4,80,1,18.423,2,2,16.462,7.1,5.838,8.575
85,36.173,No,Travel_Rarely,575.882,Research & Development,7.479,2,Life Sciences,1,999.147,4,Female,75.489,3,1,Human Resources,3,Single,9545.917,7593.766,3,Y,No,12.567,3,4,80,0,7.588,3,3,9.103,10.128,-0.09,4.907
86,32.138,No,Non-Travel,1032.002,Sales,13.667,2,Technical Degree,1,-294.647,1,Male,83.418,2,3,Research Scientist,2,Married,292.138,27006.316,7,Y,Yes,18.287,3,4,80,0,8.375,0,3,5.034,4.671,11.281,4.487
87,39.059,No,Travel_Rarely,1453.61,Sales,3.339,3,Other,1,2189.848,2,Female,34.922,3,2,Sales Executive,2,Single,6788.178,11097.158,0,Y,Yes,14.024,3,4,80,0,4.22,1,3,1.607,0.427,-0.809,0.253
88,38.256,No,Travel_Rarely,483.266,Sales,7.573,3,Technical Degree,1,-62.155,4,Female,53.311,2,1,Research Scientist,1,Single,6001.341,-292.493,8,Y,No,15.919,3,4,80,1,12.225,3,3,10.18,3.573,7.221,4.935
89,32.021,Yes,Travel_Rarely,1424.621,Sales,17.072,3,Medical,1,902.382,2,Female,59.283,1,1,Sales Representative,3,Married,9357.807,23512.578,2,Y,No,8.505,3,3,80,1,13.747,3,3,9.511,6.406,4.789,5.529
90,36.569,Yes,Travel_Rarely,311.997,Research & Development,-2.546,1,Medical,1,1062.325,2,Male,28.525,2,4,Laboratory Technician,3,Single,11244.228,13217.856,2,Y,No,12.699,3,1,80,1,13.676,0,4,18.385,7.064,3.064,6.97
91,36.232,No,Travel_Rarely,280.958,Research & Development,7.469,5,Medical,1,577.031,4,Male,80.791,2,1,Sales Executive,3,Married,10806.309,11865.539,3,Y,No,12.695,3,2,80,1,15.085,2,3,10.303,6.603,3.179,3.097
92,31.844,No,Travel_Rarely,-102.376,Research & Development,16.84,4,Life Sciences,1,2100.238,3,Female,91.812,3,2,Manager,1,Married,12870.829,20232.162,1,Y,Yes,7.634,3,4,80,0,20.527,3,4,12.137,6.218,3.388,9.193
93,29.734,No,Travel_Rarely,1177.422,Research & Development,-3.667,1,Medical,1,1015.449,3,Male,33.598,2,1,Healthcare Representative,4,Married,6617.666,8096.014,1,Y,No,11.757,3,4,80,0,11.859,3,2,8.743,5.096,5.102,4.661
94,30.339,No,Travel_Rarely,958.443,Research & Development,-2.319,2,Medical,1,2416.724,3,Male,70.767,2,1,Sales Executive,1,Married,1715.916,9033.691,4,Y,No,15.941,4,4,80,3,2.914,0,4,4.387,1.257,-3.34,1.161
95,40.081,No,Travel_Rarely,705.373,Research & Development,16.53,3,Marketing,1,1570.881,4,Male,86.622,2,2,Research Scientist,1,Single,9403.034,10774.978,7,Y,No,12.942,3,1,80,2,14.298,1,3,2.64,5.444,-2.223,-0.144
96,26.512,Yes,Travel_Rarely,1257.809,Human Resources,9.237,3,Medical,1,731.803,3,Male,76.697,3,1,Sales Representative,3,Single,-3521.779,18537.996,1,Y,Yes,16.315,3,3,80,0,-2.609,4,3,5.336,3.911,-2.529,3.502
97,28.915,Yes,Travel_Rarely,395.678,Sales,8.34,2,Medical,1,-152.415,2,Male,85.161,2,1,Sales Executive,3,Divorced,5540.726,4712.348,1,Y,No,18.773,3,2,80,2,3.048,2,3,9.469,5.434,2.331,2.235
98,47.72,No,Travel_Rarely,1363.46,Sales,20.234,2,Marketing,1,1563.167,4,Female,52.99,4,3,Sales Executive,1,Married,15531.629,13491.443,1,Y,Yes,10.692,3,1,80,0,23.898,0,2,12.922,5.223,0.057,2.476
99,20.582,No,Non-Travel,1096.342,Research & Development,29.87,4,Life Sciences,1,1052.311,3,Female,115.575,3,1,Sales Representative,4,Divorced,471.058,24268.305,1,Y,No,17.131,3,1,80,0,-2.912,5,3,6.276,8.355,4.269,6.296
100,43.086,No,Non-Travel,949.125,Sales,14.484,3,Medical,1,1038.26,3,Male,50.852,3,2,Healthcare Representative,3,Married,4785.296,3775.448,2,Y,No,13.054,3,3,80,0,13.613,2,2,2.22,4.568,2.575,2.148
101,37.208,Yes,Travel_Rarely,1142.836,Research & Development,-5.96,1,Other,1,1179.581,1,Female,84.035,2,1,Laboratory Technician,3,Divorced,2070.619,23225.387,0,Y,Yes,15.705,3,4,80,1,2.257,5,2,5.751,-1.083,1.072,4.053
102,32.569,No,Non-Travel,899.012,Research & Development,9.984,3,Medical,1,1729.192,2,Female,54.949,2,1,Laboratory Technician,3,Married,6105.096,7676.448,1,Y,No,11.411,3,3,80,1,13.033,3,1,10.46,7.097,1.618,6.271
103,28.356,Yes,Travel_Frequently,1477.292,Sales,11.337,3,Marketing,1,247.98,4,Male,73.373,4,1,Laboratory Technician,2,Married,3000.063,16055.928,8,Y,No,12.624,3,1,80,0,15.461,2,4,7.3,3.006,-2.733,4.207
104,54.797,No,Non-Travel,-298.013,Research & Development,8.506,1,Life Sciences,1,1740.502,1,Female,67.304,4,3,Research Scientist,3,Married,12755.291,21924.043,1,Y,No,6.045,3,4,80,0,18.075,3,2,5.567,5.309,2.99,5.373
105,42.585,No,Travel_Frequently,650.382,Sales,11.688,2,Other,1,1775.106,2,Female,73.835,2,2,Human Resources,3,Married,4318.536,14013.625,7,Y,Yes,11.721,3,4,80,1,9.24,2,3,2.461,4.543,0.595,4.64
106,40.297,No,Non-Travel,978.436,Sales,7.895,5,Other,1,2389.774,4,Female,169.08,2,4,Human Resources,4,Married,1952.976,-1364.303,3,Y,No,8.828,3,2,80,1,8.869,2,3,10.431,9.293,3.682,8.44
107,15.574,No,Travel_Rarely,595.023,Sales,2.423,3,Life Sciences,1,282.445,3,Female,97.615,2,1,Sales Executive,4,Married,1588.765,-820.388,1,Y,No,16.119,3,4,80,1,-1.914,2,3,12.516,7.915,5.219,7.686
108,43.235,No,Travel_Rarely,631.816,Human Resources,-2.479,2,Medical,1,1725.985,3,Female,81.667,3,4,Human Resources,2,Married,-241.428,16754.105,4,Y,No,14.256,3,3,80,0,4.698,2,4,-2.262,0.463,-0.205,2.739
109,32.473,No,Travel_Rarely,910.465,Sales,7.076,3,Medical,1,1517.491,1,Female,77.832,2,1,Sales Representative,4,Divorced,7830.242,10931.677,3,Y,No,16.124,3,2,80,1,9.436,2,3,9.186,10.345,3.338,7.513
110,31.343,No,Travel_Frequently,851.927,Sales,3.348,4,Marketing,1,-336.635,4,Male,62.88,3,1,Human Resources,4,Divorced,1751.258,18050.486,7,Y,Yes,20.458,4,4,80,1,9.381,3,1,3.745,6.261,0.379,2.383
111,55.355,No,Non-Travel,571.646,Research & Development,4.451,1,Life Sciences,1,1177.238,1,Male,55.638,2,5,Sales Executive,1,Married,14749.584,18121.988,2,Y,Yes,19.73,4,2,80,1,14.953,2,1,11.991,9.083,2.962,4.796
112,18.938,No,Travel_Rarely,653.364,Sales,21.812,4,Human Resources,1,1692.885,3,Male,47.389,2,2,Sales Executive,4,Single,5835.566,37738.074,1,Y,Yes,14.731,3,4,80,1,8.362,3,3,7.973,6.329,1.229,3.618
113,42.048,No,Non-Travel,722.374,Research & Development,4.836,4,Medical,1,874.187,4,Male,60.547,3,2,Healthcare Representative,4,Married,15694.553,3467.303,2,Y,Yes,9.85,3,1,80,1,17.489,3,3,15.174,1.194,4.753,8.698
114,12.462,Yes,Travel_Rarely,249.213,Sales,0.947,1,Medical,1,625.213,3,Male,66.616,3,1,Sales Representative,1,Divorced,-3496.166,7880.895,1,Y,No,14.267,3,3,80,1,0.034,1,1,11.062,8.514,2.795,4.305
115,29.118,Yes,Travel_Rarely,396.68,Research & Development,19.113,3,Medical,1,1358.354,1,Male,64.607,4,1,Research Director,1,Married,3136.936,12122.182,0,Y,Yes,11.076,3,1,80,0,3.161,3,3,-4.335,2.291,-3.261,0.318
116,61.73,No,Travel_Rarely,951.202,Research & Development,17.962,2,Human Resources,1,133.194,4,Male,73.946,4,1,Laboratory Technician,4,Single,23845.771,-2959.056,6,Y,Yes,22.981,4,4,80,0,36.568,4,2,15.574,6.019,6.843,7.028
117,39.23,No,Travel_Frequently,825.508,Sales,10.161,1,Medical,1,736.484,4,Male,27.439,1,3,Research Scientist,3,Married,5534.636,22244.518,5,Y,Yes,17.67,3,4,80,0,10.958,0,3,11.194,2.53,-2.46,2.008
118,34.673,No,Travel_Rarely,-74.357,Sales,7.358,2,Medical,1,2058.514,4,Female,88.657,3,1,Sales Executive,2,Married,2323.278,10608.186,2,Y,Yes,15.258,3,3,80,1,8.168,3,3,3.882,2.815,2.365,1.832
119,42.355,Yes,Travel_Frequently,1383.342,Research & Development,26.132,2,Life Sciences,1,700.102,3,Female,65.052,3,1,Sales Executive,4,Single,7232.364,11296.946,3,Y,Yes,18.21,4,4,80,0,13.092,5,3,5.279,0.334,-1.2,-0.415
120,50.686,Yes,Non-Travel,1424.488,Sales,12.517,5,Medical,1,-238.122,4,Female,56.057,4,5,Healthcare Representative,4,Married,11079.07,19530.094,5,Y,No,8.1,3,4,80,0,6.98,0,3,3.661,-1.093,4.129,3.731
121,43.295,No,Non-Travel,604.28,Research & Development,4.726,2,Medical,1,2166.858,3,Female,72.769,1,1,Sales Representative,1,Divorced,8489.815,15666.891,8,Y,Yes,9.512,3,3,80,3,6.707,3,2,6.021,1.989,0.389,3.45
122,45.876,Yes,Travel_Rarely,943.931,Sales,2.332,2,Other,1,844.856,4,Female,66.708,3,1,Sales Executive,4,Single,1237.385,14216.069,0,Y,Yes,13.113,3,4,80,3,8.278,4,4,9.195,1.739,2.839,0.835
123,23.538,Yes,Travel_Rarely,-122.187,Research & Development,8.728,3,Life Sciences,1,912.32,4,Male,35.121,3,1,Laboratory Technician,3,Divorced,-417.383,2141.082,0,Y,Yes,16.732,3,1,80,0,-3.907,5,2,5.752,0.731,-1.338,2.962
124,33.602,Yes,Travel_Frequently,1240.189,Research & Development,0.673,1,Medical,1,243.364,2,Male,96.916,2,2,Research Scientist,4,Married,-682.347,22873.0,3,Y,Yes,16.043,3,4,80,0,7.255,4,3,3.575,5.538,0.897,-3.693
125,34.803,Yes,Travel_Frequently,510.053,Human Resources,2.534,2,Medical,1,1516.122,3,Male,86.992,2,4,Sales Executive,4,Single,7897.125,23335.04,2,Y,Yes,9.185,3,4,80,0,9.11,2,1,8.453,12.603,4.474,7.943
126,43.612,Yes,Non-Travel,650.591,Sales,11.769,2,Life Sciences,1,853.6,1,Male,105.603,3,4,Sales Executive,1,Single,7886.604,19606.145,2,Y,No,8.956,3,4,80,0,18.697,2,2,7.434,3.252,2.498,0.162
127,28.894,Yes,Travel_Frequently,773.683,Research & Development,9.78,3,Life Sciences,1,1346.261,3,Male,88.276,3,1,Laboratory Technician,4,Married,1010.534,10439.703,3,Y,No,16.095,3,4,80,1,-1.342,3,2,1.586,3.831,-0.458,5.2
128,15.662,No,Travel_Rarely,468.496,Sales,4.627,2,Medical,1,631.329,3,Male,47.695,3,4,Research Director,4,Married,6106.989,10566.436,1,Y,No,15.931,3,3,80,0,6.821,1,2,12.193,3.938,1.506,2.925
129,45.813,No,Travel_Rarely,-19.297,Sales,12.668,2,Medical,1,1592.197,4,Male,42.139,3,3,Sales Executive,1,Married,6867.722,9115.45,3,Y,No,18.058,3,4,80,0,4.74,4,2,0.631,1.337,-2.235,1.195
130,39.441,No,Travel_Rarely,1022.794,Research & Development,-3.872,4,Medical,1,2154.158,3,Male,56.047,3,1,Research Scientist,4,Divorced,6077.782,9047.994,4,Y,No,11.366,3,4,80,1,14.817,3,1,3.298,2.996,2.042,-0.09
131,35.888,No,Travel_Rarely,933.11,Sales,7.924,4,Life Sciences,1,599.594,4,Female,107.039,4,2,Sales Executive,1,Married,13987.736,17790.078,1,Y,No,18.827,4,4,80,0,14.012,0,4,20.075,14.007,11.691,12.604
132,30.957,No,Travel_Rarely,506.266,Sales,1.292,4,Other,1,113.996,3,Male,25.85,3,2,Sales Executive,4,Married,-3377.246,12136.14,2,Y,No,13.911,3,4,80,1,-0.728,6,3,-0.337,-1.506,0.282,2.161
133,21.848,No,Travel_Frequently,1207.319,Human Resources,13.517,3,Medical,1,1155.542,3,Male,31.251,3,2,Sales Executive,3,Married,5350.094,5897.932,5,Y,Yes,12.419,3,2,80,2,15.76,3,4,20.772,5.841,-1.32,3.354
134,56.986,Yes,Travel_Rarely,788.641,Research & Development,13.513,3,Life Sciences,1,1970.858,4,Female,80.033,2,5,Sales Executive,1,Divorced,6538.706,21483.746,6,Y,Yes,12.894,3,2,80,1,16.86,3,3,8.665,5.514,4.155,8.321
135,48.507,No,Travel_Rarely,1208.047,Research & Development,7.965,2,Marketing,1,2097.307,4,Male,79.046,3,4,Research Scientist,4,Divorced,7378.152,8155.195,3,Y,No,19.85,4,3,80,1,15.014,2,1,5.318,2.271,0.878,6.117
136,56.194,Yes,Travel_Rarely,188.801,Sales,13.451,1,Marketing,1,1610.126,3,Female,92.543,4,2,Sales Executive,4,Married,6072.997,3419.216,1,Y,No,17.447,3,3,80,0,21.995,6,3,5.73,6.189,5.311,8.6
137,43.698,No,Travel_Rarely,1250.11,Research & Development,-3.55,4,Life Sciences,1,917.682,3,Male,91.682,4,5,Research Scientist,1,Married,1737.566,10724.528,2,Y,No,15.619,3,3,80,1,11.958,3,2,1.526,0.054,-0.617,1.046
138,46.473,No,Non-Travel,-48.337,Research & Development,16.217,4,Life Sciences,1,1587.946,3,Female,51.381,3,4,Research Scientist,1,Single,10568.205,26811.158,1,Y,Yes,14.589,3,4,80,0,28.858,0,3,16.922,8.958,6.17,9.082
139,41.534,No,Travel_Rarely,1130.549,Human Resources,15.117,4,Life Sciences,1,2750.986,1,Male,68.631,3,2,Research Scientist,4,Married,5757.576,20192.646,7,Y,No,20.536,3,4,80,1,15.861,3,1,13.132,6.534,3.387,6.706
140,47.716,No,Travel_Rarely,1084.172,Research & Development,9.964,3,Life Sciences,1,1930.727,4,Male,106.874,4,1,Research Scientist,4,Married,10587.291,18985.879,2,Y,No,24.809,4,4,80,1,20.296,2,2,5.42,4.246,3.831,3.156
141,21.625,No,Travel_Rarely,1361.46,Sales,15.494,4,Life Sciences,1,889.874,1,Female,65.219,2,2,Research Scientist,1,Married,-2468.184,14302.735,1,Y,No,13.322,3,2,80,1,-4.513,2,3,-1.407,0.062,-1.238,-0.694
142,38.787,No,Travel_Frequently,862.038,Sales,19.701,5,Marketing,1,2057.423,3,Female,71.606,3,2,Sales Executive,3,Single,11517.646,6036.936,0,Y,No,19.379,3,1,80,0,16.559,6,2,9.773,4.591,3.288,-0.019
143,32.331,Yes,Travel_Rarely,199.495,Research & Development,-9.244,2,Life Sciences,1,1746.899,3,Male,62.873,2,5,Sales Executive,1,Single,12803.096,30611.785,2,Y,Yes,9.195,3,3,80,0,19.299,0,1,14.979,7.394,5.876,6.142
144,48.09,No,Travel_Frequently,-0.312,Sales,5.642,3,Medical,1,1377.51,1,Male,80.457,4,5,Sales Executive,2,Divorced,1864.784,15196.865,2,Y,No,15.328,3,1,80,2,17.549,4,4,8.499,3.179,4.924,8.186
145,32.281,No,Travel_Rarely,283.114,Research & Development,6.947,4,Medical,1,746.214,1,Male,45.447,3,4,Research Scientist,3,Married,5839.279,20208.344,1,Y,No,15.747,3,1,80,1,12.941,6,1,8.223,3.375,0.111,1.423
146,38.694,No,Travel_Frequently,390.333,Research & Development,11.98,3,Life Sciences,1,1468.251,3,Male,77.445,1,3,Sales Representative,4,Married,3316.434,21992.133,3,Y,No,11.785,3,2,80,0,14.927,2,3,9.329,5.475,0.156,8.068
147,40.305,No,Travel_Rarely,803.561,Research & Development,9.062,3,Medical,1,2720.966,2,Female,87.634,1,2,Healthcare Representative,1,Divorced,4236.106,19449.91,6,Y,No,20.725,4,4,80,2,10.277,3,3,8.374,2.452,-1.932,3.857
148,31.448,No,Travel_Rarely,593.419,Research & Development,10.8,3,Human Resources,1,441.934,4,Female,82.699,2,1,Research Scientist,2,Single,4559.72,31249.54,1,Y,No,10.241,3,4,80,0,4.644,5,1,4.45,4.835,-0.522,1.9
149,21.079,No,Travel_Rarely,346.368,Human Resources,0.051,2,Medical,1,798.743,3,Female,80.462,2,1,Sales Representative,3,Divorced,-6946.596,-6280.99,1,Y,Yes,6.836,3,2,80,1,8.875,3,1,19.499,3.307,1.5,13.934
150,43.238,No,Travel_Rarely,1147.828,Research & Development,13.858,3,Life Sciences,1,956.923,2,Female,26.785,2,3,Laboratory Technician,3,Married,9862.277,23882.121,1,Y,Yes,9.464,3,4,80,1,8.717,2,3,1.466,3.811,0.263,3.202
151,23.6,No,Travel_Rarely,1537.941,Research & Development,19.051,4,Life Sciences,1,934.607,4,Male,48.059,4,4,Human Resources,4,Married,-2856.993,25349.434,1,Y,Yes,18.964,4,3,80,0,-2.148,2,1,-9.088,-0.481,-2.703,-4.165
152,25.058,Yes,Travel_Frequently,819.578,Research & Development,-5.79,2,Medical,1,965.893,4,Female,41.508,2,1,Sales Executive,1,Single,6299.442,26555.531,3,Y,No,18.159,4,1,80,0,25.543,5,2,3.465,-3.783,3.816,11.182
153,17.886,No,Non-Travel,1166.246,Research & Development,10.497,1,Life Sciences,1,-1039.811,3,Female,149.053,1,2,Laboratory Technician,4,Divorced,4490.891,22082.545,2,Y,Yes,18.323,3,4,80,1,9.792,6,1,7.573,12.443,4.192,4.717
154,38.896,No,Travel_Rarely,840.473,Research & Development,-0.943,1,Medical,1,1456.566,4,Male,75.776,3,1,Research Scientist,3,Married,2924.609,11718.971,6,Y,No,17.397,3,3,80,3,3.445,2,2,-2.156,-0.387,0.4,-2.3
155,13.031,No,Travel_Frequently,1638.596,Research & Development,2.246,2,Medical,1,902.304,2,Female,72.411,3,1,Research Scientist,2,Married,1289.832,11981.121,1,Y,No,17.963,3,1,80,1,-0.315,3,3,7.805,5.796,4.382,2.707
156,22.546,No,Non-Travel,-120.286,Sales,14.57,3,Life Sciences,1,247.646,1,Female,34.781,3,3,Manager,1,Divorced,4137.013,23038.29,0,Y,No,12.191,3,4,80,1,0.317,3,3,6.294,0.608,3.079,-0.563
157,38.1,No,Travel_Rarely,1189.53,Sales,0.84,3,Other,1,692.763,4,Male,68.384,3,5,Manager,3,Single,14320.514,13672.969,3,Y,No,18.716,3,3,80,1,19.189,1,2,-2.384,6.344,2.38,-2.477
158,44.293,No,Travel_Rarely,539.109,Research & Development,9.013,3,Human Resources,1,471.059,4,Female,69.347,4,1,Sales Executive,3,Divorced,7631.344,14122.499,0,Y,Yes,17.618,3,2,80,1,14.149,2,4,10.896,6.678,3.168,7.864
159,35.882,No,Travel_Rarely,745.04,Research & Development,10.643,1,Marketing,1,1528.047,3,Female,43.433,2,2,Sales Executive,1,Divorced,10738.422,10689.482,3,Y,No,17.94,4,3,80,1,14.642,3,1,8.633,7.267,5.847,6.546
160,52.845,Yes,Travel_Rarely,500.296,Research & Development,-1.425,2,Technical Degree,1,1545.268,1,Female,56.278,2,2,Research Director,4,Divorced,13180.303,33313.797,3,Y,Yes,14.588,3,3,80,1,24.659,2,1,6.306,11.105,-3.911,5.625
161,31.304,No,Travel_Rarely,1139.867,Research & Development,30.897,3,Life Sciences,1,1009.239,1,Male,51.463,3,2,Sales Executive,3,Married,-1716.841,16049.766,1,Y,No,16.801,3,1,80,1,-0.952,3,2,1.192,1.811,0.099,3.344
162,40.744,No,Travel_Rarely,111.227,Sales,-4.925,4,Medical,1,1098.36,3,Male,3.765,3,2,Research Director,2,Single,3899.454,5327.53,7,Y,No,18.139,4,4,80,0,8.697,3,3,7.471,2.321,1.837,7.813
163,34.083,No,Travel_Rarely,117.593,Research & Development,3.308,1,Medical,1,1222.661,3,Male,42.349,4,4,Healthcare Representative,1,Married,7580.669,21653.646,1,Y,Yes,13.809,3,1,80,0,16.944,4,3,19.592,8.568,8.607,9.264
164,44.686,No,Travel_Rarely,778.06,Research & Development,7.007,3,Medical,1,667.945,3,Female,70.614,3,3,Sales Executive,4,Married,7959.128,-2431.702,1,Y,No,21.653,4,1,80,1,15.751,4,3,15.616,9.107,1.913,8.36
165,21.731,Yes,Travel_Rarely,906.491,Research & Development,11.25,5,Other,1,2032.782,2,Male,74.952,3,1,Research Director,3,Married,-577.151,13356.472,1,Y,Yes,11.381,3,2,80,0,4.94,2,2,-0.126,-3.145,-4.324,1.952
166,42.113,No,Travel_Rarely,25.071,Sales,-21.973,5,Technical Degree,1,1401.651,1,Male,-4.231,3,5,Research Scientist,4,Divorced,10389.578,4227.522,8,Y,No,11.866,3,4,80,0,8.54,4,4,10.425,-0.579,3.41,3.597
167,39.665,No,Travel_Rarely,153.749,Research & Development,7.487,3,Medical,1,1164.055,4,Female,79.213,3,4,Manufacturing Director,1,Married,3790.221,24396.658,3,Y,No,15.438,3,1,80,1,14.898,2,3,9.887,4.083,2.864,5.355
168,38.678,No,Non-Travel,1546.223,Sales,7.832,4,Marketing,1,754.753,4,Male,72.143,3,2,Sales Executive,3,Single,5968.422,9649.964,2,Y,No,12.412,3,2,80,0,16.38,2,3,6.285,2.821,3.898,6.491
169,34.247,Yes,Travel_Frequently,1960.811,Human Resources,14.788,2,Medical,1,-262.874,1,Female,86.586,2,1,Sales Executive,1,Divorced,6451.577,3005.338,3,Y,No,3.452,3,1,80,0,7.951,5,1,14.566,-2.482,2.047,-4.519
170,33.307,Yes,Non-Travel,185.259,Research & Development,15.761,4,Marketing,1,1306.538,4,Female,55.505,2,5,Sales Executive,2,Divorced,15.224,23121.357,8,Y,Yes,18.228,3,3,80,2,18.11,2,4,12.475,5.775,-0.152,5.433
171,20.103,No,Non-Travel,884.147,Sales,-1.057,3,Technical Degree,1,422.198,2,Male,44.848,1,4,Sales Executive,1,Divorced,6119.358,10884.379,0,Y,Yes,15.441,3,2,80,1,10.063,1,2,5.764,7.897,1.652,2.553
172,20.842,No,Travel_Frequently,875.653,Research & Development,23.253,2,Medical,1,111.564,3,Female,70.18,3,4,Healthcare Representative,3,Single,-853.722,12317.673,1,Y,No,11.803,3,2,80,2,1.814,2,2,-5.579,-3.223,-5.19,0.457
173,39.427,No,Travel_Frequently,630.326,Research & Development,10.452,1,Technical Degree,1,210.159,3,Female,88.102,2,1,Research Scientist,4,Divorced,2291.664,20923.076,3,Y,Yes,21.56,4,2,80,0,8.432,3,2,6.86,5.369,3.509,5.859
174,28.156,Yes,Travel_Rarely,-147.751,Research & Development,9.698,5,Medical,1,1093.766,1,Male,51.759,4,1,Manager,1,Single,9838.037,9596.705,1,Y,Yes,21.534,3,2,80,0,4.458,1,1,1.116,-2.414,3.305,-3.092
175,23.176,No,Travel_Rarely,646.896,Research & Development,12.375,3,Medical,1,998.742,4,Male,56.655,2,1,Healthcare Representative,4,Married,2047.779,14413.568,2,Y,No,19.84,4,4,80,0,5.917,3,3,10.682,9.952,1.899,10.913
176,24.515,No,Travel_Rarely,585.216,Research & Development,-12.636,2,Life Sciences,1,1311.047,4,Female,87.488,4,1,Manufacturing Director,4,Divorced,-6659.345,27194.436,2,Y,No,16.909,3,4,80,0,-1.226,6,1,3.898,0.436,-2.834,0.042
177,33.274,No,Travel_Rarely,357.434,Sales,6.22,3,Medical,1,2148.278,3,Female,49.963,2,5,Sales Executive,4,Divorced,5840.46,11999.875,2,Y,No,16.085,3,1,80,0,11.163,3,3,7.727,3.759,-1.319,5.681
178,34.733,No,Travel_Rarely,583.541,Research & Development,11.195,2,Marketing,1,559.758,4,Male,82.601,3,1,Research Scientist,4,Married,5504.789,-179.735,1,Y,No,18.612,3,2,80,0,9.352,6,2,5.883,1.964,0.331,-0.986
179,19.112,No,Travel_Frequently,475.483,Sales,-2.658,3,Medical,1,1232.888,1,Male,52.242,3,1,Sales Executive,3,Single,11724.227,10743.121,1,Y,No,7.868,3,2,80,0,8.818,3,3,14.066,6.721,0.819,5.782
180,29.183,Yes,Non-Travel,643.719,Human Resources,-3.221,3,Life Sciences,1,432.94,3,Male,76.567,3,1,Research Scientist,4,Divorced,206.139,22069.275,1,Y,No,11.421,3,3,80,2,4.103,4,3,0.07,-2.626,-3.565,-3.205
181,27.368,No,Non-Travel,257.723,Research & Development,9.746,3,Life Sciences,1,86.392,3,Male,88.979,3,1,Laboratory Technician,1,Married,-135.867,4140.413,1,Y,No,13.592,3,4,80,2,1.722,4,2,7.162,3.101,6.591,8.635
182,32.756,No,Travel_Rarely,460.92,Sales,13.982,3,Life Sciences,1,1214.82,3,Male,86.23,2,2,Sales Executive,4,Single,6200.018,7691.777,6,Y,No,12.113,3,4,80,0,8.557,4,3,8.92,5.532,2.696,0.99
183,31.057,No,Travel_Rarely,540.512,Research & Development,4.707,3,Medical,1,1394.565,4,Male,35.245,2,1,Research Scientist,4,Single,-1948.463,24229.71,2,Y,No,14.37,3,3,80,0,4.394,3,3,7.74,4.527,3.913,4.552
184,32.711,No,Non-Travel,687.565,Sales,8.263,2,Marketing,1,1500.618,4,Male,31.428,1,4,Manager,3,Married,5936.154,15750.393,0,Y,Yes,17.176,3,4,80,1,3.18,3,3,3.894,3.282,3.305,3.388
185,38.264,No,Travel_Rarely,1446.237,Research & Development,4.831,2,Medical,1,3153.219,3,Male,57.197,3,5,Research Director,3,Single,6827.907,11527.768,3,Y,No,20.623,4,2,80,0,19.456,3,3,10.855,5.132,4.059,7.923
186,28.113,No,Travel_Frequently,555.976,Research & Development,12.558,3,Life Sciences,1,-91.682,2,Female,90.445,1,5,Human Resources,2,Divorced,11635.988,272.056,1,Y,No,11.149,3,3,80,2,1.901,2,4,11.571,7.331,1.952,6.855
187,21.892,No,Travel_Rarely,867.087,Sales,-1.118,2,Marketing,1,1184.551,2,Male,78.503,2,1,Sales Executive,4,Single,3616.963,20171.857,0,Y,Yes,15.388,4,1,80,0,-3.147,3,3,2.05,-1.07,0.77,1.008
188,25.905,No,Travel_Rarely,932.18,Research & Development,-0.412,2,Medical,1,961.518,3,Male,67.057,2,3,Research Director,4,Single,6381.039,4454.904,1,Y,Yes,18.114,3,4,80,3,4.419,3,3,3.476,1.474,-1.139,0.927
189,38.969,No,Non-Travel,1204.454,Sales,6.617,2,Medical,1,573.001,1,Male,47.506,4,4,Sales Executive,1,Divorced,4123.502,15642.961,3,Y,No,21.045,4,3,80,1,12.956,3,3,4.689,0.272,1.813,0.974
190,28.738,Yes,Travel_Rarely,628.346,Research & Development,24.922,4,Technical Degree,1,-33.388,2,Female,81.413,2,1,Research Scientist,4,Married,-2869.345,3544.06,1,Y,No,12.665,3,2,80,2,1.3,5,1,6.248,2.062,-1.432,4.474
191,50.328,No,Non-Travel,536.64,Research & Development,24.531,1,Medical,1,1921.167,1,Female,63.809,3,2,Sales Executive,4,Divorced,12383.373,18846.965,3,Y,Yes,26.653,4,2,80,1,14.032,3,1,6.996,3.623,4.875,2.996
192,34.362,No,Travel_Rarely,650.735,Research & Development,5.843,1,Life Sciences,1,-607.823,4,Male,56.243,2,1,Research Scientist,3,Married,4380.454,13250.14,7,Y,No,15.58,4,3,80,1,1.588,3,3,-5.677,-3.462,-6.301,-2.143
193,45.055,No,Non-Travel,535.956,Research & Development,-5.603,3,Life Sciences,1,-60.118,1,Female,63.517,3,5,Sales Executive,3,Single,8900.036,25661.0,4,Y,Yes,14.099,3,1,80,1,18.118,1,4,1.63,-2.17,1.828,-5.531
194,7.902,Yes,Travel_Frequently,971.579,Research & Development,-2.267,2,Medical,1,393.093,1,Male,59.475,3,1,Research Director,3,Single,7092.992,4813.978,1,Y,Yes,13.364,3,3,80,2,1.343,0,2,10.791,11.492,5.195,3.503
195,30.929,Yes,Non-Travel,248.373,Sales,10.581,1,Life Sciences,1,1956.23,4,Male,38.976,2,3,Research Scientist,3,Single,2636.6,19680.018,8,Y,No,14.416,3,4,80,0,8.206,2,4,6.114,2.18,1.021,5.211
196,27.665,No,Non-Travel,1050.915,Sales,0.661,4,Technical Degree,1,-48.407,4,Female,48.948,2,3,Research Director,1,Married,11649.229,32343.86,2,Y,No,15.909,3,1,80,1,8.271,0,3,4.764,7.679,5.131,0.354
197,47.534,No,Non-Travel,86.52,Research & Development,6.007,1,Medical,1,1547.941,1,Male,51.617,2,5,Research Director,4,Married,8465.699,23351.559,2,Y,No,15.764,4,3,80,0,21.196,3,3,5.383,4.008,3.267,1.431
198,37.482,No,Travel_Rarely,1415.962,Research & Development,4.208,1,Other,1,764.757,3,Female,25.673,2,4,Healthcare Representative,4,Married,5230.478,20110.674,3,Y,Yes,18.996,4,1,80,0,11.063,0,1,10.938,10.079,4.631,5.621
199,22.719,No,Non-Travel,1053.11,Sales,11.039,2,Human Resources,1,394.209,4,Female,80.113,3,4,Research Scientist,2,Single,7979.883,24459.777,1,Y,No,9.2,3,1,80,1,1.631,2,2,6.703,9.755,3.806,7.055
200,34.423,No,Travel_Rarely,965.483,Sales,8.995,1,Life Sciences,1,-712.574,3,Male,137.265,2,3,Research Scientist,1,Single,3965.792,26231.43,9,Y,Yes,19.094,3,4,80,1,4.38,1,4,9.076,2.708,6.298,5.316
201,46.059,No,Travel_Rarely,479.497,Sales,6.512,4,Marketing,1,1644.991,2,Female,89.454,3,5,Sales Executive,1,Single,15642.141,17962.02,2,Y,No,13.701,3,2,80,1,22.134,3,3,10.527,5.104,2.744,3.876
202,37.7,No,Travel_Rarely,443.321,Research & Development,10.389,3,Life Sciences,1,962.314,3,Male,96.951,1,3,Research Scientist,4,Married,7866.794,16579.54,4,Y,No,25.54,4,1,80,0,7.174,3,3,-0.136,4.781,-1.752,2.902
203,38.159,No,Non-Travel,801.435,Sales,2.909,3,Medical,1,-263.129,3,Female,74.016,2,2,Laboratory Technician,1,Single,683.612,14303.187,1,Y,Yes,19.168,3,3,80,1,5.76,3,2,0.28,6.53,6.919,2.027
204,24.145,No,Travel_Frequently,743.119,Sales,3.218,2,Technical Degree,1,3196.964,2,Male,82.051,3,1,Research Scientist,3,Single,-2330.18,13943.592,8,Y,Yes,10.279,3,2,80,0,-2.865,3,2,-0.38,1.241,-0.019,2.052
205,28.348,No,Travel_Rarely,1046.367,Research & Development,25.216,2,Medical,1,1705.834,4,Male,13.73,3,1,Research Scientist,1,Married,2268.178,7128.177,0,Y,No,9.633,3,2,80,1,17.767,2,2,14.392,8.456,7.347,7.99
206,45.719,No,Travel_Frequently,989.482,Research & Development,34.104,2,Life Sciences,1,1660.34,1,Male,-1.253,1,2,Laboratory Technician,4,Single,11931.77,24892.984,8,Y,No,15.423,4,1,80,1,17.111,4,2,3.387,6.331,-3.108,0.812
207,27.149,No,Travel_Rarely,635.989,Research & Development,18.3,3,Marketing,1,1368.017,3,Male,11.46,1,5,Sales Representative,3,Married,4452.885,16563.457,2,Y,No,19.799,3,4,80,0,12.72,4,3,4.676,6.764,-2.197,1.473
208,45.586,No,Travel_Rarely,1159.912,Research & Development,3.204,5,Medical,1,1628.204,2,Female,63.837,4,1,Research Director,1,Divorced,3582.533,1959.39,4,Y,No,18.748,3,2,80,1,9.316,3,2,3.434,1.851,5.648,-0.912
209,27.112,Yes,Travel_Frequently,889.449,Sales,13.21,4,Life Sciences,1,2178.516,4,Male,94.285,3,1,Research Scientist,2,Single,2921.789,15596.715,1,Y,Yes,14.292,4,2,80,0,9.076,0,3,8.147,5.464,4.961,3.751
210,39.529,Yes,Non-Travel,887.435,Research & Development,19.637,2,Other,1,1751.084,2,Female,103.615,4,2,Research Scientist,4,Divorced,2714.986,31763.242,2,Y,Yes,14.166,3,4,80,3,11.981,6,3,6.469,3.144,3.809,5.142
211,21.737,No,Travel_Rarely,335.537,Research & Development,1.071,2,Life Sciences,1,-81.039,1,Female,67.874,3,1,Manufacturing Director,4,Divorced,9964.146,7925.833,1,Y,No,16.446,3,2,80,0,0.338,2,3,22.036,9.674,3.174,12.154
212,32.073,No,Travel_Rarely,406.332,Sales,4.628,3,Marketing,1,1237.693,2,Female,67.96,3,3,Sales Executive,2,Married,4086.301,16208.307,1,Y,No,13.989,3,1,80,0,9.3,2,3,6.568,5.138,5.621,3.905
213,44.502,No,Travel_Frequently,1420.96,Research & Development,15.127,3,Life Sciences,1,1371.282,4,Male,75.64,3,5,Research Director,4,Married,13540.439,20646.021,1,Y,Yes,16.842,3,4,80,1,24.873,1,2,18.558,7.656,8.937,5.725
214,25.433,No,Travel_Rarely,60.026,Research & Development,6.963,3,Medical,1,845.889,3,Female,53.674,4,2,Research Scientist,4,Single,-2673.086,12822.073,0,Y,Yes,17.928,3,4,80,0,4.373,2,4,-0.152,-0.111,-2.147,2.541
215,45.289,No,Travel_Rarely,1678.46,Research & Development,14.98,1,Medical,1,-973.648,4,Female,64.001,3,1,Manager,4,Divorced,8605.766,10558.383,1,Y,Yes,8.183,3,4,80,2,6.656,6,3,12.419,6.596,6.536,1.468
216,35.415,Yes,Non-Travel,385.459,Sales,15.138,1,Marketing,1,1135.183,3,Female,73.008,2,2,Research Director,3,Single,5797.501,28913.469,5,Y,No,9.365,3,1,80,0,3.803,0,3,6.009,4.448,-2.308,4.943
217,35.159,No,Travel_Rarely,95.593,Sales,11.717,3,Marketing,1,1180.267,3,Female,65.07,3,3,Sales Executive,4,Divorced,6765.474,16825.037,0,Y,No,14.332,3,2,80,0,14.505,5,1,11.054,7.566,3.649,4.632
218,34.216,No,Travel_Frequently,1530.43,Research & Development,3.352,3,Life Sciences,1,1504.372,1,Female,80.771,2,1,Research Director,4,Married,9432.779,27474.82,2,Y,Yes,8.892,3,3,80,2,15.317,3,2,-5.75,1.671,4.379,1.825
219,32.672,Yes,Travel_Rarely,1035.793,Sales,25.451,3,Medical,1,1130.022,4,Female,69.957,3,1,Sales Executive,4,Married,774.009,10212.384,2,Y,Yes,20.169,3,1,80,0,2.608,3,3,9.707,5.399,5.173,4.194
220,62.853,Yes,Travel_Frequently,1182.193,Sales,-0.119,5,Marketing,1,473.478,4,Female,73.892,3,4,Sales Executive,2,Married,16592.771,25413.023,9,Y,No,12.376,3,3,80,3,22.114,3,3,22.892,11.824,5.879,9.064
221,43.279,No,Travel_Rarely,635.848,Research & Development,11.483,3,Marketing,1,1242.848,4,Male,101.684,3,3,Human Resources,2,Married,2129.883,20893.596,4,Y,Yes,15.756,4,3,80,3,12.596,5,3,7.282,1.875,2.052,5.389
222,23.519,Yes,Travel_Rarely,1084.15,Sales,17.703,3,Life Sciences,1,1497.168,2,Female,54.282,3,1,Research Scientist,3,Married,6196.492,13443.438,1,Y,No,14.219,3,4,80,0,0.15,5,2,-9.971,-2.604,-3.594,-3.275
223,31.076,No,Travel_Frequently,846.839,Sales,4.948,1,Marketing,1,2080.613,4,Female,72.107,2,4,Research Scientist,1,Married,4893.068,16823.143,7,Y,Yes,20.431,4,3,80,3,10.481,0,1,10.826,2.393,0.574,9.249
224,43.855,No,Travel_Rarely,977.305,Sales,-2.721,1,Other,1,797.234,4,Male,34.67,3,2,Sales Executive,3,Single,13325.844,9635.989,3,Y,Yes,9.335,3,4,80,2,17.859,6,3,2.863,6.573,4.017,2.825
225,43.991,No,Travel_Rarely,1114.273,Research & Development,3.225,4,Medical,1,1264.657,1,Male,24.252,2,3,Healthcare Representative,4,Married,6217.679,14329.768,0,Y,No,13.62,3,3,80,2,15.977,2,2,3.87,-0.171,0.622,2.138
226,43.849,No,Non-Travel,528.296,Human Resources,12.356,4,Medical,1,2777.326,4,Male,63.276,4,1,Sales Representative,4,Married,5034.093,18364.828,3,Y,No,21.945,4,1,80,1,-0.42,3,4,0.299,2.401,-1.364,2.639
227,26.836,Yes,Travel_Rarely,559.856,Human Resources,12.159,2,Life Sciences,1,249.953,2,Female,89.728,2,1,Research Director,3,Divorced,8635.415,354.189,8,Y,Yes,6.993,3,3,80,1,2.862,2,2,7.83,5.078,3.096,6.036
228,32.694,Yes,Non-Travel,1999.132,Research & Development,10.969,1,Technical Degree,1,287.058,4,Female,58.814,3,1,Research Scientist,3,Married,3738.202,20911.877,4,Y,No,22.407,4,3,80,2,17.996,2,3,19.103,12.459,0.339,11.539
229,59.683,Yes,Non-Travel,772.189,Human Resources,-5.395,4,Medical,1,1303.163,1,Female,34.361,3,4,Manufacturing Director,2,Single,14686.75,17883.367,4,Y,No,14.077,3,3,80,0,33.892,2,4,14.484,10.454,3.752,5.42
230,33.498,No,Non-Travel,329.04,Research & Development,8.609,2,Life Sciences,1,773.104,2,Male,76.501,3,1,Human Resources,4,Married,6408.946,13435.575,4,Y,No,15.56,3,2,80,1,0.312,2,4,11.325,3.441,2.914,7.467
231,40.329,No,Travel_Frequently,316.539,Research & Development,5.539,1,Life Sciences,1,48.209,4,Female,62.164,4,2,Research Scientist,2,Married,10805.543,3351.128,3,Y,No,14.681,3,1,80,1,12.504,3,1,15.304,3.954,0.011,3.35
232,5.417,No,Non-Travel,1424.678,Human Resources,11.102,2,Life Sciences,1,-294.329,3,Male,28.878,2,1,Research Scientist,1,Divorced,-10034.738,-584.488,4,Y,Yes,28.112,4,1,80,1,0.862,1,1,10.268,1.408,1.007,1.904
233,35.722,Yes,Travel_Rarely,116.35,Research & Development,8.116,4,Medical,1,900.904,4,Male,93.932,4,1,Sales Executive,1,Single,6023.021,11993.296,3,Y,Yes,11.48,3,3,80,0,2.756,2,3,0.922,1.076,-2.878,1.193
234,29.83,No,Travel_Rarely,854.974,Research & Development,3.453,4,Other,1,601.557,3,Female,46.887,2,5,Research Scientist,3,Single,3835.451,20596.492,1,Y,Yes,19.33,4,2,80,0,17.996,2,3,11.826,8.26,4.887,7.15
235,49.714,Yes,Travel_Rarely,185.34,Research & Development,-10.531,2,Medical,1,215.624,2,Male,53.515,1,2,Sales Executive,3,Married,10110.298,8429.244,4,Y,No,12.841,3,4,80,1,17.63,3,3,14.729,10.23,2.795,6.409
236,41.321,No,Travel_Rarely,230.097,Research & Development,-4.161,2,Marketing,1,1465.21,3,Male,79.226,3,3,Healthcare Representative,1,Single,12446.924,12599.011,2,Y,Yes,15.388,3,2,80,0,10.297,6,1,1.251,7.796,1.37,-2.691
237,33.846,No,Travel_Rarely,641.285,Human Resources,8.118,3,Medical,1,1803.247,4,Female,55.104,2,1,Research Scientist,3,Married,6499.024,17134.822,3,Y,No,12.318,3,2,80,1,5.758,3,3,4.634,1.81,0.32,3.223
238,40.304,No,Travel_Rarely,387.036,Sales,-4.935,2,Medical,1,2165.799,3,Female,45.594,3,2,Healthcare Representative,4,Married,7309.672,11217.95,0,Y,No,14.413,3,4,80,1,11.804,3,3,11.995,5.083,2.316,1.698
239,43.084,No,Travel_Rarely,-203.178,Research & Development,8.179,3,Human Resources,1,2026.062,3,Male,91.78,3,1,Research Scientist,3,Married,8653.159,12203.904,4,Y,No,11.025,3,4,80,0,15.363,2,1,11.15,4.983,1.665,6.044
240,39.706,No,Travel_Rarely,1155.305,Sales,7.047,3,Marketing,1,1782.576,2,Male,63.898,1,5,Sales Executive,1,Married,6972.428,23442.777,7,Y,No,14.456,3,2,80,0,18.643,3,4,11.282,5.929,-5.269,2.525
241,37.435,No,Travel_Rarely,357.235,Sales,5.774,4,Medical,1,1447.845,4,Male,46.857,3,1,Sales Executive,3,Married,4112.656,4554.11,3,Y,Yes,13.35,3,3,80,2,18.169,3,3,3.114,3.583,3.152,2.733
242,38.423,No,Non-Travel,477.831,Research & Development,20.875,1,Medical,1,987.892,2,Male,98.398,4,1,Research Scientist,2,Married,11053.122,26514.594,7,Y,No,15.482,3,4,80,1,15.675,2,4,5.375,2.876,-3.474,1.389
243,55.945,No,Travel_Rarely,1276.945,Research & Development,32.021,4,Medical,1,655.544,1,Male,86.315,2,1,Laboratory Technician,2,Married,804.611,6399.464,2,Y,No,17.785,4,4,80,2,5.939,5,2,8.518,7.243,4.848,-1.838
244,30.739,No,Travel_Frequently,1104.685,Research & Development,-1.155,4,Medical,1,1673.884,1,Male,74.834,2,2,Research Scientist,1,Single,6836.128,26822.396,7,Y,No,14.243,3,1,80,2,15.715,0,3,7.059,3.308,2.19,0.509
245,29.143,No,Non-Travel,807.76,Human Resources,-3.863,3,Life Sciences,1,1700.804,4,Female,72.382,2,5,Research Scientist,4,Married,11780.578,28244.426,3,Y,No,11.283,3,3,80,1,22.94,1,3,17.512,7.662,0.252,8.812
246,26.525,No,Travel_Frequently,771.27,Sales,29.543,2,Marketing,1,1033.301,1,Female,62.484,3,2,Research Scientist,4,Married,5303.092,693.008,6,Y,No,17.474,4,4,80,0,9.517,3,3,10.418,4.453,5.326,7.212
247,47.753,No,Travel_Rarely,279.131,Research & Development,7.238,3,Life Sciences,1,1444.766,2,Female,90.213,2,1,Manager,4,Divorced,6360.62,28382.031,8,Y,No,16.217,3,2,80,1,15.579,3,3,4.992,-0.185,2.204,0.639
248,42.195,No,Travel_Rarely,392.842,Research & Development,12.186,3,Medical,1,673.898,4,Female,59.172,2,2,Sales Executive,3,Single,12727.459,17212.814,5,Y,No,9.928,3,1,80,0,19.875,3,3,14.068,6.574,4.23,8.05
249,38.307,No,Non-Travel,139.976,Research & Development,23.003,4,Medical,1,1552.766,3,Male,52.132,2,1,Human Resources,4,Married,18216.771,14379.42,0,Y,Yes,19.99,4,2,80,1,29.534,0,4,14.485,7.116,4.259,9.871
250,44.885,No,Non-Travel,609.895,Sales,11.35,3,Medical,1,-245.526,4,Male,53.742,3,1,Research Scientist,3,Single,1886.424,15543.563,9,Y,No,18.341,3,3,80,0,15.166,3,3,10.002,4.202,1.245,9.091
251,37.907,No,Travel_Rarely,1066.159,Sales,9.793,1,Life Sciences,1,274.64,2,Male,41.854,3,3,Research Scientist,3,Divorced,1681.236,8375.03,3,Y,Yes,22.038,4,3,80,1,0.402,2,2,1.971,1.017,0.147,-0.887
252,28.119,No,Travel_Frequently,476.502,Research & Development,-2.662,1,Life Sciences,1,1497.182,4,Male,78.252,3,2,Sales Executive,3,Divorced,5094.307,17309.066,2,Y,No,12.679,3,1,80,1,17.816,2,1,16.149,7.418,4.74,8.537
253,45.995,No,Travel_Rarely,455.82,Sales,5.727,3,Marketing,1,2292.376,3,Male,38.776,3,4,Sales Executive,3,Married,11978.538,6556.398,9,Y,No,13.863,3,3,80,1,23.016,3,3,14.726,12.895,5.83,8.728
254,55.552,No,Travel_Rarely,-379.815,Research & Development,2.485,3,Life Sciences,1,492.545,4,Female,42.544,3,2,Sales Executive,4,Married,13888.775,17044.164,4,Y,Yes,10.835,3,1,80,1,16.303,4,3,2.463,1.631,-0.207,6.406
255,44.797,No,Travel_Rarely,1566.55,Human Resources,6.398,2,Medical,1,2576.617,1,Female,127.745,1,4,Human Resources,3,Single,11677.808,12249.718,6,Y,No,17.414,3,4,80,0,9.584,5,3,-1.217,1.013,-0.163,4.936
256,47.796,No,Travel_Frequently,395.275,Research & Development,11.079,2,Life Sciences,1,654.854,2,Female,82.602,3,4,Sales Representative,4,Single,11834.18,19475.797,3,Y,No,12.899,3,3,80,0,22.539,0,2,9.364,6.474,4.341,3.677
257,41.173,No,Travel_Rarely,657.971,Sales,2.738,2,Medical,1,785.341,1,Male,45.906,3,1,Research Scientist,3,Married,5132.652,5975.586,1,Y,Yes,13.893,3,1,80,0,9.455,2,2,12.676,6.541,6.24,8.819
258,46.338,No,Travel_Rarely,45.538,Research & Development,19.147,3,Medical,1,1299.47,4,Female,69.19,2,1,Manufacturing Director,1,Married,4989.117,7675.767,2,Y,No,20.304,4,3,80,0,13.959,4,2,9.824,2.582,5.124,1.372
259,42.56,Yes,Travel_Rarely,536.585,Sales,10.086,1,Medical,1,1293.242,3,Female,57.146,3,1,Sales Executive,1,Single,6455.782,10627.656,7,Y,No,12.354,3,4,80,0,13.567,6,2,6.555,4.255,1.261,4.346
260,34.792,Yes,Travel_Rarely,960.58,Research & Development,21.603,3,Human Resources,1,1844.612,2,Male,41.055,3,4,Laboratory Technician,4,Divorced,15456.758,24109.12,0,Y,Yes,21.76,3,4,80,1,15.845,5,3,24.571,12.547,1.183,14.154
261,26.741,No,Travel_Rarely,158.243,Sales,9.521,4,Medical,1,1908.414,1,Female,65.672,3,3,Sales Representative,1,Married,3201.086,18941.82,7,Y,Yes,15.547,3,3,80,1,5.252,2,3,3.578,-1.482,2.424,4.817
262,37.057,No,Travel_Rarely,1239.91,Sales,10.508,3,Medical,1,890.856,2,Male,71.464,3,1,Human Resources,4,Married,5147.605,13430.43,2,Y,No,9.606,3,2,80,1,15.611,0,2,6.325,-0.019,0.927,1.434
263,43.272,No,Travel_Rarely,948.762,Research & Development,13.906,3,Medical,1,12.745,3,Male,64.86,3,4,Research Scientist,4,Married,13047.881,16730.176,0,Y,No,18.959,3,4,80,0,18.174,3,3,10.543,6.134,-1.252,6.575
264,47.842,No,Non-Travel,607.524,Research & Development,-4.349,4,Life Sciences,1,628.014,4,Female,31.327,3,2,Sales Executive,3,Single,-882.423,11500.895,3,Y,No,13.33,3,4,80,0,5.944,2,3,1.939,1.111,1.177,0.032
265,31.09,No,Non-Travel,974.76,Sales,-14.72,4,Life Sciences,1,1076.855,1,Male,66.729,3,2,Laboratory Technician,4,Single,154.666,5071.007,3,Y,No,9.4,3,2,80,2,11.299,1,2,0.353,2.807,0.451,1.587
266,40.888,No,Travel_Rarely,934.139,Sales,-6.411,2,Medical,1,1521.925,1,Female,81.945,2,3,Manager,4,Single,22001.732,6793.375,1,Y,Yes,17.602,3,3,80,0,30.855,3,2,14.101,3.939,1.375,5.567
267,35.776,No,Non-Travel,1128.803,Sales,20.665,2,Marketing,1,975.712,4,Male,40.76,2,2,Sales Executive,4,Married,7667.0,16717.012,0,Y,No,10.261,3,2,80,1,9.015,3,3,7.427,0.885,3.502,-0.351
268,48.656,No,Travel_Rarely,574.094,Research & Development,5.43,3,Technical Degree,1,-343.807,4,Female,67.586,1,2,Manufacturing Director,3,Married,11894.811,14068.222,2,Y,No,19.651,4,3,80,1,26.724,2,2,7.054,3.351,4.735,9.438
269,28.656,No,Travel_Rarely,468.349,Research & Development,3.381,3,Medical,1,1198.89,1,Female,79.727,3,1,Laboratory Technician,4,Married,287.974,11378.883,1,Y,No,17.143,3,2,80,0,3.342,3,2,-1.091,-0.684,-2.54,-0.632
270,45.156,Yes,Travel_Rarely,109.256,Research & Development,6.929,3,Marketing,1,924.592,1,Male,94.925,2,1,Sales Representative,4,Divorced,1586.492,21546.824,5,Y,No,19.275,3,2,80,0,7.662,4,2,4.082,0.637,1.371,2.859
271,31.937,No,Non-Travel,728.328,Research & Development,20.912,2,Other,1,-355.776,1,Male,102.214,3,2,Manager,2,Divorced,6318.092,30296.105,5,Y,Yes,14.034,3,3,80,1,6.298,6,3,6.889,4.85,6.563,3.092
272,37.496,Yes,Non-Travel,1708.246,Research & Development,11.766,4,Technical Degree,1,1093.805,3,Male,75.13,4,1,Healthcare Representative,4,Married,4066.957,18644.05,1,Y,Yes,16.679,3,2,80,0,10.214,0,3,8.245,0.472,4.874,3.029
273,39.281,No,Travel_Rarely,1588.711,Sales,-1.525,3,Medical,1,54.301,3,Male,39.003,3,4,Healthcare Representative,3,Married,9470.767,32766.707,6,Y,No,9.942,3,4,80,2,24.342,2,3,1.236,6.524,-0.148,3.783
274,64.452,No,Travel_Rarely,849.677,Sales,3.626,2,Marketing,1,916.623,3,Male,81.203,3,2,Healthcare Representative,2,Single,15229.92,20647.863,6,Y,Yes,15.706,4,4,80,1,19.766,4,2,15.737,8.355,1.868,5.876
275,43.864,No,Travel_Frequently,1247.893,Human Resources,-7.558,3,Marketing,1,559.901,1,Female,77.487,2,3,Research Director,4,Married,14073.827,15427.295,1,Y,Yes,9.129,3,2,80,1,9.346,2,1,0.811,8.22,-0.052,9.644
276,36.607,No,Travel_Rarely,960.987,Sales,2.081,2,Life Sciences,1,1491.204,4,Male,61.734,3,2,Sales Executive,4,Married,13546.487,9192.729,0,Y,No,16.169,3,3,80,1,19.551,2,2,8.99,5.287,-1.866,3.776
277,42.31,No,Non-Travel,692.573,Research & Development,5.24,3,Medical,1,1054.624,4,Male,31.352,3,4,Laboratory Technician,2,Divorced,4464.902,11326.799,1,Y,No,25.19,4,4,80,1,3.344,5,2,6.386,3.822,1.913,4.257
278,23.806,No,Travel_Rarely,684.941,Research & Development,-10.152,3,Medical,1,965.457,4,Male,64.45,2,3,Research Scientist,4,Divorced,610.703,15050.655,5,Y,No,14.303,3,2,80,0,-1.256,4,2,4.804,2.25,1.066,2.78
279,30.071,No,Travel_Rarely,646.814,Research & Development,19.047,1,Medical,1,664.722,3,Female,71.229,4,2,Manager,4,Married,829.142,47081.2,0,Y,Yes,13.473,3,3,80,2,4.557,3,3,4.342,-0.313,-1.611,2.663
280,32.938,No,Travel_Rarely,905.344,Research & Development,10.197,2,Life Sciences,1,1419.735,1,Female,60.781,2,2,Laboratory Technician,1,Married,425.792,18137.5,0,Y,No,16.309,3,4,80,0,4.524,3,3,2.046,0.042,-1.36,-0.245
281,43.769,Yes,Travel_Rarely,1134.03,Sales,14.917,4,Medical,1,1568.495,3,Male,81.458,3,2,Manufacturing Director,3,Single,4729.886,11630.928,3,Y,Yes,17.286,4,3,80,0,7.791,4,4,14.397,5.357,-0.856,7.801
282,29.442,No,Travel_Frequently,1307.187,Sales,-7.408,4,Medical,1,798.369,2,Female,68.186,3,3,Research Director,4,Married,11476.665,21274.064,1,Y,Yes,13.363,3,2,80,1,15.317,6,4,7.631,6.178,3.366,0.315
283,27.089,No,Travel_Rarely,-46.263,Sales,-3.164,5,Medical,1,493.166,1,Female,41.533,3,2,Research Scientist,1,Single,-4556.058,11780.755,2,Y,No,10.448,3,1,80,0,-2.827,3,4,-3.798,-3.258,-1.748,-0.634
284,21.943,No,Travel_Frequently,267.662,Sales,22.462,3,Marketing,1,1142.583,3,Female,55.959,4,1,Sales Representative,2,Married,-635.2,16299.559,2,Y,Yes,13.77,4,3,80,0,6.572,3,3,4.083,0.931,-0.669,1.923
285,18.039,No,Travel_Rarely,1652.055,Sales,12.655,1,Technical Degree,1,1174.768,4,Female,64.363,3,2,Sales Executive,1,Single,-5508.93,14815.494,1,Y,No,15.705,3,3,80,1,-5.822,2,4,1.857,2.39,-0.123,0.533
286,22.814,Yes,Travel_Rarely,398.744,Sales,5.965,2,Technical Degree,1,241.194,3,Female,19.391,3,2,Sales Executive,1,Single,-1200.867,14030.977,1,Y,No,13.646,3,4,80,0,-2.809,6,3,-0.149,1.521,1.71,2.104
287,28.23,Yes,Travel_Rarely,43.966,Research & Development,25.085,3,Technical Degree,1,1062.443,1,Male,61.587,2,1,Sales Representative,1,Married,977.994,14856.316,1,Y,Yes,11.441,3,1,80,0,-2.662,1,2,-1.104,1.709,-5.235,1.711
288,40.44,No,Travel_Rarely,947.618,Sales,12.306,3,Marketing,1,2260.91,1,Male,105.46,3,2,Sales Executive,3,Married,11986.382,16481.945,6,Y,No,13.332,3,4,80,0,14.987,3,3,7.409,2.635,2.345,2.448
289,55.396,No,Travel_Rarely,252.737,Research & Development,-8.116,4,Medical,1,1694.221,3,Male,26.547,3,2,Research Scientist,4,Married,10733.629,10989.067,2,Y,Yes,18.558,3,2,80,1,19.837,2,3,22.08,11.074,2.88,7.22
290,34.201,No,Travel_Rarely,1646.373,Sales,10.046,3,Life Sciences,1,789.521,4,Female,79.377,2,1,Sales Representative,2,Married,4900.135,5313.584,0,Y,No,13.37,3,1,80,0,14.535,2,3,12.302,3.151,2.214,7.779
291,37.569,No,Travel_Rarely,847.991,Sales,3.057,4,Marketing,1,1591.573,2,Female,82.082,2,2,Research Director,3,Single,5846.58,27416.943,1,Y,Yes,16.612,3,4,80,0,10.204,3,3,6.981,8.091,-1.096,6.872
292,24.483,Yes,Travel_Frequently,477.173,Research & Development,19.677,2,Medical,1,2110.972,3,Male,65.924,4,1,Healthcare Representative,3,Divorced,5841.422,26663.914,8,Y,No,19.465,3,3,80,0,7.713,2,2,-1.325,0.317,6.254,1.799
293,29.909,No,Travel_Frequently,1168.162,Research & Development,28.49,3,Marketing,1,1163.338,3,Male,57.702,2,1,Research Scientist,4,Married,702.606,30908.312,1,Y,No,20.374,4,3,80,0,6.508,2,3,-1.562,-6.07,-7.825,-4.671
294,39.052,No,Non-Travel,383.566,Research & Development,10.362,3,Medical,1,968.075,1,Male,78.308,3,2,Laboratory Technician,4,Single,1814.518,4329.204,2,Y,No,20.782,3,4,80,2,9.775,4,4,7.764,3.849,0.959,6.062
295,42.351,No,Travel_Rarely,744.458,Research & Development,12.325,4,Marketing,1,213.802,4,Female,72.419,3,1,Manufacturing Director,1,Married,881.425,12624.921,1,Y,Yes,17.888,3,3,80,1,6.152,3,3,5.665,2.623,-1.347,3.763
296,34.913,No,Non-Travel,1704.486,Human Resources,18.088,4,Marketing,1,1915.517,3,Female,56.979,3,2,Sales Executive,2,Single,11005.777,17326.912,2,Y,No,22.108,4,3,80,0,7.209,4,3,2.311,-0.969,-1.423,1.412
297,31.695,No,Travel_Frequently,1732.592,Sales,6.96,5,Life Sciences,1,844.731,4,Female,92.395,2,5,Sales Executive,3,Divorced,5402.498,26366.531,7,Y,Yes,12.341,4,4,80,3,10.568,2,3,3.836,4.117,0.692,2.718
298,49.875,Yes,Travel_Rarely,1099.945,Sales,12.48,4,Life Sciences,1,1442.6,1,Male,88.594,3,3,Manager,4,Divorced,14308.241,9985.715,3,Y,Yes,20.262,4,4,80,1,19.015,0,4,6.243,1.669,5.619,1.628
299,33.906,No,Travel_Rarely,763.251,Research & Development,-0.997,3,Medical,1,1099.691,1,Female,4.217,3,3,Human Resources,4,Married,8222.886,12739.434,2,Y,No,22.656,4,4,80,1,22.778,5,4,7.33,4.524,1.426,6.582
300,42.238,No,Non-Travel,1212.773,Research & Development,14.183,3,Life Sciences,1,1255.565,1,Male,76.668,2,1,Laboratory Technician,2,Married,1310.672,15581.725,5,Y,No,17.17,3,2,80,0,16.855,3,3,5.325,1.215,1.064,3.564
301,27.899,No,Travel_Rarely,826.696,Human Resources,7.854,1,Medical,1,1068.199,4,Male,69.084,3,3,Healthcare Representative,3,Single,5774.87,24768.578,3,Y,No,12.787,3,2,80,0,0.963,5,3,-4.285,2.313,-0.568,-1.08
302,23.233,Yes,Travel_Rarely,1250.88,Sales,18.559,4,Medical,1,966.944,1,Male,59.769,2,2,Research Scientist,4,Married,-1081.491,14437.149,3,Y,No,18.234,4,2,80,0,-0.088,0,3,-2.244,-2.38,-0.167,-1.538
303,35.484,No,Travel_Rarely,1234.866,Research & Development,8.503,4,Medical,1,589.399,1,Male,38.584,2,1,Research Director,2,Married,5740.092,21089.23,4,Y,No,12.803,3,2,80,0,11.21,6,2,2.643,2.848,0.543,0.156
304,21.725,No,Travel_Rarely,388.739,Sales,0.87,4,Technical Degree,1,1165.158,2,Female,59.29,3,2,Sales Executive,3,Single,3372.234,9925.135,9,Y,Yes,20.155,4,4,80,0,6.076,3,3,9.735,11.316,4.393,2.436
305,28.242,No,Non-Travel,115.622,Research & Development,11.714,4,Life Sciences,1,257.09,1,Male,53.74,2,2,Research Scientist,2,Married,4073.0,22485.094,2,Y,No,8.62,3,2,80,1,7.94,2,3,17.59,5.105,4.544,7.828
306,31.188,No,Non-Travel,587.661,Research & Development,21.624,4,Technical Degree,1,644.753,1,Female,68.606,3,1,Manager,1,Divorced,6512.754,16010.527,1,Y,No,14.053,3,2,80,1,8.88,4,3,7.537,3.048,1.11,3.048
307,39.113,Yes,Travel_Frequently,1080.863,Sales,0.387,2,Human Resources,1,485.81,3,Male,66.147,3,5,Sales Executive,4,Divorced,3061.744,17920.104,3,Y,Yes,10.401,3,1,80,0,4.636,4,1,9.648,5.126,3.343,9.034
308,54.628,Yes,Travel_Rarely,774.203,Research & Development,-2.997,4,Medical,1,1013.617,2,Female,38.372,3,3,Research Scientist,2,Single,17287.818,7925.99,3,Y,Yes,22.455,4,3,80,1,27.554,3,3,15.064,5.918,3.439,3.645
309,37.844,No,Travel_Rarely,669.648,Research & Development,-15.674,4,Life Sciences,1,366.757,3,Female,74.152,3,1,Research Scientist,2,Married,-1143.721,9904.559,0,Y,No,16.364,3,1,80,0,5.062,2,2,7.338,2.043,2.613,5.808
310,27.31,No,Travel_Rarely,109.125,Research & Development,15.449,2,Medical,1,1573.218,3,Female,50.721,2,1,Laboratory Technician,4,Married,2646.884,17568.535,1,Y,No,13.255,3,3,80,1,4.173,1,2,5.245,0.225,2.401,0.429
311,43.732,No,Travel_Frequently,942.543,Research & Development,1.372,3,Medical,1,1532.11,1,Female,54.752,2,2,Manager,4,Married,12439.664,11287.967,4,Y,No,14.938,3,4,80,1,17.347,5,3,14.122,9.079,5.493,8.39
312,38.356,No,Travel_Rarely,352.149,Research & Development,11.368,4,Life Sciences,1,795.362,1,Female,73.561,3,2,Sales Executive,3,Married,3337.566,15289.038,9,Y,Yes,13.654,3,3,80,1,14.787,3,3,7.665,4.286,4.367,3.905
313,49.261,Yes,Non-Travel,-320.554,Research & Development,5.676,4,Medical,1,2023.479,1,Male,108.653,3,3,Sales Executive,3,Married,10382.1,15890.74,4,Y,Yes,19.6,3,2,80,2,25.991,3,4,11.116,9.081,4.53,13.913
314,32.286,No,Travel_Rarely,824.6,Research & Development,0.748,2,Life Sciences,1,712.27,1,Male,87.075,3,5,Human Resources,2,Divorced,8689.264,18969.545,1,Y,Yes,10.667,3,3,80,3,12.871,4,3,3.097,-1.166,-1.492,-1.55
315,21.518,No,Travel_Rarely,512.381,Research & Development,8.538,1,Medical,1,1584.605,2,Male,100.142,2,1,Research Scientist,4,Married,1989.35,5326.003,1,Y,Yes,17.694,3,3,80,1,8.784,5,2,7.722,3.169,-2.058,6.394
316,52.478,No,Travel_Rarely,720.266,Sales,5.276,4,Life Sciences,1,1360.721,2,Male,32.523,4,3,Research Director,4,Divorced,2718.916,2707.199,5,Y,Yes,17.642,3,4,80,2,18.869,5,3,10.106,7.705,-1.849,6.269
317,30.264,No,Travel_Rarely,695.719,Human Resources,9.596,2,Medical,1,1843.665,3,Female,102.126,3,1,Research Scientist,1,Married,-3248.732,32880.453,1,Y,Yes,15.842,3,3,80,0,-6.889,2,1,-4.375,-4.126,-0.703,-1.428
318,37.994,No,Travel_Rarely,165.199,Research & Development,28.415,3,Medical,1,1563.743,4,Male,59.998,4,4,Human Resources,4,Divorced,12505.939,24134.902,2,Y,Yes,24.422,4,1,80,3,18.365,4,2,15.693,9.948,1.689,9.715
319,41.755,No,Travel_Rarely,219.191,Research & Development,4.723,1,Life Sciences,1,821.956,2,Female,76.686,3,1,Research Scientist,3,Single,210.666,1734.818,3,Y,Yes,23.47,4,4,80,0,7.255,0,2,-1.184,2.402,0.45,3.703
320,36.571,No,Non-Travel,871.072,Research & Development,11.761,4,Human Resources,1,695.764,4,Male,25.135,3,1,Sales Executive,4,Divorced,8984.936,-432.727,4,Y,No,17.548,3,4,80,0,6.724,5,2,3.924,-1.531,-3.468,-0.839
321,27.264,No,Non-Travel,502.135,Sales,9.148,4,Life Sciences,1,1077.389,3,Male,79.982,3,2,Research Scientist,4,Single,-1426.223,21617.043,1,Y,No,23.354,4,3,80,0,2.124,2,3,0.734,0.35,-2.559,6.819
322,50.853,No,Travel_Rarely,533.044,Research & Development,14.507,3,Life Sciences,1,944.086,2,Male,104.775,3,1,Manager,2,Married,15905.592,21370.27,2,Y,No,15.346,3,4,80,2,31.45,2,3,18.698,9.368,3.048,10.552
323,32.586,No,Travel_Rarely,391.046,Research & Development,25.911,4,Life Sciences,1,346.198,2,Male,92.956,2,1,Research Scientist,4,Divorced,5906.823,11198.602,5,Y,Yes,13.392,3,3,80,0,17.079,2,2,7.804,3.31,7.362,3.116
324,55.576,No,Travel_Rarely,412.358,Research & Development,-2.258,2,Marketing,1,570.124,4,Male,102.26,3,2,Sales Executive,3,Married,14064.95,2038.141,0,Y,Yes,12.281,3,2,80,1,25.169,3,2,17.926,12.187,8.479,7.205
325,31.313,No,Non-Travel,566.483,Research & Development,10.672,2,Medical,1,1834.262,1,Male,31.009,2,3,Manufacturing Director,3,Married,13234.475,20595.896,1,Y,No,14.784,3,1,80,1,11.714,2,1,11.747,3.817,3.405,5.037
326,46.788,No,Travel_Rarely,547.573,Sales,3.4,4,Life Sciences,1,1084.439,1,Male,19.33,3,2,Sales Executive,4,Single,11826.207,7682.602,7,Y,No,17.867,3,3,80,0,25.133,2,3,10.251,8.301,2.985,4.744
327,43.203,No,Travel_Frequently,-21.522,Sales,-5.74,2,Life Sciences,1,1770.444,2,Female,76.459,3,2,Research Director,1,Married,9493.117,11852.259,7,Y,Yes,11.094,3,3,80,1,15.47,3,3,2.937,3.676,1.657,1.914
328,22.139,No,Travel_Frequently,885.609,Research & Development,7.492,3,Medical,1,1129.02,3,Female,26.065,4,2,Research Scientist,1,Married,5325.202,12651.902,9,Y,No,15.281,3,3,80,1,12.029,2,3,5.506,6.036,0.434,4.66
329,33.169,No,Travel_Frequently,1062.504,Human Resources,-3.91,1,Technical Degree,1,1420.378,4,Male,79.617,2,1,Research Scientist,1,Married,4581.684,21728.207,7,Y,No,11.973,3,1,80,1,3.601,4,3,-2.865,-1.87,1.162,-0.863
330,37.701,No,Travel_Rarely,396.489,Research & Development,11.04,4,Medical,1,1797.633,1,Male,55.248,2,3,Sales Executive,3,Single,6485.023,24593.387,1,Y,No,12.483,3,2,80,0,11.629,0,3,2.938,0.444,-1.031,1.699
331,54.226,No,Travel_Rarely,936.688,Research & Development,1.927,3,Marketing,1,1435.313,1,Female,48.222,2,5,Healthcare Representative,3,Single,13338.082,21594.82,2,Y,No,14.206,3,2,80,0,17.334,0,3,9.463,4.111,2.319,2.763
332,20.968,No,Travel_Rarely,490.365,Sales,0.153,3,Human Resources,1,1137.636,2,Male,58.668,2,4,Research Director,1,Single,6917.886,12437.594,1,Y,No,11.568,3,1,80,0,11.749,3,3,19.526,14.87,6.098,14.259
333,44.505,No,Travel_Frequently,543.736,Research & Development,6.367,4,Life Sciences,1,369.622,1,Male,59.968,3,2,Research Scientist,2,Married,5618.756,10600.476,2,Y,Yes,16.473,3,2,80,1,10.375,2,3,4.907,6.681,3.401,1.97
334,51.575,Yes,Travel_Rarely,1086.572,Research & Development,-7.101,1,Medical,1,482.563,2,Male,99.762,3,2,Manager,4,Divorced,14330.187,17099.064,9,Y,No,20.048,3,3,80,0,15.863,2,3,17.828,10.648,6.279,11.208
335,50.987,No,Travel_Rarely,433.869,Research & Development,11.678,1,Medical,1,655.149,1,Male,47.612,2,5,Human Resources,2,Married,12226.23,5367.707,0,Y,No,19.541,3,4,80,1,19.745,1,3,9.338,5.222,6.481,2.518
336,26.797,Yes,Travel_Rarely,1181.053,Sales,25.007,2,Medical,1,623.795,3,Female,71.875,4,1,Sales Representative,1,Divorced,6903.989,6981.572,1,Y,Yes,17.148,3,4,80,1,9.227,1,3,7.62,3.295,-0.374,5.42
337,37.555,No,Travel_Rarely,673.579,Sales,-4.345,1,Medical,1,2076.791,4,Female,60.613,3,1,Sales Executive,3,Single,6266.952,3428.31,0,Y,No,14.319,3,3,80,0,12.322,3,3,7.911,5.669,2.963,4.072
338,26.948,Yes,Travel_Rarely,-286.936,Sales,1.647,3,Medical,1,1215.877,1,Male,86.96,2,1,Research Scientist,1,Single,2541.558,21234.229,0,Y,No,18.205,3,3,80,0,10.087,2,2,6.469,3.08,-0.102,3.763
339,21.588,No,Travel_Rarely,567.609,Research & Development,-7.684,2,Life Sciences,1,1570.168,4,Female,71.185,3,1,Manager,3,Divorced,7861.816,18926.3,3,Y,No,12.007,3,2,80,0,6.538,3,3,-1.945,-4.166,-4.546,-2.056
340,54.9,No,Travel_Rarely,605.998,Research & Development,-0.784,4,Medical,1,1460.986,1,Male,55.256,2,3,Research Director,4,Married,9254.412,17333.123,4,Y,No,20.579,4,1,80,0,21.039,2,2,13.667,1.154,2.932,5.646
341,38.85,No,Travel_Frequently,911.776,Sales,11.301,4,Medical,1,2168.621,3,Female,58.935,3,4,Manufacturing Director,3,Married,15119.465,30295.273,0,Y,No,6.255,3,4,80,2,23.541,2,3,14.263,12.715,2.933,7.19
342,24.625,No,Travel_Frequently,489.588,Research & Development,3.314,1,Human Resources,1,154.309,1,Male,73.425,3,1,Research Scientist,3,Married,-2281.158,14007.602,1,Y,Yes,12.973,3,3,80,2,-2.629,3,3,1.153,2.752,2.103,-1.739
343,30.879,No,Non-Travel,900.767,Research & Development,5.082,5,Human Resources,1,2186.184,2,Female,45.266,1,5,Laboratory Technician,2,Divorced,1331.722,10757.48,5,Y,No,16.709,3,2,80,1,12.391,1,4,6.876,-5.73,-4.249,3.473
344,29.947,No,Travel_Rarely,567.342,Research & Development,15.387,3,Life Sciences,1,1314.991,3,Female,84.737,3,2,Healthcare Representative,4,Married,-2774.282,-648.866,1,Y,No,15.36,3,1,80,0,4.539,3,3,13.391,5.043,2.311,8.168
345,41.535,No,Travel_Rarely,546.379,Research & Development,-6.801,2,Life Sciences,1,-169.269,3,Female,39.413,1,4,Manufacturing Director,3,Married,6230.168,1962.243,0,Y,No,14.826,3,3,80,1,14.418,5,3,8.618,7.787,1.202,5.576
346,32.566,No,Travel_Frequently,569.9,Sales,7.049,2,Marketing,1,1049.718,4,Female,88.286,3,3,Manufacturing Director,3,Divorced,8168.932,12982.851,1,Y,Yes,9.858,3,2,80,1,10.878,4,3,8.38,6.164,5.03,10.108
347,49.758,No,Travel_Frequently,190.29,Research & Development,-6.415,3,Technical Degree,1,1954.665,4,Male,8.748,1,5,Manufacturing Director,1,Divorced,13246.566,12826.841,7,Y,No,7.995,3,4,80,1,32.549,2,3,12.059,10.882,6.481,4.942
348,30.349,Yes,Travel_Rarely,989.597,Human Resources,10.418,5,Technical Degree,1,1537.651,4,Male,45.379,3,5,Healthcare Representative,4,Married,12298.306,5485.442,7,Y,No,7.752,3,1,80,1,13.305,5,3,6.595,6.394,2.293,7.288
349,35.693,No,Travel_Rarely,740.097,Human Resources,6.073,5,Life Sciences,1,703.9,1,Female,78.795,3,1,Research Director,4,Single,6867.99,4366.566,4,Y,No,13.08,3,2,80,1,9.317,5,3,5.645,6.626,-0.15,4.419
350,25.947,Yes,Travel_Rarely,1346.113,Sales,34.722,3,Other,1,1692.929,2,Male,111.523,2,2,Sales Executive,3,Single,2788.173,18286.027,0,Y,No,11.768,3,2,80,0,6.207,4,1,8.746,7.118,1.945,4.383
351,40.928,No,Travel_Frequently,263.041,Sales,8.566,4,Life Sciences,1,516.096,4,Female,48.407,2,2,Sales Representative,1,Married,6094.758,9282.098,3,Y,No,15.362,3,4,80,0,14.593,5,4,8.292,3.096,4.483,5.777
352,37.815,No,Non-Travel,239.385,Sales,17.855,5,Technical Degree,1,894.168,4,Female,95.909,3,1,Research Scientist,4,Married,12369.887,5973.709,1,Y,Yes,14.477,4,1,80,1,14.302,0,3,10.689,4.807,5.901,7.215
353,39.503,No,Travel_Frequently,28.356,Sales,10.122,4,Marketing,1,368.874,1,Male,92.095,3,5,Sales Representative,2,Divorced,4853.25,16014.534,0,Y,No,25.983,3,4,80,0,9.908,4,3,8.703,3.502,1.521,9.061
354,41.264,No,Travel_Frequently,292.973,Research & Development,1.623,3,Life Sciences,1,371.689,3,Male,57.896,3,4,Human Resources,3,Single,3753.933,25336.98,1,Y,No,16.426,3,1,80,0,8.449,3,3,10.517,8.691,7.007,8.827
355,32.324,No,Travel_Rarely,935.116,Research & Development,15.506,3,Technical Degree,1,1042.084,4,Female,34.934,2,2,Laboratory Technician,2,Single,2080.445,21021.545,3,Y,No,20.126,4,4,80,0,17.436,3,2,6.486,5.733,1.711,6.978
356,40.321,No,Non-Travel,456.616,Sales,-15.044,3,Life Sciences,1,1632.464,4,Female,87.832,3,2,Research Scientist,3,Divorced,3757.713,12329.583,6,Y,Yes,24.393,4,4,80,3,12.238,2,1,5.868,5.418,2.196,6.251
357,40.832,No,Travel_Rarely,975.368,Human Resources,3.238,2,Marketing,1,2571.089,1,Male,43.739,4,2,Human Resources,3,Married,6616.776,15033.578,2,Y,Yes,11.757,3,2,80,3,3.66,4,4,-2.591,-0.848,-1.949,-1.727
358,19.162,No,Travel_Rarely,467.646,Research & Development,10.649,1,Medical,1,1717.292,3,Female,55.105,3,1,Laboratory Technician,2,Married,-2536.072,13725.07,1,Y,No,12.994,3,4,80,0,-1.0,4,3,0.38,1.312,1.11,-0.919
359,24.682,Yes,Non-Travel,368.483,Research & Development,23.956,4,Medical,1,1367.116,1,Male,105.88,2,5,Research Director,1,Single,9839.957,13818.37,1,Y,No,14.308,3,2,80,0,8.945,2,1,3.405,3.872,0.791,2.181
360,27.958,No,Travel_Rarely,882.015,Research & Development,2.728,1,Life Sciences,1,1481.867,4,Male,89.525,2,1,Research Director,3,Married,10872.984,16244.753,1,Y,Yes,12.59,3,3,80,0,10.235,4,2,10.134,4.175,0.798,4.2
361,31.581,Yes,Travel_Frequently,736.901,Human Resources,-3.604,2,Human Resources,1,109.251,1,Male,53.525,2,1,Research Director,4,Single,2479.473,13765.099,8,Y,No,7.195,3,2,80,2,17.987,5,1,5.156,-11.162,3.831,-7.392
362,36.817,No,Travel_Rarely,1278.164,Sales,2.319,3,Life Sciences,1,877.909,1,Female,69.638,3,1,Sales Executive,2,Married,4509.612,9769.781,6,Y,No,11.685,3,4,80,1,10.135,5,2,5.679,1.879,5.831,3.888
363,36.723,No,Travel_Rarely,192.488,Research & Development,-1.748,2,Medical,1,1678.238,3,Male,61.773,2,2,Research Scientist,1,Divorced,2353.862,20495.582,2,Y,No,11.273,3,3,80,0,5.824,3,1,-0.435,1.739,-3.884,1.775
364,41.171,No,Non-Travel,0.415,Sales,12.012,2,Medical,1,1111.424,4,Female,69.152,3,4,Sales Executive,1,Married,2014.977,34819.914,9,Y,No,9.974,3,2,80,2,5.036,3,3,0.639,-3.904,3.408,-2.996
365,51.594,No,Travel_Rarely,337.597,Sales,19.421,2,Marketing,1,1835.372,1,Male,79.603,2,2,Sales Executive,3,Married,10412.468,6705.331,3,Y,No,13.952,3,4,80,2,20.145,6,3,13.013,5.388,4.902,5.767
366,32.76,Yes,Non-Travel,1104.518,Research & Development,-6.888,5,Life Sciences,1,1147.792,4,Male,19.16,3,2,Healthcare Representative,1,Divorced,1699.721,39407.91,0,Y,No,20.062,3,3,80,3,6.2,5,3,-1.064,8.458,3.115,4.604
367,36.046,No,Travel_Rarely,726.662,Sales,17.022,2,Life Sciences,1,1111.742,2,Male,23.753,3,1,Research Scientist,3,Married,3566.596,15469.606,1,Y,Yes,12.373,3,4,80,0,11.187,2,3,3.35,-0.156,2.613,4.197
368,32.123,Yes,Travel_Frequently,874.311,Research & Development,-7.579,2,Medical,1,874.573,2,Male,83.209,3,5,Human Resources,3,Single,11648.749,32752.137,6,Y,No,15.62,3,3,80,2,9.032,3,2,13.678,4.428,4.377,3.776
369,41.176,No,Travel_Rarely,474.809,Research & Development,-2.147,4,Marketing,1,957.366,1,Female,66.28,2,3,Sales Executive,3,Married,11079.791,9704.468,1,Y,No,10.619,3,4,80,1,14.116,2,2,12.59,9.042,2.388,8.792
370,51.344,Yes,Travel_Frequently,688.327,Research & Development,7.025,3,Medical,1,414.613,1,Female,54.106,3,3,Manufacturing Director,3,Single,7686.456,13756.577,2,Y,Yes,8.713,3,3,80,0,18.535,3,2,4.973,4.844,-0.253,6.333
371,36.311,No,Travel_Rarely,1138.297,Sales,15.073,3,Marketing,1,773.247,3,Female,85.969,2,2,Research Scientist,3,Married,3743.025,19589.871,6,Y,No,16.67,3,2,80,2,4.665,2,4,2.869,3.175,2.041,3.85
372,25.822,Yes,Travel_Rarely,772.328,Research & Development,6.751,4,Life Sciences,1,710.072,1,Female,62.027,2,1,Laboratory Technician,3,Divorced,-242.286,20113.703,8,Y,No,16.21,4,3,80,2,-0.483,5,3,-1.542,0.937,-1.825,0.765
373,44.614,No,Non-Travel,938.286,Research & Development,23.834,1,Medical,1,320.69,1,Female,58.775,1,2,Sales Executive,1,Single,5715.014,4848.616,1,Y,No,17.792,3,2,80,2,12.349,3,3,5.324,8.279,-2.387,9.267
374,25.815,No,Travel_Rarely,616.639,Human Resources,2.716,3,Marketing,1,865.94,4,Male,19.6,3,1,Research Scientist,2,Divorced,3601.002,7165.376,1,Y,Yes,11.588,3,2,80,2,6.709,3,2,1.55,0.465,2.064,1.854
375,36.39,Yes,Travel_Frequently,192.795,Sales,10.809,3,Medical,1,558.132,3,Male,30.696,3,2,Manufacturing Director,3,Single,-263.307,13827.305,9,Y,Yes,15.936,3,3,80,2,17.904,4,2,7.896,8.359,-1.044,7.17
376,19.721,No,Travel_Rarely,964.612,Research & Development,8.934,2,Other,1,161.705,3,Female,54.949,4,1,Research Scientist,4,Married,-5522.196,12012.283,4,Y,Yes,17.969,3,2,80,1,-4.668,5,3,-1.152,4.303,-1.291,0.665
377,19.688,No,Travel_Frequently,718.348,Sales,-1.861,5,Life Sciences,1,1131.222,3,Female,123.056,4,3,Sales Executive,4,Single,7459.482,19805.496,2,Y,No,10.303,3,3,80,0,1.42,2,3,4.65,-1.115,-2.042,-2.193
378,11.013,Yes,Travel_Rarely,729.099,Sales,21.871,4,Marketing,1,1709.335,1,Female,39.197,4,5,Sales Executive,4,Single,4951.08,16539.914,8,Y,Yes,20.504,3,3,80,0,4.11,0,4,10.084,6.71,4.187,1.855
379,45.903,No,Travel_Rarely,456.405,Sales,-1.906,4,Life Sciences,1,702.726,1,Female,53.406,2,2,Sales Executive,1,Married,12880.531,12579.22,3,Y,No,14.375,3,3,80,1,20.705,1,3,13.895,7.991,5.978,11.046
380,30.522,No,Travel_Rarely,596.3,Sales,29.755,3,Marketing,1,2350.272,3,Female,120.875,3,2,Manufacturing Director,3,Divorced,-310.967,28766.023,8,Y,No,16.945,3,3,80,2,-3.689,3,2,0.807,5.496,-0.264,3.863
381,42.832,No,Non-Travel,860.752,Research & Development,13.31,1,Medical,1,419.567,3,Female,47.512,3,2,Healthcare Representative,3,Divorced,8383.998,11647.602,3,Y,No,14.156,3,4,80,1,16.239,2,1,9.246,5.019,3.418,3.761
382,13.068,No,Non-Travel,-20.508,Sales,18.393,4,Medical,1,786.199,3,Male,48.274,4,1,Manufacturing Director,4,Divorced,-4417.815,2575.782,1,Y,Yes,16.551,4,3,80,1,-2.744,2,4,1.486,0.821,0.866,-1.488
383,32.313,Yes,Travel_Frequently,721.252,Human Resources,4.026,1,Human Resources,1,1034.876,1,Male,56.857,4,5,Sales Executive,1,Married,12490.062,16659.146,2,Y,Yes,7.239,3,3,80,0,17.002,4,4,16.076,8.031,-3.461,3.075
384,20.438,No,Travel_Rarely,607.301,Sales,26.181,5,Life Sciences,1,1439.876,2,Male,61.93,4,1,Laboratory Technician,3,Divorced,-1079.277,21704.25,0,Y,No,16.196,3,2,80,1,-4.115,2,3,-2.826,-0.201,0.843,-3.095
385,27.607,No,Travel_Rarely,1405.787,Human Resources,25.494,3,Human Resources,1,-632.278,4,Male,27.613,2,4,Laboratory Technician,2,Divorced,10788.17,9427.93,1,Y,No,11.045,3,4,80,3,17.528,2,1,26.888,6.124,2.14,12.055
386,44.558,No,Travel_Rarely,1113.491,Research & Development,1.481,2,Other,1,358.747,3,Female,87.106,3,4,Manager,4,Single,9596.789,2024.648,6,Y,No,12.358,3,3,80,1,20.23,2,4,5.374,-2.573,3.972,-2.22
387,48.88,Yes,Non-Travel,-359.102,Sales,22.504,2,Life Sciences,1,938.141,3,Male,120.733,3,1,Sales Representative,3,Single,1887.215,13875.748,5,Y,No,20.747,4,1,80,0,5.71,4,3,12.582,4.295,0.515,1.176
388,53.276,No,Travel_Rarely,154.268,Research & Development,18.811,4,Medical,1,1477.805,4,Male,84.335,3,4,Human Resources,1,Single,10742.81,28056.309,4,Y,Yes,8.509,3,3,80,0,24.812,0,4,6.126,4.156,-0.428,4.45
389,57.401,No,Non-Travel,329.752,Research & Development,4.356,1,Life Sciences,1,1268.421,2,Male,73.923,3,5,Healthcare Representative,2,Single,11333.207,14189.121,5,Y,Yes,7.999,3,3,80,0,23.452,3,3,15.387,4.754,6.822,6.901
390,28.721,Yes,Travel_Frequently,425.194,Research & Development,6.177,3,Medical,1,1743.209,3,Female,92.053,3,2,Research Scientist,3,Married,-653.255,8908.725,3,Y,Yes,14.515,3,1,80,0,5.327,3,3,4.42,1.737,2.535,1.171
391,31.872,No,Non-Travel,264.66,Human Resources,11.658,3,Life Sciences,1,1253.097,3,Female,24.863,4,2,Healthcare Representative,3,Single,6606.232,8660.998,3,Y,No,12.406,3,2,80,0,6.971,2,3,-3.313,-2.823,2.699,-1.297
392,55.965,No,Travel_Rarely,1029.998,Research & Development,15.141,4,Technical Degree,1,1576.13,3,Female,77.338,2,3,Research Scientist,2,Divorced,16388.516,17283.744,4,Y,No,23.65,4,4,80,0,28.283,3,2,17.541,0.974,-4.917,3.144
393,39.823,No,Travel_Frequently,507.793,Human Resources,1.299,3,Life Sciences,1,1640.784,1,Female,69.542,3,3,Sales Representative,3,Married,11581.814,19166.672,0,Y,No,4.83,3,4,80,1,20.054,1,2,9.472,4.742,3.159,6.669
394,44.997,No,Travel_Frequently,118.905,Research & Development,-0.381,3,Medical,1,2438.579,2,Male,68.39,3,2,Research Director,2,Married,7517.661,12708.505,4,Y,No,14.678,3,3,80,2,16.385,6,3,6.918,2.648,4.102,3.535
395,45.84,No,Travel_Rarely,532.595,Sales,13.336,5,Other,1,1642.632,1,Female,121.501,2,1,Laboratory Technician,1,Married,7347.64,8921.064,1,Y,No,15.83,4,2,80,0,20.035,0,2,6.959,6.157,1.578,6.348
396,41.805,No,Travel_Frequently,303.809,Sales,22.533,3,Marketing,1,1509.549,3,Female,63.711,3,3,Research Director,2,Married,12619.168,6550.035,3,Y,No,9.05,3,4,80,1,20.196,3,3,19.204,14.193,4.433,8.494
397,31.864,No,Travel_Rarely,894.817,Research & Development,21.862,3,Medical,1,1492.372,2,Female,84.215,2,4,Research Scientist,3,Married,3706.862,13035.17,1,Y,No,17.177,3,3,80,0,10.304,4,4,2.351,2.95,-0.893,3.081
398,50.236,No,Travel_Rarely,775.696,Research & Development,9.883,3,Other,1,942.666,4,Female,8.496,3,3,Healthcare Representative,3,Single,6692.828,9381.797,4,Y,Yes,17.634,3,4,80,1,19.137,3,1,-2.675,-0.674,-1.488,1.814
399,20.063,Yes,Travel_Rarely,180.2,Research & Development,5.625,3,Medical,1,362.172,3,Female,77.3,3,1,Sales Representative,2,Divorced,-5328.662,15427.489,1,Y,No,9.613,3,1,80,0,-2.666,3,3,-2.995,-4.1,-0.036,-5.014
400,25.805,Yes,Travel_Rarely,392.489,Sales,-1.203,3,Medical,1,1363.242,4,Male,91.858,1,2,Sales Executive,1,Single,2600.64,10825.994,9,Y,Yes,15.347,3,4,80,0,6.076,3,4,-4.882,-1.443,0.456,-0.757
401,54.652,No,Travel_Rarely,987.356,Sales,6.365,2,Other,1,1144.542,4,Male,102.069,1,4,Sales Representative,2,Single,12008.26,7744.758,2,Y,No,7.498,3,4,80,2,14.091,2,1,-1.46,3.397,1.878,4.513
402,27.795,No,Travel_Rarely,988.192,Research & Development,2.977,3,Human Resources,1,1823.463,4,Female,80.219,4,1,Research Scientist,2,Married,2403.562,12064.229,1,Y,Yes,17.771,3,3,80,1,2.622,2,3,-0.618,2.88,2.161,0.721
403,36.647,No,Travel_Rarely,1126.726,Sales,15.405,1,Medical,1,1567.821,1,Male,43.774,2,4,Sales Executive,4,Married,10716.119,11401.506,7,Y,No,6.933,3,3,80,0,20.252,0,2,15.067,10.943,5.153,8.618
404,36.878,No,Travel_Rarely,846.368,Sales,-1.879,2,Life Sciences,1,3455.519,1,Male,46.742,1,2,Sales Executive,1,Single,2250.675,10133.076,1,Y,No,18.005,4,3,80,0,3.135,3,1,5.776,4.329,4.27,1.198
405,22.241,Yes,Travel_Frequently,905.03,Research & Development,15.709,1,Other,1,1444.299,2,Female,93.124,2,1,Sales Executive,1,Single,-1000.228,12144.763,1,Y,Yes,18.613,3,1,80,0,2.204,4,2,10.123,5.391,10.427,12.112
406,46.132,No,Travel_Rarely,1201.986,Sales,1.212,3,Marketing,1,-397.765,1,Male,75.225,2,3,Research Director,2,Married,16549.135,14336.711,2,Y,No,22.135,4,4,80,1,17.398,2,3,17.574,4.259,2.75,5.896
407,29.944,No,Travel_Rarely,-217.26,Research & Development,-3.82,3,Medical,1,1284.529,1,Female,112.43,3,2,Human Resources,2,Single,7435.705,11762.284,3,Y,No,11.512,3,3,80,0,5.741,3,2,6.205,0.766,3.753,4.352
408,30.944,No,Non-Travel,-415.464,Research & Development,16.585,3,Life Sciences,1,639.74,4,Female,47.445,2,2,Research Scientist,4,Divorced,17377.877,21759.06,9,Y,No,12.965,3,3,80,0,19.093,2,2,12.841,5.455,2.858,5.168
409,21.162,No,Travel_Frequently,551.994,Research & Development,17.865,2,Medical,1,1808.32,1,Female,59.394,3,1,Research Scientist,2,Married,-4619.18,8466.723,6,Y,No,18.572,4,2,80,1,-2.992,3,3,-1.079,-0.096,0.816,1.562
410,39.922,No,Travel_Rarely,130.399,Research & Development,13.433,3,Medical,1,1620.198,1,Male,86.421,3,1,Manager,4,Married,9402.1,23793.72,1,Y,Yes,17.745,4,3,80,1,19.712,3,2,11.387,5.826,9.718,5.279
411,30.463,No,Travel_Rarely,602.722,Sales,12.089,3,Medical,1,-893.899,3,Female,76.682,2,5,Manager,2,Married,5033.256,2880.196,2,Y,No,10.782,3,2,80,1,4.737,0,1,-3.165,-2.219,-0.688,-2.015
412,36.79,Yes,Travel_Rarely,-32.688,Sales,11.648,4,Human Resources,1,991.629,1,Male,65.816,3,1,Sales Representative,2,Single,4095.648,7204.947,1,Y,Yes,14.029,3,2,80,0,9.895,5,3,9.164,2.178,1.228,3.121
413,35.82,No,Travel_Rarely,139.321,Research & Development,8.272,2,Life Sciences,1,1782.654,1,Male,67.329,3,2,Manufacturing Director,3,Married,712.77,6365.144,0,Y,No,17.096,3,2,80,2,8.651,4,3,10.579,8.696,-1.591,4.989
414,40.938,No,Travel_Rarely,576.751,Research & Development,2.654,5,Other,1,2571.318,1,Male,78.734,3,2,Research Scientist,3,Single,3065.933,24974.445,2,Y,Yes,16.779,3,4,80,0,9.301,2,3,8.281,-0.987,4.299,0.843
415,34.2,No,Travel_Rarely,880.247,Research & Development,17.387,2,Medical,1,676.914,1,Male,79.406,2,4,Sales Representative,3,Married,1750.542,5039.47,3,Y,Yes,15.084,3,4,80,0,4.545,3,4,9.503,4.046,5.54,4.366
416,34.273,Yes,Travel_Rarely,-73.274,Sales,10.39,2,Life Sciences,1,2022.455,2,Male,71.212,3,1,Sales Representative,2,Married,6920.838,8754.494,0,Y,No,11.55,3,2,80,1,4.863,3,2,14.24,4.683,4.49,2.635
417,33.993,Yes,Non-Travel,14.193,Sales,10.344,4,Other,1,1288.598,1,Male,103.867,4,1,Research Scientist,1,Single,5076.303,12996.869,2,Y,Yes,11.95,3,3,80,0,10.285,2,4,13.132,7.396,-1.371,4.742
418,41.492,No,Travel_Rarely,507.975,Human Resources,6.207,2,Technical Degree,1,1282.575,4,Female,53.975,3,2,Sales Executive,2,Married,5721.39,22521.994,3,Y,Yes,11.188,3,2,80,1,12.417,4,3,13.858,6.87,4.407,6.289
419,38.421,No,Travel_Rarely,775.617,Research & Development,13.28,5,Marketing,1,1425.292,4,Female,70.842,2,1,Sales Executive,3,Divorced,9098.615,12235.592,1,Y,No,17.904,3,2,80,0,14.605,3,3,8.763,5.325,3.063,4.128
420,33.939,Yes,Travel_Rarely,924.12,Research & Development,25.409,3,Life Sciences,1,507.968,4,Male,29.328,3,5,Laboratory Technician,4,Single,3819.688,10160.765,3,Y,Yes,12.857,3,4,80,0,13.084,3,2,2.71,-0.85,-0.344,-3.657
421,41.792,No,Travel_Rarely,-258.499,Research & Development,0.719,3,Medical,1,2112.219,2,Male,76.185,2,2,Research Director,2,Married,9905.456,16774.566,3,Y,No,10.712,3,1,80,3,22.068,1,2,9.991,6.155,-0.062,9.243
422,35.505,No,Travel_Rarely,497.112,Research & Development,14.033,2,Life Sciences,1,1529.887,4,Female,95.005,3,1,Research Scientist,2,Married,2383.46,13351.46,1,Y,No,13.41,3,2,80,1,6.584,4,3,1.174,4.14,-2.003,2.099
423,36.039,No,Travel_Rarely,656.14,Sales,11.857,2,Life Sciences,1,-307.298,1,Male,56.057,2,1,Research Scientist,4,Single,-495.534,12054.358,1,Y,No,11.458,3,3,80,1,2.009,5,1,3.333,0.091,-0.441,-0.107
424,32.686,No,Travel_Rarely,1192.014,Sales,-1.219,2,Life Sciences,1,273.561,3,Male,82.514,3,1,Human Resources,3,Married,3893.618,7411.942,3,Y,No,15.735,3,4,80,1,8.359,4,2,4.723,7.729,3.291,6.299
425,29.599,No,Travel_Rarely,1366.562,Sales,-8.787,2,Marketing,1,792.437,1,Male,52.933,4,4,Research Scientist,2,Married,2802.053,7014.318,1,Y,No,18.871,3,2,80,1,8.34,5,3,5.016,3.514,-0.11,2.727
426,20.403,No,Travel_Frequently,315.03,Sales,6.331,3,Medical,1,662.366,4,Female,73.169,2,1,Sales Executive,2,Married,1395.062,5981.89,5,Y,No,15.974,3,3,80,1,3.42,3,3,9.991,2.017,0.721,7.882
427,28.215,No,Travel_Rarely,232.39,Human Resources,5.385,3,Life Sciences,1,1481.229,3,Male,52.429,2,1,Manager,3,Married,5908.982,6434.602,1,Y,No,13.565,3,4,80,0,0.986,3,3,14.355,3.654,2.173,5.278
428,16.595,No,Non-Travel,722.274,Human Resources,10.227,3,Other,1,1641.69,4,Female,74.885,2,2,Laboratory Technician,2,Married,-1437.237,2631.27,1,Y,Yes,23.513,3,4,80,0,3.619,6,2,3.875,3.761,4.681,4.479
429,31.494,No,Travel_Frequently,1049.299,Research & Development,5.451,2,Marketing,1,442.28,2,Male,50.467,3,1,Human Resources,3,Married,2689.444,18845.04,1,Y,Yes,15.26,3,4,80,0,11.733,3,4,12.861,8.95,3.547,3.346
430,51.525,Yes,Travel_Rarely,897.915,Research & Development,8.711,5,Human Resources,1,-74.878,4,Female,43.028,3,1,Laboratory Technician,3,Divorced,14134.275,14926.709,4,Y,Yes,18.896,3,2,80,0,18.686,5,2,1.702,1.104,3.339,-3.285
431,36.57,No,Travel_Frequently,-120.26,Sales,3.352,4,Marketing,1,1210.292,4,Male,42.719,4,2,Sales Executive,3,Divorced,3665.684,-1512.339,1,Y,Yes,13.219,3,2,80,1,6.41,3,3,7.906,8.341,2.838,7.711
432,30.409,No,Non-Travel,1160.81,Human Resources,19.259,3,Marketing,1,888.826,4,Male,54.165,3,5,Sales Executive,3,Divorced,281.903,27526.117,8,Y,Yes,8.959,3,2,80,0,9.936,3,3,14.279,6.265,5.504,1.3
433,46.472,No,Travel_Rarely,-206.378,Research & Development,6.669,4,Life Sciences,1,1194.57,3,Male,90.597,3,4,Manager,4,Married,13047.09,15839.869,2,Y,No,15.223,4,4,80,1,21.467,5,2,13.927,7.405,3.348,8.228
434,22.715,Yes,Travel_Frequently,375.491,Research & Development,10.702,4,Life Sciences,1,1795.622,3,Female,87.271,3,2,Sales Executive,1,Single,2175.248,20579.863,1,Y,Yes,15.761,3,2,80,0,-5.019,3,4,2.853,4.885,-0.984,2.159
435,40.645,No,Travel_Rarely,184.82,Research & Development,17.538,4,Medical,1,1340.249,2,Male,73.47,4,2,Healthcare Representative,3,Married,5440.207,29214.52,1,Y,Yes,16.646,3,3,80,0,12.624,0,3,9.041,6.598,4.802,6.348
436,44.733,No,Travel_Frequently,671.003,Research & Development,11.19,4,Life Sciences,1,613.061,3,Male,107.479,2,2,Healthcare Representative,4,Divorced,5152.603,14496.433,4,Y,Yes,18.426,3,4,80,0,20.578,2,3,15.672,5.54,10.153,6.777
437,39.453,No,Travel_Frequently,-104.271,Research & Development,19.488,5,Medical,1,2611.609,3,Female,61.32,3,5,Manufacturing Director,3,Single,13369.854,1638.465,1,Y,No,14.084,3,3,80,0,18.15,3,3,20.922,5.033,5.481,11.14
438,44.726,No,Travel_Rarely,1050.233,Sales,4.959,2,Life Sciences,1,753.942,1,Female,60.078,3,4,Sales Executive,4,Married,10626.435,10609.725,3,Y,No,13.435,3,2,80,2,13.399,3,3,9.655,6.256,-0.334,4.041
439,23.541,Yes,Non-Travel,464.94,Sales,1.068,3,Medical,1,1212.416,2,Female,77.13,3,1,Sales Executive,3,Single,2095.287,8361.904,4,Y,Yes,21.274,3,3,80,1,-1.05,3,2,-3.218,0.765,2.769,-1.667
440,36.889,No,Travel_Rarely,87.049,Research & Development,-0.722,3,Life Sciences,1,842.282,3,Male,79.965,3,1,Research Scientist,2,Single,10409.828,3798.116,2,Y,No,19.601,3,2,80,2,14.068,1,3,7.715,3.297,6.79,2.463
441,26.01,No,Travel_Rarely,791.722,Sales,5.174,1,Life Sciences,1,2617.945,2,Female,72.609,3,1,Laboratory Technician,4,Married,-3233.38,14116.611,3,Y,Yes,15.933,3,4,80,1,3.471,4,4,8.769,6.708,8.552,2.59
442,31.665,No,Travel_Rarely,985.174,Sales,12.827,2,Life Sciences,1,1218.639,1,Female,67.937,3,2,Human Resources,4,Divorced,2851.301,11182.428,1,Y,No,16.697,3,4,80,1,10.071,1,3,9.102,-1.182,3.183,-0.854
443,40.442,No,Travel_Rarely,756.952,Research & Development,17.865,2,Life Sciences,1,624.293,1,Female,68.005,2,3,Manufacturing Director,1,Married,12679.043,12403.221,2,Y,No,23.905,4,3,80,2,24.555,2,4,21.631,5.976,2.755,8.431
444,14.446,Yes,Travel_Rarely,92.539,Research & Development,7.02,3,Technical Degree,1,718.058,1,Female,84.386,3,1,Sales Representative,4,Single,-4205.433,7620.914,1,Y,Yes,12.439,3,3,80,1,-11.471,3,3,-7.164,-1.792,-2.365,-2.463
445,24.256,No,Travel_Rarely,221.489,Sales,9.446,3,Medical,1,872.182,3,Female,37.338,2,4,Sales Executive,2,Married,3113.696,13204.469,1,Y,Yes,19.946,4,1,80,0,12.916,1,3,14.641,6.622,5.365,6.662
446,28.038,Yes,Travel_Rarely,198.343,Sales,9.309,4,Medical,1,1893.478,3,Male,58.173,2,1,Sales Executive,2,Married,3202.731,11999.197,1,Y,Yes,11.692,3,2,80,0,0.637,0,3,7.57,4.83,-0.122,1.185
447,23.485,No,Travel_Rarely,-315.553,Research & Development,22.623,3,Medical,1,1154.478,3,Female,103.373,2,1,Manufacturing Director,4,Single,6096.826,23619.098,2,Y,No,20.967,4,1,80,0,17.801,3,3,15.203,8.691,9.368,4.605
448,57.871,No,Travel_Frequently,815.598,Research & Development,8.084,2,Life Sciences,1,1550.327,2,Male,83.494,4,1,Research Scientist,2,Married,8252.075,8317.344,4,Y,No,15.89,3,2,80,1,11.089,3,1,-0.866,1.695,-3.546,-0.785
449,18.025,Yes,Travel_Frequently,1301.303,Human Resources,-7.455,5,Other,1,1205.89,1,Male,70.557,1,2,Manufacturing Director,3,Single,6019.164,4213.646,3,Y,Yes,28.126,4,1,80,0,11.849,2,3,7.507,2.79,0.59,2.387
450,38.107,Yes,Travel_Frequently,539.07,Sales,13.535,3,Human Resources,1,1926.339,3,Male,81.776,1,2,Manufacturing Director,1,Single,6644.179,17116.045,0,Y,Yes,12.949,3,2,80,3,9.993,2,3,11.578,9.189,4.866,7.914
451,39.329,No,Travel_Rarely,1099.44,Research & Development,14.494,2,Medical,1,-18.769,3,Female,60.189,3,3,Sales Executive,3,Married,9114.868,14579.674,5,Y,No,19.786,4,4,80,0,17.851,0,4,6.238,10.237,-1.02,8.368
452,28.513,Yes,Travel_Rarely,451.089,Research & Development,15.861,3,Human Resources,1,1097.023,4,Male,43.047,4,1,Human Resources,4,Single,4623.578,22125.812,0,Y,Yes,13.315,3,2,80,0,8.915,2,2,10.713,3.085,0.667,1.885
453,48.886,No,Travel_Rarely,1202.734,Research & Development,7.799,2,Other,1,695.897,2,Female,93.121,3,5,Sales Executive,4,Single,12477.704,21402.152,2,Y,Yes,17.633,3,1,80,1,15.675,5,1,5.912,-3.587,-5.455,1.838
454,49.527,No,Travel_Rarely,453.881,Human Resources,21.845,2,Life Sciences,1,1435.17,4,Female,59.201,2,1,Manufacturing Director,1,Single,8791.374,7351.812,2,Y,No,14.676,3,3,80,0,18.8,0,3,9.331,8.151,4.638,1.793
455,17.549,No,Travel_Frequently,590.612,Research & Development,7.593,3,Marketing,1,1226.763,4,Male,66.917,3,2,Manufacturing Director,3,Married,6437.589,27451.34,1,Y,No,11.758,3,1,80,0,8.386,6,3,13.703,11.222,6.228,7.025
456,37.344,No,Travel_Frequently,1322.979,Sales,4.21,2,Marketing,1,590.096,4,Female,21.99,3,2,Research Scientist,3,Married,-175.278,11390.368,1,Y,Yes,15.503,3,4,80,1,3.788,2,3,6.793,7.259,4.401,5.457
457,28.725,Yes,Travel_Rarely,1033.529,Research & Development,13.689,3,Medical,1,437.676,1,Female,60.634,2,4,Research Director,2,Single,7895.014,12253.176,8,Y,Yes,17.282,4,2,80,0,12.019,2,3,16.678,10.836,2.843,13.609
458,43.126,Yes,Non-Travel,652.996,Sales,-11.901,2,Marketing,1,648.461,3,Male,81.473,3,5,Manager,4,Single,11339.646,2368.827,4,Y,No,14.333,3,2,80,1,11.386,3,3,10.38,4.641,1.521,0.275
459,40.402,No,Travel_Rarely,682.113,Research & Development,14.609,1,Medical,1,1177.285,4,Female,62.83,3,1,Laboratory Technician,4,Married,6405.012,2874.802,2,Y,No,18.126,3,4,80,0,15.889,3,3,1.705,-0.718,2.115,1.152
460,25.249,No,Non-Travel,1577.263,Human Resources,2.544,1,Medical,1,728.941,4,Male,69.357,3,1,Laboratory Technician,1,Single,5816.136,3283.172,3,Y,No,18.325,4,4,80,1,10.204,6,1,7.128,0.444,-4.367,5.647
461,50.342,No,Non-Travel,124.405,Research & Development,-9.348,2,Life Sciences,1,1103.585,1,Male,135.041,2,4,Sales Executive,1,Single,11422.367,21274.145,6,Y,No,10.154,3,1,80,0,24.377,2,3,18.233,7.211,5.766,9.085
462,46.549,No,Travel_Frequently,1042.019,Research & Development,-5.826,2,Medical,1,545.134,4,Male,53.076,2,1,Research Director,4,Married,8953.063,15625.506,4,Y,Yes,18.734,3,1,80,2,12.196,6,3,7.932,1.832,1.035,3.451
463,18.928,No,Non-Travel,521.6,Sales,11.733,1,Life Sciences,1,1889.899,1,Female,58.164,4,1,Manager,4,Single,10284.111,22126.059,1,Y,No,17.675,3,3,80,2,-3.157,3,3,1.027,-0.797,-0.263,-4.966
464,54.338,Yes,Travel_Frequently,262.339,Research & Development,7.039,1,Medical,1,1565.486,1,Female,83.297,2,4,Healthcare Representative,3,Married,8912.489,12495.917,3,Y,No,12.709,3,2,80,0,22.693,3,1,17.524,3.095,3.189,9.199
465,25.344,Yes,Non-Travel,377.043,Research & Development,19.17,3,Life Sciences,1,602.022,3,Female,114.07,2,1,Research Scientist,3,Divorced,-2865.878,26742.18,0,Y,Yes,12.884,3,1,80,3,-2.481,3,2,10.386,7.605,5.993,8.15
466,39.571,No,Travel_Rarely,49.807,Sales,8.982,3,Marketing,1,461.978,1,Male,45.744,4,3,Research Scientist,1,Divorced,6050.324,11825.238,6,Y,No,11.24,3,4,80,1,14.915,2,4,1.445,3.982,1.281,-1.779
467,8.121,No,Travel_Rarely,1054.731,Research & Development,2.051,4,Technical Degree,1,1093.662,4,Female,45.883,2,1,Research Scientist,3,Married,-485.854,11516.182,1,Y,No,11.387,3,3,80,0,2.55,2,2,4.305,2.298,0.469,0.095
468,50.508,No,Travel_Frequently,657.025,Research & Development,12.006,3,Medical,1,1685.505,3,Female,71.203,2,1,Research Scientist,3,Married,4482.587,31249.168,3,Y,Yes,22.035,4,3,80,1,12.068,1,2,-3.632,-3.179,-3.894,-3.263
469,33.151,No,Travel_Rarely,192.377,Sales,4.403,3,Life Sciences,1,1009.921,2,Male,55.83,4,1,Research Scientist,1,Single,3350.005,16371.092,0,Y,No,12.78,3,4,80,0,3.741,2,3,5.634,5.13,1.706,2.288
470,27.866,No,Travel_Rarely,720.827,Sales,5.092,2,Life Sciences,1,1106.506,3,Female,101.557,2,2,Sales Executive,4,Single,5511.848,13400.453,1,Y,Yes,14.366,3,3,80,0,3.627,3,3,0.197,-0.149,-1.595,2.585
471,33.384,No,Travel_Rarely,789.934,Research & Development,1.366,4,Life Sciences,1,882.078,2,Female,102.7,3,2,Sales Executive,1,Married,12449.914,3748.204,4,Y,Yes,14.802,3,2,80,0,17.539,3,3,9.585,2.678,4.587,2.912
472,29.052,No,Travel_Rarely,609.009,Research & Development,-2.891,2,Marketing,1,246.275,2,Male,91.19,3,1,Research Scientist,3,Single,3056.156,6402.23,1,Y,No,10.827,3,3,80,2,6.069,4,3,7.062,3.587,2.468,6.618
473,44.065,Yes,Travel_Rarely,724.987,Human Resources,12.059,1,Technical Degree,1,719.589,2,Male,91.074,3,3,Research Director,3,Married,4702.098,14880.524,8,Y,No,14.619,3,3,80,1,15.823,3,3,20.764,2.755,3.526,-0.508
474,34.731,Yes,Non-Travel,1436.586,Sales,15.578,4,Other,1,2718.973,2,Female,87.062,1,4,Sales Executive,2,Single,546.025,8825.441,3,Y,No,8.013,3,4,80,3,12.56,5,1,5.719,0.503,2.147,3.039
475,55.107,No,Travel_Rarely,1223.678,Sales,-1.029,3,Life Sciences,1,927.622,2,Female,69.624,2,5,Manager,1,Single,8671.268,-125.219,2,Y,No,17.217,3,4,80,0,10.557,6,3,7.01,4.27,1.871,2.396
476,37.856,No,Travel_Rarely,41.362,Research & Development,10.116,4,Life Sciences,1,852.046,1,Male,96.217,4,1,Research Director,1,Single,7908.708,18378.031,1,Y,No,14.14,3,2,80,2,17.857,6,3,11.598,7.027,0.802,3.007
477,29.719,No,Non-Travel,-110.365,Research & Development,8.341,3,Medical,1,1221.695,4,Male,36.316,2,3,Research Scientist,4,Married,7455.971,24918.39,1,Y,No,22.277,4,1,80,0,5.02,6,3,-1.869,1.539,-0.515,1.906
478,28.851,No,Travel_Rarely,415.191,Sales,2.301,4,Marketing,1,703.401,4,Female,64.297,3,1,Sales Executive,3,Married,-625.312,16169.062,2,Y,No,11.84,3,1,80,1,7.254,2,3,12.754,8.087,7.0,8.795
479,22.152,No,Travel_Frequently,138.365,Sales,16.401,3,Life Sciences,1,1754.354,4,Male,19.666,4,2,Sales Executive,1,Single,4536.245,13110.295,1,Y,No,20.789,4,1,80,1,-0.67,4,3,5.204,1.769,2.312,5.411
480,32.126,No,Non-Travel,508.636,Research & Development,6.017,3,Medical,1,490.38,2,Female,99.627,3,1,Research Scientist,1,Married,237.33,8629.767,1,Y,No,14.765,3,3,80,1,9.233,4,2,19.491,11.839,6.996,9.268
481,30.966,No,Travel_Rarely,1430.336,Research & Development,9.672,3,Life Sciences,1,2196.496,4,Female,69.673,1,1,Sales Executive,4,Single,-250.732,13483.396,1,Y,Yes,21.917,3,2,80,1,8.595,2,3,0.652,1.278,-0.018,-2.02
482,40.388,Yes,Non-Travel,746.019,Human Resources,2.485,2,Medical,1,1984.892,2,Female,65.44,2,1,Research Scientist,3,Single,-1368.866,25730.156,0,Y,Yes,14.78,3,3,80,0,9.314,2,3,1.284,-0.327,2.749,2.615
483,59.677,No,Travel_Rarely,605.144,Sales,-1.418,3,Marketing,1,929.738,4,Male,84.431,3,2,Manufacturing Director,2,Married,12389.809,2791.387,3,Y,No,15.372,3,1,80,0,20.493,3,3,6.239,4.805,0.896,3.86
484,38.287,No,Non-Travel,851.235,Research & Development,8.088,2,Marketing,1,2511.21,2,Male,67.769,1,2,Sales Executive,4,Single,9646.527,22268.336,4,Y,Yes,15.266,4,3,80,1,13.151,0,3,9.592,6.519,7.311,12.998
485,47.356,No,Travel_Rarely,351.497,Research & Development,6.865,2,Medical,1,428.777,4,Female,45.091,3,2,Sales Executive,3,Married,12511.584,8317.869,4,Y,Yes,21.855,3,4,80,1,25.217,3,3,15.697,7.052,7.922,7.68
486,42.514,No,Travel_Rarely,748.055,Research & Development,7.116,3,Medical,1,1570.119,4,Female,93.424,3,1,Research Scientist,2,Married,8046.602,16859.234,4,Y,No,12.685,3,2,80,1,20.286,6,3,8.538,5.721,0.592,4.677
487,14.305,No,Travel_Rarely,368.12,Sales,-0.129,3,Medical,1,1070.179,4,Female,67.264,3,1,Sales Executive,1,Married,-6685.43,11458.01,1,Y,No,15.464,4,4,80,1,-1.773,3,4,18.184,11.848,6.962,8.87
488,23.215,No,Travel_Frequently,877.99,Sales,-1.058,3,Medical,1,409.642,1,Male,47.658,3,2,Sales Executive,2,Married,2867.983,1839.664,0,Y,No,16.67,4,4,80,1,3.166,4,3,6.368,6.571,3.635,5.27
489,47.231,No,Travel_Rarely,696.514,Research & Development,6.346,2,Life Sciences,1,2191.456,4,Male,58.726,2,1,Research Director,1,Married,6313.985,18816.76,3,Y,Yes,15.081,3,3,80,2,14.982,2,3,10.852,5.949,2.386,3.064
490,18.156,No,Travel_Rarely,1434.318,Research & Development,-4.341,1,Life Sciences,1,1511.824,4,Female,35.406,1,1,Research Scientist,2,Single,365.989,10374.959,2,Y,No,15.965,3,2,80,1,2.067,2,1,3.276,1.888,1.859,3.321
491,30.373,No,Non-Travel,1465.052,Sales,-2.255,3,Life Sciences,1,420.321,4,Female,52.832,3,4,Research Scientist,4,Married,3884.261,22394.559,2,Y,No,16.686,4,4,80,1,4.528,4,3,3.15,8.384,3.42,5.09
492,16.298,No,Travel_Rarely,669.499,Research & Development,-1.973,3,Life Sciences,1,1183.11,3,Male,66.469,4,2,Sales Executive,1,Single,1860.269,7901.993,1,Y,No,9.828,3,4,80,0,-2.376,3,3,5.466,3.928,0.375,4.756
493,45.26,No,Travel_Rarely,941.262,Research & Development,8.113,3,Other,1,1190.229,2,Male,76.307,4,2,Manufacturing Director,4,Married,18018.215,23992.008,1,Y,No,14.761,3,4,80,3,25.863,2,2,21.786,11.971,6.331,9.658
494,36.032,No,Travel_Rarely,332.861,Research & Development,-12.966,2,Human Resources,1,1559.963,1,Female,43.355,4,1,Laboratory Technician,4,Married,1303.404,1232.484,3,Y,No,9.262,3,1,80,1,6.996,4,2,8.199,5.327,2.116,5.918
495,22.575,No,Travel_Rarely,1253.17,Research & Development,8.125,2,Marketing,1,-131.317,3,Male,82.691,3,5,Sales Executive,3,Married,3525.514,4201.104,1,Y,No,17.008,3,3,80,2,-0.012,6,2,1.642,0.065,2.136,0.032
496,46.663,No,Travel_Rarely,1214.427,Research & Development,11.862,3,Medical,1,1473.75,2,Male,98.616,2,5,Manufacturing Director,4,Married,12783.187,2778.648,4,Y,Yes,19.928,3,4,80,0,25.55,2,3,15.683,11.683,10.174,13.236
497,44.312,Yes,Non-Travel,1346.003,Human Resources,5.128,1,Marketing,1,237.028,1,Male,58.005,1,3,Sales Executive,2,Divorced,2034.951,18062.83,2,Y,No,20.628,4,1,80,2,26.277,1,4,16.741,3.864,5.864,6.191
498,47.989,No,Travel_Rarely,882.08,Research & Development,9.88,4,Life Sciences,1,1916.079,1,Female,55.237,3,2,Healthcare Representative,1,Married,14089.924,16634.686,1,Y,No,14.119,3,4,80,1,22.672,3,3,15.513,5.347,2.716,10.684
499,38.656,No,Travel_Rarely,461.731,Sales,7.628,3,Marketing,1,1592.893,4,Female,59.413,3,2,Sales Representative,3,Single,6359.706,8866.637,5,Y,Yes,16.365,3,1,80,0,16.098,3,3,13.452,7.79,0.346,5.744
500,32.099,No,Non-Travel,1759.868,Research & Development,-2.39,4,Life Sciences,1,25.135,4,Male,69.52,2,5,Manager,3,Divorced,11982.634,12176.999,3,Y,No,20.769,3,4,80,0,13.808,0,4,13.843,8.684,1.076,3.798
501,32.333,No,Travel_Rarely,371.003,Research & Development,18.945,4,Medical,1,1153.669,1,Male,23.647,3,1,Research Director,1,Single,9141.072,14349.757,0,Y,Yes,19.119,3,1,80,0,21.648,0,3,18.594,9.115,9.103,10.075
502,39.044,Yes,Travel_Frequently,563.233,Human Resources,4.029,1,Human Resources,1,456.91,4,Male,92.699,3,2,Sales Executive,4,Married,4715.515,10474.458,1,Y,No,9.995,3,3,80,0,20.12,1,3,13.569,9.339,2.071,10.399
503,27.851,No,Travel_Frequently,1812.235,Research & Development,19.287,4,Life Sciences,1,900.219,2,Male,20.31,2,1,Laboratory Technician,3,Divorced,-4498.372,9865.938,4,Y,Yes,7.966,3,2,80,3,0.734,0,2,5.561,-9.434,0.979,1.305
504,31.404,Yes,Travel_Rarely,-539.47,Research & Development,-1.77,3,Technical Degree,1,1077.686,1,Female,39.892,2,5,Sales Representative,2,Married,12622.566,30132.188,7,Y,Yes,17.879,3,2,80,3,20.443,3,4,8.018,8.654,7.192,7.718
505,22.46,No,Travel_Rarely,1386.767,Research & Development,11.249,5,Life Sciences,1,2474.578,2,Female,55.667,2,4,Research Scientist,4,Divorced,892.427,25955.494,1,Y,Yes,7.671,3,2,80,0,10.243,0,3,2.649,-0.32,-1.151,-0.757
506,33.925,No,Travel_Rarely,913.546,Research & Development,19.242,3,Life Sciences,1,1026.489,4,Male,89.002,3,4,Manager,1,Single,5241.96,6443.892,1,Y,No,16.245,3,4,80,0,14.753,3,3,10.639,6.198,3.211,4.411
507,45.931,No,Non-Travel,154.65,Human Resources,2.742,3,Life Sciences,1,1544.16,4,Female,91.962,3,2,Human Resources,3,Married,7853.766,8965.188,3,Y,Yes,9.147,3,4,80,2,12.233,5,1,10.863,9.495,5.295,10.555
508,44.975,No,Travel_Rarely,299.432,Research & Development,19.014,5,Medical,1,567.188,4,Female,50.588,3,2,Human Resources,3,Single,11920.548,26088.457,1,Y,No,13.809,3,2,80,0,24.872,0,3,9.166,6.073,1.574,5.872
509,47.136,Yes,Travel_Rarely,673.615,Sales,12.385,5,Medical,1,691.033,3,Male,156.089,3,3,Sales Representative,3,Divorced,8272.156,25424.275,4,Y,Yes,26.702,3,1,80,0,11.304,3,2,17.7,11.154,6.819,6.44
510,27.186,No,Travel_Rarely,756.982,Research & Development,-4.141,3,Life Sciences,1,269.685,1,Female,62.044,2,1,Research Director,4,Single,7766.744,25581.277,2,Y,No,14.947,3,1,80,0,18.75,1,2,4.875,1.977,2.748,4.169
511,31.187,No,Travel_Rarely,983.099,Research & Development,-0.665,4,Medical,1,420.937,3,Male,56.882,3,5,Healthcare Representative,1,Married,7277.228,623.951,1,Y,Yes,18.0,3,2,80,0,20.697,3,3,10.466,3.381,3.527,6.555
512,55.824,Yes,Travel_Frequently,916.531,Research & Development,27.967,3,Marketing,1,2770.23,2,Male,73.734,3,2,Laboratory Technician,4,Single,235.761,-1849.874,8,Y,No,11.854,3,3,80,0,10.177,3,2,7.145,10.333,5.835,8.527
513,30.512,No,Travel_Rarely,836.034,Sales,2.364,3,Medical,1,679.792,4,Male,58.277,3,3,Sales Executive,4,Divorced,5645.998,15725.618,1,Y,No,10.829,3,3,80,2,9.561,2,3,7.55,6.157,2.365,3.329
514,30.947,No,Non-Travel,717.314,Sales,2.225,4,Marketing,1,1159.002,4,Female,41.869,2,1,Laboratory Technician,3,Divorced,-2823.762,-668.619,3,Y,No,14.976,4,3,80,1,2.497,3,3,1.227,3.394,0.5,0.395
515,37.822,No,Travel_Frequently,791.685,Sales,1.215,1,Medical,1,1174.365,2,Female,92.053,3,4,Research Scientist,4,Married,10372.802,12807.345,4,Y,No,18.188,3,1,80,3,17.163,3,2,10.471,4.658,2.062,2.563
516,26.463,Yes,Travel_Rarely,333.848,Sales,17.422,3,Marketing,1,1861.496,1,Male,54.314,4,4,Sales Representative,2,Divorced,9804.338,18197.258,1,Y,No,17.414,3,3,80,1,9.628,0,4,12.037,4.037,2.636,5.881
517,26.444,No,Travel_Rarely,908.292,Sales,10.446,4,Life Sciences,1,1773.86,3,Female,100.2,3,2,Manager,4,Married,10858.117,9967.33,3,Y,No,27.653,4,2,80,0,13.794,3,3,4.321,5.037,-1.553,3.37
518,26.416,No,Travel_Rarely,608.606,Sales,11.996,2,Marketing,1,1452.473,4,Male,82.251,2,5,Sales Executive,2,Married,10261.033,18763.049,1,Y,No,18.956,4,2,80,0,12.57,2,3,7.777,6.642,-0.983,2.2
519,46.865,No,Travel_Rarely,802.672,Sales,-1.719,1,Marketing,1,1305.4,4,Female,75.349,2,1,Sales Executive,3,Divorced,3670.128,16258.549,7,Y,No,17.247,3,4,80,0,13.991,3,4,11.648,3.191,1.672,6.09
520,19.352,Yes,Travel_Rarely,-123.535,Sales,-2.166,3,Life Sciences,1,1630.546,4,Male,42.039,2,2,Sales Executive,2,Married,12159.516,15646.999,3,Y,No,16.401,3,3,80,0,11.404,6,3,11.885,5.341,4.789,7.572
521,42.562,No,Travel_Frequently,736.877,Research & Development,-3.376,2,Medical,1,463.137,2,Male,63.716,4,2,Research Scientist,4,Married,12103.365,13825.56,9,Y,Yes,15.066,3,2,80,1,19.962,3,3,8.718,7.162,0.751,3.879
522,21.789,No,Non-Travel,853.853,Human Resources,5.568,2,Technical Degree,1,1676.429,4,Female,92.777,4,2,Research Scientist,2,Married,-5205.96,10904.191,1,Y,No,19.022,4,3,80,1,1.164,3,3,-1.818,-0.953,-1.831,-1.595
523,29.57,Yes,Travel_Frequently,114.427,Research & Development,14.942,3,Life Sciences,1,855.694,4,Female,73.329,3,1,Research Scientist,4,Single,-286.763,15413.449,3,Y,Yes,15.919,3,3,80,2,-1.305,3,3,-1.669,-1.044,1.065,-2.005
524,22.704,No,Travel_Frequently,640.48,Sales,12.3,1,Life Sciences,1,1580.314,4,Male,43.144,3,2,Research Director,4,Single,2157.874,19072.86,1,Y,No,15.623,3,1,80,1,-0.272,2,3,7.555,4.835,0.147,6.753
525,30.534,Yes,Travel_Rarely,849.167,Sales,13.879,2,Medical,1,1122.763,4,Male,52.826,3,2,Research Scientist,3,Married,2679.977,11100.467,0,Y,Yes,14.122,3,4,80,0,2.941,3,3,8.714,4.779,0.11,6.829
526,45.99,No,Travel_Frequently,302.042,Sales,4.098,4,Life Sciences,1,2232.504,4,Male,75.9,2,2,Research Director,4,Married,11960.965,14694.684,1,Y,Yes,11.611,3,3,80,3,16.208,5,3,0.228,0.76,-2.364,0.88
527,32.324,No,Travel_Rarely,-24.881,Sales,14.203,1,Medical,1,132.509,3,Male,48.412,2,2,Sales Executive,4,Single,3108.408,13992.59,1,Y,No,16.332,3,2,80,2,5.521,0,3,12.291,9.358,5.201,8.013
528,17.128,No,Travel_Frequently,351.73,Human Resources,14.45,1,Life Sciences,1,1509.714,3,Female,70.079,3,2,Manufacturing Director,2,Married,2100.453,22924.45,7,Y,Yes,14.467,4,4,80,0,14.4,4,3,13.657,10.043,5.677,5.723
529,39.48,No,Non-Travel,1789.681,Sales,6.504,2,Other,1,828.067,4,Male,50.962,2,5,Sales Executive,4,Married,11740.111,4298.754,8,Y,No,21.323,3,3,80,1,18.776,2,2,17.902,9.625,6.068,4.522
530,59.491,No,Travel_Rarely,821.707,Human Resources,1.775,2,Life Sciences,1,-305.583,3,Male,51.677,3,4,Research Director,3,Divorced,14188.576,863.481,7,Y,No,9.825,3,2,80,1,30.036,3,4,22.388,5.66,7.932,10.917
531,51.429,No,Travel_Rarely,1140.263,Sales,27.752,3,Marketing,1,100.354,1,Female,56.2,3,2,Sales Executive,4,Single,10625.695,16390.191,4,Y,Yes,22.971,4,1,80,0,14.953,2,3,7.473,9.619,2.977,5.857
532,41.344,No,Travel_Rarely,-493.117,Research & Development,11.045,3,Life Sciences,1,1856.343,2,Male,38.184,3,2,Sales Executive,4,Divorced,8824.596,6081.76,9,Y,Yes,16.253,3,1,80,1,13.041,3,3,15.498,6.344,1.762,11.891
533,29.925,No,Travel_Rarely,614.527,Sales,-1.325,4,Medical,1,1502.554,1,Female,67.156,3,1,Sales Representative,3,Married,39.186,8656.578,1,Y,No,16.082,3,2,80,1,2.487,3,3,10.04,8.649,1.828,5.025
534,22.22,No,Travel_Rarely,671.931,Human Resources,-7.521,5,Other,1,2682.248,4,Male,96.512,4,5,Research Director,2,Divorced,11493.789,10409.728,1,Y,Yes,8.962,3,4,80,0,5.282,1,2,9.918,-1.709,4.724,11.391
535,20.567,No,Travel_Rarely,838.627,Research & Development,4.502,3,Technical Degree,1,1176.737,4,Female,62.43,3,1,Research Scientist,1,Married,-6030.307,6332.882,5,Y,Yes,11.065,3,3,80,0,6.795,3,3,-0.227,0.28,-2.205,0.343
536,31.821,Yes,Travel_Rarely,1396.963,Human Resources,3.199,3,Life Sciences,1,1666.728,4,Female,5.64,2,2,Healthcare Representative,1,Single,7382.112,19409.707,2,Y,Yes,12.123,3,3,80,3,8.042,0,3,0.439,4.402,2.352,5.755
537,32.465,No,Travel_Rarely,736.726,Sales,11.892,2,Medical,1,1258.972,4,Male,34.841,4,1,Research Scientist,3,Married,9256.922,4534.707,1,Y,No,17.765,3,4,80,1,10.872,2,4,12.704,6.48,2.263,6.145
538,16.193,No,Travel_Rarely,1026.925,Human Resources,9.395,3,Life Sciences,1,1285.842,4,Female,51.744,4,1,Sales Representative,2,Single,-77.659,26263.547,1,Y,No,13.536,3,4,80,3,5.478,2,3,3.786,2.423,5.121,3.833
539,14.31,No,Travel_Rarely,899.662,Research & Development,-5.957,3,Medical,1,1947.279,2,Female,32.56,2,1,Laboratory Technician,3,Divorced,757.725,12930.109,2,Y,No,9.63,3,2,80,0,7.474,3,2,5.807,1.662,0.64,-0.789
540,24.559,Yes,Travel_Rarely,764.027,Sales,-1.538,4,Marketing,1,269.597,1,Male,57.311,2,2,Sales Executive,3,Married,-1568.725,7549.787,1,Y,No,21.786,4,4,80,0,-6.037,2,2,2.092,1.552,-3.323,1.903
541,18.466,Yes,Travel_Rarely,802.684,Sales,8.091,2,Marketing,1,693.027,2,Male,77.236,2,2,Manufacturing Director,3,Married,5256.108,25331.727,0,Y,No,21.202,4,3,80,3,-5.309,3,1,7.147,4.193,2.281,3.334
542,36.731,No,Travel_Rarely,675.908,Research & Development,6.405,2,Life Sciences,1,1481.844,3,Female,61.47,3,4,Sales Executive,1,Married,10022.343,-2817.919,6,Y,No,18.684,3,3,80,1,16.562,3,3,9.245,7.123,4.39,5.728
543,37.376,Yes,Travel_Rarely,617.444,Sales,21.388,4,Marketing,1,914.268,2,Male,75.419,3,1,Human Resources,3,Married,-1234.765,16824.658,7,Y,No,17.052,3,4,80,1,1.832,4,3,8.904,4.857,6.494,6.809
544,27.139,No,Travel_Rarely,755.178,Research & Development,7.116,1,Life Sciences,1,1058.316,1,Male,41.684,3,1,Research Scientist,3,Married,4585.776,18266.158,3,Y,No,14.804,3,3,80,1,9.862,2,3,-1.483,2.736,0.674,0.517
545,20.694,No,Non-Travel,891.172,Research & Development,12.168,3,Medical,1,2618.533,4,Male,87.304,3,2,Healthcare Representative,3,Single,-4048.556,29404.727,3,Y,No,6.764,3,3,80,0,1.982,3,3,2.124,3.963,1.111,0.218
546,29.808,No,Travel_Rarely,958.684,Human Resources,7.24,4,Life Sciences,1,1431.206,3,Female,54.956,3,4,Sales Executive,4,Married,4828.236,10111.137,9,Y,Yes,17.126,4,3,80,1,6.235,3,3,9.393,7.303,5.859,7.589
547,30.632,No,Travel_Rarely,1436.517,Research & Development,-2.182,5,Medical,1,1074.923,4,Female,80.375,3,2,Research Scientist,2,Married,3691.323,17838.63,4,Y,Yes,15.257,3,4,80,0,2.933,3,3,4.917,3.553,0.705,1.037
548,47.3,No,Travel_Rarely,-274.85,Research & Development,3.317,2,Medical,1,2341.64,2,Female,147.858,1,5,Laboratory Technician,2,Divorced,12986.699,16752.996,2,Y,No,20.556,4,4,80,2,24.757,2,1,6.548,6.02,0.282,5.647
549,44.952,No,Travel_Rarely,1580.724,Sales,5.939,4,Marketing,1,422.34,4,Male,89.331,3,4,Research Director,2,Married,9740.291,25139.004,5,Y,No,18.13,3,4,80,2,18.797,6,2,17.283,7.293,9.716,6.159
550,43.67,No,Travel_Rarely,-175.583,Research & Development,0.09,3,Marketing,1,599.937,4,Female,69.89,3,3,Research Scientist,4,Married,6558.917,2099.94,1,Y,No,22.077,4,4,80,1,17.86,5,3,14.175,8.86,0.782,5.661
551,47.1,No,Travel_Rarely,1106.831,Research & Development,-12.236,3,Medical,1,1704.538,3,Male,37.345,3,1,Laboratory Technician,1,Single,5844.855,8631.223,7,Y,No,8.906,3,4,80,0,17.818,2,1,9.037,4.653,10.026,4.758
552,38.713,No,Travel_Rarely,319.907,Sales,0.34,2,Medical,1,594.848,4,Male,15.972,4,5,Sales Executive,4,Single,8802.961,5674.928,3,Y,No,18.723,3,2,80,1,12.146,2,3,7.848,0.909,3.349,3.695
553,47.517,No,Travel_Rarely,644.694,Human Resources,20.901,2,Life Sciences,1,1298.057,2,Male,51.346,4,1,Sales Representative,3,Single,9392.591,9291.863,0,Y,Yes,16.98,3,2,80,0,10.501,4,4,4.979,8.671,-1.836,3.351
554,43.261,No,Travel_Frequently,943.986,Research & Development,-0.143,3,Human Resources,1,639.228,3,Female,82.389,3,1,Research Scientist,1,Married,376.595,9261.594,4,Y,No,11.37,3,3,80,1,6.562,2,2,-1.447,0.688,-3.009,-0.744
555,43.555,No,Non-Travel,586.5,Research & Development,17.332,3,Life Sciences,1,826.698,1,Male,73.207,2,5,Manager,1,Divorced,12847.0,26714.645,0,Y,No,8.118,3,4,80,0,23.776,1,1,-7.321,1.062,-1.351,-1.021
556,8.653,Yes,Travel_Rarely,1916.614,Sales,3.982,3,Other,1,-524.846,2,Female,21.886,2,2,Sales Executive,3,Single,7972.207,30807.48,0,Y,Yes,16.444,3,2,80,0,14.936,5,1,8.21,5.138,-1.319,1.81
557,37.665,No,Non-Travel,121.105,Sales,11.16,4,Life Sciences,1,1362.658,1,Female,75.957,1,1,Sales Representative,4,Married,3599.961,22708.805,5,Y,No,16.178,3,1,80,0,8.829,6,3,-0.614,3.701,2.518,6.598
558,21.841,Yes,Non-Travel,-350.156,Research & Development,21.248,4,Marketing,1,-389.92,2,Male,19.214,2,5,Manager,2,Married,8302.167,23448.865,9,Y,Yes,25.18,3,1,80,3,11.8,4,3,13.14,7.032,6.616,-2.42
559,18.0,No,Travel_Rarely,491.779,Sales,2.64,3,Marketing,1,1158.955,3,Male,64.991,3,1,Manufacturing Director,4,Married,-2695.969,21170.04,1,Y,No,15.965,3,3,80,0,-8.259,2,3,0.945,0.638,1.183,1.982
560,62.526,No,Travel_Frequently,823.182,Research & Development,15.485,4,Other,1,1359.445,4,Female,19.797,2,4,Sales Executive,3,Divorced,11713.104,12067.343,2,Y,Yes,15.327,4,3,80,2,35.563,4,3,14.609,9.622,-4.695,8.6
561,58.707,No,Travel_Rarely,675.49,Research & Development,8.713,2,Life Sciences,1,403.035,1,Male,37.867,2,3,Research Scientist,1,Married,8908.452,17685.018,2,Y,No,14.596,3,1,80,2,35.284,0,1,4.185,0.267,4.952,3.301
562,39.645,No,Travel_Frequently,908.887,Sales,1.457,3,Medical,1,2256.21,4,Male,79.58,3,2,Sales Executive,3,Divorced,16637.92,16850.223,1,Y,Yes,9.693,3,4,80,0,26.201,6,2,17.683,12.53,4.825,13.108
563,18.052,No,Non-Travel,489.011,Sales,-0.13,1,Life Sciences,1,855.371,1,Male,55.822,1,3,Human Resources,4,Divorced,1362.543,18603.137,1,Y,No,18.54,4,4,80,2,3.513,3,3,15.883,12.149,2.987,10.364
564,24.87,No,Non-Travel,1718.832,Research & Development,-1.679,4,Marketing,1,1047.83,1,Female,56.657,3,2,Manager,4,Divorced,-1118.89,2882.047,1,Y,No,16.229,4,2,80,0,11.073,5,4,8.095,3.758,-0.462,2.536
565,21.403,No,Travel_Rarely,1405.517,Research & Development,15.612,4,Human Resources,1,554.433,4,Female,76.868,3,2,Human Resources,2,Single,1640.048,14290.42,6,Y,Yes,6.783,3,3,80,0,-2.001,2,2,10.741,2.023,8.208,4.927
566,44.558,No,Travel_Rarely,-396.558,Research & Development,-7.668,1,Marketing,1,2185.836,4,Female,32.984,1,2,Sales Executive,1,Divorced,2437.432,19589.062,7,Y,Yes,13.056,3,1,80,1,8.235,3,4,10.057,10.471,0.37,9.13
567,35.576,No,Travel_Rarely,186.207,Sales,11.078,4,Marketing,1,1727.34,2,Female,65.72,3,2,Sales Executive,3,Divorced,2487.3,13278.405,1,Y,Yes,18.314,4,4,80,1,2.876,2,4,6.674,5.828,1.251,4.857
568,44.589,No,Travel_Rarely,1352.535,Sales,11.025,3,Medical,1,1020.665,1,Female,90.088,2,5,Sales Executive,3,Married,4299.589,18232.844,3,Y,Yes,19.11,3,4,80,1,12.192,6,3,6.484,4.239,5.745,1.558
569,31.526,No,Travel_Rarely,633.194,Research & Development,6.42,3,Life Sciences,1,728.109,3,Male,75.382,3,1,Research Scientist,3,Single,4702.206,17341.287,1,Y,No,17.392,3,1,80,0,5.684,3,2,7.98,4.59,2.914,4.456
570,36.555,No,Travel_Frequently,783.747,Research & Development,13.095,1,Medical,1,939.273,4,Male,81.939,2,2,Manufacturing Director,1,Married,3712.807,30273.912,0,Y,No,17.913,4,4,80,1,0.732,2,4,4.392,0.023,-2.88,1.884
571,40.926,Yes,Travel_Frequently,1374.44,Sales,5.705,3,Life Sciences,1,548.679,3,Female,136.93,3,1,Laboratory Technician,3,Single,7489.94,15652.08,1,Y,Yes,20.721,4,1,80,0,11.985,1,4,7.723,4.593,1.243,1.565
572,22.217,Yes,Travel_Rarely,-87.511,Sales,9.862,2,Life Sciences,1,1378.219,1,Female,46.357,2,2,Laboratory Technician,1,Single,5579.425,17808.309,0,Y,Yes,21.697,4,1,80,0,13.943,1,3,9.619,11.499,-1.812,2.753
573,42.069,No,Travel_Rarely,569.873,Human Resources,1.746,4,Marketing,1,878.574,4,Male,50.403,4,3,Manufacturing Director,3,Married,4693.722,1683.686,7,Y,No,22.048,4,4,80,0,13.274,3,3,2.885,-0.19,1.763,3.073
574,43.372,No,Travel_Frequently,710.847,Sales,12.717,1,Medical,1,146.522,2,Male,74.761,3,3,Healthcare Representative,4,Divorced,4633.351,15036.959,1,Y,No,19.208,4,4,80,0,17.079,4,3,15.526,8.691,8.075,12.297
575,36.737,No,Travel_Rarely,246.513,Research & Development,5.605,5,Medical,1,1001.064,1,Male,58.507,1,1,Research Scientist,3,Married,9206.958,9563.257,1,Y,No,16.399,4,4,80,1,20.845,3,2,20.973,10.408,9.77,11.772
576,40.414,Yes,Travel_Rarely,281.808,Sales,26.529,3,Marketing,1,1631.88,3,Female,60.848,2,3,Laboratory Technician,4,Divorced,7358.332,21527.54,3,Y,Yes,19.607,3,2,80,2,20.486,2,3,5.789,6.876,12.356,0.884
577,28.422,No,Travel_Frequently,1023.749,Sales,6.713,3,Marketing,1,1385.189,1,Female,56.8,3,4,Sales Representative,4,Single,3751.832,13105.45,1,Y,Yes,11.194,3,2,80,0,12.03,3,4,1.256,-3.373,-0.606,-2.625
578,34.131,Yes,Travel_Rarely,730.488,Sales,6.436,1,Technical Degree,1,1514.458,1,Male,57.17,4,5,Healthcare Representative,4,Single,-1197.909,27178.512,1,Y,Yes,17.829,3,4,80,0,8.205,3,2,-1.444,1.7,-2.545,-0.399
579,21.109,No,Non-Travel,498.963,Sales,20.267,4,Other,1,2282.592,4,Female,63.877,3,2,Sales Executive,1,Divorced,2758.984,23823.836,0,Y,No,13.477,3,1,80,1,-8.327,3,4,14.967,10.626,6.633,7.65
580,14.192,Yes,Travel_Rarely,878.846,Sales,-21.298,3,Technical Degree,1,1474.223,3,Female,90.467,2,1,Research Director,1,Married,4863.615,17430.627,1,Y,No,10.928,3,3,80,0,6.346,5,3,10.873,2.924,2.783,3.705
581,37.317,No,Travel_Frequently,884.136,Sales,8.949,1,Medical,1,977.78,2,Male,82.555,3,1,Sales Representative,3,Single,9606.638,11917.836,1,Y,No,13.757,3,1,80,0,13.357,2,3,17.271,10.404,4.326,9.481
582,38.594,Yes,Non-Travel,608.548,Sales,8.323,1,Life Sciences,1,128.636,3,Male,68.008,3,2,Sales Executive,2,Single,-828.866,18621.42,1,Y,No,20.151,3,1,80,0,13.974,3,3,1.829,0.226,3.537,2.012
583,24.924,No,Travel_Rarely,928.552,Sales,23.241,2,Marketing,1,844.313,3,Male,48.234,2,2,Sales Executive,4,Divorced,3454.136,19655.672,0,Y,No,20.637,3,4,80,2,11.357,2,2,5.022,5.418,2.612,7.915
584,43.523,No,Non-Travel,829.381,Sales,21.123,2,Life Sciences,1,1420.322,1,Male,68.484,4,1,Research Director,2,Single,3119.896,13151.988,4,Y,No,23.318,4,4,80,0,-0.192,6,2,-7.836,-2.535,-5.675,-1.418
585,32.822,No,Travel_Rarely,334.974,Research & Development,22.367,3,Life Sciences,1,1378.782,4,Male,62.391,3,2,Sales Executive,4,Married,1131.681,11258.628,1,Y,Yes,13.699,3,4,80,0,5.927,3,3,7.739,8.433,1.596,6.39
586,52.467,No,Travel_Rarely,501.506,Research & Development,10.895,3,Marketing,1,1273.924,3,Female,55.106,2,2,Manufacturing Director,2,Married,10378.366,26012.41,2,Y,No,15.818,3,2,80,0,24.446,3,4,9.454,6.745,3.51,7.055
587,38.906,No,Travel_Rarely,926.151,Sales,0.791,3,Marketing,1,2578.284,3,Male,90.9,3,1,Sales Executive,3,Single,862.061,1617.095,0,Y,No,19.368,4,3,80,0,0.986,3,2,-3.292,-3.956,-3.68,-4.418
588,43.585,No,Travel_Rarely,-300.152,Sales,25.312,4,Marketing,1,1331.829,4,Female,62.125,3,2,Manager,2,Single,9652.283,19376.078,3,Y,No,18.592,3,3,80,0,14.701,4,4,10.883,10.392,2.168,3.193
589,47.066,No,Travel_Rarely,103.17,Sales,7.86,4,Marketing,1,473.135,3,Female,70.015,3,2,Sales Executive,3,Single,883.222,7452.76,1,Y,No,14.139,3,4,80,0,10.074,4,3,10.127,5.717,0.46,5.615
590,40.984,Yes,Travel_Rarely,822.572,Research & Development,-1.287,3,Human Resources,1,3218.72,1,Female,104.695,2,1,Research Director,1,Married,13955.342,22870.879,3,Y,Yes,21.275,4,2,80,1,24.404,5,1,14.038,7.788,3.967,5.394
591,42.256,No,Travel_Rarely,-43.143,Sales,-8.962,3,Medical,1,1603.891,2,Female,66.324,1,3,Sales Executive,3,Married,9065.096,22133.477,9,Y,No,10.529,3,3,80,1,19.884,2,4,20.782,9.1,4.472,14.267
592,20.695,No,Travel_Rarely,976.93,Sales,6.639,3,Medical,1,726.996,1,Female,89.792,2,2,Laboratory Technician,3,Divorced,-1013.486,6682.083,4,Y,No,7.531,3,4,80,0,0.785,5,3,-3.76,0.344,-5.318,-0.372
593,41.709,No,Travel_Rarely,1101.159,Research & Development,1.389,3,Life Sciences,1,417.108,2,Female,94.703,3,4,Research Scientist,3,Married,6632.351,13423.593,2,Y,No,11.218,3,2,80,1,25.072,2,3,13.013,9.864,5.327,8.673
594,26.441,Yes,Travel_Rarely,80.566,Sales,-4.497,2,Marketing,1,1406.967,4,Male,39.4,2,1,Manager,1,Married,3955.507,7404.788,9,Y,No,14.483,3,3,80,1,3.516,3,3,-5.119,-0.563,-1.694,-3.352
595,31.029,No,Travel_Rarely,505.58,Research & Development,8.688,4,Medical,1,427.203,3,Male,68.802,3,1,Manager,4,Single,11031.961,6860.344,1,Y,No,20.103,3,1,80,1,12.529,2,3,12.027,8.516,4.022,6.211
596,44.707,Yes,Travel_Frequently,1250.841,Sales,-6.254,1,Technical Degree,1,2022.765,4,Female,105.59,3,4,Sales Executive,3,Single,10741.577,3494.59,2,Y,Yes,5.134,3,1,80,2,15.977,3,4,2.499,-0.505,-1.558,-2.005
597,30.521,No,Travel_Frequently,-443.875,Research & Development,0.332,1,Medical,1,1223.855,3,Male,66.719,2,1,Sales Representative,1,Divorced,-140.326,2210.915,6,Y,No,19.318,3,1,80,1,5.694,3,4,3.738,1.172,1.596,4.811
598,42.23,No,Travel_Rarely,1316.442,Human Resources,18.542,3,Medical,1,551.393,1,Male,44.126,3,5,Sales Executive,3,Divorced,14433.1,15642.908,8,Y,No,19.851,4,2,80,1,22.717,3,3,14.498,7.889,3.855,10.253
599,42.613,Yes,Travel_Frequently,894.782,Research & Development,22.338,3,Life Sciences,1,1777.326,3,Female,52.793,2,3,Research Director,4,Single,2291.183,24564.738,2,Y,Yes,14.84,3,3,80,1,15.497,2,4,-1.185,-1.571,-6.691,-1.23
600,37.305,No,Travel_Frequently,558.786,Research & Development,2.124,4,Medical,1,2090.66,4,Male,77.835,3,1,Laboratory Technician,3,Married,5726.99,11176.764,1,Y,No,14.533,3,3,80,1,12.78,4,1,5.456,7.647,-1.866,3.808
601,45.932,No,Travel_Rarely,88.196,Research & Development,5.431,2,Life Sciences,1,1183.883,4,Male,104.739,2,4,Research Scientist,1,Divorced,11555.83,13063.582,0,Y,Yes,17.242,4,2,80,0,27.029,2,2,14.565,6.065,6.495,4.084
602,34.601,No,Travel_Frequently,964.313,Research & Development,15.285,3,Life Sciences,1,1374.568,3,Male,69.061,2,1,Research Scientist,3,Married,4361.44,5806.06,1,Y,No,19.33,3,3,80,1,11.966,3,3,5.993,4.341,2.243,3.094
603,46.649,No,Travel_Rarely,684.728,Research & Development,11.758,2,Other,1,2334.004,3,Female,57.463,3,1,Sales Executive,1,Divorced,2697.928,17894.578,4,Y,Yes,15.439,3,4,80,0,7.49,3,2,0.234,-1.147,-1.618,-2.013
604,41.507,No,Non-Travel,1036.705,Research & Development,4.518,5,Medical,1,1106.394,1,Female,103.721,3,4,Sales Executive,4,Divorced,13020.764,3056.881,4,Y,No,15.513,3,2,80,0,17.314,3,1,4.779,3.408,0.13,6.485
605,57.247,Yes,Travel_Rarely,-79.583,Research & Development,-1.635,4,Human Resources,1,871.236,2,Male,41.092,2,1,Human Resources,3,Married,10108.527,7612.492,2,Y,Yes,18.387,4,3,80,0,22.086,2,3,1.756,7.4,2.043,-0.665
606,35.614,Yes,Travel_Rarely,225.155,Research & Development,8.705,4,Medical,1,2238.144,1,Female,52.01,2,4,Laboratory Technician,3,Single,6477.159,7280.586,7,Y,Yes,17.089,3,3,80,0,11.004,1,3,-1.288,0.699,2.636,-3.474
607,57.154,No,Travel_Frequently,616.057,Human Resources,-2.384,2,Other,1,1793.54,3,Female,117.787,1,5,Laboratory Technician,2,Married,11332.646,17105.684,2,Y,No,18.552,3,1,80,1,13.646,2,3,8.645,9.034,-2.072,4.202
608,30.123,No,Travel_Rarely,530.095,Sales,-5.513,2,Medical,1,1564.523,4,Male,71.938,3,2,Research Scientist,3,Single,3255.503,11818.957,1,Y,No,14.231,4,1,80,1,7.757,2,2,10.299,5.45,7.105,3.374
609,41.359,No,Travel_Rarely,454.812,Sales,16.132,3,Marketing,1,635.982,1,Male,66.563,2,2,Sales Executive,2,Single,11979.07,16793.11,6,Y,No,13.247,3,1,80,0,23.433,3,3,10.913,7.83,3.737,4.802
610,37.473,No,Travel_Rarely,1033.719,Sales,15.401,2,Marketing,1,368.012,4,Male,5.905,4,2,Sales Executive,2,Divorced,8207.57,12697.58,0,Y,Yes,11.248,3,1,80,1,16.361,3,4,13.822,6.966,2.99,4.68
611,45.405,No,Travel_Rarely,976.204,Research & Development,5.274,2,Life Sciences,1,1849.823,3,Female,60.873,2,1,Human Resources,2,Married,10871.199,13290.355,1,Y,No,10.662,3,2,80,1,15.07,2,3,5.958,4.016,0.329,1.169
612,25.769,No,Non-Travel,844.773,Research & Development,9.845,2,Medical,1,1541.825,1,Male,20.686,2,1,Laboratory Technician,2,Married,4071.771,21424.775,3,Y,No,16.355,3,3,80,1,11.95,2,3,0.278,0.171,-4.247,1.382
613,35.23,No,Travel_Rarely,1289.062,Research & Development,8.529,3,Medical,1,879.213,4,Male,41.985,3,1,Healthcare Representative,4,Divorced,7244.018,10055.938,3,Y,Yes,10.537,3,4,80,0,15.311,3,3,9.635,5.565,5.049,2.645
614,33.015,No,Travel_Rarely,1677.084,Sales,8.877,3,Technical Degree,1,914.61,2,Female,48.309,3,2,Manager,3,Married,7099.378,9578.549,6,Y,No,15.846,3,2,80,0,11.481,2,4,7.467,4.12,1.775,3.407
615,47.213,No,Travel_Rarely,110.661,Research & Development,-14.146,3,Marketing,1,419.877,2,Female,51.001,1,4,Healthcare Representative,2,Divorced,-2012.142,8208.684,0,Y,No,15.136,4,2,80,1,6.399,3,3,3.854,4.272,-5.195,2.558
616,27.227,No,Travel_Frequently,863.675,Sales,7.599,2,Marketing,1,890.06,3,Female,33.999,4,2,Sales Executive,4,Single,3885.484,19878.09,1,Y,Yes,12.489,3,1,80,0,0.818,2,2,-4.069,-1.056,-0.602,-0.53
617,24.112,Yes,Travel_Rarely,1002.658,Sales,13.634,1,Technical Degree,1,979.606,3,Male,72.265,2,1,Healthcare Representative,3,Single,4245.868,5727.51,2,Y,Yes,8.285,3,3,80,3,7.405,3,2,10.421,1.602,3.353,2.63
618,41.69,Yes,Travel_Rarely,641.923,Sales,-7.862,2,Technical Degree,1,2286.432,4,Male,76.854,3,1,Manager,2,Single,8234.262,12041.549,1,Y,Yes,8.796,3,4,80,0,14.21,3,3,5.079,1.149,-0.806,5.377
619,34.337,No,Travel_Frequently,352.217,Sales,-2.947,3,Life Sciences,1,460.706,3,Male,74.995,4,2,Manufacturing Director,3,Single,6159.002,-4632.167,6,Y,No,19.208,4,1,80,3,16.875,1,3,12.168,6.992,-0.17,4.091
620,26.884,No,Travel_Frequently,1248.356,Human Resources,12.019,1,Life Sciences,1,920.434,1,Male,52.999,1,1,Laboratory Technician,2,Divorced,7663.412,7522.802,8,Y,Yes,9.277,4,3,80,0,9.366,2,3,3.797,-2.193,-5.213,3.678
621,25.45,Yes,Travel_Rarely,629.705,Research & Development,-3.009,3,Medical,1,1444.68,2,Female,33.265,2,1,Research Scientist,3,Single,-7774.926,15774.878,1,Y,No,14.41,3,3,80,0,-3.439,2,4,-0.059,-0.389,1.269,2.16
622,30.715,No,Travel_Rarely,629.894,Research & Development,2.794,3,Life Sciences,1,1489.838,2,Female,110.724,2,1,Research Scientist,3,Single,5351.856,7904.0,3,Y,Yes,16.725,3,2,80,0,15.029,4,2,3.563,4.209,2.161,-0.143
623,32.599,No,Travel_Rarely,292.452,Research & Development,20.025,2,Medical,1,1632.481,4,Male,64.309,3,1,Research Scientist,1,Single,3002.248,3776.447,1,Y,No,13.199,3,4,80,0,9.111,3,3,7.585,1.366,0.595,1.711
624,27.078,No,Travel_Rarely,620.742,Research & Development,-3.734,2,Life Sciences,1,1215.311,3,Male,51.101,2,1,Sales Executive,3,Married,-3714.073,11124.771,3,Y,No,11.102,3,2,80,0,3.755,2,2,6.234,0.609,-2.454,3.71
625,56.884,No,Non-Travel,247.585,Research & Development,13.471,1,Life Sciences,1,2088.772,4,Male,115.594,2,1,Research Director,1,Divorced,2786.209,20593.727,5,Y,No,18.229,4,4,80,3,13.303,6,1,15.438,5.593,5.267,4.208
626,41.249,Yes,Travel_Rarely,1245.626,Sales,4.327,3,Marketing,1,781.346,3,Female,95.776,2,3,Manufacturing Director,2,Single,10613.077,2545.496,3,Y,No,16.888,3,1,80,0,23.311,5,3,3.618,3.31,1.449,-1.712
627,36.123,Yes,Travel_Rarely,76.151,Sales,4.409,3,Life Sciences,1,1702.88,1,Female,109.43,3,1,Research Scientist,4,Divorced,5476.296,11691.252,3,Y,Yes,10.956,3,2,80,0,7.647,3,3,10.834,7.066,4.689,2.4
628,18.637,No,Travel_Frequently,765.843,Research & Development,7.28,1,Life Sciences,1,1102.574,4,Male,75.607,2,2,Sales Executive,1,Divorced,2200.171,22108.467,1,Y,No,16.156,4,1,80,1,1.903,2,3,15.34,7.79,-1.307,6.431
629,28.886,No,Travel_Rarely,1255.644,Research & Development,6.757,1,Medical,1,1434.507,4,Male,47.572,3,1,Sales Representative,3,Divorced,4572.736,21087.693,8,Y,Yes,19.115,4,3,80,2,7.231,4,3,9.482,5.036,3.105,7.886
630,20.085,No,Non-Travel,1445.619,Research & Development,13.604,2,Human Resources,1,297.055,3,Female,67.932,3,1,Research Scientist,1,Single,-5552.658,22999.094,1,Y,No,19.096,4,4,80,1,-2.86,3,3,4.38,1.787,0.295,-1.433
631,46.522,No,Travel_Rarely,329.512,Research & Development,-4.432,4,Technical Degree,1,714.376,3,Male,40.954,4,1,Research Scientist,2,Married,7780.244,26155.326,2,Y,Yes,10.961,3,2,80,3,18.144,0,2,9.679,6.589,4.982,7.884
632,34.816,Yes,Travel_Rarely,739.759,Human Resources,21.249,3,Life Sciences,1,713.288,3,Male,117.805,1,4,Manager,4,Divorced,4851.589,11459.746,8,Y,Yes,13.767,3,2,80,2,13.122,1,1,13.106,10.446,4.348,7.37
633,24.952,No,Travel_Frequently,650.775,Sales,-6.424,3,Medical,1,1362.915,3,Male,64.696,3,1,Research Scientist,4,Divorced,-425.365,14246.038,4,Y,Yes,19.578,4,3,80,1,6.916,3,3,2.317,2.912,2.45,0.005
634,19.989,Yes,Non-Travel,-363.385,Research & Development,-2.886,4,Technical Degree,1,1143.782,4,Female,98.436,1,1,Laboratory Technician,1,Single,-3751.261,-8079.734,2,Y,Yes,13.897,4,3,80,0,11.029,2,2,1.824,5.451,-1.232,2.979
635,35.404,Yes,Travel_Rarely,822.811,Sales,6.757,4,Other,1,1754.467,3,Female,25.644,3,2,Sales Executive,3,Single,10617.057,-3827.018,2,Y,Yes,19.873,4,4,80,0,13.337,3,3,-2.489,-1.093,3.113,6.274
636,43.255,No,Travel_Rarely,720.107,Human Resources,12.775,4,Medical,1,1119.037,3,Male,54.76,3,2,Sales Executive,2,Married,4667.781,9046.801,1,Y,No,17.113,3,4,80,1,8.519,6,3,6.498,2.668,0.738,5.507
637,28.113,Yes,Travel_Rarely,-293.007,Research & Development,12.757,1,Other,1,878.629,2,Male,88.555,3,1,Research Scientist,4,Single,6981.29,18714.484,0,Y,No,10.564,3,4,80,0,9.249,3,2,11.445,1.264,-0.244,2.827
638,29.863,Yes,Travel_Frequently,1024.346,Research & Development,-3.718,4,Life Sciences,1,1059.971,4,Female,77.991,2,1,Human Resources,2,Single,693.041,18188.045,0,Y,Yes,14.257,4,3,80,0,5.043,2,2,2.597,2.901,2.574,4.113
639,22.85,No,Travel_Rarely,1203.471,Sales,7.768,4,Medical,1,1820.807,3,Male,96.072,3,1,Sales Executive,1,Married,-1332.449,22613.69,1,Y,No,13.467,3,1,80,2,-3.485,2,2,-0.748,1.523,-0.317,2.638
640,50.384,No,Travel_Frequently,291.694,Sales,0.8,3,Technical Degree,1,2659.131,2,Male,64.588,4,4,Manager,2,Divorced,11535.425,-4048.159,3,Y,Yes,16.561,4,1,80,1,27.192,4,4,31.437,12.655,11.376,12.529
641,37.399,No,Travel_Rarely,160.08,Sales,10.383,3,Marketing,1,2208.473,1,Female,83.546,4,2,Research Scientist,1,Divorced,7200.204,31071.877,2,Y,No,19.094,4,3,80,2,8.607,3,3,3.187,0.838,-2.92,-0.868
642,47.801,No,Travel_Frequently,842.218,Sales,1.114,3,Medical,1,786.885,3,Male,87.923,2,4,Sales Executive,2,Single,10525.087,8405.166,3,Y,Yes,17.775,3,3,80,1,12.768,3,3,3.7,4.006,1.686,2.981
643,33.892,No,Non-Travel,560.787,Sales,8.39,3,Human Resources,1,1458.535,3,Female,51.769,3,1,Sales Executive,3,Married,-2518.033,7370.09,1,Y,No,12.067,3,3,80,1,-1.072,3,3,7.224,6.455,0.962,4.294
644,35.359,Yes,Non-Travel,709.105,Sales,10.645,3,Marketing,1,1201.51,4,Female,34.229,4,4,Sales Executive,2,Divorced,14148.705,24368.404,9,Y,Yes,13.747,3,2,80,2,16.642,4,2,5.519,0.357,6.141,2.964
645,31.429,No,Travel_Rarely,883.804,Sales,13.534,2,Life Sciences,1,1698.269,3,Male,101.356,2,1,Sales Executive,3,Married,6125.352,5411.834,1,Y,No,9.954,3,2,80,1,7.649,2,4,12.253,6.781,2.675,8.205
646,39.549,No,Travel_Rarely,1173.908,Sales,-0.658,3,Medical,1,963.241,2,Male,31.917,2,1,Sales Executive,1,Divorced,6688.909,5196.804,2,Y,No,17.85,4,1,80,1,19.381,3,2,7.122,4.654,-1.365,6.257
647,40.081,No,Travel_Rarely,334.711,Sales,12.343,5,Marketing,1,336.081,3,Male,38.121,3,1,Sales Executive,4,Married,10432.665,14452.984,0,Y,No,11.126,3,2,80,1,15.36,5,3,7.135,3.603,6.142,2.677
648,34.833,Yes,Travel_Rarely,1041.046,Research & Development,22.431,1,Medical,1,1353.779,4,Male,49.338,3,5,Research Scientist,1,Married,6454.154,18629.75,0,Y,Yes,15.454,3,4,80,0,6.468,3,3,5.495,2.103,2.667,1.405
649,30.73,No,Travel_Rarely,1016.017,Sales,-8.172,2,Medical,1,1714.78,3,Female,66.641,3,1,Manufacturing Director,4,Single,4970.888,242.093,3,Y,No,19.532,4,3,80,0,7.895,3,3,-3.451,-1.033,-0.411,0.805
650,40.453,No,Travel_Rarely,587.186,Research & Development,-2.446,3,Life Sciences,1,847.141,3,Female,67.25,4,2,Research Scientist,1,Married,7877.415,6174.786,5,Y,Yes,20.624,3,3,80,1,16.232,2,3,21.242,10.139,5.158,11.29
651,34.714,Yes,Travel_Rarely,392.225,Research & Development,1.159,5,Life Sciences,1,356.33,4,Female,40.27,2,1,Sales Executive,1,Divorced,964.003,19764.777,5,Y,No,14.763,4,3,80,1,12.449,2,1,4.515,3.282,2.764,3.048
652,25.91,Yes,Travel_Rarely,1229.52,Research & Development,-2.649,3,Life Sciences,1,1385.748,3,Male,63.775,3,1,Sales Representative,1,Single,-199.666,29525.271,8,Y,Yes,14.539,4,1,80,0,1.566,0,3,-2.881,-1.206,-2.275,-1.03
653,41.877,Yes,Travel_Rarely,582.762,Research & Development,13.146,1,Medical,1,1789.858,3,Female,12.743,1,5,Manager,4,Married,6776.247,20035.346,1,Y,Yes,15.667,4,2,80,0,14.333,3,2,12.926,11.375,5.772,8.892
654,44.775,No,Travel_Rarely,1182.065,Sales,11.302,5,Life Sciences,1,582.83,4,Female,98.955,2,4,Sales Representative,4,Single,-378.737,16008.797,1,Y,No,21.223,4,4,80,2,7.204,2,3,10.543,6.8,2.16,4.777
655,55.866,No,Travel_Frequently,417.701,Research & Development,-9.13,3,Life Sciences,1,143.563,1,Male,60.091,3,3,Manager,3,Married,19886.285,8306.249,7,Y,Yes,23.188,3,4,80,3,30.28,5,3,26.139,8.713,10.089,9.23
656,28.844,Yes,Travel_Rarely,526.947,Sales,24.064,2,Marketing,1,2357.218,4,Male,63.423,3,2,Research Director,4,Married,6096.638,24016.834,9,Y,No,15.212,3,2,80,0,6.634,2,3,8.559,6.425,1.199,5.087
657,29.812,No,Travel_Rarely,372.392,Research & Development,-0.332,2,Life Sciences,1,1704.59,4,Female,83.486,2,1,Research Scientist,4,Single,2653.116,23880.855,2,Y,Yes,19.338,3,3,80,0,6.981,3,2,-0.017,3.496,6.405,-0.359
658,48.449,No,Travel_Rarely,819.461,Sales,-4.3,3,Technical Degree,1,1122.491,1,Male,64.664,4,1,Research Scientist,2,Married,12640.146,5893.715,9,Y,Yes,16.191,3,2,80,3,23.478,2,1,14.059,9.471,2.444,2.984
659,44.96,No,Travel_Rarely,-684.891,Sales,0.072,3,Medical,1,613.033,4,Male,74.509,4,2,Research Director,4,Married,7452.148,11179.648,4,Y,No,11.068,3,4,80,1,22.16,0,4,20.818,9.51,2.285,9.555
660,48.05,No,Travel_Rarely,948.16,Research & Development,14.765,2,Life Sciences,1,205.216,4,Female,62.414,3,2,Research Scientist,4,Married,8720.9,23352.664,3,Y,Yes,14.771,3,3,80,2,26.665,2,3,13.766,10.303,4.73,8.992
661,37.349,No,Travel_Frequently,1011.96,Research & Development,15.215,3,Life Sciences,1,1488.65,4,Male,21.17,2,5,Sales Executive,1,Married,8680.166,21817.117,1,Y,Yes,7.695,3,4,80,0,13.993,5,3,9.168,7.509,6.665,5.903
662,35.475,No,Travel_Rarely,-145.937,Research & Development,-0.981,3,Life Sciences,1,1296.557,2,Male,61.889,3,1,Research Scientist,2,Single,2844.074,12501.392,3,Y,Yes,15.431,3,4,80,0,4.661,3,3,-5.147,0.671,-3.327,-2.36
663,43.067,Yes,Travel_Rarely,1371.745,Sales,0.647,2,Marketing,1,1182.034,2,Female,109.007,3,4,Sales Executive,4,Divorced,13473.555,22763.047,3,Y,Yes,15.647,4,4,80,1,17.729,1,2,19.191,2.39,7.937,7.136
664,37.38,No,Travel_Rarely,892.547,Sales,0.234,3,Marketing,1,1166.287,1,Male,66.826,3,2,Sales Executive,4,Divorced,7613.364,3549.27,2,Y,No,18.92,3,4,80,1,10.065,4,2,-1.529,-1.606,-0.406,-3.332
665,16.209,No,Travel_Rarely,939.204,Sales,6.451,3,Medical,1,662.607,2,Male,74.318,3,1,Sales Representative,4,Divorced,2063.084,21788.41,1,Y,No,20.115,3,1,80,0,-0.19,2,1,8.02,-0.85,1.462,4.441
666,41.674,No,Travel_Rarely,141.792,Research & Development,13.95,3,Medical,1,804.965,4,Female,61.653,3,1,Research Scientist,3,Single,5440.496,7043.732,4,Y,Yes,16.391,3,2,80,2,14.63,3,3,7.085,3.702,3.009,3.463
667,26.662,No,Travel_Rarely,523.888,Sales,10.266,4,Medical,1,980.073,4,Female,43.079,3,2,Research Scientist,4,Married,2223.723,9418.013,3,Y,No,15.453,3,3,80,1,3.817,3,3,6.246,5.225,0.799,5.355
668,47.765,Yes,Travel_Frequently,1055.442,Research & Development,-7.361,4,Life Sciences,1,386.253,3,Male,56.025,3,2,Laboratory Technician,4,Single,8118.97,22747.568,2,Y,No,11.322,3,4,80,0,14.318,3,4,4.994,4.829,-0.063,4.664
669,37.21,Yes,Non-Travel,175.933,Sales,6.053,3,Marketing,1,1722.024,1,Male,91.53,1,1,Sales Executive,4,Single,-3324.365,17193.057,1,Y,No,18.916,3,3,80,1,0.072,3,3,7.203,7.126,8.325,5.044
670,60.223,No,Non-Travel,592.376,Sales,0.66,4,Other,1,304.611,4,Female,66.469,4,3,Sales Executive,1,Married,17895.219,30970.336,7,Y,Yes,16.98,3,4,80,3,27.879,3,2,11.196,10.772,3.84,10.017
671,35.025,No,Travel_Rarely,927.612,Sales,11.139,3,Marketing,1,1807.07,1,Female,58.528,4,3,Healthcare Representative,3,Married,11395.744,3617.0,1,Y,Yes,15.927,4,1,80,2,8.414,2,4,10.919,4.093,5.924,6.446
672,51.619,No,Non-Travel,1245.678,Research & Development,14.604,2,Marketing,1,1246.844,4,Female,87.609,2,4,Research Director,4,Married,-319.841,5130.324,3,Y,No,13.212,3,3,80,2,15.226,1,4,-2.939,0.012,-0.355,-2.808
673,23.947,No,Travel_Rarely,635.63,Research & Development,-1.42,2,Life Sciences,1,918.943,4,Male,45.575,3,1,Sales Representative,4,Divorced,2237.847,4700.972,1,Y,Yes,10.374,3,4,80,0,0.266,0,3,5.406,4.72,-0.383,2.138
674,31.007,No,Travel_Rarely,980.707,Sales,15.082,2,Medical,1,1860.707,1,Male,102.147,3,2,Sales Executive,3,Married,8252.623,24152.98,4,Y,Yes,11.935,3,4,80,2,6.089,3,3,9.506,3.538,1.077,4.893
675,48.907,No,Non-Travel,685.449,Sales,20.559,4,Human Resources,1,233.489,4,Male,74.292,3,3,Research Director,4,Single,10128.163,8005.488,7,Y,Yes,19.271,3,4,80,0,23.051,0,3,14.671,9.392,5.308,6.951
676,35.325,Yes,Travel_Frequently,1102.696,Sales,13.605,3,Marketing,1,1001.047,3,Female,62.502,1,2,Manager,1,Married,4190.856,19016.535,9,Y,Yes,10.808,3,4,80,1,14.298,2,3,-2.915,5.394,2.084,1.661
677,25.957,No,Travel_Rarely,650.274,Sales,0.648,3,Marketing,1,1342.788,1,Male,62.225,4,1,Sales Executive,4,Single,3807.987,20709.426,2,Y,No,16.989,3,2,80,1,11.713,3,3,12.545,12.799,4.525,10.382
678,62.834,Yes,Travel_Frequently,264.41,Human Resources,12.479,4,Human Resources,1,1620.156,3,Female,133.622,1,2,Laboratory Technician,2,Married,-984.172,22544.469,4,Y,Yes,20.349,3,2,80,1,11.212,3,1,10.136,9.353,-2.038,9.082
679,44.815,No,Travel_Rarely,136.89,Research & Development,-0.112,3,Life Sciences,1,933.692,2,Female,91.215,3,2,Sales Representative,4,Married,13299.088,11878.919,2,Y,Yes,19.61,4,4,80,0,29.247,3,3,7.675,5.282,3.488,6.585
680,39.094,No,Travel_Rarely,796.585,Research & Development,0.809,3,Life Sciences,1,1141.055,1,Female,59.177,3,4,Manager,4,Single,4718.534,22893.21,1,Y,No,16.342,3,4,80,2,13.147,4,3,9.742,6.348,1.996,5.451
681,46.471,Yes,Travel_Frequently,1332.581,Research & Development,17.206,5,Marketing,1,530.286,2,Female,121.42,3,5,Research Director,2,Married,20969.74,32265.316,6,Y,Yes,24.425,4,1,80,2,26.291,3,2,11.7,10.559,4.162,4.558
682,40.404,No,Travel_Rarely,460.051,Research & Development,4.129,3,Medical,1,1042.6,4,Male,35.631,3,2,Research Scientist,4,Divorced,6563.033,11953.522,7,Y,Yes,19.221,3,3,80,1,16.705,2,2,7.845,6.218,3.405,5.347
683,38.539,No,Travel_Rarely,1271.285,Research & Development,-9.9,2,Medical,1,1123.755,4,Male,58.548,2,2,Research Scientist,4,Married,8381.201,29627.328,2,Y,No,17.443,4,3,80,0,11.432,3,3,20.583,8.808,6.595,4.7
684,26.694,No,Travel_Rarely,339.514,Sales,3.494,2,Medical,1,432.142,4,Male,76.301,3,2,Manager,4,Married,4403.019,9989.959,1,Y,No,14.436,3,1,80,0,1.144,3,4,2.384,-0.482,-0.212,1.729
685,32.47,Yes,Travel_Rarely,856.271,Research & Development,0.828,4,Marketing,1,1379.844,2,Female,86.08,3,2,Sales Executive,4,Married,-828.218,6174.106,1,Y,No,15.773,3,2,80,1,4.6,3,3,11.726,3.442,3.071,10.025
686,36.618,No,Travel_Rarely,733.384,Research & Development,8.556,2,Life Sciences,1,607.096,4,Male,53.177,3,1,Sales Executive,1,Married,-2013.406,19817.24,7,Y,No,19.232,3,1,80,1,-2.416,3,3,-7.114,-2.384,-1.822,-1.405
687,43.207,No,Travel_Rarely,305.18,Research & Development,-1.473,2,Life Sciences,1,661.689,3,Male,112.83,1,2,Research Scientist,4,Single,7754.274,18558.518,4,Y,Yes,22.623,3,3,80,0,12.503,2,1,7.245,2.581,0.618,-1.336
688,30.604,Yes,Travel_Frequently,503.148,Sales,16.626,5,Marketing,1,835.228,3,Male,143.6,3,3,Sales Executive,4,Divorced,7049.451,44226.61,1,Y,No,17.815,3,4,80,3,12.995,3,3,4.681,2.363,-1.936,4.056
689,41.012,No,Travel_Rarely,866.223,Research & Development,6.955,4,Medical,1,1804.405,4,Female,42.152,3,2,Manager,2,Married,7672.208,19674.21,7,Y,No,20.091,3,2,80,0,19.351,3,3,7.248,8.429,-1.816,2.806
690,39.949,No,Non-Travel,673.592,Sales,12.341,4,Marketing,1,1551.115,1,Female,42.999,2,5,Human Resources,2,Divorced,-1396.337,23807.945,8,Y,No,14.51,3,1,80,3,5.293,5,4,4.47,3.741,-3.301,1.85
691,37.395,Yes,Travel_Rarely,676.858,Research & Development,9.723,3,Marketing,1,1327.369,4,Female,87.66,2,2,Research Scientist,4,Single,1935.561,9109.973,5,Y,Yes,6.288,3,2,80,0,2.368,5,3,-5.747,-9.427,-4.666,-9.393
692,48.822,No,Travel_Rarely,959.52,Human Resources,0.948,1,Other,1,1152.12,3,Female,69.572,2,3,Research Scientist,2,Married,9374.089,25903.877,3,Y,No,15.97,3,1,80,1,17.358,3,4,1.923,12.172,-1.033,2.425
693,32.349,No,Travel_Frequently,63.55,Sales,-2.998,1,Medical,1,1068.556,2,Female,100.678,3,5,Research Director,3,Married,8626.368,13032.113,0,Y,Yes,12.634,4,3,80,0,15.603,2,2,16.973,9.519,2.764,6.733
694,45.255,No,Non-Travel,703.99,Sales,11.434,4,Marketing,1,1472.456,4,Male,36.045,3,5,Research Director,4,Single,7488.788,34281.867,5,Y,No,15.995,3,1,80,0,8.736,3,3,6.832,4.132,5.123,3.107
695,24.923,No,Travel_Frequently,316.286,Sales,11.805,2,Other,1,1186.334,2,Male,92.414,2,2,Sales Executive,1,Divorced,2626.686,15472.801,5,Y,Yes,12.81,3,4,80,3,3.331,3,3,8.782,4.99,3.872,4.968
696,37.929,No,Travel_Rarely,713.781,Human Resources,18.634,1,Life Sciences,1,2032.913,1,Female,62.38,2,3,Sales Representative,4,Single,15622.18,19736.383,2,Y,Yes,19.637,4,4,80,0,14.967,5,3,7.392,5.601,5.182,-2.299
697,35.735,No,Travel_Frequently,259.064,Research & Development,23.226,4,Human Resources,1,1411.984,4,Male,48.986,3,1,Research Scientist,4,Married,15253.148,21314.613,4,Y,No,19.237,3,1,80,1,2.652,3,4,-0.538,0.225,6.078,-2.729
698,35.505,Yes,Travel_Frequently,713.471,Research & Development,12.16,3,Marketing,1,1740.04,2,Female,93.489,4,1,Sales Representative,1,Divorced,3353.988,9260.863,0,Y,Yes,16.767,4,1,80,1,16.22,2,4,14.17,0.551,0.153,3.675
699,44.999,No,Travel_Rarely,879.009,Research & Development,1.57,3,Medical,1,389.012,3,Male,45.561,3,2,Manufacturing Director,3,Single,8348.951,11427.877,0,Y,No,6.801,3,4,80,0,16.242,2,3,6.787,2.61,3.902,4.669
700,35.132,No,Travel_Frequently,834.582,Sales,3.188,4,Medical,1,1583.492,4,Male,71.946,4,2,Sales Executive,2,Married,3683.406,14771.514,4,Y,Yes,19.746,4,2,80,1,10.871,2,3,2.489,1.223,-1.381,-1.281
701,23.863,Yes,Travel_Frequently,1504.004,Sales,8.223,3,Life Sciences,1,801.773,4,Female,85.805,3,2,Laboratory Technician,2,Single,-3266.704,3842.297,5,Y,Yes,13.597,3,1,80,2,4.387,2,2,5.656,2.047,5.114,1.855
702,29.774,No,Travel_Frequently,488.878,Research & Development,18.791,1,Marketing,1,1083.805,3,Male,106.035,4,2,Sales Representative,4,Single,2914.754,39749.85,8,Y,Yes,14.365,3,3,80,0,8.493,1,2,2.274,3.404,-0.031,-1.966
703,68.81,No,Travel_Frequently,221.119,Human Resources,13.516,5,Life Sciences,1,1634.966,3,Female,58.751,2,2,Laboratory Technician,1,Divorced,5858.068,24709.564,7,Y,No,7.297,4,2,80,2,17.598,6,4,15.058,4.206,6.662,5.753
704,40.154,No,Travel_Rarely,304.557,Sales,-4.495,3,Medical,1,393.735,1,Female,95.246,3,3,Sales Executive,1,Married,18331.121,30382.44,1,Y,No,18.276,3,1,80,0,19.374,1,3,18.023,7.578,8.077,6.128
705,27.693,Yes,Travel_Rarely,725.75,Research & Development,2.579,3,Life Sciences,1,-31.078,2,Male,32.448,1,1,Manager,4,Married,12891.239,12215.963,0,Y,Yes,12.352,3,3,80,0,17.096,5,4,16.845,8.939,4.515,2.054
706,29.719,No,Travel_Rarely,682.563,Research & Development,-13.75,3,Medical,1,-394.094,4,Male,110.818,2,4,Sales Executive,2,Single,4928.538,6183.79,1,Y,No,14.943,3,3,80,0,19.937,2,1,22.075,13.634,5.593,13.357
707,28.341,Yes,Travel_Rarely,944.738,Human Resources,11.09,1,Medical,1,1835.794,4,Male,69.583,1,1,Research Scientist,1,Single,988.039,23186.244,9,Y,No,20.709,3,1,80,0,4.463,2,2,6.784,5.871,1.567,6.231
708,36.323,No,Travel_Frequently,376.75,Sales,-10.276,1,Medical,1,1013.155,3,Female,82.079,2,2,Manager,2,Married,12503.73,19205.633,0,Y,Yes,12.351,3,3,80,0,12.353,2,2,10.715,2.878,2.998,5.235
709,38.537,No,Travel_Rarely,137.216,Research & Development,0.357,3,Medical,1,1487.229,1,Male,66.142,4,2,Sales Representative,1,Single,-155.259,374.89,1,Y,No,15.488,3,4,80,0,16.08,2,2,13.565,7.055,1.557,9.916
710,47.321,No,Non-Travel,648.332,Sales,4.626,1,Medical,1,2341.567,4,Male,68.306,3,2,Research Director,4,Married,9858.5,2427.197,1,Y,No,13.671,4,3,80,0,16.522,1,4,9.132,1.36,3.428,4.844
711,27.585,No,Travel_Rarely,380.68,Research & Development,16.597,4,Life Sciences,1,887.779,4,Male,63.649,2,2,Laboratory Technician,3,Married,734.604,20448.166,1,Y,No,12.157,3,2,80,0,-0.459,2,4,1.101,2.825,-0.312,2.17
712,25.645,No,Travel_Rarely,993.783,Sales,12.855,2,Marketing,1,734.632,4,Female,86.218,3,1,Healthcare Representative,1,Married,3236.516,-4017.427,1,Y,Yes,18.154,3,4,80,1,7.367,2,2,-0.218,-1.641,-1.747,-1.276
713,33.89,No,Travel_Rarely,1265.22,Sales,14.141,4,Life Sciences,1,955.113,1,Female,118.358,2,2,Healthcare Representative,1,Divorced,7408.335,18220.57,1,Y,No,12.273,3,2,80,1,16.182,1,3,8.855,1.747,1.265,4.454
714,50.274,Yes,Non-Travel,974.074,Research & Development,-0.416,4,Medical,1,2012.35,3,Female,129.529,2,5,Research Director,1,Divorced,7198.376,10372.481,5,Y,Yes,19.535,4,2,80,1,27.53,0,3,18.065,15.071,7.525,10.679
715,38.433,No,Travel_Rarely,278.35,Research & Development,-11.209,3,Medical,1,304.302,4,Female,36.369,2,3,Sales Executive,3,Single,9638.729,15746.893,9,Y,No,12.891,3,3,80,0,17.941,3,2,7.103,4.861,0.68,0.101
716,37.974,No,Travel_Rarely,-166.399,Sales,15.414,3,Life Sciences,1,803.937,3,Female,88.972,2,1,Human Resources,4,Single,2844.213,15596.605,2,Y,Yes,13.892,3,2,80,0,6.007,5,3,-0.491,-0.947,0.986,-2.094
717,40.25,Yes,Non-Travel,-258.856,Sales,3.348,3,Marketing,1,749.914,1,Male,50.26,3,2,Manufacturing Director,1,Single,5413.312,13379.641,6,Y,No,21.405,3,3,80,1,3.684,3,3,5.704,-0.079,-1.401,-0.735
718,32.856,No,Travel_Rarely,1573.628,Research & Development,14.296,1,Medical,1,1448.156,1,Male,100.577,3,1,Research Scientist,2,Single,9824.094,18982.26,1,Y,No,21.178,4,1,80,1,6.952,2,3,2.918,1.727,-2.646,3.667
719,36.769,Yes,Travel_Frequently,596.221,Research & Development,18.562,3,Marketing,1,1469.838,3,Male,61.082,2,5,Manager,4,Married,11637.979,1701.115,7,Y,No,19.121,4,3,80,1,21.344,4,3,15.35,3.323,6.441,9.501
720,51.351,No,Travel_Frequently,-233.264,Sales,22.28,2,Human Resources,1,1495.763,2,Female,44.465,4,4,Sales Executive,3,Single,6452.364,10570.454,0,Y,No,18.042,3,2,80,0,9.272,3,4,12.407,5.314,1.462,7.741
721,41.965,Yes,Travel_Rarely,764.089,Sales,8.043,3,Marketing,1,1157.49,1,Female,44.631,2,1,Sales Executive,4,Married,7115.55,7593.694,0,Y,No,17.326,4,3,80,0,9.635,3,2,10.055,2.784,1.294,5.32
722,41.951,No,Non-Travel,473.084,Sales,-15.863,4,Life Sciences,1,511.024,2,Female,67.317,4,2,Manager,3,Divorced,7596.808,4834.976,5,Y,Yes,23.403,4,2,80,0,15.416,2,4,7.806,2.929,1.362,0.842
723,43.45,No,Travel_Frequently,946.355,Sales,19.566,4,Medical,1,967.401,1,Female,32.73,4,4,Sales Executive,1,Single,10465.077,10691.158,3,Y,No,8.875,3,4,80,2,21.026,3,3,20.097,9.849,10.541,9.138
724,33.688,No,Non-Travel,241.188,Sales,-8.142,4,Medical,1,1917.707,1,Male,43.715,4,1,Sales Representative,1,Single,3271.554,2704.278,4,Y,No,11.653,4,1,80,0,-3.175,3,1,4.068,2.632,-1.364,4.949
725,49.202,No,Travel_Rarely,377.828,Research & Development,11.279,4,Other,1,2070.177,4,Male,46.02,3,1,Research Scientist,1,Married,10289.112,5994.726,2,Y,Yes,17.796,3,3,80,1,19.749,3,3,7.812,-0.938,0.998,2.076
726,39.327,No,Non-Travel,413.809,Sales,37.863,4,Medical,1,614.81,3,Female,63.048,1,2,Human Resources,4,Single,8616.945,13561.093,1,Y,No,17.65,4,3,80,1,13.751,3,3,18.083,6.182,0.409,8.594
727,43.356,Yes,Travel_Frequently,525.786,Sales,8.501,3,Life Sciences,1,307.47,4,Male,70.691,2,5,Sales Executive,1,Married,11004.854,15178.738,4,Y,Yes,15.79,3,3,80,1,12.896,1,3,12.687,8.863,4.477,7.908
728,36.18,Yes,Travel_Rarely,804.466,Research & Development,10.937,5,Other,1,1575.108,4,Female,69.89,2,1,Research Scientist,2,Divorced,3247.232,13627.402,2,Y,Yes,17.928,3,3,80,0,6.473,2,2,0.687,0.011,2.476,0.713
729,41.383,No,Non-Travel,995.795,Research & Development,20.066,4,Other,1,1199.964,4,Male,47.492,2,3,Research Director,3,Married,8174.884,17029.309,0,Y,No,14.128,3,2,80,2,10.939,2,3,3.33,1.149,3.132,-1.153
730,39.371,No,Travel_Rarely,1354.748,Sales,0.966,1,Life Sciences,1,841.686,2,Female,68.942,3,2,Research Scientist,3,Married,7230.966,7682.724,2,Y,Yes,15.899,3,1,80,0,16.151,1,3,8.614,4.284,3.574,3.137
731,19.61,Yes,Travel_Rarely,258.599,Sales,6.945,3,Life Sciences,1,681.189,1,Female,42.609,3,2,Sales Representative,3,Single,7519.82,6646.592,1,Y,No,19.645,3,4,80,0,3.82,3,3,5.296,3.764,2.561,4.345
732,12.963,Yes,Non-Travel,674.854,Sales,-0.997,3,Life Sciences,1,2470.459,4,Male,89.569,2,1,Research Scientist,4,Single,-5708.15,22532.512,1,Y,No,14.45,3,3,80,3,-5.586,4,3,3.226,1.278,-0.139,0.411
733,41.297,Yes,Travel_Rarely,1064.272,Research & Development,15.628,4,Marketing,1,2110.61,4,Male,58.426,4,1,Human Resources,1,Married,9105.115,10434.166,0,Y,Yes,17.196,3,3,80,1,27.106,2,4,14.576,8.524,2.326,3.29
734,20.766,No,Travel_Rarely,565.867,Human Resources,12.749,2,Marketing,1,894.396,3,Male,44.575,2,2,Research Director,3,Married,126.497,20244.605,1,Y,Yes,15.516,3,4,80,2,-3.129,5,3,-2.782,-1.787,-2.2,-3.231
735,29.894,No,Travel_Rarely,-142.029,Research & Development,8.915,3,Medical,1,1326.908,3,Female,-1.804,3,5,Research Director,2,Married,13357.566,25181.762,4,Y,No,18.468,3,3,80,1,17.382,4,3,7.517,6.704,5.912,2.822
736,34.71,No,Travel_Rarely,608.169,Research & Development,0.866,4,Other,1,1921.686,4,Female,38.74,2,1,Healthcare Representative,2,Married,3568.265,19447.467,9,Y,Yes,7.865,3,2,80,0,17.257,3,3,10.162,2.578,0.377,-1.059
737,41.052,Yes,Travel_Frequently,977.716,Research & Development,15.211,1,Life Sciences,1,467.161,4,Male,82.218,3,1,Human Resources,4,Single,-343.965,14402.587,5,Y,No,16.756,3,4,80,0,1.528,4,3,0.328,1.615,2.846,-3.691
738,49.127,No,Travel_Frequently,537.254,Research & Development,27.577,4,Medical,1,2225.42,4,Male,44.401,2,2,Healthcare Representative,4,Married,11385.137,18584.352,3,Y,No,21.588,4,2,80,1,14.66,1,2,2.528,1.442,-3.693,2.819
739,34.994,No,Travel_Rarely,249.793,Research & Development,11.017,2,Medical,1,1941.414,4,Male,33.326,3,1,Research Scientist,2,Single,-536.921,14192.9,8,Y,No,14.371,3,1,80,1,-2.161,3,2,1.217,1.708,-0.46,3.024
740,37.16,No,Travel_Rarely,765.723,Research & Development,14.237,1,Life Sciences,1,1037.661,3,Male,76.116,3,1,Research Scientist,4,Married,4556.715,3995.688,3,Y,No,25.002,4,2,80,1,4.502,3,2,-1.033,-1.293,-5.059,0.421
741,39.77,No,Travel_Rarely,605.235,Human Resources,10.741,2,Medical,1,1307.884,4,Male,57.831,1,2,Manager,4,Married,9049.795,21851.781,0,Y,Yes,17.021,4,3,80,1,11.857,4,4,9.394,1.094,0.867,3.261
742,35.811,No,Travel_Rarely,379.651,Sales,23.053,3,Medical,1,640.103,1,Male,74.733,3,2,Healthcare Representative,1,Divorced,8848.506,16134.123,0,Y,No,19.663,4,3,80,0,13.14,3,2,11.977,2.89,2.158,1.126
743,19.647,No,Travel_Frequently,712.037,Sales,16.745,4,Marketing,1,1342.925,1,Male,37.279,3,1,Sales Representative,3,Single,6616.862,8375.383,1,Y,Yes,10.86,3,1,80,0,3.922,3,3,6.34,2.547,1.584,1.308
744,40.378,Yes,Travel_Rarely,622.238,Human Resources,7.569,2,Medical,1,471.749,1,Female,59.658,3,4,Research Director,3,Single,7865.554,5336.682,6,Y,Yes,14.746,4,2,80,0,19.081,0,2,9.069,0.765,1.455,7.381
745,34.306,No,Non-Travel,868.274,Sales,18.346,3,Medical,1,1245.452,4,Male,71.41,3,4,Sales Executive,3,Single,2470.35,13608.352,1,Y,No,4.283,3,3,80,0,13.14,3,4,7.948,4.745,4.316,4.993
746,48.305,No,Travel_Rarely,645.851,Sales,13.565,4,Human Resources,1,1273.818,2,Male,64.539,2,5,Manager,4,Single,17427.553,16991.139,2,Y,No,13.308,3,4,80,0,20.956,3,3,9.726,4.417,1.372,4.855
747,40.282,No,Non-Travel,676.197,Research & Development,0.385,4,Human Resources,1,314.644,2,Male,47.508,3,1,Human Resources,2,Married,7659.374,17074.998,9,Y,Yes,12.153,3,4,80,1,4.9,3,2,8.077,7.515,4.433,7.837
748,47.891,Yes,Non-Travel,567.973,Research & Development,26.952,4,Medical,1,986.949,1,Female,81.094,2,3,Manufacturing Director,3,Married,12645.291,16990.812,2,Y,No,13.672,3,4,80,1,24.486,1,2,18.845,6.721,7.84,9.598
749,54.054,Yes,Travel_Frequently,1270.972,Research & Development,16.062,3,Life Sciences,1,1449.162,1,Female,80.773,4,2,Research Scientist,1,Married,9151.571,12232.111,0,Y,Yes,21.365,3,3,80,1,21.538,2,1,7.302,5.809,7.428,3.449
750,39.981,No,Travel_Rarely,598.724,Sales,1.921,4,Medical,1,2155.646,1,Female,71.4,3,2,Manager,4,Married,10373.73,19821.969,3,Y,Yes,18.114,4,3,80,3,20.065,3,3,10.72,4.873,2.698,2.487
751,35.754,No,Travel_Frequently,1260.89,Research & Development,21.809,1,Medical,1,475.168,2,Male,62.706,2,2,Sales Executive,4,Married,4160.274,4624.509,0,Y,No,15.123,4,2,80,1,13.588,3,3,10.261,3.819,1.444,-0.143
752,39.865,Yes,Travel_Rarely,1157.848,Research & Development,12.206,4,Marketing,1,1057.256,1,Male,77.732,4,4,Healthcare Representative,1,Single,4963.97,5722.52,0,Y,No,16.365,3,2,80,0,15.22,3,2,7.598,-0.579,3.371,0.849
753,32.892,No,Travel_Rarely,570.651,Sales,10.848,3,Medical,1,409.374,4,Male,49.3,3,2,Sales Executive,1,Single,5327.322,12577.015,2,Y,No,12.869,3,2,80,0,11.741,3,3,8.68,7.97,1.203,8.061
754,33.614,No,Non-Travel,957.625,Research & Development,17.802,2,Medical,1,-97.253,3,Male,24.075,4,2,Sales Executive,4,Married,14059.503,13290.056,8,Y,Yes,9.733,3,3,80,2,26.317,2,1,19.287,9.388,5.168,4.473
755,20.028,Yes,Travel_Frequently,478.127,Research & Development,6.08,4,Life Sciences,1,977.904,4,Male,72.501,1,3,Sales Representative,4,Single,9498.136,12969.604,1,Y,Yes,14.888,3,3,80,0,10.478,3,3,1.207,-0.151,2.549,1.343
756,37.936,No,Non-Travel,592.349,Sales,3.399,4,Life Sciences,1,1078.646,4,Male,64.625,4,5,Sales Executive,3,Married,4930.039,23318.54,1,Y,No,15.298,4,4,80,1,8.461,3,3,4.582,-1.051,3.289,0.022
757,26.044,Yes,Travel_Rarely,809.503,Human Resources,20.728,1,Medical,1,2151.945,1,Female,61.418,1,1,Healthcare Representative,2,Divorced,2716.122,9066.465,3,Y,Yes,12.597,3,2,80,1,16.781,3,3,18.757,1.429,5.611,5.907
758,36.985,No,Travel_Rarely,631.758,Sales,7.58,3,Medical,1,617.855,3,Female,57.928,4,2,Sales Executive,4,Married,6432.186,16932.965,6,Y,No,14.497,3,2,80,1,12.131,3,3,3.668,4.227,-0.076,0.722
759,43.255,No,Travel_Frequently,-40.813,Research & Development,-5.329,2,Other,1,938.825,4,Male,89.201,2,2,Research Scientist,3,Divorced,9518.59,-5179.591,9,Y,No,12.448,3,2,80,2,16.765,5,3,12.963,1.852,-2.24,4.745
760,31.01,No,Travel_Rarely,690.146,Sales,23.81,2,Life Sciences,1,1088.642,4,Female,56.719,3,5,Sales Executive,3,Married,5999.44,20534.186,3,Y,No,15.814,4,2,80,1,3.962,4,3,2.242,0.609,-3.657,0.778
761,23.59,Yes,Travel_Rarely,868.785,Human Resources,3.961,3,Human Resources,1,1328.127,2,Male,87.322,4,1,Research Scientist,1,Married,3384.156,9312.758,6,Y,No,16.165,3,4,80,1,4.388,5,4,8.389,5.402,0.515,2.014
762,42.226,Yes,Travel_Rarely,-112.427,Sales,3.275,3,Life Sciences,1,689.934,4,Female,60.398,3,2,Sales Executive,4,Divorced,10740.729,9289.695,2,Y,Yes,13.239,3,4,80,0,15.679,2,3,10.345,4.85,0.864,8.559
763,34.249,Yes,Travel_Rarely,686.744,Sales,6.434,3,Marketing,1,1824.07,4,Female,83.253,3,2,Sales Executive,3,Married,9773.919,23296.18,3,Y,Yes,13.311,3,4,80,1,8.922,0,2,7.802,7.428,5.321,2.841
764,44.648,No,Travel_Rarely,1011.134,Sales,8.07,3,Marketing,1,836.581,4,Female,78.601,3,2,Sales Executive,3,Divorced,11894.871,18749.568,0,Y,Yes,7.135,3,3,80,1,24.585,6,2,10.108,3.725,1.429,7.492
765,37.411,No,Travel_Rarely,615.157,Human Resources,5.4,4,Marketing,1,642.874,3,Male,108.349,1,2,Sales Representative,1,Married,11098.76,21611.72,4,Y,No,15.965,4,4,80,1,20.01,3,3,16.728,12.112,3.137,8.791
766,45.608,No,Travel_Frequently,1116.904,Sales,9.758,5,Other,1,1243.627,2,Female,61.998,2,2,Laboratory Technician,3,Married,5132.93,21498.297,0,Y,No,5.427,3,2,80,1,19.202,2,2,14.618,6.297,5.502,5.336
767,30.481,No,Travel_Rarely,233.779,Sales,15.506,3,Marketing,1,1781.195,4,Male,71.55,3,2,Sales Executive,3,Single,879.146,9448.604,1,Y,No,16.072,3,2,80,0,3.673,3,3,2.527,6.781,-1.534,5.229
768,39.721,No,Travel_Rarely,100.949,Human Resources,5.368,3,Technical Degree,1,282.678,3,Male,77.272,2,1,Research Director,1,Divorced,6556.444,16406.215,9,Y,No,19.648,4,3,80,1,17.845,3,3,8.378,4.428,5.579,6.368
769,28.393,No,Travel_Rarely,1333.06,Research & Development,0.621,2,Life Sciences,1,749.349,3,Male,74.377,3,5,Research Director,3,Married,2274.938,12438.843,1,Y,No,18.95,3,2,80,0,10.159,2,4,4.494,4.632,4.59,6.726
770,34.537,Yes,Travel_Rarely,601.878,Sales,-10.156,4,Life Sciences,1,462.163,4,Male,78.346,3,2,Research Scientist,4,Single,4671.877,13430.796,4,Y,Yes,14.988,4,3,80,0,0.172,4,4,-5.318,3.636,-1.347,1.361
771,44.389,No,Travel_Frequently,1557.617,Research & Development,12.893,4,Medical,1,813.345,4,Male,43.186,2,1,Research Scientist,3,Married,7080.912,8991.081,1,Y,No,22.989,4,4,80,1,15.279,3,3,16.468,10.662,4.834,5.621
772,33.695,No,Travel_Rarely,718.679,Research & Development,-6.453,1,Medical,1,484.886,3,Male,22.993,3,3,Research Scientist,1,Married,5710.454,27690.188,0,Y,No,9.579,3,4,80,0,9.312,4,3,18.694,8.016,9.093,10.716
773,30.218,No,Travel_Rarely,886.956,Sales,-1.362,3,Technical Degree,1,1193.193,4,Female,41.606,3,2,Sales Executive,3,Married,9785.562,6603.381,3,Y,No,13.324,3,1,80,0,8.397,5,3,5.277,0.691,-3.523,2.03
774,46.544,Yes,Travel_Rarely,1448.911,Research & Development,9.957,3,Life Sciences,1,1100.206,1,Female,102.431,3,4,Research Director,1,Single,13922.016,14327.348,0,Y,Yes,9.09,3,2,80,1,27.17,4,1,2.522,0.394,2.015,0.492
775,42.063,No,Non-Travel,813.972,Sales,13.651,4,Medical,1,1646.734,1,Male,28.771,3,1,Laboratory Technician,3,Single,-1203.748,28523.69,1,Y,Yes,12.673,3,1,80,0,8.622,2,3,13.103,9.278,5.82,5.104
776,37.553,No,Non-Travel,768.991,Sales,12.392,2,Medical,1,2206.8,4,Male,67.278,3,2,Sales Executive,2,Married,10367.758,9386.211,3,Y,Yes,14.811,3,2,80,1,6.983,3,3,11.003,1.551,2.245,1.854
777,32.479,No,Non-Travel,1128.149,Sales,-1.051,2,Medical,1,1580.392,2,Female,62.247,2,1,Manufacturing Director,2,Single,5854.416,16315.448,2,Y,No,12.517,3,3,80,0,8.683,3,2,9.282,4.557,5.086,7.073
778,29.344,No,Travel_Rarely,1955.612,Sales,9.641,2,Life Sciences,1,-259.914,1,Female,52.097,2,1,Human Resources,2,Divorced,1055.907,12020.185,3,Y,No,10.888,3,4,80,1,7.189,5,3,3.867,5.837,4.003,0.556
779,29.672,No,Travel_Rarely,448.135,Research & Development,26.266,1,Life Sciences,1,830.623,1,Female,54.226,3,1,Research Scientist,1,Married,6374.022,14509.17,1,Y,No,23.465,4,1,80,3,13.487,6,3,21.41,15.057,6.006,14.973
780,19.17,No,Travel_Rarely,446.861,Research & Development,6.229,3,Medical,1,808.975,3,Male,83.498,3,1,Research Scientist,2,Single,5001.588,18927.336,1,Y,No,15.339,3,3,80,1,6.906,3,3,11.734,8.111,4.748,7.854
781,36.801,No,Travel_Frequently,940.373,Research & Development,9.597,4,Life Sciences,1,465.576,1,Female,64.058,3,1,Healthcare Representative,4,Married,-1257.26,9300.592,7,Y,No,16.921,3,3,80,3,3.428,3,3,3.655,3.698,2.063,4.348
782,20.81,No,Travel_Rarely,1294.512,Research & Development,0.056,1,Medical,1,457.073,4,Female,48.522,2,3,Sales Executive,4,Married,7911.354,10585.656,1,Y,Yes,21.122,4,2,80,0,14.488,2,1,10.733,1.52,3.745,5.722
783,31.05,No,Travel_Rarely,1175.886,Research & Development,1.905,4,Medical,1,697.738,3,Male,68.882,2,1,Sales Executive,3,Divorced,3150.951,15651.327,1,Y,No,15.797,3,4,80,1,1.595,3,3,12.555,7.155,0.873,2.139
784,19.841,No,Travel_Frequently,-298.482,Research & Development,12.031,2,Marketing,1,904.151,4,Male,35.735,3,1,Human Resources,1,Single,230.105,1509.447,0,Y,No,14.953,3,2,80,0,3.029,3,2,2.85,1.254,-3.37,1.689
785,35.016,Yes,Travel_Frequently,614.485,Sales,-2.967,2,Medical,1,805.238,1,Male,86.054,3,2,Laboratory Technician,1,Single,7457.505,22556.145,1,Y,No,21.865,4,1,80,2,21.47,3,4,13.669,3.535,4.285,8.617
786,49.561,No,Travel_Rarely,1376.871,Human Resources,-3.158,3,Human Resources,1,803.609,4,Female,113.052,2,5,Manager,1,Single,9563.379,18898.863,3,Y,Yes,17.08,4,3,80,1,19.875,2,3,14.534,2.968,4.066,3.698
787,31.756,Yes,Travel_Rarely,281.463,Sales,19.445,3,Life Sciences,1,1106.265,1,Male,57.895,4,3,Sales Executive,1,Single,6777.394,14855.148,1,Y,Yes,13.208,3,3,80,0,7.27,3,4,3.663,2.233,-0.269,6.546
788,33.205,Yes,Travel_Rarely,427.052,Research & Development,8.58,1,Medical,1,842.491,4,Male,30.514,3,1,Research Scientist,1,Married,-1195.984,12464.232,2,Y,Yes,18.245,3,2,80,3,0.734,2,3,3.88,-0.217,-1.01,0.904
789,31.738,No,Non-Travel,277.872,Research & Development,13.865,4,Medical,1,526.946,4,Male,91.018,1,1,Laboratory Technician,1,Divorced,1738.144,17606.182,1,Y,No,15.54,3,4,80,0,3.791,4,3,11.804,9.923,4.459,8.59
790,29.999,No,Travel_Frequently,268.446,Research & Development,11.885,4,Medical,1,2513.296,4,Male,76.45,1,1,Laboratory Technician,3,Single,-3462.847,21750.24,1,Y,No,13.589,3,3,80,0,6.183,3,3,7.696,4.451,-0.295,3.291
791,42.652,No,Non-Travel,666.58,Sales,8.392,2,Medical,1,2315.615,4,Male,94.942,1,2,Human Resources,4,Single,6598.694,27919.953,8,Y,No,10.67,3,3,80,0,16.312,3,3,6.05,1.412,1.729,8.329
792,43.074,Yes,Travel_Frequently,1280.687,Research & Development,12.306,3,Medical,1,1149.417,4,Female,85.39,3,2,Manufacturing Director,1,Divorced,3029.153,18897.787,7,Y,Yes,14.129,3,1,80,0,17.445,0,3,14.926,6.977,1.497,6.402
793,28.445,No,Travel_Rarely,1280.062,Research & Development,10.869,2,Medical,1,2120.161,1,Male,43.193,3,2,Research Director,3,Single,-4907.626,24093.332,8,Y,No,11.362,3,3,80,3,1.444,1,2,7.265,2.808,-0.201,8.318
794,38.562,Yes,Travel_Rarely,650.397,Research & Development,21.544,4,Technical Degree,1,1564.681,4,Female,60.057,1,3,Manager,4,Married,3692.015,18949.568,0,Y,No,13.754,3,2,80,1,13.673,2,1,11.526,9.297,3.519,4.18
795,47.68,Yes,Travel_Rarely,913.658,Sales,8.272,1,Marketing,1,1261.015,4,Male,72.535,3,2,Sales Executive,4,Single,8069.815,22051.71,1,Y,Yes,17.851,4,4,80,0,10.583,3,3,9.161,5.687,8.101,9.928
796,30.579,No,Travel_Rarely,552.45,Research & Development,12.466,3,Human Resources,1,1006.41,1,Male,81.135,2,3,Research Director,3,Married,4743.539,15418.487,6,Y,No,14.114,3,2,80,1,6.87,4,1,5.106,1.514,-0.353,2.056
797,37.849,No,Travel_Rarely,1109.404,Research & Development,14.692,5,Life Sciences,1,1385.516,1,Male,85.623,3,2,Sales Executive,1,Married,1284.168,16468.8,1,Y,No,14.404,3,4,80,1,6.338,0,3,1.319,3.948,1.223,6.404
798,35.508,No,Travel_Frequently,701.781,Research & Development,6.544,4,Medical,1,1093.303,2,Female,69.801,2,1,Research Scientist,3,Married,7057.232,2571.5,1,Y,No,13.509,3,4,80,3,11.397,3,3,7.727,0.781,1.146,4.965
799,45.719,No,Non-Travel,267.298,Research & Development,-8.127,1,Life Sciences,1,1391.06,1,Female,65.573,2,1,Human Resources,3,Divorced,8429.63,13069.767,1,Y,No,15.978,3,4,80,1,19.887,5,3,14.364,5.68,2.404,4.184
800,52.54,No,Travel_Rarely,462.16,Research & Development,-4.744,4,Life Sciences,1,925.91,4,Female,79.986,4,2,Research Scientist,1,Single,1239.143,25713.8,7,Y,No,22.109,3,2,80,1,17.245,1,2,6.579,0.795,2.178,0.503
801,41.2,No,Travel_Rarely,320.037,Human Resources,4.576,2,Medical,1,808.237,3,Female,78.24,3,5,Healthcare Representative,4,Single,11748.319,18271.39,2,Y,No,13.803,3,2,80,0,22.936,0,3,11.851,6.973,0.583,7.366
802,36.577,Yes,Travel_Rarely,1083.01,Sales,7.086,3,Medical,1,2477.79,4,Male,24.427,2,1,Research Scientist,1,Single,8605.771,2095.9,2,Y,No,21.028,3,3,80,3,18.88,3,2,24.768,4.078,10.452,7.854
803,43.133,No,Non-Travel,873.64,Research & Development,6.655,4,Medical,1,761.763,4,Male,51.031,3,2,Human Resources,3,Married,7081.612,11660.66,0,Y,No,14.359,3,1,80,0,16.226,3,3,16.553,9.28,5.432,8.913
804,42.904,No,Travel_Frequently,635.691,Research & Development,20.502,3,Human Resources,1,1081.922,3,Male,68.176,3,1,Research Scientist,3,Divorced,3123.115,23927.762,4,Y,No,11.826,3,4,80,1,3.189,2,3,-2.085,0.601,1.507,-0.033
805,31.898,No,Non-Travel,49.11,Research & Development,13.736,3,Medical,1,2284.952,2,Female,59.483,3,1,Research Scientist,1,Single,5682.406,28708.566,1,Y,No,19.571,4,2,80,2,6.359,2,2,7.375,0.391,-0.224,6.506
806,27.978,Yes,Travel_Frequently,554.855,Research & Development,6.38,4,Medical,1,1364.102,2,Male,71.045,2,4,Research Scientist,3,Married,6476.121,5887.629,5,Y,Yes,18.89,4,1,80,0,9.287,3,2,9.187,8.253,2.989,5.523
807,36.673,No,Travel_Rarely,779.617,Research & Development,-0.956,4,Life Sciences,1,676.218,3,Male,32.322,2,5,Research Scientist,3,Single,3569.656,5789.463,9,Y,No,13.427,4,1,80,1,16.588,0,1,18.352,3.064,4.324,5.402
808,36.887,Yes,Travel_Frequently,1057.16,Human Resources,0.099,4,Medical,1,385.842,1,Male,68.693,4,1,Laboratory Technician,2,Single,4254.32,13776.594,1,Y,Yes,18.145,3,4,80,0,8.044,3,2,5.269,2.129,0.224,5.994
809,28.524,No,Travel_Rarely,-239.527,Research & Development,6.557,5,Medical,1,2376.096,1,Male,85.52,3,5,Research Scientist,3,Divorced,8169.102,17145.883,2,Y,No,12.477,3,2,80,1,9.007,5,4,7.741,1.294,2.717,1.498
810,48.725,No,Travel_Rarely,898.972,Sales,18.178,3,Medical,1,211.043,2,Male,76.38,2,5,Sales Executive,4,Divorced,16253.697,15878.854,8,Y,Yes,19.064,3,3,80,1,26.074,2,3,23.956,13.316,7.514,12.755
811,55.685,No,Travel_Rarely,961.237,Research & Development,4.238,2,Life Sciences,1,2321.068,1,Female,78.429,2,4,Research Director,1,Divorced,14208.365,14364.85,2,Y,No,17.305,3,3,80,0,22.119,3,2,7.618,5.407,4.862,7.049
812,24.766,No,Non-Travel,1118.487,Sales,4.837,2,Human Resources,1,1007.852,4,Female,80.834,2,5,Sales Executive,4,Single,5131.152,13224.779,0,Y,No,12.415,3,1,80,1,1.558,2,3,2.622,2.813,-0.988,3.471
813,37.635,No,Travel_Rarely,-37.715,Sales,2.123,2,Marketing,1,268.028,3,Male,49.405,3,2,Research Scientist,4,Single,6419.872,19806.176,0,Y,Yes,13.022,3,3,80,0,17.521,0,2,11.819,3.42,3.762,4.704
814,38.135,No,Travel_Rarely,1594.203,Sales,16.062,4,Medical,1,1371.394,2,Male,82.828,2,5,Research Scientist,4,Divorced,3778.645,17498.145,0,Y,No,23.913,4,4,80,2,8.398,0,3,8.449,3.229,1.294,5.616
815,50.872,Yes,Travel_Rarely,1481.55,Research & Development,10.171,4,Life Sciences,1,1357.344,4,Male,11.024,2,2,Healthcare Representative,4,Married,19649.922,16642.473,0,Y,Yes,12.342,3,4,80,2,33.756,2,3,14.632,7.436,6.204,9.074
816,30.107,Yes,Travel_Rarely,274.076,Sales,2.012,3,Marketing,1,1248.806,3,Female,80.056,2,2,Sales Executive,3,Divorced,3217.012,11803.875,1,Y,No,18.987,4,1,80,0,12.782,0,4,12.047,11.721,2.77,9.275
817,55.358,No,Travel_Frequently,920.899,Sales,2.279,4,Life Sciences,1,1420.08,2,Male,108.327,3,5,Sales Executive,1,Married,8314.4,4468.104,5,Y,No,11.121,3,3,80,1,27.246,5,3,9.469,6.294,7.178,8.485
818,17.843,Yes,Non-Travel,72.783,Human Resources,19.917,1,Medical,1,713.042,4,Male,59.505,4,1,Research Scientist,1,Single,3771.2,23956.09,6,Y,No,16.61,4,3,80,0,7.544,6,2,-4.243,-2.702,-1.148,-0.774
819,35.501,No,Travel_Frequently,1403.158,Research & Development,11.635,2,Medical,1,-443.477,2,Female,84.968,3,2,Sales Executive,4,Divorced,1286.753,5365.257,9,Y,No,10.191,3,3,80,1,8.521,4,3,8.427,1.947,-1.468,-1.913
820,39.246,No,Travel_Rarely,261.194,Sales,21.895,1,Life Sciences,1,2279.489,3,Female,91.396,3,1,Sales Executive,2,Married,-1267.3,13442.858,1,Y,No,16.326,3,2,80,0,8.068,0,3,-0.921,0.576,-3.296,4.652
821,25.384,Yes,Travel_Rarely,602.448,Research & Development,8.595,1,Life Sciences,1,5.438,4,Male,24.293,1,1,Sales Representative,2,Single,5246.662,20765.934,1,Y,No,16.331,4,4,80,3,8.649,3,4,11.276,8.524,0.776,4.892
822,42.779,No,Travel_Rarely,513.375,Research & Development,12.829,3,Life Sciences,1,1141.16,1,Female,64.085,3,1,Research Scientist,3,Single,2891.708,19378.799,1,Y,No,14.825,3,2,80,1,5.757,4,4,8.164,5.619,0.165,3.879
823,18.003,No,Travel_Rarely,1332.382,Research & Development,15.25,2,Medical,1,978.7,4,Male,41.508,2,2,Sales Executive,2,Single,-2312.403,18839.572,2,Y,No,13.471,3,1,80,0,5.537,2,2,3.275,5.703,-0.941,3.36
824,45.257,Yes,Travel_Rarely,979.534,Research & Development,3.406,3,Human Resources,1,1399.678,1,Female,82.037,2,2,Manager,4,Married,7741.692,29101.086,0,Y,Yes,13.133,3,2,80,0,14.555,5,2,18.137,13.467,6.539,8.306
825,31.89,No,Travel_Rarely,931.798,Human Resources,-2.611,3,Medical,1,1359.333,2,Male,83.355,3,1,Healthcare Representative,1,Married,-408.693,3928.871,1,Y,Yes,11.135,3,3,80,0,8.012,5,2,5.963,4.111,0.539,0.239
826,29.576,No,Non-Travel,1005.367,Research & Development,14.156,3,Life Sciences,1,1191.328,2,Male,78.53,2,1,Research Scientist,2,Married,9318.427,15769.334,1,Y,No,9.917,3,2,80,2,8.918,4,2,4.27,-0.436,0.604,-1.336
827,48.379,No,Travel_Rarely,840.688,Sales,-2.674,3,Technical Degree,1,566.905,2,Male,101.04,2,2,Sales Executive,4,Married,13111.648,829.959,8,Y,No,13.763,3,2,80,0,18.526,3,3,9.32,7.737,1.071,8.091
828,55.275,No,Non-Travel,1060.299,Human Resources,19.39,5,Medical,1,-321.902,2,Male,131.893,4,5,Manufacturing Director,4,Single,7712.581,25017.809,7,Y,Yes,8.653,3,2,80,3,17.927,6,4,17.782,13.282,1.138,13.135
829,29.124,Yes,Travel_Frequently,677.826,Human Resources,15.827,1,Medical,1,-269.984,3,Male,47.59,3,1,Healthcare Representative,4,Single,3441.91,13616.952,1,Y,Yes,14.093,3,4,80,0,3.974,3,2,9.932,8.922,2.159,4.268
830,22.241,No,Non-Travel,201.762,Research & Development,24.039,2,Life Sciences,1,588.298,4,Female,86.845,3,1,Sales Representative,3,Divorced,-1025.325,13874.867,1,Y,Yes,12.346,3,2,80,1,-2.192,3,3,3.18,4.733,4.537,3.118
831,49.842,No,Travel_Rarely,849.301,Sales,-3.263,3,Medical,1,1237.032,3,Female,45.502,3,2,Research Scientist,3,Single,10939.148,15698.89,0,Y,Yes,17.692,4,3,80,1,24.957,3,4,15.761,5.876,-1.985,3.953
832,50.291,No,Non-Travel,574.903,Research & Development,14.628,1,Medical,1,695.177,3,Male,63.936,3,1,Research Scientist,2,Married,2781.576,29629.98,3,Y,No,20.333,4,2,80,1,6.897,3,3,0.929,1.44,-2.194,-2.663
833,40.353,No,Travel_Rarely,921.09,Sales,18.983,2,Medical,1,1361.95,4,Female,46.943,3,1,Laboratory Technician,2,Married,-4080.612,22995.533,1,Y,Yes,14.417,3,1,80,1,3.813,3,2,-1.73,-0.251,3.422,-3.312
834,44.608,No,Non-Travel,-520.479,Sales,3.387,4,Marketing,1,515.315,1,Male,56.761,3,4,Research Scientist,1,Divorced,9895.676,8860.032,3,Y,No,12.536,3,3,80,1,9.528,5,2,-0.449,7.079,-3.394,5.104
835,27.123,Yes,Travel_Rarely,686.108,Sales,7.886,2,Life Sciences,1,2313.516,4,Male,71.237,3,1,Sales Representative,3,Married,1050.527,18934.963,1,Y,Yes,17.792,4,1,80,0,6.352,3,1,7.322,3.339,1.121,5.16
836,31.539,No,Non-Travel,174.494,Sales,7.791,3,Life Sciences,1,835.456,1,Female,62.441,3,1,Research Scientist,2,Single,1693.966,13761.05,0,Y,No,19.338,4,1,80,0,-1.119,5,3,-2.121,-2.982,-5.198,-2.131
837,19.569,No,Travel_Rarely,618.235,Research & Development,7.267,3,Other,1,1155.163,3,Male,60.747,2,2,Research Scientist,4,Married,5280.139,30505.883,3,Y,Yes,16.846,3,4,80,2,4.834,3,3,2.034,3.45,1.011,1.528
838,50.038,Yes,Travel_Rarely,851.729,Research & Development,3.389,4,Life Sciences,1,617.805,1,Male,98.421,3,1,Sales Executive,1,Married,4586.328,10700.438,6,Y,Yes,18.444,4,2,80,2,20.252,5,1,3.195,5.122,-0.546,9.48
839,16.726,No,Non-Travel,22.774,Research & Development,13.065,1,Life Sciences,1,603.169,1,Male,65.507,4,1,Research Scientist,4,Married,-5041.03,14136.141,2,Y,No,16.46,4,2,80,0,-3.427,0,3,0.659,3.849,-1.839,0.378
840,34.547,No,Travel_Rarely,301.619,Sales,4.623,3,Marketing,1,1633.557,1,Male,51.526,1,2,Sales Executive,4,Single,2711.804,13977.608,2,Y,No,10.46,3,2,80,0,9.441,3,3,4.022,3.028,-1.223,4.233
841,27.067,No,Travel_Rarely,808.668,Sales,32.481,2,Medical,1,3325.258,2,Female,107.745,3,4,Laboratory Technician,3,Married,9029.919,17261.715,9,Y,No,10.108,3,4,80,2,12.342,5,3,4.501,3.177,0.259,4.753
842,16.051,No,Travel_Rarely,1425.683,Research & Development,9.424,3,Medical,1,1670.582,3,Female,49.995,2,5,Research Director,3,Single,6449.407,29025.465,1,Y,Yes,16.78,3,4,80,0,5.526,2,2,7.829,4.303,7.656,3.169
843,50.806,No,Travel_Frequently,450.81,Sales,-11.742,4,Human Resources,1,1952.682,4,Male,89.729,2,1,Sales Executive,4,Single,4363.624,16140.16,6,Y,Yes,13.037,3,2,80,0,15.746,2,4,15.858,15.546,5.439,15.357
844,29.767,No,Travel_Rarely,242.34,Human Resources,7.321,3,Life Sciences,1,2350.716,1,Female,88.231,3,1,Sales Executive,4,Married,7055.522,16750.402,3,Y,No,15.922,3,2,80,2,9.521,2,3,3.987,1.193,-0.592,0.479
845,36.124,Yes,Travel_Frequently,695.212,Human Resources,13.328,3,Life Sciences,1,1277.956,4,Male,104.714,1,5,Manufacturing Director,3,Single,1461.275,14448.61,4,Y,Yes,18.071,3,3,80,0,12.458,3,1,1.119,-1.422,0.61,2.883
846,31.648,No,Travel_Rarely,358.071,Sales,8.342,1,Marketing,1,1192.693,1,Female,67.51,2,2,Sales Executive,4,Married,-5138.168,15498.271,5,Y,Yes,18.331,3,4,80,0,12.712,6,2,6.937,4.093,6.425,6.951
847,28.036,Yes,Travel_Rarely,82.771,Research & Development,10.6,3,Life Sciences,1,1898.409,2,Female,112.314,3,1,Research Scientist,3,Single,-8832.83,34027.91,0,Y,Yes,17.065,3,2,80,0,-5.892,3,4,5.383,4.314,2.66,2.124
848,30.344,Yes,Travel_Rarely,493.777,Human Resources,11.328,3,Medical,1,1639.735,1,Female,26.163,3,3,Human Resources,3,Married,8460.4,3374.562,1,Y,No,18.259,3,3,80,0,7.491,3,4,3.515,3.74,-1.019,3.923
849,23.689,No,Travel_Frequently,370.196,Research & Development,1.506,4,Life Sciences,1,1410.856,4,Female,67.156,4,1,Research Scientist,3,Divorced,-7534.288,12165.938,2,Y,No,17.187,3,2,80,2,-3.548,5,3,-5.21,-2.009,-4.065,-3.65
850,39.225,No,Travel_Frequently,774.724,Sales,-3.192,3,Marketing,1,1449.007,2,Female,12.461,3,5,Human Resources,4,Divorced,5756.906,-3947.766,4,Y,Yes,11.948,3,2,80,1,15.866,2,4,14.638,8.344,-1.131,7.218
851,31.999,No,Travel_Rarely,759.544,Research & Development,8.138,5,Life Sciences,1,2242.566,4,Female,105.263,3,5,Laboratory Technician,1,Single,6825.188,19309.393,3,Y,No,19.084,4,4,80,1,18.853,3,3,6.981,3.701,3.886,4.634
852,26.744,No,Travel_Frequently,1185.571,Research & Development,6.824,3,Life Sciences,1,3628.125,3,Male,91.886,2,1,Research Scientist,2,Married,1777.683,-447.674,1,Y,Yes,17.709,4,3,80,1,-2.881,6,2,12.285,4.46,4.721,6.098
853,27.662,Yes,Travel_Rarely,1237.291,Sales,6.681,4,Life Sciences,1,1660.314,2,Male,70.036,3,1,Human Resources,2,Married,544.407,14197.188,0,Y,Yes,10.493,3,2,80,0,5.39,2,3,13.073,4.023,5.14,3.844
854,20.213,No,Non-Travel,222.22,Research & Development,-1.49,3,Medical,1,1203.839,3,Male,127.212,2,1,Laboratory Technician,4,Divorced,2788.223,26480.68,1,Y,No,26.069,4,3,80,2,6.281,4,2,9.368,2.956,-1.139,5.456
855,22.732,No,Travel_Rarely,638.109,Research & Development,12.057,2,Life Sciences,1,2485.544,1,Male,87.311,2,2,Research Scientist,1,Divorced,799.683,14224.23,1,Y,Yes,22.203,4,4,80,0,7.712,2,3,6.961,5.694,3.046,2.65
856,35.57,No,Travel_Rarely,509.176,Sales,16.247,2,Marketing,1,1039.123,1,Male,25.882,2,2,Sales Executive,3,Married,5233.589,-4729.222,7,Y,No,19.677,3,4,80,0,12.279,4,3,4.906,-2.839,0.835,0.296
857,39.271,No,Travel_Rarely,657.721,Sales,4.926,4,Medical,1,1285.041,4,Male,62.297,1,1,Sales Representative,1,Divorced,-1277.7,10019.179,1,Y,No,14.792,3,1,80,2,2.674,3,4,5.808,-0.278,-5.755,2.669
858,47.632,No,Non-Travel,1345.991,Sales,17.649,1,Marketing,1,59.905,4,Female,126.413,4,5,Laboratory Technician,3,Single,14327.395,12306.117,4,Y,Yes,7.254,3,3,80,0,22.706,3,3,8.936,9.12,7.169,4.263
859,36.468,No,Non-Travel,633.238,Sales,2.117,4,Medical,1,906.298,4,Male,43.027,2,3,Human Resources,4,Married,6008.534,13083.888,7,Y,Yes,9.128,3,3,80,3,18.76,4,4,7.481,4.981,1.694,5.053
860,46.733,No,Travel_Rarely,583.432,Research & Development,11.371,3,Marketing,1,2319.738,1,Male,105.895,3,2,Laboratory Technician,2,Divorced,-627.497,12396.524,4,Y,No,20.944,4,4,80,1,10.704,3,3,7.789,5.336,2.954,3.121
861,46.45,No,Travel_Rarely,1104.013,Sales,18.34,3,Life Sciences,1,928.253,4,Female,49.475,3,4,Sales Representative,2,Single,13853.307,20762.525,0,Y,No,15.235,3,3,80,0,23.493,2,3,10.363,8.09,5.918,6.846
862,36.645,No,Travel_Rarely,785.175,Research & Development,2.389,3,Life Sciences,1,591.481,4,Male,65.331,3,2,Manager,3,Divorced,11079.471,18872.922,4,Y,No,12.522,3,3,80,1,17.114,3,3,7.796,6.246,-1.389,5.367
863,28.565,No,Non-Travel,584.586,Human Resources,8.469,4,Medical,1,1594.16,1,Male,76.969,4,5,Research Scientist,1,Single,2485.214,22731.273,1,Y,Yes,18.848,3,2,80,2,2.785,2,3,5.649,0.175,1.155,6.191
864,50.841,No,Travel_Rarely,590.608,Human Resources,-19.435,3,Life Sciences,1,-455.815,4,Male,68.151,3,4,Research Director,4,Divorced,8819.533,11353.228,3,Y,No,8.039,3,3,80,3,23.802,2,3,20.79,7.25,6.804,11.566
865,18.758,No,Travel_Rarely,-17.083,Research & Development,17.269,3,Life Sciences,1,597.31,4,Female,70.016,3,2,Healthcare Representative,4,Married,3089.471,10514.489,1,Y,No,21.201,4,4,80,1,7.416,3,2,11.227,9.901,-0.565,9.318
866,30.008,No,Travel_Rarely,1002.161,Sales,0.16,2,Marketing,1,61.794,1,Male,60.829,3,5,Research Scientist,2,Married,3308.668,6470.086,1,Y,No,13.298,3,3,80,1,6.712,3,1,5.849,1.553,1.993,0.804
867,40.275,No,Travel_Rarely,619.483,Sales,-4.23,4,Life Sciences,1,1607.685,1,Male,69.578,4,2,Research Scientist,1,Single,4308.881,1732.506,1,Y,Yes,17.276,3,1,80,0,17.724,2,2,20.098,8.868,1.869,11.238
868,61.311,No,Travel_Frequently,86.091,Research & Development,12.135,4,Life Sciences,1,1871.091,4,Female,31.005,2,2,Healthcare Representative,3,Married,9467.188,21706.89,4,Y,Yes,14.943,3,2,80,1,15.131,3,1,3.329,2.269,3.692,-0.623
869,32.006,No,Travel_Rarely,641.819,Research & Development,16.609,3,Medical,1,414.824,4,Female,52.842,2,2,Research Scientist,3,Married,3022.214,26787.678,9,Y,No,10.726,3,1,80,0,8.158,2,2,4.255,5.988,5.613,3.639
870,35.765,No,Non-Travel,608.402,Research & Development,7.069,3,Life Sciences,1,974.972,4,Female,23.23,2,3,Human Resources,3,Divorced,1059.159,7091.4,2,Y,No,3.681,3,3,80,3,2.358,0,3,5.979,0.405,5.558,3.524
871,28.249,No,Travel_Rarely,354.507,Sales,14.386,3,Human Resources,1,359.502,4,Female,104.1,4,2,Research Scientist,4,Single,6929.962,1711.581,1,Y,Yes,12.718,3,1,80,0,16.246,1,3,12.864,5.755,6.574,5.181
872,50.162,No,Non-Travel,1274.246,Research & Development,17.929,4,Life Sciences,1,991.855,4,Male,70.382,2,3,Laboratory Technician,4,Divorced,7912.687,19178.684,6,Y,Yes,13.876,3,4,80,2,15.467,2,2,5.784,5.037,4.255,4.781
873,46.381,No,Travel_Rarely,1600.022,Sales,11.769,2,Technical Degree,1,254.033,2,Male,63.68,2,1,Research Scientist,3,Divorced,7903.109,15491.568,2,Y,Yes,4.981,3,3,80,3,9.718,5,2,9.476,3.726,0.233,1.889
874,18.25,Yes,Travel_Rarely,231.052,Human Resources,2.008,5,Life Sciences,1,1369.578,3,Female,59.647,4,1,Sales Representative,3,Single,-1468.835,21660.092,2,Y,No,20.685,4,3,80,0,-0.211,3,3,4.719,2.518,-0.915,0.911
875,45.675,No,Travel_Rarely,681.945,Human Resources,14.647,4,Life Sciences,1,958.2,1,Male,99.498,2,1,Healthcare Representative,4,Single,4464.9,21023.135,8,Y,No,20.37,3,1,80,1,20.543,3,4,12.041,5.973,3.711,10.165
876,34.607,No,Travel_Rarely,1032.359,Research & Development,15.036,2,Life Sciences,1,1169.112,2,Male,93.931,1,2,Research Director,2,Divorced,12404.778,17629.387,1,Y,No,16.989,3,4,80,1,10.365,4,3,4.222,4.305,3.206,3.537
877,45.001,No,Travel_Rarely,1827.052,Sales,11.533,1,Marketing,1,1526.093,4,Male,75.554,2,2,Manufacturing Director,3,Single,4873.108,1869.419,5,Y,No,18.682,3,2,80,3,11.913,3,3,-1.512,2.739,-2.888,3.292
878,33.783,Yes,Travel_Rarely,290.219,Human Resources,10.12,2,Other,1,1726.769,4,Male,130.983,4,5,Research Scientist,3,Single,6991.008,11580.413,3,Y,Yes,25.658,3,2,80,3,10.627,3,3,9.215,4.719,-0.496,4.003
879,28.001,Yes,Travel_Frequently,1077.372,Research & Development,1.071,3,Medical,1,1833.523,4,Male,51.267,3,1,Laboratory Technician,3,Divorced,-4027.846,2673.742,1,Y,No,17.808,4,4,80,2,1.039,5,3,11.134,10.716,4.38,3.577
880,18.937,No,Travel_Rarely,76.65,Sales,0.408,4,Marketing,1,1439.52,4,Male,100.884,4,4,Sales Executive,3,Single,3336.916,8163.263,0,Y,No,15.216,3,3,80,1,3.219,0,1,13.085,6.217,-2.302,5.999
881,37.646,No,Travel_Rarely,508.353,Research & Development,5.219,2,Other,1,660.105,4,Male,85.154,3,1,Research Director,4,Married,11541.426,7537.244,1,Y,No,20.57,4,3,80,2,22.841,4,3,11.155,1.283,1.766,3.064
882,46.341,No,Non-Travel,915.467,Human Resources,11.524,3,Human Resources,1,2234.132,4,Female,90.345,3,1,Sales Representative,4,Married,7137.925,27522.29,3,Y,Yes,19.719,3,3,80,0,14.083,5,3,1.859,0.096,-0.067,4.384
883,36.806,No,Non-Travel,197.807,Research & Development,2.991,3,Marketing,1,126.088,3,Female,92.167,2,1,Research Director,4,Divorced,7398.364,28282.957,1,Y,Yes,14.634,4,4,80,1,7.637,3,3,-1.064,0.89,-1.398,-0.521
884,42.217,No,Travel_Rarely,455.916,Sales,-0.853,3,Medical,1,801.416,2,Female,87.742,4,2,Laboratory Technician,2,Married,1594.243,17918.494,1,Y,No,15.777,3,4,80,0,9.081,3,3,10.788,5.689,2.626,2.87
885,21.488,Yes,Travel_Rarely,462.951,Research & Development,15.868,1,Life Sciences,1,346.52,1,Female,49.914,4,4,Research Scientist,2,Single,-2960.244,15589.666,1,Y,Yes,12.082,3,3,80,0,-5.728,3,4,4.816,3.353,3.066,5.44
886,37.453,No,Travel_Rarely,-55.113,Research & Development,4.535,3,Technical Degree,1,1858.874,3,Male,54.382,2,5,Research Scientist,2,Married,10941.268,24710.19,7,Y,No,15.244,3,2,80,0,12.742,3,3,1.337,1.61,2.177,-0.736
887,50.293,No,Travel_Frequently,1137.37,Human Resources,13.127,3,Other,1,975.787,2,Female,67.416,4,4,Human Resources,3,Single,846.739,15842.202,2,Y,No,14.353,4,4,80,0,2.174,5,2,-5.166,-3.968,-7.092,1.258
888,36.573,No,Travel_Rarely,865.698,Research & Development,12.981,3,Medical,1,646.321,4,Male,114.917,3,2,Manufacturing Director,4,Married,7063.824,6846.301,1,Y,Yes,15.226,3,4,80,0,13.121,3,2,11.681,10.912,7.464,6.984
889,50.052,Yes,Travel_Rarely,135.619,Sales,1.203,4,Life Sciences,1,1827.203,1,Male,40.59,3,2,Laboratory Technician,3,Married,8585.394,9024.289,3,Y,No,9.558,3,3,80,2,11.6,3,2,3.063,1.589,1.612,-0.593
890,29.78,No,Travel_Rarely,1166.856,Sales,23.783,4,Marketing,1,2213.306,2,Male,82.048,4,5,Healthcare Representative,3,Single,5299.464,4618.984,1,Y,No,17.866,3,1,80,0,8.586,4,3,16.676,6.161,3.695,3.147
891,11.21,No,Travel_Rarely,1514.873,Sales,-6.465,2,Marketing,1,1779.114,3,Female,102.418,2,2,Sales Executive,4,Single,9110.966,11242.66,3,Y,Yes,16.732,3,3,80,0,1.56,6,4,14.369,9.079,4.242,7.415
892,59.92,Yes,Travel_Frequently,-35.202,Sales,0.284,2,Other,1,614.838,4,Female,118.2,3,1,Human Resources,2,Married,12136.242,7843.304,1,Y,Yes,16.718,3,2,80,1,12.739,2,4,11.07,5.707,8.978,6.304
893,47.082,No,Travel_Frequently,1011.673,Sales,18.052,3,Life Sciences,1,420.27,3,Female,58.93,3,2,Human Resources,4,Married,2571.451,14232.625,1,Y,No,17.85,3,2,80,1,13.221,3,2,5.094,6.647,-4.204,-0.087
894,41.01,No,Travel_Rarely,438.097,Research & Development,8.098,4,Medical,1,1583.01,4,Female,58.515,1,3,Research Scientist,2,Divorced,8613.779,6982.655,3,Y,Yes,15.914,3,2,80,1,14.8,3,4,1.332,0.255,0.445,0.733
895,20.214,Yes,Travel_Frequently,476.528,Sales,24.609,3,Life Sciences,1,1255.33,2,Male,64.053,3,3,Manufacturing Director,1,Divorced,3546.707,21969.07,1,Y,Yes,16.868,3,4,80,1,0.957,2,4,7.234,4.689,1.165,3.219
896,30.879,No,Travel_Rarely,1141.1,Research & Development,7.159,4,Life Sciences,1,1419.249,4,Male,56.37,3,2,Research Director,3,Single,1601.673,22892.664,1,Y,No,15.69,3,4,80,0,4.823,2,2,6.447,8.675,5.559,4.712
897,29.499,No,Travel_Rarely,619.571,Sales,10.42,3,Medical,1,1005.149,1,Male,53.677,3,5,Sales Executive,1,Married,8685.221,24116.16,1,Y,No,18.219,3,4,80,1,13.961,1,3,11.026,8.712,7.222,5.056
898,46.638,No,Travel_Rarely,489.414,Sales,4.63,4,Marketing,1,611.295,4,Male,68.14,4,4,Sales Executive,3,Married,11903.58,14655.634,7,Y,No,21.273,3,4,80,2,22.501,3,3,14.625,10.568,5.424,9.057
899,39.017,No,Travel_Rarely,1235.322,Sales,7.855,2,Medical,1,1693.291,1,Male,66.852,2,3,Sales Executive,4,Single,2950.942,19594.787,1,Y,No,16.142,3,2,80,1,14.227,1,2,15.551,9.602,9.455,11.854
900,59.048,Yes,Travel_Frequently,1150.842,Sales,9.719,2,Medical,1,1032.879,2,Male,62.018,1,3,Sales Representative,3,Divorced,1016.331,11620.638,4,Y,Yes,11.624,3,2,80,1,10.702,5,1,-5.6,2.801,-0.486,-0.771
901,40.37,No,Travel_Frequently,1272.018,Human Resources,-3.743,2,Medical,1,-58.702,4,Male,70.864,2,1,Research Director,3,Married,3454.876,28543.566,1,Y,No,12.824,3,2,80,1,11.344,3,4,6.464,0.347,-0.957,-1.02
902,32.226,No,Travel_Rarely,-56.788,Research & Development,11.455,3,Life Sciences,1,1937.076,1,Female,69.14,3,1,Healthcare Representative,3,Married,-864.126,7180.446,4,Y,No,10.233,3,2,80,1,4.973,3,1,-1.238,-2.449,-2.75,-3.006
903,17.726,No,Travel_Frequently,1021.273,Sales,14.328,3,Medical,1,81.643,3,Male,64.586,3,2,Manager,4,Divorced,5969.714,18963.25,1,Y,No,17.276,3,3,80,0,10.337,2,2,8.02,3.531,2.932,5.59
904,60.409,No,Travel_Frequently,484.525,Human Resources,18.584,3,Life Sciences,1,-120.857,4,Female,100.359,2,1,Research Scientist,3,Married,12531.58,18040.518,8,Y,No,9.166,4,2,80,3,11.394,3,2,0.573,6.741,6.086,5.159
905,25.247,No,Travel_Rarely,-68.403,Sales,18.232,3,Medical,1,190.552,2,Female,66.204,3,3,Sales Executive,4,Single,8317.278,6963.898,1,Y,No,18.398,3,3,80,1,20.507,0,3,13.694,2.525,5.913,3.62
906,27.876,Yes,Travel_Rarely,75.151,Research & Development,2.509,3,Marketing,1,2556.585,1,Male,43.604,1,2,Manufacturing Director,1,Single,-2746.122,11005.734,8,Y,No,21.123,3,3,80,0,3.501,1,2,5.505,5.55,-0.263,6.391
907,45.829,Yes,Travel_Frequently,400.18,Research & Development,1.677,1,Medical,1,152.863,4,Male,77.76,2,1,Research Scientist,4,Single,12655.949,6790.706,1,Y,No,11.749,3,1,80,0,24.129,4,2,19.491,9.876,10.857,9.902
908,34.359,No,Non-Travel,479.763,Sales,15.277,3,Human Resources,1,1427.928,4,Female,61.03,2,2,Healthcare Representative,4,Single,14103.256,29222.285,1,Y,Yes,8.526,3,3,80,0,10.338,2,4,15.627,5.301,2.287,4.189
909,32.027,No,Non-Travel,-51.725,Research & Development,7.767,3,Life Sciences,1,1003.155,1,Male,36.798,3,2,Sales Executive,4,Single,1783.074,22375.486,2,Y,No,18.537,3,2,80,0,8.255,3,3,9.054,8.893,4.04,4.345
910,26.973,No,Travel_Rarely,779.634,Research & Development,5.755,3,Medical,1,1202.233,4,Male,36.466,2,2,Sales Executive,3,Married,4578.168,12349.268,4,Y,No,14.84,3,1,80,1,8.104,3,2,8.172,5.659,1.698,6.804
911,24.66,No,Travel_Rarely,407.318,Research & Development,2.9,2,Medical,1,-10.88,4,Female,27.854,2,1,Research Scientist,4,Single,5636.339,11226.097,2,Y,No,11.68,3,2,80,1,6.245,5,3,3.164,2.563,2.007,4.84
912,35.155,No,Travel_Rarely,1014.628,Research & Development,6.007,3,Marketing,1,538.001,3,Female,38.716,2,2,Manufacturing Director,4,Divorced,8342.788,15868.882,2,Y,Yes,13.557,3,3,80,1,4.078,3,3,-2.892,-1.744,-2.134,-2.075
913,27.673,Yes,Non-Travel,1956.078,Human Resources,15.709,3,Life Sciences,1,868.412,1,Male,114.032,1,3,Healthcare Representative,1,Married,11895.312,30034.49,0,Y,Yes,16.744,3,3,80,3,15.903,3,3,8.685,-1.055,7.77,0.009
914,20.74,No,Travel_Rarely,985.598,Research & Development,-6.802,3,Medical,1,1662.899,1,Male,101.774,3,1,Research Scientist,1,Married,2773.034,7252.167,1,Y,No,10.831,3,2,80,1,8.909,1,3,12.454,9.319,4.593,5.996
915,37.129,Yes,Travel_Frequently,322.373,Research & Development,-3.227,3,Marketing,1,1422.494,4,Male,44.412,2,1,Laboratory Technician,1,Married,5340.976,26887.248,4,Y,No,18.649,3,3,80,1,10.47,3,3,7.671,7.181,6.952,6.384
916,52.345,No,Travel_Frequently,959.554,Research & Development,10.002,2,Human Resources,1,745.532,4,Male,50.858,3,1,Sales Executive,3,Divorced,4591.174,18448.04,3,Y,Yes,15.537,4,4,80,1,15.483,2,3,5.541,3.244,4.286,3.892
917,59.512,No,Travel_Rarely,1275.848,Human Resources,29.568,4,Life Sciences,1,1480.082,4,Male,56.989,3,2,Manufacturing Director,3,Single,8208.369,21556.148,4,Y,No,15.411,3,2,80,0,19.011,2,1,1.75,-2.509,-6.061,-1.095
918,34.947,No,Non-Travel,429.73,Human Resources,-7.376,5,Medical,1,2199.996,3,Male,86.722,2,3,Sales Representative,4,Married,11463.538,15410.365,7,Y,No,8.025,3,1,80,3,4.739,3,1,17.505,-4.907,3.416,-1.591
919,26.054,No,Travel_Rarely,483.181,Sales,-8.704,3,Medical,1,1687.686,4,Female,39.022,3,3,Research Scientist,1,Single,7953.808,14269.974,1,Y,No,12.219,3,4,80,1,10.755,5,3,13.841,8.422,7.7,9.365
920,55.43,No,Travel_Rarely,355.698,Research & Development,12.384,4,Marketing,1,1291.766,4,Male,49.007,4,3,Healthcare Representative,1,Single,13708.276,8605.545,2,Y,Yes,17.544,3,3,80,3,24.066,2,2,7.537,3.794,2.517,4.447
921,29.552,No,Non-Travel,177.453,Sales,12.399,1,Medical,1,1239.23,4,Female,53.646,2,2,Sales Executive,2,Married,1305.152,3060.562,1,Y,No,17.411,4,4,80,0,9.332,0,4,17.931,9.291,9.167,11.051
922,39.893,No,Non-Travel,611.71,Sales,13.315,3,Medical,1,814.758,2,Male,91.301,3,3,Sales Executive,1,Married,5734.463,11579.404,1,Y,No,11.685,3,3,80,1,10.979,3,3,15.507,12.893,10.746,3.889
923,50.944,No,Non-Travel,993.917,Sales,11.9,2,Marketing,1,1176.097,2,Male,60.45,3,2,Human Resources,4,Divorced,1954.7,9741.662,8,Y,No,16.372,3,4,80,1,10.425,4,3,-1.082,-2.491,-3.86,0.486
924,43.317,No,Travel_Frequently,1347.782,Research & Development,0.944,2,Medical,1,1844.506,3,Male,18.049,2,2,Manager,3,Married,14362.159,7099.038,5,Y,No,12.797,3,3,80,1,16.759,2,3,13.0,9.245,3.951,1.473
925,26.308,Yes,Travel_Frequently,-103.942,Research & Development,7.371,5,Life Sciences,1,1224.061,1,Male,55.155,3,5,Sales Executive,4,Married,-495.413,21724.719,1,Y,No,10.63,3,2,80,3,4.028,3,2,7.396,0.732,1.987,1.423
926,24.235,Yes,Travel_Rarely,217.376,Research & Development,16.715,3,Life Sciences,1,1350.606,3,Female,53.09,2,1,Research Scientist,2,Single,-2467.58,14059.932,1,Y,No,15.498,3,4,80,0,-3.059,2,2,-4.034,0.317,-1.391,0.996
927,36.641,No,Travel_Rarely,914.874,Research & Development,3.56,4,Medical,1,1306.638,2,Female,99.832,3,2,Research Director,3,Married,6783.024,13315.541,1,Y,No,11.309,3,4,80,2,14.386,3,3,9.788,3.15,2.603,7.183
928,24.618,No,Non-Travel,724.31,Research & Development,25.013,1,Life Sciences,1,1401.267,3,Male,38.437,2,3,Healthcare Representative,1,Married,13666.211,30711.5,1,Y,No,18.07,3,3,80,1,16.265,2,3,11.98,5.861,4.845,5.194
929,25.489,Yes,Travel_Rarely,1444.162,Research & Development,22.688,3,Life Sciences,1,1221.717,2,Female,96.348,3,1,Research Scientist,3,Single,-1550.082,25435.096,8,Y,No,16.988,4,2,80,0,-1.932,3,3,-7.353,0.637,-1.074,-2.306
930,48.627,No,Travel_Rarely,647.774,Research & Development,-2.626,4,Life Sciences,1,2006.465,4,Male,70.918,3,2,Sales Representative,3,Single,2882.1,14725.876,2,Y,No,17.889,3,2,80,0,14.516,2,3,2.525,0.569,1.953,-0.926
931,39.841,Yes,Travel_Rarely,-530.358,Research & Development,0.571,2,Life Sciences,1,1258.88,1,Female,81.407,4,1,Human Resources,4,Married,5026.974,25666.559,1,Y,No,15.967,4,1,80,0,11.785,2,3,12.247,4.231,3.837,8.088
932,45.245,No,Travel_Rarely,387.359,Sales,-7.691,4,Life Sciences,1,1689.239,1,Male,43.078,2,5,Sales Executive,1,Divorced,7183.379,20690.793,2,Y,No,17.537,3,4,80,1,16.927,3,1,11.412,6.43,5.222,8.046
933,39.682,No,Travel_Rarely,1445.488,Sales,2.65,1,Human Resources,1,681.164,3,Female,81.535,3,1,Sales Representative,4,Married,6360.255,10396.003,1,Y,Yes,15.085,3,4,80,0,9.515,4,3,8.711,6.046,3.206,3.812
934,36.249,No,Travel_Rarely,-271.754,Research & Development,-9.712,2,Other,1,1173.95,3,Female,14.866,3,3,Research Director,2,Married,5476.304,11409.538,9,Y,No,9.28,3,4,80,0,7.783,1,3,8.012,6.53,5.967,7.13
935,36.87,No,Travel_Frequently,-46.268,Research & Development,6.044,5,Medical,1,1208.271,3,Female,71.159,2,2,Sales Representative,1,Married,-1245.575,-1692.426,9,Y,No,15.976,3,1,80,2,8.121,4,1,2.643,8.025,1.96,1.926
936,21.671,Yes,Travel_Rarely,768.577,Research & Development,9.307,1,Life Sciences,1,1166.859,1,Male,49.096,2,1,Research Scientist,3,Single,-3323.589,7837.102,2,Y,No,24.533,4,1,80,2,-1.775,3,3,5.254,3.01,0.51,1.752
937,32.529,No,Travel_Rarely,571.517,Research & Development,8.75,3,Medical,1,860.471,3,Male,75.59,4,1,Research Scientist,2,Single,-494.938,17058.002,2,Y,No,11.216,3,4,80,1,11.42,0,2,7.64,2.74,-1.719,3.757
938,27.711,No,Travel_Frequently,164.112,Sales,19.785,4,Marketing,1,2293.318,2,Male,50.943,3,2,Research Director,2,Single,8763.818,31858.918,3,Y,Yes,14.917,3,2,80,2,9.928,6,1,4.5,0.396,-3.723,3.008
939,36.408,No,Non-Travel,861.554,Sales,-17.68,4,Marketing,1,1698.857,3,Male,35.698,3,2,Sales Executive,2,Single,3800.114,2267.77,8,Y,No,17.707,3,4,80,0,11.72,5,3,-4.526,0.167,-3.567,2.918
940,24.033,No,Non-Travel,388.386,Research & Development,14.577,3,Technical Degree,1,673.831,3,Female,81.106,2,5,Manufacturing Director,2,Married,2580.722,2556.72,1,Y,No,17.339,4,4,80,0,15.581,3,3,15.859,8.069,7.373,3.025
941,37.987,Yes,Travel_Frequently,334.27,Research & Development,-11.504,4,Medical,1,754.825,4,Female,77.013,4,1,Research Scientist,3,Married,1098.599,6454.822,6,Y,Yes,13.035,4,3,80,1,4.52,2,3,-3.4,-2.851,-2.856,1.968
942,17.35,Yes,Travel_Rarely,380.931,Sales,34.641,5,Marketing,1,572.696,4,Male,37.549,3,1,Research Director,4,Married,3072.234,36470.312,9,Y,No,14.414,4,2,80,3,-9.024,5,4,1.526,1.358,5.981,5.694
943,59.947,No,Travel_Rarely,1626.208,Sales,10.052,4,Marketing,1,758.051,1,Male,73.875,2,2,Sales Representative,4,Divorced,14295.743,12500.99,3,Y,No,17.136,4,2,80,0,42.972,5,2,10.481,2.306,5.964,6.99
944,36.877,Yes,Non-Travel,1266.697,Sales,1.021,2,Medical,1,872.474,4,Female,82.619,3,4,Sales Executive,3,Single,6583.7,4863.178,3,Y,No,7.372,3,2,80,0,10.2,0,2,-3.175,0.239,1.495,-0.132
945,35.17,No,Travel_Rarely,270.8,Research & Development,-4.546,2,Medical,1,615.337,3,Male,31.961,4,4,Research Scientist,3,Single,7921.266,5095.55,7,Y,No,15.486,3,3,80,1,4.338,2,3,1.824,-0.014,4.325,1.222
946,31.053,No,Travel_Rarely,957.222,Research & Development,14.41,1,Medical,1,681.61,4,Male,61.86,3,2,Sales Executive,4,Single,-9.176,13072.561,6,Y,Yes,21.164,3,3,80,0,18.516,1,1,7.696,4.225,-2.367,3.615
947,29.219,No,Travel_Rarely,381.61,Sales,-8.03,3,Marketing,1,1601.079,1,Female,54.964,2,2,Sales Executive,1,Single,3196.556,11658.053,1,Y,No,17.931,3,2,80,0,8.483,2,4,6.666,4.969,3.414,6.655
948,19.462,No,Travel_Frequently,1338.274,Sales,-10.698,3,Life Sciences,1,2327.115,1,Female,114.458,1,1,Sales Representative,3,Married,668.406,14640.446,1,Y,Yes,16.694,3,1,80,0,-3.947,2,2,-0.534,1.118,-1.64,-1.067
949,28.486,No,Travel_Rarely,669.987,Sales,-13.098,4,Marketing,1,888.595,2,Female,47.834,1,3,Sales Representative,3,Single,6086.439,18975.617,7,Y,No,19.473,4,1,80,0,17.005,2,1,17.558,14.032,4.724,7.607
950,39.47,No,Non-Travel,545.158,Research & Development,8.86,1,Other,1,437.705,4,Female,9.259,3,2,Sales Representative,2,Married,651.902,30704.836,2,Y,No,21.216,4,4,80,2,4.153,4,2,7.263,6.559,5.555,7.12
951,53.32,No,Travel_Rarely,1051.771,Research & Development,8.676,4,Life Sciences,1,2147.62,1,Male,74.621,2,1,Research Director,3,Married,14692.562,7975.312,1,Y,No,12.457,3,2,80,1,26.395,2,3,19.449,11.559,9.227,6.09
952,41.317,No,Travel_Frequently,1257.987,Human Resources,5.876,1,Technical Degree,1,996.391,3,Male,77.171,1,3,Manager,3,Divorced,15911.732,21351.39,3,Y,Yes,16.401,4,4,80,3,30.311,2,3,10.741,5.578,-3.101,7.901
953,27.442,No,Travel_Rarely,722.838,Research & Development,8.37,4,Life Sciences,1,1422.888,3,Female,84.39,3,1,Research Scientist,2,Married,3754.812,15895.431,7,Y,No,13.562,3,2,80,1,3.938,0,3,1.07,4.262,-0.624,1.927
954,33.111,No,Travel_Rarely,395.38,Sales,22.403,1,Life Sciences,1,1920.89,1,Male,81.363,2,3,Sales Executive,3,Divorced,18562.938,26242.287,1,Y,No,14.159,4,2,80,2,14.802,2,3,11.877,6.682,1.918,13.807
955,40.192,No,Travel_Rarely,1081.569,Research & Development,9.204,1,Life Sciences,1,1325.069,4,Male,52.071,3,1,Research Scientist,3,Married,8601.65,26430.64,7,Y,No,17.182,3,3,80,0,13.461,3,3,8.139,5.913,1.044,4.158
956,35.892,No,Travel_Rarely,1145.497,Research & Development,10.616,2,Marketing,1,663.83,3,Female,45.719,2,2,Sales Executive,4,Married,1656.6,1806.089,6,Y,No,13.952,3,3,80,0,1.329,3,2,4.544,3.934,2.895,2.543
957,35.304,No,Travel_Rarely,454.144,Research & Development,1.901,1,Technical Degree,1,1867.668,3,Male,24.28,3,1,Laboratory Technician,3,Single,5200.028,14633.566,0,Y,No,11.183,3,2,80,0,14.039,2,2,13.484,6.715,2.628,7.113
958,37.949,No,Non-Travel,445.527,Sales,17.459,3,Life Sciences,1,1556.852,2,Female,59.697,2,2,Sales Executive,3,Divorced,6662.258,18004.266,1,Y,No,17.543,3,4,80,1,7.642,2,3,1.656,7.456,2.09,4.212
959,35.621,No,Travel_Rarely,345.746,Research & Development,4.132,3,Life Sciences,1,1164.117,4,Male,83.299,3,2,Research Scientist,4,Single,2675.004,8903.936,0,Y,No,9.452,3,3,80,0,12.179,3,2,1.402,4.522,1.747,5.392
960,39.96,No,Travel_Frequently,887.016,Research & Development,12.786,3,Medical,1,1355.569,4,Female,45.147,2,1,Laboratory Technician,2,Married,7144.314,8330.828,2,Y,No,20.157,4,4,80,1,8.43,3,3,10.163,7.178,4.132,2.08
961,16.344,No,Travel_Rarely,1077.48,Research & Development,5.577,3,Marketing,1,523.817,3,Male,109.43,3,1,Research Scientist,3,Married,-6862.374,11537.94,1,Y,No,20.939,4,3,80,2,-8.353,3,3,3.652,6.63,-0.812,2.626
962,28.069,No,Travel_Rarely,604.113,Research & Development,6.39,1,Marketing,1,1161.046,4,Male,35.51,2,5,Sales Executive,1,Single,4638.942,15949.983,0,Y,No,18.859,3,1,80,1,3.803,3,3,-4.505,3.58,-0.68,4.056
963,40.169,Yes,Travel_Rarely,617.823,Research & Development,18.876,4,Life Sciences,1,2005.526,3,Male,29.807,3,1,Human Resources,1,Single,5903.902,9495.924,3,Y,No,11.818,3,2,80,0,12.398,4,4,6.665,-0.4,0.745,5.899
964,37.47,Yes,Travel_Frequently,515.759,Research & Development,24.56,2,Marketing,1,1206.331,4,Male,80.385,3,1,Sales Executive,2,Married,3872.183,12953.186,6,Y,Yes,18.958,3,3,80,0,8.533,3,4,6.256,3.947,0.576,2.063
965,24.31,No,Travel_Rarely,904.6,Sales,13.035,3,Life Sciences,1,2029.559,3,Male,78.716,3,2,Sales Executive,1,Married,66.57,20933.256,0,Y,No,14.822,3,4,80,1,2.825,3,2,5.988,3.733,1.211,7.134
966,45.884,No,Travel_Rarely,715.605,Research & Development,3.957,3,Life Sciences,1,848.478,3,Female,48.803,3,2,Laboratory Technician,4,Married,6129.514,18797.451,0,Y,No,16.209,3,4,80,1,11.481,1,1,9.474,-0.034,-2.478,-0.486
967,26.217,No,Travel_Rarely,115.679,Research & Development,9.722,5,Life Sciences,1,2410.648,3,Male,61.836,3,1,Research Scientist,4,Married,4777.634,6171.234,3,Y,No,18.976,3,4,80,0,6.461,4,3,5.922,1.301,-1.089,1.624
968,33.35,No,Travel_Rarely,917.831,Sales,5.34,2,Medical,1,678.314,1,Male,60.257,2,2,Sales Executive,3,Single,4190.898,15103.093,1,Y,No,23.508,4,2,80,3,8.837,3,1,8.638,2.829,3.872,2.054
969,53.505,No,Travel_Rarely,8.063,Sales,-2.152,4,Human Resources,1,1166.138,4,Female,81.837,3,4,Sales Executive,1,Married,16331.293,10895.566,9,Y,No,12.725,3,2,80,0,29.344,4,3,31.379,17.819,7.771,14.319
970,45.393,No,Travel_Rarely,987.698,Research & Development,-9.306,3,Life Sciences,1,693.885,4,Female,79.41,2,4,Research Scientist,2,Divorced,11124.564,6948.362,9,Y,No,16.704,4,2,80,1,23.591,2,3,15.038,6.774,5.59,10.942
971,51.656,No,Travel_Rarely,389.41,Research & Development,18.461,3,Life Sciences,1,1606.383,4,Male,40.437,3,2,Manager,4,Married,12662.938,21784.613,0,Y,No,11.451,3,2,80,0,22.151,3,4,17.725,7.836,4.386,6.715
972,38.7,No,Travel_Frequently,710.601,Sales,9.842,2,Life Sciences,1,1027.492,1,Female,78.026,3,2,Research Scientist,3,Married,-944.421,-304.108,2,Y,Yes,10.333,3,2,80,1,11.162,2,3,5.802,0.87,-0.518,0.238
973,36.091,Yes,Non-Travel,480.963,Sales,-2.449,3,Medical,1,-130.079,2,Male,62.366,2,5,Research Scientist,2,Single,-1408.432,13433.962,1,Y,No,14.339,4,3,80,3,-0.453,2,2,3.171,-0.191,-3.176,2.727
974,33.101,No,Travel_Rarely,875.328,Research & Development,-0.578,2,Medical,1,1209.482,2,Male,57.458,3,1,Laboratory Technician,2,Married,1081.869,13256.091,7,Y,No,19.708,3,1,80,1,1.419,0,4,-6.974,-4.294,-5.927,-2.225
975,41.366,Yes,Travel_Rarely,399.806,Human Resources,-12.604,4,Human Resources,1,1233.566,1,Male,39.611,3,1,Human Resources,4,Married,1289.609,12505.844,4,Y,No,8.871,3,3,80,1,14.443,5,2,9.131,10.212,-1.191,6.961
976,50.232,No,Travel_Rarely,1179.473,Research & Development,11.206,4,Medical,1,1338.579,4,Male,40.128,4,1,Research Director,4,Single,11762.026,13107.523,2,Y,No,14.907,4,4,80,0,21.503,5,2,7.817,1.307,-1.883,0.765
977,48.072,No,Non-Travel,382.657,Research & Development,10.329,3,Life Sciences,1,840.728,4,Female,54.551,2,1,Research Director,4,Married,6081.804,11484.832,7,Y,No,19.335,3,1,80,2,8.599,6,3,4.385,1.244,3.328,0.247
978,27.034,No,Travel_Rarely,1278.008,Research & Development,21.222,4,Marketing,1,1459.89,4,Male,88.538,3,1,Manager,4,Married,6105.652,23115.012,5,Y,Yes,12.633,3,1,80,1,7.039,0,3,-1.853,1.813,2.917,1.587
979,31.777,No,Travel_Rarely,1269.191,Research & Development,4.664,4,Human Resources,1,1288.063,4,Female,70.163,4,2,Healthcare Representative,3,Married,4181.195,11778.824,3,Y,No,19.783,4,4,80,1,5.623,3,4,-5.451,-0.909,-1.792,3.358
980,53.063,No,Travel_Rarely,544.564,Research & Development,12.481,3,Medical,1,2051.031,4,Male,68.794,2,5,Manager,1,Single,13552.619,21958.398,3,Y,No,14.026,3,3,80,0,29.524,4,3,10.496,7.871,-1.687,-2.627
981,33.618,Yes,Travel_Rarely,1334.449,Human Resources,2.133,3,Marketing,1,382.962,2,Female,75.426,3,1,Manager,3,Divorced,5824.064,7854.039,0,Y,No,18.932,4,3,80,0,-0.977,2,2,-8.8,-2.862,1.572,-2.224
982,0.055,No,Non-Travel,1150.611,Sales,10.225,2,Technical Degree,1,1369.211,1,Male,55.132,2,1,Laboratory Technician,1,Divorced,-4734.374,25454.39,1,Y,No,15.957,4,4,80,3,-14.416,1,3,1.659,1.492,5.291,2.686
983,36.433,Yes,Travel_Rarely,625.949,Research & Development,4.735,3,Medical,1,1379.37,4,Male,26.35,2,5,Manager,4,Single,1629.929,14074.413,5,Y,Yes,21.42,4,4,80,0,14.595,4,2,6.814,5.093,7.436,1.424
984,46.667,Yes,Travel_Rarely,477.05,Research & Development,2.736,2,Medical,1,667.422,3,Female,54.762,3,1,Research Scientist,3,Single,6711.778,6735.749,3,Y,Yes,12.628,3,3,80,0,14.64,2,3,-5.164,-0.904,-4.46,-2.001
985,32.146,No,Travel_Rarely,834.768,Research & Development,3.438,3,Other,1,1039.078,2,Female,67.756,2,1,Research Scientist,2,Married,164.558,12960.305,8,Y,No,14.229,3,2,80,0,2.112,0,2,1.663,2.638,4.071,3.115
986,34.604,No,Travel_Frequently,331.452,Research & Development,11.463,1,Medical,1,1984.553,2,Male,76.871,4,1,Manufacturing Director,1,Married,4380.778,13144.123,1,Y,No,12.038,3,2,80,2,7.137,3,3,13.715,1.53,-4.303,4.055
987,29.979,Yes,Travel_Rarely,1249.161,Research & Development,13.982,4,Other,1,1866.704,4,Female,33.922,4,2,Human Resources,2,Married,-2110.836,17064.344,0,Y,Yes,17.339,3,3,80,1,6.127,4,3,4.114,6.586,2.973,7.402
988,35.682,No,Travel_Rarely,899.9,Research & Development,-1.468,4,Life Sciences,1,1085.404,4,Male,47.933,3,3,Manager,2,Married,10594.115,12259.823,2,Y,No,17.483,3,2,80,0,21.977,3,2,9.967,9.14,3.805,3.554
989,40.756,Yes,Travel_Frequently,740.473,Research & Development,11.685,4,Other,1,974.24,4,Female,70.098,2,1,Research Scientist,1,Single,11688.527,22683.793,9,Y,Yes,19.836,4,4,80,0,12.407,0,4,12.975,-0.322,1.576,8.83
990,13.931,No,Non-Travel,46.008,Human Resources,-2.654,3,Human Resources,1,1466.033,3,Male,41.309,3,1,Research Scientist,3,Married,-12.459,21168.74,0,Y,Yes,9.995,3,4,80,2,-0.817,3,4,3.569,1.253,3.653,1.29
991,42.32,No,Travel_Rarely,342.239,Research & Development,3.17,3,Life Sciences,1,1030.567,2,Male,79.505,3,5,Sales Executive,4,Single,10406.566,16666.547,7,Y,Yes,15.125,3,4,80,1,22.61,0,3,12.97,8.244,1.875,7.645
992,46.777,No,Travel_Frequently,20.487,Research & Development,4.762,3,Medical,1,176.786,3,Male,48.368,4,2,Research Scientist,1,Single,4299.12,13221.861,8,Y,No,15.55,3,1,80,0,14.04,3,1,10.649,5.745,0.812,6.369
993,56.003,No,Non-Travel,891.47,Research & Development,12.583,5,Technical Degree,1,1689.122,1,Female,104.174,3,4,Manufacturing Director,2,Married,7552.774,14657.687,3,Y,Yes,13.881,3,4,80,2,18.204,2,3,12.249,13.003,4.577,7.588
994,36.203,No,Travel_Rarely,-235.031,Human Resources,18.969,1,Other,1,1498.784,4,Female,81.47,4,2,Manufacturing Director,3,Single,5925.044,17057.094,3,Y,Yes,14.217,3,1,80,0,9.472,2,2,-2.376,-2.378,-5.876,-1.259
995,19.443,No,Travel_Frequently,-6.633,Human Resources,-0.028,4,Life Sciences,1,1389.648,1,Male,85.577,4,1,Manufacturing Director,3,Single,-2203.313,2865.466,4,Y,No,16.701,3,3,80,1,-4.863,2,3,-0.334,-0.702,-0.653,-1.081
996,34.035,No,Travel_Rarely,-235.239,Sales,7.179,1,Marketing,1,302.277,4,Female,44.431,4,2,Healthcare Representative,2,Married,9739.702,15334.295,1,Y,No,14.717,4,2,80,1,13.431,2,1,11.21,7.571,6.26,9.965
997,52.778,Yes,Travel_Rarely,878.132,Research & Development,-13.938,4,Life Sciences,1,1723.237,3,Male,25.439,3,1,Research Director,3,Divorced,4245.39,-1185.201,1,Y,Yes,28.613,3,4,80,2,23.505,0,1,8.401,4.298,7.359,8.841
998,24.535,Yes,Travel_Rarely,797.004,Research & Development,-3.137,3,Life Sciences,1,681.06,3,Female,96.77,2,2,Sales Executive,3,Single,588.073,8985.181,1,Y,No,8.968,3,4,80,1,6.973,6,4,16.284,7.354,9.038,9.458
999,40.684,No,Travel_Rarely,461.942,Sales,9.915,1,Life Sciences,1,522.752,4,Male,95.339,3,5,Sales Executive,1,Married,2512.125,6149.196,9,Y,No,10.41,3,4,80,0,12.36,3,1,11.444,5.542,4.932,8.61
1000,44.865,No,Travel_Rarely,976.589,Sales,6.687,5,Marketing,1,528.704,3,Male,48.505,3,2,Sales Executive,4,Divorced,4700.12,19454.799,1,Y,No,11.582,3,1,80,0,23.427,3,1,21.273,3.595,0.845,8.668
1001,18.703,Yes,Travel_Rarely,1290.913,Human Resources,-9.015,4,Marketing,1,691.214,1,Female,53.747,2,5,Human Resources,2,Single,14542.455,2857.903,1,Y,Yes,11.619,3,4,80,0,25.489,2,4,17.362,7.297,5.853,5.628
1002,32.514,No,Travel_Rarely,1339.472,Sales,6.913,4,Life Sciences,1,1894.494,3,Male,97.388,4,1,Manager,3,Married,6614.725,7278.237,1,Y,No,21.24,3,2,80,1,10.427,0,3,13.99,8.519,1.092,6.453
1003,42.445,No,Travel_Rarely,1223.419,Research & Development,8.49,5,Medical,1,1280.844,2,Female,111.785,2,5,Manager,1,Married,11787.302,14351.303,1,Y,No,22.324,3,3,80,1,16.339,5,3,0.445,-1.716,2.313,2.387
1004,25.725,No,Travel_Rarely,584.863,Sales,23.694,1,Medical,1,2289.577,4,Male,70.335,3,2,Sales Executive,3,Married,3178.584,10868.16,1,Y,No,13.234,3,4,80,2,9.035,4,3,4.599,1.641,3.218,2.937
1005,29.913,Yes,Non-Travel,798.848,Human Resources,1.828,2,Life Sciences,1,505.491,4,Female,72.266,4,1,Healthcare Representative,3,Single,7322.422,10064.166,6,Y,Yes,13.85,4,3,80,0,18.77,1,2,15.468,7.913,-1.164,7.792
1006,28.338,No,Travel_Rarely,1050.988,Research & Development,-0.84,3,Medical,1,821.063,4,Female,36.441,2,4,Research Scientist,2,Married,10355.204,20794.316,0,Y,No,14.235,3,4,80,0,12.925,2,4,4.061,0.459,1.658,4.818
1007,33.75,No,Travel_Rarely,403.966,Research & Development,20.053,3,Life Sciences,1,415.745,1,Male,73.973,3,1,Research Scientist,4,Married,7212.252,4866.86,2,Y,Yes,16.389,3,4,80,2,15.059,2,4,11.846,8.759,3.219,6.424
1008,35.776,No,Travel_Rarely,650.302,Research & Development,11.502,3,Life Sciences,1,701.222,3,Female,86.18,3,2,Manager,4,Single,9249.429,20140.123,1,Y,Yes,15.552,3,1,80,0,14.627,6,3,11.009,5.321,0.28,3.311
1009,29.226,No,Travel_Rarely,134.96,Sales,-2.307,3,Medical,1,592.264,3,Female,61.946,3,1,Sales Representative,2,Single,-4111.179,14201.87,1,Y,No,15.435,3,3,80,0,2.233,5,3,1.88,1.09,-2.73,0.088
1010,47.558,No,Travel_Rarely,1013.485,Sales,8.146,2,Marketing,1,646.514,4,Female,78.694,1,2,Sales Executive,3,Single,7069.972,22628.59,8,Y,Yes,26.227,4,4,80,0,16.038,0,3,6.312,2.271,2.427,5.705
1011,37.256,No,Non-Travel,316.273,Research & Development,-8.079,3,Medical,1,3143.864,3,Male,42.162,3,1,Laboratory Technician,2,Divorced,3317.725,8636.041,0,Y,No,12.933,3,1,80,0,6.982,6,2,10.621,5.922,2.29,2.761
1012,22.906,Yes,Travel_Rarely,1148.676,Sales,13.628,1,Marketing,1,702.973,1,Male,61.553,2,1,Sales Executive,1,Married,-969.979,9592.284,1,Y,No,22.979,3,3,80,1,-2.695,3,3,-6.063,-3.204,-1.807,-2.702
1013,52.265,No,Non-Travel,1905.983,Human Resources,12.425,3,Marketing,1,298.122,1,Male,51.129,3,5,Sales Executive,4,Single,10689.996,16299.361,2,Y,No,10.191,3,2,80,0,14.849,6,1,7.331,2.188,0.112,4.835
1014,42.9,No,Travel_Rarely,255.839,Research & Development,4.758,3,Medical,1,2079.868,3,Male,59.677,3,3,Healthcare Representative,1,Single,16561.115,19034.078,5,Y,No,20.206,4,1,80,0,25.505,2,2,11.328,6.554,2.288,5.268
1015,33.236,Yes,Travel_Rarely,452.221,Research & Development,12.802,4,Marketing,1,1186.194,4,Female,112.635,3,2,Sales Representative,1,Single,10340.156,20526.873,7,Y,Yes,19.716,4,2,80,2,9.492,0,3,3.502,7.485,2.048,3.311
1016,28.678,No,Travel_Frequently,-166.799,Sales,-0.534,3,Life Sciences,1,501.019,2,Female,68.17,3,1,Sales Executive,4,Single,97.058,21701.768,2,Y,No,19.397,4,3,80,1,-0.212,3,3,10.306,9.266,8.904,2.955
1017,25.041,No,Travel_Frequently,837.112,Sales,-3.05,3,Life Sciences,1,1212.465,4,Female,88.459,3,1,Healthcare Representative,3,Married,1792.924,8386.214,9,Y,Yes,13.768,3,1,80,1,-8.083,3,3,7.743,1.606,0.489,1.145
1018,45.318,No,Travel_Frequently,923.699,Research & Development,13.526,3,Medical,1,2215.762,4,Male,81.958,3,4,Sales Executive,3,Single,13443.033,11374.414,0,Y,No,15.208,3,4,80,1,20.686,6,3,8.602,3.191,-0.017,5.116
1019,38.667,No,Travel_Rarely,1059.173,Sales,12.378,3,Other,1,772.585,1,Male,44.226,3,2,Sales Executive,4,Single,5928.17,21431.469,1,Y,No,12.244,3,1,80,0,15.465,2,2,9.916,7.483,6.216,6.998
1020,33.952,No,Travel_Rarely,407.68,Sales,-5.001,2,Life Sciences,1,1185.131,3,Female,97.633,4,1,Human Resources,1,Married,4586.55,6014.335,0,Y,No,22.491,4,1,80,1,3.486,3,3,11.053,1.874,1.407,2.117
1021,31.979,No,Non-Travel,558.035,Research & Development,2.029,1,Marketing,1,1532.222,4,Female,91.832,2,2,Sales Executive,4,Married,8105.344,9220.865,3,Y,No,13.458,3,3,80,0,6.296,3,3,0.747,-0.518,-0.261,1.041
1022,28.425,No,Travel_Rarely,26.655,Sales,-4.754,3,Human Resources,1,1795.403,3,Male,67.641,2,1,Manager,4,Married,6082.65,21989.855,3,Y,No,10.503,3,3,80,1,7.768,2,2,9.003,9.312,6.268,5.967
1023,36.677,No,Travel_Frequently,339.962,Sales,21.078,2,Marketing,1,1170.169,2,Male,79.606,1,4,Laboratory Technician,2,Married,5892.266,2340.484,4,Y,No,14.858,3,4,80,1,12.41,2,3,12.856,8.718,5.035,6.146
1024,31.673,No,Travel_Rarely,1062.804,Research & Development,9.812,4,Medical,1,1112.663,1,Male,109.25,3,4,Sales Representative,1,Single,10576.775,18899.871,9,Y,Yes,10.295,3,3,80,0,16.434,2,3,8.692,1.947,2.399,5.022
1025,50.886,No,Travel_Frequently,134.175,Research & Development,24.42,1,Technical Degree,1,2058.478,4,Female,61.551,4,3,Laboratory Technician,3,Single,17000.75,11269.764,4,Y,Yes,20.538,3,3,80,2,31.737,3,2,12.365,4.867,6.361,5.46
1026,46.204,No,Travel_Rarely,628.128,Research & Development,-4.358,4,Life Sciences,1,1357.866,4,Male,46.262,3,4,Manager,3,Married,11020.816,8564.98,3,Y,No,16.251,3,2,80,1,20.772,3,3,11.607,8.002,4.858,6.143
1027,15.506,Yes,Travel_Frequently,1840.984,Sales,-33.23,4,Medical,1,937.573,2,Female,119.377,4,1,Sales Executive,1,Divorced,6187.766,13496.527,1,Y,No,14.302,4,4,80,3,4.976,6,4,3.653,9.316,2.5,6.63
1028,44.643,Yes,Travel_Frequently,1472.875,Sales,-7.497,2,Other,1,792.312,1,Female,78.694,2,5,Manager,1,Single,7231.706,24759.576,0,Y,Yes,13.325,4,2,80,0,1.325,3,4,5.609,4.918,3.723,4.462
1029,28.213,No,Non-Travel,1233.238,Sales,2.949,3,Life Sciences,1,588.365,1,Male,64.598,3,1,Research Scientist,4,Single,4592.42,12152.977,1,Y,No,15.78,3,4,80,1,16.629,3,2,15.525,9.138,4.188,7.775
1030,45.577,No,Travel_Rarely,914.759,Research & Development,9.932,1,Life Sciences,1,678.157,4,Male,78.381,2,2,Laboratory Technician,3,Divorced,4874.302,7222.758,6,Y,No,20.136,3,3,80,0,16.761,3,3,7.676,1.605,-2.936,2.309
1031,39.176,No,Travel_Frequently,946.085,Sales,14.789,3,Marketing,1,871.476,4,Male,29.344,3,4,Human Resources,2,Married,8809.692,9304.856,7,Y,Yes,15.476,3,2,80,0,11.098,3,2,12.832,5.878,2.927,6.736
1032,39.19,No,Travel_Rarely,227.064,Research & Development,11.544,3,Medical,1,624.057,4,Female,46.515,3,2,Research Scientist,1,Divorced,3008.204,6058.923,6,Y,Yes,18.242,3,3,80,0,10.158,3,3,15.813,12.194,1.298,10.116
1033,24.527,No,Travel_Rarely,655.554,Sales,1.501,3,Life Sciences,1,1422.773,1,Female,40.04,2,3,Research Director,4,Married,4388.203,14102.238,1,Y,No,17.721,3,3,80,1,3.682,3,3,2.091,4.89,0.011,1.615
1034,22.457,No,Travel_Rarely,570.445,Research & Development,16.778,2,Life Sciences,1,425.194,4,Male,57.429,3,1,Human Resources,1,Divorced,5150.892,21708.371,0,Y,No,24.896,4,4,80,1,8.207,3,3,-2.717,0.033,-1.803,-0.954
1035,23.743,Yes,Travel_Rarely,-63.448,Research & Development,19.224,3,Marketing,1,2278.961,4,Female,25.234,2,1,Laboratory Technician,3,Married,13092.301,16851.65,8,Y,Yes,17.406,4,2,80,1,20.77,3,2,14.666,10.633,7.448,6.208
1036,41.732,No,Non-Travel,675.796,Research & Development,-2.236,4,Marketing,1,1510.324,3,Female,77.298,2,2,Research Scientist,4,Married,8042.266,16874.574,3,Y,No,18.885,3,3,80,2,20.816,3,3,2.333,5.085,1.535,5.923
1037,46.312,Yes,Travel_Frequently,916.36,Research & Development,8.867,3,Other,1,357.573,3,Female,80.237,4,5,Research Director,1,Divorced,13310.381,11847.354,3,Y,Yes,14.341,3,2,80,0,18.696,2,2,18.732,7.726,5.762,6.452
1038,31.819,No,Travel_Frequently,267.371,Research & Development,0.504,3,Medical,1,1032.379,4,Female,84.237,3,1,Research Scientist,2,Divorced,4791.688,26980.941,9,Y,Yes,14.447,4,2,80,1,6.552,3,1,9.874,5.915,-0.786,3.677
1039,15.707,No,Non-Travel,48.609,Sales,-2.611,3,Human Resources,1,526.766,1,Female,51.609,1,4,Research Scientist,3,Single,9274.383,16326.925,0,Y,No,12.771,4,4,80,3,15.375,4,2,16.673,10.427,2.537,12.313
1040,45.529,No,Travel_Frequently,97.88,Research & Development,-6.862,5,Other,1,464.267,4,Female,55.8,1,2,Manager,1,Married,12046.921,14182.825,1,Y,Yes,15.962,4,4,80,1,17.908,6,2,5.601,1.367,4.878,2.752
1041,24.933,No,Travel_Rarely,510.505,Research & Development,7.438,3,Life Sciences,1,1913.902,3,Male,90.615,3,2,Healthcare Representative,4,Married,2020.871,4983.122,1,Y,No,15.349,4,4,80,1,3.007,6,4,12.481,5.437,4.891,7.165
1042,23.043,No,Non-Travel,1381.586,Research & Development,10.176,1,Medical,1,1162.72,3,Female,71.118,1,5,Research Director,3,Single,12631.807,10662.045,1,Y,Yes,26.79,4,3,80,1,15.804,0,3,13.938,4.489,1.839,5.387
1043,20.489,No,Travel_Rarely,408.808,Research & Development,4.553,3,Medical,1,1006.867,2,Female,87.463,3,1,Research Director,4,Single,4182.082,16673.943,1,Y,No,10.872,3,3,80,1,7.489,2,1,4.93,-0.164,0.175,1.953
1044,24.051,No,Travel_Frequently,635.307,Sales,11.005,3,Life Sciences,1,888.024,2,Male,61.46,3,2,Manager,2,Divorced,7792.41,21674.338,1,Y,No,14.229,3,2,80,1,9.433,3,3,6.733,9.258,5.459,7.485
1045,32.832,Yes,Travel_Rarely,309.915,Sales,2.722,1,Medical,1,1116.222,1,Male,29.241,2,5,Sales Executive,4,Single,7999.84,13942.636,3,Y,Yes,16.449,3,2,80,0,14.512,2,2,2.964,1.115,1.736,-1.708
1046,23.562,No,Travel_Rarely,929.799,Research & Development,12.419,3,Marketing,1,110.869,4,Male,45.751,1,4,Laboratory Technician,4,Single,13559.828,10198.559,9,Y,Yes,11.161,3,3,80,1,15.029,2,1,17.316,5.293,0.508,7.46
1047,30.836,No,Non-Travel,1104.448,Research & Development,-0.057,3,Other,1,1009.052,4,Male,52.765,3,2,Sales Executive,2,Single,9664.297,10542.124,1,Y,No,21.945,4,4,80,0,12.299,2,2,8.858,6.996,4.779,3.805
1048,33.227,No,Travel_Rarely,477.038,Sales,-1.688,2,Life Sciences,1,-39.79,3,Female,67.876,3,1,Sales Executive,2,Married,991.075,3942.062,1,Y,Yes,14.719,3,3,80,1,5.484,2,3,8.187,3.574,0.851,6.362
1049,28.567,Yes,Travel_Rarely,448.59,Sales,4.235,2,Medical,1,1272.198,4,Female,39.669,1,1,Research Scientist,4,Married,-4134.22,17117.24,7,Y,Yes,17.745,3,4,80,0,1.495,4,2,3.439,7.835,4.19,6.679
1050,39.999,No,Travel_Rarely,811.469,Human Resources,9.123,3,Human Resources,1,1332.72,3,Male,65.994,4,4,Sales Executive,3,Married,7239.858,22889.336,3,Y,Yes,15.717,3,4,80,0,8.84,2,2,0.518,-3.67,0.649,-3.863
1051,29.805,No,Travel_Rarely,1660.384,Sales,3.122,3,Other,1,668.26,3,Male,65.366,2,5,Sales Executive,2,Single,3880.45,6738.246,6,Y,No,18.989,4,3,80,0,10.524,4,4,5.121,0.48,2.162,2.062
1052,46.721,Yes,Non-Travel,255.771,Human Resources,2.743,3,Marketing,1,897.475,4,Male,8.005,4,2,Sales Executive,3,Married,3570.117,5142.618,4,Y,No,20.971,4,2,80,1,19.582,3,3,10.121,5.364,-1.853,7.017
1053,40.311,No,Travel_Frequently,696.854,Sales,19.162,4,Medical,1,667.002,3,Male,47.06,1,2,Sales Executive,1,Single,4499.422,13559.607,0,Y,Yes,12.408,3,4,80,0,16.47,3,3,12.135,6.141,1.63,7.519
1054,29.575,No,Travel_Frequently,513.024,Sales,6.314,1,Human Resources,1,968.965,1,Male,39.451,2,1,Sales Executive,4,Divorced,7109.684,11548.522,1,Y,No,13.019,3,4,80,0,5.239,1,3,6.607,0.051,2.831,6.05
1055,26.582,No,Travel_Frequently,1029.172,Sales,22.986,3,Life Sciences,1,322.722,1,Female,91.71,3,1,Laboratory Technician,1,Married,-4139.634,19302.422,2,Y,Yes,8.754,3,2,80,0,-7.027,5,2,-2.035,1.365,3.215,0.939
1056,35.362,No,Travel_Frequently,1357.567,Research & Development,1.767,4,Marketing,1,1007.536,2,Female,52.042,3,1,Sales Representative,4,Single,7117.241,14752.605,1,Y,Yes,14.277,3,3,80,0,12.998,3,3,7.156,6.255,3.74,5.141
1057,33.586,No,Travel_Rarely,731.048,Sales,-2.667,3,Marketing,1,3295.782,4,Male,70.511,1,3,Manufacturing Director,1,Married,6546.788,15815.225,2,Y,No,11.542,3,1,80,1,17.424,2,3,9.446,5.347,2.928,6.391
1058,18.653,No,Travel_Rarely,1418.861,Research & Development,13.768,5,Marketing,1,1011.174,1,Male,85.915,3,5,Sales Representative,1,Single,5181.878,11167.635,4,Y,Yes,19.593,4,3,80,1,5.169,3,3,3.116,2.894,0.947,1.069
1059,35.584,No,Travel_Rarely,1347.786,Research & Development,2.006,4,Technical Degree,1,1963.085,4,Female,63.32,3,3,Research Scientist,3,Married,3002.724,15078.296,2,Y,No,15.962,3,3,80,2,7.271,2,3,-0.311,0.761,-6.192,1.391
1060,38.064,No,Travel_Frequently,897.447,Research & Development,4.244,2,Medical,1,1815.148,4,Male,47.075,3,2,Healthcare Representative,3,Single,13095.807,6594.35,2,Y,Yes,12.103,3,1,80,0,16.331,2,1,8.973,4.832,4.923,2.538
1061,30.956,Yes,Travel_Rarely,799.04,Sales,1.332,2,Medical,1,415.166,1,Female,80.975,3,1,Research Scientist,4,Married,8264.358,6696.634,4,Y,No,10.468,3,2,80,0,15.906,2,1,11.011,1.58,3.05,-0.594
1062,43.901,No,Travel_Rarely,712.936,Human Resources,28.391,4,Technical Degree,1,1735.748,1,Female,50.46,1,2,Sales Executive,4,Divorced,3020.318,5089.537,4,Y,Yes,12.476,3,3,80,0,3.463,5,1,7.836,4.814,-2.856,1.632
1063,53.631,No,Travel_Rarely,634.546,Research & Development,6.874,3,Life Sciences,1,1328.418,2,Female,38.338,3,4,Research Director,3,Single,15433.439,6454.738,8,Y,Yes,22.37,4,3,80,0,29.805,0,3,10.805,10.862,6.337,10.534
1064,28.651,No,Non-Travel,781.486,Research & Development,11.894,3,Medical,1,1254.725,1,Male,80.291,3,3,Sales Executive,4,Divorced,8848.775,6726.39,1,Y,No,19.197,3,3,80,1,9.591,5,3,6.363,1.492,2.464,1.732
1065,35.308,Yes,Travel_Rarely,169.189,Sales,5.859,3,Medical,1,1659.095,4,Male,37.729,3,2,Sales Executive,3,Single,2569.049,14779.604,0,Y,Yes,11.624,3,2,80,0,7.043,3,3,11.219,6.646,2.023,3.501
1066,51.712,No,Travel_Rarely,346.463,Research & Development,13.698,1,Life Sciences,1,935.512,4,Female,62.067,3,2,Research Director,3,Married,8961.954,20788.555,2,Y,No,12.432,3,2,80,3,17.038,5,3,2.163,4.352,0.542,1.332
1067,22.273,No,Travel_Rarely,815.848,Sales,3.31,2,Marketing,1,-494.371,1,Male,43.349,2,3,Manufacturing Director,2,Divorced,10848.955,723.056,2,Y,Yes,19.557,3,1,80,1,12.216,2,3,11.603,8.836,-0.086,9.357
1068,27.592,Yes,Travel_Frequently,988.563,Sales,16.672,4,Life Sciences,1,1763.866,2,Female,85.551,3,1,Sales Representative,2,Single,-5565.416,11942.321,2,Y,Yes,18.692,3,1,80,0,1.43,2,3,2.025,-0.611,2.481,-0.725
1069,13.301,No,Travel_Rarely,-54.884,Research & Development,1.933,2,Medical,1,963.072,2,Male,69.463,2,1,Research Scientist,4,Divorced,2688.095,14262.157,0,Y,Yes,17.409,4,4,80,2,-0.325,0,3,3.816,3.663,3.405,4.445
1070,27.752,No,Travel_Rarely,-500.279,Research & Development,3.068,2,Life Sciences,1,2155.96,2,Male,50.386,2,1,Research Scientist,4,Single,5371.682,22799.162,0,Y,Yes,20.225,3,4,80,0,16.704,3,3,12.198,5.363,3.059,4.759
1071,28.342,No,Travel_Rarely,652.967,Sales,11.686,4,Medical,1,945.75,4,Male,43.845,4,1,Manager,3,Married,6502.673,12465.335,0,Y,No,17.869,3,4,80,0,0.538,2,3,9.287,3.914,1.504,2.986
1072,36.523,No,Travel_Rarely,-310.44,Sales,4.983,2,Medical,1,2142.675,2,Female,82.345,4,1,Research Scientist,1,Married,6657.67,13827.766,4,Y,Yes,9.066,3,4,80,1,15.582,1,4,11.015,4.146,0.111,5.863
1073,37.68,No,Travel_Frequently,549.217,Research & Development,-2.268,5,Medical,1,263.371,2,Male,49.024,3,4,Research Scientist,3,Divorced,4004.0,16889.582,9,Y,Yes,20.703,3,2,80,0,15.037,5,2,9.507,3.285,5.458,3.01
1074,32.821,No,Travel_Frequently,214.878,Sales,4.311,1,Medical,1,2044.736,2,Female,100.031,2,2,Sales Executive,2,Married,851.753,2328.028,1,Y,Yes,17.094,3,4,80,1,0.858,3,2,-3.899,-2.521,-0.992,-2.511
1075,35.015,No,Travel_Rarely,800.767,Human Resources,11.104,3,Medical,1,1189.434,3,Male,57.594,3,1,Sales Representative,2,Married,9061.223,15053.104,2,Y,No,11.852,3,3,80,1,13.82,4,4,14.53,7.739,2.371,5.9
1076,45.379,Yes,Travel_Rarely,-639.669,Sales,18.664,3,Life Sciences,1,791.254,4,Male,60.813,4,2,Sales Executive,2,Divorced,15218.201,17466.652,3,Y,No,13.552,3,3,80,2,22.766,3,4,7.114,5.304,2.464,3.771
1077,52.023,No,Travel_Rarely,696.463,Research & Development,4.745,1,Life Sciences,1,1528.665,4,Female,69.485,2,2,Sales Executive,4,Married,16128.07,8875.044,5,Y,No,16.872,4,4,80,0,25.617,5,3,16.884,6.725,6.644,9.256
1078,36.243,No,Non-Travel,655.067,Human Resources,-0.742,3,Medical,1,2424.537,2,Male,83.209,2,5,Manager,2,Divorced,7212.461,10901.781,2,Y,No,19.932,3,1,80,3,11.331,3,3,3.8,-0.673,-2.504,1.236
1079,33.16,No,Travel_Rarely,673.628,Research & Development,3.707,4,Medical,1,1355.161,4,Female,67.57,2,1,Research Scientist,1,Married,-457.971,15821.994,3,Y,No,21.219,3,1,80,2,8.819,3,3,3.059,3.622,6.371,0.673
1080,31.122,No,Travel_Rarely,934.746,Research & Development,3.584,3,Marketing,1,1469.633,3,Male,47.732,3,2,Sales Executive,4,Married,4354.559,17813.357,4,Y,No,12.15,3,1,80,1,10.409,3,3,3.257,2.426,-0.225,0.846
1081,25.685,No,Travel_Rarely,1392.934,Research & Development,16.877,2,Medical,1,405.755,4,Male,52.889,3,2,Research Scientist,1,Divorced,-4229.444,29057.809,2,Y,Yes,20.904,3,1,80,0,1.99,3,3,1.459,6.261,-2.106,3.399
1082,13.853,No,Non-Travel,364.682,Research & Development,7.992,3,Medical,1,1830.102,4,Female,101.437,3,2,Research Scientist,1,Married,6116.467,11409.404,1,Y,No,22.387,4,1,80,1,-2.149,3,4,-0.282,1.379,0.49,-1.775
1083,48.463,No,Travel_Rarely,76.255,Sales,22.692,4,Medical,1,1210.985,1,Female,69.799,4,2,Research Director,4,Married,7123.675,8477.87,9,Y,Yes,16.212,4,4,80,1,8.378,3,3,-6.483,-2.373,-3.916,-2.452
1084,54.405,No,Travel_Frequently,1163.96,Sales,11.44,4,Other,1,1818.49,1,Female,96.574,4,3,Sales Executive,3,Single,10504.53,10093.451,8,Y,Yes,22.2,3,3,80,0,20.056,4,1,11.419,4.737,1.665,9.754
1085,28.455,Yes,Travel_Rarely,730.647,Sales,20.11,5,Medical,1,1941.271,2,Male,63.646,3,1,Laboratory Technician,3,Divorced,8563.821,4876.419,3,Y,No,12.785,3,1,80,1,11.198,5,2,3.067,0.242,0.903,0.339
1086,17.44,No,Travel_Frequently,798.877,Sales,13.135,1,Marketing,1,-129.097,2,Female,46.408,2,2,Manufacturing Director,2,Married,-2252.017,24168.451,0,Y,No,16.369,4,3,80,0,-4.208,3,3,4.263,6.961,1.254,5.591
1087,26.893,No,Travel_Rarely,1506.177,Sales,18.093,1,Technical Degree,1,1042.76,3,Male,91.718,1,2,Sales Representative,2,Divorced,3442.255,12439.785,1,Y,No,24.651,3,4,80,0,9.813,3,3,3.885,3.158,0.289,5.097
1088,26.129,No,Travel_Rarely,80.296,Human Resources,1.842,1,Medical,1,1730.002,2,Female,64.73,3,2,Sales Representative,4,Married,4696.648,14460.162,3,Y,No,18.53,4,3,80,1,6.223,0,3,3.163,3.013,1.414,0.572
1089,27.145,No,Travel_Rarely,733.545,Research & Development,13.373,2,Life Sciences,1,1615.344,4,Female,97.21,3,2,Healthcare Representative,1,Married,4930.568,11061.469,0,Y,Yes,15.091,3,1,80,0,-0.497,0,3,2.52,2.959,-2.263,3.968
1090,30.74,No,Travel_Rarely,1159.189,Sales,11.511,2,Life Sciences,1,1195.29,4,Male,43.893,3,1,Research Scientist,4,Married,1578.51,14855.788,1,Y,Yes,17.21,3,4,80,1,4.234,2,2,8.897,3.294,1.609,3.744
1091,32.347,No,Travel_Rarely,1525.158,Research & Development,3.614,2,Life Sciences,1,571.284,4,Female,119.986,1,1,Research Director,1,Divorced,4642.328,14649.791,7,Y,Yes,20.653,4,4,80,1,5.143,2,3,7.547,5.681,-2.892,5.582
1092,24.085,No,Travel_Rarely,240.463,Research & Development,4.919,2,Other,1,1058.115,1,Male,79.891,4,4,Sales Executive,2,Married,8727.724,27894.186,1,Y,No,13.653,3,4,80,2,13.449,2,3,10.437,7.335,3.779,5.807
1093,42.676,Yes,Non-Travel,980.777,Sales,13.935,2,Marketing,1,1661.162,1,Male,87.979,1,3,Healthcare Representative,1,Married,19251.031,5855.554,9,Y,Yes,16.475,3,4,80,1,26.623,2,2,11.395,6.468,8.419,11.163
1094,35.066,No,Travel_Rarely,566.334,Research & Development,15.278,3,Life Sciences,1,1248.109,4,Female,55.527,3,1,Research Scientist,2,Single,6482.304,20637.145,2,Y,No,10.842,3,4,80,0,17.562,4,3,1.636,1.724,5.205,1.453
1095,34.645,Yes,Travel_Rarely,1222.199,Sales,8.632,2,Medical,1,1041.038,1,Female,57.399,2,5,Research Scientist,4,Married,10680.973,5307.232,4,Y,No,16.044,3,3,80,0,9.899,6,2,18.502,11.985,5.917,13.498
1096,29.829,No,Travel_Frequently,457.127,Sales,-11.406,2,Marketing,1,1363.73,4,Male,46.112,2,1,Sales Executive,2,Married,381.282,13284.402,1,Y,No,17.894,3,3,80,1,6.48,3,3,5.732,1.645,0.696,5.184
1097,22.304,No,Non-Travel,-242.352,Human Resources,-6.886,4,Marketing,1,1695.464,3,Male,80.019,2,3,Sales Executive,4,Married,6382.067,15636.438,1,Y,No,17.623,4,3,80,1,3.767,0,2,1.436,2.126,4.803,3.376
1098,30.021,No,Travel_Rarely,1229.612,Research & Development,-10.633,2,Medical,1,602.806,2,Male,48.943,3,2,Research Scientist,1,Single,1445.445,20103.426,4,Y,No,14.695,3,3,80,0,1.977,3,3,3.338,5.828,3.467,3.493
1099,20.859,No,Travel_Rarely,-32.145,Research & Development,12.227,3,Medical,1,1150.554,3,Female,81.647,4,1,Manager,2,Married,8759.106,22659.316,1,Y,No,15.178,4,3,80,1,5.472,2,2,7.219,0.907,-2.485,3.156
1100,33.724,No,Travel_Frequently,972.111,Human Resources,12.836,4,Medical,1,2013.399,2,Male,88.95,3,3,Sales Executive,3,Single,-658.485,19692.244,1,Y,Yes,6.741,3,2,80,0,-0.667,5,2,2.532,6.975,-1.796,1.112
1101,32.83,Yes,Travel_Rarely,826.587,Sales,3.027,4,Medical,1,872.582,4,Male,15.81,3,4,Healthcare Representative,2,Single,10421.48,11774.175,6,Y,Yes,6.376,3,2,80,3,11.758,3,4,-0.301,-2.903,-0.152,0.639
1102,32.262,No,Travel_Rarely,525.537,Sales,13.27,2,Marketing,1,1006.47,2,Male,52.978,3,2,Sales Executive,3,Married,7432.344,9947.936,2,Y,No,14.319,3,4,80,0,9.877,2,3,0.925,-0.387,-4.228,0.323
1103,30.58,No,Travel_Rarely,171.886,Sales,30.249,1,Marketing,1,330.467,3,Female,69.23,3,2,Sales Executive,3,Married,14891.498,14704.324,9,Y,Yes,18.08,4,2,80,1,26.395,0,4,17.851,13.845,6.227,7.49
1104,43.891,Yes,Travel_Rarely,911.264,Research & Development,25.633,3,Medical,1,1649.81,3,Male,78.775,3,1,Research Scientist,1,Single,6379.078,18200.232,0,Y,Yes,14.286,3,2,80,0,19.145,6,2,4.592,-0.33,4.664,1.715
1105,34.42,No,Travel_Frequently,1780.565,Sales,1.473,3,Medical,1,1767.535,4,Female,56.686,3,3,Manufacturing Director,3,Divorced,-70.119,17170.047,1,Y,Yes,9.118,3,3,80,1,1.754,6,3,2.716,7.398,2.737,5.309
1106,28.486,Yes,Travel_Rarely,285.071,Research & Development,8.53,3,Medical,1,678.889,3,Female,55.583,3,1,Research Scientist,2,Married,671.825,17153.79,1,Y,Yes,13.815,3,1,80,0,12.422,3,3,3.963,2.659,-0.141,0.054
1107,25.704,No,Travel_Rarely,1013.54,Research & Development,5.069,3,Life Sciences,1,2039.463,3,Female,79.062,3,2,Manufacturing Director,4,Single,-688.326,8338.344,1,Y,Yes,19.049,3,3,80,1,4.609,0,3,10.453,1.531,1.959,3.227
1108,30.273,No,Travel_Frequently,656.674,Sales,25.095,4,Medical,1,983.706,4,Female,74.819,3,2,Sales Executive,3,Single,8668.69,9489.426,8,Y,No,20.883,4,4,80,0,14.439,5,3,7.077,-0.044,3.782,2.441
1109,26.321,No,Travel_Frequently,1545.829,Research & Development,5.571,3,Medical,1,1479.732,1,Female,36.913,2,2,Human Resources,4,Single,9182.655,13924.306,9,Y,No,15.202,3,4,80,2,9.03,2,3,4.338,1.965,1.171,3.693
1110,35.035,Yes,Travel_Rarely,600.767,Research & Development,9.887,1,Medical,1,1313.155,4,Male,37.502,3,5,Sales Executive,1,Single,14786.23,9541.324,4,Y,Yes,10.705,3,3,80,0,22.587,2,3,11.302,9.341,2.531,8.891
1111,48.147,No,Travel_Rarely,1068.527,Research & Development,3.145,1,Life Sciences,1,919.317,1,Male,64.292,3,1,Sales Executive,3,Divorced,7875.26,12377.561,3,Y,Yes,14.249,3,2,80,0,11.084,2,3,6.197,0.924,4.278,6.479
1112,30.748,Yes,Travel_Rarely,-82.585,Research & Development,13.231,2,Technical Degree,1,2212.376,4,Male,107.085,3,4,Manager,2,Married,15497.402,-3808.478,7,Y,Yes,14.268,3,4,80,1,16.419,4,4,12.789,6.506,1.452,5.627
1113,37.298,No,Travel_Rarely,550.461,Human Resources,2.435,2,Medical,1,1397.714,4,Male,96.599,3,1,Human Resources,3,Married,5782.346,4123.526,6,Y,Yes,15.069,3,4,80,1,12.149,3,3,8.956,0.626,4.651,2.737
1114,26.091,Yes,Travel_Rarely,1891.397,Sales,15.993,1,Other,1,1305.047,2,Male,81.18,2,2,Sales Executive,3,Divorced,796.321,14126.942,8,Y,Yes,14.622,4,1,80,2,3.087,2,4,11.549,0.556,1.157,3.865
1115,38.877,No,Travel_Frequently,316.302,Research & Development,-4.173,3,Life Sciences,1,813.167,2,Male,90.151,3,2,Laboratory Technician,2,Married,7415.864,13447.653,0,Y,Yes,19.837,4,2,80,1,0.469,2,3,4.198,2.752,2.459,4.341
1116,38.484,No,Travel_Frequently,887.454,Research & Development,4.895,3,Medical,1,1453.474,4,Male,47.02,3,1,Research Scientist,2,Single,1910.297,15557.549,6,Y,Yes,21.297,4,3,80,0,11.022,3,3,0.265,2.261,-3.288,0.776
1117,29.695,Yes,Travel_Frequently,985.095,Sales,15.295,3,Medical,1,1206.146,2,Male,97.162,2,3,Sales Executive,2,Married,11898.854,10465.727,0,Y,Yes,16.227,3,2,80,1,6.339,5,4,-1.124,-0.806,2.888,-1.853
1118,46.415,No,Travel_Rarely,507.977,Research & Development,17.733,3,Life Sciences,1,666.291,4,Male,69.938,2,1,Healthcare Representative,2,Married,6487.654,9648.633,1,Y,Yes,16.026,3,2,80,1,20.351,3,3,16.754,9.724,8.157,8.453
1119,37.774,Yes,Non-Travel,290.846,Human Resources,0.471,3,Medical,1,1479.443,3,Male,42.507,2,1,Sales Executive,1,Divorced,8681.587,10371.417,4,Y,Yes,21.716,4,2,80,0,15.948,3,3,8.338,6.167,6.388,7.213
1120,34.74,Yes,Travel_Frequently,428.883,Sales,24.644,3,Life Sciences,1,1005.209,4,Male,18.733,1,1,Research Director,3,Single,6680.07,10141.023,2,Y,Yes,17.072,3,2,80,1,5.636,2,2,-0.704,2.285,1.111,-1.542
1121,24.588,Yes,Travel_Rarely,162.544,Research & Development,16.745,4,Marketing,1,651.536,3,Male,26.043,3,1,Sales Representative,4,Single,1656.622,5629.415,1,Y,No,9.133,3,1,80,0,0.001,0,2,-3.037,-0.429,0.881,2.078
1122,27.669,Yes,Travel_Rarely,1002.728,Sales,17.821,4,Medical,1,441.37,3,Male,78.563,3,3,Sales Executive,1,Divorced,3733.166,-896.473,1,Y,Yes,12.553,3,4,80,0,3.758,2,2,8.952,3.699,-1.367,5.758
1123,23.019,No,Travel_Rarely,985.523,Research & Development,8.596,3,Marketing,1,839.676,4,Male,75.532,1,2,Manufacturing Director,2,Divorced,3623.152,10880.909,1,Y,No,15.092,3,2,80,0,0.734,5,3,7.974,7.999,-0.274,5.197
1124,29.101,No,Travel_Rarely,410.728,Research & Development,-4.67,3,Life Sciences,1,1688.293,3,Female,67.029,3,1,Research Director,3,Married,924.059,22367.576,1,Y,No,14.229,3,1,80,1,7.402,6,3,10.108,7.953,1.539,7.135
1125,51.178,No,Travel_Rarely,787.518,Research & Development,5.964,2,Other,1,714.426,3,Female,58.769,2,4,Human Resources,2,Divorced,7460.275,11171.244,8,Y,Yes,14.184,3,2,80,1,14.578,3,3,2.429,-0.312,0.654,-1.732
1126,35.327,No,Travel_Frequently,179.142,Research & Development,23.619,3,Medical,1,933.165,3,Female,100.414,3,1,Research Scientist,4,Divorced,5664.954,25867.045,0,Y,No,17.204,4,3,80,0,16.592,2,2,14.291,7.03,2.42,3.575
1127,34.036,No,Non-Travel,985.046,Sales,-5.59,3,Medical,1,2080.226,4,Male,55.137,2,1,Research Director,2,Single,8089.582,20481.328,3,Y,No,9.611,3,4,80,0,13.799,3,3,7.33,5.461,2.382,1.787
1128,35.942,Yes,Non-Travel,863.771,Research & Development,-7.444,3,Life Sciences,1,1494.98,1,Male,50.606,3,1,Research Scientist,3,Single,-2921.529,5100.257,2,Y,Yes,10.606,3,3,80,3,4.418,4,3,-6.903,-5.325,0.516,-5.905
1129,59.582,No,Travel_Rarely,580.073,Research & Development,3.373,2,Life Sciences,1,839.186,3,Male,71.466,3,4,Manager,2,Divorced,11765.718,8279.1,2,Y,Yes,11.407,3,2,80,2,26.613,3,4,11.307,0.612,-0.461,0.373
1130,43.21,No,Travel_Rarely,473.354,Sales,5.229,1,Life Sciences,1,716.594,3,Male,43.553,3,2,Manager,2,Single,12198.843,12607.028,2,Y,No,12.343,3,4,80,0,19.228,2,4,5.885,0.579,0.789,0.669
1131,18.642,Yes,Travel_Rarely,423.881,Sales,11.594,5,Medical,1,1534.026,1,Male,32.001,3,1,Sales Representative,3,Single,3262.584,17432.73,1,Y,Yes,15.097,3,4,80,0,-0.585,3,3,7.845,0.165,-3.851,1.072
1132,39.618,No,Travel_Rarely,632.168,Research & Development,1.477,3,Other,1,2821.898,3,Female,59.366,3,1,Human Resources,3,Married,10150.227,12445.48,7,Y,No,12.49,3,2,80,1,16.032,3,2,17.437,4.83,5.131,8.509
1133,48.168,Yes,Travel_Rarely,545.741,Research & Development,-3.69,4,Marketing,1,106.157,3,Female,91.073,3,1,Research Scientist,4,Single,2118.14,16633.541,8,Y,No,14.559,3,3,80,0,11.243,2,2,6.098,1.612,0.555,1.752
1134,44.618,No,Non-Travel,1138.847,Sales,13.94,4,Medical,1,1034.127,1,Female,110.173,1,2,Research Director,1,Single,8067.496,15008.019,1,Y,Yes,9.827,3,4,80,0,14.269,5,2,5.303,7.9,2.949,3.087
1135,39.597,Yes,Non-Travel,801.11,Sales,11.216,3,Human Resources,1,1950.563,1,Female,81.348,2,5,Manager,3,Married,8366.094,11248.847,2,Y,No,12.435,3,4,80,1,24.159,4,1,9.621,7.172,0.857,11.07
1136,33.535,No,Travel_Frequently,989.683,Research & Development,2.422,2,Medical,1,2164.098,4,Female,70.614,4,1,Research Scientist,3,Married,-3679.535,10124.641,8,Y,No,10.764,3,3,80,0,4.466,5,3,-6.986,-0.506,-3.188,-6.197
1137,39.978,No,Travel_Rarely,926.425,Research & Development,-2.679,1,Medical,1,885.668,1,Female,59.667,2,2,Manufacturing Director,3,Married,8149.6,11071.779,3,Y,No,19.541,4,2,80,1,17.667,1,4,2.777,3.641,-1.475,0.253
1138,32.194,No,Travel_Rarely,308.628,Research & Development,9.624,3,Medical,1,2065.546,4,Female,81.005,3,5,Research Scientist,3,Married,4005.415,19204.4,3,Y,No,13.83,3,2,80,1,3.574,3,4,7.631,4.235,5.778,3.905
1139,53.054,Yes,Travel_Frequently,309.254,Human Resources,-13.759,1,Life Sciences,1,1274.659,4,Female,108.017,3,5,Manager,3,Single,8348.703,21137.674,5,Y,Yes,30.535,4,4,80,0,16.042,5,3,15.565,9.843,-3.232,2.728
1140,58.244,Yes,Travel_Rarely,531.876,Research & Development,10.642,4,Marketing,1,767.516,1,Female,78.282,4,1,Laboratory Technician,1,Single,9614.855,10890.949,3,Y,No,13.78,3,4,80,0,16.288,3,3,0.683,2.52,1.537,0.696
1141,38.115,No,Travel_Rarely,919.056,Research & Development,5.488,1,Life Sciences,1,1491.596,4,Female,13.953,3,1,Research Scientist,4,Married,3929.047,8716.123,2,Y,No,16.963,3,2,80,1,13.768,2,3,10.793,5.159,-0.215,8.841
1142,35.294,No,Travel_Rarely,469.954,Sales,-2.822,2,Medical,1,1454.89,1,Female,51.231,2,2,Sales Executive,4,Married,3961.158,23564.623,6,Y,No,9.885,3,3,80,0,12.423,2,2,2.703,3.822,-0.034,1.091
1143,39.489,No,Travel_Rarely,236.466,Human Resources,15.334,3,Medical,1,1237.444,1,Male,80.562,3,1,Research Scientist,2,Divorced,4975.41,20712.555,0,Y,No,17.037,4,2,80,1,13.51,4,2,12.403,5.582,3.757,7.05
1144,11.021,Yes,Travel_Rarely,552.317,Sales,20.15,4,Medical,1,1303.335,3,Male,48.718,3,2,Healthcare Representative,1,Single,872.33,10648.781,1,Y,No,14.171,3,1,80,3,4.756,2,4,9.971,2.133,1.329,6.107
1145,35.713,No,Travel_Rarely,592.618,Sales,5.253,4,Marketing,1,1115.13,3,Male,95.941,3,2,Sales Executive,1,Married,7835.278,12313.372,2,Y,No,15.131,3,2,80,1,12.116,2,4,15.487,4.374,3.639,7.776
1146,31.047,No,Non-Travel,965.993,Human Resources,-5.809,3,Medical,1,1099.822,2,Male,67.514,1,2,Healthcare Representative,3,Married,12520.168,19021.943,1,Y,Yes,19.886,3,3,80,1,10.589,6,3,15.446,7.712,3.657,4.293
1147,49.358,No,Travel_Rarely,1375.956,Research & Development,6.37,5,Other,1,-152.142,3,Male,58.946,4,4,Healthcare Representative,1,Divorced,8837.414,24317.492,1,Y,Yes,15.564,3,3,80,1,23.733,1,3,18.625,8.688,3.218,10.577
1148,39.468,No,Travel_Rarely,871.442,Research & Development,10.546,3,Technical Degree,1,989.267,4,Male,35.37,2,2,Manufacturing Director,2,Married,5366.144,20359.414,2,Y,Yes,18.634,3,3,80,0,8.088,2,2,7.741,6.15,3.858,5.445
1149,31.301,No,Travel_Frequently,209.804,Research & Development,-3.097,3,Medical,1,951.397,2,Female,85.381,3,4,Research Scientist,3,Married,9084.58,17327.05,2,Y,Yes,18.531,3,4,80,0,4.68,2,3,0.398,4.102,2.273,3.611
1150,49.217,Yes,Travel_Rarely,358.316,Research & Development,27.397,3,Technical Degree,1,-1435.389,1,Male,61.774,1,4,Manufacturing Director,2,Single,6634.719,12358.367,7,Y,No,22.397,3,2,80,3,20.418,3,3,7.871,4.374,6.395,8.74
1151,36.912,Yes,Travel_Frequently,747.731,Human Resources,9.806,5,Human Resources,1,714.745,4,Male,64.48,3,4,Human Resources,1,Married,10057.005,-12819.226,2,Y,Yes,13.391,3,4,80,2,16.59,4,2,20.645,5.284,12.118,9.794
1152,25.926,No,Travel_Rarely,-111.515,Sales,8.782,4,Medical,1,372.62,2,Female,79.077,1,2,Sales Executive,1,Divorced,9432.779,20162.008,1,Y,Yes,18.345,4,2,80,1,10.765,5,2,5.138,6.367,3.902,6.883
1153,48.077,No,Travel_Frequently,730.395,Research & Development,11.711,2,Life Sciences,1,2665.177,4,Female,81.193,3,2,Manager,3,Married,10258.602,4134.492,0,Y,Yes,11.694,3,3,80,1,11.946,3,1,17.029,3.676,3.115,0.18
1154,43.231,No,Non-Travel,1228.982,Research & Development,-2.021,3,Medical,1,1920.384,2,Male,46.887,4,5,Research Scientist,2,Divorced,6451.822,23289.596,1,Y,No,21.406,4,3,80,1,9.816,2,3,5.857,0.012,3.677,2.43
1155,36.057,No,Travel_Rarely,988.026,Research & Development,1.232,4,Life Sciences,1,1341.983,4,Male,58.656,3,1,Research Scientist,3,Divorced,6052.693,5318.255,8,Y,No,13.655,3,2,80,1,8.083,2,2,0.987,3.404,2.812,2.13
1156,47.069,No,Travel_Rarely,183.286,Research & Development,8.425,4,Marketing,1,1783.316,1,Male,54.804,3,1,Research Director,3,Married,8679.696,16850.457,0,Y,No,12.493,3,2,80,1,18.751,2,2,1.423,3.541,-2.512,2.676
1157,48.215,No,Non-Travel,506.51,Research & Development,3.064,4,Medical,1,1154.173,3,Male,65.345,3,4,Research Scientist,4,Married,10603.471,11031.316,4,Y,No,13.374,3,3,80,2,22.587,0,4,15.532,7.405,1.129,5.985
1158,48.385,No,Travel_Rarely,862.654,Research & Development,17.985,2,Medical,1,1242.2,3,Male,44.758,3,2,Laboratory Technician,4,Divorced,9204.198,17943.87,8,Y,No,16.97,3,4,80,3,18.006,1,3,9.215,6.732,0.679,5.844
1159,27.262,Yes,Travel_Rarely,237.601,Sales,11.152,2,Medical,1,1099.115,4,Female,47.33,3,4,Sales Executive,4,Single,7329.264,10358.289,1,Y,No,15.397,3,1,80,0,11.042,3,2,7.553,6.404,2.293,3.413
1160,19.662,No,Travel_Rarely,787.77,Human Resources,5.361,5,Marketing,1,2171.906,4,Male,45.446,3,1,Research Scientist,2,Single,5.275,4008.768,1,Y,Yes,16.451,3,3,80,0,-3.341,3,2,-4.478,-2.057,0.296,2.504
1161,34.515,Yes,Travel_Rarely,927.79,Sales,21.433,2,Marketing,1,1452.63,2,Female,92.39,1,2,Sales Executive,4,Single,-6135.855,147.805,8,Y,No,14.884,3,3,80,0,4.982,3,3,4.255,-1.137,-0.595,1.421
1162,36.097,Yes,Travel_Frequently,-43.529,Sales,10.644,3,Life Sciences,1,1858.443,3,Female,125.161,3,2,Research Director,2,Married,-3289.602,42431.477,1,Y,Yes,17.307,4,3,80,1,6.68,1,4,12.17,1.082,5.678,1.509
1163,19.863,No,Travel_Rarely,811.939,Research & Development,10.555,1,Other,1,262.643,3,Female,90.149,1,4,Manufacturing Director,1,Divorced,3199.56,23087.127,8,Y,No,18.606,4,3,80,1,11.664,3,3,6.116,5.917,0.584,2.624
1164,51.019,No,Non-Travel,618.708,Research & Development,3.804,5,Medical,1,1374.604,1,Male,87.707,2,5,Research Scientist,3,Married,13964.275,13784.756,1,Y,Yes,18.296,3,3,80,3,16.442,2,4,5.442,2.021,0.179,-1.007
1165,52.471,Yes,Non-Travel,1653.029,Human Resources,-5.71,2,Medical,1,1072.256,1,Female,16.758,4,5,Manager,1,Divorced,6319.537,17098.701,0,Y,Yes,12.862,4,2,80,2,10.3,6,3,-5.732,-2.232,-1.935,-2.123
1166,46.528,No,Travel_Rarely,471.467,Research & Development,9.832,3,Life Sciences,1,654.132,1,Female,51.603,4,2,Research Scientist,3,Divorced,10019.649,17428.664,5,Y,No,15.225,3,2,80,2,17.182,4,4,16.022,6.781,8.48,7.639
1167,31.513,Yes,Travel_Rarely,1333.332,Human Resources,10.248,3,Human Resources,1,1838.612,3,Female,48.454,3,1,Laboratory Technician,3,Single,1422.569,10349.977,7,Y,Yes,18.389,4,1,80,0,0.754,3,2,0.024,1.291,-0.76,-0.252
1168,49.427,No,Travel_Rarely,778.491,Research & Development,13.248,4,Life Sciences,1,1263.084,4,Male,65.958,3,1,Research Director,2,Divorced,7233.315,3570.768,1,Y,Yes,15.618,3,2,80,1,17.317,3,3,10.084,3.365,6.676,1.942
1169,29.743,No,Travel_Frequently,1449.854,Research & Development,1.698,1,Medical,1,724.11,4,Male,93.888,2,2,Sales Executive,2,Single,-1093.894,9363.209,2,Y,No,12.634,3,4,80,0,7.481,2,4,9.391,6.333,2.007,2.105
1170,34.196,No,Travel_Frequently,581.947,Research & Development,-7.316,1,Medical,1,1837.962,4,Male,66.953,3,3,Research Director,3,Married,6371.152,18601.967,4,Y,No,12.598,3,4,80,1,14.532,3,3,13.164,8.402,9.394,8.64
1171,55.65,No,Travel_Frequently,1231.67,Research & Development,4.218,2,Life Sciences,1,533.328,1,Male,93.284,3,5,Research Scientist,1,Single,11664.152,13545.128,9,Y,Yes,12.852,3,3,80,0,29.831,3,2,13.028,8.487,2.687,7.801
1172,23.018,Yes,Travel_Frequently,1496.407,Sales,6.673,3,Medical,1,1738.456,4,Female,33.346,2,4,Sales Executive,3,Single,19470.705,9473.67,0,Y,No,22.341,3,3,80,0,22.408,2,4,8.433,5.458,2.275,3.592
1173,38.342,No,Travel_Frequently,524.54,Research & Development,-1.337,2,Medical,1,-213.005,2,Male,33.64,3,1,Manufacturing Director,3,Married,3154.728,8979.781,2,Y,Yes,12.456,3,4,80,2,0.219,4,2,-1.642,-1.994,-2.687,-2.94
1174,32.762,No,Travel_Rarely,-453.637,Human Resources,8.526,2,Other,1,1221.798,1,Female,61.982,3,1,Laboratory Technician,3,Divorced,673.695,14563.556,6,Y,Yes,15.711,4,2,80,1,3.29,5,3,7.235,-4.816,-2.239,2.227
1175,32.137,Yes,Travel_Rarely,243.563,Sales,4.548,4,Marketing,1,611.189,4,Male,56.894,3,2,Research Scientist,2,Married,2094.376,15029.475,3,Y,Yes,14.131,3,4,80,1,15.278,2,3,7.82,3.097,1.465,6.88
