Unnamed: 0,Age,Attrition,BusinessTravel,DailyRate,Department,DistanceFromHome,Education,EducationField,EmployeeCount,EnvironmentSatisfaction,Gender,HourlyRate,JobInvolvement,JobLevel,JobRole,JobSatisfaction,MaritalStatus,MonthlyIncome,MonthlyRate,NumCompaniesWorked,Over18,OverTime,PercentSalaryHike,PerformanceRating,RelationshipSatisfaction,StandardHours,StockOptionLevel,TotalWorkingYears,TrainingTimesLastYear,WorkLifeBalance,YearsAtCompany,YearsInCurrentRole,YearsSinceLastPromotion,YearsWithCurrManager
0,30,No,Travel_Rarely,438,Research & Development,2,3,Human Resources,1,4,Female,78,2,2,Manufacturing Director,1,Married,5429,23987,0,Y,No,14,3,2,80,1,11,1,3,10,8,1,9
1,37,No,Travel_Rarely,576,Human Resources,1,5,Human Resources,1,3,Male,73,3,2,Sales Executive,4,Divorced,6530,8615,0,Y,No,22,4,3,80,1,14,2,2,12,8,4,4
2,34,No,Travel_Rarely,1112,Sales,7,5,Marketing,1,3,Female,75,3,1,Sales Executive,4,Single,3513,15071,1,Y,Yes,12,3,3,80,0,5,3,3,6,5,1,2
3,50,Yes,Travel_Rarely,684,Research & Development,1,4,Human Resources,1,3,Female,87,3,2,Manufacturing Director,1,Married,6068,13630,0,Y,Yes,12,3,3,80,0,11,2,2,8,7,0,7
4,30,Yes,Travel_Frequently,885,Research & Development,5,5,Human Resources,1,1,Male,50,1,1,Sales Executive,3,Divorced,2717,20288,1,Y,No,16,3,4,80,1,4,2,4,4,2,1,2
5,37,No,Travel_Rarely,624,Research & Development,7,5,Human Resources,1,3,Female,80,2,1,Manager,4,Married,13740,8895,1,Y,No,14,3,4,80,1,16,5,1,15,10,5,8
6,39,No,Travel_Rarely,538,Human Resources,14,5,Human Resources,1,2,Male,79,2,3,Sales Executive,4,Married,9132,16824,4,Y,No,14,3,1,80,2,18,2,2,9,8,1,8
7,33,No,Travel_Rarely,945,Research & Development,3,4,Human Resources,1,3,Female,90,3,1,Research Scientist,1,Divorced,2607,11220,1,Y,No,22,4,4,80,0,4,2,3,5,3,0,3
8,41,No,Travel_Frequently,478,Human Resources,13,3,Medical,1,3,Male,82,3,3,Laboratory Technician,2,Single,6849,22515,0,Y,No,15,3,2,80,0,12,3,4,8,7,7,6
9,35,No,Travel_Rarely,1208,Research & Development,13,5,Life Sciences,1,2,Male,80,3,2,Healthcare Representative,4,Single,5792,20489,0,Y,No,22,4,3,80,0,9,2,2,3,2,0,2
10,41,No,Travel_Rarely,385,Human Resources,10,5,Human Resources,1,3,Male,88,3,4,Manager,3,Divorced,17051,13291,0,Y,Yes,14,3,2,80,1,21,4,3,20,10,2,8
11,28,No,Travel_Rarely,1274,Research & Development,7,5,Medical,1,4,Male,60,2,2,Healthcare Representative,3,Married,5140,19273,1,Y,Yes,12,3,1,80,0,5,5,3,5,3,1,3
12,36,Yes,Travel_Rarely,407,Sales,9,5,Medical,1,1,Male,65,2,1,Sales Representative,4,Single,3468,22092,5,Y,No,21,4,1,80,0,14,2,3,3,2,0,2
13,33,No,Travel_Frequently,1111,Research & Development,10,5,Human Resources,1,1,Male,79,2,2,Healthcare Representative,4,Divorced,5329,8912,1,Y,No,17,3,4,80,1,12,3,3,12,8,2,8
14,36,No,Travel_Rarely,1182,Research & Development,2,5,Technical Degree,1,3,Female,45,1,1,Manager,4,Married,17874,12035,0,Y,No,15,3,1,80,1,13,3,3,5,3,1,3
15,28,No,Non-Travel,805,Human Resources,10,2,Marketing,1,3,Female,84,2,2,Sales Executive,2,Single,5494,24512,1,Y,No,13,3,4,80,0,5,0,3,5,2,1,2
16,18,Yes,Non-Travel,914,Sales,9,1,Medical,1,4,Female,58,1,1,Sales Representative,1,Single,2127,21675,1,Y,No,12,3,3,80,0,1,2,3,1,0,0,0
17,44,No,Travel_Frequently,343,Human Resources,9,3,Marketing,1,3,Male,92,3,2,Sales Executive,1,Single,6982,5944,0,Y,Yes,12,3,1,80,0,18,1,3,17,7,5,9
18,38,No,Travel_Rarely,889,Human Resources,23,5,Life Sciences,1,1,Female,61,3,2,Sales Executive,3,Single,5351,22132,2,Y,No,12,3,1,80,0,11,3,3,8,7,1,7
19,31,No,Travel_Rarely,1103,Research & Development,2,5,Life Sciences,1,4,Female,40,2,1,Manufacturing Director,4,Single,3192,13059,0,Y,No,12,3,4,80,0,9,2,2,7,7,1,7
20,37,No,Travel_Rarely,824,Human Resources,15,5,Medical,1,3,Male,54,4,2,Sales Executive,3,Single,5817,12799,8,Y,No,13,3,3,80,0,16,0,2,14,10,1,7
21,39,No,Travel_Rarely,383,Research & Development,15,5,Medical,1,2,Female,56,3,1,Research Scientist,2,Single,3085,25100,3,Y,Yes,18,3,1,80,0,8,2,3,2,2,0,2
22,31,No,Travel_Rarely,581,Research & Development,5,3,Human Resources,1,4,Male,87,3,1,Sales Executive,2,Married,2745,17252,1,Y,No,13,3,2,80,0,6,2,3,5,4,1,2
23,38,No,Travel_Rarely,1113,Human Resources,8,5,Human Resources,1,4,Female,45,3,2,Healthcare Representative,3,Divorced,5761,5384,3,Y,Yes,15,3,3,80,2,12,2,1,4,2,0,3
24,35,No,Travel_Rarely,143,Research & Development,4,3,Medical,1,4,Male,79,2,1,Laboratory Technician,1,Married,3053,14762,0,Y,Yes,13,3,4,80,1,8,3,3,5,4,0,2
25,47,Yes,Travel_Rarely,669,Human Resources,10,5,Technical Degree,1,3,Male,49,3,3,Research Director,4,Single,13354,6503,7,Y,No,14,3,4,80,0,18,2,3,2,2,1,2
26,25,Yes,Travel_Rarely,634,Sales,13,2,Human Resources,1,3,Male,63,2,1,Sales Representative,2,Married,1949,20730,1,Y,Yes,22,4,1,80,0,2,3,3,2,2,1,1
27,39,No,Travel_Rarely,1303,Human Resources,26,5,Human Resources,1,3,Female,65,2,2,Healthcare Representative,4,Married,5613,7802,3,Y,No,16,3,1,80,2,14,2,3,4,2,1,2
28,44,No,Travel_Rarely,1102,Human Resources,2,5,Human Resources,1,4,Male,58,3,5,Manufacturing Director,4,Married,15626,8907,1,Y,Yes,13,3,1,80,0,14,4,3,9,4,0,6
29,30,No,Travel_Rarely,218,Research & Development,2,5,Medical,1,4,Male,91,2,1,Research Scientist,4,Single,2264,7469,1,Y,Yes,13,3,3,80,0,1,6,3,1,0,1,0
30,28,Yes,Travel_Rarely,638,Research & Development,7,5,Life Sciences,1,2,Male,46,2,1,Sales Executive,4,Single,3505,11850,1,Y,Yes,11,3,1,80,0,4,2,3,3,3,1,2
31,27,Yes,Travel_Frequently,604,Research & Development,5,3,Technical Degree,1,4,Male,72,3,1,Research Scientist,2,Single,2265,23301,1,Y,Yes,17,3,4,80,0,1,2,3,1,0,0,0
32,41,No,Non-Travel,625,Research & Development,9,5,Human Resources,1,1,Male,89,2,1,Research Scientist,3,Married,2641,19070,1,Y,No,22,4,1,80,1,9,3,3,9,7,0,7
33,50,No,Travel_Rarely,846,Human Resources,19,5,Human Resources,1,4,Male,67,3,2,Sales Executive,4,Married,5870,23372,3,Y,No,21,4,4,80,0,15,3,2,5,4,1,3
34,34,Yes,Travel_Frequently,522,Research & Development,11,3,Medical,1,2,Female,91,3,2,Sales Executive,1,Single,4974,20581,3,Y,No,14,3,1,80,0,9,6,4,4,3,1,0
35,33,No,Travel_Rarely,313,Human Resources,2,3,Human Resources,1,1,Female,91,3,2,Sales Executive,2,Divorced,5992,10021,1,Y,No,14,3,1,80,2,12,2,3,12,10,1,9
36,29,No,Travel_Rarely,472,Research & Development,16,3,Other,1,3,Male,65,3,2,Laboratory Technician,1,Married,4248,18619,4,Y,No,15,3,3,80,0,8,3,3,3,2,1,2
37,46,No,Travel_Rarely,648,Human Resources,12,5,Human Resources,1,2,Male,50,3,4,Research Director,3,Married,16994,6351,3,Y,No,22,4,2,80,1,25,1,3,5,3,0,3
38,27,No,Travel_Rarely,911,Research & Development,6,5,Medical,1,3,Male,80,3,1,Research Scientist,3,Single,2829,24887,1,Y,No,15,3,4,80,0,5,3,2,5,3,1,4
39,29,No,Travel_Rarely,1138,Sales,20,5,Human Resources,1,1,Female,84,1,1,Sales Executive,4,Married,3479,6863,0,Y,Yes,14,3,3,80,1,4,5,4,3,2,1,2
40,27,No,Travel_Frequently,550,Research & Development,3,5,Medical,1,3,Male,48,4,1,Research Scientist,4,Single,3227,13908,1,Y,No,16,3,4,80,0,8,4,3,6,3,1,2
41,39,Yes,Travel_Rarely,1325,Human Resources,8,4,Human Resources,1,2,Male,45,3,2,Sales Executive,2,Married,5697,4522,2,Y,Yes,15,3,2,80,0,13,2,3,4,2,0,1
42,43,No,Travel_Rarely,314,Human Resources,5,5,Marketing,1,4,Male,64,3,2,Sales Executive,4,Single,6292,9126,4,Y,No,12,3,3,80,0,13,3,4,5,2,1,4
43,50,No,Travel_Rarely,1182,Human Resources,21,4,Life Sciences,1,3,Female,34,3,3,Research Director,1,Single,11899,21118,2,Y,No,14,3,1,80,0,18,2,2,3,2,2,2
44,43,Yes,Travel_Frequently,1082,Research & Development,3,5,Human Resources,1,3,Female,48,3,1,Laboratory Technician,4,Divorced,2742,14351,0,Y,Yes,14,3,3,80,1,9,1,2,7,4,1,4
45,35,No,Travel_Rarely,548,Research & Development,4,5,Human Resources,1,4,Male,65,2,1,Laboratory Technician,3,Married,2490,17273,6,Y,No,15,3,2,80,0,5,0,3,3,1,1,2
46,22,No,Non-Travel,1092,Research & Development,10,5,Medical,1,2,Male,63,3,1,Research Scientist,3,Single,1867,21098,1,Y,No,14,3,1,80,0,1,3,2,1,0,0,0
47,28,No,Travel_Frequently,843,Research & Development,9,3,Human Resources,1,2,Male,73,3,1,Laboratory Technician,2,Divorced,2427,6725,0,Y,No,21,4,3,80,1,4,3,3,3,2,1,2
48,29,No,Non-Travel,1125,Research & Development,9,5,Human Resources,1,4,Male,78,3,1,Research Scientist,2,Married,2236,14098,1,Y,No,15,3,2,80,2,8,2,3,8,6,0,7
49,30,No,Travel_Rarely,317,Sales,2,5,Human Resources,1,2,Male,48,3,1,Sales Representative,2,Married,2655,5235,1,Y,No,15,3,4,80,1,2,2,3,2,1,2,1
50,49,No,Travel_Rarely,879,Human Resources,9,5,Human Resources,1,3,Female,67,2,4,Research Director,3,Married,17317,19596,9,Y,No,13,3,1,80,1,27,2,3,5,4,0,3
51,43,No,Travel_Rarely,910,Human Resources,23,5,Human Resources,1,3,Male,68,3,4,Healthcare Representative,3,Divorced,14029,22048,1,Y,Yes,12,3,3,80,1,27,2,4,23,7,9,10
52,33,Yes,Travel_Rarely,580,Sales,3,5,Human Resources,1,1,Male,62,2,1,Sales Executive,4,Divorced,2771,12137,0,Y,No,12,3,4,80,1,5,1,4,1,1,0,0
53,45,No,Travel_Rarely,1315,Research & Development,9,3,Human Resources,1,3,Male,74,2,1,Research Scientist,2,Married,2690,13841,5,Y,Yes,15,3,4,80,1,13,2,2,9,8,1,7
54,35,No,Travel_Rarely,666,Human Resources,9,4,Human Resources,1,1,Female,54,3,3,Research Director,1,Divorced,13032,23545,1,Y,No,21,4,3,80,1,16,3,3,12,8,0,9
55,31,No,Travel_Rarely,534,Research & Development,9,5,Human Resources,1,3,Male,94,2,1,Laboratory Technician,3,Married,3424,11155,0,Y,No,13,3,1,80,2,5,2,2,5,3,1,2
56,41,No,Travel_Rarely,253,Human Resources,7,5,Human Resources,1,2,Female,53,3,3,Manufacturing Director,2,Married,7854,19392,4,Y,No,17,3,1,80,1,10,2,4,5,4,1,2
57,32,Yes,Travel_Frequently,665,Human Resources,2,5,Medical,1,3,Male,43,3,2,Sales Representative,4,Single,3524,21909,1,Y,Yes,12,3,3,80,0,8,2,3,6,3,1,3
58,36,No,Travel_Rarely,423,Sales,7,5,Human Resources,1,1,Female,57,2,1,Sales Executive,3,Divorced,3819,4409,3,Y,No,12,3,2,80,1,14,3,3,11,7,6,8
59,38,No,Travel_Rarely,1163,Research & Development,2,5,Human Resources,1,4,Female,77,3,2,Manufacturing Director,2,Married,5202,15595,3,Y,No,14,3,4,80,2,10,2,3,3,2,1,2
60,34,No,Travel_Frequently,885,Human Resources,1,5,Human Resources,1,4,Female,41,3,2,Sales Executive,3,Divorced,5293,15045,0,Y,No,12,3,3,80,0,6,3,3,5,3,0,2
61,43,No,Non-Travel,324,Research & Development,16,5,Human Resources,1,3,Female,76,3,2,Manufacturing Director,4,Divorced,5745,6770,4,Y,Yes,15,3,3,80,2,10,2,1,3,2,2,2
62,29,No,Travel_Rarely,452,Research & Development,20,5,Human Resources,1,3,Male,43,2,2,Manufacturing Director,4,Divorced,6022,9738,2,Y,Yes,22,4,3,80,2,9,2,3,6,3,0,1
63,33,No,Travel_Rarely,1092,Human Resources,10,5,Human Resources,1,3,Male,42,3,3,Research Scientist,3,Divorced,7818,18971,1,Y,No,12,3,4,80,1,8,3,3,6,3,1,2
64,34,No,Non-Travel,1000,Research & Development,1,5,Human Resources,1,4,Male,87,3,1,Research Scientist,3,Divorced,2490,19165,1,Y,No,14,3,4,80,1,3,2,3,3,2,0,2
65,31,No,Travel_Rarely,953,Human Resources,2,5,Life Sciences,1,1,Female,64,3,2,Sales Executive,3,Single,5369,23059,1,Y,No,17,3,2,80,0,10,3,3,9,7,0,7
66,40,No,Travel_Rarely,893,Research & Development,9,5,Human Resources,1,4,Male,76,3,2,Healthcare Representative,3,Divorced,5184,16615,7,Y,No,12,3,1,80,1,12,3,3,10,8,1,8
67,31,Yes,Travel_Rarely,1165,Research & Development,9,5,Human Resources,1,3,Female,71,4,1,Sales Executive,4,Married,3486,17176,0,Y,No,17,3,4,80,1,6,3,2,2,0,1,1
68,30,No,Travel_Rarely,1189,Research & Development,7,2,Human Resources,1,4,Male,92,3,1,Research Scientist,2,Divorced,2281,11640,1,Y,No,13,3,3,80,3,5,5,1,5,2,0,3
69,33,No,Travel_Rarely,1118,Research & Development,6,5,Medical,1,4,Female,53,2,1,Laboratory Technician,3,Single,3326,9291,0,Y,No,16,3,2,80,0,6,3,3,4,3,0,2
70,23,No,Travel_Rarely,826,Research & Development,5,5,Medical,1,3,Female,84,1,1,Laboratory Technician,3,Single,2637,24128,1,Y,No,13,3,1,80,0,3,2,3,3,2,0,2
71,31,No,Travel_Frequently,948,Research & Development,2,5,Life Sciences,1,1,Female,75,4,1,Research Scientist,3,Single,2726,8557,0,Y,Yes,21,4,1,80,0,5,0,3,4,2,1,3
72,28,Yes,Travel_Rarely,1440,Sales,8,4,Human Resources,1,1,Male,47,2,1,Sales Executive,1,Married,2640,21271,0,Y,No,16,3,3,80,1,5,2,3,3,2,0,1
73,31,No,Travel_Rarely,320,Human Resources,7,5,Human Resources,1,1,Male,44,2,2,Sales Executive,3,Divorced,6099,5389,2,Y,No,11,3,3,80,0,10,3,3,4,2,1,3
74,51,No,Travel_Rarely,920,Human Resources,20,2,Human Resources,1,2,Female,76,3,4,Sales Executive,1,Married,13545,12558,4,Y,No,12,3,1,80,1,27,2,3,4,2,1,2
75,44,No,Travel_Rarely,571,Human Resources,16,5,Human Resources,1,3,Female,73,3,2,Research Scientist,3,Married,4080,10688,1,Y,Yes,17,3,3,80,1,12,3,3,9,5,1,7
76,52,No,Travel_Rarely,1124,Human Resources,9,5,Human Resources,1,4,Female,81,1,3,Sales Executive,4,Married,10026,5365,7,Y,No,11,3,1,80,1,15,2,2,8,7,5,1
77,40,No,Travel_Rarely,563,Research & Development,3,5,Medical,1,4,Male,67,2,1,Research Scientist,4,Single,3273,21928,0,Y,No,14,3,4,80,0,5,5,3,3,2,1,1
78,32,Yes,Travel_Rarely,605,Human Resources,8,2,Human Resources,1,1,Male,59,2,1,Human Resources,2,Married,3257,15296,4,Y,Yes,13,3,3,80,3,6,2,3,3,2,1,2
79,41,No,Travel_Rarely,1110,Research & Development,14,4,Human Resources,1,3,Male,92,3,1,Research Scientist,1,Married,3039,24271,2,Y,Yes,14,3,4,80,1,8,1,2,5,2,1,3
80,43,No,Travel_Rarely,151,Human Resources,26,4,Medical,1,3,Male,67,2,2,Sales Executive,1,Single,5400,9069,4,Y,No,13,3,4,80,0,12,3,2,5,4,0,2
81,39,Yes,Travel_Rarely,661,Human Resources,11,5,Medical,1,4,Male,50,3,3,Healthcare Representative,4,Single,9235,5645,0,Y,Yes,17,3,1,80,0,10,2,2,10,8,8,5
82,31,No,Travel_Rarely,622,Research & Development,17,5,Human Resources,1,1,Male,40,3,1,Sales Representative,3,Married,3130,17227,3,Y,No,15,3,4,80,1,5,3,3,3,2,0,2
83,48,No,Travel_Rarely,510,Human Resources,14,5,Marketing,1,2,Male,50,3,3,Research Director,4,Single,13386,19928,7,Y,Yes,14,3,1,80,0,20,1,3,8,5,5,7
84,41,No,Non-Travel,1223,Research & Development,4,3,Human Resources,1,1,Female,59,3,1,Laboratory Technician,2,Divorced,3112,16724,4,Y,No,14,3,2,80,1,8,3,3,3,2,1,2
85,37,No,Travel_Rarely,1066,Human Resources,3,5,Human Resources,1,4,Female,41,3,3,Sales Executive,3,Married,7669,9593,1,Y,No,11,3,2,80,0,10,3,3,10,9,8,7
86,24,Yes,Travel_Rarely,1398,Research & Development,2,5,Human Resources,1,4,Male,54,2,1,Laboratory Technician,4,Married,2846,15806,1,Y,Yes,15,3,1,80,1,1,2,2,1,0,0,0
87,55,No,Travel_Rarely,1262,Research & Development,9,5,Human Resources,1,1,Male,91,3,1,Research Scientist,3,Married,2469,20205,8,Y,No,14,3,4,80,1,7,3,3,1,0,0,0
88,34,No,Travel_Rarely,511,Research & Development,3,5,Medical,1,1,Male,72,4,1,Laboratory Technician,4,Single,3154,18315,3,Y,No,13,3,4,80,0,5,3,3,2,1,0,1
89,35,No,Travel_Rarely,707,Human Resources,9,5,Human Resources,1,3,Female,41,2,2,Sales Executive,2,Married,5498,16789,4,Y,No,21,4,3,80,2,8,0,3,2,1,1,1
90,28,No,Travel_Rarely,295,Research & Development,4,5,Human Resources,1,4,Female,69,3,1,Research Scientist,4,Married,2355,7512,1,Y,No,12,3,3,80,1,1,3,3,1,0,0,0
91,41,No,Travel_Rarely,698,Human Resources,6,5,Other,1,3,Male,51,4,4,Research Scientist,3,Single,13155,19573,1,Y,No,21,4,4,80,0,23,3,3,22,10,3,9
92,34,No,Travel_Rarely,563,Research & Development,5,5,Human Resources,1,2,Male,67,3,1,Laboratory Technician,2,Married,3065,12726,2,Y,No,13,3,4,80,1,9,3,3,4,3,1,3
93,40,No,Travel_Rarely,1064,Human Resources,27,5,Human Resources,1,2,Female,88,3,3,Research Director,3,Married,13714,20254,3,Y,No,22,4,3,80,0,19,3,1,5,3,0,3
94,46,No,Travel_Rarely,736,Human Resources,3,5,Other,1,3,Male,53,2,4,Manager,4,Single,16896,12785,1,Y,No,16,3,1,80,0,24,5,3,24,8,6,4
95,37,No,Travel_Frequently,735,Research & Development,8,5,Human Resources,1,2,Male,74,3,1,Laboratory Technician,4,Married,2945,11377,7,Y,No,13,3,3,80,0,8,3,4,3,2,1,2
96,28,Yes,Travel_Rarely,652,Sales,23,5,Human Resources,1,2,Male,69,2,1,Sales Executive,4,Married,4055,17431,1,Y,Yes,17,3,1,80,1,9,2,2,10,1,0,8
97,51,No,Travel_Rarely,748,Human Resources,2,5,Medical,1,3,Male,78,2,5,Manager,4,Single,19249,19359,1,Y,Yes,12,3,3,80,0,33,2,3,31,7,0,9
98,45,No,Travel_Frequently,598,Human Resources,2,5,Human Resources,1,2,Male,80,3,5,Sales Executive,3,Married,17704,9448,9,Y,No,11,3,1,80,1,25,0,2,21,7,3,8
99,35,No,Travel_Frequently,563,Research & Development,10,5,Human Resources,1,3,Male,58,3,2,Healthcare Representative,3,Married,4924,19396,0,Y,No,14,3,1,80,3,14,4,3,12,8,6,9
100,29,No,Non-Travel,1148,Human Resources,14,5,Medical,1,1,Female,71,4,2,Sales Executive,2,Single,5999,16129,1,Y,Yes,21,4,2,80,0,8,2,3,8,7,5,7
101,31,No,Travel_Rarely,1124,Human Resources,7,3,Technical Degree,1,4,Male,87,3,2,Sales Executive,1,Single,6202,23220,7,Y,No,21,4,4,80,0,13,6,3,11,8,1,7
102,47,No,Travel_Rarely,1384,Research & Development,19,3,Human Resources,1,3,Male,70,2,1,Sales Executive,1,Married,3679,19741,1,Y,No,20,4,4,80,1,10,3,3,10,7,5,7
103,31,No,Travel_Frequently,382,Sales,10,5,Human Resources,1,2,Female,86,3,1,Sales Executive,2,Divorced,2737,23980,2,Y,No,13,3,4,80,1,5,2,2,3,2,1,2
104,42,No,Travel_Rarely,948,Research & Development,2,4,Human Resources,1,4,Female,74,1,1,Research Scientist,1,Married,3669,6028,0,Y,Yes,12,3,4,80,1,13,4,2,11,9,3,9
105,35,No,Travel_Rarely,1363,Human Resources,2,1,Human Resources,1,2,Male,36,3,1,Human Resources,1,Divorced,3124,5865,0,Y,No,13,3,4,80,1,9,3,3,8,3,5,7
106,43,No,Travel_Rarely,1311,Research & Development,26,3,Life Sciences,1,3,Male,56,3,1,Sales Executive,2,Single,3452,8672,0,Y,No,16,3,1,80,0,9,3,1,8,7,3,5
107,39,No,Travel_Rarely,664,Human Resources,14,5,Human Resources,1,1,Male,51,3,2,Healthcare Representative,3,Married,5097,12331,1,Y,No,12,3,2,80,0,10,2,2,12,16,1,4
108,45,Yes,Travel_Frequently,534,Human Resources,25,3,Life Sciences,1,2,Male,81,3,2,Sales Executive,1,Single,5586,22011,3,Y,No,16,3,4,80,0,12,2,3,1,0,0,0
109,35,No,Travel_Rarely,643,Human Resources,9,5,Human Resources,1,4,Male,76,1,2,Sales Executive,3,Divorced,5721,20211,9,Y,No,14,3,3,80,2,10,2,3,5,3,1,2
110,32,No,Travel_Rarely,1061,Research & Development,2,2,Human Resources,1,4,Male,78,2,2,Manufacturing Director,2,Divorced,5914,21856,9,Y,No,20,4,1,80,2,8,2,2,3,2,1,2
111,42,No,Travel_Rarely,486,Human Resources,3,5,Human Resources,1,1,Male,54,2,5,Manager,3,Married,19215,15685,2,Y,Yes,12,3,4,80,0,22,2,3,11,9,3,9
112,37,No,Travel_Rarely,842,Sales,5,4,Human Resources,1,1,Female,95,2,1,Sales Executive,2,Married,4411,14467,6,Y,No,16,3,3,80,1,8,2,2,3,2,0,1
113,34,No,Travel_Rarely,1342,Research & Development,1,5,Medical,1,3,Male,42,3,1,Sales Executive,4,Single,2631,20442,1,Y,No,16,3,2,80,0,3,3,3,3,2,1,2
114,48,No,Travel_Rarely,728,Sales,2,5,Human Resources,1,2,Male,58,3,1,Sales Executive,4,Married,7064,22380,2,Y,No,14,3,3,80,1,18,5,3,10,8,0,8
115,34,No,Travel_Rarely,833,Human Resources,9,5,Medical,1,3,Male,46,3,2,Sales Representative,3,Married,3783,20063,1,Y,No,21,4,1,80,1,3,3,2,4,2,1,2
116,36,No,Travel_Rarely,1038,Research & Development,1,4,Human Resources,1,4,Male,91,3,1,Research Scientist,1,Divorced,3619,13609,4,Y,No,14,3,2,80,1,15,2,3,5,4,1,2
117,36,No,Travel_Rarely,838,Research & Development,3,5,Technical Degree,1,4,Male,41,4,2,Research Scientist,4,Single,4763,19833,1,Y,No,18,3,2,80,0,10,4,3,10,8,5,8
118,34,No,Travel_Rarely,1286,Human Resources,9,5,Human Resources,1,3,Female,83,3,2,Laboratory Technician,2,Divorced,3776,14793,0,Y,No,21,4,1,80,2,8,4,2,5,3,0,3
119,41,No,Travel_Rarely,411,Human Resources,2,5,Human Resources,1,3,Male,78,3,5,Manager,4,Married,19339,9294,4,Y,No,15,3,2,80,1,21,1,2,10,4,0,5
120,31,No,Travel_Rarely,802,Human Resources,4,5,Medical,1,1,Female,87,3,4,Manufacturing Director,4,Single,13163,8018,1,Y,No,23,4,3,80,0,14,4,3,13,7,4,7
121,41,No,Travel_Rarely,1166,Human Resources,26,5,Technical Degree,1,4,Female,83,2,4,Manager,4,Married,15591,17390,0,Y,No,13,3,1,80,1,10,3,2,5,3,1,4
122,30,No,Travel_Rarely,854,Research & Development,2,5,Human Resources,1,1,Female,74,3,1,Healthcare Representative,4,Married,3164,12279,1,Y,Yes,12,3,4,80,1,3,3,3,3,2,1,2
123,43,No,Travel_Rarely,477,Research & Development,8,5,Life Sciences,1,4,Female,55,3,1,Research Scientist,4,Single,3322,12120,9,Y,Yes,15,3,1,80,0,7,2,3,3,3,1,2
124,30,Yes,Travel_Rarely,714,Human Resources,28,5,Medical,1,1,Male,84,3,2,Sales Executive,4,Single,6475,23620,8,Y,No,17,3,4,80,0,7,0,3,2,1,0,1
125,33,No,Travel_Rarely,642,Human Resources,9,5,Human Resources,1,2,Female,75,3,3,Sales Executive,2,Married,8187,10497,3,Y,No,12,3,3,80,1,10,1,3,8,7,1,7
126,51,No,Travel_Rarely,342,Human Resources,2,5,Human Resources,1,4,Female,64,3,5,Sales Executive,4,Married,14297,15004,2,Y,No,16,3,4,80,0,23,3,2,4,2,2,2
127,32,No,Non-Travel,878,Research & Development,7,5,Human Resources,1,4,Male,51,3,2,Laboratory Technician,4,Married,5503,12497,9,Y,No,15,3,4,80,0,9,3,1,7,7,3,7
128,36,No,Travel_Rarely,971,Human Resources,1,5,Life Sciences,1,1,Female,59,3,4,Healthcare Representative,4,Single,11839,13267,0,Y,No,14,3,2,80,0,13,4,3,4,2,2,1
129,38,No,Travel_Rarely,1127,Research & Development,6,5,Medical,1,3,Male,91,2,2,Manufacturing Director,4,Single,5145,23185,6,Y,No,18,3,1,80,0,7,2,3,1,0,0,0
130,26,No,Travel_Rarely,1336,Human Resources,5,5,Medical,1,4,Male,72,3,2,Manufacturing Director,3,Single,5594,13311,0,Y,No,17,3,3,80,0,6,3,3,4,2,1,2
131,37,No,Travel_Rarely,568,Sales,11,2,Marketing,1,4,Male,45,1,1,Sales Executive,1,Single,5820,5910,3,Y,Yes,14,3,1,80,0,8,2,3,3,2,1,2
132,41,No,Travel_Rarely,718,Sales,7,3,Human Resources,1,2,Male,74,2,1,Sales Executive,2,Divorced,3098,5762,3,Y,No,17,3,4,80,0,8,3,3,3,2,1,2
133,41,No,Travel_Rarely,1073,Human Resources,3,5,Medical,1,4,Male,85,3,2,Healthcare Representative,4,Single,6183,16908,4,Y,No,12,3,4,80,0,14,3,2,6,3,1,5
134,31,No,Travel_Rarely,246,Research & Development,23,5,Life Sciences,1,4,Male,36,3,1,Laboratory Technician,2,Single,2848,12137,3,Y,No,16,3,3,80,0,8,3,3,5,3,1,3
135,31,No,Travel_Rarely,842,Human Resources,9,5,Life Sciences,1,1,Female,45,3,2,Sales Executive,4,Single,6447,17600,4,Y,No,18,3,2,80,0,8,5,3,5,2,1,3
136,36,No,Travel_Rarely,1209,Human Resources,28,4,Human Resources,1,4,Male,88,3,2,Sales Executive,1,Married,6273,16788,2,Y,No,11,3,2,80,1,16,3,3,5,4,0,2
137,34,No,Travel_Rarely,1330,Human Resources,20,5,Human Resources,1,1,Male,75,3,3,Sales Executive,4,Divorced,9681,21048,0,Y,No,16,3,4,80,3,10,3,3,4,3,1,1
138,33,No,Travel_Rarely,1296,Research & Development,2,5,Life Sciences,1,4,Male,79,2,1,Research Scientist,4,Single,2792,11976,1,Y,No,13,3,2,80,0,5,2,3,5,2,1,3
139,32,Yes,Travel_Rarely,1299,Research & Development,8,5,Life Sciences,1,4,Male,77,2,1,Sales Executive,3,Single,2778,20638,0,Y,Yes,18,3,4,80,0,4,2,2,2,1,1,2
140,42,No,Non-Travel,679,Research & Development,3,4,Human Resources,1,3,Female,81,2,1,Laboratory Technician,1,Divorced,2806,12066,0,Y,No,14,3,3,80,3,7,5,3,4,3,0,2
141,26,Yes,Travel_Rarely,973,Research & Development,7,3,Human Resources,1,2,Male,94,3,1,Laboratory Technician,1,Divorced,3031,6312,1,Y,No,12,3,3,80,1,5,5,3,5,4,0,3
142,29,No,Travel_Rarely,1168,Research & Development,10,1,Human Resources,1,3,Male,93,2,2,Manufacturing Director,1,Married,4622,9318,1,Y,No,16,3,1,80,2,5,3,3,5,3,0,2
143,48,No,Travel_Rarely,342,Human Resources,6,5,Life Sciences,1,1,Female,64,2,2,Sales Executive,4,Single,6264,7247,7,Y,No,12,3,4,80,0,19,3,3,8,5,0,7
144,46,No,Travel_Rarely,655,Human Resources,7,5,Medical,1,3,Female,61,4,2,Laboratory Technician,3,Married,4292,20852,2,Y,Yes,12,3,1,80,1,11,3,3,5,2,1,2
145,33,No,Non-Travel,738,Research & Development,5,5,Human Resources,1,3,Male,45,3,2,Research Scientist,3,Married,4268,19764,2,Y,No,16,3,2,80,1,9,2,2,4,2,1,3
146,29,No,Travel_Rarely,457,Research & Development,20,5,Medical,1,1,Female,85,3,1,Laboratory Technician,4,Married,2844,13133,1,Y,Yes,14,3,3,80,1,4,3,3,4,2,0,2
147,34,No,Travel_Frequently,819,Human Resources,10,5,Human Resources,1,2,Male,77,2,2,Sales Executive,4,Married,5127,7518,2,Y,No,18,3,3,80,1,6,5,3,3,2,0,2
148,29,No,Travel_Rarely,1141,Human Resources,18,1,Human Resources,1,4,Male,74,3,2,Healthcare Representative,1,Divorced,6957,14031,3,Y,No,17,3,4,80,1,9,6,3,4,2,2,2
149,32,No,Travel_Frequently,883,Research & Development,10,5,Human Resources,1,4,Female,77,3,1,Manufacturing Director,3,Married,3261,15629,1,Y,Yes,12,3,3,80,1,3,1,1,3,2,0,2
150,35,No,Travel_Rarely,738,Human Resources,2,5,Life Sciences,1,1,Male,42,3,2,Laboratory Technician,4,Single,5457,7498,2,Y,No,22,4,3,80,0,15,4,1,5,3,0,3
151,32,No,Travel_Rarely,761,Research & Development,8,5,Human Resources,1,2,Female,77,2,2,Healthcare Representative,3,Married,5243,12701,1,Y,Yes,14,3,4,80,2,10,0,3,10,7,0,7
152,45,No,Travel_Frequently,1014,Research & Development,7,3,Medical,1,4,Female,82,2,1,Research Scientist,1,Married,8696,9070,1,Y,No,21,4,2,80,1,13,2,2,10,7,5,7
153,35,No,Travel_Rarely,955,Research & Development,9,5,Human Resources,1,2,Male,93,3,1,Laboratory Technician,3,Divorced,2986,9911,2,Y,No,14,3,2,80,1,13,3,3,7,7,5,7
154,32,Yes,Travel_Rarely,1059,Research & Development,4,3,Human Resources,1,3,Male,47,2,1,Laboratory Technician,2,Divorced,2872,6974,7,Y,No,14,3,4,80,3,6,3,3,2,1,1,1
155,34,No,Travel_Rarely,584,Human Resources,1,5,Human Resources,1,1,Male,36,3,3,Research Director,4,Divorced,13045,19741,1,Y,No,15,3,2,80,1,10,3,2,10,6,1,7
156,37,No,Travel_Rarely,1293,Human Resources,3,5,Human Resources,1,3,Male,36,3,2,Sales Executive,4,Divorced,5833,11558,4,Y,No,17,3,3,80,1,15,0,3,10,7,4,8
157,32,No,Travel_Rarely,1072,Research & Development,3,5,Human Resources,1,1,Female,74,3,2,Manufacturing Director,2,Married,5773,8869,1,Y,No,11,3,2,80,1,6,2,3,5,4,4,3
158,36,Yes,Travel_Rarely,1138,Human Resources,3,4,Human Resources,1,4,Male,56,3,2,Sales Representative,1,Married,4053,11848,2,Y,No,14,3,2,80,1,7,2,3,3,2,0,2
159,45,No,Travel_Rarely,823,Research & Development,10,5,Human Resources,1,3,Male,80,3,1,Research Scientist,3,Married,3667,15943,4,Y,No,14,3,2,80,1,12,3,3,8,7,0,7
160,38,No,Travel_Frequently,635,Human Resources,6,5,Human Resources,1,1,Male,42,3,2,Healthcare Representative,4,Divorced,5986,18929,4,Y,Yes,13,3,2,80,1,12,4,2,6,4,3,3
161,25,Yes,Travel_Frequently,429,Research & Development,10,3,Life Sciences,1,4,Female,67,3,1,Research Scientist,1,Single,2393,15440,1,Y,No,13,3,4,80,0,2,2,4,2,1,0,1
162,40,No,Travel_Rarely,495,Research & Development,2,5,Human Resources,1,3,Male,87,4,2,Healthcare Representative,4,Divorced,5647,22415,1,Y,Yes,13,3,2,80,1,9,2,3,8,7,6,7
163,34,No,Travel_Rarely,1196,Human Resources,6,3,Human Resources,1,1,Male,82,4,2,Sales Executive,1,Married,5223,18838,1,Y,No,14,3,4,80,2,14,4,2,14,10,8,11
164,30,No,Travel_Rarely,841,Research & Development,24,5,Human Resources,1,4,Male,95,3,2,Manufacturing Director,2,Divorced,6006,5672,1,Y,No,13,3,4,80,2,12,3,3,12,10,3,8
165,36,No,Travel_Frequently,1143,Research & Development,5,5,Human Resources,1,1,Male,52,3,2,Research Scientist,3,Divorced,5161,6398,7,Y,No,15,3,1,80,1,11,3,2,5,2,1,3
166,41,No,Travel_Frequently,1022,Human Resources,6,5,Human Resources,1,4,Male,58,3,3,Healthcare Representative,3,Divorced,10290,12950,1,Y,No,12,3,1,80,1,21,3,2,5,4,1,2
167,35,No,Travel_Frequently,1316,Sales,8,5,Life Sciences,1,2,Male,91,3,1,Sales Executive,4,Single,3328,18225,1,Y,No,13,3,2,80,0,15,2,3,15,7,1,8
168,29,No,Travel_Rarely,169,Human Resources,2,5,Human Resources,1,2,Male,96,3,2,Human Resources,2,Divorced,4107,10042,1,Y,No,13,3,3,80,1,5,3,3,5,3,1,3
169,43,No,Travel_Rarely,400,Human Resources,8,3,Medical,1,4,Male,82,3,3,Sales Executive,2,Single,10512,15467,1,Y,No,15,3,4,80,0,20,3,4,21,9,12,5
170,37,No,Travel_Rarely,819,Human Resources,5,5,Human Resources,1,4,Male,91,4,2,Manufacturing Director,3,Divorced,4901,9230,0,Y,No,18,3,2,80,2,9,0,4,5,1,1,4
171,34,Yes,Travel_Rarely,1319,Human Resources,24,5,Human Resources,1,3,Male,43,3,3,Sales Executive,3,Married,10053,16470,0,Y,No,15,3,2,80,3,14,3,4,10,7,5,7
172,28,No,Travel_Rarely,886,Human Resources,10,5,Human Resources,1,4,Female,73,2,3,Sales Executive,3,Married,7764,8343,1,Y,No,14,3,1,80,1,10,1,3,10,8,1,7
173,34,No,Travel_Frequently,464,Human Resources,4,5,Medical,1,4,Male,36,3,3,Sales Executive,4,Married,8295,5883,2,Y,No,13,3,2,80,1,11,3,2,9,8,6,3
174,49,No,Travel_Rarely,1056,Research & Development,22,3,Technical Degree,1,3,Female,44,2,1,Laboratory Technician,2,Married,3740,16191,2,Y,No,16,3,2,80,1,8,3,2,5,3,1,3
175,48,No,Travel_Rarely,477,Human Resources,8,5,Human Resources,1,3,Female,42,3,2,Sales Executive,4,Divorced,6140,19489,0,Y,No,17,3,3,80,1,16,5,2,10,7,3,8
176,35,No,Non-Travel,1098,Research & Development,10,5,Medical,1,2,Male,73,3,2,Healthcare Representative,4,Single,5895,7227,9,Y,No,16,3,1,80,1,9,2,3,4,2,1,2
177,43,No,Travel_Rarely,175,Human Resources,14,2,Human Resources,1,4,Male,53,3,2,Sales Executive,1,Married,5354,16189,0,Y,No,17,3,3,80,1,8,6,3,7,3,1,5
178,44,No,Travel_Rarely,1278,Research & Development,2,4,Human Resources,1,4,Female,72,3,1,Laboratory Technician,1,Married,2842,14692,2,Y,Yes,13,3,3,80,1,15,2,3,4,2,0,3
179,28,Yes,Travel_Rarely,249,Research & Development,10,5,Human Resources,1,1,Male,48,3,1,Research Scientist,3,Married,2536,21732,1,Y,No,11,3,4,80,0,3,2,3,3,2,0,2
180,32,Yes,Travel_Rarely,604,Human Resources,21,4,Life Sciences,1,3,Male,81,1,2,Sales Executive,2,Single,6062,20330,1,Y,No,17,3,4,80,0,10,6,2,10,7,5,7
181,33,No,Non-Travel,724,Research & Development,9,4,Human Resources,1,4,Male,61,3,1,Research Scientist,1,Divorced,2995,9751,0,Y,No,13,3,2,80,2,8,2,3,6,4,1,4
182,31,No,Non-Travel,543,Human Resources,19,5,Life Sciences,1,4,Male,39,2,2,Sales Executive,2,Single,6439,17681,0,Y,Yes,15,3,3,80,0,10,2,4,8,7,2,7
183,28,No,Travel_Rarely,885,Human Resources,19,1,Life Sciences,1,4,Male,73,3,2,Manufacturing Director,1,Single,5357,21007,1,Y,Yes,12,3,3,80,0,5,0,3,5,2,0,4
184,32,No,Travel_Rarely,668,Human Resources,11,3,Medical,1,3,Male,53,3,2,Healthcare Representative,1,Single,5585,16154,1,Y,Yes,13,3,3,80,0,9,2,2,8,4,1,5
185,24,No,Travel_Rarely,707,Sales,5,5,Technical Degree,1,4,Male,59,4,1,Sales Executive,3,Single,3514,16227,2,Y,No,16,3,4,80,0,4,2,2,3,2,1,2
186,33,Yes,Travel_Frequently,878,Human Resources,8,3,Human Resources,1,4,Female,57,3,3,Sales Executive,1,Divorced,9928,10735,2,Y,No,12,3,2,80,1,13,3,2,5,4,1,2
187,32,No,Travel_Rarely,359,Human Resources,5,4,Human Resources,1,3,Male,82,3,3,Sales Executive,1,Divorced,8558,10730,1,Y,Yes,15,3,4,80,1,7,3,3,6,2,0,3
188,34,No,Travel_Frequently,380,Research & Development,10,5,Human Resources,1,3,Male,42,2,1,Research Scientist,3,Married,3330,20192,3,Y,No,14,3,4,80,2,8,2,4,5,3,3,2
189,32,No,Travel_Rarely,774,Human Resources,1,5,Life Sciences,1,4,Male,56,2,2,Human Resources,4,Single,4613,16444,1,Y,No,12,3,4,80,0,12,3,4,11,8,3,8
190,40,No,Travel_Rarely,248,Sales,6,3,Life Sciences,1,1,Female,94,4,1,Sales Executive,2,Single,10971,19922,4,Y,Yes,21,4,4,80,0,14,3,2,5,2,2,3
191,31,Yes,Travel_Rarely,980,Research & Development,6,5,Human Resources,1,1,Male,65,4,1,Research Scientist,4,Married,3492,17892,0,Y,Yes,12,3,3,80,1,4,5,4,3,2,1,2
192,46,No,Travel_Frequently,893,Research & Development,9,5,Human Resources,1,2,Female,37,3,1,Research Scientist,4,Married,3244,5980,7,Y,Yes,22,4,3,80,1,17,3,3,9,7,1,1
193,42,No,Travel_Rarely,1301,Research & Development,3,5,Human Resources,1,4,Female,49,3,1,Laboratory Technician,2,Divorced,3315,15831,4,Y,Yes,12,3,3,80,1,10,3,3,3,0,0,1
194,44,No,Non-Travel,1217,Human Resources,8,4,Human Resources,1,1,Male,72,4,2,Sales Executive,1,Divorced,6527,13108,1,Y,Yes,17,3,3,80,2,16,2,2,15,7,3,8
195,34,No,Travel_Rarely,722,Research & Development,4,5,Medical,1,3,Male,97,2,2,Research Scientist,4,Married,5232,14264,4,Y,No,13,3,4,80,1,11,3,4,7,2,4,5
196,36,No,Travel_Rarely,888,Research & Development,6,5,Human Resources,1,1,Male,70,3,1,Sales Executive,3,Divorced,2960,23122,7,Y,Yes,16,3,4,80,1,12,2,3,4,2,0,2
197,26,No,Travel_Rarely,944,Research & Development,16,3,Human Resources,1,4,Male,66,4,1,Laboratory Technician,1,Divorced,1559,15658,1,Y,No,15,3,4,80,2,1,2,3,1,0,0,1
198,37,No,Non-Travel,1190,Human Resources,3,4,Human Resources,1,3,Male,70,3,2,Manufacturing Director,1,Married,5228,5436,4,Y,No,14,3,1,80,1,7,3,3,3,2,1,2
199,32,No,Travel_Rarely,516,Research & Development,25,5,Medical,1,2,Male,39,2,2,Sales Executive,3,Single,5333,15181,0,Y,No,18,3,4,80,0,6,3,3,5,3,1,4
200,41,No,Travel_Rarely,176,Research & Development,8,5,Human Resources,1,3,Female,54,4,2,Sales Executive,2,Married,5662,11498,2,Y,No,13,3,3,80,1,11,3,3,7,6,1,7
201,36,No,Travel_Rarely,987,Research & Development,4,5,Human Resources,1,2,Female,94,3,2,Laboratory Technician,3,Divorced,4794,9957,5,Y,No,14,3,1,80,3,9,3,4,5,3,0,2
202,35,No,Non-Travel,459,Research & Development,22,5,Human Resources,1,1,Female,60,2,1,Research Scientist,3,Divorced,2536,18923,0,Y,No,14,3,3,80,1,6,3,2,2,1,0,0
203,37,No,Travel_Rarely,601,Human Resources,9,5,Human Resources,1,2,Male,72,3,2,Sales Executive,3,Divorced,5564,21080,0,Y,No,21,4,4,80,1,10,2,2,3,1,0,1
204,33,No,Travel_Rarely,941,Research & Development,15,5,Human Resources,1,4,Female,86,3,1,Research Scientist,4,Married,2886,9670,3,Y,No,17,3,2,80,1,9,2,2,3,2,0,2
205,38,No,Travel_Rarely,399,Research & Development,15,2,Human Resources,1,3,Male,46,2,2,Manufacturing Director,1,Divorced,5544,23917,3,Y,Yes,21,4,4,80,2,10,2,1,3,2,0,2
206,22,Yes,Travel_Rarely,495,Research & Development,21,3,Medical,1,3,Female,74,3,1,Laboratory Technician,1,Married,2981,7899,1,Y,Yes,16,3,3,80,0,6,3,1,7,4,6,6
207,41,No,Travel_Rarely,690,Human Resources,15,5,Human Resources,1,1,Female,82,3,2,Manufacturing Director,3,Divorced,5656,23063,0,Y,Yes,18,3,1,80,1,16,3,3,8,3,0,7
208,34,No,Non-Travel,650,Sales,3,5,Human Resources,1,3,Male,83,3,1,Sales Executive,2,Divorced,3192,6817,1,Y,No,12,3,4,80,1,5,3,4,5,4,1,4
209,35,No,Travel_Rarely,265,Research & Development,2,5,Human Resources,1,2,Male,93,3,2,Healthcare Representative,4,Married,5723,20145,0,Y,No,15,3,4,80,2,13,5,3,12,9,5,8
210,38,No,Travel_Rarely,502,Human Resources,18,5,Human Resources,1,2,Female,92,3,4,Sales Executive,1,Married,12814,5508,1,Y,No,23,4,4,80,0,15,2,3,12,7,1,2
211,31,Yes,Travel_Rarely,1254,Human Resources,20,5,Human Resources,1,2,Female,84,2,3,Manufacturing Director,4,Married,7758,5439,0,Y,No,17,3,2,80,1,7,3,1,5,3,0,2
212,35,No,Travel_Rarely,1387,Research & Development,8,5,Human Resources,1,3,Male,75,3,1,Laboratory Technician,3,Married,3657,23383,0,Y,Yes,14,3,4,80,1,13,6,2,11,9,4,7
213,30,No,Travel_Rarely,573,Research & Development,2,5,Human Resources,1,1,Male,52,3,1,Research Scientist,2,Married,3205,3593,0,Y,No,13,3,1,80,1,8,3,3,5,2,1,4
214,33,No,Travel_Rarely,761,Research & Development,9,5,Human Resources,1,4,Female,72,3,1,Research Scientist,3,Divorced,3076,19487,0,Y,Yes,13,3,3,80,2,7,5,2,5,2,1,2
215,29,No,Travel_Rarely,529,Research & Development,21,5,Human Resources,1,1,Male,61,4,2,Manufacturing Director,2,Married,5206,17832,1,Y,No,22,4,1,80,1,5,5,2,5,3,1,3
216,33,No,Travel_Rarely,909,Human Resources,12,5,Life Sciences,1,4,Male,86,3,2,Healthcare Representative,3,Single,6754,22686,1,Y,No,16,3,4,80,0,11,3,3,10,9,0,7
217,47,No,Travel_Rarely,897,Sales,2,3,Human Resources,1,3,Female,95,3,1,Sales Representative,1,Married,2878,22008,3,Y,No,14,3,4,80,0,8,3,2,5,4,1,2
218,36,No,Travel_Rarely,479,Human Resources,7,4,Medical,1,1,Female,82,3,2,Manufacturing Director,1,Single,6596,22520,9,Y,No,12,3,1,80,0,14,4,3,9,9,5,8
219,32,No,Travel_Rarely,564,Research & Development,7,5,Human Resources,1,4,Male,43,2,1,Research Scientist,3,Married,2943,15456,0,Y,No,14,3,1,80,1,3,2,3,1,0,0,0
220,31,Yes,Travel_Rarely,151,Human Resources,10,4,Marketing,1,1,Female,83,1,2,Sales Executive,1,Single,4963,8907,0,Y,No,14,3,1,80,0,5,3,3,4,2,0,2
221,36,No,Travel_Rarely,966,Research & Development,2,5,Medical,1,3,Male,50,3,2,Healthcare Representative,2,Single,5712,13675,2,Y,No,22,4,4,80,0,12,0,2,8,0,7,7
222,28,No,Travel_Rarely,1091,Human Resources,3,5,Medical,1,1,Male,73,3,2,Sales Executive,4,Married,5952,7244,6,Y,No,13,3,4,80,0,7,2,2,3,2,0,2
223,35,No,Non-Travel,546,Human Resources,5,5,Medical,1,1,Male,81,4,2,Sales Executive,3,Single,5080,6728,8,Y,No,14,3,4,80,0,10,3,4,7,6,0,2
224,31,No,Travel_Rarely,1219,Sales,3,5,Medical,1,3,Female,41,3,1,Sales Representative,3,Single,2811,19091,2,Y,Yes,14,3,3,80,0,7,3,3,4,3,1,2
225,53,No,Travel_Rarely,1011,Human Resources,2,5,Medical,1,3,Female,59,2,4,Manager,4,Single,16001,7070,3,Y,No,14,3,4,80,0,26,3,3,17,10,5,7
226,43,Yes,Travel_Rarely,1317,Research & Development,9,5,Human Resources,1,4,Male,42,3,1,Sales Executive,3,Married,4507,18947,2,Y,Yes,16,3,1,80,0,8,3,3,4,2,0,2
227,46,No,Travel_Rarely,560,Research & Development,23,4,Human Resources,1,1,Female,89,3,1,Laboratory Technician,1,Divorced,2891,5810,2,Y,No,14,3,1,80,3,9,0,4,3,2,0,2
228,33,No,Travel_Frequently,1274,Research & Development,1,5,Life Sciences,1,4,Male,42,1,2,Healthcare Representative,4,Single,5986,5349,0,Y,No,13,3,4,80,0,6,6,3,3,3,1,2
229,45,No,Travel_Rarely,558,Research & Development,5,2,Human Resources,1,2,Male,52,4,1,Research Scientist,1,Divorced,3689,21262,1,Y,Yes,12,3,4,80,1,19,0,3,19,7,9,9
230,29,Yes,Travel_Rarely,630,Human Resources,16,5,Human Resources,1,4,Female,56,2,3,Sales Executive,3,Married,8938,22003,1,Y,Yes,18,3,3,80,0,10,3,3,10,9,7,8
231,39,No,Travel_Rarely,871,Human Resources,5,5,Human Resources,1,3,Female,56,2,3,Sales Executive,4,Divorced,10260,21621,1,Y,No,14,3,3,80,2,26,2,3,14,9,2,7
232,52,No,Travel_Rarely,1159,Human Resources,15,4,Human Resources,1,3,Female,57,3,2,Sales Executive,2,Married,7752,15492,3,Y,No,12,3,3,80,3,16,0,3,4,3,0,3
233,44,No,Travel_Rarely,788,Research & Development,5,2,Human Resources,1,4,Female,92,2,1,Sales Executive,1,Married,4795,22423,8,Y,No,18,3,3,80,1,19,3,2,19,9,2,7
234,29,No,Travel_Frequently,1184,Human Resources,4,5,Life Sciences,1,4,Male,43,3,2,Sales Executive,4,Single,5540,19735,0,Y,No,11,3,4,80,0,9,3,3,3,2,0,1
235,33,Yes,Travel_Rarely,205,Human Resources,11,5,Human Resources,1,2,Female,83,3,2,Sales Executive,2,Divorced,4622,8301,0,Y,No,14,3,1,80,2,10,3,2,8,7,5,7
236,46,No,Travel_Rarely,1208,Human Resources,2,5,Human Resources,1,3,Female,94,1,3,Healthcare Representative,3,Married,10590,7441,3,Y,No,17,3,4,80,1,21,2,3,17,11,1,7
237,35,Yes,Travel_Rarely,1121,Human Resources,2,5,Life Sciences,1,2,Male,47,1,5,Sales Executive,4,Single,14103,6876,0,Y,Yes,15,3,4,80,0,14,2,1,3,2,1,2
238,37,No,Travel_Rarely,1003,Research & Development,7,5,Human Resources,1,2,Male,85,3,2,Manufacturing Director,3,Married,6730,14656,6,Y,No,16,3,2,80,1,11,3,3,1,0,0,0
239,44,Yes,Travel_Rarely,1383,Human Resources,15,5,Human Resources,1,3,Male,63,3,3,Sales Executive,3,Divorced,9499,16416,2,Y,Yes,12,3,3,80,1,17,2,2,10,6,0,7
240,30,No,Travel_Rarely,319,Research & Development,1,4,Human Resources,1,1,Male,71,2,1,Laboratory Technician,1,Married,3175,8414,1,Y,No,15,3,3,80,2,4,2,3,5,2,0,3
241,41,No,Travel_Rarely,199,Human Resources,8,4,Life Sciences,1,2,Male,41,3,2,Sales Executive,2,Single,6126,16881,0,Y,No,12,3,4,80,0,11,2,3,8,7,1,7
242,34,No,Travel_Rarely,1283,Human Resources,5,1,Medical,1,1,Male,57,3,2,Sales Executive,1,Single,6313,18482,2,Y,No,12,3,4,80,0,12,3,3,8,7,4,2
243,38,No,Travel_Rarely,643,Human Resources,2,3,Human Resources,1,3,Male,76,3,2,Research Scientist,1,Married,5033,7219,4,Y,No,12,3,2,80,1,10,2,4,7,4,1,7
244,44,Yes,Travel_Frequently,648,Human Resources,23,4,Human Resources,1,4,Female,52,3,2,Sales Executive,1,Divorced,4248,9634,2,Y,Yes,16,3,1,80,0,7,3,4,4,2,0,2
245,34,No,Travel_Rarely,397,Research & Development,9,5,Human Resources,1,3,Male,59,1,1,Research Scientist,2,Married,3627,10226,1,Y,Yes,16,3,3,80,1,10,3,3,10,8,7,4
246,32,No,Non-Travel,1161,Research & Development,6,5,Life Sciences,1,4,Female,73,3,2,Research Scientist,4,Single,4917,16836,9,Y,No,14,3,4,80,0,8,2,3,7,5,3,6
247,33,No,Travel_Frequently,448,Research & Development,20,5,Human Resources,1,3,Female,90,3,1,Laboratory Technician,4,Divorced,2946,21036,1,Y,No,12,3,1,80,2,6,2,3,5,4,1,2
248,37,No,Travel_Frequently,600,Human Resources,4,5,Human Resources,1,4,Male,73,3,4,Sales Executive,3,Divorced,11577,13917,6,Y,Yes,14,3,2,80,2,10,5,3,4,2,1,2
249,28,No,Non-Travel,447,Research & Development,20,5,Human Resources,1,4,Male,58,2,1,Laboratory Technician,4,Divorced,2528,17166,1,Y,Yes,15,3,3,80,1,1,2,3,1,0,0,0
250,37,No,Travel_Rarely,518,Research & Development,8,5,Life Sciences,1,3,Female,75,3,1,Laboratory Technician,3,Single,3113,18069,4,Y,No,15,3,2,80,0,15,3,3,12,9,10,8
251,36,No,Travel_Rarely,1030,Research & Development,13,5,Human Resources,1,3,Female,48,3,1,Research Scientist,4,Married,3625,4847,1,Y,No,18,3,4,80,1,15,0,4,14,7,2,7
252,34,No,Travel_Rarely,326,Research & Development,8,4,Life Sciences,1,1,Male,98,2,2,Healthcare Representative,2,Single,5450,24513,0,Y,No,22,4,4,80,0,8,0,1,3,2,1,2
253,36,Yes,Travel_Rarely,1142,Research & Development,15,5,Human Resources,1,2,Female,52,2,2,Laboratory Technician,4,Divorced,4922,20647,3,Y,No,13,3,3,80,1,14,6,3,9,7,7,2
254,35,No,Non-Travel,717,Research & Development,6,5,Human Resources,1,3,Male,47,2,1,Research Scientist,4,Married,2837,5124,1,Y,Yes,14,3,1,80,1,10,5,2,9,6,7,7
255,24,Yes,Travel_Rarely,1274,Research & Development,4,5,Human Resources,1,1,Male,52,4,1,Sales Executive,3,Married,2793,11377,0,Y,No,16,3,3,80,1,5,2,3,4,2,1,3
256,49,No,Travel_Rarely,1011,Human Resources,16,5,Medical,1,2,Male,71,3,5,Manager,3,Single,19159,24358,3,Y,No,17,3,1,80,0,27,2,3,5,3,2,3
257,32,No,Travel_Rarely,674,Human Resources,11,5,Life Sciences,1,3,Female,41,3,2,Manufacturing Director,4,Single,5247,18727,0,Y,No,12,3,4,80,0,8,2,3,6,2,3,4
258,38,No,Travel_Rarely,258,Research & Development,23,3,Human Resources,1,2,Male,50,3,1,Laboratory Technician,2,Divorced,2086,10732,1,Y,No,13,3,2,80,3,4,3,3,4,2,1,1
259,40,No,Travel_Frequently,665,Research & Development,6,5,Human Resources,1,3,Male,47,3,1,Laboratory Technician,4,Married,3231,9511,0,Y,No,11,3,1,80,1,9,6,3,6,5,1,3
260,31,Yes,Travel_Rarely,862,Human Resources,23,5,Medical,1,3,Male,89,2,2,Sales Executive,3,Single,5519,16478,1,Y,No,14,3,4,80,0,10,4,4,10,8,4,7
261,35,No,Travel_Frequently,711,Human Resources,4,3,Life Sciences,1,2,Male,52,1,3,Manufacturing Director,2,Single,9520,9618,0,Y,Yes,21,4,2,80,0,12,5,3,9,7,4,7
262,47,No,Travel_Rarely,1260,Human Resources,21,5,Human Resources,1,1,Female,74,2,3,Sales Executive,3,Divorced,10352,23508,0,Y,No,23,4,2,80,1,19,2,3,15,10,8,11
263,28,No,Travel_Rarely,1323,Research & Development,2,3,Human Resources,1,1,Female,70,2,1,Laboratory Technician,1,Married,4140,17863,1,Y,No,21,4,2,80,1,7,0,3,8,7,5,5
264,37,No,Travel_Rarely,833,Human Resources,6,5,Human Resources,1,4,Male,41,2,3,Sales Executive,3,Married,8560,15217,1,Y,No,16,3,3,80,1,10,2,3,10,8,1,7
265,41,No,Travel_Rarely,1073,Human Resources,9,5,Life Sciences,1,3,Female,88,3,4,Manager,2,Single,16562,18921,0,Y,No,12,3,4,80,0,21,2,2,9,7,7,2
266,41,No,Travel_Rarely,972,Research & Development,7,5,Life Sciences,1,3,Female,44,3,2,Manufacturing Director,3,Single,5922,14315,6,Y,Yes,18,3,2,80,0,9,3,3,3,2,1,2
267,23,No,Travel_Rarely,992,Sales,11,5,Technical Degree,1,4,Male,39,3,1,Sales Executive,3,Single,2311,2692,1,Y,No,17,3,2,80,0,3,3,2,3,2,1,2
268,36,No,Travel_Frequently,1061,Sales,10,5,Life Sciences,1,4,Male,58,3,1,Sales Representative,4,Single,2589,21463,4,Y,No,14,3,1,80,0,10,4,4,2,1,1,0
269,24,Yes,Travel_Rarely,563,Research & Development,3,2,Life Sciences,1,1,Male,57,3,1,Laboratory Technician,1,Single,3290,20517,0,Y,No,13,3,2,80,0,5,0,3,3,2,2,2
270,29,No,Travel_Frequently,437,Research & Development,4,5,Human Resources,1,3,Male,76,2,1,Research Scientist,4,Married,2648,8028,0,Y,No,16,3,1,80,1,5,3,3,4,3,1,3
271,38,No,Travel_Rarely,1199,Human Resources,7,5,Human Resources,1,2,Female,63,3,5,Research Director,3,Divorced,17317,20071,1,Y,Yes,21,4,3,80,2,17,2,3,15,7,5,7
272,25,No,Travel_Rarely,274,Human Resources,16,3,Human Resources,1,1,Male,69,3,1,Laboratory Technician,1,Married,2106,24908,1,Y,No,13,3,2,80,1,2,2,1,2,1,0,2
273,30,No,Travel_Rarely,1155,Research & Development,18,3,Human Resources,1,4,Female,58,3,1,Research Scientist,1,Married,2882,5625,0,Y,No,21,4,1,80,1,6,5,3,5,3,0,3
274,41,No,Non-Travel,717,Research & Development,2,5,Human Resources,1,3,Female,87,3,2,Laboratory Technician,3,Divorced,4405,22972,4,Y,No,12,3,3,80,0,14,5,2,8,7,0,7
275,31,No,Travel_Rarely,425,Research & Development,3,5,Human Resources,1,4,Male,84,3,1,Laboratory Technician,3,Married,3083,26999,1,Y,No,12,3,1,80,0,11,2,1,11,4,3,10
276,26,Yes,Travel_Rarely,825,Research & Development,3,5,Other,1,4,Female,49,2,1,Laboratory Technician,4,Married,3110,14587,8,Y,Yes,12,3,4,80,1,6,2,3,4,3,0,1
277,45,No,Travel_Rarely,926,Human Resources,6,2,Life Sciences,1,1,Male,63,3,3,Manufacturing Director,1,Single,8727,16525,9,Y,No,11,3,4,80,0,15,0,3,3,2,1,2
278,34,Yes,Travel_Frequently,1167,Research & Development,9,5,Human Resources,1,2,Female,85,3,1,Laboratory Technician,2,Married,2627,12436,1,Y,Yes,13,3,2,80,1,4,3,3,4,2,0,2
279,32,Yes,Travel_Rarely,624,Human Resources,21,5,Marketing,1,4,Male,48,3,2,Sales Executive,4,Single,6816,7669,1,Y,No,13,3,3,80,0,11,3,1,10,7,3,10
280,39,No,Travel_Rarely,511,Human Resources,2,2,Human Resources,1,2,Female,76,3,4,Human Resources,1,Married,10952,7179,1,Y,No,13,3,3,80,0,13,3,4,13,7,5,8
281,33,No,Travel_Rarely,877,Research & Development,6,5,Medical,1,2,Male,78,3,2,Manufacturing Director,3,Single,6066,20320,6,Y,No,14,3,2,80,0,10,3,2,8,7,0,4
282,30,No,Non-Travel,709,Research & Development,4,5,Human Resources,1,4,Male,66,4,1,Research Scientist,4,Divorced,2898,17926,9,Y,No,14,3,3,80,1,4,3,1,3,2,1,2
283,49,Yes,Travel_Rarely,965,Human Resources,7,4,Human Resources,1,3,Male,81,2,3,Laboratory Technician,1,Divorced,6843,8286,3,Y,No,21,4,2,80,1,16,3,4,8,7,0,3
284,51,No,Travel_Rarely,699,Research & Development,4,5,Life Sciences,1,4,Male,53,3,1,Laboratory Technician,4,Single,2865,12024,4,Y,No,18,3,2,80,0,12,3,2,5,4,4,2
285,25,No,Travel_Rarely,594,Research & Development,9,5,Human Resources,1,3,Male,62,3,1,Research Scientist,3,Divorced,1551,9879,1,Y,No,14,3,2,80,0,1,2,3,2,0,0,1
286,42,Yes,Travel_Rarely,708,Human Resources,9,3,Human Resources,1,4,Male,52,3,3,Sales Executive,1,Married,8201,17500,0,Y,No,14,3,1,80,2,10,2,3,5,3,0,3
287,40,No,Travel_Frequently,353,Human Resources,2,3,Human Resources,1,2,Male,49,3,4,Sales Executive,2,Married,14405,6454,0,Y,No,15,3,4,80,1,20,3,3,11,6,7,4
288,31,Yes,Travel_Rarely,541,Research & Development,5,5,Life Sciences,1,2,Male,39,3,1,Research Scientist,4,Single,2401,16322,1,Y,No,12,3,3,80,0,1,4,3,1,0,1,0
289,43,No,Travel_Rarely,1206,Human Resources,4,5,Human Resources,1,3,Female,42,3,5,Manager,2,Married,19055,11923,0,Y,No,13,3,3,80,1,24,2,3,6,4,0,2
290,46,No,Non-Travel,482,Human Resources,8,5,Human Resources,1,4,Male,65,2,3,Manager,4,Divorced,12173,19938,0,Y,Yes,13,3,2,80,1,23,1,3,22,5,1,7
291,27,No,Non-Travel,535,Research & Development,6,5,Human Resources,1,2,Female,79,4,2,Manufacturing Director,4,Married,5787,6627,1,Y,Yes,13,3,3,80,1,6,1,1,5,2,1,3
292,35,No,Travel_Frequently,394,Research & Development,9,5,Human Resources,1,1,Male,83,3,2,Research Scientist,3,Married,3994,15898,0,Y,No,22,4,3,80,1,5,3,3,4,3,0,3
293,28,No,Travel_Rarely,1170,Research & Development,13,5,Human Resources,1,2,Female,61,3,1,Research Scientist,4,Married,2635,23385,1,Y,No,16,3,3,80,1,7,6,2,8,5,1,5
294,27,No,Travel_Rarely,613,Human Resources,8,5,Medical,1,4,Male,55,3,2,Sales Executive,4,Married,4896,17262,9,Y,No,21,4,4,80,0,6,3,2,2,2,1,1
295,37,No,Travel_Frequently,739,Research & Development,5,5,Human Resources,1,3,Male,79,3,2,Laboratory Technician,2,Divorced,4933,13065,6,Y,No,14,3,4,80,1,8,3,2,5,3,1,2
296,30,No,Travel_Rarely,1109,Human Resources,6,5,Human Resources,1,4,Female,70,3,2,Sales Executive,3,Divorced,5579,6637,7,Y,Yes,13,3,2,80,1,8,2,3,6,5,1,2
297,50,No,Travel_Rarely,1218,Human Resources,2,3,Human Resources,1,4,Male,77,3,4,Healthcare Representative,1,Married,13933,18992,0,Y,Yes,19,3,3,80,1,25,2,3,5,2,1,3
298,33,No,Travel_Rarely,1249,Human Resources,8,3,Human Resources,1,3,Male,64,1,2,Sales Executive,1,Married,6185,15774,0,Y,No,14,3,1,80,3,10,2,2,7,7,0,7
299,39,No,Travel_Rarely,985,Human Resources,22,5,Human Resources,1,4,Female,49,4,4,Sales Executive,2,Divorced,13314,10178,1,Y,Yes,13,3,3,80,1,18,2,2,6,2,1,2
300,41,No,Travel_Rarely,1384,Research & Development,9,5,Human Resources,1,4,Male,66,3,1,Research Scientist,4,Married,2711,7980,1,Y,No,22,4,2,80,2,5,3,3,5,3,1,2
301,41,No,Travel_Frequently,666,Human Resources,14,3,Medical,1,3,Male,77,2,2,Sales Executive,2,Married,5053,9768,2,Y,No,20,4,1,80,0,9,2,1,5,4,1,4
302,38,No,Non-Travel,973,Research & Development,4,5,Human Resources,1,3,Female,80,3,2,Laboratory Technician,2,Divorced,3934,14301,0,Y,Yes,12,3,4,80,2,8,3,2,5,4,1,4
303,48,No,Travel_Rarely,904,Human Resources,23,5,Human Resources,1,4,Male,58,3,5,Manager,3,Married,19377,12668,6,Y,Yes,13,3,3,80,1,24,2,3,12,11,1,8
304,43,No,Travel_Rarely,319,Human Resources,10,3,Human Resources,1,3,Female,61,2,4,Healthcare Representative,1,Married,13448,11372,0,Y,No,16,3,1,80,1,21,5,3,6,2,1,5
305,25,No,Travel_Rarely,977,Research & Development,2,5,Human Resources,1,4,Female,52,3,1,Research Scientist,3,Divorced,2355,23731,0,Y,No,16,3,4,80,1,5,2,2,4,2,1,2
306,41,No,Travel_Rarely,787,Human Resources,14,2,Human Resources,1,1,Male,77,3,4,Research Director,2,Married,16667,7006,4,Y,No,14,3,4,80,2,20,2,3,8,7,5,7
307,36,No,Travel_Frequently,860,Research & Development,8,5,Life Sciences,1,3,Male,58,3,1,Research Scientist,4,Single,3027,21845,4,Y,No,13,3,4,80,0,8,2,3,5,2,1,3
308,46,No,Travel_Rarely,564,Human Resources,4,5,Human Resources,1,3,Female,58,3,3,Healthcare Representative,3,Married,10316,6434,2,Y,No,13,3,2,80,0,17,3,3,4,3,1,3
309,39,Yes,Travel_Rarely,543,Research & Development,4,3,Human Resources,1,2,Female,61,3,1,Laboratory Technician,1,Divorced,3014,9732,0,Y,No,16,3,1,80,3,6,2,4,3,1,1,1
310,45,No,Travel_Frequently,1227,Human Resources,2,4,Human Resources,1,4,Male,78,3,5,Manager,1,Married,18275,12268,5,Y,No,14,3,4,80,1,26,0,3,8,7,1,7
311,27,No,Travel_Frequently,782,Sales,3,5,Human Resources,1,4,Male,97,3,1,Sales Representative,4,Married,2381,16164,0,Y,No,12,3,3,80,1,3,3,3,2,2,2,2
312,32,No,Travel_Rarely,881,Human Resources,3,4,Human Resources,1,1,Male,47,2,3,Research Scientist,1,Married,8903,9878,1,Y,No,14,3,3,80,0,10,0,4,10,9,8,8
313,38,No,Travel_Rarely,1195,Research & Development,1,5,Medical,1,2,Female,57,3,2,Sales Executive,3,Married,5935,15685,0,Y,Yes,22,4,2,80,1,13,3,4,11,7,3,7
314,48,No,Travel_Rarely,1096,Research & Development,14,5,Human Resources,1,4,Male,80,3,2,Research Scientist,4,Divorced,5341,14097,3,Y,No,15,3,2,80,2,14,4,1,5,3,1,4
315,36,No,Travel_Rarely,342,Human Resources,1,3,Human Resources,1,2,Male,49,3,2,Sales Executive,1,Divorced,4597,10256,1,Y,No,22,4,4,80,3,10,2,3,10,9,7,8
316,28,Yes,Travel_Rarely,461,Research & Development,2,3,Life Sciences,1,1,Female,42,2,1,Research Scientist,1,Single,5113,19651,0,Y,Yes,14,3,4,80,0,9,3,3,8,7,0,6
317,26,No,Travel_Rarely,819,Sales,9,5,Marketing,1,4,Male,77,4,1,Sales Representative,2,Single,2334,23149,1,Y,No,20,4,2,80,0,1,5,3,1,0,0,0
318,23,No,Travel_Rarely,275,Research & Development,2,5,Life Sciences,1,4,Male,73,3,1,Healthcare Representative,3,Single,2498,6031,1,Y,No,13,3,4,80,0,2,5,3,2,2,1,0
319,30,Yes,Travel_Frequently,551,Research & Development,16,5,Medical,1,3,Male,65,2,1,Laboratory Technician,3,Single,2394,14793,1,Y,No,20,4,3,80,0,7,6,3,4,2,2,2
320,44,No,Non-Travel,735,Research & Development,6,5,Human Resources,1,2,Female,71,3,1,Research Scientist,3,Divorced,3242,15924,9,Y,No,12,3,2,80,1,6,3,3,3,2,1,2
321,46,No,Travel_Rarely,579,Human Resources,3,5,Life Sciences,1,3,Female,47,3,3,Manufacturing Director,4,Single,10395,12546,1,Y,Yes,12,3,1,80,0,17,2,3,13,11,7,8
322,41,No,Travel_Rarely,563,Research & Development,9,4,Human Resources,1,3,Female,36,3,1,Research Scientist,1,Married,3730,13338,9,Y,No,17,3,3,80,1,9,5,1,5,4,0,4
323,24,No,Travel_Rarely,1234,Research & Development,2,1,Human Resources,1,4,Female,63,3,1,Laboratory Technician,1,Married,2959,21198,1,Y,No,13,3,1,80,0,2,2,3,3,2,1,2
324,29,No,Travel_Rarely,461,Research & Development,7,5,Medical,1,3,Male,67,3,1,Research Scientist,3,Married,2480,9752,1,Y,No,21,4,4,80,1,2,2,3,3,1,1,1
325,30,No,Travel_Rarely,888,Human Resources,5,5,Human Resources,1,4,Female,50,3,2,Manufacturing Director,3,Married,5376,19608,1,Y,No,14,3,4,80,1,5,2,3,6,4,0,4
326,43,No,Travel_Rarely,1304,Human Resources,2,5,Medical,1,4,Male,93,3,3,Sales Executive,4,Single,7860,20692,1,Y,No,15,3,4,80,0,10,2,3,10,7,0,7
327,25,No,Travel_Frequently,538,Research & Development,4,5,Human Resources,1,3,Male,91,3,1,Research Scientist,3,Single,2978,21149,1,Y,No,12,3,3,80,3,5,2,4,5,3,0,3
328,41,No,Travel_Rarely,997,Human Resources,5,2,Life Sciences,1,3,Male,42,3,3,Human Resources,2,Single,9349,14939,2,Y,No,13,3,1,80,0,16,3,4,17,6,1,7
329,34,Yes,Travel_Rarely,398,Sales,6,4,Human Resources,1,3,Male,38,2,1,Sales Representative,2,Divorced,2792,16127,0,Y,No,22,4,2,80,2,8,2,4,3,2,1,2
330,38,No,Travel_Rarely,609,Research & Development,10,5,Medical,1,2,Female,85,4,2,Research Scientist,3,Single,4710,22276,3,Y,No,13,3,3,80,0,9,4,2,4,3,1,3
331,32,No,Travel_Rarely,212,Human Resources,7,5,Human Resources,1,1,Male,58,4,2,Sales Executive,4,Married,5483,15126,0,Y,No,16,3,2,80,1,8,2,4,4,3,2,2
332,47,Yes,Travel_Frequently,537,Human Resources,19,5,Human Resources,1,3,Male,44,3,3,Sales Executive,4,Married,10380,20144,3,Y,No,12,3,3,80,1,19,2,4,4,2,1,2
333,32,No,Travel_Rarely,1375,Human Resources,8,5,Human Resources,1,3,Female,56,3,2,Sales Executive,4,Married,4434,9958,0,Y,No,18,3,2,80,0,7,2,3,3,2,1,2
334,45,No,Travel_Rarely,678,Human Resources,17,5,Human Resources,1,2,Male,64,3,3,Manufacturing Director,1,Married,7803,6727,4,Y,No,12,3,4,80,1,13,4,3,13,13,4,8
335,32,No,Travel_Rarely,1300,Human Resources,5,5,Life Sciences,1,3,Male,81,4,2,Sales Executive,4,Single,4987,21968,1,Y,Yes,11,3,3,80,0,5,3,3,4,0,0,1
336,35,No,Travel_Rarely,304,Human Resources,3,5,Life Sciences,1,4,Female,66,2,2,Sales Executive,4,Single,6275,19647,3,Y,Yes,12,3,1,80,0,8,3,3,4,2,2,2
337,37,No,Travel_Rarely,561,Human Resources,8,3,Marketing,1,2,Female,70,3,2,Manager,2,Married,11417,9542,5,Y,Yes,13,3,3,80,1,15,3,2,14,5,3,7
338,40,No,Travel_Rarely,572,Human Resources,6,5,Medical,1,1,Female,54,3,5,Manager,3,Married,18558,19671,0,Y,No,14,3,1,80,1,19,2,3,9,4,6,7
339,49,No,Travel_Frequently,994,Human Resources,4,5,Life Sciences,1,4,Female,95,2,4,Research Director,2,Single,16466,19299,0,Y,Yes,11,3,4,80,0,27,3,3,10,7,4,7
340,29,No,Travel_Rarely,1190,Human Resources,6,5,Human Resources,1,4,Male,49,3,3,Healthcare Representative,3,Divorced,7930,9801,0,Y,Yes,12,3,3,80,1,10,2,3,8,7,0,6
341,29,No,Travel_Rarely,211,Research & Development,2,5,Life Sciences,1,4,Male,60,1,1,Research Scientist,3,Single,2923,21574,0,Y,No,12,3,3,80,0,10,3,2,9,7,6,7
342,34,No,Travel_Frequently,527,Human Resources,2,5,Human Resources,1,2,Female,42,3,3,Manufacturing Director,4,Divorced,9891,19998,0,Y,No,13,3,2,80,2,12,2,2,11,8,5,8
343,41,No,Travel_Rarely,870,Research & Development,11,2,Medical,1,2,Female,64,3,2,Sales Executive,2,Single,9040,15340,3,Y,No,13,3,3,80,0,15,4,1,9,6,3,8
344,34,No,Travel_Rarely,726,Human Resources,3,4,Human Resources,1,2,Male,81,1,3,Sales Executive,1,Divorced,10104,15123,1,Y,No,12,3,2,80,1,10,2,2,9,3,0,3
345,35,No,Travel_Rarely,857,Human Resources,10,5,Technical Degree,1,4,Male,82,3,2,Sales Executive,3,Married,4692,20685,2,Y,Yes,16,3,4,80,1,6,2,2,3,2,2,2
346,30,Yes,Travel_Rarely,779,Human Resources,2,5,Human Resources,1,1,Female,84,2,2,Manufacturing Director,2,Married,5885,18956,5,Y,No,16,3,1,80,1,10,2,3,5,3,2,3
347,34,No,Travel_Rarely,978,Research & Development,7,5,Human Resources,1,2,Male,85,4,1,Research Scientist,3,Married,3454,20267,9,Y,No,15,3,3,80,0,12,3,1,9,7,0,6
348,50,No,Travel_Rarely,503,Human Resources,9,5,Marketing,1,1,Female,66,1,4,Manager,3,Single,16845,11886,0,Y,Yes,14,3,4,80,0,22,3,3,8,6,6,7
349,50,No,Travel_Rarely,554,Human Resources,9,2,Human Resources,1,3,Male,72,4,5,Manager,2,Married,19261,17602,0,Y,No,14,3,2,80,3,24,2,2,6,4,0,4
350,37,No,Travel_Rarely,1128,Human Resources,14,3,Human Resources,1,3,Female,95,3,3,Sales Executive,1,Married,7898,13267,4,Y,No,16,3,2,80,2,10,3,3,3,1,1,2
351,42,No,Travel_Rarely,563,Human Resources,2,3,Human Resources,1,1,Female,89,3,4,Manager,1,Married,17064,11372,0,Y,No,12,3,2,80,0,23,2,2,14,10,8,7
352,41,No,Non-Travel,308,Research & Development,22,5,Human Resources,1,4,Male,78,4,2,Manufacturing Director,3,Divorced,6227,16307,6,Y,No,16,3,2,80,0,13,3,4,5,4,1,2
353,25,No,Travel_Rarely,702,Research & Development,7,2,Life Sciences,1,2,Male,62,3,1,Laboratory Technician,1,Single,3116,8617,2,Y,No,16,3,4,80,0,7,5,3,4,2,1,4
354,26,Yes,Travel_Rarely,508,Sales,12,3,Human Resources,1,2,Male,95,3,1,Sales Representative,1,Married,2257,9195,1,Y,No,12,3,3,80,1,2,2,3,2,1,0,1
355,48,No,Travel_Rarely,989,Human Resources,22,5,Human Resources,1,4,Female,86,3,3,Laboratory Technician,3,Married,6384,21872,3,Y,Yes,13,3,4,80,0,17,5,3,3,2,0,2
356,28,No,Travel_Rarely,1154,Research & Development,6,5,Human Resources,1,3,Male,95,2,1,Research Scientist,4,Divorced,3276,7197,3,Y,No,14,3,2,80,1,7,4,3,6,4,0,1
357,40,No,Travel_Rarely,1062,Human Resources,2,4,Human Resources,1,4,Male,78,2,5,Research Director,2,Married,19127,22771,1,Y,No,22,4,4,80,1,20,6,3,10,2,1,5
358,35,No,Travel_Frequently,618,Human Resources,9,2,Human Resources,1,3,Female,69,3,2,Healthcare Representative,2,Divorced,4844,9580,1,Y,Yes,15,3,4,80,1,8,2,3,8,2,1,3
359,32,No,Travel_Rarely,1229,Human Resources,9,5,Human Resources,1,1,Male,79,2,2,Sales Executive,2,Married,5346,17181,0,Y,No,15,3,2,80,1,5,0,3,1,0,0,0
360,35,No,Non-Travel,740,Sales,10,5,Life Sciences,1,1,Male,63,4,1,Sales Executive,3,Single,5106,8407,2,Y,No,15,3,3,80,0,11,3,3,5,3,1,6
361,43,No,Travel_Rarely,966,Research & Development,2,5,Human Resources,1,2,Male,78,4,1,Sales Executive,2,Divorced,2578,7034,1,Y,No,21,4,4,80,1,6,0,2,5,2,0,4
362,26,No,Travel_Rarely,1358,Sales,9,5,Human Resources,1,3,Male,70,3,1,Sales Representative,3,Divorced,3148,11925,3,Y,No,15,3,2,80,1,6,3,3,4,3,0,3
363,30,No,Travel_Rarely,596,Research & Development,2,5,Human Resources,1,3,Female,45,3,1,Laboratory Technician,3,Divorced,2461,11303,0,Y,No,15,3,4,80,0,3,3,2,2,2,2,2
364,33,Yes,Travel_Frequently,959,Human Resources,9,3,Human Resources,1,4,Male,37,3,3,Sales Executive,1,Divorced,9058,9142,7,Y,No,12,3,1,80,0,9,2,2,1,1,1,0
365,35,No,Travel_Rarely,1182,Research & Development,22,5,Life Sciences,1,4,Male,90,2,2,Manufacturing Director,4,Single,5647,6314,0,Y,No,13,3,2,80,0,9,2,3,8,4,1,7
366,46,No,Travel_Rarely,817,Human Resources,3,5,Human Resources,1,3,Female,44,2,4,Manager,3,Married,17343,13628,0,Y,Yes,13,3,4,80,1,22,3,4,12,10,4,4
367,35,No,Travel_Rarely,1163,Human Resources,4,3,Medical,1,2,Female,84,3,2,Sales Executive,1,Married,6115,4952,3,Y,No,14,3,4,80,1,10,2,2,5,3,3,4
368,40,No,Travel_Rarely,601,Human Resources,19,5,Human Resources,1,1,Male,93,3,3,Healthcare Representative,4,Divorced,7813,9854,2,Y,Yes,21,4,2,80,1,15,2,3,4,2,0,1
369,28,No,Non-Travel,926,Human Resources,5,5,Life Sciences,1,4,Male,45,3,2,Laboratory Technician,4,Single,3944,7759,1,Y,No,15,3,3,80,0,9,2,4,9,4,4,7
370,39,No,Travel_Frequently,1274,Human Resources,15,5,Human Resources,1,3,Male,89,3,2,Manufacturing Director,3,Married,5704,15369,5,Y,No,13,3,3,80,2,13,3,2,13,5,1,4
371,36,No,Travel_Rarely,407,Research & Development,7,4,Other,1,3,Male,40,3,2,Research Scientist,2,Single,4862,12749,1,Y,No,12,3,2,80,0,9,2,2,10,7,7,9
372,51,No,Travel_Rarely,1009,Human Resources,2,3,Life Sciences,1,4,Female,84,3,3,Sales Executive,1,Single,8440,5484,4,Y,No,15,3,4,80,0,15,2,2,9,8,3,8
373,30,Yes,Travel_Rarely,789,Research & Development,9,5,Other,1,3,Female,86,3,1,Research Scientist,2,Single,3170,21521,0,Y,No,12,3,3,80,0,4,4,3,3,2,1,2
374,31,No,Travel_Rarely,707,Research & Development,11,5,Medical,1,2,Female,64,3,1,Laboratory Technician,4,Married,2880,13410,1,Y,No,13,3,3,80,0,3,0,1,3,2,2,2
375,37,No,Travel_Rarely,474,Research & Development,16,5,Human Resources,1,4,Male,71,3,2,Laboratory Technician,3,Married,3734,22478,0,Y,No,14,3,3,80,1,12,3,3,12,6,1,8
376,43,No,Travel_Rarely,651,Human Resources,8,5,Human Resources,1,1,Male,72,2,4,Research Director,3,Married,16530,4413,1,Y,No,11,3,4,80,1,21,2,2,17,9,1,7
377,37,No,Travel_Rarely,665,Human Resources,4,5,Human Resources,1,3,Female,75,4,2,Sales Executive,4,Married,6938,12674,9,Y,No,15,3,3,80,1,11,3,3,7,7,0,6
378,45,No,Travel_Rarely,486,Human Resources,19,5,Human Resources,1,4,Male,57,2,3,Manufacturing Director,3,Divorced,10463,8725,6,Y,No,22,4,2,80,1,18,5,2,10,8,1,8
379,32,No,Travel_Rarely,1110,Research & Development,9,3,Other,1,1,Female,81,3,1,Manufacturing Director,1,Single,3346,8377,0,Y,No,21,4,1,80,0,4,3,2,3,2,0,2
380,54,No,Travel_Rarely,893,Human Resources,5,5,Human Resources,1,4,Male,71,3,3,Manufacturing Director,3,Married,10886,19980,3,Y,Yes,18,3,3,80,1,23,4,3,3,1,1,2
381,32,No,Travel_Rarely,1304,Research & Development,3,5,Human Resources,1,3,Male,70,3,1,Research Scientist,4,Divorced,3372,10155,1,Y,No,16,3,3,80,1,8,2,3,7,7,4,6
382,28,Yes,Travel_Rarely,560,Human Resources,15,1,Human Resources,1,2,Male,83,1,1,Human Resources,1,Single,3269,20780,0,Y,Yes,17,3,2,80,1,5,2,2,3,2,1,2
383,47,Yes,Travel_Rarely,756,Human Resources,10,5,Life Sciences,1,1,Female,87,3,5,Manager,3,Single,19271,8704,2,Y,Yes,13,3,4,80,0,26,2,2,3,2,2,2
384,47,Yes,Travel_Rarely,1185,Human Resources,21,4,Human Resources,1,1,Female,46,3,2,Sales Executive,2,Married,6879,14236,1,Y,No,22,4,3,80,0,8,3,3,8,7,2,7
385,33,No,Travel_Rarely,530,Research & Development,9,5,Human Resources,1,1,Male,50,3,2,Research Scientist,3,Divorced,4520,25033,4,Y,No,14,3,3,80,2,11,3,2,8,7,1,7
386,38,No,Travel_Rarely,870,Human Resources,3,5,Human Resources,1,3,Female,74,3,2,Manufacturing Director,3,Married,5619,8050,6,Y,No,17,3,1,80,1,10,3,3,3,1,1,1
387,30,Yes,Travel_Rarely,658,Research & Development,7,3,Human Resources,1,3,Male,60,2,1,Laboratory Technician,1,Married,3372,6329,6,Y,Yes,13,3,3,80,0,7,5,2,1,0,0,0
388,34,No,Travel_Rarely,157,Research & Development,11,5,Medical,1,2,Male,38,3,1,Laboratory Technician,2,Single,2405,11397,1,Y,No,14,3,3,80,0,9,2,3,8,5,1,7
389,34,No,Travel_Rarely,1212,Research & Development,9,5,Human Resources,1,2,Female,78,3,1,Research Scientist,2,Married,3682,18544,0,Y,Yes,18,3,3,80,0,10,5,3,8,7,1,7
390,34,Yes,Travel_Rarely,512,Sales,11,5,Human Resources,1,2,Male,82,3,1,Sales Executive,2,Married,2680,19334,2,Y,No,12,3,2,80,1,12,3,3,7,7,7,6
391,36,No,Travel_Rarely,1254,Research & Development,26,5,Technical Degree,1,3,Female,74,3,1,Manufacturing Director,3,Single,3327,19117,4,Y,No,12,3,2,80,0,8,0,3,5,4,3,3
392,31,No,Travel_Rarely,648,Research & Development,3,5,Medical,1,3,Female,59,2,1,Research Scientist,3,Single,2987,10583,1,Y,Yes,24,4,1,80,0,8,2,3,7,7,6,6
393,40,Yes,Travel_Frequently,721,Human Resources,10,2,Human Resources,1,1,Male,84,3,3,Manager,2,Married,12456,22128,0,Y,Yes,13,3,3,80,1,15,3,4,5,4,1,2
394,37,No,Travel_Rarely,1419,Research & Development,7,4,Human Resources,1,3,Male,84,3,1,Research Scientist,2,Married,2629,16278,1,Y,Yes,14,3,4,80,2,5,2,3,3,2,1,2
395,42,No,Travel_Frequently,809,Research & Development,5,5,Human Resources,1,4,Male,59,3,1,Sales Executive,2,Married,2995,16774,0,Y,No,17,3,3,80,0,8,3,2,7,4,0,5
396,36,Yes,Travel_Rarely,329,Sales,11,3,Technical Degree,1,1,Male,81,2,1,Sales Executive,2,Single,4109,16156,2,Y,No,15,3,3,80,0,8,3,3,3,2,1,0
397,42,No,Travel_Rarely,1269,Research & Development,1,5,Medical,1,3,Female,60,2,1,Research Scientist,3,Married,3871,19736,4,Y,No,15,3,3,80,1,12,5,3,8,7,0,7
398,33,No,Non-Travel,913,Research & Development,9,5,Human Resources,1,4,Male,73,2,1,Research Scientist,2,Divorced,2206,8361,1,Y,No,22,4,1,80,2,2,3,3,1,0,0,0
399,29,Yes,Travel_Rarely,1194,Research & Development,16,2,Medical,1,2,Male,47,3,1,Manufacturing Director,1,Single,2537,8250,1,Y,No,15,3,2,80,0,2,2,2,1,0,0,0
400,37,No,Travel_Rarely,293,Research & Development,2,2,Human Resources,1,4,Male,60,3,1,Research Scientist,2,Divorced,3064,20444,7,Y,No,13,3,3,80,1,7,2,2,3,2,0,2
401,23,Yes,Travel_Rarely,635,Research & Development,9,5,Life Sciences,1,3,Male,82,2,1,Laboratory Technician,2,Single,2491,11446,1,Y,No,21,4,4,80,0,1,1,2,1,0,0,0
402,31,Yes,Travel_Rarely,358,Sales,11,5,Marketing,1,3,Male,61,3,1,Sales Representative,4,Single,2434,14398,0,Y,No,14,3,2,80,0,5,4,1,1,1,1,1
403,33,No,Travel_Rarely,1366,Research & Development,2,5,Human Resources,1,4,Male,91,3,1,Research Scientist,3,Married,3765,18883,0,Y,No,15,3,4,80,1,3,3,3,2,2,1,1
404,28,No,Travel_Rarely,940,Research & Development,2,5,Human Resources,1,2,Male,39,3,1,Research Scientist,4,Married,2984,22341,0,Y,No,13,3,1,80,2,5,2,3,3,2,1,2
405,30,Yes,Travel_Frequently,1181,Research & Development,3,5,Human Resources,1,4,Male,50,2,1,Laboratory Technician,3,Divorced,3085,21278,0,Y,No,13,3,3,80,3,4,2,3,3,2,1,2
406,33,No,Travel_Rarely,556,Human Resources,4,3,Medical,1,3,Male,77,3,2,Laboratory Technician,2,Single,3577,8139,1,Y,No,11,3,4,80,0,10,4,3,10,7,1,2
407,40,Yes,Travel_Rarely,842,Human Resources,2,5,Human Resources,1,4,Female,60,3,3,Sales Executive,4,Divorced,9566,18465,9,Y,No,13,3,4,80,3,15,2,4,6,2,1,5
408,36,No,Travel_Frequently,446,Research & Development,12,3,Human Resources,1,2,Female,47,3,2,Manufacturing Director,2,Married,5755,11000,2,Y,No,14,3,2,80,1,10,2,4,4,2,1,2
409,42,No,Travel_Rarely,648,Human Resources,6,5,Human Resources,1,2,Female,47,3,4,Sales Executive,4,Married,13446,7609,1,Y,No,12,3,1,80,0,26,6,3,21,7,8,7
410,41,Yes,Travel_Rarely,793,Human Resources,26,4,Human Resources,1,4,Male,82,3,4,Manager,2,Married,15482,9282,1,Y,Yes,22,4,3,80,0,22,3,3,22,7,3,7
411,41,No,Travel_Rarely,719,Research & Development,10,5,Life Sciences,1,4,Male,73,3,2,Healthcare Representative,4,Single,5372,13685,1,Y,Yes,17,3,4,80,0,10,3,3,9,3,1,7
412,37,No,Travel_Rarely,224,Research & Development,3,5,Medical,1,2,Male,45,3,2,Manufacturing Director,2,Single,6392,6457,1,Y,No,16,3,3,80,0,10,2,3,10,7,1,8
413,36,No,Travel_Frequently,528,Human Resources,19,3,Life Sciences,1,3,Male,87,3,2,Sales Executive,1,Single,4221,13854,1,Y,No,12,3,4,80,0,3,3,3,2,0,0,0
414,26,No,Travel_Rarely,1076,Research & Development,2,3,Human Resources,1,3,Male,46,3,1,Research Scientist,2,Married,2461,11457,1,Y,No,12,3,3,80,1,5,2,2,4,2,1,2
415,27,No,Travel_Rarely,896,Human Resources,4,5,Human Resources,1,1,Female,84,3,2,Manufacturing Director,4,Married,5303,18663,1,Y,No,24,4,2,80,1,5,4,4,5,2,0,3
416,35,No,Travel_Rarely,898,Human Resources,7,5,Human Resources,1,1,Female,33,3,2,Sales Executive,3,Married,7103,9694,5,Y,No,14,3,3,80,1,10,1,2,10,6,6,7
417,29,No,Travel_Rarely,862,Research & Development,2,5,Human Resources,1,4,Female,66,3,1,Laboratory Technician,3,Divorced,2949,23826,1,Y,No,14,3,1,80,2,5,2,3,5,3,0,2
418,38,No,Travel_Rarely,1150,Human Resources,4,5,Medical,1,3,Male,52,3,5,Human Resources,4,Single,18478,10974,2,Y,No,14,3,4,80,0,16,2,2,10,4,1,7
419,35,No,Travel_Rarely,997,Research & Development,7,3,Other,1,3,Male,56,3,2,Laboratory Technician,2,Single,3970,9010,0,Y,No,13,3,2,80,0,10,3,4,8,4,4,7
420,39,No,Travel_Rarely,1242,Research & Development,8,5,Human Resources,1,1,Female,57,3,2,Manufacturing Director,2,Married,6618,10391,2,Y,No,22,4,2,80,0,19,3,3,10,8,0,9
421,37,No,Travel_Rarely,564,Human Resources,2,5,Life Sciences,1,1,Female,77,3,3,Manufacturing Director,3,Single,9732,19743,6,Y,Yes,12,3,4,80,0,18,2,3,16,7,4,12
422,51,Yes,Travel_Rarely,551,Human Resources,22,5,Life Sciences,1,2,Male,67,3,2,Laboratory Technician,3,Single,4621,20328,0,Y,No,12,3,1,80,0,10,2,2,6,3,3,5
423,30,No,Travel_Rarely,714,Human Resources,1,5,Human Resources,1,3,Female,38,3,2,Sales Executive,4,Married,5381,13916,1,Y,Yes,14,3,3,80,1,7,2,3,8,7,0,5
424,40,No,Travel_Rarely,1137,Research & Development,8,3,Medical,1,1,Male,47,2,1,Research Scientist,1,Single,2543,4808,0,Y,Yes,22,4,2,80,0,5,1,3,3,2,2,2
425,38,No,Travel_Rarely,1115,Human Resources,3,1,Human Resources,1,3,Male,87,3,3,Manufacturing Director,1,Married,8280,9568,0,Y,No,14,3,1,80,1,10,2,3,8,3,0,7
426,36,No,Travel_Frequently,938,Human Resources,8,5,Life Sciences,1,1,Male,82,3,3,Sales Executive,3,Single,8780,9443,3,Y,No,12,3,3,80,0,11,3,2,8,7,7,7
427,41,No,Travel_Frequently,1213,Human Resources,3,5,Human Resources,1,4,Female,64,3,4,Sales Executive,3,Divorced,9438,5267,1,Y,Yes,21,4,4,80,1,20,3,3,20,10,1,8
428,34,No,Travel_Rarely,1348,Human Resources,19,5,Human Resources,1,3,Male,41,3,4,Sales Executive,4,Married,11434,18874,1,Y,Yes,14,3,3,80,2,10,3,2,10,8,7,8
429,32,Yes,Travel_Frequently,683,Human Resources,26,4,Life Sciences,1,4,Female,47,3,3,Manufacturing Director,1,Single,8859,5526,1,Y,No,11,3,1,80,0,11,2,2,8,5,4,3
430,38,No,Travel_Rarely,893,Research & Development,5,5,Human Resources,1,1,Male,47,4,2,Laboratory Technician,3,Married,4202,17059,2,Y,No,21,4,1,80,0,23,3,3,9,8,7,7
431,33,No,Travel_Frequently,1260,Human Resources,8,3,Medical,1,1,Female,51,4,2,Healthcare Representative,1,Single,5368,17059,4,Y,No,13,3,2,80,0,9,2,3,3,2,0,2
432,33,No,Travel_Rarely,169,Research & Development,2,3,Medical,1,1,Female,78,2,1,Sales Executive,1,Single,4696,22911,0,Y,No,13,3,4,80,0,7,3,2,1,0,0,0
433,39,No,Travel_Frequently,594,Research & Development,17,5,Human Resources,1,4,Female,78,3,2,Laboratory Technician,3,Divorced,5114,12294,4,Y,Yes,13,3,4,80,2,11,2,2,3,2,2,2
434,36,No,Travel_Rarely,373,Human Resources,22,3,Human Resources,1,2,Male,77,2,2,Manufacturing Director,2,Married,6517,4772,0,Y,No,13,3,2,80,0,9,2,2,5,4,0,2
435,41,No,Travel_Rarely,1154,Research & Development,3,5,Technical Degree,1,4,Male,62,2,1,Laboratory Technician,4,Married,3103,15537,3,Y,No,12,3,1,80,1,14,2,3,3,2,1,2
436,36,No,Travel_Frequently,504,Human Resources,10,5,Human Resources,1,1,Female,80,3,2,Human Resources,2,Married,5116,20753,1,Y,Yes,12,3,3,80,0,9,2,3,9,2,0,7
437,52,No,Travel_Rarely,687,Human Resources,22,4,Human Resources,1,1,Male,88,3,4,Manager,1,Divorced,16121,22214,1,Y,No,13,3,2,80,1,32,3,3,31,9,9,7
438,35,No,Travel_Rarely,1246,Human Resources,16,5,Human Resources,1,4,Female,92,3,2,Healthcare Representative,4,Married,5857,11969,0,Y,No,14,3,4,80,1,12,3,1,9,7,7,4
439,31,No,Travel_Rarely,1122,Research & Development,8,5,Human Resources,1,3,Male,63,3,2,Manufacturing Director,4,Divorced,5684,8086,1,Y,No,14,3,3,80,1,9,3,2,10,8,7,3
440,34,No,Travel_Rarely,1226,Human Resources,2,3,Human Resources,1,3,Male,83,3,2,Sales Executive,1,Divorced,5672,12893,1,Y,No,20,4,2,80,2,6,3,3,5,2,1,2
441,33,No,Travel_Rarely,163,Research & Development,8,2,Life Sciences,1,1,Female,57,3,1,Research Scientist,2,Single,2782,14659,3,Y,No,13,3,1,80,0,7,3,2,3,2,0,2
442,40,No,Travel_Rarely,626,Research & Development,8,5,Human Resources,1,1,Male,68,4,1,Research Scientist,4,Married,3094,19316,1,Y,No,15,3,4,80,1,4,3,3,6,1,2,2
443,40,No,Travel_Rarely,295,Research & Development,21,5,Human Resources,1,2,Male,55,1,2,Research Scientist,3,Married,4632,23727,0,Y,No,22,4,1,80,0,10,1,3,8,5,1,6
444,26,No,Travel_Rarely,319,Human Resources,3,5,Human Resources,1,3,Female,51,2,2,Human Resources,4,Married,4853,17175,1,Y,No,13,3,2,80,0,6,2,4,5,3,0,4
445,44,No,Travel_Rarely,587,Human Resources,2,5,Human Resources,1,3,Male,73,3,2,Research Scientist,2,Married,5432,14806,1,Y,No,13,3,3,80,1,11,0,2,10,8,4,8
446,35,No,Travel_Frequently,607,Sales,7,4,Marketing,1,4,Male,55,3,1,Sales Executive,1,Single,2917,17089,0,Y,Yes,12,3,4,80,0,5,3,3,4,2,0,2
447,38,No,Travel_Frequently,788,Human Resources,5,5,Other,1,3,Male,62,2,3,Sales Executive,3,Married,9183,5145,0,Y,Yes,12,3,3,80,1,9,2,3,4,3,1,3
448,37,No,Travel_Rarely,539,Research & Development,7,5,Human Resources,1,3,Male,62,3,2,Sales Executive,3,Married,7054,20073,3,Y,Yes,20,4,1,80,1,10,3,3,5,4,1,3
449,26,No,Travel_Frequently,585,Research & Development,5,3,Medical,1,1,Male,61,3,1,Laboratory Technician,1,Single,2932,15549,0,Y,No,16,3,2,80,0,6,3,1,3,2,3,3
450,35,No,Travel_Frequently,1356,Human Resources,2,3,Medical,1,3,Male,82,3,2,Sales Executive,1,Married,5541,4682,1,Y,No,16,3,3,80,1,8,2,3,9,7,1,7
451,29,No,Travel_Frequently,1231,Sales,9,5,Medical,1,3,Male,78,3,1,Sales Representative,3,Single,2366,13032,1,Y,No,14,3,4,80,0,2,5,1,3,2,1,2
452,42,No,Travel_Rarely,968,Research & Development,4,1,Technical Degree,1,4,Male,87,1,1,Laboratory Technician,1,Single,2885,10626,2,Y,No,17,3,4,80,0,13,2,2,3,2,1,2
453,43,No,Travel_Rarely,844,Human Resources,18,5,Medical,1,2,Male,51,3,3,Healthcare Representative,3,Single,9833,19547,3,Y,No,17,3,4,80,0,22,3,4,12,9,4,8
454,33,Yes,Travel_Rarely,205,Research & Development,15,5,Human Resources,1,2,Male,91,3,1,Laboratory Technician,3,Married,2797,22034,5,Y,No,15,3,4,80,1,10,2,3,8,2,6,7
455,42,No,Non-Travel,1151,Research & Development,11,2,Technical Degree,1,2,Female,56,1,1,Research Scientist,2,Married,3185,10012,2,Y,No,15,3,4,80,1,11,4,3,5,3,1,3
456,37,No,Travel_Rarely,555,Human Resources,7,5,Other,1,1,Female,52,4,3,Manufacturing Director,2,Single,9608,11948,1,Y,Yes,14,3,2,80,0,11,4,2,10,7,1,8
457,39,No,Travel_Rarely,822,Research & Development,7,5,Medical,1,3,Male,86,4,1,Research Scientist,3,Single,3510,22709,3,Y,Yes,12,3,1,80,0,7,5,3,3,2,1,2
458,38,No,Travel_Rarely,486,Human Resources,17,1,Life Sciences,1,3,Male,87,3,2,Sales Executive,1,Single,6388,15761,1,Y,No,21,4,3,80,0,8,2,3,9,7,0,7
459,38,Yes,Travel_Rarely,935,Human Resources,3,5,Life Sciences,1,3,Female,87,3,3,Healthcare Representative,3,Single,9756,14071,7,Y,No,16,3,4,80,0,15,1,3,6,3,1,3
460,29,No,Travel_Rarely,923,Research & Development,5,5,Human Resources,1,1,Male,93,4,1,Laboratory Technician,4,Divorced,3151,9713,0,Y,No,17,3,2,80,3,9,2,3,6,4,0,3
461,46,No,Travel_Rarely,850,Human Resources,5,5,Life Sciences,1,4,Male,48,2,4,Sales Executive,4,Single,13456,22513,1,Y,No,12,3,4,80,0,25,2,3,24,9,14,8
462,41,No,Travel_Rarely,1400,Human Resources,3,3,Human Resources,1,4,Female,76,2,2,Sales Executive,2,Married,5701,3929,0,Y,No,14,3,3,80,2,9,2,3,5,4,1,4
463,49,No,Non-Travel,339,Human Resources,5,5,Life Sciences,1,3,Male,82,3,3,Healthcare Representative,4,Single,10206,17973,4,Y,No,14,3,4,80,0,25,3,2,9,7,1,2
464,38,No,Travel_Rarely,979,Research & Development,6,5,Human Resources,1,4,Female,60,3,1,Research Scientist,3,Married,3796,7974,0,Y,No,13,3,2,80,0,10,2,3,5,2,1,3
465,32,Yes,Travel_Frequently,483,Human Resources,22,5,Life Sciences,1,2,Female,43,3,2,Research Scientist,3,Single,4391,14188,0,Y,No,13,3,1,80,0,8,2,3,4,2,0,2
466,31,No,Travel_Rarely,588,Human Resources,6,5,Life Sciences,1,1,Female,55,3,3,Research Director,3,Single,12059,21026,7,Y,Yes,17,3,2,80,0,13,2,3,10,8,1,7
467,28,No,Travel_Rarely,557,Research & Development,2,1,Life Sciences,1,3,Male,81,3,1,Sales Representative,1,Single,3260,18386,4,Y,No,12,3,3,80,0,11,0,1,3,2,1,2
468,29,No,Travel_Rarely,333,Human Resources,2,5,Technical Degree,1,1,Male,85,4,4,Laboratory Technician,3,Single,9762,24565,0,Y,No,17,3,4,80,0,9,2,2,7,4,1,5
469,35,No,Travel_Rarely,1293,Human Resources,9,1,Life Sciences,1,1,Male,65,3,2,Sales Executive,1,Single,5409,17240,2,Y,No,14,3,3,80,0,15,3,3,8,7,4,7
470,28,No,Travel_Rarely,902,Research & Development,2,4,Human Resources,1,1,Male,87,2,1,Research Scientist,1,Married,3398,10284,5,Y,No,12,3,3,80,2,9,2,3,7,7,3,6
471,39,No,Travel_Rarely,193,Human Resources,10,5,Human Resources,1,2,Male,94,3,2,Sales Executive,3,Married,4684,9311,1,Y,No,14,3,3,80,2,7,2,3,8,7,2,5
472,40,No,Travel_Rarely,207,Human Resources,20,1,Life Sciences,1,4,Male,42,3,2,Sales Executive,1,Single,6293,19545,2,Y,No,14,3,4,80,0,9,2,4,4,3,1,3
473,40,No,Travel_Rarely,1154,Human Resources,10,5,Human Resources,1,3,Male,74,3,2,Laboratory Technician,3,Married,5130,16717,3,Y,No,14,3,2,80,1,11,1,2,5,2,1,4
474,34,No,Travel_Rarely,692,Research & Development,2,4,Human Resources,1,1,Male,76,3,1,Sales Executive,1,Married,6245,8691,9,Y,No,12,3,3,80,1,10,3,3,5,4,2,3
475,28,Yes,Travel_Rarely,1083,Research & Development,2,5,Medical,1,4,Male,48,3,1,Research Scientist,3,Single,3651,20611,0,Y,No,17,3,4,80,0,5,3,3,3,2,1,1
476,30,No,Travel_Rarely,1266,Human Resources,9,3,Human Resources,1,3,Male,76,2,2,Healthcare Representative,1,Married,4993,24773,0,Y,No,17,3,1,80,1,6,3,2,5,2,1,3
477,34,No,Travel_Frequently,915,Human Resources,10,3,Human Resources,1,4,Male,54,2,5,Research Director,1,Divorced,18580,17590,0,Y,No,15,3,1,80,1,17,2,3,5,4,0,3
478,37,No,Travel_Rarely,448,Human Resources,2,1,Life Sciences,1,1,Male,74,3,2,Sales Executive,1,Single,6236,9813,4,Y,No,15,3,2,80,0,8,3,3,1,0,0,0
479,33,No,Travel_Rarely,504,Research & Development,7,5,Human Resources,1,1,Female,66,3,1,Research Scientist,2,Married,2945,16633,0,Y,No,14,3,4,80,1,6,4,3,5,2,1,4
480,38,No,Travel_Rarely,800,Research & Development,12,5,Human Resources,1,3,Male,61,3,2,Research Scientist,4,Married,4410,10059,9,Y,No,17,3,4,80,1,9,2,3,3,2,2,2
481,38,Yes,Non-Travel,401,Sales,5,4,Life Sciences,1,1,Female,49,2,1,Sales Executive,1,Single,3508,5761,3,Y,No,16,3,4,80,0,19,3,2,19,3,12,8
482,31,No,Travel_Rarely,1389,Human Resources,2,2,Human Resources,1,4,Female,88,3,2,Sales Executive,1,Married,6046,5267,0,Y,No,16,3,4,80,1,9,2,2,8,7,0,7
483,44,No,Travel_Rarely,1399,Sales,9,5,Human Resources,1,4,Female,76,3,1,Sales Executive,3,Married,3599,13313,6,Y,No,17,3,2,80,3,7,3,2,3,2,0,1
484,31,No,Travel_Rarely,1055,Research & Development,3,3,Human Resources,1,3,Male,50,2,2,Sales Executive,1,Divorced,5385,16688,0,Y,Yes,12,3,3,80,1,13,2,3,6,3,0,4
485,32,No,Travel_Rarely,611,Research & Development,9,2,Medical,1,4,Male,71,2,1,Laboratory Technician,2,Married,3439,13831,0,Y,No,13,3,1,80,0,5,2,2,4,2,0,3
486,34,No,Travel_Rarely,981,Human Resources,26,3,Human Resources,1,2,Male,47,2,2,Sales Executive,2,Divorced,4602,13167,0,Y,No,18,3,1,80,1,7,2,3,3,2,1,2
487,47,Yes,Travel_Rarely,440,Human Resources,6,5,Human Resources,1,4,Female,52,3,3,Laboratory Technician,3,Divorced,5581,18914,2,Y,Yes,13,3,3,80,1,17,4,1,8,7,6,7
488,35,No,Travel_Rarely,544,Human Resources,8,5,Human Resources,1,2,Male,64,3,2,Manufacturing Director,2,Married,7051,23224,1,Y,No,22,4,1,80,0,10,3,3,10,8,4,7
489,41,No,Travel_Rarely,726,Human Resources,2,5,Human Resources,1,2,Female,43,2,2,Human Resources,3,Married,4686,20876,1,Y,No,14,3,3,80,1,7,3,3,6,4,0,4
490,35,Yes,Travel_Rarely,829,Research & Development,7,3,Human Resources,1,3,Male,81,1,1,Laboratory Technician,1,Married,2479,7273,3,Y,No,22,4,2,80,1,10,4,3,4,3,0,3
491,33,No,Travel_Rarely,291,Human Resources,2,3,Medical,1,2,Male,57,3,2,Manufacturing Director,1,Single,4927,21895,6,Y,No,17,3,3,80,0,6,5,3,4,2,0,2
492,30,No,Travel_Rarely,1265,Research & Development,3,5,Life Sciences,1,3,Male,36,3,1,Research Scientist,3,Single,2991,9566,0,Y,No,14,3,3,80,0,7,2,3,5,4,0,3
493,31,No,Travel_Rarely,647,Human Resources,3,5,Human Resources,1,3,Female,65,2,2,Sales Executive,2,Married,5434,11689,1,Y,No,17,3,1,80,3,11,2,3,10,9,0,7
494,35,Yes,Travel_Rarely,416,Human Resources,7,2,Medical,1,2,Female,54,2,2,Laboratory Technician,1,Married,5185,13195,8,Y,No,12,3,1,80,1,15,1,1,13,10,7,5
495,26,No,Travel_Rarely,558,Sales,14,5,Human Resources,1,2,Female,90,1,1,Sales Representative,4,Divorced,2455,15702,1,Y,Yes,18,3,1,80,2,3,3,2,3,2,0,2
496,36,No,Travel_Rarely,1128,Human Resources,6,5,Human Resources,1,4,Male,55,2,2,Sales Executive,4,Divorced,5502,20122,6,Y,Yes,13,3,4,80,2,7,3,4,3,2,1,2
497,46,No,Non-Travel,1033,Human Resources,3,5,Human Resources,1,4,Male,82,2,4,Manager,4,Married,14215,8266,2,Y,No,16,3,2,80,0,23,3,3,19,8,11,7
498,45,No,Travel_Rarely,551,Human Resources,2,4,Life Sciences,1,3,Female,85,3,4,Manager,1,Single,16735,16607,6,Y,No,13,3,2,80,0,24,5,2,16,8,4,8
499,34,No,Non-Travel,1123,Human Resources,4,5,Human Resources,1,1,Female,79,3,2,Sales Executive,3,Married,4901,22078,1,Y,No,13,3,2,80,1,10,5,3,10,8,6,7
500,36,No,Travel_Rarely,1384,Human Resources,10,5,Human Resources,1,4,Male,74,3,2,Sales Executive,3,Divorced,6571,23337,0,Y,No,13,3,3,80,1,7,1,2,5,4,0,3
501,28,No,Travel_Rarely,953,Research & Development,17,1,Medical,1,2,Male,79,3,1,Research Scientist,1,Single,2606,17195,1,Y,Yes,17,3,4,80,0,6,1,3,6,4,0,2
502,35,No,Travel_Rarely,781,Research & Development,3,5,Medical,1,2,Male,44,2,2,Manufacturing Director,2,Single,5536,23161,1,Y,No,14,3,3,80,0,10,2,3,9,7,0,8
503,34,No,Travel_Rarely,620,Human Resources,8,5,Human Resources,1,2,Male,66,2,2,Sales Executive,3,Married,6357,24761,0,Y,Yes,13,3,4,80,0,9,3,3,8,7,2,7
504,27,No,Travel_Rarely,964,Research & Development,5,3,Other,1,3,Female,79,4,1,Laboratory Technician,2,Single,3307,10028,0,Y,Yes,11,3,3,80,0,8,2,2,7,7,3,6
505,49,No,Travel_Rarely,970,Human Resources,3,1,Human Resources,1,1,Female,85,2,4,Healthcare Representative,1,Married,13113,18907,5,Y,No,13,3,1,80,1,22,5,3,4,2,0,3
506,20,No,Travel_Rarely,1174,Sales,9,1,Life Sciences,1,4,Male,59,2,1,Sales Representative,1,Single,2566,21810,1,Y,No,19,3,3,80,0,1,2,3,1,0,1,0
507,35,No,Travel_Rarely,863,Research & Development,3,5,Life Sciences,1,3,Male,84,2,2,Healthcare Representative,4,Single,6501,24405,2,Y,No,23,4,2,80,0,10,0,3,4,2,0,0
508,33,No,Travel_Rarely,371,Human Resources,14,3,Life Sciences,1,4,Male,80,3,3,Sales Executive,1,Single,8772,5923,0,Y,Yes,13,3,3,80,0,10,2,2,9,8,6,6
509,41,No,Travel_Frequently,1056,Human Resources,2,1,Human Resources,1,4,Female,70,3,2,Sales Executive,1,Divorced,8031,17011,3,Y,No,18,3,1,80,1,10,3,3,4,2,0,3
510,33,Yes,Travel_Rarely,329,Research & Development,2,5,Life Sciences,1,1,Male,79,1,1,Manufacturing Director,4,Single,4594,13810,0,Y,Yes,13,3,1,80,0,6,4,1,4,3,1,3
511,28,No,Travel_Rarely,317,Research & Development,4,3,Human Resources,1,2,Male,85,1,1,Research Scientist,1,Married,3035,10222,7,Y,No,20,4,3,80,0,6,3,3,3,2,0,2
512,47,No,Travel_Rarely,570,Research & Development,24,5,Human Resources,1,2,Female,81,4,1,Laboratory Technician,3,Married,2926,14309,1,Y,No,12,3,1,80,0,10,3,2,9,8,4,7
513,53,Yes,Travel_Rarely,328,Research & Development,9,5,Human Resources,1,1,Female,63,2,1,Research Scientist,4,Married,3095,9864,0,Y,No,16,3,1,80,2,16,1,3,10,8,4,7
514,36,Yes,Travel_Rarely,1163,Research & Development,10,4,Human Resources,1,3,Female,65,3,1,Sales Executive,2,Married,2652,16397,0,Y,No,14,3,2,80,2,3,2,2,2,0,0,1
515,45,No,Travel_Rarely,351,Human Resources,9,5,Medical,1,1,Female,50,3,3,Healthcare Representative,4,Married,7911,15246,0,Y,No,14,3,3,80,1,11,2,3,5,4,0,3
516,36,No,Travel_Rarely,588,Human Resources,2,5,Human Resources,1,2,Female,67,3,2,Manufacturing Director,3,Married,6437,19038,4,Y,No,12,3,3,80,1,8,3,3,3,2,2,2
517,46,Yes,Travel_Frequently,895,Human Resources,6,5,Human Resources,1,3,Male,61,3,2,Sales Executive,2,Married,6749,21076,3,Y,Yes,18,3,1,80,0,10,4,3,2,2,1,0
518,34,No,Travel_Rarely,1106,Research & Development,6,5,Other,1,3,Male,92,2,1,Laboratory Technician,4,Single,3026,9319,5,Y,No,14,3,4,80,0,7,2,2,3,2,2,2
519,42,No,Travel_Rarely,503,Human Resources,2,4,Life Sciences,1,2,Male,70,3,2,Sales Executive,2,Single,9194,15034,0,Y,No,12,3,1,80,0,8,2,1,4,2,0,2
520,34,No,Non-Travel,641,Human Resources,4,5,Life Sciences,1,3,Female,57,3,2,Sales Executive,3,Single,6259,12335,9,Y,No,15,3,1,80,0,8,5,3,6,3,0,4
521,27,No,Non-Travel,768,Research & Development,7,5,Human Resources,1,1,Male,57,2,1,Laboratory Technician,4,Divorced,2189,19651,1,Y,No,21,4,3,80,1,1,2,3,2,1,1,1
522,34,No,Travel_Rarely,1341,Research & Development,7,5,Human Resources,1,2,Male,73,2,2,Research Scientist,4,Married,4852,6805,0,Y,No,14,3,2,80,0,12,4,2,11,8,6,8
523,35,No,Travel_Rarely,931,Human Resources,8,5,Other,1,4,Female,48,3,2,Sales Executive,4,Single,5956,19227,3,Y,No,18,3,4,80,0,10,6,4,8,7,3,7
524,43,No,Non-Travel,720,Human Resources,6,4,Human Resources,1,4,Female,85,1,4,Manager,1,Divorced,16452,15454,1,Y,No,12,3,4,80,3,23,2,3,22,7,12,7
525,42,Yes,Travel_Rarely,271,Research & Development,8,3,Medical,1,4,Male,60,3,2,Sales Executive,1,Married,5335,17155,0,Y,No,12,3,4,80,1,7,0,3,5,4,1,2
526,39,No,Travel_Rarely,981,Research & Development,9,5,Medical,1,3,Female,86,1,2,Research Scientist,2,Single,4625,8540,2,Y,No,13,3,2,80,0,17,4,2,4,3,1,3
527,47,No,Travel_Rarely,890,Research & Development,1,4,Technical Degree,1,1,Female,83,2,1,Research Scientist,1,Single,3228,9820,2,Y,No,21,4,3,80,0,18,4,1,4,2,0,2
528,29,No,Travel_Frequently,620,Research & Development,2,5,Life Sciences,1,2,Male,41,3,1,Research Scientist,4,Single,3469,13081,0,Y,No,14,3,4,80,0,8,3,3,7,5,1,5
529,45,No,Travel_Rarely,463,Research & Development,2,5,Human Resources,1,4,Male,51,1,1,Laboratory Technician,3,Divorced,3168,17068,4,Y,No,13,3,4,80,1,8,2,1,2,2,1,2
530,33,No,Travel_Rarely,382,Research & Development,2,5,Medical,1,4,Male,88,2,1,Research Scientist,3,Single,2817,4560,2,Y,No,12,3,3,80,0,6,2,2,2,1,0,1
531,28,No,Travel_Frequently,553,Research & Development,6,5,Other,1,1,Male,53,2,2,Laboratory Technician,3,Single,5317,23351,1,Y,No,13,3,1,80,0,7,3,2,6,4,0,2
532,27,No,Travel_Rarely,673,Human Resources,2,5,Other,1,4,Male,63,3,2,Healthcare Representative,4,Single,4997,10044,1,Y,No,13,3,1,80,0,9,2,2,8,7,3,7
533,37,Yes,Travel_Rarely,924,Human Resources,6,5,Life Sciences,1,3,Male,42,2,3,Sales Executive,4,Single,7846,7971,5,Y,Yes,15,3,3,80,0,14,2,3,11,7,4,9
534,29,No,Travel_Rarely,631,Research & Development,8,3,Human Resources,1,3,Male,72,3,1,Laboratory Technician,1,Married,3316,4647,1,Y,No,12,3,2,80,1,4,2,2,4,2,1,3
535,28,Yes,Travel_Frequently,932,Sales,6,5,Human Resources,1,4,Male,62,2,1,Sales Representative,3,Divorced,1952,11305,1,Y,No,15,3,4,80,1,1,5,3,1,1,1,1
536,40,No,Travel_Rarely,904,Sales,17,5,Human Resources,1,1,Male,45,4,1,Sales Executive,4,Divorced,3791,20719,0,Y,Yes,17,3,4,80,1,9,2,1,9,7,1,6
537,37,No,Travel_Frequently,487,Sales,8,5,Human Resources,1,3,Female,48,2,1,Manager,3,Married,15152,17171,1,Y,No,12,3,3,80,1,10,2,3,8,3,1,2
538,26,Yes,Travel_Rarely,1277,Research & Development,10,5,Human Resources,1,3,Male,87,3,1,Laboratory Technician,3,Married,2563,11907,1,Y,Yes,13,3,4,80,0,1,2,3,1,1,0,0
539,44,No,Travel_Rarely,936,Human Resources,9,5,Human Resources,1,3,Male,63,2,5,Research Director,3,Married,19583,17937,1,Y,No,23,4,3,80,1,21,3,2,17,6,1,6
540,34,No,Travel_Rarely,474,Research & Development,7,5,Life Sciences,1,2,Male,95,3,1,Laboratory Technician,4,Single,2608,20050,1,Y,Yes,15,3,1,80,0,9,3,2,10,2,7,7
541,31,No,Travel_Rarely,564,Human Resources,7,3,Human Resources,1,4,Male,86,3,3,Healthcare Representative,1,Divorced,8081,24577,4,Y,No,14,3,4,80,2,9,3,4,3,2,1,2
542,31,No,Travel_Rarely,903,Human Resources,9,3,Human Resources,1,2,Female,49,3,2,Sales Representative,1,Married,5031,4237,1,Y,No,13,3,3,80,0,8,3,3,7,4,1,2
543,32,No,Travel_Frequently,661,Human Resources,3,5,Human Resources,1,4,Male,63,2,2,Sales Executive,2,Married,5189,9480,1,Y,No,21,4,3,80,0,6,3,3,5,4,1,3
544,38,No,Travel_Rarely,788,Research & Development,3,3,Medical,1,3,Male,43,3,1,Sales Executive,1,Single,2638,19995,4,Y,No,22,4,4,80,0,8,2,3,2,1,0,2
545,52,No,Travel_Rarely,804,Human Resources,7,5,Human Resources,1,3,Female,77,3,4,Manager,4,Divorced,16797,12992,3,Y,No,14,3,3,80,1,31,6,3,10,8,4,8
546,30,Yes,Non-Travel,616,Human Resources,23,1,Medical,1,1,Male,56,1,2,Sales Executive,1,Single,4919,18134,3,Y,Yes,12,3,2,80,0,6,2,3,4,2,0,3
547,28,No,Non-Travel,436,Research & Development,1,5,Human Resources,1,4,Male,67,3,1,Research Scientist,4,Married,2551,5795,0,Y,Yes,17,3,4,80,1,4,2,3,2,2,2,2
548,51,Yes,Travel_Frequently,488,Research & Development,7,5,Life Sciences,1,4,Female,47,1,1,Research Scientist,3,Single,2619,13362,6,Y,Yes,13,3,4,80,0,7,0,3,3,2,2,3
549,40,Yes,Travel_Rarely,683,Research & Development,16,5,Human Resources,1,4,Female,51,3,1,Laboratory Technician,4,Married,2712,23573,3,Y,Yes,17,3,2,80,1,11,2,3,8,7,7,4
550,42,Yes,Travel_Frequently,1084,Research & Development,8,5,Human Resources,1,3,Male,72,3,1,Laboratory Technician,4,Divorced,2662,7423,3,Y,Yes,16,3,4,80,1,7,5,2,3,2,1,2
551,41,No,Travel_Rarely,957,Research & Development,3,5,Human Resources,1,2,Male,76,3,2,Manufacturing Director,4,Divorced,7971,15109,5,Y,No,15,3,3,80,1,16,2,2,10,4,2,8
552,34,No,Travel_Rarely,1133,Human Resources,1,5,Human Resources,1,3,Female,75,3,3,Healthcare Representative,2,Married,8767,15922,1,Y,No,14,3,2,80,1,10,3,2,9,7,7,7
553,52,No,Travel_Rarely,263,Human Resources,5,5,Life Sciences,1,1,Male,86,3,1,Human Resources,4,Single,5049,21270,6,Y,No,13,3,3,80,0,19,4,2,10,7,5,8
554,37,No,Travel_Rarely,337,Human Resources,2,3,Human Resources,1,1,Male,57,2,2,Human Resources,1,Married,5168,11128,0,Y,No,15,3,1,80,1,14,3,3,10,7,1,9
555,27,No,Non-Travel,919,Research & Development,3,5,Medical,1,1,Male,47,2,1,Research Scientist,4,Single,1981,12757,1,Y,No,13,3,2,80,0,2,5,2,2,2,0,1
556,30,No,Travel_Rarely,359,Human Resources,9,5,Life Sciences,1,2,Male,78,3,2,Manufacturing Director,3,Single,5478,16153,1,Y,No,21,4,4,80,0,10,6,3,10,4,0,8
557,23,No,Travel_Rarely,889,Research & Development,10,5,Human Resources,1,2,Male,94,4,1,Laboratory Technician,2,Married,2267,5667,1,Y,No,18,3,3,80,1,2,3,1,2,1,0,2
558,34,Yes,Travel_Rarely,925,Human Resources,8,5,Medical,1,4,Female,57,2,3,Research Director,4,Single,12386,8519,1,Y,No,14,3,4,80,0,10,0,3,10,8,3,7
559,41,No,Travel_Rarely,329,Research & Development,2,5,Medical,1,4,Female,47,3,1,Laboratory Technician,3,Single,2873,14800,1,Y,No,12,3,3,80,0,8,3,3,7,2,0,7
560,45,Yes,Travel_Rarely,869,Research & Development,2,5,Human Resources,1,4,Female,76,2,1,Laboratory Technician,4,Divorced,2589,20379,0,Y,Yes,18,3,4,80,1,15,3,3,4,3,2,0
561,39,No,Travel_Rarely,578,Human Resources,7,5,Human Resources,1,4,Male,35,2,2,Sales Executive,3,Divorced,4917,11550,0,Y,No,12,3,1,80,2,6,2,3,4,2,1,3
562,24,No,Travel_Rarely,597,Research & Development,7,3,Human Resources,1,2,Male,61,4,1,Research Scientist,1,Married,2407,14025,1,Y,No,11,3,1,80,3,3,6,3,3,2,1,2
563,41,No,Travel_Rarely,199,Sales,17,5,Marketing,1,3,Female,90,3,1,Sales Executive,3,Married,3414,19504,1,Y,No,14,3,1,80,1,8,2,3,8,7,6,7
564,26,Yes,Travel_Rarely,323,Research & Development,2,5,Human Resources,1,3,Male,86,2,1,Laboratory Technician,4,Divorced,3360,21004,1,Y,No,23,4,1,80,1,3,2,4,3,2,1,2
565,26,No,Non-Travel,1312,Research & Development,7,5,Technical Degree,1,3,Male,63,3,2,Laboratory Technician,3,Single,3781,7031,1,Y,No,15,3,2,80,0,8,2,3,7,7,0,7
566,32,Yes,Travel_Frequently,1193,Research & Development,3,5,Medical,1,4,Female,41,2,1,Healthcare Representative,3,Married,2458,20865,1,Y,No,13,3,1,80,0,4,2,2,4,2,1,2
567,29,No,Travel_Rarely,1111,Research & Development,4,5,Life Sciences,1,4,Female,80,2,1,Laboratory Technician,3,Single,4933,20096,6,Y,Yes,13,3,4,80,0,8,2,2,3,3,1,2
568,36,No,Travel_Rarely,640,Research & Development,8,5,Human Resources,1,1,Female,77,3,1,Laboratory Technician,3,Married,3220,5102,6,Y,No,15,3,4,80,3,13,2,2,10,7,0,7
569,32,No,Travel_Rarely,879,Human Resources,4,5,Other,1,3,Male,90,3,2,Sales Executive,4,Married,5125,5262,2,Y,No,11,3,3,80,0,6,3,3,5,2,1,2
570,34,No,Travel_Rarely,571,Research & Development,9,4,Human Resources,1,2,Female,85,4,2,Laboratory Technician,1,Married,4023,12437,1,Y,No,22,4,2,80,3,4,2,4,4,2,0,2
571,36,No,Travel_Rarely,959,Human Resources,18,2,Marketing,1,4,Female,56,4,3,Sales Executive,1,Single,7867,9477,5,Y,No,21,4,1,80,0,11,4,1,8,5,3,6
572,35,No,Travel_Frequently,1172,Human Resources,8,5,Human Resources,1,2,Female,79,1,2,Sales Executive,4,Married,6486,19247,5,Y,No,14,3,4,80,2,8,1,3,4,2,1,2
573,33,No,Travel_Rarely,972,Research & Development,1,5,Human Resources,1,2,Male,72,3,1,Research Scientist,3,Divorced,3216,18874,4,Y,No,21,4,1,80,1,12,0,3,8,7,1,7
574,36,No,Travel_Rarely,1103,Research & Development,18,2,Life Sciences,1,3,Male,58,3,1,Research Scientist,1,Single,2864,9957,5,Y,Yes,13,3,3,80,0,6,3,3,2,2,2,2
575,46,No,Travel_Frequently,1249,Human Resources,2,5,Human Resources,1,4,Male,53,2,5,Research Director,3,Married,18553,14096,5,Y,No,12,3,2,80,1,23,2,3,3,2,1,2
576,27,No,Non-Travel,454,Research & Development,8,2,Human Resources,1,2,Male,60,3,1,Laboratory Technician,1,Divorced,2470,22219,1,Y,No,15,3,1,80,3,1,2,2,2,2,1,0
577,27,No,Non-Travel,969,Human Resources,11,3,Human Resources,1,1,Female,47,3,2,Manufacturing Director,1,Divorced,4534,24894,0,Y,No,22,4,3,80,1,5,1,4,3,2,0,2
578,37,No,Travel_Rarely,894,Human Resources,1,5,Human Resources,1,3,Male,74,3,3,Sales Executive,3,Married,7592,22135,3,Y,No,13,3,4,80,0,13,3,4,5,4,1,3
579,52,No,Travel_Rarely,1103,Human Resources,2,5,Life Sciences,1,4,Female,79,3,3,Healthcare Representative,2,Single,10189,14535,3,Y,No,16,3,4,80,0,24,4,3,4,3,1,2
580,44,No,Travel_Rarely,1203,Human Resources,10,5,Marketing,1,4,Female,75,3,2,Sales Executive,4,Single,6038,17549,0,Y,No,13,3,1,80,0,6,3,3,1,0,0,0
581,30,No,Travel_Rarely,1128,Human Resources,18,5,Human Resources,1,2,Male,79,2,2,Laboratory Technician,3,Divorced,4469,22537,1,Y,No,11,3,3,80,1,10,2,3,10,8,0,5
582,32,No,Travel_Rarely,1129,Human Resources,17,5,Human Resources,1,3,Male,54,3,3,Research Scientist,4,Divorced,8957,21836,1,Y,Yes,14,3,2,80,1,10,2,2,10,8,2,1
583,46,No,Non-Travel,835,Human Resources,1,5,Medical,1,3,Male,51,2,2,Sales Executive,3,Married,6728,22800,4,Y,No,15,3,3,80,0,15,2,2,4,2,0,2
584,48,No,Travel_Rarely,1014,Human Resources,24,5,Life Sciences,1,4,Male,59,2,4,Research Director,3,Single,15306,13883,1,Y,No,13,3,3,80,0,26,3,4,26,8,3,9
585,44,No,Travel_Rarely,981,Human Resources,13,1,Medical,1,4,Female,46,3,2,Research Scientist,1,Single,4607,7825,0,Y,Yes,17,3,3,80,0,15,4,2,9,3,3,6
586,23,Yes,Travel_Rarely,904,Sales,19,5,Human Resources,1,1,Female,57,3,1,Sales Representative,4,Married,1942,18579,1,Y,Yes,17,3,4,80,0,1,2,3,1,0,0,0
587,36,No,Travel_Rarely,402,Research & Development,8,5,Medical,1,4,Male,51,3,2,Manufacturing Director,4,Single,4656,11075,0,Y,No,21,4,3,80,0,7,3,4,4,2,1,2
588,29,No,Travel_Rarely,518,Research & Development,10,4,Human Resources,1,1,Male,74,2,1,Laboratory Technician,1,Divorced,3276,15056,1,Y,Yes,12,3,3,80,1,4,2,1,4,3,0,2
589,29,No,Travel_Rarely,1394,Sales,14,5,Human Resources,1,3,Female,77,3,1,Sales Executive,3,Married,3563,18171,3,Y,No,14,3,3,80,1,6,4,3,3,2,1,2
590,29,Yes,Travel_Frequently,563,Research & Development,3,3,Human Resources,1,1,Female,50,3,2,Sales Executive,1,Divorced,5509,17044,0,Y,Yes,12,3,3,80,2,9,5,2,8,7,0,4
591,35,No,Travel_Rarely,566,Sales,16,5,Human Resources,1,2,Male,85,3,1,Sales Executive,3,Married,3273,21670,3,Y,No,16,3,4,80,2,9,5,4,7,6,4,5
592,56,No,Travel_Rarely,707,Human Resources,3,4,Life Sciences,1,1,Male,74,3,4,Manager,1,Single,16953,18275,7,Y,No,13,3,4,80,0,24,4,2,9,5,7,2
593,45,No,Travel_Rarely,710,Human Resources,4,5,Human Resources,1,4,Male,71,2,2,Human Resources,3,Single,5603,21333,1,Y,No,12,3,4,80,0,18,3,3,14,6,4,7
594,39,No,Travel_Rarely,323,Human Resources,14,5,Human Resources,1,2,Male,39,3,4,Healthcare Representative,4,Married,12481,15988,0,Y,Yes,15,3,1,80,0,21,0,1,20,8,12,8
595,45,No,Travel_Rarely,1055,Research & Development,16,5,Medical,1,4,Male,87,2,2,Healthcare Representative,3,Single,5951,17534,9,Y,No,14,3,2,80,0,10,2,3,2,1,1,0
596,38,No,Travel_Frequently,1187,Research & Development,5,5,Human Resources,1,1,Male,75,1,2,Manufacturing Director,3,Married,5762,13818,4,Y,No,21,4,1,80,1,10,2,4,5,4,1,3
597,39,No,Travel_Frequently,1257,Human Resources,5,5,Human Resources,1,2,Male,40,3,2,Manufacturing Director,1,Married,4744,18020,2,Y,Yes,14,3,3,80,0,14,2,4,9,7,5,7
598,29,No,Travel_Rarely,903,Sales,4,5,Marketing,1,3,Female,93,1,1,Sales Executive,2,Married,3392,13548,1,Y,No,13,3,1,80,1,6,3,3,5,2,0,2
599,40,No,Travel_Rarely,288,Research & Development,17,5,Human Resources,1,1,Female,46,2,2,Laboratory Technician,3,Married,4091,13432,2,Y,No,13,3,3,80,0,9,3,4,4,2,1,2
600,44,No,Travel_Frequently,1055,Human Resources,2,3,Human Resources,1,4,Male,76,3,3,Sales Executive,1,Married,10244,8713,0,Y,No,15,3,2,80,1,12,5,3,5,2,1,4
601,39,No,Travel_Rarely,943,Human Resources,13,5,Human Resources,1,4,Female,47,3,2,Sales Executive,3,Married,5730,11103,1,Y,No,14,3,2,80,1,14,0,3,13,9,9,8
602,34,No,Travel_Frequently,1263,Human Resources,8,2,Human Resources,1,4,Male,52,2,2,Sales Executive,2,Married,6552,17953,1,Y,No,12,3,4,80,1,10,2,3,11,8,8,9
603,30,Yes,Travel_Rarely,574,Sales,2,5,Human Resources,1,3,Female,65,3,1,Sales Executive,4,Divorced,4497,22816,1,Y,Yes,18,3,1,80,0,6,6,3,6,5,1,4
604,20,No,Travel_Rarely,711,Research & Development,9,5,Medical,1,3,Female,84,1,1,Laboratory Technician,3,Single,2856,20177,1,Y,No,13,3,3,80,0,2,2,4,3,2,0,2
605,37,Yes,Travel_Rarely,414,Research & Development,9,5,Life Sciences,1,3,Male,44,1,1,Research Scientist,3,Single,2681,2714,0,Y,Yes,14,3,2,80,0,5,2,3,2,2,2,2
606,22,No,Travel_Rarely,682,Research & Development,9,5,Human Resources,1,4,Female,70,3,1,Research Scientist,3,Divorced,2556,20914,1,Y,Yes,13,3,1,80,1,3,2,2,3,2,0,2
607,40,No,Travel_Rarely,1218,Human Resources,3,5,Human Resources,1,2,Male,46,3,2,Healthcare Representative,3,Divorced,6049,23102,2,Y,No,12,3,1,80,1,18,3,3,8,7,1,8
608,33,No,Travel_Rarely,1278,Human Resources,4,3,Human Resources,1,1,Male,64,2,2,Manufacturing Director,2,Divorced,5884,24174,1,Y,No,22,4,4,80,0,6,3,3,5,3,0,3
609,34,Yes,Travel_Frequently,927,Research & Development,8,5,Human Resources,1,4,Male,70,3,1,Laboratory Technician,3,Divorced,2916,11270,2,Y,Yes,18,3,2,80,1,9,3,4,5,3,2,3
610,44,No,Travel_Frequently,884,Human Resources,10,5,Human Resources,1,4,Male,49,2,2,Laboratory Technician,4,Married,4450,14718,1,Y,Yes,13,3,4,80,1,5,3,3,5,3,1,3
611,32,No,Travel_Rarely,524,Human Resources,10,5,Human Resources,1,4,Female,72,3,3,Sales Executive,2,Married,8106,19348,0,Y,Yes,20,4,1,80,3,9,3,2,8,7,1,7
612,56,No,Travel_Rarely,454,Human Resources,24,5,Human Resources,1,2,Female,68,3,4,Manager,2,Married,16932,11672,0,Y,Yes,12,3,1,80,1,34,2,2,32,8,4,12
613,49,No,Travel_Rarely,1269,Human Resources,8,3,Technical Degree,1,3,Male,59,2,3,Healthcare Representative,1,Single,10593,13529,5,Y,No,13,3,4,80,0,22,2,3,9,6,7,8
614,28,No,Travel_Rarely,860,Research & Development,2,5,Life Sciences,1,3,Male,66,3,2,Manufacturing Director,4,Single,5274,23253,1,Y,No,15,3,3,80,0,6,3,3,6,5,0,4
615,38,No,Travel_Rarely,588,Human Resources,2,5,Human Resources,1,1,Male,59,3,2,Sales Executive,4,Married,6605,9767,0,Y,Yes,14,3,3,80,1,14,3,3,3,2,1,2
616,28,Yes,Travel_Frequently,939,Research & Development,19,5,Medical,1,4,Female,50,3,1,Research Scientist,3,Single,2572,23687,0,Y,No,12,3,2,80,0,5,2,3,4,2,2,2
617,35,Yes,Travel_Rarely,930,Research & Development,9,3,Human Resources,1,2,Female,76,3,2,Research Scientist,1,Married,5264,17473,6,Y,No,17,3,3,80,2,12,2,3,1,0,0,0
618,37,No,Travel_Rarely,660,Research & Development,6,5,Human Resources,1,1,Male,71,3,1,Laboratory Technician,3,Divorced,6172,8217,1,Y,No,14,3,4,80,2,8,2,3,6,2,0,4
619,37,No,Travel_Rarely,252,Research & Development,7,2,Medical,1,2,Female,48,3,1,Laboratory Technician,2,Married,2285,16198,1,Y,No,12,3,2,80,0,1,2,3,1,0,0,0
620,31,Yes,Travel_Rarely,503,Research & Development,2,1,Human Resources,1,1,Male,95,3,1,Research Scientist,1,Divorced,2565,21402,0,Y,No,18,3,3,80,0,3,3,3,1,0,0,0
621,32,Yes,Travel_Rarely,213,Research & Development,2,2,Human Resources,1,4,Female,56,2,1,Laboratory Technician,1,Married,2355,23797,1,Y,No,12,3,1,80,1,2,2,3,2,0,1,1
622,37,No,Travel_Rarely,896,Research & Development,9,5,Human Resources,1,4,Female,86,2,1,Sales Executive,4,Married,4004,10882,4,Y,No,17,3,4,80,1,6,3,3,3,2,1,2
623,27,No,Travel_Frequently,619,Research & Development,2,5,Human Resources,1,1,Female,44,3,1,Sales Executive,4,Married,3093,22714,1,Y,No,20,4,2,80,1,6,3,3,7,5,1,4
624,34,No,Travel_Rarely,352,Research & Development,20,5,Marketing,1,3,Male,83,2,1,Research Director,2,Single,13800,21005,1,Y,No,14,3,4,80,0,15,2,1,15,9,3,9
625,40,No,Travel_Rarely,1213,Human Resources,16,5,Human Resources,1,4,Male,76,3,2,Sales Executive,3,Married,9545,10442,1,Y,No,13,3,2,80,1,10,3,3,10,7,0,6
626,34,No,Travel_Rarely,879,Research & Development,10,5,Other,1,1,Male,91,1,1,Laboratory Technician,1,Married,3408,4084,5,Y,No,14,3,4,80,1,6,2,3,3,3,1,2
627,28,No,Travel_Rarely,1307,Human Resources,7,5,Medical,1,1,Female,65,2,2,Sales Executive,3,Married,6139,18084,5,Y,No,21,4,2,80,1,10,6,3,3,2,2,3
628,38,No,Travel_Rarely,1136,Human Resources,3,5,Human Resources,1,3,Female,50,1,5,Manager,4,Married,18138,18704,1,Y,Yes,13,3,3,80,2,15,2,3,8,6,2,2
629,49,No,Travel_Frequently,932,Human Resources,24,5,Life Sciences,1,3,Female,51,2,5,Manager,3,Single,18897,22104,5,Y,No,11,3,3,80,0,27,3,3,8,5,6,4
630,37,No,Travel_Rarely,619,Research & Development,6,5,Human Resources,1,2,Male,52,4,1,Laboratory Technician,4,Married,2854,12187,3,Y,No,17,3,3,80,1,9,3,3,4,2,0,3
631,46,Yes,Travel_Rarely,680,Human Resources,2,3,Human Resources,1,4,Female,94,1,3,Sales Executive,1,Divorced,10797,16414,2,Y,Yes,17,3,2,80,1,23,2,3,4,2,0,2
632,41,No,Travel_Rarely,623,Human Resources,9,5,Human Resources,1,4,Female,45,2,3,Sales Executive,4,Divorced,8162,16183,4,Y,No,13,3,4,80,2,10,3,3,5,4,0,3
633,40,No,Travel_Rarely,140,Human Resources,10,5,Human Resources,1,3,Male,67,3,2,Research Scientist,4,Divorced,5644,23540,3,Y,Yes,14,3,3,80,0,10,3,3,4,3,0,2
634,33,No,Travel_Rarely,1068,Sales,2,5,Human Resources,1,4,Male,66,3,1,Sales Executive,4,Divorced,5518,18477,4,Y,No,14,3,2,80,1,12,2,3,9,7,1,8
635,43,No,Non-Travel,860,Human Resources,7,5,Human Resources,1,4,Male,54,3,3,Sales Executive,3,Married,8249,6204,0,Y,No,14,3,3,80,0,9,5,3,1,0,0,0
636,35,No,Travel_Rarely,1102,Research & Development,20,5,Medical,1,3,Male,71,3,1,Research Scientist,4,Single,2683,12437,7,Y,No,17,3,3,80,0,7,4,2,4,3,1,1
637,34,No,Travel_Rarely,371,Human Resources,6,1,Human Resources,1,4,Male,93,3,2,Sales Executive,1,Divorced,5222,16603,4,Y,No,12,3,4,80,1,7,0,2,4,2,0,2
638,36,No,Travel_Rarely,642,Research & Development,8,4,Human Resources,1,3,Male,47,4,1,Laboratory Technician,2,Married,3130,8565,1,Y,No,17,3,2,80,1,10,1,4,10,8,0,7
639,28,No,Travel_Frequently,890,Research & Development,4,5,Human Resources,1,2,Female,83,1,1,Research Scientist,4,Married,3028,9583,1,Y,No,13,3,2,80,1,5,2,3,6,4,2,3
640,49,No,Travel_Rarely,505,Human Resources,3,3,Life Sciences,1,1,Male,57,4,5,Manager,1,Single,19085,10373,1,Y,No,13,3,3,80,0,32,6,4,32,7,2,13
641,33,No,Travel_Frequently,838,Human Resources,5,5,Human Resources,1,3,Male,90,1,2,Sales Executive,2,Married,4884,12510,5,Y,No,14,3,1,80,1,7,1,4,3,2,1,2
642,51,Yes,Travel_Rarely,1108,Human Resources,9,5,Human Resources,1,1,Male,77,3,3,Research Director,2,Married,13373,17330,0,Y,No,16,3,4,80,0,17,5,3,10,8,7,7
643,41,No,Travel_Rarely,393,Human Resources,2,5,Human Resources,1,1,Female,63,3,4,Research Director,4,Divorced,14148,6041,1,Y,No,12,3,4,80,3,20,0,3,15,8,8,10
644,32,No,Travel_Rarely,887,Research & Development,15,5,Medical,1,1,Male,47,1,1,Research Scientist,3,Married,2658,6733,2,Y,No,13,3,3,80,0,6,5,1,2,1,1,2
645,40,No,Travel_Rarely,1160,Sales,4,3,Human Resources,1,2,Female,86,3,1,Sales Executive,2,Married,4021,24423,3,Y,No,16,3,3,80,2,7,3,3,3,2,0,2
646,33,No,Travel_Rarely,589,Research & Development,10,4,Medical,1,3,Male,87,4,1,Laboratory Technician,1,Single,2967,16846,1,Y,No,13,3,1,80,0,8,4,3,8,7,1,7
647,44,No,Travel_Rarely,1069,Research & Development,16,5,Life Sciences,1,1,Female,49,3,1,Research Scientist,2,Single,2985,12350,8,Y,No,18,3,4,80,0,7,3,4,5,2,1,2
648,34,No,Travel_Rarely,466,Research & Development,13,4,Human Resources,1,3,Female,64,2,1,Laboratory Technician,1,Married,4088,15128,5,Y,No,12,3,3,80,1,7,2,4,4,3,0,1
649,26,Yes,Travel_Rarely,1312,Research & Development,19,5,Medical,1,1,Female,68,2,1,Sales Executive,4,Married,2696,8897,1,Y,Yes,22,4,1,80,0,1,2,2,1,0,0,0
650,50,No,Travel_Rarely,444,Human Resources,6,5,Life Sciences,1,1,Male,76,4,5,Sales Executive,3,Single,17749,20843,7,Y,No,13,3,4,80,0,24,4,3,3,1,1,2
651,31,Yes,Travel_Rarely,962,Research & Development,8,5,Life Sciences,1,1,Male,35,1,1,Laboratory Technician,3,Single,2992,11628,0,Y,No,14,3,2,80,0,7,2,2,1,0,0,0
652,40,No,Travel_Rarely,658,Human Resources,5,5,Medical,1,4,Male,39,3,2,Sales Executive,4,Single,5341,22002,5,Y,No,13,3,4,80,0,20,0,3,18,3,11,7
653,41,No,Travel_Frequently,517,Research & Development,24,5,Human Resources,1,1,Male,80,3,2,Research Scientist,4,Married,4818,11680,1,Y,No,22,4,1,80,2,9,2,1,9,7,1,7
654,32,Yes,Travel_Rarely,288,Sales,13,5,Human Resources,1,4,Female,71,2,1,Sales Representative,4,Married,2376,13830,1,Y,No,14,3,1,80,0,3,3,3,3,2,2,3
655,36,Yes,Travel_Rarely,821,Human Resources,10,4,Life Sciences,1,4,Male,48,3,2,Research Scientist,1,Single,5274,17057,1,Y,No,16,3,1,80,0,9,2,3,9,2,3,6
656,26,Yes,Travel_Rarely,1258,Human Resources,19,5,Human Resources,1,1,Female,49,3,1,Human Resources,3,Single,2690,13687,2,Y,Yes,12,3,4,80,0,5,2,3,3,2,1,2
657,29,Yes,Travel_Rarely,1113,Research & Development,16,5,Life Sciences,1,3,Male,59,2,2,Sales Executive,4,Single,5659,15802,1,Y,No,19,3,2,80,0,10,3,3,10,7,3,7
658,38,No,Travel_Rarely,1200,Research & Development,3,5,Human Resources,1,2,Male,54,3,1,Laboratory Technician,4,Divorced,2729,11435,1,Y,Yes,22,4,3,80,1,9,2,1,8,4,7,7
659,32,No,Travel_Rarely,561,Research & Development,2,4,Human Resources,1,3,Male,80,2,1,Research Scientist,1,Married,3029,14198,1,Y,No,22,4,2,80,1,5,3,2,5,3,0,3
660,38,No,Travel_Frequently,1307,Human Resources,3,3,Technical Degree,1,3,Male,54,1,5,Sales Executive,2,Married,17309,18204,3,Y,No,12,3,1,80,1,18,2,3,4,3,1,3
661,41,No,Travel_Rarely,845,Research & Development,9,5,Human Resources,1,3,Male,68,3,1,Research Scientist,3,Married,2695,10313,0,Y,No,17,3,4,80,1,9,1,3,3,2,1,2
662,33,No,Travel_Rarely,686,Human Resources,16,5,Human Resources,1,1,Male,81,3,2,Laboratory Technician,4,Divorced,3069,14175,6,Y,Yes,21,4,1,80,0,8,2,3,1,0,0,0
663,32,No,Travel_Rarely,492,Human Resources,16,5,Human Resources,1,4,Male,85,2,2,Sales Executive,3,Divorced,4900,8303,1,Y,No,14,3,1,80,2,5,2,3,5,4,0,4
664,26,No,Travel_Frequently,1087,Sales,9,5,Medical,1,3,Male,39,3,1,Sales Executive,4,Single,2625,19261,1,Y,No,13,3,1,80,0,5,4,2,7,5,6,4
665,40,No,Travel_Rarely,598,Research & Development,8,5,Human Resources,1,3,Male,59,3,2,Manufacturing Director,4,Divorced,5502,11603,3,Y,No,22,4,3,80,0,9,2,4,3,2,1,0
666,40,No,Non-Travel,941,Research & Development,5,2,Human Resources,1,1,Male,84,2,2,Manufacturing Director,2,Divorced,5579,16114,8,Y,No,16,3,4,80,0,14,2,4,5,4,0,3
667,37,No,Travel_Rarely,1291,Human Resources,20,5,Medical,1,3,Male,67,3,3,Sales Executive,2,Married,8664,12900,0,Y,No,21,4,3,80,0,9,3,3,5,3,1,3
668,40,No,Travel_Rarely,824,Human Resources,24,5,Human Resources,1,2,Male,54,2,3,Sales Executive,3,Married,8072,11514,1,Y,No,12,3,2,80,2,10,3,3,10,9,8,7
669,28,Yes,Travel_Rarely,1011,Research & Development,15,5,Medical,1,3,Female,42,3,1,Research Scientist,3,Single,2474,13984,1,Y,No,13,3,2,80,0,5,2,3,4,3,0,2
670,47,No,Travel_Rarely,1119,Research & Development,4,2,Human Resources,1,3,Male,95,4,1,Laboratory Technician,1,Married,3438,17183,0,Y,No,13,3,4,80,1,7,2,2,4,3,1,3
671,42,No,Travel_Rarely,617,Human Resources,16,1,Human Resources,1,2,Female,85,2,4,Research Director,1,Married,17125,6441,1,Y,No,23,4,3,80,1,24,3,3,22,10,13,11
672,37,No,Travel_Rarely,336,Research & Development,2,5,Life Sciences,1,3,Female,45,3,2,Research Scientist,4,Single,4823,11106,1,Y,No,12,3,4,80,0,11,3,3,10,9,5,8
673,33,No,Travel_Rarely,1039,Sales,3,5,Medical,1,4,Male,55,3,1,Sales Executive,3,Single,4458,24071,2,Y,No,16,3,3,80,0,7,3,4,1,0,0,0
674,48,No,Travel_Rarely,989,Research & Development,2,3,Human Resources,1,4,Male,86,3,1,Research Scientist,1,Divorced,2769,24664,4,Y,No,14,3,3,80,1,9,3,3,3,2,1,2
675,28,No,Travel_Rarely,847,Research & Development,1,5,Medical,1,4,Male,60,2,1,Laboratory Technician,4,Single,2868,13734,1,Y,No,12,3,4,80,0,6,6,3,6,5,1,7
676,50,No,Travel_Rarely,1150,Human Resources,16,5,Medical,1,1,Female,94,3,4,Manager,3,Single,15767,7265,6,Y,No,24,4,3,80,0,28,3,3,12,7,3,7
677,53,No,Travel_Rarely,1104,Human Resources,5,5,Life Sciences,1,1,Male,100,3,5,Manager,3,Single,18383,11496,0,Y,Yes,12,3,4,80,0,24,2,3,5,3,1,4
678,42,No,Non-Travel,614,Human Resources,10,5,Medical,1,3,Male,68,2,4,Healthcare Representative,2,Single,13617,14913,0,Y,Yes,13,3,4,80,0,23,0,3,21,7,13,8
679,35,No,Travel_Rarely,475,Research & Development,1,3,Human Resources,1,4,Female,86,2,1,Research Scientist,1,Married,2994,15531,3,Y,No,18,3,4,80,1,13,3,3,4,2,0,3
680,52,No,Travel_Rarely,646,Human Resources,8,5,Human Resources,1,3,Male,67,2,3,Manager,3,Married,13770,15458,2,Y,No,14,3,4,80,0,22,3,2,9,8,7,7
681,37,Yes,Travel_Frequently,947,Human Resources,15,3,Human Resources,1,1,Female,94,2,2,Sales Executive,1,Married,8654,12516,0,Y,No,14,3,3,80,2,13,2,2,9,8,7,7
682,55,No,Travel_Rarely,1255,Human Resources,10,5,Human Resources,1,1,Female,87,2,4,Manager,1,Married,16371,15541,2,Y,Yes,15,3,3,80,1,30,3,3,20,8,8,7
683,35,No,Travel_Rarely,672,Research & Development,7,5,Human Resources,1,2,Male,87,3,1,Research Scientist,4,Married,3193,6056,5,Y,No,14,3,1,80,0,7,1,2,3,2,1,2
684,42,No,Travel_Rarely,1182,Human Resources,5,5,Marketing,1,3,Male,66,3,3,Sales Executive,2,Single,9884,9831,6,Y,No,14,3,2,80,0,15,5,2,3,2,2,2
685,37,No,Travel_Rarely,442,Research & Development,5,5,Life Sciences,1,4,Male,81,3,1,Research Scientist,3,Single,2800,17881,4,Y,No,18,3,4,80,0,7,3,3,2,1,0,1
686,35,No,Travel_Rarely,584,Human Resources,2,5,Medical,1,4,Female,40,3,3,Sales Executive,3,Single,7478,19296,4,Y,No,14,3,1,80,0,10,3,2,8,2,7,6
687,33,No,Travel_Rarely,680,Research & Development,1,5,Medical,1,2,Male,39,4,1,Research Scientist,4,Single,2824,16763,8,Y,No,16,3,2,80,0,7,2,3,6,5,1,4
688,36,No,Travel_Frequently,463,Research & Development,11,5,Life Sciences,1,4,Female,54,3,2,Manufacturing Director,4,Single,5299,14971,0,Y,Yes,11,3,3,80,0,8,3,3,5,4,0,3
689,40,No,Travel_Rarely,514,Research & Development,23,5,Human Resources,1,3,Male,93,3,1,Sales Executive,4,Married,4692,15875,7,Y,Yes,12,3,1,80,1,9,3,3,4,2,1,1
690,37,No,Travel_Rarely,238,Human Resources,24,5,Human Resources,1,4,Female,53,1,1,Human Resources,3,Married,2941,11944,0,Y,No,12,3,3,80,0,6,3,3,4,3,0,3
691,39,No,Travel_Rarely,302,Human Resources,11,5,Human Resources,1,3,Female,83,2,2,Sales Executive,3,Married,6196,23900,0,Y,No,12,3,4,80,2,11,5,3,10,4,5,8
692,32,No,Travel_Rarely,678,Research & Development,2,5,Human Resources,1,2,Male,71,3,1,Laboratory Technician,2,Married,3669,17473,1,Y,No,18,3,2,80,0,7,6,3,7,6,0,3
693,31,No,Travel_Rarely,458,Research & Development,11,5,Human Resources,1,4,Female,61,3,2,Sales Executive,3,Married,4939,4398,0,Y,Yes,18,3,2,80,1,6,3,3,4,2,0,2
694,30,No,Travel_Rarely,696,Human Resources,8,5,Life Sciences,1,4,Male,88,2,2,Sales Executive,3,Single,5505,20427,1,Y,Yes,23,4,2,80,0,7,4,3,8,7,1,7
695,38,No,Travel_Frequently,464,Research & Development,20,3,Human Resources,1,3,Female,83,2,1,Research Scientist,1,Divorced,4659,19403,0,Y,Yes,15,3,3,80,1,13,2,3,9,4,3,8
696,30,Yes,Travel_Rarely,334,Sales,9,4,Human Resources,1,2,Male,80,2,1,Sales Representative,1,Married,2728,13834,1,Y,No,14,3,2,80,1,2,3,3,2,2,2,2
697,43,No,Travel_Rarely,697,Human Resources,2,5,Human Resources,1,1,Male,72,2,5,Manager,4,Married,19318,8165,4,Y,No,11,3,1,80,1,25,2,3,8,8,4,8
698,47,No,Travel_Rarely,1271,Research & Development,24,2,Human Resources,1,3,Male,75,2,2,Laboratory Technician,1,Married,3830,12636,4,Y,No,15,3,4,80,0,9,3,3,3,2,0,3
699,34,Yes,Travel_Frequently,1000,Research & Development,3,3,Life Sciences,1,1,Male,89,3,1,Research Director,1,Single,16048,3871,2,Y,Yes,15,3,1,80,0,13,2,3,2,2,2,2
700,36,No,Travel_Rarely,1109,Human Resources,3,5,Life Sciences,1,1,Male,33,3,3,Manufacturing Director,4,Single,9247,24012,4,Y,No,12,3,1,80,0,12,3,3,6,5,1,2
701,46,No,Travel_Frequently,1295,Research & Development,23,5,Human Resources,1,1,Male,54,3,2,Healthcare Representative,3,Married,6106,5922,8,Y,No,16,3,3,80,1,18,3,3,16,7,4,11
702,37,No,Non-Travel,550,Human Resources,1,2,Medical,1,2,Male,81,2,3,Manufacturing Director,1,Married,8363,16570,1,Y,No,18,3,3,80,1,10,3,2,10,8,1,5
703,41,No,Travel_Rarely,458,Human Resources,21,3,Human Resources,1,3,Female,93,3,3,Sales Executive,2,Married,8463,16910,0,Y,No,18,3,3,80,2,9,3,4,8,7,0,4
704,41,No,Travel_Rarely,454,Human Resources,11,5,Human Resources,1,1,Female,64,3,3,Healthcare Representative,2,Married,8160,16270,1,Y,No,14,3,2,80,1,10,3,3,9,7,7,6
705,47,No,Travel_Rarely,674,Human Resources,28,5,Medical,1,4,Male,74,1,4,Sales Executive,3,Married,13556,14110,1,Y,Yes,18,3,4,80,1,25,2,3,22,9,3,7
706,30,No,Non-Travel,453,Research & Development,1,3,Human Resources,1,4,Male,61,2,1,Laboratory Technician,2,Married,2846,8142,0,Y,No,14,3,2,80,1,7,2,2,3,2,0,2
707,42,No,Travel_Rarely,1191,Sales,16,5,Marketing,1,4,Male,70,3,1,Sales Executive,2,Single,3323,11064,0,Y,Yes,20,4,1,80,0,10,2,2,5,3,1,3
708,29,No,Travel_Rarely,1373,Research & Development,1,3,Technical Degree,1,3,Male,84,3,1,Sales Executive,1,Married,2586,4109,1,Y,No,12,3,2,80,1,4,2,3,4,2,1,3
709,46,No,Travel_Rarely,1228,Human Resources,5,5,Life Sciences,1,1,Male,61,1,5,Research Director,3,Single,19305,8305,3,Y,No,14,3,3,80,0,25,3,3,5,2,0,3
710,42,No,Travel_Rarely,715,Research & Development,5,5,Life Sciences,1,4,Male,53,3,2,Laboratory Technician,3,Single,3854,16929,8,Y,No,14,3,2,80,0,8,3,1,3,1,0,2
711,36,No,Travel_Rarely,1108,Sales,10,5,Medical,1,4,Male,89,3,1,Sales Executive,4,Married,2922,8430,0,Y,No,14,3,3,80,1,6,3,2,1,0,0,0
712,53,No,Travel_Rarely,614,Human Resources,2,5,Human Resources,1,2,Female,86,3,4,Manager,3,Divorced,16685,20588,4,Y,No,14,3,4,80,3,23,5,2,16,8,11,5
713,36,No,Travel_Rarely,979,Research & Development,10,3,Medical,1,2,Female,87,3,2,Research Scientist,2,Married,5167,6338,1,Y,No,13,3,1,80,1,9,2,2,9,7,1,6
714,32,Yes,Travel_Rarely,1020,Human Resources,16,4,Human Resources,1,4,Male,65,3,2,Sales Executive,1,Married,6170,15738,1,Y,Yes,13,3,1,80,0,7,3,3,6,2,4,1
715,38,No,Travel_Rarely,908,Human Resources,10,5,Human Resources,1,4,Female,39,3,2,Laboratory Technician,4,Divorced,5102,20016,0,Y,No,14,3,3,80,1,16,3,2,11,7,1,8
716,31,No,Non-Travel,317,Research & Development,7,5,Other,1,3,Male,72,2,1,Manufacturing Director,3,Married,4246,9139,1,Y,No,15,3,1,80,1,10,3,3,10,8,0,8
717,36,No,Travel_Rarely,624,Human Resources,3,5,Human Resources,1,1,Male,35,2,2,Sales Representative,3,Married,3575,3220,0,Y,No,18,3,3,80,1,4,2,3,3,2,0,2
718,42,No,Travel_Rarely,980,Human Resources,3,5,Medical,1,4,Male,76,3,4,Manager,3,Single,16964,15084,0,Y,No,23,4,4,80,0,21,2,3,11,8,8,6
719,45,No,Travel_Rarely,701,Sales,7,5,Human Resources,1,3,Female,68,3,1,Sales Representative,4,Married,3006,12857,1,Y,No,19,3,3,80,1,2,3,3,2,2,2,2
720,48,No,Travel_Rarely,1439,Research & Development,6,5,Human Resources,1,2,Male,48,3,1,Research Scientist,3,Married,2667,15935,3,Y,Yes,13,3,1,80,1,13,5,3,4,2,1,2
721,34,No,Travel_Rarely,980,Human Resources,5,5,Life Sciences,1,3,Male,77,3,2,Sales Representative,4,Single,3078,10471,1,Y,Yes,18,3,3,80,0,4,0,4,4,3,1,2
722,33,No,Travel_Rarely,1019,Human Resources,2,2,Life Sciences,1,2,Female,72,2,2,Manufacturing Director,1,Single,5075,8671,6,Y,No,18,3,2,80,0,7,3,3,3,2,0,2
723,29,No,Travel_Rarely,480,Research & Development,15,5,Medical,1,1,Female,41,1,1,Sales Executive,2,Married,3692,16240,4,Y,No,20,4,1,80,1,9,3,2,5,3,1,3
724,37,No,Travel_Rarely,577,Research & Development,8,5,Medical,1,4,Male,54,2,2,Healthcare Representative,3,Single,5201,14813,3,Y,No,13,3,1,80,0,10,0,3,5,3,3,4
725,31,No,Travel_Rarely,985,Research & Development,14,5,Human Resources,1,4,Female,36,3,1,Research Scientist,4,Married,2565,18686,1,Y,Yes,20,4,4,80,0,4,2,3,4,3,1,2
726,31,Yes,Travel_Frequently,1210,Research & Development,16,4,Technical Degree,1,2,Female,78,2,1,Research Scientist,1,Single,4087,15302,7,Y,Yes,13,3,1,80,0,8,2,1,6,4,1,2
727,45,No,Travel_Rarely,667,Human Resources,2,5,Human Resources,1,4,Male,46,3,3,Manufacturing Director,3,Married,7961,4095,2,Y,Yes,17,3,4,80,1,13,0,3,4,3,1,2
728,40,No,Travel_Frequently,1345,Research & Development,16,5,Life Sciences,1,3,Male,47,3,2,Healthcare Representative,3,Single,6072,20376,4,Y,Yes,15,3,3,80,0,14,2,3,5,4,0,2
729,38,No,Non-Travel,377,Research & Development,9,5,Human Resources,1,3,Female,77,3,1,Research Scientist,3,Single,9759,16847,3,Y,No,13,3,4,80,0,11,2,3,6,2,1,4
730,36,No,Non-Travel,1022,Human Resources,9,5,Human Resources,1,1,Male,80,1,3,Laboratory Technician,3,Married,7267,8855,1,Y,No,22,4,2,80,0,16,2,3,16,13,2,11
731,27,No,Travel_Rarely,1184,Research & Development,14,5,Life Sciences,1,1,Male,46,3,1,Laboratory Technician,4,Single,3524,7390,0,Y,No,17,3,3,80,0,9,2,2,8,5,1,7
732,32,No,Travel_Rarely,129,Human Resources,20,5,Human Resources,1,4,Female,80,3,2,Sales Executive,4,Married,4886,8420,1,Y,No,12,3,4,80,2,8,3,3,8,7,7,6
733,55,No,Travel_Rarely,424,Human Resources,23,5,Life Sciences,1,3,Female,45,3,4,Healthcare Representative,4,Single,13640,18326,0,Y,No,15,3,1,80,0,31,3,2,21,8,12,12
734,28,No,Travel_Rarely,238,Research & Development,2,1,Life Sciences,1,3,Female,48,2,1,Research Scientist,1,Single,4664,24320,0,Y,No,13,3,2,80,0,7,2,4,3,1,1,2
735,43,No,Travel_Rarely,837,Human Resources,17,5,Human Resources,1,1,Female,61,2,2,Healthcare Representative,3,Married,6648,17988,0,Y,No,14,3,3,80,1,17,3,3,17,9,1,9
736,34,No,Travel_Rarely,482,Human Resources,14,5,Medical,1,1,Female,74,3,2,Research Scientist,3,Married,4981,24193,0,Y,Yes,14,3,4,80,0,9,2,2,7,5,1,6
737,31,Yes,Travel_Rarely,1223,Research & Development,10,4,Medical,1,3,Female,77,4,1,Healthcare Representative,1,Single,3201,6089,1,Y,No,14,3,3,80,0,4,1,2,4,2,1,3
738,42,No,Travel_Rarely,915,Research & Development,2,5,Human Resources,1,1,Female,50,2,1,Laboratory Technician,4,Divorced,3652,15912,0,Y,No,12,3,3,80,1,8,6,3,4,2,0,2
739,33,No,Travel_Rarely,807,Research & Development,9,5,Medical,1,4,Male,81,3,2,Laboratory Technician,3,Single,4460,10415,1,Y,No,13,3,3,80,0,9,0,2,9,3,0,3
740,28,No,Travel_Rarely,642,Human Resources,21,3,Human Resources,1,2,Male,70,3,2,Sales Executive,1,Married,5833,20849,1,Y,No,20,4,2,80,1,8,5,2,8,3,6,6
741,35,No,Travel_Frequently,1201,Human Resources,9,5,Medical,1,3,Female,65,2,3,Sales Executive,3,Single,8078,23138,1,Y,No,11,3,4,80,0,7,2,3,4,2,0,2
742,50,No,Travel_Rarely,666,Human Resources,6,5,Life Sciences,1,4,Female,81,3,4,Laboratory Technician,3,Single,11648,8996,0,Y,No,13,3,4,80,0,28,3,3,10,8,0,1
743,35,No,Travel_Rarely,1122,Human Resources,9,4,Human Resources,1,3,Male,48,2,1,Human Resources,2,Married,2708,21668,1,Y,No,13,3,2,80,1,5,4,3,5,2,1,3
744,34,No,Travel_Rarely,1010,Human Resources,15,3,Medical,1,4,Female,44,3,2,Sales Executive,1,Single,4596,17313,7,Y,Yes,12,3,3,80,0,8,2,2,4,3,1,2
745,30,No,Travel_Rarely,927,Human Resources,2,5,Life Sciences,1,2,Male,71,2,2,Research Scientist,3,Single,5054,7992,1,Y,No,13,3,2,80,0,10,3,4,9,3,1,7
746,33,No,Travel_Frequently,728,Research & Development,8,5,Human Resources,1,2,Male,87,3,2,Healthcare Representative,3,Married,5106,12638,1,Y,Yes,12,3,2,80,0,11,3,2,11,8,3,6
747,39,No,Travel_Rarely,487,Human Resources,8,5,Technical Degree,1,3,Female,51,3,3,Healthcare Representative,3,Single,10616,6333,1,Y,Yes,13,3,3,80,0,20,3,2,21,13,13,6
748,45,No,Travel_Rarely,256,Human Resources,2,5,Life Sciences,1,4,Female,95,3,4,Sales Executive,4,Single,13353,6053,1,Y,No,16,3,1,80,0,21,2,3,20,7,5,7
749,29,Yes,Travel_Frequently,657,Sales,3,4,Technical Degree,1,4,Female,92,2,1,Sales Representative,1,Single,2419,21786,0,Y,No,13,3,1,80,0,2,5,3,0,0,0,0
750,40,No,Non-Travel,745,Human Resources,5,5,Human Resources,1,1,Female,62,3,2,Sales Executive,3,Married,4837,21575,0,Y,Yes,13,3,1,80,0,10,5,3,8,7,2,7
751,46,No,Non-Travel,1222,Human Resources,23,5,Human Resources,1,3,Male,58,3,4,Sales Executive,3,Divorced,13714,20152,0,Y,No,17,3,4,80,1,21,3,3,3,1,1,2
752,44,No,Travel_Frequently,1103,Human Resources,4,5,Life Sciences,1,3,Female,48,3,4,Manufacturing Director,2,Single,13268,14165,9,Y,Yes,17,3,3,80,0,22,3,3,4,3,1,2
753,27,Yes,Travel_Frequently,840,Sales,18,5,Human Resources,1,1,Male,84,2,1,Sales Representative,4,Married,2337,18633,1,Y,No,21,4,2,80,1,4,0,3,5,2,0,0
754,51,No,Travel_Rarely,1026,Human Resources,16,5,Medical,1,3,Female,46,3,4,Sales Executive,4,Single,13576,22694,4,Y,Yes,15,3,3,80,0,25,3,3,4,2,1,2
755,40,No,Travel_Rarely,899,Research & Development,8,5,Human Resources,1,1,Male,88,4,1,Research Scientist,3,Married,2728,19441,6,Y,Yes,14,3,2,80,0,9,3,3,8,7,0,7
756,32,No,Travel_Rarely,702,Human Resources,24,3,Human Resources,1,3,Male,80,1,2,Sales Executive,2,Divorced,4913,8219,1,Y,No,22,4,4,80,3,11,2,4,7,5,3,4
757,35,No,Travel_Frequently,957,Sales,9,3,Human Resources,1,4,Female,49,1,1,Sales Executive,2,Divorced,2587,17601,4,Y,No,20,4,2,80,1,7,5,3,3,2,1,2
758,33,No,Travel_Frequently,232,Human Resources,5,5,Other,1,1,Male,52,3,2,Sales Executive,2,Married,5153,21662,1,Y,No,13,3,3,80,0,4,2,3,5,3,1,2
759,24,No,Travel_Rarely,1276,Research & Development,9,5,Human Resources,1,3,Male,94,3,1,Research Scientist,4,Divorced,2617,22299,1,Y,No,15,3,1,80,2,3,4,3,3,2,1,2
760,39,No,Travel_Rarely,1011,Human Resources,2,3,Human Resources,1,4,Male,46,2,1,Human Resources,1,Married,3026,22368,5,Y,No,12,3,4,80,1,8,2,4,5,3,1,2
761,31,No,Travel_Rarely,727,Human Resources,1,3,Human Resources,1,3,Female,75,3,3,Research Scientist,1,Married,7533,9979,1,Y,No,18,3,2,80,2,9,2,3,9,7,1,7
762,30,Yes,Travel_Rarely,869,Research & Development,6,5,Medical,1,2,Female,84,3,1,Laboratory Technician,3,Single,2372,22761,0,Y,Yes,19,3,3,80,0,3,2,3,1,0,0,0
763,44,No,Travel_Rarely,741,Research & Development,7,5,Human Resources,1,3,Male,72,3,2,Research Scientist,4,Divorced,4820,23069,4,Y,Yes,12,3,4,80,1,8,3,3,5,4,1,3
764,35,No,Travel_Rarely,1105,Research & Development,2,3,Human Resources,1,4,Female,59,1,1,Laboratory Technician,1,Married,2630,15500,2,Y,Yes,18,3,4,80,1,7,2,3,3,2,0,2
765,34,Yes,Travel_Frequently,382,Human Resources,20,5,Life Sciences,1,3,Female,56,2,2,Sales Executive,2,Single,6453,18812,2,Y,Yes,12,3,3,80,0,10,1,3,3,1,0,1
766,35,No,Travel_Rarely,551,Human Resources,2,5,Life Sciences,1,3,Female,66,1,2,Manufacturing Director,3,Single,5949,23073,4,Y,No,14,3,4,80,0,9,6,1,5,4,1,2
767,31,No,Travel_Rarely,1187,Research & Development,2,5,Human Resources,1,2,Male,73,3,1,Research Scientist,3,Divorced,2941,19499,1,Y,No,17,3,2,80,1,9,5,3,9,7,0,5
768,30,No,Travel_Rarely,449,Research & Development,2,3,Medical,1,4,Female,54,3,1,Laboratory Technician,2,Single,2752,16366,0,Y,No,15,3,4,80,0,7,4,2,4,2,1,2
769,36,No,Travel_Rarely,663,Research & Development,4,5,Human Resources,1,4,Male,78,3,1,Research Scientist,2,Divorced,2890,14483,3,Y,No,13,3,4,80,0,8,0,3,3,2,0,2
770,30,No,Travel_Rarely,850,Human Resources,24,5,Human Resources,1,3,Male,39,3,2,Research Scientist,4,Divorced,4247,9543,0,Y,No,22,4,2,80,2,10,3,3,8,6,2,6
771,32,No,Travel_Rarely,317,Human Resources,2,5,Marketing,1,3,Male,45,2,2,Sales Executive,4,Married,5574,13339,0,Y,Yes,14,3,1,80,0,8,3,3,5,3,0,3
772,29,No,Travel_Rarely,922,Human Resources,7,5,Human Resources,1,4,Male,61,3,2,Sales Executive,4,Married,5685,6838,1,Y,No,14,3,2,80,1,8,0,2,8,7,0,7
773,33,No,Travel_Rarely,694,Research & Development,25,5,Life Sciences,1,3,Male,74,3,1,Research Scientist,4,Single,2330,9087,2,Y,No,13,3,4,80,0,6,1,3,1,0,0,0
774,31,No,Travel_Rarely,272,Human Resources,5,5,Human Resources,1,1,Female,60,3,2,Sales Executive,4,Married,5719,13466,0,Y,No,12,3,3,80,1,6,3,3,3,2,1,1
775,35,Yes,Travel_Rarely,384,Research & Development,9,5,Human Resources,1,4,Female,54,2,2,Manufacturing Director,1,Married,5597,9554,2,Y,Yes,22,4,3,80,3,10,4,3,2,2,2,1
776,50,Yes,Travel_Rarely,695,Research & Development,2,1,Medical,1,1,Male,38,3,1,Manager,1,Single,13259,9809,4,Y,Yes,13,3,4,80,0,24,3,3,9,7,7,3
777,46,No,Travel_Rarely,1178,Human Resources,3,5,Human Resources,1,4,Female,91,2,2,Healthcare Representative,4,Married,6554,18625,4,Y,No,15,3,2,80,1,12,2,3,3,2,1,2
778,35,No,Non-Travel,587,Research & Development,17,5,Life Sciences,1,4,Female,62,3,2,Manufacturing Director,3,Single,5044,10056,3,Y,No,14,3,3,80,0,15,3,3,13,11,2,8
779,47,Yes,Travel_Frequently,586,Human Resources,25,3,Medical,1,3,Female,51,3,3,Sales Executive,1,Single,9551,17302,4,Y,No,14,3,1,80,0,23,3,3,5,4,0,1
780,31,No,Non-Travel,1148,Human Resources,26,4,Human Resources,1,4,Female,87,3,2,Sales Executive,2,Married,4881,20867,1,Y,No,16,3,2,80,2,10,3,3,10,7,0,8
781,36,No,Travel_Rarely,444,Human Resources,2,5,Human Resources,1,4,Female,57,4,2,Sales Executive,4,Divorced,5723,19445,4,Y,No,16,3,3,80,0,12,2,2,8,7,7,7
782,40,No,Travel_Frequently,1012,Research & Development,6,5,Human Resources,1,2,Male,48,3,2,Sales Executive,4,Divorced,7213,13503,6,Y,No,13,3,3,80,3,10,2,2,9,5,6,7
783,42,No,Travel_Rarely,610,Human Resources,19,5,Human Resources,1,2,Male,75,3,2,Sales Executive,2,Married,5483,23131,9,Y,Yes,21,4,2,80,1,15,3,3,14,14,5,7
784,37,No,Non-Travel,986,Sales,4,5,Human Resources,1,3,Male,60,1,1,Sales Executive,3,Divorced,3197,25129,0,Y,No,15,3,1,80,1,9,2,2,5,2,0,4
785,30,Yes,Travel_Rarely,719,Research & Development,8,5,Human Resources,1,2,Male,81,4,1,Research Scientist,2,Married,3421,5097,0,Y,Yes,13,3,3,80,0,5,3,3,4,2,0,3
786,34,No,Travel_Rarely,1408,Sales,8,1,Life Sciences,1,4,Female,56,3,1,Sales Representative,1,Single,2505,20039,1,Y,No,14,3,4,80,0,9,3,3,9,7,0,7
787,41,No,Travel_Rarely,685,Human Resources,2,3,Life Sciences,1,3,Male,83,3,4,Manager,1,Single,15129,17972,2,Y,No,18,3,1,80,0,22,2,1,12,7,2,8
788,34,No,Travel_Frequently,479,Research & Development,9,5,Human Resources,1,4,Male,58,3,1,Research Scientist,3,Divorced,2838,22212,1,Y,No,23,4,3,80,3,3,3,3,3,2,0,2
789,34,Yes,Travel_Rarely,858,Human Resources,19,4,Medical,1,3,Female,87,3,2,Sales Executive,1,Single,5657,10815,1,Y,Yes,15,3,3,80,0,12,5,3,11,9,6,8
790,29,No,Travel_Frequently,474,Sales,3,3,Human Resources,1,3,Female,53,3,1,Sales Representative,1,Divorced,1009,5765,1,Y,No,13,3,1,80,1,1,3,3,1,0,0,0
791,44,No,Travel_Rarely,420,Human Resources,17,5,Medical,1,1,Male,38,3,4,Manager,3,Married,17002,9814,1,Y,No,18,3,1,80,1,25,6,4,19,8,5,4
792,41,Yes,Travel_Rarely,550,Human Resources,3,4,Life Sciences,1,4,Male,66,3,2,Laboratory Technician,2,Single,3611,18669,1,Y,Yes,18,3,4,80,0,9,2,3,6,2,1,4
793,35,No,Travel_Rarely,916,Research & Development,24,5,Human Resources,1,2,Male,45,4,1,Research Scientist,4,Divorced,3200,15335,3,Y,No,13,3,1,80,2,5,2,3,4,2,1,2
794,37,No,Travel_Frequently,1158,Research & Development,18,4,Human Resources,1,3,Female,65,3,2,Manufacturing Director,1,Married,5788,23357,5,Y,Yes,17,3,1,80,1,9,1,2,6,5,1,4
795,31,No,Travel_Frequently,847,Research & Development,6,5,Human Resources,1,3,Female,80,2,1,Laboratory Technician,3,Married,3368,14249,1,Y,No,12,3,1,80,1,11,3,2,11,9,4,8
796,27,No,Travel_Rarely,486,Research & Development,12,5,Human Resources,1,1,Female,54,2,1,Research Scientist,3,Divorced,3283,6593,0,Y,No,18,3,2,80,2,5,2,2,4,3,1,1
797,50,No,Travel_Rarely,1035,Human Resources,23,3,Human Resources,1,1,Male,69,3,4,Healthcare Representative,1,Married,13368,16264,3,Y,No,13,3,3,80,1,27,3,2,4,2,1,2
798,31,No,Travel_Rarely,1254,Human Resources,16,2,Human Resources,1,4,Male,62,3,2,Sales Executive,2,Divorced,6428,17997,2,Y,No,13,3,4,80,2,9,6,3,4,2,0,2
799,33,No,Travel_Rarely,600,Research & Development,25,5,Human Resources,1,2,Male,85,3,2,Manufacturing Director,3,Divorced,5098,21536,9,Y,No,12,3,2,80,2,10,3,3,8,7,7,7
800,44,No,Travel_Rarely,621,Human Resources,2,5,Human Resources,1,4,Female,68,3,2,Healthcare Representative,4,Divorced,4976,10404,3,Y,No,20,4,3,80,2,12,3,3,8,5,2,5
801,32,No,Travel_Rarely,704,Human Resources,22,5,Human Resources,1,3,Male,83,1,2,Sales Executive,3,Divorced,5668,22685,0,Y,No,12,3,4,80,2,10,0,1,9,7,7,7
802,29,No,Travel_Rarely,1137,Human Resources,9,5,Human Resources,1,3,Female,50,3,2,Sales Executive,4,Divorced,4420,4432,1,Y,No,17,3,3,80,1,8,6,3,9,5,1,6
803,27,No,Non-Travel,1160,Research & Development,8,3,Human Resources,1,1,Female,92,3,1,Research Scientist,1,Married,2422,9224,1,Y,No,14,3,4,80,1,8,2,3,8,7,0,7
804,50,No,Travel_Rarely,599,Human Resources,12,4,Human Resources,1,2,Male,55,2,4,Manager,1,Divorced,16602,17225,1,Y,No,12,3,1,80,1,32,3,2,31,7,12,9
805,56,No,Travel_Rarely,292,Research & Development,2,5,Human Resources,1,3,Female,73,2,1,Research Scientist,3,Divorced,3481,10850,2,Y,Yes,20,4,1,80,1,16,3,2,4,2,0,2
806,49,No,Travel_Rarely,966,Human Resources,7,5,Life Sciences,1,3,Female,87,4,4,Healthcare Representative,3,Single,12594,16637,3,Y,No,17,3,1,80,0,24,4,2,5,3,1,2
807,40,No,Travel_Rarely,621,Human Resources,2,2,Human Resources,1,1,Female,60,3,3,Sales Executive,1,Married,7946,22673,4,Y,No,13,3,3,80,1,12,0,2,8,7,1,7
808,27,No,Travel_Rarely,450,Research & Development,2,5,Medical,1,4,Male,57,2,1,Laboratory Technician,4,Single,2781,9649,0,Y,No,20,4,4,80,0,4,0,3,3,2,1,2
809,33,No,Non-Travel,515,Research & Development,6,2,Medical,1,3,Male,84,3,2,Research Scientist,1,Married,5048,19217,1,Y,No,13,3,1,80,1,10,2,2,9,7,1,7
810,36,No,Non-Travel,396,Human Resources,2,5,Human Resources,1,4,Female,83,3,2,Sales Executive,4,Married,5466,19584,2,Y,No,13,3,3,80,2,8,2,3,4,2,1,3
811,24,No,Travel_Rarely,375,Human Resources,23,5,Human Resources,1,1,Male,50,2,2,Sales Representative,3,Married,3103,11575,1,Y,No,14,3,3,80,2,4,2,3,3,2,1,2
812,33,No,Travel_Frequently,818,Human Resources,18,5,Human Resources,1,3,Female,95,4,3,Research Director,4,Married,11798,23638,3,Y,Yes,20,4,3,80,0,11,2,3,8,6,2,7
813,31,No,Travel_Rarely,354,Sales,9,5,Human Resources,1,3,Male,59,2,1,Sales Representative,3,Married,2797,13676,0,Y,No,16,3,3,80,1,3,4,3,3,2,0,2
814,33,No,Travel_Rarely,188,Research & Development,2,5,Medical,1,3,Female,57,3,1,Laboratory Technician,2,Single,3056,12832,1,Y,Yes,12,3,4,80,0,8,2,3,8,7,7,2
815,35,No,Travel_Rarely,571,Research & Development,5,5,Medical,1,3,Female,81,2,1,Research Scientist,3,Married,2787,21076,1,Y,Yes,19,3,1,80,1,1,5,2,1,0,0,0
816,33,No,Travel_Rarely,328,Research & Development,2,3,Life Sciences,1,2,Male,43,2,1,Laboratory Technician,1,Single,3389,4797,8,Y,No,13,3,3,80,0,6,2,2,2,2,1,1
817,45,No,Travel_Rarely,1384,Human Resources,10,5,Life Sciences,1,3,Male,91,3,3,Sales Executive,3,Single,8133,12304,0,Y,Yes,13,3,1,80,0,16,3,3,10,8,5,7
818,42,No,Travel_Rarely,1140,Research & Development,3,5,Human Resources,1,1,Female,93,3,1,Research Scientist,3,Divorced,2851,10179,2,Y,Yes,12,3,4,80,1,12,2,3,5,1,1,4
819,34,No,Travel_Rarely,963,Human Resources,2,5,Life Sciences,1,4,Male,81,3,4,Research Director,4,Single,15269,14345,2,Y,No,13,3,1,80,0,16,0,2,10,7,1,7
820,37,No,Travel_Rarely,1000,Human Resources,7,5,Medical,1,1,Male,44,4,3,Sales Executive,3,Married,7823,10033,4,Y,No,16,3,2,80,0,12,2,2,1,0,0,0
821,36,No,Travel_Rarely,426,Research & Development,8,5,Human Resources,1,4,Female,64,2,1,Research Scientist,4,Divorced,3089,16658,1,Y,No,15,3,4,80,2,3,2,2,3,2,1,1
822,30,No,Travel_Rarely,722,Human Resources,9,5,Human Resources,1,2,Male,39,3,3,Sales Executive,3,Divorced,9285,16125,0,Y,No,14,3,2,80,1,9,2,3,8,5,0,5
823,38,No,Travel_Rarely,859,Human Resources,8,5,Life Sciences,1,2,Male,71,3,3,Manufacturing Director,3,Single,9539,15154,0,Y,No,13,3,2,80,0,9,2,2,3,2,1,2
824,38,Yes,Travel_Rarely,1208,Human Resources,8,5,Life Sciences,1,3,Female,92,3,2,Sales Executive,3,Single,4529,15566,1,Y,No,13,3,2,80,0,5,3,3,5,3,1,3
825,40,Yes,Travel_Rarely,695,Human Resources,9,5,Human Resources,1,2,Male,79,4,2,Sales Executive,2,Married,6743,20325,0,Y,Yes,13,3,4,80,2,9,3,3,8,3,7,7
826,37,Yes,Travel_Rarely,131,Sales,2,5,Life Sciences,1,1,Male,60,3,1,Sales Executive,2,Single,2902,9911,1,Y,Yes,13,3,1,80,0,4,3,3,3,2,1,2
827,41,No,Travel_Rarely,1104,Human Resources,3,5,Human Resources,1,4,Female,79,4,2,Research Scientist,4,Married,5040,5309,0,Y,Yes,12,3,2,80,0,10,2,3,9,7,1,6
828,48,No,Non-Travel,1262,Human Resources,3,3,Human Resources,1,3,Female,63,3,5,Research Director,2,Divorced,18074,18781,0,Y,No,16,3,2,80,3,27,4,1,20,7,4,8
829,25,No,Travel_Rarely,956,Sales,1,3,Human Resources,1,3,Male,47,3,1,Sales Representative,1,Divorced,2494,8041,0,Y,No,22,4,4,80,1,3,3,4,3,2,1,2
830,38,No,Travel_Rarely,345,Human Resources,10,3,Medical,1,2,Male,42,3,3,Human Resources,1,Single,9519,22360,0,Y,No,12,3,2,80,0,9,2,2,6,5,4,3
831,29,No,Travel_Rarely,515,Human Resources,23,2,Human Resources,1,1,Male,65,3,2,Sales Executive,1,Married,4653,9890,1,Y,No,13,3,2,80,2,10,4,3,9,6,3,4
832,31,Yes,Travel_Rarely,689,Human Resources,21,3,Life Sciences,1,1,Male,56,2,3,Sales Executive,1,Single,7779,19980,5,Y,No,13,3,3,80,0,10,3,2,4,3,0,1
833,45,No,Travel_Rarely,229,Human Resources,7,3,Human Resources,1,1,Male,78,3,2,Sales Executive,2,Married,5765,7453,7,Y,No,12,3,4,80,1,14,4,4,13,9,7,10
834,45,No,Travel_Frequently,585,Human Resources,5,5,Human Resources,1,3,Male,95,3,2,Sales Executive,4,Married,6615,16770,3,Y,No,12,3,1,80,0,7,3,3,3,2,1,1
835,32,No,Travel_Rarely,747,Research & Development,5,5,Human Resources,1,4,Female,77,3,1,Research Scientist,3,Married,3498,10885,0,Y,Yes,14,3,4,80,1,5,3,1,4,3,1,2
836,33,No,Travel_Rarely,1157,Human Resources,6,5,Human Resources,1,2,Female,76,2,2,Sales Executive,3,Married,4985,5800,1,Y,No,12,3,2,80,1,13,5,3,13,13,8,7
837,33,No,Travel_Rarely,710,Human Resources,2,5,Human Resources,1,2,Male,76,4,2,Sales Executive,4,Divorced,5609,18341,1,Y,No,22,4,3,80,1,10,2,3,10,8,1,8
838,34,No,Travel_Rarely,1056,Research & Development,8,5,Human Resources,1,3,Female,44,3,1,Manufacturing Director,4,Married,4956,8209,8,Y,No,16,3,3,80,1,8,3,2,9,7,3,4
839,45,No,Travel_Rarely,139,Human Resources,13,5,Medical,1,4,Male,92,3,2,Sales Executive,2,Single,8813,7805,0,Y,No,12,3,4,80,0,10,3,3,8,4,6,7
840,38,No,Travel_Rarely,787,Research & Development,9,5,Human Resources,1,3,Female,77,3,2,Manufacturing Director,4,Married,4636,7371,1,Y,No,16,3,4,80,1,9,3,3,8,2,1,3
841,30,No,Travel_Rarely,1094,Human Resources,20,5,Human Resources,1,4,Male,73,2,3,Manufacturing Director,3,Married,8098,10939,1,Y,No,22,4,3,80,1,9,2,3,9,7,0,7
842,32,No,Travel_Rarely,664,Sales,8,5,Human Resources,1,1,Male,85,3,1,Sales Representative,3,Divorced,2429,23277,1,Y,No,12,3,2,80,2,1,2,3,1,0,0,0
843,36,No,Travel_Frequently,614,Research & Development,15,5,Human Resources,1,3,Male,75,3,2,Laboratory Technician,4,Divorced,4250,8665,1,Y,No,14,3,1,80,1,16,5,2,16,10,10,10
844,30,No,Travel_Frequently,318,Sales,9,2,Marketing,1,1,Male,75,2,1,Sales Executive,1,Married,2942,25153,0,Y,No,21,4,3,80,0,4,2,3,3,2,1,2
845,35,No,Travel_Frequently,481,Human Resources,16,5,Marketing,1,2,Female,80,3,2,Sales Executive,2,Single,4727,19965,1,Y,No,13,3,3,80,0,10,2,4,10,7,1,8
846,28,Yes,Travel_Frequently,846,Research & Development,5,5,Human Resources,1,1,Male,85,4,1,Research Scientist,3,Divorced,2701,17182,1,Y,Yes,22,4,3,80,1,9,4,3,9,7,1,7
847,34,No,Travel_Rarely,470,Research & Development,8,2,Human Resources,1,4,Male,64,3,2,Healthcare Representative,1,Married,6416,16988,3,Y,No,16,3,4,80,1,14,3,4,12,8,3,10
848,49,Yes,Travel_Frequently,940,Human Resources,8,4,Medical,1,2,Male,60,2,3,Healthcare Representative,2,Single,9871,17975,4,Y,Yes,18,3,1,80,0,13,2,1,6,5,0,5
849,35,No,Travel_Frequently,705,Research & Development,6,5,Human Resources,1,2,Male,85,3,1,Research Scientist,3,Married,2549,21301,6,Y,No,13,3,3,80,0,6,5,3,1,0,0,0
850,35,Yes,Travel_Frequently,1235,Research & Development,24,5,Human Resources,1,4,Female,69,2,1,Laboratory Technician,3,Married,3356,22870,1,Y,Yes,22,4,1,80,2,14,3,1,15,9,5,7
851,36,No,Travel_Rarely,1359,Research & Development,3,5,Life Sciences,1,3,Female,79,3,1,Research Scientist,3,Single,4954,7255,7,Y,No,14,3,2,80,0,9,3,2,4,2,1,2
852,37,No,Travel_Frequently,697,Human Resources,17,5,Marketing,1,4,Male,44,3,3,Healthcare Representative,4,Single,8434,21541,1,Y,No,16,3,3,80,0,9,2,3,9,7,1,6
853,34,No,Travel_Rarely,1102,Sales,2,5,Human Resources,1,1,Female,51,2,1,Sales Representative,3,Married,2705,17155,1,Y,Yes,16,3,1,80,1,3,0,3,3,2,1,2
854,31,No,Travel_Rarely,798,Research & Development,2,5,Medical,1,4,Male,41,4,1,Laboratory Technician,4,Single,3889,10203,0,Y,No,16,3,3,80,0,12,4,1,2,1,1,0
855,29,Yes,Travel_Frequently,677,Human Resources,10,5,Medical,1,4,Male,60,1,2,Sales Executive,3,Single,5023,22176,3,Y,Yes,13,3,3,80,0,6,4,3,2,1,1,2
856,37,No,Travel_Rarely,517,Human Resources,3,5,Medical,1,3,Female,76,3,2,Laboratory Technician,4,Married,3143,22512,6,Y,No,13,3,3,80,0,8,2,3,5,2,1,4
857,36,No,Travel_Frequently,343,Human Resources,4,3,Human Resources,1,4,Female,51,1,2,Sales Executive,2,Married,5221,5232,1,Y,No,15,3,1,80,0,9,4,3,9,7,1,7
858,33,No,Travel_Rarely,734,Human Resources,3,4,Human Resources,1,4,Male,54,3,2,Sales Executive,1,Married,5419,15462,1,Y,No,14,3,3,80,1,10,3,3,10,8,1,7
859,27,No,Travel_Rarely,853,Research & Development,6,3,Human Resources,1,4,Male,87,3,1,Research Scientist,1,Married,2740,19098,1,Y,Yes,17,3,1,80,0,8,3,3,8,7,1,6
860,36,No,Travel_Frequently,1034,Human Resources,9,5,Life Sciences,1,1,Male,88,3,2,Research Scientist,3,Single,4840,24034,9,Y,No,16,3,2,80,0,15,3,2,5,4,0,4
861,44,No,Travel_Rarely,1288,Research & Development,1,5,Human Resources,1,1,Male,63,3,1,Research Scientist,4,Married,3270,8347,7,Y,No,15,3,1,80,0,11,4,3,8,7,5,7
862,41,No,Travel_Rarely,762,Research & Development,4,5,Human Resources,1,2,Male,77,3,2,Laboratory Technician,4,Married,4238,7114,4,Y,No,17,3,4,80,2,9,2,3,3,2,1,2
863,34,No,Travel_Rarely,580,Human Resources,24,5,Life Sciences,1,3,Male,93,3,2,Research Scientist,4,Single,5120,25768,1,Y,No,22,4,2,80,0,9,2,3,9,7,2,6
864,34,No,Travel_Rarely,351,Research & Development,7,5,Human Resources,1,3,Female,78,3,1,Sales Executive,3,Married,4011,20251,6,Y,Yes,15,3,3,80,0,15,2,2,4,2,1,2
865,37,No,Non-Travel,912,Research & Development,2,4,Human Resources,1,3,Female,92,3,2,Manufacturing Director,2,Married,5204,11123,0,Y,No,15,3,4,80,0,10,5,3,9,7,1,7
866,34,No,Travel_Rarely,247,Human Resources,10,5,Human Resources,1,1,Female,65,4,2,Sales Executive,3,Married,5945,17606,3,Y,No,14,3,3,80,1,9,1,3,6,5,0,4
867,38,No,Travel_Rarely,1205,Human Resources,2,3,Marketing,1,3,Female,58,2,2,Sales Executive,1,Married,5239,16760,0,Y,No,15,3,1,80,0,14,2,3,8,7,1,7
868,32,No,Travel_Rarely,978,Sales,5,5,Human Resources,1,3,Male,73,4,1,Sales Representative,4,Married,2573,21014,0,Y,No,17,3,4,80,0,4,3,3,4,3,0,2
869,37,No,Travel_Rarely,946,Human Resources,8,5,Human Resources,1,1,Male,77,3,3,Laboratory Technician,3,Divorced,4581,7628,1,Y,No,15,3,3,80,1,18,5,3,18,7,4,8
870,33,No,Travel_Frequently,1115,Human Resources,2,3,Life Sciences,1,1,Male,73,2,2,Research Scientist,1,Single,5529,11263,4,Y,No,20,4,2,80,0,11,3,3,7,6,0,4
871,38,Yes,Travel_Rarely,187,Research & Development,9,5,Human Resources,1,1,Female,49,1,1,Laboratory Technician,3,Married,2737,6374,3,Y,No,21,4,4,80,1,8,2,4,4,3,0,2
872,41,No,Non-Travel,1218,Research & Development,3,5,Human Resources,1,1,Male,65,1,1,Sales Executive,3,Divorced,3002,25193,1,Y,No,13,3,4,80,1,8,4,2,7,5,1,5
873,37,No,Travel_Rarely,369,Sales,7,4,Marketing,1,2,Male,70,2,1,Sales Representative,2,Single,3199,12720,2,Y,No,16,3,3,80,0,6,0,3,1,0,0,0
874,39,No,Travel_Frequently,952,Human Resources,11,5,Human Resources,1,3,Female,73,4,2,Sales Executive,4,Divorced,6046,15572,1,Y,Yes,13,3,1,80,1,14,4,3,14,7,6,7
875,35,No,Travel_Rarely,691,Human Resources,3,2,Human Resources,1,3,Male,81,2,2,Sales Executive,1,Married,7066,20197,7,Y,No,13,3,4,80,1,15,2,3,10,9,1,8
876,41,No,Travel_Frequently,816,Human Resources,10,5,Human Resources,1,4,Female,48,2,2,Sales Executive,2,Married,4602,10728,1,Y,Yes,12,3,4,80,1,10,5,4,10,7,1,8
877,40,No,Travel_Rarely,250,Sales,4,5,Medical,1,2,Male,52,3,1,Sales Executive,3,Married,2926,7979,2,Y,Yes,14,3,1,80,0,10,3,4,5,4,4,4
878,43,No,Travel_Rarely,611,Human Resources,2,5,Human Resources,1,1,Female,78,2,2,Sales Executive,4,Married,5786,13652,3,Y,No,12,3,1,80,2,9,2,3,5,4,0,3
879,33,No,Travel_Rarely,506,Research & Development,2,5,Human Resources,1,4,Male,78,2,2,Research Scientist,3,Married,4378,10205,1,Y,No,22,4,3,80,0,6,3,3,5,2,0,2
880,35,No,Travel_Rarely,1124,Human Resources,8,5,Human Resources,1,2,Male,62,3,2,Manufacturing Director,3,Divorced,5988,15280,3,Y,No,13,3,1,80,1,8,2,3,3,0,1,2
881,29,No,Non-Travel,1402,Research & Development,2,5,Human Resources,1,4,Male,44,3,1,Research Scientist,2,Married,2746,22801,1,Y,No,14,3,3,80,2,10,3,1,10,7,3,7
882,40,No,Travel_Rarely,1451,Sales,5,3,Human Resources,1,2,Male,46,3,1,Sales Executive,2,Married,2916,15406,2,Y,Yes,13,3,4,80,1,8,3,2,3,2,1,2
883,22,Yes,Travel_Rarely,553,Research & Development,16,5,Human Resources,1,3,Female,48,3,1,Laboratory Technician,4,Married,2621,5526,1,Y,No,21,4,4,80,2,2,2,4,2,2,0,2
884,33,No,Travel_Rarely,299,Human Resources,7,4,Human Resources,1,4,Female,47,3,2,Sales Representative,1,Divorced,4113,18396,8,Y,No,15,3,4,80,1,8,0,3,6,4,4,4
885,38,No,Travel_Rarely,519,Research & Development,2,5,Human Resources,1,1,Male,40,3,1,Laboratory Technician,4,Married,3285,16278,7,Y,No,15,3,3,80,2,8,2,3,3,2,1,2
886,40,No,Travel_Rarely,403,Human Resources,11,5,Human Resources,1,4,Male,44,2,3,Laboratory Technician,4,Married,5846,16819,0,Y,No,15,3,1,80,0,20,2,4,3,2,1,2
887,29,Yes,Travel_Rarely,937,Research & Development,4,5,Life Sciences,1,3,Male,44,3,1,Laboratory Technician,3,Single,3020,6612,5,Y,No,14,3,1,80,0,8,2,3,6,2,1,5
888,35,No,Travel_Frequently,1374,Sales,10,5,Marketing,1,2,Female,92,3,1,Sales Executive,3,Single,3857,5891,1,Y,No,12,3,3,80,0,9,2,3,9,7,5,7
889,54,Yes,Travel_Rarely,1289,Research & Development,2,5,Human Resources,1,1,Male,86,2,1,Laboratory Technician,4,Married,2449,10604,0,Y,Yes,14,3,4,80,1,4,3,1,1,0,0,0
890,35,No,Travel_Frequently,1040,Human Resources,7,4,Life Sciences,1,3,Female,47,2,3,Research Scientist,1,Single,7617,21261,0,Y,No,12,3,2,80,0,15,3,3,13,10,8,8
891,32,No,Travel_Rarely,1188,Research & Development,10,5,Life Sciences,1,2,Male,69,3,1,Research Scientist,3,Single,2532,15527,0,Y,No,14,3,1,80,0,6,2,3,4,3,1,2
892,28,Yes,Travel_Rarely,1135,Research & Development,3,5,Human Resources,1,2,Male,46,3,1,Research Scientist,4,Married,2669,3740,9,Y,Yes,13,3,2,80,0,5,3,2,2,0,2,0
893,51,No,Travel_Rarely,1155,Research & Development,3,5,Medical,1,4,Female,65,3,1,Research Scientist,3,Married,3560,24260,0,Y,No,17,3,2,80,1,8,5,2,4,3,1,2
894,37,No,Travel_Rarely,561,Research & Development,10,3,Human Resources,1,3,Male,45,2,2,Sales Executive,1,Divorced,5643,7070,3,Y,Yes,14,3,1,80,2,9,2,3,3,2,1,2
895,34,No,Travel_Frequently,926,Human Resources,2,5,Human Resources,1,1,Male,97,3,2,Human Resources,4,Single,5229,8268,0,Y,No,17,3,3,80,0,15,3,2,13,7,3,9
896,37,No,Travel_Rarely,662,Research & Development,19,4,Life Sciences,1,4,Female,40,3,1,Research Scientist,1,Single,3991,20030,3,Y,No,17,3,4,80,0,9,2,3,3,2,0,1
897,39,No,Travel_Rarely,1299,Human Resources,9,5,Human Resources,1,4,Female,76,3,2,Sales Executive,2,Married,8771,4947,1,Y,Yes,13,3,4,80,1,12,2,2,11,9,7,8
898,41,No,Travel_Rarely,976,Sales,3,5,Human Resources,1,4,Female,59,3,1,Sales Executive,4,Married,3880,20300,6,Y,No,15,3,4,80,1,9,5,2,3,2,2,2
899,41,No,Travel_Rarely,826,Human Resources,7,5,Human Resources,1,4,Male,81,3,4,Sales Executive,3,Divorced,13436,23765,0,Y,No,12,3,1,80,2,21,0,3,20,8,11,8
900,41,No,Travel_Rarely,603,Human Resources,9,5,Human Resources,1,4,Male,38,3,2,Research Scientist,3,Married,4445,11090,0,Y,No,13,3,2,80,0,13,3,3,9,7,1,7
901,27,No,Travel_Rarely,1366,Human Resources,4,5,Human Resources,1,3,Female,56,3,3,Sales Executive,4,Married,7243,8514,1,Y,No,13,3,2,80,1,6,3,3,5,3,0,3
902,46,No,Travel_Frequently,798,Human Resources,2,5,Technical Degree,1,4,Male,43,3,3,Sales Executive,4,Single,9570,20179,5,Y,No,17,3,2,80,0,14,2,3,4,3,1,2
903,40,No,Travel_Rarely,789,Human Resources,5,5,Human Resources,1,4,Female,64,3,3,Sales Executive,2,Divorced,10082,23593,7,Y,No,16,3,3,80,1,14,1,2,4,2,1,2
904,36,No,Travel_Rarely,1188,Research & Development,6,5,Medical,1,2,Male,48,1,2,Manufacturing Director,4,Single,5418,5092,0,Y,Yes,12,3,1,80,0,16,3,3,15,15,2,8
905,49,Yes,Travel_Rarely,192,Human Resources,7,2,Human Resources,1,1,Male,71,3,3,Sales Executive,2,Married,8029,13542,3,Y,No,12,3,1,80,0,12,4,3,5,4,4,5
906,29,No,Travel_Rarely,1128,Research & Development,8,5,Technical Degree,1,4,Male,42,2,2,Laboratory Technician,3,Single,4659,11461,1,Y,No,14,3,4,80,0,10,3,3,10,8,2,7
907,30,No,Travel_Frequently,1324,Sales,2,5,Human Resources,1,3,Female,47,3,1,Sales Executive,3,Married,3016,11788,3,Y,Yes,18,3,4,80,3,7,3,3,4,3,2,3
908,40,No,Travel_Rarely,748,Human Resources,8,5,Human Resources,1,3,Male,78,3,2,Healthcare Representative,2,Married,6651,13718,2,Y,No,12,3,2,80,1,16,1,2,8,7,6,7
909,41,No,Travel_Rarely,511,Research & Development,20,5,Human Resources,1,1,Female,49,2,2,Manufacturing Director,4,Married,6855,12243,1,Y,Yes,12,3,1,80,1,20,2,4,19,10,5,12
910,32,No,Travel_Rarely,1294,Human Resources,20,2,Human Resources,1,4,Male,49,3,2,Manufacturing Director,1,Married,6487,11782,8,Y,No,17,3,1,80,1,8,1,3,3,2,0,2
911,38,No,Non-Travel,1168,Research & Development,14,5,Human Resources,1,4,Female,77,3,1,Laboratory Technician,3,Married,2915,12209,8,Y,No,13,3,2,80,1,5,3,2,3,2,2,2
912,36,No,Travel_Rarely,655,Research & Development,15,5,Other,1,1,Male,63,1,1,Manufacturing Director,3,Single,5489,3916,5,Y,No,11,3,3,80,0,11,2,3,6,3,0,6
913,32,No,Travel_Rarely,542,Research & Development,12,4,Human Resources,1,3,Male,63,3,1,Research Scientist,1,Married,2984,6441,7,Y,No,12,3,1,80,1,8,3,2,4,2,2,2
914,37,No,Travel_Rarely,596,Human Resources,10,5,Medical,1,3,Female,61,2,3,Healthcare Representative,3,Married,9891,7998,0,Y,Yes,13,3,3,80,1,21,4,3,18,10,5,10
915,41,No,Travel_Rarely,1248,Human Resources,2,5,Human Resources,1,3,Female,70,2,3,Manufacturing Director,4,Divorced,7723,9455,0,Y,No,16,3,1,80,2,12,4,2,11,8,4,8
916,34,No,Travel_Rarely,1259,Research & Development,1,3,Human Resources,1,2,Female,57,2,1,Laboratory Technician,2,Married,3238,7657,0,Y,Yes,11,3,4,80,0,5,3,3,4,3,1,2
917,37,No,Travel_Rarely,1297,Human Resources,2,5,Human Resources,1,4,Male,64,1,2,Research Scientist,3,Married,5041,16209,4,Y,Yes,12,3,2,80,0,16,5,3,13,10,2,9
918,47,No,Travel_Rarely,490,Research & Development,6,2,Human Resources,1,3,Female,63,2,2,Laboratory Technician,2,Married,3426,19466,4,Y,No,12,3,1,80,1,17,4,3,9,7,4,7
919,37,No,Travel_Rarely,999,Research & Development,3,3,Human Resources,1,4,Female,63,3,2,Manufacturing Director,2,Divorced,5134,9444,2,Y,No,14,3,3,80,1,12,2,1,6,1,0,4
920,41,No,Travel_Frequently,451,Human Resources,5,5,Medical,1,2,Male,74,3,2,Manufacturing Director,3,Single,5002,11583,7,Y,No,16,3,3,80,0,10,4,3,5,4,1,3
921,35,No,Non-Travel,257,Research & Development,25,5,Life Sciences,1,1,Female,46,2,1,Laboratory Technician,3,Single,2635,12309,1,Y,No,20,4,4,80,0,5,2,3,5,3,1,3
922,36,No,Travel_Frequently,906,Human Resources,2,5,Life Sciences,1,3,Male,78,3,2,Manufacturing Director,2,Single,4899,17329,5,Y,No,22,4,3,80,0,16,3,3,2,0,0,0
923,38,No,Travel_Rarely,819,Research & Development,9,5,Human Resources,1,2,Female,71,3,1,Laboratory Technician,3,Married,3031,9783,4,Y,Yes,13,3,3,80,1,8,4,2,3,2,1,2
924,45,No,Travel_Rarely,549,Research & Development,2,2,Human Resources,1,1,Female,38,3,1,Research Scientist,1,Divorced,3244,5484,1,Y,No,22,4,4,80,1,14,2,3,12,9,3,10
925,41,No,Travel_Rarely,498,Human Resources,2,5,Medical,1,1,Male,86,3,2,Sales Executive,4,Married,7394,6983,7,Y,No,15,3,4,80,1,10,3,3,8,7,0,7
926,39,No,Travel_Rarely,1141,Research & Development,10,5,Human Resources,1,4,Female,65,2,1,Research Scientist,4,Married,3792,21927,0,Y,No,12,3,3,80,2,7,3,1,3,2,1,2
927,35,No,Travel_Rarely,1155,Human Resources,2,5,Marketing,1,2,Female,77,3,3,Sales Executive,4,Single,8090,11608,2,Y,No,13,3,3,80,0,14,2,3,10,8,5,6
928,37,No,Travel_Rarely,1337,Research & Development,7,5,Medical,1,1,Male,41,3,1,Laboratory Technician,3,Married,3321,20251,1,Y,No,12,3,3,80,0,9,2,1,8,7,6,7
929,33,No,Travel_Frequently,252,Research & Development,6,5,Human Resources,1,1,Female,58,2,1,Research Scientist,4,Married,2813,23360,0,Y,Yes,14,3,4,80,1,6,3,4,5,3,1,2
930,42,No,Travel_Frequently,607,Human Resources,10,5,Human Resources,1,4,Male,61,3,5,Manager,3,Divorced,19104,8947,0,Y,No,14,3,3,80,2,21,5,3,4,3,1,2
931,33,No,Non-Travel,339,Human Resources,8,5,Human Resources,1,1,Female,92,2,2,Manufacturing Director,2,Married,6039,10265,2,Y,No,17,3,2,80,2,9,3,3,4,2,0,2
932,34,No,Travel_Rarely,860,Human Resources,4,5,Human Resources,1,4,Female,79,2,2,Sales Executive,4,Divorced,5940,9860,1,Y,No,17,3,4,80,2,6,2,3,5,3,0,3
933,20,No,Travel_Rarely,379,Research & Development,5,1,Life Sciences,1,3,Male,91,2,1,Research Scientist,1,Single,2569,19012,1,Y,No,21,4,3,80,0,1,5,3,1,0,0,0
934,37,No,Travel_Rarely,432,Research & Development,9,5,Other,1,2,Male,71,3,1,Research Scientist,2,Married,2651,6041,5,Y,Yes,21,4,1,80,0,8,2,2,3,2,0,1
935,24,Yes,Travel_Rarely,698,Research & Development,9,3,Life Sciences,1,2,Male,52,3,1,Laboratory Technician,2,Single,2885,19123,1,Y,No,13,3,3,80,0,4,2,3,4,2,0,2
936,47,No,Travel_Rarely,926,Human Resources,7,5,Life Sciences,1,4,Female,66,3,5,Sales Representative,4,Single,17511,7259,3,Y,No,18,3,4,80,0,23,0,3,7,7,1,0
937,31,No,Travel_Rarely,1150,Research & Development,2,5,Medical,1,3,Male,57,3,2,Laboratory Technician,4,Single,4530,19360,1,Y,Yes,22,4,2,80,0,8,3,4,6,2,1,2
938,39,No,Travel_Rarely,1321,Sales,3,4,Medical,1,4,Male,40,3,1,Sales Executive,1,Single,2697,15846,2,Y,Yes,14,3,3,80,0,9,2,2,4,2,1,3
939,33,No,Travel_Rarely,1440,Human Resources,7,5,Human Resources,1,4,Male,50,2,2,Sales Executive,4,Married,4768,20992,0,Y,Yes,15,3,3,80,0,4,2,4,3,2,0,1
940,36,No,Travel_Rarely,330,Human Resources,2,5,Technical Degree,1,4,Female,56,4,4,Sales Executive,2,Single,13083,19697,1,Y,No,12,3,3,80,0,16,2,3,15,7,7,5
941,33,No,Travel_Rarely,557,Research & Development,12,5,Life Sciences,1,3,Male,93,2,1,Research Scientist,4,Single,3667,21250,0,Y,No,14,3,2,80,0,13,2,4,12,7,4,9
942,44,No,Travel_Rarely,501,Human Resources,2,4,Medical,1,3,Male,44,2,5,Manager,1,Married,19164,18476,6,Y,No,13,3,4,80,1,22,3,3,20,7,11,8
943,46,No,Travel_Rarely,524,Human Resources,16,5,Medical,1,1,Male,67,3,5,Manager,3,Single,19569,22347,3,Y,Yes,13,3,4,80,0,24,2,3,5,2,1,2
944,45,No,Travel_Rarely,1102,Sales,7,5,Human Resources,1,3,Male,78,3,1,Sales Executive,3,Married,2755,5795,2,Y,No,16,3,3,80,1,9,5,3,4,2,1,2
945,28,No,Travel_Rarely,334,Research & Development,2,5,Human Resources,1,3,Male,94,3,1,Laboratory Technician,4,Married,2655,7157,0,Y,No,16,3,1,80,1,5,2,3,3,1,0,1
946,36,No,Travel_Rarely,1254,Research & Development,5,5,Human Resources,1,4,Male,80,4,1,Research Scientist,3,Divorced,2772,16473,0,Y,No,12,3,2,80,1,7,3,3,4,2,0,2
947,31,No,Non-Travel,1014,Human Resources,9,5,Human Resources,1,4,Male,61,3,2,Sales Executive,4,Married,4787,4920,0,Y,Yes,14,3,3,80,0,8,3,3,6,4,1,1
948,29,No,Travel_Frequently,749,Human Resources,4,2,Human Resources,1,1,Male,73,4,2,Sales Executive,2,Married,5255,23201,1,Y,No,14,3,4,80,0,6,3,3,5,3,0,3
949,37,No,Travel_Rarely,1018,Research & Development,2,5,Medical,1,2,Female,44,2,2,Research Scientist,4,Married,4823,13464,6,Y,No,17,3,3,80,1,19,4,3,1,0,0,0
950,43,No,Travel_Rarely,707,Research & Development,8,5,Medical,1,4,Female,44,2,1,Research Scientist,3,Single,2767,18406,6,Y,No,14,3,1,80,0,11,2,3,8,6,4,7
951,33,Yes,Travel_Rarely,1403,Research & Development,15,4,Life Sciences,1,4,Male,65,3,1,Research Scientist,2,Single,2988,16846,1,Y,Yes,11,3,2,80,0,5,2,3,5,2,1,1
952,23,No,Travel_Rarely,1144,Sales,14,4,Medical,1,3,Male,55,3,1,Sales Representative,1,Single,1938,9513,1,Y,No,14,3,4,80,0,1,2,3,1,0,0,0
953,46,No,Travel_Rarely,667,Human Resources,4,4,Marketing,1,2,Male,87,3,5,Manager,1,Single,19406,15620,4,Y,No,12,3,1,80,1,24,2,1,7,2,4,5
954,43,No,Travel_Rarely,938,Human Resources,9,5,Human Resources,1,3,Female,57,4,2,Sales Executive,3,Married,6121,23877,4,Y,Yes,16,3,1,80,1,10,2,3,4,2,0,2
955,26,No,Travel_Rarely,1077,Human Resources,7,5,Medical,1,4,Male,63,2,2,Sales Executive,2,Married,4954,20738,1,Y,Yes,14,3,2,80,0,5,4,3,5,2,1,4
956,41,No,Travel_Rarely,518,Human Resources,4,5,Human Resources,1,1,Male,61,3,3,Healthcare Representative,3,Married,10202,17546,5,Y,No,13,3,3,80,2,19,2,2,3,1,1,2
957,39,No,Travel_Rarely,1360,Human Resources,4,5,Human Resources,1,3,Female,84,2,3,Sales Executive,4,Married,10271,7564,4,Y,Yes,13,3,3,80,1,15,2,2,6,4,1,2
958,34,No,Travel_Rarely,232,Research & Development,4,5,Technical Degree,1,3,Male,45,3,1,Research Scientist,4,Single,2957,9864,3,Y,No,22,4,3,80,0,8,3,3,5,3,1,2
959,36,No,Travel_Frequently,1050,Human Resources,9,5,Human Resources,1,1,Male,46,3,2,Research Scientist,3,Married,4942,7577,1,Y,No,12,3,3,80,3,9,2,2,9,6,1,8
960,44,No,Travel_Rarely,450,Human Resources,1,2,Human Resources,1,2,Male,65,3,2,Research Scientist,1,Married,5524,4189,3,Y,No,13,3,3,80,1,13,1,3,8,7,0,7
961,37,No,Travel_Frequently,913,Human Resources,7,5,Other,1,1,Male,34,2,3,Healthcare Representative,4,Single,9634,3813,3,Y,No,15,3,3,80,0,14,4,2,6,4,0,4
962,51,No,Travel_Frequently,365,Research & Development,7,5,Life Sciences,1,4,Male,52,3,2,Healthcare Representative,3,Single,4998,12772,6,Y,No,13,3,1,80,0,19,3,3,4,3,2,3
963,44,No,Travel_Frequently,759,Research & Development,11,4,Human Resources,1,2,Female,64,1,1,Sales Executive,2,Divorced,10916,18042,9,Y,No,12,3,3,80,2,20,2,3,8,7,5,7
964,45,No,Travel_Rarely,992,Human Resources,5,5,Life Sciences,1,3,Male,40,2,1,Human Resources,4,Single,3598,7126,0,Y,No,18,3,1,80,0,9,5,3,5,3,1,3
965,33,No,Non-Travel,307,Research & Development,14,5,Technical Degree,1,4,Male,86,2,2,Research Scientist,2,Single,5455,20188,3,Y,No,15,3,2,80,0,12,3,3,8,7,1,7
966,33,Yes,Travel_Frequently,558,Research & Development,9,3,Human Resources,1,4,Male,75,3,2,Research Scientist,1,Divorced,5456,22576,6,Y,Yes,13,3,3,80,2,8,2,4,4,2,0,3
967,26,Yes,Travel_Rarely,1289,Human Resources,11,5,Technical Degree,1,3,Male,60,3,1,Sales Executive,2,Married,2741,11236,8,Y,No,13,3,2,80,1,6,2,2,4,3,1,3
968,37,No,Travel_Rarely,605,Human Resources,1,2,Medical,1,1,Female,79,2,2,Manufacturing Director,1,Married,7845,17038,0,Y,Yes,12,3,3,80,1,7,2,2,4,2,1,2
969,30,No,Travel_Rarely,826,Research & Development,4,5,Human Resources,1,4,Female,64,3,1,Research Scientist,4,Divorced,3191,5925,1,Y,No,11,3,3,80,1,7,2,3,7,6,0,5
970,52,No,Travel_Rarely,1255,Human Resources,2,5,Human Resources,1,2,Female,52,1,4,Sales Executive,2,Married,13557,22473,6,Y,No,17,3,3,80,0,29,2,3,4,3,1,3
971,44,No,Travel_Frequently,974,Human Resources,6,4,Medical,1,2,Male,60,3,3,Sales Executive,2,Married,10347,24059,5,Y,No,20,4,1,80,0,16,3,2,5,4,1,2
972,36,No,Travel_Rarely,434,Research & Development,15,5,Human Resources,1,2,Male,86,3,1,Research Scientist,3,Married,4700,7492,4,Y,No,12,3,4,80,1,15,2,3,12,9,6,9
973,46,Yes,Travel_Frequently,879,Human Resources,4,3,Life Sciences,1,1,Female,87,4,4,Manager,1,Single,16930,16033,0,Y,No,14,3,1,80,0,26,4,2,21,7,5,6
974,33,No,Travel_Rarely,489,Research & Development,5,3,Medical,1,1,Female,36,3,1,Research Scientist,1,Single,3060,21808,4,Y,Yes,12,3,3,80,0,8,2,4,5,3,1,3
975,32,No,Travel_Rarely,369,Research & Development,5,5,Medical,1,3,Male,83,3,1,Research Scientist,3,Single,2886,9248,1,Y,No,17,3,2,80,0,9,4,3,8,7,4,5
976,48,No,Travel_Rarely,1250,Research & Development,6,5,Human Resources,1,3,Female,78,3,1,Research Scientist,4,Married,2823,4666,7,Y,Yes,17,3,4,80,1,9,2,3,5,4,1,4
977,43,No,Travel_Rarely,971,Research & Development,1,5,Life Sciences,1,4,Male,41,3,1,Laboratory Technician,3,Single,3925,19976,6,Y,No,12,3,4,80,0,9,4,3,8,7,7,7
978,30,Yes,Travel_Frequently,592,Research & Development,7,5,Human Resources,1,3,Male,84,3,1,Laboratory Technician,3,Married,2695,9654,2,Y,No,14,3,4,80,0,4,3,2,1,0,0,0
979,25,No,Travel_Rarely,1311,Sales,12,5,Human Resources,1,1,Female,52,3,1,Sales Executive,3,Married,3030,4608,1,Y,No,14,3,3,80,1,5,3,3,5,3,0,3
980,42,No,Travel_Rarely,343,Human Resources,2,5,Human Resources,1,4,Male,55,3,4,Sales Executive,3,Married,13391,10781,1,Y,No,23,4,4,80,1,21,5,3,21,9,11,10
981,27,No,Travel_Rarely,1243,Research & Development,18,3,Medical,1,2,Male,90,4,1,Sales Executive,2,Single,3198,14947,1,Y,No,12,3,3,80,0,5,3,2,5,3,1,2
982,52,No,Travel_Rarely,462,Research & Development,7,2,Human Resources,1,4,Male,72,3,1,Research Scientist,1,Divorced,4399,6144,9,Y,No,12,3,1,80,1,19,4,3,11,8,8,7
983,37,No,Travel_Frequently,538,Human Resources,10,5,Human Resources,1,3,Female,85,3,2,Sales Executive,3,Divorced,4968,19072,4,Y,No,12,3,2,80,1,11,2,3,8,7,0,7
984,37,Yes,Travel_Rarely,660,Human Resources,20,4,Human Resources,1,1,Male,72,4,3,Manufacturing Director,1,Divorced,8427,15758,1,Y,Yes,18,3,4,80,1,10,3,2,9,3,1,7
985,42,No,Travel_Rarely,1288,Human Resources,7,5,Human Resources,1,3,Male,95,3,2,Sales Executive,4,Married,5511,12366,1,Y,No,18,3,2,80,2,8,3,3,6,3,2,2
986,41,No,Non-Travel,740,Human Resources,7,5,Human Resources,1,4,Male,48,2,5,Research Director,3,Divorced,19536,22949,4,Y,No,22,4,4,80,3,21,2,3,8,7,1,3
987,35,No,Travel_Rarely,1346,Research & Development,7,5,Medical,1,4,Male,62,3,1,Research Scientist,3,Married,2695,11413,3,Y,No,17,3,2,80,1,8,2,4,4,3,0,2
988,37,No,Travel_Rarely,555,Human Resources,9,5,Human Resources,1,3,Female,94,3,2,Sales Executive,2,Divorced,6305,21309,0,Y,Yes,13,3,2,80,1,8,2,3,5,2,1,4
989,34,Yes,Travel_Rarely,1021,Human Resources,2,5,Life Sciences,1,1,Male,48,4,4,Sales Executive,4,Single,11751,14143,0,Y,No,13,3,2,80,0,12,4,1,8,7,6,1
990,29,No,Travel_Rarely,607,Human Resources,2,5,Human Resources,1,4,Female,38,4,1,Human Resources,3,Single,3709,20198,9,Y,No,14,3,3,80,0,7,2,4,3,3,1,2
991,39,Yes,Travel_Rarely,356,Human Resources,7,5,Life Sciences,1,1,Female,52,2,3,Sales Executive,3,Single,8011,21796,4,Y,No,13,3,3,80,0,10,3,3,5,4,0,2
992,51,No,Travel_Frequently,494,Human Resources,21,5,Medical,1,4,Female,84,2,4,Manager,4,Single,17143,7461,0,Y,No,15,3,1,80,0,30,2,3,25,10,5,8
993,27,Yes,Travel_Frequently,466,Research & Development,6,3,Human Resources,1,1,Male,55,3,1,Research Scientist,1,Married,2815,13318,1,Y,No,12,3,3,80,2,4,3,3,4,2,1,3
994,23,Yes,Travel_Rarely,712,Research & Development,2,5,Medical,1,1,Male,40,2,1,Laboratory Technician,2,Single,2256,16852,1,Y,No,13,3,3,80,0,3,1,2,3,1,1,0
995,26,No,Travel_Rarely,1360,Human Resources,5,5,Medical,1,2,Female,57,3,2,Sales Representative,3,Married,3966,21760,1,Y,No,18,3,2,80,1,4,5,3,4,3,2,2
996,27,No,Travel_Rarely,665,Human Resources,4,3,Human Resources,1,3,Male,47,2,2,Sales Executive,1,Married,5354,17413,0,Y,No,14,3,4,80,1,6,1,3,5,3,1,4
997,43,No,Non-Travel,1127,Human Resources,9,5,Human Resources,1,3,Male,85,2,2,Sales Executive,4,Married,5827,13687,5,Y,No,16,3,2,80,2,12,5,2,6,5,0,4
998,43,No,Travel_Rarely,1124,Human Resources,6,5,Human Resources,1,3,Male,46,3,2,Sales Executive,3,Divorced,9160,8008,4,Y,Yes,14,3,4,80,1,10,3,4,9,4,6,7
999,20,No,Travel_Rarely,421,Sales,4,5,Technical Degree,1,3,Male,49,2,1,Sales Representative,4,Single,2051,18670,1,Y,No,17,3,1,80,0,1,2,3,1,1,0,0
1000,53,No,Travel_Rarely,1344,Research & Development,25,5,Human Resources,1,1,Male,51,2,1,Laboratory Technician,4,Married,2999,18090,2,Y,No,15,3,1,80,1,20,4,3,4,2,1,3
1001,40,No,Non-Travel,942,Human Resources,16,2,Life Sciences,1,2,Male,92,3,2,Laboratory Technician,1,Single,3870,21884,0,Y,No,14,3,3,80,0,10,4,2,5,3,1,3
1002,33,Yes,Travel_Frequently,273,Sales,2,5,Marketing,1,3,Female,49,3,1,Sales Executive,4,Single,3658,15422,1,Y,Yes,22,4,1,80,0,9,2,3,9,7,7,7
1003,35,No,Travel_Rarely,1310,Human Resources,13,3,Human Resources,1,1,Male,45,3,3,Healthcare Representative,1,Divorced,7772,8278,1,Y,No,11,3,2,80,2,9,2,3,9,7,0,7
1004,29,No,Travel_Rarely,975,Research & Development,2,5,Human Resources,1,3,Male,35,3,1,Research Scientist,3,Divorced,2575,7094,0,Y,No,13,3,1,80,0,6,3,2,3,2,1,2
1005,30,No,Travel_Frequently,977,Human Resources,10,5,Human Resources,1,2,Female,95,3,2,Healthcare Representative,4,Divorced,6336,14081,0,Y,No,17,3,1,80,1,6,5,3,4,2,1,2
1006,41,No,Travel_Rarely,1265,Human Resources,6,5,Medical,1,3,Female,86,3,2,Healthcare Representative,2,Single,6716,18279,4,Y,No,14,3,2,80,0,15,2,2,10,8,0,8
1007,51,No,Non-Travel,588,Human Resources,3,5,Human Resources,1,3,Female,75,2,4,Sales Executive,3,Married,8662,16382,5,Y,No,15,3,4,80,3,22,2,3,11,8,3,8
1008,27,No,Travel_Rarely,1314,Research & Development,7,5,Human Resources,1,2,Male,63,4,1,Research Scientist,3,Divorced,2510,18291,1,Y,No,13,3,3,80,2,8,3,2,8,7,0,7
1009,30,Yes,Travel_Frequently,332,Sales,4,5,Marketing,1,4,Female,35,1,1,Sales Executive,2,Single,2636,9801,1,Y,Yes,13,3,1,80,0,1,2,3,1,0,1,0
1010,49,No,Travel_Rarely,994,Human Resources,19,5,Human Resources,1,3,Male,91,2,5,Research Director,2,Divorced,17837,19829,1,Y,No,14,3,3,80,1,32,0,3,30,10,4,9
1011,35,No,Travel_Rarely,458,Human Resources,3,5,Medical,1,2,Female,47,3,2,Sales Representative,2,Single,3719,5071,3,Y,No,18,3,1,80,0,6,3,2,3,2,1,2
1012,34,No,Travel_Frequently,922,Research & Development,11,5,Medical,1,1,Female,74,2,1,Research Scientist,4,Single,3031,23210,3,Y,No,16,3,1,80,0,6,4,3,3,2,1,1
1013,42,No,Travel_Frequently,1175,Research & Development,8,5,Human Resources,1,3,Female,35,2,1,Laboratory Technician,4,Married,3186,9556,3,Y,No,18,3,4,80,1,7,3,3,3,1,1,2
1014,29,No,Travel_Rarely,1243,Research & Development,3,5,Human Resources,1,3,Male,92,3,2,Laboratory Technician,4,Married,5214,13250,1,Y,No,14,3,3,80,0,6,2,3,6,4,1,3
1015,38,No,Travel_Rarely,950,Research & Development,3,5,Human Resources,1,1,Female,91,2,1,Research Scientist,3,Divorced,2425,10253,2,Y,No,14,3,3,80,1,8,2,1,3,2,1,2
1016,49,No,Travel_Frequently,961,Human Resources,24,5,Human Resources,1,2,Female,92,3,4,Research Director,3,Married,17072,13371,0,Y,No,12,3,1,80,1,25,3,3,8,5,1,4
1017,40,No,Travel_Frequently,524,Human Resources,6,5,Marketing,1,2,Male,68,3,2,Laboratory Technician,2,Married,5771,11898,7,Y,No,14,3,2,80,1,11,2,3,9,3,4,7
1018,37,No,Travel_Rarely,1181,Human Resources,7,3,Human Resources,1,1,Female,96,2,3,Research Scientist,1,Married,6338,11420,0,Y,No,21,4,3,80,1,16,3,3,4,1,0,2
1019,49,No,Travel_Rarely,936,Human Resources,18,5,Human Resources,1,4,Male,79,3,4,Manufacturing Director,3,Married,13349,16567,0,Y,Yes,13,3,4,80,0,23,0,3,4,2,2,2
1020,50,Yes,Travel_Rarely,416,Research & Development,7,3,Life Sciences,1,1,Male,59,3,1,Laboratory Technician,1,Single,3501,3431,2,Y,Yes,14,3,4,80,0,12,2,3,1,1,0,1
1021,45,No,Travel_Rarely,621,Human Resources,7,5,Human Resources,1,3,Male,42,3,2,Sales Executive,4,Married,5794,19022,3,Y,No,24,4,3,80,1,14,3,3,12,10,6,7
1022,34,Yes,Travel_Rarely,1305,Human Resources,10,2,Marketing,1,1,Female,78,1,2,Sales Executive,2,Single,6411,13721,3,Y,Yes,14,3,1,80,0,8,2,2,4,3,0,3
1023,26,No,Travel_Frequently,589,Research & Development,1,2,Human Resources,1,3,Male,56,2,1,Sales Executive,2,Married,2744,21724,1,Y,No,13,3,1,80,0,7,2,2,7,7,1,7
1024,32,Yes,Travel_Rarely,440,Sales,5,5,Marketing,1,3,Female,58,2,1,Sales Representative,4,Married,2641,14843,1,Y,Yes,18,3,3,80,1,2,2,3,2,2,2,2
1025,31,No,Travel_Rarely,1169,Human Resources,20,4,Marketing,1,4,Female,72,3,2,Sales Executive,1,Married,5676,11408,0,Y,No,14,3,1,80,0,9,2,3,3,2,0,2
1026,26,Yes,Travel_Frequently,695,Sales,13,5,Life Sciences,1,2,Male,55,3,1,Sales Representative,4,Single,2607,14918,0,Y,Yes,18,3,3,80,0,5,3,3,5,3,1,4
1027,25,No,Travel_Rarely,1220,Human Resources,4,1,Life Sciences,1,1,Male,89,2,2,Sales Representative,1,Single,4302,12374,1,Y,No,18,3,4,80,0,5,4,2,3,2,1,3
1028,34,No,Travel_Rarely,1113,Human Resources,1,5,Human Resources,1,4,Female,79,3,3,Research Director,4,Single,12519,9907,1,Y,No,13,3,4,80,2,9,3,3,10,7,3,7
1029,37,No,Travel_Rarely,1086,Research & Development,20,5,Human Resources,1,1,Male,62,3,2,Laboratory Technician,4,Divorced,4147,20444,2,Y,No,12,3,2,80,1,17,2,1,4,3,0,3
1030,33,No,Travel_Rarely,457,Human Resources,5,5,Medical,1,2,Male,73,3,2,Manufacturing Director,4,Married,5561,23146,0,Y,No,15,3,2,80,1,8,1,3,3,2,1,2
1031,33,No,Travel_Rarely,217,Human Resources,4,5,Human Resources,1,1,Male,54,2,2,Sales Executive,4,Single,5640,19129,5,Y,Yes,16,3,4,80,0,11,4,3,5,3,1,3
1032,36,No,Travel_Rarely,504,Human Resources,22,5,Human Resources,1,1,Male,40,2,3,Human Resources,4,Married,8368,7152,0,Y,No,21,4,2,80,2,9,3,3,8,7,1,7
1033,38,No,Travel_Rarely,1134,Research & Development,18,3,Human Resources,1,4,Male,60,3,1,Laboratory Technician,2,Married,2928,8730,5,Y,No,12,3,3,80,1,7,5,3,3,2,0,2
1034,40,No,Travel_Frequently,610,Human Resources,2,5,Marketing,1,1,Male,41,3,3,Healthcare Representative,4,Married,10255,21430,7,Y,Yes,14,3,1,80,1,14,0,3,11,9,8,8
1035,50,No,Travel_Rarely,1021,Research & Development,15,5,Life Sciences,1,3,Female,72,3,1,Laboratory Technician,4,Single,3006,11084,0,Y,Yes,15,3,2,80,0,17,4,2,9,7,0,7
1036,34,No,Travel_Frequently,326,Research & Development,9,5,Human Resources,1,2,Female,63,2,1,Laboratory Technician,3,Divorced,3089,7004,1,Y,No,14,3,2,80,1,8,3,3,8,7,1,7
1037,38,No,Travel_Rarely,1157,Research & Development,4,3,Human Resources,1,3,Male,48,2,2,Healthcare Representative,1,Married,6708,18005,8,Y,No,16,3,4,80,2,12,2,3,8,7,4,7
1038,41,No,Travel_Rarely,911,Human Resources,11,5,Medical,1,4,Female,72,3,2,Sales Executive,4,Single,5527,17207,7,Y,No,11,3,2,80,0,9,6,3,5,2,1,3
1039,31,No,Travel_Rarely,629,Human Resources,8,2,Medical,1,4,Female,85,2,2,Manufacturing Director,1,Single,5637,17090,9,Y,No,13,3,3,80,0,9,2,2,4,4,0,3
1040,50,No,Travel_Rarely,502,Human Resources,17,2,Medical,1,4,Male,82,3,5,Manager,2,Married,19999,8870,1,Y,Yes,14,3,4,80,0,32,2,3,33,9,12,10
1041,50,No,Travel_Rarely,1388,Human Resources,3,5,Human Resources,1,1,Female,66,2,4,Sales Executive,4,Married,13012,17334,2,Y,No,15,3,3,80,2,23,5,2,5,3,0,2
1042,31,No,Non-Travel,1121,Research & Development,23,5,Medical,1,4,Male,69,2,1,Laboratory Technician,4,Single,2496,10663,4,Y,No,13,3,2,80,0,9,2,4,5,2,3,4
1043,42,No,Non-Travel,891,Human Resources,10,5,Human Resources,1,2,Female,74,3,5,Research Director,3,Married,18741,19894,4,Y,No,14,3,2,80,2,20,2,3,18,13,11,10
1044,42,No,Travel_Rarely,384,Human Resources,5,1,Life Sciences,1,2,Male,78,3,5,Manager,1,Single,15551,12549,4,Y,No,12,3,3,80,0,21,4,3,15,9,3,11
1045,43,No,Travel_Rarely,619,Human Resources,2,5,Medical,1,4,Male,71,3,2,Sales Executive,4,Single,5195,6423,0,Y,Yes,18,3,4,80,0,9,3,3,9,7,6,7
1046,33,No,Travel_Frequently,711,Research & Development,7,5,Medical,1,4,Male,81,2,2,Research Scientist,3,Married,4852,23283,3,Y,Yes,15,3,3,80,1,11,3,3,5,2,0,1
1047,31,No,Travel_Rarely,210,Human Resources,1,5,Human Resources,1,2,Female,48,3,2,Sales Executive,4,Married,5627,9870,0,Y,No,17,3,1,80,1,9,3,3,5,3,1,4
1048,39,No,Travel_Frequently,1296,Sales,2,2,Human Resources,1,4,Male,77,3,1,Sales Executive,2,Divorced,4024,13066,4,Y,No,14,3,4,80,1,11,3,3,3,0,0,1
1049,34,No,Travel_Rarely,1203,Research & Development,5,5,Human Resources,1,3,Female,33,2,1,Laboratory Technician,2,Divorced,2888,9847,3,Y,No,14,3,1,80,1,7,3,4,4,3,0,3
1050,34,No,Travel_Rarely,292,Research & Development,1,5,Human Resources,1,3,Male,91,1,2,Laboratory Technician,4,Divorced,5336,10167,1,Y,No,13,3,4,80,2,8,2,2,8,5,1,4
1051,26,No,Travel_Rarely,586,Sales,2,3,Human Resources,1,2,Male,60,2,1,Sales Executive,2,Married,2930,5888,1,Y,Yes,15,3,1,80,3,3,2,3,4,3,1,1
1052,50,No,Travel_Rarely,1068,Human Resources,7,4,Human Resources,1,4,Male,58,2,4,Sales Executive,1,Divorced,14665,12134,1,Y,No,22,4,3,80,1,38,3,2,22,8,3,7
1053,33,No,Travel_Rarely,211,Research & Development,8,5,Medical,1,2,Male,71,3,1,Laboratory Technician,3,Married,3194,16629,2,Y,No,13,3,4,80,1,6,2,2,3,2,1,3
1054,32,No,Non-Travel,477,Research & Development,6,5,Technical Degree,1,4,Male,36,3,1,Research Scientist,3,Single,3331,11824,1,Y,No,13,3,2,80,0,7,2,3,8,5,1,7
1055,47,No,Travel_Frequently,1321,Human Resources,8,3,Human Resources,1,3,Male,53,3,5,Sales Executive,2,Divorced,16745,14209,6,Y,No,11,3,2,80,1,22,3,3,15,7,3,8
1056,50,No,Travel_Rarely,991,Human Resources,2,4,Life Sciences,1,3,Male,38,4,3,Healthcare Representative,1,Single,10495,12632,3,Y,No,15,3,3,80,0,19,2,3,4,2,1,2
1057,39,No,Travel_Rarely,991,Research & Development,18,5,Medical,1,4,Female,74,3,2,Manufacturing Director,2,Married,5618,4610,1,Y,No,14,3,1,80,0,16,2,2,15,7,1,7
1058,45,No,Travel_Rarely,1107,Research & Development,6,5,Human Resources,1,2,Female,75,1,2,Research Scientist,3,Married,5135,18643,5,Y,No,17,3,4,80,3,16,0,3,10,8,7,7
1059,47,No,Travel_Frequently,541,Research & Development,21,5,Medical,1,3,Male,41,3,1,Laboratory Technician,4,Married,2828,11722,2,Y,No,14,3,2,80,1,11,4,3,3,2,0,2
1060,39,No,Travel_Rarely,1104,Research & Development,22,3,Human Resources,1,3,Male,89,2,1,Research Scientist,1,Married,2772,7661,3,Y,No,18,3,2,80,0,8,0,3,3,1,0,2
1061,32,Yes,Travel_Frequently,179,Research & Development,8,5,Life Sciences,1,3,Female,51,3,2,Laboratory Technician,2,Single,4235,22548,2,Y,Yes,13,3,3,80,0,11,2,3,1,1,0,1
1062,46,No,Travel_Rarely,643,Human Resources,10,2,Human Resources,1,1,Male,40,3,3,Sales Executive,1,Married,8130,14494,2,Y,No,12,3,3,80,1,17,2,3,9,7,2,8
1063,41,No,Travel_Rarely,1247,Research & Development,8,5,Medical,1,2,Male,46,1,2,Research Director,3,Married,9483,12920,1,Y,Yes,16,3,1,80,1,18,5,3,18,9,7,8
1064,36,No,Non-Travel,950,Human Resources,5,5,Human Resources,1,2,Female,59,3,2,Manager,3,Married,10892,23866,0,Y,No,13,3,4,80,1,16,2,3,16,7,6,11
1065,38,No,Travel_Frequently,1372,Research & Development,17,5,Medical,1,3,Female,75,3,1,Research Scientist,4,Married,2637,9206,1,Y,No,12,3,2,80,0,3,5,2,3,1,1,2
1066,41,No,Travel_Rarely,817,Human Resources,3,5,Human Resources,1,2,Male,62,2,3,Manager,3,Married,12028,6188,1,Y,No,18,3,4,80,1,13,5,3,13,10,9,8
1067,30,No,Travel_Rarely,622,Human Resources,2,5,Medical,1,3,Female,83,4,3,Manufacturing Director,3,Single,7498,6121,0,Y,No,17,3,1,80,0,8,0,3,5,3,0,3
1068,32,No,Travel_Rarely,339,Human Resources,3,5,Human Resources,1,4,Female,80,3,2,Sales Executive,4,Divorced,4898,9402,3,Y,Yes,21,4,3,80,0,8,2,3,3,2,0,2
1069,52,No,Travel_Rarely,327,Human Resources,9,5,Human Resources,1,1,Female,86,3,4,Research Director,3,Divorced,17217,20101,3,Y,No,13,3,2,80,2,28,3,4,12,4,5,6
1070,40,No,Travel_Rarely,1236,Human Resources,4,5,Medical,1,1,Male,46,2,3,Manager,2,Single,14020,16597,4,Y,No,14,3,4,80,0,18,2,3,11,7,1,8
1071,53,No,Travel_Rarely,681,Human Resources,8,5,Medical,1,4,Female,58,3,3,Sales Executive,3,Single,7530,21056,6,Y,Yes,14,3,4,80,0,11,2,3,5,2,1,3
1072,48,No,Travel_Rarely,269,Human Resources,4,5,Life Sciences,1,3,Female,73,2,3,Research Scientist,3,Single,7449,5134,2,Y,No,23,4,4,80,0,17,2,3,8,6,6,6
1073,38,No,Travel_Rarely,1255,Human Resources,2,3,Life Sciences,1,3,Male,42,3,2,Research Scientist,1,Single,4547,9132,5,Y,No,14,3,2,80,0,12,3,3,2,2,2,2
1074,31,No,Travel_Rarely,798,Research & Development,6,5,Human Resources,1,3,Male,80,4,1,Research Scientist,3,Married,3201,12314,6,Y,No,22,4,4,80,1,6,2,2,4,3,0,2
1075,29,No,Travel_Rarely,1021,Human Resources,4,1,Medical,1,3,Male,77,1,2,Research Scientist,1,Single,5791,17707,1,Y,Yes,18,3,2,80,0,7,4,3,6,5,1,4
1076,34,No,Non-Travel,1231,Research & Development,4,5,Life Sciences,1,1,Female,79,1,1,Laboratory Technician,2,Single,2765,8914,0,Y,No,15,3,1,80,0,4,2,1,3,1,0,2
1077,51,No,Travel_Frequently,603,Human Resources,10,5,Human Resources,1,2,Male,40,3,2,Sales Executive,3,Divorced,5198,14803,2,Y,Yes,25,4,4,80,1,13,3,3,5,4,1,3
1078,51,No,Travel_Rarely,495,Human Resources,2,3,Human Resources,1,1,Female,44,2,4,Human Resources,2,Divorced,13257,19644,0,Y,Yes,11,3,3,80,1,29,2,4,21,6,4,8
1079,40,No,Travel_Rarely,1017,Human Resources,23,5,Medical,1,2,Female,75,3,3,Sales Executive,4,Single,9948,16448,6,Y,No,12,3,4,80,0,17,3,3,12,8,6,8
1080,36,No,Travel_Rarely,928,Human Resources,8,5,Medical,1,3,Female,43,3,2,Healthcare Representative,4,Single,6311,9941,0,Y,Yes,14,3,4,80,0,15,2,3,8,6,0,7
1081,31,No,Travel_Frequently,372,Research & Development,2,5,Human Resources,1,4,Male,60,3,2,Research Scientist,4,Divorced,4494,4719,1,Y,No,14,3,4,80,1,6,2,3,6,4,1,4
1082,41,No,Travel_Rarely,1144,Human Resources,10,5,Human Resources,1,3,Male,83,3,2,Research Scientist,3,Married,4949,17247,8,Y,No,13,3,4,80,0,9,0,3,9,5,0,3
1083,45,No,Travel_Frequently,800,Human Resources,3,5,Human Resources,1,4,Male,76,3,3,Manufacturing Director,4,Married,8702,12323,7,Y,No,16,3,1,80,1,17,2,3,5,4,1,3
1084,40,Yes,Travel_Rarely,789,Human Resources,6,5,Human Resources,1,2,Male,60,3,3,Sales Executive,4,Married,10060,21250,0,Y,Yes,15,3,3,80,1,20,4,2,12,7,3,8
1085,50,No,Travel_Rarely,1220,Human Resources,5,5,Marketing,1,3,Male,71,3,2,Sales Executive,3,Married,6207,12348,0,Y,No,13,3,4,80,1,13,2,1,8,4,6,7
1086,38,No,Travel_Rarely,417,Research & Development,5,5,Medical,1,1,Male,55,2,1,Research Scientist,4,Single,2949,19599,0,Y,No,14,3,4,80,0,7,5,3,5,4,1,2
1087,30,No,Travel_Rarely,460,Research & Development,15,5,Human Resources,1,3,Male,82,3,1,Laboratory Technician,3,Married,2705,22790,7,Y,No,12,3,4,80,0,8,4,2,5,5,1,4
1088,38,Yes,Travel_Rarely,1196,Human Resources,10,5,Human Resources,1,1,Female,66,3,2,Sales Executive,4,Married,5289,7086,2,Y,No,12,3,3,80,1,12,1,3,8,7,4,3
1089,40,No,Travel_Rarely,932,Human Resources,7,5,Human Resources,1,3,Male,64,2,2,Research Director,4,Divorced,10785,21594,0,Y,No,16,3,2,80,1,16,4,3,4,2,1,3
1090,25,No,Travel_Rarely,636,Research & Development,5,5,Human Resources,1,4,Male,74,3,1,Laboratory Technician,4,Married,2276,20384,1,Y,Yes,14,3,2,80,2,3,5,3,3,2,0,2
1091,45,No,Travel_Rarely,741,Research & Development,2,5,Human Resources,1,1,Female,84,1,1,Laboratory Technician,4,Married,3312,23687,3,Y,Yes,15,3,1,80,1,8,3,3,2,2,0,1
1092,35,No,Travel_Rarely,451,Human Resources,2,5,Life Sciences,1,2,Male,51,3,2,Research Scientist,2,Single,4789,12436,0,Y,No,13,3,3,80,0,11,2,3,10,7,0,8
1093,34,No,Travel_Frequently,506,Sales,3,5,Other,1,3,Male,52,3,1,Sales Representative,3,Married,2934,10983,0,Y,No,12,3,2,80,1,6,2,4,4,3,1,2
1094,40,No,Travel_Rarely,483,Human Resources,2,5,Human Resources,1,2,Male,68,2,4,Research Director,2,Married,14804,12784,0,Y,No,14,3,3,80,1,21,4,4,19,7,2,10
1095,43,Yes,Travel_Rarely,354,Research & Development,14,2,Human Resources,1,1,Male,96,3,1,Laboratory Technician,1,Married,2382,7440,6,Y,No,13,3,3,80,0,9,4,3,4,2,1,2
1096,49,No,Travel_Rarely,1220,Human Resources,5,5,Human Resources,1,3,Male,53,2,5,Manager,3,Married,18781,5269,2,Y,No,14,3,3,80,1,24,2,3,7,5,2,4
1097,29,No,Travel_Rarely,1093,Research & Development,7,5,Human Resources,1,4,Female,85,2,1,Research Scientist,2,Divorced,2874,23678,5,Y,No,13,3,4,80,1,7,2,3,3,2,2,2
1098,38,Yes,Travel_Frequently,1187,Research & Development,10,5,Medical,1,1,Male,80,2,1,Laboratory Technician,3,Single,3205,13586,4,Y,No,14,3,3,80,0,10,1,4,5,4,0,2
1099,41,No,Travel_Frequently,979,Sales,6,5,Human Resources,1,4,Male,46,2,1,Sales Executive,4,Divorced,2648,11355,1,Y,Yes,17,3,1,80,1,2,3,2,2,1,0,1
1100,38,No,Travel_Rarely,1404,Research & Development,2,5,Human Resources,1,4,Male,60,3,1,Laboratory Technician,2,Married,2506,19308,0,Y,No,16,3,4,80,0,9,2,2,7,6,1,7
1101,44,No,Travel_Rarely,1120,Human Resources,3,5,Life Sciences,1,4,Female,57,3,2,Manufacturing Director,3,Single,6147,18026,7,Y,No,16,3,4,80,0,11,5,2,5,2,1,3
1102,43,No,Non-Travel,241,Research & Development,5,3,Human Resources,1,3,Male,60,2,1,Laboratory Technician,1,Divorced,2388,11218,0,Y,No,20,4,4,80,1,6,0,3,3,1,0,2
1103,31,Yes,Travel_Frequently,473,Research & Development,5,4,Life Sciences,1,2,Female,58,3,1,Laboratory Technician,2,Single,3391,24170,1,Y,Yes,23,4,3,80,0,7,1,4,7,6,3,4
1104,48,No,Travel_Rarely,598,Human Resources,2,5,Human Resources,1,1,Male,47,3,5,Manager,4,Divorced,19074,8237,4,Y,No,14,3,4,80,1,23,4,2,7,5,1,7
1105,35,No,Travel_Rarely,1287,Research & Development,16,5,Human Resources,1,3,Female,83,2,1,Laboratory Technician,4,Married,4083,20566,1,Y,No,13,3,2,80,2,12,2,3,12,11,8,8
1106,29,Yes,Travel_Rarely,843,Human Resources,10,4,Marketing,1,2,Male,51,3,2,Sales Executive,1,Married,6461,12226,1,Y,Yes,12,3,1,80,0,8,1,3,7,4,1,4
1107,30,Yes,Travel_Rarely,668,Research & Development,16,3,Life Sciences,1,4,Male,54,3,1,Laboratory Technician,1,Single,2308,19051,4,Y,Yes,13,3,3,80,0,8,3,3,4,2,1,2
1108,45,Yes,Non-Travel,697,Human Resources,3,5,Human Resources,1,1,Male,80,3,5,Manager,3,Married,19296,16423,3,Y,No,13,3,4,80,1,22,2,3,21,8,9,6
1109,35,No,Travel_Rarely,830,Human Resources,2,5,Human Resources,1,2,Female,84,1,2,Healthcare Representative,3,Married,6328,19343,1,Y,Yes,14,3,2,80,0,13,2,3,12,9,5,7
1110,36,No,Travel_Frequently,1229,Human Resources,8,4,Human Resources,1,1,Male,44,3,3,Sales Executive,2,Divorced,10490,7942,1,Y,Yes,22,4,3,80,1,18,6,3,17,7,1,6
1111,32,No,Travel_Rarely,515,Research & Development,15,5,Life Sciences,1,3,Female,91,2,2,Healthcare Representative,4,Single,6317,19857,1,Y,No,24,4,3,80,0,10,2,3,10,7,1,7
1112,29,No,Travel_Rarely,907,Research & Development,2,5,Life Sciences,1,4,Male,43,3,1,Research Scientist,4,Single,2523,15961,0,Y,No,17,3,4,80,0,5,3,3,4,2,1,2
1113,43,No,Travel_Rarely,721,Human Resources,6,3,Human Resources,1,4,Male,67,3,4,Manufacturing Director,2,Divorced,16186,6317,4,Y,No,12,3,2,80,2,20,5,3,4,2,1,2
1114,25,No,Travel_Rarely,782,Research & Development,22,5,Human Resources,1,4,Male,86,4,1,Laboratory Technician,3,Married,2665,12721,0,Y,No,17,3,1,80,1,4,0,2,1,0,0,0
1115,29,Yes,Travel_Rarely,537,Sales,9,5,Life Sciences,1,1,Male,70,4,1,Sales Executive,3,Single,3713,23865,0,Y,Yes,14,3,2,80,0,5,5,3,4,3,1,3
1116,29,No,Travel_Rarely,939,Research & Development,1,5,Human Resources,1,4,Male,50,3,1,Laboratory Technician,3,Divorced,2458,16766,1,Y,No,13,3,4,80,1,2,2,3,1,0,0,0
1117,46,No,Travel_Rarely,1396,Human Resources,11,5,Medical,1,2,Male,42,3,2,Sales Executive,4,Married,5380,6935,3,Y,No,16,3,1,80,1,11,4,4,4,2,0,2
1118,41,No,Non-Travel,1106,Research & Development,22,5,Life Sciences,1,4,Male,39,3,2,Research Scientist,3,Single,4372,17672,0,Y,No,16,3,2,80,0,9,3,2,5,4,1,2
1119,29,No,Travel_Rarely,709,Research & Development,2,5,Life Sciences,1,4,Male,59,2,1,Sales Executive,4,Single,2830,12370,1,Y,No,12,3,4,80,0,4,4,2,4,2,1,1
1120,41,No,Travel_Rarely,397,Research & Development,3,5,Life Sciences,1,4,Female,55,2,1,Laboratory Technician,4,Single,2806,11277,2,Y,No,11,3,4,80,0,11,4,2,1,0,0,0
1121,40,No,Travel_Rarely,395,Research & Development,3,5,Human Resources,1,1,Male,56,3,2,Sales Executive,4,Divorced,5798,19980,3,Y,No,14,3,4,80,2,10,2,4,4,3,1,2
1122,37,No,Travel_Rarely,923,Human Resources,7,5,Human Resources,1,2,Male,51,2,2,Sales Executive,2,Divorced,6464,9952,2,Y,No,16,3,1,80,3,10,6,2,3,2,1,2
1123,39,No,Travel_Rarely,1207,Human Resources,17,3,Human Resources,1,3,Female,59,2,2,Human Resources,1,Married,6021,23347,0,Y,No,18,3,3,80,1,9,3,3,5,3,1,2
1124,37,No,Travel_Frequently,1276,Human Resources,3,2,Human Resources,1,4,Female,40,3,2,Manufacturing Director,1,Divorced,6045,18168,4,Y,Yes,12,3,1,80,1,11,2,3,5,3,0,3
1125,51,No,Travel_Rarely,998,Research & Development,8,4,Human Resources,1,1,Female,79,2,2,Manufacturing Director,1,Divorced,6135,11123,8,Y,No,21,4,2,80,1,11,3,3,5,2,0,4
1126,41,No,Travel_Rarely,572,Sales,2,5,Medical,1,2,Female,59,1,1,Sales Executive,4,Married,2870,21956,4,Y,Yes,12,3,3,80,0,8,2,3,1,0,1,1
1127,32,No,Travel_Rarely,456,Research & Development,6,4,Human Resources,1,4,Male,79,1,1,Research Scientist,2,Married,3153,15898,1,Y,No,14,3,1,80,1,5,2,4,5,2,1,3
1128,52,No,Travel_Rarely,567,Research & Development,5,5,Human Resources,1,2,Male,65,3,1,Laboratory Technician,3,Divorced,3185,21199,3,Y,No,12,3,4,80,1,8,0,3,3,2,1,2
1129,41,No,Travel_Rarely,996,Research & Development,2,5,Life Sciences,1,3,Male,87,3,2,Research Scientist,4,Single,4606,17790,3,Y,No,15,3,1,80,0,13,5,4,11,8,1,9
1130,27,No,Travel_Rarely,380,Research & Development,4,5,Life Sciences,1,2,Male,46,1,2,Sales Executive,4,Single,7438,18644,1,Y,Yes,20,4,3,80,0,6,2,3,5,2,0,2
1131,32,No,Travel_Rarely,529,Human Resources,6,5,Human Resources,1,3,Male,73,3,2,Research Scientist,4,Divorced,4718,12763,0,Y,No,11,3,3,80,2,6,3,3,3,2,0,2
1132,22,No,Travel_Rarely,1138,Sales,23,2,Medical,1,4,Female,84,3,1,Sales Executive,1,Single,3416,7322,1,Y,No,21,4,2,80,0,4,2,3,5,2,2,3
1133,29,Yes,Travel_Rarely,941,Human Resources,12,5,Life Sciences,1,3,Male,78,3,2,Sales Executive,4,Single,4619,19291,0,Y,No,12,3,4,80,0,4,3,3,3,2,1,2
1134,37,No,Non-Travel,535,Research & Development,7,2,Life Sciences,1,3,Male,68,2,1,Laboratory Technician,1,Single,2439,18620,6,Y,No,17,3,1,80,0,6,3,3,1,0,0,0
1135,38,No,Non-Travel,951,Human Resources,7,5,Human Resources,1,1,Male,95,3,3,Sales Executive,2,Divorced,9209,7095,4,Y,No,13,3,1,80,3,19,3,2,8,8,8,7
1136,29,No,Travel_Rarely,838,Human Resources,9,5,Human Resources,1,4,Male,90,3,2,Sales Executive,4,Divorced,5537,8245,0,Y,No,16,3,3,80,1,9,0,2,4,2,1,2
1137,29,No,Travel_Rarely,666,Human Resources,9,5,Human Resources,1,2,Female,91,3,2,Sales Executive,3,Married,5525,18554,5,Y,No,12,3,4,80,2,7,3,3,5,3,3,3
1138,30,No,Travel_Rarely,1332,Sales,8,5,Human Resources,1,2,Male,89,3,1,Sales Executive,3,Married,3134,18224,1,Y,Yes,18,3,3,80,1,4,2,3,4,2,1,2
1139,47,No,Travel_Rarely,308,Research & Development,2,5,Life Sciences,1,1,Male,56,3,2,Healthcare Representative,4,Single,6073,15050,4,Y,No,13,3,3,80,0,11,3,2,3,2,1,2
1140,44,No,Travel_Rarely,1302,Human Resources,8,3,Human Resources,1,3,Female,73,4,5,Research Director,2,Married,19259,12795,2,Y,No,12,3,2,80,1,25,3,3,14,8,3,9
1141,30,No,Travel_Rarely,845,Research & Development,24,3,Human Resources,1,3,Male,94,3,1,Sales Executive,1,Married,3371,12986,1,Y,No,13,3,4,80,1,4,3,1,5,3,1,3
1142,44,No,Travel_Rarely,293,Research & Development,8,5,Human Resources,1,1,Male,96,2,1,Research Scientist,4,Married,3537,19403,0,Y,No,18,3,1,80,1,7,3,3,6,4,5,5
1143,35,No,Travel_Rarely,670,Research & Development,3,5,Medical,1,2,Female,46,1,1,Research Scientist,2,Married,2482,15122,1,Y,No,12,3,3,80,1,7,0,2,6,2,1,2
1144,41,No,Travel_Frequently,498,Research & Development,2,5,Medical,1,1,Male,66,1,2,Research Scientist,3,Single,4600,7124,6,Y,Yes,13,3,4,80,0,10,2,4,5,4,0,3
1145,39,No,Travel_Rarely,557,Research & Development,7,5,Human Resources,1,4,Male,70,3,1,Sales Executive,3,Married,2953,19951,4,Y,No,22,4,4,80,2,8,0,3,1,0,0,0
1146,39,No,Travel_Rarely,532,Research & Development,24,5,Human Resources,1,3,Female,47,3,1,Manufacturing Director,2,Married,9883,12089,1,Y,No,14,3,4,80,1,14,2,3,11,9,0,8
1147,31,No,Travel_Rarely,647,Research & Development,5,5,Medical,1,3,Male,86,3,1,Healthcare Representative,2,Single,3553,15622,1,Y,No,13,3,3,80,0,10,3,3,10,7,4,7
1148,40,No,Travel_Rarely,586,Human Resources,16,5,Human Resources,1,3,Male,39,1,2,Sales Executive,3,Married,4626,15282,3,Y,No,15,3,1,80,2,10,2,3,2,2,2,3
1149,27,No,Travel_Rarely,823,Human Resources,7,5,Human Resources,1,3,Male,51,2,3,Research Director,3,Divorced,12163,17920,1,Y,No,16,3,4,80,1,9,5,1,9,7,0,8
1150,45,No,Travel_Rarely,585,Human Resources,3,5,Human Resources,1,3,Female,50,3,4,Research Scientist,4,Married,10988,16354,3,Y,No,18,3,2,80,1,23,3,3,5,3,1,4
1151,38,No,Travel_Rarely,1081,Research & Development,3,4,Human Resources,1,1,Female,34,3,1,Laboratory Technician,1,Divorced,3269,4185,1,Y,No,17,3,3,80,1,11,2,2,10,1,0,5
1152,44,No,Non-Travel,498,Sales,8,5,Marketing,1,4,Male,37,1,1,Sales Executive,4,Single,9348,20933,1,Y,No,15,3,1,80,0,15,2,3,12,8,5,7
1153,41,No,Travel_Rarely,481,Research & Development,9,5,Human Resources,1,2,Female,78,4,1,Laboratory Technician,4,Married,4143,14037,7,Y,No,17,3,4,80,1,7,2,3,3,2,1,2
1154,46,No,Travel_Rarely,966,Human Resources,5,5,Life Sciences,1,4,Female,44,3,3,Healthcare Representative,4,Single,10148,22281,6,Y,No,18,3,1,80,0,13,2,4,4,1,1,4
1155,40,No,Travel_Rarely,227,Human Resources,8,5,Human Resources,1,4,Female,91,3,3,Sales Executive,4,Married,7618,13185,2,Y,Yes,14,3,1,80,1,13,3,3,8,7,1,7
1156,52,No,Travel_Rarely,971,Human Resources,3,5,Human Resources,1,4,Female,81,3,4,Manager,4,Divorced,16945,13941,3,Y,No,16,3,4,80,1,26,2,3,9,8,1,7
1157,45,No,Travel_Frequently,1052,Research & Development,15,2,Life Sciences,1,4,Female,87,3,2,Sales Executive,2,Single,4942,4553,3,Y,Yes,14,3,4,80,0,16,0,3,2,1,0,0
1158,33,No,Non-Travel,394,Human Resources,14,4,Human Resources,1,4,Male,87,3,2,Sales Executive,1,Divorced,5196,21266,4,Y,No,14,3,3,80,1,9,2,4,4,2,1,2
1159,43,No,Travel_Rarely,822,Human Resources,10,5,Human Resources,1,2,Female,79,3,2,Sales Executive,4,Divorced,6160,15756,4,Y,Yes,13,3,3,80,2,12,5,2,9,6,0,8
1160,27,No,Travel_Rarely,1014,Research & Development,3,5,Human Resources,1,3,Male,80,2,1,Research Scientist,4,Divorced,3119,4575,4,Y,No,12,3,4,80,2,5,0,3,4,3,0,2
1161,40,No,Travel_Rarely,992,Human Resources,2,4,Human Resources,1,3,Female,86,3,3,Research Scientist,2,Married,3347,15113,0,Y,No,15,3,2,80,1,11,3,2,4,2,1,3
1162,29,No,Travel_Rarely,569,Research & Development,7,3,Life Sciences,1,4,Male,62,2,2,Healthcare Representative,1,Single,5957,23731,0,Y,Yes,13,3,4,80,0,7,3,3,3,2,1,2
1163,32,No,Non-Travel,864,Human Resources,2,5,Human Resources,1,4,Male,41,3,2,Sales Executive,3,Divorced,4975,7395,0,Y,No,16,3,4,80,2,7,6,3,4,2,0,2
1164,30,No,Travel_Rarely,684,Research & Development,10,5,Technical Degree,1,3,Male,77,2,2,Sales Executive,3,Married,6336,20443,3,Y,No,14,3,3,80,1,8,0,2,5,3,1,2
1165,43,No,Travel_Rarely,405,Human Resources,4,5,Medical,1,4,Male,60,2,5,Manager,3,Married,19049,13386,0,Y,No,12,3,1,80,1,22,1,2,13,4,1,7
1166,35,No,Travel_Rarely,719,Human Resources,20,4,Human Resources,1,3,Female,50,3,2,Sales Executive,2,Married,5065,22254,1,Y,No,16,3,4,80,1,10,2,3,10,8,7,7
1167,40,No,Travel_Rarely,855,Human Resources,2,4,Human Resources,1,1,Female,82,2,2,Sales Executive,1,Married,5485,12445,1,Y,No,12,3,1,80,0,10,0,3,10,7,7,9
1168,27,No,Travel_Rarely,1326,Research & Development,2,2,Human Resources,1,1,Male,74,3,1,Research Scientist,1,Married,3013,11721,0,Y,No,18,3,2,80,1,6,2,3,4,2,1,3
1169,46,No,Non-Travel,1215,Human Resources,6,4,Technical Degree,1,2,Male,54,3,3,Healthcare Representative,1,Married,9393,11412,9,Y,No,13,3,4,80,1,12,3,3,11,10,6,9
1170,52,No,Travel_Rarely,439,Human Resources,6,5,Human Resources,1,2,Male,54,3,2,Sales Executive,3,Married,6290,12169,4,Y,No,15,3,1,80,1,16,4,3,1,0,0,0
1171,42,No,Non-Travel,1174,Human Resources,7,3,Human Resources,1,4,Male,65,3,3,Laboratory Technician,2,Married,7133,16740,0,Y,No,13,3,1,80,1,14,5,2,11,8,3,8
1172,41,No,Travel_Frequently,687,Human Resources,2,5,Human Resources,1,1,Male,54,2,4,Manager,3,Divorced,15300,16627,0,Y,No,13,3,2,80,2,21,5,2,18,5,4,5
1173,36,No,Travel_Frequently,949,Research & Development,4,5,Human Resources,1,2,Female,85,3,1,Manufacturing Director,4,Married,4362,19227,0,Y,Yes,15,3,2,80,1,13,3,2,12,5,6,7
1174,35,No,Travel_Frequently,1152,Sales,7,5,Human Resources,1,1,Male,80,3,1,Sales Representative,4,Married,2434,19045,1,Y,No,14,3,4,80,2,1,2,3,1,0,0,0
1175,46,No,Travel_Rarely,594,Human Resources,10,5,Life Sciences,1,1,Male,55,3,3,Research Director,3,Single,12909,22913,8,Y,No,12,3,4,80,0,21,3,3,19,14,4,9
1176,32,No,Travel_Rarely,1012,Human Resources,3,1,Life Sciences,1,1,Male,41,2,3,Healthcare Representative,1,Single,8495,2784,0,Y,No,16,3,2,80,0,9,3,3,8,7,0,7
1177,43,No,Travel_Rarely,142,Research & Development,8,5,Human Resources,1,4,Female,81,2,1,Research Scientist,3,Married,2854,13877,0,Y,No,14,3,4,80,1,12,3,2,8,2,0,5
1178,35,No,Travel_Rarely,1012,Human Resources,14,5,Medical,1,3,Male,68,3,3,Healthcare Representative,2,Single,9950,22936,2,Y,No,21,4,3,80,0,15,1,2,7,4,6,3
1179,29,No,Travel_Rarely,1265,Human Resources,6,5,Medical,1,1,Female,63,3,2,Sales Executive,4,Single,4620,5557,1,Y,No,15,3,4,80,0,10,2,3,10,9,4,8
1180,40,No,Non-Travel,981,Research & Development,24,5,Medical,1,2,Male,66,4,1,Sales Executive,3,Single,5586,13645,1,Y,No,18,3,1,80,0,18,3,3,18,7,3,8
1181,48,No,Travel_Rarely,591,Human Resources,15,5,Human Resources,1,4,Male,35,3,2,Sales Executive,4,Married,4986,5466,1,Y,No,12,3,1,80,0,19,3,1,19,13,10,11
1182,41,No,Non-Travel,300,Research & Development,22,5,Human Resources,1,2,Female,75,3,2,Healthcare Representative,3,Married,6742,17098,0,Y,Yes,12,3,4,80,1,15,2,3,16,10,9,7
1183,28,No,Travel_Rarely,707,Human Resources,15,5,Marketing,1,3,Male,99,3,2,Sales Executive,4,Single,4817,9348,0,Y,No,12,3,3,80,1,5,2,3,3,1,1,1
1184,37,No,Non-Travel,775,Human Resources,8,5,Life Sciences,1,4,Male,64,3,2,Sales Executive,3,Single,5469,23127,6,Y,No,15,3,1,80,0,9,3,4,4,2,0,3
1185,36,No,Travel_Rarely,166,Human Resources,6,5,Life Sciences,1,2,Female,54,4,2,Sales Executive,2,Single,6310,23632,2,Y,No,16,3,1,80,0,10,3,3,3,2,1,2
1186,26,No,Travel_Rarely,676,Sales,2,5,Life Sciences,1,3,Female,80,2,1,Sales Representative,4,Single,2288,16354,1,Y,No,12,3,3,80,0,1,6,3,1,1,1,1
1187,38,No,Travel_Rarely,1210,Human Resources,8,5,Life Sciences,1,3,Male,60,3,5,Sales Executive,4,Single,17247,7511,6,Y,No,13,3,4,80,0,18,3,3,5,3,1,3
1188,39,No,Travel_Rarely,654,Human Resources,6,1,Marketing,1,3,Male,50,2,2,Sales Executive,1,Married,5125,18500,1,Y,No,12,3,1,80,1,10,0,3,9,5,3,4
1189,41,No,Non-Travel,708,Human Resources,8,5,Other,1,1,Male,77,3,5,Manager,3,Single,19001,11476,0,Y,No,13,3,3,80,0,22,2,3,20,13,3,14
1190,45,No,Travel_Rarely,629,Human Resources,7,2,Marketing,1,4,Male,68,1,4,Sales Executive,1,Married,13252,8304,6,Y,No,13,3,2,80,1,20,2,2,3,2,2,2
1191,36,No,Travel_Rarely,352,Research & Development,2,5,Human Resources,1,3,Female,89,2,2,Healthcare Representative,3,Married,5775,14344,6,Y,No,15,3,1,80,1,12,5,3,3,2,2,3
1192,29,Yes,Travel_Rarely,279,Human Resources,8,5,Medical,1,1,Female,58,1,2,Sales Executive,4,Married,5997,17139,1,Y,No,11,3,3,80,0,6,6,2,5,0,0,1
1193,36,No,Travel_Rarely,920,Research & Development,20,5,Human Resources,1,3,Male,37,3,1,Sales Executive,4,Married,2973,4404,3,Y,No,17,3,3,80,0,6,2,3,2,2,2,2
1194,47,No,Travel_Rarely,829,Human Resources,2,3,Life Sciences,1,4,Male,52,3,3,Manufacturing Director,1,Single,9349,12557,7,Y,No,14,3,2,80,0,25,2,4,8,7,0,7
1195,42,No,Travel_Rarely,925,Human Resources,8,3,Human Resources,1,3,Female,54,2,3,Research Director,2,Divorced,13252,11567,0,Y,No,16,3,3,80,1,12,5,3,6,5,1,4
1196,36,No,Travel_Rarely,342,Research & Development,23,5,Human Resources,1,1,Male,75,3,1,Laboratory Technician,4,Married,3144,5331,7,Y,No,14,3,2,80,1,14,4,3,9,8,4,7
1197,27,No,Travel_Rarely,181,Research & Development,2,5,Life Sciences,1,4,Male,62,3,1,Research Scientist,4,Single,2943,23694,1,Y,No,15,3,3,80,0,1,3,3,1,0,1,0
1198,36,No,Non-Travel,960,Human Resources,2,4,Human Resources,1,4,Male,80,1,2,Sales Executive,1,Married,5306,19735,3,Y,No,18,3,4,80,1,8,2,3,2,2,2,2
1199,45,No,Travel_Rarely,690,Human Resources,2,5,Life Sciences,1,2,Female,66,3,2,Sales Executive,2,Single,7154,9414,7,Y,No,16,3,2,80,0,15,3,4,12,9,3,9
1200,32,Yes,Travel_Rarely,531,Research & Development,2,5,Human Resources,1,4,Male,58,1,2,Sales Executive,4,Married,5433,8238,0,Y,Yes,14,3,4,80,1,12,6,3,2,1,1,0
1201,31,No,Travel_Rarely,457,Research & Development,9,5,Life Sciences,1,2,Male,51,3,1,Laboratory Technician,4,Single,2549,7961,0,Y,No,11,3,3,80,0,7,2,2,5,4,0,4
1202,45,No,Travel_Rarely,514,Human Resources,7,3,Medical,1,4,Male,59,3,3,Laboratory Technician,1,Single,6642,13444,7,Y,No,13,3,3,80,0,24,3,4,20,7,6,9
1203,29,No,Travel_Rarely,340,Human Resources,20,5,Medical,1,4,Male,82,2,2,Sales Executive,4,Married,5214,9709,0,Y,Yes,14,3,4,80,0,4,3,3,2,1,0,0
1204,42,No,Travel_Rarely,945,Human Resources,6,5,Human Resources,1,1,Male,80,2,3,Sales Executive,3,Divorced,8764,12875,8,Y,No,14,3,2,80,3,9,3,3,3,2,0,2
1205,32,Yes,Travel_Rarely,1399,Human Resources,4,5,Technical Degree,1,3,Male,56,3,3,Sales Executive,4,Single,9172,15062,1,Y,Yes,21,4,4,80,1,8,3,3,7,5,1,1
1206,33,No,Travel_Rarely,859,Research & Development,9,5,Other,1,2,Male,35,2,1,Research Scientist,4,Single,3523,10018,0,Y,No,17,3,3,80,0,10,3,3,9,7,2,7
1207,34,No,Travel_Rarely,926,Research & Development,11,5,Human Resources,1,4,Male,61,3,2,Manufacturing Director,4,Divorced,5708,14627,1,Y,No,22,4,4,80,1,6,1,3,5,4,1,4
1208,38,No,Travel_Rarely,558,Human Resources,3,5,Human Resources,1,2,Male,77,3,1,Human Resources,4,Married,3173,10527,2,Y,No,14,3,2,80,1,10,2,1,5,3,3,4
1209,35,No,Travel_Rarely,505,Research & Development,17,5,Human Resources,1,2,Male,72,3,1,Research Scientist,2,Married,3237,12969,9,Y,No,16,3,2,80,2,9,3,2,7,3,5,6
1210,29,No,Travel_Rarely,623,Research & Development,8,3,Human Resources,1,1,Female,74,3,1,Research Scientist,2,Divorced,2427,14115,1,Y,Yes,13,3,3,80,1,1,2,4,2,1,1,1
1211,30,No,Travel_Rarely,682,Research & Development,22,5,Other,1,1,Male,82,3,2,Sales Executive,4,Married,6435,6124,4,Y,No,15,3,1,80,1,9,1,3,4,2,1,2
1212,43,No,Travel_Frequently,1067,Human Resources,21,1,Human Resources,1,3,Female,81,3,2,Sales Executive,1,Divorced,7203,13078,1,Y,No,12,3,4,80,3,9,4,3,9,7,4,8
1213,49,No,Travel_Rarely,1155,Human Resources,3,2,Medical,1,1,Male,77,3,4,Manager,1,Single,17059,18285,2,Y,No,14,3,2,80,0,25,3,3,10,8,7,8
1214,32,Yes,Travel_Rarely,1192,Human Resources,4,3,Life Sciences,1,3,Male,74,1,2,Sales Executive,1,Single,6239,14218,1,Y,No,12,3,4,80,0,11,3,4,11,9,6,7
1215,27,No,Travel_Rarely,799,Research & Development,2,5,Human Resources,1,4,Male,76,4,1,Research Scientist,4,Divorced,2568,17658,1,Y,No,13,3,3,80,2,1,3,1,2,0,1,1
1216,31,No,Travel_Rarely,305,Research & Development,5,5,Human Resources,1,3,Male,62,2,1,Research Scientist,4,Divorced,3057,24108,3,Y,No,17,3,4,80,1,6,2,3,3,2,1,2
1217,39,No,Travel_Rarely,342,Research & Development,9,5,Medical,1,3,Male,79,2,1,Research Scientist,3,Married,2954,15799,4,Y,No,14,3,4,80,1,7,5,2,4,2,1,2
1218,39,No,Travel_Frequently,958,Human Resources,10,5,Human Resources,1,3,Female,53,3,2,Sales Executive,4,Divorced,5678,8970,0,Y,No,17,3,1,80,1,18,6,3,14,7,8,8
1219,30,No,Travel_Rarely,1379,Sales,20,5,Human Resources,1,3,Male,82,3,1,Sales Representative,4,Married,3195,7413,4,Y,No,16,3,3,80,1,7,2,3,4,2,1,3
1220,37,No,Travel_Rarely,577,Research & Development,5,2,Life Sciences,1,4,Female,74,3,2,Healthcare Representative,1,Single,5073,9058,3,Y,No,16,3,1,80,0,11,2,3,5,4,1,3
1221,35,No,Travel_Rarely,941,Research & Development,10,4,Human Resources,1,1,Female,57,3,2,Research Scientist,1,Divorced,4286,5500,2,Y,Yes,22,4,3,80,1,8,5,2,4,2,1,3
1222,34,No,Travel_Rarely,1254,Human Resources,7,5,Life Sciences,1,3,Male,65,3,3,Manufacturing Director,4,Single,8131,9280,2,Y,No,15,3,3,80,0,11,2,3,9,7,3,7
1223,35,No,Travel_Rarely,1143,Research & Development,8,5,Human Resources,1,3,Male,58,3,1,Research Scientist,3,Divorced,2639,3262,1,Y,No,15,3,2,80,1,8,0,3,8,4,1,7
1224,37,No,Travel_Frequently,674,Human Resources,17,3,Human Resources,1,4,Male,65,3,2,Sales Executive,1,Married,5822,4728,4,Y,No,11,3,1,80,3,12,2,3,4,2,0,2
1225,31,No,Travel_Rarely,659,Human Resources,9,4,Medical,1,1,Male,78,2,3,Manufacturing Director,1,Married,8572,11492,1,Y,No,22,4,2,80,1,10,2,2,9,8,1,5
1226,42,No,Travel_Rarely,309,Human Resources,5,5,Life Sciences,1,4,Male,57,2,5,Sales Executive,4,Single,18364,7324,0,Y,No,14,3,3,80,0,24,3,1,19,3,3,9
1227,29,No,Travel_Rarely,841,Research & Development,9,5,Life Sciences,1,2,Male,48,3,1,Research Scientist,3,Single,2550,8144,0,Y,No,13,3,2,80,0,6,3,3,4,3,1,2
1228,30,Yes,Travel_Frequently,609,Research & Development,6,5,Medical,1,3,Male,82,2,1,Research Scientist,4,Single,3109,8449,6,Y,No,14,3,4,80,0,8,3,3,5,4,0,3
1229,52,No,Travel_Rarely,615,Human Resources,5,3,Medical,1,3,Female,76,3,3,Sales Executive,1,Married,10552,20211,0,Y,No,22,4,3,80,1,22,0,3,18,10,4,12
1230,30,No,Travel_Rarely,345,Research & Development,20,5,Other,1,4,Male,85,3,2,Laboratory Technician,4,Married,4022,17193,1,Y,No,13,3,1,80,1,11,3,3,10,8,0,9
1231,31,No,Travel_Rarely,1059,Research & Development,2,5,Human Resources,1,4,Female,60,3,2,Manufacturing Director,4,Divorced,5392,16441,0,Y,No,13,3,4,80,3,10,0,2,9,7,7,7
1232,31,No,Travel_Rarely,1235,Research & Development,2,5,Technical Degree,1,4,Male,90,3,1,Research Director,4,Single,5849,23600,1,Y,No,21,4,3,80,0,6,0,2,6,3,0,4
1233,45,No,Travel_Rarely,1202,Human Resources,6,5,Human Resources,1,3,Female,59,3,4,Research Director,3,Married,17741,17652,1,Y,No,20,4,3,80,1,22,3,3,12,7,1,4
1234,43,No,Travel_Rarely,441,Human Resources,13,5,Human Resources,1,3,Male,51,3,2,Sales Executive,4,Divorced,5455,23251,3,Y,Yes,13,3,2,80,1,10,6,3,3,2,1,2
1235,38,No,Travel_Rarely,485,Research & Development,6,5,Life Sciences,1,4,Male,89,2,1,Laboratory Technician,4,Single,3015,12932,6,Y,No,13,3,2,80,0,9,3,4,4,3,1,2
1236,32,No,Travel_Rarely,836,Human Resources,7,5,Human Resources,1,1,Male,81,3,2,Sales Executive,4,Married,5834,23704,1,Y,No,15,3,3,80,2,8,0,2,8,2,0,6
1237,29,Yes,Travel_Rarely,1140,Sales,9,5,Marketing,1,3,Male,41,3,1,Sales Executive,4,Single,3026,8494,1,Y,No,16,3,1,80,0,7,1,2,8,5,4,6
1238,36,No,Travel_Rarely,1193,Research & Development,2,5,Human Resources,1,1,Male,78,2,1,Sales Executive,3,Married,6323,16041,2,Y,No,14,3,2,80,0,8,2,4,0,0,0,0
1239,30,No,Travel_Rarely,385,Research & Development,4,4,Human Resources,1,2,Male,80,1,1,Research Scientist,1,Divorced,2705,12762,4,Y,Yes,14,3,2,80,2,6,2,2,3,2,0,2
1240,43,No,Travel_Rarely,1208,Research & Development,9,5,Other,1,1,Male,41,3,1,Healthcare Representative,3,Married,3453,16043,3,Y,No,23,4,2,80,1,17,2,3,3,2,0,2
1241,26,No,Travel_Rarely,236,Research & Development,16,5,Human Resources,1,4,Male,47,3,1,Laboratory Technician,4,Divorced,2870,6390,0,Y,No,14,3,2,80,1,5,2,1,3,1,1,2
1242,52,No,Travel_Rarely,907,Human Resources,9,5,Marketing,1,1,Male,76,3,2,Sales Executive,3,Married,5571,21828,0,Y,No,21,4,4,80,1,8,5,3,5,4,1,3
1243,40,Yes,Travel_Rarely,521,Human Resources,16,5,Medical,1,1,Male,70,1,3,Sales Executive,4,Single,10076,20580,4,Y,Yes,21,4,3,80,0,10,5,3,8,7,0,4
1244,33,No,Travel_Rarely,298,Research & Development,11,5,Human Resources,1,2,Female,84,1,2,Laboratory Technician,3,Married,4981,23073,1,Y,No,11,3,4,80,1,14,2,3,14,10,8,10
1245,39,No,Travel_Rarely,426,Research & Development,9,4,Human Resources,1,4,Female,57,2,1,Research Scientist,2,Divorced,3185,23046,0,Y,Yes,15,3,2,80,1,4,3,3,3,2,1,2
1246,47,No,Travel_Rarely,808,Human Resources,17,5,Human Resources,1,4,Female,69,3,3,Manager,4,Divorced,12488,9866,4,Y,No,12,3,1,80,1,19,2,4,8,6,7,3
1247,31,No,Travel_Rarely,1232,Human Resources,3,5,Human Resources,1,1,Female,69,2,2,Healthcare Representative,4,Married,5059,7479,1,Y,No,20,4,2,80,2,8,3,3,6,2,0,4
1248,33,Yes,Non-Travel,888,Human Resources,16,3,Human Resources,1,1,Male,61,2,2,Laboratory Technician,2,Married,4375,10535,0,Y,Yes,15,3,4,80,1,8,3,2,5,2,0,2
1249,37,No,Travel_Frequently,844,Research & Development,17,5,Human Resources,1,4,Male,56,4,2,Research Scientist,3,Divorced,4444,17668,0,Y,Yes,13,3,2,80,2,13,2,3,5,2,1,4
1250,33,No,Travel_Rarely,137,Research & Development,2,3,Medical,1,4,Female,66,3,1,Research Scientist,2,Married,2755,6959,6,Y,Yes,14,3,4,80,1,7,3,3,4,2,1,2
1251,39,No,Travel_Rarely,605,Human Resources,6,5,Human Resources,1,3,Male,75,3,3,Healthcare Representative,3,Divorced,10269,3311,0,Y,Yes,13,3,1,80,1,17,3,3,5,3,1,3
1252,46,No,Travel_Rarely,612,Human Resources,15,5,Medical,1,4,Female,53,4,3,Laboratory Technician,3,Single,7726,21441,5,Y,No,14,3,4,80,0,18,3,3,9,8,0,8
1253,35,No,Travel_Rarely,1030,Research & Development,9,5,Technical Degree,1,3,Male,41,3,1,Laboratory Technician,4,Single,2890,9428,9,Y,Yes,13,3,4,80,0,6,1,3,1,1,0,0
1254,39,No,Travel_Rarely,829,Research & Development,2,3,Life Sciences,1,4,Female,61,2,2,Manufacturing Director,1,Single,5616,7191,3,Y,Yes,14,3,4,80,0,9,3,3,3,2,2,2
1255,35,Yes,Travel_Rarely,328,Human Resources,3,5,Marketing,1,1,Male,78,1,3,Sales Executive,4,Married,10104,11406,1,Y,No,21,4,3,80,1,11,2,4,6,2,0,5
1256,39,No,Travel_Rarely,1172,Research & Development,2,5,Human Resources,1,1,Female,76,3,1,Laboratory Technician,3,Married,2534,19653,1,Y,No,18,3,1,80,1,3,5,3,3,2,1,2
1257,36,No,Non-Travel,288,Human Resources,25,3,Other,1,1,Female,55,2,2,Manufacturing Director,2,Single,6377,13346,0,Y,No,15,3,1,80,0,15,2,3,13,8,3,12
1258,31,No,Travel_Rarely,512,Human Resources,23,3,Human Resources,1,4,Male,81,2,3,Sales Executive,1,Married,8625,15354,1,Y,Yes,14,3,4,80,1,10,2,2,10,8,1,8
1259,34,No,Travel_Rarely,454,Sales,2,3,Technical Degree,1,4,Male,93,2,1,Sales Executive,2,Single,3293,16075,2,Y,No,12,3,3,80,0,7,2,3,2,1,1,0
1260,33,Yes,Travel_Rarely,436,Research & Development,6,3,Technical Degree,1,1,Female,60,3,1,Research Scientist,2,Single,2606,8318,8,Y,No,13,3,3,80,0,8,2,4,4,2,1,2
1261,27,No,Travel_Rarely,1178,Human Resources,17,5,Marketing,1,1,Male,43,2,3,Sales Executive,3,Single,8207,19726,1,Y,No,16,3,1,80,0,9,3,3,8,7,1,1
1262,37,No,Travel_Rarely,457,Research & Development,2,5,Human Resources,1,4,Male,77,3,1,Sales Executive,3,Divorced,3681,13139,2,Y,Yes,15,3,3,80,0,16,5,3,8,7,0,7
1263,20,No,Travel_Rarely,1311,Research & Development,15,3,Life Sciences,1,3,Female,43,3,1,Research Scientist,1,Single,1878,6592,1,Y,Yes,15,3,4,80,0,1,2,3,1,0,1,0
1264,30,No,Travel_Rarely,681,Human Resources,16,3,Human Resources,1,3,Male,79,3,2,Sales Executive,1,Married,5600,24956,0,Y,Yes,14,3,4,80,0,11,2,3,11,7,1,7
1265,38,Yes,Travel_Rarely,1369,Human Resources,8,5,Human Resources,1,3,Female,61,2,1,Laboratory Technician,3,Single,2774,16237,0,Y,No,21,4,2,80,0,4,3,2,3,2,0,1
1266,40,No,Travel_Rarely,1166,Human Resources,9,3,Marketing,1,3,Female,50,2,2,Sales Executive,1,Single,7279,19054,7,Y,No,12,3,3,80,0,11,3,3,6,4,0,4
1267,33,No,Travel_Rarely,1113,Research & Development,16,4,Human Resources,1,2,Female,75,3,2,Laboratory Technician,1,Married,4517,22749,0,Y,Yes,21,4,1,80,2,11,2,3,8,7,0,6
1268,37,No,Travel_Rarely,1130,Research & Development,2,5,Human Resources,1,4,Male,79,2,1,Research Scientist,3,Married,3199,9987,0,Y,Yes,20,4,3,80,0,5,2,3,5,4,1,3
1269,43,No,Travel_Rarely,1034,Human Resources,17,5,Medical,1,3,Male,84,1,4,Manager,4,Single,16718,11649,0,Y,No,14,3,2,80,0,17,2,3,14,9,4,7
1270,31,No,Travel_Rarely,1014,Research & Development,21,3,Human Resources,1,3,Female,94,2,1,Research Scientist,1,Married,2876,11532,1,Y,No,13,3,4,80,0,6,3,4,7,5,3,1
1271,39,Yes,Travel_Frequently,1290,Sales,4,3,Human Resources,1,2,Female,89,3,1,Manager,1,Married,13908,16929,9,Y,No,14,3,4,80,1,17,6,3,5,4,3,2
1272,34,Yes,Travel_Rarely,310,Human Resources,9,4,Marketing,1,2,Female,48,2,2,Sales Executive,2,Single,8642,11522,0,Y,Yes,21,4,3,80,0,7,3,3,5,3,1,3
1273,39,No,Travel_Frequently,1249,Human Resources,9,5,Marketing,1,3,Female,50,3,2,Healthcare Representative,4,Married,4868,6113,1,Y,Yes,13,3,4,80,1,9,3,2,10,2,0,7
1274,27,No,Travel_Rarely,1110,Human Resources,2,5,Medical,1,2,Female,40,3,2,Sales Executive,3,Married,5351,23359,1,Y,No,12,3,3,80,0,7,5,3,7,6,0,6
1275,43,No,Travel_Rarely,550,Human Resources,4,5,Marketing,1,4,Male,54,3,4,Manager,3,Married,15527,13019,0,Y,Yes,11,3,1,80,1,15,3,3,5,4,1,3
1276,35,No,Travel_Rarely,957,Research & Development,9,5,Medical,1,3,Male,36,3,1,Research Scientist,4,Single,3386,19013,4,Y,Yes,13,3,4,80,0,8,2,3,4,2,1,2
1277,33,No,Travel_Rarely,929,Human Resources,16,5,Life Sciences,1,4,Female,70,2,2,Sales Executive,4,Single,6082,11915,3,Y,No,14,3,1,80,0,9,3,3,4,2,0,2
1278,36,No,Travel_Rarely,554,Sales,5,4,Marketing,1,4,Male,65,3,1,Sales Representative,2,Married,2948,4506,0,Y,No,21,4,1,80,1,16,3,3,15,11,11,7
1279,45,No,Travel_Rarely,685,Human Resources,3,1,Human Resources,1,3,Male,78,3,4,Manager,1,Married,16469,16127,2,Y,No,13,3,3,80,1,24,3,1,14,6,7,8
1280,39,No,Travel_Rarely,603,Human Resources,3,3,Human Resources,1,3,Male,73,2,2,Sales Executive,1,Divorced,4852,23144,4,Y,No,21,4,2,80,2,8,3,3,3,2,0,2
1281,32,Yes,Travel_Frequently,649,Human Resources,10,1,Human Resources,1,3,Male,71,3,2,Sales Executive,1,Married,4808,13368,1,Y,Yes,18,3,3,80,0,9,3,2,9,3,7,7
1282,37,No,Travel_Rarely,572,Research & Development,10,5,Medical,1,3,Male,79,2,1,Laboratory Technician,4,Single,3153,9757,1,Y,No,20,4,4,80,0,4,3,4,4,2,0,2
1283,42,No,Travel_Frequently,295,Research & Development,9,5,Human Resources,1,1,Male,60,2,2,Manufacturing Director,3,Divorced,5199,11104,2,Y,Yes,12,3,3,80,1,17,2,2,4,2,1,2
1284,33,No,Travel_Rarely,1032,Research & Development,2,5,Technical Degree,1,4,Female,72,2,2,Sales Executive,4,Single,5497,10714,7,Y,Yes,13,3,4,80,0,8,2,3,5,2,1,4
1285,41,No,Travel_Frequently,1314,Human Resources,2,5,Human Resources,1,3,Female,58,4,2,Healthcare Representative,4,Married,5627,6514,0,Y,Yes,17,3,4,80,3,17,0,3,14,9,9,8
1286,42,No,Travel_Rarely,659,Human Resources,8,5,Human Resources,1,1,Male,77,4,3,Healthcare Representative,3,Married,9500,6898,7,Y,No,17,3,4,80,1,13,3,3,8,5,1,7
1287,27,Yes,Travel_Frequently,520,Research & Development,4,5,Human Resources,1,3,Male,66,2,1,Laboratory Technician,3,Married,2972,19851,0,Y,Yes,14,3,2,80,1,5,3,3,3,2,1,2
1288,49,Yes,Travel_Rarely,366,Human Resources,22,5,Life Sciences,1,1,Female,80,2,3,Sales Executive,4,Single,8625,12897,2,Y,Yes,13,3,2,80,0,12,2,3,3,2,2,3
1289,30,No,Travel_Rarely,511,Research & Development,12,5,Human Resources,1,4,Male,47,3,2,Sales Executive,4,Married,5640,10523,1,Y,Yes,11,3,3,80,2,10,2,3,10,8,4,7
1290,27,Yes,Travel_Rarely,555,Research & Development,9,3,Medical,1,3,Female,42,3,1,Research Scientist,2,Married,2306,4540,0,Y,No,14,3,3,80,0,6,3,2,5,2,0,4
1291,34,No,Travel_Rarely,711,Human Resources,17,5,Human Resources,1,3,Male,71,3,3,Sales Executive,4,Divorced,8791,7122,1,Y,No,15,3,3,80,2,11,2,3,11,8,2,1
1292,37,No,Travel_Frequently,948,Research & Development,2,5,Human Resources,1,2,Male,50,3,2,Laboratory Technician,4,Married,5018,19270,0,Y,No,17,3,3,80,1,12,2,2,9,7,1,2
1293,47,No,Travel_Rarely,1209,Human Resources,6,4,Human Resources,1,3,Male,80,3,5,Manager,1,Divorced,19341,20224,4,Y,No,13,3,3,80,3,26,2,3,3,2,0,2
1294,32,No,Travel_Frequently,727,Human Resources,10,1,Human Resources,1,4,Male,59,2,2,Sales Representative,1,Married,3965,20152,1,Y,No,12,3,3,80,2,9,3,3,9,7,5,5
1295,26,No,Travel_Rarely,920,Human Resources,2,5,Life Sciences,1,2,Male,66,4,2,Sales Executive,4,Single,5220,18492,1,Y,Yes,21,4,1,80,0,6,5,4,5,4,0,4
1296,45,No,Travel_Rarely,1143,Human Resources,2,5,Human Resources,1,4,Male,76,3,5,Manager,3,Married,18542,8524,4,Y,No,13,3,3,80,1,24,2,2,2,0,0,0
1297,40,No,Travel_Rarely,308,Human Resources,11,5,Human Resources,1,3,Male,90,3,2,Manufacturing Director,2,Married,6085,13582,2,Y,No,16,3,1,80,0,8,3,2,4,2,1,2
1298,28,No,Travel_Frequently,1133,Sales,5,5,Human Resources,1,4,Male,41,3,1,Sales Representative,3,Married,2217,21861,1,Y,Yes,17,3,3,80,1,3,2,2,4,2,1,1
1299,37,No,Travel_Frequently,503,Human Resources,10,3,Medical,1,3,Male,62,3,2,Sales Executive,2,Single,5571,9020,3,Y,No,17,3,4,80,0,13,3,3,8,8,1,4
1300,36,No,Travel_Rarely,888,Human Resources,7,5,Human Resources,1,1,Male,94,3,2,Sales Executive,3,Married,5520,12207,3,Y,Yes,13,3,3,80,0,7,3,3,4,3,0,3
1301,33,No,Travel_Rarely,444,Research & Development,9,5,Life Sciences,1,4,Male,79,3,2,Manufacturing Director,3,Single,5013,10285,1,Y,No,20,4,2,80,0,6,2,3,6,3,0,4
1302,38,No,Travel_Rarely,702,Research & Development,8,5,Human Resources,1,4,Female,83,3,2,Healthcare Representative,2,Divorced,4549,11297,0,Y,No,12,3,4,80,2,6,0,3,5,2,1,3
1303,45,No,Non-Travel,1126,Human Resources,8,5,Technical Degree,1,4,Male,59,3,4,Manager,4,Married,16508,22242,9,Y,No,14,3,3,80,1,21,2,3,19,9,11,8
1304,31,Yes,Travel_Rarely,988,Research & Development,21,5,Medical,1,1,Male,68,2,1,Research Scientist,4,Married,2444,7735,0,Y,Yes,17,3,2,80,1,3,3,1,2,1,0,0
1305,31,No,Travel_Rarely,304,Research & Development,8,5,Human Resources,1,1,Female,59,3,1,Laboratory Technician,4,Married,2698,17798,0,Y,No,14,3,3,80,0,8,3,3,7,6,0,6
1306,29,No,Travel_Rarely,980,Human Resources,23,1,Human Resources,1,2,Male,92,3,2,Healthcare Representative,1,Divorced,4487,8163,7,Y,No,12,3,2,80,2,7,2,4,4,1,1,3
1307,30,Yes,Travel_Rarely,862,Human Resources,17,5,Human Resources,1,2,Female,54,2,2,Healthcare Representative,4,Married,5085,22966,1,Y,Yes,13,3,4,80,0,8,5,2,7,5,0,6
1308,41,No,Non-Travel,545,Research & Development,2,2,Human Resources,1,1,Male,94,3,2,Manufacturing Director,2,Married,5244,23206,3,Y,No,12,3,3,80,2,10,3,3,8,7,4,4
1309,39,No,Non-Travel,1367,Human Resources,8,5,Human Resources,1,2,Male,80,2,2,Healthcare Representative,3,Married,5535,3369,8,Y,No,21,4,2,80,2,11,2,3,7,2,1,6
1310,28,No,Non-Travel,456,Research & Development,28,1,Life Sciences,1,4,Female,72,2,1,Research Scientist,1,Single,3110,9047,1,Y,No,14,3,2,80,0,5,2,3,4,2,1,3
1311,41,No,Travel_Rarely,702,Human Resources,15,4,Human Resources,1,3,Male,44,2,2,Healthcare Representative,1,Divorced,6418,14358,2,Y,No,14,3,2,80,1,14,2,3,8,7,0,4
1312,38,No,Travel_Rarely,899,Research & Development,7,4,Human Resources,1,2,Female,55,2,2,Laboratory Technician,2,Married,2983,17479,8,Y,No,14,3,3,80,1,16,4,3,1,0,0,0
1313,35,No,Travel_Rarely,421,Research & Development,21,5,Human Resources,1,1,Female,66,3,2,Manufacturing Director,2,Married,5486,25038,0,Y,No,17,3,1,80,2,13,6,3,11,8,4,8
1314,29,No,Travel_Rarely,1220,Research & Development,7,5,Medical,1,1,Female,86,1,1,Laboratory Technician,3,Married,3750,17685,1,Y,No,13,3,1,80,1,7,2,2,8,7,1,2
1315,38,No,Travel_Rarely,438,Human Resources,4,5,Human Resources,1,1,Male,59,3,2,Human Resources,2,Married,5735,8351,1,Y,No,15,3,2,80,0,8,1,3,6,3,0,5
1316,26,Yes,Travel_Rarely,943,Research & Development,9,1,Medical,1,1,Male,53,2,2,Healthcare Representative,1,Single,4869,8849,1,Y,Yes,22,4,3,80,0,4,5,1,5,2,0,3
1317,41,No,Non-Travel,1096,Human Resources,16,5,Human Resources,1,4,Female,53,3,4,Manager,3,Married,17062,15864,0,Y,No,14,3,4,80,3,21,2,3,8,6,7,5
1318,20,No,Non-Travel,599,Research & Development,2,5,Life Sciences,1,3,Male,69,3,1,Research Scientist,3,Single,2353,23766,1,Y,No,12,3,3,80,0,1,2,4,1,0,0,0
1319,35,No,Travel_Rarely,1216,Research & Development,10,2,Human Resources,1,4,Male,50,2,1,Laboratory Technician,1,Married,3516,15087,3,Y,No,13,3,3,80,1,7,3,3,3,3,1,2
1320,31,No,Non-Travel,943,Human Resources,3,5,Human Resources,1,3,Male,92,4,2,Sales Executive,3,Divorced,5329,16973,5,Y,No,12,3,1,80,1,8,0,3,5,3,2,3
1321,36,No,Travel_Rarely,912,Human Resources,8,5,Medical,1,3,Female,57,3,3,Research Director,3,Married,12792,13037,1,Y,No,11,3,3,80,1,10,3,3,10,9,1,8
1322,44,No,Travel_Rarely,845,Research & Development,8,5,Human Resources,1,2,Male,63,4,1,Research Scientist,4,Divorced,2737,12577,0,Y,No,17,3,1,80,1,9,2,3,8,7,3,7
1323,42,No,Travel_Rarely,224,Human Resources,5,5,Life Sciences,1,2,Male,36,3,5,Manufacturing Director,3,Single,13915,14929,2,Y,No,15,3,3,80,0,19,4,4,9,4,1,7
1324,41,No,Travel_Rarely,1365,Human Resources,7,5,Life Sciences,1,3,Female,80,2,2,Sales Executive,3,Single,7023,13324,2,Y,Yes,14,3,2,80,0,18,1,3,4,3,0,2
1325,38,No,Travel_Rarely,1114,Human Resources,8,5,Human Resources,1,2,Female,84,4,2,Laboratory Technician,4,Divorced,4757,23223,0,Y,No,22,4,1,80,1,7,5,1,5,4,0,3
1326,38,No,Travel_Rarely,1114,Human Resources,4,5,Human Resources,1,4,Female,62,3,2,Manufacturing Director,3,Married,5093,10118,0,Y,Yes,18,3,3,80,1,9,4,3,4,2,1,2
1327,40,No,Travel_Rarely,643,Human Resources,2,5,Human Resources,1,1,Female,67,3,4,Manufacturing Director,4,Married,12716,15139,1,Y,No,14,3,4,80,1,13,2,3,9,2,6,7
1328,48,Yes,Travel_Rarely,637,Research & Development,8,5,Life Sciences,1,3,Male,51,3,1,Laboratory Technician,3,Single,3012,15260,3,Y,Yes,14,3,2,80,0,10,0,2,7,7,1,5
1329,26,No,Travel_Rarely,465,Research & Development,2,5,Life Sciences,1,3,Female,49,3,1,Research Scientist,3,Single,3334,15658,1,Y,No,21,4,4,80,0,7,3,2,7,6,4,4
1330,26,No,Travel_Rarely,827,Research & Development,2,5,Medical,1,3,Female,92,3,1,Research Scientist,4,Married,2602,10929,1,Y,No,22,4,2,80,0,5,3,2,5,4,1,3
1331,30,No,Travel_Rarely,561,Human Resources,9,5,Human Resources,1,3,Female,54,3,2,Laboratory Technician,3,Divorced,4506,7902,0,Y,Yes,15,3,4,80,2,9,5,3,5,2,1,3
1332,37,No,Non-Travel,1308,Human Resources,7,5,Human Resources,1,1,Male,62,3,2,Sales Executive,3,Married,5406,5677,1,Y,Yes,23,4,3,80,1,10,2,3,11,9,5,7
1333,36,No,Travel_Rarely,1293,Research & Development,13,2,Human Resources,1,4,Male,40,3,1,Sales Executive,2,Divorced,4154,10623,1,Y,No,13,3,3,80,1,4,2,2,5,2,0,2
1334,42,No,Travel_Rarely,1212,Human Resources,7,3,Human Resources,1,1,Male,61,3,3,Sales Executive,1,Married,10056,23117,3,Y,Yes,15,3,4,80,0,19,3,3,8,7,7,7
1335,39,No,Travel_Rarely,588,Sales,4,5,Life Sciences,1,2,Female,87,2,1,Sales Executive,4,Single,2966,9267,1,Y,No,14,3,4,80,0,4,2,3,4,2,1,2
1336,49,No,Travel_Rarely,454,Human Resources,3,5,Medical,1,4,Male,71,2,2,Manufacturing Director,2,Married,7144,21108,6,Y,No,14,3,3,80,1,19,2,3,8,4,1,7
1337,32,No,Non-Travel,1052,Research & Development,8,5,Human Resources,1,1,Female,52,3,2,Laboratory Technician,2,Married,3657,13917,3,Y,No,21,4,3,80,1,10,6,2,4,3,0,2
1338,38,No,Travel_Rarely,915,Human Resources,3,1,Medical,1,3,Male,48,2,3,Healthcare Representative,1,Single,9607,21158,4,Y,No,13,3,2,80,0,10,0,2,4,2,1,2
1339,35,No,Travel_Rarely,472,Human Resources,17,5,Human Resources,1,1,Female,59,2,2,Sales Executive,4,Married,5554,9815,1,Y,No,14,3,3,80,1,10,1,3,10,7,0,7
1340,38,No,Travel_Rarely,988,Human Resources,10,5,Life Sciences,1,2,Male,48,3,3,Manager,4,Single,13298,19514,1,Y,No,12,3,4,80,0,10,2,2,8,6,2,4
1341,31,No,Travel_Rarely,505,Research & Development,2,5,Human Resources,1,2,Female,47,4,2,Healthcare Representative,4,Married,6522,21896,3,Y,No,12,3,1,80,0,7,1,4,5,4,1,2
1342,38,No,Travel_Frequently,974,Research & Development,26,5,Human Resources,1,2,Female,48,2,1,Sales Executive,4,Married,4375,13295,3,Y,No,16,3,1,80,1,13,2,3,8,7,4,2
1343,40,No,Travel_Frequently,1238,Sales,4,5,Human Resources,1,3,Male,80,3,1,Sales Executive,2,Married,2770,9912,5,Y,No,13,3,3,80,3,5,4,3,1,0,0,0
1344,35,No,Travel_Rarely,518,Human Resources,3,5,Other,1,3,Female,39,3,3,Manufacturing Director,4,Married,9001,20027,0,Y,No,18,3,3,80,1,12,2,3,12,7,3,8
1345,23,No,Travel_Rarely,894,Sales,6,5,Life Sciences,1,2,Male,73,4,1,Sales Representative,4,Single,2600,10967,1,Y,No,16,3,1,80,0,3,2,3,2,2,1,2
1346,37,No,Travel_Rarely,493,Research & Development,17,5,Human Resources,1,2,Female,60,3,2,Manufacturing Director,3,Married,5617,22159,6,Y,No,16,3,1,80,1,14,1,3,3,2,0,2
1347,28,No,Travel_Frequently,447,Research & Development,2,3,Human Resources,1,1,Male,84,3,1,Research Scientist,1,Married,2874,9595,5,Y,No,21,4,4,80,0,8,3,3,3,2,2,2
1348,31,No,Travel_Rarely,487,Sales,3,5,Human Resources,1,4,Male,78,1,1,Sales Executive,2,Married,3523,13094,6,Y,No,18,3,3,80,0,10,4,2,8,7,7,7
1349,32,No,Travel_Rarely,913,Human Resources,4,3,Life Sciences,1,3,Male,97,2,2,Laboratory Technician,1,Single,5453,16941,0,Y,No,16,3,3,80,0,8,3,3,8,6,7,6
1350,31,No,Travel_Rarely,894,Human Resources,18,5,Human Resources,1,3,Female,79,3,3,Research Director,3,Married,12391,22318,0,Y,No,20,4,1,80,1,9,2,3,4,3,0,2
1351,30,No,Travel_Frequently,699,Research & Development,4,5,Life Sciences,1,3,Male,49,2,1,Research Scientist,3,Single,2499,12218,1,Y,No,16,3,4,80,0,3,2,3,3,2,2,2
1352,35,No,Travel_Rarely,881,Research & Development,3,5,Human Resources,1,2,Male,54,3,1,Research Scientist,4,Married,3376,6445,0,Y,No,14,3,4,80,2,9,2,3,5,2,2,2
1353,35,No,Travel_Rarely,1012,Research & Development,6,3,Life Sciences,1,2,Female,81,4,1,Research Scientist,1,Single,3064,5572,7,Y,No,17,3,4,80,0,7,3,2,4,2,0,3
1354,33,Yes,Travel_Rarely,395,Research & Development,2,5,Human Resources,1,4,Male,81,3,1,Sales Executive,3,Married,2737,24485,7,Y,No,12,3,1,80,0,7,1,4,2,1,0,1
1355,39,No,Travel_Frequently,377,Research & Development,1,5,Life Sciences,1,4,Male,90,3,2,Healthcare Representative,4,Single,7158,13751,1,Y,No,13,3,3,80,0,9,2,3,9,6,5,7
1356,49,No,Travel_Rarely,242,Human Resources,14,3,Human Resources,1,4,Male,80,3,2,Sales Executive,2,Married,5302,23148,4,Y,Yes,12,3,1,80,1,15,3,4,5,4,1,3
1357,32,No,Travel_Frequently,439,Sales,8,3,Marketing,1,4,Male,73,3,1,Sales Executive,2,Single,2871,20440,1,Y,No,12,3,3,80,0,4,3,4,4,2,1,2
1358,43,No,Travel_Frequently,680,Human Resources,1,5,Human Resources,1,4,Female,81,3,2,Sales Executive,3,Divorced,6845,9007,7,Y,No,15,3,3,80,1,17,5,3,5,3,1,2
1359,35,No,Travel_Rarely,1024,Research & Development,2,5,Human Resources,1,2,Male,75,3,2,Manufacturing Director,4,Married,5450,12729,7,Y,No,18,3,2,80,1,9,3,1,5,4,0,3
1360,39,No,Travel_Rarely,397,Research & Development,4,5,Human Resources,1,2,Female,83,3,1,Research Scientist,2,Married,3399,8036,3,Y,No,14,3,3,80,0,8,0,3,1,0,0,0
1361,29,No,Travel_Rarely,1394,Human Resources,1,5,Human Resources,1,2,Male,61,1,2,Sales Executive,4,Married,5981,4739,1,Y,No,18,3,4,80,1,8,2,3,9,7,1,7
1362,32,No,Non-Travel,1171,Human Resources,2,5,Human Resources,1,3,Male,86,3,2,Healthcare Representative,4,Married,4871,17086,1,Y,No,18,3,1,80,1,9,5,3,10,8,6,8
1363,38,Yes,Travel_Rarely,906,Human Resources,3,5,Marketing,1,3,Female,94,3,2,Sales Executive,4,Single,5157,12503,0,Y,No,13,3,4,80,0,9,3,2,4,3,1,2
1364,29,No,Travel_Rarely,1157,Research & Development,21,5,Life Sciences,1,2,Male,52,1,1,Laboratory Technician,3,Single,3534,8141,3,Y,No,13,3,1,80,0,8,2,3,6,1,1,5
1365,23,Yes,Travel_Rarely,752,Sales,5,1,Human Resources,1,2,Female,40,2,1,Sales Representative,1,Married,2388,13462,1,Y,No,12,3,3,80,0,1,3,4,1,1,0,0
1366,42,No,Travel_Rarely,931,Human Resources,4,5,Human Resources,1,3,Female,39,1,5,Sales Executive,3,Married,19364,19293,2,Y,No,21,4,4,80,0,21,2,3,4,2,4,2
1367,35,No,Travel_Rarely,1146,Human Resources,9,2,Marketing,1,4,Male,94,2,2,Sales Executive,1,Single,6988,21537,0,Y,No,13,3,1,80,0,6,3,2,5,4,0,3
1368,37,No,Travel_Rarely,876,Research & Development,2,4,Human Resources,1,3,Female,74,3,1,Manufacturing Director,2,Divorced,3170,7451,0,Y,No,21,4,1,80,2,8,2,3,5,3,1,3
1369,35,No,Travel_Rarely,437,Human Resources,2,4,Human Resources,1,4,Male,89,3,5,Sales Executive,2,Divorced,9906,13461,1,Y,No,17,3,2,80,1,13,2,3,4,2,1,2
1370,27,No,Travel_Rarely,994,Research & Development,2,3,Human Resources,1,1,Male,57,4,1,Research Scientist,1,Divorced,2975,17103,0,Y,No,13,3,3,80,2,5,5,2,4,2,0,2
1371,42,Yes,Travel_Rarely,807,Research & Development,16,5,Human Resources,1,4,Male,42,3,1,Laboratory Technician,3,Divorced,3859,20665,9,Y,Yes,13,3,3,80,1,13,2,3,7,6,2,2
1372,53,No,Travel_Rarely,1154,Research & Development,2,5,Human Resources,1,4,Male,80,3,1,Research Scientist,3,Married,2973,10989,2,Y,Yes,16,3,4,80,0,14,4,2,5,3,1,3
1373,48,No,Non-Travel,543,Human Resources,2,5,Technical Degree,1,1,Female,77,2,3,Healthcare Representative,3,Single,10208,7875,0,Y,No,12,3,3,80,0,28,4,3,29,8,13,11
1374,33,No,Travel_Rarely,978,Research & Development,8,2,Human Resources,1,4,Male,45,3,2,Research Scientist,2,Divorced,5133,4911,0,Y,No,22,4,3,80,1,10,3,3,3,2,0,1
1375,41,No,Travel_Frequently,912,Human Resources,13,5,Human Resources,1,3,Female,46,3,2,Laboratory Technician,3,Married,4013,11409,0,Y,No,21,4,1,80,0,10,4,2,5,3,0,1
1376,27,No,Travel_Rarely,1329,Research & Development,17,3,Human Resources,1,3,Male,81,4,1,Laboratory Technician,1,Married,2850,7173,2,Y,No,12,3,1,80,1,7,0,2,4,2,0,4
1377,37,No,Travel_Rarely,360,Human Resources,7,5,Human Resources,1,1,Female,44,3,2,Manufacturing Director,4,Married,6570,22117,2,Y,No,21,4,4,80,3,10,2,3,4,3,0,2
1378,41,Yes,Travel_Rarely,690,Research & Development,10,5,Human Resources,1,3,Male,80,2,1,Research Scientist,4,Married,2624,17444,2,Y,Yes,17,3,4,80,1,5,2,4,3,2,1,2
1379,44,No,Travel_Rarely,1092,Human Resources,2,5,Human Resources,1,4,Male,49,3,4,Sales Executive,3,Married,13277,5762,0,Y,No,18,3,3,80,2,23,3,4,5,0,0,3
1380,40,No,Travel_Frequently,368,Human Resources,17,2,Human Resources,1,3,Male,43,3,2,Sales Executive,1,Divorced,5191,6712,0,Y,No,14,3,4,80,2,8,3,3,4,2,0,2
1381,30,No,Travel_Frequently,1272,Human Resources,9,1,Human Resources,1,1,Male,86,3,2,Sales Executive,1,Married,4993,18187,0,Y,No,12,3,4,80,0,11,3,4,10,7,3,8
1382,43,No,Travel_Frequently,766,Human Resources,8,5,Human Resources,1,1,Female,80,3,5,Manager,3,Divorced,18107,6518,0,Y,No,11,3,3,80,1,22,3,4,3,3,2,1
1383,50,Yes,Travel_Rarely,323,Human Resources,8,4,Human Resources,1,1,Female,64,3,5,Research Director,1,Divorced,19555,19189,1,Y,Yes,22,4,4,80,1,21,3,3,10,7,5,3
1384,35,No,Non-Travel,513,Research & Development,4,5,Human Resources,1,3,Male,85,3,1,Laboratory Technician,2,Married,2363,24306,1,Y,No,17,3,1,80,2,3,2,3,2,1,0,2
1385,31,Yes,Travel_Frequently,902,Human Resources,9,1,Human Resources,1,2,Female,62,3,3,Sales Executive,1,Divorced,8344,21756,0,Y,No,13,3,3,80,2,11,3,2,8,7,7,7
1386,45,No,Travel_Rarely,1437,Human Resources,8,5,Other,1,4,Female,63,3,2,Manufacturing Director,3,Single,6482,16272,8,Y,Yes,15,3,4,80,0,10,4,2,9,3,1,7
1387,26,No,Travel_Rarely,377,Research & Development,5,3,Life Sciences,1,3,Male,46,3,1,Laboratory Technician,1,Single,3161,24529,1,Y,Yes,11,3,3,80,0,8,2,3,8,7,0,4
1388,33,No,Travel_Rarely,619,Research & Development,27,5,Human Resources,1,3,Male,88,3,1,Laboratory Technician,4,Married,3048,6362,1,Y,No,11,3,2,80,1,5,3,2,6,3,1,3
1389,51,No,Travel_Rarely,1394,Research & Development,2,5,Human Resources,1,4,Male,56,3,1,Sales Executive,3,Married,11370,20677,4,Y,No,11,3,1,80,1,17,3,3,1,0,0,0
1390,31,No,Travel_Rarely,336,Research & Development,3,5,Human Resources,1,3,Male,80,3,1,Laboratory Technician,3,Divorced,3127,8591,0,Y,No,15,3,4,80,1,6,4,3,4,2,1,2
1391,33,No,Travel_Rarely,805,Research & Development,2,5,Medical,1,3,Male,75,3,2,Research Scientist,4,Married,5679,11483,0,Y,Yes,13,3,3,80,1,8,3,3,3,2,0,2
1392,43,No,Travel_Rarely,517,Human Resources,7,5,Human Resources,1,2,Male,84,4,3,Sales Executive,4,Divorced,9513,12148,7,Y,No,14,3,2,80,1,10,2,2,6,2,1,6
1393,35,No,Non-Travel,1080,Research & Development,3,5,Life Sciences,1,4,Female,66,2,1,Research Scientist,4,Single,3399,21109,0,Y,No,13,3,4,80,0,10,5,3,8,7,1,7
1394,27,No,Travel_Rarely,987,Research & Development,5,5,Human Resources,1,2,Male,76,3,1,Research Scientist,4,Divorced,3347,21958,1,Y,No,12,3,3,80,2,5,2,2,6,2,0,4
1395,41,Yes,Travel_Rarely,973,Research & Development,8,5,Medical,1,2,Male,86,3,1,Healthcare Representative,2,Single,3161,20736,9,Y,No,14,3,3,80,0,9,2,2,5,4,1,3
1396,37,No,Travel_Frequently,469,Human Resources,11,4,Human Resources,1,1,Female,85,3,2,Manufacturing Director,1,Married,5915,12153,8,Y,Yes,17,3,4,80,1,8,1,3,4,2,1,2
1397,30,No,Travel_Frequently,604,Research & Development,10,5,Human Resources,1,2,Female,63,3,2,Laboratory Technician,4,Married,4525,22944,1,Y,No,12,3,4,80,2,7,2,3,6,2,0,3
1398,52,No,Travel_Rarely,201,Human Resources,3,4,Technical Degree,1,4,Female,79,3,2,Manufacturing Director,2,Single,6534,14736,6,Y,No,12,3,4,80,0,22,5,1,13,9,4,9
1399,42,No,Travel_Rarely,1041,Human Resources,9,3,Human Resources,1,1,Male,77,3,5,Research Director,2,Divorced,19385,12829,2,Y,No,16,3,2,80,0,22,2,3,10,7,2,8
1400,26,No,Travel_Frequently,841,Research & Development,14,5,Human Resources,1,1,Male,86,3,1,Laboratory Technician,2,Married,3286,8539,5,Y,No,13,3,3,80,1,7,3,2,4,3,0,2
1401,39,No,Travel_Rarely,349,Sales,3,5,Human Resources,1,3,Female,75,1,1,Sales Executive,2,Divorced,6359,5290,4,Y,No,21,4,3,80,1,12,3,2,9,7,1,6
1402,33,No,Travel_Rarely,601,Human Resources,7,5,Human Resources,1,1,Female,46,2,2,Sales Executive,4,Divorced,6243,21098,0,Y,No,14,3,3,80,2,8,4,2,6,3,0,3
1403,42,No,Travel_Rarely,1202,Human Resources,2,2,Life Sciences,1,4,Female,88,4,5,Manager,2,Single,19004,8082,1,Y,No,13,3,2,80,0,23,2,4,22,7,7,9
1404,33,Yes,Travel_Frequently,527,Human Resources,7,5,Human Resources,1,2,Male,73,3,3,Sales Executive,4,Married,9988,21348,6,Y,No,13,3,1,80,1,11,2,3,4,3,1,3
1405,39,No,Travel_Rarely,774,Research & Development,9,5,Human Resources,1,3,Male,62,3,1,Research Scientist,4,Married,2560,6562,0,Y,No,18,3,3,80,2,7,2,2,6,3,1,3
1406,48,No,Travel_Rarely,883,Human Resources,2,5,Human Resources,1,2,Male,58,3,5,Manager,2,Married,19380,5080,3,Y,No,15,3,4,80,1,24,3,4,13,13,5,7
1407,23,No,Travel_Rarely,828,Human Resources,5,5,Technical Degree,1,3,Male,86,3,1,Human Resources,4,Single,2630,5980,1,Y,No,14,3,2,80,0,1,3,3,2,1,0,0
1408,32,No,Travel_Rarely,945,Human Resources,6,5,Technical Degree,1,3,Male,55,4,2,Research Scientist,4,Single,4761,11090,3,Y,Yes,21,4,3,80,0,12,2,2,8,7,3,6
1409,28,No,Travel_Rarely,1283,Research & Development,4,2,Medical,1,3,Male,87,3,1,Research Scientist,2,Single,2506,17699,1,Y,No,18,3,4,80,0,1,4,3,1,1,0,0
1410,32,No,Travel_Rarely,978,Human Resources,8,3,Medical,1,1,Female,48,3,3,Research Director,1,Single,12845,16283,1,Y,No,17,3,3,80,1,10,2,3,10,8,1,7
1411,31,Yes,Travel_Rarely,982,Sales,4,5,Medical,1,3,Male,76,3,1,Sales Executive,3,Married,3244,18597,9,Y,No,14,3,3,80,0,6,0,2,4,2,0,2
1412,43,Yes,Non-Travel,839,Human Resources,8,5,Marketing,1,1,Female,94,3,2,Sales Executive,4,Single,5286,8668,1,Y,Yes,16,3,1,80,0,5,3,3,5,2,0,3
1413,44,No,Travel_Rarely,1148,Research & Development,18,5,Human Resources,1,3,Male,78,3,2,Healthcare Representative,4,Married,5443,20766,0,Y,No,15,3,3,80,1,10,3,2,8,7,3,7
1414,38,No,Non-Travel,208,Human Resources,2,5,Human Resources,1,3,Male,76,1,2,Sales Executive,4,Married,5696,8673,3,Y,No,18,3,1,80,1,9,3,3,1,0,0,0
1415,34,Yes,Travel_Rarely,689,Research & Development,18,5,Human Resources,1,2,Female,82,4,1,Sales Executive,3,Married,3123,20633,2,Y,Yes,12,3,3,80,0,8,3,3,5,2,0,3
1416,45,No,Travel_Rarely,708,Human Resources,3,5,Human Resources,1,2,Female,54,2,2,Sales Executive,3,Married,5597,5748,4,Y,No,20,4,4,80,1,8,5,2,5,3,0,2
1417,32,Yes,Travel_Rarely,1133,Human Resources,6,5,Human Resources,1,2,Male,84,3,2,Manufacturing Director,4,Married,6340,12643,5,Y,Yes,14,3,4,80,1,10,3,2,3,2,2,2
1418,41,No,Travel_Rarely,519,Human Resources,3,5,Human Resources,1,3,Male,60,4,5,Manager,4,Divorced,19305,22381,1,Y,No,22,4,4,80,1,22,3,3,21,12,10,10
1419,34,No,Travel_Rarely,678,Research & Development,24,5,Technical Degree,1,2,Female,75,2,1,Research Scientist,3,Single,2900,11786,3,Y,No,22,4,3,80,0,14,2,3,8,7,0,4
1420,55,No,Travel_Rarely,503,Human Resources,15,5,Human Resources,1,1,Male,94,1,4,Healthcare Representative,4,Divorced,13378,12348,6,Y,Yes,22,4,4,80,1,23,2,3,5,3,1,2
1421,28,No,Travel_Rarely,494,Research & Development,14,5,Human Resources,1,3,Male,78,3,1,Research Scientist,3,Married,2445,7247,1,Y,No,14,3,1,80,1,5,2,2,5,4,1,3
1422,41,No,Travel_Rarely,1329,Human Resources,26,2,Human Resources,1,4,Male,60,2,2,Laboratory Technician,1,Married,4928,12759,8,Y,No,14,3,2,80,1,8,3,3,4,2,0,3
1423,38,No,Travel_Frequently,632,Human Resources,4,2,Human Resources,1,4,Female,54,3,2,Manufacturing Director,1,Divorced,5302,8151,2,Y,No,13,3,3,80,3,11,3,3,4,2,0,3
1424,40,No,Travel_Rarely,554,Research & Development,6,3,Human Resources,1,2,Female,84,3,1,Laboratory Technician,1,Married,3027,22360,0,Y,No,15,3,3,80,1,5,6,3,5,3,0,3
1425,50,No,Travel_Frequently,969,Human Resources,15,5,Medical,1,4,Male,82,4,5,Research Director,4,Married,19504,10382,4,Y,No,14,3,1,80,0,25,2,2,16,9,9,10
1426,35,No,Travel_Frequently,686,Research & Development,2,5,Human Resources,1,3,Female,85,3,1,Sales Executive,4,Divorced,3353,10245,1,Y,No,15,3,4,80,1,5,3,3,5,3,1,3
1427,35,Yes,Travel_Rarely,511,Research & Development,9,3,Medical,1,1,Female,83,3,1,Laboratory Technician,1,Married,3695,4447,1,Y,Yes,13,3,3,80,1,5,2,3,6,4,2,3
1428,24,No,Travel_Rarely,949,Research & Development,1,5,Life Sciences,1,4,Female,46,3,1,Manufacturing Director,3,Single,3263,17054,1,Y,No,12,3,1,80,0,3,2,2,3,2,0,2
1429,46,No,Non-Travel,1032,Human Resources,4,5,Life Sciences,1,1,Female,84,1,3,Sales Executive,4,Single,9162,17212,4,Y,No,12,3,1,80,0,14,2,3,4,2,0,2
1430,37,Yes,Travel_Rarely,559,Human Resources,8,5,Human Resources,1,1,Male,65,1,2,Sales Representative,3,Married,4451,23977,0,Y,Yes,14,3,3,80,2,5,3,3,4,2,2,2
1431,54,No,Travel_Rarely,906,Research & Development,7,5,Human Resources,1,2,Female,76,3,1,Research Scientist,3,Married,2796,19672,8,Y,No,21,4,1,80,1,7,3,2,4,2,1,3
1432,31,Yes,Travel_Frequently,874,Sales,9,5,Life Sciences,1,3,Male,54,3,1,Sales Representative,2,Single,2449,14149,3,Y,Yes,14,3,4,80,0,5,0,3,3,2,1,2
1433,40,No,Travel_Rarely,1269,Human Resources,11,2,Human Resources,1,2,Male,52,2,2,Research Scientist,2,Divorced,5284,8644,7,Y,No,14,3,1,80,0,15,2,3,4,2,1,3
1434,34,Yes,Travel_Frequently,460,Human Resources,3,2,Human Resources,1,4,Female,44,2,2,Manufacturing Director,1,Divorced,4812,11412,0,Y,Yes,17,3,1,80,0,5,5,1,4,2,0,3
1435,43,No,Travel_Rarely,381,Human Resources,2,5,Human Resources,1,3,Male,75,1,2,Manufacturing Director,4,Married,6169,15781,5,Y,Yes,14,3,2,80,1,14,2,3,12,10,2,8
1436,28,No,Non-Travel,965,Human Resources,14,5,Human Resources,1,4,Male,80,3,2,Sales Executive,4,Divorced,6266,4666,1,Y,Yes,13,3,1,80,2,6,3,3,5,3,0,4
1437,34,No,Travel_Rarely,615,Human Resources,3,5,Human Resources,1,4,Female,36,2,3,Manufacturing Director,4,Married,7745,12104,1,Y,No,14,3,4,80,1,9,3,3,7,4,0,3
1438,26,No,Travel_Frequently,1074,Research & Development,10,5,Medical,1,4,Female,43,2,1,Laboratory Technician,3,Married,3399,21127,2,Y,No,18,3,1,80,1,6,2,3,3,2,1,2
1439,33,No,Travel_Rarely,588,Research & Development,2,2,Medical,1,3,Male,83,2,1,Laboratory Technician,1,Single,2882,20259,1,Y,No,13,3,4,80,0,2,2,3,2,0,0,1
1440,30,No,Travel_Frequently,892,Human Resources,3,5,Human Resources,1,4,Female,64,3,2,Laboratory Technician,4,Divorced,4853,11008,9,Y,Yes,13,3,3,80,1,9,3,2,4,3,0,3
1441,24,Yes,Travel_Rarely,495,Research & Development,7,5,Other,1,4,Female,45,3,2,Laboratory Technician,3,Single,4235,16390,1,Y,No,15,3,2,80,0,6,2,2,4,3,1,2
1442,26,No,Travel_Rarely,542,Research & Development,10,3,Medical,1,4,Male,65,2,1,Research Scientist,1,Single,3147,22456,2,Y,Yes,13,3,1,80,0,5,2,3,3,3,1,2
1443,40,No,Travel_Rarely,1119,Research & Development,6,5,Other,1,2,Female,34,3,1,Laboratory Technician,4,Single,3402,9778,0,Y,No,23,4,3,80,0,6,3,3,5,3,1,2
1444,50,Yes,Travel_Frequently,606,Research & Development,3,5,Human Resources,1,3,Female,84,4,1,Research Scientist,3,Married,2576,6831,1,Y,No,17,3,4,80,0,3,3,1,1,0,0,0
1445,37,No,Travel_Frequently,961,Human Resources,9,2,Human Resources,1,3,Female,50,2,2,Manufacturing Director,2,Divorced,6354,22130,3,Y,Yes,14,3,3,80,1,11,2,3,5,2,1,3
1446,44,No,Travel_Rarely,1117,Human Resources,8,5,Medical,1,3,Male,67,3,4,Healthcare Representative,4,Single,13627,7092,0,Y,Yes,22,4,3,80,0,20,3,3,4,2,1,2
1447,25,Yes,Travel_Rarely,649,Sales,5,5,Technical Degree,1,2,Male,41,2,1,Sales Executive,3,Single,2573,15883,1,Y,No,12,3,3,80,0,5,2,2,5,3,1,3
1448,45,No,Travel_Frequently,375,Research & Development,9,4,Human Resources,1,1,Male,95,2,2,Sales Executive,1,Married,5836,12321,2,Y,No,11,3,3,80,0,8,3,3,3,2,2,2
1449,29,No,Non-Travel,573,Research & Development,8,5,Human Resources,1,4,Male,63,3,1,Laboratory Technician,3,Married,2721,9435,1,Y,Yes,12,3,3,80,1,4,2,3,4,3,1,2
1450,36,No,Non-Travel,873,Human Resources,4,5,Human Resources,1,1,Male,45,3,2,Manufacturing Director,3,Divorced,4648,9880,6,Y,No,22,4,4,80,1,7,0,1,3,2,1,2
1451,34,No,Travel_Rarely,917,Research & Development,27,4,Life Sciences,1,2,Female,93,2,2,Laboratory Technician,2,Single,4707,7646,1,Y,No,16,3,3,80,0,9,3,3,9,7,2,4
1452,27,Yes,Travel_Frequently,642,Human Resources,14,3,Life Sciences,1,3,Male,48,3,2,Sales Executive,2,Single,5549,11823,1,Y,Yes,13,3,1,80,0,5,3,3,5,3,0,0
1453,32,Yes,Travel_Rarely,557,Human Resources,9,4,Human Resources,1,1,Male,96,3,2,Manufacturing Director,1,Single,6096,20312,1,Y,No,15,3,4,80,3,7,2,3,7,4,0,7
1454,42,No,Travel_Rarely,812,Research & Development,2,5,Medical,1,1,Female,89,3,2,Sales Executive,2,Single,9272,10609,3,Y,Yes,22,4,2,80,0,15,3,2,5,2,1,3
1455,50,Yes,Travel_Rarely,437,Human Resources,8,5,Human Resources,1,1,Male,77,1,3,Healthcare Representative,3,Married,8324,3722,2,Y,Yes,21,4,3,80,0,29,0,2,9,8,4,6
1456,31,No,Travel_Rarely,1355,Sales,7,5,Life Sciences,1,3,Male,57,3,1,Sales Representative,4,Single,2874,16811,1,Y,Yes,22,4,2,80,0,9,4,3,9,3,1,7
1457,27,Yes,Travel_Rarely,224,Human Resources,8,1,Human Resources,1,3,Male,80,3,1,Human Resources,1,Married,2633,21280,1,Y,Yes,18,3,1,80,0,4,0,3,4,2,0,2
1458,39,No,Travel_Rarely,543,Human Resources,2,5,Human Resources,1,2,Male,59,3,3,Sales Executive,3,Married,7568,10029,1,Y,No,13,3,1,80,2,9,3,3,10,8,9,0
1459,44,No,Travel_Rarely,554,Research & Development,9,5,Human Resources,1,3,Male,81,3,1,Laboratory Technician,3,Married,2497,20379,3,Y,Yes,14,3,2,80,1,9,1,3,4,2,1,2
1460,28,Yes,Travel_Frequently,802,Research & Development,9,5,Medical,1,4,Male,46,2,1,Research Scientist,3,Single,2655,8446,1,Y,Yes,11,3,3,80,0,4,5,3,4,2,1,3
1461,36,Yes,Travel_Rarely,1035,Human Resources,5,5,Medical,1,2,Female,61,3,2,Sales Executive,2,Single,6000,18136,1,Y,Yes,18,3,1,80,0,9,3,2,9,7,7,6
1462,33,No,Travel_Rarely,1299,Human Resources,4,1,Human Resources,1,1,Male,84,3,2,Healthcare Representative,1,Divorced,5670,18591,1,Y,Yes,12,3,1,80,1,6,4,3,5,2,1,3
1463,37,No,Travel_Frequently,477,Research & Development,8,5,Human Resources,1,3,Female,49,2,2,Manufacturing Director,4,Married,5390,21122,0,Y,Yes,13,3,3,80,3,9,2,1,5,3,0,2
1464,31,No,Travel_Frequently,305,Human Resources,2,5,Medical,1,4,Female,36,3,3,Sales Executive,4,Married,7613,10176,1,Y,Yes,15,3,3,80,1,10,2,3,10,8,4,7
1465,34,Yes,Travel_Frequently,1175,Human Resources,11,3,Life Sciences,1,3,Female,73,2,3,Sales Executive,2,Single,9350,15425,1,Y,Yes,14,3,4,80,0,10,2,2,10,7,5,7
1466,54,No,Travel_Rarely,136,Human Resources,8,3,Medical,1,4,Female,74,3,4,Manufacturing Director,1,Single,13450,21833,0,Y,Yes,15,3,3,80,0,30,2,3,22,10,1,8
1467,30,Yes,Travel_Frequently,489,Sales,13,5,Medical,1,3,Male,52,3,1,Sales Representative,4,Married,2538,26999,9,Y,No,16,3,2,80,0,4,3,3,2,2,0,1
1468,31,No,Travel_Rarely,376,Human Resources,8,5,Medical,1,3,Male,90,1,2,Sales Executive,3,Single,6374,13825,3,Y,No,13,3,2,80,0,11,2,3,7,1,2,7
1469,43,No,Travel_Rarely,1071,Research & Development,3,5,Medical,1,4,Male,51,2,2,Healthcare Representative,3,Single,5866,14941,9,Y,No,14,3,4,80,0,10,2,3,3,2,2,2
