Unnamed: 0,Age,Attrition,BusinessTravel,DailyRate,Department,DistanceFromHome,Education,EducationField,EmployeeCount,EnvironmentSatisfaction,Gender,HourlyRate,JobInvolvement,JobLevel,JobRole,JobSatisfaction,MaritalStatus,MonthlyIncome,MonthlyRate,NumCompaniesWorked,Over18,OverTime,PercentSalaryHike,PerformanceRating,RelationshipSatisfaction,StandardHours,StockOptionLevel,TotalWorkingYears,TrainingTimesLastYear,WorkLifeBalance,YearsAtCompany,YearsInCurrentRole,YearsSinceLastPromotion,YearsWithCurrManager
0,30,No,Non-Travel,765,Research & Development,8,2,Life Sciences,1,3,Female,46,4,1,Laboratory Technician,1,Married,3042,4618,1,Y,No,18,4,3,80,0,6,3,3,5,0,7,8
1,18,Yes,Travel_Rarely,1499,Sales,1,3,Life Sciences,1,3,Male,30,3,1,Research Scientist,4,Single,1009,2094,1,Y,No,25,3,3,80,2,0,2,3,0,0,0,0
2,60,No,Travel_Rarely,1499,Research & Development,29,4,Medical,1,4,Male,30,3,1,Research Scientist,3,Married,1009,26999,4,Y,No,25,3,3,80,2,40,5,3,0,0,0,0
3,60,No,Travel_Rarely,1499,Sales,1,2,Life Sciences,1,3,Female,30,3,2,Manufacturing Director,4,Married,19999,26999,1,Y,No,11,3,3,80,0,40,2,3,40,18,15,17
4,60,No,Travel_Rarely,1499,Research & Development,1,2,Life Sciences,1,3,Female,30,3,2,Manufacturing Director,3,Divorced,19999,26999,1,Y,No,11,3,3,80,0,40,2,3,40,18,15,17
5,60,No,Travel_Rarely,1499,Sales,1,2,Life Sciences,1,3,Female,30,3,2,Manufacturing Director,4,Married,19999,2094,1,Y,No,11,3,3,80,0,40,2,2,40,18,15,17
6,60,No,Travel_Rarely,1499,Research & Development,29,3,Medical,1,3,Male,30,3,2,Healthcare Representative,3,Married,1009,2094,2,Y,No,25,3,3,80,2,40,2,3,0,0,0,0
7,18,No,Travel_Frequently,1499,Research & Development,1,4,Life Sciences,1,1,Female,100,3,2,Laboratory Technician,2,Married,1009,2094,1,Y,No,25,3,2,80,1,40,2,3,32,18,0,0
8,33,Yes,Non-Travel,357,Sales,15,2,Life Sciences,1,3,Female,78,2,2,Sales Executive,1,Married,4841,18243,1,Y,No,12,3,2,80,2,10,2,2,10,7,14,7
9,18,No,Travel_Rarely,102,Sales,1,2,Life Sciences,1,3,Female,30,3,2,Manufacturing Director,4,Married,19999,2094,1,Y,No,11,3,3,80,0,0,2,3,40,18,0,17
10,27,Yes,Travel_Rarely,1043,Research & Development,22,3,Medical,1,3,Female,81,2,1,Research Scientist,2,Single,2495,22020,1,Y,No,19,3,1,80,0,2,3,2,0,0,0,0
11,60,No,Travel_Rarely,1499,Research & Development,1,4,Medical,1,4,Male,30,2,2,Sales Executive,4,Married,19999,26999,0,Y,No,11,4,2,80,3,40,3,1,40,0,15,0
12,60,Yes,Travel_Rarely,102,Research & Development,29,4,Medical,1,3,Female,100,2,3,Healthcare Representative,4,Married,1009,2094,1,Y,No,11,3,4,80,1,40,3,3,40,18,15,17
13,18,No,Travel_Rarely,1499,Sales,29,3,Other,1,4,Male,30,3,1,Research Scientist,4,Married,1009,2094,3,Y,No,25,3,3,80,2,40,2,3,0,0,0,0
14,60,No,Travel_Rarely,1499,Research & Development,29,4,Medical,1,4,Male,30,3,1,Research Scientist,3,Married,1009,26999,4,Y,No,11,3,2,80,2,40,2,2,0,0,0,0
15,60,No,Travel_Rarely,1499,Research & Development,29,4,Medical,1,4,Male,30,3,1,Research Scientist,3,Married,1009,26999,4,Y,No,25,3,3,80,2,40,2,3,0,0,0,0
16,60,Yes,Travel_Rarely,102,Research & Development,1,4,Medical,1,3,Female,30,3,3,Manufacturing Director,4,Married,1009,2094,1,Y,No,11,3,4,80,1,40,3,2,40,18,15,17
17,60,Yes,Travel_Rarely,102,Research & Development,1,4,Medical,1,3,Female,100,2,3,Healthcare Representative,4,Married,1009,2094,1,Y,No,11,3,4,80,1,40,3,2,40,18,15,17
18,60,No,Travel_Rarely,1499,Research & Development,1,4,Life Sciences,1,3,Male,30,2,1,Research Scientist,3,Married,1009,26999,4,Y,No,11,3,3,80,2,40,3,3,0,0,0,0
19,18,Yes,Travel_Rarely,102,Sales,1,3,Life Sciences,1,3,Male,30,3,1,Research Scientist,4,Single,1009,26999,1,Y,No,25,3,3,80,1,0,2,3,0,0,0,0
20,60,No,Travel_Rarely,102,Research & Development,1,2,Medical,1,3,Female,30,4,2,Research Scientist,1,Married,1009,2094,1,Y,No,25,4,3,80,1,40,3,3,40,18,15,17
21,60,No,Travel_Rarely,1499,Research & Development,1,4,Medical,1,3,Male,30,3,1,Research Scientist,3,Married,1009,26999,4,Y,No,11,3,3,80,2,40,2,3,0,0,0,0
22,60,No,Travel_Rarely,1499,Research & Development,1,4,Medical,1,3,Male,30,3,1,Research Scientist,3,Married,1009,2094,4,Y,No,25,3,3,80,2,40,2,3,0,0,0,0
23,59,No,Travel_Rarely,170,Research & Development,28,1,Life Sciences,1,3,Female,63,2,4,Manager,3,Married,19900,6737,1,Y,No,11,3,4,80,1,40,3,3,40,18,15,16
24,19,No,Travel_Rarely,1499,Research & Development,1,3,Medical,1,4,Male,30,3,2,Research Scientist,3,Married,1009,26999,4,Y,No,25,3,3,80,2,40,2,3,0,0,0,0
25,60,No,Travel_Rarely,1499,Research & Development,1,4,Life Sciences,1,1,Male,30,2,1,Research Scientist,4,Married,1009,2094,4,Y,No,25,3,2,80,1,0,3,3,0,0,0,0
26,60,Yes,Travel_Rarely,102,Research & Development,29,4,Medical,1,3,Female,83,3,3,Healthcare Representative,4,Married,1009,2094,1,Y,No,25,3,4,80,1,40,3,2,40,18,15,17
27,60,No,Travel_Rarely,1499,Research & Development,1,4,Life Sciences,1,4,Male,30,2,1,Research Scientist,4,Married,1009,26999,4,Y,No,25,3,2,80,1,0,3,3,0,0,0,0
28,60,Yes,Travel_Rarely,102,Research & Development,29,4,Medical,1,3,Female,100,2,3,Healthcare Representative,4,Married,1009,2094,1,Y,No,11,3,4,80,1,40,3,2,40,18,15,17
29,60,No,Travel_Rarely,1499,Research & Development,29,3,Medical,1,2,Male,30,3,1,Research Scientist,3,Married,1009,26241,4,Y,No,25,3,3,80,2,40,2,3,0,0,0,0
30,60,Yes,Travel_Rarely,102,Research & Development,29,4,Medical,1,4,Female,100,2,3,Healthcare Representative,4,Married,1009,2094,1,Y,No,11,3,4,80,1,40,3,3,40,18,15,17
31,48,No,Travel_Rarely,107,Research & Development,29,4,Medical,1,3,Female,78,3,2,Healthcare Representative,4,Married,6381,12573,1,Y,No,11,3,4,80,1,33,3,2,39,17,15,16
32,60,No,Travel_Rarely,1499,Research & Development,1,4,Life Sciences,1,3,Female,30,2,1,Research Scientist,4,Married,1009,26999,8,Y,No,11,3,3,80,1,40,3,3,0,0,0,0
33,20,No,Travel_Rarely,102,Sales,1,2,Life Sciences,1,3,Female,30,3,2,Manufacturing Director,4,Married,19998,2113,1,Y,No,11,3,3,80,0,32,2,3,40,18,0,16
34,60,No,Travel_Rarely,1499,Research & Development,1,4,Other,1,3,Male,30,3,1,Research Scientist,3,Married,1009,2094,3,Y,No,25,3,3,80,2,40,2,3,0,0,0,0
35,60,No,Travel_Rarely,1499,Research & Development,1,2,Medical,1,3,Female,30,3,2,Manufacturing Director,4,Divorced,19999,26999,1,Y,No,11,3,3,80,0,40,4,2,40,18,15,17
36,60,Yes,Travel_Rarely,102,Sales,29,1,Medical,1,3,Female,30,4,2,Manufacturing Director,4,Married,1009,2094,1,Y,No,25,4,4,80,1,40,3,3,40,18,15,17
37,18,No,Travel_Rarely,1499,Research & Development,29,3,Other,1,4,Male,30,3,2,Sales Executive,3,Married,1009,2094,4,Y,No,25,3,3,80,2,40,2,3,0,0,0,0
38,60,No,Travel_Rarely,1499,Research & Development,1,4,Medical,1,1,Male,30,3,1,Laboratory Technician,4,Married,19999,2094,0,Y,No,24,3,1,80,3,40,3,1,40,0,15,0
39,60,No,Travel_Rarely,1499,Research & Development,1,2,Life Sciences,1,3,Female,30,3,2,Manufacturing Director,4,Married,19999,2094,1,Y,No,11,3,3,80,0,40,2,2,40,18,15,17
40,60,Yes,Travel_Rarely,102,Sales,29,3,Medical,1,3,Male,30,3,2,Research Scientist,3,Married,1009,2094,5,Y,No,11,3,3,80,0,40,5,3,0,0,0,0
41,60,No,Travel_Rarely,1499,Research & Development,1,4,Life Sciences,1,1,Female,99,2,1,Research Scientist,4,Married,1009,22115,8,Y,No,25,3,3,80,1,40,3,3,0,0,0,0
42,60,No,Travel_Rarely,102,Sales,1,2,Medical,1,2,Female,100,4,3,Sales Executive,3,Married,1009,2094,0,Y,No,25,4,3,80,1,40,3,3,40,18,15,17
43,60,No,Travel_Rarely,1499,Research & Development,1,1,Life Sciences,1,3,Male,30,2,1,Research Scientist,4,Married,1009,26999,1,Y,No,11,3,3,80,0,40,3,3,0,0,0,0
44,60,No,Travel_Rarely,102,Sales,29,5,Medical,1,2,Female,100,4,2,Sales Executive,3,Married,1009,2094,1,Y,No,25,4,2,80,1,40,3,3,40,18,15,17
45,18,No,Travel_Rarely,102,Sales,1,2,Life Sciences,1,3,Female,30,3,2,Manufacturing Director,4,Married,19999,26842,1,Y,No,11,3,3,80,0,40,2,3,40,18,0,17
46,60,No,Travel_Rarely,102,Research & Development,1,4,Life Sciences,1,4,Male,30,2,1,Human Resources,3,Married,19999,26999,1,Y,No,11,3,3,80,0,0,1,3,40,0,0,0
47,60,No,Travel_Rarely,1499,Research & Development,1,4,Life Sciences,1,1,Female,30,2,1,Research Scientist,3,Married,1009,2094,8,Y,No,25,3,3,80,2,40,2,3,0,0,0,0
48,60,Yes,Travel_Rarely,102,Research & Development,29,4,Medical,1,3,Female,100,4,3,Healthcare Representative,4,Married,1009,2094,1,Y,No,11,3,4,80,1,40,3,2,40,18,15,17
49,60,No,Travel_Rarely,1499,Research & Development,1,4,Medical,1,3,Female,30,3,2,Healthcare Representative,4,Married,19999,2094,1,Y,No,11,3,4,80,0,40,3,2,40,18,15,17
50,60,Yes,Travel_Rarely,102,Research & Development,29,4,Medical,1,3,Female,100,2,3,Healthcare Representative,4,Married,1009,2094,1,Y,No,11,3,4,80,1,40,3,2,40,18,15,17
51,18,No,Travel_Rarely,1499,Sales,29,3,Other,1,2,Male,30,3,1,Research Scientist,3,Married,1009,2094,3,Y,No,25,3,3,80,2,40,2,3,0,0,0,0
52,59,No,Travel_Rarely,114,Sales,1,4,Life Sciences,1,3,Female,30,3,2,Manufacturing Director,4,Married,19999,2094,1,Y,No,11,3,3,80,0,40,2,3,40,18,15,17
53,60,No,Travel_Rarely,1499,Research & Development,1,4,Life Sciences,1,1,Female,30,2,1,Laboratory Technician,3,Married,1009,2094,4,Y,No,25,3,2,80,1,40,3,2,0,0,0,0
54,60,No,Travel_Rarely,1499,Research & Development,29,3,Medical,1,4,Male,30,3,1,Research Scientist,3,Married,1009,26999,4,Y,No,25,3,3,80,2,40,2,3,0,0,0,0
55,60,No,Travel_Rarely,1499,Research & Development,1,4,Life Sciences,1,1,Male,30,2,1,Research Scientist,3,Married,1009,2094,8,Y,No,25,3,3,80,2,40,2,3,0,0,0,0
56,60,Yes,Travel_Rarely,102,Research & Development,29,4,Medical,1,4,Female,100,2,3,Healthcare Representative,4,Married,1009,26998,1,Y,No,11,3,4,80,1,40,3,2,40,0,15,17
57,60,Yes,Travel_Rarely,102,Research & Development,29,4,Medical,1,3,Female,100,2,3,Healthcare Representative,4,Married,1009,2094,1,Y,No,25,3,4,80,1,40,3,3,40,18,15,17
58,60,No,Travel_Rarely,102,Research & Development,1,1,Medical,1,3,Female,30,4,3,Manager,4,Married,1030,2094,1,Y,No,11,3,4,80,1,40,3,3,40,18,15,17
59,60,No,Travel_Rarely,1499,Research & Development,1,4,Life Sciences,1,1,Male,30,2,1,Laboratory Technician,4,Married,4833,2094,4,Y,No,25,3,2,80,1,6,3,2,0,0,0,0
60,60,No,Travel_Rarely,1499,Research & Development,29,3,Medical,1,4,Male,30,3,2,Research Scientist,3,Married,1009,2094,2,Y,No,25,3,3,80,2,40,2,3,0,0,0,0
61,60,Yes,Travel_Rarely,102,Research & Development,1,4,Medical,1,3,Female,100,4,3,Healthcare Representative,4,Married,1009,2094,1,Y,No,11,3,4,80,1,40,3,3,40,18,15,17
62,60,Yes,Travel_Rarely,1499,Sales,29,1,Medical,1,4,Male,30,3,3,Research Scientist,4,Married,19999,26999,2,Y,No,25,3,2,80,1,40,4,3,40,18,15,0
63,60,No,Travel_Rarely,1499,Research & Development,1,4,Life Sciences,1,1,Male,30,2,1,Research Scientist,3,Married,1009,26999,8,Y,No,24,3,3,80,2,40,2,3,0,0,0,0
64,59,Yes,Travel_Rarely,102,Research & Development,28,1,Medical,1,3,Female,65,2,4,Research Director,4,Married,19689,2094,1,Y,No,11,3,4,80,1,40,3,3,40,18,15,17
65,51,No,Travel_Rarely,1151,Research & Development,22,2,Medical,1,4,Female,83,3,5,Research Director,1,Divorced,19285,7670,5,Y,No,14,3,1,80,1,23,4,2,8,2,1,3
66,44,No,Travel_Rarely,1205,Research & Development,19,4,Medical,1,4,Male,49,3,1,Research Scientist,2,Divorced,2776,4244,1,Y,Yes,15,3,2,80,3,10,3,3,10,8,7,9
67,60,No,Travel_Rarely,1499,Research & Development,29,3,Medical,1,4,Male,30,3,1,Research Scientist,3,Married,1009,26999,4,Y,No,25,3,3,80,2,40,2,3,0,0,0,0
68,60,No,Travel_Rarely,1499,Research & Development,1,4,Medical,1,4,Male,30,3,1,Research Scientist,3,Married,1009,26999,4,Y,No,25,3,3,80,2,40,2,3,0,0,0,0
69,60,No,Travel_Rarely,1499,Research & Development,1,4,Medical,1,4,Male,30,2,3,Sales Executive,4,Married,19999,26820,0,Y,No,11,3,4,80,1,40,3,2,40,0,15,17
70,60,Yes,Travel_Rarely,102,Research & Development,1,4,Medical,1,4,Female,100,4,3,Healthcare Representative,4,Married,1009,2094,1,Y,No,11,3,4,80,1,40,3,3,40,18,15,17
71,18,No,Travel_Rarely,102,Sales,1,2,Life Sciences,1,3,Female,30,3,1,Manufacturing Director,4,Married,19999,2094,1,Y,No,11,3,3,80,0,40,2,3,40,0,0,0
72,60,No,Travel_Rarely,102,Research & Development,1,3,Medical,1,4,Female,30,2,2,Healthcare Representative,1,Married,19999,26999,2,Y,No,25,3,3,80,0,0,3,1,40,18,15,0
73,60,No,Travel_Rarely,1499,Research & Development,1,4,Life Sciences,1,4,Male,30,1,1,Laboratory Technician,4,Married,19999,26999,0,Y,No,25,3,1,80,3,0,3,1,40,0,0,0
74,60,No,Travel_Rarely,1499,Research & Development,1,4,Life Sciences,1,1,Female,30,3,1,Research Scientist,3,Married,1009,2094,8,Y,No,25,3,3,80,2,40,2,3,0,0,0,0
75,60,Yes,Travel_Rarely,102,Research & Development,29,4,Medical,1,3,Female,30,2,3,Healthcare Representative,4,Married,1009,2094,1,Y,No,25,3,4,80,1,40,3,3,40,18,15,17
76,60,Yes,Travel_Rarely,102,Research & Development,1,4,Medical,1,3,Female,100,2,3,Manufacturing Director,4,Married,1009,2094,1,Y,No,11,3,4,80,1,40,3,2,40,18,15,17
77,60,No,Travel_Rarely,1499,Research & Development,1,4,Life Sciences,1,4,Male,30,1,1,Laboratory Technician,4,Married,19999,26999,1,Y,No,25,3,1,80,1,0,3,1,0,0,0,0
78,44,No,Travel_Rarely,532,Research & Development,2,3,Technical Degree,1,4,Female,53,3,2,Manufacturing Director,2,Single,4602,18350,1,Y,Yes,12,3,2,80,0,12,4,3,9,6,12,8
79,60,Yes,Travel_Rarely,102,Research & Development,29,4,Medical,1,3,Female,100,2,3,Healthcare Representative,4,Married,1009,2094,1,Y,No,23,3,4,80,1,40,3,2,40,18,15,17
80,60,Yes,Travel_Rarely,102,Research & Development,1,1,Medical,1,4,Female,30,4,3,Manager,4,Married,2923,2094,1,Y,No,11,3,4,80,1,40,3,2,40,18,15,0
81,60,Yes,Travel_Rarely,102,Research & Development,1,1,Medical,1,4,Female,30,2,4,Manager,4,Married,19999,26999,1,Y,No,11,3,4,80,1,40,4,2,40,18,15,0
82,60,No,Travel_Rarely,1499,Research & Development,1,4,Medical,1,3,Female,30,3,5,Manufacturing Director,4,Married,1009,2094,1,Y,No,11,3,4,80,1,40,4,2,40,18,15,17
83,60,Yes,Travel_Rarely,102,Research & Development,1,4,Medical,1,3,Female,30,3,3,Healthcare Representative,4,Married,1009,2094,1,Y,No,11,3,4,80,1,40,3,2,40,18,15,17
84,18,No,Travel_Rarely,1499,Research & Development,1,4,Other,1,4,Male,30,3,1,Research Scientist,3,Married,1009,2094,3,Y,No,25,3,3,80,2,40,2,3,0,0,0,0
85,18,Yes,Travel_Rarely,1499,Sales,1,3,Life Sciences,1,3,Male,30,2,1,Research Scientist,3,Single,1009,2094,2,Y,No,25,3,3,80,2,40,2,3,0,0,0,0
86,60,Yes,Travel_Rarely,1499,Research & Development,1,4,Medical,1,4,Male,30,3,1,Research Scientist,3,Married,1009,26999,4,Y,No,25,3,3,80,2,40,5,3,0,0,0,0
87,60,No,Travel_Rarely,1499,Research & Development,1,1,Medical,1,4,Male,30,2,2,Sales Executive,4,Married,19999,26999,0,Y,No,11,3,2,80,1,40,3,2,40,0,15,0
88,18,No,Travel_Rarely,1499,Research & Development,1,4,Medical,1,4,Male,30,3,2,Research Scientist,3,Married,1009,26999,4,Y,No,25,3,3,80,2,40,2,3,0,0,0,0
89,18,No,Travel_Rarely,1499,Research & Development,29,3,Medical,1,4,Male,30,3,2,Sales Executive,3,Married,1009,2094,4,Y,No,25,3,3,80,2,40,2,3,0,0,0,0
90,60,No,Travel_Rarely,1499,Research & Development,29,4,Medical,1,4,Male,30,3,1,Research Scientist,3,Married,1009,2094,4,Y,No,25,3,3,80,2,40,2,3,0,0,0,0
91,60,No,Travel_Rarely,1499,Research & Development,1,4,Life Sciences,1,3,Male,30,2,1,Research Scientist,4,Married,1009,26999,8,Y,No,11,3,2,80,1,40,3,3,0,0,0,0
92,60,No,Travel_Rarely,1499,Research & Development,29,4,Medical,1,4,Male,30,3,1,Research Scientist,3,Married,1009,26999,4,Y,No,25,3,3,80,2,40,2,3,0,0,0,0
93,39,No,Travel_Rarely,895,Research & Development,1,3,Other,1,2,Female,55,2,3,Research Scientist,4,Married,6902,20707,0,Y,No,14,3,1,80,3,14,5,1,11,8,14,9
94,60,Yes,Travel_Rarely,102,Sales,29,4,Medical,1,3,Female,30,2,3,Healthcare Representative,4,Married,1009,2094,1,Y,No,11,3,4,80,1,40,3,2,40,18,15,0
95,60,No,Travel_Rarely,1499,Research & Development,1,4,Life Sciences,1,4,Male,30,2,1,Research Scientist,4,Married,1009,26999,4,Y,No,25,3,2,80,1,0,3,2,0,0,0,0
96,60,Yes,Travel_Rarely,102,Research & Development,29,4,Medical,1,3,Female,100,2,3,Healthcare Representative,4,Married,1009,2094,0,Y,No,11,3,4,80,1,40,3,3,40,18,15,17
97,60,Yes,Travel_Rarely,102,Research & Development,1,4,Medical,1,3,Female,58,2,4,Manager,4,Married,19850,2100,1,Y,No,11,3,4,80,1,40,3,2,40,18,15,16
98,60,No,Travel_Rarely,102,Sales,29,5,Medical,1,2,Female,100,4,2,Sales Executive,1,Married,1009,2094,1,Y,No,25,4,3,80,1,40,3,3,40,18,15,17
99,44,No,Travel_Rarely,1498,Research & Development,28,3,Medical,1,1,Male,44,4,1,Laboratory Technician,3,Divorced,1535,26991,5,Y,No,17,3,1,80,2,21,2,2,0,0,0,0
100,59,No,Travel_Rarely,275,Research & Development,29,4,Life Sciences,1,3,Female,99,2,3,Healthcare Representative,4,Married,8957,2566,1,Y,No,11,3,2,80,1,39,3,3,40,18,15,16
101,18,Yes,Travel_Rarely,102,Sales,1,4,Life Sciences,1,3,Female,30,3,1,Manufacturing Director,4,Married,19999,2094,1,Y,No,11,3,3,80,0,0,1,3,40,0,0,0
102,60,No,Travel_Rarely,1499,Research & Development,1,3,Life Sciences,1,2,Female,30,3,1,Research Scientist,3,Married,1009,26999,1,Y,No,11,3,3,80,0,0,5,3,40,0,0,0
103,49,No,Travel_Rarely,1401,Research & Development,3,3,Life Sciences,1,3,Female,83,3,4,Manufacturing Director,3,Single,16586,9266,1,Y,Yes,16,3,2,80,0,22,2,3,31,9,15,16
104,18,Yes,Travel_Rarely,102,Sales,1,3,Life Sciences,1,3,Male,30,3,1,Research Scientist,4,Single,1009,2094,1,Y,No,25,3,3,80,1,0,2,3,0,0,0,0
105,60,No,Travel_Rarely,1499,Research & Development,1,4,Medical,1,3,Male,30,3,1,Research Scientist,3,Married,1009,26999,4,Y,No,25,3,3,80,2,40,2,3,0,0,0,0
106,60,Yes,Travel_Rarely,102,Research & Development,1,4,Medical,1,3,Female,100,4,3,Healthcare Representative,2,Married,1009,2094,1,Y,No,11,3,4,80,1,40,3,3,40,18,15,17
107,60,No,Travel_Rarely,102,Sales,29,1,Medical,1,2,Female,30,3,3,Manager,3,Married,19999,2094,0,Y,No,25,4,2,80,1,40,3,3,40,18,15,0
108,18,No,Non-Travel,102,Sales,1,2,Life Sciences,1,3,Male,30,3,1,Research Scientist,4,Single,1009,2094,1,Y,No,25,3,3,80,1,0,2,3,0,0,0,0
109,18,No,Travel_Rarely,102,Sales,1,4,Life Sciences,1,3,Female,30,3,2,Manufacturing Director,4,Married,19999,26999,1,Y,No,11,3,3,80,0,40,2,3,40,18,0,17
110,60,Yes,Travel_Rarely,102,Research & Development,29,4,Medical,1,4,Female,100,2,3,Healthcare Representative,4,Married,1009,2094,1,Y,No,24,3,4,80,1,40,3,3,40,18,15,17
111,60,Yes,Travel_Rarely,102,Research & Development,1,4,Medical,1,3,Female,30,2,3,Manufacturing Director,4,Married,1009,2094,1,Y,No,11,3,4,80,1,40,3,2,40,18,15,17
112,60,Yes,Travel_Rarely,102,Research & Development,29,4,Medical,1,4,Female,100,2,3,Healthcare Representative,4,Married,1009,2094,1,Y,No,25,3,4,80,1,40,3,3,40,18,15,17
113,18,No,Travel_Rarely,1499,Research & Development,1,4,Other,1,4,Male,30,3,1,Research Scientist,3,Married,1009,2094,3,Y,No,25,3,3,80,2,40,2,3,0,0,0,0
114,18,No,Travel_Rarely,102,Sales,1,4,Life Sciences,1,3,Female,30,3,2,Manufacturing Director,4,Married,19999,2094,1,Y,No,11,3,3,80,0,40,2,3,40,18,15,17
115,60,No,Travel_Rarely,1499,Research & Development,1,4,Medical,1,4,Male,30,3,1,Laboratory Technician,4,Married,19999,24828,0,Y,No,11,3,1,80,3,40,3,1,40,0,15,0
116,60,Yes,Travel_Rarely,102,Research & Development,29,4,Medical,1,4,Female,100,3,3,Healthcare Representative,4,Married,1009,2094,1,Y,No,11,3,4,80,1,40,3,2,40,18,15,17
117,60,No,Travel_Rarely,1499,Research & Development,29,3,Medical,1,4,Male,30,3,1,Research Scientist,3,Married,1009,26999,4,Y,No,25,3,3,80,2,40,5,3,0,0,0,0
118,60,No,Travel_Rarely,1499,Research & Development,1,4,Medical,1,4,Male,30,3,1,Research Scientist,3,Married,1009,26999,4,Y,No,25,3,3,80,2,40,5,3,0,0,0,0
119,18,No,Travel_Rarely,1499,Research & Development,1,3,Other,1,4,Female,30,3,2,Sales Executive,3,Married,1009,2094,4,Y,No,25,3,3,80,2,40,2,3,0,0,0,0
120,18,No,Travel_Rarely,1499,Research & Development,29,3,Medical,1,3,Male,30,3,2,Healthcare Representative,3,Married,1009,2094,2,Y,No,25,3,3,80,2,40,2,3,0,0,0,0
121,60,No,Travel_Rarely,102,Sales,1,2,Life Sciences,1,3,Female,30,3,2,Manufacturing Director,4,Married,19999,26999,1,Y,No,11,3,3,80,0,40,2,3,40,18,15,17
122,18,No,Travel_Rarely,1499,Sales,29,3,Medical,1,2,Male,30,3,2,Sales Executive,3,Married,1009,2094,5,Y,No,25,3,3,80,2,40,5,3,0,0,0,0
123,60,Yes,Travel_Rarely,102,Research & Development,29,4,Medical,1,4,Female,99,2,3,Healthcare Representative,4,Married,1009,2094,1,Y,No,25,3,4,80,1,40,3,3,40,18,15,17
124,60,No,Travel_Rarely,1499,Research & Development,1,1,Life Sciences,1,4,Male,30,2,1,Sales Representative,4,Married,1009,26999,1,Y,No,11,3,2,80,0,0,3,3,0,0,0,0
125,60,No,Travel_Rarely,1499,Research & Development,1,4,Medical,1,3,Female,30,3,3,Manufacturing Director,4,Married,1009,2094,1,Y,No,11,3,4,80,1,40,4,2,40,18,15,17
126,60,No,Travel_Rarely,1499,Research & Development,1,3,Life Sciences,1,1,Female,100,2,1,Research Scientist,3,Married,1009,26999,8,Y,No,11,3,3,80,1,0,3,3,0,0,0,0
127,60,Yes,Travel_Rarely,102,Research & Development,29,4,Medical,1,3,Female,51,2,3,Healthcare Representative,4,Married,1009,2094,1,Y,No,24,3,4,80,1,40,3,2,40,18,15,17
128,60,No,Travel_Rarely,102,Sales,29,1,Medical,1,2,Female,100,4,2,Sales Executive,3,Married,1009,2094,1,Y,No,25,4,2,80,1,40,3,3,40,18,15,17
129,18,No,Travel_Frequently,102,Sales,1,4,Life Sciences,1,1,Female,30,3,1,Manufacturing Director,4,Married,1088,2094,1,Y,No,11,3,3,80,0,0,4,3,40,0,0,0
130,60,Yes,Travel_Rarely,102,Research & Development,1,4,Medical,1,3,Female,100,2,3,Laboratory Technician,4,Married,1009,2094,1,Y,No,11,3,4,80,1,40,3,2,40,18,15,17
131,60,No,Travel_Rarely,1499,Research & Development,1,3,Life Sciences,1,3,Male,100,2,1,Research Scientist,4,Married,1009,2094,1,Y,No,25,3,3,80,1,40,3,3,0,0,0,0
132,60,No,Travel_Rarely,102,Sales,29,1,Medical,1,2,Female,100,4,2,Sales Representative,1,Married,1009,2094,1,Y,No,25,4,3,80,1,40,3,3,40,18,15,17
133,60,Yes,Travel_Rarely,1499,Research & Development,1,1,Life Sciences,1,4,Male,30,2,1,Research Scientist,4,Married,1009,26999,1,Y,No,25,3,2,80,0,0,3,3,0,0,0,0
134,60,Yes,Travel_Rarely,102,Research & Development,1,4,Medical,1,3,Female,53,2,3,Healthcare Representative,4,Married,13279,2094,1,Y,No,11,3,4,80,1,40,3,2,40,18,15,17
135,60,No,Travel_Rarely,1499,Research & Development,1,4,Life Sciences,1,4,Male,30,1,1,Laboratory Technician,4,Married,19999,2094,0,Y,No,25,3,1,80,3,0,3,1,0,0,0,0
136,60,Yes,Travel_Rarely,102,Research & Development,1,4,Medical,1,3,Female,30,2,4,Manufacturing Director,4,Married,17184,2094,1,Y,No,11,3,4,80,1,40,3,2,40,18,15,17
137,18,Yes,Travel_Rarely,1499,Sales,1,3,Life Sciences,1,4,Male,30,3,1,Research Scientist,4,Married,1009,2094,3,Y,No,25,3,3,80,2,40,2,3,0,0,0,0
138,60,No,Travel_Rarely,1499,Research & Development,1,4,Life Sciences,1,3,Male,30,2,1,Research Scientist,4,Married,1009,26999,1,Y,No,11,3,3,80,1,40,3,3,0,0,0,0
139,60,Yes,Travel_Rarely,102,Research & Development,1,4,Medical,1,3,Female,100,2,3,Manufacturing Director,4,Married,1009,2094,1,Y,No,11,3,4,80,1,40,3,3,40,18,15,17
140,60,Yes,Travel_Rarely,102,Research & Development,1,4,Medical,1,3,Female,100,4,3,Healthcare Representative,4,Married,1009,2094,1,Y,No,11,3,4,80,1,40,3,2,40,18,15,17
141,60,No,Travel_Rarely,1499,Research & Development,1,4,Life Sciences,1,3,Male,30,2,1,Research Scientist,4,Married,1009,26999,4,Y,No,25,3,3,80,1,40,3,3,0,0,0,0
142,60,No,Travel_Rarely,1499,Research & Development,1,3,Life Sciences,1,3,Female,30,2,1,Research Scientist,4,Married,1009,26999,1,Y,No,11,3,3,80,0,40,3,3,0,0,0,0
143,42,No,Travel_Frequently,112,Research & Development,27,3,Life Sciences,1,1,Female,86,3,1,Research Scientist,4,Divorced,2413,25476,1,Y,No,20,3,4,80,1,2,0,3,1,0,0,2
144,18,Yes,Travel_Rarely,102,Sales,1,3,Life Sciences,1,3,Male,30,2,1,Research Scientist,4,Married,1009,26999,1,Y,No,25,3,3,80,1,0,2,3,0,0,0,0
145,60,Yes,Travel_Rarely,102,Research & Development,29,4,Medical,1,4,Female,100,2,3,Healthcare Representative,4,Married,1009,2094,1,Y,No,25,3,4,80,1,40,3,2,40,18,15,17
146,60,No,Travel_Rarely,1499,Research & Development,1,4,Life Sciences,1,1,Female,30,2,1,Research Scientist,4,Married,1009,2094,8,Y,No,25,3,3,80,1,40,3,3,0,0,0,0
147,60,Yes,Travel_Rarely,102,Research & Development,1,4,Medical,1,3,Female,30,2,3,Healthcare Representative,4,Married,1009,2094,1,Y,No,11,3,4,80,1,40,3,2,40,4,15,17
148,60,No,Travel_Rarely,1499,Research & Development,1,5,Medical,1,4,Female,30,2,2,Sales Executive,4,Married,19999,26999,0,Y,No,11,3,4,80,1,40,1,3,40,0,15,0
149,18,No,Travel_Rarely,1499,Sales,29,3,Other,1,3,Male,30,3,1,Healthcare Representative,3,Married,1009,2094,3,Y,No,11,3,3,80,2,40,2,3,0,0,0,0
150,60,Yes,Travel_Rarely,102,Research & Development,29,4,Medical,1,4,Female,30,2,3,Healthcare Representative,4,Married,1009,2094,1,Y,No,11,3,4,80,1,40,3,2,40,18,15,17
151,60,No,Travel_Rarely,102,Research & Development,1,4,Life Sciences,1,1,Male,30,2,1,Sales Executive,4,Married,19999,26999,1,Y,No,11,3,3,80,1,40,1,3,40,0,0,0
152,60,No,Travel_Rarely,1499,Research & Development,29,3,Medical,1,4,Male,30,3,1,Research Scientist,3,Married,1009,26999,2,Y,No,25,3,3,80,2,40,2,3,0,0,0,0
153,18,No,Travel_Rarely,102,Research & Development,1,1,Life Sciences,1,4,Male,30,1,1,Sales Representative,4,Married,1009,26999,1,Y,No,11,3,3,80,0,0,5,3,0,0,0,0
154,60,Yes,Travel_Rarely,1499,Research & Development,29,4,Medical,1,4,Male,30,3,1,Research Scientist,3,Married,1009,26999,4,Y,No,25,3,3,80,2,40,5,3,0,0,0,0
155,60,Yes,Travel_Rarely,1499,Sales,28,3,Medical,1,4,Male,30,3,1,Research Scientist,3,Married,1009,26999,4,Y,No,24,3,3,80,2,40,5,3,0,0,0,0
156,18,No,Non-Travel,102,Research & Development,1,3,Life Sciences,1,4,Male,30,3,1,Research Scientist,4,Single,1009,2094,1,Y,No,24,3,3,80,0,0,2,3,0,0,0,0
157,59,Yes,Travel_Rarely,1499,Sales,1,3,Life Sciences,1,3,Male,30,3,1,Research Scientist,3,Married,1009,26999,4,Y,No,25,3,3,80,1,40,5,3,0,0,0,0
158,18,Yes,Travel_Rarely,1499,Sales,1,3,Other,1,4,Male,30,3,1,Research Scientist,3,Married,1009,2094,3,Y,No,25,3,3,80,2,40,2,3,0,0,0,0
159,18,Yes,Travel_Rarely,102,Sales,1,2,Life Sciences,1,3,Female,30,3,2,Manufacturing Director,4,Married,19999,2094,1,Y,No,11,3,3,80,0,0,2,3,40,0,0,0
160,60,No,Travel_Rarely,1499,Research & Development,1,2,Medical,1,4,Female,30,2,5,Sales Executive,4,Married,19999,2094,0,Y,No,11,3,4,80,1,40,3,3,40,0,15,17
161,58,No,Travel_Rarely,1499,Research & Development,24,4,Medical,1,1,Male,30,3,1,Research Scientist,3,Married,1968,26999,4,Y,No,17,3,2,80,2,31,5,2,0,0,0,0
162,60,Yes,Travel_Rarely,102,Research & Development,1,4,Medical,1,3,Female,100,2,3,Manufacturing Director,4,Married,1009,2094,1,Y,No,11,3,4,80,1,40,3,2,40,18,15,17
163,60,No,Travel_Rarely,1499,Research & Development,1,4,Life Sciences,1,3,Male,30,2,1,Research Scientist,4,Married,1009,26999,8,Y,No,24,3,3,80,2,40,3,3,0,0,0,0
164,60,Yes,Travel_Rarely,102,Research & Development,29,4,Medical,1,4,Female,48,2,3,Healthcare Representative,4,Married,1009,2094,1,Y,No,11,3,4,80,1,40,3,2,40,18,15,17
165,60,No,Travel_Rarely,1499,Research & Development,1,4,Life Sciences,1,4,Male,30,1,1,Research Scientist,4,Married,1009,26999,0,Y,No,11,3,1,80,1,0,3,1,10,0,0,0
166,59,No,Travel_Rarely,251,Research & Development,28,5,Life Sciences,1,4,Female,46,2,4,Manufacturing Director,4,Married,17096,2096,1,Y,No,16,3,4,80,1,39,3,3,39,17,15,9
167,18,No,Travel_Rarely,102,Sales,1,4,Life Sciences,1,3,Female,30,3,2,Manufacturing Director,4,Married,19999,2094,1,Y,No,11,3,3,80,0,40,2,3,40,18,0,17
168,60,Yes,Travel_Rarely,102,Research & Development,29,4,Medical,1,4,Female,30,2,3,Healthcare Representative,4,Married,1009,2094,1,Y,No,25,3,4,80,1,40,3,3,40,18,15,17
169,60,No,Travel_Rarely,102,Sales,1,2,Life Sciences,1,3,Female,30,3,2,Manufacturing Director,4,Married,19999,2094,1,Y,No,11,3,3,80,0,40,2,3,40,18,15,17
170,60,Yes,Travel_Rarely,102,Research & Development,1,4,Medical,1,3,Female,100,2,3,Manufacturing Director,4,Married,1009,2094,0,Y,No,11,3,4,80,1,40,3,3,40,18,15,17
171,60,No,Travel_Rarely,1499,Research & Development,1,4,Life Sciences,1,4,Male,30,4,1,Laboratory Technician,4,Married,19999,2094,0,Y,No,25,3,1,80,1,0,3,1,0,0,0,0
172,60,No,Travel_Rarely,1498,Research & Development,1,4,Life Sciences,1,3,Female,30,3,3,Manufacturing Director,4,Married,19996,2094,1,Y,No,11,3,4,80,0,40,2,2,40,18,15,17
173,60,No,Travel_Rarely,1499,Research & Development,1,3,Life Sciences,1,3,Female,30,2,1,Research Scientist,4,Married,1009,26999,1,Y,No,11,3,3,80,0,19,3,3,0,0,0,0
174,60,No,Travel_Rarely,102,Sales,29,5,Medical,1,2,Female,100,4,3,Sales Executive,3,Married,1009,2094,2,Y,No,25,4,3,80,1,40,3,3,40,18,15,17
175,60,No,Travel_Rarely,1499,Research & Development,1,4,Life Sciences,1,4,Male,30,1,1,Research Scientist,4,Married,1009,26999,1,Y,No,11,3,1,80,1,0,3,1,0,0,0,0
176,60,Yes,Travel_Rarely,102,Research & Development,1,4,Medical,1,3,Female,30,2,3,Manufacturing Director,4,Married,1012,2094,1,Y,No,11,3,4,80,1,40,3,2,40,18,15,17
177,60,Yes,Travel_Rarely,102,Research & Development,1,4,Medical,1,4,Female,30,2,3,Healthcare Representative,4,Married,1009,2094,1,Y,No,11,3,4,80,1,40,4,2,40,18,15,0
178,60,No,Travel_Rarely,102,Sales,1,2,Life Sciences,1,3,Female,30,3,2,Manufacturing Director,4,Married,19999,26999,1,Y,No,11,3,3,80,0,40,2,3,40,18,0,17
179,60,No,Travel_Rarely,1499,Research & Development,1,4,Medical,1,4,Male,30,2,2,Sales Executive,4,Married,19999,26948,0,Y,No,11,4,4,80,3,40,3,1,40,0,15,0
180,60,No,Travel_Rarely,1499,Research & Development,1,4,Life Sciences,1,4,Male,30,1,1,Research Scientist,4,Married,13478,26999,1,Y,No,25,3,1,80,1,0,3,1,0,0,0,0
181,60,No,Travel_Rarely,1499,Research & Development,1,4,Life Sciences,1,1,Female,49,3,1,Research Scientist,3,Married,1009,2094,8,Y,No,25,3,3,80,2,40,2,3,0,0,0,0
182,60,Yes,Travel_Rarely,102,Research & Development,29,4,Medical,1,3,Female,99,2,3,Healthcare Representative,4,Married,3137,2096,1,Y,No,24,3,4,80,1,40,3,2,40,18,15,17
183,60,Yes,Travel_Rarely,1499,Sales,28,3,Life Sciences,1,3,Male,30,3,1,Research Scientist,3,Married,1009,26999,4,Y,No,25,3,3,80,1,40,5,3,0,0,0,0
184,31,No,Travel_Rarely,1499,Research & Development,29,3,Medical,1,2,Male,30,3,2,Healthcare Representative,3,Married,1009,2094,2,Y,No,25,3,3,80,2,40,2,3,0,0,0,0
185,60,No,Travel_Rarely,1499,Research & Development,1,2,Life Sciences,1,3,Female,30,3,2,Manufacturing Director,4,Married,19999,26999,1,Y,No,11,3,3,80,0,40,2,2,40,18,15,17
186,60,No,Travel_Rarely,102,Sales,29,1,Medical,1,2,Female,30,4,2,Sales Representative,1,Married,1009,2094,1,Y,No,25,4,3,80,1,40,3,3,40,18,15,17
187,60,Yes,Travel_Rarely,102,Research & Development,18,4,Medical,1,3,Female,30,2,3,Healthcare Representative,4,Married,1009,2094,1,Y,No,11,3,4,80,1,40,3,2,40,18,15,17
188,60,No,Travel_Rarely,1499,Research & Development,1,5,Medical,1,4,Male,30,2,2,Sales Executive,4,Married,19999,26999,0,Y,No,11,3,2,80,1,40,3,2,40,0,15,0
189,60,No,Travel_Rarely,1499,Research & Development,29,3,Other,1,3,Male,30,3,1,Research Scientist,3,Married,1009,2094,3,Y,No,25,3,3,80,2,40,2,3,0,0,0,0
190,56,No,Travel_Rarely,1499,Research & Development,1,4,Life Sciences,1,4,Male,72,4,2,Laboratory Technician,4,Married,16073,2094,0,Y,No,25,4,2,80,1,29,2,1,15,0,0,0
191,18,Yes,Travel_Rarely,1499,Sales,1,3,Life Sciences,1,3,Male,30,3,1,Research Scientist,3,Married,1009,2094,1,Y,No,25,3,3,80,2,0,2,3,0,0,0,0
192,18,No,Travel_Rarely,1499,Sales,29,3,Other,1,3,Male,30,3,1,Research Scientist,3,Married,1009,2094,3,Y,No,25,3,3,80,2,40,2,3,0,0,0,0
193,60,No,Travel_Rarely,1499,Research & Development,1,4,Life Sciences,1,4,Male,30,1,1,Research Scientist,4,Married,1009,26999,1,Y,No,24,3,2,80,1,0,3,1,0,0,0,0
194,18,Yes,Travel_Rarely,1499,Sales,1,3,Life Sciences,1,3,Male,30,2,1,Research Scientist,4,Single,1009,2094,3,Y,No,25,3,3,80,2,40,2,3,0,0,0,0
195,50,No,Travel_Rarely,1224,Research & Development,2,4,Life Sciences,1,1,Male,53,3,1,Laboratory Technician,1,Married,2613,23015,1,Y,No,11,3,3,80,3,2,3,2,2,0,7,7
196,60,No,Travel_Rarely,1499,Research & Development,1,4,Life Sciences,1,4,Male,30,4,1,Research Scientist,4,Married,19999,2244,4,Y,No,25,3,2,80,1,0,3,2,0,0,0,0
197,60,No,Travel_Rarely,1499,Research & Development,1,4,Life Sciences,1,3,Female,30,2,1,Research Scientist,4,Married,1009,26999,8,Y,No,24,3,3,80,1,40,3,3,0,0,0,0
198,60,No,Travel_Rarely,1499,Research & Development,29,3,Medical,1,4,Male,30,3,1,Research Scientist,3,Married,1009,26999,2,Y,No,25,3,3,80,2,40,5,3,0,0,0,0
199,60,Yes,Travel_Rarely,102,Research & Development,1,4,Medical,1,3,Female,30,3,3,Healthcare Representative,4,Married,16293,2094,1,Y,No,11,3,4,80,1,40,3,2,40,18,15,17
200,60,Yes,Travel_Rarely,1499,Research & Development,1,1,Life Sciences,1,3,Female,30,3,1,Research Scientist,3,Married,1009,26999,1,Y,No,11,3,3,80,0,0,5,3,40,0,0,0
201,60,No,Travel_Rarely,1499,Sales,1,4,Medical,1,4,Male,30,3,1,Research Scientist,3,Married,1009,26999,4,Y,No,25,3,3,80,2,40,5,3,0,0,0,0
202,60,No,Travel_Rarely,102,Sales,29,1,Medical,1,2,Female,100,4,2,Sales Executive,1,Married,1009,2094,1,Y,No,25,4,2,80,1,40,3,3,40,18,15,17
203,18,No,Travel_Rarely,102,Sales,1,2,Life Sciences,1,3,Female,30,3,2,Manufacturing Director,4,Married,19999,2094,1,Y,No,11,3,3,80,0,40,2,3,40,18,0,17
204,45,No,Travel_Rarely,102,Research & Development,27,1,Life Sciences,1,2,Male,64,2,5,Research Director,2,Married,19966,5406,1,Y,No,11,3,2,80,1,39,3,3,40,17,15,16
205,58,No,Travel_Rarely,1435,Sales,6,3,Life Sciences,1,3,Female,82,3,3,Sales Executive,4,Married,16315,5536,8,Y,No,11,3,4,80,0,19,2,2,12,15,15,7
206,32,No,Travel_Frequently,308,Sales,28,3,Medical,1,4,Female,63,2,2,Sales Executive,3,Single,4872,2941,1,Y,No,15,3,1,80,0,14,3,4,20,10,0,13
207,60,No,Travel_Rarely,102,Research & Development,29,1,Medical,1,3,Female,100,4,2,Manufacturing Director,3,Married,1009,2094,1,Y,No,25,4,4,80,1,40,3,3,40,18,15,17
208,60,No,Travel_Rarely,1499,Research & Development,1,4,Life Sciences,1,4,Male,30,3,2,Laboratory Technician,4,Married,19962,2094,1,Y,No,25,3,1,80,1,0,3,1,0,0,0,0
209,60,No,Travel_Rarely,1499,Research & Development,1,4,Life Sciences,1,4,Male,30,2,1,Laboratory Technician,4,Married,1009,2094,4,Y,No,25,3,2,80,1,0,3,2,0,0,0,0
210,18,No,Travel_Rarely,1499,Research & Development,29,3,Medical,1,2,Male,30,3,2,Healthcare Representative,3,Married,1009,2094,2,Y,No,25,3,3,80,2,40,2,3,0,0,0,0
211,41,No,Travel_Rarely,651,Human Resources,23,3,Life Sciences,1,1,Male,60,3,4,Manager,1,Married,9610,11480,2,Y,No,18,3,1,80,1,25,2,3,9,8,14,7
212,60,No,Travel_Rarely,1499,Research & Development,1,3,Life Sciences,1,3,Male,100,4,1,Research Scientist,4,Married,1009,26999,1,Y,No,11,3,3,80,0,40,3,3,0,0,0,0
213,48,No,Travel_Rarely,846,Research & Development,1,3,Life Sciences,1,1,Male,46,3,1,Research Scientist,3,Married,4801,11296,3,Y,No,14,3,4,80,0,10,3,3,5,1,0,2
214,60,No,Travel_Rarely,1499,Research & Development,1,4,Other,1,4,Male,30,3,1,Research Scientist,3,Married,1009,2094,4,Y,No,25,3,3,80,2,40,2,3,0,0,0,0
215,60,Yes,Travel_Rarely,102,Research & Development,1,4,Medical,1,3,Female,30,2,3,Manufacturing Director,4,Married,1010,2094,1,Y,No,11,3,4,80,1,40,3,2,40,18,15,17
216,53,No,Travel_Rarely,1364,Research & Development,2,2,Other,1,1,Male,70,2,2,Healthcare Representative,2,Single,7294,26994,3,Y,No,24,4,2,80,2,39,2,3,0,0,0,0
217,18,No,Travel_Rarely,102,Sales,1,2,Life Sciences,1,3,Female,30,3,2,Manufacturing Director,4,Married,19999,2094,1,Y,No,11,3,3,80,0,0,2,3,40,18,0,0
218,60,Yes,Travel_Rarely,102,Research & Development,1,4,Medical,1,3,Female,100,2,3,Healthcare Representative,4,Married,1009,2094,1,Y,No,11,3,4,80,1,40,3,2,40,18,15,17
219,34,No,Travel_Rarely,1315,Sales,1,2,Marketing,1,2,Male,37,3,2,Sales Executive,4,Married,5397,2561,0,Y,Yes,18,4,1,80,1,15,2,2,11,7,0,4
220,60,Yes,Travel_Rarely,102,Research & Development,1,4,Medical,1,3,Female,100,2,3,Healthcare Representative,4,Married,1009,2094,1,Y,No,11,3,4,80,1,40,3,2,40,18,15,16
221,60,No,Travel_Rarely,1499,Research & Development,1,4,Medical,1,4,Male,30,2,1,Laboratory Technician,4,Married,19999,26999,0,Y,No,11,4,1,80,3,40,3,1,40,0,15,0
222,60,Yes,Travel_Rarely,1499,Research & Development,29,4,Medical,1,4,Female,30,3,3,Healthcare Representative,4,Married,1009,26999,1,Y,No,11,3,4,80,1,40,3,2,40,0,15,17
223,60,No,Travel_Rarely,102,Research & Development,29,5,Medical,1,2,Female,33,3,3,Manager,3,Married,19999,2094,0,Y,No,25,4,2,80,1,40,3,3,40,18,15,17
224,60,No,Travel_Rarely,1499,Research & Development,1,4,Medical,1,3,Male,30,3,1,Research Scientist,3,Married,1009,26999,4,Y,No,25,3,3,80,2,40,5,3,0,0,0,0
225,60,No,Travel_Rarely,102,Research & Development,1,1,Medical,1,4,Male,30,4,3,Manager,4,Married,19999,2138,1,Y,No,11,3,4,80,1,40,3,2,40,18,15,0
226,60,No,Travel_Rarely,1499,Research & Development,1,1,Medical,1,4,Male,30,2,2,Sales Executive,4,Married,19999,26999,0,Y,No,11,4,2,80,1,40,3,2,40,0,15,0
227,60,Yes,Travel_Rarely,102,Research & Development,29,4,Medical,1,3,Female,30,2,3,Healthcare Representative,4,Married,17330,2094,1,Y,No,24,3,4,80,1,40,3,2,40,18,15,17
228,60,No,Travel_Rarely,1499,Research & Development,1,4,Life Sciences,1,1,Female,100,2,1,Research Scientist,3,Married,1009,2094,8,Y,No,25,3,3,80,1,40,3,3,0,0,0,0
229,60,No,Travel_Rarely,102,Research & Development,29,2,Medical,1,3,Female,30,4,2,Research Scientist,1,Married,1009,2094,1,Y,No,25,4,3,80,1,40,3,3,40,18,15,17
230,18,No,Travel_Rarely,1499,Sales,29,3,Medical,1,2,Male,30,3,2,Sales Executive,3,Married,1009,2094,2,Y,No,25,3,3,80,2,40,2,3,0,0,0,0
231,28,No,Travel_Rarely,707,Research & Development,19,3,Medical,1,4,Male,63,3,1,Research Scientist,4,Married,2715,6834,1,Y,Yes,12,3,3,80,0,5,2,1,5,3,0,4
232,18,No,Travel_Rarely,1499,Research & Development,1,2,Life Sciences,1,4,Male,30,1,1,Research Scientist,4,Divorced,1009,2094,1,Y,No,11,3,2,80,1,0,3,3,0,0,0,0
233,18,No,Travel_Rarely,1499,Sales,29,3,Medical,1,4,Male,30,3,2,Sales Executive,3,Married,1009,2094,5,Y,No,25,3,3,80,2,40,5,3,0,0,0,0
234,60,No,Travel_Rarely,1499,Sales,1,2,Life Sciences,1,3,Female,30,3,2,Manufacturing Director,4,Married,19999,2094,1,Y,No,11,3,3,80,0,40,2,3,40,18,15,17
235,59,Yes,Travel_Rarely,102,Research & Development,29,4,Medical,1,4,Female,89,2,4,Manager,4,Married,19449,3393,1,Y,No,12,3,4,80,1,40,3,2,40,17,15,16
236,60,No,Travel_Rarely,102,Research & Development,1,1,Medical,1,4,Male,30,4,3,Manager,4,Married,19999,2094,0,Y,No,11,3,4,80,1,40,3,2,40,18,15,0
237,60,No,Travel_Rarely,1499,Research & Development,1,1,Life Sciences,1,4,Male,30,2,1,Research Scientist,4,Married,1009,26999,1,Y,No,11,3,3,80,0,40,3,3,0,0,0,0
238,60,No,Travel_Rarely,1499,Research & Development,1,4,Life Sciences,1,1,Female,30,2,1,Research Scientist,3,Married,1009,26999,8,Y,No,24,3,3,80,1,40,3,3,0,0,0,0
239,60,Yes,Travel_Rarely,102,Research & Development,29,4,Medical,1,4,Female,99,3,3,Healthcare Representative,4,Married,1009,2094,1,Y,No,11,3,4,80,1,40,3,2,40,0,15,17
240,52,No,Travel_Rarely,133,Research & Development,29,1,Life Sciences,1,3,Female,62,2,4,Manager,3,Married,19980,2331,1,Y,No,11,3,2,80,1,39,3,3,40,18,15,17
241,60,No,Travel_Rarely,1499,Research & Development,1,4,Life Sciences,1,1,Female,30,3,1,Research Scientist,3,Married,1009,26999,8,Y,No,25,3,3,80,1,25,3,3,0,0,0,0
242,34,No,Travel_Rarely,707,Research & Development,9,4,Other,1,3,Male,85,3,2,Research Scientist,2,Single,4679,14300,9,Y,Yes,17,3,3,80,0,7,1,3,2,0,0,0
243,60,No,Travel_Rarely,102,Sales,29,1,Medical,1,2,Female,30,4,2,Manufacturing Director,3,Married,1009,2094,1,Y,No,25,4,2,80,1,40,3,3,40,18,15,17
244,60,No,Travel_Rarely,1499,Research & Development,1,4,Other,1,3,Male,30,3,2,Healthcare Representative,3,Married,1009,2094,3,Y,No,25,3,3,80,2,40,2,3,0,0,0,0
245,60,No,Travel_Rarely,1499,Research & Development,29,3,Medical,1,4,Male,30,3,1,Research Scientist,3,Married,1009,26999,4,Y,No,25,3,3,80,2,40,5,3,0,0,0,0
246,18,No,Travel_Rarely,102,Sales,1,1,Life Sciences,1,3,Female,30,3,1,Manufacturing Director,4,Married,19999,2094,1,Y,No,11,3,3,80,0,0,2,3,40,0,0,0
247,60,No,Travel_Rarely,1499,Research & Development,1,4,Life Sciences,1,4,Male,30,3,1,Laboratory Technician,4,Married,15131,2094,1,Y,No,25,3,1,80,1,0,3,1,0,0,0,0
248,60,Yes,Travel_Rarely,102,Research & Development,29,4,Medical,1,3,Female,100,2,3,Healthcare Representative,4,Married,1009,2094,1,Y,No,14,3,4,80,1,40,3,3,40,18,15,17
249,60,Yes,Travel_Rarely,102,Research & Development,29,4,Medical,1,3,Female,100,2,3,Healthcare Representative,4,Married,1009,2094,1,Y,No,14,3,4,80,1,40,3,2,40,18,15,17
250,18,No,Travel_Rarely,1499,Research & Development,29,3,Medical,1,2,Male,30,3,2,Sales Executive,3,Married,1009,2094,2,Y,No,25,3,3,80,2,40,2,3,0,0,0,0
251,60,No,Travel_Rarely,1499,Research & Development,1,4,Medical,1,4,Male,30,3,1,Research Scientist,3,Married,1009,26999,4,Y,No,25,3,3,80,2,40,2,3,0,0,0,0
252,52,No,Travel_Rarely,519,Research & Development,4,3,Medical,1,2,Male,70,3,5,Manager,4,Divorced,16378,6631,1,Y,No,12,3,2,80,1,24,4,3,35,10,15,9
253,60,Yes,Travel_Rarely,102,Research & Development,29,4,Medical,1,3,Female,100,2,3,Manufacturing Director,4,Married,1009,2094,1,Y,No,11,3,4,80,1,40,3,2,40,18,15,17
254,60,No,Travel_Rarely,173,Sales,1,4,Life Sciences,1,3,Female,30,3,2,Manufacturing Director,4,Married,19999,26999,1,Y,No,11,3,3,80,0,40,2,3,40,18,0,17
255,18,Yes,Travel_Rarely,1499,Sales,1,3,Other,1,4,Male,30,3,1,Research Scientist,4,Married,1009,2094,3,Y,No,25,3,3,80,2,30,2,3,0,0,0,0
256,60,No,Travel_Rarely,1499,Research & Development,1,1,Life Sciences,1,3,Female,100,4,1,Laboratory Technician,3,Married,1009,26999,8,Y,No,25,3,2,80,1,40,1,2,40,0,0,0
257,18,Yes,Travel_Frequently,102,Sales,1,4,Life Sciences,1,3,Male,30,3,1,Research Scientist,1,Married,1009,2094,3,Y,No,11,3,3,80,1,40,4,3,0,0,0,0
258,60,No,Travel_Rarely,1499,Research & Development,1,1,Medical,1,4,Male,30,2,2,Sales Executive,4,Married,1009,26999,0,Y,No,11,3,2,80,1,40,3,3,40,0,15,0
259,60,No,Travel_Rarely,1499,Research & Development,29,3,Medical,1,3,Male,30,3,1,Research Scientist,3,Married,1009,26999,4,Y,No,25,3,3,80,2,40,2,3,0,0,0,0
260,60,Yes,Travel_Rarely,1499,Research & Development,29,4,Medical,1,4,Male,30,3,1,Research Scientist,3,Married,1009,26999,4,Y,No,18,3,3,80,2,40,5,3,0,0,0,0
261,60,No,Travel_Rarely,1499,Research & Development,1,2,Life Sciences,1,3,Female,30,3,2,Manufacturing Director,4,Married,19999,3662,1,Y,No,11,3,3,80,0,40,2,2,40,18,15,17
262,40,Yes,Travel_Rarely,1489,Research & Development,1,2,Life Sciences,1,3,Female,57,3,2,Manufacturing Director,4,Married,19624,2094,1,Y,No,11,3,4,80,1,35,2,3,40,17,15,16
263,60,No,Travel_Rarely,1499,Research & Development,1,2,Life Sciences,1,3,Female,30,3,2,Manufacturing Director,3,Married,19999,26999,1,Y,No,11,3,3,80,0,40,2,3,40,18,15,17
264,19,No,Travel_Rarely,1498,Research & Development,1,3,Medical,1,4,Female,30,2,1,Sales Executive,1,Divorced,2738,26998,0,Y,No,13,3,3,80,3,13,3,1,18,9,15,0
265,35,No,Travel_Rarely,1254,Research & Development,28,3,Medical,1,2,Female,38,3,2,Manufacturing Director,3,Single,6308,7892,1,Y,No,17,3,4,80,0,18,4,2,23,15,15,9
266,60,No,Travel_Rarely,1499,Research & Development,1,4,Life Sciences,1,1,Female,30,3,1,Research Scientist,3,Married,1009,2094,8,Y,No,25,3,3,80,2,40,3,3,0,0,0,0
267,31,Yes,Travel_Rarely,529,Sales,9,3,Marketing,1,1,Female,60,3,1,Sales Representative,4,Married,2719,10839,1,Y,Yes,14,3,3,80,0,1,2,3,0,0,0,0
268,60,Yes,Travel_Rarely,102,Research & Development,1,4,Medical,1,3,Female,30,3,4,Manufacturing Director,4,Married,1009,2094,1,Y,No,11,3,4,80,1,40,4,2,40,18,15,17
269,60,No,Travel_Rarely,1499,Research & Development,1,4,Life Sciences,1,3,Male,30,2,1,Research Scientist,4,Married,1009,26999,3,Y,No,25,3,3,80,1,40,3,3,0,0,0,0
270,60,Yes,Travel_Rarely,102,Research & Development,29,1,Medical,1,3,Female,100,3,3,Healthcare Representative,3,Married,1009,2094,1,Y,No,25,4,4,80,1,40,3,3,40,18,15,17
271,60,No,Travel_Rarely,1499,Sales,1,2,Life Sciences,1,1,Female,30,3,2,Manufacturing Director,3,Married,19999,26999,1,Y,No,11,3,3,80,0,40,2,3,40,18,15,17
272,18,No,Travel_Rarely,1499,Sales,29,3,Life Sciences,1,4,Male,30,3,1,Research Scientist,3,Married,1009,2094,5,Y,No,11,3,3,80,2,40,5,3,0,0,0,0
273,32,No,Travel_Rarely,1447,Research & Development,1,1,Medical,1,4,Male,43,3,1,Laboratory Technician,4,Married,2129,23847,1,Y,No,11,3,4,80,1,7,2,3,5,2,0,2
274,60,Yes,Travel_Rarely,102,Research & Development,29,4,Medical,1,4,Female,100,3,3,Healthcare Representative,4,Married,1009,2094,1,Y,No,11,3,4,80,1,40,3,2,40,0,15,17
275,18,Yes,Travel_Rarely,102,Sales,1,3,Life Sciences,1,3,Male,30,2,1,Research Scientist,3,Married,1009,2094,3,Y,No,25,3,3,80,2,40,2,3,0,0,0,0
276,60,Yes,Travel_Rarely,102,Research & Development,1,4,Medical,1,3,Female,100,2,3,Healthcare Representative,4,Married,1009,2094,1,Y,No,11,3,4,80,1,40,3,3,40,18,15,17
277,60,Yes,Travel_Rarely,1499,Research & Development,1,4,Medical,1,4,Male,30,3,1,Research Scientist,3,Married,1009,2094,4,Y,No,25,3,3,80,2,40,2,3,0,0,0,0
278,60,No,Travel_Rarely,1499,Research & Development,29,4,Medical,1,4,Male,30,3,1,Research Scientist,3,Married,1009,26999,4,Y,No,25,3,3,80,2,40,5,3,0,0,0,0
279,60,Yes,Travel_Rarely,102,Research & Development,29,1,Medical,1,4,Male,30,4,1,Laboratory Technician,3,Married,1009,26999,0,Y,No,11,3,2,80,1,40,3,2,40,0,0,17
280,18,No,Travel_Rarely,102,Sales,1,3,Life Sciences,1,3,Female,30,3,1,Manufacturing Director,4,Married,19999,2094,1,Y,No,11,3,3,80,0,0,2,3,40,0,0,0
281,18,No,Travel_Rarely,102,Sales,1,4,Life Sciences,1,3,Female,30,3,2,Manufacturing Director,4,Married,19999,2094,1,Y,No,11,3,3,80,0,0,2,3,40,18,0,17
282,60,Yes,Travel_Rarely,1499,Research & Development,29,4,Medical,1,4,Male,30,3,1,Research Scientist,3,Married,1009,26999,4,Y,No,24,3,3,80,2,40,5,3,0,0,0,0
283,60,No,Travel_Rarely,1499,Research & Development,1,4,Life Sciences,1,4,Male,30,1,1,Laboratory Technician,4,Married,19999,2094,0,Y,No,11,3,1,80,3,40,3,1,40,0,15,0
284,38,No,Travel_Rarely,342,Research & Development,3,4,Life Sciences,1,4,Female,99,2,1,Research Scientist,4,Married,5510,3886,4,Y,No,11,3,2,80,1,13,1,3,3,0,0,0
285,60,No,Travel_Rarely,1499,Research & Development,1,1,Life Sciences,1,4,Male,30,2,2,Sales Representative,4,Married,19999,26999,0,Y,No,11,4,2,80,1,40,3,3,40,0,15,0
286,59,No,Travel_Rarely,187,Research & Development,1,2,Medical,1,4,Female,32,4,5,Manager,2,Married,19995,7822,1,Y,No,11,3,4,80,1,40,3,2,40,8,15,0
287,18,No,Travel_Rarely,102,Sales,1,3,Life Sciences,1,3,Male,30,2,1,Research Scientist,3,Divorced,1009,26999,1,Y,No,25,3,3,80,1,0,2,3,0,0,0,0
288,60,No,Travel_Rarely,1499,Research & Development,1,4,Life Sciences,1,4,Male,30,3,1,Laboratory Technician,4,Married,19999,2094,4,Y,No,25,3,2,80,1,0,3,2,0,0,0,0
289,60,No,Travel_Rarely,102,Sales,29,1,Medical,1,2,Female,100,4,2,Manufacturing Director,3,Married,1009,2094,1,Y,No,25,4,4,80,1,40,3,3,40,18,15,17
290,60,No,Travel_Rarely,1499,Research & Development,1,4,Life Sciences,1,4,Male,30,2,1,Research Scientist,4,Married,19999,26999,0,Y,No,11,3,1,80,3,40,3,1,40,0,15,0
291,60,No,Travel_Rarely,1499,Research & Development,1,2,Life Sciences,1,3,Female,30,3,2,Manufacturing Director,3,Married,19999,26999,1,Y,No,11,3,3,80,0,40,2,2,40,18,15,17
292,18,No,Travel_Rarely,1499,Research & Development,1,2,Life Sciences,1,3,Female,30,2,1,Research Scientist,4,Married,1009,26808,1,Y,No,25,3,3,80,1,40,3,3,0,0,0,0
293,60,Yes,Travel_Rarely,102,Research & Development,29,4,Medical,1,3,Female,100,2,2,Healthcare Representative,4,Married,1009,2094,1,Y,No,11,3,4,80,1,40,3,2,40,18,15,17
294,60,No,Travel_Rarely,1499,Research & Development,1,4,Medical,1,3,Male,30,3,1,Research Scientist,3,Married,1009,2094,3,Y,No,25,3,3,80,2,40,2,3,0,0,0,0
295,60,No,Travel_Rarely,1499,Research & Development,1,4,Life Sciences,1,3,Male,30,2,1,Research Scientist,4,Married,1009,26999,8,Y,No,25,3,3,80,1,40,3,3,0,0,0,0
296,59,No,Travel_Rarely,823,Sales,15,3,Marketing,1,3,Female,30,3,4,Manager,1,Married,18108,5419,0,Y,No,11,3,1,80,1,35,5,3,39,17,15,2
297,60,Yes,Travel_Rarely,102,Research & Development,29,4,Medical,1,3,Female,100,2,3,Healthcare Representative,4,Married,1009,2094,1,Y,No,11,3,4,80,1,40,3,2,40,18,15,17
298,60,No,Travel_Rarely,1499,Research & Development,1,4,Life Sciences,1,1,Female,30,2,1,Research Scientist,3,Married,1009,2094,8,Y,No,25,3,2,80,1,40,3,3,0,0,0,0
299,60,No,Travel_Rarely,102,Research & Development,1,4,Medical,1,3,Female,30,3,3,Manufacturing Director,4,Married,1009,2094,1,Y,No,11,3,4,80,1,40,3,2,40,18,15,17
300,18,No,Travel_Rarely,102,Sales,1,2,Life Sciences,1,3,Female,30,3,2,Manufacturing Director,4,Married,19999,26999,1,Y,No,11,3,3,80,0,40,2,3,40,0,0,0
301,60,Yes,Travel_Rarely,102,Research & Development,29,1,Medical,1,3,Female,97,2,3,Healthcare Representative,4,Married,18625,2116,1,Y,No,20,3,4,80,1,40,3,2,40,18,15,17
302,60,Yes,Travel_Rarely,102,Research & Development,29,4,Medical,1,4,Female,77,2,3,Healthcare Representative,4,Married,1009,2094,1,Y,No,25,3,4,80,1,40,3,3,40,18,15,17
303,60,No,Travel_Rarely,1499,Research & Development,1,4,Medical,1,4,Male,30,3,1,Research Scientist,3,Married,1009,26999,4,Y,No,11,3,3,80,2,40,5,2,0,0,0,0
304,18,Yes,Travel_Rarely,102,Sales,1,1,Life Sciences,1,3,Female,30,3,1,Research Scientist,4,Married,19999,2094,1,Y,No,11,3,3,80,0,0,5,3,40,0,0,0
305,60,Yes,Travel_Rarely,102,Sales,29,1,Medical,1,3,Female,100,4,2,Research Scientist,1,Married,1009,2094,1,Y,No,25,4,4,80,1,40,3,3,40,18,15,17
306,18,No,Non-Travel,102,Research & Development,1,2,Life Sciences,1,2,Male,30,3,1,Research Scientist,4,Single,1009,2094,1,Y,No,25,3,3,80,0,0,2,3,0,0,0,0
307,45,No,Non-Travel,239,Research & Development,3,1,Medical,1,3,Male,31,3,5,Research Director,3,Married,19350,2364,3,Y,No,15,3,4,80,2,23,3,3,23,17,15,7
308,60,No,Travel_Rarely,1499,Research & Development,29,3,Medical,1,4,Male,30,3,2,Research Scientist,3,Married,1009,26999,2,Y,No,25,3,3,80,2,40,5,3,0,0,0,0
309,35,No,Travel_Rarely,530,Sales,1,4,Life Sciences,1,1,Female,66,2,2,Sales Executive,3,Married,8519,26978,4,Y,No,11,3,3,80,0,10,4,3,9,10,12,0
310,60,No,Travel_Rarely,1499,Research & Development,1,4,Other,1,3,Male,30,2,1,Research Scientist,4,Single,1009,2094,3,Y,No,25,3,3,80,2,40,2,3,0,0,0,0
311,60,Yes,Travel_Rarely,1499,Research & Development,1,1,Life Sciences,1,2,Female,30,3,1,Research Scientist,3,Married,1009,26999,1,Y,No,11,3,3,80,0,0,5,3,0,0,0,0
312,18,No,Travel_Rarely,102,Sales,1,3,Life Sciences,1,3,Female,30,2,1,Research Scientist,3,Divorced,1009,26999,1,Y,No,25,3,3,80,0,0,2,3,0,0,0,0
313,59,Yes,Travel_Rarely,102,Research & Development,29,1,Medical,1,3,Female,30,2,4,Manager,4,Married,17754,2094,1,Y,No,11,3,4,80,1,40,3,2,40,18,15,16
314,60,Yes,Travel_Rarely,102,Research & Development,29,4,Medical,1,4,Female,100,2,3,Healthcare Representative,4,Married,1009,2094,1,Y,No,25,3,4,80,1,40,3,2,40,18,15,17
315,18,No,Travel_Rarely,102,Research & Development,1,4,Life Sciences,1,4,Male,30,3,1,Research Scientist,3,Married,19999,26999,1,Y,No,11,3,3,80,0,0,4,3,40,0,0,0
316,60,No,Travel_Rarely,1499,Research & Development,1,4,Life Sciences,1,3,Male,30,2,1,Research Scientist,4,Married,1009,26999,4,Y,No,11,3,3,80,1,40,3,3,0,0,0,0
317,60,No,Travel_Rarely,1499,Research & Development,2,4,Medical,1,4,Male,30,3,1,Research Scientist,3,Married,1009,26999,4,Y,No,25,3,3,80,2,40,5,3,0,0,0,0
318,60,Yes,Travel_Rarely,1499,Sales,1,3,Life Sciences,1,3,Male,30,3,1,Research Scientist,4,Married,1009,26999,1,Y,No,11,3,3,80,0,40,5,3,0,0,0,0
319,18,No,Travel_Rarely,1499,Research & Development,1,3,Other,1,3,Male,30,2,1,Research Scientist,3,Married,1009,2094,3,Y,No,25,3,3,80,2,40,2,3,0,0,0,0
320,60,No,Travel_Rarely,1499,Research & Development,1,1,Life Sciences,1,4,Female,30,2,1,Research Scientist,4,Married,1009,26999,1,Y,No,25,3,3,80,0,0,3,3,0,0,0,0
321,60,No,Travel_Rarely,102,Research & Development,1,1,Medical,1,4,Male,30,4,3,Sales Executive,4,Married,19999,2094,0,Y,No,11,3,4,80,1,40,3,2,40,18,15,0
322,60,No,Travel_Rarely,1499,Research & Development,28,4,Other,1,3,Male,30,3,1,Research Scientist,3,Married,1009,2094,3,Y,No,25,3,3,80,2,40,2,3,0,0,0,0
323,60,Yes,Travel_Rarely,102,Research & Development,29,4,Medical,1,4,Female,35,2,3,Healthcare Representative,4,Married,1009,2094,1,Y,No,11,3,4,80,1,40,3,3,40,18,15,17
324,56,No,Travel_Rarely,473,Research & Development,1,3,Medical,1,4,Male,77,3,1,Laboratory Technician,1,Divorced,4531,11296,2,Y,Yes,11,3,4,80,1,10,3,3,3,6,0,0
325,34,No,Travel_Rarely,1307,Research & Development,1,3,Medical,1,4,Male,30,3,5,Research Director,4,Married,18883,4687,2,Y,No,13,3,4,80,0,19,3,3,20,9,15,9
326,60,Yes,Travel_Rarely,102,Research & Development,29,4,Medical,1,3,Female,100,2,3,Healthcare Representative,4,Married,1009,2094,1,Y,No,13,3,4,80,1,40,3,2,40,18,15,17
327,54,No,Travel_Rarely,1181,Research & Development,27,4,Medical,1,4,Male,38,3,2,Research Scientist,3,Married,4652,6827,1,Y,No,15,3,3,80,1,15,4,2,20,9,15,13
328,59,Yes,Travel_Rarely,102,Research & Development,29,1,Medical,1,3,Female,75,2,3,Manager,4,Married,19893,2840,1,Y,No,11,3,4,80,1,40,3,2,40,18,15,16
329,45,No,Travel_Rarely,1341,Research & Development,26,4,Life Sciences,1,3,Female,60,3,4,Manufacturing Director,3,Single,10211,24618,1,Y,Yes,14,3,3,80,0,21,1,3,20,8,14,12
330,18,No,Travel_Rarely,102,Research & Development,1,5,Other,1,2,Male,30,3,2,Sales Executive,1,Divorced,1009,2094,3,Y,No,25,3,3,80,2,40,2,3,0,0,0,0
331,60,No,Travel_Rarely,102,Sales,1,4,Life Sciences,1,3,Female,30,3,2,Manufacturing Director,4,Married,19999,26999,1,Y,No,11,3,3,80,0,40,2,3,40,18,0,17
332,60,No,Travel_Rarely,1499,Research & Development,1,4,Life Sciences,1,3,Male,30,2,1,Research Scientist,4,Married,1009,26999,4,Y,No,25,3,3,80,2,40,2,3,0,0,0,0
333,23,No,Travel_Rarely,1135,Research & Development,1,4,Life Sciences,1,3,Male,50,3,1,Research Scientist,3,Married,2050,5834,1,Y,No,11,3,4,80,1,0,2,1,1,0,0,0
334,60,No,Travel_Rarely,1499,Research & Development,1,4,Life Sciences,1,4,Male,30,3,1,Laboratory Technician,4,Married,19999,2094,0,Y,No,25,3,1,80,1,0,3,1,0,0,0,0
335,24,No,Travel_Rarely,683,Sales,1,2,Life Sciences,1,1,Female,97,4,3,Sales Executive,4,Divorced,6291,13202,1,Y,No,14,3,1,80,1,7,2,2,8,9,0,3
336,18,Yes,Travel_Rarely,1499,Sales,29,3,Other,1,4,Male,30,3,1,Research Scientist,4,Married,1009,2094,3,Y,No,25,3,3,80,2,40,2,3,0,0,0,0
337,60,Yes,Travel_Rarely,1499,Research & Development,1,1,Life Sciences,1,2,Female,30,3,1,Research Scientist,3,Married,1009,26999,1,Y,No,11,3,3,80,0,0,5,3,19,0,0,0
338,18,Yes,Travel_Rarely,102,Sales,1,1,Life Sciences,1,4,Male,30,4,1,Sales Representative,4,Married,1009,26999,1,Y,No,25,3,3,80,1,0,3,3,0,0,0,0
339,59,No,Travel_Rarely,1499,Research & Development,1,4,Medical,1,4,Male,30,2,2,Sales Executive,4,Married,19999,6213,0,Y,No,11,4,1,80,3,40,3,1,40,0,15,0
340,60,No,Travel_Rarely,1498,Research & Development,1,4,Medical,1,4,Male,30,4,1,Laboratory Technician,1,Married,14545,22014,0,Y,No,24,4,1,80,3,23,3,1,39,0,0,0
341,60,No,Travel_Rarely,1499,Research & Development,1,4,Life Sciences,1,1,Female,100,3,1,Research Scientist,3,Married,1009,2094,8,Y,No,25,3,3,80,1,40,3,3,0,0,0,0
342,60,No,Travel_Rarely,1499,Research & Development,1,4,Life Sciences,1,4,Male,30,1,1,Laboratory Technician,4,Married,19999,26999,0,Y,No,25,3,1,80,1,0,3,1,18,0,0,0
343,60,Yes,Travel_Rarely,102,Research & Development,29,4,Medical,1,3,Female,100,2,3,Healthcare Representative,4,Married,1009,2094,1,Y,No,17,3,4,80,1,40,3,3,40,18,15,17
344,60,No,Travel_Rarely,102,Research & Development,1,4,Medical,1,4,Male,30,2,1,Laboratory Technician,3,Single,1009,26999,6,Y,No,11,3,2,80,1,40,3,3,40,0,0,17
345,60,Yes,Travel_Rarely,1499,Research & Development,29,3,Medical,1,4,Male,30,3,1,Research Scientist,3,Married,1009,26999,4,Y,No,25,3,3,80,2,40,5,3,0,0,0,0
346,60,Yes,Travel_Rarely,102,Research & Development,1,4,Medical,1,3,Female,100,2,3,Healthcare Representative,4,Married,1009,2094,1,Y,No,11,3,4,80,1,40,3,2,40,18,15,17
347,60,No,Travel_Rarely,1499,Research & Development,1,4,Other,1,3,Male,30,2,1,Research Scientist,3,Married,1009,2094,3,Y,No,25,3,3,80,2,40,2,3,0,0,0,0
348,38,No,Travel_Rarely,769,Research & Development,23,3,Medical,1,3,Male,72,1,2,Healthcare Representative,4,Married,4789,15342,5,Y,No,15,3,4,80,1,12,2,4,5,2,3,4
349,60,No,Travel_Rarely,1499,Research & Development,1,4,Life Sciences,1,4,Male,30,1,1,Laboratory Technician,4,Married,19999,26999,0,Y,No,15,3,1,80,3,0,3,1,40,0,5,0
350,60,No,Travel_Rarely,1364,Sales,1,2,Life Sciences,1,3,Female,30,3,2,Manufacturing Director,4,Married,19999,10095,1,Y,No,11,3,3,80,0,40,2,3,40,18,15,17
351,60,Yes,Travel_Rarely,102,Research & Development,29,4,Medical,1,3,Female,30,2,3,Manufacturing Director,4,Married,5822,2094,1,Y,No,25,3,4,80,1,40,3,3,40,18,15,17
352,59,No,Travel_Rarely,103,Research & Development,28,4,Medical,1,4,Female,76,2,4,Manager,4,Married,13083,16736,0,Y,No,12,3,2,80,1,39,3,2,40,17,15,17
353,18,No,Travel_Rarely,1499,Research & Development,1,4,Life Sciences,1,4,Male,30,3,1,Laboratory Technician,4,Married,2204,2094,1,Y,No,25,3,2,80,1,0,3,1,0,0,0,0
354,60,Yes,Travel_Rarely,102,Research & Development,29,4,Medical,1,4,Female,30,3,3,Healthcare Representative,4,Married,1009,2094,1,Y,No,25,3,4,80,1,40,3,3,40,18,15,17
355,60,No,Travel_Rarely,1499,Research & Development,1,4,Life Sciences,1,4,Male,30,3,1,Laboratory Technician,4,Married,19999,2094,1,Y,No,25,3,1,80,1,0,3,1,0,0,0,0
356,18,Yes,Travel_Rarely,1499,Sales,23,3,Other,1,4,Male,30,3,1,Research Scientist,3,Married,1009,2094,2,Y,No,25,3,3,80,2,40,2,3,0,0,0,0
357,60,No,Travel_Rarely,1499,Research & Development,1,4,Life Sciences,1,3,Male,30,2,1,Research Scientist,4,Married,1009,26999,8,Y,No,11,3,3,80,1,40,3,3,0,0,0,0
358,60,No,Travel_Rarely,102,Sales,29,1,Medical,1,3,Female,30,4,3,Manufacturing Director,3,Married,1009,2094,1,Y,No,25,4,2,80,1,40,3,3,40,18,15,17
359,18,Yes,Travel_Rarely,1499,Sales,29,3,Life Sciences,1,4,Male,30,3,1,Research Scientist,4,Single,1009,2094,1,Y,No,23,3,3,80,2,0,5,3,0,0,0,0
360,18,Yes,Travel_Rarely,102,Sales,1,3,Life Sciences,1,3,Male,30,2,1,Research Scientist,4,Single,1009,2094,1,Y,No,25,3,3,80,1,0,2,3,0,0,0,0
361,60,No,Travel_Rarely,1499,Research & Development,1,4,Medical,1,3,Female,30,3,5,Research Director,4,Married,19999,26999,0,Y,No,11,3,3,80,1,40,4,3,40,18,15,17
362,27,Yes,Travel_Rarely,1374,Sales,6,2,Medical,1,3,Male,51,3,2,Sales Executive,3,Married,5173,4985,2,Y,No,13,3,1,80,0,6,3,3,0,0,0,0
363,60,Yes,Travel_Rarely,102,Research & Development,29,4,Medical,1,4,Female,99,2,3,Healthcare Representative,4,Married,1009,2094,1,Y,No,25,3,4,80,1,40,3,2,40,18,15,17
364,60,No,Travel_Rarely,1499,Research & Development,1,3,Life Sciences,1,3,Male,30,2,1,Research Scientist,4,Married,1009,26999,1,Y,No,11,3,3,80,1,40,3,3,0,0,0,0
365,18,No,Travel_Rarely,1499,Research & Development,29,4,Other,1,3,Male,30,3,1,Research Scientist,3,Married,1009,2094,3,Y,No,25,3,3,80,2,40,2,3,0,0,0,0
366,60,No,Travel_Rarely,1499,Human Resources,1,3,Medical,1,4,Female,30,2,1,Laboratory Technician,3,Single,1009,26999,0,Y,No,11,3,3,80,0,40,3,3,40,18,0,0
367,60,No,Travel_Rarely,1499,Research & Development,1,4,Life Sciences,1,1,Male,100,3,1,Research Scientist,3,Married,1009,2094,8,Y,No,14,3,3,80,2,40,2,3,0,0,0,0
368,18,Yes,Travel_Rarely,1499,Sales,1,3,Life Sciences,1,4,Male,30,2,1,Research Scientist,4,Single,1009,2094,3,Y,No,25,3,3,80,2,40,2,3,0,0,0,0
369,47,No,Travel_Rarely,1498,Research & Development,28,3,Other,1,4,Male,30,3,2,Manufacturing Director,3,Married,1908,3087,4,Y,No,25,3,2,80,2,40,2,3,0,0,0,0
370,60,No,Travel_Rarely,1499,Research & Development,1,4,Life Sciences,1,3,Male,30,2,1,Research Scientist,4,Married,1009,26999,8,Y,No,11,3,3,80,2,40,3,3,0,0,0,0
371,18,No,Travel_Rarely,102,Sales,1,2,Life Sciences,1,3,Female,30,3,2,Manufacturing Director,4,Married,19999,26999,1,Y,No,11,3,3,80,0,40,2,3,40,18,0,17
372,60,Yes,Travel_Rarely,102,Research & Development,1,4,Medical,1,3,Female,30,2,3,Manager,4,Married,19767,2094,1,Y,No,11,3,4,80,1,40,4,2,40,18,15,17
373,60,No,Travel_Rarely,1499,Research & Development,1,4,Life Sciences,1,1,Female,97,2,1,Research Scientist,3,Married,1009,2094,8,Y,No,25,3,3,80,2,40,3,3,0,0,0,0
374,60,Yes,Travel_Rarely,102,Research & Development,29,4,Medical,1,3,Female,100,3,3,Healthcare Representative,4,Married,1009,2094,1,Y,No,11,3,4,80,1,40,3,2,40,0,15,17
375,52,Yes,Travel_Rarely,319,Research & Development,21,5,Medical,1,3,Male,53,2,5,Research Director,4,Married,18320,2688,0,Y,No,14,3,4,80,1,37,3,3,39,6,15,13
376,60,No,Travel_Rarely,1499,Research & Development,29,3,Medical,1,4,Male,30,3,2,Healthcare Representative,3,Married,1009,26685,4,Y,No,25,3,3,80,2,40,5,3,0,0,0,0
377,59,Yes,Travel_Rarely,102,Research & Development,29,4,Medical,1,4,Female,93,2,3,Healthcare Representative,4,Married,10337,2927,1,Y,No,24,3,4,80,1,40,3,2,40,18,15,17
378,60,Yes,Travel_Rarely,102,Research & Development,1,4,Medical,1,3,Female,99,2,3,Healthcare Representative,4,Married,1009,2094,1,Y,No,11,3,4,80,1,40,3,2,40,18,15,17
379,18,No,Travel_Rarely,1499,Research & Development,29,3,Other,1,3,Male,30,3,2,Healthcare Representative,3,Married,1009,2094,2,Y,No,25,3,3,80,2,40,2,3,0,0,0,0
380,18,No,Travel_Rarely,1499,Sales,29,3,Other,1,2,Male,30,3,1,Sales Executive,3,Married,1009,2094,2,Y,No,25,3,3,80,2,40,2,3,0,0,0,0
381,60,No,Travel_Rarely,1499,Research & Development,1,4,Medical,1,4,Male,30,3,1,Research Scientist,3,Married,1009,2094,4,Y,No,25,3,3,80,2,40,2,3,0,0,0,0
382,18,No,Travel_Rarely,1499,Sales,7,3,Life Sciences,1,3,Male,30,3,1,Research Scientist,4,Married,1009,26999,1,Y,No,12,3,3,80,1,0,2,3,0,0,0,0
383,60,Yes,Travel_Rarely,102,Research & Development,29,4,Medical,1,3,Female,40,2,3,Healthcare Representative,4,Married,1009,2094,1,Y,No,25,3,4,80,1,40,3,3,40,18,15,17
384,48,No,Travel_Rarely,1494,Sales,1,4,Life Sciences,1,3,Female,30,3,2,Manufacturing Director,4,Married,19999,2094,1,Y,No,11,3,3,80,0,40,2,3,40,18,15,17
385,18,Yes,Travel_Rarely,102,Sales,1,1,Life Sciences,1,3,Male,30,3,1,Research Scientist,4,Married,1009,26999,1,Y,No,25,3,3,80,1,0,2,3,0,0,0,0
386,59,Yes,Travel_Rarely,102,Research & Development,29,4,Medical,1,4,Female,33,3,2,Healthcare Representative,4,Single,5802,2094,1,Y,No,20,3,4,80,1,40,3,3,40,17,15,17
387,60,No,Travel_Rarely,1499,Research & Development,1,4,Medical,1,4,Male,30,3,1,Research Scientist,3,Married,1009,26999,4,Y,No,25,3,3,80,2,40,5,3,0,0,0,0
388,60,No,Travel_Rarely,1499,Research & Development,29,4,Medical,1,4,Male,30,3,1,Research Scientist,3,Married,1009,26999,4,Y,No,25,3,3,80,2,40,2,3,0,0,0,0
389,18,Yes,Travel_Rarely,102,Sales,1,2,Life Sciences,1,3,Male,30,3,1,Research Scientist,4,Single,1009,2094,1,Y,No,25,3,3,80,1,0,2,3,0,0,0,0
390,60,No,Travel_Rarely,1499,Sales,1,2,Life Sciences,1,3,Female,30,3,2,Manufacturing Director,3,Married,19999,26999,1,Y,No,11,3,3,80,0,40,2,3,40,18,15,17
391,60,No,Travel_Rarely,1498,Sales,1,2,Life Sciences,1,3,Female,30,3,2,Manufacturing Director,4,Married,19999,26999,1,Y,No,11,3,3,80,0,40,2,3,40,18,15,17
392,18,No,Travel_Rarely,1499,Sales,29,4,Medical,1,4,Male,30,3,2,Sales Executive,3,Married,1011,26995,5,Y,No,13,3,3,80,2,40,2,3,0,0,0,0
393,18,Yes,Travel_Rarely,1499,Research & Development,29,3,Medical,1,2,Male,30,3,2,Healthcare Representative,3,Married,1009,2094,2,Y,No,25,3,3,80,2,40,2,3,0,0,0,0
394,60,No,Travel_Rarely,1499,Research & Development,1,4,Medical,1,3,Female,30,3,5,Research Director,4,Married,19999,2094,0,Y,No,11,3,4,80,1,40,4,3,40,18,15,17
395,60,Yes,Travel_Rarely,1499,Research & Development,29,3,Medical,1,4,Male,30,3,2,Healthcare Representative,3,Married,1009,26999,2,Y,No,25,3,3,80,2,40,5,3,0,0,0,0
396,60,No,Travel_Rarely,1350,Research & Development,1,5,Life Sciences,1,1,Male,30,2,1,Research Scientist,4,Single,1009,2094,3,Y,No,25,3,3,80,2,40,3,3,0,0,0,0
397,60,Yes,Travel_Rarely,102,Research & Development,29,4,Medical,1,4,Female,90,2,3,Healthcare Representative,4,Married,1009,2094,1,Y,No,25,3,4,80,1,40,3,2,40,18,15,17
398,34,No,Travel_Rarely,442,Sales,1,4,Marketing,1,3,Male,94,3,2,Sales Executive,1,Married,5307,6849,1,Y,No,18,3,4,80,0,6,2,3,6,3,7,2
399,36,No,Travel_Rarely,1130,Sales,5,4,Life Sciences,1,2,Female,55,3,2,Sales Executive,1,Married,5328,12810,1,Y,No,19,3,2,80,1,10,5,3,12,9,14,2
400,53,No,Travel_Rarely,319,Sales,17,3,Marketing,1,3,Female,81,3,4,Manager,2,Married,19915,24689,4,Y,No,24,4,4,80,1,37,2,3,37,17,15,14
401,58,No,Travel_Rarely,1499,Research & Development,1,4,Life Sciences,1,2,Female,30,3,1,Research Scientist,3,Married,1009,2094,1,Y,No,11,3,3,80,0,0,5,3,40,0,0,0
402,19,No,Travel_Rarely,1499,Sales,29,3,Medical,1,4,Male,30,3,2,Sales Executive,3,Married,1009,2094,5,Y,No,24,3,3,80,2,40,5,3,0,0,0,0
403,22,No,Travel_Rarely,102,Sales,1,4,Life Sciences,1,3,Female,30,3,2,Manufacturing Director,4,Married,19999,2094,1,Y,No,11,3,3,80,0,39,2,3,40,18,15,17
404,18,No,Non-Travel,102,Research & Development,1,3,Life Sciences,1,4,Male,30,3,1,Research Scientist,4,Single,1009,24051,1,Y,No,25,3,3,80,0,0,2,3,0,0,0,0
405,60,No,Travel_Rarely,1499,Research & Development,1,1,Life Sciences,1,4,Male,30,2,2,Sales Executive,4,Married,19999,26999,0,Y,No,11,3,4,80,1,40,3,2,40,18,15,0
406,60,No,Travel_Rarely,526,Research & Development,1,4,Medical,1,3,Female,30,3,5,Manufacturing Director,4,Married,19999,2094,1,Y,No,11,3,4,80,1,40,3,2,40,18,15,17
407,60,Yes,Travel_Rarely,102,Research & Development,29,4,Medical,1,4,Female,100,2,3,Healthcare Representative,4,Married,1009,2094,1,Y,No,11,3,4,80,1,40,3,2,40,18,15,17
408,60,Yes,Travel_Rarely,102,Research & Development,1,1,Life Sciences,1,4,Female,30,3,1,Research Scientist,3,Married,1009,26999,1,Y,No,11,3,3,80,0,0,5,3,40,0,0,0
409,60,Yes,Travel_Rarely,1499,Research & Development,29,3,Medical,1,2,Male,30,3,2,Healthcare Representative,3,Married,1009,2094,2,Y,No,25,3,2,80,2,40,2,3,0,0,15,0
410,18,Yes,Travel_Rarely,1499,Sales,1,3,Life Sciences,1,3,Male,30,2,1,Research Scientist,3,Married,1009,2094,2,Y,No,25,3,3,80,2,40,2,3,0,0,0,0
411,53,No,Travel_Rarely,802,Sales,9,4,Marketing,1,1,Male,64,2,4,Manager,1,Married,18920,3167,1,Y,No,18,3,4,80,1,31,2,3,32,10,2,11
412,60,No,Travel_Rarely,1499,Research & Development,1,4,Other,1,4,Male,30,3,1,Research Scientist,3,Married,1009,26999,4,Y,No,25,3,3,80,2,40,2,3,0,0,0,0
413,18,No,Travel_Rarely,1499,Research & Development,29,3,Other,1,3,Male,30,3,1,Sales Executive,3,Married,1009,2094,3,Y,No,25,3,3,80,2,40,2,3,0,0,0,0
414,60,Yes,Travel_Rarely,1499,Research & Development,29,4,Medical,1,3,Male,30,3,1,Research Scientist,3,Married,1009,26999,4,Y,No,25,3,3,80,2,40,5,3,0,0,0,0
415,60,No,Travel_Rarely,1499,Research & Development,1,4,Medical,1,4,Male,30,4,1,Laboratory Technician,4,Married,19999,2094,0,Y,No,25,3,1,80,3,0,3,1,9,0,0,0
416,60,No,Travel_Rarely,1499,Research & Development,1,4,Life Sciences,1,4,Male,30,1,1,Research Scientist,4,Married,1009,26999,1,Y,No,25,3,2,80,1,0,3,1,0,0,0,0
417,60,No,Travel_Rarely,1499,Research & Development,1,4,Life Sciences,1,4,Male,30,1,1,Research Scientist,4,Married,19999,26999,0,Y,No,11,3,1,80,3,0,3,1,40,0,15,0
418,18,No,Travel_Rarely,102,Sales,1,4,Life Sciences,1,3,Female,30,3,2,Manufacturing Director,4,Married,19999,2094,1,Y,No,11,3,3,80,0,39,2,3,40,18,0,17
419,18,Yes,Travel_Rarely,1499,Sales,1,3,Life Sciences,1,4,Male,30,3,1,Research Scientist,4,Married,1009,26999,1,Y,No,25,3,3,80,0,40,5,3,0,0,0,0
420,60,No,Travel_Rarely,102,Research & Development,29,1,Medical,1,3,Female,30,3,3,Manager,3,Married,19999,2094,0,Y,No,25,4,2,80,1,40,3,3,40,18,15,17
421,18,Yes,Travel_Rarely,102,Sales,1,3,Life Sciences,1,3,Male,30,2,1,Research Scientist,4,Single,1009,2094,1,Y,No,25,3,3,80,2,0,2,3,0,0,0,0
422,60,Yes,Travel_Rarely,102,Research & Development,29,4,Medical,1,4,Female,30,2,3,Healthcare Representative,4,Married,1009,2094,1,Y,No,11,3,4,80,1,40,3,3,40,18,15,17
423,60,No,Travel_Rarely,1499,Research & Development,1,1,Medical,1,4,Male,30,2,3,Sales Executive,4,Married,19999,26999,0,Y,No,11,3,4,80,1,40,3,2,40,18,15,0
424,60,No,Travel_Rarely,1499,Research & Development,29,3,Medical,1,2,Male,30,3,2,Healthcare Representative,3,Married,1009,2094,2,Y,No,25,3,3,80,2,40,2,3,0,0,0,0
425,60,Yes,Travel_Rarely,1499,Research & Development,1,1,Life Sciences,1,4,Male,30,2,1,Research Scientist,4,Married,1009,26999,1,Y,No,11,3,3,80,0,40,3,3,0,0,0,0
426,18,Yes,Travel_Rarely,1499,Research & Development,23,4,Other,1,4,Male,30,3,1,Research Scientist,3,Married,1009,2094,3,Y,No,25,3,3,80,2,40,2,3,0,0,0,0
427,60,Yes,Travel_Rarely,102,Research & Development,29,4,Medical,1,4,Female,100,2,3,Healthcare Representative,4,Married,1009,2094,1,Y,No,11,3,4,80,1,40,3,2,40,0,15,17
428,60,No,Travel_Rarely,1499,Research & Development,1,4,Life Sciences,1,3,Female,30,2,1,Research Scientist,4,Married,1009,26999,1,Y,No,11,3,3,80,1,40,3,3,0,0,0,0
429,18,No,Travel_Rarely,1499,Research & Development,1,4,Medical,1,4,Female,30,4,2,Laboratory Technician,2,Married,1009,2094,1,Y,No,25,4,2,80,1,40,2,2,8,0,0,0
430,60,No,Travel_Rarely,1499,Research & Development,1,4,Medical,1,3,Female,30,3,2,Healthcare Representative,4,Married,19999,2094,1,Y,No,11,3,4,80,1,40,3,2,40,18,15,17
431,60,No,Travel_Rarely,1499,Research & Development,1,4,Life Sciences,1,1,Female,30,2,1,Research Scientist,4,Married,1009,2094,8,Y,No,25,3,2,80,1,40,3,3,0,0,0,0
432,60,No,Travel_Rarely,108,Sales,1,2,Life Sciences,1,3,Female,30,3,2,Manufacturing Director,4,Married,19999,26999,1,Y,No,11,3,3,80,0,40,2,3,40,18,15,17
433,60,No,Travel_Rarely,1499,Research & Development,1,4,Life Sciences,1,1,Male,30,3,1,Research Scientist,3,Married,1009,26999,8,Y,No,11,3,3,80,2,40,2,3,0,0,0,0
434,60,No,Travel_Rarely,1499,Research & Development,1,3,Life Sciences,1,1,Female,100,2,1,Research Scientist,3,Married,1009,22428,8,Y,No,11,3,3,80,1,0,3,3,0,0,0,0
435,18,Yes,Travel_Rarely,102,Sales,1,2,Life Sciences,1,4,Male,30,3,1,Research Scientist,4,Single,1009,26999,1,Y,No,25,3,3,80,1,0,2,3,0,0,0,0
436,60,Yes,Travel_Rarely,102,Research & Development,29,4,Medical,1,3,Female,100,3,3,Healthcare Representative,4,Married,1009,2094,1,Y,No,11,3,4,80,1,40,3,2,40,3,15,16
437,58,No,Travel_Rarely,1499,Research & Development,24,3,Medical,1,3,Female,30,2,1,Research Scientist,3,Married,2086,26958,4,Y,No,24,3,3,80,2,40,2,3,0,0,0,0
438,60,Yes,Travel_Rarely,1499,Research & Development,29,3,Medical,1,4,Male,30,3,2,Healthcare Representative,3,Married,1009,2094,2,Y,No,25,3,3,80,2,40,2,3,0,0,0,0
439,60,Yes,Travel_Rarely,102,Research & Development,29,4,Medical,1,4,Female,100,3,3,Healthcare Representative,4,Married,1009,2094,1,Y,No,21,3,4,80,1,40,3,2,40,18,15,17
440,37,No,Travel_Frequently,1499,Research & Development,1,4,Life Sciences,1,1,Female,100,3,1,Research Scientist,2,Married,1622,2094,1,Y,No,25,3,3,80,1,40,3,3,0,0,0,0
441,18,Yes,Travel_Rarely,102,Sales,1,3,Life Sciences,1,2,Male,30,3,1,Research Scientist,4,Single,1009,2094,1,Y,No,25,3,3,80,2,0,2,3,0,0,0,0
442,60,No,Travel_Rarely,1499,Research & Development,28,4,Other,1,3,Male,30,3,1,Research Scientist,3,Married,1009,2094,3,Y,No,25,3,3,80,2,40,2,3,0,0,0,0
443,45,No,Travel_Rarely,917,Research & Development,15,3,Medical,1,2,Female,83,3,5,Manager,2,Married,17822,7047,1,Y,No,13,3,2,80,1,35,3,3,36,17,15,10
444,18,No,Travel_Rarely,1499,Sales,29,3,Other,1,3,Male,30,3,1,Research Scientist,3,Married,1009,2094,2,Y,No,25,3,3,80,2,40,2,3,0,0,0,0
445,18,Yes,Non-Travel,1499,Research & Development,1,2,Life Sciences,1,4,Male,30,3,1,Research Scientist,4,Single,1009,2094,1,Y,No,25,3,3,80,1,0,2,3,0,0,15,0
446,60,Yes,Travel_Rarely,1499,Sales,29,3,Medical,1,4,Male,30,3,1,Research Scientist,3,Married,1009,26999,4,Y,No,25,3,3,80,2,40,5,3,0,0,0,0
447,46,No,Travel_Rarely,601,Sales,1,3,Marketing,1,4,Female,57,3,3,Sales Executive,4,Married,9733,4586,1,Y,No,23,4,3,80,1,22,3,2,21,12,14,9
448,60,No,Travel_Rarely,1499,Research & Development,1,4,Medical,1,4,Male,30,4,1,Laboratory Technician,4,Married,19999,2094,0,Y,No,25,3,1,80,1,0,3,1,0,0,0,0
449,60,No,Travel_Rarely,1499,Research & Development,1,1,Life Sciences,1,3,Male,30,4,1,Research Scientist,4,Married,1009,26999,1,Y,No,11,3,3,80,0,40,3,3,0,0,0,0
450,34,No,Travel_Frequently,569,Research & Development,1,4,Medical,1,3,Male,71,3,2,Research Scientist,3,Single,4465,24583,1,Y,No,18,3,4,80,0,13,3,3,10,7,1,8
451,55,No,Travel_Rarely,1351,Research & Development,28,4,Medical,1,2,Female,69,2,4,Manager,4,Married,19462,15289,1,Y,No,17,3,4,80,0,39,2,3,39,17,15,16
452,18,Yes,Travel_Rarely,1499,Sales,29,3,Life Sciences,1,3,Male,30,3,1,Research Scientist,3,Married,1009,2094,1,Y,No,11,3,3,80,2,0,5,3,0,0,0,0
453,60,Yes,Travel_Rarely,102,Research & Development,1,4,Medical,1,4,Female,30,2,5,Sales Executive,4,Married,19999,2094,0,Y,No,11,3,4,80,1,40,4,3,40,0,15,17
454,60,No,Travel_Rarely,1499,Research & Development,1,4,Medical,1,3,Female,30,3,5,Research Director,4,Divorced,19999,26999,1,Y,No,11,3,3,80,1,40,4,3,40,18,15,17
455,60,Yes,Travel_Rarely,102,Research & Development,29,4,Medical,1,4,Female,30,3,3,Healthcare Representative,4,Married,1009,2094,1,Y,No,25,3,4,80,1,40,3,2,40,10,15,17
456,60,No,Travel_Rarely,1499,Research & Development,1,3,Life Sciences,1,3,Female,30,2,1,Research Scientist,4,Married,1009,26999,1,Y,No,21,3,3,80,1,13,3,3,0,0,0,0
457,43,No,Travel_Rarely,1302,Research & Development,28,3,Life Sciences,1,4,Male,71,3,5,Research Director,3,Divorced,19974,7053,0,Y,No,14,3,4,80,1,25,3,3,39,17,15,16
458,42,No,Travel_Rarely,260,Research & Development,7,4,Life Sciences,1,4,Male,64,2,2,Laboratory Technician,4,Married,4897,23733,1,Y,No,17,4,2,80,1,11,2,3,11,9,13,9
459,60,No,Travel_Rarely,1499,Research & Development,29,3,Medical,1,4,Male,30,3,2,Research Scientist,3,Married,1009,26999,4,Y,No,25,3,3,80,2,40,5,3,0,0,0,0
460,60,Yes,Travel_Rarely,102,Research & Development,1,4,Life Sciences,1,3,Female,77,2,4,Manufacturing Director,4,Married,19774,2094,1,Y,No,11,3,4,80,1,40,3,3,40,18,15,17
461,18,Yes,Travel_Rarely,102,Research & Development,1,3,Life Sciences,1,2,Male,30,3,1,Research Scientist,4,Single,1009,2094,1,Y,Yes,11,3,3,80,0,0,6,3,0,0,15,0
462,48,No,Non-Travel,1362,Research & Development,19,4,Medical,1,3,Female,86,3,3,Healthcare Representative,2,Divorced,11608,5174,1,Y,No,11,3,2,80,2,21,3,3,35,12,15,7
463,18,No,Travel_Rarely,1499,Research & Development,1,4,Medical,1,4,Male,30,2,2,Sales Executive,4,Married,19999,2094,0,Y,No,11,4,2,80,3,40,3,2,40,0,15,0
464,60,No,Travel_Rarely,1498,Sales,1,2,Life Sciences,1,1,Female,30,3,2,Manufacturing Director,4,Married,19999,9413,1,Y,No,11,3,3,80,0,40,2,3,40,18,15,17
465,36,No,Travel_Rarely,102,Sales,1,4,Life Sciences,1,3,Female,30,3,2,Manufacturing Director,4,Married,19999,2094,1,Y,No,11,3,3,80,0,40,2,3,40,18,0,17
466,60,No,Travel_Rarely,102,Research & Development,29,4,Medical,1,4,Female,30,4,3,Healthcare Representative,4,Married,1009,2094,1,Y,No,25,4,2,80,1,40,3,3,40,18,15,17
467,59,No,Travel_Rarely,1248,Sales,1,5,Marketing,1,3,Male,69,3,5,Manager,1,Single,18618,25500,0,Y,No,21,4,4,80,0,34,3,3,23,12,14,5
468,60,No,Travel_Rarely,1499,Research & Development,1,3,Life Sciences,1,3,Male,30,2,1,Research Scientist,4,Married,1009,26999,1,Y,No,11,3,3,80,0,40,3,3,0,0,0,0
469,60,No,Travel_Rarely,1499,Research & Development,1,4,Life Sciences,1,4,Male,30,4,1,Laboratory Technician,4,Married,19999,2148,0,Y,No,25,3,1,80,1,0,3,1,0,0,0,0
470,54,No,Travel_Rarely,102,Sales,1,2,Life Sciences,1,3,Female,30,3,2,Manufacturing Director,4,Married,19999,26999,1,Y,No,11,3,3,80,0,40,2,3,40,18,0,17
471,18,No,Travel_Rarely,1499,Research & Development,1,4,Life Sciences,1,4,Male,30,1,1,Laboratory Technician,4,Married,19999,2094,0,Y,No,25,3,1,80,3,0,3,1,0,0,0,0
472,60,Yes,Travel_Rarely,102,Research & Development,2,4,Medical,1,3,Female,100,2,3,Healthcare Representative,4,Married,1009,2094,1,Y,No,11,3,4,80,1,40,3,2,40,18,15,17
473,60,Yes,Travel_Rarely,102,Research & Development,29,4,Medical,1,4,Female,30,4,3,Healthcare Representative,4,Married,1009,2094,1,Y,No,25,3,4,80,1,40,3,3,40,18,15,0
474,60,No,Travel_Rarely,1499,Research & Development,1,2,Life Sciences,1,1,Female,30,3,2,Sales Executive,3,Married,19999,26999,0,Y,No,11,3,3,80,1,40,2,3,40,18,15,17
475,60,No,Travel_Rarely,102,Research & Development,1,1,Medical,1,3,Female,30,4,3,Manager,4,Married,1009,2094,1,Y,No,11,3,4,80,1,40,3,2,40,18,15,0
476,48,No,Travel_Rarely,975,Sales,1,4,Life Sciences,1,1,Female,78,2,2,Sales Executive,1,Married,9003,23602,2,Y,No,12,3,4,80,2,11,4,3,7,0,0,7
477,18,No,Travel_Rarely,102,Sales,1,4,Life Sciences,1,3,Female,30,3,2,Manufacturing Director,4,Married,19999,2094,1,Y,No,11,3,3,80,0,16,2,3,40,18,0,17
478,60,No,Travel_Rarely,1499,Research & Development,1,4,Life Sciences,1,4,Male,30,2,1,Research Scientist,4,Married,1009,2094,4,Y,No,25,3,2,80,1,0,3,2,0,0,0,0
479,60,Yes,Travel_Rarely,102,Research & Development,29,4,Medical,1,3,Female,100,2,3,Healthcare Representative,4,Married,1009,2094,1,Y,No,23,3,4,80,1,40,3,3,40,18,15,17
480,60,No,Travel_Rarely,102,Sales,29,1,Medical,1,3,Female,100,4,2,Manufacturing Director,3,Married,1009,2094,1,Y,No,25,4,2,80,1,40,3,3,40,18,15,17
481,60,No,Travel_Rarely,1499,Research & Development,1,1,Medical,1,4,Male,30,2,2,Sales Executive,4,Married,19999,26999,0,Y,No,11,3,4,80,1,40,3,2,40,0,15,0
482,34,No,Travel_Frequently,141,Research & Development,12,1,Life Sciences,1,3,Male,35,3,3,Healthcare Representative,1,Divorced,10195,13373,1,Y,No,13,3,3,80,1,10,5,3,13,8,0,13
483,60,No,Travel_Rarely,1499,Research & Development,1,4,Medical,1,3,Male,30,3,1,Research Scientist,3,Married,1009,24680,4,Y,No,25,3,3,80,2,40,2,3,0,0,0,0
484,60,No,Travel_Rarely,1499,Research & Development,1,1,Medical,1,4,Male,30,2,3,Sales Executive,4,Married,19999,2094,0,Y,No,11,3,4,80,1,40,3,2,40,0,15,0
485,60,No,Travel_Rarely,1499,Research & Development,1,1,Life Sciences,1,3,Male,100,4,1,Research Scientist,4,Married,1009,26999,1,Y,No,11,3,3,80,0,40,3,3,0,0,0,0
486,18,Yes,Travel_Rarely,1499,Sales,1,3,Life Sciences,1,3,Male,30,3,1,Research Scientist,1,Single,1009,2094,1,Y,No,25,3,3,80,2,0,2,3,0,0,0,0
487,60,No,Travel_Rarely,1499,Research & Development,1,4,Life Sciences,1,4,Male,30,1,1,Research Scientist,4,Married,19999,26999,0,Y,No,11,3,1,80,3,40,3,1,40,0,15,0
488,18,No,Travel_Rarely,1499,Research & Development,1,4,Life Sciences,1,4,Female,100,3,2,Research Scientist,2,Married,1009,2094,8,Y,No,25,3,3,80,1,40,3,3,40,18,0,0
489,60,No,Travel_Rarely,102,Sales,29,1,Medical,1,2,Female,30,4,2,Sales Executive,1,Married,1009,2094,1,Y,No,25,4,2,80,1,40,3,3,40,18,15,17
490,18,No,Travel_Rarely,102,Sales,1,2,Life Sciences,1,3,Female,30,3,2,Manufacturing Director,4,Married,19999,2094,1,Y,No,11,3,3,80,0,0,2,3,40,0,0,0
491,60,Yes,Travel_Rarely,102,Research & Development,1,4,Medical,1,3,Female,100,2,3,Healthcare Representative,4,Married,1009,2094,1,Y,No,11,3,4,80,1,40,3,3,40,18,15,2
492,60,No,Travel_Rarely,1499,Research & Development,1,2,Medical,1,4,Female,30,3,5,Research Director,4,Married,19999,26999,0,Y,No,11,3,4,80,1,40,3,3,40,0,15,17
493,33,Yes,Travel_Frequently,1330,Research & Development,2,2,Other,1,1,Male,83,3,2,Laboratory Technician,3,Married,5018,21950,1,Y,No,13,3,1,80,0,10,2,3,12,7,15,9
494,59,No,Travel_Rarely,1499,Research & Development,1,3,Life Sciences,1,3,Male,30,2,1,Research Scientist,4,Married,1009,26999,1,Y,No,11,3,3,80,1,20,3,3,0,0,0,0
495,60,Yes,Travel_Rarely,102,Research & Development,29,4,Medical,1,4,Female,100,2,3,Healthcare Representative,4,Married,1009,26999,1,Y,No,11,3,4,80,1,40,3,2,40,0,15,17
496,43,No,Travel_Rarely,1045,Human Resources,1,2,Medical,1,4,Male,74,1,1,Human Resources,2,Divorced,2878,19884,5,Y,No,15,3,4,80,1,5,2,3,1,2,14,7
497,60,Yes,Travel_Rarely,102,Research & Development,29,4,Medical,1,4,Female,63,2,3,Healthcare Representative,4,Married,6342,2094,1,Y,No,24,3,4,80,1,40,3,3,40,18,15,17
498,28,No,Travel_Rarely,1481,Research & Development,7,1,Life Sciences,1,4,Male,66,3,1,Research Scientist,3,Single,2595,10473,1,Y,No,15,3,4,80,0,8,4,2,8,7,2,3
499,60,No,Travel_Rarely,102,Sales,1,4,Life Sciences,1,3,Female,30,3,2,Manufacturing Director,4,Married,19999,2094,1,Y,No,11,3,3,80,0,40,2,3,40,18,15,17
500,60,No,Travel_Rarely,1499,Sales,1,4,Life Sciences,1,3,Female,30,3,2,Manufacturing Director,4,Married,19999,2094,1,Y,No,11,3,3,80,0,40,2,3,40,18,15,17
501,37,No,Travel_Rarely,1499,Research & Development,1,4,Medical,1,1,Male,30,3,1,Sales Executive,4,Married,19999,2094,0,Y,No,11,3,1,80,3,40,3,1,40,0,15,0
502,60,No,Travel_Rarely,1499,Sales,1,2,Life Sciences,1,3,Female,30,3,2,Manufacturing Director,4,Married,19999,26999,1,Y,No,11,3,3,80,0,40,2,2,40,18,15,17
503,60,Yes,Travel_Rarely,102,Research & Development,29,4,Medical,1,4,Female,30,2,3,Healthcare Representative,4,Married,1055,2094,1,Y,No,24,3,4,80,1,40,3,3,40,10,15,17
504,60,No,Travel_Rarely,1466,Research & Development,1,4,Life Sciences,1,4,Male,30,1,1,Research Scientist,4,Married,19999,26999,0,Y,No,11,3,1,80,3,0,3,1,40,0,15,0
505,39,No,Travel_Rarely,452,Research & Development,16,3,Medical,1,3,Female,77,4,5,Research Director,2,Divorced,18133,6786,1,Y,No,11,3,2,80,2,32,3,3,39,13,14,11
506,60,No,Travel_Rarely,1499,Research & Development,1,4,Medical,1,3,Female,30,3,2,Healthcare Representative,4,Married,19999,2094,1,Y,No,11,3,4,80,1,40,3,2,40,18,15,17
507,60,No,Travel_Rarely,1496,Research & Development,28,3,Marketing,1,3,Female,44,3,5,Manager,1,Married,19998,2094,0,Y,No,11,3,4,80,1,30,5,3,40,18,15,16
508,18,No,Travel_Rarely,1499,Research & Development,29,4,Other,1,4,Male,30,3,1,Research Scientist,3,Married,1009,2094,4,Y,No,25,3,3,80,2,40,2,3,0,0,0,0
509,39,No,Travel_Frequently,1344,Sales,10,4,Medical,1,2,Male,99,3,1,Sales Representative,3,Married,2508,26163,0,Y,Yes,14,3,4,80,1,5,2,2,3,3,1,1
510,60,No,Travel_Rarely,1499,Research & Development,1,4,Medical,1,4,Male,30,2,1,Research Scientist,4,Married,19979,26999,0,Y,No,11,4,1,80,3,40,3,1,40,0,15,0
511,60,No,Travel_Rarely,1499,Research & Development,29,3,Medical,1,3,Male,30,3,1,Research Scientist,3,Married,1009,2094,2,Y,No,25,3,3,80,2,40,2,3,0,0,0,0
512,18,No,Travel_Rarely,1499,Research & Development,29,3,Other,1,3,Male,30,3,2,Sales Executive,3,Married,1009,2094,4,Y,No,25,3,3,80,2,40,2,3,0,0,0,0
513,45,No,Travel_Rarely,200,Sales,1,4,Life Sciences,1,3,Female,30,3,2,Manufacturing Director,4,Married,19999,2094,1,Y,No,11,3,3,80,0,40,2,3,40,18,15,17
514,60,No,Travel_Rarely,1499,Research & Development,1,4,Medical,1,3,Female,30,3,5,Manufacturing Director,4,Married,19999,2094,1,Y,No,11,3,4,80,0,40,4,2,40,18,15,17
515,60,Yes,Travel_Rarely,102,Research & Development,29,1,Medical,1,3,Female,30,4,3,Manufacturing Director,4,Married,1009,2094,1,Y,No,25,4,4,80,1,40,3,3,40,18,15,17
516,60,No,Travel_Rarely,1499,Research & Development,29,5,Medical,1,3,Male,30,3,1,Healthcare Representative,3,Married,1009,2099,4,Y,No,25,3,3,80,2,40,2,3,0,0,0,0
517,60,Yes,Travel_Rarely,102,Research & Development,29,4,Medical,1,4,Female,100,2,3,Healthcare Representative,4,Married,1009,2094,1,Y,No,24,3,4,80,1,40,3,2,40,18,15,17
518,60,No,Travel_Rarely,597,Research & Development,1,1,Medical,1,4,Male,30,4,3,Sales Executive,4,Married,19999,2094,0,Y,No,11,3,4,80,3,40,3,2,40,18,15,0
519,60,No,Travel_Rarely,1499,Research & Development,1,4,Life Sciences,1,4,Male,30,1,1,Laboratory Technician,4,Married,19999,26999,0,Y,No,11,3,1,80,3,39,3,1,40,0,15,0
520,60,No,Travel_Rarely,1499,Research & Development,1,4,Medical,1,3,Female,30,3,2,Healthcare Representative,4,Married,19999,2094,1,Y,No,11,3,4,80,0,40,3,2,40,18,15,17
521,39,No,Travel_Rarely,1497,Research & Development,9,4,Life Sciences,1,1,Male,58,2,1,Research Scientist,3,Married,4575,8376,2,Y,No,17,3,4,80,1,14,3,2,8,3,0,5
522,60,Yes,Travel_Rarely,1499,Research & Development,1,4,Life Sciences,1,4,Male,30,3,1,Research Scientist,1,Married,1009,26999,3,Y,No,25,3,3,80,1,0,3,3,0,0,0,0
523,60,Yes,Travel_Rarely,102,Research & Development,29,4,Medical,1,3,Female,45,2,3,Healthcare Representative,4,Married,1009,2094,1,Y,No,11,3,4,80,1,40,3,2,40,18,15,17
524,60,No,Travel_Rarely,1499,Research & Development,1,4,Medical,1,4,Male,30,3,1,Sales Executive,4,Married,19999,2158,0,Y,No,11,3,1,80,3,40,3,1,40,0,15,0
525,26,No,Travel_Rarely,102,Sales,1,4,Life Sciences,1,3,Female,30,3,2,Manufacturing Director,4,Married,19999,2094,1,Y,No,11,3,3,80,0,40,2,3,40,18,15,17
526,60,No,Travel_Rarely,1499,Research & Development,1,4,Medical,1,4,Male,30,3,2,Sales Executive,4,Married,19999,26999,0,Y,No,11,3,1,80,3,40,3,1,40,0,15,0
527,18,No,Travel_Rarely,1499,Sales,29,3,Other,1,4,Male,30,3,1,Research Scientist,4,Married,1009,2094,3,Y,No,18,3,3,80,2,40,2,3,0,0,0,0
528,18,No,Travel_Rarely,102,Sales,1,2,Life Sciences,1,3,Female,30,3,2,Manufacturing Director,4,Married,19999,2094,1,Y,No,11,3,3,80,0,31,2,3,40,0,0,0
529,60,Yes,Travel_Rarely,102,Research & Development,1,4,Medical,1,3,Female,100,2,3,Healthcare Representative,4,Married,1009,2094,1,Y,No,11,3,4,80,1,40,3,3,40,18,15,0
530,60,Yes,Travel_Rarely,1499,Sales,1,4,Medical,1,3,Male,30,3,1,Research Scientist,3,Married,1009,26999,4,Y,No,25,3,3,80,2,40,5,3,0,0,0,0
531,60,Yes,Travel_Rarely,102,Research & Development,1,4,Medical,1,3,Female,30,2,3,Manufacturing Director,4,Married,2637,2094,1,Y,No,11,3,4,80,1,40,3,2,40,18,15,17
532,60,Yes,Travel_Rarely,102,Sales,29,4,Medical,1,3,Female,30,2,3,Healthcare Representative,4,Married,1009,2094,1,Y,No,25,3,4,80,1,40,3,3,40,18,15,17
533,60,Yes,Travel_Rarely,102,Research & Development,1,4,Medical,1,3,Female,100,2,3,Healthcare Representative,4,Married,1009,2094,1,Y,No,11,3,4,80,1,40,3,2,40,18,15,17
534,60,Yes,Travel_Rarely,102,Research & Development,29,4,Medical,1,3,Female,100,2,3,Healthcare Representative,4,Married,1009,2094,1,Y,No,11,3,4,80,1,40,3,2,40,0,15,17
535,60,No,Travel_Rarely,102,Sales,1,5,Medical,1,2,Female,100,4,3,Manager,3,Married,19999,2094,0,Y,No,25,4,3,80,1,40,3,3,40,18,15,17
536,24,No,Travel_Rarely,446,Research & Development,2,2,Medical,1,4,Female,89,3,1,Laboratory Technician,4,Single,2583,6885,4,Y,No,14,3,1,80,0,8,5,3,1,0,0,0
537,60,No,Travel_Rarely,1499,Research & Development,1,4,Life Sciences,1,4,Male,30,1,1,Laboratory Technician,4,Married,19999,26999,0,Y,No,11,3,1,80,3,0,3,1,40,0,15,0
538,60,Yes,Travel_Rarely,102,Research & Development,29,4,Medical,1,3,Female,100,2,3,Healthcare Representative,4,Married,1009,2094,1,Y,No,11,3,4,80,1,40,3,2,40,10,15,17
539,60,Yes,Travel_Rarely,102,Research & Development,29,4,Medical,1,4,Female,30,2,3,Healthcare Representative,4,Married,1009,2094,1,Y,No,24,3,4,80,1,40,3,2,40,18,15,17
540,60,Yes,Travel_Rarely,102,Research & Development,1,4,Medical,1,3,Female,100,2,3,Healthcare Representative,4,Married,1009,2094,1,Y,No,11,3,4,80,1,40,3,2,40,18,15,0
541,33,No,Travel_Frequently,475,Research & Development,28,2,Medical,1,2,Female,42,3,4,Manager,4,Divorced,17606,13857,1,Y,No,18,3,4,80,2,21,3,2,38,17,15,16
542,18,No,Travel_Rarely,1499,Research & Development,1,4,Other,1,4,Male,30,3,1,Research Scientist,3,Married,1009,2094,4,Y,No,25,3,3,80,2,40,2,3,0,0,0,0
543,60,Yes,Travel_Rarely,102,Research & Development,29,4,Medical,1,3,Female,99,2,3,Healthcare Representative,4,Married,9238,2094,1,Y,No,24,3,4,80,1,40,3,3,40,18,15,17
544,18,No,Travel_Rarely,1499,Research & Development,1,4,Medical,1,1,Male,30,3,2,Sales Executive,4,Married,19999,2094,0,Y,No,20,3,1,80,3,40,3,2,40,0,15,0
545,60,No,Travel_Rarely,1499,Sales,1,2,Life Sciences,1,3,Female,30,3,2,Manufacturing Director,4,Married,19999,26951,1,Y,No,11,3,3,80,0,40,2,3,40,18,15,17
546,60,No,Travel_Rarely,1499,Research & Development,1,5,Medical,1,3,Male,30,3,1,Research Scientist,3,Married,1009,26854,4,Y,No,25,3,3,80,2,40,2,3,0,0,0,0
547,60,No,Travel_Rarely,1499,Research & Development,1,4,Medical,1,3,Male,30,3,1,Research Scientist,3,Married,1009,2094,4,Y,No,25,3,3,80,2,40,2,3,0,0,0,0
548,38,No,Travel_Rarely,1172,Research & Development,1,2,Medical,1,3,Male,73,3,1,Research Scientist,2,Single,3798,22181,4,Y,No,14,3,2,80,0,5,1,2,2,0,0,0
549,60,No,Travel_Rarely,1499,Research & Development,1,4,Medical,1,3,Female,30,3,5,Manufacturing Director,4,Married,19999,26991,1,Y,No,11,3,4,80,0,40,4,2,40,18,15,17
550,56,No,Travel_Rarely,407,Research & Development,27,4,Medical,1,3,Female,78,2,5,Manager,2,Married,17223,7697,1,Y,No,13,3,4,80,0,37,3,3,39,17,15,11
551,60,No,Travel_Rarely,1499,Research & Development,1,1,Life Sciences,1,4,Male,30,2,1,Research Scientist,4,Married,1009,26999,1,Y,No,25,3,3,80,0,0,3,3,0,0,0,0
552,18,Yes,Travel_Rarely,1499,Research & Development,1,1,Life Sciences,1,4,Male,100,4,1,Research Scientist,4,Married,1009,26999,1,Y,No,25,3,3,80,0,0,3,3,0,0,0,0
553,60,No,Travel_Rarely,102,Sales,29,1,Medical,1,2,Female,30,4,2,Research Scientist,1,Married,1009,2094,1,Y,No,25,4,2,80,1,40,3,3,40,18,15,17
554,36,No,Travel_Frequently,505,Research & Development,28,1,Life Sciences,1,3,Female,78,3,2,Manufacturing Director,4,Married,9261,19197,1,Y,Yes,17,3,4,80,1,11,3,3,11,7,0,7
555,60,No,Travel_Rarely,1499,Research & Development,29,3,Medical,1,4,Male,30,3,1,Research Scientist,3,Married,1009,26999,4,Y,No,25,3,3,80,2,40,2,3,0,0,0,0
556,60,Yes,Travel_Rarely,1499,Sales,1,3,Medical,1,3,Male,30,3,1,Research Scientist,3,Married,1009,26999,4,Y,No,25,3,3,80,2,40,5,3,0,0,0,0
557,60,No,Travel_Rarely,1499,Research & Development,1,4,Life Sciences,1,1,Female,30,2,1,Research Scientist,3,Married,1009,2094,8,Y,No,25,3,3,80,2,40,3,3,0,0,0,0
558,18,Yes,Travel_Rarely,102,Research & Development,1,1,Life Sciences,1,4,Male,30,2,1,Research Scientist,4,Married,1009,26999,1,Y,No,25,3,3,80,1,0,3,3,0,0,0,0
559,60,Yes,Travel_Rarely,102,Research & Development,29,4,Medical,1,4,Female,30,3,3,Healthcare Representative,4,Married,1009,2094,1,Y,No,25,3,4,80,1,40,3,2,40,18,15,17
560,60,No,Travel_Rarely,102,Research & Development,1,4,Life Sciences,1,4,Male,30,3,2,Sales Executive,1,Married,19999,2094,0,Y,No,25,4,1,80,3,0,3,1,1,17,15,0
561,60,No,Travel_Rarely,1499,Research & Development,1,4,Life Sciences,1,4,Male,30,1,1,Research Scientist,4,Married,19999,26999,0,Y,No,11,3,1,80,1,0,3,1,40,0,15,0
562,18,Yes,Travel_Rarely,1499,Sales,1,3,Life Sciences,1,4,Male,30,2,1,Research Scientist,3,Married,1009,2094,4,Y,No,25,3,3,80,2,40,2,3,0,0,0,0
563,60,Yes,Travel_Rarely,1499,Sales,1,4,Medical,1,4,Male,30,3,1,Research Scientist,3,Married,1009,26999,4,Y,No,23,3,3,80,2,40,5,3,0,0,0,0
564,60,No,Travel_Rarely,1499,Research & Development,1,1,Life Sciences,1,4,Male,30,4,1,Research Scientist,4,Married,1009,26999,1,Y,No,11,3,3,80,0,40,5,2,0,0,0,0
565,60,No,Travel_Rarely,1499,Research & Development,29,3,Medical,1,4,Male,30,3,2,Healthcare Representative,3,Married,1009,2094,2,Y,No,25,3,3,80,2,40,2,3,0,0,0,0
566,60,Yes,Travel_Rarely,102,Research & Development,29,4,Medical,1,3,Female,30,3,3,Healthcare Representative,4,Married,19998,2094,1,Y,No,11,3,4,80,1,40,3,2,40,18,15,17
567,60,No,Travel_Rarely,102,Research & Development,1,4,Life Sciences,1,4,Male,30,1,2,Healthcare Representative,1,Married,19999,2094,0,Y,No,25,3,1,80,3,0,3,1,0,18,15,0
568,58,Yes,Travel_Rarely,649,Research & Development,19,1,Medical,1,2,Female,43,2,5,Manager,4,Married,18917,2099,1,Y,No,11,3,4,80,1,39,3,3,40,17,15,16
569,60,Yes,Travel_Rarely,102,Research & Development,29,4,Medical,1,3,Female,30,2,3,Healthcare Representative,4,Married,1072,2094,1,Y,No,25,3,4,80,1,40,3,3,40,18,15,17
570,60,No,Travel_Rarely,102,Sales,1,2,Medical,1,2,Female,30,4,2,Sales Representative,1,Married,1009,2094,1,Y,No,25,4,3,80,1,40,3,3,40,18,15,17
571,60,No,Travel_Rarely,1499,Research & Development,1,4,Life Sciences,1,1,Female,99,2,1,Research Scientist,4,Married,1009,2094,8,Y,No,25,3,3,80,1,40,3,3,0,0,0,0
572,40,No,Non-Travel,1453,Research & Development,1,4,Life Sciences,1,4,Male,39,3,4,Manager,4,Married,17039,14934,9,Y,No,15,3,1,80,1,29,5,1,10,6,0,0
573,18,No,Travel_Rarely,102,Sales,1,3,Life Sciences,1,3,Female,30,3,1,Research Scientist,4,Married,19999,2094,1,Y,No,11,3,3,80,0,0,2,3,40,0,0,0
574,44,No,Travel_Rarely,641,Research & Development,2,3,Medical,1,4,Male,42,3,2,Healthcare Representative,1,Single,5687,5824,4,Y,No,19,3,4,80,0,25,2,3,19,9,10,14
575,60,Yes,Travel_Rarely,102,Research & Development,1,1,Medical,1,4,Female,30,2,3,Manager,4,Married,1009,26999,0,Y,No,11,3,4,80,1,40,3,2,40,18,15,0
576,60,No,Travel_Rarely,102,Sales,29,1,Medical,1,2,Female,100,4,2,Research Scientist,1,Married,1009,2094,1,Y,No,25,4,4,80,1,40,3,3,40,18,15,17
577,35,No,Travel_Rarely,642,Research & Development,10,3,Medical,1,4,Male,84,3,2,Healthcare Representative,3,Married,8681,24966,7,Y,No,11,3,1,80,0,10,3,4,8,7,14,7
578,60,No,Travel_Rarely,1499,Research & Development,1,4,Life Sciences,1,1,Male,30,2,1,Research Scientist,3,Single,1009,2094,3,Y,No,25,3,3,80,2,40,2,3,0,0,0,0
579,18,Yes,Travel_Rarely,1499,Sales,1,3,Life Sciences,1,4,Male,30,2,1,Research Scientist,4,Married,1009,26999,1,Y,No,25,3,3,80,1,0,2,3,0,0,0,0
580,60,No,Travel_Rarely,102,Research & Development,1,4,Medical,1,3,Female,30,3,3,Healthcare Representative,4,Married,19999,2094,1,Y,No,11,3,4,80,1,40,3,2,40,18,15,17
581,60,No,Travel_Rarely,102,Research & Development,1,4,Medical,1,3,Female,30,3,2,Healthcare Representative,4,Married,19999,2094,1,Y,No,11,3,4,80,1,40,3,2,40,18,15,17
582,38,Yes,Travel_Rarely,168,Sales,1,3,Medical,1,4,Male,61,2,2,Sales Executive,2,Married,6753,4088,2,Y,No,11,3,3,80,0,18,3,2,10,8,14,7
583,60,No,Travel_Rarely,1499,Research & Development,29,3,Medical,1,3,Male,30,3,1,Research Scientist,3,Married,1009,2094,2,Y,No,25,3,3,80,2,40,2,3,0,0,0,0
584,18,Yes,Travel_Rarely,102,Sales,29,3,Life Sciences,1,3,Male,30,3,1,Research Scientist,3,Married,1009,2094,2,Y,No,25,3,3,80,2,40,2,3,0,0,0,0
585,18,No,Travel_Rarely,102,Sales,1,3,Life Sciences,1,3,Male,30,2,1,Research Scientist,4,Single,1009,2094,1,Y,No,25,3,3,80,2,0,2,3,0,0,0,0
586,60,Yes,Travel_Rarely,1498,Research & Development,1,1,Medical,1,4,Female,30,2,3,Healthcare Representative,4,Married,1009,26999,0,Y,No,11,3,4,80,1,40,3,2,40,0,15,17
587,60,Yes,Travel_Rarely,102,Research & Development,29,4,Medical,1,4,Female,32,2,3,Healthcare Representative,4,Married,4887,2094,1,Y,No,23,3,4,80,1,40,3,3,40,18,15,17
588,60,No,Travel_Rarely,1499,Research & Development,29,4,Medical,1,4,Male,30,3,1,Research Scientist,3,Married,1009,26999,4,Y,No,24,3,3,80,2,40,5,3,0,0,0,0
589,18,No,Travel_Rarely,1499,Research & Development,29,3,Other,1,3,Male,30,3,1,Research Scientist,3,Married,1009,2094,4,Y,No,25,3,3,80,2,40,2,3,0,0,0,0
590,18,Yes,Travel_Rarely,1499,Sales,1,3,Life Sciences,1,4,Male,30,3,1,Research Scientist,4,Married,1009,14025,1,Y,No,11,3,3,80,2,0,2,3,0,0,0,0
591,60,No,Travel_Rarely,102,Sales,29,1,Medical,1,2,Female,100,4,2,Research Scientist,1,Married,1009,2094,1,Y,No,25,4,3,80,1,40,3,3,40,18,15,17
592,48,No,Travel_Rarely,1115,Research & Development,1,4,Medical,1,3,Female,42,3,3,Healthcare Representative,3,Single,9193,2282,7,Y,No,11,3,3,80,0,33,4,2,23,6,15,8
593,57,Yes,Travel_Rarely,346,Research & Development,17,4,Life Sciences,1,3,Female,77,3,4,Healthcare Representative,4,Married,9823,4146,1,Y,No,11,3,2,80,0,38,2,3,39,17,15,16
594,60,Yes,Travel_Rarely,102,Research & Development,29,4,Medical,1,4,Female,97,2,3,Healthcare Representative,4,Married,1009,2094,1,Y,No,25,3,4,80,1,40,3,3,40,18,15,17
595,31,No,Travel_Rarely,201,Research & Development,1,4,Medical,1,2,Male,90,3,2,Manufacturing Director,4,Married,8687,15290,0,Y,Yes,11,3,2,80,0,10,3,3,11,7,15,8
596,60,No,Travel_Rarely,102,Research & Development,1,1,Medical,1,4,Male,30,4,3,Sales Executive,4,Married,19999,26999,0,Y,No,11,3,4,80,1,40,3,2,40,18,15,0
597,30,No,Travel_Rarely,217,Sales,22,1,Medical,1,2,Male,67,3,2,Sales Executive,4,Married,4217,19617,1,Y,No,14,3,2,80,0,10,5,4,12,14,11,9
598,45,No,Travel_Rarely,588,Research & Development,26,4,Life Sciences,1,1,Female,92,2,3,Healthcare Representative,3,Married,9433,24392,1,Y,No,11,3,4,80,1,19,2,3,25,9,15,8
599,54,Yes,Travel_Rarely,212,Research & Development,6,4,Medical,1,4,Female,86,3,5,Manager,4,Married,19462,2879,1,Y,No,11,3,4,80,1,39,3,3,40,16,15,4
600,60,No,Travel_Rarely,1499,Research & Development,1,1,Life Sciences,1,4,Male,30,2,1,Research Scientist,4,Married,1009,26999,1,Y,No,11,3,3,80,0,0,3,3,0,0,0,0
601,48,No,Non-Travel,699,Research & Development,1,3,Life Sciences,1,2,Male,88,3,4,Manager,1,Married,17948,9937,1,Y,Yes,12,3,1,80,0,33,3,3,33,17,15,9
602,60,No,Travel_Rarely,102,Research & Development,1,4,Medical,1,3,Female,30,3,4,Research Director,4,Married,19999,26999,1,Y,No,11,3,4,80,1,40,4,3,40,18,15,17
603,38,No,Travel_Frequently,240,Sales,10,3,Life Sciences,1,3,Male,98,3,2,Sales Executive,1,Married,5076,2286,1,Y,No,11,3,3,80,0,20,2,3,20,14,15,7
604,60,Yes,Travel_Rarely,102,Research & Development,29,4,Medical,1,3,Female,99,2,3,Healthcare Representative,4,Married,1009,2094,1,Y,No,11,3,4,80,1,40,3,2,40,18,15,17
605,18,Yes,Travel_Rarely,102,Research & Development,1,1,Life Sciences,1,4,Male,30,3,1,Sales Representative,4,Married,1009,26999,1,Y,No,25,3,3,80,1,0,6,3,0,0,0,0
606,54,No,Travel_Rarely,198,Research & Development,28,2,Life Sciences,1,2,Male,70,2,4,Manager,4,Married,17456,2157,2,Y,No,11,3,2,80,1,33,3,2,39,17,15,16
607,31,No,Travel_Rarely,907,Research & Development,1,3,Medical,1,4,Male,80,3,1,Research Scientist,4,Divorced,3632,5932,0,Y,No,13,3,1,80,2,13,2,2,11,7,0,9
608,37,No,Travel_Rarely,735,Sales,28,4,Marketing,1,3,Male,46,2,5,Manager,4,Married,19737,2588,0,Y,No,13,3,1,80,1,16,2,3,39,17,15,8
609,53,No,Travel_Rarely,240,Human Resources,26,2,Human Resources,1,3,Male,94,3,5,Manager,2,Married,19080,21391,3,Y,Yes,14,3,3,80,1,30,5,3,16,6,14,7
610,23,No,Travel_Rarely,105,Sales,1,4,Life Sciences,1,3,Female,30,3,2,Manufacturing Director,4,Married,19999,2094,1,Y,No,11,3,3,80,0,40,2,3,40,18,15,17
611,59,No,Travel_Rarely,1499,Sales,1,2,Life Sciences,1,3,Female,30,3,2,Manufacturing Director,4,Married,19999,2094,1,Y,No,11,3,3,80,0,40,2,2,40,18,15,17
612,18,No,Travel_Rarely,103,Sales,29,4,Life Sciences,1,3,Male,35,3,2,Sales Executive,1,Divorced,2078,2101,2,Y,No,11,3,3,80,1,20,5,3,0,0,0,0
613,37,No,Travel_Rarely,604,Research & Development,28,1,Medical,1,4,Female,77,3,3,Research Director,2,Married,12538,7885,3,Y,Yes,14,3,4,80,0,13,3,3,11,7,7,9
614,18,Yes,Travel_Rarely,1499,Sales,1,3,Life Sciences,1,3,Male,30,2,1,Research Scientist,3,Single,1009,2094,3,Y,No,25,3,3,80,2,40,2,3,0,0,0,0
615,60,No,Travel_Rarely,1499,Research & Development,1,3,Medical,1,4,Female,30,2,1,Laboratory Technician,1,Married,1009,26999,0,Y,No,25,3,3,80,0,0,3,1,40,18,0,0
616,60,No,Travel_Rarely,102,Research & Development,1,4,Life Sciences,1,4,Male,30,4,1,Research Scientist,4,Married,19999,26999,0,Y,No,25,3,2,80,1,0,3,2,0,0,0,0
617,60,No,Travel_Rarely,1499,Research & Development,1,4,Life Sciences,1,4,Male,30,1,1,Laboratory Technician,4,Married,19999,26999,0,Y,No,25,3,1,80,1,0,3,1,0,0,0,0
618,60,No,Travel_Rarely,1499,Research & Development,1,4,Life Sciences,1,4,Male,30,1,1,Laboratory Technician,4,Married,19999,26999,0,Y,No,25,3,1,80,3,0,3,1,40,0,15,0
619,18,Yes,Travel_Frequently,448,Research & Development,20,1,Life Sciences,1,4,Male,79,3,1,Laboratory Technician,3,Single,2262,13502,1,Y,Yes,11,3,3,80,0,0,5,3,0,0,0,0
620,60,No,Travel_Rarely,102,Research & Development,1,5,Medical,1,4,Female,30,2,5,Sales Executive,4,Married,19999,26657,0,Y,No,11,3,4,80,1,40,3,3,40,0,15,0
621,18,Yes,Travel_Rarely,1499,Sales,29,3,Medical,1,2,Male,30,3,2,Healthcare Representative,3,Married,1009,2094,2,Y,No,25,3,2,80,2,40,2,3,0,0,15,0
622,60,No,Travel_Rarely,1499,Research & Development,1,2,Medical,1,3,Female,30,3,2,Manufacturing Director,4,Married,19999,2094,1,Y,No,11,3,4,80,0,40,2,2,40,18,15,17
623,35,No,Travel_Rarely,1499,Research & Development,1,4,Life Sciences,1,4,Male,30,2,1,Research Scientist,4,Married,1009,26999,1,Y,No,24,3,2,80,1,0,3,2,0,0,0,0
624,60,Yes,Travel_Rarely,102,Research & Development,29,4,Medical,1,3,Female,100,4,3,Healthcare Representative,4,Married,1009,2094,1,Y,No,11,3,4,80,1,40,3,3,40,18,15,17
625,60,No,Travel_Rarely,1498,Research & Development,1,4,Other,1,1,Male,30,2,1,Research Scientist,4,Single,1009,2094,3,Y,No,25,3,3,80,2,40,2,3,0,0,0,0
626,60,Yes,Travel_Rarely,1499,Research & Development,1,1,Life Sciences,1,4,Female,30,3,1,Research Scientist,3,Married,1009,26999,1,Y,No,11,3,3,80,0,0,5,3,40,0,0,0
627,18,No,Travel_Rarely,1499,Research & Development,29,3,Other,1,3,Male,30,3,1,Research Scientist,3,Married,1009,2094,3,Y,No,25,3,3,80,2,40,2,3,0,0,0,0
628,59,No,Travel_Rarely,102,Research & Development,29,1,Life Sciences,1,2,Female,60,2,4,Manager,3,Married,19988,2094,0,Y,No,13,3,2,80,1,40,3,3,40,18,15,17
629,60,No,Travel_Rarely,1499,Research & Development,1,4,Medical,1,4,Male,30,1,2,Sales Executive,4,Married,19999,26999,0,Y,No,11,3,4,80,3,40,3,1,40,0,15,0
630,60,No,Travel_Rarely,1499,Research & Development,28,3,Medical,1,4,Male,30,3,1,Research Scientist,3,Married,1009,26999,4,Y,No,25,3,3,80,2,40,2,3,0,0,0,0
631,60,No,Travel_Rarely,1499,Research & Development,1,4,Medical,1,4,Female,30,3,4,Manager,1,Married,19999,2094,2,Y,No,11,3,3,80,0,40,3,1,40,18,0,17
632,60,No,Travel_Rarely,1499,Research & Development,1,1,Medical,1,4,Male,30,2,2,Sales Executive,4,Married,19999,26999,0,Y,No,11,3,2,80,1,40,3,3,40,0,15,0
633,60,No,Travel_Rarely,1499,Research & Development,1,4,Medical,1,4,Female,30,2,5,Research Director,4,Married,19999,2094,0,Y,No,11,3,4,80,1,40,3,3,40,0,15,17
634,18,No,Travel_Rarely,1499,Research & Development,1,4,Life Sciences,1,1,Female,30,2,1,Laboratory Technician,4,Married,19999,2094,4,Y,No,11,3,2,80,1,0,3,2,0,0,0,0
635,56,No,Travel_Rarely,546,Research & Development,28,1,Medical,1,3,Male,59,3,3,Research Director,3,Married,17818,8963,3,Y,Yes,18,3,4,80,1,27,3,3,15,9,15,10
636,40,No,Travel_Rarely,1132,Sales,8,3,Medical,1,2,Female,95,2,1,Sales Representative,3,Married,2997,16293,4,Y,No,24,4,2,80,0,2,3,3,0,0,0,0
637,18,No,Travel_Rarely,1499,Research & Development,1,4,Other,1,4,Male,30,3,1,Research Scientist,3,Married,1009,2094,4,Y,No,25,3,3,80,2,40,2,3,0,0,0,0
638,60,No,Travel_Rarely,102,Research & Development,1,4,Medical,1,4,Male,100,4,1,Research Scientist,4,Married,1009,2094,0,Y,No,25,3,3,80,0,40,3,3,40,18,0,17
639,36,No,Travel_Rarely,591,Research & Development,2,2,Medical,1,4,Male,66,3,1,Laboratory Technician,3,Married,3455,24226,1,Y,No,11,3,1,80,1,9,2,3,6,6,14,3
640,60,No,Travel_Rarely,1499,Research & Development,1,4,Life Sciences,1,4,Male,30,2,1,Research Scientist,4,Married,1009,26999,1,Y,No,17,3,2,80,1,0,3,3,0,0,0,0
641,60,Yes,Travel_Rarely,102,Research & Development,29,4,Medical,1,3,Female,77,2,4,Healthcare Representative,4,Married,2605,2094,1,Y,No,11,3,4,80,1,40,3,2,40,18,15,17
642,60,No,Travel_Rarely,1499,Research & Development,1,1,Life Sciences,1,2,Female,30,3,1,Research Scientist,3,Married,1009,26999,1,Y,No,11,3,3,80,0,0,5,3,9,0,0,0
643,18,No,Travel_Rarely,102,Sales,1,2,Life Sciences,1,3,Female,30,3,2,Manufacturing Director,4,Married,19999,26999,1,Y,No,11,3,3,80,0,0,2,3,40,18,0,17
644,21,No,Travel_Rarely,102,Sales,1,2,Life Sciences,1,3,Female,30,3,2,Manufacturing Director,4,Married,19999,26999,1,Y,No,11,3,3,80,0,40,2,3,40,18,0,17
645,60,No,Travel_Rarely,1499,Sales,1,2,Life Sciences,1,3,Female,30,3,2,Manufacturing Director,3,Married,19999,26999,1,Y,No,11,3,3,80,0,40,2,2,40,18,15,17
646,60,No,Travel_Rarely,1499,Research & Development,1,4,Life Sciences,1,3,Female,30,3,3,Healthcare Representative,4,Married,19999,2094,1,Y,No,11,3,4,80,0,40,2,2,40,18,15,17
647,59,No,Travel_Rarely,111,Research & Development,28,3,Life Sciences,1,3,Female,67,2,5,Manager,2,Married,19639,2099,0,Y,Yes,11,3,4,80,1,39,5,2,40,17,15,14
648,60,No,Travel_Rarely,1499,Research & Development,1,4,Medical,1,4,Male,30,3,2,Sales Executive,4,Married,19999,2094,0,Y,No,25,4,1,80,3,40,3,1,40,0,0,0
649,18,No,Travel_Rarely,102,Sales,1,3,Life Sciences,1,3,Female,30,3,1,Research Scientist,4,Married,19999,2094,1,Y,No,11,3,3,80,0,0,5,3,40,0,0,0
650,60,No,Travel_Rarely,1499,Research & Development,1,4,Life Sciences,1,4,Male,30,2,1,Research Scientist,4,Married,1009,26999,4,Y,No,25,3,2,80,1,0,3,3,0,0,0,0
651,60,No,Travel_Rarely,1498,Sales,1,2,Life Sciences,1,3,Female,30,3,2,Manufacturing Director,4,Married,19999,2094,1,Y,No,11,3,3,80,0,40,2,3,40,18,15,17
652,60,No,Travel_Rarely,1499,Research & Development,1,4,Life Sciences,1,3,Male,30,2,1,Research Scientist,4,Married,1009,26999,4,Y,No,14,3,3,80,2,40,2,3,0,0,0,0
653,18,No,Non-Travel,102,Sales,1,3,Life Sciences,1,3,Male,30,3,1,Research Scientist,4,Single,1009,2094,1,Y,No,25,3,3,80,0,0,2,3,0,0,0,0
654,60,No,Travel_Rarely,1499,Research & Development,1,4,Life Sciences,1,1,Male,30,2,1,Research Scientist,4,Married,1009,2094,8,Y,No,25,3,3,80,2,40,2,3,0,0,0,0
655,18,No,Travel_Rarely,102,Sales,29,3,Life Sciences,1,3,Male,30,3,1,Research Scientist,3,Married,1009,2094,5,Y,No,11,3,3,80,2,40,5,3,0,0,0,0
656,18,Yes,Travel_Rarely,1499,Sales,1,3,Life Sciences,1,3,Male,30,2,1,Research Scientist,4,Single,1009,2094,1,Y,No,25,3,3,80,2,0,2,3,0,0,0,0
657,59,No,Travel_Rarely,476,Sales,1,4,Life Sciences,1,3,Female,30,3,2,Manufacturing Director,4,Married,19999,2094,1,Y,No,11,3,3,80,0,40,2,3,40,18,15,17
658,60,No,Travel_Rarely,1499,Research & Development,1,4,Life Sciences,1,4,Male,30,1,1,Research Scientist,4,Married,19999,26999,1,Y,No,25,3,2,80,1,0,3,2,0,0,0,0
659,60,No,Travel_Rarely,1499,Human Resources,1,3,Medical,1,4,Female,30,2,1,Laboratory Technician,3,Single,1009,26999,0,Y,No,11,3,3,80,0,40,3,3,40,0,0,0
660,60,No,Travel_Rarely,102,Research & Development,1,4,Medical,1,2,Female,30,4,3,Manager,3,Married,19999,2094,2,Y,No,25,4,1,80,1,40,3,3,40,18,15,17
661,60,No,Travel_Rarely,1499,Research & Development,1,4,Life Sciences,1,4,Male,30,4,1,Laboratory Technician,4,Married,19999,2094,1,Y,No,25,3,1,80,1,0,3,1,0,0,0,0
662,60,Yes,Travel_Rarely,102,Research & Development,1,4,Medical,1,4,Female,100,2,3,Healthcare Representative,4,Married,1009,2094,1,Y,No,11,3,4,80,1,40,3,3,40,18,15,16
663,18,No,Travel_Rarely,1499,Research & Development,29,3,Other,1,1,Male,30,2,1,Research Scientist,3,Single,1009,2094,3,Y,No,25,3,3,80,2,40,2,3,0,0,0,0
664,60,No,Travel_Rarely,1499,Research & Development,1,4,Life Sciences,1,1,Male,30,3,1,Research Scientist,3,Married,1009,24217,8,Y,No,24,3,3,80,2,40,2,3,0,0,0,0
665,57,Yes,Travel_Rarely,625,Sales,29,1,Life Sciences,1,3,Female,99,3,2,Manufacturing Director,4,Married,19999,2094,2,Y,No,11,3,3,80,1,22,2,2,0,0,15,0
666,60,No,Travel_Rarely,1499,Research & Development,1,3,Life Sciences,1,3,Female,31,2,1,Research Scientist,4,Married,1009,26999,4,Y,No,23,3,3,80,1,25,3,3,0,0,0,0
667,60,No,Travel_Rarely,1499,Research & Development,1,4,Medical,1,4,Male,30,2,2,Sales Executive,4,Married,19999,2094,0,Y,No,11,3,4,80,1,40,3,2,40,0,15,0
668,32,No,Travel_Rarely,281,Sales,1,3,Life Sciences,1,3,Male,65,3,5,Manager,4,Married,19090,3712,0,Y,No,13,3,4,80,1,28,2,3,32,17,15,13
669,58,No,Travel_Rarely,1497,Research & Development,4,4,Life Sciences,1,4,Female,30,3,4,Manager,3,Married,16033,23149,2,Y,No,12,3,4,80,0,16,6,1,5,6,0,0
670,18,No,Travel_Rarely,1499,Sales,29,3,Other,1,4,Male,30,3,1,Sales Executive,3,Married,1009,2094,3,Y,No,25,3,3,80,2,40,2,3,0,0,0,0
671,18,No,Travel_Rarely,1499,Research & Development,1,4,Medical,1,4,Male,30,3,2,Laboratory Technician,4,Married,19590,2094,0,Y,No,25,3,1,80,1,40,3,1,0,0,0,0
672,60,No,Travel_Rarely,1499,Research & Development,1,4,Life Sciences,1,1,Male,30,2,1,Research Scientist,4,Married,1009,2094,4,Y,No,25,3,2,80,1,0,3,2,0,0,0,0
673,60,No,Travel_Rarely,1499,Research & Development,1,4,Life Sciences,1,3,Male,30,2,1,Research Scientist,4,Single,1009,2094,3,Y,No,25,3,3,80,2,40,3,3,0,0,0,0
674,27,No,Non-Travel,798,Research & Development,28,3,Life Sciences,1,1,Male,49,2,2,Healthcare Representative,3,Single,11670,2094,3,Y,No,16,3,2,80,0,16,2,3,14,12,15,16
675,59,Yes,Travel_Rarely,102,Research & Development,3,4,Medical,1,3,Female,97,3,3,Healthcare Representative,4,Married,6369,5734,1,Y,No,15,3,4,80,1,39,3,2,40,15,15,16
676,60,Yes,Travel_Rarely,102,Research & Development,29,4,Medical,1,3,Female,99,2,3,Healthcare Representative,4,Married,1009,2094,1,Y,No,25,3,4,80,1,40,3,2,40,18,15,17
677,60,No,Travel_Rarely,102,Research & Development,29,1,Medical,1,2,Female,30,4,3,Manager,3,Married,1009,2094,0,Y,No,25,4,2,80,1,40,3,3,40,18,15,17
678,60,Yes,Travel_Rarely,1499,Research & Development,29,3,Medical,1,4,Male,30,3,1,Research Scientist,3,Married,1009,26999,4,Y,No,25,3,3,80,2,40,5,3,0,0,0,0
679,18,Yes,Travel_Rarely,1499,Sales,29,3,Other,1,3,Male,30,3,1,Research Scientist,3,Married,1009,2094,2,Y,No,11,3,3,80,0,0,5,3,0,0,0,0
680,60,No,Travel_Rarely,1499,Research & Development,1,4,Life Sciences,1,3,Male,30,2,1,Research Scientist,4,Married,1009,26999,8,Y,No,25,3,3,80,2,40,2,3,0,0,0,0
681,60,No,Travel_Rarely,1499,Research & Development,1,3,Life Sciences,1,3,Male,30,2,1,Research Scientist,3,Married,1009,26999,1,Y,No,11,3,3,80,0,40,5,3,0,0,0,0
682,60,No,Travel_Rarely,1499,Research & Development,29,4,Medical,1,4,Male,30,3,1,Research Scientist,3,Married,1009,26999,4,Y,No,11,3,3,80,2,40,5,2,0,0,0,0
683,60,Yes,Travel_Rarely,1499,Research & Development,1,1,Life Sciences,1,4,Male,30,3,1,Research Scientist,3,Married,1009,26999,4,Y,No,11,3,3,80,1,40,3,3,0,0,15,0
684,60,No,Travel_Rarely,102,Research & Development,1,2,Medical,1,2,Female,30,4,2,Sales Representative,1,Married,1009,2094,1,Y,No,25,4,3,80,1,40,3,3,1,18,0,0
685,60,No,Travel_Rarely,1499,Research & Development,1,4,Life Sciences,1,1,Male,30,3,1,Research Scientist,4,Single,1009,2094,3,Y,No,25,3,3,80,2,40,2,3,0,0,0,0
686,60,Yes,Travel_Rarely,1499,Research & Development,1,1,Life Sciences,1,3,Female,30,3,1,Research Scientist,3,Married,1009,2094,1,Y,No,11,3,3,80,0,0,5,3,40,0,0,0
687,60,No,Travel_Rarely,1499,Research & Development,29,3,Medical,1,4,Male,30,3,1,Research Scientist,3,Married,1009,2094,4,Y,No,25,3,3,80,2,40,2,3,0,0,0,0
688,60,No,Travel_Rarely,1499,Research & Development,1,4,Life Sciences,1,1,Female,30,2,1,Research Scientist,3,Married,1009,2094,8,Y,No,25,3,3,80,1,40,3,3,0,0,0,0
689,41,No,Travel_Rarely,1303,Research & Development,28,2,Technical Degree,1,4,Male,68,3,2,Laboratory Technician,3,Divorced,3881,12683,1,Y,No,13,3,2,80,1,10,3,3,10,8,14,7
690,60,Yes,Travel_Rarely,102,Research & Development,29,4,Medical,1,3,Female,100,3,3,Healthcare Representative,4,Married,1009,2094,1,Y,No,11,3,4,80,1,40,3,2,40,18,15,17
691,60,Yes,Travel_Rarely,1499,Research & Development,1,1,Life Sciences,1,2,Female,30,3,1,Research Scientist,3,Married,1009,26999,1,Y,No,11,3,3,80,0,0,5,3,40,0,0,0
692,18,No,Travel_Rarely,1499,Research & Development,29,4,Other,1,4,Male,30,3,1,Research Scientist,3,Married,1009,2094,4,Y,No,25,3,3,80,2,40,2,3,0,0,0,0
693,18,No,Travel_Rarely,1499,Research & Development,29,3,Medical,1,3,Male,30,3,2,Healthcare Representative,3,Married,1009,2094,4,Y,No,25,3,3,80,2,40,2,3,0,0,0,0
694,46,No,Travel_Rarely,662,Research & Development,1,1,Life Sciences,1,1,Female,99,2,4,Manager,4,Married,17004,3554,1,Y,No,12,3,1,80,1,39,3,3,39,16,15,16
695,18,Yes,Travel_Rarely,1499,Sales,29,3,Medical,1,2,Male,30,3,2,Healthcare Representative,3,Married,1009,2094,2,Y,No,25,3,3,80,2,40,2,3,0,0,0,0
696,35,No,Travel_Rarely,586,Research & Development,18,4,Life Sciences,1,4,Male,83,3,2,Research Scientist,1,Married,4868,20176,9,Y,No,12,3,2,80,1,20,3,3,13,9,15,12
697,18,No,Travel_Rarely,1499,Research & Development,1,4,Other,1,2,Male,30,3,1,Sales Executive,3,Married,1009,2094,3,Y,No,11,3,3,80,2,40,2,3,0,0,0,0
698,60,Yes,Travel_Rarely,1499,Research & Development,1,1,Medical,1,4,Female,30,3,3,Healthcare Representative,4,Married,1009,26999,1,Y,No,11,3,4,80,1,40,3,2,40,0,15,17
699,60,No,Travel_Rarely,102,Research & Development,1,4,Life Sciences,1,1,Female,30,3,1,Laboratory Technician,3,Single,1009,26999,3,Y,No,25,3,2,80,0,40,3,3,0,0,0,0
700,60,No,Travel_Rarely,1499,Research & Development,1,4,Life Sciences,1,4,Male,30,3,1,Laboratory Technician,4,Married,19999,10672,0,Y,No,25,3,1,80,1,0,3,1,39,0,0,0
701,60,No,Travel_Rarely,1499,Research & Development,1,4,Life Sciences,1,4,Male,30,2,1,Laboratory Technician,4,Married,1009,2094,1,Y,No,25,3,2,80,1,0,3,2,0,0,0,0
702,21,No,Travel_Rarely,1499,Research & Development,29,3,Medical,1,3,Male,30,3,2,Healthcare Representative,3,Married,1009,2094,2,Y,No,25,3,3,80,2,40,2,3,0,0,0,0
703,18,No,Travel_Frequently,102,Sales,29,4,Life Sciences,1,3,Male,30,3,1,Research Scientist,1,Married,1009,2094,2,Y,No,11,3,3,80,0,40,5,3,0,0,0,0
704,54,No,Travel_Rarely,146,Research & Development,28,4,Medical,1,3,Male,92,2,4,Manager,3,Married,19090,20011,0,Y,No,24,3,4,80,1,39,3,3,40,17,15,16
705,18,No,Travel_Rarely,102,Sales,1,2,Life Sciences,1,3,Female,30,3,2,Manufacturing Director,4,Married,19999,2094,1,Y,No,11,3,3,80,0,39,2,3,40,0,0,0
706,55,Yes,Travel_Rarely,368,Research & Development,2,4,Medical,1,3,Male,88,2,4,Manager,4,Married,16883,7124,1,Y,No,11,3,4,80,0,38,3,2,39,16,15,13
707,18,No,Non-Travel,102,Research & Development,1,2,Life Sciences,1,3,Male,30,3,1,Research Scientist,3,Single,1009,2094,1,Y,No,25,3,3,80,0,0,2,3,0,0,0,0
708,18,Yes,Travel_Rarely,1499,Sales,1,3,Other,1,4,Male,30,3,1,Research Scientist,3,Married,1009,2094,2,Y,No,25,3,3,80,2,40,2,3,0,0,0,0
709,60,No,Travel_Rarely,1499,Research & Development,1,4,Life Sciences,1,1,Male,30,3,1,Research Scientist,3,Married,1009,2094,8,Y,No,25,3,3,80,2,40,3,3,0,0,0,0
710,60,Yes,Travel_Rarely,102,Research & Development,1,4,Medical,1,3,Female,100,2,3,Healthcare Representative,4,Married,1009,2094,1,Y,No,11,3,4,80,1,40,3,2,40,18,15,6
711,60,No,Travel_Rarely,1499,Research & Development,29,3,Medical,1,4,Male,30,3,2,Healthcare Representative,3,Married,1009,17313,2,Y,No,25,3,3,80,2,40,2,3,0,0,0,0
712,60,No,Travel_Rarely,1499,Research & Development,29,4,Medical,1,4,Male,30,3,1,Research Scientist,3,Married,1009,26987,4,Y,No,25,3,3,80,2,40,2,3,0,0,0,0
713,60,No,Travel_Rarely,1499,Research & Development,1,5,Life Sciences,1,4,Male,30,2,2,Sales Representative,4,Married,19999,26999,0,Y,No,11,4,2,80,1,40,3,3,40,0,15,0
714,18,Yes,Travel_Rarely,102,Research & Development,1,1,Life Sciences,1,4,Male,30,1,1,Sales Representative,4,Married,1009,26999,1,Y,No,25,3,3,80,1,0,6,3,0,0,0,0
715,32,Yes,Travel_Rarely,270,Research & Development,27,3,Medical,1,1,Male,54,3,2,Research Scientist,2,Divorced,3589,13901,6,Y,Yes,11,3,4,80,2,8,2,3,4,2,0,0
716,60,No,Travel_Rarely,1499,Research & Development,1,2,Life Sciences,1,3,Female,30,3,2,Sales Executive,4,Married,19999,26999,1,Y,No,11,3,3,80,1,40,4,3,40,0,15,17
717,60,No,Travel_Rarely,1499,Research & Development,1,4,Medical,1,4,Male,30,4,2,Laboratory Technician,4,Married,19999,2094,0,Y,No,25,3,2,80,1,40,3,2,40,0,0,0
718,60,No,Travel_Rarely,1499,Research & Development,29,3,Medical,1,4,Male,30,3,2,Healthcare Representative,3,Married,1009,26999,4,Y,No,25,3,3,80,2,40,5,3,0,0,0,0
719,60,No,Travel_Rarely,1499,Research & Development,29,3,Medical,1,2,Male,30,3,2,Healthcare Representative,3,Married,1009,2094,5,Y,No,25,3,3,80,2,40,2,3,0,0,0,0
720,60,Yes,Travel_Rarely,102,Research & Development,29,4,Medical,1,4,Female,71,2,3,Healthcare Representative,4,Married,1009,2094,1,Y,No,25,3,4,80,1,40,3,2,40,18,15,17
721,59,No,Travel_Rarely,1499,Research & Development,29,3,Medical,1,4,Male,30,3,2,Healthcare Representative,3,Married,1009,2094,2,Y,No,25,3,3,80,2,40,2,3,0,0,0,0
722,18,No,Travel_Rarely,102,Sales,1,4,Life Sciences,1,3,Female,30,3,2,Manufacturing Director,4,Married,19999,23337,1,Y,No,11,3,3,80,0,40,2,3,40,18,0,17
723,31,No,Travel_Rarely,415,Sales,15,4,Marketing,1,3,Male,87,3,3,Sales Executive,4,Married,9677,10311,1,Y,Yes,14,3,2,80,2,12,2,3,8,6,13,7
724,18,Yes,Travel_Frequently,102,Sales,29,3,Life Sciences,1,3,Male,30,3,1,Research Scientist,1,Married,1009,2094,5,Y,No,11,3,3,80,0,40,5,3,0,0,0,0
725,18,No,Travel_Rarely,102,Sales,1,3,Life Sciences,1,3,Female,30,3,1,Research Scientist,3,Married,19999,2094,1,Y,No,11,3,3,80,0,0,2,3,40,0,0,0
726,41,No,Travel_Rarely,804,Research & Development,5,3,Medical,1,3,Female,56,2,4,Manager,4,Married,16847,20085,2,Y,No,18,3,3,80,1,22,5,4,15,10,14,9
727,18,No,Travel_Frequently,1499,Research & Development,1,4,Medical,1,3,Male,100,3,1,Research Scientist,2,Divorced,1009,2094,1,Y,No,25,3,1,80,1,1,3,1,40,18,0,0
728,60,Yes,Travel_Rarely,102,Research & Development,29,4,Medical,1,3,Female,100,2,3,Healthcare Representative,4,Married,1009,2094,1,Y,No,24,3,4,80,1,40,3,3,40,18,15,17
729,60,No,Travel_Rarely,102,Research & Development,1,4,Medical,1,4,Female,30,2,5,Sales Executive,4,Married,19999,26999,0,Y,No,11,3,4,80,1,40,3,3,40,0,15,17
730,60,Yes,Travel_Rarely,102,Sales,29,1,Medical,1,4,Female,30,3,3,Manufacturing Director,4,Married,19999,26999,1,Y,No,11,3,4,80,1,40,3,3,40,18,15,0
731,18,No,Travel_Rarely,1499,Research & Development,1,3,Life Sciences,1,4,Male,30,2,1,Research Scientist,3,Married,1009,26999,1,Y,No,11,3,3,80,0,0,3,3,0,0,0,0
732,39,No,Travel_Rarely,791,Research & Development,3,1,Life Sciences,1,4,Female,30,3,1,Research Scientist,3,Divorced,4034,21493,3,Y,Yes,14,3,3,80,2,8,4,2,1,2,3,4
733,23,No,Travel_Rarely,349,Sales,28,1,Medical,1,4,Female,99,3,1,Sales Representative,2,Married,1731,25075,1,Y,No,11,3,1,80,0,0,3,2,0,0,0,0
734,60,No,Travel_Rarely,102,Sales,1,4,Life Sciences,1,3,Female,30,3,2,Manufacturing Director,4,Married,19999,2094,1,Y,No,11,3,3,80,0,40,2,3,40,18,0,17
735,60,No,Travel_Rarely,1499,Sales,1,4,Life Sciences,1,3,Male,30,2,1,Research Scientist,3,Married,1009,26999,4,Y,No,11,3,3,80,2,40,2,3,0,0,0,0
736,60,No,Travel_Rarely,1499,Research & Development,29,4,Medical,1,3,Male,30,3,1,Research Scientist,3,Married,1009,2094,4,Y,No,25,3,3,80,2,40,2,3,0,0,0,0
737,60,Yes,Travel_Rarely,1499,Research & Development,1,1,Life Sciences,1,4,Male,30,3,1,Research Scientist,3,Married,1009,26999,1,Y,No,11,3,3,80,0,0,5,3,40,0,0,0
738,60,No,Travel_Rarely,102,Research & Development,29,4,Life Sciences,1,3,Female,50,2,3,Manager,3,Married,19867,2094,0,Y,No,22,3,2,80,1,40,3,3,40,18,15,17
739,18,Yes,Travel_Rarely,102,Sales,1,1,Life Sciences,1,3,Female,30,3,1,Manufacturing Director,4,Married,19999,2094,1,Y,No,11,3,3,80,0,0,2,3,40,0,0,0
740,18,No,Travel_Rarely,1499,Sales,29,3,Other,1,4,Male,30,3,1,Sales Executive,3,Married,1009,2094,2,Y,No,25,3,3,80,2,40,2,3,0,0,0,0
741,59,Yes,Travel_Rarely,102,Research & Development,29,1,Life Sciences,1,3,Female,43,2,4,Manager,4,Married,19900,2094,1,Y,No,21,3,4,80,1,40,3,3,40,18,15,17
742,60,Yes,Travel_Rarely,102,Research & Development,29,4,Medical,1,3,Female,94,2,3,Healthcare Representative,4,Married,1009,2094,1,Y,No,25,3,4,80,1,40,3,2,40,18,15,17
743,20,No,Travel_Rarely,1499,Research & Development,1,4,Other,1,4,Male,30,3,1,Research Scientist,3,Married,1009,2094,4,Y,No,25,3,3,80,2,40,2,3,0,0,0,0
744,60,No,Travel_Rarely,1499,Sales,1,4,Medical,1,4,Male,30,3,1,Research Scientist,3,Married,1009,26999,4,Y,No,24,3,3,80,2,40,5,3,0,0,0,0
745,18,Yes,Travel_Rarely,102,Sales,1,2,Life Sciences,1,3,Male,30,3,1,Research Scientist,4,Single,1009,26999,1,Y,No,25,3,3,80,1,0,2,3,0,0,0,0
746,60,No,Travel_Rarely,1499,Research & Development,1,5,Medical,1,4,Female,30,3,2,Research Scientist,3,Married,1009,26999,4,Y,No,25,3,3,80,2,40,2,3,0,0,0,0
747,60,No,Travel_Rarely,1499,Research & Development,29,3,Medical,1,4,Male,30,3,2,Healthcare Representative,3,Married,1009,26999,2,Y,No,25,3,3,80,2,40,5,3,0,0,0,0
748,60,Yes,Travel_Rarely,102,Sales,1,1,Medical,1,4,Female,30,3,4,Research Director,4,Married,19999,26999,1,Y,No,11,3,4,80,1,40,4,2,40,18,15,0
749,41,No,Travel_Rarely,702,Research & Development,6,3,Medical,1,2,Male,71,3,5,Manager,1,Divorced,18843,3929,0,Y,Yes,12,3,4,80,1,25,4,3,19,8,15,2
750,60,No,Travel_Rarely,1499,Research & Development,1,4,Medical,1,4,Male,30,3,1,Research Scientist,3,Married,1009,26999,4,Y,No,24,3,3,80,2,40,5,3,0,0,0,0
751,60,No,Travel_Rarely,1499,Research & Development,1,4,Life Sciences,1,3,Male,100,2,1,Research Scientist,4,Married,1009,26999,8,Y,No,11,3,3,80,1,40,3,3,0,0,0,0
752,60,No,Travel_Rarely,1499,Research & Development,1,4,Life Sciences,1,4,Male,30,2,1,Research Scientist,4,Married,1009,26999,4,Y,No,25,3,3,80,1,40,3,3,0,0,0,0
753,60,No,Travel_Rarely,1499,Research & Development,1,4,Medical,1,1,Male,30,3,1,Laboratory Technician,4,Married,19999,2094,0,Y,No,11,3,1,80,3,40,3,1,40,0,15,0
754,60,No,Travel_Rarely,1499,Research & Development,1,4,Life Sciences,1,1,Female,99,3,1,Research Scientist,3,Married,1009,2094,8,Y,No,25,3,3,80,2,40,3,3,0,0,0,0
755,18,Yes,Travel_Rarely,102,Sales,1,4,Life Sciences,1,3,Female,30,3,2,Manufacturing Director,4,Married,19999,2094,1,Y,No,11,3,3,80,0,0,2,3,40,0,0,0
756,60,No,Travel_Rarely,1499,Research & Development,1,4,Life Sciences,1,3,Male,30,2,1,Research Scientist,3,Married,1009,2094,8,Y,No,25,3,3,80,2,40,2,3,0,0,0,0
757,60,No,Travel_Rarely,1499,Research & Development,1,4,Life Sciences,1,1,Female,30,2,1,Research Scientist,3,Married,1009,26999,8,Y,No,25,3,3,80,1,40,3,3,0,0,0,0
758,60,No,Travel_Rarely,1499,Research & Development,1,5,Medical,1,3,Male,30,3,1,Research Scientist,3,Married,1009,26999,4,Y,No,25,3,3,80,2,40,2,3,0,0,0,0
759,60,No,Travel_Rarely,1499,Research & Development,1,4,Medical,1,3,Male,30,3,1,Research Scientist,3,Married,1009,14996,4,Y,No,25,3,3,80,2,40,2,3,0,0,0,0
760,18,Yes,Travel_Rarely,102,Sales,1,3,Life Sciences,1,3,Male,30,2,1,Research Scientist,4,Married,1009,2094,1,Y,No,25,3,3,80,1,0,2,3,0,0,0,0
761,45,No,Travel_Frequently,161,Sales,28,4,Marketing,1,3,Male,40,3,5,Manager,2,Married,19919,8670,0,Y,No,11,3,4,80,1,39,0,2,39,17,15,2
762,60,No,Travel_Rarely,1499,Research & Development,1,4,Medical,1,3,Male,30,3,1,Research Scientist,3,Married,1009,2134,4,Y,No,25,3,3,80,2,40,2,3,0,0,0,0
763,60,No,Travel_Rarely,1499,Research & Development,1,4,Other,1,4,Male,30,3,1,Research Scientist,3,Married,1009,2094,3,Y,No,25,3,3,80,2,40,2,3,0,0,0,0
764,60,Yes,Travel_Rarely,102,Research & Development,29,4,Medical,1,4,Female,42,2,3,Healthcare Representative,4,Married,1009,2094,1,Y,No,24,3,4,80,1,40,3,2,40,18,15,17
765,18,No,Travel_Rarely,1499,Research & Development,1,4,Medical,1,4,Male,30,4,1,Laboratory Technician,4,Married,19999,2094,0,Y,No,25,3,1,80,3,39,3,1,40,0,0,0
766,18,No,Travel_Rarely,102,Sales,1,3,Life Sciences,1,3,Male,30,3,1,Research Scientist,3,Single,1009,2094,1,Y,No,25,3,3,80,2,0,2,3,0,0,0,0
767,18,No,Travel_Rarely,1499,Research & Development,29,3,Medical,1,2,Male,30,3,2,Sales Executive,3,Married,1009,2094,5,Y,No,25,3,3,80,2,40,2,3,0,0,0,0
768,60,Yes,Travel_Rarely,102,Research & Development,1,1,Medical,1,3,Female,100,4,3,Manager,2,Married,1009,2094,1,Y,No,11,3,4,80,1,40,3,2,40,18,15,0
769,60,No,Travel_Rarely,1499,Research & Development,1,1,Medical,1,4,Male,30,2,2,Sales Executive,4,Married,19999,26999,0,Y,No,11,3,4,80,3,40,3,2,40,0,15,0
770,60,Yes,Travel_Rarely,102,Research & Development,29,4,Medical,1,4,Female,99,2,3,Healthcare Representative,4,Married,1009,2094,1,Y,No,11,3,4,80,1,40,3,3,40,18,15,17
771,18,Yes,Travel_Rarely,102,Research & Development,1,1,Life Sciences,1,3,Female,30,3,1,Research Scientist,3,Married,19999,26999,1,Y,No,11,3,3,80,0,0,5,3,40,0,0,0
772,48,Yes,Travel_Frequently,796,Sales,7,3,Medical,1,1,Female,85,3,1,Sales Representative,4,Married,4175,13881,3,Y,Yes,23,4,2,80,0,9,3,3,0,0,0,0
773,18,No,Travel_Rarely,102,Sales,1,4,Life Sciences,1,3,Female,30,3,2,Manufacturing Director,4,Married,19999,17418,1,Y,No,11,3,3,80,0,40,2,3,40,18,0,17
774,18,Yes,Travel_Rarely,102,Sales,1,2,Life Sciences,1,3,Female,30,3,2,Manufacturing Director,4,Married,19999,2094,1,Y,No,11,3,3,80,0,26,2,3,40,10,0,0
775,18,No,Travel_Rarely,1499,Research & Development,29,3,Other,1,2,Male,30,3,2,Sales Executive,3,Married,1009,2094,3,Y,No,25,3,3,80,2,40,2,3,0,0,0,0
776,18,No,Travel_Rarely,1476,Sales,1,3,Life Sciences,1,4,Female,99,3,1,Sales Representative,4,Single,1009,2144,1,Y,No,12,3,3,80,0,0,3,3,0,0,0,0
777,19,No,Travel_Rarely,1499,Research & Development,1,4,Medical,1,4,Male,30,4,2,Sales Executive,4,Married,19998,2094,0,Y,No,20,3,4,80,1,40,3,2,40,0,1,0
778,59,No,Travel_Rarely,841,Sales,29,3,Marketing,1,3,Female,57,2,5,Manager,1,Married,19244,5014,0,Y,No,21,3,4,80,0,39,5,3,40,18,15,16
779,29,Yes,Travel_Rarely,1365,Sales,1,1,Technical Degree,1,2,Female,98,3,1,Sales Representative,3,Single,1896,19391,1,Y,No,11,3,3,80,0,1,4,4,1,0,0,0
780,60,No,Travel_Rarely,1499,Human Resources,1,3,Medical,1,4,Female,30,3,2,Manager,3,Single,1009,26999,0,Y,No,25,3,3,80,0,0,3,1,40,18,0,0
781,18,Yes,Travel_Rarely,102,Sales,1,1,Life Sciences,1,3,Female,30,3,2,Manufacturing Director,4,Married,19999,26999,1,Y,No,11,3,3,80,0,0,2,3,40,0,0,0
782,60,No,Travel_Rarely,1499,Research & Development,1,4,Medical,1,4,Male,30,1,1,Laboratory Technician,4,Married,19999,26999,0,Y,No,11,3,1,80,3,40,3,1,40,0,15,0
783,60,Yes,Travel_Rarely,102,Research & Development,29,4,Medical,1,4,Female,100,2,3,Healthcare Representative,4,Married,1009,2094,1,Y,No,11,3,4,80,1,40,3,2,40,18,15,17
784,60,No,Travel_Rarely,102,Sales,29,5,Medical,1,2,Female,100,4,2,Sales Executive,3,Married,1009,2094,1,Y,No,25,4,3,80,1,40,3,3,40,18,15,17
785,18,No,Travel_Rarely,102,Sales,1,1,Life Sciences,1,3,Female,30,3,2,Manufacturing Director,4,Married,19999,2094,1,Y,No,11,3,3,80,0,0,2,3,40,0,0,0
786,18,No,Travel_Rarely,102,Sales,1,3,Life Sciences,1,3,Female,30,3,1,Research Scientist,3,Married,19999,2094,1,Y,No,11,3,3,80,0,0,5,3,40,0,0,0
787,60,No,Travel_Rarely,1499,Research & Development,29,4,Other,1,3,Male,30,3,1,Research Scientist,3,Married,1009,2094,3,Y,No,25,3,3,80,2,40,2,3,0,0,0,0
788,60,No,Travel_Rarely,102,Research & Development,1,4,Life Sciences,1,4,Female,30,2,1,Laboratory Technician,3,Divorced,1009,26999,1,Y,No,11,3,2,80,0,0,1,3,40,0,0,0
789,59,No,Travel_Rarely,1499,Sales,1,3,Life Sciences,1,3,Male,30,3,1,Research Scientist,3,Married,1009,26999,4,Y,No,25,3,3,80,2,40,2,3,0,0,0,0
790,53,No,Travel_Rarely,1499,Sales,29,4,Medical,1,4,Male,30,3,2,Sales Executive,3,Married,1034,26992,2,Y,No,24,3,2,80,2,40,2,2,0,0,0,0
791,60,Yes,Travel_Rarely,102,Research & Development,29,4,Medical,1,4,Female,99,2,3,Healthcare Representative,4,Married,1009,2094,1,Y,No,11,3,4,80,1,40,3,2,40,18,15,17
792,36,No,Travel_Rarely,652,Sales,7,3,Marketing,1,3,Male,61,3,3,Sales Executive,4,Married,8420,6527,2,Y,Yes,11,3,1,80,1,10,3,3,7,3,14,4
793,60,No,Travel_Rarely,1499,Research & Development,1,1,Medical,1,4,Male,30,2,2,Sales Executive,4,Married,19999,26999,0,Y,No,11,4,4,80,1,40,3,2,40,0,15,0
794,60,No,Travel_Rarely,1499,Research & Development,1,4,Medical,1,4,Male,30,3,1,Laboratory Technician,4,Married,19999,16181,0,Y,No,11,3,1,80,3,40,3,1,40,0,15,0
795,18,Yes,Non-Travel,102,Research & Development,1,2,Life Sciences,1,4,Male,30,3,1,Research Scientist,4,Single,1009,26998,1,Y,No,25,3,3,80,0,0,2,3,0,0,0,0
796,54,Yes,Travel_Rarely,283,Research & Development,28,4,Medical,1,4,Female,93,2,3,Manufacturing Director,4,Married,9136,17612,1,Y,No,18,3,4,80,1,39,2,2,40,16,15,16
797,18,Yes,Travel_Rarely,102,Research & Development,28,1,Life Sciences,1,2,Female,30,3,1,Research Scientist,3,Married,1009,26999,1,Y,No,11,3,3,80,0,0,5,3,29,0,0,0
798,18,No,Travel_Rarely,1499,Research & Development,1,4,Medical,1,1,Male,30,3,2,Sales Executive,4,Married,19999,2094,0,Y,No,25,3,1,80,3,40,3,1,40,0,15,0
799,60,No,Travel_Rarely,1499,Research & Development,1,4,Life Sciences,1,3,Male,30,3,1,Research Scientist,3,Married,1010,26999,4,Y,No,25,3,3,80,2,40,2,3,0,0,0,0
800,18,Yes,Travel_Rarely,102,Sales,1,3,Life Sciences,1,3,Female,30,3,1,Research Scientist,3,Married,19999,2094,1,Y,No,11,3,3,80,0,0,5,3,40,0,0,0
801,18,Yes,Travel_Rarely,102,Sales,1,3,Life Sciences,1,3,Male,30,3,1,Research Scientist,4,Married,1009,26999,1,Y,No,25,3,3,80,1,0,2,3,0,0,0,0
802,60,No,Travel_Rarely,1499,Research & Development,29,3,Medical,1,4,Male,30,3,1,Research Scientist,3,Married,1009,26999,4,Y,No,25,3,3,80,2,40,2,3,0,0,0,0
803,59,No,Travel_Rarely,106,Research & Development,27,1,Medical,1,3,Female,30,2,4,Manager,3,Married,19854,2094,1,Y,No,11,3,4,80,1,40,3,3,40,18,15,17
804,60,No,Travel_Rarely,1499,Research & Development,1,4,Life Sciences,1,1,Female,100,2,1,Research Scientist,3,Single,1009,2094,8,Y,No,25,3,3,80,2,40,2,3,0,0,0,0
805,60,Yes,Travel_Rarely,1499,Research & Development,29,3,Medical,1,4,Male,30,3,1,Sales Executive,3,Married,1009,2094,2,Y,No,25,3,2,80,0,40,5,3,0,0,0,0
806,60,No,Travel_Rarely,1499,Research & Development,1,4,Life Sciences,1,3,Male,30,2,1,Research Scientist,3,Married,1009,26999,8,Y,No,11,3,3,80,2,40,2,3,0,0,0,0
807,60,No,Travel_Rarely,1499,Research & Development,1,4,Medical,1,3,Male,30,3,1,Research Scientist,3,Married,1009,26998,4,Y,No,25,3,3,80,2,40,2,3,0,0,0,0
808,59,No,Travel_Rarely,1470,Sales,1,4,Life Sciences,1,3,Female,30,3,2,Manufacturing Director,4,Married,19999,2094,1,Y,No,11,3,3,80,0,40,2,3,40,18,15,17
809,60,Yes,Travel_Rarely,1499,Sales,1,3,Life Sciences,1,4,Male,30,3,1,Research Scientist,4,Married,1009,26999,1,Y,No,25,3,3,80,0,40,5,3,0,0,0,0
810,18,No,Travel_Rarely,1499,Research & Development,1,4,Medical,1,4,Male,30,4,2,Laboratory Technician,1,Married,19999,2094,0,Y,No,25,3,1,80,3,40,3,1,40,0,0,0
811,59,Yes,Travel_Rarely,102,Research & Development,1,4,Medical,1,3,Female,46,2,4,Manager,4,Married,19694,2094,1,Y,No,11,3,4,80,1,40,3,2,40,18,15,5
812,60,No,Travel_Rarely,1499,Research & Development,1,4,Medical,1,4,Male,30,4,1,Laboratory Technician,4,Married,19999,2094,0,Y,No,25,3,1,80,3,0,3,1,0,0,0,0
813,18,Yes,Travel_Rarely,102,Sales,1,1,Life Sciences,1,3,Female,30,3,1,Research Scientist,4,Married,19999,2094,1,Y,No,11,3,3,80,0,0,2,3,40,0,0,0
814,18,No,Travel_Rarely,102,Sales,1,2,Life Sciences,1,3,Female,30,3,2,Manufacturing Director,4,Married,19999,2094,1,Y,No,11,3,3,80,0,0,2,3,40,18,0,9
815,18,Yes,Travel_Rarely,102,Sales,1,1,Life Sciences,1,3,Male,30,2,1,Research Scientist,4,Married,1009,26999,1,Y,No,25,3,3,80,1,0,2,3,0,0,0,0
816,27,No,Travel_Rarely,117,Research & Development,9,3,Life Sciences,1,3,Female,99,3,1,Laboratory Technician,1,Divorced,2278,19571,3,Y,No,23,3,3,80,1,0,2,3,0,0,0,0
817,60,No,Travel_Rarely,1499,Research & Development,1,4,Life Sciences,1,4,Male,30,4,1,Research Scientist,4,Married,19999,3028,4,Y,No,25,3,2,80,1,0,3,2,0,0,0,0
818,36,No,Travel_Frequently,373,Research & Development,27,3,Medical,1,4,Female,75,3,3,Healthcare Representative,1,Married,7348,6372,1,Y,No,11,3,4,80,2,14,2,2,20,4,15,7
819,60,No,Travel_Rarely,1142,Research & Development,1,4,Life Sciences,1,4,Male,30,1,1,Research Scientist,4,Married,2826,26999,1,Y,No,25,3,2,80,1,0,3,2,0,0,0,0
820,18,No,Travel_Rarely,1499,Research & Development,29,3,Medical,1,3,Male,30,3,2,Sales Executive,3,Married,1009,2094,4,Y,No,25,3,3,80,2,40,2,3,0,0,0,0
821,60,No,Travel_Rarely,1499,Research & Development,1,1,Life Sciences,1,4,Female,30,3,1,Research Scientist,3,Married,1009,26999,1,Y,No,11,3,3,80,0,0,5,3,40,0,0,0
822,60,No,Travel_Rarely,102,Research & Development,29,2,Medical,1,3,Male,30,2,1,Research Scientist,4,Married,1009,2094,2,Y,No,25,4,2,80,1,35,3,3,0,0,0,0
823,18,Yes,Non-Travel,102,Research & Development,1,3,Life Sciences,1,2,Male,30,3,1,Research Scientist,4,Single,1009,2094,1,Y,No,11,3,3,80,0,0,2,3,0,0,0,0
824,60,No,Travel_Rarely,1498,Research & Development,1,1,Medical,1,4,Male,30,4,3,Sales Executive,4,Married,19999,2592,0,Y,No,11,3,4,80,1,40,3,2,40,18,15,0
825,28,No,Non-Travel,210,Research & Development,28,3,Life Sciences,1,2,Male,52,3,1,Research Scientist,4,Single,2380,14556,1,Y,No,13,3,3,80,0,6,2,3,4,2,5,2
826,18,No,Travel_Rarely,102,Sales,1,2,Life Sciences,1,3,Female,30,3,1,Manufacturing Director,4,Married,19999,26999,1,Y,No,11,3,3,80,0,40,1,3,40,0,0,0
827,60,No,Travel_Rarely,1499,Research & Development,1,4,Life Sciences,1,1,Male,100,2,1,Manufacturing Director,3,Married,1009,26999,8,Y,No,25,3,2,80,1,40,3,2,0,0,0,0
828,60,No,Travel_Rarely,1499,Research & Development,1,5,Other,1,3,Male,30,2,1,Research Scientist,4,Married,1009,2094,3,Y,No,25,3,3,80,1,40,3,3,0,0,0,0
829,18,No,Travel_Rarely,1499,Research & Development,1,4,Life Sciences,1,4,Female,30,3,1,Laboratory Technician,4,Married,1009,2094,1,Y,No,25,3,2,80,1,0,3,1,0,0,0,0
830,60,No,Travel_Rarely,1498,Sales,1,4,Life Sciences,1,3,Female,30,3,2,Manufacturing Director,4,Married,19999,2094,1,Y,No,11,3,3,80,0,40,2,3,40,18,15,17
831,60,No,Travel_Rarely,102,Research & Development,1,4,Medical,1,3,Female,30,3,2,Manufacturing Director,4,Married,19999,2094,1,Y,No,11,3,4,80,1,40,3,2,40,18,15,17
832,60,No,Travel_Rarely,1499,Sales,1,4,Medical,1,3,Male,30,3,1,Research Scientist,3,Married,1009,26999,4,Y,No,11,3,3,80,2,40,5,3,0,0,0,0
833,59,No,Travel_Rarely,1498,Research & Development,1,4,Life Sciences,1,1,Female,94,3,5,Manager,1,Married,19089,2258,5,Y,No,11,3,4,80,0,39,1,1,22,10,15,16
834,18,No,Travel_Rarely,1499,Research & Development,1,4,Medical,1,4,Male,30,4,1,Laboratory Technician,4,Married,19999,2094,0,Y,No,25,3,1,80,3,0,3,1,20,0,0,0
835,60,Yes,Travel_Rarely,102,Research & Development,1,4,Medical,1,3,Female,30,2,3,Manufacturing Director,4,Married,1009,2094,1,Y,No,11,3,4,80,1,40,3,3,40,18,15,17
836,60,No,Travel_Rarely,1499,Research & Development,1,4,Medical,1,3,Male,30,3,1,Research Scientist,3,Married,1009,26999,4,Y,No,22,3,3,80,2,40,2,3,0,0,0,0
837,60,No,Travel_Rarely,1499,Research & Development,1,4,Medical,1,4,Male,30,3,2,Sales Executive,4,Married,19999,26999,0,Y,No,11,3,4,80,3,40,3,2,40,0,15,0
838,60,No,Travel_Rarely,1498,Research & Development,1,4,Medical,1,4,Male,30,3,2,Sales Executive,4,Married,19999,2094,0,Y,No,11,3,4,80,3,40,3,2,40,0,15,0
839,18,No,Travel_Rarely,1499,Research & Development,1,4,Medical,1,4,Male,30,4,2,Sales Executive,4,Married,19999,2094,0,Y,No,25,4,1,80,3,40,3,1,40,0,0,0
840,56,No,Travel_Rarely,1499,Research & Development,1,3,Life Sciences,1,1,Female,66,2,1,Research Scientist,3,Divorced,1009,25287,1,Y,No,24,3,3,80,2,4,2,3,0,0,0,0
841,18,No,Travel_Rarely,1499,Research & Development,1,4,Medical,1,4,Male,30,4,2,Laboratory Technician,4,Married,19999,2094,1,Y,No,25,3,1,80,1,0,3,1,0,0,0,0
842,59,Yes,Travel_Rarely,102,Research & Development,29,4,Medical,1,3,Female,34,2,4,Manager,4,Married,5935,9196,1,Y,No,18,3,4,80,1,40,3,2,40,17,15,16
843,60,No,Travel_Rarely,102,Sales,29,1,Medical,1,3,Female,100,4,2,Manufacturing Director,1,Married,1009,2094,1,Y,No,25,4,4,80,1,40,3,3,40,18,15,17
844,60,No,Travel_Rarely,1499,Research & Development,1,2,Medical,1,3,Female,30,3,2,Manufacturing Director,4,Married,19999,26998,1,Y,No,11,3,4,80,0,40,2,2,40,18,15,17
845,60,No,Travel_Rarely,1499,Research & Development,1,4,Medical,1,4,Male,30,3,1,Research Scientist,3,Married,1009,26999,4,Y,No,25,3,3,80,2,40,3,3,0,0,0,0
846,60,No,Travel_Rarely,1499,Research & Development,1,4,Life Sciences,1,4,Male,30,3,1,Laboratory Technician,4,Married,1009,26999,1,Y,No,25,3,1,80,1,0,3,1,0,0,0,0
847,60,Yes,Travel_Rarely,102,Sales,1,1,Medical,1,4,Female,30,2,3,Laboratory Technician,4,Married,1009,26999,0,Y,No,11,3,4,80,1,40,3,3,40,18,15,0
848,18,Yes,Travel_Rarely,102,Sales,27,4,Life Sciences,1,3,Female,100,3,1,Research Scientist,3,Married,19999,2094,1,Y,No,11,3,3,80,0,0,5,3,40,0,0,0
849,60,No,Travel_Rarely,1496,Research & Development,1,4,Life Sciences,1,3,Female,30,3,3,Healthcare Representative,4,Married,19998,2094,1,Y,No,11,3,4,80,0,40,3,2,40,18,15,17
850,18,No,Travel_Rarely,1462,Sales,1,4,Other,1,2,Male,30,3,2,Sales Executive,4,Divorced,1010,4187,3,Y,No,24,3,3,80,2,39,2,3,0,0,0,0
851,60,No,Travel_Rarely,1499,Research & Development,1,4,Life Sciences,1,4,Male,30,3,1,Laboratory Technician,4,Married,19999,2094,0,Y,No,25,3,1,80,1,0,3,1,13,0,0,0
852,28,Yes,Travel_Rarely,857,Human Resources,6,3,Technical Degree,1,1,Male,46,3,1,Human Resources,4,Divorced,1182,7921,4,Y,No,11,3,4,80,1,4,2,3,1,0,0,0
853,60,Yes,Travel_Rarely,102,Sales,29,4,Medical,1,4,Female,30,3,3,Manufacturing Director,4,Married,1009,2094,1,Y,No,25,4,4,80,1,40,3,3,40,18,15,17
854,48,No,Travel_Rarely,448,Research & Development,2,4,Medical,1,3,Female,74,4,4,Research Director,1,Married,19640,3889,1,Y,Yes,13,3,4,80,1,31,5,4,35,16,15,10
855,60,No,Travel_Rarely,1499,Research & Development,1,3,Life Sciences,1,3,Male,30,2,1,Research Scientist,4,Married,1009,26999,1,Y,No,11,3,3,80,1,0,3,3,0,0,0,0
856,60,No,Travel_Rarely,1499,Research & Development,1,3,Medical,1,4,Female,30,2,4,Manager,1,Married,19999,2094,2,Y,No,25,3,3,80,0,40,3,1,40,18,15,0
857,18,No,Travel_Rarely,1499,Research & Development,1,4,Life Sciences,1,1,Female,100,3,2,Research Scientist,2,Married,1009,2094,8,Y,No,25,3,2,80,1,40,2,3,0,0,0,0
858,18,Yes,Travel_Rarely,102,Sales,29,4,Life Sciences,1,3,Female,30,3,1,Research Scientist,3,Married,19999,2094,2,Y,No,11,3,3,80,0,0,5,3,0,0,0,0
859,23,No,Travel_Rarely,1499,Sales,29,3,Medical,1,2,Male,30,3,2,Sales Executive,3,Married,1009,2096,5,Y,No,25,3,3,80,2,40,5,3,0,0,0,0
860,18,Yes,Travel_Rarely,1499,Research & Development,1,1,Life Sciences,1,3,Female,30,3,1,Research Scientist,3,Married,1009,26999,1,Y,No,11,3,3,80,0,0,5,3,40,0,0,0
861,60,Yes,Travel_Rarely,102,Research & Development,1,4,Medical,1,3,Female,99,2,3,Healthcare Representative,4,Married,1009,2094,1,Y,No,11,3,4,80,1,40,3,3,40,18,15,17
862,60,No,Travel_Rarely,1499,Research & Development,29,4,Medical,1,4,Male,30,3,1,Research Scientist,3,Married,1009,26999,4,Y,No,13,3,3,80,2,40,5,3,0,0,0,0
863,60,No,Travel_Rarely,1499,Research & Development,1,4,Life Sciences,1,4,Male,30,1,1,Research Scientist,4,Married,19999,26999,0,Y,No,25,3,1,80,3,0,3,1,0,0,0,0
864,60,No,Travel_Rarely,102,Research & Development,1,3,Life Sciences,1,3,Male,30,1,3,Manager,3,Married,19999,2094,0,Y,No,25,3,1,80,1,0,3,2,40,18,15,17
865,60,No,Travel_Rarely,1499,Research & Development,1,5,Other,1,4,Male,30,3,1,Research Scientist,4,Married,1009,26995,3,Y,No,25,3,3,80,1,40,3,3,0,0,0,0
866,60,No,Travel_Rarely,1499,Research & Development,1,1,Life Sciences,1,4,Male,30,4,1,Research Scientist,4,Married,1009,26999,1,Y,No,11,3,3,80,0,0,5,3,0,0,0,0
867,60,No,Travel_Rarely,1499,Research & Development,1,4,Life Sciences,1,4,Male,30,3,1,Laboratory Technician,4,Married,1009,2094,4,Y,No,25,3,2,80,1,0,3,2,0,0,0,0
868,60,No,Travel_Rarely,1499,Research & Development,1,4,Life Sciences,1,4,Male,30,3,1,Research Scientist,4,Married,19976,26999,0,Y,No,11,3,1,80,1,0,3,1,39,0,0,0
869,30,No,Travel_Rarely,545,Research & Development,1,3,Life Sciences,1,4,Male,86,4,1,Laboratory Technician,1,Married,2354,17691,0,Y,No,18,3,3,80,1,2,2,3,1,0,0,0
870,18,Yes,Non-Travel,102,Sales,1,2,Life Sciences,1,3,Male,30,3,1,Research Scientist,4,Single,1009,26982,1,Y,No,25,3,3,80,1,0,2,3,0,0,0,0
871,18,Yes,Non-Travel,102,Research & Development,1,2,Life Sciences,1,4,Male,30,3,1,Research Scientist,4,Single,1009,26999,1,Y,No,25,3,3,80,0,0,6,3,0,0,15,0
872,60,No,Travel_Rarely,1499,Research & Development,29,4,Medical,1,4,Male,30,3,1,Research Scientist,3,Married,1009,26999,4,Y,No,25,3,3,80,2,40,2,3,0,0,0,0
873,18,No,Travel_Rarely,102,Sales,1,3,Life Sciences,1,3,Male,30,3,1,Research Scientist,4,Single,1009,2094,1,Y,No,25,3,3,80,2,0,2,3,0,0,0,0
874,18,No,Travel_Rarely,102,Sales,1,2,Life Sciences,1,3,Female,30,3,2,Manufacturing Director,4,Married,19999,2094,1,Y,No,11,3,3,80,0,40,2,3,40,18,15,17
875,18,No,Travel_Rarely,102,Sales,29,3,Life Sciences,1,3,Male,30,3,1,Research Scientist,1,Married,1009,2094,5,Y,No,11,3,3,80,0,40,5,3,0,0,0,0
876,32,Yes,Travel_Rarely,102,Sales,1,1,Life Sciences,1,3,Female,30,3,1,Research Scientist,3,Married,19999,2094,1,Y,No,11,3,3,80,0,0,5,3,40,0,0,0
877,60,No,Travel_Rarely,1499,Research & Development,1,5,Other,1,3,Male,30,3,1,Research Scientist,3,Married,1009,2094,3,Y,No,25,3,3,80,2,40,2,3,0,0,0,0
878,27,No,Travel_Rarely,386,Sales,3,3,Life Sciences,1,3,Female,81,3,1,Sales Representative,3,Married,2038,7367,1,Y,No,21,3,3,80,0,1,3,3,0,0,0,0
879,41,No,Travel_Rarely,860,Research & Development,2,3,Medical,1,4,Male,46,2,5,Research Director,4,Married,18335,7420,1,Y,No,11,3,4,80,1,32,2,3,36,10,14,9
880,60,No,Travel_Rarely,1394,Sales,28,4,Life Sciences,1,3,Male,30,3,2,Research Scientist,3,Divorced,1009,26999,3,Y,No,24,3,3,80,2,40,2,3,0,0,0,0
881,60,No,Travel_Rarely,1499,Research & Development,1,4,Life Sciences,1,4,Male,30,3,1,Research Scientist,4,Married,19999,26999,1,Y,No,25,3,2,80,1,0,3,1,0,0,0,0
882,58,No,Travel_Rarely,326,Sales,28,3,Life Sciences,1,3,Male,61,1,4,Manager,1,Married,19478,2448,1,Y,No,11,3,4,80,1,39,3,3,39,17,15,16
883,60,No,Travel_Rarely,1499,Research & Development,1,4,Life Sciences,1,3,Female,30,3,5,Manufacturing Director,4,Married,19999,2094,1,Y,No,11,3,4,80,1,40,3,2,40,18,15,17
884,60,No,Travel_Rarely,102,Research & Development,29,4,Medical,1,2,Female,30,4,3,Manager,3,Married,19999,2094,2,Y,No,25,4,1,80,1,40,3,3,40,18,15,17
885,18,No,Travel_Frequently,1499,Research & Development,1,4,Life Sciences,1,1,Female,100,3,2,Research Scientist,2,Married,1009,2094,1,Y,No,25,3,2,80,1,40,3,3,0,18,0,0
886,25,No,Travel_Rarely,892,Sales,3,3,Medical,1,2,Female,62,3,1,Sales Representative,3,Married,2789,3606,1,Y,No,12,3,1,80,1,1,2,3,1,0,0,0
887,60,No,Travel_Rarely,1499,Research & Development,29,3,Medical,1,4,Male,30,3,2,Healthcare Representative,3,Married,1009,26999,2,Y,No,25,3,3,80,2,40,2,3,0,0,0,0
888,60,No,Travel_Rarely,1393,Research & Development,1,4,Medical,1,3,Female,30,3,2,Healthcare Representative,4,Married,19999,2094,1,Y,No,11,3,4,80,1,40,3,2,40,18,15,17
889,60,Yes,Travel_Frequently,102,Sales,29,4,Medical,1,3,Male,30,3,1,Research Scientist,3,Married,1009,2094,2,Y,No,11,3,3,80,0,40,5,3,0,0,0,0
890,60,Yes,Travel_Rarely,1499,Sales,29,4,Medical,1,4,Male,30,3,1,Research Scientist,3,Married,1009,26999,4,Y,No,11,3,3,80,2,40,5,3,0,0,0,0
891,18,Yes,Travel_Rarely,1499,Research & Development,29,3,Medical,1,2,Male,30,3,2,Healthcare Representative,3,Married,1009,2094,2,Y,No,25,3,2,80,2,40,2,3,0,0,0,0
892,18,Yes,Travel_Rarely,102,Sales,1,1,Life Sciences,1,3,Female,100,3,2,Manufacturing Director,4,Married,19999,2094,1,Y,No,11,3,3,80,0,0,2,3,40,0,0,0
893,60,No,Travel_Rarely,1499,Research & Development,1,4,Life Sciences,1,3,Male,30,2,1,Research Scientist,3,Married,1009,26999,4,Y,No,11,3,3,80,2,40,2,3,0,0,0,0
894,60,Yes,Travel_Rarely,102,Research & Development,29,4,Medical,1,4,Female,30,2,3,Healthcare Representative,4,Married,1009,2094,1,Y,No,13,3,4,80,1,40,3,3,40,18,15,17
895,60,No,Travel_Rarely,1499,Research & Development,1,1,Life Sciences,1,4,Female,30,2,1,Research Scientist,4,Married,1009,26999,1,Y,No,25,3,2,80,0,0,3,3,0,0,0,0
896,60,Yes,Travel_Rarely,1499,Research & Development,29,3,Medical,1,4,Male,30,3,2,Healthcare Representative,3,Married,1009,26999,2,Y,No,25,3,3,80,2,40,2,3,0,0,0,0
897,60,No,Travel_Rarely,1499,Research & Development,1,4,Life Sciences,1,4,Male,30,3,1,Laboratory Technician,4,Married,1009,2094,1,Y,No,25,3,1,80,1,0,3,1,0,0,0,0
898,60,No,Travel_Rarely,1499,Research & Development,1,4,Medical,1,4,Male,30,3,1,Laboratory Technician,4,Married,19999,2094,0,Y,No,25,3,1,80,3,0,3,1,0,0,0,0
899,60,Yes,Travel_Rarely,102,Research & Development,29,4,Medical,1,3,Female,30,2,3,Healthcare Representative,4,Married,1009,2094,1,Y,No,25,3,4,80,1,40,3,2,40,18,15,17
900,60,No,Travel_Rarely,102,Research & Development,29,2,Medical,1,3,Female,30,4,2,Sales Representative,1,Married,1009,2094,1,Y,No,25,4,3,80,1,40,3,3,40,18,15,17
901,18,No,Travel_Rarely,1499,Research & Development,1,4,Life Sciences,1,1,Female,30,2,1,Research Scientist,3,Married,1009,2094,1,Y,No,11,3,3,80,0,0,3,2,0,0,0,0
902,60,Yes,Travel_Rarely,102,Research & Development,1,4,Medical,1,3,Female,30,2,3,Manager,4,Married,1548,2094,1,Y,No,11,3,4,80,1,40,3,2,40,18,15,17
903,59,No,Non-Travel,1467,Research & Development,1,1,Medical,1,2,Male,30,3,5,Manager,3,Married,19998,26995,0,Y,No,13,3,1,80,1,39,3,4,39,17,15,16
904,18,Yes,Travel_Rarely,102,Sales,1,3,Life Sciences,1,3,Male,30,3,1,Research Scientist,4,Single,1009,2094,1,Y,No,25,3,3,80,2,0,2,3,0,0,0,0
905,60,Yes,Travel_Rarely,102,Research & Development,29,4,Medical,1,4,Female,30,3,3,Manufacturing Director,4,Married,1009,2094,1,Y,No,25,4,4,80,1,40,3,3,40,18,15,17
906,60,No,Travel_Rarely,102,Research & Development,1,1,Medical,1,4,Male,30,4,3,Sales Executive,4,Married,19999,6006,0,Y,No,11,3,4,80,1,40,3,2,40,18,15,0
907,18,No,Travel_Rarely,102,Sales,1,2,Life Sciences,1,3,Female,30,3,2,Manufacturing Director,4,Married,19999,2094,1,Y,No,11,3,3,80,0,39,2,3,40,18,0,17
908,18,No,Travel_Rarely,1499,Research & Development,1,4,Life Sciences,1,4,Male,30,1,1,Laboratory Technician,4,Married,1009,26999,1,Y,No,25,3,1,80,1,0,3,1,0,0,0,0
909,44,No,Travel_Rarely,150,Research & Development,3,3,Life Sciences,1,4,Female,58,2,5,Manager,4,Married,18165,6340,1,Y,No,13,3,2,80,1,25,3,3,39,17,15,16
910,38,Yes,Travel_Rarely,569,Research & Development,24,2,Medical,1,3,Male,47,2,5,Research Director,2,Married,19066,22730,1,Y,No,12,3,2,80,2,26,2,3,35,17,15,8
911,60,Yes,Travel_Rarely,102,Research & Development,1,4,Medical,1,3,Female,100,2,3,Healthcare Representative,4,Married,1009,2094,1,Y,No,11,3,4,80,1,40,3,2,40,0,15,0
912,50,No,Travel_Rarely,337,Research & Development,1,4,Medical,1,3,Male,30,3,5,Manager,2,Married,19769,26488,0,Y,No,11,3,4,80,1,34,5,3,22,7,15,7
913,60,Yes,Travel_Rarely,102,Research & Development,1,4,Medical,1,4,Female,100,2,3,Healthcare Representative,4,Married,1009,15407,1,Y,No,11,3,4,80,1,40,3,2,40,18,15,0
914,60,No,Travel_Rarely,1499,Research & Development,28,5,Other,1,1,Male,30,3,1,Research Scientist,3,Married,1013,2094,3,Y,No,25,3,3,80,2,40,2,3,0,0,0,0
915,55,No,Travel_Rarely,111,Research & Development,1,1,Medical,1,3,Female,42,2,5,Manager,3,Married,19983,2095,1,Y,No,11,3,4,80,1,40,3,2,40,18,15,8
916,60,No,Travel_Rarely,1499,Research & Development,1,4,Life Sciences,1,4,Male,30,3,1,Laboratory Technician,4,Married,19999,2094,4,Y,No,25,3,2,80,1,0,3,2,0,0,0,0
917,60,Yes,Travel_Rarely,102,Research & Development,29,4,Medical,1,4,Female,94,3,3,Healthcare Representative,4,Married,1009,2094,1,Y,No,24,3,4,80,1,40,3,2,40,17,15,17
918,60,No,Travel_Rarely,1499,Research & Development,1,2,Medical,1,3,Female,30,3,2,Manufacturing Director,3,Married,19999,26999,1,Y,No,11,3,3,80,0,40,2,2,40,18,15,17
919,60,Yes,Travel_Rarely,102,Research & Development,29,4,Medical,1,4,Female,36,2,3,Healthcare Representative,4,Married,1009,2094,1,Y,No,25,3,4,80,1,40,3,3,40,18,15,17
920,55,No,Travel_Rarely,960,Research & Development,1,4,Life Sciences,1,3,Male,84,3,2,Research Scientist,4,Divorced,5152,25731,3,Y,Yes,17,4,4,80,1,10,2,3,9,8,12,8
921,59,No,Travel_Rarely,209,Sales,29,4,Marketing,1,2,Female,36,2,4,Sales Executive,1,Married,13146,3674,2,Y,Yes,24,4,4,80,1,32,3,3,39,16,15,17
922,18,No,Travel_Rarely,1499,Sales,1,3,Other,1,3,Male,30,3,1,Research Scientist,3,Married,1009,2094,3,Y,No,25,3,3,80,2,40,2,3,0,0,0,0
923,18,Yes,Travel_Rarely,102,Sales,1,1,Life Sciences,1,3,Male,30,2,1,Research Scientist,4,Married,1009,26999,1,Y,No,25,3,3,80,1,0,3,3,0,0,0,0
924,60,No,Travel_Rarely,1499,Research & Development,1,4,Life Sciences,1,4,Male,30,1,1,Research Scientist,4,Married,19999,26999,0,Y,No,25,3,1,80,1,0,3,1,40,0,0,0
925,60,No,Travel_Rarely,1499,Research & Development,1,4,Life Sciences,1,1,Male,30,3,1,Research Scientist,3,Married,1009,2094,8,Y,No,25,3,3,80,2,40,2,3,0,0,0,0
926,60,No,Travel_Rarely,1499,Research & Development,28,4,Medical,1,4,Male,30,3,1,Research Scientist,3,Married,1009,26999,4,Y,No,25,3,3,80,2,40,2,3,0,0,0,0
927,60,No,Travel_Rarely,1499,Research & Development,1,4,Life Sciences,1,4,Male,30,1,1,Laboratory Technician,4,Married,19999,26999,0,Y,No,24,3,1,80,3,0,3,1,40,0,0,0
928,60,No,Travel_Rarely,1499,Research & Development,1,4,Life Sciences,1,4,Male,30,2,1,Sales Executive,3,Married,1009,26999,6,Y,No,11,3,2,80,0,40,1,2,40,0,0,0
929,60,No,Travel_Rarely,1499,Research & Development,1,4,Medical,1,4,Male,30,4,2,Sales Executive,4,Married,19999,2094,0,Y,No,11,3,2,80,1,40,3,2,40,0,15,0
930,50,Yes,Travel_Rarely,1242,Sales,18,4,Life Sciences,1,3,Male,66,3,3,Sales Executive,1,Married,10430,2846,1,Y,No,11,3,4,80,1,31,2,3,39,17,15,16
931,60,Yes,Travel_Rarely,1499,Research & Development,29,4,Medical,1,4,Female,30,2,3,Healthcare Representative,4,Married,1009,26999,1,Y,No,11,3,4,80,1,40,3,2,40,0,15,17
932,18,Yes,Travel_Rarely,103,Sales,1,1,Life Sciences,1,3,Female,30,3,1,Research Scientist,3,Married,19999,25338,1,Y,No,11,3,3,80,0,0,5,3,40,0,0,0
933,60,No,Travel_Rarely,102,Research & Development,29,2,Medical,1,3,Female,30,4,2,Research Scientist,1,Married,1009,2094,2,Y,No,25,4,3,80,1,40,3,3,40,18,15,17
934,18,Yes,Travel_Rarely,1499,Sales,29,3,Other,1,3,Male,30,3,1,Research Scientist,3,Married,1009,2094,2,Y,No,25,3,3,80,2,40,2,3,0,0,0,0
935,60,No,Travel_Rarely,1499,Research & Development,1,4,Medical,1,4,Female,30,2,4,Manager,1,Married,19999,2094,2,Y,No,11,3,3,80,0,40,3,1,40,18,15,17
936,60,Yes,Travel_Rarely,102,Research & Development,29,4,Medical,1,3,Female,99,3,3,Healthcare Representative,4,Married,1040,2094,1,Y,No,24,3,4,80,1,40,3,2,40,18,15,17
937,60,Yes,Travel_Rarely,1499,Sales,1,1,Medical,1,4,Male,30,3,3,Research Scientist,4,Married,19999,26999,1,Y,No,25,3,2,80,1,40,4,3,40,18,15,0
938,60,Yes,Travel_Rarely,102,Research & Development,29,4,Medical,1,4,Female,100,2,3,Healthcare Representative,4,Married,1009,2094,1,Y,No,11,3,4,80,1,40,3,2,40,18,15,17
939,60,No,Travel_Rarely,1499,Research & Development,1,5,Other,1,3,Female,30,3,1,Research Scientist,1,Married,1009,2094,3,Y,No,25,3,3,80,2,40,2,3,0,0,0,0
940,60,Yes,Travel_Rarely,1499,Sales,29,3,Medical,1,4,Male,30,3,2,Research Scientist,3,Married,1009,26999,4,Y,No,25,3,3,80,1,40,5,3,0,0,0,0
941,60,No,Travel_Rarely,1499,Research & Development,1,4,Life Sciences,1,1,Female,100,2,1,Research Scientist,3,Single,1009,2094,8,Y,No,25,3,3,80,1,40,3,3,0,0,0,0
942,18,Yes,Travel_Rarely,1499,Sales,1,3,Life Sciences,1,4,Male,30,3,1,Research Scientist,4,Single,1009,2094,1,Y,No,25,3,3,80,2,0,2,3,0,0,0,0
943,43,No,Travel_Frequently,875,Human Resources,2,3,Life Sciences,1,2,Male,91,3,2,Human Resources,4,Single,4820,5448,1,Y,No,14,3,4,80,0,10,2,2,11,5,14,7
944,60,No,Travel_Rarely,1499,Research & Development,1,1,Life Sciences,1,3,Male,30,2,1,Research Scientist,4,Married,1009,26999,1,Y,No,11,3,3,80,1,40,3,3,0,0,0,0
945,18,Yes,Travel_Rarely,1499,Sales,1,3,Life Sciences,1,3,Male,30,2,1,Research Scientist,4,Married,1009,2094,1,Y,No,25,3,3,80,1,0,2,3,0,0,0,0
946,60,No,Travel_Rarely,102,Research & Development,1,1,Life Sciences,1,4,Male,30,4,3,Manager,4,Married,19999,2094,0,Y,No,11,3,4,80,1,40,3,2,40,18,15,0
947,18,Yes,Travel_Rarely,1499,Sales,1,3,Other,1,4,Male,30,3,1,Sales Executive,3,Married,1009,2094,4,Y,No,25,3,3,80,2,40,2,3,0,0,0,0
948,60,Yes,Travel_Rarely,102,Research & Development,10,1,Medical,1,3,Female,30,2,4,Manager,4,Married,19998,2094,1,Y,No,11,3,4,80,1,40,3,3,40,18,15,17
949,60,Yes,Travel_Rarely,102,Research & Development,16,4,Medical,1,3,Female,100,2,3,Healthcare Representative,4,Married,1009,2094,1,Y,No,11,3,4,80,1,40,3,3,40,18,15,17
950,60,No,Travel_Rarely,1499,Research & Development,1,3,Life Sciences,1,3,Male,30,3,1,Research Scientist,3,Married,2097,26999,4,Y,No,25,3,2,80,1,40,3,3,0,0,0,0
951,60,No,Travel_Rarely,1499,Research & Development,1,4,Life Sciences,1,4,Male,30,1,1,Laboratory Technician,4,Married,19999,26999,0,Y,No,25,4,1,80,3,40,3,1,40,0,15,0
952,60,Yes,Travel_Rarely,102,Research & Development,29,4,Medical,1,3,Female,30,2,3,Healthcare Representative,4,Married,1009,2094,1,Y,No,24,3,4,80,1,40,3,2,40,18,15,17
953,18,No,Travel_Rarely,1499,Research & Development,29,3,Other,1,3,Male,30,3,2,Research Scientist,3,Married,1009,2094,2,Y,No,25,3,3,80,2,40,2,3,0,0,0,0
954,60,No,Travel_Rarely,1499,Research & Development,1,4,Life Sciences,1,4,Male,30,3,1,Research Scientist,4,Married,1009,26999,4,Y,No,25,3,2,80,1,0,3,2,0,0,0,0
955,60,No,Travel_Rarely,1499,Research & Development,1,4,Other,1,3,Male,30,3,1,Research Scientist,3,Married,1009,2094,3,Y,No,25,3,3,80,2,40,2,3,0,0,0,0
956,18,No,Travel_Rarely,102,Sales,1,4,Life Sciences,1,3,Female,30,3,2,Manufacturing Director,4,Married,19999,2094,1,Y,No,11,3,3,80,0,40,2,3,40,18,0,17
957,60,Yes,Travel_Rarely,143,Sales,1,4,Medical,1,3,Female,43,2,4,Manager,4,Married,19998,2094,1,Y,No,23,3,4,80,1,40,3,3,40,18,15,0
958,60,No,Travel_Rarely,1499,Research & Development,1,4,Medical,1,4,Male,30,3,1,Research Scientist,3,Married,1009,26999,4,Y,No,25,3,3,80,2,40,2,3,0,0,0,0
959,60,Yes,Travel_Rarely,102,Research & Development,29,4,Medical,1,3,Female,100,3,3,Healthcare Representative,4,Married,1009,2094,1,Y,No,11,3,4,80,1,40,3,2,40,0,15,17
960,18,No,Travel_Rarely,102,Sales,1,4,Life Sciences,1,3,Female,30,3,2,Manufacturing Director,4,Married,19999,2094,1,Y,No,11,3,3,80,0,40,2,3,40,18,15,17
961,60,No,Travel_Rarely,1499,Research & Development,29,4,Medical,1,4,Male,30,3,1,Research Scientist,3,Married,1009,26999,4,Y,No,25,3,3,80,2,40,2,3,0,0,0,0
962,18,No,Non-Travel,102,Sales,1,2,Life Sciences,1,3,Male,30,3,1,Research Scientist,3,Single,1009,2094,1,Y,No,25,3,3,80,0,0,2,3,0,0,0,0
963,60,Yes,Travel_Rarely,102,Research & Development,29,4,Medical,1,4,Female,100,4,3,Healthcare Representative,4,Married,1009,2094,1,Y,No,25,3,4,80,1,40,3,3,40,18,15,17
964,60,No,Travel_Rarely,1499,Research & Development,1,4,Life Sciences,1,1,Female,30,2,1,Research Scientist,4,Married,1009,26999,8,Y,No,25,3,3,80,1,40,3,3,0,0,0,0
965,60,Yes,Travel_Rarely,102,Research & Development,29,4,Medical,1,4,Female,100,2,3,Healthcare Representative,4,Married,1009,2094,1,Y,No,11,3,4,80,1,40,3,3,40,18,15,17
966,60,No,Travel_Rarely,1499,Research & Development,1,4,Life Sciences,1,1,Male,30,2,1,Research Scientist,4,Married,1009,26999,8,Y,No,19,3,3,80,1,40,3,3,0,0,0,0
967,60,No,Travel_Rarely,1499,Research & Development,1,4,Medical,1,3,Female,30,3,5,Healthcare Representative,4,Married,19999,2094,1,Y,No,11,3,4,80,1,40,3,2,40,18,15,17
968,18,No,Travel_Rarely,1499,Research & Development,1,4,Medical,1,4,Male,30,4,2,Laboratory Technician,1,Married,19999,2094,0,Y,No,25,3,1,80,3,0,3,1,0,0,0,0
969,60,No,Travel_Rarely,1499,Research & Development,1,4,Medical,1,4,Male,30,3,1,Research Scientist,3,Married,1009,26999,4,Y,No,25,3,3,80,2,40,5,3,0,0,0,0
970,60,No,Travel_Rarely,1499,Research & Development,29,3,Medical,1,4,Male,30,3,1,Research Scientist,3,Married,1009,26999,2,Y,No,25,3,3,80,2,40,2,3,0,0,0,0
971,18,Yes,Travel_Rarely,1499,Sales,1,3,Life Sciences,1,4,Male,30,2,1,Research Scientist,3,Married,1009,2094,3,Y,No,25,3,3,80,2,40,2,3,0,0,0,0
972,60,No,Travel_Rarely,1499,Research & Development,1,4,Medical,1,4,Male,30,3,1,Research Scientist,3,Married,1009,26999,4,Y,No,25,3,3,80,2,40,5,3,0,0,0,0
973,46,No,Travel_Rarely,1499,Research & Development,1,3,Life Sciences,1,3,Female,32,3,1,Laboratory Technician,3,Married,1009,26999,2,Y,No,24,3,3,80,2,39,2,3,0,0,0,0
974,60,Yes,Travel_Rarely,102,Research & Development,29,4,Medical,1,3,Female,97,2,3,Manufacturing Director,4,Married,1009,2094,1,Y,No,25,3,4,80,1,40,3,3,40,18,15,17
975,60,No,Travel_Rarely,1499,Research & Development,29,4,Medical,1,4,Male,30,3,1,Research Scientist,3,Married,1009,26999,4,Y,No,25,3,3,80,2,40,5,3,0,0,0,0
976,60,Yes,Travel_Rarely,102,Research & Development,29,4,Medical,1,3,Female,100,2,3,Healthcare Representative,4,Married,1009,2094,1,Y,No,25,3,4,80,1,40,3,3,40,18,15,17
977,60,Yes,Travel_Rarely,102,Research & Development,29,4,Medical,1,4,Female,99,2,3,Healthcare Representative,4,Married,1376,2095,1,Y,No,14,3,4,80,1,40,3,2,40,17,15,17
978,60,No,Travel_Rarely,1499,Research & Development,1,4,Medical,1,4,Male,30,3,1,Laboratory Technician,4,Married,19999,2094,0,Y,No,11,4,1,80,3,40,3,1,40,0,15,0
979,60,Yes,Travel_Rarely,102,Research & Development,29,4,Medical,1,4,Female,100,2,3,Manufacturing Director,4,Married,1009,2094,1,Y,No,17,3,4,80,1,40,3,2,40,18,15,17
980,60,Yes,Travel_Rarely,102,Research & Development,29,4,Medical,1,4,Female,30,4,3,Healthcare Representative,4,Married,1009,2094,1,Y,No,25,3,4,80,1,40,3,3,40,18,15,17
981,60,No,Travel_Rarely,1499,Research & Development,29,4,Medical,1,4,Male,30,3,1,Research Scientist,3,Married,1009,26999,4,Y,No,25,3,3,80,2,40,2,3,0,0,0,0
982,60,Yes,Travel_Rarely,102,Research & Development,29,4,Medical,1,3,Female,100,3,3,Healthcare Representative,4,Married,1009,2094,1,Y,No,11,3,4,80,1,40,3,2,40,18,15,17
983,60,No,Travel_Rarely,1499,Research & Development,1,2,Life Sciences,1,3,Female,30,3,2,Manufacturing Director,3,Married,19999,26999,1,Y,No,11,3,3,80,0,40,2,2,40,18,15,17
984,18,Yes,Travel_Rarely,102,Sales,1,3,Life Sciences,1,3,Male,30,2,1,Research Scientist,4,Single,1009,2094,1,Y,No,25,3,3,80,1,0,2,3,0,0,0,0
985,34,Yes,Travel_Frequently,392,Sales,1,2,Marketing,1,3,Female,63,3,2,Sales Executive,3,Single,5750,7485,7,Y,Yes,17,3,4,80,0,8,3,3,5,2,0,2
986,56,No,Travel_Rarely,218,Research & Development,1,3,Life Sciences,1,4,Male,99,3,4,Manager,3,Married,19430,14228,2,Y,No,17,3,4,80,2,39,3,3,39,17,15,7
987,60,Yes,Travel_Rarely,102,Research & Development,29,4,Medical,1,4,Female,100,2,3,Healthcare Representative,4,Married,1009,2094,1,Y,No,25,3,4,80,1,40,3,3,40,18,15,17
988,60,Yes,Travel_Rarely,102,Research & Development,29,4,Medical,1,4,Female,30,2,3,Healthcare Representative,4,Married,1009,2094,1,Y,No,25,3,4,80,1,40,3,3,40,18,15,17
989,60,No,Travel_Rarely,102,Research & Development,1,4,Medical,1,3,Female,30,3,3,Manufacturing Director,4,Married,1009,2094,1,Y,No,11,3,4,80,1,40,3,2,40,18,15,17
990,60,No,Travel_Rarely,102,Research & Development,29,1,Medical,1,2,Female,30,4,3,Manager,3,Married,1009,2094,1,Y,No,25,4,2,80,1,40,3,3,40,18,15,17
991,60,Yes,Travel_Rarely,102,Research & Development,1,4,Medical,1,3,Female,100,2,3,Healthcare Representative,4,Married,1009,2094,1,Y,No,11,3,4,80,1,40,3,2,40,18,15,17
992,60,Yes,Travel_Rarely,1499,Sales,29,3,Medical,1,3,Male,30,3,1,Research Scientist,3,Married,1009,26999,4,Y,No,25,3,2,80,1,40,5,3,0,0,0,0
993,60,Yes,Travel_Rarely,102,Research & Development,29,4,Medical,1,3,Female,100,2,3,Healthcare Representative,4,Married,1009,2094,1,Y,No,11,3,4,80,1,40,3,2,40,18,15,17
994,18,No,Travel_Rarely,1499,Research & Development,29,3,Other,1,3,Male,30,3,1,Research Scientist,3,Married,1009,2094,2,Y,No,25,3,3,80,2,40,2,3,0,0,0,0
995,60,Yes,Travel_Rarely,102,Research & Development,1,1,Medical,1,4,Male,30,2,3,Sales Executive,4,Married,19998,26999,0,Y,No,11,3,4,80,1,40,3,2,40,18,15,0
996,54,No,Travel_Rarely,1080,Research & Development,12,2,Medical,1,3,Female,42,2,4,Research Director,3,Divorced,13443,2395,6,Y,Yes,11,3,4,80,1,30,3,2,23,13,15,7
997,60,No,Travel_Rarely,1499,Research & Development,1,4,Medical,1,4,Male,30,3,1,Research Scientist,3,Married,1009,26999,4,Y,No,25,3,3,80,2,40,2,3,0,0,0,0
998,60,Yes,Travel_Rarely,102,Research & Development,1,4,Medical,1,3,Female,100,4,3,Healthcare Representative,4,Married,1009,2094,1,Y,No,11,3,4,80,1,40,3,3,40,18,15,17
999,60,No,Travel_Rarely,102,Research & Development,1,5,Medical,1,2,Female,99,3,2,Manager,1,Married,2994,2094,1,Y,No,25,4,3,80,1,40,3,3,40,18,15,17
1000,60,Yes,Travel_Rarely,1499,Research & Development,29,3,Medical,1,4,Male,30,3,1,Research Scientist,3,Married,1009,26999,4,Y,No,25,3,3,80,2,40,5,3,0,0,0,0
1001,60,Yes,Travel_Rarely,102,Sales,29,1,Medical,1,4,Female,30,3,3,Research Scientist,4,Married,19999,26999,0,Y,No,25,3,2,80,1,40,3,3,40,18,15,0
1002,39,No,Travel_Rarely,477,Research & Development,10,1,Medical,1,1,Male,78,2,2,Healthcare Representative,3,Single,4344,22661,5,Y,Yes,11,3,4,80,0,10,4,2,4,1,4,2
1003,18,Yes,Travel_Rarely,102,Sales,1,1,Life Sciences,1,3,Female,30,3,1,Research Scientist,4,Married,19999,2094,1,Y,No,11,3,3,80,0,0,5,3,40,0,0,0
1004,60,No,Travel_Rarely,1499,Research & Development,1,4,Life Sciences,1,1,Female,40,3,2,Research Scientist,3,Married,1009,2094,8,Y,No,25,3,3,80,1,40,3,3,0,0,0,0
1005,60,Yes,Travel_Rarely,1499,Research & Development,29,3,Medical,1,4,Male,30,3,2,Healthcare Representative,3,Married,1009,26999,2,Y,No,25,3,3,80,2,40,2,3,0,0,0,0
1006,60,No,Travel_Rarely,1499,Research & Development,1,2,Medical,1,4,Female,30,2,1,Healthcare Representative,1,Married,1009,26999,2,Y,No,11,3,3,80,0,40,3,1,40,18,15,0
1007,60,No,Travel_Rarely,1499,Sales,1,2,Life Sciences,1,3,Female,30,3,2,Manufacturing Director,4,Married,19999,2094,1,Y,No,11,3,3,80,0,40,2,3,40,18,15,17
1008,18,No,Travel_Rarely,102,Sales,1,3,Life Sciences,1,3,Female,30,3,1,Research Scientist,4,Married,19999,2094,1,Y,No,11,3,3,80,0,0,2,3,40,0,0,0
1009,60,Yes,Travel_Rarely,102,Research & Development,1,4,Medical,1,3,Female,100,2,3,Healthcare Representative,4,Married,1009,2094,1,Y,No,11,3,4,80,1,40,3,2,40,0,15,0
1010,18,No,Travel_Rarely,102,Sales,1,2,Life Sciences,1,3,Female,30,3,2,Manufacturing Director,4,Married,19999,26999,1,Y,No,11,3,3,80,0,27,2,3,40,18,0,17
1011,60,No,Travel_Rarely,102,Research & Development,1,1,Medical,1,4,Male,30,2,3,Sales Executive,4,Married,19999,2094,0,Y,No,11,3,4,80,1,40,3,2,40,18,15,0
1012,60,No,Travel_Rarely,1499,Research & Development,1,1,Life Sciences,1,4,Male,30,2,2,Sales Representative,4,Married,19999,26999,0,Y,No,11,4,2,80,1,40,3,3,40,0,15,0
1013,60,No,Travel_Rarely,1499,Research & Development,1,2,Medical,1,4,Female,30,2,3,Sales Executive,4,Married,19999,2094,0,Y,No,11,3,4,80,1,40,3,2,40,0,15,0
1014,60,No,Travel_Rarely,1499,Research & Development,1,4,Medical,1,4,Male,30,3,1,Research Scientist,3,Married,1009,2094,4,Y,No,25,3,3,80,2,40,2,3,0,0,0,0
1015,60,No,Travel_Rarely,1499,Research & Development,29,4,Medical,1,4,Male,30,3,1,Research Scientist,3,Married,1009,5069,4,Y,No,25,3,3,80,2,40,2,3,0,0,0,0
1016,60,No,Travel_Rarely,102,Research & Development,1,1,Medical,1,4,Male,30,1,3,Sales Executive,4,Married,19999,2094,0,Y,No,11,3,4,80,1,40,3,2,40,18,15,0
1017,60,No,Travel_Rarely,1499,Research & Development,29,3,Medical,1,4,Male,30,3,1,Research Scientist,3,Married,1009,26999,2,Y,No,25,3,3,80,2,40,5,3,0,0,0,0
1018,33,No,Travel_Rarely,1072,Research & Development,3,3,Life Sciences,1,1,Male,53,3,1,Research Scientist,4,Divorced,1522,6741,1,Y,No,15,3,3,80,1,1,2,1,0,0,0,0
1019,60,Yes,Travel_Rarely,102,Research & Development,29,4,Medical,1,3,Female,100,2,3,Laboratory Technician,4,Married,1009,2094,1,Y,No,11,3,4,80,1,40,3,2,40,18,15,17
1020,60,Yes,Travel_Rarely,102,Research & Development,1,4,Medical,1,3,Female,100,2,3,Healthcare Representative,4,Married,1009,2094,1,Y,No,11,3,4,80,1,40,3,2,40,18,15,17
1021,60,No,Travel_Rarely,1499,Research & Development,1,4,Life Sciences,1,1,Female,100,2,1,Research Scientist,3,Married,1009,2094,8,Y,No,25,3,3,80,2,40,3,3,0,0,0,0
1022,60,Yes,Travel_Rarely,102,Research & Development,15,4,Medical,1,3,Female,30,2,3,Manufacturing Director,4,Married,2029,2094,1,Y,No,11,3,4,80,1,40,3,2,40,18,15,17
1023,60,No,Travel_Rarely,1499,Research & Development,1,4,Medical,1,3,Male,30,2,1,Research Scientist,4,Married,1009,2094,3,Y,No,25,3,3,80,2,40,2,3,0,0,0,0
1024,18,No,Travel_Rarely,102,Sales,1,2,Life Sciences,1,3,Female,30,3,2,Manufacturing Director,4,Married,19999,26999,1,Y,No,11,3,3,80,0,40,2,3,40,18,0,17
1025,60,Yes,Travel_Rarely,102,Research & Development,1,4,Medical,1,3,Female,30,2,3,Healthcare Representative,4,Married,19999,2094,1,Y,No,11,3,4,80,1,40,3,3,40,18,15,17
1026,60,No,Travel_Rarely,1499,Research & Development,1,4,Medical,1,3,Male,30,3,1,Research Scientist,3,Married,1009,26999,4,Y,No,25,3,3,80,2,40,5,3,0,0,0,0
1027,60,No,Travel_Rarely,102,Research & Development,29,1,Medical,1,3,Female,30,4,3,Healthcare Representative,4,Married,1009,2094,1,Y,No,25,4,4,80,1,40,3,3,40,18,15,17
1028,60,No,Travel_Rarely,1499,Research & Development,29,3,Medical,1,4,Male,30,3,1,Research Scientist,3,Married,1009,2094,4,Y,No,25,3,3,80,2,40,2,3,0,0,0,0
1029,60,Yes,Travel_Rarely,102,Research & Development,29,4,Medical,1,3,Female,100,2,3,Healthcare Representative,4,Married,1009,2094,1,Y,No,11,3,4,80,1,40,3,3,40,18,15,17
1030,25,Yes,Travel_Rarely,1466,Research & Development,27,3,Medical,1,4,Male,93,2,1,Research Scientist,4,Single,2847,15591,5,Y,Yes,24,4,2,80,0,4,2,3,0,0,0,0
1031,60,No,Travel_Rarely,1499,Research & Development,1,4,Life Sciences,1,3,Female,30,2,1,Research Scientist,4,Married,1009,26999,8,Y,No,11,3,3,80,1,40,3,3,0,0,0,0
1032,60,Yes,Travel_Rarely,102,Research & Development,29,4,Medical,1,4,Female,100,2,3,Healthcare Representative,4,Married,1009,2094,1,Y,No,11,3,4,80,1,40,3,2,40,18,15,17
1033,54,No,Travel_Rarely,706,Research & Development,28,4,Medical,1,3,Male,99,2,4,Manager,1,Married,19308,15624,1,Y,No,17,3,4,80,0,38,3,3,39,17,15,16
1034,60,Yes,Travel_Rarely,102,Research & Development,1,1,Medical,1,4,Female,30,2,3,Manager,4,Married,1626,2094,1,Y,No,11,3,4,80,1,40,3,2,40,18,15,0
1035,52,No,Travel_Rarely,357,Research & Development,1,4,Medical,1,1,Male,71,3,3,Manufacturing Director,4,Married,16527,15431,3,Y,No,24,4,2,80,1,24,3,2,5,9,14,7
1036,60,No,Travel_Rarely,1499,Research & Development,29,3,Medical,1,4,Male,30,3,1,Research Scientist,3,Married,1009,26999,4,Y,No,25,3,3,80,2,40,5,3,0,0,0,0
1037,60,No,Travel_Rarely,102,Research & Development,1,4,Life Sciences,1,4,Male,30,1,1,Research Scientist,4,Married,19999,26999,0,Y,No,25,3,1,80,1,0,3,1,0,0,0,0
1038,60,No,Travel_Rarely,102,Sales,29,1,Medical,1,2,Female,30,4,2,Research Scientist,1,Married,1009,2094,1,Y,No,25,4,3,80,1,40,3,3,40,18,15,17
1039,31,No,Travel_Rarely,443,Sales,1,4,Medical,1,1,Male,93,3,1,Sales Representative,3,Single,2814,5842,1,Y,No,13,3,3,80,0,6,2,3,5,2,0,4
1040,18,No,Non-Travel,102,Sales,1,2,Life Sciences,1,3,Male,30,3,1,Research Scientist,4,Single,1009,2941,1,Y,No,25,3,3,80,1,0,2,3,0,0,0,0
1041,60,No,Travel_Rarely,1499,Research & Development,1,4,Medical,1,3,Male,30,3,1,Research Scientist,3,Married,1009,26999,4,Y,No,25,3,3,80,2,40,2,3,0,0,0,0
1042,18,Yes,Travel_Rarely,102,Research & Development,1,4,Life Sciences,1,4,Female,30,3,1,Research Scientist,4,Married,19999,2094,1,Y,No,11,3,3,80,0,0,4,3,40,0,0,0
1043,60,No,Travel_Rarely,1499,Research & Development,29,3,Medical,1,4,Male,30,3,1,Research Scientist,3,Married,1009,2094,4,Y,No,25,3,3,80,2,40,2,3,0,0,0,0
1044,60,No,Travel_Rarely,1499,Research & Development,1,1,Life Sciences,1,4,Male,30,2,1,Research Scientist,4,Married,1009,26999,1,Y,No,11,3,3,80,0,0,3,3,0,0,0,0
1045,60,No,Travel_Rarely,1499,Research & Development,1,3,Life Sciences,1,3,Male,30,3,1,Research Scientist,4,Married,1009,26999,1,Y,No,11,3,3,80,0,40,3,3,0,0,0,0
1046,60,Yes,Travel_Rarely,102,Research & Development,29,4,Medical,1,4,Female,30,3,3,Healthcare Representative,4,Married,1009,2094,1,Y,No,25,3,4,80,1,40,3,2,40,0,15,17
1047,18,No,Travel_Rarely,1499,Research & Development,1,4,Medical,1,1,Male,30,3,1,Laboratory Technician,4,Married,19999,2094,0,Y,No,25,3,1,80,3,40,3,1,40,0,15,0
1048,60,Yes,Travel_Rarely,102,Research & Development,1,1,Life Sciences,1,4,Male,30,3,1,Research Scientist,1,Married,1009,26999,3,Y,No,25,3,3,80,1,0,3,3,0,0,0,0
1049,60,No,Travel_Rarely,1499,Research & Development,1,2,Medical,1,3,Female,30,3,2,Manufacturing Director,4,Married,19999,2094,1,Y,No,11,3,4,80,0,40,2,2,40,18,15,17
1050,36,No,Travel_Rarely,365,Research & Development,1,3,Life Sciences,1,2,Male,74,4,2,Healthcare Representative,3,Divorced,6081,14903,0,Y,No,18,4,3,80,1,10,4,3,11,8,7,4
1051,60,No,Travel_Rarely,1499,Research & Development,1,1,Life Sciences,1,4,Male,30,2,1,Research Scientist,4,Married,1009,26999,1,Y,No,11,3,3,80,0,40,3,3,0,0,0,0
1052,60,No,Travel_Rarely,1499,Research & Development,1,4,Medical,1,4,Male,30,4,2,Laboratory Technician,4,Married,19999,2094,0,Y,No,25,3,1,80,3,0,3,1,40,0,0,0
1053,60,Yes,Travel_Rarely,1499,Research & Development,1,4,Life Sciences,1,4,Male,30,3,1,Research Scientist,3,Married,1009,26999,4,Y,No,25,3,3,80,1,40,3,3,0,0,0,0
1054,59,No,Travel_Rarely,422,Research & Development,1,4,Life Sciences,1,3,Male,76,4,1,Research Scientist,4,Married,3666,24704,3,Y,No,21,4,1,80,1,11,3,3,6,7,0,8
1055,60,Yes,Travel_Rarely,102,Research & Development,1,4,Medical,1,3,Female,100,2,3,Manufacturing Director,4,Married,1009,2094,1,Y,No,11,3,4,80,1,40,3,2,40,18,15,17
1056,60,No,Travel_Rarely,102,Sales,29,1,Medical,1,2,Female,100,4,2,Sales Executive,3,Married,1009,2094,1,Y,No,25,4,2,80,1,40,3,3,40,18,15,17
1057,60,Yes,Travel_Rarely,102,Research & Development,29,4,Medical,1,3,Female,100,2,3,Healthcare Representative,4,Married,1009,2094,1,Y,No,11,3,4,80,1,40,3,2,40,18,15,17
1058,60,No,Travel_Rarely,1499,Research & Development,1,4,Medical,1,3,Male,30,2,1,Research Scientist,3,Married,1009,26999,4,Y,No,24,3,3,80,2,40,2,3,0,0,0,0
1059,33,No,Travel_Rarely,1499,Research & Development,1,4,Medical,1,4,Male,30,3,2,Sales Executive,4,Married,19990,2094,0,Y,No,23,3,4,80,1,40,3,2,40,0,14,0
1060,18,No,Travel_Rarely,1499,Research & Development,1,3,Other,1,3,Male,30,3,1,Research Scientist,3,Married,1009,2094,3,Y,No,24,3,3,80,2,40,2,3,0,0,0,0
1061,30,No,Travel_Rarely,1499,Research & Development,29,3,Medical,1,4,Male,30,3,2,Healthcare Representative,3,Married,1009,26999,2,Y,No,25,3,2,80,2,40,5,3,0,0,0,0
1062,18,No,Travel_Rarely,102,Sales,1,1,Life Sciences,1,3,Female,30,3,1,Manufacturing Director,4,Married,19999,2094,1,Y,No,11,3,3,80,0,0,2,3,40,0,0,0
1063,18,No,Travel_Rarely,1499,Sales,29,3,Other,1,4,Male,30,3,1,Sales Executive,3,Married,1009,2094,3,Y,No,25,3,3,80,2,40,2,3,0,0,0,0
1064,18,No,Travel_Rarely,1499,Research & Development,29,3,Medical,1,3,Male,30,3,2,Healthcare Representative,3,Married,1009,2094,2,Y,No,25,3,3,80,2,40,2,3,0,0,0,0
1065,60,No,Travel_Rarely,1499,Research & Development,29,4,Medical,1,4,Male,30,3,1,Research Scientist,3,Married,1009,26999,4,Y,No,25,3,3,80,2,40,5,3,0,0,0,0
1066,18,No,Travel_Rarely,1499,Research & Development,29,3,Medical,1,2,Male,30,3,2,Healthcare Representative,3,Married,1009,2094,2,Y,No,25,3,3,80,2,40,2,3,0,0,0,0
1067,60,Yes,Travel_Rarely,102,Research & Development,29,4,Medical,1,3,Female,30,3,3,Healthcare Representative,4,Married,1009,26999,1,Y,No,11,3,4,80,1,40,3,2,40,0,15,17
1068,60,Yes,Travel_Rarely,1499,Sales,29,4,Medical,1,4,Male,30,3,1,Research Scientist,3,Married,1009,26999,4,Y,No,25,3,3,80,2,40,5,3,0,0,0,0
1069,60,No,Travel_Rarely,102,Sales,29,1,Medical,1,2,Female,100,4,2,Research Scientist,1,Married,1009,2094,1,Y,No,25,4,2,80,1,40,3,3,40,18,15,17
1070,18,No,Travel_Rarely,1499,Research & Development,1,4,Medical,1,4,Male,30,3,1,Research Scientist,3,Married,1009,2094,4,Y,No,25,3,3,80,2,40,2,3,0,0,0,0
1071,18,No,Travel_Rarely,1499,Research & Development,1,4,Medical,1,4,Male,30,3,1,Laboratory Technician,4,Married,19963,2094,1,Y,No,11,3,4,80,3,40,3,1,40,0,0,0
1072,18,No,Travel_Rarely,1499,Research & Development,1,1,Life Sciences,1,4,Male,30,3,1,Research Scientist,1,Married,1009,26999,2,Y,No,25,3,3,80,0,40,3,3,0,0,0,0
1073,18,No,Travel_Rarely,102,Sales,1,3,Life Sciences,1,4,Male,30,3,1,Research Scientist,4,Married,1009,2094,1,Y,No,25,3,3,80,1,0,2,3,0,0,0,0
1074,60,Yes,Travel_Rarely,1499,Sales,1,3,Medical,1,4,Male,30,3,1,Research Scientist,3,Married,1009,26999,4,Y,No,25,3,3,80,2,40,5,3,0,0,0,0
1075,18,No,Travel_Rarely,102,Sales,1,4,Life Sciences,1,3,Female,30,3,2,Manufacturing Director,4,Married,19999,2094,1,Y,No,11,3,3,80,0,0,2,3,40,18,0,17
1076,18,Yes,Travel_Rarely,1499,Sales,1,3,Life Sciences,1,4,Male,30,2,1,Research Scientist,4,Married,1009,2094,3,Y,No,25,3,3,80,2,40,2,3,0,0,0,0
1077,18,Yes,Travel_Rarely,102,Sales,1,1,Life Sciences,1,3,Female,30,3,1,Manufacturing Director,4,Married,19999,2094,1,Y,No,11,3,3,80,0,0,2,3,40,0,0,0
1078,60,No,Travel_Rarely,1499,Research & Development,1,2,Life Sciences,1,3,Female,30,3,2,Manufacturing Director,4,Married,19999,2094,1,Y,No,11,3,3,80,0,40,2,2,40,18,15,17
1079,60,No,Travel_Rarely,1499,Research & Development,1,2,Medical,1,3,Female,30,3,2,Manufacturing Director,3,Married,19999,26999,0,Y,No,11,3,3,80,0,40,2,2,40,18,15,17
1080,60,No,Travel_Rarely,1499,Sales,1,2,Life Sciences,1,3,Female,30,3,2,Manufacturing Director,3,Married,19999,26999,1,Y,No,11,3,3,80,0,40,2,3,40,18,15,17
1081,57,No,Travel_Rarely,102,Sales,1,2,Life Sciences,1,3,Female,30,3,2,Manufacturing Director,4,Married,19999,26552,1,Y,No,11,3,3,80,0,40,2,3,40,18,0,17
1082,30,No,Travel_Frequently,596,Research & Development,1,1,Life Sciences,1,2,Female,70,3,2,Manufacturing Director,4,Single,8834,12076,0,Y,Yes,13,3,3,80,0,10,2,4,8,7,7,7
1083,18,No,Non-Travel,102,Sales,1,2,Life Sciences,1,3,Male,30,3,1,Research Scientist,4,Single,1009,2094,1,Y,No,25,3,3,80,0,0,2,3,0,0,0,0
1084,60,No,Travel_Rarely,102,Sales,29,1,Medical,1,2,Female,30,4,2,Sales Representative,1,Married,1009,2094,1,Y,No,25,4,3,80,1,40,3,3,40,18,15,17
1085,18,Yes,Travel_Rarely,1499,Research & Development,1,3,Life Sciences,1,3,Male,30,2,1,Research Scientist,4,Married,1009,26999,1,Y,No,25,3,3,80,1,0,3,3,0,0,0,0
1086,60,Yes,Travel_Rarely,1499,Research & Development,1,1,Life Sciences,1,3,Female,30,3,1,Research Scientist,3,Married,1009,26999,1,Y,No,11,3,3,80,0,0,5,3,40,0,0,0
1087,60,No,Travel_Rarely,1499,Research & Development,1,1,Medical,1,4,Male,30,2,3,Sales Executive,4,Married,19999,26999,0,Y,No,11,3,4,80,1,40,3,2,40,0,15,0
1088,60,Yes,Travel_Rarely,102,Research & Development,1,4,Medical,1,3,Female,30,3,3,Healthcare Representative,4,Married,1017,2094,1,Y,No,11,3,4,80,1,40,3,2,40,18,15,17
1089,60,No,Travel_Rarely,1499,Research & Development,1,1,Medical,1,4,Male,30,2,2,Sales Executive,4,Married,19999,26999,0,Y,No,11,3,2,80,1,40,3,3,40,0,15,0
1090,57,No,Travel_Rarely,555,Research & Development,28,4,Medical,1,2,Female,99,2,4,Manager,2,Married,17820,9194,1,Y,No,23,4,2,80,1,38,2,3,39,17,15,16
1091,18,No,Travel_Rarely,1499,Research & Development,1,4,Life Sciences,1,4,Male,30,3,1,Laboratory Technician,4,Married,19999,2094,1,Y,No,25,3,1,80,3,0,3,1,0,0,0,0
1092,60,Yes,Travel_Rarely,102,Research & Development,29,4,Medical,1,4,Female,100,2,3,Healthcare Representative,4,Married,1009,2094,1,Y,No,11,3,4,80,1,40,3,2,40,18,15,0
1093,60,Yes,Travel_Rarely,102,Research & Development,1,4,Medical,1,3,Female,100,2,3,Healthcare Representative,4,Married,1009,2094,1,Y,No,11,3,4,80,1,40,3,3,40,18,15,17
1094,45,No,Travel_Rarely,1132,Research & Development,28,4,Life Sciences,1,2,Male,81,3,4,Research Director,4,Married,18692,19688,3,Y,No,12,3,2,80,1,17,2,3,13,7,14,15
1095,60,No,Travel_Rarely,1499,Research & Development,29,3,Medical,1,3,Male,30,3,2,Healthcare Representative,3,Married,1009,2094,2,Y,No,25,3,3,80,2,40,2,3,0,0,0,0
1096,60,No,Travel_Rarely,1499,Research & Development,1,4,Life Sciences,1,4,Male,30,4,1,Laboratory Technician,4,Married,19999,2094,0,Y,No,25,3,2,80,1,0,3,2,0,0,0,0
1097,60,Yes,Travel_Rarely,102,Research & Development,29,4,Medical,1,3,Female,100,2,2,Healthcare Representative,4,Married,1009,2094,1,Y,No,11,3,4,80,1,40,3,2,40,18,15,17
1098,60,No,Travel_Rarely,1499,Research & Development,1,4,Life Sciences,1,1,Female,30,3,1,Research Scientist,3,Single,1009,2094,8,Y,No,25,3,3,80,2,40,2,3,0,0,0,0
1099,45,No,Travel_Rarely,1499,Research & Development,1,4,Medical,1,4,Male,30,4,2,Sales Executive,4,Married,19999,2094,0,Y,No,11,3,4,80,3,40,3,2,40,0,15,0
1100,60,No,Travel_Rarely,1499,Research & Development,29,4,Medical,1,4,Male,30,3,1,Research Scientist,3,Married,1009,26999,4,Y,No,25,3,3,80,2,40,2,3,0,0,0,0
1101,60,Yes,Travel_Rarely,102,Research & Development,29,4,Medical,1,4,Female,30,3,3,Healthcare Representative,4,Married,1009,2094,1,Y,No,25,3,4,80,1,40,3,3,40,18,15,17
1102,60,No,Travel_Rarely,1499,Research & Development,1,2,Medical,1,3,Female,30,3,2,Manufacturing Director,4,Married,19999,15853,0,Y,No,11,3,3,80,0,40,2,2,40,18,15,17
1103,60,Yes,Travel_Rarely,102,Research & Development,1,4,Medical,1,3,Female,100,2,3,Manufacturing Director,4,Married,1009,2094,1,Y,No,11,3,4,80,1,40,3,2,40,18,15,17
1104,60,Yes,Travel_Rarely,102,Research & Development,1,4,Medical,1,3,Female,30,3,3,Healthcare Representative,4,Married,1009,2094,1,Y,No,11,3,4,80,1,40,3,2,40,18,15,17
1105,34,No,Travel_Rarely,1141,Research & Development,23,3,Life Sciences,1,4,Male,99,2,1,Research Scientist,4,Single,2929,6373,3,Y,No,11,3,4,80,0,6,6,3,2,2,0,2
1106,60,No,Travel_Rarely,1499,Research & Development,29,4,Medical,1,4,Male,30,3,1,Research Scientist,3,Married,1009,2094,4,Y,No,25,3,3,80,2,40,2,3,0,0,0,0
1107,60,Yes,Travel_Rarely,102,Research & Development,29,4,Medical,1,3,Female,30,2,4,Manager,4,Married,19735,2094,1,Y,No,23,3,4,80,1,40,3,3,40,18,15,17
1108,60,No,Travel_Rarely,1499,Research & Development,29,4,Medical,1,3,Male,30,3,1,Research Scientist,3,Married,1009,2094,4,Y,No,25,3,3,80,2,40,2,3,0,0,0,0
1109,59,Yes,Travel_Rarely,102,Research & Development,28,1,Medical,1,3,Female,64,2,4,Manager,4,Married,19951,2095,1,Y,No,13,3,4,80,1,40,3,2,40,18,15,16
1110,18,Yes,Travel_Rarely,102,Sales,1,2,Life Sciences,1,4,Male,30,3,1,Research Scientist,4,Married,1009,26999,1,Y,No,25,3,3,80,1,0,2,3,0,0,0,0
1111,59,Yes,Travel_Rarely,102,Sales,29,3,Medical,1,3,Male,30,3,1,Research Scientist,3,Married,1009,2094,5,Y,No,11,3,3,80,0,40,5,3,0,0,0,0
1112,60,No,Travel_Rarely,1499,Research & Development,1,4,Life Sciences,1,1,Female,30,2,1,Laboratory Technician,3,Married,1009,2094,4,Y,No,25,3,2,80,1,39,3,3,0,0,0,0
1113,18,Yes,Non-Travel,102,Sales,1,2,Life Sciences,1,4,Male,30,3,1,Research Scientist,4,Single,1009,2094,1,Y,No,25,3,3,80,1,0,2,3,0,0,15,0
1114,18,No,Travel_Rarely,102,Sales,1,2,Life Sciences,1,3,Female,30,3,2,Manufacturing Director,4,Married,19999,2094,1,Y,No,11,3,3,80,0,0,2,3,40,18,0,17
1115,60,No,Travel_Rarely,1499,Research & Development,1,4,Medical,1,4,Male,30,1,1,Research Scientist,4,Married,19999,20205,0,Y,No,25,3,1,80,3,0,3,1,40,0,15,0
1116,60,No,Travel_Rarely,1499,Research & Development,1,4,Life Sciences,1,1,Female,30,2,1,Research Scientist,3,Married,1009,2094,8,Y,No,25,3,3,80,1,40,3,3,0,0,0,0
1117,60,Yes,Travel_Rarely,1499,Sales,1,3,Medical,1,4,Male,30,3,1,Research Scientist,3,Married,1009,26999,4,Y,No,11,3,3,80,2,40,5,3,0,0,0,0
1118,60,No,Travel_Rarely,102,Sales,29,5,Medical,1,2,Female,100,4,3,Sales Executive,3,Married,1009,2094,1,Y,No,25,4,3,80,1,40,3,3,40,18,15,17
1119,60,Yes,Travel_Rarely,1499,Research & Development,29,4,Medical,1,4,Male,30,3,1,Research Scientist,3,Married,1009,26999,4,Y,No,25,3,3,80,2,40,5,3,0,0,0,0
1120,18,Yes,Travel_Rarely,102,Research & Development,1,1,Life Sciences,1,3,Female,30,3,1,Research Scientist,3,Married,1009,26999,1,Y,No,11,3,3,80,0,0,5,3,40,0,0,0
1121,60,No,Travel_Rarely,1499,Research & Development,29,4,Medical,1,4,Male,30,3,1,Research Scientist,3,Married,1009,3710,4,Y,No,25,3,3,80,2,40,2,3,0,0,0,0
1122,60,No,Travel_Rarely,1499,Sales,1,2,Life Sciences,1,3,Female,30,3,2,Manufacturing Director,4,Married,19999,26999,1,Y,No,11,3,3,80,0,40,2,3,40,18,15,17
1123,25,No,Travel_Rarely,1168,Research & Development,7,3,Life Sciences,1,1,Female,85,3,2,Healthcare Representative,3,Married,5314,12317,1,Y,No,22,4,4,80,2,5,2,2,1,2,0,0
1124,60,Yes,Travel_Rarely,1499,Research & Development,29,4,Medical,1,3,Female,35,3,3,Healthcare Representative,4,Married,1009,2094,0,Y,No,11,3,4,80,1,40,3,2,40,18,15,17
1125,60,No,Travel_Rarely,102,Research & Development,1,4,Life Sciences,1,3,Female,30,4,4,Manager,3,Married,1009,2094,0,Y,No,11,3,4,80,1,40,3,3,40,18,15,17
1126,60,Yes,Travel_Rarely,102,Research & Development,1,4,Medical,1,4,Female,100,2,3,Healthcare Representative,4,Married,1009,2094,1,Y,No,11,3,4,80,1,40,3,2,40,18,15,17
1127,60,No,Travel_Rarely,1499,Research & Development,1,4,Life Sciences,1,4,Male,30,1,1,Research Scientist,4,Married,19999,26999,0,Y,No,11,4,1,80,3,40,3,1,40,0,15,0
1128,60,Yes,Travel_Rarely,102,Research & Development,29,4,Medical,1,3,Female,30,2,3,Healthcare Representative,4,Married,1009,2094,1,Y,No,25,3,4,80,1,40,3,3,40,18,15,17
1129,60,No,Travel_Rarely,1499,Research & Development,1,4,Life Sciences,1,1,Female,47,3,1,Research Scientist,3,Married,1009,26999,8,Y,No,25,3,3,80,1,39,3,3,0,0,0,0
1130,60,Yes,Travel_Rarely,102,Research & Development,29,4,Medical,1,3,Female,71,2,3,Healthcare Representative,4,Married,1034,2094,1,Y,No,13,3,4,80,1,40,3,2,40,18,15,17
1131,60,Yes,Travel_Rarely,102,Research & Development,29,4,Medical,1,4,Female,100,2,3,Healthcare Representative,4,Married,1009,2094,1,Y,No,15,3,4,80,1,40,3,3,40,18,15,17
1132,60,No,Travel_Rarely,1499,Research & Development,1,4,Medical,1,3,Female,30,3,2,Manufacturing Director,4,Married,19999,2094,1,Y,No,11,3,4,80,0,40,3,2,40,18,15,17
1133,40,No,Travel_Frequently,629,Research & Development,1,1,Life Sciences,1,3,Male,72,3,5,Manager,3,Divorced,19236,3487,3,Y,No,11,3,3,80,1,24,5,4,17,13,14,7
1134,60,No,Travel_Rarely,1499,Research & Development,1,2,Medical,1,4,Female,30,3,5,Research Director,4,Married,19999,26999,0,Y,No,11,3,3,80,1,40,4,3,40,0,15,17
1135,60,No,Travel_Rarely,1499,Research & Development,28,4,Other,1,3,Male,30,3,1,Research Scientist,3,Married,1009,2094,4,Y,No,25,3,3,80,2,40,2,3,0,0,0,0
1136,60,No,Travel_Rarely,1499,Research & Development,1,4,Medical,1,3,Female,30,3,2,Healthcare Representative,4,Married,19999,2094,1,Y,No,11,3,4,80,0,40,2,2,40,18,15,17
1137,60,No,Travel_Rarely,1499,Research & Development,29,3,Medical,1,4,Male,30,3,1,Research Scientist,3,Married,1009,26999,4,Y,No,25,3,3,80,2,40,5,3,0,0,0,0
1138,60,No,Travel_Rarely,1499,Research & Development,1,4,Medical,1,3,Female,30,3,5,Manufacturing Director,4,Married,19999,2094,1,Y,No,11,3,4,80,0,40,3,2,40,18,15,17
1139,18,No,Travel_Rarely,1498,Sales,28,3,Medical,1,1,Male,60,3,2,Sales Executive,3,Divorced,2383,20637,5,Y,No,13,3,3,80,2,20,5,3,0,0,0,0
1140,60,Yes,Travel_Rarely,102,Sales,29,1,Medical,1,4,Female,30,3,3,Healthcare Representative,4,Married,1009,26999,1,Y,No,25,3,4,80,1,40,3,2,40,18,15,0
1141,60,Yes,Travel_Rarely,1499,Research & Development,29,4,Medical,1,4,Male,30,3,1,Research Scientist,3,Married,1009,26999,4,Y,No,25,3,3,80,2,40,2,3,0,0,0,0
1142,33,No,Travel_Rarely,943,Sales,1,3,Life Sciences,1,2,Male,50,4,2,Sales Executive,4,Single,5387,15285,2,Y,Yes,22,4,3,80,0,10,3,3,7,6,1,7
1143,60,Yes,Travel_Rarely,102,Research & Development,1,1,Medical,1,3,Female,99,2,4,Manager,4,Married,1009,2094,1,Y,No,11,3,4,80,1,40,3,3,40,18,15,0
1144,60,No,Travel_Rarely,1499,Research & Development,1,4,Life Sciences,1,3,Male,100,2,1,Research Scientist,4,Married,1009,26999,8,Y,No,11,3,3,80,1,40,3,3,0,0,0,0
1145,60,No,Travel_Rarely,102,Sales,29,1,Medical,1,2,Female,100,4,2,Research Scientist,1,Married,1009,2094,1,Y,No,25,4,3,80,1,40,3,3,40,18,15,17
1146,60,No,Travel_Rarely,1499,Research & Development,1,4,Life Sciences,1,3,Male,30,2,1,Research Scientist,4,Married,1009,26998,8,Y,No,25,3,3,80,2,40,3,3,0,0,0,0
1147,60,No,Travel_Rarely,1499,Research & Development,1,4,Life Sciences,1,1,Male,30,2,1,Research Scientist,4,Married,1009,2094,8,Y,No,25,3,3,80,2,40,3,3,0,0,0,0
1148,49,No,Travel_Rarely,1261,Sales,6,2,Life Sciences,1,3,Male,80,4,4,Sales Executive,3,Single,7367,22781,0,Y,No,11,3,2,80,0,16,2,2,5,7,15,2
1149,60,No,Travel_Rarely,1499,Research & Development,1,1,Life Sciences,1,4,Male,30,2,1,Research Scientist,4,Married,1009,26999,1,Y,No,11,3,2,80,0,0,3,3,0,0,0,0
1150,18,No,Travel_Rarely,1498,Sales,2,3,Medical,1,4,Male,82,3,2,Sales Executive,1,Married,5586,26884,5,Y,No,21,3,3,80,2,16,2,3,0,0,0,0
1151,18,Yes,Travel_Rarely,1499,Sales,1,3,Life Sciences,1,3,Male,30,3,1,Research Scientist,3,Married,1009,2094,2,Y,No,25,3,3,80,2,32,2,3,0,0,0,0
1152,48,No,Travel_Rarely,1340,Research & Development,28,3,Medical,1,3,Female,36,3,4,Manager,2,Married,16463,26274,4,Y,No,11,3,2,80,0,30,3,3,20,14,15,11
1153,18,Yes,Travel_Rarely,102,Sales,1,1,Life Sciences,1,4,Male,30,4,1,Sales Representative,4,Married,1009,26999,1,Y,No,25,3,3,80,1,0,3,3,0,0,0,0
1154,60,No,Travel_Rarely,102,Research & Development,1,4,Medical,1,1,Male,30,3,1,Research Scientist,4,Married,19999,2094,0,Y,No,11,3,1,80,3,40,3,1,40,0,15,0
1155,60,Yes,Travel_Rarely,102,Research & Development,29,4,Medical,1,3,Female,93,2,3,Healthcare Representative,4,Married,1012,2094,1,Y,No,24,3,4,80,1,40,3,2,40,18,15,17
1156,60,No,Travel_Rarely,1499,Research & Development,1,4,Life Sciences,1,3,Male,30,2,1,Research Scientist,4,Married,1009,26999,8,Y,No,11,3,2,80,1,40,3,3,0,0,0,0
1157,60,No,Travel_Rarely,1499,Research & Development,29,4,Medical,1,3,Male,30,3,1,Research Scientist,3,Married,1009,2094,4,Y,No,25,3,3,80,2,40,2,3,0,0,0,0
1158,60,No,Travel_Rarely,102,Research & Development,1,4,Life Sciences,1,4,Male,30,1,1,Human Resources,4,Married,19999,26999,0,Y,No,11,3,1,80,3,40,3,1,40,18,15,0
1159,60,No,Travel_Rarely,1499,Research & Development,1,4,Life Sciences,1,1,Male,30,2,1,Research Scientist,3,Married,1009,2094,4,Y,No,25,3,2,80,1,0,3,2,0,0,0,0
1160,60,No,Travel_Rarely,1499,Research & Development,29,5,Medical,1,4,Male,100,3,1,Research Scientist,3,Married,1009,26999,4,Y,No,24,3,2,80,2,40,5,3,0,0,0,0
1161,60,No,Travel_Rarely,1499,Research & Development,1,5,Other,1,4,Female,30,3,1,Research Scientist,4,Married,1009,26999,4,Y,No,25,3,3,80,1,40,3,3,0,0,0,0
1162,18,No,Travel_Rarely,102,Sales,1,4,Life Sciences,1,1,Female,30,3,2,Manufacturing Director,4,Married,19999,26999,1,Y,No,11,3,3,80,0,40,1,3,40,4,0,17
1163,59,No,Travel_Rarely,411,Research & Development,1,4,Medical,1,3,Female,30,2,4,Manager,4,Married,19979,26999,2,Y,No,13,3,4,80,1,40,3,3,40,18,15,0
1164,59,No,Travel_Rarely,1495,Sales,1,2,Life Sciences,1,3,Female,30,3,2,Manufacturing Director,4,Married,19999,2094,1,Y,No,11,3,3,80,0,40,2,2,40,18,15,17
1165,60,Yes,Travel_Rarely,1499,Sales,1,1,Life Sciences,1,4,Female,30,3,3,Laboratory Technician,4,Married,19999,26999,1,Y,No,11,3,2,80,0,40,4,2,40,18,15,0
1166,60,No,Travel_Rarely,102,Sales,29,1,Medical,1,2,Female,100,4,2,Sales Executive,1,Married,1009,2094,1,Y,No,25,4,2,80,1,40,3,3,40,18,15,17
1167,60,No,Travel_Rarely,1499,Research & Development,28,5,Medical,1,4,Male,30,3,1,Research Scientist,3,Married,1009,26999,4,Y,No,25,3,2,80,2,40,2,2,0,0,0,0
1168,60,Yes,Travel_Rarely,102,Research & Development,1,4,Medical,1,3,Female,100,2,3,Healthcare Representative,4,Married,1013,2094,1,Y,No,11,3,4,80,1,40,3,2,40,18,15,17
1169,59,Yes,Travel_Rarely,570,Research & Development,28,3,Life Sciences,1,3,Male,87,3,5,Manager,3,Married,19827,2337,0,Y,No,11,3,4,80,1,39,3,3,40,18,15,17
1170,18,No,Travel_Rarely,102,Sales,1,2,Life Sciences,1,3,Female,30,3,2,Manufacturing Director,4,Married,19999,26963,1,Y,No,11,3,3,80,0,40,2,3,40,18,0,17
1171,60,No,Travel_Rarely,1499,Research & Development,1,4,Medical,1,3,Male,30,3,1,Research Scientist,3,Married,1009,2094,4,Y,No,25,3,3,80,2,40,2,3,0,0,0,0
1172,60,Yes,Travel_Rarely,102,Research & Development,29,4,Life Sciences,1,3,Female,50,2,3,Manager,4,Married,17809,2094,1,Y,No,11,3,4,80,1,40,3,3,40,18,15,17
1173,18,Yes,Travel_Rarely,102,Research & Development,1,3,Life Sciences,1,3,Female,30,3,1,Research Scientist,3,Married,19999,2094,1,Y,No,11,3,3,80,0,0,5,3,40,0,0,0
1174,60,No,Travel_Rarely,102,Sales,29,1,Medical,1,2,Female,100,4,2,Sales Executive,1,Married,1009,2094,1,Y,No,25,4,3,80,1,40,3,3,40,18,15,17
1175,41,No,Non-Travel,432,Research & Development,27,4,Life Sciences,1,3,Male,48,3,2,Manufacturing Director,3,Married,9676,14037,0,Y,No,17,3,1,80,1,20,3,3,15,10,15,7
1176,60,No,Travel_Rarely,1499,Research & Development,29,4,Medical,1,4,Male,30,3,1,Research Scientist,3,Married,1009,2094,3,Y,No,25,3,3,80,2,40,2,3,0,0,0,0
1177,60,No,Travel_Rarely,102,Research & Development,1,4,Life Sciences,1,1,Male,100,2,1,Laboratory Technician,3,Single,4772,26999,8,Y,No,11,3,2,80,1,40,1,3,0,0,0,17
1178,60,Yes,Travel_Rarely,1499,Research & Development,29,4,Medical,1,4,Male,30,3,1,Research Scientist,3,Married,1009,26999,4,Y,No,25,3,3,80,2,40,5,3,0,0,0,0
1179,60,No,Travel_Rarely,1499,Research & Development,1,4,Life Sciences,1,4,Male,30,3,1,Research Scientist,4,Married,1009,26999,4,Y,No,25,3,3,80,1,40,3,3,0,0,0,0
1180,60,No,Travel_Rarely,1499,Research & Development,1,2,Life Sciences,1,3,Female,30,3,2,Manufacturing Director,3,Married,19999,26999,1,Y,No,11,3,3,80,0,40,2,3,40,18,15,17
1181,60,No,Travel_Rarely,1499,Research & Development,1,4,Life Sciences,1,1,Male,30,2,1,Research Scientist,4,Married,1009,2094,8,Y,No,25,3,3,80,2,40,2,3,0,0,0,0
1182,60,No,Travel_Rarely,1499,Research & Development,1,3,Life Sciences,1,3,Female,30,3,1,Research Scientist,3,Married,1009,26999,1,Y,No,11,3,3,80,0,0,5,2,0,0,0,0
1183,60,No,Travel_Rarely,1499,Research & Development,1,4,Life Sciences,1,1,Female,30,3,1,Research Scientist,3,Married,1009,26999,8,Y,No,11,3,3,80,2,37,2,3,0,0,0,0
1184,60,No,Travel_Rarely,1499,Research & Development,1,2,Life Sciences,1,3,Female,30,3,2,Manufacturing Director,4,Married,19999,26999,1,Y,No,11,3,3,80,0,40,2,2,40,18,15,17
1185,59,No,Travel_Rarely,231,Research & Development,28,3,Life Sciences,1,3,Female,32,2,5,Manager,3,Married,19999,2094,1,Y,No,11,3,1,80,1,39,5,3,40,18,15,17
1186,18,Yes,Travel_Rarely,1499,Sales,1,3,Life Sciences,1,4,Male,30,3,1,Research Scientist,4,Single,1009,26999,1,Y,No,13,3,3,80,2,0,2,3,0,0,0,0
1187,60,No,Travel_Rarely,1499,Research & Development,29,3,Medical,1,4,Male,30,3,1,Research Scientist,3,Married,1009,2100,2,Y,No,25,3,3,80,2,40,2,3,0,0,0,0
1188,18,No,Travel_Rarely,1499,Research & Development,1,4,Life Sciences,1,4,Male,30,3,1,Laboratory Technician,4,Married,1009,2094,1,Y,No,25,3,1,80,1,0,3,1,0,0,0,0
1189,60,No,Travel_Rarely,1499,Research & Development,1,4,Life Sciences,1,4,Male,30,3,1,Research Scientist,4,Married,19999,26999,4,Y,No,25,3,1,80,1,0,3,1,0,0,0,0
1190,60,No,Travel_Rarely,1499,Research & Development,1,4,Other,1,4,Male,30,3,1,Research Scientist,3,Married,1009,2094,4,Y,No,25,3,3,80,2,40,2,3,0,0,0,0
1191,35,No,Travel_Rarely,957,Research & Development,9,3,Life Sciences,1,1,Male,99,3,2,Manufacturing Director,3,Married,10558,23388,2,Y,No,13,3,4,80,2,10,5,2,5,3,0,7
1192,60,No,Travel_Rarely,102,Research & Development,1,4,Life Sciences,1,1,Male,30,1,1,Research Scientist,4,Married,19999,2094,0,Y,No,11,3,1,80,3,40,3,1,40,0,15,0
1193,60,No,Travel_Rarely,1499,Research & Development,1,4,Life Sciences,1,4,Male,30,1,1,Research Scientist,4,Married,4938,26999,1,Y,No,25,3,1,80,1,0,3,1,0,0,0,0
1194,60,No,Travel_Rarely,1499,Research & Development,1,4,Medical,1,4,Male,30,2,1,Laboratory Technician,4,Married,19999,26999,0,Y,No,11,4,1,80,3,40,3,1,40,0,15,0
1195,60,No,Travel_Rarely,102,Research & Development,1,1,Medical,1,3,Male,30,4,3,Manager,4,Married,19999,2094,1,Y,No,11,3,4,80,1,40,3,2,40,18,15,0
1196,60,Yes,Travel_Rarely,102,Research & Development,29,4,Medical,1,4,Female,100,2,3,Healthcare Representative,4,Married,1009,2097,1,Y,No,11,3,4,80,1,40,3,2,40,0,15,17
1197,60,No,Travel_Rarely,1498,Research & Development,1,4,Life Sciences,1,3,Female,30,3,2,Manufacturing Director,4,Married,19999,2094,1,Y,No,11,3,4,80,0,40,2,2,40,18,15,17
1198,60,No,Travel_Rarely,1499,Research & Development,29,3,Medical,1,4,Male,30,3,1,Research Scientist,3,Married,1009,26999,4,Y,No,25,3,3,80,2,40,2,3,0,0,0,0
1199,60,No,Travel_Rarely,1499,Research & Development,1,4,Life Sciences,1,4,Male,30,1,1,Laboratory Technician,4,Married,19999,2094,0,Y,No,25,3,1,80,3,0,3,1,0,0,0,0
1200,18,Yes,Travel_Rarely,1499,Research & Development,1,1,Life Sciences,1,2,Female,30,3,1,Research Scientist,3,Married,1009,26999,1,Y,No,11,3,3,80,0,0,5,3,40,0,0,0
1201,18,No,Travel_Rarely,102,Sales,29,3,Life Sciences,1,3,Male,30,3,1,Research Scientist,3,Single,1009,2094,3,Y,No,25,3,3,80,2,0,2,3,0,0,0,0
1202,60,No,Travel_Rarely,1499,Research & Development,29,4,Other,1,3,Male,30,3,1,Research Scientist,3,Married,1009,2094,3,Y,No,25,3,3,80,2,40,2,3,0,0,0,0
1203,60,No,Travel_Rarely,1499,Research & Development,1,1,Medical,1,4,Male,30,2,2,Sales Executive,4,Married,19999,5942,0,Y,No,11,4,2,80,1,40,3,2,40,0,15,0
1204,18,Yes,Travel_Rarely,102,Sales,29,4,Life Sciences,1,3,Female,100,3,1,Research Scientist,3,Married,19999,2094,2,Y,No,11,3,3,80,0,28,2,3,0,0,0,0
1205,18,No,Travel_Rarely,102,Sales,1,3,Life Sciences,1,3,Female,30,3,1,Manufacturing Director,4,Married,19999,2094,1,Y,No,11,3,3,80,0,0,2,3,40,0,0,0
1206,18,No,Travel_Rarely,1499,Research & Development,29,3,Medical,1,2,Male,30,3,2,Sales Executive,3,Married,1009,2094,2,Y,No,25,3,3,80,2,40,2,3,0,0,0,0
1207,18,No,Travel_Rarely,1499,Research & Development,1,4,Life Sciences,1,4,Female,30,3,1,Laboratory Technician,2,Married,1009,2094,1,Y,No,25,3,1,80,1,24,3,1,0,0,0,0
1208,59,No,Travel_Rarely,1016,Research & Development,23,4,Technical Degree,1,2,Male,98,3,2,Laboratory Technician,4,Married,5079,20199,8,Y,No,13,3,3,80,1,14,3,2,8,12,15,9
1209,60,No,Travel_Rarely,1499,Research & Development,1,2,Life Sciences,1,3,Female,30,3,1,Manufacturing Director,3,Married,19999,26999,1,Y,No,11,3,3,80,0,40,2,3,40,18,15,17
1210,18,Yes,Non-Travel,102,Sales,1,2,Life Sciences,1,3,Male,30,3,1,Research Scientist,4,Single,1009,2094,1,Y,No,25,3,3,80,0,0,2,3,0,0,0,0
1211,60,No,Travel_Rarely,1498,Sales,1,4,Life Sciences,1,3,Female,30,3,2,Manufacturing Director,4,Married,19999,20765,1,Y,No,11,3,3,80,0,40,2,3,40,18,15,17
1212,60,No,Travel_Rarely,1499,Research & Development,1,4,Medical,1,3,Male,30,3,1,Research Scientist,3,Married,1009,2094,3,Y,No,25,3,3,80,2,40,2,3,0,0,0,0
1213,18,No,Travel_Rarely,1499,Research & Development,1,4,Medical,1,4,Male,30,3,1,Laboratory Technician,4,Married,19999,2094,0,Y,No,25,3,1,80,3,0,3,1,0,0,0,0
1214,60,Yes,Travel_Rarely,102,Research & Development,29,4,Medical,1,3,Female,100,2,3,Healthcare Representative,4,Married,1009,2094,1,Y,No,24,3,4,80,1,40,3,3,40,18,15,17
1215,60,No,Travel_Rarely,1499,Research & Development,29,4,Medical,1,4,Male,30,3,1,Research Scientist,3,Married,1009,2094,4,Y,No,25,3,3,80,2,40,2,3,0,0,0,0
1216,60,No,Travel_Rarely,1499,Research & Development,29,3,Medical,1,3,Male,30,3,1,Research Scientist,3,Married,1009,2094,4,Y,No,25,3,3,80,2,40,2,3,0,0,0,0
1217,60,No,Travel_Rarely,432,Sales,1,2,Life Sciences,1,3,Female,30,3,2,Manufacturing Director,4,Married,19999,2651,1,Y,No,11,3,3,80,0,40,2,3,40,18,15,17
1218,60,Yes,Travel_Rarely,102,Research & Development,1,4,Medical,1,3,Female,99,2,3,Healthcare Representative,4,Married,1009,2094,1,Y,No,11,3,4,80,1,40,3,3,40,18,15,17
1219,60,No,Travel_Rarely,1499,Research & Development,1,1,Medical,1,4,Male,30,2,2,Sales Executive,4,Married,19999,26999,0,Y,No,11,4,2,80,1,40,3,2,40,0,15,0
1220,60,Yes,Travel_Rarely,1499,Research & Development,1,3,Life Sciences,1,3,Male,30,2,1,Research Scientist,4,Married,1009,2094,3,Y,No,25,3,3,80,2,40,2,3,0,0,0,0
1221,18,Yes,Travel_Rarely,102,Sales,1,2,Life Sciences,1,3,Male,30,3,1,Research Scientist,4,Single,1009,26999,1,Y,No,25,3,3,80,0,0,2,3,0,0,0,0
1222,60,Yes,Travel_Rarely,102,Research & Development,29,4,Medical,1,4,Female,30,2,3,Healthcare Representative,4,Married,1009,26999,1,Y,No,11,3,4,80,1,40,3,2,40,0,15,17
1223,60,No,Travel_Rarely,1499,Research & Development,1,4,Life Sciences,1,4,Male,30,1,1,Laboratory Technician,4,Married,10464,26999,0,Y,No,11,3,1,80,1,0,3,1,40,0,15,0
1224,60,No,Travel_Rarely,1499,Research & Development,1,4,Life Sciences,1,1,Female,100,3,1,Research Scientist,3,Married,1428,2094,8,Y,No,25,3,2,80,1,40,3,3,0,0,0,0
1225,60,Yes,Travel_Rarely,102,Research & Development,1,1,Medical,1,3,Female,80,2,4,Manager,4,Married,18608,2546,1,Y,No,11,3,4,80,1,40,3,2,40,18,15,0
1226,60,Yes,Travel_Rarely,102,Research & Development,29,4,Medical,1,3,Female,99,2,3,Healthcare Representative,4,Married,1175,2094,1,Y,No,13,3,4,80,1,40,3,3,40,18,15,17
1227,18,No,Travel_Rarely,1499,Sales,29,3,Medical,1,4,Male,30,3,2,Sales Executive,3,Married,1009,2094,5,Y,No,25,3,3,80,2,40,2,3,0,0,0,0
1228,18,Yes,Travel_Rarely,102,Research & Development,1,1,Life Sciences,1,3,Female,30,3,1,Research Scientist,3,Married,2054,26742,1,Y,No,11,3,3,80,0,0,5,3,40,0,0,0
1229,60,No,Travel_Rarely,1499,Research & Development,1,4,Life Sciences,1,4,Male,30,1,1,Research Scientist,4,Married,19999,26999,0,Y,No,11,3,1,80,3,0,3,1,40,0,15,0
1230,59,Yes,Travel_Rarely,102,Research & Development,28,1,Medical,1,3,Female,70,2,4,Healthcare Representative,4,Married,10661,19359,1,Y,No,24,3,4,80,1,40,3,3,40,18,15,16
1231,60,Yes,Travel_Rarely,1499,Research & Development,1,4,Medical,1,4,Male,30,3,1,Research Scientist,3,Married,1009,2094,4,Y,No,25,3,3,80,2,40,2,3,0,0,0,0
1232,18,No,Travel_Rarely,102,Sales,1,3,Life Sciences,1,3,Female,30,3,1,Research Scientist,3,Married,19999,2094,1,Y,No,11,3,3,80,0,0,2,3,40,0,0,0
1233,60,No,Travel_Rarely,102,Research & Development,1,4,Medical,1,4,Male,30,1,2,Sales Executive,4,Married,19999,2094,0,Y,No,11,3,4,80,3,40,3,1,40,0,15,0
1234,60,Yes,Travel_Rarely,102,Research & Development,28,1,Medical,1,3,Female,71,2,4,Manager,4,Married,16453,2094,1,Y,No,11,3,4,80,1,40,3,2,40,18,15,17
1235,18,Yes,Travel_Rarely,1499,Sales,1,3,Life Sciences,1,3,Male,30,3,1,Research Scientist,3,Married,1009,2094,2,Y,No,25,3,3,80,2,40,2,3,0,0,0,0
1236,18,Yes,Travel_Rarely,102,Sales,1,3,Life Sciences,1,3,Male,30,3,1,Research Scientist,4,Single,1009,2094,1,Y,No,25,3,3,80,2,0,2,3,0,0,0,0
1237,60,No,Travel_Rarely,1499,Research & Development,1,1,Medical,1,4,Male,30,2,3,Sales Executive,4,Married,19999,26999,0,Y,No,11,3,4,80,1,40,3,2,40,18,15,0
1238,60,Yes,Travel_Rarely,102,Research & Development,1,4,Medical,1,3,Female,99,2,3,Manufacturing Director,4,Married,1009,2094,1,Y,No,11,3,4,80,1,40,3,2,40,18,15,17
1239,18,No,Travel_Rarely,1499,Research & Development,1,4,Life Sciences,1,1,Female,100,3,1,Research Scientist,3,Married,1009,26999,8,Y,No,11,3,3,80,0,0,5,2,0,0,0,0
1240,60,No,Travel_Rarely,1499,Research & Development,1,4,Life Sciences,1,3,Male,30,2,1,Research Scientist,4,Married,1009,26999,8,Y,No,22,3,3,80,1,40,3,3,0,0,0,0
1241,60,No,Travel_Rarely,1499,Research & Development,29,3,Medical,1,4,Male,30,3,2,Healthcare Representative,3,Married,1009,2094,2,Y,No,25,3,3,80,2,40,2,3,0,0,0,0
1242,44,No,Travel_Rarely,502,Research & Development,24,4,Life Sciences,1,2,Female,66,1,3,Healthcare Representative,4,Married,11850,6734,1,Y,Yes,13,3,2,80,1,18,4,3,20,11,15,10
1243,60,No,Travel_Rarely,102,Sales,1,2,Life Sciences,1,3,Female,30,3,2,Manufacturing Director,4,Married,19999,26999,1,Y,No,11,3,3,80,0,40,2,3,40,18,0,17
1244,60,No,Travel_Rarely,1499,Research & Development,1,1,Medical,1,4,Male,30,2,2,Sales Executive,4,Married,19999,26999,0,Y,No,11,3,2,80,1,40,3,2,40,0,15,0
1245,60,Yes,Travel_Rarely,102,Research & Development,29,4,Life Sciences,1,4,Female,30,2,3,Manufacturing Director,4,Married,6867,2094,1,Y,No,24,3,2,80,1,40,3,3,40,18,15,17
1246,60,No,Travel_Rarely,1499,Research & Development,1,4,Life Sciences,1,4,Male,30,1,1,Research Scientist,4,Married,19999,26999,0,Y,No,25,3,1,80,3,0,3,1,0,0,0,0
1247,60,No,Travel_Rarely,1499,Research & Development,1,4,Medical,1,3,Male,30,2,1,Research Scientist,3,Married,1009,26999,4,Y,No,25,3,3,80,2,40,2,3,0,0,0,0
1248,18,No,Travel_Rarely,1499,Research & Development,1,4,Other,1,4,Male,30,3,1,Research Scientist,3,Married,1009,2094,3,Y,No,25,3,3,80,2,40,2,3,0,0,0,0
1249,60,No,Travel_Rarely,1499,Research & Development,1,4,Life Sciences,1,1,Male,30,2,1,Research Scientist,3,Married,1009,2094,8,Y,No,25,3,3,80,2,40,2,3,0,0,0,0
1250,60,No,Travel_Rarely,102,Research & Development,1,5,Medical,1,4,Male,30,2,4,Sales Executive,4,Married,19306,26999,0,Y,No,11,3,2,80,1,40,3,2,40,0,15,17
1251,58,Yes,Travel_Rarely,522,Research & Development,11,1,Medical,1,3,Female,69,2,5,Manager,4,Married,18026,19255,1,Y,No,13,3,4,80,1,39,3,2,40,17,15,10
1252,59,No,Travel_Rarely,114,Sales,1,2,Life Sciences,1,3,Female,30,3,2,Manufacturing Director,4,Married,19999,2432,1,Y,No,11,3,3,80,0,40,2,3,40,18,15,17
1253,60,Yes,Travel_Rarely,102,Research & Development,29,4,Medical,1,3,Female,100,3,3,Healthcare Representative,4,Married,1009,2094,1,Y,No,11,3,4,80,1,40,3,2,40,18,15,0
1254,60,No,Travel_Rarely,1499,Research & Development,29,4,Other,1,3,Male,30,3,1,Research Scientist,3,Married,1009,2094,3,Y,No,25,3,3,80,2,40,2,3,0,0,0,0
1255,18,Yes,Travel_Rarely,102,Sales,1,1,Life Sciences,1,3,Female,100,3,1,Manufacturing Director,4,Married,19999,2094,1,Y,No,11,3,3,80,0,0,2,3,40,0,0,0
1256,60,Yes,Travel_Rarely,1499,Sales,29,1,Medical,1,4,Female,30,3,3,Manufacturing Director,4,Married,19999,26999,0,Y,No,25,3,2,80,1,40,3,3,40,18,15,0
1257,60,No,Travel_Rarely,1499,Research & Development,1,4,Life Sciences,1,3,Male,30,2,1,Research Scientist,4,Married,1009,2094,3,Y,No,25,3,3,80,1,40,3,3,0,0,0,0
1258,60,No,Travel_Rarely,1499,Research & Development,1,4,Life Sciences,1,3,Male,30,2,1,Research Scientist,4,Married,1009,26999,1,Y,No,11,3,3,80,1,40,3,3,0,0,0,0
1259,18,Yes,Travel_Rarely,1499,Sales,27,3,Life Sciences,1,3,Male,30,3,1,Research Scientist,3,Married,1009,2094,3,Y,No,25,3,3,80,2,40,2,3,0,0,0,0
1260,60,No,Travel_Rarely,1499,Research & Development,1,4,Life Sciences,1,3,Male,30,2,1,Research Scientist,4,Married,1009,26999,8,Y,No,11,3,3,80,1,40,3,3,0,0,0,0
1261,60,Yes,Travel_Rarely,1499,Research & Development,1,1,Life Sciences,1,4,Male,30,2,1,Research Scientist,4,Married,1009,26999,1,Y,No,11,3,2,80,0,0,5,3,0,0,0,0
1262,60,Yes,Travel_Rarely,102,Research & Development,1,4,Medical,1,3,Female,30,3,3,Manufacturing Director,4,Married,1009,2094,1,Y,No,11,3,4,80,1,40,3,2,40,18,15,17
1263,60,No,Travel_Rarely,102,Sales,1,4,Life Sciences,1,3,Female,30,3,2,Manufacturing Director,4,Married,19999,26999,1,Y,No,11,3,3,80,0,40,2,3,40,18,0,17
1264,35,No,Travel_Frequently,671,Sales,1,3,Life Sciences,1,2,Male,86,3,2,Sales Executive,3,Married,5117,3253,1,Y,Yes,18,3,2,80,1,10,3,2,9,2,0,9
1265,60,Yes,Travel_Rarely,102,Research & Development,1,4,Medical,1,3,Female,100,2,3,Healthcare Representative,4,Married,1009,2094,1,Y,No,11,3,4,80,1,40,3,2,40,18,15,17
1266,60,Yes,Travel_Rarely,102,Research & Development,1,4,Medical,1,3,Female,100,2,3,Healthcare Representative,4,Married,1009,2094,1,Y,No,11,3,4,80,1,40,3,2,40,0,15,17
1267,60,No,Travel_Rarely,1499,Research & Development,1,4,Medical,1,4,Male,30,3,1,Laboratory Technician,4,Married,19999,26999,0,Y,No,12,3,1,80,3,40,3,1,40,0,0,0
1268,31,No,Travel_Rarely,1224,Sales,8,2,Medical,1,3,Female,47,3,2,Sales Executive,3,Married,5287,23414,1,Y,Yes,12,3,2,80,1,9,2,3,15,8,2,8
1269,60,No,Travel_Rarely,1499,Research & Development,1,4,Life Sciences,1,4,Male,30,1,1,Research Scientist,4,Married,1009,26999,0,Y,No,11,3,1,80,1,0,3,1,40,0,15,0
1270,60,No,Travel_Rarely,1499,Research & Development,29,3,Medical,1,4,Male,30,3,2,Healthcare Representative,3,Married,1009,26999,2,Y,No,25,3,3,80,2,40,2,3,0,0,0,0
1271,60,Yes,Travel_Rarely,102,Research & Development,29,4,Medical,1,3,Female,30,2,3,Healthcare Representative,4,Married,1009,2094,1,Y,No,25,3,4,80,1,40,3,3,40,18,15,0
1272,60,No,Travel_Rarely,102,Research & Development,1,4,Life Sciences,1,4,Male,30,2,1,Sales Executive,4,Married,19999,26999,1,Y,No,11,3,3,80,0,40,1,3,40,0,0,0
1273,60,No,Travel_Rarely,102,Research & Development,1,4,Medical,1,3,Female,30,3,3,Manufacturing Director,4,Married,19016,2094,1,Y,No,11,3,4,80,1,40,3,2,40,18,15,17
1274,60,Yes,Travel_Rarely,102,Research & Development,29,4,Medical,1,4,Female,30,3,3,Healthcare Representative,4,Married,1009,2094,1,Y,No,25,3,4,80,1,40,3,3,40,18,15,17
1275,18,No,Travel_Rarely,1499,Research & Development,1,4,Life Sciences,1,4,Female,30,4,2,Laboratory Technician,2,Married,1009,2094,1,Y,No,25,3,2,80,1,40,2,3,40,18,0,17
1276,48,No,Travel_Rarely,1498,Research & Development,1,4,Medical,1,1,Male,30,3,1,Sales Executive,4,Married,19999,2094,0,Y,No,11,3,1,80,3,39,3,1,40,0,15,0
1277,59,No,Travel_Rarely,1217,Research & Development,1,4,Life Sciences,1,3,Female,30,3,2,Manufacturing Director,4,Married,19998,2094,1,Y,No,11,3,4,80,0,40,2,2,40,18,15,17
1278,50,No,Travel_Frequently,1107,Research & Development,2,3,Life Sciences,1,3,Male,99,4,1,Sales Representative,3,Married,2260,20021,2,Y,No,20,3,1,80,1,1,5,4,0,0,0,0
1279,58,No,Travel_Rarely,787,Research & Development,1,4,Medical,1,3,Female,30,3,5,Manager,2,Married,19958,22507,1,Y,No,11,3,4,80,1,39,2,3,40,17,15,9
1280,60,No,Travel_Rarely,1499,Research & Development,1,4,Life Sciences,1,4,Male,30,1,1,Laboratory Technician,4,Married,19999,26999,0,Y,No,11,3,1,80,3,0,3,1,40,0,15,0
1281,60,No,Travel_Rarely,1499,Research & Development,1,4,Medical,1,4,Male,30,3,1,Laboratory Technician,4,Married,19999,2094,0,Y,No,25,3,1,80,3,37,3,1,40,0,0,0
1282,60,Yes,Travel_Rarely,102,Research & Development,29,4,Medical,1,3,Female,100,2,3,Manufacturing Director,4,Married,2674,5648,1,Y,No,25,4,4,80,1,40,3,3,40,18,15,17
1283,45,No,Travel_Rarely,1496,Research & Development,1,4,Medical,1,4,Male,30,3,2,Sales Executive,1,Married,19992,22728,0,Y,No,24,4,1,80,3,39,3,1,39,0,15,0
1284,60,No,Travel_Rarely,1499,Research & Development,1,4,Medical,1,4,Male,30,2,1,Laboratory Technician,4,Married,19999,24147,0,Y,No,25,4,1,80,3,40,3,1,40,0,15,0
1285,41,No,Travel_Rarely,1499,Research & Development,1,4,Medical,1,4,Male,30,4,2,Sales Executive,4,Married,19999,2094,0,Y,No,17,4,4,80,1,40,3,2,40,0,15,0
1286,60,No,Travel_Rarely,1499,Research & Development,29,3,Medical,1,3,Male,30,3,1,Research Scientist,3,Married,1009,2094,2,Y,No,25,3,3,80,2,40,2,3,0,0,0,0
1287,60,Yes,Travel_Rarely,102,Research & Development,29,1,Medical,1,3,Female,99,2,3,Manager,4,Married,5351,2094,1,Y,No,19,3,4,80,1,40,3,3,40,18,15,17
1288,60,No,Travel_Rarely,1499,Research & Development,1,4,Life Sciences,1,1,Female,30,2,1,Research Scientist,4,Married,1009,2094,8,Y,No,25,3,2,80,1,40,3,3,0,0,0,0
1289,60,No,Travel_Rarely,1499,Research & Development,1,4,Medical,1,3,Male,30,3,1,Research Scientist,3,Married,1009,26999,4,Y,No,24,3,3,80,2,40,2,3,0,0,0,0
1290,60,Yes,Travel_Rarely,102,Research & Development,29,4,Medical,1,4,Female,74,2,3,Healthcare Representative,4,Married,6160,2094,1,Y,No,11,3,4,80,1,40,3,2,40,18,15,17
1291,60,No,Travel_Rarely,1499,Research & Development,1,4,Medical,1,3,Male,30,2,1,Research Scientist,3,Married,1009,26999,4,Y,No,21,3,3,80,2,40,2,3,0,0,0,0
1292,18,Yes,Travel_Rarely,1499,Sales,1,3,Life Sciences,1,3,Male,30,2,1,Research Scientist,4,Single,1009,2094,1,Y,No,25,3,3,80,2,0,2,3,0,0,0,0
1293,60,No,Travel_Rarely,102,Sales,1,1,Life Sciences,1,3,Female,30,3,1,Research Scientist,3,Married,19999,2094,1,Y,No,11,3,3,80,0,0,5,3,40,0,0,0
1294,60,Yes,Travel_Rarely,102,Research & Development,1,1,Life Sciences,1,3,Female,30,3,1,Research Scientist,3,Married,1009,2094,1,Y,No,11,3,3,80,0,0,5,3,40,0,0,0
1295,60,Yes,Travel_Rarely,102,Research & Development,1,4,Medical,1,3,Female,30,2,3,Manufacturing Director,4,Married,1009,2094,1,Y,No,11,3,4,80,1,40,3,2,40,18,15,17
1296,18,No,Travel_Rarely,102,Sales,1,3,Life Sciences,1,3,Female,30,3,1,Research Scientist,4,Married,19999,2094,1,Y,No,11,3,3,80,0,0,5,3,40,0,0,0
1297,43,No,Travel_Rarely,102,Sales,1,4,Life Sciences,1,3,Female,30,3,2,Manufacturing Director,4,Married,19999,2094,1,Y,No,11,3,3,80,0,40,2,3,40,18,15,17
1298,60,Yes,Travel_Rarely,102,Research & Development,29,4,Medical,1,3,Female,30,2,3,Healthcare Representative,4,Married,4864,2094,1,Y,No,24,3,4,80,1,40,3,2,40,18,15,17
1299,60,No,Travel_Rarely,1499,Research & Development,1,4,Life Sciences,1,4,Male,30,1,1,Laboratory Technician,4,Married,19999,26999,0,Y,No,11,3,1,80,3,39,3,1,40,0,15,0
1300,60,No,Travel_Rarely,1499,Research & Development,1,4,Life Sciences,1,1,Male,30,2,1,Research Scientist,3,Married,1009,25920,3,Y,No,24,3,3,80,2,40,2,3,0,0,0,0
1301,44,No,Travel_Rarely,793,Sales,4,4,Life Sciences,1,3,Male,55,2,4,Sales Executive,1,Married,12201,15717,1,Y,No,15,3,3,80,0,22,3,3,19,7,0,12
1302,59,No,Non-Travel,648,Research & Development,1,1,Life Sciences,1,3,Male,66,3,5,Manager,3,Married,19966,25740,7,Y,No,21,4,4,80,1,31,3,4,33,17,15,14
1303,60,Yes,Travel_Rarely,1499,Research & Development,1,1,Medical,1,4,Male,30,4,2,Research Scientist,4,Married,2945,2094,9,Y,No,11,3,2,80,1,40,3,2,40,0,15,0
1304,18,No,Travel_Rarely,102,Sales,1,2,Life Sciences,1,3,Female,30,3,2,Manufacturing Director,4,Married,19999,2094,1,Y,No,11,3,3,80,0,0,2,3,40,0,0,0
1305,60,Yes,Travel_Rarely,1499,Research & Development,1,1,Life Sciences,1,2,Female,30,3,1,Research Scientist,3,Married,1009,26999,1,Y,No,11,3,3,80,0,0,5,3,40,0,0,0
1306,60,No,Travel_Rarely,1499,Research & Development,1,4,Life Sciences,1,4,Male,30,1,1,Laboratory Technician,4,Married,17845,26999,0,Y,No,25,3,1,80,3,0,3,1,5,0,0,0
1307,25,No,Travel_Rarely,957,Research & Development,28,2,Other,1,4,Female,83,3,2,Laboratory Technician,3,Married,5164,25649,1,Y,No,13,3,3,80,2,9,2,3,11,7,1,10
1308,60,No,Travel_Rarely,102,Research & Development,29,1,Medical,1,3,Female,30,4,3,Manager,3,Married,19940,2094,0,Y,No,25,3,2,80,1,40,3,3,40,18,15,17
1309,60,No,Travel_Rarely,102,Research & Development,1,2,Medical,1,3,Female,30,4,1,Sales Representative,1,Married,1009,2094,2,Y,No,25,4,4,80,1,0,3,3,0,18,15,0
1310,60,Yes,Travel_Rarely,1499,Sales,29,4,Medical,1,3,Male,100,2,2,Sales Executive,4,Married,2343,2094,1,Y,No,25,3,2,80,1,40,3,3,40,18,15,17
1311,18,Yes,Travel_Rarely,102,Sales,1,3,Life Sciences,1,2,Male,30,3,1,Research Scientist,4,Single,1009,2094,1,Y,No,25,3,3,80,2,0,2,3,0,0,0,0
1312,60,No,Travel_Rarely,102,Sales,29,1,Medical,1,3,Female,100,4,2,Healthcare Representative,3,Married,1009,2094,1,Y,No,25,4,4,80,1,40,3,3,40,18,15,17
1313,31,No,Travel_Rarely,1150,Research & Development,25,2,Life Sciences,1,4,Female,59,3,1,Laboratory Technician,4,Divorced,2347,12661,5,Y,Yes,13,3,4,80,1,6,3,3,2,1,0,0
1314,54,No,Travel_Rarely,1498,Sales,9,4,Medical,1,2,Female,33,3,2,Sales Executive,1,Divorced,3448,22767,4,Y,No,24,3,3,80,2,39,2,3,0,0,0,0
1315,60,Yes,Travel_Rarely,1499,Research & Development,29,3,Medical,1,4,Male,30,3,1,Research Scientist,3,Married,1009,26999,4,Y,No,20,3,3,80,2,40,5,3,0,0,0,0
1316,33,No,Travel_Rarely,1499,Research & Development,1,3,Medical,1,3,Female,61,4,1,Laboratory Technician,3,Married,1009,26998,1,Y,No,17,3,3,80,1,0,3,2,0,0,0,0
1317,18,Yes,Travel_Rarely,102,Sales,1,1,Life Sciences,1,3,Female,30,3,1,Research Scientist,3,Married,19999,2094,1,Y,No,11,3,3,80,0,0,5,3,40,0,0,0
1318,60,No,Travel_Rarely,1499,Research & Development,1,4,Life Sciences,1,4,Male,30,3,1,Research Scientist,4,Married,1009,2094,4,Y,No,25,3,2,80,1,0,3,2,0,0,0,0
1319,60,No,Travel_Rarely,1499,Research & Development,1,4,Medical,1,4,Male,30,3,1,Research Scientist,3,Married,1009,26999,4,Y,No,24,3,3,80,2,40,5,2,0,0,0,0
1320,60,No,Travel_Rarely,1499,Research & Development,1,4,Life Sciences,1,3,Male,30,2,1,Research Scientist,4,Married,1009,2094,3,Y,No,25,3,3,80,2,40,3,3,0,0,0,0
1321,18,Yes,Travel_Rarely,1499,Sales,29,3,Life Sciences,1,3,Male,30,3,1,Research Scientist,3,Married,1009,2094,2,Y,No,25,3,3,80,2,40,2,3,0,0,0,0
1322,60,No,Travel_Rarely,1499,Research & Development,1,4,Life Sciences,1,3,Male,30,2,1,Research Scientist,4,Married,1009,26999,8,Y,No,11,3,3,80,2,40,3,3,0,0,0,0
1323,18,No,Travel_Rarely,1499,Research & Development,29,3,Other,1,3,Male,30,3,1,Research Scientist,3,Married,1009,2094,3,Y,No,25,3,3,80,2,40,2,3,0,0,0,0
1324,60,Yes,Travel_Rarely,1499,Research & Development,1,1,Life Sciences,1,4,Male,100,2,1,Research Scientist,4,Married,1009,26999,1,Y,No,11,3,3,80,0,0,3,3,0,0,0,0
1325,18,Yes,Travel_Rarely,102,Sales,1,3,Life Sciences,1,3,Male,30,3,1,Research Scientist,4,Single,1009,2094,1,Y,No,25,3,3,80,1,0,2,3,0,0,0,0
1326,60,No,Travel_Rarely,1499,Research & Development,29,4,Medical,1,4,Male,30,3,1,Research Scientist,3,Married,1009,26999,4,Y,No,25,3,3,80,2,40,2,3,0,0,0,0
1327,60,Yes,Travel_Rarely,102,Sales,1,1,Medical,1,4,Female,30,3,4,Manager,4,Married,19999,26999,1,Y,No,11,3,2,80,0,40,4,2,40,18,15,0
1328,60,No,Travel_Rarely,1499,Research & Development,1,4,Life Sciences,1,1,Female,30,3,1,Research Scientist,3,Single,1009,26999,8,Y,No,25,3,3,80,1,40,3,3,0,0,0,0
1329,60,No,Travel_Rarely,1499,Research & Development,1,5,Other,1,3,Male,30,3,1,Research Scientist,1,Married,1009,2094,3,Y,No,25,3,3,80,2,40,2,3,0,0,0,0
1330,54,No,Travel_Rarely,595,Research & Development,11,3,Life Sciences,1,4,Female,58,2,4,Manager,2,Married,19061,10973,0,Y,Yes,12,3,2,80,1,28,2,3,33,12,15,12
1331,18,No,Travel_Rarely,1499,Research & Development,1,4,Medical,1,4,Male,30,4,2,Laboratory Technician,1,Married,19999,2094,0,Y,No,25,3,1,80,1,0,3,1,0,0,0,0
1332,60,No,Travel_Rarely,1499,Human Resources,1,3,Medical,1,4,Female,30,2,1,Laboratory Technician,3,Single,1009,26999,0,Y,No,11,3,3,80,0,40,3,3,40,18,0,0
1333,60,Yes,Travel_Rarely,102,Research & Development,29,4,Medical,1,3,Female,94,2,3,Healthcare Representative,4,Married,5045,2094,1,Y,No,21,3,4,80,1,40,3,3,40,18,15,17
1334,60,No,Travel_Rarely,1499,Research & Development,1,4,Medical,1,3,Male,30,3,1,Research Scientist,3,Married,1009,26999,4,Y,No,11,3,3,80,2,40,2,3,0,0,0,0
1335,32,No,Travel_Rarely,181,Research & Development,18,4,Life Sciences,1,1,Female,51,2,2,Manufacturing Director,3,Married,6227,18014,1,Y,Yes,18,4,4,80,1,10,4,3,9,2,13,9
1336,60,No,Travel_Rarely,1499,Research & Development,29,3,Medical,1,4,Male,30,3,1,Research Scientist,3,Married,1009,2094,4,Y,No,25,3,3,80,2,40,2,3,0,0,0,0
1337,60,No,Travel_Rarely,102,Research & Development,1,1,Life Sciences,1,3,Female,30,1,4,Manager,4,Married,19999,2094,1,Y,No,11,3,4,80,1,40,3,2,40,18,15,0
1338,18,Yes,Travel_Rarely,102,Sales,1,1,Life Sciences,1,4,Male,30,4,1,Research Scientist,4,Married,1009,26999,1,Y,No,25,3,3,80,1,0,3,3,0,0,0,0
1339,18,Yes,Travel_Rarely,1499,Sales,1,3,Other,1,4,Male,30,3,1,Research Scientist,3,Married,1009,2094,2,Y,No,25,3,3,80,2,40,2,3,0,0,0,0
1340,18,No,Travel_Rarely,102,Sales,1,2,Life Sciences,1,3,Female,30,3,2,Manufacturing Director,4,Married,19999,2094,1,Y,No,11,3,3,80,0,40,2,3,40,18,0,17
1341,18,No,Travel_Rarely,1499,Research & Development,1,5,Other,1,3,Female,30,3,1,Research Scientist,1,Married,1009,2094,3,Y,No,25,3,3,80,2,40,2,3,0,0,0,0
1342,18,No,Travel_Rarely,102,Sales,1,1,Life Sciences,1,3,Female,30,3,2,Manufacturing Director,4,Married,19999,2094,1,Y,No,11,3,3,80,0,0,2,3,40,0,0,0
1343,60,No,Travel_Rarely,1499,Research & Development,1,4,Medical,1,4,Male,30,4,1,Laboratory Technician,4,Married,19999,2094,0,Y,No,11,3,1,80,3,40,3,1,40,0,0,0
1344,60,No,Travel_Rarely,1499,Research & Development,1,4,Medical,1,4,Male,30,3,1,Research Scientist,3,Married,1009,26999,4,Y,No,25,3,2,80,2,40,5,3,0,0,0,0
1345,60,Yes,Travel_Rarely,102,Research & Development,29,4,Medical,1,3,Female,100,2,3,Healthcare Representative,4,Married,1009,2094,1,Y,No,11,3,4,80,1,40,3,2,40,2,15,17
1346,18,No,Travel_Rarely,102,Sales,1,1,Life Sciences,1,3,Female,30,3,1,Research Scientist,3,Married,19999,26999,1,Y,No,11,3,3,80,0,0,5,3,40,0,0,0
1347,60,Yes,Travel_Rarely,102,Sales,29,1,Medical,1,3,Female,30,4,2,Manufacturing Director,4,Married,1009,2094,1,Y,No,25,4,4,80,1,40,3,3,40,18,15,17
1348,18,Yes,Travel_Rarely,102,Sales,1,2,Life Sciences,1,4,Male,30,3,1,Research Scientist,4,Single,1009,2094,1,Y,No,25,3,3,80,1,0,2,3,0,0,0,0
1349,60,No,Travel_Rarely,1499,Research & Development,29,3,Medical,1,4,Male,30,3,2,Research Scientist,3,Married,1009,26999,2,Y,No,25,3,3,80,2,40,2,3,0,0,0,0
1350,18,No,Travel_Rarely,1499,Research & Development,1,4,Other,1,4,Male,30,3,1,Research Scientist,3,Married,1009,2094,4,Y,No,25,3,3,80,2,40,2,3,0,0,0,0
1351,59,Yes,Travel_Rarely,102,Research & Development,28,4,Life Sciences,1,3,Female,99,2,5,Manager,3,Married,19909,25361,1,Y,No,21,3,4,80,1,40,3,3,40,17,15,17
1352,18,No,Travel_Rarely,1499,Research & Development,1,4,Other,1,4,Male,30,3,1,Sales Executive,3,Married,1009,2094,3,Y,No,25,3,3,80,2,40,2,3,0,0,0,0
1353,41,Yes,Travel_Rarely,593,Research & Development,8,4,Life Sciences,1,3,Female,35,2,5,Research Director,4,Married,19681,25189,1,Y,No,18,3,4,80,1,38,3,3,39,12,15,9
1354,18,Yes,Travel_Rarely,102,Sales,1,3,Life Sciences,1,3,Male,30,3,1,Research Scientist,3,Single,1009,2094,1,Y,No,25,3,3,80,2,0,2,3,0,0,0,0
1355,18,Yes,Non-Travel,1084,Sales,1,3,Life Sciences,1,4,Male,30,3,1,Research Scientist,4,Single,1009,2094,1,Y,No,25,3,3,80,2,0,2,3,0,0,0,0
1356,59,Yes,Travel_Rarely,1499,Research & Development,29,3,Medical,1,4,Male,30,3,2,Healthcare Representative,3,Married,1009,26999,2,Y,No,25,3,3,80,2,40,5,3,0,0,0,0
1357,60,No,Travel_Rarely,1499,Research & Development,1,4,Medical,1,4,Female,30,3,4,Manager,1,Married,19999,26999,2,Y,No,25,3,3,80,0,40,3,1,40,18,15,0
1358,18,No,Non-Travel,102,Research & Development,1,3,Life Sciences,1,2,Male,30,3,1,Research Scientist,4,Single,1009,2389,1,Y,No,25,3,3,80,0,0,2,3,0,0,0,0
1359,52,No,Travel_Rarely,1499,Sales,28,3,Medical,1,3,Male,31,2,2,Research Scientist,2,Married,1987,26962,5,Y,No,20,3,3,80,2,39,5,2,0,0,0,0
1360,60,Yes,Travel_Rarely,102,Research & Development,29,4,Medical,1,4,Female,30,2,3,Healthcare Representative,4,Married,1009,2094,1,Y,No,24,3,4,80,1,40,3,3,40,18,15,17
1361,60,No,Travel_Rarely,1499,Research & Development,1,2,Medical,1,3,Female,30,3,2,Manufacturing Director,4,Divorced,19999,26999,0,Y,No,11,3,3,80,0,40,2,2,40,18,15,17
1362,18,Yes,Travel_Rarely,1499,Research & Development,1,1,Life Sciences,1,4,Male,100,4,1,Sales Representative,4,Married,1009,26999,1,Y,No,25,3,3,80,1,0,3,3,0,0,0,0
1363,60,No,Travel_Rarely,102,Research & Development,1,2,Life Sciences,1,3,Male,30,1,1,Human Resources,4,Married,19990,2094,0,Y,No,11,3,4,80,3,0,3,1,0,18,15,0
1364,60,No,Travel_Rarely,1499,Sales,1,4,Life Sciences,1,3,Male,30,2,1,Research Scientist,3,Married,1009,2094,3,Y,No,11,3,3,80,2,40,2,3,0,0,0,0
1365,60,No,Travel_Rarely,102,Sales,29,5,Medical,1,2,Female,100,4,2,Sales Executive,1,Married,1009,2094,1,Y,No,25,4,3,80,1,40,3,3,40,18,15,17
1366,60,No,Travel_Rarely,102,Research & Development,1,1,Medical,1,4,Male,30,4,3,Sales Executive,4,Married,19999,2094,0,Y,No,11,3,4,80,1,40,3,2,40,18,15,0
1367,31,No,Travel_Rarely,104,Research & Development,1,4,Life Sciences,1,4,Male,30,3,1,Research Scientist,4,Married,2124,26998,1,Y,No,21,3,4,80,1,0,3,2,0,0,0,0
1368,18,No,Travel_Rarely,1499,Research & Development,27,5,Other,1,4,Female,30,3,1,Research Scientist,3,Married,1009,2094,3,Y,No,25,3,3,80,2,40,2,3,0,0,0,0
1369,59,Yes,Travel_Rarely,1499,Sales,29,3,Medical,1,4,Male,30,3,2,Sales Executive,3,Married,1009,26999,4,Y,No,25,3,3,80,2,40,5,3,0,0,0,0
1370,59,Yes,Travel_Rarely,106,Research & Development,28,4,Medical,1,4,Female,50,2,3,Healthcare Representative,4,Married,13262,2662,1,Y,No,18,3,4,80,1,40,3,2,40,17,15,17
1371,28,No,Travel_Rarely,314,Research & Development,4,3,Medical,1,3,Female,67,2,1,Research Scientist,2,Married,2604,11097,0,Y,Yes,15,3,4,80,0,4,3,3,2,0,11,0
1372,18,Yes,Travel_Rarely,102,Research & Development,1,4,Life Sciences,1,3,Female,30,3,1,Research Scientist,3,Married,6625,2094,1,Y,No,11,3,3,80,0,0,5,3,40,0,0,0
1373,60,No,Travel_Rarely,102,Research & Development,29,1,Medical,1,3,Female,30,3,2,Manager,3,Married,1009,26999,0,Y,No,25,4,2,80,1,40,3,3,40,18,15,17
1374,60,No,Travel_Rarely,1499,Research & Development,1,2,Medical,1,3,Female,30,3,2,Manufacturing Director,4,Married,19999,2094,1,Y,No,11,3,4,80,0,40,4,2,40,18,15,17
1375,60,No,Travel_Rarely,1499,Sales,1,2,Life Sciences,1,3,Female,30,3,2,Manufacturing Director,4,Married,19999,17254,1,Y,No,11,3,3,80,0,40,2,3,40,18,15,17
1376,60,No,Travel_Rarely,1499,Research & Development,1,1,Medical,1,4,Male,30,2,2,Sales Executive,4,Married,19999,2094,0,Y,No,11,3,2,80,1,40,3,2,40,0,15,0
1377,18,No,Travel_Rarely,1499,Research & Development,29,4,Other,1,3,Male,30,3,1,Research Scientist,3,Married,1009,2094,3,Y,No,25,3,3,80,2,40,2,3,0,0,0,0
1378,60,No,Travel_Rarely,102,Research & Development,1,1,Medical,1,3,Female,30,4,3,Manager,4,Married,19999,2094,1,Y,No,11,3,4,80,1,40,3,2,40,18,15,0
1379,60,No,Travel_Rarely,102,Research & Development,1,1,Life Sciences,1,4,Male,30,1,3,Sales Executive,4,Married,19999,2094,0,Y,No,11,3,4,80,1,40,3,2,40,18,15,0
1380,60,No,Travel_Rarely,102,Research & Development,29,4,Medical,1,3,Female,30,4,3,Manager,3,Married,19999,2094,0,Y,No,25,4,2,80,1,40,3,3,40,18,15,17
1381,60,Yes,Travel_Rarely,1499,Sales,1,4,Medical,1,3,Male,30,3,1,Research Scientist,3,Married,1009,26999,4,Y,No,24,3,3,80,2,40,5,3,0,0,0,0
1382,60,No,Travel_Rarely,1499,Research & Development,1,4,Life Sciences,1,4,Male,30,1,1,Research Scientist,4,Married,1009,26999,1,Y,No,25,3,2,80,1,0,3,1,0,0,0,0
1383,30,No,Travel_Rarely,1328,Sales,1,3,Marketing,1,3,Male,85,3,2,Sales Executive,1,Single,4519,15286,1,Y,No,11,3,2,80,0,11,3,3,12,9,0,8
1384,59,Yes,Travel_Rarely,147,Research & Development,29,1,Life Sciences,1,3,Female,97,2,4,Manager,4,Married,19573,2766,1,Y,No,17,3,4,80,1,40,3,3,40,18,15,16
1385,60,No,Travel_Rarely,1499,Research & Development,1,1,Medical,1,4,Male,30,2,2,Sales Executive,4,Married,19999,26999,0,Y,No,11,3,4,80,1,40,3,2,40,0,15,0
1386,18,Yes,Travel_Rarely,1499,Sales,29,3,Other,1,4,Male,30,3,1,Research Scientist,3,Married,1009,2094,3,Y,No,25,3,3,80,2,40,2,3,0,0,0,0
1387,60,No,Travel_Rarely,1499,Research & Development,1,4,Medical,1,4,Male,30,3,1,Laboratory Technician,4,Married,19999,2094,0,Y,No,25,3,1,80,3,0,3,1,40,0,0,0
1388,54,No,Travel_Rarely,488,Research & Development,28,3,Medical,1,3,Female,49,2,5,Research Director,1,Married,19027,3019,1,Y,No,15,3,4,80,1,38,3,3,39,17,15,16
1389,60,Yes,Travel_Rarely,102,Research & Development,29,4,Medical,1,3,Female,100,2,3,Manufacturing Director,4,Married,1009,2094,1,Y,No,11,3,4,80,1,40,3,2,40,18,15,17
1390,60,No,Travel_Rarely,102,Sales,29,1,Medical,1,2,Female,30,4,3,Manager,3,Married,1009,2094,0,Y,No,25,4,2,80,1,40,3,3,40,18,15,17
1391,60,No,Travel_Rarely,1242,Research & Development,1,4,Medical,1,4,Male,30,4,3,Sales Executive,4,Married,19999,2094,0,Y,No,11,3,4,80,1,40,3,2,40,12,15,0
1392,57,Yes,Travel_Rarely,1133,Research & Development,28,4,Medical,1,4,Female,67,3,3,Healthcare Representative,4,Married,9305,3860,1,Y,No,24,3,4,80,0,39,3,2,39,16,15,16
1393,18,No,Travel_Rarely,102,Sales,1,4,Life Sciences,1,3,Female,30,3,2,Manufacturing Director,4,Married,19999,26999,1,Y,No,11,3,3,80,0,40,2,3,40,18,0,17
1394,60,No,Travel_Rarely,1499,Research & Development,1,4,Life Sciences,1,4,Male,30,2,1,Research Scientist,4,Married,19999,26999,1,Y,No,24,3,2,80,1,0,3,2,0,0,0,0
1395,60,No,Travel_Rarely,1499,Research & Development,1,4,Life Sciences,1,1,Female,100,2,1,Research Scientist,2,Married,1009,2094,3,Y,No,25,3,2,80,1,40,2,3,0,0,0,0
1396,60,No,Travel_Rarely,1499,Research & Development,1,1,Medical,1,4,Male,30,2,3,Sales Executive,4,Married,19999,2094,0,Y,No,11,3,2,80,1,40,3,2,40,0,15,0
1397,60,No,Travel_Rarely,1499,Research & Development,1,1,Life Sciences,1,3,Male,30,2,1,Research Scientist,4,Married,1009,26999,1,Y,No,11,3,3,80,0,40,3,3,0,0,0,0
1398,60,No,Travel_Rarely,1499,Research & Development,1,4,Medical,1,4,Male,30,2,2,Sales Executive,4,Married,19999,26994,0,Y,No,11,3,4,80,3,40,3,1,40,0,15,0
1399,60,Yes,Travel_Rarely,102,Research & Development,29,4,Medical,1,4,Female,30,3,3,Manufacturing Director,4,Married,1009,2094,1,Y,No,25,4,4,80,1,40,3,3,40,18,15,17
1400,60,No,Travel_Rarely,1499,Research & Development,1,2,Medical,1,3,Female,30,3,2,Manufacturing Director,4,Married,19999,26999,1,Y,No,11,3,3,80,0,40,2,2,40,18,15,17
1401,60,Yes,Travel_Rarely,102,Research & Development,29,4,Medical,1,3,Female,93,2,3,Manufacturing Director,4,Married,1118,2094,1,Y,No,11,3,4,80,1,40,3,2,40,18,15,17
1402,18,No,Travel_Rarely,1499,Research & Development,1,3,Other,1,4,Female,30,3,1,Sales Executive,1,Married,1009,2094,4,Y,No,25,3,3,80,2,40,2,3,0,0,0,0
1403,60,Yes,Travel_Rarely,102,Research & Development,29,4,Medical,1,4,Female,30,4,3,Healthcare Representative,4,Married,1009,2094,1,Y,No,25,4,4,80,1,40,3,3,40,18,15,17
1404,60,No,Travel_Rarely,1499,Research & Development,1,4,Life Sciences,1,4,Male,30,1,1,Laboratory Technician,4,Married,19999,26999,0,Y,No,25,3,1,80,3,0,3,1,40,0,0,0
1405,60,No,Travel_Rarely,1499,Research & Development,1,4,Life Sciences,1,4,Male,30,2,1,Research Scientist,4,Married,1009,26999,1,Y,No,25,3,2,80,1,0,3,2,0,0,0,0
1406,51,No,Travel_Rarely,1152,Research & Development,28,3,Medical,1,2,Female,57,3,3,Research Director,3,Married,10860,5819,1,Y,No,11,3,4,80,2,24,3,3,35,16,15,9
1407,60,No,Travel_Rarely,1499,Sales,1,2,Medical,1,3,Female,30,3,2,Manufacturing Director,4,Married,19999,2094,1,Y,No,11,3,3,80,0,40,2,2,40,18,15,17
1408,18,Yes,Travel_Rarely,1499,Sales,29,3,Other,1,3,Male,30,3,1,Research Scientist,3,Married,1009,2094,2,Y,No,25,3,3,80,2,40,2,3,0,0,0,0
1409,18,No,Travel_Rarely,102,Sales,1,2,Life Sciences,1,3,Female,30,3,2,Manufacturing Director,4,Married,19999,26998,1,Y,No,11,3,3,80,0,40,2,3,40,18,0,17
1410,60,No,Travel_Rarely,1499,Research & Development,1,4,Medical,1,4,Male,30,3,1,Laboratory Technician,4,Married,19999,2094,0,Y,No,25,3,1,80,3,40,3,1,40,0,15,0
1411,18,No,Travel_Rarely,102,Sales,1,4,Life Sciences,1,3,Female,30,3,2,Manufacturing Director,4,Married,19999,2094,1,Y,No,11,3,3,80,0,39,2,3,40,18,0,17
1412,60,No,Travel_Rarely,1499,Research & Development,1,1,Medical,1,4,Male,30,2,2,Sales Executive,4,Married,19999,26999,0,Y,No,11,3,4,80,1,40,3,2,40,18,15,0
1413,18,Yes,Travel_Rarely,1499,Research & Development,29,3,Other,1,4,Male,30,3,1,Sales Executive,3,Married,1009,2094,4,Y,No,25,3,3,80,2,40,2,3,0,0,0,0
1414,60,No,Travel_Rarely,1499,Research & Development,1,4,Life Sciences,1,3,Male,30,2,1,Research Scientist,3,Married,1009,2094,3,Y,No,25,3,3,80,2,40,2,3,0,0,0,0
1415,60,No,Travel_Rarely,1499,Research & Development,25,4,Medical,1,4,Male,30,3,1,Research Scientist,3,Married,1009,26999,4,Y,No,25,3,3,80,2,40,5,3,0,0,0,0
1416,60,Yes,Travel_Rarely,102,Sales,29,3,Medical,1,4,Male,30,3,2,Research Scientist,3,Married,1009,26999,4,Y,No,25,3,2,80,1,40,5,3,0,0,0,0
1417,20,No,Travel_Rarely,102,Sales,1,2,Life Sciences,1,3,Female,30,3,2,Manufacturing Director,4,Married,19999,2252,1,Y,No,11,3,3,80,0,39,2,3,40,18,0,17
1418,60,No,Travel_Rarely,1499,Research & Development,1,4,Life Sciences,1,4,Male,30,2,1,Research Scientist,4,Married,1009,26999,1,Y,No,25,3,2,80,1,0,3,3,0,0,0,0
1419,33,No,Travel_Rarely,852,Research & Development,1,4,Life Sciences,1,3,Female,88,3,2,Manufacturing Director,4,Single,5111,3827,1,Y,Yes,13,3,3,80,0,7,2,3,9,7,1,5
1420,60,No,Travel_Rarely,1499,Research & Development,1,5,Medical,1,4,Male,30,2,2,Sales Executive,4,Married,19999,22536,0,Y,No,11,4,2,80,1,40,3,2,40,0,15,0
1421,60,No,Travel_Rarely,1499,Sales,1,4,Life Sciences,1,3,Male,30,3,1,Research Scientist,3,Married,1009,26999,4,Y,No,11,3,3,80,2,40,2,3,0,0,0,0
1422,18,Yes,Travel_Rarely,102,Research & Development,1,1,Life Sciences,1,3,Female,30,3,1,Research Scientist,3,Married,19999,2094,1,Y,No,11,3,3,80,0,0,5,3,40,0,0,0
1423,18,Yes,Travel_Rarely,1499,Sales,1,3,Life Sciences,1,3,Male,30,3,1,Research Scientist,3,Single,1009,2094,1,Y,No,25,3,3,80,2,0,2,3,0,0,0,0
1424,60,Yes,Travel_Rarely,102,Research & Development,29,4,Medical,1,3,Female,99,2,3,Healthcare Representative,4,Married,1009,2094,1,Y,No,25,3,4,80,1,40,3,3,40,18,15,17
1425,60,No,Travel_Rarely,601,Research & Development,1,4,Medical,1,3,Female,30,3,2,Healthcare Representative,4,Married,19999,2094,1,Y,No,11,3,4,80,1,40,3,2,40,18,15,17
1426,60,No,Travel_Rarely,1499,Research & Development,1,4,Life Sciences,1,1,Female,99,2,1,Research Scientist,4,Married,1009,2094,8,Y,No,25,3,3,80,1,40,3,3,0,0,0,0
1427,60,No,Travel_Rarely,1499,Research & Development,1,1,Medical,1,4,Male,30,2,2,Sales Executive,4,Married,19999,26999,0,Y,No,11,3,4,80,3,40,3,2,40,18,15,0
1428,60,No,Travel_Rarely,1499,Research & Development,1,4,Life Sciences,1,1,Female,100,3,1,Research Scientist,3,Married,1009,2094,8,Y,No,25,3,3,80,1,40,2,3,0,0,0,0
1429,60,Yes,Travel_Rarely,1499,Sales,28,3,Life Sciences,1,3,Male,30,3,1,Research Scientist,3,Married,1009,26999,4,Y,No,25,3,3,80,1,40,5,3,0,0,0,0
1430,52,No,Travel_Rarely,600,Sales,28,4,Medical,1,4,Male,94,3,5,Manager,4,Married,19903,12024,1,Y,No,13,3,4,80,1,36,2,2,39,17,15,12
1431,60,Yes,Travel_Rarely,1499,Research & Development,29,4,Medical,1,4,Female,100,3,3,Healthcare Representative,4,Married,1009,2094,1,Y,No,11,3,4,80,1,40,3,2,40,0,15,17
1432,40,No,Travel_Rarely,102,Sales,1,2,Life Sciences,1,3,Female,30,3,2,Manufacturing Director,4,Married,19999,26999,1,Y,No,11,3,3,80,0,40,2,3,40,18,0,17
1433,53,No,Travel_Rarely,821,Sales,6,4,Medical,1,2,Male,30,2,4,Manager,4,Single,17117,13999,8,Y,No,11,3,4,80,0,39,2,3,28,10,15,8
1434,60,Yes,Travel_Rarely,102,Research & Development,29,4,Medical,1,4,Female,100,2,3,Healthcare Representative,4,Married,1009,2094,1,Y,No,11,3,4,80,1,40,3,2,40,18,15,17
1435,60,Yes,Travel_Rarely,102,Research & Development,29,4,Medical,1,3,Female,100,2,3,Manufacturing Director,4,Married,1009,2094,1,Y,No,11,3,4,80,1,40,3,2,40,18,15,17
1436,60,No,Travel_Rarely,1499,Research & Development,29,3,Medical,1,4,Male,30,3,2,Healthcare Representative,3,Married,1009,26999,2,Y,No,25,3,3,80,2,40,5,3,0,0,0,0
1437,60,No,Travel_Rarely,1499,Research & Development,1,4,Life Sciences,1,3,Male,30,2,1,Research Scientist,4,Married,1009,26999,8,Y,No,24,3,3,80,1,40,3,3,0,0,0,0
1438,60,No,Travel_Rarely,1499,Research & Development,1,4,Life Sciences,1,4,Male,30,3,1,Laboratory Technician,4,Married,19999,2094,0,Y,No,11,3,1,80,3,0,3,1,40,0,15,0
1439,60,No,Travel_Rarely,1499,Research & Development,1,1,Medical,1,4,Male,30,2,2,Research Scientist,4,Married,19999,26999,0,Y,No,11,3,2,80,3,40,3,1,40,0,15,0
1440,60,No,Travel_Rarely,153,Research & Development,1,1,Life Sciences,1,4,Male,30,1,3,Sales Representative,3,Married,1009,26999,1,Y,No,25,3,4,80,0,40,3,2,40,18,15,0
1441,60,No,Travel_Rarely,1180,Research & Development,1,1,Medical,1,3,Male,30,4,3,Manager,3,Married,19999,2094,0,Y,No,25,4,1,80,1,40,3,2,40,18,15,17
1442,60,Yes,Travel_Rarely,102,Research & Development,1,4,Medical,1,3,Female,30,3,3,Manufacturing Director,4,Married,1009,2094,1,Y,No,11,3,4,80,1,40,3,3,40,18,15,17
1443,46,No,Travel_Rarely,170,Sales,14,4,Marketing,1,1,Male,53,3,4,Manager,2,Married,11993,3970,1,Y,No,14,3,2,80,0,24,3,3,29,12,15,16
1444,18,No,Travel_Rarely,1499,Research & Development,1,4,Life Sciences,1,3,Female,30,3,1,Research Scientist,3,Married,1009,2094,8,Y,No,11,3,3,80,0,0,2,3,40,0,0,0
1445,38,No,Travel_Rarely,1495,Sales,1,4,Life Sciences,1,3,Female,30,3,2,Manufacturing Director,4,Married,19988,3392,1,Y,No,11,3,3,80,0,39,2,3,40,18,0,16
1446,60,Yes,Travel_Rarely,102,Research & Development,29,4,Medical,1,4,Female,30,2,3,Healthcare Representative,4,Married,1009,2094,1,Y,No,21,3,4,80,1,40,3,2,40,18,15,17
1447,35,No,Travel_Rarely,345,Research & Development,3,1,Life Sciences,1,3,Female,74,3,3,Research Director,3,Married,13395,5763,1,Y,No,25,4,3,80,1,10,6,3,12,9,14,8
1448,19,No,Travel_Rarely,102,Sales,1,4,Life Sciences,1,3,Female,30,3,2,Manufacturing Director,4,Married,19999,2094,1,Y,No,11,3,3,80,0,40,2,3,40,18,15,17
1449,60,Yes,Travel_Rarely,102,Research & Development,28,4,Medical,1,3,Female,99,3,3,Healthcare Representative,4,Married,1009,2094,1,Y,No,11,3,4,80,1,40,3,2,40,18,15,17
1450,18,No,Travel_Rarely,1499,Research & Development,1,4,Medical,1,4,Male,30,4,1,Laboratory Technician,4,Married,19999,2094,0,Y,No,25,3,1,80,3,0,3,1,39,0,0,0
1451,60,No,Travel_Rarely,1499,Research & Development,1,4,Life Sciences,1,4,Male,30,1,1,Research Scientist,4,Married,1009,26999,1,Y,No,25,3,2,80,1,0,3,2,0,0,0,0
1452,18,Yes,Travel_Rarely,164,Sales,1,3,Life Sciences,1,3,Male,30,2,1,Research Scientist,4,Married,1009,2094,1,Y,No,25,3,3,80,1,0,3,3,0,0,0,0
1453,60,No,Travel_Rarely,1499,Research & Development,1,3,Life Sciences,1,3,Male,30,2,1,Research Scientist,4,Married,1009,26999,1,Y,No,11,3,3,80,0,40,3,3,0,0,0,0
1454,18,Yes,Travel_Rarely,102,Sales,1,4,Life Sciences,1,3,Female,30,3,2,Manufacturing Director,4,Married,19999,2094,1,Y,No,11,3,3,80,0,0,2,3,40,18,0,17
1455,59,Yes,Travel_Rarely,102,Research & Development,1,4,Medical,1,3,Female,52,3,4,Manufacturing Director,4,Married,10378,2097,1,Y,No,11,3,4,80,1,40,3,2,40,17,15,1
1456,60,Yes,Travel_Rarely,1499,Research & Development,1,4,Medical,1,3,Female,30,3,5,Research Director,4,Married,19873,26999,1,Y,No,11,3,4,80,1,40,3,3,40,0,15,17
1457,60,Yes,Travel_Rarely,1499,Sales,29,1,Medical,1,4,Female,30,3,3,Laboratory Technician,4,Married,19999,26999,1,Y,No,11,3,2,80,0,40,3,3,40,18,15,0
1458,60,No,Travel_Rarely,1499,Research & Development,1,4,Medical,1,4,Male,30,4,1,Laboratory Technician,4,Married,19999,2094,0,Y,No,25,3,1,80,3,0,3,1,0,0,0,0
1459,60,Yes,Travel_Rarely,1499,Research & Development,29,3,Medical,1,4,Male,30,3,2,Healthcare Representative,3,Married,1009,2094,2,Y,No,25,3,3,80,2,40,2,3,0,0,0,0
1460,18,Yes,Travel_Rarely,102,Sales,1,1,Life Sciences,1,3,Female,30,3,2,Manufacturing Director,4,Married,19999,2094,1,Y,No,11,3,3,80,0,0,2,3,40,0,0,0
1461,18,Yes,Travel_Rarely,102,Sales,1,3,Life Sciences,1,3,Male,30,2,1,Research Scientist,3,Single,1009,2094,1,Y,No,25,3,3,80,2,0,2,3,0,0,0,0
1462,33,No,Travel_Frequently,1398,Sales,2,2,Medical,1,1,Male,70,2,2,Sales Executive,3,Married,6988,26366,1,Y,No,20,4,1,80,1,10,5,3,10,9,15,8
1463,60,No,Travel_Rarely,1499,Research & Development,1,3,Life Sciences,1,3,Male,30,2,1,Research Scientist,4,Married,1009,26999,1,Y,No,11,3,3,80,1,40,3,3,0,0,0,0
1464,41,No,Travel_Rarely,635,Sales,1,3,Life Sciences,1,4,Male,49,3,2,Sales Executive,4,Single,4391,8975,4,Y,No,14,3,4,80,0,13,2,3,7,3,0,7
1465,18,No,Travel_Rarely,102,Sales,1,4,Life Sciences,1,1,Male,100,3,1,Laboratory Technician,3,Single,19999,26999,1,Y,No,11,3,2,80,0,0,1,3,40,0,0,0
1466,60,No,Travel_Rarely,1499,Research & Development,1,4,Life Sciences,1,1,Female,99,3,1,Research Scientist,3,Married,1009,2094,8,Y,No,25,3,3,80,2,40,3,3,0,0,0,0
1467,60,No,Travel_Rarely,1499,Research & Development,1,4,Life Sciences,1,1,Male,30,2,1,Research Scientist,4,Married,1009,2094,3,Y,No,25,3,3,80,2,40,2,3,0,0,0,0
1468,60,No,Travel_Rarely,102,Research & Development,1,2,Life Sciences,1,1,Female,30,2,2,Sales Executive,4,Married,19999,26999,1,Y,No,11,3,3,80,1,40,1,3,40,0,15,17
1469,18,Yes,Travel_Rarely,1499,Sales,1,3,Other,1,4,Male,30,3,1,Research Scientist,3,Married,1009,2094,2,Y,No,25,3,3,80,2,40,2,3,0,0,0,0
