Unnamed: 0,Age,Attrition,BusinessTravel,DailyRate,Department,DistanceFromHome,Education,EducationField,EmployeeCount,EnvironmentSatisfaction,Gender,HourlyRate,JobInvolvement,JobLevel,JobRole,JobSatisfaction,MaritalStatus,MonthlyIncome,MonthlyRate,NumCompaniesWorked,Over18,OverTime,PercentSalaryHike,PerformanceRating,RelationshipSatisfaction,StandardHours,StockOptionLevel,TotalWorkingYears,TrainingTimesLastYear,WorkLifeBalance,YearsAtCompany,YearsInCurrentRole,YearsSinceLastPromotion,YearsWithCurrManager
0,23,No,Travel_Rarely,212,Research & Development,2,3,Life Sciences,1,3,Male,36,3,1,Laboratory Technician,4,Married,2101,3313,1,Y,No,22,4,4,80,0,6,2,3,3,2,2,2
1,55,No,Travel_Rarely,1499,Research & Development,2,3,Life Sciences,1,4,Male,69,3,5,Manager,4,Married,19999,21910,3,Y,No,25,4,3,80,1,22,3,3,3,0,0,0
2,39,No,Travel_Rarely,1274,Sales,6,3,Life Sciences,1,3,Male,98,3,3,Sales Executive,4,Divorced,10927,4987,1,Y,No,12,3,4,80,1,25,2,3,17,8,13,8
3,25,No,Travel_Rarely,1499,Sales,8,3,Life Sciences,1,4,Male,96,3,1,Sales Representative,4,Single,2323,9519,1,Y,No,11,3,4,80,0,1,2,3,2,0,0,0
4,29,No,Travel_Rarely,1264,Research & Development,2,3,Life Sciences,1,4,Male,94,3,1,Laboratory Technician,3,Married,2859,2604,3,Y,No,14,3,3,80,1,6,2,2,6,2,1,2
5,33,No,Travel_Rarely,1297,Sales,9,3,Life Sciences,1,3,Male,93,3,1,Sales Representative,4,Married,3025,4144,1,Y,No,19,4,4,80,1,6,2,3,5,3,0,3
6,40,Yes,Travel_Rarely,1439,Research & Development,1,3,Life Sciences,1,1,Male,46,3,1,Research Scientist,3,Single,3317,22639,2,Y,Yes,17,3,4,80,0,4,2,3,0,2,2,2
7,55,No,Travel_Rarely,1375,Research & Development,2,3,Life Sciences,1,4,Male,93,3,4,Healthcare Representative,3,Married,11909,23767,3,Y,No,12,3,3,80,0,30,2,3,4,4,1,4
8,40,No,Travel_Rarely,600,Research & Development,2,4,Life Sciences,1,1,Male,74,3,3,Sales Executive,4,Single,9323,21803,3,Y,No,18,4,3,80,0,10,2,3,8,6,0,7
9,25,No,Travel_Rarely,1246,Research & Development,1,3,Medical,1,3,Male,73,3,1,Research Scientist,4,Married,3047,7293,1,Y,No,20,3,3,80,1,0,2,3,3,0,0,1
10,29,Yes,Travel_Rarely,1218,Research & Development,2,3,Medical,1,3,Male,43,3,1,Laboratory Technician,3,Married,2683,5912,1,Y,No,12,3,3,80,0,4,2,3,3,0,0,1
11,45,No,Travel_Rarely,1308,Research & Development,2,3,Life Sciences,1,3,Male,81,3,1,Research Scientist,3,Married,2500,8470,2,Y,No,11,3,3,80,1,4,2,3,4,2,0,2
12,26,No,Travel_Rarely,981,Sales,7,3,Life Sciences,1,3,Male,75,3,2,Sales Executive,3,Married,5454,2094,1,Y,No,11,3,4,80,0,4,2,3,0,0,0,1
13,31,No,Travel_Rarely,1091,Research & Development,1,3,Life Sciences,1,3,Male,83,3,1,Research Scientist,4,Married,3089,3906,1,Y,No,16,4,3,80,1,4,3,3,3,2,0,2
14,34,No,Travel_Rarely,1045,Research & Development,5,3,Life Sciences,1,3,Male,71,3,1,Research Scientist,4,Married,2668,24475,1,Y,No,21,3,3,80,1,6,2,3,3,2,0,3
15,55,No,Travel_Rarely,824,Research & Development,10,3,Life Sciences,1,4,Male,81,3,5,Manager,4,Married,19634,23065,3,Y,No,20,3,3,80,1,26,2,3,5,0,0,0
16,41,No,Travel_Rarely,1210,Research & Development,9,3,Life Sciences,1,3,Male,100,3,3,Healthcare Representative,3,Married,12140,20813,3,Y,No,18,3,4,80,1,27,2,3,3,2,0,2
17,34,Yes,Travel_Rarely,363,Research & Development,1,3,Life Sciences,1,1,Male,73,3,1,Research Scientist,4,Single,3358,2699,4,Y,No,14,3,3,80,0,5,2,3,1,0,0,0
18,27,No,Travel_Rarely,1286,Research & Development,2,3,Medical,1,3,Male,87,3,1,Laboratory Technician,3,Married,3791,7184,1,Y,No,19,3,4,80,1,4,2,3,4,2,1,2
19,31,No,Travel_Rarely,1213,Research & Development,6,2,Life Sciences,1,2,Male,65,3,2,Research Scientist,4,Married,3416,22712,1,Y,No,17,4,3,80,1,9,3,3,10,7,3,8
20,45,No,Travel_Rarely,1361,Research & Development,3,4,Life Sciences,1,1,Male,33,3,3,Healthcare Representative,3,Married,8672,24509,3,Y,No,15,3,4,80,0,9,2,3,8,7,0,8
21,48,No,Travel_Rarely,1292,Sales,3,4,Life Sciences,1,1,Male,34,3,3,Sales Executive,3,Single,8921,2096,2,Y,No,13,3,4,80,0,12,2,3,10,7,0,7
22,60,No,Travel_Rarely,308,Research & Development,2,3,Life Sciences,1,3,Male,91,3,4,Healthcare Representative,1,Married,5864,24931,1,Y,No,12,3,4,80,1,29,2,3,28,7,12,9
23,43,No,Travel_Rarely,1452,Research & Development,7,3,Life Sciences,1,4,Male,64,3,4,Research Director,3,Divorced,18631,2094,3,Y,No,16,3,3,80,1,23,3,3,19,8,0,7
24,22,No,Travel_Rarely,1016,Research & Development,1,3,Medical,1,1,Male,83,3,1,Research Scientist,4,Single,1678,6731,4,Y,No,12,3,3,80,0,5,2,3,2,2,0,0
25,50,No,Travel_Rarely,1499,Research & Development,11,4,Life Sciences,1,3,Male,86,3,2,Research Scientist,3,Married,5882,7400,1,Y,No,11,3,4,80,1,16,3,3,5,0,0,0
26,57,No,Travel_Rarely,1171,Sales,3,4,Life Sciences,1,3,Male,30,3,3,Sales Executive,1,Married,11397,24717,4,Y,No,12,3,4,80,1,19,2,3,4,2,2,2
27,29,No,Travel_Rarely,1499,Sales,8,2,Life Sciences,1,2,Male,42,3,1,Sales Representative,4,Married,2200,6480,1,Y,No,22,3,4,80,1,4,2,3,3,0,0,1
28,54,No,Travel_Rarely,1180,Research & Development,2,3,Medical,1,3,Male,93,3,4,Manager,3,Married,18190,21821,4,Y,No,11,3,4,80,1,24,2,3,22,7,10,16
29,25,No,Travel_Rarely,1151,Research & Development,1,3,Life Sciences,1,4,Male,95,3,1,Laboratory Technician,4,Single,3724,21357,1,Y,No,14,3,4,80,0,6,3,3,4,3,0,3
30,57,No,Travel_Rarely,1387,Sales,3,3,Medical,1,3,Male,84,3,4,Manager,1,Married,16044,7341,1,Y,No,11,3,4,80,1,20,2,3,28,7,7,7
31,33,No,Travel_Rarely,1368,Sales,9,3,Life Sciences,1,3,Male,37,3,3,Sales Executive,4,Married,5625,2094,1,Y,No,21,3,4,80,1,9,2,3,9,8,6,8
32,27,No,Travel_Rarely,314,Research & Development,4,3,Life Sciences,1,3,Male,50,3,1,Research Scientist,3,Single,3182,4039,1,Y,No,13,3,4,80,0,7,2,3,5,2,0,3
33,50,No,Travel_Rarely,1454,Sales,2,4,Life Sciences,1,1,Male,80,3,4,Manager,4,Married,16872,6210,2,Y,No,13,3,3,80,1,39,2,3,2,0,0,0
34,22,No,Travel_Rarely,1499,Research & Development,11,1,Life Sciences,1,4,Male,38,3,2,Laboratory Technician,3,Single,5782,5964,1,Y,No,11,3,4,80,0,8,3,3,5,3,1,3
35,35,No,Travel_Rarely,1314,Research & Development,7,3,Life Sciences,1,4,Male,64,3,2,Healthcare Representative,4,Married,4416,22315,1,Y,No,12,3,1,80,1,9,3,3,10,7,0,8
36,36,No,Travel_Rarely,1499,Sales,6,4,Marketing,1,3,Male,37,3,2,Sales Executive,4,Married,4241,4499,1,Y,No,13,3,4,80,1,8,2,3,8,7,7,7
37,50,No,Travel_Rarely,1350,Research & Development,10,3,Life Sciences,1,4,Female,49,3,4,Research Director,3,Married,19739,19550,3,Y,No,20,3,4,80,0,26,3,3,18,16,11,10
38,49,No,Travel_Rarely,1306,Research & Development,3,4,Life Sciences,1,4,Male,65,3,2,Research Scientist,3,Married,5524,8202,3,Y,No,20,3,2,80,0,9,2,3,1,2,0,2
39,37,No,Travel_Rarely,1445,Sales,6,3,Marketing,1,3,Male,60,3,2,Sales Executive,4,Married,5709,22346,0,Y,No,23,3,3,80,1,10,3,3,6,3,0,3
40,55,No,Travel_Rarely,1305,Sales,1,3,Life Sciences,1,1,Male,35,3,5,Manager,3,Married,19999,24756,5,Y,No,12,3,3,80,0,36,2,3,26,3,1,1
41,24,Yes,Travel_Rarely,298,Sales,11,3,Life Sciences,1,3,Male,85,3,1,Human Resources,1,Married,1935,23270,4,Y,No,23,3,3,80,1,3,2,3,1,0,0,0
42,37,No,Travel_Rarely,1403,Research & Development,5,4,Life Sciences,1,4,Female,33,3,2,Manufacturing Director,3,Married,5794,19540,2,Y,No,13,3,3,80,1,7,2,3,4,3,0,2
43,38,No,Travel_Rarely,1149,Research & Development,9,3,Life Sciences,1,3,Male,87,3,1,Research Scientist,3,Married,3049,13715,1,Y,No,18,3,3,80,1,3,2,3,5,0,0,0
44,33,No,Travel_Rarely,1319,Research & Development,2,3,Medical,1,3,Male,97,3,1,Laboratory Technician,3,Single,5525,7049,1,Y,No,12,3,4,80,0,5,2,3,4,2,1,0
45,28,No,Travel_Rarely,1380,Research & Development,6,4,Life Sciences,1,3,Male,35,3,2,Manufacturing Director,4,Single,5692,3718,1,Y,No,25,4,4,80,0,11,2,3,10,9,3,7
46,51,No,Travel_Rarely,1499,Research & Development,3,3,Life Sciences,1,3,Male,32,3,4,Manager,2,Married,15899,6699,2,Y,No,11,3,4,80,1,26,2,3,6,4,1,7
47,50,No,Travel_Rarely,1233,Research & Development,9,3,Medical,1,3,Male,71,3,2,Healthcare Representative,3,Married,4855,23028,4,Y,No,12,3,3,80,1,10,3,3,6,1,0,0
48,29,No,Travel_Rarely,1499,Research & Development,8,1,Life Sciences,1,3,Male,74,3,1,Laboratory Technician,4,Married,2836,26075,1,Y,No,19,4,4,80,0,6,2,3,2,2,0,2
49,35,No,Travel_Rarely,1398,Sales,8,4,Life Sciences,1,3,Male,82,3,2,Sales Executive,4,Divorced,4941,24653,4,Y,No,17,3,3,80,1,11,2,3,5,2,0,1
50,31,No,Travel_Rarely,1313,Research & Development,12,2,Life Sciences,1,4,Male,77,3,2,Laboratory Technician,3,Married,5389,5751,2,Y,No,14,3,3,80,1,8,2,3,1,0,0,0
51,30,No,Travel_Rarely,1234,Research & Development,1,3,Medical,1,3,Male,99,3,1,Research Scientist,4,Married,2850,2794,1,Y,No,12,3,3,80,1,5,2,3,5,2,0,2
52,26,No,Travel_Rarely,1278,Research & Development,8,3,Life Sciences,1,3,Male,80,3,1,Laboratory Technician,3,Married,2547,23200,2,Y,No,19,3,4,80,0,4,2,3,1,2,2,2
53,26,No,Travel_Rarely,1060,Research & Development,3,3,Medical,1,3,Male,64,3,1,Research Scientist,4,Married,2346,9112,1,Y,No,22,3,3,80,0,4,2,3,4,2,2,2
54,59,No,Travel_Rarely,407,Sales,8,4,Marketing,1,3,Male,74,3,3,Sales Executive,4,Married,6545,9012,1,Y,No,11,3,4,80,1,20,2,3,9,8,8,8
55,32,No,Travel_Rarely,1493,Research & Development,3,3,Life Sciences,1,3,Male,46,3,1,Research Scientist,4,Married,4662,3764,1,Y,No,19,3,4,80,1,6,2,3,6,4,0,4
56,28,No,Travel_Rarely,241,Research & Development,3,3,Medical,1,3,Male,78,2,1,Laboratory Technician,4,Single,3003,9172,1,Y,No,12,3,3,80,0,0,2,2,0,0,0,1
57,26,No,Travel_Rarely,1278,Research & Development,25,3,Life Sciences,1,3,Female,45,3,2,Manufacturing Director,4,Married,6152,26999,1,Y,No,25,4,3,80,1,7,2,3,9,7,1,8
58,40,No,Travel_Rarely,1376,Sales,12,4,Life Sciences,1,3,Male,39,3,2,Sales Executive,3,Married,6408,7169,2,Y,No,13,3,4,80,1,10,2,3,8,0,0,0
59,60,No,Travel_Rarely,1358,Research & Development,8,3,Life Sciences,1,3,Male,59,3,5,Research Director,3,Married,19237,6641,1,Y,No,12,3,4,80,1,26,2,3,36,8,14,7
60,32,No,Travel_Rarely,553,Sales,8,3,Marketing,1,3,Male,40,3,1,Sales Executive,2,Married,2328,5074,1,Y,No,14,3,4,80,0,5,3,3,1,0,0,0
61,43,No,Travel_Rarely,1400,Research & Development,3,3,Medical,1,3,Male,66,3,1,Research Scientist,3,Married,4789,6373,1,Y,No,12,3,3,80,1,2,2,3,6,2,1,2
62,39,No,Travel_Rarely,1365,Research & Development,4,3,Life Sciences,1,4,Male,44,3,2,Healthcare Representative,3,Married,6766,26999,2,Y,No,13,3,4,80,0,11,2,3,5,3,0,4
63,23,No,Travel_Rarely,1350,Sales,9,3,Life Sciences,1,3,Male,68,3,2,Sales Executive,4,Married,4151,24160,1,Y,No,12,3,3,80,1,8,2,3,2,3,0,4
64,58,No,Travel_Rarely,622,Research & Development,1,3,Medical,1,1,Male,71,3,1,Research Scientist,4,Married,1313,6052,4,Y,No,15,3,3,80,1,4,2,3,1,0,0,0
65,25,No,Travel_Rarely,1418,Research & Development,2,3,Life Sciences,1,3,Male,92,3,1,Laboratory Technician,4,Married,2293,3932,1,Y,No,20,3,4,80,1,3,2,3,2,2,0,2
66,36,No,Travel_Rarely,1339,Research & Development,9,3,Medical,1,3,Male,72,3,1,Research Scientist,3,Married,2740,11074,1,Y,No,11,3,3,80,1,8,2,2,6,3,1,4
67,33,No,Travel_Rarely,573,Sales,3,4,Life Sciences,1,2,Male,98,3,2,Sales Executive,3,Single,5591,22773,1,Y,No,15,3,4,80,0,10,2,3,7,8,0,7
68,35,No,Travel_Rarely,1328,Research & Development,2,3,Life Sciences,1,3,Male,32,3,1,Laboratory Technician,3,Married,5361,19613,2,Y,No,23,3,4,80,1,3,2,3,2,2,2,2
69,31,No,Travel_Rarely,1172,Research & Development,1,3,Life Sciences,1,3,Male,74,3,2,Laboratory Technician,4,Married,4505,5106,4,Y,No,21,3,3,80,1,7,2,3,4,2,0,2
70,38,No,Travel_Rarely,940,Sales,1,3,Life Sciences,1,3,Male,36,3,1,Human Resources,3,Married,5363,19031,2,Y,No,11,3,4,80,0,3,2,3,1,2,2,2
71,29,No,Travel_Rarely,1385,Research & Development,1,3,Life Sciences,1,4,Male,97,3,1,Research Scientist,3,Married,2572,2094,1,Y,No,14,3,3,80,0,2,2,3,5,2,1,2
72,37,No,Travel_Rarely,1499,Research & Development,7,3,Life Sciences,1,3,Male,65,3,2,Sales Executive,4,Married,4919,4659,1,Y,No,16,3,3,80,1,8,3,3,9,0,0,1
73,33,No,Travel_Rarely,1298,Research & Development,1,3,Medical,1,3,Male,78,3,1,Research Scientist,3,Married,2590,3151,1,Y,No,12,3,3,80,1,8,2,3,2,0,0,0
74,38,No,Travel_Rarely,243,Sales,11,3,Marketing,1,2,Male,42,3,2,Sales Executive,4,Married,5038,5739,1,Y,No,12,3,1,80,1,5,2,3,11,3,0,2
75,32,No,Travel_Rarely,711,Research & Development,10,3,Life Sciences,1,3,Male,95,3,3,Healthcare Representative,4,Married,7010,21797,2,Y,No,11,3,4,80,0,7,2,3,10,7,6,9
76,26,No,Travel_Rarely,1451,Research & Development,2,4,Life Sciences,1,4,Male,90,3,2,Laboratory Technician,3,Married,4500,6703,3,Y,No,14,3,4,80,1,9,3,3,10,3,0,7
77,28,No,Travel_Rarely,1203,Research & Development,7,3,Life Sciences,1,4,Male,69,3,1,Research Scientist,4,Married,2527,6653,1,Y,No,13,3,3,80,0,3,3,3,6,2,0,4
78,28,No,Travel_Rarely,1363,Sales,4,3,Life Sciences,1,2,Male,46,3,2,Sales Executive,3,Single,5854,17079,1,Y,No,11,3,4,80,0,3,2,3,8,7,0,8
79,39,No,Travel_Rarely,1260,Sales,9,3,Life Sciences,1,3,Male,67,3,2,Sales Executive,4,Married,5265,26999,1,Y,No,12,3,4,80,1,9,2,3,17,11,13,8
80,36,No,Travel_Rarely,738,Research & Development,1,4,Life Sciences,1,1,Male,80,3,1,Research Scientist,3,Married,4139,2094,2,Y,No,13,3,3,80,0,9,2,3,2,2,2,2
81,57,No,Travel_Rarely,622,Research & Development,4,4,Life Sciences,1,4,Female,80,3,2,Research Scientist,1,Married,2267,25814,3,Y,No,13,3,3,80,1,8,3,3,9,6,1,8
82,27,No,Travel_Rarely,1404,Research & Development,2,3,Medical,1,4,Male,89,3,1,Research Scientist,3,Married,2591,7045,1,Y,No,13,3,3,80,1,2,2,3,6,2,1,4
83,47,No,Travel_Rarely,1116,Research & Development,8,4,Life Sciences,1,4,Male,75,3,3,Research Director,3,Married,12075,23924,2,Y,No,20,3,3,80,1,24,2,3,2,0,2,2
84,58,No,Travel_Rarely,1236,Research & Development,9,4,Life Sciences,1,4,Female,74,3,2,Research Scientist,4,Married,2693,19664,3,Y,No,22,4,3,80,0,11,3,3,9,6,0,7
85,54,No,Travel_Rarely,1382,Sales,3,3,Life Sciences,1,3,Male,36,3,3,Sales Executive,1,Married,9559,2720,2,Y,No,11,3,4,80,1,10,2,3,5,3,1,3
86,53,No,Travel_Rarely,1188,Research & Development,1,4,Life Sciences,1,4,Male,71,3,1,Research Scientist,4,Married,3281,5867,4,Y,No,21,3,3,80,1,10,2,3,3,2,0,2
87,52,No,Travel_Rarely,1042,Research & Development,9,4,Life Sciences,1,3,Male,69,3,3,Manufacturing Director,4,Single,8682,26999,2,Y,No,11,3,3,80,0,13,2,3,6,3,0,0
88,24,No,Travel_Rarely,1145,Research & Development,8,1,Life Sciences,1,3,Male,43,3,2,Manufacturing Director,4,Married,4964,7659,1,Y,No,23,3,4,80,1,3,3,3,4,5,1,4
89,49,No,Travel_Rarely,1079,Sales,8,3,Life Sciences,1,4,Female,72,3,3,Sales Executive,4,Divorced,12281,24564,1,Y,No,24,3,3,80,1,12,3,3,18,7,12,9
90,45,No,Travel_Rarely,846,Research & Development,2,3,Life Sciences,1,3,Male,67,3,2,Manufacturing Director,4,Married,6433,21312,1,Y,No,24,3,3,80,1,23,2,3,13,10,12,13
91,28,No,Travel_Rarely,1220,Research & Development,1,3,Medical,1,3,Male,92,3,1,Laboratory Technician,3,Married,1092,4390,1,Y,No,11,3,4,80,1,3,2,3,1,2,0,2
92,39,No,Travel_Rarely,199,Research & Development,3,3,Medical,1,3,Male,47,3,1,Research Scientist,3,Single,1080,24389,0,Y,No,11,3,4,80,0,7,3,3,2,2,2,2
93,33,No,Travel_Rarely,1303,Research & Development,1,3,Life Sciences,1,4,Female,39,3,2,Healthcare Representative,3,Married,6145,19276,2,Y,No,14,3,4,80,1,9,2,3,5,4,1,3
94,32,No,Travel_Rarely,252,Research & Development,3,4,Life Sciences,1,3,Male,67,3,2,Healthcare Representative,4,Single,5119,24556,4,Y,No,11,3,4,80,0,10,2,3,9,7,0,7
95,38,No,Travel_Rarely,1478,Research & Development,7,3,Life Sciences,1,3,Male,74,3,1,Laboratory Technician,4,Married,5134,21667,1,Y,No,19,3,3,80,0,4,3,3,4,4,0,3
96,28,No,Travel_Rarely,1334,Research & Development,5,3,Life Sciences,1,4,Male,43,3,2,Sales Executive,3,Married,7914,5591,1,Y,No,18,3,2,80,1,5,2,3,2,2,0,2
97,37,No,Travel_Rarely,360,Sales,12,4,Marketing,1,3,Male,80,3,2,Sales Executive,4,Married,6316,5075,1,Y,No,21,3,3,80,0,17,3,3,9,0,0,8
98,46,No,Travel_Rarely,1264,Research & Development,2,3,Life Sciences,1,3,Male,77,3,3,Manager,4,Married,8080,5795,1,Y,No,22,4,4,80,1,23,3,3,19,14,10,14
99,34,No,Travel_Rarely,1164,Research & Development,2,4,Life Sciences,1,3,Male,100,3,1,Laboratory Technician,3,Married,2116,7178,1,Y,No,14,3,4,80,1,9,2,3,8,1,0,0
100,42,No,Travel_Rarely,1372,Sales,8,4,Marketing,1,2,Male,87,3,3,Sales Executive,4,Married,10527,10726,1,Y,No,13,3,4,80,1,9,2,3,8,6,7,8
101,48,No,Travel_Rarely,333,Sales,1,4,Marketing,1,4,Female,66,3,3,Sales Executive,4,Married,11331,6056,1,Y,No,19,4,3,80,1,10,3,3,10,7,7,8
102,41,No,Travel_Rarely,1226,Research & Development,2,3,Life Sciences,1,4,Male,95,3,2,Research Scientist,3,Married,2261,6134,1,Y,No,14,3,4,80,1,10,3,3,7,7,7,7
103,28,No,Travel_Rarely,1359,Research & Development,3,3,Life Sciences,1,4,Male,95,3,1,Laboratory Technician,3,Single,1009,9867,1,Y,No,13,3,3,80,0,0,2,3,0,0,0,0
104,29,No,Travel_Rarely,1251,Research & Development,1,3,Life Sciences,1,4,Male,76,3,1,Laboratory Technician,4,Single,1668,20141,1,Y,No,13,3,3,80,0,0,3,3,3,0,0,0
105,40,No,Travel_Rarely,1253,Research & Development,2,4,Life Sciences,1,4,Male,64,3,1,Research Scientist,3,Married,4687,2756,3,Y,No,15,3,3,80,0,9,2,3,4,4,1,4
106,26,No,Travel_Rarely,1219,Sales,7,3,Life Sciences,1,4,Male,37,3,2,Sales Executive,4,Married,3460,7301,1,Y,No,21,4,1,80,0,4,3,3,11,7,0,8
107,42,No,Travel_Rarely,950,Research & Development,2,4,Life Sciences,1,1,Male,71,3,1,Research Scientist,4,Married,3014,5855,3,Y,No,24,4,3,80,0,12,2,3,6,2,0,2
108,29,Yes,Travel_Rarely,257,Research & Development,6,3,Life Sciences,1,3,Male,70,3,1,Laboratory Technician,3,Single,3509,23535,6,Y,No,11,3,3,80,0,2,2,3,1,0,0,0
109,38,No,Travel_Rarely,1463,Research & Development,1,3,Life Sciences,1,4,Male,41,3,2,Laboratory Technician,3,Single,5185,2182,1,Y,No,14,3,4,80,0,6,3,3,4,4,1,3
110,50,No,Travel_Rarely,297,Sales,7,3,Life Sciences,1,3,Female,33,3,3,Sales Executive,4,Married,11028,25490,1,Y,No,15,3,4,80,0,10,2,3,13,7,11,12
111,39,No,Travel_Rarely,308,Research & Development,6,4,Life Sciences,1,2,Male,77,3,2,Sales Executive,4,Married,3928,19478,1,Y,No,21,3,4,80,0,11,2,3,9,7,0,7
112,20,Yes,Travel_Rarely,744,Research & Development,1,3,Life Sciences,1,1,Male,89,3,1,Laboratory Technician,4,Single,1826,22670,1,Y,Yes,12,3,3,80,0,5,2,3,3,2,0,2
113,28,No,Travel_Rarely,1248,Research & Development,7,1,Medical,1,4,Male,39,3,1,Research Scientist,4,Single,1768,20481,1,Y,No,14,3,3,80,0,1,3,3,3,2,1,2
114,51,No,Travel_Rarely,1402,Research & Development,3,4,Life Sciences,1,4,Female,81,3,3,Healthcare Representative,4,Married,11949,6861,3,Y,No,21,3,2,80,1,10,3,3,11,14,4,8
115,36,No,Travel_Rarely,1419,Research & Development,9,4,Life Sciences,1,2,Male,37,3,2,Laboratory Technician,3,Single,4235,21079,1,Y,No,14,3,4,80,0,10,2,3,9,1,0,8
116,35,No,Travel_Rarely,378,Sales,9,3,Marketing,1,3,Male,44,3,2,Sales Executive,4,Married,4508,9101,1,Y,No,12,3,1,80,1,8,3,3,6,4,1,4
117,43,No,Travel_Rarely,1423,Research & Development,3,4,Life Sciences,1,4,Male,77,3,1,Research Scientist,3,Married,2575,3452,1,Y,No,14,3,3,80,1,2,2,3,5,2,1,2
118,43,No,Travel_Rarely,1499,Research & Development,3,4,Life Sciences,1,4,Male,100,3,2,Research Scientist,4,Married,5450,4799,1,Y,No,14,3,4,80,0,10,2,3,9,8,6,8
119,31,No,Travel_Rarely,1193,Research & Development,8,3,Life Sciences,1,3,Male,95,3,3,Healthcare Representative,4,Married,6091,6069,1,Y,No,13,3,4,80,1,14,2,3,8,9,7,7
120,51,No,Travel_Rarely,413,Sales,1,3,Life Sciences,1,3,Male,30,3,3,Sales Executive,4,Married,12561,22028,1,Y,No,12,3,4,80,1,33,2,3,15,7,13,8
121,18,Yes,Travel_Rarely,1072,Research & Development,2,3,Life Sciences,1,4,Male,93,3,1,Laboratory Technician,3,Single,1876,19664,1,Y,No,13,3,3,80,0,2,2,3,1,0,0,2
122,41,No,Travel_Rarely,1443,Sales,11,3,Marketing,1,3,Male,74,3,2,Sales Executive,4,Married,5567,9366,0,Y,No,13,3,3,80,1,10,3,3,6,3,0,4
123,36,No,Travel_Rarely,1499,Sales,8,3,Medical,1,3,Male,100,3,1,Sales Representative,3,Divorced,2392,3964,1,Y,No,11,3,4,80,1,1,2,3,4,2,0,2
124,51,No,Travel_Rarely,279,Research & Development,2,3,Life Sciences,1,3,Female,48,3,2,Manufacturing Director,4,Single,4743,22756,1,Y,No,23,4,4,80,0,9,3,3,9,7,4,8
125,44,No,Travel_Rarely,1326,Research & Development,11,3,Life Sciences,1,4,Male,54,3,2,Manufacturing Director,4,Single,10496,19264,1,Y,No,24,3,4,80,0,10,2,3,9,7,0,6
126,31,No,Travel_Rarely,1348,Sales,5,3,Marketing,1,3,Male,87,3,2,Sales Executive,4,Single,5687,26999,7,Y,No,11,3,3,80,0,15,3,3,2,0,0,0
127,28,No,Travel_Rarely,1188,Research & Development,2,3,Life Sciences,1,3,Male,86,3,1,Laboratory Technician,4,Married,2175,21138,1,Y,No,22,4,4,80,1,9,2,3,9,1,1,7
128,31,No,Travel_Rarely,102,Sales,11,3,Marketing,1,2,Male,45,2,3,Sales Executive,4,Married,11013,21472,1,Y,No,12,3,4,80,0,9,2,3,9,7,15,6
129,56,No,Travel_Rarely,1206,Sales,2,3,Marketing,1,3,Male,48,3,4,Sales Executive,4,Married,18187,4865,1,Y,No,11,3,4,80,1,25,2,3,22,7,12,12
130,34,No,Travel_Rarely,1499,Research & Development,3,4,Life Sciences,1,1,Male,46,3,1,Laboratory Technician,3,Single,1851,2636,2,Y,No,14,3,4,80,0,27,2,3,0,0,0,0
131,42,No,Travel_Rarely,1184,Sales,2,4,Life Sciences,1,1,Male,39,3,2,Sales Executive,4,Married,5136,18638,4,Y,No,13,3,3,80,0,15,2,3,1,0,0,0
132,37,No,Travel_Rarely,1176,Research & Development,10,3,Life Sciences,1,4,Male,51,3,1,Research Scientist,4,Married,2815,24958,1,Y,No,24,3,3,80,0,11,3,3,9,6,5,8
133,43,No,Travel_Rarely,1213,Research & Development,8,4,Life Sciences,1,3,Male,82,3,2,Human Resources,4,Married,5470,6263,4,Y,No,20,3,4,80,1,17,2,3,2,1,0,2
134,39,No,Travel_Rarely,1195,Research & Development,2,4,Life Sciences,1,3,Male,91,3,1,Research Scientist,3,Married,1570,2371,4,Y,No,13,3,3,80,1,6,2,3,1,0,0,0
135,38,No,Travel_Rarely,1278,Sales,6,3,Marketing,1,3,Male,79,3,2,Sales Executive,4,Married,4924,24843,1,Y,No,11,3,3,80,1,7,3,3,3,3,0,4
136,54,No,Travel_Rarely,1418,Research & Development,9,3,Life Sciences,1,4,Female,81,3,3,Research Director,3,Married,10749,24202,3,Y,No,12,3,3,80,1,16,3,3,19,8,1,10
137,55,No,Travel_Rarely,1499,Research & Development,3,4,Life Sciences,1,4,Male,48,3,2,Research Scientist,3,Married,6091,6361,3,Y,No,12,3,2,80,0,9,3,3,6,2,0,4
138,27,No,Travel_Rarely,1467,Sales,2,4,Life Sciences,1,3,Male,35,3,3,Sales Executive,4,Married,9403,7385,3,Y,No,23,4,4,80,0,11,2,3,10,10,4,6
139,35,No,Travel_Rarely,1458,Research & Development,3,3,Medical,1,4,Male,49,3,1,Research Scientist,3,Married,4060,3039,2,Y,No,13,3,4,80,0,7,2,3,7,2,1,4
140,48,No,Travel_Rarely,1314,Research & Development,3,3,Life Sciences,1,3,Male,77,3,1,Laboratory Technician,3,Married,3059,25029,2,Y,No,15,3,3,80,1,2,2,3,2,0,0,0
141,45,No,Travel_Rarely,1454,Research & Development,8,3,Life Sciences,1,3,Male,75,3,3,Healthcare Representative,4,Married,8893,24487,3,Y,No,11,3,3,80,0,27,2,3,9,7,0,7
142,51,No,Travel_Rarely,188,Sales,23,4,Marketing,1,1,Male,60,3,3,Sales Executive,4,Married,4489,9288,4,Y,No,14,3,3,80,0,21,2,3,0,0,0,0
143,36,No,Travel_Rarely,407,Human Resources,2,3,Human Resources,1,1,Male,51,3,2,Human Resources,3,Married,5621,3219,4,Y,No,13,3,3,80,1,9,2,3,6,2,0,2
144,32,No,Travel_Rarely,1277,Sales,7,3,Marketing,1,2,Male,43,3,2,Sales Executive,3,Single,3710,4396,1,Y,No,14,3,4,80,0,7,2,3,9,7,0,9
145,30,No,Travel_Rarely,1212,Sales,3,3,Life Sciences,1,4,Male,83,3,2,Sales Executive,3,Married,5962,23559,1,Y,No,19,3,3,80,0,4,3,3,5,2,0,2
146,20,No,Travel_Rarely,1436,Sales,8,3,Life Sciences,1,3,Male,30,3,3,Sales Executive,4,Married,11803,6435,1,Y,No,21,4,4,80,1,10,3,3,11,9,11,5
147,37,No,Travel_Rarely,1408,Research & Development,8,4,Life Sciences,1,3,Male,73,3,2,Research Scientist,4,Married,4964,23455,1,Y,No,19,4,3,80,1,9,3,3,8,8,0,8
148,30,No,Travel_Rarely,1357,Research & Development,6,3,Life Sciences,1,3,Male,91,3,2,Manufacturing Director,4,Married,4454,26463,1,Y,No,24,4,1,80,0,7,2,3,4,4,0,3
149,35,No,Travel_Rarely,595,Research & Development,4,4,Life Sciences,1,3,Male,97,3,3,Healthcare Representative,3,Married,7182,6089,3,Y,No,15,3,4,80,1,26,2,3,10,7,0,8
150,35,No,Travel_Rarely,1315,Research & Development,26,3,Life Sciences,1,3,Male,81,3,2,Research Scientist,4,Married,2732,26084,1,Y,No,25,4,4,80,0,9,3,3,8,7,1,6
151,31,No,Travel_Rarely,1370,Research & Development,2,3,Life Sciences,1,3,Male,92,3,1,Laboratory Technician,3,Divorced,3140,3142,4,Y,No,11,3,3,80,1,3,2,3,2,2,0,2
152,27,No,Travel_Rarely,1490,Research & Development,29,3,Life Sciences,1,3,Male,84,3,1,Research Scientist,4,Married,6313,6864,1,Y,No,13,3,3,80,1,10,3,3,10,7,1,7
153,32,No,Travel_Rarely,1255,Sales,6,1,Life Sciences,1,3,Male,64,3,1,Sales Representative,4,Married,3089,26001,1,Y,No,22,4,3,80,0,4,3,3,2,1,0,1
154,33,No,Travel_Rarely,1393,Research & Development,2,3,Life Sciences,1,4,Male,86,3,1,Laboratory Technician,4,Married,1244,7694,1,Y,No,12,3,3,80,0,4,3,3,4,2,1,2
155,33,No,Travel_Rarely,1374,Research & Development,7,3,Life Sciences,1,3,Male,69,3,1,Laboratory Technician,4,Married,4888,3785,1,Y,No,20,3,4,80,1,9,2,3,4,4,1,4
156,45,No,Travel_Rarely,228,Sales,12,3,Marketing,1,3,Male,70,3,2,Sales Executive,1,Married,7323,25282,4,Y,No,21,3,3,80,0,20,2,3,4,2,2,2
157,27,No,Travel_Rarely,1445,Research & Development,29,3,Life Sciences,1,3,Male,98,3,1,Laboratory Technician,4,Married,5062,5954,1,Y,No,24,4,3,80,1,6,2,3,4,4,1,4
158,60,No,Travel_Rarely,1034,Research & Development,9,4,Life Sciences,1,3,Male,67,3,3,Healthcare Representative,3,Married,6403,6285,1,Y,No,11,3,4,80,0,33,2,3,9,7,7,8
159,27,No,Travel_Rarely,1197,Research & Development,1,1,Medical,1,3,Male,71,3,1,Laboratory Technician,4,Single,2251,21805,1,Y,No,11,3,3,80,0,4,2,3,4,2,1,2
160,48,No,Travel_Rarely,901,Research & Development,2,3,Life Sciences,1,3,Male,85,3,3,Research Director,1,Married,7917,21643,3,Y,No,11,3,3,80,1,26,2,3,9,7,1,8
161,48,No,Travel_Rarely,1376,Research & Development,1,3,Life Sciences,1,4,Male,75,3,1,Research Scientist,3,Married,2493,20583,2,Y,No,21,3,3,80,0,6,2,3,3,2,0,2
162,26,No,Travel_Rarely,1274,Research & Development,2,1,Medical,1,3,Male,40,3,1,Laboratory Technician,3,Single,2288,7169,1,Y,No,11,3,3,80,0,0,2,3,4,2,1,2
163,31,No,Travel_Rarely,1246,Research & Development,4,3,Life Sciences,1,4,Male,38,3,1,Research Scientist,3,Married,1970,4770,1,Y,No,21,3,3,80,1,2,3,3,4,3,0,4
164,30,No,Travel_Rarely,148,Sales,2,3,Marketing,1,3,Male,45,3,3,Sales Executive,4,Single,9637,6699,1,Y,No,12,3,4,80,0,21,2,3,20,7,14,8
165,35,No,Travel_Rarely,351,Sales,5,3,Marketing,1,4,Female,80,3,2,Sales Representative,4,Married,3844,24052,1,Y,No,13,3,3,80,0,2,3,3,1,0,0,1
166,23,Yes,Travel_Rarely,454,Research & Development,7,3,Life Sciences,1,3,Male,79,3,1,Laboratory Technician,4,Single,1635,21560,1,Y,No,12,3,4,80,0,7,3,3,0,0,0,0
167,40,No,Travel_Rarely,1302,Sales,7,3,Life Sciences,1,2,Male,81,3,2,Sales Executive,4,Married,6423,23398,1,Y,No,19,4,3,80,1,11,3,3,9,8,0,8
168,51,No,Travel_Rarely,199,Sales,7,3,Medical,1,3,Male,87,2,3,Sales Executive,4,Married,10227,2366,1,Y,No,11,3,4,80,1,30,3,3,18,13,12,8
169,55,No,Travel_Rarely,1323,Research & Development,9,4,Life Sciences,1,3,Male,97,3,2,Healthcare Representative,4,Married,2233,23352,4,Y,No,22,4,3,80,0,15,2,3,9,1,0,0
170,29,Yes,Travel_Rarely,557,Research & Development,3,3,Life Sciences,1,1,Male,84,3,1,Research Scientist,4,Married,2151,4128,1,Y,Yes,17,3,3,80,1,5,2,3,2,2,0,2
171,18,No,Travel_Rarely,1298,Research & Development,9,3,Medical,1,3,Male,88,2,2,Laboratory Technician,4,Married,5779,24922,1,Y,No,11,3,3,80,1,3,2,3,4,1,0,2
172,32,No,Travel_Rarely,1210,Sales,1,3,Medical,1,3,Male,88,3,1,Sales Representative,3,Married,5012,6229,1,Y,No,11,3,4,80,1,2,2,3,8,3,1,4
173,30,No,Travel_Rarely,317,Research & Development,2,3,Medical,1,3,Male,49,3,1,Laboratory Technician,4,Single,2807,5996,1,Y,No,19,3,4,80,0,6,2,3,4,2,1,3
174,45,No,Travel_Rarely,1330,Research & Development,10,4,Life Sciences,1,3,Male,84,3,2,Manufacturing Director,4,Married,5729,23739,1,Y,No,20,3,4,80,1,10,2,3,14,6,6,8
175,50,No,Travel_Rarely,1290,Research & Development,1,3,Medical,1,4,Female,47,3,4,Research Director,3,Married,12041,23752,3,Y,No,12,3,3,80,1,26,3,3,5,4,1,5
176,57,No,Travel_Rarely,1417,Research & Development,2,3,Life Sciences,1,4,Male,48,3,4,Manager,2,Married,17505,5097,3,Y,No,11,3,4,80,0,31,2,3,32,10,3,12
177,30,No,Travel_Rarely,1399,Sales,1,3,Medical,1,3,Male,79,3,2,Sales Executive,4,Married,6027,13536,1,Y,No,11,3,1,80,1,5,2,3,9,4,0,4
178,54,No,Travel_Rarely,1305,Research & Development,8,3,Life Sciences,1,4,Male,59,3,3,Research Director,3,Divorced,12248,21965,1,Y,No,13,3,2,80,1,32,3,3,11,9,6,7
179,54,No,Travel_Rarely,1191,Research & Development,2,4,Life Sciences,1,4,Male,33,3,3,Sales Executive,3,Single,7766,25173,3,Y,No,12,3,4,80,0,10,2,3,6,2,1,4
180,43,Yes,Travel_Rarely,304,Sales,3,4,Marketing,1,1,Male,72,3,3,Sales Executive,1,Single,7755,6148,4,Y,No,11,3,4,80,0,19,2,3,5,4,0,1
181,34,No,Travel_Rarely,1222,Research & Development,1,3,Life Sciences,1,3,Male,81,3,1,Laboratory Technician,3,Divorced,2005,22904,1,Y,No,11,3,3,80,1,5,2,3,5,2,0,2
182,28,No,Travel_Rarely,1193,Research & Development,4,3,Life Sciences,1,4,Male,33,3,2,Research Scientist,3,Married,6451,24297,1,Y,No,21,3,3,80,1,10,3,3,5,4,0,4
183,37,No,Travel_Rarely,330,Sales,9,4,Marketing,1,4,Male,46,3,2,Sales Executive,4,Single,5452,7174,1,Y,No,12,3,4,80,0,10,3,3,9,7,0,7
184,42,No,Travel_Rarely,1370,Research & Development,8,3,Life Sciences,1,3,Male,81,3,3,Sales Executive,4,Divorced,10655,7984,1,Y,No,18,3,3,80,1,14,2,3,15,8,7,7
185,52,No,Travel_Rarely,1313,Research & Development,1,4,Life Sciences,1,3,Male,87,3,2,Healthcare Representative,3,Married,7512,23804,3,Y,No,11,3,4,80,0,10,2,3,6,3,0,7
186,51,No,Travel_Rarely,1429,Sales,2,4,Marketing,1,4,Female,83,3,3,Manager,4,Married,11615,20836,2,Y,No,12,3,3,80,0,24,3,3,6,2,2,2
187,54,No,Travel_Rarely,1200,Sales,2,3,Life Sciences,1,1,Male,40,3,4,Manager,4,Married,19999,2381,2,Y,No,13,3,4,80,1,31,2,3,10,8,5,6
188,38,No,Travel_Rarely,1342,Research & Development,2,3,Life Sciences,1,3,Male,41,3,4,Manager,3,Married,17531,5313,1,Y,No,12,3,4,80,1,24,2,3,17,12,11,8
189,31,No,Travel_Rarely,1338,Research & Development,4,3,Life Sciences,1,4,Male,71,3,1,Research Scientist,4,Married,3439,14647,1,Y,No,12,3,3,80,0,11,3,3,10,6,6,8
190,27,No,Travel_Rarely,1458,Research & Development,1,1,Life Sciences,1,4,Male,36,3,2,Research Scientist,3,Married,4707,2852,1,Y,No,21,4,2,80,1,11,3,3,8,8,1,8
191,25,No,Travel_Rarely,1499,Sales,6,3,Life Sciences,1,3,Male,72,3,3,Sales Executive,4,Married,12207,5759,1,Y,No,12,3,1,80,1,9,3,3,9,6,7,6
192,40,No,Travel_Rarely,123,Sales,24,4,Marketing,1,3,Male,53,3,2,Sales Executive,1,Single,9582,25193,0,Y,No,11,3,4,80,0,9,2,3,5,2,1,0
193,32,No,Travel_Rarely,1202,Sales,2,3,Marketing,1,3,Male,96,3,2,Sales Executive,4,Married,9121,7645,1,Y,No,25,3,4,80,1,11,2,3,10,7,8,7
194,31,No,Travel_Rarely,161,Sales,9,3,Medical,1,3,Female,78,2,2,Sales Executive,4,Married,4896,23808,1,Y,No,11,3,3,80,0,10,3,3,5,4,0,0
195,49,No,Travel_Rarely,1211,Research & Development,6,4,Life Sciences,1,3,Male,39,3,3,Research Director,1,Married,11082,21030,3,Y,No,24,4,3,80,1,24,3,3,10,9,11,6
196,38,No,Travel_Rarely,1312,Research & Development,3,4,Life Sciences,1,1,Male,55,3,2,Healthcare Representative,3,Single,4700,22597,2,Y,No,13,3,3,80,0,10,2,3,1,0,0,1
197,46,No,Travel_Rarely,1275,Sales,10,3,Life Sciences,1,4,Male,96,3,3,Sales Executive,3,Divorced,8972,23888,2,Y,No,12,3,3,80,1,22,2,3,4,3,0,3
198,46,No,Travel_Rarely,1248,Research & Development,8,4,Life Sciences,1,4,Female,53,3,2,Manufacturing Director,3,Single,5560,18157,1,Y,No,13,3,4,80,0,22,3,3,7,6,0,8
199,25,No,Travel_Rarely,160,Sales,13,3,Marketing,1,2,Female,40,3,2,Sales Executive,4,Single,6118,26818,1,Y,No,19,3,3,80,0,1,3,3,4,5,0,0
200,26,No,Travel_Rarely,1044,Research & Development,3,4,Life Sciences,1,3,Male,95,3,1,Research Scientist,4,Married,4340,2094,1,Y,No,25,4,2,80,1,10,3,3,9,3,0,7
201,55,No,Travel_Rarely,1296,Research & Development,9,4,Life Sciences,1,4,Female,70,3,3,Research Director,3,Married,9912,23754,3,Y,No,12,3,3,80,1,10,3,3,6,7,1,6
202,53,No,Travel_Rarely,207,Research & Development,7,4,Life Sciences,1,3,Female,81,2,2,Manufacturing Director,4,Married,6067,22433,3,Y,No,19,3,3,80,1,11,3,3,9,8,0,8
203,36,No,Travel_Rarely,1344,Research & Development,1,4,Life Sciences,1,3,Male,41,3,2,Healthcare Representative,3,Single,5945,21697,2,Y,No,14,3,4,80,0,20,2,3,8,7,1,8
204,22,No,Travel_Rarely,314,Research & Development,7,3,Life Sciences,1,4,Male,65,3,1,Research Scientist,3,Single,2713,25931,1,Y,No,20,4,4,80,0,5,2,3,2,0,0,0
205,38,No,Travel_Rarely,1219,Research & Development,2,4,Life Sciences,1,3,Male,98,3,2,Laboratory Technician,3,Married,4376,23298,1,Y,No,17,3,1,80,1,11,2,3,9,8,0,8
206,28,No,Travel_Rarely,1253,Research & Development,2,1,Medical,1,3,Male,96,3,1,Laboratory Technician,3,Married,2396,5820,1,Y,No,13,3,4,80,0,7,3,3,6,4,1,2
207,45,No,Travel_Rarely,1329,Research & Development,8,3,Life Sciences,1,4,Male,79,3,3,Research Scientist,3,Married,2613,21717,3,Y,No,13,3,3,80,1,21,2,3,8,0,0,6
208,32,No,Travel_Rarely,1367,Sales,9,1,Medical,1,4,Male,45,3,1,Sales Representative,3,Married,4201,4275,1,Y,No,12,3,1,80,1,3,3,3,5,3,1,4
209,49,No,Travel_Rarely,1372,Research & Development,7,4,Life Sciences,1,3,Male,70,3,2,Research Scientist,3,Married,4471,22590,3,Y,No,19,3,3,80,1,8,3,3,5,4,0,4
210,34,No,Travel_Rarely,1393,Research & Development,1,3,Medical,1,3,Male,88,3,1,Laboratory Technician,3,Single,1421,3518,1,Y,No,11,3,4,80,0,4,2,3,4,3,1,2
211,29,No,Travel_Rarely,1366,Research & Development,6,3,Life Sciences,1,3,Male,79,2,2,Manufacturing Director,4,Married,6832,23466,5,Y,No,12,3,3,80,1,8,2,3,1,0,0,0
212,39,No,Travel_Rarely,1343,Research & Development,6,3,Life Sciences,1,2,Male,90,3,2,Laboratory Technician,4,Married,4537,10162,1,Y,No,13,3,4,80,1,10,3,3,8,7,6,6
213,28,No,Travel_Rarely,965,Research & Development,13,3,Life Sciences,1,3,Male,93,3,1,Laboratory Technician,4,Married,3094,9402,1,Y,No,11,3,4,80,1,5,2,3,9,7,0,7
214,52,No,Travel_Rarely,1304,Research & Development,7,3,Life Sciences,1,4,Male,41,3,3,Research Director,3,Married,9511,23993,2,Y,No,13,3,4,80,0,29,2,3,8,6,0,7
215,37,No,Travel_Rarely,1057,Research & Development,3,3,Medical,1,3,Male,99,3,1,Laboratory Technician,4,Single,1705,5457,1,Y,No,12,3,3,80,0,4,3,3,4,4,1,2
216,29,No,Travel_Rarely,1297,Research & Development,2,3,Life Sciences,1,4,Male,91,3,1,Laboratory Technician,3,Married,3176,24207,1,Y,No,13,3,3,80,1,5,2,3,2,0,0,2
217,37,No,Travel_Rarely,1343,Research & Development,11,3,Life Sciences,1,3,Male,65,3,2,Laboratory Technician,4,Divorced,5583,6713,4,Y,No,14,3,3,80,1,9,2,3,4,2,0,2
218,32,Yes,Travel_Rarely,258,Sales,9,3,Marketing,1,1,Male,45,3,2,Sales Executive,4,Single,4918,20213,1,Y,No,16,3,4,80,0,3,2,3,5,0,0,0
219,28,No,Travel_Rarely,1360,Sales,6,3,Life Sciences,1,3,Male,81,3,2,Sales Executive,4,Married,3937,5331,1,Y,No,11,3,1,80,1,4,3,3,6,2,0,4
220,36,No,Travel_Rarely,1204,Research & Development,5,4,Life Sciences,1,2,Male,86,3,2,Manufacturing Director,3,Married,5261,22397,3,Y,No,14,3,4,80,1,9,2,3,9,7,0,6
221,26,No,Travel_Rarely,1372,Sales,2,3,Life Sciences,1,3,Male,41,3,2,Sales Executive,4,Married,5133,8588,1,Y,No,21,4,1,80,0,11,3,3,10,4,0,7
222,27,No,Travel_Rarely,218,Research & Development,9,3,Life Sciences,1,2,Male,85,3,2,Manufacturing Director,4,Married,7483,11572,1,Y,No,12,3,3,80,1,6,2,3,11,7,8,7
223,50,No,Travel_Rarely,1237,Research & Development,4,4,Medical,1,4,Female,82,3,2,Research Scientist,3,Married,4383,23545,3,Y,No,14,3,3,80,0,24,3,3,2,1,0,1
224,35,No,Travel_Rarely,1111,Research & Development,3,4,Life Sciences,1,3,Male,89,3,2,Research Scientist,3,Married,5029,3737,2,Y,No,14,3,3,80,1,10,2,3,5,2,0,2
225,52,No,Travel_Rarely,1359,Research & Development,10,4,Life Sciences,1,4,Female,79,3,3,Healthcare Representative,4,Married,9544,6480,1,Y,No,11,3,3,80,1,8,3,3,11,7,0,7
226,33,Yes,Travel_Rarely,279,Sales,7,1,Medical,1,3,Male,76,3,1,Sales Representative,4,Single,3374,24626,1,Y,No,16,3,3,80,0,5,2,3,2,2,0,2
227,28,Yes,Travel_Rarely,649,Sales,4,3,Life Sciences,1,3,Male,78,3,1,Sales Representative,1,Married,2541,25511,4,Y,No,19,3,3,80,1,3,3,3,2,2,0,0
228,38,No,Travel_Rarely,600,Research & Development,9,4,Life Sciences,1,3,Male,72,3,3,Healthcare Representative,4,Married,8449,4205,1,Y,No,11,3,4,80,0,12,2,3,9,5,7,9
229,50,No,Travel_Rarely,1440,Research & Development,2,4,Life Sciences,1,3,Male,80,3,3,Human Resources,3,Divorced,7020,5572,4,Y,No,13,3,3,80,1,20,2,3,2,0,0,0
230,25,No,Travel_Rarely,1473,Research & Development,11,1,Life Sciences,1,3,Male,66,3,2,Manufacturing Director,4,Married,5018,3037,1,Y,No,22,4,4,80,0,12,2,3,10,9,6,6
231,32,No,Travel_Rarely,1280,Research & Development,4,3,Life Sciences,1,3,Male,93,3,1,Research Scientist,4,Married,1239,5122,1,Y,No,14,3,3,80,1,5,2,3,6,3,0,4
232,28,Yes,Travel_Rarely,371,Research & Development,2,3,Life Sciences,1,3,Male,50,3,1,Sales Representative,3,Married,1863,19296,1,Y,No,11,3,4,80,0,3,2,3,1,2,0,2
233,36,No,Travel_Rarely,1357,Research & Development,6,4,Life Sciences,1,3,Male,90,3,1,Laboratory Technician,3,Divorced,2863,14762,1,Y,No,12,3,3,80,1,4,2,3,8,3,0,7
234,36,No,Travel_Rarely,1412,Research & Development,7,3,Life Sciences,1,4,Male,45,3,1,Laboratory Technician,3,Single,2475,25790,1,Y,No,14,3,3,80,0,3,2,3,1,0,0,1
235,18,No,Travel_Rarely,1368,Research & Development,5,3,Life Sciences,1,3,Male,91,3,1,Sales Representative,4,Divorced,2542,3119,1,Y,No,20,4,1,80,1,4,3,3,3,2,0,2
236,34,No,Travel_Rarely,1260,Research & Development,3,3,Medical,1,3,Male,37,3,1,Research Scientist,3,Married,2806,7421,1,Y,No,16,3,3,80,1,5,2,3,1,2,2,2
237,25,No,Travel_Rarely,102,Research & Development,6,1,Medical,1,4,Male,83,2,1,Research Scientist,4,Single,2145,26150,1,Y,No,14,3,3,80,0,2,3,3,1,0,0,0
238,56,No,Travel_Rarely,1369,Research & Development,2,4,Life Sciences,1,4,Male,78,3,5,Research Director,3,Married,19999,21285,3,Y,No,24,3,3,80,0,26,3,3,2,0,0,0
239,46,No,Travel_Rarely,1160,Research & Development,1,3,Life Sciences,1,4,Female,74,3,5,Research Director,3,Married,17821,21585,3,Y,No,11,3,3,80,0,34,3,3,24,14,11,8
240,44,No,Travel_Rarely,1499,Sales,2,3,Life Sciences,1,3,Male,96,3,3,Sales Executive,3,Divorced,8580,4416,2,Y,No,13,3,4,80,1,18,2,3,9,7,7,8
241,28,No,Travel_Rarely,259,Research & Development,3,3,Medical,1,3,Male,38,3,1,Research Scientist,3,Single,1930,4893,1,Y,No,13,3,3,80,0,4,2,3,1,2,1,2
242,38,No,Travel_Rarely,1403,Sales,9,3,Life Sciences,1,3,Male,38,3,3,Sales Executive,4,Married,10008,23837,1,Y,No,18,3,4,80,1,9,2,3,8,11,7,7
243,26,No,Travel_Rarely,377,Sales,4,3,Medical,1,3,Female,34,3,2,Sales Executive,4,Single,5021,23390,1,Y,No,12,3,4,80,0,4,3,3,4,4,1,4
244,50,No,Travel_Rarely,226,Sales,2,3,Marketing,1,4,Male,62,3,4,Manager,4,Married,15108,22330,3,Y,No,19,4,3,80,1,31,3,3,28,7,12,7
245,34,No,Travel_Rarely,1422,Research & Development,1,3,Life Sciences,1,4,Male,85,3,1,Laboratory Technician,4,Married,2313,5210,1,Y,No,23,4,4,80,1,7,3,3,7,4,0,4
246,41,No,Travel_Rarely,779,Research & Development,3,4,Life Sciences,1,1,Female,37,3,3,Healthcare Representative,3,Single,10147,20151,3,Y,No,15,3,3,80,0,21,2,3,11,4,0,11
247,18,No,Travel_Rarely,1239,Research & Development,1,3,Life Sciences,1,3,Male,44,3,1,Laboratory Technician,4,Married,3118,3017,1,Y,No,20,4,4,80,1,5,3,3,6,4,1,4
248,29,No,Travel_Rarely,1184,Research & Development,3,3,Life Sciences,1,3,Male,95,3,1,Laboratory Technician,4,Married,3329,20825,1,Y,No,21,3,3,80,0,6,2,3,2,4,0,0
249,43,No,Travel_Rarely,1280,Research & Development,2,3,Life Sciences,1,3,Male,82,3,1,Laboratory Technician,3,Married,1951,23342,1,Y,No,11,3,3,80,1,3,2,3,5,2,0,2
250,23,Yes,Travel_Rarely,200,Research & Development,2,3,Life Sciences,1,3,Female,68,3,1,Laboratory Technician,4,Single,1710,23465,1,Y,No,21,3,3,80,0,2,2,3,3,0,0,2
251,34,No,Travel_Rarely,1093,Sales,10,3,Marketing,1,4,Male,40,3,2,Sales Executive,3,Single,4049,20581,2,Y,No,12,3,3,80,0,4,3,3,2,2,0,2
252,29,No,Travel_Rarely,1283,Sales,9,4,Marketing,1,3,Male,83,3,2,Sales Executive,4,Married,4369,6399,1,Y,No,11,3,1,80,1,9,3,3,3,2,0,2
253,44,No,Travel_Rarely,319,Research & Development,1,3,Life Sciences,1,3,Female,45,3,3,Healthcare Representative,3,Single,11091,22541,1,Y,No,20,4,4,80,0,11,2,3,10,7,11,7
254,42,No,Travel_Rarely,1402,Research & Development,4,3,Life Sciences,1,4,Female,74,3,4,Manager,3,Married,19999,23310,1,Y,No,25,4,4,80,0,19,3,3,16,14,10,8
255,41,No,Travel_Rarely,1287,Research & Development,28,4,Life Sciences,1,3,Female,80,3,2,Research Scientist,4,Married,6459,24261,3,Y,No,22,4,3,80,1,10,3,3,12,7,3,7
256,53,No,Travel_Rarely,1296,Research & Development,2,4,Life Sciences,1,3,Male,78,3,4,Manager,1,Single,16779,6187,1,Y,No,20,3,4,80,0,13,3,3,10,9,4,7
257,54,No,Travel_Rarely,102,Sales,1,4,Marketing,1,3,Male,95,3,3,Sales Executive,4,Married,11584,21986,1,Y,No,21,3,4,80,1,10,2,3,8,7,8,8
258,29,No,Travel_Rarely,1206,Research & Development,4,3,Life Sciences,1,1,Male,56,3,1,Research Scientist,4,Married,3147,7493,0,Y,No,12,3,3,80,0,6,2,3,6,3,1,3
259,59,No,Travel_Rarely,1197,Research & Development,2,4,Medical,1,4,Male,69,3,1,Research Scientist,3,Married,5226,2858,3,Y,No,18,3,3,80,1,8,2,3,8,2,1,3
260,52,No,Travel_Rarely,1239,Research & Development,1,3,Life Sciences,1,4,Female,42,3,4,Manager,3,Married,13230,24062,2,Y,No,12,3,4,80,0,23,2,3,7,3,1,4
261,20,Yes,Travel_Rarely,1306,Research & Development,2,3,Life Sciences,1,3,Male,93,3,1,Laboratory Technician,4,Married,2202,6304,1,Y,No,20,3,4,80,0,0,2,3,5,2,2,2
262,34,No,Travel_Rarely,1489,Sales,7,4,Marketing,1,3,Male,39,3,2,Sales Executive,4,Married,4270,3305,1,Y,No,13,3,1,80,1,10,3,3,10,7,0,8
263,54,No,Travel_Rarely,1393,Research & Development,6,3,Life Sciences,1,4,Male,55,3,3,Healthcare Representative,4,Married,7887,22870,2,Y,No,11,3,4,80,1,11,3,3,5,3,1,3
264,27,Yes,Travel_Rarely,294,Research & Development,2,3,Life Sciences,1,4,Male,67,3,1,Research Scientist,3,Single,2438,23718,6,Y,No,13,3,3,80,0,4,2,3,1,0,0,0
265,29,No,Travel_Rarely,1411,Sales,8,3,Life Sciences,1,3,Male,74,3,1,Sales Representative,4,Married,1576,21228,1,Y,No,15,3,3,80,1,4,2,3,2,0,0,0
266,30,No,Travel_Rarely,1444,Sales,10,3,Life Sciences,1,1,Male,96,3,3,Sales Executive,3,Married,11629,10849,2,Y,No,13,3,4,80,0,9,2,3,8,0,0,0
267,34,No,Travel_Rarely,1317,Research & Development,2,3,Medical,1,3,Male,100,3,1,Research Scientist,3,Married,1900,2502,1,Y,No,18,3,3,80,1,3,2,3,6,2,1,2
268,24,No,Travel_Rarely,1294,Sales,2,4,Life Sciences,1,1,Male,90,3,2,Sales Executive,3,Single,6516,9954,2,Y,No,11,3,4,80,0,12,2,3,3,0,0,0
269,35,No,Travel_Rarely,216,Research & Development,3,3,Medical,1,3,Female,37,2,4,Manager,4,Single,19111,23884,0,Y,No,21,4,4,80,0,15,3,3,14,11,12,10
270,39,No,Travel_Rarely,402,Sales,8,4,Marketing,1,2,Male,35,3,2,Sales Executive,4,Single,4077,19366,1,Y,No,14,3,4,80,0,9,2,3,7,7,0,7
271,19,No,Travel_Rarely,1249,Sales,7,3,Life Sciences,1,4,Female,67,3,1,Sales Representative,4,Single,1782,24656,1,Y,No,11,3,4,80,0,4,3,3,2,2,0,2
272,49,No,Travel_Rarely,1376,Sales,4,4,Marketing,1,1,Male,72,3,3,Sales Executive,4,Single,9064,21325,2,Y,No,13,3,3,80,0,10,2,3,2,2,0,2
273,29,No,Travel_Rarely,1123,Research & Development,2,3,Life Sciences,1,4,Male,37,3,2,Laboratory Technician,4,Single,4125,23339,1,Y,No,13,3,4,80,0,10,3,3,4,0,0,0
274,33,No,Travel_Rarely,1314,Research & Development,1,4,Life Sciences,1,1,Male,49,3,1,Laboratory Technician,3,Single,2321,6189,0,Y,No,13,3,4,80,0,10,2,3,8,2,1,8
275,33,No,Travel_Rarely,826,Sales,9,3,Marketing,1,3,Male,43,3,2,Sales Executive,3,Married,3262,7055,1,Y,No,11,3,1,80,1,3,3,3,5,3,1,3
276,30,No,Travel_Rarely,1454,Sales,11,2,Marketing,1,2,Male,49,3,2,Sales Executive,4,Married,3833,19997,1,Y,No,11,3,1,80,1,7,3,3,4,1,0,0
277,35,No,Travel_Rarely,1245,Research & Development,3,3,Medical,1,3,Male,48,3,2,Research Scientist,3,Single,6400,9328,1,Y,No,13,3,4,80,0,10,3,3,9,4,0,3
278,36,No,Travel_Rarely,342,Research & Development,12,3,Life Sciences,1,3,Male,85,3,2,Manufacturing Director,4,Single,2431,5080,1,Y,No,12,3,4,80,0,10,3,3,14,11,3,8
279,32,Yes,Travel_Rarely,640,Research & Development,2,3,Life Sciences,1,1,Male,94,3,1,Laboratory Technician,4,Single,2235,25190,1,Y,No,11,3,4,80,0,6,2,3,1,2,0,2
280,41,No,Travel_Rarely,1232,Sales,9,4,Marketing,1,3,Male,83,3,2,Sales Executive,4,Married,5310,25946,4,Y,No,14,3,3,80,1,10,2,3,9,7,0,7
281,28,No,Travel_Rarely,158,Research & Development,5,3,Life Sciences,1,3,Female,49,3,3,Manufacturing Director,4,Married,5306,23881,1,Y,No,19,3,2,80,1,6,2,3,10,8,11,7
282,40,No,Travel_Rarely,1157,Research & Development,2,4,Life Sciences,1,4,Female,37,3,4,Healthcare Representative,3,Single,9031,20912,3,Y,No,22,3,4,80,0,24,3,3,8,7,1,7
283,36,No,Travel_Rarely,1499,Research & Development,3,4,Life Sciences,1,3,Male,43,3,2,Laboratory Technician,3,Married,3951,4580,1,Y,No,13,3,4,80,1,7,2,3,6,2,0,2
284,27,Yes,Travel_Rarely,445,Sales,7,3,Life Sciences,1,3,Male,95,3,1,Sales Representative,4,Married,5788,20854,1,Y,No,11,3,3,80,0,5,2,3,3,1,0,0
285,51,No,Travel_Rarely,675,Research & Development,7,3,Life Sciences,1,4,Female,45,3,4,Research Director,3,Married,11503,24464,2,Y,No,11,3,3,80,1,29,2,3,16,6,1,5
286,32,No,Travel_Rarely,1349,Research & Development,2,3,Life Sciences,1,4,Male,82,3,1,Research Scientist,3,Married,2588,7730,1,Y,No,21,3,4,80,1,5,2,3,3,2,2,2
287,22,No,Travel_Rarely,1394,Research & Development,11,3,Life Sciences,1,4,Female,30,3,2,Research Scientist,3,Single,4970,18885,1,Y,No,14,3,4,80,0,8,3,3,5,2,1,2
288,22,No,Travel_Rarely,1273,Research & Development,9,1,Life Sciences,1,4,Male,51,3,1,Research Scientist,4,Married,3181,6051,1,Y,No,22,4,3,80,1,7,3,3,5,3,1,4
289,54,No,Travel_Rarely,377,Sales,1,4,Life Sciences,1,4,Female,68,3,3,Sales Executive,4,Single,12147,21027,3,Y,No,11,3,4,80,0,12,3,3,6,3,4,3
290,18,No,Travel_Rarely,1369,Research & Development,2,1,Medical,1,3,Male,84,3,1,Laboratory Technician,4,Married,1271,6482,1,Y,No,17,3,3,80,1,5,2,3,1,2,0,2
291,32,No,Travel_Rarely,356,Research & Development,5,3,Life Sciences,1,3,Male,81,3,1,Research Scientist,4,Married,3515,4756,1,Y,No,13,3,3,80,0,10,2,3,9,5,1,5
292,30,No,Travel_Rarely,346,Research & Development,9,4,Life Sciences,1,3,Male,40,3,2,Laboratory Technician,3,Single,4724,24540,1,Y,No,11,3,4,80,0,10,2,3,9,6,0,7
293,51,No,Travel_Rarely,1349,Research & Development,2,3,Medical,1,4,Male,80,3,5,Manager,3,Married,19501,20964,3,Y,No,12,3,4,80,1,36,3,3,24,9,10,12
294,32,No,Travel_Rarely,317,Sales,2,4,Life Sciences,1,4,Male,86,3,3,Sales Executive,4,Single,9693,6611,1,Y,No,12,3,4,80,0,12,3,3,11,7,1,7
295,25,No,Travel_Rarely,1368,Sales,2,3,Medical,1,3,Male,41,3,1,Sales Representative,3,Married,2451,8549,1,Y,No,17,3,4,80,0,3,3,3,5,2,1,2
296,24,No,Travel_Rarely,179,Sales,5,1,Medical,1,4,Male,76,3,1,Sales Representative,4,Single,1777,24298,1,Y,No,11,3,1,80,0,0,3,3,3,2,1,0
297,24,No,Travel_Rarely,191,Sales,7,1,Marketing,1,3,Male,69,3,1,Sales Representative,4,Married,2186,25038,1,Y,No,11,3,3,80,0,6,3,3,4,1,0,0
298,44,No,Travel_Rarely,190,Sales,7,3,Marketing,1,2,Male,64,3,3,Sales Executive,4,Married,11088,22746,1,Y,No,11,3,3,80,1,20,2,3,15,7,12,11
299,30,Yes,Travel_Rarely,1045,Sales,8,3,Marketing,1,3,Male,43,3,2,Sales Executive,4,Single,4170,23602,1,Y,No,11,3,4,80,0,8,2,3,4,3,0,3
300,25,No,Travel_Rarely,1146,Research & Development,2,1,Medical,1,3,Male,90,3,1,Research Scientist,4,Married,1602,7584,1,Y,No,18,4,3,80,1,7,2,2,3,3,1,4
301,29,No,Travel_Rarely,387,Sales,4,3,Life Sciences,1,3,Female,35,2,3,Sales Executive,4,Single,9788,4266,1,Y,No,12,3,4,80,0,22,2,3,21,10,11,12
302,33,No,Travel_Rarely,437,Research & Development,7,3,Life Sciences,1,3,Male,61,3,1,Laboratory Technician,4,Married,2314,24699,0,Y,No,18,3,4,80,0,8,2,3,1,2,2,2
303,25,No,Travel_Rarely,1151,Research & Development,3,3,Life Sciences,1,4,Male,38,3,1,Research Scientist,4,Single,2193,2094,1,Y,No,14,3,3,80,0,6,2,3,5,2,1,2
304,43,No,Travel_Rarely,179,Sales,11,3,Marketing,1,3,Male,83,2,4,Sales Executive,4,Married,12558,8654,1,Y,No,12,3,4,80,1,22,2,3,19,8,12,13
305,39,No,Travel_Rarely,1419,Sales,3,2,Life Sciences,1,4,Male,45,3,1,Sales Representative,4,Married,3774,5390,1,Y,No,22,3,1,80,0,11,3,3,1,0,0,0
306,29,No,Travel_Rarely,368,Research & Development,12,3,Life Sciences,1,4,Female,38,3,2,Manufacturing Director,4,Single,5931,22655,1,Y,No,25,4,3,80,0,6,3,3,6,3,1,5
307,26,Yes,Travel_Rarely,314,Sales,12,3,Life Sciences,1,3,Female,72,3,1,Sales Representative,3,Single,5209,22990,5,Y,No,11,3,4,80,0,4,3,3,1,2,2,2
308,32,No,Travel_Rarely,1416,Sales,10,3,Life Sciences,1,3,Male,40,3,1,Sales Representative,3,Married,3733,3819,1,Y,No,11,3,4,80,1,2,2,3,5,2,2,2
309,51,No,Travel_Rarely,1087,Research & Development,10,3,Life Sciences,1,4,Female,83,3,3,Healthcare Representative,3,Married,9077,24257,3,Y,No,11,3,3,80,1,20,3,3,11,6,1,7
310,31,No,Travel_Rarely,1499,Research & Development,11,3,Life Sciences,1,4,Male,80,3,2,Research Scientist,4,Married,5234,8726,1,Y,No,11,3,3,80,1,11,3,3,10,6,1,7
311,27,No,Travel_Rarely,1309,Sales,1,3,Medical,1,3,Male,98,3,1,Sales Representative,2,Married,1452,24561,1,Y,No,12,3,3,80,1,0,2,3,1,0,0,0
312,53,No,Travel_Rarely,1338,Research & Development,11,3,Life Sciences,1,4,Male,81,3,3,Sales Executive,3,Married,15052,21842,2,Y,No,12,3,3,80,1,16,2,3,2,0,0,1
313,35,No,Travel_Rarely,1249,Research & Development,2,3,Life Sciences,1,3,Male,95,3,4,Healthcare Representative,4,Married,13904,24200,3,Y,No,16,3,4,80,0,20,2,3,20,7,6,9
314,27,No,Travel_Rarely,1352,Research & Development,3,3,Life Sciences,1,3,Male,92,3,1,Research Scientist,4,Married,2902,6054,1,Y,No,20,4,4,80,1,6,2,3,4,2,0,2
315,31,No,Travel_Rarely,1284,Sales,8,3,Marketing,1,3,Male,91,3,2,Sales Executive,4,Married,4209,3050,1,Y,No,25,3,4,80,1,11,2,3,9,7,7,8
316,40,No,Travel_Rarely,1363,Research & Development,6,4,Life Sciences,1,3,Male,76,2,3,Healthcare Representative,4,Married,6427,7559,3,Y,No,21,4,3,80,1,17,3,3,9,0,0,8
317,24,No,Travel_Rarely,1407,Research & Development,8,3,Life Sciences,1,4,Male,31,3,2,Healthcare Representative,3,Married,5701,3462,1,Y,No,14,3,4,80,1,10,3,3,10,7,1,9
318,40,Yes,Travel_Rarely,541,Research & Development,6,3,Life Sciences,1,1,Male,45,3,1,Laboratory Technician,3,Single,4419,20241,3,Y,No,20,3,4,80,0,2,2,3,0,2,0,2
319,35,No,Travel_Rarely,1280,Research & Development,2,3,Life Sciences,1,4,Male,43,3,1,Research Scientist,3,Married,2723,2982,1,Y,No,13,3,4,80,1,9,2,3,7,4,1,3
320,33,No,Travel_Rarely,578,Research & Development,8,3,Life Sciences,1,1,Male,58,3,1,Research Scientist,4,Single,1911,3989,1,Y,No,20,4,3,80,0,5,2,3,6,3,0,5
321,51,No,Travel_Rarely,1429,Research & Development,2,4,Medical,1,3,Male,41,3,3,Healthcare Representative,3,Married,8767,2094,2,Y,No,14,3,4,80,1,17,3,3,7,9,4,8
322,31,No,Travel_Rarely,1370,Sales,9,3,Life Sciences,1,3,Male,45,3,2,Sales Executive,3,Married,4651,4074,1,Y,No,13,3,4,80,1,9,2,3,9,9,7,8
323,28,No,Travel_Rarely,1207,Research & Development,10,3,Life Sciences,1,3,Male,86,3,1,Laboratory Technician,4,Divorced,6558,10776,1,Y,No,11,3,3,80,1,6,2,3,9,8,0,8
324,59,No,Travel_Rarely,1499,Research & Development,6,4,Life Sciences,1,4,Male,76,3,2,Research Scientist,3,Married,2890,21055,2,Y,Yes,13,3,3,80,1,10,2,3,5,2,0,3
325,23,No,Travel_Rarely,1296,Research & Development,8,3,Life Sciences,1,4,Male,67,3,1,Research Scientist,4,Married,3174,6354,1,Y,No,14,3,3,80,1,5,3,3,9,1,0,7
326,26,No,Travel_Rarely,102,Sales,5,3,Life Sciences,1,3,Female,42,3,3,Sales Executive,4,Married,10974,22949,1,Y,No,12,3,4,80,1,15,2,3,22,12,11,9
327,33,No,Travel_Rarely,1313,Research & Development,8,4,Life Sciences,1,2,Male,52,3,2,Manufacturing Director,4,Single,6186,17116,1,Y,No,11,3,4,80,0,8,3,3,9,7,0,7
328,60,No,Travel_Rarely,1084,Research & Development,3,3,Life Sciences,1,4,Female,41,3,4,Healthcare Representative,4,Married,12748,22800,2,Y,No,11,3,4,80,1,12,2,3,5,4,1,3
329,34,No,Travel_Rarely,1173,Research & Development,2,3,Life Sciences,1,4,Male,41,3,1,Laboratory Technician,3,Married,3463,2094,1,Y,No,12,3,4,80,0,1,2,3,2,2,0,2
330,30,No,Travel_Rarely,1314,Research & Development,6,3,Life Sciences,1,3,Male,85,3,2,Laboratory Technician,4,Married,4920,10672,1,Y,No,11,3,4,80,1,5,2,3,7,8,0,7
331,32,No,Travel_Rarely,263,Sales,6,3,Life Sciences,1,3,Male,88,3,1,Sales Representative,4,Married,4978,21622,1,Y,No,21,4,1,80,1,4,2,3,3,3,0,3
332,30,No,Travel_Rarely,1060,Research & Development,7,3,Medical,1,3,Female,91,3,2,Laboratory Technician,4,Married,5679,26999,1,Y,No,25,4,3,80,0,4,3,3,4,4,1,4
333,39,No,Travel_Rarely,868,Research & Development,2,4,Life Sciences,1,4,Male,82,3,1,Research Scientist,4,Single,2697,4529,1,Y,No,14,3,4,80,0,9,2,3,10,7,1,7
334,56,No,Travel_Rarely,1152,Research & Development,1,4,Medical,1,4,Female,35,3,4,Research Director,4,Married,17035,24069,3,Y,No,15,3,3,80,1,35,2,3,5,2,0,1
335,26,No,Travel_Rarely,1110,Sales,8,3,Marketing,1,3,Male,43,3,2,Sales Executive,4,Married,5292,5615,1,Y,No,12,3,1,80,0,3,3,3,8,4,0,8
336,33,No,Travel_Rarely,102,Sales,8,3,Marketing,1,3,Male,82,3,1,Sales Representative,4,Married,4413,22795,1,Y,No,21,3,1,80,1,2,3,3,4,2,0,2
337,55,No,Travel_Rarely,1348,Research & Development,1,4,Life Sciences,1,4,Female,53,3,2,Research Scientist,3,Married,4794,6959,3,Y,No,19,3,4,80,0,10,2,3,6,2,1,2
338,51,No,Travel_Rarely,307,Research & Development,6,3,Life Sciences,1,3,Male,75,2,2,Healthcare Representative,4,Married,5538,22792,4,Y,No,15,3,3,80,1,8,3,3,1,0,0,1
339,45,No,Travel_Rarely,1233,Research & Development,9,4,Life Sciences,1,3,Male,71,3,3,Manufacturing Director,4,Single,12674,21437,1,Y,No,20,4,4,80,0,11,2,3,10,9,13,8
340,35,No,Travel_Rarely,286,Sales,4,4,Marketing,1,3,Male,83,3,3,Sales Executive,4,Married,5443,6122,1,Y,No,14,3,4,80,1,20,2,3,25,8,7,8
341,26,No,Travel_Rarely,1317,Sales,7,3,Life Sciences,1,3,Male,70,3,1,Sales Representative,3,Married,1806,22368,1,Y,No,11,3,4,80,0,3,2,3,2,1,0,0
342,53,No,Travel_Rarely,167,Research & Development,5,3,Life Sciences,1,3,Female,67,2,3,Manufacturing Director,4,Married,10144,22900,1,Y,No,11,3,4,80,0,31,3,3,17,16,13,9
343,37,No,Travel_Rarely,1314,Sales,2,4,Life Sciences,1,4,Male,37,3,2,Sales Executive,3,Married,4006,18712,2,Y,No,14,3,4,80,1,8,2,3,4,2,0,2
344,53,No,Travel_Rarely,1347,Sales,5,3,Life Sciences,1,3,Male,89,3,3,Sales Executive,3,Married,9402,5216,3,Y,No,21,4,3,80,1,17,3,3,7,7,1,8
345,57,No,Travel_Rarely,232,Sales,3,3,Life Sciences,1,4,Female,69,3,4,Manager,4,Single,18760,22667,1,Y,No,11,3,4,80,0,34,2,3,17,6,13,8
346,49,No,Travel_Rarely,1243,Sales,10,3,Life Sciences,1,4,Female,80,3,3,Sales Executive,4,Married,8770,22604,2,Y,No,11,3,3,80,1,19,3,3,9,8,0,0
347,26,No,Travel_Rarely,1420,Research & Development,9,2,Life Sciences,1,2,Male,38,3,2,Laboratory Technician,3,Married,6365,23958,1,Y,No,14,3,4,80,0,3,3,3,10,3,0,7
348,32,No,Travel_Rarely,1317,Research & Development,1,3,Medical,1,4,Male,93,3,1,Laboratory Technician,3,Married,1169,19658,1,Y,No,11,3,3,80,1,3,3,3,4,0,0,2
349,33,No,Travel_Rarely,1069,Research & Development,5,1,Medical,1,3,Male,97,3,1,Research Scientist,4,Married,2043,6157,1,Y,No,12,3,3,80,1,8,2,3,4,4,1,3
350,52,No,Travel_Rarely,1228,Research & Development,4,3,Medical,1,4,Male,39,3,3,Healthcare Representative,3,Married,10211,4766,1,Y,No,11,3,4,80,0,19,3,3,24,10,4,9
351,22,No,Travel_Rarely,1255,Research & Development,2,3,Life Sciences,1,3,Male,74,3,1,Laboratory Technician,3,Divorced,1599,2716,1,Y,No,11,3,4,80,1,7,2,3,4,2,0,2
352,40,No,Travel_Rarely,504,Research & Development,10,4,Life Sciences,1,3,Male,100,3,2,Laboratory Technician,4,Married,3125,22780,1,Y,No,23,4,3,80,1,6,2,3,9,7,0,8
353,36,No,Travel_Rarely,1188,Sales,5,4,Life Sciences,1,3,Male,84,3,2,Sales Executive,4,Divorced,3548,21874,1,Y,No,23,4,3,80,1,10,2,3,8,7,0,7
354,53,No,Travel_Rarely,1315,Research & Development,3,3,Medical,1,4,Male,37,3,4,Manager,3,Married,19999,23265,3,Y,No,12,3,4,80,1,36,2,3,26,7,10,12
355,51,No,Travel_Rarely,1387,Research & Development,1,4,Life Sciences,1,4,Female,87,3,3,Research Director,4,Single,6240,25513,3,Y,No,11,3,4,80,0,17,3,3,9,7,1,6
356,60,No,Travel_Rarely,286,Sales,3,3,Life Sciences,1,4,Male,74,3,4,Manager,4,Married,15492,23920,3,Y,No,11,3,3,80,1,27,2,3,32,8,4,8
357,46,No,Travel_Rarely,1327,Research & Development,8,3,Medical,1,4,Male,56,3,1,Human Resources,4,Single,4636,5707,1,Y,No,13,3,3,80,0,9,3,3,7,0,0,0
358,57,No,Travel_Rarely,1387,Research & Development,2,3,Life Sciences,1,3,Male,82,3,3,Healthcare Representative,4,Married,11980,8445,3,Y,No,19,3,3,80,1,22,3,3,5,7,0,7
359,28,No,Travel_Rarely,1251,Research & Development,4,3,Medical,1,3,Male,38,3,1,Research Scientist,4,Single,5206,5692,1,Y,No,13,3,4,80,0,6,3,3,7,3,1,3
360,40,No,Travel_Rarely,1374,Research & Development,7,3,Life Sciences,1,3,Female,51,2,3,Manufacturing Director,3,Married,12612,21409,1,Y,No,12,3,4,80,1,21,3,3,17,15,11,10
361,37,No,Travel_Rarely,358,Research & Development,5,3,Life Sciences,1,4,Male,84,3,1,Research Scientist,4,Married,2522,6301,3,Y,No,23,4,3,80,1,6,3,3,6,4,1,3
362,49,No,Travel_Rarely,444,Sales,3,3,Marketing,1,4,Male,43,3,4,Sales Executive,4,Married,16943,21066,3,Y,No,13,3,3,80,0,27,2,3,8,7,0,1
363,33,No,Travel_Rarely,1211,Sales,10,4,Marketing,1,4,Male,59,3,2,Sales Executive,3,Married,6183,24772,2,Y,No,17,3,3,80,1,10,3,3,1,1,0,0
364,34,No,Travel_Rarely,876,Research & Development,3,4,Medical,1,3,Male,97,3,2,Healthcare Representative,1,Married,4927,6348,4,Y,No,21,4,3,80,1,10,2,3,5,4,1,4
365,29,No,Travel_Rarely,1329,Research & Development,7,3,Life Sciences,1,4,Male,73,3,2,Manufacturing Director,3,Married,5272,21155,2,Y,No,11,3,3,80,1,5,2,3,4,2,1,2
366,39,No,Travel_Rarely,665,Research & Development,5,3,Life Sciences,1,3,Male,90,3,2,Manufacturing Director,3,Married,5329,20943,1,Y,No,20,3,4,80,1,27,2,3,18,12,11,11
367,34,No,Travel_Rarely,1263,Research & Development,7,3,Medical,1,4,Male,78,3,1,Research Scientist,4,Married,5666,26008,1,Y,No,11,3,3,80,0,8,3,3,4,4,1,3
368,30,No,Travel_Rarely,1157,Sales,8,3,Marketing,1,3,Male,89,3,1,Sales Representative,4,Married,3067,22074,1,Y,No,20,3,1,80,1,3,3,3,4,2,0,2
369,25,Yes,Travel_Rarely,1299,Research & Development,11,3,Life Sciences,1,3,Male,88,3,1,Sales Representative,4,Married,3096,22657,1,Y,No,11,3,4,80,1,4,2,3,1,0,0,0
370,32,No,Travel_Rarely,1317,Sales,5,3,Life Sciences,1,3,Male,79,3,2,Sales Executive,4,Married,4657,4895,1,Y,No,11,3,4,80,1,12,2,3,9,7,7,7
371,30,No,Travel_Rarely,293,Research & Development,5,1,Life Sciences,1,4,Male,58,3,1,Laboratory Technician,4,Married,5044,3010,1,Y,No,25,4,4,80,0,8,2,3,4,3,1,3
372,31,No,Travel_Rarely,1499,Research & Development,9,3,Life Sciences,1,3,Male,40,3,1,Laboratory Technician,3,Married,2346,5506,1,Y,No,14,3,4,80,0,3,3,3,4,2,0,2
373,29,No,Travel_Rarely,1499,Research & Development,3,3,Life Sciences,1,3,Male,73,3,1,Laboratory Technician,4,Married,2446,11450,1,Y,No,21,3,3,80,1,7,3,3,4,3,0,0
374,31,No,Travel_Rarely,1341,Research & Development,3,3,Life Sciences,1,3,Male,100,3,1,Laboratory Technician,4,Married,3219,6319,1,Y,No,17,3,4,80,1,9,2,3,4,3,0,3
375,29,No,Travel_Rarely,1163,Research & Development,1,3,Life Sciences,1,1,Male,94,3,1,Laboratory Technician,4,Single,2023,2094,1,Y,No,13,3,3,80,0,7,2,3,1,0,0,0
376,39,No,Travel_Rarely,1343,Sales,5,3,Life Sciences,1,3,Male,81,3,2,Sales Executive,4,Married,5307,20958,1,Y,No,20,4,3,80,1,7,3,3,9,7,7,8
377,20,No,Travel_Rarely,1359,Research & Development,3,3,Life Sciences,1,2,Male,42,3,1,Laboratory Technician,3,Married,1870,4908,1,Y,No,17,3,3,80,0,1,2,3,2,0,0,0
378,37,No,Travel_Rarely,440,Sales,3,4,Life Sciences,1,2,Female,41,3,3,Sales Executive,4,Single,4696,23302,1,Y,No,18,3,3,80,0,10,3,3,10,7,0,8
379,28,No,Travel_Rarely,1084,Research & Development,2,3,Life Sciences,1,4,Male,90,3,2,Sales Executive,3,Married,4141,5721,1,Y,No,16,3,4,80,2,4,2,3,3,4,1,4
380,41,No,Travel_Rarely,1382,Research & Development,21,3,Life Sciences,1,3,Female,75,3,3,Healthcare Representative,3,Married,4850,7700,1,Y,No,12,3,3,80,1,10,3,3,11,11,3,8
381,29,No,Travel_Rarely,1375,Research & Development,9,3,Medical,1,3,Male,61,3,1,Research Scientist,3,Married,2911,23049,1,Y,No,12,3,3,80,1,5,2,3,5,2,0,2
382,53,No,Travel_Rarely,769,Research & Development,1,3,Life Sciences,1,1,Male,39,3,5,Manager,3,Single,17300,24219,2,Y,No,12,3,3,80,0,25,2,3,5,2,1,3
383,47,No,Travel_Rarely,1372,Human Resources,1,3,Life Sciences,1,3,Male,86,3,4,Manager,2,Married,15792,4573,1,Y,No,11,3,4,80,1,29,3,3,11,8,4,8
384,52,No,Travel_Rarely,228,Research & Development,2,3,Medical,1,3,Female,41,2,4,Research Director,4,Married,17412,22703,3,Y,No,23,3,3,80,0,32,3,3,5,2,1,4
385,30,No,Travel_Rarely,1166,Research & Development,7,3,Medical,1,4,Male,56,3,1,Research Scientist,4,Married,3015,3978,1,Y,No,13,3,3,80,1,7,2,2,6,3,1,3
386,40,No,Travel_Rarely,1275,Research & Development,8,3,Life Sciences,1,3,Male,48,3,3,Manager,3,Single,17799,2094,7,Y,No,13,3,4,80,0,19,2,3,19,11,4,12
387,27,No,Travel_Rarely,1272,Research & Development,8,3,Life Sciences,1,3,Male,44,3,1,Sales Representative,3,Married,2307,23666,1,Y,No,19,3,3,80,1,2,2,3,4,2,0,2
388,51,No,Travel_Rarely,770,Sales,2,4,Life Sciences,1,1,Male,40,3,3,Manager,1,Single,13532,18537,3,Y,No,19,3,3,80,0,30,2,3,3,3,0,0
389,57,No,Travel_Rarely,897,Sales,1,3,Life Sciences,1,1,Male,73,3,3,Sales Executive,4,Married,9536,12438,4,Y,No,11,3,3,80,1,16,2,3,0,0,0,1
390,37,No,Travel_Rarely,132,Sales,5,4,Marketing,1,2,Male,91,3,2,Sales Executive,4,Married,4165,20392,2,Y,No,11,3,3,80,0,8,2,3,6,4,0,0
391,39,No,Travel_Rarely,587,Research & Development,1,3,Medical,1,3,Male,91,3,1,Laboratory Technician,4,Married,4020,9250,4,Y,No,11,3,3,80,1,4,2,3,5,2,1,2
392,47,No,Travel_Rarely,312,Research & Development,4,3,Life Sciences,1,4,Male,80,3,1,Research Scientist,4,Single,2445,26255,1,Y,No,14,3,3,80,0,5,3,3,2,0,0,1
393,46,No,Travel_Rarely,1123,Sales,7,3,Life Sciences,1,3,Female,87,3,2,Sales Executive,4,Divorced,4252,24245,4,Y,No,18,3,3,80,1,12,2,3,3,2,0,2
394,48,No,Travel_Rarely,1335,Research & Development,4,4,Life Sciences,1,4,Male,35,3,2,Healthcare Representative,3,Married,4919,5557,1,Y,No,13,3,4,80,0,9,3,3,9,7,0,7
395,48,No,Travel_Rarely,1441,Sales,10,3,Life Sciences,1,3,Male,74,3,3,Sales Executive,4,Married,10830,6185,1,Y,No,11,3,4,80,1,37,2,3,19,8,7,7
396,25,No,Travel_Rarely,1225,Sales,7,3,Life Sciences,1,4,Male,88,3,2,Sales Executive,3,Married,6238,20590,1,Y,No,12,3,4,80,1,8,3,3,4,3,0,4
397,42,No,Travel_Rarely,1339,Research & Development,2,4,Life Sciences,1,4,Male,46,3,2,Research Scientist,3,Married,4605,4308,2,Y,No,22,3,2,80,1,9,2,3,2,2,2,2
398,49,No,Travel_Rarely,1207,Research & Development,9,3,Life Sciences,1,4,Female,64,3,2,Research Scientist,4,Married,4741,20166,1,Y,No,21,3,3,80,1,9,3,3,11,6,6,6
399,30,No,Travel_Rarely,1230,Research & Development,2,3,Life Sciences,1,4,Male,73,3,1,Research Scientist,3,Single,1009,25259,1,Y,No,13,3,3,80,0,2,2,3,0,0,0,0
400,51,No,Travel_Rarely,1499,Sales,1,4,Life Sciences,1,3,Male,78,3,3,Sales Executive,4,Married,7365,4910,1,Y,No,11,3,4,80,1,12,3,3,6,7,1,6
401,46,No,Travel_Rarely,649,Research & Development,2,3,Medical,1,3,Male,97,3,1,Laboratory Technician,4,Married,2168,7688,1,Y,No,11,3,3,80,0,5,2,3,3,2,1,2
402,55,No,Travel_Rarely,916,Research & Development,9,3,Life Sciences,1,4,Male,40,3,5,Manager,3,Married,18578,25717,2,Y,No,15,3,3,80,1,31,2,3,10,7,1,1
403,25,No,Travel_Rarely,290,Sales,9,3,Life Sciences,1,3,Male,45,3,1,Sales Representative,3,Married,1716,22139,1,Y,No,12,3,4,80,0,0,3,3,2,2,2,2
404,47,No,Travel_Rarely,1422,Research & Development,12,3,Life Sciences,1,4,Female,73,3,3,Manufacturing Director,3,Married,12134,25409,1,Y,No,11,3,3,80,0,10,3,3,17,11,7,4
405,56,No,Travel_Rarely,1258,Research & Development,7,4,Life Sciences,1,1,Male,82,3,3,Research Director,3,Single,16467,19495,3,Y,No,13,3,3,80,0,31,2,3,2,0,0,0
406,28,No,Travel_Rarely,1499,Research & Development,12,3,Life Sciences,1,4,Male,91,3,2,Manufacturing Director,3,Divorced,7523,25094,1,Y,No,14,3,3,80,1,8,3,3,9,7,0,6
407,36,No,Travel_Rarely,1246,Research & Development,4,3,Life Sciences,1,3,Male,75,3,1,Laboratory Technician,4,Married,4419,23374,4,Y,No,11,3,3,80,1,3,2,3,3,2,0,2
408,22,No,Travel_Rarely,336,Research & Development,6,3,Medical,1,3,Male,70,3,1,Research Scientist,3,Single,1612,24416,1,Y,No,12,3,3,80,0,2,2,3,3,2,0,0
409,36,No,Travel_Rarely,1193,Sales,6,3,Life Sciences,1,3,Male,95,3,2,Sales Executive,4,Married,6555,24857,1,Y,No,22,3,3,80,1,3,3,3,9,5,1,4
410,36,No,Travel_Rarely,1400,Sales,6,4,Marketing,1,2,Male,85,3,2,Sales Executive,4,Married,4390,11206,1,Y,No,16,3,3,80,0,9,2,3,6,7,0,7
411,38,No,Travel_Rarely,1398,Research & Development,2,3,Life Sciences,1,4,Female,37,3,3,Healthcare Representative,3,Single,5886,22283,3,Y,No,14,3,4,80,0,9,2,3,6,4,1,11
412,34,No,Travel_Rarely,239,Sales,1,3,Medical,1,3,Female,43,3,2,Sales Executive,3,Single,4475,21087,1,Y,No,22,4,4,80,0,8,2,3,10,8,10,9
413,45,No,Travel_Rarely,1499,Sales,6,4,Life Sciences,1,3,Male,46,3,2,Sales Executive,3,Married,2832,3260,2,Y,No,14,3,4,80,1,10,3,3,6,0,0,1
414,29,No,Travel_Rarely,1256,Research & Development,3,3,Medical,1,3,Male,83,3,1,Research Scientist,3,Married,2591,6311,1,Y,No,21,3,3,80,1,5,2,2,5,4,1,3
415,30,No,Travel_Rarely,1152,Research & Development,1,3,Medical,1,3,Male,80,3,1,Research Scientist,4,Married,2030,2524,1,Y,No,17,3,3,80,1,0,3,3,2,2,0,2
416,30,No,Travel_Rarely,1269,Research & Development,7,3,Life Sciences,1,4,Female,66,3,2,Manufacturing Director,4,Single,4384,19508,1,Y,No,18,3,4,80,0,9,3,3,9,7,1,8
417,22,No,Travel_Rarely,1362,Research & Development,2,3,Medical,1,4,Male,30,3,1,Research Scientist,4,Married,2570,5605,1,Y,No,20,3,4,80,0,0,3,3,1,2,2,2
418,54,No,Travel_Rarely,1351,Research & Development,1,3,Medical,1,3,Female,43,3,3,Healthcare Representative,3,Married,14483,24360,1,Y,No,12,3,4,80,1,22,3,3,21,11,12,15
419,24,No,Travel_Rarely,1182,Sales,23,3,Life Sciences,1,3,Male,39,3,2,Sales Executive,4,Single,3897,5177,1,Y,No,12,3,4,80,0,9,2,3,10,6,7,8
420,56,No,Travel_Rarely,1308,Research & Development,2,4,Life Sciences,1,3,Male,96,3,2,Research Scientist,3,Married,12062,3507,3,Y,No,12,3,4,80,0,22,2,3,11,8,4,7
421,45,No,Travel_Rarely,1461,Research & Development,5,3,Medical,1,3,Male,60,3,4,Research Director,2,Married,19347,23591,1,Y,No,11,3,4,80,1,31,3,3,23,9,12,10
422,38,No,Travel_Rarely,1283,Research & Development,3,3,Life Sciences,1,1,Male,78,3,1,Laboratory Technician,3,Married,4899,4386,4,Y,No,11,3,4,80,0,0,2,3,2,0,0,0
423,52,No,Travel_Rarely,1466,Research & Development,10,3,Life Sciences,1,3,Male,74,3,3,Research Director,3,Married,7949,5415,1,Y,No,12,3,4,80,1,20,3,3,11,8,7,7
424,22,No,Travel_Rarely,1339,Research & Development,10,3,Life Sciences,1,3,Male,83,3,1,Laboratory Technician,4,Single,2017,22890,1,Y,No,22,4,3,80,0,4,2,3,1,2,0,2
425,35,Yes,Travel_Rarely,1499,Sales,8,3,Marketing,1,4,Male,71,3,2,Sales Executive,3,Married,5610,23015,2,Y,No,11,3,3,80,0,7,2,3,2,0,0,0
426,23,No,Travel_Rarely,1321,Sales,8,3,Life Sciences,1,3,Male,33,3,2,Sales Executive,4,Single,5690,25599,1,Y,No,11,3,3,80,0,8,2,3,8,0,0,1
427,55,No,Travel_Rarely,1260,Research & Development,6,3,Life Sciences,1,3,Male,80,3,3,Manager,4,Married,11677,25550,3,Y,No,21,3,3,80,1,30,2,3,9,7,8,8
428,34,No,Travel_Rarely,525,Sales,9,3,Marketing,1,3,Male,93,3,2,Sales Executive,4,Married,5420,22612,1,Y,No,22,4,4,80,1,9,2,3,8,6,0,7
429,18,No,Travel_Rarely,1359,Research & Development,5,3,Medical,1,3,Male,65,2,1,Research Scientist,4,Single,3288,26315,1,Y,No,24,4,3,80,0,2,3,3,3,0,0,1
430,48,No,Travel_Rarely,1412,Research & Development,1,4,Medical,1,3,Male,89,3,1,Research Scientist,4,Married,5433,6381,4,Y,No,17,4,3,80,1,11,2,3,0,1,0,0
431,24,Yes,Travel_Rarely,1264,Sales,7,3,Life Sciences,1,3,Male,76,3,1,Sales Representative,4,Married,4281,26999,1,Y,No,11,3,3,80,0,7,3,3,3,0,0,0
432,19,No,Travel_Rarely,210,Sales,9,4,Marketing,1,2,Male,38,3,2,Sales Executive,3,Single,4089,21895,1,Y,No,11,3,4,80,0,9,2,3,3,4,0,4
433,24,No,Travel_Rarely,1164,Research & Development,1,3,Life Sciences,1,3,Male,63,3,1,Laboratory Technician,3,Married,1297,23088,1,Y,No,12,3,3,80,1,1,2,3,2,2,0,2
434,28,No,Travel_Rarely,779,Sales,9,3,Life Sciences,1,3,Male,82,3,1,Laboratory Technician,4,Married,6110,24102,1,Y,No,15,3,3,80,1,6,2,3,1,0,0,0
435,28,No,Travel_Rarely,569,Research & Development,3,3,Life Sciences,1,1,Male,98,3,1,Laboratory Technician,3,Married,2888,22116,3,Y,No,15,3,3,80,0,4,2,3,1,0,0,0
436,43,No,Travel_Rarely,1419,Sales,1,4,Life Sciences,1,3,Male,49,3,3,Sales Executive,3,Married,13997,6382,2,Y,No,11,3,3,80,1,32,2,3,1,0,0,1
437,52,No,Travel_Rarely,312,Sales,7,3,Life Sciences,1,4,Male,68,3,3,Sales Executive,3,Single,8967,22684,2,Y,No,13,3,3,80,0,16,2,3,2,0,0,0
438,27,No,Travel_Rarely,1208,Research & Development,7,3,Life Sciences,1,4,Male,40,3,2,Laboratory Technician,4,Married,5237,10958,1,Y,No,13,3,4,80,1,10,3,3,11,7,1,7
439,53,No,Travel_Rarely,1194,Research & Development,4,4,Life Sciences,1,3,Male,73,3,3,Healthcare Representative,4,Married,8365,7831,4,Y,No,11,3,3,80,1,21,2,3,4,0,0,0
440,60,No,Travel_Rarely,1137,Research & Development,6,3,Life Sciences,1,4,Male,49,3,4,Manager,4,Divorced,17791,10034,3,Y,No,11,3,3,80,1,38,2,3,7,8,1,3
441,30,No,Travel_Rarely,1311,Research & Development,7,3,Life Sciences,1,3,Male,73,3,2,Laboratory Technician,3,Married,5380,2268,2,Y,No,14,3,4,80,1,8,2,3,2,0,0,0
442,42,No,Travel_Rarely,1360,Sales,6,4,Marketing,1,3,Male,46,3,2,Sales Executive,4,Married,5346,4080,2,Y,No,15,3,3,80,1,11,2,3,8,8,0,8
443,28,No,Travel_Rarely,1499,Sales,8,1,Life Sciences,1,4,Male,33,3,1,Sales Representative,4,Single,4307,4838,1,Y,No,11,3,1,80,0,2,3,3,4,3,1,4
444,30,No,Travel_Rarely,1315,Sales,7,1,Life Sciences,1,2,Male,42,3,1,Sales Representative,4,Married,1959,2285,1,Y,No,25,4,1,80,1,1,3,3,4,0,0,0
445,18,No,Travel_Rarely,1261,Research & Development,2,3,Life Sciences,1,3,Male,83,3,1,Laboratory Technician,3,Married,2798,25275,1,Y,No,11,3,4,80,0,0,2,3,1,0,0,0
446,54,No,Travel_Rarely,1398,Research & Development,1,4,Life Sciences,1,4,Female,95,3,2,Healthcare Representative,3,Married,6110,21679,3,Y,No,13,3,3,80,1,8,3,3,5,3,1,7
447,48,No,Travel_Rarely,1347,Research & Development,2,4,Medical,1,4,Female,61,3,4,Healthcare Representative,4,Married,10681,21946,3,Y,No,24,4,3,80,1,18,3,3,7,7,1,7
448,44,No,Travel_Rarely,1198,Research & Development,8,4,Life Sciences,1,4,Male,74,3,1,Research Scientist,3,Married,2133,21138,3,Y,No,20,3,3,80,0,9,3,3,4,2,0,2
449,35,No,Travel_Rarely,882,Research & Development,3,4,Life Sciences,1,1,Male,37,3,1,Research Scientist,3,Single,4549,22698,2,Y,No,13,3,4,80,0,11,2,3,2,2,0,2
450,54,No,Travel_Rarely,1343,Sales,1,3,Marketing,1,3,Male,69,3,4,Manager,4,Married,19419,5649,1,Y,No,12,3,4,80,1,25,3,3,25,11,12,12
451,52,No,Travel_Rarely,172,Sales,1,4,Marketing,1,4,Female,64,3,3,Sales Executive,4,Single,10001,22599,2,Y,No,14,3,3,80,0,23,3,3,2,0,0,1
452,54,No,Travel_Rarely,1395,Research & Development,1,3,Life Sciences,1,3,Male,81,3,2,Laboratory Technician,3,Married,2924,25894,4,Y,No,11,3,3,80,1,5,2,3,2,0,0,0
453,51,No,Travel_Rarely,423,Sales,9,3,Life Sciences,1,4,Male,30,3,4,Manager,4,Married,11063,22707,2,Y,No,11,3,3,80,1,31,2,3,6,5,0,3
454,52,No,Travel_Rarely,1330,Sales,5,4,Marketing,1,3,Male,85,3,2,Sales Executive,4,Divorced,12565,5794,1,Y,No,11,3,3,80,1,8,3,3,9,0,0,1
455,49,No,Travel_Rarely,1003,Research & Development,2,3,Life Sciences,1,1,Male,42,3,5,Manager,3,Single,17647,24263,2,Y,No,14,3,4,80,0,23,2,3,19,7,12,11
456,39,No,Travel_Rarely,1269,Research & Development,2,3,Life Sciences,1,4,Female,77,3,3,Healthcare Representative,3,Married,10175,24353,1,Y,No,23,4,4,80,1,21,3,3,21,14,14,11
457,50,No,Travel_Rarely,1009,Research & Development,1,4,Life Sciences,1,4,Male,86,3,3,Research Director,3,Single,12100,25311,3,Y,No,12,3,3,80,0,17,2,3,5,2,0,2
458,48,No,Travel_Rarely,1305,Research & Development,10,3,Medical,1,3,Male,43,3,2,Healthcare Representative,3,Divorced,5082,5241,2,Y,No,13,3,3,80,1,21,2,3,5,7,0,7
459,51,No,Travel_Rarely,1499,Research & Development,6,3,Life Sciences,1,4,Female,30,3,3,Manufacturing Director,3,Married,4936,22589,2,Y,No,11,3,4,80,1,18,3,3,13,7,1,8
460,45,No,Travel_Rarely,1157,Sales,3,3,Medical,1,3,Male,39,3,1,Sales Representative,3,Married,2427,5429,1,Y,No,11,3,4,80,1,5,2,3,4,2,1,2
461,23,No,Travel_Rarely,1449,Research & Development,6,3,Life Sciences,1,4,Female,41,3,2,Manufacturing Director,4,Single,6069,23781,1,Y,No,25,4,4,80,0,6,2,3,10,4,1,3
462,41,No,Travel_Rarely,1270,Sales,8,3,Life Sciences,1,4,Male,72,3,1,Sales Executive,3,Married,3428,25189,0,Y,No,11,3,3,80,0,2,3,3,3,2,0,2
463,34,No,Travel_Rarely,1013,Research & Development,4,3,Life Sciences,1,3,Male,94,3,1,Laboratory Technician,4,Married,2500,11984,1,Y,No,19,3,3,80,0,5,2,3,3,4,0,4
464,18,No,Travel_Rarely,1389,Research & Development,9,3,Life Sciences,1,4,Male,33,3,2,Research Scientist,3,Single,5369,19437,2,Y,No,12,3,3,80,0,6,2,3,1,2,0,2
465,26,No,Travel_Rarely,1413,Research & Development,3,3,Life Sciences,1,1,Male,89,3,1,Laboratory Technician,3,Married,2105,3595,1,Y,No,13,3,3,80,0,7,2,3,2,1,0,0
466,39,No,Travel_Rarely,1265,Sales,29,4,Marketing,1,4,Male,80,3,2,Sales Executive,2,Married,7663,4636,3,Y,No,14,3,3,80,1,10,3,3,3,0,0,1
467,53,No,Travel_Rarely,1420,Research & Development,6,4,Life Sciences,1,3,Female,89,3,2,Research Scientist,3,Single,4587,4431,1,Y,No,14,3,4,80,0,10,3,3,15,9,4,11
468,58,No,Travel_Rarely,1303,Research & Development,1,4,Life Sciences,1,4,Female,40,3,4,Research Director,3,Married,19937,17753,3,Y,No,14,3,3,80,1,19,3,3,7,2,1,3
469,35,No,Travel_Rarely,710,Sales,7,3,Life Sciences,1,3,Male,91,3,3,Sales Executive,4,Married,7092,22735,1,Y,No,22,4,3,80,1,15,2,3,8,7,0,9
470,31,No,Travel_Rarely,1419,Research & Development,1,3,Life Sciences,1,4,Male,70,3,1,Research Scientist,3,Married,3167,6568,0,Y,No,11,3,3,80,1,6,3,3,6,3,1,2
471,29,No,Travel_Rarely,550,Sales,4,1,Life Sciences,1,3,Male,94,3,1,Sales Representative,4,Married,2302,19055,1,Y,No,21,4,3,80,1,4,3,3,4,2,0,2
472,21,No,Travel_Rarely,1044,Sales,5,1,Life Sciences,1,3,Male,57,3,2,Sales Executive,4,Married,4071,25795,1,Y,No,11,3,4,80,1,3,2,3,4,3,1,4
473,40,No,Travel_Rarely,1354,Research & Development,5,3,Life Sciences,1,3,Female,81,3,2,Manufacturing Director,4,Married,5842,25121,1,Y,No,20,4,3,80,1,10,3,3,9,8,7,8
474,50,No,Travel_Rarely,1443,Human Resources,2,4,Life Sciences,1,3,Male,78,3,5,Manager,2,Married,14253,5346,1,Y,No,12,3,4,80,1,30,2,3,17,8,4,7
475,37,No,Travel_Rarely,1256,Research & Development,10,4,Life Sciences,1,2,Male,70,3,2,Sales Executive,4,Married,4005,6926,1,Y,No,12,3,3,80,0,10,2,3,7,8,0,7
476,54,No,Travel_Rarely,313,Sales,2,4,Life Sciences,1,4,Female,81,3,4,Manager,4,Single,16974,20781,3,Y,No,14,3,3,80,0,35,3,3,16,7,2,1
477,41,No,Travel_Rarely,1289,Research & Development,24,3,Life Sciences,1,3,Female,95,3,2,Manufacturing Director,3,Married,5756,22217,1,Y,No,18,3,4,80,1,11,2,3,9,15,10,9
478,27,No,Travel_Rarely,173,Research & Development,8,3,Life Sciences,1,3,Male,80,3,1,Laboratory Technician,4,Single,5161,23282,1,Y,No,12,3,3,80,0,4,2,3,3,0,0,0
479,57,No,Travel_Rarely,1383,Research & Development,9,4,Life Sciences,1,4,Male,89,3,5,Research Director,3,Single,18312,24043,3,Y,No,13,3,3,80,0,24,3,3,15,0,0,9
480,38,No,Travel_Rarely,1357,Sales,12,3,Marketing,1,3,Male,40,3,2,Sales Executive,3,Married,4540,6063,1,Y,No,23,3,4,80,1,8,2,3,8,6,0,6
481,47,No,Travel_Rarely,1380,Research & Development,8,3,Life Sciences,1,3,Male,90,3,3,Healthcare Representative,4,Married,12038,6264,1,Y,No,12,3,4,80,1,11,2,3,9,7,7,7
482,59,No,Travel_Rarely,1499,Research & Development,2,4,Life Sciences,1,4,Male,89,3,4,Research Director,1,Married,15954,19330,3,Y,No,20,3,3,80,0,25,2,3,5,3,0,6
483,34,No,Travel_Rarely,1448,Research & Development,3,3,Medical,1,3,Male,73,3,1,Research Scientist,4,Married,4909,3823,4,Y,No,18,3,3,80,1,5,2,3,2,2,0,2
484,51,No,Travel_Rarely,1316,Research & Development,1,4,Life Sciences,1,4,Male,88,3,3,Sales Executive,1,Married,5339,5551,4,Y,No,11,3,3,80,1,10,2,3,3,2,1,2
485,53,No,Travel_Rarely,1261,Sales,5,3,Life Sciences,1,4,Male,92,3,3,Sales Executive,4,Married,9436,24982,4,Y,No,11,3,3,80,1,30,2,3,1,0,0,0
486,32,No,Travel_Rarely,217,Sales,6,4,Life Sciences,1,2,Male,82,3,3,Sales Executive,4,Married,7066,5037,1,Y,No,18,4,3,80,1,11,2,3,9,9,7,7
487,49,Yes,Travel_Rarely,1085,Research & Development,2,3,Life Sciences,1,1,Male,37,3,3,Sales Executive,3,Married,9099,26481,2,Y,Yes,15,3,3,80,0,13,2,3,1,0,0,0
488,34,No,Travel_Rarely,102,Sales,10,3,Marketing,1,3,Male,30,3,2,Sales Executive,4,Single,2861,23775,1,Y,No,11,3,1,80,0,4,3,3,3,4,0,1
489,31,Yes,Travel_Rarely,303,Research & Development,3,3,Life Sciences,1,4,Male,79,3,1,Laboratory Technician,3,Single,4143,23770,3,Y,No,12,3,3,80,0,3,2,3,2,0,0,0
490,46,No,Travel_Rarely,1393,Research & Development,7,4,Life Sciences,1,4,Female,79,3,3,Manufacturing Director,3,Married,11725,20860,3,Y,No,11,3,3,80,1,10,3,3,10,7,0,7
491,33,No,Travel_Rarely,1192,Research & Development,2,4,Life Sciences,1,4,Male,52,3,2,Research Scientist,4,Married,3783,2952,3,Y,No,24,4,2,80,1,9,3,3,11,6,0,7
492,26,No,Travel_Rarely,399,Research & Development,2,3,Life Sciences,1,4,Male,35,3,1,Research Scientist,3,Single,5414,5741,1,Y,No,13,3,4,80,0,5,3,3,5,3,1,2
493,34,No,Travel_Rarely,425,Research & Development,20,3,Life Sciences,1,3,Male,89,3,3,Healthcare Representative,1,Married,9113,24696,3,Y,No,24,3,4,80,1,11,2,3,9,6,1,7
494,38,Yes,Travel_Rarely,1457,Research & Development,1,4,Life Sciences,1,1,Male,30,3,1,Laboratory Technician,3,Single,2872,22336,6,Y,No,12,3,4,80,0,3,2,3,1,2,0,2
495,28,No,Travel_Rarely,1197,Sales,2,4,Marketing,1,3,Male,41,3,2,Sales Executive,4,Married,5838,24707,1,Y,No,14,3,4,80,0,10,2,3,5,4,0,3
496,28,No,Travel_Rarely,314,Sales,5,3,Life Sciences,1,3,Male,64,3,2,Sales Executive,3,Single,8385,24571,1,Y,No,12,3,4,80,0,6,2,3,7,3,0,4
497,29,No,Travel_Rarely,360,Sales,7,3,Life Sciences,1,3,Female,71,3,2,Sales Executive,1,Single,6004,26035,3,Y,No,17,3,3,80,0,9,2,3,1,2,0,0
498,30,No,Travel_Rarely,702,Research & Development,13,3,Life Sciences,1,2,Male,64,3,1,Laboratory Technician,4,Married,2352,21138,1,Y,No,11,3,1,80,1,11,3,3,5,3,1,4
499,36,No,Travel_Rarely,148,Sales,10,4,Marketing,1,3,Male,74,2,2,Sales Executive,4,Married,5349,26999,4,Y,No,14,3,3,80,1,19,2,3,19,7,0,0
500,25,No,Travel_Rarely,1243,Sales,4,3,Life Sciences,1,4,Male,44,3,1,Sales Representative,4,Single,2745,6592,1,Y,No,20,3,4,80,0,8,3,3,6,6,1,6
501,52,No,Travel_Rarely,142,Sales,1,3,Life Sciences,1,3,Female,86,2,4,Manager,4,Married,19248,26999,1,Y,No,11,3,4,80,0,26,3,3,21,13,12,12
502,29,No,Travel_Rarely,1269,Sales,2,3,Life Sciences,1,3,Male,46,3,2,Sales Executive,3,Married,5357,20154,2,Y,No,11,3,4,80,1,4,3,3,1,2,0,2
503,48,No,Travel_Rarely,1378,Research & Development,7,4,Life Sciences,1,3,Male,77,2,2,Manufacturing Director,3,Married,5925,23504,2,Y,No,13,3,3,80,1,9,3,3,9,0,0,1
504,40,No,Travel_Rarely,1322,Sales,9,3,Life Sciences,1,3,Male,46,3,2,Sales Executive,3,Married,4868,4576,1,Y,No,11,3,4,80,0,7,3,3,4,4,0,4
505,25,No,Travel_Rarely,1499,Research & Development,11,1,Life Sciences,1,3,Male,74,3,1,Laboratory Technician,4,Married,2797,24790,1,Y,No,24,3,4,80,1,0,2,3,1,1,0,2
506,29,No,Travel_Rarely,950,Sales,10,3,Life Sciences,1,1,Male,50,3,3,Sales Executive,3,Married,11579,23429,2,Y,No,11,3,4,80,0,16,2,3,8,7,6,7
507,55,No,Travel_Rarely,1097,Research & Development,3,4,Life Sciences,1,4,Male,43,3,4,Research Director,3,Single,15529,24258,2,Y,No,14,3,3,80,0,17,2,3,1,2,0,2
508,55,No,Travel_Rarely,1336,Research & Development,3,4,Life Sciences,1,4,Male,35,3,3,Healthcare Representative,3,Single,10061,7587,3,Y,No,12,3,4,80,0,10,3,3,6,3,1,3
509,58,No,Travel_Rarely,1064,Research & Development,5,3,Medical,1,3,Female,91,3,5,Research Director,3,Married,18852,21128,3,Y,No,13,3,3,80,1,23,2,3,16,7,4,6
510,60,No,Travel_Rarely,1318,Research & Development,10,3,Life Sciences,1,4,Male,38,3,5,Research Director,3,Married,19999,20302,3,Y,No,14,3,4,80,0,31,3,3,7,4,1,3
511,37,No,Travel_Rarely,1307,Sales,4,3,Life Sciences,1,3,Male,39,3,1,Sales Representative,4,Married,3508,2902,1,Y,No,17,3,4,80,1,10,2,3,9,7,0,7
512,23,No,Travel_Rarely,1465,Research & Development,11,3,Life Sciences,1,3,Male,75,3,1,Laboratory Technician,3,Married,3158,4075,1,Y,No,11,3,4,80,1,3,2,3,3,0,0,0
513,28,No,Travel_Rarely,1452,Sales,9,3,Life Sciences,1,3,Male,81,3,2,Sales Executive,4,Married,4523,4937,1,Y,No,11,3,3,80,1,8,3,3,4,0,0,0
514,52,No,Travel_Rarely,1161,Research & Development,1,3,Life Sciences,1,4,Male,38,3,1,Research Scientist,3,Single,3089,26182,2,Y,No,15,3,3,80,0,3,2,3,1,2,1,2
515,29,No,Travel_Rarely,1288,Research & Development,2,3,Life Sciences,1,3,Male,85,3,1,Laboratory Technician,3,Married,2994,22889,1,Y,No,12,3,3,80,1,1,2,3,2,2,0,2
516,51,No,Travel_Rarely,1499,Research & Development,7,3,Medical,1,4,Female,70,3,2,Manufacturing Director,3,Single,5522,24827,3,Y,No,21,4,3,80,0,9,3,3,6,2,1,2
517,31,No,Travel_Rarely,1234,Sales,7,3,Life Sciences,1,4,Male,38,3,2,Sales Executive,3,Married,3809,23271,1,Y,No,12,3,3,80,1,8,3,3,5,2,0,2
518,22,No,Travel_Rarely,1469,Research & Development,9,1,Life Sciences,1,4,Male,68,3,1,Research Scientist,4,Single,2416,23896,1,Y,No,12,3,3,80,0,4,3,3,1,2,1,2
519,47,No,Travel_Rarely,1367,Sales,2,3,Life Sciences,1,1,Male,98,3,4,Manager,3,Married,18812,3189,1,Y,No,15,3,4,80,1,25,2,3,13,10,12,12
520,41,No,Travel_Rarely,1303,Sales,6,4,Life Sciences,1,4,Male,83,3,3,Sales Executive,4,Married,14725,22877,3,Y,No,23,4,3,80,1,10,3,3,7,6,0,6
521,33,No,Travel_Rarely,1075,Research & Development,8,1,Life Sciences,1,4,Male,67,3,1,Laboratory Technician,4,Married,2524,25316,1,Y,No,23,3,3,80,1,3,3,3,9,2,0,7
522,37,No,Travel_Rarely,1226,Sales,3,3,Marketing,1,4,Male,35,3,2,Sales Executive,3,Married,3994,20728,1,Y,No,11,3,4,80,0,4,3,3,5,2,0,2
523,40,No,Travel_Rarely,102,Sales,4,3,Life Sciences,1,3,Male,86,2,3,Sales Executive,4,Married,13008,24638,1,Y,No,25,3,4,80,1,13,2,3,15,8,14,8
524,31,No,Travel_Rarely,1221,Research & Development,3,3,Life Sciences,1,3,Male,39,3,1,Research Scientist,4,Single,2966,3498,1,Y,No,15,3,4,80,0,6,2,3,1,2,0,2
525,51,No,Travel_Rarely,812,Research & Development,2,4,Medical,1,4,Male,87,3,4,Research Director,4,Married,16206,22610,3,Y,No,24,4,3,80,0,23,2,3,5,2,0,3
526,52,No,Travel_Rarely,319,Sales,7,3,Life Sciences,1,2,Female,89,3,3,Sales Executive,4,Married,9851,21580,3,Y,No,22,4,3,80,0,9,3,3,1,0,0,0
527,33,No,Travel_Rarely,1341,Research & Development,3,4,Life Sciences,1,2,Male,46,3,2,Sales Executive,3,Married,4445,5886,2,Y,No,13,3,4,80,1,9,2,3,1,0,0,0
528,33,Yes,Travel_Rarely,904,Sales,8,3,Marketing,1,3,Male,93,3,1,Sales Representative,4,Married,2873,22369,1,Y,No,11,3,1,80,0,4,3,3,2,2,0,3
529,31,No,Travel_Rarely,1357,Research & Development,3,4,Life Sciences,1,4,Male,44,3,2,Research Scientist,3,Married,6423,2443,1,Y,No,15,3,4,80,1,11,2,3,5,4,0,7
530,35,No,Travel_Rarely,357,Sales,7,3,Marketing,1,4,Male,75,3,3,Sales Executive,4,Married,7737,3583,1,Y,No,25,3,3,80,1,9,3,3,6,7,1,7
531,51,Yes,Travel_Rarely,347,Sales,12,3,Life Sciences,1,1,Male,71,3,2,Sales Executive,4,Married,3058,22792,3,Y,No,11,3,3,80,0,7,2,3,1,0,0,0
532,25,No,Travel_Rarely,1281,Research & Development,1,3,Medical,1,4,Male,85,3,1,Research Scientist,4,Married,2532,5378,1,Y,No,13,3,3,80,1,11,2,3,6,3,1,3
533,54,No,Travel_Rarely,975,Research & Development,2,4,Life Sciences,1,4,Male,52,3,5,Manager,3,Married,19999,21567,2,Y,No,11,3,3,80,0,26,2,3,5,3,1,3
534,46,No,Travel_Rarely,1254,Research & Development,10,3,Life Sciences,1,4,Female,41,3,3,Healthcare Representative,3,Single,7611,24156,3,Y,No,11,3,4,80,0,11,3,3,5,4,1,3
535,24,No,Travel_Rarely,1094,Research & Development,7,3,Life Sciences,1,4,Male,95,3,1,Research Scientist,4,Married,1520,6416,1,Y,No,13,3,3,80,0,3,2,3,4,4,1,4
536,27,No,Travel_Rarely,1282,Research & Development,1,1,Medical,1,3,Male,86,3,1,Laboratory Technician,4,Married,3215,5072,1,Y,No,23,4,4,80,1,3,2,3,4,4,1,2
537,37,No,Travel_Rarely,1368,Research & Development,6,3,Life Sciences,1,3,Male,68,3,2,Laboratory Technician,4,Married,5126,22393,1,Y,No,21,4,4,80,0,25,2,3,11,6,3,8
538,43,No,Travel_Rarely,1406,Sales,9,3,Life Sciences,1,3,Male,73,3,2,Sales Executive,3,Divorced,4308,2588,1,Y,No,14,3,4,80,1,20,2,3,9,9,7,6
539,33,No,Travel_Rarely,1307,Research & Development,2,3,Life Sciences,1,4,Male,46,3,2,Research Scientist,3,Married,5220,6017,1,Y,No,13,3,4,80,1,11,3,3,10,8,1,8
540,22,No,Travel_Rarely,497,Sales,7,3,Medical,1,3,Male,89,3,1,Sales Representative,3,Married,2720,22037,1,Y,No,12,3,3,80,0,3,3,3,5,2,0,2
541,24,No,Travel_Rarely,412,Sales,6,3,Life Sciences,1,3,Male,87,3,2,Sales Representative,4,Married,3284,6367,1,Y,No,11,3,4,80,0,9,2,3,7,2,0,6
542,54,No,Travel_Rarely,1326,Research & Development,3,3,Medical,1,4,Male,34,3,5,Research Director,3,Married,19999,4696,2,Y,No,13,3,2,80,1,32,3,3,4,7,1,7
543,51,No,Travel_Rarely,424,Sales,10,3,Life Sciences,1,3,Male,87,2,2,Sales Executive,4,Married,4793,23155,4,Y,No,14,3,3,80,1,8,3,3,1,0,0,1
544,21,No,Travel_Rarely,270,Sales,3,3,Life Sciences,1,1,Male,51,3,2,Sales Representative,4,Single,4916,24649,1,Y,No,16,3,4,80,0,4,2,3,8,4,0,4
545,53,No,Travel_Rarely,1338,Sales,10,3,Life Sciences,1,4,Male,76,3,4,Manager,4,Divorced,12070,21535,2,Y,No,13,3,3,80,1,20,2,3,5,0,0,0
546,36,No,Travel_Rarely,1310,Sales,1,4,Life Sciences,1,3,Male,97,3,2,Sales Executive,4,Married,4345,5543,1,Y,No,22,4,1,80,1,11,2,3,9,7,6,6
547,35,No,Travel_Rarely,1189,Sales,8,3,Life Sciences,1,3,Male,48,3,2,Sales Executive,4,Married,4391,24117,1,Y,No,12,3,1,80,0,8,2,3,4,3,0,4
548,34,No,Travel_Rarely,1182,Sales,3,3,Medical,1,3,Female,88,3,3,Sales Executive,3,Married,7844,22405,3,Y,No,13,3,4,80,0,34,2,3,14,7,6,7
549,46,No,Travel_Rarely,1355,Sales,2,4,Marketing,1,1,Male,66,3,2,Sales Executive,3,Married,9591,7467,2,Y,No,11,3,4,80,0,10,3,3,5,2,2,2
550,33,No,Travel_Rarely,1122,Research & Development,5,4,Life Sciences,1,2,Male,63,3,2,Laboratory Technician,4,Married,4417,7928,1,Y,No,13,3,3,80,1,9,2,3,9,0,0,0
551,33,No,Travel_Rarely,1331,Sales,8,3,Life Sciences,1,3,Male,72,2,2,Laboratory Technician,4,Married,2952,21741,1,Y,No,23,3,3,80,1,0,2,3,7,1,0,1
552,34,No,Travel_Rarely,1252,Research & Development,2,3,Life Sciences,1,4,Male,42,3,2,Research Scientist,3,Married,3354,4592,1,Y,No,14,3,3,80,1,9,3,3,7,4,1,4
553,33,No,Travel_Rarely,1174,Sales,7,3,Life Sciences,1,2,Male,59,3,1,Sales Representative,4,Single,4968,22228,1,Y,No,11,3,4,80,0,7,2,3,5,3,0,3
554,47,No,Travel_Rarely,307,Sales,5,4,Life Sciences,1,3,Male,66,3,3,Sales Executive,1,Married,10904,5375,1,Y,No,11,3,4,80,0,9,3,3,9,8,0,7
555,29,No,Travel_Rarely,1428,Research & Development,5,1,Life Sciences,1,4,Male,85,3,1,Laboratory Technician,4,Single,3412,21764,1,Y,No,11,3,3,80,0,4,3,3,4,0,0,0
556,29,No,Travel_Rarely,1100,Sales,9,3,Life Sciences,1,4,Male,30,3,1,Sales Representative,3,Married,2101,4137,1,Y,No,14,3,4,80,0,0,3,3,3,2,0,2
557,27,No,Travel_Rarely,1149,Research & Development,10,3,Life Sciences,1,3,Male,36,3,2,Laboratory Technician,4,Single,5649,24635,1,Y,No,24,4,4,80,0,9,2,3,8,10,7,8
558,24,No,Travel_Rarely,1375,Research & Development,2,1,Medical,1,3,Male,68,3,1,Laboratory Technician,4,Married,1918,21824,1,Y,No,11,3,3,80,1,4,2,3,2,2,0,2
559,49,No,Travel_Rarely,263,Sales,7,3,Life Sciences,1,4,Female,72,3,2,Sales Executive,4,Single,6237,24280,3,Y,No,11,3,3,80,0,5,3,3,3,0,0,0
560,26,No,Travel_Rarely,1448,Research & Development,3,4,Life Sciences,1,4,Male,82,3,1,Research Scientist,3,Married,4909,23204,2,Y,No,15,3,3,80,1,8,2,3,4,2,0,2
561,36,No,Travel_Rarely,1418,Research & Development,2,3,Medical,1,1,Male,39,3,1,Laboratory Technician,3,Single,3421,5519,1,Y,No,11,3,4,80,0,6,2,3,3,4,1,4
562,29,No,Travel_Rarely,345,Research & Development,7,3,Life Sciences,1,3,Male,74,3,1,Research Scientist,4,Single,2730,6541,1,Y,No,22,4,3,80,0,7,3,3,5,2,0,2
563,35,No,Travel_Rarely,102,Sales,4,3,Life Sciences,1,3,Male,99,3,1,Sales Representative,4,Single,1638,24310,1,Y,No,13,3,3,80,0,1,2,3,4,2,0,0
564,32,Yes,Travel_Rarely,203,Sales,7,3,Life Sciences,1,3,Male,80,3,1,Sales Representative,4,Married,2405,22007,3,Y,No,23,3,4,80,0,7,2,3,2,0,0,0
565,30,No,Travel_Rarely,1330,Sales,7,4,Life Sciences,1,4,Male,53,3,2,Sales Executive,3,Single,4876,21373,2,Y,No,11,3,4,80,0,4,2,3,4,4,0,0
566,51,No,Travel_Rarely,1373,Sales,11,4,Life Sciences,1,4,Male,33,3,3,Sales Executive,3,Married,15262,24751,2,Y,No,11,3,3,80,1,13,2,3,5,2,2,2
567,30,No,Travel_Rarely,1425,Sales,10,2,Life Sciences,1,3,Male,36,3,2,Sales Representative,3,Married,6415,3644,1,Y,No,14,3,1,80,1,6,3,3,9,3,0,8
568,35,No,Travel_Rarely,253,Sales,6,4,Life Sciences,1,4,Male,46,3,2,Sales Executive,4,Single,4392,3777,1,Y,No,13,3,4,80,0,12,3,3,11,7,0,7
569,24,No,Travel_Rarely,170,Sales,9,3,Marketing,1,4,Male,76,3,2,Sales Executive,4,Single,5248,23805,2,Y,No,12,3,3,80,0,5,3,3,0,0,0,0
570,25,No,Travel_Rarely,1475,Research & Development,2,3,Life Sciences,1,3,Male,89,3,1,Laboratory Technician,4,Married,3152,22855,1,Y,No,12,3,3,80,1,0,2,3,0,0,0,1
571,58,No,Travel_Rarely,1229,Research & Development,8,4,Life Sciences,1,4,Male,46,3,3,Healthcare Representative,3,Single,13894,19294,2,Y,No,12,3,4,80,0,20,3,3,7,8,4,6
572,27,No,Travel_Rarely,1132,Human Resources,4,3,Life Sciences,1,1,Male,39,3,2,Human Resources,3,Married,10240,5678,2,Y,No,12,3,4,80,1,8,2,3,1,2,0,2
573,31,No,Travel_Rarely,1402,Research & Development,4,3,Life Sciences,1,3,Male,47,3,2,Laboratory Technician,4,Married,6327,24823,0,Y,No,18,3,4,80,0,3,3,3,1,2,2,2
574,46,No,Travel_Rarely,1393,Research & Development,2,4,Life Sciences,1,4,Male,83,3,2,Research Scientist,1,Married,2307,4783,3,Y,No,19,3,3,80,1,13,2,3,7,6,0,6
575,49,No,Travel_Rarely,1334,Research & Development,2,3,Life Sciences,1,3,Male,48,3,5,Manager,3,Married,19646,23748,3,Y,No,11,3,4,80,0,32,2,3,6,3,1,8
576,55,No,Travel_Rarely,1392,Research & Development,7,3,Life Sciences,1,3,Male,77,3,3,Healthcare Representative,1,Married,9118,4048,3,Y,No,14,3,3,80,1,9,3,3,9,9,4,7
577,54,No,Travel_Rarely,1201,Research & Development,1,3,Life Sciences,1,4,Male,92,3,4,Research Director,3,Married,15251,20366,3,Y,No,11,3,4,80,0,21,3,3,18,10,4,12
578,58,No,Travel_Rarely,1360,Research & Development,2,4,Life Sciences,1,1,Male,43,3,2,Healthcare Representative,3,Married,4808,20236,2,Y,No,13,3,3,80,1,7,2,3,2,2,0,2
579,32,No,Travel_Rarely,836,Research & Development,8,3,Life Sciences,1,3,Male,58,3,1,Laboratory Technician,4,Married,5861,22696,1,Y,No,12,3,4,80,1,12,2,3,5,3,0,3
580,27,No,Travel_Rarely,1288,Research & Development,23,3,Life Sciences,1,3,Female,40,3,1,Research Scientist,3,Married,5195,6154,1,Y,No,21,4,3,80,1,7,3,3,6,4,1,4
581,29,No,Travel_Rarely,1360,Research & Development,5,3,Life Sciences,1,4,Male,39,3,2,Laboratory Technician,4,Married,5031,2094,1,Y,No,14,3,4,80,1,8,3,3,10,7,6,7
582,33,No,Travel_Rarely,1424,Research & Development,3,3,Medical,1,3,Male,72,3,3,Healthcare Representative,3,Married,11688,6671,1,Y,No,11,3,4,80,1,21,2,3,9,9,7,8
583,18,No,Travel_Rarely,1309,Research & Development,1,1,Life Sciences,1,4,Male,30,3,1,Laboratory Technician,3,Single,2755,3814,1,Y,No,13,3,4,80,0,5,3,3,1,2,1,2
584,39,No,Travel_Rarely,1360,Sales,3,4,Life Sciences,1,3,Male,96,3,2,Sales Executive,4,Married,5875,5482,1,Y,No,19,3,1,80,1,10,2,3,12,8,5,7
585,34,No,Travel_Rarely,1433,Research & Development,2,3,Medical,1,3,Male,67,3,1,Research Scientist,4,Married,2188,6545,1,Y,No,12,3,3,80,1,7,2,3,2,0,0,1
586,40,No,Travel_Rarely,1232,Research & Development,11,3,Life Sciences,1,4,Male,64,3,2,Laboratory Technician,3,Married,4984,23249,3,Y,No,17,3,3,80,1,9,2,3,5,2,0,2
587,28,No,Travel_Rarely,1242,Research & Development,3,4,Life Sciences,1,1,Male,43,3,1,Laboratory Technician,3,Married,5131,4817,2,Y,No,15,3,4,80,1,8,2,3,2,2,0,2
588,34,No,Travel_Rarely,1165,Research & Development,8,3,Life Sciences,1,3,Male,43,3,2,Manufacturing Director,4,Single,3697,7876,1,Y,No,21,3,4,80,0,8,3,3,6,7,4,8
589,34,No,Travel_Rarely,394,Sales,8,4,Marketing,1,2,Male,38,3,2,Sales Executive,4,Married,6162,5180,0,Y,No,19,3,1,80,1,4,3,3,4,2,0,2
590,35,No,Travel_Rarely,1186,Sales,5,3,Life Sciences,1,3,Male,94,3,2,Sales Executive,4,Married,4169,24610,1,Y,No,24,3,4,80,1,10,2,3,8,7,6,7
591,49,No,Travel_Rarely,1352,Research & Development,1,4,Life Sciences,1,1,Male,78,3,4,Manager,4,Single,17804,6868,6,Y,No,14,3,3,80,0,18,2,3,4,0,0,0
592,49,No,Travel_Rarely,993,Research & Development,3,3,Medical,1,4,Male,87,3,5,Research Director,3,Married,17592,22440,3,Y,No,12,3,3,80,1,27,2,3,5,3,1,3
593,53,No,Travel_Rarely,1313,Sales,7,3,Life Sciences,1,4,Male,66,3,3,Sales Executive,4,Married,7986,21462,3,Y,No,17,3,3,80,1,12,3,3,8,7,0,8
594,29,No,Travel_Rarely,1372,Research & Development,13,3,Life Sciences,1,3,Male,78,3,1,Laboratory Technician,4,Married,4139,10208,4,Y,No,21,4,4,80,1,1,2,3,4,2,2,2
595,22,No,Travel_Rarely,1195,Sales,8,1,Life Sciences,1,3,Male,58,3,2,Sales Executive,4,Married,5716,5052,1,Y,No,20,4,4,80,0,9,2,3,10,7,6,8
596,49,No,Travel_Rarely,1367,Research & Development,6,3,Medical,1,4,Female,89,3,3,Healthcare Representative,3,Single,9645,24020,1,Y,No,13,3,4,80,0,7,3,3,17,10,1,12
597,30,No,Travel_Rarely,193,Sales,5,3,Life Sciences,1,4,Female,38,3,1,Sales Representative,4,Single,5227,22388,1,Y,No,23,3,3,80,0,0,3,3,1,0,0,0
598,34,No,Travel_Rarely,330,Research & Development,1,4,Life Sciences,1,1,Male,42,3,2,Laboratory Technician,3,Single,5450,21760,3,Y,No,19,3,4,80,0,16,2,3,8,0,0,0
599,60,No,Travel_Rarely,1158,Sales,1,4,Life Sciences,1,1,Male,34,3,5,Manager,3,Single,17946,20310,2,Y,No,14,3,3,80,0,29,2,3,5,0,0,0
600,42,No,Travel_Rarely,1123,Research & Development,6,4,Life Sciences,1,3,Male,80,3,2,Manufacturing Director,4,Married,6053,25212,1,Y,No,18,4,3,80,1,10,2,3,8,7,0,8
601,56,No,Travel_Rarely,1165,Research & Development,1,4,Life Sciences,1,3,Male,81,3,1,Research Scientist,3,Married,2819,25374,2,Y,No,20,3,3,80,0,6,2,3,3,1,0,2
602,51,No,Travel_Rarely,1292,Research & Development,2,3,Life Sciences,1,4,Male,50,3,4,Research Director,3,Single,16395,6480,3,Y,No,14,3,4,80,0,34,2,3,22,6,4,8
603,57,No,Travel_Rarely,239,Sales,3,3,Marketing,1,3,Female,78,3,4,Sales Executive,4,Married,8040,5840,1,Y,No,22,4,3,80,1,29,2,3,24,8,15,9
604,51,No,Travel_Rarely,1456,Research & Development,8,3,Life Sciences,1,3,Female,100,3,3,Healthcare Representative,4,Married,9699,23559,1,Y,No,12,3,4,80,1,29,3,3,19,11,11,7
605,50,No,Travel_Rarely,1499,Research & Development,5,3,Life Sciences,1,4,Male,88,3,2,Research Scientist,4,Single,5419,26999,3,Y,No,17,3,3,80,0,9,3,3,8,3,1,3
606,37,No,Travel_Rarely,1289,Sales,11,3,Life Sciences,1,2,Female,43,3,3,Sales Executive,4,Married,8549,5241,1,Y,No,22,4,4,80,1,10,3,3,11,7,1,8
607,52,No,Travel_Rarely,1409,Research & Development,4,3,Medical,1,3,Male,76,3,4,Healthcare Representative,4,Married,6357,4911,3,Y,No,19,3,3,80,1,31,3,3,6,7,1,8
608,47,No,Travel_Rarely,1353,Research & Development,4,3,Life Sciences,1,4,Female,62,3,2,Manufacturing Director,4,Divorced,5248,26544,3,Y,No,19,3,3,80,1,11,3,3,6,7,1,7
609,32,No,Travel_Rarely,1142,Research & Development,2,3,Life Sciences,1,4,Male,41,3,1,Laboratory Technician,3,Married,1565,19999,5,Y,No,11,3,3,80,1,2,2,3,5,2,2,2
610,28,No,Travel_Rarely,1365,Research & Development,2,3,Medical,1,3,Male,79,3,1,Laboratory Technician,3,Married,1639,2342,1,Y,No,11,3,3,80,0,5,2,3,5,2,0,1
611,32,No,Travel_Rarely,1299,Sales,2,4,Life Sciences,1,4,Male,45,3,2,Sales Executive,3,Single,6023,4132,1,Y,No,11,3,4,80,0,11,2,3,8,7,6,7
612,34,No,Travel_Rarely,1447,Research & Development,23,3,Life Sciences,1,4,Male,56,3,2,Healthcare Representative,4,Single,2827,5842,1,Y,No,24,4,2,80,0,11,3,3,11,7,1,8
613,41,No,Travel_Rarely,330,Sales,10,3,Life Sciences,1,2,Male,93,3,2,Sales Executive,4,Married,6071,20286,1,Y,No,15,3,4,80,0,11,2,3,10,6,0,8
614,29,No,Travel_Rarely,1334,Sales,8,3,Life Sciences,1,3,Male,43,3,1,Sales Representative,3,Married,1872,20159,1,Y,No,11,3,4,80,1,5,2,3,0,2,0,2
615,30,No,Travel_Rarely,1367,Research & Development,3,3,Life Sciences,1,3,Male,89,3,1,Research Scientist,3,Married,2107,5972,1,Y,No,12,3,3,80,0,7,2,3,1,2,0,2
616,43,No,Travel_Rarely,859,Sales,10,3,Life Sciences,1,3,Male,98,3,2,Sales Executive,4,Married,4861,24208,1,Y,No,20,3,4,80,1,10,2,3,9,7,0,7
617,51,No,Travel_Rarely,1491,Research & Development,4,4,Life Sciences,1,4,Female,32,3,3,Healthcare Representative,3,Married,13251,21373,3,Y,No,12,3,4,80,0,12,3,3,11,10,3,10
618,30,No,Travel_Rarely,716,Sales,8,3,Life Sciences,1,3,Male,91,3,2,Human Resources,3,Married,5075,25651,4,Y,No,12,3,4,80,1,4,2,3,2,2,2,2
619,49,No,Travel_Rarely,1434,Research & Development,2,4,Life Sciences,1,3,Female,31,3,2,Sales Executive,3,Single,12372,24345,7,Y,No,12,3,4,80,0,20,3,3,4,2,2,0
620,33,No,Travel_Rarely,1377,Sales,9,3,Life Sciences,1,4,Male,78,3,2,Sales Executive,4,Married,5152,4990,1,Y,No,12,3,3,80,1,6,3,3,5,3,0,3
621,18,No,Travel_Rarely,1476,Sales,10,3,Medical,1,3,Male,91,3,1,Sales Representative,2,Married,2605,23760,1,Y,No,12,3,3,80,1,0,2,3,5,2,1,2
622,41,No,Travel_Rarely,296,Research & Development,8,3,Life Sciences,1,3,Female,91,2,3,Manufacturing Director,4,Single,16155,21462,1,Y,No,11,3,4,80,0,13,3,3,20,12,12,11
623,35,No,Travel_Rarely,1218,Research & Development,2,3,Life Sciences,1,3,Male,78,3,1,Research Scientist,4,Married,2726,6718,1,Y,No,24,4,4,80,0,2,3,3,5,2,0,2
624,36,No,Travel_Rarely,1315,Research & Development,4,4,Life Sciences,1,2,Male,36,3,2,Healthcare Representative,3,Married,3981,3320,2,Y,No,15,3,4,80,2,10,2,3,9,7,0,7
625,26,No,Travel_Rarely,1380,Research & Development,7,4,Life Sciences,1,3,Female,80,2,2,Manufacturing Director,4,Married,5540,24824,3,Y,No,22,3,3,80,1,9,3,3,2,0,0,0
626,43,No,Travel_Rarely,1442,Research & Development,7,3,Life Sciences,1,2,Male,34,3,2,Sales Executive,3,Single,4385,20325,3,Y,No,12,3,4,80,0,7,2,3,6,2,0,4
627,35,No,Travel_Rarely,1400,Research & Development,3,4,Life Sciences,1,4,Male,58,3,1,Laboratory Technician,3,Married,4189,4613,2,Y,No,14,3,4,80,0,9,3,3,1,0,0,0
628,46,No,Travel_Rarely,1493,Research & Development,2,3,Medical,1,3,Male,92,3,4,Research Director,1,Married,19446,3774,1,Y,No,11,3,4,80,0,20,2,3,23,7,5,11
629,56,No,Travel_Rarely,1436,Sales,8,3,Marketing,1,1,Male,42,3,3,Sales Executive,4,Married,9628,10341,2,Y,No,13,3,3,80,1,23,2,3,1,0,0,0
630,27,No,Travel_Rarely,1499,Research & Development,8,3,Life Sciences,1,3,Male,84,2,1,Laboratory Technician,4,Married,3389,24780,1,Y,No,11,3,3,80,0,1,3,3,1,1,0,0
631,36,No,Travel_Rarely,435,Sales,1,4,Marketing,1,1,Female,87,3,3,Sales Executive,4,Single,11537,21007,3,Y,No,12,3,3,80,0,11,2,3,6,8,0,8
632,44,No,Travel_Rarely,1138,Human Resources,9,3,Human Resources,1,3,Male,98,3,3,Manager,1,Married,19999,20911,4,Y,No,13,3,4,80,0,22,2,3,9,7,6,7
633,39,No,Travel_Rarely,1499,Research & Development,3,3,Life Sciences,1,3,Male,73,3,1,Research Scientist,3,Divorced,1895,3041,1,Y,No,11,3,3,80,1,6,2,3,2,0,0,2
634,42,No,Travel_Rarely,1376,Sales,2,3,Life Sciences,1,4,Male,48,3,2,Sales Executive,3,Single,6376,25557,1,Y,No,13,3,4,80,0,8,3,3,5,3,1,3
635,52,No,Travel_Rarely,1499,Research & Development,3,3,Medical,1,3,Male,92,3,3,Research Director,1,Married,14662,5377,1,Y,No,12,3,3,80,1,18,3,3,10,7,6,6
636,59,No,Travel_Rarely,1202,Sales,3,4,Life Sciences,1,1,Male,93,3,4,Manager,4,Married,17227,4780,3,Y,No,13,3,4,80,1,29,2,3,10,7,0,6
637,22,No,Travel_Rarely,218,Research & Development,5,3,Medical,1,3,Male,78,2,1,Laboratory Technician,4,Married,2444,26999,1,Y,No,12,3,3,80,1,3,3,3,1,0,0,1
638,42,No,Travel_Rarely,1146,Human Resources,4,3,Life Sciences,1,1,Male,49,3,3,Manager,3,Married,18673,24362,4,Y,No,18,3,3,80,1,23,2,3,5,2,0,2
639,35,No,Travel_Rarely,1469,Research & Development,8,3,Life Sciences,1,4,Male,39,3,2,Healthcare Representative,4,Married,4858,7305,1,Y,No,18,3,2,80,1,6,3,3,11,8,0,8
640,51,No,Travel_Rarely,102,Research & Development,6,3,Life Sciences,1,3,Female,85,2,3,Manufacturing Director,4,Married,5353,22853,0,Y,No,20,3,3,80,0,10,3,3,17,7,11,8
641,40,No,Travel_Rarely,1261,Sales,3,4,Life Sciences,1,3,Male,100,3,3,Sales Executive,4,Married,8502,5143,1,Y,No,11,3,4,80,0,11,2,3,9,7,8,7
642,42,No,Travel_Rarely,1183,Sales,3,3,Life Sciences,1,3,Male,98,3,2,Sales Executive,4,Married,4341,3590,1,Y,No,16,3,4,80,1,10,2,3,9,10,7,9
643,54,No,Travel_Rarely,1044,Research & Development,2,3,Medical,1,4,Male,40,3,4,Manager,4,Married,18521,22065,3,Y,No,23,3,2,80,1,38,2,3,4,3,1,3
644,32,No,Travel_Rarely,1379,Sales,8,3,Life Sciences,1,4,Male,42,3,1,Laboratory Technician,3,Single,5297,2094,1,Y,No,13,3,4,80,0,5,3,3,2,0,0,0
645,49,No,Travel_Rarely,1143,Sales,6,3,Life Sciences,1,2,Male,86,3,3,Sales Executive,4,Married,10071,23122,2,Y,No,13,3,3,80,1,34,2,3,1,0,0,0
646,52,No,Travel_Rarely,1184,Research & Development,12,3,Life Sciences,1,3,Male,48,3,5,Research Director,4,Divorced,16945,25264,2,Y,No,11,3,3,80,1,35,2,3,5,3,1,2
647,32,No,Travel_Rarely,1215,Research & Development,5,3,Medical,1,4,Male,85,3,1,Laboratory Technician,3,Married,3254,5132,1,Y,No,12,3,4,80,0,5,3,3,2,2,1,3
648,28,No,Travel_Rarely,1288,Research & Development,8,1,Life Sciences,1,2,Male,65,3,1,Laboratory Technician,3,Married,2189,4139,1,Y,No,14,3,4,80,0,5,3,3,6,4,0,6
649,37,No,Travel_Rarely,690,Sales,2,3,Life Sciences,1,4,Male,41,3,1,Sales Representative,3,Married,3659,5249,1,Y,No,13,3,2,80,1,4,3,3,3,0,0,0
650,37,No,Travel_Rarely,1228,Research & Development,8,4,Life Sciences,1,2,Male,76,3,2,Research Scientist,3,Married,6695,9338,2,Y,No,14,3,3,80,1,9,2,3,8,1,0,0
651,25,No,Travel_Rarely,1274,Sales,11,3,Life Sciences,1,3,Male,75,3,1,Sales Representative,3,Married,1450,18663,1,Y,No,12,3,4,80,0,1,2,3,1,1,0,1
652,53,No,Travel_Rarely,1350,Research & Development,2,4,Life Sciences,1,3,Male,75,3,2,Research Scientist,4,Married,5612,2685,2,Y,No,11,3,2,80,1,5,2,3,4,2,0,2
653,29,No,Travel_Rarely,1328,Research & Development,9,1,Life Sciences,1,2,Male,43,3,2,Laboratory Technician,4,Married,5380,26778,1,Y,No,12,3,4,80,0,7,3,3,6,4,0,3
654,25,No,Travel_Rarely,1384,Sales,8,2,Marketing,1,4,Male,44,3,1,Sales Representative,3,Married,2704,2094,1,Y,No,14,3,4,80,0,7,3,3,2,0,0,0
655,27,No,Travel_Rarely,1210,Research & Development,3,1,Life Sciences,1,2,Male,57,3,1,Laboratory Technician,4,Married,4500,5401,1,Y,No,13,3,1,80,0,3,3,3,8,4,0,8
656,59,Yes,Travel_Rarely,1204,Research & Development,9,3,Life Sciences,1,3,Male,81,3,1,Human Resources,1,Single,2225,26273,4,Y,No,12,3,3,80,0,4,2,3,2,0,0,0
657,34,No,Travel_Rarely,1445,Sales,4,4,Life Sciences,1,1,Male,49,3,2,Sales Executive,3,Single,4163,2094,3,Y,No,13,3,4,80,0,9,2,3,6,7,0,0
658,31,No,Travel_Rarely,1211,Research & Development,1,3,Medical,1,3,Male,95,3,1,Research Scientist,3,Single,3868,5110,1,Y,No,14,3,4,80,0,7,2,3,4,2,1,2
659,33,No,Travel_Rarely,1317,Sales,2,4,Life Sciences,1,3,Male,49,3,2,Sales Executive,3,Married,4627,6923,2,Y,No,13,3,4,80,0,10,3,3,3,2,2,2
660,59,No,Travel_Rarely,1222,Research & Development,4,3,Life Sciences,1,3,Male,61,3,4,Research Director,3,Married,19999,25364,1,Y,No,11,3,4,80,1,29,3,3,26,12,10,9
661,50,No,Travel_Rarely,211,Sales,7,3,Marketing,1,4,Male,75,3,3,Sales Executive,4,Married,10801,22192,1,Y,No,12,3,4,80,0,22,2,3,8,7,7,7
662,31,No,Travel_Rarely,511,Research & Development,2,3,Life Sciences,1,3,Male,58,3,1,Research Scientist,4,Married,2662,6226,0,Y,No,12,3,3,80,0,6,2,3,6,3,1,3
663,24,No,Travel_Rarely,1154,Research & Development,4,3,Medical,1,3,Male,83,3,1,Laboratory Technician,4,Married,3443,24658,1,Y,No,12,3,4,80,1,3,2,3,2,2,2,2
664,31,No,Travel_Rarely,1264,Sales,10,3,Life Sciences,1,3,Male,91,3,2,Sales Executive,4,Divorced,4273,4841,1,Y,No,21,3,1,80,1,10,2,3,9,6,6,8
665,57,No,Travel_Rarely,1499,Research & Development,7,3,Life Sciences,1,4,Male,35,3,3,Healthcare Representative,3,Married,8685,22168,3,Y,No,19,3,3,80,1,8,2,3,5,2,1,2
666,28,No,Travel_Rarely,1272,Research & Development,9,4,Life Sciences,1,4,Male,84,3,2,Research Scientist,1,Single,4308,23628,1,Y,No,20,3,3,80,0,8,3,3,8,2,1,7
667,41,No,Travel_Rarely,1406,Sales,11,4,Marketing,1,3,Male,40,3,3,Sales Executive,4,Single,9961,3629,1,Y,No,20,3,4,80,0,12,2,3,9,7,6,7
668,30,No,Travel_Rarely,1420,Research & Development,8,3,Life Sciences,1,4,Male,87,3,2,Manufacturing Director,3,Divorced,5582,21816,1,Y,No,23,4,2,80,1,10,3,3,11,6,6,7
669,41,No,Travel_Rarely,1367,Research & Development,9,3,Life Sciences,1,3,Male,89,3,3,Manager,4,Married,6833,5024,1,Y,No,21,4,4,80,1,22,3,3,9,10,4,8
670,30,No,Travel_Rarely,1370,Sales,2,3,Medical,1,1,Male,88,3,1,Sales Representative,3,Single,5757,5998,1,Y,No,11,3,4,80,0,6,3,3,3,3,1,2
671,32,Yes,Travel_Rarely,386,Research & Development,9,3,Life Sciences,1,1,Male,78,3,1,Laboratory Technician,1,Single,2478,24333,4,Y,No,13,3,3,80,0,4,2,3,0,2,0,2
672,27,No,Travel_Rarely,1153,Research & Development,3,3,Life Sciences,1,3,Male,88,3,1,Laboratory Technician,4,Married,4603,7373,1,Y,No,24,3,4,80,1,6,2,3,5,3,0,2
673,36,Yes,Travel_Rarely,102,Sales,8,3,Marketing,1,1,Male,72,3,2,Sales Executive,1,Single,4280,20795,4,Y,Yes,11,3,3,80,0,6,2,3,0,0,0,0
674,40,No,Travel_Rarely,1162,Sales,9,3,Life Sciences,1,2,Male,33,3,3,Sales Executive,4,Married,6471,21373,1,Y,No,14,3,4,80,1,9,2,3,8,7,13,8
675,27,No,Travel_Rarely,1182,Research & Development,5,1,Medical,1,3,Male,45,3,1,Sales Representative,4,Single,3061,6504,1,Y,No,21,3,4,80,0,2,3,3,3,2,1,2
676,31,No,Travel_Rarely,1145,Research & Development,2,3,Medical,1,3,Female,39,3,2,Healthcare Representative,3,Single,5592,25375,0,Y,No,21,3,4,80,0,11,3,3,7,7,1,3
677,29,Yes,Travel_Rarely,214,Sales,7,4,Marketing,1,3,Male,76,3,2,Sales Executive,1,Married,8248,26476,4,Y,No,11,3,3,80,0,8,2,3,4,2,0,3
678,57,No,Travel_Rarely,1187,Research & Development,8,3,Life Sciences,1,4,Male,76,3,2,Research Scientist,3,Married,5798,23142,3,Y,No,20,3,3,80,1,23,2,3,1,0,0,0
679,26,No,Travel_Rarely,1216,Research & Development,10,3,Life Sciences,1,4,Male,38,3,1,Laboratory Technician,4,Single,4209,22483,1,Y,No,21,3,4,80,0,7,3,3,2,4,1,3
680,43,No,Travel_Rarely,1260,Research & Development,1,4,Medical,1,3,Male,36,3,2,Laboratory Technician,3,Married,5015,6460,2,Y,No,14,3,4,80,1,9,2,3,2,2,2,2
681,38,No,Travel_Rarely,1254,Research & Development,2,3,Life Sciences,1,3,Male,84,3,1,Research Scientist,4,Married,2631,8779,1,Y,No,20,3,3,80,1,8,2,3,0,1,0,0
682,35,No,Travel_Rarely,1283,Research & Development,9,4,Life Sciences,1,3,Male,67,3,2,Manufacturing Director,4,Married,3662,25798,1,Y,No,13,3,3,80,1,19,2,3,16,7,10,7
683,32,No,Travel_Rarely,1322,Research & Development,2,3,Medical,1,4,Male,31,3,1,Laboratory Technician,3,Married,4010,6120,1,Y,No,13,3,1,80,0,5,3,3,10,3,1,8
684,54,No,Travel_Rarely,1242,Research & Development,3,3,Life Sciences,1,3,Male,78,3,3,Research Director,3,Married,19999,22783,4,Y,No,13,3,3,80,0,29,2,3,1,0,0,0
685,30,No,Travel_Rarely,1406,Sales,6,2,Life Sciences,1,4,Male,41,3,2,Sales Executive,3,Married,3545,5962,1,Y,No,14,3,4,80,0,6,3,3,7,0,0,8
686,31,No,Travel_Rarely,1442,Research & Development,1,4,Life Sciences,1,3,Male,92,3,2,Healthcare Representative,4,Married,5653,23170,4,Y,No,22,3,3,80,1,10,2,3,9,7,0,7
687,31,No,Travel_Rarely,1442,Research & Development,8,3,Life Sciences,1,3,Male,78,3,2,Research Scientist,4,Married,3557,25316,0,Y,No,11,3,3,80,1,7,3,3,4,3,0,4
688,28,No,Travel_Rarely,399,Research & Development,3,3,Life Sciences,1,1,Male,52,3,1,Sales Representative,3,Married,3667,23329,0,Y,No,11,3,4,80,0,5,2,3,4,2,1,2
689,27,No,Travel_Rarely,1236,Research & Development,5,1,Medical,1,3,Male,85,3,1,Research Scientist,4,Single,2726,6244,1,Y,No,16,3,3,80,0,1,2,3,5,2,0,2
690,35,No,Travel_Rarely,1248,Sales,3,3,Life Sciences,1,3,Male,85,3,3,Sales Executive,3,Married,12049,3781,1,Y,No,12,3,4,80,1,10,2,3,9,6,7,6
691,21,No,Travel_Rarely,1377,Research & Development,6,3,Life Sciences,1,3,Male,46,3,1,Research Scientist,3,Married,3235,22032,1,Y,No,15,3,3,80,1,4,2,2,3,3,1,2
692,50,No,Travel_Rarely,1402,Research & Development,4,3,Life Sciences,1,4,Female,37,3,3,Healthcare Representative,3,Married,6782,21990,2,Y,No,12,3,3,80,0,33,2,3,3,4,1,4
693,51,No,Travel_Rarely,1433,Sales,6,3,Marketing,1,4,Female,72,3,3,Sales Executive,4,Married,13233,21787,3,Y,No,20,4,3,80,1,17,3,3,3,2,1,2
694,54,No,Travel_Rarely,1342,Research & Development,2,3,Medical,1,3,Male,41,3,3,Manufacturing Director,3,Single,15822,25651,4,Y,No,21,4,4,80,0,16,2,3,5,2,2,2
695,59,No,Travel_Rarely,1458,Research & Development,7,4,Life Sciences,1,3,Male,84,3,3,Healthcare Representative,4,Married,7812,2464,4,Y,No,11,3,3,80,1,23,2,3,9,7,0,8
696,26,No,Travel_Rarely,1447,Research & Development,1,3,Life Sciences,1,3,Male,96,3,1,Research Scientist,4,Married,2274,2667,1,Y,No,24,4,3,80,0,5,2,3,4,2,0,2
697,55,No,Travel_Rarely,1253,Research & Development,7,4,Life Sciences,1,4,Female,38,3,3,Research Director,3,Married,13232,24366,2,Y,No,15,3,3,80,0,22,3,3,5,2,0,4
698,38,No,Travel_Rarely,1295,Sales,8,3,Life Sciences,1,4,Female,85,3,3,Sales Executive,4,Married,14057,24292,1,Y,No,12,3,4,80,1,9,3,3,17,7,12,6
699,43,No,Travel_Rarely,1232,Research & Development,3,3,Life Sciences,1,4,Male,94,3,1,Research Scientist,4,Married,3194,4482,1,Y,No,25,4,3,80,1,9,3,3,10,8,1,7
700,50,No,Travel_Rarely,1290,Research & Development,11,3,Life Sciences,1,3,Male,53,3,3,Manufacturing Director,3,Married,13891,18457,1,Y,No,12,3,3,80,1,28,3,3,21,15,11,10
701,27,No,Travel_Rarely,1243,Sales,9,4,Marketing,1,2,Male,86,3,2,Sales Executive,3,Married,5722,23474,1,Y,No,13,3,3,80,0,8,2,3,9,0,0,0
702,34,No,Travel_Rarely,1383,Research & Development,2,3,Medical,1,4,Male,46,3,1,Research Scientist,4,Married,3499,5952,1,Y,No,12,3,4,80,1,11,3,3,12,7,1,9
703,33,No,Travel_Rarely,1193,Research & Development,3,3,Life Sciences,1,4,Male,64,3,1,Research Scientist,4,Single,2626,11825,1,Y,No,13,3,3,80,0,8,3,3,5,0,0,0
704,47,No,Travel_Rarely,539,Research & Development,5,3,Life Sciences,1,3,Male,71,3,3,Healthcare Representative,4,Married,14012,8501,1,Y,No,11,3,4,80,1,10,2,3,10,8,7,8
705,24,No,Travel_Rarely,1402,Research & Development,3,3,Life Sciences,1,3,Male,76,3,1,Laboratory Technician,3,Married,1740,3619,1,Y,No,13,3,3,80,1,1,2,3,2,0,0,0
706,41,No,Travel_Rarely,1138,Sales,6,4,Marketing,1,3,Male,39,3,3,Sales Executive,4,Married,9890,4653,1,Y,No,18,3,4,80,1,21,3,3,16,9,8,7
707,19,No,Travel_Rarely,1233,Research & Development,4,3,Medical,1,3,Male,90,3,1,Research Scientist,3,Married,2149,8087,1,Y,No,11,3,3,80,1,6,2,3,2,2,1,2
708,34,No,Travel_Rarely,146,Sales,9,3,Life Sciences,1,3,Male,73,3,3,Sales Executive,4,Married,10060,7922,1,Y,No,11,3,4,80,0,8,2,3,9,7,7,7
709,36,No,Travel_Rarely,1156,Sales,9,3,Life Sciences,1,4,Male,36,3,2,Sales Executive,3,Married,6105,17822,1,Y,No,11,3,3,80,0,6,3,3,3,2,1,2
710,39,No,Travel_Rarely,503,Research & Development,10,3,Life Sciences,1,3,Male,89,3,2,Manufacturing Director,3,Married,6229,21082,1,Y,No,12,3,4,80,0,10,2,3,7,7,8,7
711,24,No,Travel_Rarely,1059,Sales,5,3,Life Sciences,1,2,Male,43,3,2,Sales Executive,4,Married,6184,19452,1,Y,No,12,3,4,80,0,12,2,3,9,3,0,3
712,39,No,Travel_Rarely,542,Research & Development,1,4,Life Sciences,1,3,Male,100,3,2,Healthcare Representative,1,Divorced,6802,21999,4,Y,No,19,3,4,80,1,10,2,3,3,2,0,3
713,50,No,Travel_Rarely,1245,Sales,6,4,Marketing,1,4,Male,91,3,3,Sales Executive,3,Married,9135,4638,2,Y,No,13,3,3,80,1,9,2,3,1,0,0,0
714,28,No,Travel_Rarely,1179,Research & Development,2,4,Life Sciences,1,1,Male,30,3,2,Healthcare Representative,3,Married,5026,4846,2,Y,No,14,3,4,80,0,9,2,3,2,2,0,2
715,21,No,Travel_Rarely,1482,Research & Development,3,3,Life Sciences,1,4,Male,40,3,1,Research Scientist,3,Single,4201,6915,1,Y,No,14,3,4,80,0,6,2,3,4,3,1,3
716,38,No,Travel_Rarely,1273,Human Resources,3,3,Life Sciences,1,4,Male,54,3,2,Human Resources,4,Married,3318,4070,0,Y,No,12,3,4,80,1,8,3,3,4,4,1,2
717,52,No,Travel_Rarely,1471,Research & Development,8,3,Life Sciences,1,3,Male,93,3,3,Research Director,2,Married,12250,5921,1,Y,No,13,3,4,80,1,32,3,3,11,9,8,8
718,28,No,Travel_Rarely,274,Sales,9,3,Life Sciences,1,3,Male,75,3,3,Sales Executive,4,Married,12059,22222,1,Y,No,20,3,4,80,0,26,2,3,14,8,11,8
719,50,No,Travel_Rarely,205,Sales,6,4,Marketing,1,2,Male,63,3,3,Sales Executive,4,Single,14986,22482,2,Y,No,12,3,3,80,0,23,3,3,19,0,0,0
720,31,No,Travel_Rarely,439,Research & Development,8,3,Life Sciences,1,1,Male,72,3,1,Research Scientist,4,Single,2640,5635,0,Y,No,21,4,3,80,0,5,2,3,7,2,1,2
721,42,No,Travel_Rarely,1283,Sales,9,3,Marketing,1,3,Male,85,3,3,Sales Executive,4,Married,11309,22837,4,Y,No,12,3,3,80,1,17,3,3,15,7,1,8
722,32,No,Travel_Rarely,1324,Sales,1,4,Life Sciences,1,4,Male,66,3,3,Sales Executive,4,Married,7229,5156,3,Y,No,13,3,4,80,0,10,2,3,8,7,0,7
723,28,Yes,Travel_Rarely,283,Research & Development,5,3,Life Sciences,1,1,Male,86,3,1,Research Scientist,4,Single,2482,22123,1,Y,No,17,3,4,80,0,10,2,3,1,2,0,0
724,43,No,Travel_Rarely,1279,Research & Development,3,4,Life Sciences,1,1,Male,69,3,1,Laboratory Technician,3,Married,5583,3037,2,Y,No,13,3,3,80,1,9,2,3,1,2,0,2
725,25,Yes,Travel_Rarely,324,Sales,6,1,Marketing,1,3,Male,88,3,1,Sales Representative,4,Single,2266,22443,1,Y,No,11,3,1,80,0,8,3,3,4,2,0,0
726,33,No,Travel_Rarely,1369,Sales,10,3,Life Sciences,1,3,Male,84,3,2,Sales Executive,4,Single,5197,20847,1,Y,No,12,3,4,80,0,6,2,3,5,2,0,3
727,60,No,Travel_Rarely,1309,Research & Development,3,3,Medical,1,4,Male,97,3,2,Healthcare Representative,3,Married,3891,24441,3,Y,No,18,3,3,80,0,10,2,3,7,3,1,3
728,42,No,Travel_Rarely,798,Research & Development,9,3,Life Sciences,1,1,Male,96,3,2,Manufacturing Director,3,Single,5304,23602,2,Y,No,12,3,3,80,0,7,2,3,2,2,0,2
729,38,No,Travel_Rarely,1409,Research & Development,6,3,Life Sciences,1,3,Male,60,3,3,Research Director,3,Married,18988,4755,1,Y,No,18,3,4,80,1,20,3,3,17,9,10,9
730,34,Yes,Travel_Rarely,600,Research & Development,10,3,Life Sciences,1,1,Male,33,3,2,Laboratory Technician,3,Single,5560,22706,2,Y,Yes,18,3,3,80,0,6,2,3,0,2,0,2
731,24,No,Travel_Rarely,1499,Research & Development,2,3,Life Sciences,1,3,Male,74,3,1,Research Scientist,3,Married,2559,5933,1,Y,No,11,3,3,80,1,1,2,2,1,2,0,2
732,25,No,Travel_Rarely,1459,Research & Development,6,3,Life Sciences,1,3,Male,55,3,1,Laboratory Technician,3,Single,3291,3748,1,Y,No,22,3,4,80,0,3,2,3,1,0,0,0
733,29,No,Travel_Rarely,1250,Research & Development,2,3,Medical,1,3,Male,40,3,1,Laboratory Technician,3,Married,2598,4268,1,Y,No,11,3,4,80,1,2,2,3,2,2,2,2
734,38,No,Travel_Rarely,1171,Research & Development,1,3,Life Sciences,1,1,Male,71,3,1,Laboratory Technician,4,Divorced,2497,11949,4,Y,No,18,3,3,80,1,9,2,3,4,2,0,2
735,46,No,Travel_Rarely,178,Sales,8,4,Life Sciences,1,3,Male,76,2,3,Sales Executive,4,Married,13804,8615,1,Y,No,11,3,3,80,0,22,3,3,12,7,0,1
736,51,No,Travel_Rarely,1323,Research & Development,9,3,Life Sciences,1,4,Male,31,3,2,Manufacturing Director,3,Married,5854,24386,2,Y,No,11,3,3,80,0,3,2,3,2,2,0,2
737,31,Yes,Travel_Rarely,1466,Sales,10,3,Life Sciences,1,2,Male,54,3,1,Sales Representative,4,Married,4334,2413,1,Y,No,12,3,4,80,0,10,2,3,5,2,0,2
738,45,No,Travel_Rarely,1411,Research & Development,2,3,Life Sciences,1,4,Male,41,3,3,Research Director,3,Married,8447,21197,2,Y,No,11,3,3,80,1,30,2,3,5,2,0,2
739,33,No,Travel_Rarely,1368,Research & Development,2,3,Medical,1,3,Male,89,3,1,Laboratory Technician,4,Married,5029,7248,1,Y,No,23,4,4,80,1,3,2,3,4,3,1,2
740,58,No,Travel_Rarely,1279,Research & Development,3,3,Life Sciences,1,3,Male,92,3,5,Manager,1,Married,18514,4537,1,Y,No,11,3,4,80,1,24,2,3,19,7,4,7
741,24,No,Travel_Rarely,1141,Research & Development,6,3,Medical,1,3,Male,45,3,1,Laboratory Technician,4,Married,3118,6647,1,Y,No,23,3,4,80,0,0,2,3,1,2,2,2
742,55,No,Travel_Rarely,1010,Research & Development,4,3,Medical,1,3,Female,97,3,4,Healthcare Representative,3,Married,6360,26999,3,Y,No,11,3,3,80,1,23,3,3,6,7,1,8
743,48,No,Travel_Rarely,1473,Research & Development,3,4,Life Sciences,1,4,Male,35,3,2,Healthcare Representative,3,Single,3640,24201,2,Y,No,11,3,4,80,0,10,2,3,1,2,1,2
744,56,No,Travel_Rarely,1351,Research & Development,2,4,Life Sciences,1,4,Male,75,3,5,Research Director,3,Single,19961,21734,2,Y,No,14,3,3,80,0,22,3,3,2,0,0,0
745,36,No,Travel_Rarely,1495,Research & Development,5,3,Life Sciences,1,3,Male,77,3,2,Manufacturing Director,4,Married,4007,26360,1,Y,No,12,3,3,80,1,10,3,3,8,6,0,8
746,24,No,Travel_Rarely,1347,Sales,8,3,Life Sciences,1,4,Female,75,3,2,Sales Executive,4,Married,6520,24268,1,Y,No,11,3,3,80,1,4,3,3,4,4,0,4
747,26,Yes,Travel_Rarely,1231,Research & Development,2,3,Medical,1,3,Male,35,3,1,Laboratory Technician,3,Single,2644,7580,1,Y,No,13,3,4,80,0,0,2,3,1,0,0,0
748,48,No,Travel_Rarely,1425,Sales,6,4,Marketing,1,3,Male,70,3,2,Sales Executive,4,Married,6258,6692,2,Y,No,11,3,3,80,1,9,3,3,2,0,0,2
749,51,No,Travel_Rarely,1396,Human Resources,6,3,Medical,1,3,Male,80,3,3,Manager,1,Married,18734,5439,1,Y,No,12,3,4,80,1,27,2,3,19,8,4,6
750,60,No,Travel_Rarely,130,Research & Development,6,3,Life Sciences,1,3,Female,43,3,4,Research Director,3,Married,18108,21944,7,Y,No,11,3,4,80,0,29,2,3,8,7,10,12
751,25,No,Travel_Rarely,1393,Research & Development,10,4,Life Sciences,1,3,Male,78,3,2,Healthcare Representative,4,Married,4422,26999,1,Y,No,19,3,3,80,1,12,3,3,21,8,7,8
752,20,No,Travel_Rarely,1066,Research & Development,1,3,Life Sciences,1,4,Male,80,3,1,Laboratory Technician,4,Married,2128,8198,1,Y,No,15,3,3,80,1,4,2,3,2,0,0,0
753,31,No,Travel_Rarely,1489,Research & Development,7,4,Life Sciences,1,3,Male,34,3,2,Manufacturing Director,3,Married,4676,24866,1,Y,No,11,3,4,80,0,10,3,3,6,3,1,4
754,55,No,Travel_Rarely,1346,Research & Development,2,3,Life Sciences,1,4,Male,68,3,4,Manager,4,Married,18658,25759,3,Y,No,23,3,3,80,1,33,2,3,1,0,0,0
755,32,No,Travel_Rarely,246,Sales,21,3,Life Sciences,1,3,Male,46,3,2,Sales Executive,4,Married,4657,8869,1,Y,No,25,4,4,80,1,11,2,3,9,9,13,8
756,28,No,Travel_Rarely,1120,Sales,9,4,Marketing,1,2,Male,97,3,2,Sales Executive,4,Married,4537,23949,1,Y,No,15,3,1,80,1,11,2,3,8,7,6,7
757,25,No,Travel_Rarely,1397,Research & Development,8,3,Life Sciences,1,4,Male,36,3,1,Research Scientist,3,Married,3093,5562,1,Y,No,20,3,4,80,1,1,3,3,4,2,1,2
758,34,No,Travel_Rarely,1237,Sales,9,3,Marketing,1,2,Male,92,3,2,Sales Executive,4,Married,4534,5242,1,Y,No,13,3,4,80,1,11,2,3,10,7,6,7
759,46,No,Travel_Rarely,1377,Research & Development,8,3,Life Sciences,1,3,Male,30,3,3,Manufacturing Director,3,Married,10773,24957,1,Y,No,11,3,4,80,0,26,2,3,17,15,11,11
760,39,No,Travel_Rarely,1077,Research & Development,4,3,Medical,1,3,Male,99,3,1,Laboratory Technician,3,Married,1611,23553,1,Y,No,12,3,3,80,1,4,2,3,5,2,2,2
761,46,No,Travel_Rarely,1313,Research & Development,2,3,Life Sciences,1,4,Male,72,3,1,Research Scientist,3,Single,1621,23333,6,Y,No,13,3,3,80,0,6,2,3,1,0,0,1
762,41,No,Travel_Rarely,1127,Sales,5,3,Life Sciences,1,3,Male,88,3,2,Sales Executive,4,Married,4303,4309,1,Y,No,11,3,4,80,1,11,2,3,10,7,0,7
763,29,Yes,Travel_Rarely,242,Research & Development,1,3,Life Sciences,1,3,Male,84,3,1,Laboratory Technician,4,Married,1983,24574,1,Y,No,11,3,3,80,0,7,2,3,1,1,0,0
764,27,No,Travel_Rarely,517,Sales,4,3,Marketing,1,3,Male,40,3,2,Sales Executive,3,Married,4441,3924,1,Y,No,12,3,4,80,0,5,3,3,4,2,0,2
765,24,Yes,Travel_Rarely,102,Research & Development,2,3,Life Sciences,1,3,Male,78,3,1,Research Scientist,4,Married,1453,26256,1,Y,No,12,3,3,80,0,1,2,3,0,0,0,0
766,34,No,Travel_Rarely,692,Research & Development,3,4,Life Sciences,1,3,Male,99,3,2,Healthcare Representative,4,Single,4967,24224,1,Y,No,12,3,4,80,0,9,2,3,10,7,1,8
767,47,No,Travel_Rarely,1310,Research & Development,6,3,Life Sciences,1,2,Male,77,3,2,Laboratory Technician,3,Married,4912,21904,3,Y,No,15,3,3,80,1,4,2,3,1,0,0,1
768,56,No,Travel_Rarely,1327,Research & Development,5,3,Life Sciences,1,3,Male,77,3,3,Manager,4,Divorced,6495,23873,4,Y,No,11,3,3,80,1,24,2,3,8,7,0,7
769,37,No,Travel_Rarely,1312,Research & Development,1,3,Medical,1,4,Male,32,3,1,Research Scientist,3,Single,5786,8369,3,Y,No,22,4,4,80,0,7,2,3,7,2,1,2
770,31,No,Travel_Rarely,1371,Research & Development,3,3,Medical,1,3,Male,81,3,1,Research Scientist,4,Married,2023,7890,1,Y,No,13,3,3,80,1,6,2,3,1,2,0,2
771,40,No,Travel_Rarely,1419,Research & Development,8,3,Medical,1,3,Male,73,2,2,Human Resources,3,Married,4730,26928,2,Y,No,11,3,3,80,0,5,2,3,1,2,0,2
772,53,No,Travel_Rarely,1204,Research & Development,6,4,Life Sciences,1,4,Female,83,3,3,Research Director,4,Single,9745,23408,3,Y,No,24,3,3,80,0,29,3,3,9,5,0,7
773,35,No,Travel_Rarely,1290,Research & Development,6,4,Life Sciences,1,2,Male,36,3,2,Laboratory Technician,3,Married,4516,7212,1,Y,No,13,3,4,80,1,11,2,3,9,9,0,6
774,27,No,Travel_Rarely,226,Research & Development,1,3,Life Sciences,1,3,Male,43,3,1,Laboratory Technician,3,Married,2441,4380,1,Y,No,11,3,4,80,0,5,2,3,4,2,2,2
775,35,No,Travel_Rarely,1289,Sales,7,3,Marketing,1,3,Male,45,3,2,Sales Executive,4,Married,6937,4247,1,Y,No,19,4,4,80,0,9,3,3,7,4,1,3
776,51,No,Travel_Rarely,473,Research & Development,5,3,Life Sciences,1,4,Female,67,3,5,Manager,3,Married,18870,22790,1,Y,No,11,3,3,80,1,32,3,3,18,14,11,14
777,28,No,Travel_Rarely,1266,Sales,6,3,Life Sciences,1,3,Male,75,3,1,Sales Representative,3,Married,2159,24633,1,Y,No,11,3,3,80,1,4,3,3,2,0,0,0
778,50,Yes,Travel_Rarely,265,Sales,7,3,Marketing,1,4,Male,77,3,2,Sales Executive,3,Married,6591,23413,2,Y,No,13,3,3,80,1,5,2,3,0,0,0,0
779,38,No,Travel_Rarely,1405,Sales,6,3,Life Sciences,1,3,Male,37,3,3,Sales Executive,3,Married,8628,2094,1,Y,No,13,3,4,80,1,13,2,3,9,7,7,6
780,36,No,Travel_Rarely,1380,Sales,1,4,Life Sciences,1,3,Male,100,3,2,Sales Executive,4,Married,6554,6936,4,Y,No,12,3,4,80,1,10,3,3,5,7,0,8
781,60,No,Travel_Rarely,1089,Research & Development,1,4,Life Sciences,1,4,Male,39,3,3,Research Director,3,Married,11433,20052,2,Y,No,13,3,3,80,1,18,2,3,2,1,0,2
782,32,No,Travel_Rarely,1340,Research & Development,8,4,Life Sciences,1,4,Female,55,3,2,Healthcare Representative,3,Single,6286,25484,1,Y,No,13,3,4,80,0,23,3,3,19,7,2,7
783,24,No,Travel_Rarely,1386,Research & Development,1,3,Life Sciences,1,1,Male,87,3,1,Laboratory Technician,4,Married,1627,12441,3,Y,No,25,3,3,80,0,7,2,3,4,2,0,0
784,51,No,Travel_Rarely,1075,Research & Development,2,4,Life Sciences,1,4,Female,79,3,4,Research Director,1,Single,18654,22820,3,Y,No,11,3,3,80,0,32,3,3,9,7,4,7
785,52,No,Travel_Rarely,1353,Research & Development,10,3,Life Sciences,1,3,Female,93,3,3,Research Director,3,Single,11679,23590,3,Y,No,21,4,3,80,0,27,3,3,8,7,10,8
786,45,No,Travel_Rarely,1294,Research & Development,8,3,Life Sciences,1,3,Male,68,3,1,Research Scientist,4,Married,3457,23898,1,Y,No,24,4,3,80,0,3,3,3,9,0,0,0
787,43,No,Travel_Rarely,1442,Research & Development,21,3,Life Sciences,1,4,Male,94,3,2,Research Scientist,4,Married,4378,22237,1,Y,No,13,3,1,80,1,6,3,3,10,7,5,8
788,35,No,Travel_Rarely,317,Research & Development,2,3,Life Sciences,1,3,Male,77,3,1,Research Scientist,3,Single,5655,22757,2,Y,No,13,3,4,80,0,5,2,3,1,2,0,2
789,54,No,Travel_Rarely,1372,Research & Development,2,4,Life Sciences,1,4,Male,94,3,4,Manager,4,Married,7814,23429,2,Y,No,13,3,3,80,1,22,2,3,2,0,0,1
790,40,No,Travel_Rarely,1247,Research & Development,9,3,Life Sciences,1,3,Male,64,3,2,Laboratory Technician,1,Married,3119,25688,4,Y,No,16,3,3,80,1,8,2,3,9,2,0,8
791,42,No,Travel_Rarely,304,Sales,6,3,Life Sciences,1,3,Male,93,3,4,Manager,3,Married,7356,7508,1,Y,No,13,3,4,80,1,20,2,3,17,10,12,11
792,48,No,Travel_Rarely,1331,Sales,6,4,Marketing,1,4,Male,84,3,3,Sales Executive,4,Married,10843,7115,2,Y,No,12,3,4,80,1,38,3,3,5,7,1,7
793,26,No,Travel_Rarely,1220,Research & Development,6,1,Life Sciences,1,4,Male,81,3,1,Laboratory Technician,4,Single,2782,24335,1,Y,No,13,3,3,80,0,6,3,3,5,3,1,4
794,55,No,Travel_Rarely,308,Research & Development,9,3,Life Sciences,1,3,Female,66,3,3,Sales Executive,4,Married,13237,22694,1,Y,No,11,3,4,80,1,24,2,3,19,11,13,12
795,27,No,Travel_Rarely,1279,Research & Development,1,3,Medical,1,3,Male,92,3,1,Research Scientist,3,Married,2949,4651,1,Y,No,11,3,3,80,1,7,2,2,4,3,1,2
796,44,No,Travel_Rarely,200,Sales,2,3,Marketing,1,1,Male,92,3,4,Manager,4,Married,17761,21302,1,Y,No,15,3,4,80,1,30,2,3,11,17,10,7
797,28,No,Travel_Rarely,1194,Research & Development,7,3,Life Sciences,1,4,Male,80,3,1,Research Scientist,4,Single,2539,6985,1,Y,No,21,4,3,80,0,4,3,3,2,0,0,0
798,34,No,Travel_Rarely,1215,Sales,8,3,Life Sciences,1,3,Female,97,3,2,Sales Executive,4,Married,5435,22858,1,Y,No,23,4,3,80,1,4,3,3,10,7,6,8
799,56,No,Travel_Rarely,1299,Research & Development,8,3,Life Sciences,1,3,Male,64,3,3,Research Director,4,Married,11415,23059,3,Y,No,16,3,3,80,1,10,2,3,10,7,0,7
800,28,No,Travel_Rarely,1104,Research & Development,3,1,Medical,1,3,Male,80,3,1,Research Scientist,4,Married,1918,3931,1,Y,No,12,3,3,80,1,3,2,3,6,2,1,2
801,31,No,Travel_Rarely,1203,Research & Development,7,3,Life Sciences,1,4,Male,50,3,2,Manufacturing Director,4,Married,6964,2094,1,Y,No,18,4,4,80,1,10,3,3,12,6,4,6
802,29,No,Travel_Rarely,1488,Sales,4,3,Life Sciences,1,3,Male,40,3,2,Sales Executive,4,Married,3484,19582,1,Y,No,11,3,1,80,1,9,2,3,8,6,6,8
803,50,No,Travel_Rarely,1272,Research & Development,10,4,Life Sciences,1,4,Female,59,3,2,Research Scientist,3,Married,6307,18706,3,Y,No,23,3,3,80,1,9,3,3,6,2,0,2
804,58,No,Travel_Rarely,1031,Research & Development,1,4,Life Sciences,1,1,Male,80,3,1,Research Scientist,1,Married,2713,5276,4,Y,No,13,3,3,80,0,11,2,3,6,0,0,3
805,43,No,Travel_Rarely,840,Research & Development,9,3,Life Sciences,1,3,Male,73,3,2,Healthcare Representative,1,Single,7258,23833,3,Y,No,22,4,3,80,0,11,2,3,6,2,0,4
806,56,No,Travel_Rarely,937,Research & Development,8,3,Life Sciences,1,4,Male,95,3,2,Research Scientist,1,Single,3832,21674,4,Y,No,11,3,3,80,0,28,2,3,11,7,7,7
807,37,No,Travel_Rarely,1303,Research & Development,8,3,Life Sciences,1,3,Male,86,3,2,Laboratory Technician,4,Married,4296,22062,4,Y,No,16,3,3,80,1,8,2,3,0,0,0,0
808,35,No,Travel_Rarely,1415,Research & Development,3,3,Life Sciences,1,1,Male,33,3,1,Laboratory Technician,3,Single,1845,2094,1,Y,No,13,3,4,80,0,6,2,3,4,2,0,2
809,29,No,Travel_Rarely,1444,Sales,4,2,Marketing,1,2,Male,40,3,2,Sales Executive,4,Married,6041,4047,1,Y,No,22,3,1,80,0,9,3,3,5,3,0,7
810,26,No,Travel_Rarely,1499,Sales,1,3,Life Sciences,1,2,Male,45,3,2,Sales Representative,4,Single,4727,25633,1,Y,No,16,3,3,80,0,2,3,3,4,1,0,0
811,39,No,Travel_Rarely,1323,Sales,2,4,Life Sciences,1,4,Male,75,3,3,Sales Executive,3,Married,6139,3847,3,Y,No,21,3,3,80,1,12,3,3,5,0,0,0
812,50,No,Travel_Rarely,1409,Sales,7,4,Marketing,1,3,Male,68,3,4,Manager,4,Married,17545,24837,4,Y,No,12,3,3,80,1,23,2,3,5,7,0,8
813,35,No,Travel_Rarely,1064,Research & Development,3,4,Life Sciences,1,3,Male,38,3,2,Sales Executive,3,Single,4648,22083,2,Y,No,20,3,4,80,0,11,3,3,6,2,2,2
814,32,No,Travel_Rarely,1377,Research & Development,2,3,Life Sciences,1,4,Male,43,3,2,Sales Executive,3,Single,3809,3873,1,Y,No,12,3,4,80,0,10,2,3,11,7,1,7
815,49,No,Travel_Rarely,514,Sales,3,4,Medical,1,3,Female,81,3,3,Sales Executive,4,Single,10000,26521,3,Y,No,11,3,4,80,0,18,2,3,9,7,1,7
816,45,No,Travel_Rarely,800,Research & Development,3,3,Life Sciences,1,3,Male,38,3,3,Manufacturing Director,1,Married,8484,25702,3,Y,No,20,3,3,80,0,11,2,3,9,7,0,7
817,50,No,Travel_Rarely,1309,Research & Development,3,3,Life Sciences,1,4,Male,41,3,4,Manager,4,Married,13259,23676,3,Y,No,12,3,3,80,1,21,2,3,9,7,0,7
818,24,No,Travel_Rarely,1203,Sales,7,3,Life Sciences,1,3,Male,86,3,1,Sales Representative,3,Married,3023,24165,1,Y,No,11,3,4,80,1,7,2,3,4,2,0,2
819,31,No,Travel_Rarely,216,Sales,9,4,Marketing,1,2,Male,96,3,2,Sales Executive,4,Married,9019,6536,4,Y,No,18,3,3,80,0,9,3,3,10,7,0,7
820,33,No,Travel_Rarely,1238,Research & Development,2,3,Life Sciences,1,1,Male,30,3,1,Laboratory Technician,4,Single,2887,5827,1,Y,No,23,4,2,80,0,7,3,3,0,2,0,2
821,39,No,Travel_Rarely,236,Research & Development,3,3,Medical,1,3,Male,86,3,1,Research Scientist,4,Married,2986,4675,4,Y,No,12,3,3,80,0,4,2,3,1,2,0,0
822,31,No,Travel_Rarely,1237,Sales,2,2,Life Sciences,1,3,Male,42,3,2,Sales Representative,4,Married,3492,5847,1,Y,No,14,3,4,80,2,6,2,3,4,5,0,3
823,57,No,Travel_Rarely,1351,Research & Development,4,4,Life Sciences,1,3,Female,82,3,2,Research Scientist,4,Married,5612,21687,3,Y,No,17,3,3,80,0,21,3,3,10,11,4,14
824,42,No,Travel_Rarely,1132,Research & Development,1,4,Life Sciences,1,4,Male,87,3,2,Research Scientist,3,Married,4554,5045,3,Y,No,22,3,2,80,0,8,3,3,1,2,2,2
825,36,No,Travel_Rarely,1227,Research & Development,9,3,Life Sciences,1,2,Male,80,3,1,Laboratory Technician,4,Married,2810,24112,1,Y,No,14,3,3,80,0,10,2,3,5,0,0,0
826,33,Yes,Travel_Rarely,1422,Research & Development,11,3,Life Sciences,1,3,Male,68,3,1,Laboratory Technician,3,Married,2619,22022,1,Y,No,11,3,3,80,0,6,2,3,0,0,0,0
827,25,No,Travel_Rarely,996,Research & Development,8,3,Life Sciences,1,4,Male,85,3,1,Research Scientist,3,Married,2960,11929,1,Y,No,12,3,3,80,1,7,2,2,3,3,0,2
828,32,No,Travel_Rarely,102,Research & Development,2,3,Medical,1,3,Male,45,3,1,Research Scientist,4,Married,2343,7911,1,Y,No,20,3,3,80,0,3,2,2,5,2,1,2
829,49,No,Travel_Rarely,1392,Sales,2,3,Life Sciences,1,4,Male,39,3,4,Manager,3,Married,19981,8510,2,Y,No,13,3,3,80,1,25,2,3,1,0,0,0
830,53,No,Travel_Rarely,1404,Research & Development,1,4,Life Sciences,1,1,Male,52,3,2,Healthcare Representative,1,Married,6323,4292,4,Y,No,17,3,4,80,0,9,2,3,3,2,0,2
831,55,No,Travel_Rarely,1327,Research & Development,7,4,Life Sciences,1,4,Male,78,3,1,Research Scientist,3,Married,3077,23894,3,Y,No,21,3,3,80,0,15,3,3,5,0,0,0
832,54,No,Travel_Rarely,1499,Research & Development,7,4,Life Sciences,1,4,Male,91,3,2,Research Scientist,3,Single,5908,24632,3,Y,No,21,3,3,80,0,22,2,3,2,0,0,1
833,37,Yes,Travel_Rarely,1253,Sales,2,4,Life Sciences,1,1,Male,39,3,2,Sales Executive,3,Single,4640,20958,3,Y,No,15,3,4,80,0,9,2,3,7,0,0,0
834,51,No,Travel_Rarely,218,Sales,1,3,Marketing,1,3,Female,42,2,3,Sales Executive,4,Married,12179,22033,0,Y,No,12,3,4,80,0,26,3,3,26,16,13,7
835,50,No,Travel_Rarely,1178,Research & Development,10,4,Life Sciences,1,4,Male,49,3,3,Healthcare Representative,3,Single,13901,19912,3,Y,No,11,3,4,80,0,11,3,3,7,3,1,3
836,52,No,Travel_Rarely,1248,Research & Development,7,4,Life Sciences,1,4,Female,79,3,2,Manufacturing Director,3,Married,5473,24186,2,Y,No,12,3,3,80,1,21,3,3,18,7,0,7
837,24,No,Travel_Rarely,616,Research & Development,5,3,Life Sciences,1,1,Male,33,3,2,Manufacturing Director,4,Married,6428,25342,3,Y,No,19,3,4,80,0,7,2,3,5,2,1,2
838,35,No,Travel_Rarely,322,Research & Development,6,3,Life Sciences,1,3,Male,74,3,3,Healthcare Representative,4,Married,8787,23440,1,Y,No,12,3,4,80,1,11,2,3,21,12,15,8
839,39,No,Travel_Rarely,1234,Research & Development,2,4,Life Sciences,1,3,Male,88,3,1,Laboratory Technician,4,Single,4704,23713,1,Y,No,11,3,4,80,0,10,2,3,9,7,0,8
840,26,No,Travel_Rarely,1277,Research & Development,3,3,Life Sciences,1,3,Male,37,3,1,Laboratory Technician,4,Single,2206,2094,1,Y,No,16,4,4,80,0,0,2,3,3,2,1,2
841,43,No,Travel_Rarely,1417,Research & Development,11,3,Medical,1,4,Male,76,3,2,Healthcare Representative,3,Married,4652,13301,1,Y,No,11,3,3,80,1,10,3,3,9,7,0,7
842,42,No,Travel_Rarely,1172,Research & Development,3,4,Life Sciences,1,3,Male,72,3,3,Healthcare Representative,4,Married,10962,4664,1,Y,No,24,4,4,80,1,11,2,3,10,9,4,8
843,35,Yes,Travel_Rarely,620,Research & Development,7,3,Life Sciences,1,3,Male,71,3,1,Sales Representative,1,Married,2309,25029,1,Y,Yes,11,3,3,80,0,3,2,3,0,2,0,2
844,35,No,Travel_Rarely,769,Research & Development,9,4,Life Sciences,1,3,Male,90,3,2,Manufacturing Director,4,Single,4073,22430,4,Y,No,11,3,4,80,0,7,2,3,5,2,0,3
845,28,No,Travel_Rarely,1173,Research & Development,7,3,Medical,1,3,Male,99,3,1,Laboratory Technician,3,Married,2862,3013,1,Y,No,12,3,4,80,1,3,2,3,3,3,1,2
846,29,No,Travel_Rarely,1117,Research & Development,2,3,Medical,1,1,Male,44,3,1,Research Scientist,3,Single,2675,6984,0,Y,No,14,3,3,80,0,5,2,3,1,2,1,2
847,40,No,Travel_Rarely,1351,Research & Development,12,4,Medical,1,4,Male,84,3,2,Healthcare Representative,3,Married,12143,5233,6,Y,No,11,3,3,80,0,11,3,3,3,0,0,0
848,42,No,Travel_Rarely,1007,Research & Development,10,3,Life Sciences,1,3,Male,92,3,2,Sales Executive,4,Married,5626,24611,1,Y,No,12,3,4,80,1,11,2,3,8,7,6,8
849,28,No,Travel_Rarely,1416,Sales,9,3,Life Sciences,1,3,Male,100,3,1,Sales Representative,4,Married,6252,26656,1,Y,No,17,3,3,80,1,6,3,3,4,4,0,4
850,38,No,Travel_Rarely,1314,Research & Development,3,3,Medical,1,3,Male,76,3,1,Research Scientist,3,Married,2981,4317,1,Y,No,12,3,3,80,1,3,2,3,7,2,0,2
851,39,No,Travel_Rarely,568,Research & Development,6,4,Life Sciences,1,3,Male,98,3,3,Manufacturing Director,4,Married,10261,22376,1,Y,No,11,3,3,80,1,10,2,3,10,7,6,6
852,31,No,Travel_Rarely,1303,Research & Development,4,3,Life Sciences,1,1,Male,49,3,1,Research Scientist,3,Single,2263,25278,6,Y,No,14,3,4,80,0,5,2,3,1,2,0,2
853,45,No,Travel_Rarely,1261,Sales,9,3,Marketing,1,3,Male,88,3,2,Sales Executive,4,Married,10796,5977,1,Y,No,11,3,4,80,1,17,2,3,17,7,7,8
854,57,No,Travel_Rarely,1289,Research & Development,5,4,Life Sciences,1,4,Female,72,3,2,Research Scientist,3,Married,4061,21571,3,Y,No,14,3,3,80,0,18,3,3,6,2,0,4
855,25,No,Travel_Rarely,405,Research & Development,2,4,Medical,1,3,Male,48,3,3,Healthcare Representative,3,Single,8360,3083,1,Y,No,19,3,4,80,0,10,2,3,11,8,4,7
856,45,No,Travel_Rarely,1030,Sales,1,3,Life Sciences,1,1,Male,39,3,4,Manager,3,Married,19267,4919,2,Y,No,13,3,3,80,1,23,2,3,11,0,0,7
857,31,Yes,Travel_Rarely,552,Human Resources,1,3,Human Resources,1,1,Male,36,3,1,Human Resources,3,Married,2429,6072,0,Y,No,12,3,4,80,0,3,2,3,2,2,2,2
858,41,No,Travel_Rarely,313,Research & Development,10,3,Life Sciences,1,3,Male,66,2,3,Sales Executive,4,Married,12822,25574,1,Y,No,23,3,3,80,1,25,3,3,17,14,12,8
859,38,No,Travel_Rarely,1255,Sales,7,3,Life Sciences,1,3,Male,74,3,2,Sales Executive,4,Married,2624,19806,1,Y,No,12,3,3,80,1,9,2,3,5,3,0,4
860,51,No,Travel_Rarely,1361,Research & Development,3,4,Life Sciences,1,3,Male,89,3,2,Research Scientist,3,Married,4405,3102,2,Y,No,13,3,3,80,1,20,2,3,6,2,0,0
861,35,No,Travel_Rarely,1200,Sales,4,4,Life Sciences,1,2,Male,50,3,2,Sales Executive,4,Married,4568,12072,1,Y,No,20,4,4,80,1,8,2,3,9,7,0,8
862,27,No,Travel_Rarely,1165,Sales,5,3,Life Sciences,1,4,Male,73,3,2,Sales Representative,3,Single,2965,23588,3,Y,No,13,3,3,80,0,6,3,3,1,0,0,0
863,52,No,Travel_Rarely,1396,Research & Development,8,4,Life Sciences,1,3,Male,78,3,2,Research Scientist,3,Married,5927,24818,2,Y,No,14,3,3,80,0,31,2,3,8,0,0,3
864,44,No,Travel_Rarely,1286,Sales,7,4,Life Sciences,1,3,Male,65,3,3,Sales Executive,4,Married,7452,2094,1,Y,No,12,3,4,80,1,19,2,3,11,9,7,7
865,26,No,Travel_Rarely,145,Sales,12,4,Life Sciences,1,2,Male,38,3,2,Sales Executive,4,Single,5060,3099,1,Y,No,17,3,4,80,0,12,3,3,10,8,0,7
866,30,No,Travel_Rarely,1404,Research & Development,8,3,Life Sciences,1,3,Male,93,3,1,Research Scientist,3,Married,3255,13830,1,Y,No,24,3,3,80,1,4,2,2,4,3,0,3
867,30,No,Travel_Rarely,1085,Research & Development,2,4,Life Sciences,1,4,Male,45,3,2,Healthcare Representative,3,Single,5833,22445,2,Y,No,14,3,3,80,0,7,2,3,0,0,0,0
868,25,No,Travel_Rarely,1315,Sales,8,3,Marketing,1,3,Male,40,3,1,Sales Representative,3,Single,2734,22454,1,Y,No,22,3,4,80,0,4,3,3,5,2,0,2
869,38,No,Travel_Rarely,320,Research & Development,7,3,Life Sciences,1,3,Female,46,3,2,Manufacturing Director,4,Married,4799,24282,1,Y,No,19,3,3,80,1,9,3,3,10,7,3,7
870,55,No,Travel_Rarely,1140,Sales,2,4,Marketing,1,4,Male,37,3,3,Sales Executive,4,Married,7196,4383,2,Y,No,11,3,3,80,1,8,2,3,5,3,0,4
871,27,No,Travel_Rarely,1276,Research & Development,8,3,Life Sciences,1,3,Male,79,3,2,Laboratory Technician,4,Divorced,4052,5309,1,Y,No,12,3,3,80,1,8,2,3,3,4,0,3
872,54,No,Travel_Rarely,1460,Sales,8,3,Life Sciences,1,3,Female,36,3,3,Sales Executive,3,Married,16139,21622,1,Y,No,11,3,4,80,0,17,3,3,19,7,12,13
873,35,No,Travel_Rarely,1394,Research & Development,2,4,Life Sciences,1,4,Male,51,3,2,Laboratory Technician,3,Single,5102,2223,2,Y,No,13,3,4,80,0,11,3,3,2,1,0,0
874,32,No,Travel_Rarely,1357,Research & Development,9,3,Life Sciences,1,3,Male,83,3,3,Manager,4,Married,19999,3430,4,Y,No,23,3,4,80,1,18,2,3,15,8,0,7
875,29,No,Travel_Rarely,1211,Sales,8,4,Life Sciences,1,3,Male,66,3,2,Sales Executive,3,Married,5557,24325,4,Y,No,12,3,3,80,1,10,2,3,9,7,0,8
876,33,Yes,Travel_Rarely,1255,Research & Development,6,3,Life Sciences,1,3,Male,55,3,1,Laboratory Technician,1,Single,3525,22257,1,Y,Yes,16,3,4,80,0,5,2,3,4,2,0,3
877,50,No,Travel_Rarely,1151,Research & Development,2,3,Life Sciences,1,4,Male,42,3,4,Research Director,3,Married,18331,2641,2,Y,No,12,3,4,80,1,34,2,3,23,3,1,7
878,50,No,Travel_Rarely,1143,Research & Development,11,3,Life Sciences,1,2,Male,32,3,4,Research Director,3,Married,19999,20915,3,Y,No,13,3,3,80,1,27,2,3,8,0,0,0
879,29,No,Travel_Rarely,1211,Research & Development,1,3,Life Sciences,1,4,Male,39,3,2,Manufacturing Director,3,Married,6059,3210,1,Y,No,24,3,4,80,1,5,2,3,5,4,1,3
880,37,No,Travel_Rarely,1171,Research & Development,2,4,Life Sciences,1,3,Male,83,3,2,Research Scientist,3,Married,5638,5276,2,Y,No,14,3,3,80,1,19,2,3,6,2,0,2
881,34,No,Travel_Rarely,1191,Research & Development,2,3,Life Sciences,1,3,Male,86,3,1,Laboratory Technician,3,Divorced,2854,2955,4,Y,No,12,3,3,80,1,5,2,3,4,2,0,2
882,27,No,Travel_Rarely,1247,Sales,8,4,Marketing,1,3,Male,91,3,2,Sales Executive,4,Married,5467,5265,4,Y,No,14,3,3,80,1,9,2,3,0,0,0,0
883,35,No,Travel_Rarely,1190,Research & Development,29,3,Life Sciences,1,3,Male,90,3,1,Laboratory Technician,4,Married,2477,23367,1,Y,No,21,4,3,80,1,11,2,3,8,7,6,7
884,27,No,Travel_Rarely,1404,Research & Development,2,3,Medical,1,3,Male,44,3,1,Research Scientist,4,Single,2680,7009,1,Y,No,14,3,3,80,0,7,2,3,7,2,1,3
885,32,No,Travel_Rarely,1275,Sales,13,3,Life Sciences,1,4,Male,44,3,2,Laboratory Technician,3,Single,3639,20006,2,Y,No,14,3,4,80,0,9,2,3,0,0,0,2
886,31,No,Travel_Rarely,1271,Research & Development,1,4,Life Sciences,1,2,Male,83,3,2,Laboratory Technician,3,Single,5294,19884,2,Y,No,12,3,3,80,0,3,2,3,4,1,0,0
887,50,No,Travel_Rarely,1135,Research & Development,1,4,Life Sciences,1,4,Female,65,3,3,Manufacturing Director,4,Single,4049,22305,3,Y,No,24,4,2,80,0,11,3,3,4,2,0,2
888,31,No,Travel_Rarely,1252,Research & Development,4,3,Medical,1,1,Male,33,3,1,Research Scientist,3,Single,2185,6051,1,Y,No,14,3,4,80,0,8,2,3,3,4,1,4
889,51,No,Travel_Rarely,1306,Research & Development,1,4,Life Sciences,1,4,Male,31,3,3,Healthcare Representative,3,Married,11427,23401,3,Y,No,23,4,2,80,1,17,3,3,7,4,1,7
890,28,Yes,Travel_Rarely,184,Research & Development,7,3,Life Sciences,1,3,Male,80,3,1,Research Scientist,1,Single,3059,23567,1,Y,No,11,3,3,80,0,2,2,3,2,2,0,2
891,54,No,Travel_Rarely,102,Sales,2,3,Life Sciences,1,3,Female,33,3,4,Sales Executive,3,Married,9948,23493,2,Y,No,11,3,4,80,0,25,2,3,20,8,11,12
892,38,No,Travel_Rarely,185,Research & Development,7,3,Life Sciences,1,4,Male,48,3,1,Research Scientist,4,Married,2805,19778,1,Y,No,14,3,3,80,0,10,3,3,11,7,1,7
893,60,No,Travel_Rarely,633,Research & Development,2,4,Life Sciences,1,3,Male,95,3,2,Healthcare Representative,4,Married,4549,25121,3,Y,No,24,3,3,80,0,10,2,3,5,3,1,2
894,28,No,Travel_Rarely,1320,Research & Development,5,1,Life Sciences,1,2,Male,55,3,1,Laboratory Technician,4,Single,4377,10755,1,Y,No,11,3,4,80,0,5,3,3,4,3,0,4
895,18,No,Travel_Rarely,1348,Sales,10,1,Medical,1,3,Male,75,3,1,Sales Representative,4,Married,2449,24407,1,Y,No,21,3,3,80,1,0,3,3,4,2,0,2
896,60,No,Travel_Rarely,1449,Research & Development,3,3,Life Sciences,1,2,Male,73,3,2,Laboratory Technician,4,Married,5805,22860,3,Y,No,24,3,3,80,1,7,2,3,0,0,0,0
897,49,No,Travel_Rarely,1499,Research & Development,4,4,Life Sciences,1,4,Male,43,3,3,Research Director,3,Married,9014,26999,2,Y,No,13,3,4,80,0,31,2,3,6,1,1,3
898,24,No,Travel_Rarely,1295,Research & Development,10,3,Life Sciences,1,4,Male,80,3,1,Research Scientist,4,Married,5189,25857,6,Y,No,11,3,3,80,0,6,3,3,2,0,0,0
899,29,No,Travel_Rarely,1448,Research & Development,4,3,Medical,1,3,Male,63,3,1,Human Resources,3,Married,6990,3818,1,Y,No,12,3,4,80,1,9,2,3,5,7,1,8
900,31,No,Travel_Rarely,326,Sales,11,4,Marketing,1,3,Male,87,3,3,Sales Executive,4,Married,7122,2094,1,Y,No,12,3,4,80,1,12,2,3,5,7,6,8
901,50,No,Travel_Rarely,1314,Research & Development,9,3,Life Sciences,1,4,Female,69,3,3,Research Director,1,Married,8600,21557,1,Y,No,11,3,3,80,1,19,3,3,19,7,1,9
902,30,No,Travel_Rarely,806,Research & Development,6,3,Life Sciences,1,3,Male,94,3,1,Research Scientist,4,Married,2026,5526,1,Y,No,11,3,3,80,0,5,2,3,3,3,0,4
903,19,No,Travel_Rarely,1288,Research & Development,7,1,Medical,1,4,Male,35,3,1,Research Scientist,4,Single,2560,6288,1,Y,No,19,3,4,80,0,4,3,3,5,4,1,4
904,31,No,Travel_Rarely,1415,Sales,7,3,Marketing,1,3,Male,93,3,1,Sales Representative,4,Married,2576,23709,1,Y,No,12,3,1,80,0,2,3,3,3,2,0,1
905,52,No,Travel_Rarely,954,Research & Development,7,3,Life Sciences,1,4,Male,93,3,3,Manufacturing Director,3,Married,10262,20972,4,Y,No,11,3,3,80,1,16,2,3,4,4,0,3
906,55,No,Travel_Rarely,218,Research & Development,11,3,Life Sciences,1,3,Male,87,3,4,Manager,4,Married,19944,22968,1,Y,No,11,3,4,80,1,40,2,3,24,8,13,8
907,34,No,Travel_Rarely,1400,Research & Development,2,3,Life Sciences,1,3,Male,88,3,1,Research Scientist,4,Married,2313,3986,1,Y,No,14,3,3,80,1,3,2,3,4,2,0,2
908,49,No,Travel_Rarely,994,Human Resources,4,4,Life Sciences,1,1,Male,47,3,4,Manager,3,Married,15185,6561,2,Y,No,12,3,3,80,0,20,2,3,5,2,0,2
909,51,No,Travel_Rarely,1384,Research & Development,1,4,Life Sciences,1,4,Male,35,3,3,Research Director,3,Married,8334,20619,2,Y,No,12,3,3,80,0,32,3,3,2,0,0,0
910,37,No,Travel_Rarely,1377,Research & Development,2,3,Life Sciences,1,4,Male,39,3,2,Laboratory Technician,3,Married,4531,2512,1,Y,No,13,3,2,80,1,9,3,3,2,0,0,7
911,39,No,Travel_Rarely,1294,Research & Development,10,3,Life Sciences,1,3,Male,63,3,2,Manufacturing Director,4,Married,3925,26802,1,Y,No,18,4,3,80,1,10,3,3,9,4,1,8
912,57,No,Travel_Rarely,194,Sales,3,3,Marketing,1,3,Male,63,3,4,Manager,4,Married,18538,26999,3,Y,No,17,3,3,80,0,30,2,3,20,8,12,7
913,50,No,Travel_Rarely,193,Sales,8,4,Marketing,1,4,Female,76,2,3,Sales Executive,4,Single,14024,24241,2,Y,No,11,3,3,80,0,9,3,3,4,3,0,3
914,36,No,Travel_Rarely,1269,Research & Development,7,3,Life Sciences,1,3,Female,88,3,3,Manufacturing Director,4,Divorced,4914,26649,1,Y,No,16,3,3,80,1,10,3,3,22,13,3,7
915,50,No,Travel_Rarely,1274,Sales,11,3,Life Sciences,1,3,Male,85,3,3,Sales Executive,2,Married,7869,2791,1,Y,No,12,3,4,80,1,16,2,3,10,6,6,6
916,35,No,Travel_Rarely,300,Sales,10,3,Life Sciences,1,3,Female,40,2,2,Sales Executive,4,Married,7323,26999,1,Y,No,21,4,3,80,1,9,3,3,10,4,1,5
917,32,No,Travel_Rarely,1364,Research & Development,3,3,Life Sciences,1,2,Male,94,3,1,Laboratory Technician,3,Married,1823,3963,1,Y,No,14,3,4,80,1,6,2,3,1,0,0,0
918,40,No,Travel_Rarely,1203,Research & Development,7,3,Life Sciences,1,4,Male,37,3,1,Laboratory Technician,3,Single,2752,2094,1,Y,No,12,3,4,80,0,9,3,3,10,8,6,7
919,44,No,Travel_Rarely,1082,Research & Development,5,4,Life Sciences,1,1,Male,30,3,3,Healthcare Representative,4,Single,11078,21892,3,Y,No,16,3,3,80,0,11,2,3,8,3,0,8
920,33,No,Travel_Rarely,320,Research & Development,3,3,Life Sciences,1,3,Male,87,3,3,Healthcare Representative,4,Single,9336,5016,1,Y,No,11,3,4,80,0,27,2,3,16,12,13,6
921,37,Yes,Travel_Rarely,342,Research & Development,3,3,Life Sciences,1,1,Male,36,3,1,Laboratory Technician,3,Single,4660,24697,2,Y,No,13,3,4,80,0,5,2,3,2,2,0,0
922,27,No,Travel_Rarely,1499,Research & Development,11,3,Life Sciences,1,3,Male,100,3,1,Laboratory Technician,3,Married,2668,3836,1,Y,No,11,3,3,80,1,9,3,3,5,4,1,4
923,33,No,Travel_Rarely,1373,Sales,6,3,Life Sciences,1,3,Male,95,3,3,Sales Executive,4,Married,13282,2898,1,Y,No,11,3,4,80,1,10,2,3,10,7,11,8
924,51,No,Travel_Rarely,1306,Research & Development,2,3,Life Sciences,1,1,Male,30,3,4,Manager,3,Married,14455,22223,2,Y,No,14,3,4,80,1,28,2,3,19,7,0,12
925,53,No,Travel_Rarely,1228,Research & Development,4,4,Medical,1,4,Female,40,3,3,Healthcare Representative,3,Single,7296,4707,2,Y,No,14,3,4,80,0,18,3,3,6,2,2,2
926,39,No,Travel_Rarely,102,Sales,7,3,Marketing,1,3,Male,80,2,2,Sales Executive,4,Married,5712,7689,1,Y,No,12,3,4,80,0,10,2,3,10,7,0,9
927,35,No,Travel_Rarely,1355,Research & Development,2,4,Medical,1,4,Female,73,3,2,Healthcare Representative,3,Married,3872,22718,3,Y,No,17,3,3,80,0,10,3,3,7,7,0,8
928,32,No,Travel_Rarely,1334,Research & Development,2,3,Life Sciences,1,4,Male,94,3,1,Laboratory Technician,4,Single,1885,12676,1,Y,No,14,3,3,80,0,6,2,2,6,3,1,5
929,36,No,Travel_Rarely,1164,Sales,6,3,Life Sciences,1,3,Male,78,3,2,Sales Executive,4,Single,3816,24003,1,Y,No,11,3,4,80,0,3,2,3,9,0,0,0
930,30,No,Travel_Rarely,1433,Sales,10,3,Marketing,1,4,Female,41,3,2,Sales Executive,3,Married,5764,23072,3,Y,No,13,3,3,80,0,6,3,3,2,0,0,0
931,50,No,Travel_Rarely,1450,Research & Development,5,3,Life Sciences,1,3,Male,100,3,3,Healthcare Representative,3,Married,8113,3816,1,Y,No,21,4,4,80,1,11,2,3,24,8,12,10
932,42,No,Travel_Rarely,1458,Research & Development,7,3,Life Sciences,1,4,Male,87,3,4,Research Director,3,Married,17820,21870,3,Y,No,22,4,4,80,1,15,2,3,9,7,6,7
933,32,No,Travel_Rarely,135,Sales,14,4,Marketing,1,2,Male,44,3,2,Sales Executive,4,Married,5375,3396,1,Y,No,13,3,3,80,0,10,2,3,7,7,7,7
934,43,No,Travel_Rarely,1350,Research & Development,3,3,Life Sciences,1,3,Male,43,3,2,Healthcare Representative,3,Married,5725,2850,2,Y,No,12,3,4,80,1,22,2,3,9,2,0,6
935,52,No,Travel_Rarely,1432,Research & Development,3,3,Life Sciences,1,4,Male,94,3,4,Manager,4,Married,19708,3291,3,Y,No,21,3,4,80,1,26,2,3,10,7,4,7
936,37,No,Travel_Rarely,171,Research & Development,5,3,Life Sciences,1,3,Female,47,3,2,Sales Executive,4,Single,6109,21345,1,Y,No,12,3,4,80,0,18,3,3,13,7,10,10
937,39,No,Travel_Rarely,1385,Sales,2,4,Life Sciences,1,2,Male,32,3,3,Manager,3,Married,13391,2908,3,Y,No,13,3,4,80,1,26,2,3,9,9,0,12
938,33,No,Travel_Rarely,1439,Sales,6,1,Life Sciences,1,4,Male,42,3,1,Sales Representative,3,Married,5784,4917,1,Y,No,16,4,4,80,1,6,3,3,7,4,1,3
939,23,No,Travel_Rarely,1318,Research & Development,8,1,Medical,1,3,Male,49,3,1,Laboratory Technician,4,Single,2107,8660,1,Y,No,19,4,4,80,0,2,3,3,4,4,1,2
940,22,No,Travel_Rarely,1118,Research & Development,9,1,Medical,1,3,Male,73,3,1,Research Scientist,4,Single,2634,8275,1,Y,No,11,3,3,80,0,9,3,3,4,3,1,5
941,34,No,Travel_Rarely,1143,Research & Development,1,3,Life Sciences,1,1,Male,88,3,1,Research Scientist,4,Divorced,2250,4755,4,Y,No,15,3,3,80,1,6,2,2,2,2,0,2
942,29,No,Travel_Rarely,1456,Research & Development,9,1,Life Sciences,1,3,Male,89,3,1,Laboratory Technician,4,Married,2333,7201,1,Y,No,19,4,3,80,1,7,2,3,4,3,1,4
943,48,No,Travel_Rarely,793,Research & Development,6,3,Life Sciences,1,1,Male,84,3,1,Human Resources,1,Married,9319,22387,4,Y,No,13,3,3,80,0,9,2,3,8,7,7,7
944,40,No,Travel_Rarely,1198,Research & Development,8,4,Life Sciences,1,3,Male,40,3,3,Healthcare Representative,4,Single,8834,24120,1,Y,No,18,4,4,80,0,19,3,3,13,8,11,8
945,57,No,Travel_Rarely,263,Research & Development,9,4,Life Sciences,1,3,Male,67,2,4,Manager,4,Married,7887,20562,3,Y,No,18,3,3,80,0,35,3,3,20,7,11,7
946,36,Yes,Travel_Rarely,664,Sales,7,3,Life Sciences,1,3,Male,38,3,1,Sales Representative,3,Single,2910,23151,1,Y,No,11,3,4,80,0,1,2,3,1,2,0,2
947,38,No,Travel_Rarely,1092,Research & Development,2,4,Life Sciences,1,2,Male,65,3,2,Laboratory Technician,3,Married,4711,3484,2,Y,No,13,3,4,80,0,8,2,3,9,0,0,0
948,43,No,Travel_Rarely,1326,Research & Development,3,4,Life Sciences,1,2,Male,97,3,2,Laboratory Technician,4,Married,5729,6996,1,Y,No,14,3,4,80,1,5,2,3,10,1,0,8
949,34,No,Travel_Rarely,1132,Sales,10,3,Marketing,1,2,Male,38,3,2,Sales Executive,4,Married,3282,3539,1,Y,No,20,3,1,80,0,4,3,3,9,6,0,6
950,55,No,Travel_Rarely,1193,Sales,9,3,Life Sciences,1,4,Male,76,3,3,Sales Executive,4,Married,6350,6205,1,Y,No,11,3,4,80,1,9,2,3,12,8,7,6
951,49,No,Travel_Rarely,1343,Research & Development,6,4,Medical,1,4,Male,39,3,3,Research Director,3,Married,14946,23111,2,Y,No,12,3,3,80,1,11,3,3,6,4,1,4
952,38,No,Travel_Rarely,102,Research & Development,3,3,Medical,1,3,Male,75,3,1,Research Scientist,3,Single,4212,4761,5,Y,No,12,3,3,80,0,5,2,3,6,2,0,2
953,60,No,Travel_Rarely,1131,Sales,2,3,Life Sciences,1,3,Male,91,3,3,Sales Executive,4,Married,4885,3335,4,Y,No,11,3,3,80,1,25,2,3,4,3,0,0
954,44,No,Travel_Rarely,217,Sales,6,4,Marketing,1,3,Male,75,3,3,Sales Executive,4,Married,8461,7469,1,Y,No,11,3,4,80,0,9,2,3,7,6,6,7
955,35,No,Travel_Rarely,1071,Research & Development,1,3,Medical,1,4,Male,44,3,1,Laboratory Technician,3,Single,5871,3975,0,Y,No,11,3,4,80,0,5,3,3,6,2,1,2
956,51,No,Travel_Rarely,1256,Research & Development,10,4,Life Sciences,1,3,Male,84,3,3,Manufacturing Director,3,Divorced,8736,25241,2,Y,No,11,3,3,80,1,11,2,3,3,4,0,3
957,44,No,Travel_Rarely,1319,Research & Development,2,3,Life Sciences,1,3,Male,97,3,3,Healthcare Representative,3,Married,12305,3566,1,Y,No,12,3,4,80,1,22,2,3,10,7,8,7
958,53,No,Travel_Rarely,1344,Sales,7,4,Life Sciences,1,3,Male,55,3,2,Sales Executive,4,Married,11564,7075,1,Y,No,25,4,3,80,1,11,3,3,9,7,0,7
959,26,No,Travel_Rarely,1226,Sales,13,3,Medical,1,4,Male,40,3,1,Sales Representative,3,Single,3529,19529,1,Y,No,11,3,1,80,0,0,3,3,4,0,0,0
960,53,No,Travel_Rarely,1198,Research & Development,2,3,Medical,1,4,Male,87,3,4,Research Director,3,Married,14817,18967,3,Y,No,12,3,3,80,0,14,2,3,5,2,1,3
961,60,No,Travel_Rarely,381,Research & Development,2,3,Life Sciences,1,3,Male,71,3,4,Manager,4,Married,15342,26999,3,Y,No,12,3,3,80,1,31,2,3,16,10,13,10
962,47,No,Travel_Rarely,135,Sales,1,4,Life Sciences,1,1,Male,79,3,3,Sales Executive,4,Single,8593,18718,3,Y,No,24,4,3,80,0,17,2,3,3,0,0,1
963,34,No,Travel_Rarely,1479,Sales,9,3,Marketing,1,3,Male,38,3,2,Sales Executive,4,Married,4398,7184,1,Y,No,17,3,1,80,0,8,3,3,7,8,6,9
964,28,No,Travel_Rarely,1305,Research & Development,29,3,Life Sciences,1,3,Male,53,3,3,Manufacturing Director,4,Married,5416,5237,1,Y,No,23,4,4,80,1,10,2,3,10,8,7,7
965,39,No,Travel_Rarely,510,Research & Development,8,3,Life Sciences,1,3,Male,76,3,2,Manufacturing Director,4,Single,3774,25198,0,Y,No,17,3,1,80,0,6,3,3,4,3,1,4
966,28,No,Travel_Rarely,200,Research & Development,2,3,Life Sciences,1,3,Male,51,3,1,Laboratory Technician,4,Single,5125,23645,0,Y,No,11,3,4,80,0,7,2,3,2,2,2,2
967,60,No,Travel_Rarely,1422,Research & Development,1,4,Life Sciences,1,3,Male,74,3,3,Healthcare Representative,4,Married,7998,7997,3,Y,No,11,3,4,80,1,7,2,3,6,3,0,4
968,35,No,Travel_Rarely,1320,Research & Development,1,3,Life Sciences,1,4,Male,98,3,1,Research Scientist,4,Married,1867,6475,1,Y,No,21,3,3,80,1,7,2,3,5,3,1,4
969,49,No,Travel_Rarely,1331,Research & Development,9,3,Life Sciences,1,4,Male,58,3,1,Research Scientist,1,Married,2636,19756,1,Y,No,21,3,3,80,1,9,3,3,6,7,0,7
970,32,No,Travel_Rarely,1029,Sales,8,3,Life Sciences,1,3,Male,74,3,1,Sales Representative,4,Married,1723,21394,1,Y,No,11,3,3,80,1,6,2,3,3,2,1,2
971,29,No,Travel_Rarely,1184,Research & Development,2,3,Life Sciences,1,4,Male,96,3,1,Research Scientist,4,Single,2364,5329,1,Y,No,14,3,3,80,0,3,3,3,3,4,0,0
972,32,No,Travel_Rarely,1495,Research & Development,3,4,Life Sciences,1,4,Male,50,3,2,Healthcare Representative,3,Married,4423,4356,2,Y,No,14,3,4,80,0,16,2,3,2,2,0,2
973,27,No,Travel_Rarely,1330,Research & Development,2,3,Life Sciences,1,4,Male,94,3,1,Research Scientist,3,Married,5298,4816,1,Y,No,15,3,4,80,1,7,2,3,5,3,1,2
974,34,No,Travel_Rarely,1232,Sales,6,3,Life Sciences,1,3,Male,34,3,2,Sales Executive,4,Married,4101,5658,1,Y,No,16,3,4,80,1,10,2,3,9,7,7,8
975,21,No,Travel_Rarely,1039,Research & Development,4,3,Life Sciences,1,4,Male,94,3,1,Research Scientist,3,Single,2326,23348,1,Y,No,13,3,3,80,0,3,3,3,3,2,0,2
976,51,No,Travel_Rarely,1401,Sales,2,3,Life Sciences,1,4,Male,92,3,4,Manager,2,Married,16385,4108,1,Y,No,12,3,4,80,1,21,2,3,12,8,7,7
977,37,No,Travel_Rarely,1380,Sales,6,4,Life Sciences,1,2,Male,73,3,2,Sales Executive,4,Married,3750,24388,3,Y,No,16,3,3,80,0,5,2,3,1,1,0,0
978,27,No,Travel_Rarely,1346,Sales,5,3,Life Sciences,1,3,Male,90,3,2,Sales Executive,4,Married,4407,26999,1,Y,No,13,3,1,80,1,4,3,3,8,4,0,7
979,42,No,Travel_Rarely,1379,Research & Development,6,3,Life Sciences,1,4,Male,86,3,3,Research Director,3,Married,9101,23495,2,Y,No,12,3,3,80,0,29,2,3,2,0,0,0
980,34,No,Travel_Rarely,1288,Sales,3,3,Life Sciences,1,3,Male,93,3,2,Sales Executive,4,Married,5289,9429,1,Y,No,13,3,1,80,1,5,2,3,6,3,0,3
981,40,No,Travel_Rarely,704,Research & Development,2,4,Life Sciences,1,1,Male,81,3,1,Research Scientist,1,Married,2311,2094,3,Y,No,21,4,3,80,1,10,2,3,3,2,0,3
982,43,No,Travel_Rarely,917,Research & Development,3,3,Life Sciences,1,3,Male,93,3,4,Manager,3,Married,14462,4323,3,Y,No,17,3,4,80,0,11,2,3,10,8,6,7
983,34,No,Travel_Rarely,1309,Research & Development,3,3,Medical,1,3,Male,93,3,1,Laboratory Technician,3,Married,1765,5082,1,Y,No,12,3,3,80,1,4,2,3,4,4,0,2
984,33,No,Travel_Rarely,1249,Sales,3,3,Life Sciences,1,2,Male,39,3,2,Sales Executive,4,Single,3905,21217,1,Y,No,14,3,4,80,0,10,2,3,9,7,6,7
985,56,No,Travel_Rarely,791,Research & Development,7,4,Life Sciences,1,3,Male,81,3,2,Healthcare Representative,1,Single,9400,21630,3,Y,No,11,3,4,80,0,12,2,3,11,7,0,7
986,38,No,Travel_Rarely,1229,Research & Development,9,3,Life Sciences,1,3,Male,77,3,3,Manufacturing Director,3,Married,11923,25114,1,Y,No,20,4,3,80,1,20,3,3,15,10,10,8
987,45,No,Travel_Rarely,1304,Research & Development,4,3,Life Sciences,1,3,Female,71,3,1,Research Scientist,3,Married,3946,26678,1,Y,No,21,3,3,80,1,8,3,3,4,4,1,4
988,29,No,Travel_Rarely,1191,Research & Development,2,3,Life Sciences,1,1,Male,96,3,1,Laboratory Technician,3,Married,2368,2094,2,Y,No,13,3,3,80,1,2,2,3,5,2,0,2
989,52,No,Travel_Rarely,1423,Research & Development,12,4,Medical,1,3,Male,63,3,3,Healthcare Representative,4,Married,6948,6256,4,Y,No,17,3,3,80,1,19,2,3,8,0,0,0
990,34,No,Travel_Rarely,638,Human Resources,8,3,Life Sciences,1,1,Male,93,3,2,Human Resources,3,Married,10252,3834,2,Y,No,14,3,4,80,1,10,2,3,7,6,6,7
991,56,No,Travel_Rarely,1128,Research & Development,1,4,Life Sciences,1,1,Male,60,3,2,Healthcare Representative,3,Married,6996,5191,2,Y,No,13,3,3,80,0,33,2,3,3,2,0,2
992,27,No,Travel_Rarely,349,Research & Development,7,3,Medical,1,3,Female,38,3,1,Laboratory Technician,4,Single,3511,21383,1,Y,No,12,3,4,80,0,4,3,3,5,3,1,3
993,34,No,Travel_Rarely,102,Sales,10,3,Life Sciences,1,3,Male,76,2,2,Sales Executive,4,Married,5053,26999,4,Y,No,17,3,3,80,1,9,3,3,0,0,0,1
994,58,No,Travel_Rarely,1318,Human Resources,6,3,Life Sciences,1,4,Male,38,3,5,Manager,4,Married,19773,6334,1,Y,No,11,3,4,80,1,30,2,3,27,8,4,8
995,26,Yes,Travel_Rarely,242,Research & Development,7,3,Life Sciences,1,3,Male,89,3,1,Sales Representative,4,Single,2529,22295,1,Y,No,12,3,3,80,0,2,2,3,2,2,2,2
996,23,No,Travel_Rarely,1276,Research & Development,10,1,Medical,1,3,Male,95,3,1,Sales Representative,2,Married,1588,22413,1,Y,No,16,3,3,80,1,2,2,3,4,2,1,2
997,36,No,Travel_Rarely,1199,Research & Development,2,3,Life Sciences,1,4,Male,37,3,1,Laboratory Technician,3,Married,2564,2094,1,Y,No,14,3,4,80,1,2,2,3,1,0,0,0
998,47,No,Travel_Rarely,216,Sales,1,3,Life Sciences,1,3,Male,76,3,4,Manager,4,Married,19999,21952,1,Y,No,11,3,4,80,1,33,3,3,24,9,11,9
999,49,No,Travel_Rarely,176,Sales,3,4,Life Sciences,1,3,Male,87,3,3,Sales Executive,4,Single,11202,4961,2,Y,No,12,3,4,80,0,10,3,3,5,4,0,4
1000,39,No,Travel_Rarely,1274,Sales,6,4,Marketing,1,1,Male,31,3,2,Sales Executive,3,Married,6177,20292,2,Y,No,14,3,3,80,0,8,2,3,3,0,0,0
1001,50,No,Travel_Rarely,220,Sales,6,3,Medical,1,3,Male,79,2,5,Manager,3,Married,13837,25487,7,Y,No,11,3,3,80,1,31,3,3,17,16,2,1
1002,25,No,Travel_Rarely,1262,Research & Development,10,3,Life Sciences,1,3,Male,32,3,1,Laboratory Technician,4,Single,5523,23323,1,Y,No,15,3,4,80,0,7,3,3,1,2,0,2
1003,37,No,Travel_Rarely,235,Research & Development,9,4,Medical,1,3,Female,81,3,2,Healthcare Representative,4,Single,3522,26999,2,Y,No,11,3,3,80,0,9,3,3,11,8,0,9
1004,28,No,Travel_Rarely,1337,Research & Development,8,1,Life Sciences,1,3,Male,74,3,1,Laboratory Technician,4,Married,3806,25956,1,Y,No,11,3,3,80,1,4,3,3,4,3,0,0
1005,28,No,Travel_Rarely,1333,Research & Development,2,3,Medical,1,3,Male,41,3,1,Laboratory Technician,3,Married,1740,2633,1,Y,No,13,3,4,80,0,3,2,3,0,0,0,0
1006,45,No,Travel_Rarely,1499,Sales,3,4,Life Sciences,1,3,Male,50,3,3,Sales Executive,3,Married,10671,2469,2,Y,No,13,3,4,80,1,17,2,3,10,7,7,7
1007,52,No,Travel_Rarely,1369,Research & Development,3,4,Life Sciences,1,4,Male,76,3,3,Research Director,3,Married,12745,2421,3,Y,No,21,4,2,80,1,10,3,3,7,2,3,4
1008,25,No,Travel_Rarely,246,Sales,6,3,Life Sciences,1,3,Female,38,3,2,Sales Executive,4,Single,4326,24270,1,Y,No,22,3,4,80,0,12,2,3,10,8,10,8
1009,24,No,Travel_Rarely,1110,Sales,9,3,Life Sciences,1,3,Male,92,3,2,Sales Representative,4,Single,4002,23823,1,Y,No,14,3,1,80,0,3,2,3,8,4,0,8
1010,31,No,Travel_Rarely,241,Sales,2,3,Marketing,1,3,Male,47,3,3,Sales Executive,4,Married,14039,3524,1,Y,No,12,3,4,80,0,15,2,3,17,9,12,14
1011,26,No,Travel_Rarely,1331,Human Resources,3,3,Life Sciences,1,1,Male,88,3,1,Sales Representative,3,Married,2128,3920,1,Y,No,14,3,4,80,1,4,2,3,5,3,0,3
1012,32,No,Travel_Rarely,1196,Research & Development,7,3,Life Sciences,1,3,Male,97,3,1,Laboratory Technician,4,Married,2335,23799,1,Y,No,23,4,2,80,1,9,3,3,3,4,0,2
1013,53,No,Travel_Rarely,1440,Research & Development,2,3,Life Sciences,1,3,Male,96,3,3,Manager,3,Divorced,18581,22788,2,Y,No,11,3,3,80,1,14,2,3,4,3,0,4
1014,33,No,Travel_Rarely,1326,Sales,3,4,Marketing,1,1,Male,35,3,2,Sales Executive,3,Single,4649,21439,7,Y,No,12,3,4,80,0,9,2,3,1,0,0,0
1015,55,No,Travel_Rarely,324,Research & Development,8,3,Life Sciences,1,3,Female,99,3,3,Manufacturing Director,3,Married,10708,24380,3,Y,No,12,3,3,80,0,22,2,3,15,7,11,10
1016,49,No,Travel_Rarely,990,Research & Development,3,3,Life Sciences,1,4,Male,43,3,5,Manager,3,Married,19999,23991,3,Y,No,12,3,3,80,1,31,2,3,23,7,9,8
1017,52,No,Travel_Rarely,1499,Research & Development,7,3,Medical,1,3,Male,46,3,5,Manager,3,Married,19526,4016,1,Y,No,11,3,4,80,1,26,2,3,24,7,12,11
1018,58,No,Travel_Rarely,1252,Research & Development,9,3,Life Sciences,1,4,Female,76,3,2,Research Scientist,4,Married,5210,24980,3,Y,No,14,3,3,80,1,10,3,3,11,12,6,7
1019,29,No,Travel_Rarely,1347,Research & Development,2,3,Life Sciences,1,3,Male,81,3,2,Laboratory Technician,4,Married,5359,26999,1,Y,No,12,3,3,80,1,8,2,3,9,7,1,8
1020,25,No,Travel_Rarely,1424,Research & Development,6,3,Life Sciences,1,4,Male,63,3,2,Laboratory Technician,3,Married,5185,9516,1,Y,No,13,3,4,80,0,8,2,3,9,7,0,7
1021,28,No,Travel_Rarely,1207,Research & Development,3,3,Life Sciences,1,3,Male,78,3,1,Laboratory Technician,4,Married,1611,26006,1,Y,No,24,3,4,80,1,3,2,3,0,0,0,0
1022,28,No,Travel_Rarely,1428,Research & Development,3,3,Medical,1,3,Male,48,3,1,Laboratory Technician,3,Married,2812,5937,1,Y,No,12,3,4,80,1,4,2,3,4,2,0,2
1023,28,No,Travel_Rarely,1321,Research & Development,2,3,Life Sciences,1,4,Male,30,3,1,Research Scientist,3,Married,3341,2094,1,Y,No,22,3,2,80,1,6,3,3,5,2,1,4
1024,47,No,Travel_Rarely,1282,Research & Development,1,3,Medical,1,4,Male,33,3,2,Research Scientist,3,Single,4025,26109,2,Y,No,12,3,3,80,0,6,3,3,1,1,0,0
1025,31,No,Travel_Rarely,1335,Research & Development,3,4,Life Sciences,1,1,Male,77,3,1,Research Scientist,3,Married,1009,3615,4,Y,No,14,3,3,80,1,6,2,3,1,1,0,0
1026,60,No,Travel_Rarely,1057,Research & Development,3,3,Medical,1,3,Male,88,3,4,Research Director,3,Married,16462,21947,3,Y,No,12,3,4,80,1,29,2,3,15,8,10,9
1027,33,Yes,Travel_Rarely,161,Sales,5,3,Life Sciences,1,3,Male,100,3,1,Sales Representative,3,Single,2162,22259,1,Y,No,11,3,4,80,0,5,2,3,4,0,0,0
1028,41,No,Travel_Rarely,852,Research & Development,2,3,Life Sciences,1,4,Male,39,3,1,Research Scientist,3,Single,2722,24135,1,Y,No,14,3,3,80,0,9,2,3,9,0,0,8
1029,39,No,Travel_Rarely,157,Sales,5,3,Life Sciences,1,3,Male,41,2,3,Sales Executive,4,Married,7667,7482,1,Y,No,12,3,4,80,1,11,2,3,21,10,13,11
1030,38,Yes,Travel_Rarely,235,Sales,12,4,Marketing,1,1,Male,92,3,2,Sales Executive,4,Married,5511,22156,1,Y,No,13,3,3,80,0,8,2,3,3,1,0,0
1031,54,No,Travel_Rarely,1282,Research & Development,5,3,Life Sciences,1,4,Female,91,3,3,Manufacturing Director,3,Married,13529,24888,3,Y,No,11,3,3,80,1,21,3,3,7,3,1,4
1032,26,No,Travel_Rarely,1300,Research & Development,8,1,Life Sciences,1,3,Male,71,3,1,Laboratory Technician,4,Single,1637,22822,1,Y,No,11,3,3,80,0,1,3,3,4,2,1,2
1033,42,No,Travel_Rarely,1429,Research & Development,4,4,Life Sciences,1,3,Male,75,3,3,Healthcare Representative,4,Married,11815,25829,1,Y,No,20,4,3,80,1,20,3,3,13,8,7,9
1034,37,No,Travel_Rarely,1326,Sales,12,3,Life Sciences,1,3,Male,89,3,3,Sales Executive,4,Married,10063,7169,1,Y,No,20,3,4,80,1,16,2,3,18,10,7,8
1035,31,No,Travel_Rarely,1408,Sales,2,4,Life Sciences,1,3,Male,36,3,2,Sales Executive,4,Married,4517,5931,1,Y,No,22,4,1,80,1,9,2,3,9,8,0,7
1036,54,No,Travel_Rarely,228,Sales,1,4,Life Sciences,1,4,Female,79,3,4,Manager,2,Single,19043,26793,3,Y,No,11,3,3,80,0,25,2,3,5,2,2,0
1037,28,Yes,Travel_Rarely,832,Sales,6,3,Life Sciences,1,3,Male,66,3,1,Sales Representative,4,Married,2814,23078,1,Y,No,22,3,3,80,1,1,2,3,0,2,2,2
1038,23,Yes,Travel_Rarely,343,Sales,8,3,Life Sciences,1,3,Male,99,3,1,Sales Representative,3,Single,1051,20308,1,Y,No,11,3,4,80,0,3,2,3,1,0,0,0
1039,37,No,Travel_Rarely,102,Research & Development,8,4,Life Sciences,1,3,Male,85,3,2,Manufacturing Director,4,Married,5897,7370,0,Y,No,19,3,4,80,0,9,2,3,9,7,4,8
1040,28,No,Travel_Rarely,1368,Research & Development,1,3,Life Sciences,1,4,Male,43,3,1,Laboratory Technician,3,Married,3494,2094,1,Y,No,13,3,4,80,1,2,2,3,3,2,1,2
1041,25,Yes,Travel_Rarely,1121,Research & Development,1,1,Life Sciences,1,3,Male,72,3,1,Laboratory Technician,4,Married,2514,24240,1,Y,No,20,3,3,80,1,5,2,3,1,2,0,2
1042,23,No,Travel_Rarely,1347,Research & Development,25,1,Life Sciences,1,4,Male,100,3,1,Research Scientist,4,Married,3394,5499,1,Y,No,18,3,3,80,1,4,3,3,6,3,1,3
1043,31,No,Travel_Rarely,241,Research & Development,8,4,Life Sciences,1,3,Female,76,3,2,Manufacturing Director,4,Single,5465,21999,1,Y,No,11,3,4,80,0,22,2,3,12,14,12,16
1044,34,No,Travel_Rarely,1340,Research & Development,1,3,Medical,1,3,Female,87,3,2,Manufacturing Director,4,Married,5155,21118,1,Y,No,24,4,3,80,1,8,3,3,9,8,1,7
1045,22,No,Travel_Rarely,271,Research & Development,2,3,Medical,1,4,Male,43,3,1,Research Scientist,3,Single,3169,4788,1,Y,No,14,3,3,80,0,2,3,3,5,2,1,2
1046,28,No,Travel_Rarely,1352,Research & Development,7,3,Life Sciences,1,3,Male,81,3,1,Research Scientist,4,Single,2371,4578,1,Y,No,21,4,4,80,0,5,3,3,5,2,0,2
1047,26,No,Travel_Rarely,1168,Research & Development,7,1,Life Sciences,1,3,Male,62,3,1,Laboratory Technician,3,Married,3107,24035,1,Y,No,12,3,3,80,1,5,2,2,4,4,1,4
1048,50,No,Travel_Rarely,1359,Sales,9,3,Marketing,1,3,Male,93,2,2,Sales Executive,4,Married,12729,22575,4,Y,No,11,3,3,80,1,28,3,3,1,0,0,0
1049,36,No,Travel_Rarely,1389,Research & Development,2,3,Life Sciences,1,4,Male,93,3,4,Manager,3,Married,14485,5618,1,Y,No,13,3,4,80,0,16,3,3,15,12,11,11
1050,41,No,Travel_Rarely,1228,Research & Development,1,4,Life Sciences,1,4,Male,71,3,1,Research Scientist,4,Married,2572,8397,1,Y,No,14,3,3,80,0,8,3,3,8,6,0,7
1051,49,No,Travel_Rarely,268,Research & Development,2,3,Life Sciences,1,3,Female,77,3,4,Research Director,4,Married,14764,22230,1,Y,No,11,3,4,80,1,26,2,3,31,8,13,7
1052,22,No,Travel_Rarely,1348,Sales,9,3,Life Sciences,1,2,Male,62,3,2,Sales Representative,4,Married,5269,23604,1,Y,No,20,4,2,80,1,8,2,3,5,4,0,3
1053,22,Yes,Travel_Rarely,1334,Research & Development,10,3,Medical,1,3,Male,60,3,1,Human Resources,1,Married,2236,24380,1,Y,No,11,3,3,80,0,5,3,3,1,0,0,0
1054,23,Yes,Travel_Rarely,1134,Sales,2,3,Life Sciences,1,3,Male,82,3,1,Sales Representative,3,Married,2311,20627,1,Y,Yes,11,3,3,80,1,3,2,3,1,2,0,2
1055,53,No,Travel_Rarely,1381,Human Resources,7,3,Life Sciences,1,1,Male,42,3,5,Manager,3,Divorced,16786,5771,4,Y,No,13,3,4,80,1,35,2,3,20,8,4,8
1056,53,Yes,Travel_Rarely,500,Human Resources,4,4,Life Sciences,1,1,Male,42,3,3,Human Resources,1,Single,6121,8429,6,Y,No,20,3,4,80,0,10,2,3,5,2,0,2
1057,32,No,Travel_Rarely,1334,Research & Development,11,3,Life Sciences,1,4,Female,75,3,2,Manufacturing Director,3,Married,6502,15392,3,Y,No,12,3,3,80,1,5,3,3,5,4,1,4
1058,53,No,Travel_Rarely,1363,Sales,8,4,Life Sciences,1,3,Male,83,2,3,Sales Executive,3,Married,8537,5079,2,Y,No,12,3,3,80,1,22,3,3,2,0,0,0
1059,40,No,Travel_Rarely,1386,Research & Development,1,3,Medical,1,4,Male,92,3,1,Research Scientist,3,Married,6523,6836,0,Y,No,12,3,3,80,1,6,3,3,5,2,1,2
1060,31,No,Travel_Rarely,1227,Sales,7,4,Life Sciences,1,2,Male,36,3,3,Sales Executive,3,Divorced,6186,22620,2,Y,No,14,3,4,80,1,9,2,3,5,7,0,7
1061,53,No,Travel_Rarely,1301,Sales,2,4,Marketing,1,1,Male,92,3,3,Sales Executive,4,Married,10061,19590,4,Y,No,13,3,3,80,1,17,2,3,13,7,0,8
1062,47,No,Travel_Rarely,1131,Sales,1,3,Life Sciences,1,3,Male,92,3,4,Manager,2,Married,15744,11593,2,Y,No,11,3,3,80,0,30,2,3,8,6,1,8
1063,48,No,Travel_Rarely,1423,Research & Development,8,3,Life Sciences,1,4,Male,37,3,3,Healthcare Representative,3,Married,10324,4479,3,Y,No,11,3,4,80,0,10,2,3,5,6,1,7
1064,33,No,Travel_Rarely,1068,Sales,9,3,Life Sciences,1,3,Female,69,3,2,Sales Executive,4,Married,6148,26999,2,Y,No,11,3,3,80,1,7,2,3,9,3,0,3
1065,50,No,Travel_Rarely,1353,Research & Development,4,3,Medical,1,3,Male,72,3,4,Research Director,3,Married,17182,21730,4,Y,No,13,3,3,80,1,29,2,3,13,8,0,0
1066,39,No,Travel_Rarely,1206,Research & Development,1,3,Life Sciences,1,4,Male,43,3,1,Laboratory Technician,3,Married,2792,4588,1,Y,No,14,3,4,80,1,9,2,3,6,2,4,2
1067,28,No,Travel_Rarely,400,Sales,12,3,Medical,1,3,Male,45,3,1,Sales Representative,4,Single,3393,4576,1,Y,No,19,3,4,80,0,1,2,3,2,2,1,2
1068,54,No,Travel_Rarely,370,Research & Development,6,3,Life Sciences,1,3,Male,84,2,3,Healthcare Representative,4,Married,9483,6334,1,Y,No,11,3,4,80,1,28,3,3,18,15,13,15
1069,24,No,Travel_Rarely,1212,Research & Development,5,3,Medical,1,3,Male,72,3,1,Research Scientist,4,Married,1693,2192,1,Y,No,19,3,3,80,1,6,2,3,4,2,1,2
1070,43,No,Travel_Rarely,1330,Research & Development,2,4,Life Sciences,1,4,Female,43,3,2,Healthcare Representative,3,Single,3746,24960,3,Y,No,17,3,4,80,0,9,3,3,5,2,0,2
1071,18,No,Travel_Rarely,1286,Research & Development,1,3,Medical,1,3,Male,37,3,1,Laboratory Technician,4,Married,3151,2548,1,Y,No,21,3,4,80,1,3,2,3,6,2,1,2
1072,56,No,Travel_Rarely,226,Research & Development,1,3,Medical,1,3,Female,56,3,1,Research Scientist,4,Married,3116,6089,0,Y,No,19,4,3,80,0,10,2,3,6,3,1,4
1073,51,No,Travel_Rarely,1249,Research & Development,8,4,Life Sciences,1,4,Female,70,3,3,Research Director,3,Married,17053,23853,2,Y,No,13,3,3,80,1,30,3,3,2,2,2,2
1074,26,No,Travel_Rarely,1371,Research & Development,11,3,Life Sciences,1,3,Male,81,3,1,Research Scientist,4,Married,2896,2094,1,Y,No,20,4,3,80,0,9,2,3,5,2,0,2
1075,29,No,Travel_Rarely,1419,Sales,10,1,Medical,1,4,Male,38,3,1,Sales Representative,3,Married,2590,4297,1,Y,No,11,3,1,80,0,3,3,3,6,2,0,2
1076,26,No,Travel_Rarely,501,Sales,8,3,Life Sciences,1,4,Male,44,3,1,Sales Executive,3,Single,4448,21292,1,Y,No,12,3,4,80,0,8,3,3,6,4,0,0
1077,39,No,Travel_Rarely,1199,Research & Development,2,3,Life Sciences,1,4,Male,93,3,1,Laboratory Technician,4,Single,4922,26999,1,Y,No,12,3,4,80,0,0,3,3,5,2,1,2
1078,39,No,Travel_Rarely,914,Research & Development,2,3,Medical,1,2,Male,72,3,1,Research Scientist,4,Married,1009,8160,1,Y,No,14,3,3,80,1,11,3,3,4,4,0,4
1079,32,No,Travel_Rarely,1151,Research & Development,2,4,Life Sciences,1,2,Male,64,3,1,Laboratory Technician,3,Married,2595,2094,1,Y,No,14,3,4,80,1,10,2,3,10,7,0,8
1080,22,No,Travel_Rarely,1325,Sales,7,1,Life Sciences,1,4,Male,46,3,2,Sales Executive,4,Married,4148,4458,1,Y,No,11,3,1,80,1,7,3,3,8,3,1,7
1081,18,No,Travel_Rarely,1331,Research & Development,2,3,Life Sciences,1,4,Male,84,3,1,Laboratory Technician,3,Single,1098,19254,1,Y,No,11,3,3,80,0,0,3,3,1,0,0,0
1082,23,No,Travel_Rarely,1250,Research & Development,7,1,Medical,1,3,Male,79,3,1,Laboratory Technician,4,Married,2326,26121,1,Y,No,11,3,3,80,0,3,3,3,3,2,0,0
1083,27,No,Travel_Rarely,1329,Research & Development,2,3,Life Sciences,1,4,Male,96,3,1,Research Scientist,3,Single,2341,2798,1,Y,No,13,3,3,80,0,4,2,3,5,3,1,4
1084,25,No,Travel_Rarely,1250,Sales,11,3,Life Sciences,1,3,Male,74,2,2,Sales Executive,4,Married,4425,26999,1,Y,No,19,3,3,80,1,9,3,3,0,0,0,0
1085,28,No,Travel_Rarely,1414,Research & Development,8,1,Life Sciences,1,3,Male,41,3,1,Laboratory Technician,3,Married,1307,23656,1,Y,No,11,3,3,80,1,4,2,3,6,2,1,2
1086,35,Yes,Travel_Rarely,454,Research & Development,2,3,Life Sciences,1,1,Male,94,3,1,Laboratory Technician,4,Single,2017,9525,4,Y,No,19,3,4,80,0,4,2,3,2,2,1,2
1087,45,No,Travel_Rarely,1467,Sales,4,3,Marketing,1,3,Female,66,2,2,Sales Executive,4,Married,6630,24673,1,Y,No,11,3,3,80,1,12,3,3,22,8,1,9
1088,46,No,Travel_Rarely,207,Sales,12,3,Marketing,1,4,Female,79,3,3,Sales Executive,4,Married,9472,25666,2,Y,No,12,3,3,80,1,24,3,3,6,2,2,2
1089,28,No,Travel_Rarely,1231,Sales,8,3,Marketing,1,3,Male,63,3,2,Sales Executive,4,Married,4885,26620,1,Y,No,12,3,3,80,1,9,3,3,8,0,0,0
1090,48,No,Travel_Rarely,1127,Sales,9,3,Marketing,1,3,Male,39,3,2,Sales Executive,4,Married,5873,20044,1,Y,No,11,3,4,80,0,10,2,3,21,7,12,15
1091,49,No,Travel_Rarely,1352,Research & Development,1,4,Life Sciences,1,4,Male,77,3,1,Research Scientist,1,Divorced,3374,3675,3,Y,No,18,3,3,80,1,8,2,3,4,2,0,3
1092,42,No,Travel_Rarely,1158,Research & Development,2,4,Life Sciences,1,1,Male,64,3,1,Laboratory Technician,3,Married,4233,4347,4,Y,No,20,4,2,80,1,8,2,3,1,0,0,0
1093,39,No,Travel_Rarely,1174,Research & Development,8,2,Life Sciences,1,4,Female,84,3,2,Manufacturing Director,3,Married,5770,22791,2,Y,No,12,3,3,80,1,9,2,3,5,4,0,2
1094,30,No,Travel_Rarely,198,Research & Development,2,3,Life Sciences,1,3,Male,69,3,1,Research Scientist,4,Married,2180,3551,1,Y,No,20,4,3,80,1,2,2,2,3,3,0,3
1095,41,Yes,Travel_Rarely,1351,Human Resources,10,3,Life Sciences,1,1,Male,48,3,1,Human Resources,3,Single,2951,3173,0,Y,No,12,3,4,80,0,4,3,3,3,1,0,1
1096,31,No,Travel_Rarely,1369,Sales,7,3,Medical,1,3,Male,41,3,1,Sales Representative,4,Single,3686,23530,1,Y,No,22,3,4,80,0,7,3,3,5,2,0,2
1097,32,No,Travel_Rarely,1362,Sales,7,3,Life Sciences,1,3,Male,91,3,3,Sales Executive,4,Married,4526,26243,1,Y,No,12,3,4,80,1,15,2,3,9,14,9,8
1098,29,No,Travel_Rarely,1155,Research & Development,8,3,Life Sciences,1,4,Female,38,3,2,Manufacturing Director,3,Single,6344,22459,1,Y,No,15,3,4,80,0,9,3,3,5,4,1,4
1099,54,No,Travel_Rarely,1409,Research & Development,3,4,Medical,1,4,Male,84,3,2,Research Scientist,3,Married,6553,3007,2,Y,No,15,3,3,80,1,9,2,3,6,2,0,2
1100,59,No,Travel_Rarely,1410,Research & Development,1,3,Medical,1,4,Male,38,3,5,Research Director,1,Married,18671,4411,1,Y,No,21,3,4,80,1,22,3,3,19,6,4,7
1101,45,No,Travel_Rarely,192,Sales,1,4,Marketing,1,3,Male,83,3,3,Sales Executive,4,Married,11533,6598,1,Y,No,20,3,3,80,1,27,2,3,13,7,6,8
1102,20,No,Travel_Rarely,1392,Sales,6,3,Life Sciences,1,3,Male,43,3,2,Sales Executive,3,Married,6304,3409,1,Y,No,11,3,1,80,2,5,3,3,7,3,0,8
1103,26,No,Travel_Rarely,1322,Research & Development,3,3,Medical,1,3,Male,53,3,1,Laboratory Technician,3,Single,2566,5676,1,Y,No,14,3,4,80,0,5,2,3,4,2,1,2
1104,54,No,Travel_Rarely,1387,Research & Development,2,4,Life Sciences,1,4,Male,72,3,5,Research Director,3,Married,17587,24938,3,Y,No,12,3,3,80,0,33,3,3,1,0,0,0
1105,48,No,Travel_Rarely,1311,Research & Development,1,4,Medical,1,3,Female,35,3,2,Healthcare Representative,3,Married,6467,5053,2,Y,No,19,3,3,80,1,10,2,3,5,2,2,2
1106,39,No,Travel_Rarely,1166,Research & Development,2,3,Life Sciences,1,3,Male,36,3,4,Manager,3,Single,17014,23408,2,Y,No,13,3,4,80,0,19,2,3,17,7,9,8
1107,36,No,Travel_Rarely,1043,Sales,6,4,Life Sciences,1,3,Female,72,3,2,Sales Executive,4,Married,4384,23315,3,Y,No,21,3,3,80,1,10,2,3,5,7,0,0
1108,46,No,Travel_Rarely,1419,Research & Development,9,3,Life Sciences,1,4,Male,67,2,2,Manufacturing Director,3,Married,5583,21126,2,Y,Yes,12,3,3,80,0,32,2,3,1,1,0,0
1109,43,No,Travel_Rarely,1173,Research & Development,6,3,Life Sciences,1,4,Female,44,3,2,Manufacturing Director,4,Married,5992,21693,3,Y,No,21,4,3,80,1,9,3,3,5,4,1,4
1110,48,No,Travel_Rarely,1377,Research & Development,2,4,Life Sciences,1,3,Male,55,3,3,Manufacturing Director,4,Married,13683,22752,3,Y,No,23,4,3,80,1,20,2,3,4,3,0,6
1111,41,No,Travel_Rarely,1261,Research & Development,1,3,Medical,1,3,Male,73,3,1,Research Scientist,3,Married,3021,6882,1,Y,No,14,3,3,80,1,4,2,3,3,2,0,2
1112,32,Yes,Travel_Rarely,494,Sales,10,3,Life Sciences,1,3,Male,85,3,1,Human Resources,3,Married,2414,23994,2,Y,No,11,3,3,80,1,6,2,3,0,0,0,0
1113,24,No,Travel_Rarely,1291,Sales,7,3,Life Sciences,1,4,Female,86,3,2,Sales Executive,4,Married,5472,24722,1,Y,No,20,3,3,80,1,3,3,3,1,0,0,0
1114,48,No,Travel_Rarely,1185,Research & Development,3,3,Life Sciences,1,4,Female,51,3,5,Research Director,3,Married,19184,21855,1,Y,No,13,3,4,80,1,28,3,3,14,13,10,12
1115,34,No,Travel_Rarely,1229,Sales,4,3,Life Sciences,1,4,Male,77,3,2,Sales Executive,3,Married,5158,23636,4,Y,No,18,3,3,80,1,15,3,3,14,0,0,0
1116,40,No,Travel_Rarely,1250,Sales,2,4,Life Sciences,1,1,Male,31,3,2,Sales Executive,3,Married,11352,21837,2,Y,No,14,3,4,80,0,9,2,3,3,2,2,2
1117,27,No,Travel_Rarely,1013,Sales,6,2,Life Sciences,1,2,Male,34,3,1,Sales Representative,4,Single,5628,4651,1,Y,No,12,3,4,80,0,6,3,3,6,1,0,0
1118,30,No,Travel_Rarely,1440,Sales,7,3,Life Sciences,1,4,Male,40,3,2,Sales Executive,4,Married,5285,22467,1,Y,No,12,3,4,80,1,8,2,3,11,7,7,7
1119,48,No,Travel_Rarely,1216,Research & Development,2,4,Medical,1,4,Female,66,3,2,Research Scientist,3,Married,6953,24331,3,Y,No,21,3,3,80,1,10,3,3,4,2,1,2
1120,21,Yes,Travel_Rarely,267,Sales,6,3,Medical,1,3,Male,75,2,1,Sales Representative,4,Single,3113,25946,1,Y,No,11,3,4,80,0,0,2,3,0,0,0,0
1121,41,No,Travel_Rarely,1384,Sales,1,4,Marketing,1,2,Male,39,3,3,Sales Executive,4,Married,10747,4473,1,Y,No,23,4,3,80,1,9,3,3,9,7,6,9
1122,51,No,Travel_Rarely,1284,Research & Development,11,3,Life Sciences,1,4,Male,37,3,4,Research Director,3,Married,16201,3095,2,Y,No,13,3,4,80,1,11,2,3,9,6,0,7
1123,49,No,Travel_Rarely,428,Research & Development,5,3,Medical,1,3,Male,75,3,3,Healthcare Representative,1,Married,6025,6536,1,Y,No,12,3,4,80,0,29,2,3,16,8,14,12
1124,41,No,Travel_Rarely,1283,Research & Development,13,4,Life Sciences,1,3,Male,88,3,2,Manufacturing Director,4,Married,6731,21143,3,Y,No,18,3,3,80,1,7,2,3,4,0,0,0
1125,59,No,Travel_Rarely,623,Research & Development,11,3,Life Sciences,1,3,Male,91,3,3,Manufacturing Director,1,Divorced,7517,19183,4,Y,No,15,3,3,80,1,24,2,3,4,5,0,2
1126,34,No,Travel_Rarely,1261,Research & Development,1,4,Life Sciences,1,2,Male,45,3,2,Research Scientist,3,Single,5551,6486,3,Y,No,14,3,3,80,0,12,2,3,1,0,0,0
1127,30,No,Travel_Rarely,1125,Research & Development,3,1,Life Sciences,1,3,Male,64,3,1,Laboratory Technician,4,Single,2349,4879,1,Y,No,20,3,3,80,0,1,3,3,3,2,0,2
1128,46,No,Travel_Rarely,1042,Research & Development,9,3,Life Sciences,1,4,Female,58,3,3,Research Director,2,Married,8567,22444,3,Y,No,12,3,3,80,1,37,3,3,10,7,7,8
1129,47,No,Travel_Rarely,456,Research & Development,2,4,Medical,1,4,Female,36,3,4,Research Director,3,Married,17571,6027,3,Y,No,14,3,4,80,0,26,3,3,22,9,5,13
1130,33,No,Travel_Rarely,1465,Research & Development,2,3,Life Sciences,1,3,Female,73,3,1,Laboratory Technician,3,Married,2617,19021,1,Y,No,12,3,3,80,1,1,2,3,2,2,2,2
1131,25,No,Travel_Rarely,284,Sales,8,3,Marketing,1,4,Male,81,2,2,Sales Executive,4,Married,5502,23982,1,Y,No,11,3,3,80,0,8,3,3,2,1,0,0
1132,34,No,Travel_Rarely,1393,Research & Development,6,4,Life Sciences,1,3,Female,75,3,2,Research Scientist,4,Single,6106,21055,1,Y,No,19,3,3,80,0,10,3,3,9,8,11,8
1133,33,No,Travel_Rarely,1441,Sales,6,2,Life Sciences,1,4,Male,35,3,2,Sales Executive,3,Divorced,5787,2094,2,Y,No,14,3,4,80,1,9,3,3,6,2,0,2
1134,36,No,Travel_Rarely,1455,Sales,10,3,Life Sciences,1,3,Male,71,3,2,Sales Executive,4,Divorced,5574,21761,4,Y,No,12,3,3,80,1,7,2,3,2,2,0,2
1135,50,No,Travel_Rarely,234,Sales,3,3,Marketing,1,3,Female,75,3,3,Sales Executive,4,Married,6562,24955,0,Y,No,21,4,3,80,1,33,2,3,13,7,4,7
1136,33,Yes,Travel_Rarely,341,Sales,8,3,Marketing,1,3,Male,36,3,2,Sales Executive,1,Single,5140,24743,1,Y,Yes,11,3,4,80,0,7,2,3,3,2,0,2
1137,42,No,Travel_Rarely,315,Sales,2,4,Marketing,1,3,Male,80,3,3,Sales Executive,4,Single,8412,22178,2,Y,No,11,3,4,80,0,18,2,3,22,7,2,12
1138,26,No,Travel_Rarely,1345,Research & Development,2,1,Life Sciences,1,2,Male,89,3,1,Laboratory Technician,4,Married,2182,2768,1,Y,No,21,3,4,80,1,5,2,3,4,2,1,4
1139,50,No,Travel_Rarely,512,Sales,3,3,Life Sciences,1,4,Male,80,3,4,Manager,4,Single,18696,25225,3,Y,No,24,3,3,80,0,22,2,3,2,0,0,0
1140,29,No,Travel_Rarely,1291,Sales,6,2,Life Sciences,1,2,Male,90,3,1,Sales Representative,4,Married,6159,11734,1,Y,No,19,4,3,80,1,4,3,3,1,0,0,0
1141,47,No,Travel_Rarely,1186,Sales,4,4,Marketing,1,3,Male,76,3,3,Sales Executive,1,Married,7716,24320,4,Y,No,11,3,3,80,1,31,2,3,1,2,2,2
1142,43,No,Travel_Rarely,1288,Research & Development,4,3,Life Sciences,1,3,Male,56,3,2,Research Scientist,3,Married,2528,23314,3,Y,No,14,3,3,80,1,21,2,3,8,8,0,6
1143,55,No,Travel_Rarely,249,Sales,6,4,Life Sciences,1,3,Male,41,3,3,Sales Executive,1,Single,8764,23982,2,Y,No,11,3,4,80,0,25,2,3,6,7,4,4
1144,18,No,Travel_Rarely,333,Sales,7,1,Marketing,1,4,Male,31,3,1,Sales Representative,2,Single,1535,22450,1,Y,No,11,3,1,80,0,2,3,3,4,2,1,2
1145,35,Yes,Travel_Rarely,1421,Human Resources,3,3,Life Sciences,1,1,Male,46,3,1,Human Resources,3,Married,3036,6695,2,Y,No,13,3,4,80,1,7,2,3,2,2,2,2
1146,36,No,Travel_Rarely,430,Research & Development,9,3,Life Sciences,1,1,Male,72,3,2,Laboratory Technician,4,Single,4926,24220,3,Y,No,21,3,4,80,0,3,3,3,2,0,0,0
1147,34,No,Travel_Rarely,871,Research & Development,10,3,Life Sciences,1,3,Male,50,3,2,Sales Executive,1,Single,4788,25826,1,Y,No,11,3,4,80,0,11,2,3,9,7,0,3
1148,40,No,Travel_Rarely,1256,Research & Development,1,3,Medical,1,3,Male,94,3,1,Laboratory Technician,3,Married,4453,7355,1,Y,No,12,3,4,80,1,8,2,3,5,3,1,3
1149,36,No,Travel_Rarely,233,Sales,6,4,Marketing,1,3,Male,89,3,2,Sales Executive,4,Married,6204,3644,1,Y,No,22,3,3,80,1,9,3,3,9,7,0,7
1150,53,No,Travel_Rarely,1283,Research & Development,3,4,Life Sciences,1,4,Female,70,3,2,Manufacturing Director,3,Married,4987,23372,3,Y,No,18,3,3,80,1,11,3,3,3,2,1,2
1151,30,No,Travel_Rarely,1345,Research & Development,6,4,Life Sciences,1,3,Female,38,3,2,Manufacturing Director,3,Single,4715,21302,2,Y,No,14,3,4,80,0,8,2,3,7,4,0,4
1152,55,No,Travel_Rarely,1410,Research & Development,6,3,Medical,1,3,Female,86,3,3,Healthcare Representative,4,Married,7846,26999,3,Y,No,17,3,3,80,1,25,3,3,10,7,0,8
1153,35,No,Travel_Rarely,102,Sales,5,4,Marketing,1,3,Male,75,3,3,Sales Executive,4,Single,8676,5544,1,Y,No,12,3,4,80,0,10,2,3,18,7,8,9
1154,27,No,Travel_Rarely,302,Sales,9,4,Marketing,1,4,Male,78,3,2,Sales Executive,4,Married,6720,7823,0,Y,No,25,4,3,80,0,8,3,3,4,3,0,4
1155,21,No,Travel_Rarely,1196,Research & Development,2,3,Medical,1,3,Male,43,3,1,Research Scientist,4,Single,4114,6663,1,Y,No,12,3,4,80,0,5,2,3,6,3,1,4
1156,43,No,Travel_Rarely,1311,Research & Development,2,4,Medical,1,3,Male,83,3,1,Research Scientist,3,Married,3697,6739,1,Y,No,12,3,3,80,1,8,2,3,2,0,0,1
1157,53,No,Travel_Rarely,1295,Research & Development,7,3,Life Sciences,1,3,Male,66,3,2,Healthcare Representative,3,Married,5810,25648,4,Y,No,19,3,3,80,1,16,2,3,0,0,0,0
1158,43,No,Travel_Rarely,1276,Sales,1,3,Life Sciences,1,1,Male,41,3,4,Manager,3,Married,19999,4100,1,Y,No,14,3,4,80,1,24,2,3,40,14,10,13
1159,24,No,Travel_Rarely,1213,Research & Development,8,3,Life Sciences,1,4,Male,72,3,2,Research Scientist,4,Married,3353,5755,1,Y,No,25,4,2,80,1,9,3,3,12,7,1,6
1160,48,No,Travel_Rarely,342,Research & Development,1,4,Life Sciences,1,3,Male,89,3,4,Healthcare Representative,4,Single,7753,22487,3,Y,No,23,4,4,80,0,26,3,3,9,6,10,9
1161,36,No,Travel_Rarely,1365,Sales,8,3,Life Sciences,1,3,Male,43,3,1,Sales Representative,3,Single,4806,24517,1,Y,No,11,3,4,80,0,5,3,3,6,2,1,2
1162,30,No,Travel_Rarely,226,Sales,5,1,Marketing,1,3,Male,88,3,2,Sales Executive,4,Married,5430,23906,1,Y,No,11,3,1,80,0,9,3,3,5,2,0,3
1163,48,No,Travel_Rarely,320,Sales,3,3,Medical,1,3,Male,83,3,3,Sales Executive,4,Single,15196,25917,1,Y,No,14,3,4,80,0,13,2,3,15,9,14,7
1164,54,No,Travel_Rarely,1299,Research & Development,6,3,Life Sciences,1,4,Male,72,3,3,Healthcare Representative,3,Married,5474,23433,3,Y,No,20,3,3,80,0,25,2,3,0,0,0,0
1165,29,No,Travel_Rarely,1499,Research & Development,7,4,Life Sciences,1,3,Male,80,3,2,Laboratory Technician,4,Divorced,5524,11364,1,Y,No,11,3,3,80,1,9,3,3,8,6,0,7
1166,28,No,Travel_Rarely,1499,Sales,7,3,Life Sciences,1,4,Male,88,3,1,Laboratory Technician,4,Single,3918,21322,1,Y,No,11,3,4,80,0,7,3,3,2,2,0,2
1167,34,No,Travel_Rarely,1456,Sales,7,3,Life Sciences,1,2,Male,33,3,2,Sales Executive,3,Married,5737,23310,1,Y,No,15,3,3,80,1,11,2,3,8,8,0,7
1168,39,No,Travel_Rarely,844,Research & Development,3,3,Life Sciences,1,3,Male,77,3,2,Laboratory Technician,4,Married,2498,23351,4,Y,No,17,3,3,80,1,5,2,3,1,2,0,0
1169,55,No,Travel_Rarely,158,Research & Development,2,3,Life Sciences,1,3,Male,52,3,4,Research Director,3,Married,17008,2702,1,Y,No,11,3,4,80,1,27,2,3,35,10,14,12
1170,28,No,Travel_Rarely,729,Research & Development,5,3,Life Sciences,1,4,Male,34,3,2,Laboratory Technician,1,Married,4363,11384,1,Y,No,11,3,3,80,1,10,3,3,9,7,6,7
1171,34,No,Travel_Rarely,1499,Research & Development,2,4,Life Sciences,1,1,Male,47,3,2,Healthcare Representative,3,Single,3782,5613,2,Y,No,14,3,4,80,0,10,3,3,3,2,0,2
1172,32,No,Travel_Rarely,267,Research & Development,3,3,Medical,1,3,Male,93,3,1,Research Scientist,3,Married,2782,5319,1,Y,No,11,3,3,80,1,2,2,3,5,2,2,2
1173,37,No,Travel_Rarely,102,Research & Development,9,3,Life Sciences,1,3,Male,72,3,3,Manufacturing Director,4,Married,13318,24912,1,Y,No,20,3,3,80,1,26,2,3,19,15,11,15
1174,40,No,Travel_Rarely,1366,Research & Development,3,3,Life Sciences,1,3,Male,72,3,1,Research Scientist,3,Single,1960,6156,4,Y,No,20,3,3,80,0,4,2,3,1,2,2,2
1175,33,No,Travel_Rarely,1328,Research & Development,8,4,Life Sciences,1,4,Male,73,3,2,Research Scientist,3,Married,5318,19779,2,Y,No,14,3,3,80,1,8,3,3,10,4,0,4
1176,32,No,Travel_Rarely,1331,Research & Development,1,3,Life Sciences,1,4,Male,41,3,1,Laboratory Technician,3,Single,5167,22414,2,Y,No,13,3,3,80,0,6,2,3,1,0,0,0
1177,35,No,Travel_Rarely,411,Sales,10,4,Marketing,1,1,Male,77,3,2,Sales Executive,4,Single,4123,21810,8,Y,No,14,3,3,80,0,5,3,3,2,0,0,0
1178,42,No,Travel_Rarely,1456,Research & Development,3,4,Life Sciences,1,4,Male,44,3,1,Research Scientist,3,Single,6476,22719,3,Y,No,17,3,4,80,0,8,2,3,1,2,2,2
1179,33,No,Travel_Rarely,1203,Sales,2,3,Life Sciences,1,3,Male,100,3,1,Laboratory Technician,3,Married,3053,10447,4,Y,No,14,3,3,80,1,5,2,3,1,0,0,0
1180,41,Yes,Travel_Rarely,1303,Research & Development,4,4,Life Sciences,1,3,Male,93,3,1,Laboratory Technician,3,Single,2071,20958,1,Y,No,13,3,4,80,0,8,2,3,5,2,0,3
1181,34,No,Travel_Rarely,1330,Research & Development,21,3,Medical,1,3,Male,46,3,2,Research Scientist,4,Married,4631,5171,1,Y,No,25,4,1,80,1,9,2,3,10,5,1,8
1182,29,No,Travel_Rarely,1470,Research & Development,6,3,Life Sciences,1,3,Male,86,3,1,Laboratory Technician,4,Married,3368,4794,1,Y,No,19,4,3,80,1,3,2,3,3,2,0,2
1183,36,No,Travel_Rarely,535,Research & Development,1,3,Medical,1,4,Male,43,3,1,Research Scientist,3,Single,3344,3763,0,Y,No,13,3,4,80,0,10,2,3,6,2,2,4
1184,60,No,Travel_Rarely,876,Research & Development,8,3,Life Sciences,1,1,Male,75,3,3,Healthcare Representative,4,Married,7679,22262,4,Y,No,14,3,3,80,1,15,2,3,0,0,0,0
1185,39,No,Travel_Rarely,1093,Research & Development,1,4,Life Sciences,1,3,Female,73,3,3,Healthcare Representative,4,Married,7709,25644,3,Y,No,17,3,3,80,0,13,2,3,9,7,0,8
1186,52,No,Travel_Rarely,1314,Research & Development,5,3,Life Sciences,1,4,Female,77,3,3,Research Director,4,Married,12827,4956,1,Y,No,16,3,3,80,1,21,3,3,20,15,4,8
1187,42,No,Travel_Rarely,1210,Sales,12,4,Life Sciences,1,3,Male,44,3,2,Sales Executive,3,Single,3079,3025,1,Y,No,13,3,4,80,0,9,2,3,9,7,7,7
1188,53,No,Travel_Rarely,1141,Research & Development,2,3,Life Sciences,1,4,Male,36,3,4,Research Director,3,Married,18630,2094,3,Y,No,14,3,4,80,1,36,2,3,10,10,4,11
1189,32,No,Travel_Rarely,1467,Research & Development,3,3,Medical,1,3,Male,74,3,1,Research Scientist,3,Married,2708,4747,1,Y,No,11,3,3,80,1,4,2,3,2,0,0,0
1190,52,No,Travel_Rarely,1395,Research & Development,2,4,Medical,1,4,Male,53,3,2,Research Scientist,3,Married,5687,4082,2,Y,No,14,3,4,80,1,10,2,3,3,2,0,2
1191,28,Yes,Travel_Rarely,323,Research & Development,1,3,Life Sciences,1,1,Male,49,3,2,Laboratory Technician,3,Single,4887,22551,2,Y,No,12,3,4,80,0,6,2,3,4,2,0,2
1192,25,No,Travel_Rarely,428,Research & Development,10,3,Medical,1,3,Male,80,2,1,Research Scientist,4,Married,2973,26164,4,Y,No,17,3,3,80,0,5,2,3,0,2,2,1
1193,26,Yes,Travel_Rarely,707,Research & Development,6,3,Life Sciences,1,3,Male,78,3,1,Laboratory Technician,4,Married,2373,25981,1,Y,Yes,19,4,3,80,0,4,2,3,1,2,0,2
1194,26,No,Travel_Rarely,1286,Sales,10,3,Marketing,1,3,Male,80,3,1,Sales Representative,3,Married,2771,5720,1,Y,No,18,4,1,80,1,3,3,3,3,3,1,2
1195,32,No,Travel_Rarely,1265,Research & Development,10,4,Life Sciences,1,4,Male,71,3,2,Manufacturing Director,4,Married,6346,23252,3,Y,No,19,3,3,80,1,10,2,3,9,6,0,6
1196,40,No,Travel_Rarely,1342,Research & Development,6,4,Life Sciences,1,3,Male,74,3,2,Healthcare Representative,4,Married,3905,5045,1,Y,No,23,4,4,80,1,10,3,3,10,7,6,7
1197,54,Yes,Travel_Rarely,312,Research & Development,6,3,Life Sciences,1,1,Male,81,3,1,Human Resources,1,Married,4483,26191,4,Y,Yes,11,3,3,80,0,6,2,3,1,2,0,2
1198,54,No,Travel_Rarely,1320,Sales,2,3,Life Sciences,1,3,Male,98,3,4,Sales Executive,4,Married,14682,2094,1,Y,No,11,3,3,80,1,28,2,3,9,8,7,7
1199,18,Yes,Travel_Rarely,1487,Research & Development,1,3,Life Sciences,1,3,Male,78,3,1,Laboratory Technician,3,Married,2374,2526,1,Y,No,19,3,3,80,0,3,2,3,0,0,0,0
1200,43,No,Travel_Rarely,1273,Research & Development,3,4,Life Sciences,1,4,Female,47,3,4,Manager,3,Married,10440,23725,3,Y,No,23,3,3,80,1,27,3,3,5,2,2,2
1201,27,No,Travel_Rarely,1260,Research & Development,2,1,Life Sciences,1,4,Male,59,3,1,Laboratory Technician,4,Married,2002,23962,1,Y,No,11,3,3,80,0,8,3,3,5,2,0,2
1202,32,No,Travel_Rarely,1276,Sales,6,3,Marketing,1,3,Male,41,3,2,Sales Executive,3,Married,4095,21087,1,Y,No,14,3,1,80,1,10,2,3,6,4,0,4
1203,46,No,Travel_Rarely,1325,Research & Development,1,3,Life Sciences,1,4,Female,43,3,4,Research Director,3,Married,19999,22942,3,Y,No,14,3,4,80,1,30,2,3,15,8,13,9
1204,25,No,Travel_Rarely,1378,Research & Development,10,3,Life Sciences,1,3,Male,77,3,1,Research Scientist,4,Married,2203,9751,1,Y,No,21,3,3,80,0,0,2,3,5,0,0,0
1205,34,No,Travel_Rarely,1471,Research & Development,1,3,Life Sciences,1,3,Male,75,3,1,Laboratory Technician,4,Married,4174,26999,5,Y,No,11,3,3,80,1,4,2,3,2,2,0,2
1206,47,No,Travel_Rarely,1278,Human Resources,2,4,Life Sciences,1,1,Male,43,3,4,Manager,3,Married,19616,10291,2,Y,No,13,3,3,80,1,29,2,3,1,0,0,2
1207,35,No,Travel_Rarely,252,Sales,7,3,Marketing,1,4,Female,66,3,2,Sales Executive,2,Single,4376,22811,1,Y,No,14,3,3,80,0,2,3,3,0,0,0,0
1208,22,No,Travel_Rarely,1173,Sales,7,4,Life Sciences,1,4,Male,40,3,2,Sales Executive,3,Single,5456,22038,2,Y,No,13,3,3,80,0,9,2,3,9,3,0,0
1209,38,No,Travel_Rarely,1477,Research & Development,5,3,Life Sciences,1,3,Male,40,3,2,Research Scientist,3,Married,4487,23535,3,Y,No,18,3,3,80,1,5,2,3,2,2,0,2
1210,37,No,Travel_Rarely,1357,Sales,6,3,Life Sciences,1,4,Male,88,3,1,Sales Representative,3,Married,5344,25867,1,Y,No,12,3,3,80,1,2,3,3,4,2,0,2
1211,35,No,Travel_Rarely,1221,Research & Development,1,3,Life Sciences,1,4,Male,39,3,2,Laboratory Technician,3,Single,5715,21739,2,Y,No,13,3,3,80,0,8,2,3,0,2,0,0
1212,33,No,Travel_Rarely,1342,Sales,9,3,Marketing,1,3,Male,40,3,2,Sales Executive,4,Single,5730,21619,1,Y,No,11,3,4,80,0,4,3,3,4,2,1,2
1213,27,No,Travel_Rarely,1187,Research & Development,1,3,Life Sciences,1,4,Male,87,3,1,Laboratory Technician,3,Married,2788,24549,1,Y,No,14,3,3,80,0,2,2,3,1,0,0,1
1214,29,No,Travel_Rarely,271,Research & Development,6,4,Life Sciences,1,3,Male,35,3,1,Research Scientist,3,Single,2657,24025,1,Y,No,14,3,4,80,0,10,2,3,3,4,1,3
1215,27,No,Travel_Rarely,1432,Research & Development,2,3,Life Sciences,1,4,Male,30,3,1,Research Scientist,4,Married,2420,3973,0,Y,No,23,4,4,80,0,10,2,3,7,3,1,4
1216,39,No,Travel_Rarely,1286,Research & Development,3,3,Life Sciences,1,3,Male,79,3,1,Laboratory Technician,4,Divorced,1906,4913,4,Y,No,11,3,3,80,1,3,2,3,1,2,0,2
1217,39,No,Travel_Rarely,1235,Sales,11,4,Life Sciences,1,3,Male,100,3,2,Sales Executive,4,Married,3343,20595,4,Y,No,13,3,3,80,1,12,2,3,13,7,7,7
1218,39,No,Travel_Rarely,1349,Sales,3,3,Life Sciences,1,3,Male,75,2,1,Sales Representative,4,Married,2902,25815,1,Y,No,16,3,3,80,1,0,3,3,5,2,2,2
1219,25,No,Travel_Rarely,110,Research & Development,6,1,Life Sciences,1,4,Male,69,3,1,Research Scientist,4,Single,2763,6554,1,Y,No,14,3,3,80,0,8,3,3,5,3,1,3
1220,31,No,Travel_Rarely,1420,Sales,1,4,Medical,1,3,Male,93,3,2,Sales Executive,4,Married,5086,6116,4,Y,No,17,3,3,80,1,13,2,3,7,7,6,8
1221,60,No,Travel_Rarely,174,Sales,1,3,Life Sciences,1,4,Female,93,3,4,Manager,4,Married,19090,24508,3,Y,No,12,3,4,80,1,32,3,3,31,13,13,11
1222,51,No,Travel_Rarely,1356,Research & Development,2,4,Life Sciences,1,4,Male,72,3,1,Research Scientist,4,Married,3528,3366,4,Y,No,12,3,3,80,1,9,2,2,5,2,0,2
1223,53,No,Travel_Rarely,1097,Research & Development,3,3,Medical,1,3,Male,95,3,4,Manager,3,Married,17586,22649,1,Y,No,11,3,4,80,0,23,2,3,25,7,11,9
1224,56,Yes,Travel_Rarely,368,Sales,4,3,Marketing,1,3,Male,82,3,3,Sales Executive,4,Married,11224,25973,4,Y,No,13,3,3,80,1,7,2,3,0,0,0,0
1225,31,No,Travel_Rarely,1271,Research & Development,1,3,Life Sciences,1,4,Male,93,3,1,Laboratory Technician,3,Married,2320,16852,1,Y,No,12,3,3,80,1,9,2,3,5,4,0,2
1226,48,No,Travel_Rarely,1085,Research & Development,3,3,Life Sciences,1,4,Male,100,3,4,Research Director,3,Single,17496,20083,3,Y,No,13,3,4,80,0,26,2,3,4,3,1,6
1227,48,No,Travel_Rarely,1319,Research & Development,4,3,Life Sciences,1,3,Male,80,3,4,Manager,4,Divorced,17967,24238,4,Y,No,20,3,3,80,1,29,2,3,17,1,0,0
1228,56,No,Travel_Rarely,1284,Research & Development,3,4,Medical,1,3,Male,75,3,2,Research Scientist,3,Married,3970,5895,2,Y,No,16,3,3,80,0,9,2,3,6,2,1,4
1229,35,No,Travel_Rarely,1499,Research & Development,2,4,Medical,1,3,Male,30,3,2,Laboratory Technician,3,Single,4535,4779,1,Y,No,14,3,4,80,0,9,3,3,10,0,0,8
1230,44,No,Travel_Rarely,1238,Sales,1,4,Marketing,1,1,Male,39,3,3,Sales Executive,4,Married,8422,4596,4,Y,No,13,3,4,80,1,9,2,3,8,7,0,7
1231,38,No,Travel_Rarely,1392,Research & Development,2,3,Medical,1,4,Male,40,3,1,Research Scientist,3,Single,3029,3453,0,Y,No,14,3,4,80,0,8,2,3,6,2,1,2
1232,51,No,Travel_Rarely,1064,Research & Development,5,3,Life Sciences,1,1,Male,66,3,5,Manager,3,Married,17994,9480,1,Y,No,13,3,4,80,1,28,2,3,13,9,12,6
1233,43,No,Travel_Rarely,1186,Research & Development,10,3,Life Sciences,1,3,Male,84,2,2,Laboratory Technician,3,Single,5353,26476,2,Y,Yes,17,3,3,80,0,5,2,3,1,0,0,0
1234,31,No,Travel_Rarely,1421,Sales,6,3,Life Sciences,1,3,Male,88,3,2,Sales Executive,4,Married,5200,3843,1,Y,No,11,3,4,80,1,10,2,3,8,7,6,7
1235,28,No,Travel_Rarely,1353,Sales,6,3,Life Sciences,1,4,Male,73,3,2,Sales Executive,4,Married,5194,24710,1,Y,No,11,3,4,80,0,12,3,3,8,8,0,8
1236,50,No,Travel_Rarely,752,Research & Development,7,3,Medical,1,3,Male,73,3,1,Research Scientist,4,Married,6324,22727,0,Y,No,12,3,3,80,0,8,3,3,4,2,1,4
1237,38,No,Travel_Rarely,365,Sales,1,3,Life Sciences,1,4,Male,95,3,2,Sales Executive,3,Single,4473,21590,3,Y,No,17,3,3,80,0,12,2,3,2,0,0,0
1238,28,No,Travel_Rarely,1182,Research & Development,1,3,Medical,1,3,Male,67,3,1,Laboratory Technician,3,Married,2070,6256,0,Y,No,11,3,3,80,1,5,2,3,1,2,1,2
1239,45,No,Travel_Rarely,1421,Research & Development,4,1,Medical,1,3,Male,74,2,4,Manager,3,Married,19339,22321,1,Y,No,19,4,4,80,1,25,3,3,32,12,13,8
1240,51,No,Travel_Rarely,1221,Research & Development,1,3,Life Sciences,1,4,Female,78,3,3,Healthcare Representative,3,Married,9341,23113,1,Y,No,19,3,4,80,1,18,3,3,11,9,1,7
1241,28,No,Travel_Rarely,519,Research & Development,8,3,Life Sciences,1,3,Male,85,3,2,Manufacturing Director,4,Married,3941,19834,1,Y,No,21,3,4,80,1,10,2,3,11,8,6,7
1242,22,No,Travel_Rarely,1263,Sales,2,3,Life Sciences,1,2,Male,44,3,2,Sales Executive,3,Married,5247,4914,1,Y,No,14,3,4,80,0,10,2,3,10,7,6,8
1243,52,No,Travel_Rarely,1095,Research & Development,5,3,Life Sciences,1,3,Male,66,3,3,Manufacturing Director,3,Single,9127,21256,3,Y,No,11,3,4,80,0,24,2,3,8,7,1,8
1244,39,No,Travel_Rarely,548,Research & Development,2,4,Life Sciences,1,1,Male,76,3,1,Research Scientist,4,Married,3043,2094,4,Y,No,17,3,3,80,0,6,2,3,1,1,0,2
1245,29,No,Travel_Rarely,1280,Sales,2,3,Life Sciences,1,3,Male,46,3,3,Sales Executive,4,Married,7249,5288,2,Y,No,11,3,3,80,1,20,2,3,18,8,0,7
1246,39,No,Travel_Rarely,347,Sales,2,4,Life Sciences,1,3,Male,55,3,3,Sales Executive,3,Single,10516,2589,1,Y,No,12,3,4,80,0,28,3,3,21,10,13,10
1247,58,No,Travel_Rarely,1499,Research & Development,10,3,Life Sciences,1,3,Male,65,3,3,Healthcare Representative,4,Married,8761,24390,3,Y,No,16,4,3,80,1,18,3,3,6,7,1,8
1248,47,No,Travel_Rarely,1300,Research & Development,6,3,Medical,1,3,Male,46,3,4,Manager,3,Married,17030,23277,4,Y,No,13,3,3,80,1,20,2,3,11,6,0,9
1249,37,No,Travel_Rarely,1322,Research & Development,29,3,Life Sciences,1,4,Female,76,3,2,Research Scientist,1,Married,3852,25487,1,Y,No,11,3,3,80,1,11,3,3,9,9,3,8
1250,42,No,Travel_Rarely,1256,Sales,2,3,Medical,1,3,Male,59,3,3,Sales Executive,4,Married,7831,8254,1,Y,No,25,4,4,80,1,10,2,3,21,9,15,8
1251,51,No,Travel_Rarely,1499,Research & Development,7,3,Life Sciences,1,4,Male,94,3,4,Research Director,3,Married,16827,23175,3,Y,No,21,3,3,80,1,30,2,3,5,4,0,2
1252,39,Yes,Travel_Rarely,616,Sales,9,3,Life Sciences,1,3,Male,91,3,1,Sales Representative,3,Single,3387,22284,1,Y,No,12,3,4,80,0,8,2,3,4,2,0,2
1253,40,No,Travel_Rarely,1499,Sales,10,4,Life Sciences,1,3,Male,90,3,3,Sales Executive,1,Married,9924,5502,2,Y,No,13,3,4,80,1,10,2,3,6,6,0,7
1254,39,No,Travel_Rarely,686,Sales,12,3,Marketing,1,3,Male,75,3,2,Sales Executive,4,Married,6569,24908,4,Y,No,13,3,3,80,1,9,2,3,8,4,0,1
1255,32,No,Travel_Rarely,1421,Sales,10,3,Life Sciences,1,3,Male,41,3,2,Sales Executive,4,Married,5074,5576,1,Y,No,13,3,1,80,1,7,3,3,10,11,6,7
1256,51,No,Travel_Rarely,1252,Research & Development,3,4,Life Sciences,1,4,Male,39,3,3,Healthcare Representative,3,Married,10808,5962,3,Y,No,11,3,4,80,0,10,3,3,6,7,1,7
1257,29,No,Travel_Rarely,1438,Research & Development,26,3,Life Sciences,1,4,Male,30,3,2,Healthcare Representative,4,Married,4173,6129,1,Y,No,14,3,4,80,1,9,3,3,12,7,7,8
1258,34,No,Travel_Rarely,1152,Research & Development,3,3,Medical,1,4,Male,49,3,1,Research Scientist,4,Single,5081,5435,1,Y,No,15,3,4,80,0,11,3,3,7,4,1,4
1259,31,Yes,Travel_Rarely,1244,Research & Development,3,3,Life Sciences,1,3,Male,88,3,1,Laboratory Technician,3,Married,2052,23199,1,Y,No,11,3,4,80,0,1,2,3,1,0,0,0
1260,25,No,Travel_Rarely,1464,Sales,7,3,Life Sciences,1,2,Male,37,3,2,Sales Representative,4,Married,6415,2271,1,Y,No,24,4,1,80,1,4,3,3,5,4,0,2
1261,47,No,Travel_Rarely,1461,Sales,8,3,Life Sciences,1,3,Male,76,3,3,Sales Executive,4,Married,10833,2195,1,Y,No,12,3,4,80,1,11,3,3,11,8,8,6
1262,46,No,Travel_Rarely,1499,Research & Development,9,3,Life Sciences,1,4,Female,80,3,3,Research Director,3,Married,14355,20611,3,Y,No,13,3,3,80,0,29,3,3,4,7,0,7
1263,38,No,Travel_Rarely,354,Research & Development,5,3,Medical,1,3,Male,74,3,2,Research Scientist,4,Married,4464,26999,1,Y,No,18,3,3,80,1,9,3,3,6,4,1,0
1264,40,No,Travel_Rarely,1157,Research & Development,2,4,Medical,1,3,Male,81,3,4,Manager,4,Married,16802,4848,1,Y,No,17,3,4,80,1,30,3,3,9,9,15,12
1265,49,No,Travel_Rarely,1349,Research & Development,1,4,Life Sciences,1,4,Male,69,3,2,Healthcare Representative,3,Married,3011,5701,2,Y,No,13,3,3,80,0,10,2,3,2,1,0,0
1266,38,No,Travel_Rarely,1455,Research & Development,2,3,Life Sciences,1,4,Male,86,3,1,Laboratory Technician,4,Married,3805,8628,1,Y,No,13,3,4,80,1,11,3,3,9,7,6,7
1267,30,No,Travel_Rarely,232,Sales,8,3,Marketing,1,3,Male,82,3,2,Sales Executive,4,Married,5686,24998,0,Y,No,18,3,3,80,1,14,3,3,5,2,2,2
1268,50,No,Travel_Rarely,1423,Research & Development,5,4,Life Sciences,1,2,Male,76,3,2,Sales Executive,4,Married,5841,6271,2,Y,No,18,3,3,80,1,11,2,3,2,1,0,0
1269,32,No,Travel_Rarely,1495,Research & Development,1,4,Life Sciences,1,3,Male,69,3,3,Healthcare Representative,3,Married,5397,4492,3,Y,No,13,3,2,80,1,11,3,3,12,10,0,7
1270,39,No,Travel_Rarely,333,Research & Development,8,4,Life Sciences,1,3,Male,76,3,2,Manufacturing Director,4,Married,5282,26041,3,Y,No,16,3,3,80,0,10,2,3,10,7,0,7
1271,32,No,Travel_Rarely,1207,Research & Development,2,4,Life Sciences,1,3,Male,60,3,1,Laboratory Technician,3,Married,2269,2879,1,Y,No,13,3,4,80,1,8,2,3,9,0,0,8
1272,41,No,Travel_Rarely,361,Research & Development,1,4,Life Sciences,1,4,Male,83,3,1,Research Scientist,3,Single,4879,6822,2,Y,No,14,3,3,80,0,10,3,3,4,2,0,0
1273,28,No,Travel_Rarely,1207,Sales,3,3,Life Sciences,1,4,Male,32,3,2,Sales Executive,4,Single,6086,24472,1,Y,No,12,3,4,80,0,11,2,3,10,7,0,7
1274,37,No,Travel_Rarely,1121,Research & Development,1,3,Life Sciences,1,4,Male,36,3,1,Research Scientist,3,Married,2680,2094,2,Y,No,13,3,4,80,0,5,2,3,5,2,0,2
1275,33,No,Travel_Rarely,1251,Sales,5,3,Life Sciences,1,4,Female,31,3,2,Sales Executive,4,Single,5826,24604,1,Y,No,20,3,4,80,0,8,3,3,9,8,0,7
1276,47,No,Travel_Rarely,1348,Research & Development,3,4,Life Sciences,1,3,Female,44,3,3,Research Director,3,Single,12565,23550,3,Y,No,14,3,4,80,0,25,2,3,19,9,4,13
1277,41,No,Travel_Rarely,1440,Sales,1,4,Life Sciences,1,1,Male,37,3,2,Sales Executive,3,Married,2468,4891,2,Y,No,13,3,3,80,1,10,2,3,0,0,0,0
1278,36,No,Travel_Rarely,1007,Research & Development,1,3,Medical,1,4,Male,77,3,1,Research Scientist,4,Single,2461,8841,1,Y,No,14,3,3,80,0,9,2,3,7,0,1,1
1279,24,No,Travel_Rarely,1487,Research & Development,10,1,Medical,1,3,Female,77,3,2,Research Scientist,4,Married,5466,26147,1,Y,No,14,3,3,80,1,3,3,3,6,4,1,4
1280,38,No,Travel_Rarely,1209,Research & Development,2,3,Life Sciences,1,3,Male,72,3,1,Research Scientist,4,Married,1708,9093,1,Y,No,13,3,3,80,1,9,2,2,7,2,0,3
1281,18,No,Travel_Rarely,1499,Sales,8,3,Life Sciences,1,4,Male,91,3,1,Sales Representative,3,Married,1451,20961,1,Y,No,20,3,3,80,0,3,3,3,0,2,0,2
1282,34,No,Travel_Rarely,1398,Research & Development,6,3,Life Sciences,1,3,Male,80,3,2,Manufacturing Director,4,Married,5040,20273,2,Y,No,11,3,3,80,1,10,2,3,2,2,0,2
1283,31,No,Travel_Rarely,1392,Research & Development,2,2,Life Sciences,1,2,Male,98,3,2,Laboratory Technician,3,Married,4188,4373,1,Y,No,16,3,4,80,1,8,2,3,7,0,0,7
1284,50,No,Travel_Rarely,199,Sales,9,4,Life Sciences,1,4,Female,69,3,3,Sales Executive,4,Married,11280,5966,0,Y,No,12,3,3,80,1,9,3,3,10,7,1,4
1285,28,No,Travel_Rarely,1283,Research & Development,4,4,Life Sciences,1,4,Male,49,3,2,Research Scientist,4,Married,5621,5763,1,Y,No,21,4,4,80,1,10,3,3,12,7,3,8
1286,49,No,Travel_Rarely,359,Research & Development,7,3,Life Sciences,1,3,Female,81,3,3,Manufacturing Director,4,Married,14791,26999,2,Y,No,11,3,3,80,1,8,3,3,10,7,1,4
1287,31,No,Travel_Rarely,1281,Research & Development,2,3,Life Sciences,1,4,Male,100,3,2,Healthcare Representative,3,Married,4348,7263,1,Y,No,14,3,4,80,1,8,3,3,10,7,7,7
1288,35,No,Travel_Rarely,1234,Sales,2,3,Life Sciences,1,1,Male,62,3,2,Sales Executive,3,Married,5710,26999,4,Y,No,17,3,3,80,1,6,2,3,3,0,0,0
1289,53,No,Travel_Rarely,1202,Research & Development,2,4,Medical,1,3,Female,75,3,2,Healthcare Representative,4,Married,8506,26999,3,Y,No,20,3,3,80,0,27,2,3,2,2,2,2
1290,24,No,Travel_Rarely,1310,Research & Development,2,3,Medical,1,3,Male,65,3,1,Research Scientist,3,Married,1442,21172,6,Y,No,19,3,3,80,0,5,2,3,1,0,2,0
1291,26,No,Travel_Rarely,170,Sales,6,1,Marketing,1,3,Male,47,3,1,Sales Representative,4,Single,2652,21311,1,Y,No,21,4,3,80,0,4,3,3,5,4,1,2
1292,37,No,Travel_Rarely,1347,Research & Development,5,3,Life Sciences,1,3,Male,90,3,3,Sales Executive,3,Divorced,5882,7125,2,Y,No,13,3,3,80,1,9,2,3,11,7,0,8
1293,33,No,Travel_Rarely,1102,Research & Development,2,3,Life Sciences,1,4,Male,92,3,1,Research Scientist,4,Married,3123,3064,1,Y,No,14,3,3,80,0,2,3,3,3,3,1,2
1294,25,No,Travel_Rarely,1343,Research & Development,2,3,Medical,1,4,Male,37,3,1,Laboratory Technician,3,Single,3533,5282,1,Y,No,13,3,4,80,0,4,2,3,3,2,1,2
1295,34,No,Travel_Rarely,738,Research & Development,1,3,Life Sciences,1,3,Male,64,3,1,Laboratory Technician,4,Married,1365,20922,4,Y,No,12,3,3,80,1,9,2,3,1,2,0,2
1296,38,No,Travel_Rarely,1381,Research & Development,3,4,Life Sciences,1,1,Male,33,3,2,Human Resources,3,Single,5111,2955,2,Y,No,13,3,4,80,0,14,2,3,5,0,0,0
1297,55,No,Travel_Rarely,1208,Research & Development,6,3,Life Sciences,1,4,Male,73,3,3,Healthcare Representative,4,Married,9573,22386,1,Y,No,11,3,4,80,0,24,2,3,19,7,14,10
1298,32,No,Travel_Rarely,1342,Research & Development,6,4,Life Sciences,1,3,Male,77,3,2,Healthcare Representative,4,Married,4448,6511,1,Y,No,23,4,4,80,1,10,2,3,9,8,4,8
1299,34,Yes,Travel_Rarely,1298,Research & Development,2,4,Life Sciences,1,1,Male,43,3,1,Laboratory Technician,3,Single,2457,21018,2,Y,No,13,3,4,80,0,9,2,3,1,0,0,0
1300,43,No,Travel_Rarely,1301,Research & Development,2,3,Life Sciences,1,4,Male,43,3,4,Manager,3,Single,17830,20846,3,Y,No,14,3,4,80,0,23,2,3,20,13,11,11
1301,34,No,Travel_Rarely,1475,Research & Development,1,3,Life Sciences,1,1,Male,95,3,1,Laboratory Technician,3,Married,2834,8183,1,Y,No,12,3,3,80,1,3,2,3,1,1,0,0
1302,27,No,Travel_Rarely,1334,Research & Development,4,3,Medical,1,3,Male,81,3,1,Research Scientist,4,Married,2671,24356,1,Y,No,12,3,3,80,1,8,3,3,3,4,1,3
1303,28,No,Travel_Rarely,1440,Research & Development,29,3,Life Sciences,1,4,Male,48,3,2,Healthcare Representative,3,Married,3158,7039,1,Y,No,20,3,4,80,0,12,2,3,11,7,1,8
1304,54,No,Travel_Rarely,1048,Research & Development,10,3,Life Sciences,1,4,Female,65,3,2,Research Scientist,4,Married,3073,25939,1,Y,No,12,3,3,80,0,21,3,3,15,12,1,8
1305,21,No,Travel_Rarely,351,Research & Development,11,3,Medical,1,3,Male,38,3,1,Laboratory Technician,4,Single,5774,25329,1,Y,No,20,4,3,80,0,4,3,3,4,2,1,2
1306,31,No,Travel_Rarely,1297,Sales,2,3,Life Sciences,1,3,Male,88,3,2,Sales Executive,3,Single,3715,6931,1,Y,No,11,3,1,80,0,4,3,3,8,8,0,7
1307,54,No,Travel_Rarely,1459,Research & Development,6,3,Life Sciences,1,4,Female,42,3,4,Manager,3,Married,16307,23487,2,Y,No,14,3,4,80,0,22,2,3,7,4,1,3
1308,33,No,Travel_Rarely,518,Research & Development,2,3,Life Sciences,1,4,Male,47,3,2,Laboratory Technician,3,Single,1848,21512,0,Y,No,11,3,4,80,0,1,2,3,3,2,1,2
1309,28,No,Travel_Rarely,1496,Sales,6,3,Life Sciences,1,2,Male,33,3,1,Sales Representative,4,Married,2652,2977,1,Y,No,21,4,2,80,1,1,3,3,1,2,0,2
1310,28,No,Travel_Rarely,293,Sales,7,3,Marketing,1,3,Male,44,3,2,Sales Executive,4,Single,5600,26981,1,Y,No,12,3,4,80,0,4,3,3,5,3,1,4
1311,49,No,Travel_Rarely,1499,Research & Development,5,3,Life Sciences,1,3,Male,80,3,3,Manufacturing Director,4,Divorced,5479,24882,2,Y,No,11,3,3,80,1,11,2,3,10,7,0,8
1312,31,No,Travel_Rarely,1325,Sales,11,3,Life Sciences,1,4,Female,74,3,1,Sales Representative,3,Married,2060,19451,1,Y,No,14,3,3,80,1,0,3,3,1,0,0,0
1313,26,No,Travel_Rarely,1315,Research & Development,2,3,Life Sciences,1,4,Male,34,3,1,Research Scientist,3,Married,5129,6034,1,Y,No,23,4,2,80,1,2,3,3,7,4,1,8
1314,56,No,Travel_Rarely,1375,Sales,4,3,Marketing,1,1,Male,39,3,4,Sales Executive,4,Married,11784,21207,2,Y,No,13,3,3,80,1,22,2,3,5,3,0,1
1315,26,No,Travel_Rarely,1226,Research & Development,10,3,Life Sciences,1,4,Male,90,3,1,Laboratory Technician,4,Married,3293,21197,1,Y,No,17,3,3,80,0,5,3,3,2,3,0,2
1316,53,No,Travel_Rarely,1282,Research & Development,10,4,Life Sciences,1,3,Male,82,3,2,Research Scientist,3,Married,2902,21993,2,Y,No,13,3,3,80,0,26,2,3,6,2,0,3
1317,52,No,Travel_Rarely,1365,Research & Development,1,3,Medical,1,4,Female,48,3,4,Manufacturing Director,4,Married,11185,21956,3,Y,No,19,3,3,80,1,40,3,3,5,4,1,3
1318,28,No,Travel_Rarely,1214,Sales,3,3,Life Sciences,1,4,Male,31,3,2,Sales Executive,4,Married,5328,23761,1,Y,No,17,3,3,80,1,7,3,3,6,7,0,7
1319,35,No,Travel_Rarely,1263,Research & Development,2,4,Life Sciences,1,1,Male,76,3,1,Research Scientist,4,Married,2097,2192,3,Y,No,25,4,3,80,0,9,2,3,1,0,0,0
1320,26,No,Travel_Rarely,679,Research & Development,5,3,Life Sciences,1,4,Male,88,3,1,Research Scientist,4,Married,2274,25494,1,Y,No,11,3,3,80,0,6,3,3,5,4,0,0
1321,52,No,Travel_Rarely,466,Research & Development,8,3,Life Sciences,1,4,Female,69,3,2,Research Scientist,3,Single,4702,24557,3,Y,No,12,3,3,80,0,13,3,3,4,2,1,2
1322,50,No,Travel_Rarely,1364,Research & Development,1,4,Life Sciences,1,4,Male,36,3,2,Research Scientist,3,Single,4515,4124,6,Y,No,12,3,4,80,0,9,2,3,1,0,0,1
1323,59,No,Travel_Rarely,396,Sales,1,4,Marketing,1,1,Male,45,3,3,Sales Executive,4,Single,9203,23161,2,Y,No,14,3,3,80,0,17,2,3,1,0,0,0
1324,53,No,Travel_Rarely,1058,Research & Development,4,3,Life Sciences,1,4,Male,44,3,5,Manager,3,Single,17388,22329,2,Y,No,14,3,3,80,0,38,2,3,7,4,1,1
1325,51,No,Travel_Rarely,1219,Research & Development,7,3,Life Sciences,1,3,Male,83,2,2,Laboratory Technician,4,Married,3221,25660,1,Y,No,11,3,3,80,1,18,2,3,15,7,0,8
1326,54,No,Travel_Rarely,1286,Sales,9,4,Life Sciences,1,3,Male,83,3,3,Sales Executive,4,Divorced,10727,5424,2,Y,No,14,3,3,80,1,26,2,3,6,0,0,0
1327,33,No,Travel_Rarely,1188,Sales,4,3,Marketing,1,4,Male,82,3,2,Sales Representative,4,Single,4275,21367,1,Y,No,21,4,1,80,0,3,3,3,4,3,0,2
1328,47,No,Travel_Rarely,1151,Research & Development,1,3,Life Sciences,1,3,Male,95,3,4,Manager,4,Married,15929,2094,1,Y,No,25,3,4,80,1,26,2,3,16,5,12,7
1329,58,No,Travel_Rarely,1279,Research & Development,6,4,Life Sciences,1,4,Male,45,3,3,Healthcare Representative,3,Married,15043,22594,2,Y,No,12,3,3,80,0,8,2,3,6,3,0,3
1330,39,No,Travel_Rarely,1371,Research & Development,2,3,Life Sciences,1,3,Male,30,3,3,Healthcare Representative,3,Married,15306,3371,1,Y,No,20,4,2,80,1,10,3,3,10,7,11,6
1331,38,No,Travel_Rarely,1252,Research & Development,3,3,Life Sciences,1,1,Male,91,3,1,Laboratory Technician,3,Married,3511,3562,1,Y,No,14,3,3,80,1,11,2,3,6,2,0,2
1332,30,No,Travel_Rarely,1225,Research & Development,3,3,Medical,1,1,Male,39,3,1,Research Scientist,3,Single,2420,6816,1,Y,No,14,3,4,80,0,4,2,3,1,0,0,1
1333,36,No,Travel_Rarely,1207,Research & Development,11,4,Life Sciences,1,4,Female,95,3,2,Healthcare Representative,3,Single,5326,24955,3,Y,No,11,3,4,80,0,10,3,3,4,3,1,4
1334,52,No,Travel_Rarely,1309,Research & Development,3,4,Medical,1,4,Male,36,3,1,Research Scientist,3,Single,5959,2744,2,Y,No,12,3,4,80,0,10,2,3,3,2,2,2
1335,54,No,Travel_Rarely,1146,Research & Development,8,3,Life Sciences,1,4,Male,68,3,3,Healthcare Representative,4,Married,14015,22006,3,Y,No,11,3,3,80,0,7,2,3,7,3,0,4
1336,43,No,Travel_Rarely,1165,Research & Development,7,4,Life Sciences,1,3,Male,80,3,2,Laboratory Technician,4,Married,7417,24233,1,Y,No,22,4,3,80,0,9,3,3,10,0,0,0
1337,36,No,Travel_Rarely,297,Research & Development,3,3,Life Sciences,1,3,Male,99,3,3,Healthcare Representative,1,Married,10405,3436,1,Y,No,12,3,4,80,0,10,2,3,9,9,7,8
1338,36,No,Travel_Rarely,1221,Research & Development,3,3,Life Sciences,1,4,Male,47,3,1,Laboratory Technician,3,Single,2771,8115,2,Y,No,13,3,4,80,0,5,2,3,1,0,0,1
1339,45,No,Travel_Rarely,1499,Research & Development,10,3,Life Sciences,1,3,Male,38,3,5,Research Director,3,Married,19999,24609,2,Y,No,14,3,4,80,0,19,2,3,12,11,0,7
1340,43,No,Travel_Rarely,279,Research & Development,5,4,Life Sciences,1,3,Female,39,3,3,Sales Executive,3,Single,14653,21390,2,Y,No,12,3,4,80,0,19,2,3,14,7,4,11
1341,52,No,Travel_Rarely,265,Sales,1,4,Marketing,1,3,Male,81,3,3,Sales Executive,4,Married,8967,5207,1,Y,No,23,3,4,80,1,14,2,3,18,8,6,7
1342,23,No,Travel_Rarely,1499,Research & Development,3,3,Medical,1,4,Male,100,3,1,Research Scientist,3,Single,3058,4843,1,Y,No,14,3,4,80,0,9,2,3,4,4,1,3
1343,55,No,Travel_Rarely,102,Sales,2,3,Marketing,1,4,Male,74,3,3,Sales Executive,4,Single,10599,20149,2,Y,No,11,3,3,80,0,29,2,3,1,0,0,0
1344,58,No,Travel_Rarely,990,Sales,1,4,Life Sciences,1,4,Female,84,3,4,Manager,4,Married,18298,19256,2,Y,No,13,3,3,80,0,30,3,3,6,0,0,0
1345,27,No,Travel_Rarely,1412,Research & Development,2,3,Medical,1,4,Male,50,3,1,Research Scientist,3,Married,2832,5065,1,Y,No,15,3,4,80,0,4,2,3,6,4,1,2
1346,30,No,Travel_Rarely,480,Sales,8,3,Life Sciences,1,3,Male,76,3,2,Sales Executive,4,Married,6411,24411,4,Y,Yes,21,3,3,80,1,6,2,3,6,2,0,2
1347,47,No,Travel_Rarely,1272,Research & Development,2,3,Life Sciences,1,3,Male,79,3,1,Research Scientist,4,Married,3977,5712,4,Y,No,18,3,3,80,1,4,2,3,3,2,2,2
1348,33,No,Travel_Rarely,1401,Sales,2,3,Life Sciences,1,4,Male,74,3,1,Sales Representative,4,Married,2537,22728,1,Y,No,17,3,2,80,1,2,3,3,1,0,0,0
1349,33,No,Travel_Rarely,1459,Sales,3,3,Life Sciences,1,4,Male,37,3,2,Sales Executive,4,Single,3897,23671,1,Y,No,11,3,4,80,0,10,2,3,4,3,0,3
1350,53,No,Travel_Rarely,102,Research & Development,1,3,Life Sciences,1,3,Female,72,3,4,Manager,4,Married,6064,23385,3,Y,No,24,4,3,80,1,32,2,3,16,7,11,10
1351,20,Yes,Travel_Rarely,1125,Research & Development,8,1,Medical,1,3,Male,73,3,1,Laboratory Technician,3,Single,1697,19349,1,Y,No,12,3,3,80,0,4,2,3,2,2,0,2
1352,50,No,Travel_Rarely,1085,Human Resources,3,4,Life Sciences,1,1,Male,38,3,5,Manager,1,Single,18942,6820,6,Y,No,14,3,4,80,0,23,2,3,3,2,2,1
1353,21,No,Travel_Rarely,1499,Research & Development,11,3,Life Sciences,1,4,Male,88,3,1,Laboratory Technician,3,Married,2497,21105,1,Y,No,11,3,4,80,0,0,2,3,1,0,0,0
1354,52,No,Travel_Rarely,1427,Research & Development,3,3,Life Sciences,1,3,Male,92,3,4,Manager,4,Married,16475,21756,3,Y,No,12,3,4,80,1,29,2,3,15,7,1,7
1355,48,No,Travel_Rarely,1287,Research & Development,1,4,Medical,1,3,Male,78,3,2,Healthcare Representative,3,Married,4862,5540,2,Y,No,14,3,3,80,0,30,3,3,1,0,0,0
1356,56,No,Travel_Rarely,1203,Research & Development,9,4,Life Sciences,1,4,Male,66,3,5,Research Director,1,Single,15388,20563,3,Y,No,21,4,4,80,0,37,3,3,12,9,4,8
1357,30,No,Travel_Rarely,1261,Research & Development,10,3,Medical,1,3,Male,46,3,1,Sales Representative,3,Married,2766,5483,1,Y,No,11,3,4,80,1,3,2,3,2,2,1,2
1358,35,No,Travel_Rarely,1360,Research & Development,5,3,Life Sciences,1,4,Female,85,3,2,Manufacturing Director,3,Married,4390,22283,1,Y,No,12,3,3,80,1,10,3,3,14,10,12,7
1359,33,No,Travel_Rarely,1433,Sales,6,4,Life Sciences,1,3,Male,30,3,2,Sales Executive,4,Married,4801,4183,1,Y,No,22,3,4,80,1,11,3,3,6,7,3,7
1360,43,No,Travel_Rarely,1346,Sales,9,4,Marketing,1,3,Male,87,3,3,Sales Executive,3,Divorced,7827,4087,4,Y,No,14,3,3,80,1,21,2,3,9,8,0,7
1361,39,Yes,Travel_Rarely,285,Research & Development,7,3,Life Sciences,1,1,Male,95,3,1,Laboratory Technician,3,Married,2870,20868,4,Y,No,11,3,4,80,0,5,2,3,3,2,0,2
1362,33,No,Travel_Rarely,1337,Research & Development,5,3,Life Sciences,1,4,Male,41,3,2,Manufacturing Director,3,Single,4640,20728,1,Y,No,11,3,4,80,0,7,2,3,10,3,0,3
1363,52,No,Travel_Rarely,1338,Research & Development,1,4,Life Sciences,1,4,Female,74,3,3,Manufacturing Director,4,Married,10951,21983,3,Y,No,25,4,3,80,1,10,3,3,5,7,3,8
1364,30,No,Travel_Rarely,1117,Research & Development,7,3,Life Sciences,1,4,Male,50,3,1,Research Scientist,4,Married,5888,24009,0,Y,No,11,3,3,80,0,6,3,3,6,3,1,3
1365,19,No,Travel_Rarely,1123,Research & Development,10,1,Life Sciences,1,3,Male,97,3,1,Laboratory Technician,4,Married,4666,24814,1,Y,No,20,4,1,80,1,5,3,3,5,3,1,2
1366,42,No,Travel_Rarely,1046,Sales,9,3,Life Sciences,1,2,Male,67,3,3,Sales Executive,4,Married,11138,4249,2,Y,Yes,11,3,3,80,1,9,2,3,3,3,0,3
1367,26,No,Travel_Rarely,1278,Research & Development,10,1,Life Sciences,1,3,Male,89,3,1,Laboratory Technician,4,Married,1882,4802,1,Y,No,22,4,3,80,0,8,3,3,4,3,0,3
1368,35,Yes,Travel_Rarely,1463,Sales,10,3,Life Sciences,1,3,Male,91,3,1,Sales Representative,1,Single,2381,22249,1,Y,Yes,11,3,4,80,0,6,2,3,1,1,0,0
1369,40,No,Travel_Rarely,252,Research & Development,7,3,Life Sciences,1,3,Male,94,3,3,Healthcare Representative,4,Married,14102,5120,1,Y,No,11,3,4,80,0,24,2,3,25,9,4,13
1370,56,No,Travel_Rarely,1315,Research & Development,5,4,Life Sciences,1,4,Female,81,2,4,Research Director,4,Married,9626,24315,3,Y,No,15,3,3,80,1,31,3,3,4,4,1,3
1371,40,No,Travel_Rarely,1284,Research & Development,2,3,Life Sciences,1,4,Male,100,3,2,Sales Executive,3,Married,2853,21712,2,Y,No,11,3,3,80,1,10,3,3,4,2,0,2
1372,29,No,Travel_Rarely,1260,Research & Development,2,3,Medical,1,3,Male,47,3,1,Research Scientist,3,Married,3378,6253,1,Y,No,15,3,3,80,1,2,2,2,7,2,1,2
1373,27,No,Travel_Rarely,1348,Sales,2,3,Medical,1,3,Male,90,3,1,Sales Representative,4,Married,2551,5995,1,Y,No,12,3,1,80,1,3,2,3,3,3,0,1
1374,40,No,Travel_Rarely,1138,Sales,1,4,Life Sciences,1,4,Female,64,3,3,Sales Executive,4,Married,13272,22478,2,Y,No,14,3,3,80,1,13,3,3,2,0,0,0
1375,40,No,Travel_Rarely,1170,Sales,7,3,Life Sciences,1,3,Male,61,3,1,Sales Representative,1,Married,3174,26271,0,Y,No,12,3,3,80,1,8,2,3,2,4,1,3
1376,37,No,Travel_Rarely,824,Research & Development,8,3,Life Sciences,1,3,Male,83,3,3,Manufacturing Director,3,Married,8491,20960,3,Y,No,21,3,3,80,1,18,3,3,10,17,8,8
1377,41,No,Travel_Rarely,102,Sales,5,4,Life Sciences,1,3,Male,86,3,2,Sales Executive,3,Single,3937,23833,7,Y,No,11,3,4,80,0,8,2,3,14,6,0,0
1378,49,No,Travel_Rarely,1379,Research & Development,3,3,Life Sciences,1,4,Male,89,3,4,Research Director,3,Divorced,17635,4725,1,Y,No,14,3,4,80,1,18,3,3,18,10,13,10
1379,24,No,Travel_Rarely,1330,Research & Development,3,3,Medical,1,4,Male,100,3,1,Laboratory Technician,3,Single,3648,5272,1,Y,No,13,3,4,80,0,7,2,3,4,2,1,2
1380,43,No,Travel_Rarely,1464,Sales,4,4,Life Sciences,1,3,Male,71,3,2,Sales Executive,4,Married,5108,6663,1,Y,No,13,3,4,80,1,10,3,3,6,7,1,7
1381,29,No,Travel_Rarely,1336,Sales,2,4,Life Sciences,1,4,Male,37,3,2,Sales Executive,3,Single,4686,2946,1,Y,No,14,3,4,80,0,10,3,3,8,0,0,0
1382,31,No,Travel_Rarely,1272,Research & Development,2,3,Life Sciences,1,3,Male,35,3,1,Research Scientist,3,Married,2270,7848,1,Y,No,12,3,3,80,1,3,2,3,4,2,0,2
1383,50,No,Travel_Rarely,1249,Sales,1,3,Life Sciences,1,3,Male,93,3,4,Sales Executive,4,Married,3776,5241,1,Y,No,22,3,4,80,1,27,2,3,27,10,13,8
1384,29,Yes,Travel_Rarely,460,Sales,8,3,Marketing,1,4,Female,91,3,1,Sales Representative,4,Single,4127,21367,1,Y,No,12,3,3,80,0,3,3,3,1,0,0,0
1385,47,No,Travel_Rarely,898,Research & Development,2,3,Life Sciences,1,1,Male,35,3,4,Research Director,3,Married,18144,22290,3,Y,No,14,3,4,80,0,38,2,3,27,8,11,9
1386,47,No,Travel_Rarely,201,Research & Development,5,3,Medical,1,3,Female,81,2,4,Research Director,3,Married,10342,25139,1,Y,No,12,3,3,80,0,31,3,3,18,15,11,11
1387,31,No,Travel_Rarely,1145,Sales,10,3,Medical,1,3,Male,39,3,2,Sales Executive,3,Married,3346,5897,1,Y,No,11,3,4,80,1,13,2,3,9,0,0,0
1388,25,No,Travel_Rarely,1320,Research & Development,3,1,Medical,1,3,Male,89,3,1,Research Scientist,4,Single,2379,5105,1,Y,No,14,3,3,80,0,5,3,3,7,4,1,4
1389,36,No,Travel_Rarely,1382,Research & Development,3,4,Life Sciences,1,1,Male,34,3,3,Healthcare Representative,3,Married,7355,3401,3,Y,No,15,3,4,80,0,12,2,3,9,8,0,7
1390,41,No,Travel_Rarely,1265,Sales,10,3,Life Sciences,1,2,Male,44,3,2,Sales Executive,4,Married,5426,5533,1,Y,No,12,3,4,80,1,13,2,3,12,7,7,7
1391,56,No,Travel_Rarely,546,Research & Development,6,4,Life Sciences,1,3,Male,88,3,2,Laboratory Technician,1,Married,6075,24347,4,Y,No,18,3,3,80,1,23,2,3,7,7,0,7
1392,31,No,Travel_Rarely,1478,Sales,9,1,Life Sciences,1,4,Male,42,3,1,Sales Representative,3,Married,3593,21268,1,Y,No,12,3,4,80,0,3,3,3,3,2,1,2
1393,54,No,Travel_Rarely,1499,Research & Development,4,4,Life Sciences,1,1,Male,47,3,2,Healthcare Representative,3,Married,4324,2867,2,Y,No,13,3,4,80,1,8,2,3,4,2,0,2
1394,22,No,Travel_Rarely,1467,Research & Development,3,3,Medical,1,3,Male,100,3,1,Laboratory Technician,3,Married,2643,19943,1,Y,No,12,3,4,80,0,5,3,3,1,0,0,0
1395,50,No,Travel_Rarely,1499,Research & Development,1,4,Medical,1,3,Male,86,3,5,Research Director,4,Married,19999,6848,2,Y,No,13,3,3,80,1,33,3,3,6,8,4,8
1396,25,No,Travel_Rarely,1403,Research & Development,7,3,Life Sciences,1,3,Male,81,3,1,Research Scientist,4,Married,4458,21198,3,Y,No,19,4,3,80,1,5,2,3,5,2,0,2
1397,31,No,Travel_Rarely,1368,Sales,6,3,Life Sciences,1,4,Male,75,3,2,Sales Executive,4,Married,6187,25079,1,Y,No,12,3,4,80,1,7,3,3,7,4,0,4
1398,60,No,Travel_Rarely,1370,Research & Development,2,3,Medical,1,4,Male,72,3,2,Research Scientist,4,Married,5554,5647,0,Y,No,12,3,3,80,1,10,3,3,6,4,1,4
1399,26,Yes,Travel_Rarely,1234,Research & Development,1,3,Life Sciences,1,1,Male,71,3,1,Laboratory Technician,4,Single,1948,6723,0,Y,No,11,3,3,80,0,7,2,3,5,2,1,2
1400,35,No,Travel_Rarely,1163,Research & Development,8,3,Life Sciences,1,4,Male,55,3,2,Manufacturing Director,3,Married,5809,2094,1,Y,No,13,3,4,80,0,12,2,3,10,7,1,6
1401,56,No,Travel_Rarely,344,Sales,1,3,Marketing,1,3,Female,91,2,4,Manager,4,Married,18020,25685,2,Y,No,11,3,3,80,1,32,3,3,28,3,2,4
1402,46,No,Travel_Rarely,1189,Research & Development,7,3,Medical,1,3,Female,42,3,2,Manufacturing Director,3,Married,6121,25247,0,Y,No,14,3,3,80,1,18,3,3,5,4,2,4
1403,49,No,Travel_Rarely,1361,Research & Development,1,4,Medical,1,4,Female,75,3,3,Healthcare Representative,3,Married,11840,26999,3,Y,No,11,3,3,80,1,33,3,3,8,7,1,9
1404,38,No,Travel_Rarely,153,Sales,10,3,Life Sciences,1,1,Male,74,3,2,Sales Executive,4,Single,4462,22587,3,Y,No,23,3,3,80,0,6,2,3,0,1,0,0
1405,48,No,Travel_Rarely,1210,Research & Development,1,4,Life Sciences,1,4,Male,74,3,2,Healthcare Representative,3,Married,6783,22240,2,Y,No,14,3,3,80,1,13,2,3,1,0,0,0
1406,53,No,Travel_Rarely,230,Sales,10,4,Life Sciences,1,4,Female,77,2,3,Sales Executive,4,Single,15136,21285,3,Y,No,20,3,3,80,0,19,3,3,0,2,2,0
1407,58,No,Travel_Rarely,1217,Research & Development,3,4,Life Sciences,1,4,Male,78,3,2,Healthcare Representative,4,Single,4975,22719,2,Y,No,11,3,3,80,0,11,2,3,4,0,0,0
1408,49,Yes,Travel_Rarely,1499,Research & Development,3,4,Life Sciences,1,3,Male,75,3,1,Human Resources,1,Married,3049,4978,4,Y,No,12,3,4,80,0,9,2,3,2,2,0,1
1409,24,No,Travel_Rarely,1325,Research & Development,7,1,Life Sciences,1,3,Male,95,3,1,Laboratory Technician,4,Married,2735,4169,1,Y,No,25,4,4,80,0,1,2,3,2,2,1,2
1410,26,No,Travel_Rarely,1431,Research & Development,1,3,Medical,1,3,Male,33,3,1,Research Scientist,3,Married,2543,3769,1,Y,No,18,3,4,80,1,2,2,3,3,2,2,2
1411,42,No,Travel_Rarely,176,Sales,10,3,Life Sciences,1,2,Male,39,3,3,Sales Executive,4,Married,10043,25362,2,Y,No,14,3,4,80,0,12,2,3,10,7,0,8
1412,45,No,Travel_Rarely,1308,Research & Development,1,4,Life Sciences,1,4,Male,40,3,3,Healthcare Representative,3,Married,10390,22825,2,Y,No,14,3,4,80,0,10,3,3,5,3,1,4
1413,24,No,Travel_Rarely,1468,Sales,6,3,Life Sciences,1,4,Male,76,3,2,Sales Executive,3,Single,4306,22074,2,Y,No,12,3,3,80,0,7,3,3,1,2,0,2
1414,36,No,Travel_Rarely,1422,Research & Development,8,3,Life Sciences,1,4,Female,90,3,3,Healthcare Representative,3,Single,7137,23460,3,Y,No,12,3,4,80,0,9,2,3,10,7,1,7
1415,50,No,Travel_Rarely,1368,Research & Development,2,3,Life Sciences,1,4,Female,45,3,5,Research Director,3,Single,18544,21360,3,Y,No,14,3,3,80,0,26,3,3,5,3,1,4
1416,45,No,Travel_Rarely,1286,Research & Development,10,3,Life Sciences,1,4,Male,78,3,2,Laboratory Technician,3,Married,4122,18943,3,Y,No,11,3,3,80,0,2,3,3,0,0,0,0
1417,25,No,Travel_Rarely,1356,Research & Development,8,3,Life Sciences,1,3,Male,76,3,1,Research Scientist,4,Married,3051,12754,1,Y,No,11,3,3,80,1,5,3,3,4,4,1,4
1418,50,No,Travel_Rarely,1113,Sales,2,3,Life Sciences,1,1,Male,30,3,4,Manager,4,Married,18120,19428,3,Y,No,11,3,4,80,0,33,2,3,26,8,10,15
1419,53,No,Travel_Rarely,1209,Sales,3,3,Medical,1,3,Male,53,3,3,Sales Executive,3,Married,11210,4798,2,Y,No,15,3,4,80,1,7,2,3,20,8,7,8
1420,42,No,Travel_Rarely,1253,Research & Development,2,4,Life Sciences,1,4,Male,68,3,1,Research Scientist,4,Married,2370,4313,0,Y,No,14,3,3,80,1,9,3,3,5,3,1,4
1421,39,No,Travel_Rarely,1087,Research & Development,1,3,Medical,1,3,Male,73,3,1,Laboratory Technician,4,Married,2362,6651,1,Y,No,11,3,3,80,1,2,2,3,5,2,0,2
1422,26,No,Travel_Rarely,1255,Research & Development,7,3,Life Sciences,1,4,Male,89,3,1,Laboratory Technician,4,Single,1679,20783,1,Y,No,11,3,3,80,0,3,3,3,2,2,0,2
1423,39,Yes,Travel_Rarely,1280,Sales,9,4,Life Sciences,1,3,Male,68,3,2,Sales Executive,1,Married,6028,23228,1,Y,No,22,3,3,80,0,11,2,3,8,7,0,7
1424,53,No,Travel_Rarely,1186,Research & Development,1,4,Life Sciences,1,4,Male,77,3,1,Research Scientist,4,Married,3858,4290,3,Y,No,13,3,3,80,1,9,3,3,4,1,0,1
1425,54,No,Travel_Rarely,1153,Research & Development,10,3,Life Sciences,1,3,Male,90,3,3,Healthcare Representative,1,Married,10425,26830,4,Y,No,11,3,3,80,0,28,2,3,3,2,0,4
1426,37,No,Travel_Rarely,1310,Research & Development,8,3,Life Sciences,1,3,Male,88,3,1,Research Scientist,1,Married,3099,9332,1,Y,No,18,3,4,80,1,9,2,3,10,7,0,8
1427,43,No,Travel_Rarely,1368,Research & Development,1,4,Life Sciences,1,4,Male,47,3,2,Healthcare Representative,3,Divorced,4503,3093,2,Y,No,14,3,4,80,1,9,2,3,4,3,0,2
1428,53,No,Travel_Rarely,1381,Research & Development,7,4,Medical,1,4,Female,39,3,3,Research Director,3,Married,10041,22921,3,Y,No,20,3,3,80,0,29,3,3,4,2,0,2
1429,34,No,Travel_Rarely,1219,Sales,1,4,Life Sciences,1,2,Male,87,3,2,Sales Executive,4,Married,3390,3736,2,Y,No,13,3,4,80,0,12,2,3,8,7,0,1
1430,43,No,Travel_Rarely,1092,Sales,6,3,Life Sciences,1,2,Male,33,3,2,Sales Executive,4,Married,5156,2334,1,Y,No,12,3,4,80,1,13,2,3,9,7,6,7
1431,37,No,Travel_Rarely,1302,Research & Development,3,4,Life Sciences,1,3,Male,83,3,3,Sales Executive,3,Single,10519,24147,2,Y,No,11,3,4,80,0,10,2,3,7,7,0,8
1432,54,No,Travel_Rarely,1192,Research & Development,10,4,Life Sciences,1,3,Male,88,3,3,Sales Executive,3,Divorced,8664,2263,1,Y,No,12,3,4,80,1,28,3,3,10,7,1,7
1433,41,No,Travel_Rarely,1215,Research & Development,3,4,Life Sciences,1,2,Male,37,3,3,Healthcare Representative,3,Married,5643,4765,1,Y,No,23,3,4,80,1,10,2,3,8,11,6,7
1434,31,No,Travel_Rarely,1458,Sales,9,3,Life Sciences,1,3,Male,72,2,1,Laboratory Technician,4,Married,2637,24396,1,Y,No,18,3,3,80,1,3,2,3,4,0,0,0
1435,43,No,Travel_Rarely,1279,Sales,2,3,Life Sciences,1,4,Male,40,3,2,Sales Executive,3,Married,5083,22999,1,Y,No,11,3,4,80,1,9,3,3,3,7,1,2
1436,27,No,Travel_Rarely,1499,Sales,8,3,Marketing,1,3,Male,36,3,2,Sales Executive,3,Married,5596,22490,1,Y,No,11,3,4,80,0,2,3,3,4,3,0,4
1437,18,Yes,Travel_Rarely,223,Sales,7,3,Life Sciences,1,3,Male,84,3,1,Sales Representative,4,Single,1736,24548,1,Y,No,11,3,3,80,0,3,3,3,2,2,0,1
1438,25,No,Travel_Rarely,1296,Research & Development,19,3,Life Sciences,1,4,Male,30,3,2,Manufacturing Director,4,Married,4378,25062,1,Y,No,23,3,1,80,1,10,2,3,10,8,6,8
1439,43,No,Travel_Rarely,1347,Research & Development,10,3,Life Sciences,1,3,Male,81,3,1,Research Scientist,4,Married,3498,5761,1,Y,No,21,4,3,80,1,8,3,3,3,2,0,4
1440,33,No,Travel_Rarely,1177,Research & Development,1,4,Life Sciences,1,3,Male,71,3,1,Research Scientist,4,Single,1471,5497,3,Y,No,25,4,3,80,0,10,3,3,5,2,0,3
1441,36,No,Travel_Rarely,1440,Research & Development,10,3,Life Sciences,1,4,Female,82,2,2,Manufacturing Director,3,Married,5433,23398,3,Y,No,15,3,3,80,0,9,3,3,3,0,0,0
1442,49,No,Travel_Rarely,230,Sales,9,3,Marketing,1,4,Female,68,3,2,Sales Executive,4,Single,10959,26127,3,Y,No,18,3,3,80,0,6,3,3,1,0,0,0
1443,33,No,Travel_Rarely,1349,Research & Development,9,3,Life Sciences,1,3,Male,39,3,1,Laboratory Technician,4,Married,3210,5881,1,Y,No,18,3,4,80,1,9,2,3,9,4,4,7
1444,34,No,Travel_Rarely,1278,Research & Development,7,4,Life Sciences,1,2,Male,76,3,2,Manufacturing Director,3,Married,6371,6289,1,Y,No,15,3,2,80,1,13,3,3,9,8,0,6
1445,58,No,Travel_Rarely,1291,Research & Development,1,4,Life Sciences,1,4,Male,40,3,3,Manufacturing Director,3,Single,13334,19964,2,Y,No,11,3,4,80,0,10,2,3,6,4,1,3
1446,40,No,Travel_Rarely,1311,Research & Development,4,3,Life Sciences,1,3,Male,85,3,3,Research Director,4,Married,11110,20559,1,Y,No,11,3,4,80,1,29,3,3,19,7,13,9
1447,28,No,Travel_Rarely,1468,Research & Development,6,2,Life Sciences,1,4,Male,89,3,2,Research Scientist,3,Married,5204,6476,1,Y,No,14,3,3,80,1,10,3,3,10,7,0,8
1448,39,No,Travel_Rarely,1393,Research & Development,7,3,Life Sciences,1,3,Male,83,3,2,Research Scientist,4,Married,6990,5624,1,Y,No,11,3,3,80,1,8,2,3,5,3,0,4
1449,55,No,Travel_Rarely,1248,Research & Development,10,3,Life Sciences,1,4,Male,76,3,2,Research Scientist,3,Divorced,4096,5334,1,Y,No,12,3,3,80,1,8,3,3,6,7,1,7
1450,32,No,Travel_Rarely,1433,Research & Development,10,3,Life Sciences,1,3,Male,87,3,2,Laboratory Technician,4,Married,5006,24673,1,Y,No,17,3,3,80,1,7,3,3,4,5,0,0
1451,31,No,Travel_Rarely,1414,Research & Development,7,3,Life Sciences,1,4,Male,83,3,2,Laboratory Technician,4,Married,7182,21929,1,Y,No,12,3,3,80,1,5,3,3,3,1,0,0
1452,32,No,Travel_Rarely,1230,Research & Development,3,3,Life Sciences,1,4,Male,30,3,1,Laboratory Technician,3,Single,2792,23836,1,Y,No,11,3,4,80,0,5,2,3,1,0,0,0
1453,32,No,Travel_Rarely,1289,Research & Development,1,4,Life Sciences,1,1,Male,35,3,1,Laboratory Technician,3,Married,4925,6922,4,Y,No,18,3,2,80,0,18,2,3,3,0,0,0
1454,26,No,Travel_Rarely,1381,Research & Development,5,3,Medical,1,3,Female,74,3,2,Manufacturing Director,4,Married,5259,26405,1,Y,No,20,3,3,80,1,7,3,3,5,4,1,4
1455,36,No,Travel_Rarely,1283,Sales,7,3,Life Sciences,1,2,Male,81,3,2,Sales Executive,4,Married,4474,23840,1,Y,No,11,3,4,80,0,10,3,3,5,3,0,5
1456,26,No,Travel_Rarely,1328,Research & Development,6,3,Life Sciences,1,2,Male,69,3,1,Laboratory Technician,3,Married,3629,3855,1,Y,No,14,3,4,80,1,8,2,3,7,4,1,3
1457,34,Yes,Travel_Rarely,1376,Human Resources,2,3,Life Sciences,1,3,Male,85,3,1,Human Resources,3,Married,3035,20765,2,Y,Yes,11,3,4,80,1,9,2,3,2,0,0,0
1458,39,No,Travel_Rarely,1278,Sales,2,4,Life Sciences,1,1,Male,79,3,2,Sales Executive,4,Married,3555,4581,4,Y,No,17,3,3,80,1,6,2,3,2,0,0,0
1459,32,No,Travel_Rarely,1249,Research & Development,6,4,Life Sciences,1,3,Male,69,3,2,Manufacturing Director,3,Married,6585,21077,1,Y,No,13,3,4,80,1,7,2,3,9,7,0,8
1460,27,No,Travel_Rarely,969,Sales,8,1,Medical,1,3,Male,40,3,1,Sales Representative,2,Married,1681,5801,1,Y,No,11,3,1,80,1,3,3,3,7,2,1,2
1461,36,No,Travel_Rarely,1499,Sales,6,3,Life Sciences,1,3,Male,91,3,2,Sales Representative,4,Married,6826,6252,1,Y,No,21,4,1,80,1,3,2,3,9,3,0,6
1462,35,No,Travel_Rarely,313,Research & Development,1,3,Medical,1,3,Male,50,3,1,Research Scientist,3,Single,2904,4532,1,Y,No,12,3,4,80,0,10,2,3,4,2,1,3
1463,21,No,Travel_Rarely,384,Research & Development,10,3,Life Sciences,1,3,Male,88,3,1,Research Scientist,4,Married,2009,22818,5,Y,No,21,3,3,80,0,8,2,3,2,2,0,2
1464,45,No,Travel_Rarely,361,Sales,10,4,Marketing,1,3,Male,41,3,3,Sales Executive,4,Single,10644,6154,1,Y,No,13,3,4,80,0,9,2,3,11,7,7,7
1465,45,No,Travel_Rarely,369,Research & Development,8,3,Life Sciences,1,3,Female,80,2,3,Healthcare Representative,4,Married,9984,7258,1,Y,No,11,3,4,80,1,27,2,3,19,15,12,14
1466,29,No,Travel_Rarely,1271,Sales,10,1,Life Sciences,1,2,Male,32,3,1,Sales Representative,4,Married,5337,6761,1,Y,No,12,3,1,80,1,3,3,3,4,3,0,2
1467,34,No,Travel_Rarely,405,Sales,5,3,Marketing,1,3,Male,93,3,3,Sales Executive,4,Married,9024,21677,2,Y,No,13,3,3,80,1,19,2,3,9,7,6,7
1468,35,No,Travel_Rarely,696,Sales,9,3,Life Sciences,1,3,Male,99,3,1,Sales Representative,4,Married,4950,22877,1,Y,No,24,4,1,80,1,6,2,3,7,3,0,0
1469,30,No,Travel_Rarely,1499,Research & Development,8,3,Life Sciences,1,3,Male,77,3,1,Research Scientist,4,Married,2485,6325,1,Y,No,22,3,3,80,1,4,2,3,4,2,0,2
